Running initial guess perturbation 17
Coil 0: RMS error: 0.000005, Relative: 0.000003
Max point error: 0.000025, Min point error: 0.000000
Coil 1: RMS error: 0.000004, Relative: 0.000002
Max point error: 0.000018, Min point error: 0.000000
Coil 2: RMS error: 0.000003, Relative: 0.000002
Max point error: 0.000016, Min point error: 0.000000
Overall fit errors: [4.82331740194686e-06, 3.507148362940882e-06, 3.343619992979459e-06]
Mean fit error: 0.000004

################################################################################
### Perform a Taylor test ######################################################
################################################################################

Iteration 1/2000-----
J=3.5e-01, ⟨Jf⟩=4.5e-02, ⟨B·n⟩=5.2e-02, Len=sum([5.6, 5.4, 5.8])=16.8, ϰ=[6.3, 6.6, 12.3], ∫ϰ²/L>=[3.8, 3.3, 4.0], C-C-Sep=0.06, ║∇J║=1.1e+01
-----On 18/20 Initial Guess Perturbations
Iteration 2/2000-----
J=3.6e-01, ⟨Jf⟩=4.5e-02, ⟨B·n⟩=5.2e-02, Len=sum([5.6, 5.4, 5.8])=16.8, ϰ=[8.0, 7.4, 12.7], ∫ϰ²/L>=[5.9, 5.2, 6.7], C-C-Sep=0.06, ║∇J║=1.1e+01
-----On 18/20 Initial Guess Perturbations
Iteration 3/2000-----
J=3.5e-01, ⟨Jf⟩=4.5e-02, ⟨B·n⟩=5.2e-02, Len=sum([5.6, 5.4, 5.8])=16.8, ϰ=[6.3, 5.9, 12.3], ∫ϰ²/L>=[5.6, 4.9, 6.3], C-C-Sep=0.06, ║∇J║=1.1e+01
-----On 18/20 Initial Guess Perturbations
err -0.16860438211188056
Iteration 4/2000-----
J=3.5e-01, ⟨Jf⟩=4.5e-02, ⟨B·n⟩=5.2e-02, Len=sum([5.6, 5.4, 5.8])=16.8, ϰ=[6.3, 6.7, 12.3], ∫ϰ²/L>=[3.8, 3.3, 4.1], C-C-Sep=0.06, ║∇J║=1.1e+01
-----On 18/20 Initial Guess Perturbations
Iteration 5/2000-----
J=3.5e-01, ⟨Jf⟩=4.5e-02, ⟨B·n⟩=5.2e-02, Len=sum([5.6, 5.4, 5.8])=16.8, ϰ=[6.3, 6.5, 12.3], ∫ϰ²/L>=[3.8, 3.3, 4.1], C-C-Sep=0.06, ║∇J║=1.1e+01
-----On 18/20 Initial Guess Perturbations
err -0.0017597066502776926
Iteration 6/2000-----
J=3.5e-01, ⟨Jf⟩=4.5e-02, ⟨B·n⟩=5.2e-02, Len=sum([5.6, 5.4, 5.8])=16.8, ϰ=[6.3, 6.6, 12.3], ∫ϰ²/L>=[3.8, 3.3, 4.0], C-C-Sep=0.06, ║∇J║=1.1e+01
-----On 18/20 Initial Guess Perturbations
Iteration 7/2000-----
J=3.5e-01, ⟨Jf⟩=4.5e-02, ⟨B·n⟩=5.2e-02, Len=sum([5.6, 5.4, 5.8])=16.8, ϰ=[6.3, 6.6, 12.3], ∫ϰ²/L>=[3.8, 3.3, 4.0], C-C-Sep=0.06, ║∇J║=1.1e+01
-----On 18/20 Initial Guess Perturbations
err -1.7284411007789657e-05
Iteration 8/2000-----
J=3.5e-01, ⟨Jf⟩=4.5e-02, ⟨B·n⟩=5.2e-02, Len=sum([5.6, 5.4, 5.8])=16.8, ϰ=[6.3, 6.6, 12.3], ∫ϰ²/L>=[3.8, 3.3, 4.0], C-C-Sep=0.06, ║∇J║=1.1e+01
-----On 18/20 Initial Guess Perturbations
Iteration 9/2000-----
J=3.5e-01, ⟨Jf⟩=4.5e-02, ⟨B·n⟩=5.2e-02, Len=sum([5.6, 5.4, 5.8])=16.8, ϰ=[6.3, 6.6, 12.3], ∫ϰ²/L>=[3.8, 3.3, 4.0], C-C-Sep=0.06, ║∇J║=1.1e+01
-----On 18/20 Initial Guess Perturbations
err -1.743143345223075e-07
Iteration 10/2000-----
J=3.5e-01, ⟨Jf⟩=4.5e-02, ⟨B·n⟩=5.2e-02, Len=sum([5.6, 5.4, 5.8])=16.8, ϰ=[6.3, 6.6, 12.3], ∫ϰ²/L>=[3.8, 3.3, 4.0], C-C-Sep=0.06, ║∇J║=1.1e+01
-----On 18/20 Initial Guess Perturbations
Iteration 11/2000-----
J=3.5e-01, ⟨Jf⟩=4.5e-02, ⟨B·n⟩=5.2e-02, Len=sum([5.6, 5.4, 5.8])=16.8, ϰ=[6.3, 6.6, 12.3], ∫ϰ²/L>=[3.8, 3.3, 4.0], C-C-Sep=0.06, ║∇J║=1.1e+01
-----On 18/20 Initial Guess Perturbations
err -2.979166247030207e-09

################################################################################
### Run the optimisation #######################################################
################################################################################

Iteration 1/2000-----
J=3.5e-01, ⟨Jf⟩=4.5e-02, ⟨B·n⟩=5.2e-02, Len=sum([5.6, 5.4, 5.8])=16.8, ϰ=[6.3, 6.6, 12.3], ∫ϰ²/L>=[3.8, 3.3, 4.0], C-C-Sep=0.06, ║∇J║=1.1e+01
-----On 18/20 Initial Guess Perturbations
Iteration 2/2000-----
J=8.2e+00, ⟨Jf⟩=9.3e-01, ⟨B·n⟩=5.7e-02, Len=sum([12.5, 10.4, 9.9])=32.9, ϰ=[75.1, 110.8, 124.8], ∫ϰ²/L>=[74.0, 99.2, 61.9], C-C-Sep=0.02, ║∇J║=2.7e+03
-----On 18/20 Initial Guess Perturbations
Iteration 3/2000-----
J=2.1e+00, ⟨Jf⟩=5.0e-02, ⟨B·n⟩=5.3e-02, Len=sum([8.1, 7.2, 7.3])=22.6, ϰ=[43.5, 618.0, 64.7], ∫ϰ²/L>=[51.3, 379.1, 41.5], C-C-Sep=0.02, ║∇J║=8.3e+01
-----On 18/20 Initial Guess Perturbations
Iteration 4/2000-----
J=3.0e-01, ⟨Jf⟩=4.5e-02, ⟨B·n⟩=5.2e-02, Len=sum([5.7, 5.5, 5.9])=17.1, ϰ=[15.5, 28.4, 15.5], ∫ϰ²/L>=[14.8, 13.7, 9.7], C-C-Sep=0.05, ║∇J║=9.8e+00
-----On 18/20 Initial Guess Perturbations
Iteration 5/2000-----
J=1.1e-01, ⟨Jf⟩=4.5e-02, ⟨B·n⟩=5.2e-02, Len=sum([5.7, 5.5, 6.0])=17.2, ϰ=[22.9, 19.5, 12.3], ∫ϰ²/L>=[13.1, 13.4, 10.6], C-C-Sep=0.16, ║∇J║=2.8e+00
-----On 18/20 Initial Guess Perturbations
Iteration 6/2000-----
J=9.3e-02, ⟨Jf⟩=4.5e-02, ⟨B·n⟩=5.2e-02, Len=sum([5.7, 5.5, 5.9])=17.1, ϰ=[10.5, 15.5, 8.6], ∫ϰ²/L>=[11.4, 11.1, 9.2], C-C-Sep=0.18, ║∇J║=1.3e+00
-----On 18/20 Initial Guess Perturbations
Iteration 7/2000-----
J=8.4e-02, ⟨Jf⟩=4.5e-02, ⟨B·n⟩=5.2e-02, Len=sum([5.7, 5.5, 5.9])=17.1, ϰ=[11.2, 14.8, 10.8], ∫ϰ²/L>=[10.6, 9.0, 9.8], C-C-Sep=0.19, ║∇J║=8.6e-01
-----On 18/20 Initial Guess Perturbations
Iteration 8/2000-----
J=7.7e-02, ⟨Jf⟩=4.5e-02, ⟨B·n⟩=5.2e-02, Len=sum([5.6, 5.4, 5.9])=17.0, ϰ=[12.1, 16.4, 10.6], ∫ϰ²/L>=[10.6, 8.8, 9.8], C-C-Sep=0.17, ║∇J║=1.3e+00
-----On 18/20 Initial Guess Perturbations
Iteration 9/2000-----
J=7.3e-02, ⟨Jf⟩=4.4e-02, ⟨B·n⟩=5.2e-02, Len=sum([5.7, 5.4, 5.9])=17.0, ϰ=[13.2, 16.2, 11.1], ∫ϰ²/L>=[11.7, 10.8, 9.7], C-C-Sep=0.19, ║∇J║=7.0e-01
-----On 18/20 Initial Guess Perturbations
Iteration 10/2000-----
J=7.0e-02, ⟨Jf⟩=4.4e-02, ⟨B·n⟩=5.2e-02, Len=sum([5.7, 5.4, 5.9])=17.0, ϰ=[13.9, 13.1, 10.9], ∫ϰ²/L>=[11.7, 11.2, 9.2], C-C-Sep=0.19, ║∇J║=5.1e-01
-----On 18/20 Initial Guess Perturbations
Iteration 11/2000-----
J=6.5e-02, ⟨Jf⟩=4.3e-02, ⟨B·n⟩=5.1e-02, Len=sum([5.7, 5.4, 5.9])=17.1, ϰ=[14.3, 15.2, 9.9], ∫ϰ²/L>=[12.2, 13.4, 9.9], C-C-Sep=0.19, ║∇J║=4.9e-01
-----On 18/20 Initial Guess Perturbations
Iteration 12/2000-----
J=6.3e-02, ⟨Jf⟩=4.3e-02, ⟨B·n⟩=5.1e-02, Len=sum([5.7, 5.5, 6.0])=17.1, ϰ=[12.8, 19.1, 10.2], ∫ϰ²/L>=[11.5, 15.5, 13.1], C-C-Sep=0.19, ║∇J║=7.4e-01
-----On 18/20 Initial Guess Perturbations
Iteration 13/2000-----
J=6.1e-02, ⟨Jf⟩=4.2e-02, ⟨B·n⟩=5.0e-02, Len=sum([5.7, 5.5, 6.0])=17.1, ϰ=[11.8, 19.4, 11.5], ∫ϰ²/L>=[10.9, 14.6, 13.3], C-C-Sep=0.19, ║∇J║=3.7e-01
-----On 18/20 Initial Guess Perturbations
Iteration 14/2000-----
J=6.0e-02, ⟨Jf⟩=4.2e-02, ⟨B·n⟩=5.0e-02, Len=sum([5.7, 5.5, 6.0])=17.1, ϰ=[12.7, 18.9, 13.0], ∫ϰ²/L>=[10.7, 14.2, 14.1], C-C-Sep=0.19, ║∇J║=2.9e-01
-----On 18/20 Initial Guess Perturbations
Iteration 15/2000-----
J=5.9e-02, ⟨Jf⟩=4.2e-02, ⟨B·n⟩=5.0e-02, Len=sum([5.7, 5.5, 6.0])=17.1, ϰ=[13.8, 17.5, 14.8], ∫ϰ²/L>=[10.9, 15.0, 16.1], C-C-Sep=0.19, ║∇J║=3.1e-01
-----On 18/20 Initial Guess Perturbations
Iteration 16/2000-----
J=5.7e-02, ⟨Jf⟩=4.0e-02, ⟨B·n⟩=4.9e-02, Len=sum([5.7, 5.5, 6.0])=17.2, ϰ=[15.1, 15.3, 15.6], ∫ϰ²/L>=[11.3, 18.8, 19.9], C-C-Sep=0.20, ║∇J║=4.2e-01
-----On 18/20 Initial Guess Perturbations
Iteration 17/2000-----
J=5.6e-02, ⟨Jf⟩=3.9e-02, ⟨B·n⟩=4.8e-02, Len=sum([5.7, 5.5, 6.0])=17.3, ϰ=[13.3, 14.8, 15.0], ∫ϰ²/L>=[12.7, 26.2, 25.1], C-C-Sep=0.19, ║∇J║=5.7e-01
-----On 18/20 Initial Guess Perturbations
Iteration 18/2000-----
J=5.5e-02, ⟨Jf⟩=3.9e-02, ⟨B·n⟩=4.8e-02, Len=sum([5.7, 5.5, 6.0])=17.2, ϰ=[12.5, 14.0, 13.3], ∫ϰ²/L>=[10.7, 22.2, 21.7], C-C-Sep=0.19, ║∇J║=2.5e-01
-----On 18/20 Initial Guess Perturbations
Iteration 19/2000-----
J=5.4e-02, ⟨Jf⟩=3.8e-02, ⟨B·n⟩=4.7e-02, Len=sum([5.7, 5.5, 6.0])=17.2, ϰ=[11.4, 13.4, 11.4], ∫ϰ²/L>=[9.9, 20.3, 20.2], C-C-Sep=0.20, ║∇J║=2.3e-01
-----On 18/20 Initial Guess Perturbations
Iteration 20/2000-----
J=5.3e-02, ⟨Jf⟩=3.7e-02, ⟨B·n⟩=4.6e-02, Len=sum([5.7, 5.5, 6.0])=17.2, ϰ=[8.9, 12.8, 10.9], ∫ϰ²/L>=[10.2, 17.8, 19.4], C-C-Sep=0.20, ║∇J║=2.7e-01
-----On 18/20 Initial Guess Perturbations
Iteration 21/2000-----
J=5.2e-02, ⟨Jf⟩=3.5e-02, ⟨B·n⟩=4.4e-02, Len=sum([5.8, 5.5, 6.0])=17.3, ϰ=[11.0, 9.3, 13.8], ∫ϰ²/L>=[14.7, 17.1, 21.1], C-C-Sep=0.19, ║∇J║=8.2e-01
-----On 18/20 Initial Guess Perturbations
Iteration 22/2000-----
J=5.0e-02, ⟨Jf⟩=3.5e-02, ⟨B·n⟩=4.4e-02, Len=sum([5.8, 5.5, 6.0])=17.3, ϰ=[12.0, 9.0, 12.8], ∫ϰ²/L>=[15.1, 17.3, 20.6], C-C-Sep=0.19, ║∇J║=2.8e-01
-----On 18/20 Initial Guess Perturbations
Iteration 23/2000-----
J=4.9e-02, ⟨Jf⟩=3.4e-02, ⟨B·n⟩=4.4e-02, Len=sum([5.8, 5.5, 6.0])=17.2, ϰ=[11.9, 9.3, 11.1], ∫ϰ²/L>=[14.8, 16.3, 17.9], C-C-Sep=0.19, ║∇J║=2.0e-01
-----On 18/20 Initial Guess Perturbations
Iteration 24/2000-----
J=4.8e-02, ⟨Jf⟩=3.3e-02, ⟨B·n⟩=4.3e-02, Len=sum([5.8, 5.5, 6.0])=17.3, ϰ=[12.7, 11.2, 9.1], ∫ϰ²/L>=[16.7, 18.5, 16.7], C-C-Sep=0.19, ║∇J║=2.8e-01
-----On 18/20 Initial Guess Perturbations
Iteration 25/2000-----
J=4.7e-02, ⟨Jf⟩=3.1e-02, ⟨B·n⟩=4.1e-02, Len=sum([5.8, 5.5, 5.9])=17.3, ϰ=[12.4, 10.9, 10.1], ∫ϰ²/L>=[15.8, 19.5, 14.3], C-C-Sep=0.20, ║∇J║=3.1e-01
-----On 18/20 Initial Guess Perturbations
Iteration 26/2000-----
J=4.7e-02, ⟨Jf⟩=2.9e-02, ⟨B·n⟩=3.9e-02, Len=sum([5.9, 5.6, 6.0])=17.5, ϰ=[15.8, 13.5, 12.7], ∫ϰ²/L>=[17.9, 26.0, 21.5], C-C-Sep=0.19, ║∇J║=7.2e-01
-----On 18/20 Initial Guess Perturbations
Iteration 27/2000-----
J=4.6e-02, ⟨Jf⟩=3.0e-02, ⟨B·n⟩=4.0e-02, Len=sum([5.9, 5.6, 6.0])=17.4, ϰ=[14.1, 12.1, 11.0], ∫ϰ²/L>=[16.4, 21.9, 16.2], C-C-Sep=0.20, ║∇J║=3.6e-01
-----On 18/20 Initial Guess Perturbations
Iteration 28/2000-----
J=4.5e-02, ⟨Jf⟩=2.8e-02, ⟨B·n⟩=3.9e-02, Len=sum([5.9, 5.6, 6.0])=17.5, ϰ=[15.0, 12.2, 13.1], ∫ϰ²/L>=[16.7, 23.2, 19.2], C-C-Sep=0.19, ║∇J║=3.2e-01
-----On 18/20 Initial Guess Perturbations
Iteration 29/2000-----
J=4.4e-02, ⟨Jf⟩=2.7e-02, ⟨B·n⟩=3.8e-02, Len=sum([5.9, 5.6, 6.0])=17.5, ϰ=[14.1, 12.0, 15.7], ∫ϰ²/L>=[15.0, 21.5, 20.3], C-C-Sep=0.19, ║∇J║=3.5e-01
-----On 18/20 Initial Guess Perturbations
Iteration 30/2000-----
J=4.2e-02, ⟨Jf⟩=2.5e-02, ⟨B·n⟩=3.6e-02, Len=sum([6.0, 5.7, 6.1])=17.7, ϰ=[14.9, 11.7, 16.2], ∫ϰ²/L>=[15.8, 26.1, 22.7], C-C-Sep=0.19, ║∇J║=3.7e-01
-----On 18/20 Initial Guess Perturbations
Iteration 31/2000-----
J=4.1e-02, ⟨Jf⟩=2.3e-02, ⟨B·n⟩=3.3e-02, Len=sum([6.1, 5.8, 6.2])=18.0, ϰ=[13.9, 13.8, 12.9], ∫ϰ²/L>=[16.4, 31.7, 26.3], C-C-Sep=0.18, ║∇J║=4.6e-01
-----On 18/20 Initial Guess Perturbations
Iteration 32/2000-----
J=3.9e-02, ⟨Jf⟩=2.3e-02, ⟨B·n⟩=3.3e-02, Len=sum([6.1, 5.8, 6.1])=18.0, ϰ=[11.9, 13.6, 10.5], ∫ϰ²/L>=[14.8, 28.8, 23.8], C-C-Sep=0.20, ║∇J║=3.4e-01
-----On 18/20 Initial Guess Perturbations
Iteration 33/2000-----
J=3.8e-02, ⟨Jf⟩=2.1e-02, ⟨B·n⟩=3.2e-02, Len=sum([6.2, 5.8, 6.2])=18.2, ϰ=[11.2, 15.5, 11.0], ∫ϰ²/L>=[15.7, 31.0, 25.6], C-C-Sep=0.19, ║∇J║=3.4e-01
-----On 18/20 Initial Guess Perturbations
Iteration 34/2000-----
J=3.7e-02, ⟨Jf⟩=2.0e-02, ⟨B·n⟩=3.0e-02, Len=sum([6.3, 5.9, 6.3])=18.5, ϰ=[12.1, 14.8, 11.7], ∫ϰ²/L>=[17.0, 33.0, 26.4], C-C-Sep=0.19, ║∇J║=2.9e-01
-----On 18/20 Initial Guess Perturbations
Iteration 35/2000-----
J=3.6e-02, ⟨Jf⟩=1.7e-02, ⟨B·n⟩=2.8e-02, Len=sum([6.5, 6.1, 6.5])=19.1, ϰ=[11.8, 14.4, 12.7], ∫ϰ²/L>=[19.5, 34.3, 25.4], C-C-Sep=0.18, ║∇J║=4.3e-01
-----On 18/20 Initial Guess Perturbations
Iteration 36/2000-----
J=3.4e-02, ⟨Jf⟩=1.7e-02, ⟨B·n⟩=2.8e-02, Len=sum([6.5, 6.1, 6.4])=19.0, ϰ=[10.9, 12.2, 11.7], ∫ϰ²/L>=[18.5, 30.4, 22.1], C-C-Sep=0.19, ║∇J║=2.9e-01
-----On 18/20 Initial Guess Perturbations
Iteration 37/2000-----
J=3.4e-02, ⟨Jf⟩=1.6e-02, ⟨B·n⟩=2.8e-02, Len=sum([6.5, 6.1, 6.5])=19.1, ϰ=[10.2, 11.7, 10.7], ∫ϰ²/L>=[18.6, 29.7, 21.7], C-C-Sep=0.19, ║∇J║=2.1e-01
-----On 18/20 Initial Guess Perturbations
Iteration 38/2000-----
J=3.2e-02, ⟨Jf⟩=1.5e-02, ⟨B·n⟩=2.7e-02, Len=sum([6.7, 6.2, 6.5])=19.4, ϰ=[10.5, 13.2, 10.1], ∫ϰ²/L>=[19.6, 28.7, 21.3], C-C-Sep=0.20, ║∇J║=2.4e-01
-----On 18/20 Initial Guess Perturbations
Iteration 39/2000-----
J=3.2e-02, ⟨Jf⟩=1.4e-02, ⟨B·n⟩=2.7e-02, Len=sum([6.8, 6.2, 6.6])=19.6, ϰ=[11.1, 13.5, 10.8], ∫ϰ²/L>=[20.4, 27.2, 21.2], C-C-Sep=0.19, ║∇J║=3.4e-01
-----On 18/20 Initial Guess Perturbations
Iteration 40/2000-----
J=3.1e-02, ⟨Jf⟩=1.4e-02, ⟨B·n⟩=2.7e-02, Len=sum([6.8, 6.2, 6.6])=19.6, ϰ=[11.0, 12.7, 10.4], ∫ϰ²/L>=[19.6, 25.9, 20.4], C-C-Sep=0.20, ║∇J║=2.1e-01
-----On 18/20 Initial Guess Perturbations
Iteration 41/2000-----
J=3.0e-02, ⟨Jf⟩=1.4e-02, ⟨B·n⟩=2.7e-02, Len=sum([6.8, 6.3, 6.6])=19.8, ϰ=[10.0, 11.5, 10.3], ∫ϰ²/L>=[19.0, 25.5, 19.9], C-C-Sep=0.20, ║∇J║=1.8e-01
-----On 18/20 Initial Guess Perturbations
Iteration 42/2000-----
J=3.0e-02, ⟨Jf⟩=1.3e-02, ⟨B·n⟩=2.6e-02, Len=sum([6.8, 6.3, 6.7])=19.8, ϰ=[8.5, 10.8, 10.6], ∫ϰ²/L>=[17.3, 24.9, 19.0], C-C-Sep=0.20, ║∇J║=2.0e-01
-----On 18/20 Initial Guess Perturbations
Iteration 43/2000-----
J=3.0e-02, ⟨Jf⟩=1.2e-02, ⟨B·n⟩=2.6e-02, Len=sum([7.0, 6.4, 6.8])=20.2, ϰ=[8.5, 11.4, 10.6], ∫ϰ²/L>=[16.6, 25.0, 19.3], C-C-Sep=0.19, ║∇J║=2.5e-01
-----On 18/20 Initial Guess Perturbations
Iteration 44/2000-----
J=2.9e-02, ⟨Jf⟩=1.2e-02, ⟨B·n⟩=2.6e-02, Len=sum([7.0, 6.4, 6.8])=20.2, ϰ=[8.4, 10.9, 10.3], ∫ϰ²/L>=[15.6, 24.4, 18.9], C-C-Sep=0.20, ║∇J║=1.7e-01
-----On 18/20 Initial Guess Perturbations
Iteration 45/2000-----
J=2.9e-02, ⟨Jf⟩=1.2e-02, ⟨B·n⟩=2.6e-02, Len=sum([7.0, 6.4, 6.8])=20.2, ϰ=[8.3, 10.6, 9.9], ∫ϰ²/L>=[14.9, 23.8, 18.6], C-C-Sep=0.20, ║∇J║=1.3e-01
-----On 18/20 Initial Guess Perturbations
Iteration 46/2000-----
J=2.8e-02, ⟨Jf⟩=1.2e-02, ⟨B·n⟩=2.6e-02, Len=sum([7.0, 6.4, 6.8])=20.2, ϰ=[8.3, 10.5, 10.1], ∫ϰ²/L>=[14.0, 23.0, 18.1], C-C-Sep=0.20, ║∇J║=1.4e-01
-----On 18/20 Initial Guess Perturbations
Iteration 47/2000-----
J=2.8e-02, ⟨Jf⟩=1.1e-02, ⟨B·n⟩=2.6e-02, Len=sum([7.0, 6.5, 6.8])=20.3, ϰ=[8.4, 10.4, 10.6], ∫ϰ²/L>=[13.0, 22.5, 18.0], C-C-Sep=0.20, ║∇J║=2.0e-01
-----On 18/20 Initial Guess Perturbations
Iteration 48/2000-----
J=2.8e-02, ⟨Jf⟩=1.1e-02, ⟨B·n⟩=2.5e-02, Len=sum([7.0, 6.4, 6.8])=20.3, ϰ=[7.8, 10.5, 10.9], ∫ϰ²/L>=[12.5, 22.2, 17.7], C-C-Sep=0.20, ║∇J║=1.4e-01
-----On 18/20 Initial Guess Perturbations
Iteration 49/2000-----
J=2.8e-02, ⟨Jf⟩=1.1e-02, ⟨B·n⟩=2.5e-02, Len=sum([7.0, 6.4, 6.8])=20.3, ϰ=[7.4, 10.3, 10.7], ∫ϰ²/L>=[12.0, 21.5, 17.6], C-C-Sep=0.20, ║∇J║=1.3e-01
-----On 18/20 Initial Guess Perturbations
Iteration 50/2000-----
J=2.7e-02, ⟨Jf⟩=1.0e-02, ⟨B·n⟩=2.5e-02, Len=sum([7.0, 6.4, 6.9])=20.3, ϰ=[6.6, 9.7, 10.8], ∫ϰ²/L>=[11.2, 20.7, 17.7], C-C-Sep=0.20, ║∇J║=1.6e-01
-----On 18/20 Initial Guess Perturbations
Iteration 51/2000-----
J=2.7e-02, ⟨Jf⟩=9.8e-03, ⟨B·n⟩=2.4e-02, Len=sum([7.0, 6.4, 6.9])=20.3, ϰ=[6.0, 10.5, 11.0], ∫ϰ²/L>=[10.6, 20.9, 18.2], C-C-Sep=0.20, ║∇J║=2.4e-01
-----On 18/20 Initial Guess Perturbations
Iteration 52/2000-----
J=2.6e-02, ⟨Jf⟩=9.4e-03, ⟨B·n⟩=2.3e-02, Len=sum([7.0, 6.4, 6.9])=20.3, ϰ=[6.5, 10.2, 10.8], ∫ϰ²/L>=[10.6, 21.4, 18.3], C-C-Sep=0.20, ║∇J║=1.6e-01
-----On 18/20 Initial Guess Perturbations
Iteration 53/2000-----
J=2.6e-02, ⟨Jf⟩=8.9e-03, ⟨B·n⟩=2.3e-02, Len=sum([7.0, 6.4, 6.9])=20.3, ϰ=[7.0, 10.0, 10.1], ∫ϰ²/L>=[10.9, 22.0, 18.1], C-C-Sep=0.19, ║∇J║=1.5e-01
-----On 18/20 Initial Guess Perturbations
Iteration 54/2000-----
J=2.6e-02, ⟨Jf⟩=8.4e-03, ⟨B·n⟩=2.2e-02, Len=sum([7.0, 6.5, 6.9])=20.4, ϰ=[7.4, 10.2, 10.0], ∫ϰ²/L>=[11.1, 22.5, 18.2], C-C-Sep=0.19, ║∇J║=1.8e-01
-----On 18/20 Initial Guess Perturbations
Iteration 55/2000-----
J=2.5e-02, ⟨Jf⟩=8.0e-03, ⟨B·n⟩=2.2e-02, Len=sum([7.0, 6.4, 6.9])=20.3, ϰ=[7.6, 10.6, 10.1], ∫ϰ²/L>=[11.2, 22.1, 18.0], C-C-Sep=0.19, ║∇J║=1.9e-01
-----On 18/20 Initial Guess Perturbations
Iteration 56/2000-----
J=2.5e-02, ⟨Jf⟩=7.4e-03, ⟨B·n⟩=2.1e-02, Len=sum([7.0, 6.5, 7.0])=20.4, ϰ=[7.8, 11.0, 10.3], ∫ϰ²/L>=[11.9, 22.6, 18.6], C-C-Sep=0.20, ║∇J║=2.3e-01
-----On 18/20 Initial Guess Perturbations
Iteration 57/2000-----
J=2.4e-02, ⟨Jf⟩=7.3e-03, ⟨B·n⟩=2.1e-02, Len=sum([6.9, 6.4, 7.0])=20.3, ϰ=[7.1, 10.5, 9.8], ∫ϰ²/L>=[11.7, 21.7, 18.5], C-C-Sep=0.20, ║∇J║=1.3e-01
-----On 18/20 Initial Guess Perturbations
Iteration 58/2000-----
J=2.4e-02, ⟨Jf⟩=7.0e-03, ⟨B·n⟩=2.1e-02, Len=sum([7.0, 6.4, 7.0])=20.4, ϰ=[6.7, 9.9, 9.6], ∫ϰ²/L>=[12.3, 22.0, 18.6], C-C-Sep=0.20, ║∇J║=1.4e-01
-----On 18/20 Initial Guess Perturbations
Iteration 59/2000-----
J=2.4e-02, ⟨Jf⟩=7.1e-03, ⟨B·n⟩=2.0e-02, Len=sum([6.9, 6.4, 6.9])=20.2, ϰ=[6.9, 9.7, 11.0], ∫ϰ²/L>=[11.6, 20.1, 17.5], C-C-Sep=0.20, ║∇J║=2.2e-01
-----On 18/20 Initial Guess Perturbations
Iteration 60/2000-----
J=2.4e-02, ⟨Jf⟩=6.6e-03, ⟨B·n⟩=2.0e-02, Len=sum([6.9, 6.4, 7.0])=20.3, ϰ=[6.9, 9.6, 10.4], ∫ϰ²/L>=[13.1, 21.4, 17.9], C-C-Sep=0.19, ║∇J║=1.9e-01
-----On 18/20 Initial Guess Perturbations
Iteration 61/2000-----
J=2.3e-02, ⟨Jf⟩=6.7e-03, ⟨B·n⟩=2.0e-02, Len=sum([6.9, 6.4, 6.9])=20.2, ϰ=[6.9, 9.2, 10.1], ∫ϰ²/L>=[13.4, 21.9, 17.4], C-C-Sep=0.20, ║∇J║=1.7e-01
-----On 18/20 Initial Guess Perturbations
Iteration 62/2000-----
J=2.3e-02, ⟨Jf⟩=6.3e-03, ⟨B·n⟩=2.0e-02, Len=sum([6.9, 6.4, 7.0])=20.3, ϰ=[7.2, 9.3, 9.8], ∫ϰ²/L>=[13.5, 21.6, 17.1], C-C-Sep=0.20, ║∇J║=1.8e-01
-----On 18/20 Initial Guess Perturbations
Iteration 63/2000-----
J=2.3e-02, ⟨Jf⟩=6.1e-03, ⟨B·n⟩=1.9e-02, Len=sum([6.9, 6.4, 7.0])=20.3, ϰ=[7.8, 8.9, 9.7], ∫ϰ²/L>=[14.8, 22.5, 17.5], C-C-Sep=0.20, ║∇J║=1.2e-01
-----On 18/20 Initial Guess Perturbations
Iteration 64/2000-----
J=2.3e-02, ⟨Jf⟩=5.9e-03, ⟨B·n⟩=1.9e-02, Len=sum([6.9, 6.4, 7.0])=20.3, ϰ=[8.0, 8.5, 9.8], ∫ϰ²/L>=[14.6, 22.0, 16.8], C-C-Sep=0.20, ║∇J║=1.2e-01
-----On 18/20 Initial Guess Perturbations
Iteration 65/2000-----
J=2.2e-02, ⟨Jf⟩=5.5e-03, ⟨B·n⟩=1.8e-02, Len=sum([7.0, 6.4, 7.0])=20.3, ϰ=[7.9, 8.5, 9.9], ∫ϰ²/L>=[15.7, 22.8, 16.5], C-C-Sep=0.20, ║∇J║=1.5e-01
-----On 18/20 Initial Guess Perturbations
Iteration 66/2000-----
J=2.2e-02, ⟨Jf⟩=5.2e-03, ⟨B·n⟩=1.8e-02, Len=sum([7.0, 6.4, 7.0])=20.3, ϰ=[7.4, 8.4, 9.8], ∫ϰ²/L>=[15.5, 22.3, 15.3], C-C-Sep=0.20, ║∇J║=1.5e-01
-----On 18/20 Initial Guess Perturbations
Iteration 67/2000-----
J=2.2e-02, ⟨Jf⟩=4.9e-03, ⟨B·n⟩=1.7e-02, Len=sum([6.9, 6.4, 6.9])=20.2, ϰ=[7.1, 8.8, 10.2], ∫ϰ²/L>=[15.2, 21.3, 14.1], C-C-Sep=0.19, ║∇J║=1.5e-01
-----On 18/20 Initial Guess Perturbations
Iteration 68/2000-----
J=2.1e-02, ⟨Jf⟩=4.7e-03, ⟨B·n⟩=1.7e-02, Len=sum([6.9, 6.3, 6.9])=20.1, ϰ=[7.5, 9.2, 10.3], ∫ϰ²/L>=[14.9, 20.3, 13.8], C-C-Sep=0.19, ║∇J║=1.3e-01
-----On 18/20 Initial Guess Perturbations
Iteration 69/2000-----
J=2.1e-02, ⟨Jf⟩=4.5e-03, ⟨B·n⟩=1.7e-02, Len=sum([6.9, 6.3, 6.9])=20.1, ϰ=[7.8, 9.1, 10.1], ∫ϰ²/L>=[15.2, 20.2, 14.2], C-C-Sep=0.20, ║∇J║=1.2e-01
-----On 18/20 Initial Guess Perturbations
Iteration 70/2000-----
J=2.1e-02, ⟨Jf⟩=4.4e-03, ⟨B·n⟩=1.6e-02, Len=sum([6.8, 6.3, 6.9])=20.0, ϰ=[7.7, 8.6, 9.7], ∫ϰ²/L>=[14.8, 19.5, 14.9], C-C-Sep=0.20, ║∇J║=1.4e-01
-----On 18/20 Initial Guess Perturbations
Iteration 71/2000-----
J=2.1e-02, ⟨Jf⟩=4.2e-03, ⟨B·n⟩=1.6e-02, Len=sum([6.8, 6.3, 6.9])=19.9, ϰ=[7.8, 8.7, 9.4], ∫ϰ²/L>=[15.0, 19.7, 15.2], C-C-Sep=0.20, ║∇J║=1.1e-01
-----On 18/20 Initial Guess Perturbations
Iteration 72/2000-----
J=2.0e-02, ⟨Jf⟩=4.2e-03, ⟨B·n⟩=1.6e-02, Len=sum([6.8, 6.3, 6.9])=19.9, ϰ=[7.4, 8.6, 9.3], ∫ϰ²/L>=[13.9, 18.7, 14.4], C-C-Sep=0.20, ║∇J║=1.3e-01
-----On 18/20 Initial Guess Perturbations
Iteration 73/2000-----
J=2.0e-02, ⟨Jf⟩=3.9e-03, ⟨B·n⟩=1.5e-02, Len=sum([6.7, 6.3, 6.9])=19.9, ϰ=[7.4, 9.2, 9.3], ∫ϰ²/L>=[14.5, 19.2, 14.5], C-C-Sep=0.19, ║∇J║=1.4e-01
-----On 18/20 Initial Guess Perturbations
Iteration 74/2000-----
J=2.0e-02, ⟨Jf⟩=3.9e-03, ⟨B·n⟩=1.5e-02, Len=sum([6.7, 6.2, 6.9])=19.8, ϰ=[7.4, 9.7, 9.4], ∫ϰ²/L>=[13.6, 18.3, 13.6], C-C-Sep=0.19, ║∇J║=1.3e-01
-----On 18/20 Initial Guess Perturbations
Iteration 75/2000-----
J=2.0e-02, ⟨Jf⟩=3.8e-03, ⟨B·n⟩=1.5e-02, Len=sum([6.7, 6.2, 6.9])=19.8, ϰ=[7.4, 9.8, 9.5], ∫ϰ²/L>=[13.5, 17.9, 13.7], C-C-Sep=0.20, ║∇J║=1.0e-01
-----On 18/20 Initial Guess Perturbations
Iteration 76/2000-----
J=2.0e-02, ⟨Jf⟩=3.7e-03, ⟨B·n⟩=1.5e-02, Len=sum([6.7, 6.2, 6.9])=19.7, ϰ=[7.4, 9.7, 9.5], ∫ϰ²/L>=[13.2, 17.5, 13.3], C-C-Sep=0.20, ║∇J║=8.8e-02
-----On 18/20 Initial Guess Perturbations
Iteration 77/2000-----
J=2.0e-02, ⟨Jf⟩=3.6e-03, ⟨B·n⟩=1.4e-02, Len=sum([6.6, 6.2, 6.9])=19.7, ϰ=[7.5, 9.4, 9.4], ∫ϰ²/L>=[13.0, 17.1, 12.9], C-C-Sep=0.20, ║∇J║=9.7e-02
-----On 18/20 Initial Guess Perturbations
Iteration 78/2000-----
J=1.9e-02, ⟨Jf⟩=3.3e-03, ⟨B·n⟩=1.4e-02, Len=sum([6.6, 6.2, 6.9])=19.6, ϰ=[7.4, 8.4, 9.0], ∫ϰ²/L>=[12.9, 16.7, 12.7], C-C-Sep=0.20, ║∇J║=2.0e-01
-----On 18/20 Initial Guess Perturbations
Iteration 79/2000-----
J=1.9e-02, ⟨Jf⟩=3.3e-03, ⟨B·n⟩=1.4e-02, Len=sum([6.6, 6.2, 6.9])=19.6, ϰ=[7.2, 8.1, 8.8], ∫ϰ²/L>=[12.4, 16.1, 12.5], C-C-Sep=0.20, ║∇J║=8.7e-02
-----On 18/20 Initial Guess Perturbations
Iteration 80/2000-----
J=1.9e-02, ⟨Jf⟩=3.3e-03, ⟨B·n⟩=1.4e-02, Len=sum([6.6, 6.1, 6.9])=19.6, ϰ=[7.0, 7.8, 8.6], ∫ϰ²/L>=[11.9, 15.4, 12.2], C-C-Sep=0.20, ║∇J║=7.2e-02
-----On 18/20 Initial Guess Perturbations
Iteration 81/2000-----
J=1.9e-02, ⟨Jf⟩=3.2e-03, ⟨B·n⟩=1.4e-02, Len=sum([6.5, 6.1, 6.8])=19.5, ϰ=[6.7, 7.6, 8.4], ∫ϰ²/L>=[11.4, 14.8, 12.2], C-C-Sep=0.20, ║∇J║=8.9e-02
-----On 18/20 Initial Guess Perturbations
Iteration 82/2000-----
J=1.9e-02, ⟨Jf⟩=3.1e-03, ⟨B·n⟩=1.3e-02, Len=sum([6.5, 6.1, 6.8])=19.4, ϰ=[6.4, 7.8, 8.6], ∫ϰ²/L>=[10.5, 13.8, 11.9], C-C-Sep=0.19, ║∇J║=2.1e-01
-----On 18/20 Initial Guess Perturbations
Iteration 83/2000-----
J=1.9e-02, ⟨Jf⟩=3.2e-03, ⟨B·n⟩=1.3e-02, Len=sum([6.5, 6.1, 6.8])=19.4, ϰ=[6.6, 7.9, 8.5], ∫ϰ²/L>=[10.2, 13.3, 10.9], C-C-Sep=0.19, ║∇J║=1.6e-01
-----On 18/20 Initial Guess Perturbations
Iteration 84/2000-----
J=1.9e-02, ⟨Jf⟩=3.1e-03, ⟨B·n⟩=1.3e-02, Len=sum([6.5, 6.1, 6.8])=19.4, ϰ=[6.4, 7.8, 8.5], ∫ϰ²/L>=[10.3, 13.5, 11.5], C-C-Sep=0.19, ║∇J║=1.5e-01
-----On 18/20 Initial Guess Perturbations
Iteration 85/2000-----
J=1.9e-02, ⟨Jf⟩=3.1e-03, ⟨B·n⟩=1.3e-02, Len=sum([6.5, 6.1, 6.8])=19.4, ϰ=[6.5, 7.6, 8.3], ∫ϰ²/L>=[10.6, 13.9, 11.6], C-C-Sep=0.20, ║∇J║=1.1e-01
-----On 18/20 Initial Guess Perturbations
Iteration 86/2000-----
J=1.9e-02, ⟨Jf⟩=3.1e-03, ⟨B·n⟩=1.3e-02, Len=sum([6.5, 6.1, 6.8])=19.4, ϰ=[6.5, 7.7, 8.4], ∫ϰ²/L>=[10.3, 13.6, 11.4], C-C-Sep=0.20, ║∇J║=5.4e-02
-----On 18/20 Initial Guess Perturbations
Iteration 87/2000-----
J=1.9e-02, ⟨Jf⟩=3.0e-03, ⟨B·n⟩=1.3e-02, Len=sum([6.4, 6.1, 6.8])=19.3, ϰ=[6.4, 7.8, 8.5], ∫ϰ²/L>=[9.9, 13.3, 11.3], C-C-Sep=0.20, ║∇J║=6.8e-02
-----On 18/20 Initial Guess Perturbations
Iteration 88/2000-----
J=1.9e-02, ⟨Jf⟩=2.9e-03, ⟨B·n⟩=1.3e-02, Len=sum([6.4, 6.1, 6.8])=19.3, ϰ=[6.7, 7.9, 8.6], ∫ϰ²/L>=[9.5, 13.0, 11.3], C-C-Sep=0.20, ║∇J║=1.0e-01
-----On 18/20 Initial Guess Perturbations
Iteration 89/2000-----
J=1.8e-02, ⟨Jf⟩=2.7e-03, ⟨B·n⟩=1.2e-02, Len=sum([6.4, 6.1, 6.8])=19.3, ϰ=[7.1, 8.2, 8.6], ∫ϰ²/L>=[9.6, 13.4, 11.7], C-C-Sep=0.20, ║∇J║=1.2e-01
-----On 18/20 Initial Guess Perturbations
Iteration 90/2000-----
J=1.8e-02, ⟨Jf⟩=2.7e-03, ⟨B·n⟩=1.2e-02, Len=sum([6.4, 6.1, 6.8])=19.2, ϰ=[7.3, 7.9, 8.6], ∫ϰ²/L>=[9.6, 13.1, 11.4], C-C-Sep=0.20, ║∇J║=8.8e-02
-----On 18/20 Initial Guess Perturbations
Iteration 91/2000-----
J=1.8e-02, ⟨Jf⟩=2.6e-03, ⟨B·n⟩=1.2e-02, Len=sum([6.4, 6.0, 6.8])=19.2, ϰ=[7.0, 7.5, 8.4], ∫ϰ²/L>=[9.7, 12.7, 11.3], C-C-Sep=0.20, ║∇J║=8.7e-02
-----On 18/20 Initial Guess Perturbations
Iteration 92/2000-----
J=1.8e-02, ⟨Jf⟩=2.5e-03, ⟨B·n⟩=1.2e-02, Len=sum([6.3, 6.0, 6.8])=19.2, ϰ=[6.8, 7.5, 8.2], ∫ϰ²/L>=[9.9, 12.5, 11.6], C-C-Sep=0.20, ║∇J║=8.0e-02
-----On 18/20 Initial Guess Perturbations
Iteration 93/2000-----
J=1.8e-02, ⟨Jf⟩=2.5e-03, ⟨B·n⟩=1.1e-02, Len=sum([6.3, 6.0, 6.8])=19.1, ϰ=[7.2, 7.2, 8.4], ∫ϰ²/L>=[10.1, 12.3, 11.9], C-C-Sep=0.20, ║∇J║=8.3e-02
-----On 18/20 Initial Guess Perturbations
Iteration 94/2000-----
J=1.8e-02, ⟨Jf⟩=2.4e-03, ⟨B·n⟩=1.1e-02, Len=sum([6.3, 6.0, 6.8])=19.1, ϰ=[7.5, 7.2, 8.5], ∫ϰ²/L>=[10.6, 12.6, 12.4], C-C-Sep=0.20, ║∇J║=1.0e-01
-----On 18/20 Initial Guess Perturbations
Iteration 95/2000-----
J=1.8e-02, ⟨Jf⟩=2.4e-03, ⟨B·n⟩=1.1e-02, Len=sum([6.3, 6.0, 6.8])=19.1, ϰ=[7.1, 7.0, 8.3], ∫ϰ²/L>=[10.1, 11.8, 11.4], C-C-Sep=0.20, ║∇J║=9.0e-02
-----On 18/20 Initial Guess Perturbations
Iteration 96/2000-----
J=1.8e-02, ⟨Jf⟩=2.3e-03, ⟨B·n⟩=1.1e-02, Len=sum([6.3, 6.0, 6.8])=19.1, ϰ=[6.4, 7.1, 8.3], ∫ϰ²/L>=[10.2, 12.0, 11.3], C-C-Sep=0.20, ║∇J║=1.0e-01
-----On 18/20 Initial Guess Perturbations
Iteration 97/2000-----
J=1.8e-02, ⟨Jf⟩=2.2e-03, ⟨B·n⟩=1.1e-02, Len=sum([6.3, 6.0, 6.8])=19.1, ϰ=[6.2, 6.9, 8.1], ∫ϰ²/L>=[10.0, 11.8, 10.8], C-C-Sep=0.20, ║∇J║=6.9e-02
-----On 18/20 Initial Guess Perturbations
Iteration 98/2000-----
J=1.8e-02, ⟨Jf⟩=2.1e-03, ⟨B·n⟩=1.1e-02, Len=sum([6.3, 6.0, 6.8])=19.0, ϰ=[6.2, 6.7, 7.8], ∫ϰ²/L>=[10.1, 11.9, 10.5], C-C-Sep=0.20, ║∇J║=7.0e-02
-----On 18/20 Initial Guess Perturbations
Iteration 99/2000-----
J=1.7e-02, ⟨Jf⟩=2.1e-03, ⟨B·n⟩=1.1e-02, Len=sum([6.2, 6.0, 6.7])=19.0, ϰ=[6.5, 6.8, 7.5], ∫ϰ²/L>=[9.7, 11.6, 10.0], C-C-Sep=0.20, ║∇J║=8.7e-02
-----On 18/20 Initial Guess Perturbations
Iteration 100/2000-----
J=1.7e-02, ⟨Jf⟩=2.1e-03, ⟨B·n⟩=1.0e-02, Len=sum([6.2, 6.0, 6.7])=19.0, ϰ=[6.9, 6.7, 7.6], ∫ϰ²/L>=[9.6, 11.4, 9.8], C-C-Sep=0.20, ║∇J║=7.1e-02
-----On 18/20 Initial Guess Perturbations
Iteration 101/2000-----
J=1.7e-02, ⟨Jf⟩=2.0e-03, ⟨B·n⟩=1.0e-02, Len=sum([6.2, 6.0, 6.7])=18.9, ϰ=[6.9, 6.6, 7.9], ∫ϰ²/L>=[9.3, 11.1, 9.6], C-C-Sep=0.20, ║∇J║=8.9e-02
-----On 18/20 Initial Guess Perturbations
Iteration 102/2000-----
J=1.7e-02, ⟨Jf⟩=2.0e-03, ⟨B·n⟩=1.0e-02, Len=sum([6.2, 6.0, 6.7])=18.9, ϰ=[7.0, 6.4, 8.0], ∫ϰ²/L>=[9.2, 10.8, 9.7], C-C-Sep=0.20, ║∇J║=6.5e-02
-----On 18/20 Initial Guess Perturbations
Iteration 103/2000-----
J=1.7e-02, ⟨Jf⟩=2.0e-03, ⟨B·n⟩=1.0e-02, Len=sum([6.2, 6.0, 6.7])=18.9, ϰ=[6.8, 6.4, 8.0], ∫ϰ²/L>=[8.7, 10.2, 9.5], C-C-Sep=0.20, ║∇J║=7.2e-02
-----On 18/20 Initial Guess Perturbations
Iteration 104/2000-----
J=1.7e-02, ⟨Jf⟩=1.9e-03, ⟨B·n⟩=1.0e-02, Len=sum([6.1, 6.0, 6.7])=18.8, ϰ=[7.4, 6.6, 8.0], ∫ϰ²/L>=[8.9, 9.9, 9.9], C-C-Sep=0.20, ║∇J║=9.0e-02
-----On 18/20 Initial Guess Perturbations
Iteration 105/2000-----
J=1.7e-02, ⟨Jf⟩=1.9e-03, ⟨B·n⟩=1.0e-02, Len=sum([6.1, 6.0, 6.7])=18.8, ϰ=[8.1, 6.6, 8.1], ∫ϰ²/L>=[8.8, 9.5, 10.2], C-C-Sep=0.20, ║∇J║=9.0e-02
-----On 18/20 Initial Guess Perturbations
Iteration 106/2000-----
J=1.7e-02, ⟨Jf⟩=1.9e-03, ⟨B·n⟩=1.0e-02, Len=sum([6.1, 6.0, 6.7])=18.7, ϰ=[8.2, 6.6, 7.8], ∫ϰ²/L>=[8.5, 9.4, 9.7], C-C-Sep=0.20, ║∇J║=6.6e-02
-----On 18/20 Initial Guess Perturbations
Iteration 107/2000-----
J=1.7e-02, ⟨Jf⟩=1.8e-03, ⟨B·n⟩=9.9e-03, Len=sum([6.1, 6.0, 6.6])=18.7, ϰ=[8.5, 6.6, 7.8], ∫ϰ²/L>=[8.5, 9.3, 9.8], C-C-Sep=0.20, ║∇J║=5.9e-02
-----On 18/20 Initial Guess Perturbations
Iteration 108/2000-----
J=1.7e-02, ⟨Jf⟩=1.8e-03, ⟨B·n⟩=9.8e-03, Len=sum([6.1, 6.0, 6.6])=18.7, ϰ=[8.8, 6.3, 7.9], ∫ϰ²/L>=[8.5, 9.3, 9.8], C-C-Sep=0.20, ║∇J║=5.7e-02
-----On 18/20 Initial Guess Perturbations
Iteration 109/2000-----
J=1.7e-02, ⟨Jf⟩=1.8e-03, ⟨B·n⟩=9.7e-03, Len=sum([6.1, 6.0, 6.6])=18.6, ϰ=[8.5, 6.1, 7.9], ∫ϰ²/L>=[8.3, 9.2, 9.6], C-C-Sep=0.20, ║∇J║=6.1e-02
-----On 18/20 Initial Guess Perturbations
Iteration 110/2000-----
J=1.7e-02, ⟨Jf⟩=1.7e-03, ⟨B·n⟩=9.6e-03, Len=sum([6.0, 6.0, 6.6])=18.6, ϰ=[7.9, 5.9, 7.7], ∫ϰ²/L>=[8.0, 9.1, 9.4], C-C-Sep=0.20, ║∇J║=6.3e-02
-----On 18/20 Initial Guess Perturbations
Iteration 111/2000-----
J=1.7e-02, ⟨Jf⟩=1.7e-03, ⟨B·n⟩=9.6e-03, Len=sum([6.0, 5.9, 6.6])=18.6, ϰ=[7.3, 5.8, 7.6], ∫ϰ²/L>=[8.0, 9.2, 9.2], C-C-Sep=0.20, ║∇J║=5.4e-02
-----On 18/20 Initial Guess Perturbations
Iteration 112/2000-----
J=1.7e-02, ⟨Jf⟩=1.7e-03, ⟨B·n⟩=9.6e-03, Len=sum([6.0, 5.9, 6.6])=18.5, ϰ=[7.1, 5.8, 7.3], ∫ϰ²/L>=[7.4, 8.8, 8.5], C-C-Sep=0.20, ║∇J║=5.5e-02
-----On 18/20 Initial Guess Perturbations
Iteration 113/2000-----
J=1.7e-02, ⟨Jf⟩=1.7e-03, ⟨B·n⟩=9.5e-03, Len=sum([6.0, 5.9, 6.6])=18.5, ϰ=[7.4, 6.2, 7.2], ∫ϰ²/L>=[7.4, 8.9, 8.3], C-C-Sep=0.20, ║∇J║=6.9e-02
-----On 18/20 Initial Guess Perturbations
Iteration 114/2000-----
J=1.7e-02, ⟨Jf⟩=1.7e-03, ⟨B·n⟩=9.5e-03, Len=sum([6.0, 5.9, 6.5])=18.5, ϰ=[7.1, 6.0, 7.1], ∫ϰ²/L>=[7.2, 8.9, 8.0], C-C-Sep=0.20, ║∇J║=5.3e-02
-----On 18/20 Initial Guess Perturbations
Iteration 115/2000-----
J=1.7e-02, ⟨Jf⟩=1.7e-03, ⟨B·n⟩=9.5e-03, Len=sum([6.0, 5.9, 6.5])=18.5, ϰ=[7.3, 6.5, 7.1], ∫ϰ²/L>=[7.0, 8.8, 7.7], C-C-Sep=0.20, ║∇J║=4.7e-02
-----On 18/20 Initial Guess Perturbations
Iteration 116/2000-----
J=1.6e-02, ⟨Jf⟩=1.6e-03, ⟨B·n⟩=9.4e-03, Len=sum([6.0, 5.9, 6.5])=18.4, ϰ=[7.7, 7.0, 7.0], ∫ϰ²/L>=[7.0, 8.9, 7.5], C-C-Sep=0.20, ║∇J║=4.9e-02
-----On 18/20 Initial Guess Perturbations
Iteration 117/2000-----
J=1.6e-02, ⟨Jf⟩=1.6e-03, ⟨B·n⟩=9.4e-03, Len=sum([5.9, 5.9, 6.5])=18.4, ϰ=[8.0, 7.7, 6.9], ∫ϰ²/L>=[7.5, 9.2, 7.6], C-C-Sep=0.20, ║∇J║=6.3e-02
-----On 18/20 Initial Guess Perturbations
Iteration 118/2000-----
J=1.6e-02, ⟨Jf⟩=1.6e-03, ⟨B·n⟩=9.3e-03, Len=sum([5.9, 5.9, 6.5])=18.4, ϰ=[8.2, 7.9, 6.9], ∫ϰ²/L>=[7.6, 9.2, 7.8], C-C-Sep=0.20, ║∇J║=5.0e-02
-----On 18/20 Initial Guess Perturbations
Iteration 119/2000-----
J=1.6e-02, ⟨Jf⟩=1.6e-03, ⟨B·n⟩=9.3e-03, Len=sum([5.9, 5.9, 6.5])=18.4, ϰ=[7.9, 7.6, 7.0], ∫ϰ²/L>=[7.3, 9.0, 7.6], C-C-Sep=0.20, ║∇J║=4.5e-02
-----On 18/20 Initial Guess Perturbations
Iteration 120/2000-----
J=1.6e-02, ⟨Jf⟩=1.6e-03, ⟨B·n⟩=9.2e-03, Len=sum([5.9, 5.9, 6.5])=18.3, ϰ=[7.5, 7.6, 7.0], ∫ϰ²/L>=[7.2, 9.0, 7.5], C-C-Sep=0.20, ║∇J║=5.1e-02
-----On 18/20 Initial Guess Perturbations
Iteration 121/2000-----
J=1.6e-02, ⟨Jf⟩=1.6e-03, ⟨B·n⟩=9.1e-03, Len=sum([5.9, 6.0, 6.5])=18.3, ϰ=[7.1, 7.4, 7.1], ∫ϰ²/L>=[7.1, 9.2, 7.5], C-C-Sep=0.20, ║∇J║=5.9e-02
-----On 18/20 Initial Guess Perturbations
Iteration 122/2000-----
J=1.6e-02, ⟨Jf⟩=1.5e-03, ⟨B·n⟩=9.1e-03, Len=sum([5.9, 6.0, 6.4])=18.3, ϰ=[7.0, 7.4, 7.3], ∫ϰ²/L>=[7.0, 9.3, 7.4], C-C-Sep=0.20, ║∇J║=6.3e-02
-----On 18/20 Initial Guess Perturbations
Iteration 123/2000-----
J=1.6e-02, ⟨Jf⟩=1.5e-03, ⟨B·n⟩=9.1e-03, Len=sum([5.9, 6.0, 6.4])=18.3, ϰ=[6.9, 7.3, 7.4], ∫ϰ²/L>=[7.0, 9.2, 7.5], C-C-Sep=0.20, ║∇J║=6.2e-02
-----On 18/20 Initial Guess Perturbations
Iteration 124/2000-----
J=1.6e-02, ⟨Jf⟩=1.5e-03, ⟨B·n⟩=9.0e-03, Len=sum([5.9, 6.0, 6.4])=18.2, ϰ=[7.0, 7.5, 7.2], ∫ϰ²/L>=[7.3, 9.6, 7.7], C-C-Sep=0.20, ║∇J║=6.9e-02
-----On 18/20 Initial Guess Perturbations
Iteration 125/2000-----
J=1.6e-02, ⟨Jf⟩=1.5e-03, ⟨B·n⟩=8.9e-03, Len=sum([5.9, 6.0, 6.4])=18.2, ϰ=[6.8, 7.1, 7.1], ∫ϰ²/L>=[7.0, 9.4, 7.5], C-C-Sep=0.20, ║∇J║=4.7e-02
-----On 18/20 Initial Guess Perturbations
Iteration 126/2000-----
J=1.6e-02, ⟨Jf⟩=1.5e-03, ⟨B·n⟩=8.9e-03, Len=sum([5.8, 6.0, 6.4])=18.2, ϰ=[6.7, 6.8, 6.9], ∫ϰ²/L>=[7.2, 9.5, 7.6], C-C-Sep=0.20, ║∇J║=4.5e-02
-----On 18/20 Initial Guess Perturbations
Iteration 127/2000-----
J=1.6e-02, ⟨Jf⟩=1.4e-03, ⟨B·n⟩=8.8e-03, Len=sum([5.8, 6.0, 6.4])=18.2, ϰ=[6.4, 6.5, 6.5], ∫ϰ²/L>=[7.2, 9.5, 7.5], C-C-Sep=0.20, ║∇J║=6.7e-02
-----On 18/20 Initial Guess Perturbations
Iteration 128/2000-----
J=1.6e-02, ⟨Jf⟩=1.4e-03, ⟨B·n⟩=8.7e-03, Len=sum([5.8, 6.0, 6.4])=18.1, ϰ=[6.2, 6.6, 6.3], ∫ϰ²/L>=[7.2, 9.6, 7.4], C-C-Sep=0.20, ║∇J║=5.2e-02
-----On 18/20 Initial Guess Perturbations
Iteration 129/2000-----
J=1.6e-02, ⟨Jf⟩=1.4e-03, ⟨B·n⟩=8.7e-03, Len=sum([5.8, 6.0, 6.3])=18.1, ϰ=[6.1, 6.7, 6.2], ∫ϰ²/L>=[7.4, 9.7, 7.5], C-C-Sep=0.20, ║∇J║=4.5e-02
-----On 18/20 Initial Guess Perturbations
Iteration 130/2000-----
J=1.6e-02, ⟨Jf⟩=1.4e-03, ⟨B·n⟩=8.7e-03, Len=sum([5.8, 6.0, 6.3])=18.1, ϰ=[6.1, 6.9, 6.2], ∫ϰ²/L>=[7.7, 9.9, 7.5], C-C-Sep=0.20, ║∇J║=4.7e-02
-----On 18/20 Initial Guess Perturbations
Iteration 131/2000-----
J=1.6e-02, ⟨Jf⟩=1.4e-03, ⟨B·n⟩=8.6e-03, Len=sum([5.8, 6.0, 6.3])=18.0, ϰ=[6.3, 6.6, 6.2], ∫ϰ²/L>=[7.5, 9.8, 7.3], C-C-Sep=0.20, ║∇J║=5.4e-02
-----On 18/20 Initial Guess Perturbations
Iteration 132/2000-----
J=1.6e-02, ⟨Jf⟩=1.4e-03, ⟨B·n⟩=8.6e-03, Len=sum([5.8, 6.0, 6.3])=18.0, ϰ=[6.3, 6.6, 6.1], ∫ϰ²/L>=[7.6, 9.8, 7.3], C-C-Sep=0.20, ║∇J║=4.8e-02
-----On 18/20 Initial Guess Perturbations
Iteration 133/2000-----
J=1.6e-02, ⟨Jf⟩=1.4e-03, ⟨B·n⟩=8.6e-03, Len=sum([5.8, 6.0, 6.3])=18.0, ϰ=[6.3, 6.5, 5.8], ∫ϰ²/L>=[7.4, 9.5, 7.1], C-C-Sep=0.20, ║∇J║=5.7e-02
-----On 18/20 Initial Guess Perturbations
Iteration 134/2000-----
J=1.6e-02, ⟨Jf⟩=1.4e-03, ⟨B·n⟩=8.5e-03, Len=sum([5.7, 6.0, 6.2])=17.9, ϰ=[6.3, 6.8, 5.9], ∫ϰ²/L>=[7.4, 9.3, 7.3], C-C-Sep=0.20, ║∇J║=5.7e-02
-----On 18/20 Initial Guess Perturbations
Iteration 135/2000-----
J=1.6e-02, ⟨Jf⟩=1.4e-03, ⟨B·n⟩=8.5e-03, Len=sum([5.7, 6.0, 6.2])=17.9, ϰ=[6.3, 6.6, 6.0], ∫ϰ²/L>=[7.5, 9.2, 7.4], C-C-Sep=0.20, ║∇J║=4.3e-02
-----On 18/20 Initial Guess Perturbations
Iteration 136/2000-----
J=1.6e-02, ⟨Jf⟩=1.4e-03, ⟨B·n⟩=8.5e-03, Len=sum([5.7, 5.9, 6.2])=17.9, ϰ=[6.5, 6.6, 6.0], ∫ϰ²/L>=[7.6, 8.9, 7.5], C-C-Sep=0.20, ║∇J║=5.3e-02
-----On 18/20 Initial Guess Perturbations
Iteration 137/2000-----
J=1.6e-02, ⟨Jf⟩=1.4e-03, ⟨B·n⟩=8.5e-03, Len=sum([5.7, 5.9, 6.2])=17.8, ϰ=[6.6, 6.7, 6.1], ∫ϰ²/L>=[7.9, 8.9, 7.9], C-C-Sep=0.20, ║∇J║=6.0e-02
-----On 18/20 Initial Guess Perturbations
Iteration 138/2000-----
J=1.6e-02, ⟨Jf⟩=1.4e-03, ⟨B·n⟩=8.5e-03, Len=sum([5.7, 5.9, 6.2])=17.8, ϰ=[6.9, 6.5, 6.4], ∫ϰ²/L>=[8.0, 8.6, 7.8], C-C-Sep=0.20, ║∇J║=4.2e-02
-----On 18/20 Initial Guess Perturbations
Iteration 139/2000-----
J=1.6e-02, ⟨Jf⟩=1.4e-03, ⟨B·n⟩=8.5e-03, Len=sum([5.7, 5.9, 6.2])=17.8, ϰ=[7.2, 6.5, 6.7], ∫ϰ²/L>=[8.1, 8.6, 7.9], C-C-Sep=0.20, ║∇J║=4.1e-02
-----On 18/20 Initial Guess Perturbations
Iteration 140/2000-----
J=1.6e-02, ⟨Jf⟩=1.4e-03, ⟨B·n⟩=8.4e-03, Len=sum([5.7, 5.9, 6.2])=17.7, ϰ=[7.5, 6.2, 6.9], ∫ϰ²/L>=[8.0, 8.4, 7.9], C-C-Sep=0.20, ║∇J║=5.1e-02
-----On 18/20 Initial Guess Perturbations
Iteration 141/2000-----
J=1.6e-02, ⟨Jf⟩=1.3e-03, ⟨B·n⟩=8.4e-03, Len=sum([5.6, 5.9, 6.1])=17.7, ϰ=[7.8, 5.7, 7.0], ∫ϰ²/L>=[8.4, 8.5, 8.2], C-C-Sep=0.20, ║∇J║=5.6e-02
-----On 18/20 Initial Guess Perturbations
Iteration 142/2000-----
J=1.6e-02, ⟨Jf⟩=1.3e-03, ⟨B·n⟩=8.4e-03, Len=sum([5.6, 5.9, 6.1])=17.6, ϰ=[7.6, 5.6, 6.7], ∫ϰ²/L>=[8.1, 8.3, 8.2], C-C-Sep=0.20, ║∇J║=6.2e-02
-----On 18/20 Initial Guess Perturbations
Iteration 143/2000-----
J=1.5e-02, ⟨Jf⟩=1.3e-03, ⟨B·n⟩=8.4e-03, Len=sum([5.6, 5.9, 6.1])=17.6, ϰ=[7.7, 5.5, 6.1], ∫ϰ²/L>=[8.1, 8.1, 8.0], C-C-Sep=0.20, ║∇J║=4.5e-02
-----On 18/20 Initial Guess Perturbations
Iteration 144/2000-----
J=1.5e-02, ⟨Jf⟩=1.3e-03, ⟨B·n⟩=8.4e-03, Len=sum([5.6, 5.9, 6.1])=17.5, ϰ=[7.7, 5.6, 5.8], ∫ϰ²/L>=[8.2, 8.1, 7.9], C-C-Sep=0.20, ║∇J║=4.6e-02
-----On 18/20 Initial Guess Perturbations
Iteration 145/2000-----
J=1.5e-02, ⟨Jf⟩=1.3e-03, ⟨B·n⟩=8.4e-03, Len=sum([5.6, 5.9, 6.1])=17.5, ϰ=[8.0, 5.6, 6.1], ∫ϰ²/L>=[8.4, 8.0, 7.8], C-C-Sep=0.20, ║∇J║=6.0e-02
-----On 18/20 Initial Guess Perturbations
Iteration 146/2000-----
J=1.5e-02, ⟨Jf⟩=1.3e-03, ⟨B·n⟩=8.4e-03, Len=sum([5.6, 5.8, 6.0])=17.4, ϰ=[7.9, 5.6, 5.9], ∫ϰ²/L>=[8.4, 8.0, 7.5], C-C-Sep=0.20, ║∇J║=4.5e-02
-----On 18/20 Initial Guess Perturbations
Iteration 147/2000-----
J=1.5e-02, ⟨Jf⟩=1.3e-03, ⟨B·n⟩=8.4e-03, Len=sum([5.5, 5.8, 6.0])=17.4, ϰ=[7.9, 5.8, 5.8], ∫ϰ²/L>=[8.6, 8.2, 7.4], C-C-Sep=0.20, ║∇J║=4.3e-02
-----On 18/20 Initial Guess Perturbations
Iteration 148/2000-----
J=1.5e-02, ⟨Jf⟩=1.3e-03, ⟨B·n⟩=8.4e-03, Len=sum([5.5, 5.8, 6.0])=17.4, ϰ=[7.9, 5.9, 5.4], ∫ϰ²/L>=[8.6, 8.1, 7.2], C-C-Sep=0.20, ║∇J║=4.6e-02
-----On 18/20 Initial Guess Perturbations
Iteration 149/2000-----
J=1.5e-02, ⟨Jf⟩=1.3e-03, ⟨B·n⟩=8.3e-03, Len=sum([5.5, 5.8, 6.0])=17.3, ϰ=[7.6, 6.1, 5.6], ∫ϰ²/L>=[8.8, 8.4, 7.5], C-C-Sep=0.20, ║∇J║=5.3e-02
-----On 18/20 Initial Guess Perturbations
Iteration 150/2000-----
J=1.5e-02, ⟨Jf⟩=1.3e-03, ⟨B·n⟩=8.3e-03, Len=sum([5.5, 5.8, 6.0])=17.3, ϰ=[7.5, 6.0, 5.8], ∫ϰ²/L>=[8.4, 8.1, 7.3], C-C-Sep=0.20, ║∇J║=4.2e-02
-----On 18/20 Initial Guess Perturbations
Iteration 151/2000-----
J=1.5e-02, ⟨Jf⟩=1.3e-03, ⟨B·n⟩=8.3e-03, Len=sum([5.5, 5.8, 6.0])=17.3, ϰ=[7.5, 6.1, 5.7], ∫ϰ²/L>=[8.3, 8.1, 7.3], C-C-Sep=0.20, ║∇J║=3.2e-02
-----On 18/20 Initial Guess Perturbations
Iteration 152/2000-----
J=1.5e-02, ⟨Jf⟩=1.3e-03, ⟨B·n⟩=8.3e-03, Len=sum([5.5, 5.8, 6.0])=17.3, ϰ=[7.5, 6.2, 5.7], ∫ϰ²/L>=[8.2, 8.1, 7.3], C-C-Sep=0.20, ║∇J║=3.5e-02
-----On 18/20 Initial Guess Perturbations
Iteration 153/2000-----
J=1.5e-02, ⟨Jf⟩=1.3e-03, ⟨B·n⟩=8.3e-03, Len=sum([5.5, 5.8, 6.0])=17.3, ϰ=[7.4, 6.2, 5.6], ∫ϰ²/L>=[7.9, 8.0, 7.3], C-C-Sep=0.20, ║∇J║=5.3e-02
-----On 18/20 Initial Guess Perturbations
Iteration 154/2000-----
J=1.5e-02, ⟨Jf⟩=1.3e-03, ⟨B·n⟩=8.3e-03, Len=sum([5.5, 5.8, 5.9])=17.2, ϰ=[7.5, 6.5, 5.6], ∫ϰ²/L>=[8.1, 8.0, 7.4], C-C-Sep=0.20, ║∇J║=5.3e-02
-----On 18/20 Initial Guess Perturbations
Iteration 155/2000-----
J=1.5e-02, ⟨Jf⟩=1.3e-03, ⟨B·n⟩=8.3e-03, Len=sum([5.4, 5.8, 5.9])=17.2, ϰ=[7.3, 6.3, 5.8], ∫ϰ²/L>=[8.5, 8.1, 7.7], C-C-Sep=0.20, ║∇J║=5.3e-02
-----On 18/20 Initial Guess Perturbations
Iteration 156/2000-----
J=1.5e-02, ⟨Jf⟩=1.3e-03, ⟨B·n⟩=8.3e-03, Len=sum([5.4, 5.8, 5.9])=17.1, ϰ=[7.7, 6.1, 5.7], ∫ϰ²/L>=[8.6, 8.1, 7.6], C-C-Sep=0.20, ║∇J║=5.0e-02
-----On 18/20 Initial Guess Perturbations
Iteration 157/2000-----
J=1.5e-02, ⟨Jf⟩=1.3e-03, ⟨B·n⟩=8.3e-03, Len=sum([5.4, 5.8, 5.9])=17.1, ϰ=[7.7, 5.9, 5.9], ∫ϰ²/L>=[8.4, 8.3, 7.7], C-C-Sep=0.20, ║∇J║=4.9e-02
-----On 18/20 Initial Guess Perturbations
Iteration 158/2000-----
J=1.5e-02, ⟨Jf⟩=1.3e-03, ⟨B·n⟩=8.3e-03, Len=sum([5.4, 5.8, 5.9])=17.1, ϰ=[7.7, 5.9, 5.7], ∫ϰ²/L>=[8.2, 8.4, 7.6], C-C-Sep=0.20, ║∇J║=3.5e-02
-----On 18/20 Initial Guess Perturbations
Iteration 159/2000-----
J=1.5e-02, ⟨Jf⟩=1.3e-03, ⟨B·n⟩=8.3e-03, Len=sum([5.4, 5.8, 5.9])=17.0, ϰ=[7.9, 5.9, 5.7], ∫ϰ²/L>=[8.2, 8.7, 7.7], C-C-Sep=0.20, ║∇J║=3.8e-02
-----On 18/20 Initial Guess Perturbations
Iteration 160/2000-----
J=1.5e-02, ⟨Jf⟩=1.3e-03, ⟨B·n⟩=8.3e-03, Len=sum([5.4, 5.7, 5.9])=17.0, ϰ=[8.2, 5.9, 5.8], ∫ϰ²/L>=[8.1, 8.6, 7.5], C-C-Sep=0.20, ║∇J║=5.1e-02
-----On 18/20 Initial Guess Perturbations
Iteration 161/2000-----
J=1.5e-02, ⟨Jf⟩=1.3e-03, ⟨B·n⟩=8.3e-03, Len=sum([5.4, 5.7, 5.8])=17.0, ϰ=[8.6, 6.1, 6.0], ∫ϰ²/L>=[8.6, 9.0, 7.8], C-C-Sep=0.20, ║∇J║=4.7e-02
-----On 18/20 Initial Guess Perturbations
Iteration 162/2000-----
J=1.5e-02, ⟨Jf⟩=1.3e-03, ⟨B·n⟩=8.3e-03, Len=sum([5.4, 5.7, 5.8])=16.9, ϰ=[8.7, 6.3, 6.1], ∫ϰ²/L>=[8.6, 9.1, 7.7], C-C-Sep=0.20, ║∇J║=4.7e-02
-----On 18/20 Initial Guess Perturbations
Iteration 163/2000-----
J=1.5e-02, ⟨Jf⟩=1.3e-03, ⟨B·n⟩=8.3e-03, Len=sum([5.4, 5.7, 5.8])=16.9, ϰ=[8.6, 6.3, 6.1], ∫ϰ²/L>=[8.5, 9.1, 7.6], C-C-Sep=0.20, ║∇J║=3.8e-02
-----On 18/20 Initial Guess Perturbations
Iteration 164/2000-----
J=1.5e-02, ⟨Jf⟩=1.3e-03, ⟨B·n⟩=8.3e-03, Len=sum([5.3, 5.7, 5.8])=16.8, ϰ=[8.3, 6.3, 6.1], ∫ϰ²/L>=[8.2, 9.0, 7.4], C-C-Sep=0.20, ║∇J║=3.8e-02
-----On 18/20 Initial Guess Perturbations
Iteration 165/2000-----
J=1.5e-02, ⟨Jf⟩=1.3e-03, ⟨B·n⟩=8.4e-03, Len=sum([5.3, 5.7, 5.8])=16.8, ϰ=[7.9, 6.2, 6.2], ∫ϰ²/L>=[8.3, 9.2, 7.4], C-C-Sep=0.20, ║∇J║=5.4e-02
-----On 18/20 Initial Guess Perturbations
Iteration 166/2000-----
J=1.5e-02, ⟨Jf⟩=1.3e-03, ⟨B·n⟩=8.4e-03, Len=sum([5.3, 5.7, 5.8])=16.7, ϰ=[7.4, 6.1, 6.4], ∫ϰ²/L>=[8.5, 9.4, 7.5], C-C-Sep=0.20, ║∇J║=4.2e-02
-----On 18/20 Initial Guess Perturbations
Iteration 167/2000-----
J=1.5e-02, ⟨Jf⟩=1.3e-03, ⟨B·n⟩=8.4e-03, Len=sum([5.3, 5.7, 5.7])=16.7, ϰ=[7.3, 5.8, 6.4], ∫ϰ²/L>=[8.4, 9.4, 7.4], C-C-Sep=0.20, ║∇J║=4.4e-02
-----On 18/20 Initial Guess Perturbations
Iteration 168/2000-----
J=1.5e-02, ⟨Jf⟩=1.3e-03, ⟨B·n⟩=8.4e-03, Len=sum([5.3, 5.7, 5.7])=16.7, ϰ=[7.5, 6.2, 6.4], ∫ϰ²/L>=[8.3, 9.5, 7.4], C-C-Sep=0.20, ║∇J║=4.4e-02
-----On 18/20 Initial Guess Perturbations
Iteration 169/2000-----
J=1.5e-02, ⟨Jf⟩=1.3e-03, ⟨B·n⟩=8.3e-03, Len=sum([5.3, 5.7, 5.7])=16.7, ϰ=[7.7, 6.2, 5.9], ∫ϰ²/L>=[7.7, 9.1, 7.0], C-C-Sep=0.20, ║∇J║=4.5e-02
-----On 18/20 Initial Guess Perturbations
Iteration 170/2000-----
J=1.5e-02, ⟨Jf⟩=1.3e-03, ⟨B·n⟩=8.4e-03, Len=sum([5.3, 5.6, 5.7])=16.6, ϰ=[7.4, 6.1, 5.8], ∫ϰ²/L>=[7.9, 9.5, 7.2], C-C-Sep=0.20, ║∇J║=4.9e-02
-----On 18/20 Initial Guess Perturbations
Iteration 171/2000-----
J=1.5e-02, ⟨Jf⟩=1.3e-03, ⟨B·n⟩=8.4e-03, Len=sum([5.3, 5.6, 5.7])=16.6, ϰ=[7.2, 5.9, 5.7], ∫ϰ²/L>=[7.8, 9.5, 7.1], C-C-Sep=0.20, ║∇J║=4.3e-02
-----On 18/20 Initial Guess Perturbations
Iteration 172/2000-----
J=1.5e-02, ⟨Jf⟩=1.3e-03, ⟨B·n⟩=8.4e-03, Len=sum([5.2, 5.6, 5.7])=16.5, ϰ=[6.8, 6.1, 5.7], ∫ϰ²/L>=[8.1, 9.6, 7.3], C-C-Sep=0.20, ║∇J║=4.4e-02
-----On 18/20 Initial Guess Perturbations
Iteration 173/2000-----
J=1.5e-02, ⟨Jf⟩=1.3e-03, ⟨B·n⟩=8.3e-03, Len=sum([5.2, 5.6, 5.7])=16.5, ϰ=[6.4, 6.4, 5.8], ∫ϰ²/L>=[8.2, 9.7, 7.5], C-C-Sep=0.20, ║∇J║=3.9e-02
-----On 18/20 Initial Guess Perturbations
Iteration 174/2000-----
J=1.5e-02, ⟨Jf⟩=1.3e-03, ⟨B·n⟩=8.3e-03, Len=sum([5.2, 5.6, 5.7])=16.5, ϰ=[6.0, 6.8, 5.7], ∫ϰ²/L>=[8.3, 9.8, 7.8], C-C-Sep=0.20, ║∇J║=4.1e-02
-----On 18/20 Initial Guess Perturbations
Iteration 175/2000-----
J=1.5e-02, ⟨Jf⟩=1.3e-03, ⟨B·n⟩=8.3e-03, Len=sum([5.2, 5.6, 5.7])=16.4, ϰ=[5.9, 6.7, 5.6], ∫ϰ²/L>=[8.1, 9.6, 7.8], C-C-Sep=0.20, ║∇J║=4.5e-02
-----On 18/20 Initial Guess Perturbations
Iteration 176/2000-----
J=1.5e-02, ⟨Jf⟩=1.3e-03, ⟨B·n⟩=8.3e-03, Len=sum([5.2, 5.6, 5.6])=16.4, ϰ=[5.8, 6.7, 5.6], ∫ϰ²/L>=[7.8, 9.6, 7.9], C-C-Sep=0.20, ║∇J║=4.0e-02
-----On 18/20 Initial Guess Perturbations
Iteration 177/2000-----
J=1.4e-02, ⟨Jf⟩=1.3e-03, ⟨B·n⟩=8.3e-03, Len=sum([5.2, 5.5, 5.6])=16.4, ϰ=[5.7, 6.3, 5.7], ∫ϰ²/L>=[7.7, 9.5, 7.8], C-C-Sep=0.20, ║∇J║=4.9e-02
-----On 18/20 Initial Guess Perturbations
Iteration 178/2000-----
J=1.4e-02, ⟨Jf⟩=1.3e-03, ⟨B·n⟩=8.3e-03, Len=sum([5.2, 5.5, 5.6])=16.3, ϰ=[5.5, 6.6, 5.8], ∫ϰ²/L>=[7.9, 9.9, 8.4], C-C-Sep=0.20, ║∇J║=4.7e-02
-----On 18/20 Initial Guess Perturbations
Iteration 179/2000-----
J=1.4e-02, ⟨Jf⟩=1.3e-03, ⟨B·n⟩=8.3e-03, Len=sum([5.2, 5.5, 5.6])=16.3, ϰ=[5.7, 6.5, 5.4], ∫ϰ²/L>=[7.7, 9.4, 8.0], C-C-Sep=0.20, ║∇J║=4.3e-02
-----On 18/20 Initial Guess Perturbations
Iteration 180/2000-----
J=1.4e-02, ⟨Jf⟩=1.3e-03, ⟨B·n⟩=8.3e-03, Len=sum([5.1, 5.5, 5.6])=16.3, ϰ=[5.7, 6.4, 5.5], ∫ϰ²/L>=[7.8, 9.4, 8.1], C-C-Sep=0.20, ║∇J║=4.2e-02
-----On 18/20 Initial Guess Perturbations
Iteration 181/2000-----
J=1.4e-02, ⟨Jf⟩=1.3e-03, ⟨B·n⟩=8.3e-03, Len=sum([5.1, 5.5, 5.6])=16.2, ϰ=[5.8, 6.4, 5.7], ∫ϰ²/L>=[8.0, 9.4, 8.1], C-C-Sep=0.20, ║∇J║=3.6e-02
-----On 18/20 Initial Guess Perturbations
Iteration 182/2000-----
J=1.4e-02, ⟨Jf⟩=1.3e-03, ⟨B·n⟩=8.3e-03, Len=sum([5.1, 5.5, 5.6])=16.2, ϰ=[6.0, 6.4, 6.0], ∫ϰ²/L>=[8.0, 9.4, 7.8], C-C-Sep=0.20, ║∇J║=4.3e-02
-----On 18/20 Initial Guess Perturbations
Iteration 183/2000-----
J=1.4e-02, ⟨Jf⟩=1.3e-03, ⟨B·n⟩=8.3e-03, Len=sum([5.1, 5.5, 5.6])=16.2, ϰ=[6.4, 6.4, 6.2], ∫ϰ²/L>=[8.1, 9.4, 7.8], C-C-Sep=0.20, ║∇J║=4.0e-02
-----On 18/20 Initial Guess Perturbations
Iteration 184/2000-----
J=1.4e-02, ⟨Jf⟩=1.4e-03, ⟨B·n⟩=8.2e-03, Len=sum([5.1, 5.4, 5.6])=16.1, ϰ=[6.7, 6.3, 6.3], ∫ϰ²/L>=[8.1, 9.2, 7.5], C-C-Sep=0.20, ║∇J║=4.2e-02
-----On 18/20 Initial Guess Perturbations
Iteration 185/2000-----
J=1.4e-02, ⟨Jf⟩=1.4e-03, ⟨B·n⟩=8.2e-03, Len=sum([5.1, 5.4, 5.6])=16.1, ϰ=[6.5, 6.3, 6.5], ∫ϰ²/L>=[8.2, 9.4, 7.7], C-C-Sep=0.20, ║∇J║=3.7e-02
-----On 18/20 Initial Guess Perturbations
Iteration 186/2000-----
J=1.4e-02, ⟨Jf⟩=1.4e-03, ⟨B·n⟩=8.3e-03, Len=sum([5.1, 5.4, 5.6])=16.1, ϰ=[6.1, 6.3, 6.4], ∫ϰ²/L>=[8.2, 9.5, 7.7], C-C-Sep=0.20, ║∇J║=3.3e-02
-----On 18/20 Initial Guess Perturbations
Iteration 187/2000-----
J=1.4e-02, ⟨Jf⟩=1.4e-03, ⟨B·n⟩=8.2e-03, Len=sum([5.1, 5.4, 5.5])=16.0, ϰ=[5.9, 6.3, 6.2], ∫ϰ²/L>=[8.2, 9.4, 7.6], C-C-Sep=0.20, ║∇J║=4.4e-02
-----On 18/20 Initial Guess Perturbations
Iteration 188/2000-----
J=1.4e-02, ⟨Jf⟩=1.3e-03, ⟨B·n⟩=8.2e-03, Len=sum([5.1, 5.4, 5.5])=16.0, ϰ=[5.7, 6.3, 6.4], ∫ϰ²/L>=[8.4, 9.2, 7.6], C-C-Sep=0.20, ║∇J║=4.4e-02
-----On 18/20 Initial Guess Perturbations
Iteration 189/2000-----
J=1.4e-02, ⟨Jf⟩=1.3e-03, ⟨B·n⟩=8.2e-03, Len=sum([5.1, 5.4, 5.5])=16.0, ϰ=[5.6, 6.3, 6.2], ∫ϰ²/L>=[8.2, 9.3, 7.7], C-C-Sep=0.20, ║∇J║=3.6e-02
-----On 18/20 Initial Guess Perturbations
Iteration 190/2000-----
J=1.4e-02, ⟨Jf⟩=1.3e-03, ⟨B·n⟩=8.2e-03, Len=sum([5.1, 5.4, 5.5])=16.0, ϰ=[5.6, 6.3, 5.8], ∫ϰ²/L>=[7.9, 9.1, 7.5], C-C-Sep=0.20, ║∇J║=3.5e-02
-----On 18/20 Initial Guess Perturbations
Iteration 191/2000-----
J=1.4e-02, ⟨Jf⟩=1.4e-03, ⟨B·n⟩=8.2e-03, Len=sum([5.0, 5.4, 5.5])=15.9, ϰ=[5.5, 6.4, 6.0], ∫ϰ²/L>=[7.9, 9.3, 7.6], C-C-Sep=0.20, ║∇J║=4.1e-02
-----On 18/20 Initial Guess Perturbations
Iteration 192/2000-----
J=1.4e-02, ⟨Jf⟩=1.4e-03, ⟨B·n⟩=8.2e-03, Len=sum([5.0, 5.3, 5.5])=15.9, ϰ=[5.4, 6.7, 6.0], ∫ϰ²/L>=[8.0, 9.6, 7.7], C-C-Sep=0.20, ║∇J║=5.1e-02
-----On 18/20 Initial Guess Perturbations
Iteration 193/2000-----
J=1.4e-02, ⟨Jf⟩=1.4e-03, ⟨B·n⟩=8.2e-03, Len=sum([5.0, 5.3, 5.5])=15.8, ϰ=[5.6, 6.6, 6.1], ∫ϰ²/L>=[8.5, 9.9, 8.0], C-C-Sep=0.20, ║∇J║=4.1e-02
-----On 18/20 Initial Guess Perturbations
Iteration 194/2000-----
J=1.4e-02, ⟨Jf⟩=1.4e-03, ⟨B·n⟩=8.2e-03, Len=sum([5.0, 5.3, 5.5])=15.8, ϰ=[5.7, 6.2, 6.2], ∫ϰ²/L>=[8.1, 9.6, 7.7], C-C-Sep=0.20, ║∇J║=4.1e-02
-----On 18/20 Initial Guess Perturbations
Iteration 195/2000-----
J=1.4e-02, ⟨Jf⟩=1.4e-03, ⟨B·n⟩=8.3e-03, Len=sum([5.0, 5.3, 5.5])=15.8, ϰ=[6.0, 6.4, 6.0], ∫ϰ²/L>=[8.1, 9.5, 7.8], C-C-Sep=0.20, ║∇J║=4.1e-02
-----On 18/20 Initial Guess Perturbations
Iteration 196/2000-----
J=1.4e-02, ⟨Jf⟩=1.4e-03, ⟨B·n⟩=8.3e-03, Len=sum([5.0, 5.3, 5.5])=15.8, ϰ=[5.9, 6.3, 6.1], ∫ϰ²/L>=[7.9, 9.4, 7.6], C-C-Sep=0.20, ║∇J║=3.0e-02
-----On 18/20 Initial Guess Perturbations
Iteration 197/2000-----
J=1.4e-02, ⟨Jf⟩=1.4e-03, ⟨B·n⟩=8.2e-03, Len=sum([5.0, 5.3, 5.5])=15.8, ϰ=[5.8, 6.2, 6.1], ∫ϰ²/L>=[7.7, 9.3, 7.4], C-C-Sep=0.20, ║∇J║=3.3e-02
-----On 18/20 Initial Guess Perturbations
Iteration 198/2000-----
J=1.4e-02, ⟨Jf⟩=1.4e-03, ⟨B·n⟩=8.3e-03, Len=sum([5.0, 5.3, 5.5])=15.7, ϰ=[5.7, 6.4, 6.5], ∫ϰ²/L>=[7.6, 9.3, 7.5], C-C-Sep=0.20, ║∇J║=4.0e-02
-----On 18/20 Initial Guess Perturbations
Iteration 199/2000-----
J=1.4e-02, ⟨Jf⟩=1.4e-03, ⟨B·n⟩=8.3e-03, Len=sum([5.0, 5.2, 5.4])=15.7, ϰ=[5.5, 6.5, 6.3], ∫ϰ²/L>=[7.5, 9.3, 7.6], C-C-Sep=0.20, ║∇J║=3.2e-02
-----On 18/20 Initial Guess Perturbations
Iteration 200/2000-----
J=1.4e-02, ⟨Jf⟩=1.4e-03, ⟨B·n⟩=8.4e-03, Len=sum([5.0, 5.2, 5.4])=15.6, ϰ=[5.6, 6.5, 6.2], ∫ϰ²/L>=[7.5, 9.3, 7.8], C-C-Sep=0.20, ║∇J║=3.4e-02
-----On 18/20 Initial Guess Perturbations
Iteration 201/2000-----
J=1.4e-02, ⟨Jf⟩=1.4e-03, ⟨B·n⟩=8.3e-03, Len=sum([5.0, 5.2, 5.4])=15.7, ϰ=[5.5, 6.2, 6.0], ∫ϰ²/L>=[7.0, 8.8, 7.2], C-C-Sep=0.20, ║∇J║=4.6e-02
-----On 18/20 Initial Guess Perturbations
Iteration 202/2000-----
J=1.4e-02, ⟨Jf⟩=1.4e-03, ⟨B·n⟩=8.4e-03, Len=sum([5.0, 5.2, 5.4])=15.6, ϰ=[5.4, 6.1, 6.1], ∫ϰ²/L>=[7.0, 8.8, 7.3], C-C-Sep=0.20, ║∇J║=3.0e-02
-----On 18/20 Initial Guess Perturbations
Iteration 203/2000-----
J=1.4e-02, ⟨Jf⟩=1.4e-03, ⟨B·n⟩=8.4e-03, Len=sum([5.0, 5.2, 5.4])=15.6, ϰ=[5.5, 6.1, 5.9], ∫ϰ²/L>=[7.1, 8.7, 7.2], C-C-Sep=0.20, ║∇J║=2.9e-02
-----On 18/20 Initial Guess Perturbations
Iteration 204/2000-----
J=1.4e-02, ⟨Jf⟩=1.4e-03, ⟨B·n⟩=8.4e-03, Len=sum([5.0, 5.2, 5.4])=15.6, ϰ=[5.9, 6.2, 5.8], ∫ϰ²/L>=[7.3, 8.7, 7.4], C-C-Sep=0.20, ║∇J║=4.0e-02
-----On 18/20 Initial Guess Perturbations
Iteration 205/2000-----
J=1.4e-02, ⟨Jf⟩=1.4e-03, ⟨B·n⟩=8.4e-03, Len=sum([4.9, 5.2, 5.4])=15.6, ϰ=[6.2, 5.9, 5.6], ∫ϰ²/L>=[7.2, 8.6, 7.3], C-C-Sep=0.20, ║∇J║=3.2e-02
-----On 18/20 Initial Guess Perturbations
Iteration 206/2000-----
J=1.4e-02, ⟨Jf⟩=1.4e-03, ⟨B·n⟩=8.5e-03, Len=sum([4.9, 5.2, 5.4])=15.5, ϰ=[6.5, 5.8, 5.4], ∫ϰ²/L>=[7.2, 8.5, 7.2], C-C-Sep=0.20, ║∇J║=2.7e-02
-----On 18/20 Initial Guess Perturbations
Iteration 207/2000-----
J=1.4e-02, ⟨Jf⟩=1.4e-03, ⟨B·n⟩=8.5e-03, Len=sum([4.9, 5.2, 5.4])=15.5, ϰ=[6.5, 5.7, 5.4], ∫ϰ²/L>=[7.3, 8.6, 7.3], C-C-Sep=0.20, ║∇J║=2.7e-02
-----On 18/20 Initial Guess Perturbations
Iteration 208/2000-----
J=1.4e-02, ⟨Jf⟩=1.4e-03, ⟨B·n⟩=8.5e-03, Len=sum([4.9, 5.2, 5.4])=15.5, ϰ=[6.4, 5.7, 5.5], ∫ϰ²/L>=[7.5, 8.7, 7.3], C-C-Sep=0.20, ║∇J║=3.2e-02
-----On 18/20 Initial Guess Perturbations
Iteration 209/2000-----
J=1.4e-02, ⟨Jf⟩=1.4e-03, ⟨B·n⟩=8.6e-03, Len=sum([4.9, 5.2, 5.4])=15.4, ϰ=[6.2, 5.8, 5.6], ∫ϰ²/L>=[7.4, 8.9, 7.3], C-C-Sep=0.20, ║∇J║=2.9e-02
-----On 18/20 Initial Guess Perturbations
Iteration 210/2000-----
J=1.4e-02, ⟨Jf⟩=1.5e-03, ⟨B·n⟩=8.6e-03, Len=sum([4.9, 5.2, 5.4])=15.4, ϰ=[5.9, 6.0, 5.8], ∫ϰ²/L>=[7.1, 9.0, 7.3], C-C-Sep=0.20, ║∇J║=2.6e-02
-----On 18/20 Initial Guess Perturbations
Iteration 211/2000-----
J=1.4e-02, ⟨Jf⟩=1.5e-03, ⟨B·n⟩=8.6e-03, Len=sum([4.9, 5.1, 5.4])=15.4, ϰ=[5.9, 6.3, 5.9], ∫ϰ²/L>=[7.0, 9.2, 7.2], C-C-Sep=0.20, ║∇J║=2.7e-02
-----On 18/20 Initial Guess Perturbations
Iteration 212/2000-----
J=1.4e-02, ⟨Jf⟩=1.5e-03, ⟨B·n⟩=8.6e-03, Len=sum([4.9, 5.1, 5.3])=15.4, ϰ=[5.8, 6.5, 5.8], ∫ϰ²/L>=[6.9, 9.2, 7.1], C-C-Sep=0.20, ║∇J║=2.6e-02
-----On 18/20 Initial Guess Perturbations
Iteration 213/2000-----
J=1.4e-02, ⟨Jf⟩=1.5e-03, ⟨B·n⟩=8.6e-03, Len=sum([4.9, 5.1, 5.3])=15.4, ϰ=[5.8, 6.7, 5.7], ∫ϰ²/L>=[6.8, 9.2, 7.0], C-C-Sep=0.20, ║∇J║=2.4e-02
-----On 18/20 Initial Guess Perturbations
Iteration 214/2000-----
J=1.4e-02, ⟨Jf⟩=1.5e-03, ⟨B·n⟩=8.6e-03, Len=sum([4.9, 5.1, 5.3])=15.3, ϰ=[5.7, 7.1, 5.9], ∫ϰ²/L>=[6.9, 9.2, 7.0], C-C-Sep=0.20, ║∇J║=3.1e-02
-----On 18/20 Initial Guess Perturbations
Iteration 215/2000-----
J=1.4e-02, ⟨Jf⟩=1.4e-03, ⟨B·n⟩=8.6e-03, Len=sum([4.9, 5.1, 5.3])=15.3, ϰ=[5.9, 7.1, 6.0], ∫ϰ²/L>=[7.1, 9.0, 7.0], C-C-Sep=0.20, ║∇J║=4.3e-02
-----On 18/20 Initial Guess Perturbations
Iteration 216/2000-----
J=1.4e-02, ⟨Jf⟩=1.5e-03, ⟨B·n⟩=8.6e-03, Len=sum([4.9, 5.1, 5.3])=15.3, ϰ=[5.8, 6.9, 6.1], ∫ϰ²/L>=[7.0, 8.9, 6.9], C-C-Sep=0.20, ║∇J║=3.1e-02
-----On 18/20 Initial Guess Perturbations
Iteration 217/2000-----
J=1.4e-02, ⟨Jf⟩=1.4e-03, ⟨B·n⟩=8.6e-03, Len=sum([4.9, 5.1, 5.3])=15.3, ϰ=[6.1, 6.8, 6.0], ∫ϰ²/L>=[7.0, 8.7, 6.7], C-C-Sep=0.20, ║∇J║=2.6e-02
-----On 18/20 Initial Guess Perturbations
Iteration 218/2000-----
J=1.4e-02, ⟨Jf⟩=1.5e-03, ⟨B·n⟩=8.6e-03, Len=sum([4.9, 5.1, 5.3])=15.3, ϰ=[6.2, 6.9, 6.2], ∫ϰ²/L>=[7.2, 8.7, 6.8], C-C-Sep=0.20, ║∇J║=2.3e-02
-----On 18/20 Initial Guess Perturbations
Iteration 219/2000-----
J=1.4e-02, ⟨Jf⟩=1.5e-03, ⟨B·n⟩=8.6e-03, Len=sum([4.9, 5.1, 5.3])=15.3, ϰ=[6.2, 7.2, 6.6], ∫ϰ²/L>=[7.5, 8.9, 7.0], C-C-Sep=0.20, ║∇J║=2.8e-02
-----On 18/20 Initial Guess Perturbations
Iteration 220/2000-----
J=1.4e-02, ⟨Jf⟩=1.4e-03, ⟨B·n⟩=8.5e-03, Len=sum([4.9, 5.1, 5.3])=15.3, ϰ=[6.1, 7.3, 6.7], ∫ϰ²/L>=[7.6, 9.0, 7.1], C-C-Sep=0.20, ║∇J║=3.2e-02
-----On 18/20 Initial Guess Perturbations
Iteration 221/2000-----
J=1.4e-02, ⟨Jf⟩=1.5e-03, ⟨B·n⟩=8.5e-03, Len=sum([4.9, 5.1, 5.3])=15.2, ϰ=[6.0, 7.4, 6.7], ∫ϰ²/L>=[7.4, 8.9, 7.2], C-C-Sep=0.20, ║∇J║=2.9e-02
-----On 18/20 Initial Guess Perturbations
Iteration 222/2000-----
J=1.4e-02, ⟨Jf⟩=1.4e-03, ⟨B·n⟩=8.5e-03, Len=sum([4.9, 5.1, 5.3])=15.2, ϰ=[5.6, 7.3, 6.6], ∫ϰ²/L>=[7.2, 8.7, 7.0], C-C-Sep=0.20, ║∇J║=2.9e-02
-----On 18/20 Initial Guess Perturbations
Iteration 223/2000-----
J=1.4e-02, ⟨Jf⟩=1.4e-03, ⟨B·n⟩=8.5e-03, Len=sum([4.9, 5.1, 5.3])=15.2, ϰ=[5.9, 7.3, 6.5], ∫ϰ²/L>=[7.1, 8.8, 7.1], C-C-Sep=0.20, ║∇J║=2.5e-02
-----On 18/20 Initial Guess Perturbations
Iteration 224/2000-----
J=1.4e-02, ⟨Jf⟩=1.4e-03, ⟨B·n⟩=8.5e-03, Len=sum([4.9, 5.1, 5.2])=15.2, ϰ=[6.0, 7.2, 6.4], ∫ϰ²/L>=[7.3, 8.9, 7.3], C-C-Sep=0.20, ║∇J║=2.9e-02
-----On 18/20 Initial Guess Perturbations
Iteration 225/2000-----
J=1.4e-02, ⟨Jf⟩=1.4e-03, ⟨B·n⟩=8.4e-03, Len=sum([4.9, 5.1, 5.2])=15.2, ϰ=[6.0, 6.9, 5.9], ∫ϰ²/L>=[7.5, 9.0, 7.3], C-C-Sep=0.20, ║∇J║=3.3e-02
-----On 18/20 Initial Guess Perturbations
Iteration 226/2000-----
J=1.4e-02, ⟨Jf⟩=1.4e-03, ⟨B·n⟩=8.4e-03, Len=sum([4.9, 5.1, 5.2])=15.2, ϰ=[6.0, 6.6, 5.9], ∫ϰ²/L>=[7.5, 9.0, 7.1], C-C-Sep=0.20, ║∇J║=3.2e-02
-----On 18/20 Initial Guess Perturbations
Iteration 227/2000-----
J=1.4e-02, ⟨Jf⟩=1.4e-03, ⟨B·n⟩=8.4e-03, Len=sum([4.9, 5.1, 5.2])=15.2, ϰ=[6.1, 6.6, 5.8], ∫ϰ²/L>=[7.5, 9.0, 7.0], C-C-Sep=0.20, ║∇J║=2.6e-02
-----On 18/20 Initial Guess Perturbations
Iteration 228/2000-----
J=1.4e-02, ⟨Jf⟩=1.4e-03, ⟨B·n⟩=8.4e-03, Len=sum([4.9, 5.1, 5.2])=15.1, ϰ=[6.1, 6.8, 5.9], ∫ϰ²/L>=[7.6, 9.0, 7.0], C-C-Sep=0.20, ║∇J║=2.6e-02
-----On 18/20 Initial Guess Perturbations
Iteration 229/2000-----
J=1.4e-02, ⟨Jf⟩=1.4e-03, ⟨B·n⟩=8.4e-03, Len=sum([4.9, 5.1, 5.2])=15.1, ϰ=[5.9, 6.8, 5.9], ∫ϰ²/L>=[7.7, 9.1, 6.9], C-C-Sep=0.20, ║∇J║=3.1e-02
-----On 18/20 Initial Guess Perturbations
Iteration 230/2000-----
J=1.4e-02, ⟨Jf⟩=1.4e-03, ⟨B·n⟩=8.4e-03, Len=sum([4.9, 5.1, 5.2])=15.1, ϰ=[6.2, 6.9, 5.8], ∫ϰ²/L>=[8.1, 9.2, 7.3], C-C-Sep=0.20, ║∇J║=2.9e-02
-----On 18/20 Initial Guess Perturbations
Iteration 231/2000-----
J=1.4e-02, ⟨Jf⟩=1.4e-03, ⟨B·n⟩=8.4e-03, Len=sum([4.9, 5.1, 5.2])=15.1, ϰ=[5.8, 6.6, 5.9], ∫ϰ²/L>=[7.6, 9.0, 7.2], C-C-Sep=0.20, ║∇J║=2.6e-02
-----On 18/20 Initial Guess Perturbations
Iteration 232/2000-----
J=1.4e-02, ⟨Jf⟩=1.4e-03, ⟨B·n⟩=8.4e-03, Len=sum([4.9, 5.1, 5.2])=15.1, ϰ=[5.7, 6.5, 5.8], ∫ϰ²/L>=[7.4, 8.8, 7.2], C-C-Sep=0.20, ║∇J║=2.3e-02
-----On 18/20 Initial Guess Perturbations
Iteration 233/2000-----
J=1.4e-02, ⟨Jf⟩=1.4e-03, ⟨B·n⟩=8.4e-03, Len=sum([4.9, 5.1, 5.1])=15.1, ϰ=[5.8, 6.5, 5.9], ∫ϰ²/L>=[7.2, 8.7, 7.2], C-C-Sep=0.20, ║∇J║=2.7e-02
-----On 18/20 Initial Guess Perturbations
Iteration 234/2000-----
J=1.3e-02, ⟨Jf⟩=1.4e-03, ⟨B·n⟩=8.4e-03, Len=sum([4.9, 5.1, 5.1])=15.1, ϰ=[5.9, 6.6, 6.1], ∫ϰ²/L>=[7.2, 8.7, 7.3], C-C-Sep=0.20, ║∇J║=2.4e-02
-----On 18/20 Initial Guess Perturbations
Iteration 235/2000-----
J=1.3e-02, ⟨Jf⟩=1.4e-03, ⟨B·n⟩=8.4e-03, Len=sum([4.9, 5.1, 5.1])=15.0, ϰ=[5.9, 6.8, 6.2], ∫ϰ²/L>=[7.3, 8.6, 7.5], C-C-Sep=0.20, ║∇J║=2.7e-02
-----On 18/20 Initial Guess Perturbations
Iteration 236/2000-----
J=1.3e-02, ⟨Jf⟩=1.4e-03, ⟨B·n⟩=8.4e-03, Len=sum([4.9, 5.1, 5.1])=15.0, ϰ=[5.7, 6.5, 6.3], ∫ϰ²/L>=[7.3, 8.5, 7.4], C-C-Sep=0.20, ║∇J║=2.4e-02
-----On 18/20 Initial Guess Perturbations
Iteration 237/2000-----
J=1.3e-02, ⟨Jf⟩=1.4e-03, ⟨B·n⟩=8.4e-03, Len=sum([4.9, 5.1, 5.1])=15.0, ϰ=[5.8, 6.5, 6.1], ∫ϰ²/L>=[7.4, 8.4, 7.4], C-C-Sep=0.20, ║∇J║=2.0e-02
-----On 18/20 Initial Guess Perturbations
Iteration 238/2000-----
J=1.3e-02, ⟨Jf⟩=1.4e-03, ⟨B·n⟩=8.4e-03, Len=sum([4.9, 5.1, 5.1])=15.0, ϰ=[5.7, 6.5, 6.0], ∫ϰ²/L>=[7.4, 8.3, 7.1], C-C-Sep=0.20, ║∇J║=2.3e-02
-----On 18/20 Initial Guess Perturbations
Iteration 239/2000-----
J=1.3e-02, ⟨Jf⟩=1.4e-03, ⟨B·n⟩=8.4e-03, Len=sum([4.9, 5.1, 5.1])=15.0, ϰ=[6.0, 6.5, 6.0], ∫ϰ²/L>=[7.6, 8.3, 7.2], C-C-Sep=0.20, ║∇J║=2.7e-02
-----On 18/20 Initial Guess Perturbations
Iteration 240/2000-----
J=1.3e-02, ⟨Jf⟩=1.4e-03, ⟨B·n⟩=8.4e-03, Len=sum([4.9, 5.1, 5.1])=15.0, ϰ=[6.2, 6.3, 5.8], ∫ϰ²/L>=[7.5, 8.2, 7.0], C-C-Sep=0.20, ║∇J║=2.8e-02
-----On 18/20 Initial Guess Perturbations
Iteration 241/2000-----
J=1.3e-02, ⟨Jf⟩=1.4e-03, ⟨B·n⟩=8.4e-03, Len=sum([4.8, 5.1, 5.1])=15.0, ϰ=[6.2, 6.2, 5.8], ∫ϰ²/L>=[7.2, 8.2, 6.9], C-C-Sep=0.20, ║∇J║=2.0e-02
-----On 18/20 Initial Guess Perturbations
Iteration 242/2000-----
J=1.3e-02, ⟨Jf⟩=1.4e-03, ⟨B·n⟩=8.4e-03, Len=sum([4.8, 5.1, 5.1])=15.0, ϰ=[6.2, 6.2, 5.8], ∫ϰ²/L>=[7.1, 8.2, 7.0], C-C-Sep=0.20, ║∇J║=1.8e-02
-----On 18/20 Initial Guess Perturbations
Iteration 243/2000-----
J=1.3e-02, ⟨Jf⟩=1.4e-03, ⟨B·n⟩=8.4e-03, Len=sum([4.8, 5.0, 5.1])=14.9, ϰ=[6.1, 6.2, 5.9], ∫ϰ²/L>=[7.0, 8.3, 7.1], C-C-Sep=0.20, ║∇J║=2.4e-02
-----On 18/20 Initial Guess Perturbations
Iteration 244/2000-----
J=1.3e-02, ⟨Jf⟩=1.4e-03, ⟨B·n⟩=8.5e-03, Len=sum([4.8, 5.0, 5.0])=14.9, ϰ=[6.1, 6.3, 5.9], ∫ϰ²/L>=[7.2, 8.4, 7.2], C-C-Sep=0.20, ║∇J║=2.4e-02
-----On 18/20 Initial Guess Perturbations
Iteration 245/2000-----
J=1.3e-02, ⟨Jf⟩=1.4e-03, ⟨B·n⟩=8.5e-03, Len=sum([4.8, 5.0, 5.0])=14.9, ϰ=[5.8, 6.3, 5.8], ∫ϰ²/L>=[7.1, 8.2, 7.1], C-C-Sep=0.20, ║∇J║=1.8e-02
-----On 18/20 Initial Guess Perturbations
Iteration 246/2000-----
J=1.3e-02, ⟨Jf⟩=1.4e-03, ⟨B·n⟩=8.4e-03, Len=sum([4.8, 5.0, 5.0])=14.9, ϰ=[5.6, 6.3, 5.6], ∫ϰ²/L>=[7.1, 8.1, 7.1], C-C-Sep=0.20, ║∇J║=1.8e-02
-----On 18/20 Initial Guess Perturbations
Iteration 247/2000-----
J=1.3e-02, ⟨Jf⟩=1.4e-03, ⟨B·n⟩=8.4e-03, Len=sum([4.8, 5.0, 5.0])=14.9, ϰ=[5.5, 6.3, 5.3], ∫ϰ²/L>=[7.0, 8.1, 7.0], C-C-Sep=0.20, ║∇J║=2.0e-02
-----On 18/20 Initial Guess Perturbations
Iteration 248/2000-----
J=1.3e-02, ⟨Jf⟩=1.4e-03, ⟨B·n⟩=8.4e-03, Len=sum([4.8, 5.1, 5.0])=14.9, ϰ=[5.4, 6.2, 5.2], ∫ϰ²/L>=[7.0, 8.1, 7.0], C-C-Sep=0.20, ║∇J║=1.9e-02
-----On 18/20 Initial Guess Perturbations
Iteration 249/2000-----
J=1.3e-02, ⟨Jf⟩=1.4e-03, ⟨B·n⟩=8.4e-03, Len=sum([4.8, 5.1, 5.0])=14.9, ϰ=[5.5, 6.1, 5.1], ∫ϰ²/L>=[6.9, 8.2, 7.0], C-C-Sep=0.20, ║∇J║=2.4e-02
-----On 18/20 Initial Guess Perturbations
Iteration 250/2000-----
J=1.3e-02, ⟨Jf⟩=1.4e-03, ⟨B·n⟩=8.4e-03, Len=sum([4.8, 5.1, 5.0])=14.9, ϰ=[5.7, 6.0, 5.1], ∫ϰ²/L>=[6.8, 8.1, 7.0], C-C-Sep=0.20, ║∇J║=1.7e-02
-----On 18/20 Initial Guess Perturbations
Iteration 251/2000-----
J=1.3e-02, ⟨Jf⟩=1.4e-03, ⟨B·n⟩=8.4e-03, Len=sum([4.8, 5.0, 5.0])=14.9, ϰ=[6.0, 5.8, 5.2], ∫ϰ²/L>=[6.8, 8.0, 7.0], C-C-Sep=0.20, ║∇J║=1.5e-02
-----On 18/20 Initial Guess Perturbations
Iteration 252/2000-----
J=1.3e-02, ⟨Jf⟩=1.4e-03, ⟨B·n⟩=8.5e-03, Len=sum([4.8, 5.0, 5.0])=14.9, ϰ=[6.3, 5.8, 5.3], ∫ϰ²/L>=[6.8, 7.9, 7.0], C-C-Sep=0.20, ║∇J║=1.7e-02
-----On 18/20 Initial Guess Perturbations
Iteration 253/2000-----
J=1.3e-02, ⟨Jf⟩=1.4e-03, ⟨B·n⟩=8.5e-03, Len=sum([4.8, 5.0, 5.0])=14.9, ϰ=[6.5, 5.7, 5.4], ∫ϰ²/L>=[7.0, 7.9, 7.2], C-C-Sep=0.20, ║∇J║=1.9e-02
-----On 18/20 Initial Guess Perturbations
Iteration 254/2000-----
J=1.3e-02, ⟨Jf⟩=1.4e-03, ⟨B·n⟩=8.5e-03, Len=sum([4.8, 5.0, 5.0])=14.9, ϰ=[6.5, 5.8, 5.4], ∫ϰ²/L>=[7.0, 7.9, 7.1], C-C-Sep=0.20, ║∇J║=1.5e-02
-----On 18/20 Initial Guess Perturbations
Iteration 255/2000-----
J=1.3e-02, ⟨Jf⟩=1.4e-03, ⟨B·n⟩=8.5e-03, Len=sum([4.8, 5.0, 5.0])=14.8, ϰ=[6.4, 5.8, 5.5], ∫ϰ²/L>=[7.0, 7.9, 7.2], C-C-Sep=0.20, ║∇J║=1.4e-02
-----On 18/20 Initial Guess Perturbations
Iteration 256/2000-----
J=1.3e-02, ⟨Jf⟩=1.4e-03, ⟨B·n⟩=8.5e-03, Len=sum([4.8, 5.0, 5.0])=14.8, ϰ=[6.4, 5.8, 5.6], ∫ϰ²/L>=[6.9, 7.9, 7.1], C-C-Sep=0.20, ║∇J║=1.6e-02
-----On 18/20 Initial Guess Perturbations
Iteration 257/2000-----
J=1.3e-02, ⟨Jf⟩=1.4e-03, ⟨B·n⟩=8.4e-03, Len=sum([4.8, 5.0, 5.0])=14.8, ϰ=[6.4, 5.8, 5.8], ∫ϰ²/L>=[6.9, 7.9, 7.2], C-C-Sep=0.20, ║∇J║=1.7e-02
-----On 18/20 Initial Guess Perturbations
Iteration 258/2000-----
J=1.3e-02, ⟨Jf⟩=1.4e-03, ⟨B·n⟩=8.4e-03, Len=sum([4.8, 5.1, 5.0])=14.8, ϰ=[6.3, 5.9, 5.9], ∫ϰ²/L>=[6.9, 8.1, 7.2], C-C-Sep=0.20, ║∇J║=2.7e-02
-----On 18/20 Initial Guess Perturbations
Iteration 259/2000-----
J=1.3e-02, ⟨Jf⟩=1.4e-03, ⟨B·n⟩=8.4e-03, Len=sum([4.8, 5.1, 5.0])=14.8, ϰ=[6.5, 6.0, 6.0], ∫ϰ²/L>=[7.0, 8.2, 7.3], C-C-Sep=0.20, ║∇J║=1.5e-02
-----On 18/20 Initial Guess Perturbations
Iteration 260/2000-----
J=1.3e-02, ⟨Jf⟩=1.4e-03, ⟨B·n⟩=8.4e-03, Len=sum([4.8, 5.0, 5.0])=14.8, ϰ=[6.2, 6.0, 5.8], ∫ϰ²/L>=[6.8, 8.1, 7.2], C-C-Sep=0.20, ║∇J║=1.5e-02
-----On 18/20 Initial Guess Perturbations
Iteration 261/2000-----
J=1.3e-02, ⟨Jf⟩=1.4e-03, ⟨B·n⟩=8.5e-03, Len=sum([4.8, 5.0, 5.0])=14.8, ϰ=[6.1, 6.1, 5.6], ∫ϰ²/L>=[6.7, 8.1, 7.2], C-C-Sep=0.20, ║∇J║=1.4e-02
-----On 18/20 Initial Guess Perturbations
Iteration 262/2000-----
J=1.3e-02, ⟨Jf⟩=1.4e-03, ⟨B·n⟩=8.5e-03, Len=sum([4.8, 5.0, 4.9])=14.8, ϰ=[5.9, 6.2, 5.5], ∫ϰ²/L>=[6.7, 8.2, 7.2], C-C-Sep=0.20, ║∇J║=1.5e-02
-----On 18/20 Initial Guess Perturbations
Iteration 263/2000-----
J=1.3e-02, ⟨Jf⟩=1.4e-03, ⟨B·n⟩=8.4e-03, Len=sum([4.8, 5.0, 4.9])=14.8, ϰ=[5.7, 6.2, 5.4], ∫ϰ²/L>=[6.7, 8.3, 7.3], C-C-Sep=0.20, ║∇J║=1.5e-02
-----On 18/20 Initial Guess Perturbations
Iteration 264/2000-----
J=1.3e-02, ⟨Jf⟩=1.4e-03, ⟨B·n⟩=8.5e-03, Len=sum([4.8, 5.0, 4.9])=14.8, ϰ=[5.6, 6.1, 5.3], ∫ϰ²/L>=[6.7, 8.3, 7.3], C-C-Sep=0.20, ║∇J║=1.8e-02
-----On 18/20 Initial Guess Perturbations
Iteration 265/2000-----
J=1.3e-02, ⟨Jf⟩=1.4e-03, ⟨B·n⟩=8.4e-03, Len=sum([4.8, 5.0, 4.9])=14.8, ϰ=[5.7, 6.0, 5.1], ∫ϰ²/L>=[6.6, 8.2, 7.3], C-C-Sep=0.20, ║∇J║=1.6e-02
-----On 18/20 Initial Guess Perturbations
Iteration 266/2000-----
J=1.3e-02, ⟨Jf⟩=1.4e-03, ⟨B·n⟩=8.4e-03, Len=sum([4.8, 5.0, 4.9])=14.8, ϰ=[5.7, 5.9, 5.1], ∫ϰ²/L>=[6.5, 8.1, 7.2], C-C-Sep=0.20, ║∇J║=1.7e-02
-----On 18/20 Initial Guess Perturbations
Iteration 267/2000-----
J=1.3e-02, ⟨Jf⟩=1.5e-03, ⟨B·n⟩=8.5e-03, Len=sum([4.8, 5.0, 4.9])=14.8, ϰ=[5.9, 5.9, 5.2], ∫ϰ²/L>=[6.6, 8.1, 7.3], C-C-Sep=0.20, ║∇J║=1.6e-02
-----On 18/20 Initial Guess Perturbations
Iteration 268/2000-----
J=1.3e-02, ⟨Jf⟩=1.5e-03, ⟨B·n⟩=8.5e-03, Len=sum([4.8, 5.0, 4.9])=14.8, ϰ=[6.0, 6.0, 5.2], ∫ϰ²/L>=[6.6, 8.2, 7.4], C-C-Sep=0.20, ║∇J║=1.7e-02
-----On 18/20 Initial Guess Perturbations
Iteration 269/2000-----
J=1.3e-02, ⟨Jf⟩=1.5e-03, ⟨B·n⟩=8.5e-03, Len=sum([4.8, 5.0, 4.9])=14.7, ϰ=[6.0, 6.1, 5.0], ∫ϰ²/L>=[6.7, 8.2, 7.5], C-C-Sep=0.20, ║∇J║=1.8e-02
-----On 18/20 Initial Guess Perturbations
Iteration 270/2000-----
J=1.3e-02, ⟨Jf⟩=1.5e-03, ⟨B·n⟩=8.5e-03, Len=sum([4.8, 5.0, 4.9])=14.7, ϰ=[6.0, 6.1, 5.0], ∫ϰ²/L>=[6.6, 8.3, 7.5], C-C-Sep=0.20, ║∇J║=1.7e-02
-----On 18/20 Initial Guess Perturbations
Iteration 271/2000-----
J=1.3e-02, ⟨Jf⟩=1.5e-03, ⟨B·n⟩=8.5e-03, Len=sum([4.8, 5.0, 4.9])=14.7, ϰ=[6.0, 6.1, 5.1], ∫ϰ²/L>=[6.6, 8.3, 7.6], C-C-Sep=0.20, ║∇J║=1.5e-02
-----On 18/20 Initial Guess Perturbations
Iteration 272/2000-----
J=1.3e-02, ⟨Jf⟩=1.5e-03, ⟨B·n⟩=8.5e-03, Len=sum([4.8, 5.0, 4.9])=14.7, ϰ=[6.0, 6.0, 5.1], ∫ϰ²/L>=[6.7, 8.2, 7.6], C-C-Sep=0.20, ║∇J║=1.8e-02
-----On 18/20 Initial Guess Perturbations
Iteration 273/2000-----
J=1.3e-02, ⟨Jf⟩=1.5e-03, ⟨B·n⟩=8.5e-03, Len=sum([4.8, 5.0, 4.9])=14.7, ϰ=[6.0, 6.0, 5.2], ∫ϰ²/L>=[6.8, 8.2, 7.5], C-C-Sep=0.20, ║∇J║=1.6e-02
-----On 18/20 Initial Guess Perturbations
Iteration 274/2000-----
J=1.3e-02, ⟨Jf⟩=1.4e-03, ⟨B·n⟩=8.4e-03, Len=sum([4.8, 5.0, 4.9])=14.7, ϰ=[6.0, 6.0, 5.3], ∫ϰ²/L>=[6.9, 8.2, 7.5], C-C-Sep=0.20, ║∇J║=1.3e-02
-----On 18/20 Initial Guess Perturbations
Iteration 275/2000-----
J=1.3e-02, ⟨Jf⟩=1.4e-03, ⟨B·n⟩=8.4e-03, Len=sum([4.8, 5.0, 4.9])=14.7, ϰ=[5.9, 6.0, 5.4], ∫ϰ²/L>=[6.9, 8.2, 7.5], C-C-Sep=0.20, ║∇J║=1.3e-02
-----On 18/20 Initial Guess Perturbations
Iteration 276/2000-----
J=1.3e-02, ⟨Jf⟩=1.4e-03, ⟨B·n⟩=8.4e-03, Len=sum([4.8, 5.0, 4.9])=14.7, ϰ=[5.9, 5.8, 5.5], ∫ϰ²/L>=[6.8, 8.2, 7.4], C-C-Sep=0.20, ║∇J║=1.6e-02
-----On 18/20 Initial Guess Perturbations
Iteration 277/2000-----
J=1.3e-02, ⟨Jf⟩=1.4e-03, ⟨B·n⟩=8.4e-03, Len=sum([4.8, 5.0, 4.9])=14.7, ϰ=[5.8, 5.6, 5.5], ∫ϰ²/L>=[6.7, 8.2, 7.5], C-C-Sep=0.20, ║∇J║=1.6e-02
-----On 18/20 Initial Guess Perturbations
Iteration 278/2000-----
J=1.3e-02, ⟨Jf⟩=1.4e-03, ⟨B·n⟩=8.4e-03, Len=sum([4.8, 5.0, 4.9])=14.7, ϰ=[5.8, 5.5, 5.5], ∫ϰ²/L>=[6.7, 8.3, 7.6], C-C-Sep=0.20, ║∇J║=1.9e-02
-----On 18/20 Initial Guess Perturbations
Iteration 279/2000-----
J=1.3e-02, ⟨Jf⟩=1.4e-03, ⟨B·n⟩=8.4e-03, Len=sum([4.8, 5.0, 4.9])=14.7, ϰ=[5.8, 5.6, 5.3], ∫ϰ²/L>=[6.7, 8.2, 7.6], C-C-Sep=0.20, ║∇J║=1.5e-02
-----On 18/20 Initial Guess Perturbations
Iteration 280/2000-----
J=1.3e-02, ⟨Jf⟩=1.4e-03, ⟨B·n⟩=8.4e-03, Len=sum([4.8, 5.0, 4.9])=14.7, ϰ=[5.8, 5.6, 5.2], ∫ϰ²/L>=[6.6, 8.2, 7.7], C-C-Sep=0.20, ║∇J║=1.4e-02
-----On 18/20 Initial Guess Perturbations
Iteration 281/2000-----
J=1.3e-02, ⟨Jf⟩=1.4e-03, ⟨B·n⟩=8.4e-03, Len=sum([4.8, 5.0, 4.9])=14.7, ϰ=[5.7, 5.5, 4.9], ∫ϰ²/L>=[6.5, 8.1, 7.6], C-C-Sep=0.20, ║∇J║=3.0e-02
-----On 18/20 Initial Guess Perturbations
Iteration 282/2000-----
J=1.3e-02, ⟨Jf⟩=1.4e-03, ⟨B·n⟩=8.4e-03, Len=sum([4.8, 5.0, 4.8])=14.7, ϰ=[5.6, 5.7, 5.0], ∫ϰ²/L>=[6.6, 8.2, 8.0], C-C-Sep=0.20, ║∇J║=2.2e-02
-----On 18/20 Initial Guess Perturbations
Iteration 283/2000-----
J=1.3e-02, ⟨Jf⟩=1.4e-03, ⟨B·n⟩=8.4e-03, Len=sum([4.8, 5.0, 4.9])=14.7, ϰ=[5.6, 5.6, 5.0], ∫ϰ²/L>=[6.5, 8.2, 7.8], C-C-Sep=0.20, ║∇J║=1.3e-02
-----On 18/20 Initial Guess Perturbations
Iteration 284/2000-----
J=1.3e-02, ⟨Jf⟩=1.4e-03, ⟨B·n⟩=8.4e-03, Len=sum([4.8, 5.0, 4.9])=14.7, ϰ=[5.5, 5.6, 4.9], ∫ϰ²/L>=[6.5, 8.1, 7.7], C-C-Sep=0.20, ║∇J║=1.1e-02
-----On 18/20 Initial Guess Perturbations
Iteration 285/2000-----
J=1.3e-02, ⟨Jf⟩=1.4e-03, ⟨B·n⟩=8.4e-03, Len=sum([4.8, 5.0, 4.8])=14.7, ϰ=[5.3, 5.6, 5.1], ∫ϰ²/L>=[6.4, 8.2, 7.8], C-C-Sep=0.20, ║∇J║=1.6e-02
-----On 18/20 Initial Guess Perturbations
Iteration 286/2000-----
J=1.3e-02, ⟨Jf⟩=1.4e-03, ⟨B·n⟩=8.4e-03, Len=sum([4.8, 5.0, 4.8])=14.7, ϰ=[5.3, 5.5, 5.3], ∫ϰ²/L>=[6.4, 8.3, 7.9], C-C-Sep=0.20, ║∇J║=1.4e-02
-----On 18/20 Initial Guess Perturbations
Iteration 287/2000-----
J=1.3e-02, ⟨Jf⟩=1.4e-03, ⟨B·n⟩=8.4e-03, Len=sum([4.8, 5.0, 4.8])=14.7, ϰ=[5.3, 5.6, 5.2], ∫ϰ²/L>=[6.3, 8.3, 7.9], C-C-Sep=0.20, ║∇J║=1.3e-02
-----On 18/20 Initial Guess Perturbations
Iteration 288/2000-----
J=1.3e-02, ⟨Jf⟩=1.4e-03, ⟨B·n⟩=8.4e-03, Len=sum([4.8, 5.0, 4.8])=14.7, ϰ=[5.2, 5.7, 5.0], ∫ϰ²/L>=[6.2, 8.3, 7.9], C-C-Sep=0.20, ║∇J║=1.7e-02
-----On 18/20 Initial Guess Perturbations
Iteration 289/2000-----
J=1.3e-02, ⟨Jf⟩=1.4e-03, ⟨B·n⟩=8.4e-03, Len=sum([4.8, 5.0, 4.8])=14.6, ϰ=[5.2, 5.7, 4.7], ∫ϰ²/L>=[6.1, 8.3, 7.9], C-C-Sep=0.20, ║∇J║=1.7e-02
-----On 18/20 Initial Guess Perturbations
Iteration 290/2000-----
J=1.3e-02, ⟨Jf⟩=1.4e-03, ⟨B·n⟩=8.4e-03, Len=sum([4.8, 5.0, 4.8])=14.6, ϰ=[5.4, 5.7, 5.0], ∫ϰ²/L>=[6.2, 8.3, 7.9], C-C-Sep=0.20, ║∇J║=1.6e-02
-----On 18/20 Initial Guess Perturbations
Iteration 291/2000-----
J=1.3e-02, ⟨Jf⟩=1.4e-03, ⟨B·n⟩=8.4e-03, Len=sum([4.8, 5.0, 4.8])=14.6, ϰ=[5.6, 5.8, 5.6], ∫ϰ²/L>=[6.4, 8.3, 7.9], C-C-Sep=0.20, ║∇J║=1.7e-02
-----On 18/20 Initial Guess Perturbations
Iteration 292/2000-----
J=1.3e-02, ⟨Jf⟩=1.4e-03, ⟨B·n⟩=8.4e-03, Len=sum([4.8, 5.0, 4.8])=14.6, ϰ=[5.8, 6.0, 5.8], ∫ϰ²/L>=[6.5, 8.4, 7.9], C-C-Sep=0.20, ║∇J║=1.6e-02
-----On 18/20 Initial Guess Perturbations
Iteration 293/2000-----
J=1.3e-02, ⟨Jf⟩=1.4e-03, ⟨B·n⟩=8.4e-03, Len=sum([4.8, 5.0, 4.8])=14.6, ϰ=[5.8, 6.0, 5.7], ∫ϰ²/L>=[6.4, 8.4, 8.0], C-C-Sep=0.20, ║∇J║=1.6e-02
-----On 18/20 Initial Guess Perturbations
Iteration 294/2000-----
J=1.3e-02, ⟨Jf⟩=1.4e-03, ⟨B·n⟩=8.4e-03, Len=sum([4.8, 5.0, 4.8])=14.6, ϰ=[5.6, 6.1, 5.7], ∫ϰ²/L>=[6.4, 8.4, 8.0], C-C-Sep=0.20, ║∇J║=1.4e-02
-----On 18/20 Initial Guess Perturbations
Iteration 295/2000-----
J=1.3e-02, ⟨Jf⟩=1.4e-03, ⟨B·n⟩=8.4e-03, Len=sum([4.8, 5.0, 4.8])=14.6, ϰ=[5.4, 6.1, 5.5], ∫ϰ²/L>=[6.4, 8.4, 8.2], C-C-Sep=0.20, ║∇J║=1.8e-02
-----On 18/20 Initial Guess Perturbations
Iteration 296/2000-----
J=1.3e-02, ⟨Jf⟩=1.4e-03, ⟨B·n⟩=8.4e-03, Len=sum([4.8, 5.0, 4.8])=14.6, ϰ=[5.0, 6.0, 5.7], ∫ϰ²/L>=[6.4, 8.4, 8.1], C-C-Sep=0.20, ║∇J║=1.9e-02
-----On 18/20 Initial Guess Perturbations
Iteration 297/2000-----
J=1.3e-02, ⟨Jf⟩=1.4e-03, ⟨B·n⟩=8.4e-03, Len=sum([4.8, 5.0, 4.8])=14.6, ϰ=[4.7, 6.0, 5.6], ∫ϰ²/L>=[6.4, 8.5, 8.2], C-C-Sep=0.20, ║∇J║=1.9e-02
-----On 18/20 Initial Guess Perturbations
Iteration 298/2000-----
J=1.3e-02, ⟨Jf⟩=1.4e-03, ⟨B·n⟩=8.3e-03, Len=sum([4.8, 5.0, 4.8])=14.6, ϰ=[4.7, 6.0, 5.6], ∫ϰ²/L>=[6.4, 8.5, 8.1], C-C-Sep=0.20, ║∇J║=1.7e-02
-----On 18/20 Initial Guess Perturbations
Iteration 299/2000-----
J=1.3e-02, ⟨Jf⟩=1.4e-03, ⟨B·n⟩=8.3e-03, Len=sum([4.9, 5.0, 4.8])=14.6, ϰ=[4.8, 6.0, 5.4], ∫ϰ²/L>=[6.4, 8.5, 8.1], C-C-Sep=0.20, ║∇J║=1.7e-02
-----On 18/20 Initial Guess Perturbations
Iteration 300/2000-----
J=1.3e-02, ⟨Jf⟩=1.4e-03, ⟨B·n⟩=8.3e-03, Len=sum([4.9, 5.0, 4.8])=14.6, ϰ=[4.8, 6.1, 5.4], ∫ϰ²/L>=[6.3, 8.5, 8.0], C-C-Sep=0.20, ║∇J║=1.6e-02
-----On 18/20 Initial Guess Perturbations
Iteration 301/2000-----
J=1.3e-02, ⟨Jf⟩=1.4e-03, ⟨B·n⟩=8.3e-03, Len=sum([4.9, 5.0, 4.8])=14.6, ϰ=[4.8, 6.1, 5.5], ∫ϰ²/L>=[6.3, 8.4, 8.0], C-C-Sep=0.20, ║∇J║=1.8e-02
-----On 18/20 Initial Guess Perturbations
Iteration 302/2000-----
J=1.3e-02, ⟨Jf⟩=1.4e-03, ⟨B·n⟩=8.3e-03, Len=sum([4.9, 5.0, 4.8])=14.6, ϰ=[4.8, 6.0, 5.4], ∫ϰ²/L>=[6.4, 8.3, 7.9], C-C-Sep=0.20, ║∇J║=1.6e-02
-----On 18/20 Initial Guess Perturbations
Iteration 303/2000-----
J=1.3e-02, ⟨Jf⟩=1.4e-03, ⟨B·n⟩=8.3e-03, Len=sum([4.9, 5.0, 4.8])=14.6, ϰ=[4.8, 6.0, 5.5], ∫ϰ²/L>=[6.4, 8.2, 7.9], C-C-Sep=0.20, ║∇J║=1.4e-02
-----On 18/20 Initial Guess Perturbations
Iteration 304/2000-----
J=1.3e-02, ⟨Jf⟩=1.4e-03, ⟨B·n⟩=8.3e-03, Len=sum([4.9, 4.9, 4.8])=14.6, ϰ=[4.8, 6.3, 5.4], ∫ϰ²/L>=[6.4, 8.2, 7.8], C-C-Sep=0.20, ║∇J║=1.6e-02
-----On 18/20 Initial Guess Perturbations
Iteration 305/2000-----
J=1.3e-02, ⟨Jf⟩=1.4e-03, ⟨B·n⟩=8.3e-03, Len=sum([4.9, 4.9, 4.8])=14.6, ϰ=[4.8, 6.5, 5.5], ∫ϰ²/L>=[6.3, 8.2, 7.9], C-C-Sep=0.20, ║∇J║=1.7e-02
-----On 18/20 Initial Guess Perturbations
Iteration 306/2000-----
J=1.3e-02, ⟨Jf⟩=1.4e-03, ⟨B·n⟩=8.3e-03, Len=sum([4.9, 4.9, 4.8])=14.6, ϰ=[4.8, 6.6, 5.4], ∫ϰ²/L>=[6.3, 8.3, 7.9], C-C-Sep=0.20, ║∇J║=1.7e-02
-----On 18/20 Initial Guess Perturbations
Iteration 307/2000-----
J=1.3e-02, ⟨Jf⟩=1.4e-03, ⟨B·n⟩=8.3e-03, Len=sum([4.9, 4.9, 4.8])=14.6, ϰ=[4.7, 6.5, 5.2], ∫ϰ²/L>=[6.2, 8.3, 7.9], C-C-Sep=0.20, ║∇J║=1.5e-02
-----On 18/20 Initial Guess Perturbations
Iteration 308/2000-----
J=1.3e-02, ⟨Jf⟩=1.4e-03, ⟨B·n⟩=8.3e-03, Len=sum([4.9, 4.9, 4.8])=14.6, ϰ=[4.6, 6.5, 5.1], ∫ϰ²/L>=[6.2, 8.3, 8.0], C-C-Sep=0.20, ║∇J║=1.5e-02
-----On 18/20 Initial Guess Perturbations
Iteration 309/2000-----
J=1.3e-02, ⟨Jf⟩=1.4e-03, ⟨B·n⟩=8.3e-03, Len=sum([4.9, 4.9, 4.8])=14.6, ϰ=[4.7, 6.4, 5.2], ∫ϰ²/L>=[6.1, 8.2, 7.9], C-C-Sep=0.20, ║∇J║=1.4e-02
-----On 18/20 Initial Guess Perturbations
Iteration 310/2000-----
J=1.3e-02, ⟨Jf⟩=1.4e-03, ⟨B·n⟩=8.3e-03, Len=sum([4.9, 4.9, 4.8])=14.6, ϰ=[4.8, 6.3, 5.2], ∫ϰ²/L>=[6.1, 8.1, 7.9], C-C-Sep=0.20, ║∇J║=1.5e-02
-----On 18/20 Initial Guess Perturbations
Iteration 311/2000-----
J=1.3e-02, ⟨Jf⟩=1.4e-03, ⟨B·n⟩=8.3e-03, Len=sum([4.9, 4.9, 4.8])=14.5, ϰ=[5.0, 6.2, 5.1], ∫ϰ²/L>=[6.1, 8.1, 7.8], C-C-Sep=0.20, ║∇J║=1.7e-02
-----On 18/20 Initial Guess Perturbations
Iteration 312/2000-----
J=1.3e-02, ⟨Jf⟩=1.4e-03, ⟨B·n⟩=8.3e-03, Len=sum([4.9, 4.9, 4.8])=14.5, ϰ=[4.9, 6.3, 5.3], ∫ϰ²/L>=[6.3, 8.1, 7.9], C-C-Sep=0.20, ║∇J║=1.9e-02
-----On 18/20 Initial Guess Perturbations
Iteration 313/2000-----
J=1.3e-02, ⟨Jf⟩=1.4e-03, ⟨B·n⟩=8.3e-03, Len=sum([4.9, 4.9, 4.8])=14.5, ϰ=[4.9, 6.3, 5.3], ∫ϰ²/L>=[6.3, 8.1, 7.8], C-C-Sep=0.20, ║∇J║=1.7e-02
-----On 18/20 Initial Guess Perturbations
Iteration 314/2000-----
J=1.3e-02, ⟨Jf⟩=1.4e-03, ⟨B·n⟩=8.3e-03, Len=sum([4.9, 4.9, 4.8])=14.5, ϰ=[5.1, 6.3, 5.3], ∫ϰ²/L>=[6.4, 8.1, 7.8], C-C-Sep=0.20, ║∇J║=1.8e-02
-----On 18/20 Initial Guess Perturbations
Iteration 315/2000-----
J=1.3e-02, ⟨Jf⟩=1.4e-03, ⟨B·n⟩=8.3e-03, Len=sum([4.9, 4.9, 4.8])=14.5, ϰ=[5.3, 6.3, 5.3], ∫ϰ²/L>=[6.4, 8.1, 7.7], C-C-Sep=0.20, ║∇J║=1.6e-02
-----On 18/20 Initial Guess Perturbations
Iteration 316/2000-----
J=1.3e-02, ⟨Jf⟩=1.4e-03, ⟨B·n⟩=8.3e-03, Len=sum([4.9, 4.9, 4.8])=14.5, ϰ=[5.3, 6.3, 5.4], ∫ϰ²/L>=[6.3, 8.1, 7.7], C-C-Sep=0.20, ║∇J║=1.3e-02
-----On 18/20 Initial Guess Perturbations
Iteration 317/2000-----
J=1.3e-02, ⟨Jf⟩=1.4e-03, ⟨B·n⟩=8.3e-03, Len=sum([4.9, 4.9, 4.8])=14.5, ϰ=[5.5, 6.4, 5.4], ∫ϰ²/L>=[6.4, 8.1, 7.7], C-C-Sep=0.20, ║∇J║=1.3e-02
-----On 18/20 Initial Guess Perturbations
Iteration 318/2000-----
J=1.3e-02, ⟨Jf⟩=1.4e-03, ⟨B·n⟩=8.3e-03, Len=sum([4.9, 4.9, 4.8])=14.5, ϰ=[5.7, 6.4, 5.6], ∫ϰ²/L>=[6.5, 8.1, 7.8], C-C-Sep=0.20, ║∇J║=1.6e-02
-----On 18/20 Initial Guess Perturbations
Iteration 319/2000-----
J=1.3e-02, ⟨Jf⟩=1.4e-03, ⟨B·n⟩=8.3e-03, Len=sum([4.9, 4.9, 4.8])=14.5, ϰ=[5.8, 6.4, 5.6], ∫ϰ²/L>=[6.5, 8.1, 7.9], C-C-Sep=0.20, ║∇J║=1.7e-02
-----On 18/20 Initial Guess Perturbations
Iteration 320/2000-----
J=1.3e-02, ⟨Jf⟩=1.4e-03, ⟨B·n⟩=8.3e-03, Len=sum([4.9, 4.9, 4.8])=14.5, ϰ=[5.8, 6.4, 5.7], ∫ϰ²/L>=[6.5, 8.1, 8.0], C-C-Sep=0.20, ║∇J║=1.4e-02
-----On 18/20 Initial Guess Perturbations
Iteration 321/2000-----
J=1.3e-02, ⟨Jf⟩=1.4e-03, ⟨B·n⟩=8.3e-03, Len=sum([4.9, 4.9, 4.8])=14.5, ϰ=[5.7, 6.3, 5.6], ∫ϰ²/L>=[6.4, 8.0, 7.9], C-C-Sep=0.20, ║∇J║=1.4e-02
-----On 18/20 Initial Guess Perturbations
Iteration 322/2000-----
J=1.3e-02, ⟨Jf⟩=1.4e-03, ⟨B·n⟩=8.3e-03, Len=sum([4.9, 4.9, 4.8])=14.5, ϰ=[5.6, 6.2, 5.7], ∫ϰ²/L>=[6.3, 7.9, 7.8], C-C-Sep=0.20, ║∇J║=1.4e-02
-----On 18/20 Initial Guess Perturbations
Iteration 323/2000-----
J=1.3e-02, ⟨Jf⟩=1.4e-03, ⟨B·n⟩=8.3e-03, Len=sum([4.9, 4.9, 4.8])=14.5, ϰ=[5.4, 6.1, 5.5], ∫ϰ²/L>=[6.4, 7.9, 7.8], C-C-Sep=0.20, ║∇J║=1.5e-02
-----On 18/20 Initial Guess Perturbations
Iteration 324/2000-----
J=1.3e-02, ⟨Jf⟩=1.4e-03, ⟨B·n⟩=8.3e-03, Len=sum([4.9, 4.9, 4.8])=14.5, ϰ=[5.5, 6.0, 5.4], ∫ϰ²/L>=[6.5, 7.9, 7.9], C-C-Sep=0.20, ║∇J║=1.6e-02
-----On 18/20 Initial Guess Perturbations
Iteration 325/2000-----
J=1.3e-02, ⟨Jf⟩=1.4e-03, ⟨B·n⟩=8.3e-03, Len=sum([4.8, 4.9, 4.8])=14.5, ϰ=[5.4, 5.9, 5.3], ∫ϰ²/L>=[6.4, 7.8, 7.8], C-C-Sep=0.20, ║∇J║=1.6e-02
-----On 18/20 Initial Guess Perturbations
Iteration 326/2000-----
J=1.3e-02, ⟨Jf⟩=1.4e-03, ⟨B·n⟩=8.3e-03, Len=sum([4.8, 4.9, 4.8])=14.5, ϰ=[5.3, 6.1, 5.3], ∫ϰ²/L>=[6.4, 7.8, 7.9], C-C-Sep=0.20, ║∇J║=1.6e-02
-----On 18/20 Initial Guess Perturbations
Iteration 327/2000-----
J=1.3e-02, ⟨Jf⟩=1.4e-03, ⟨B·n⟩=8.3e-03, Len=sum([4.8, 4.9, 4.8])=14.5, ϰ=[5.3, 6.2, 5.5], ∫ϰ²/L>=[6.3, 7.8, 7.8], C-C-Sep=0.20, ║∇J║=1.4e-02
-----On 18/20 Initial Guess Perturbations
Iteration 328/2000-----
J=1.3e-02, ⟨Jf⟩=1.4e-03, ⟨B·n⟩=8.3e-03, Len=sum([4.8, 4.9, 4.8])=14.5, ϰ=[5.5, 6.3, 5.5], ∫ϰ²/L>=[6.4, 7.8, 7.9], C-C-Sep=0.20, ║∇J║=1.2e-02
-----On 18/20 Initial Guess Perturbations
Iteration 329/2000-----
J=1.3e-02, ⟨Jf⟩=1.4e-03, ⟨B·n⟩=8.3e-03, Len=sum([4.8, 4.9, 4.8])=14.5, ϰ=[5.5, 6.3, 5.7], ∫ϰ²/L>=[6.5, 7.8, 8.0], C-C-Sep=0.20, ║∇J║=1.5e-02
-----On 18/20 Initial Guess Perturbations
Iteration 330/2000-----
J=1.3e-02, ⟨Jf⟩=1.4e-03, ⟨B·n⟩=8.2e-03, Len=sum([4.8, 4.9, 4.8])=14.5, ϰ=[5.4, 6.3, 5.6], ∫ϰ²/L>=[6.5, 7.8, 8.1], C-C-Sep=0.20, ║∇J║=1.4e-02
-----On 18/20 Initial Guess Perturbations
Iteration 331/2000-----
J=1.3e-02, ⟨Jf⟩=1.4e-03, ⟨B·n⟩=8.2e-03, Len=sum([4.8, 4.9, 4.8])=14.5, ϰ=[5.3, 6.3, 5.5], ∫ϰ²/L>=[6.5, 7.8, 8.2], C-C-Sep=0.20, ║∇J║=1.2e-02
-----On 18/20 Initial Guess Perturbations
Iteration 332/2000-----
J=1.3e-02, ⟨Jf⟩=1.4e-03, ⟨B·n⟩=8.2e-03, Len=sum([4.8, 4.9, 4.8])=14.5, ϰ=[5.2, 6.2, 5.6], ∫ϰ²/L>=[6.5, 7.8, 8.2], C-C-Sep=0.20, ║∇J║=1.3e-02
-----On 18/20 Initial Guess Perturbations
Iteration 333/2000-----
J=1.3e-02, ⟨Jf⟩=1.4e-03, ⟨B·n⟩=8.2e-03, Len=sum([4.8, 4.9, 4.8])=14.5, ϰ=[5.2, 6.3, 5.5], ∫ϰ²/L>=[6.5, 7.8, 8.2], C-C-Sep=0.20, ║∇J║=1.8e-02
-----On 18/20 Initial Guess Perturbations
Iteration 334/2000-----
J=1.3e-02, ⟨Jf⟩=1.4e-03, ⟨B·n⟩=8.2e-03, Len=sum([4.8, 4.9, 4.8])=14.5, ϰ=[5.1, 6.4, 5.5], ∫ϰ²/L>=[6.6, 7.9, 8.3], C-C-Sep=0.20, ║∇J║=1.4e-02
-----On 18/20 Initial Guess Perturbations
Iteration 335/2000-----
J=1.3e-02, ⟨Jf⟩=1.4e-03, ⟨B·n⟩=8.2e-03, Len=sum([4.8, 4.9, 4.8])=14.4, ϰ=[5.1, 6.4, 5.6], ∫ϰ²/L>=[6.6, 7.9, 8.2], C-C-Sep=0.20, ║∇J║=1.4e-02
-----On 18/20 Initial Guess Perturbations
Iteration 336/2000-----
J=1.3e-02, ⟨Jf⟩=1.4e-03, ⟨B·n⟩=8.2e-03, Len=sum([4.8, 4.9, 4.8])=14.4, ϰ=[5.1, 6.5, 5.6], ∫ϰ²/L>=[6.5, 7.9, 8.3], C-C-Sep=0.20, ║∇J║=1.6e-02
-----On 18/20 Initial Guess Perturbations
Iteration 337/2000-----
J=1.3e-02, ⟨Jf⟩=1.4e-03, ⟨B·n⟩=8.2e-03, Len=sum([4.8, 4.9, 4.8])=14.4, ϰ=[5.2, 6.5, 5.6], ∫ϰ²/L>=[6.5, 7.9, 8.4], C-C-Sep=0.20, ║∇J║=1.3e-02
-----On 18/20 Initial Guess Perturbations
Iteration 338/2000-----
J=1.3e-02, ⟨Jf⟩=1.4e-03, ⟨B·n⟩=8.2e-03, Len=sum([4.8, 4.9, 4.8])=14.4, ϰ=[5.4, 6.4, 5.5], ∫ϰ²/L>=[6.6, 7.9, 8.4], C-C-Sep=0.20, ║∇J║=1.2e-02
-----On 18/20 Initial Guess Perturbations
Iteration 339/2000-----
J=1.3e-02, ⟨Jf⟩=1.4e-03, ⟨B·n⟩=8.2e-03, Len=sum([4.8, 4.9, 4.8])=14.4, ϰ=[5.4, 6.3, 5.4], ∫ϰ²/L>=[6.6, 7.9, 8.4], C-C-Sep=0.20, ║∇J║=1.3e-02
-----On 18/20 Initial Guess Perturbations
Iteration 340/2000-----
J=1.3e-02, ⟨Jf⟩=1.4e-03, ⟨B·n⟩=8.2e-03, Len=sum([4.8, 4.9, 4.8])=14.4, ϰ=[5.4, 6.1, 5.5], ∫ϰ²/L>=[6.7, 7.9, 8.4], C-C-Sep=0.20, ║∇J║=1.4e-02
-----On 18/20 Initial Guess Perturbations
Iteration 341/2000-----
J=1.3e-02, ⟨Jf⟩=1.4e-03, ⟨B·n⟩=8.2e-03, Len=sum([4.8, 4.9, 4.7])=14.4, ϰ=[5.2, 6.1, 5.6], ∫ϰ²/L>=[6.7, 8.0, 8.3], C-C-Sep=0.20, ║∇J║=1.6e-02
-----On 18/20 Initial Guess Perturbations
Iteration 342/2000-----
J=1.3e-02, ⟨Jf⟩=1.4e-03, ⟨B·n⟩=8.2e-03, Len=sum([4.8, 4.9, 4.7])=14.4, ϰ=[5.1, 6.2, 5.4], ∫ϰ²/L>=[6.6, 8.1, 8.3], C-C-Sep=0.20, ║∇J║=1.2e-02
-----On 18/20 Initial Guess Perturbations
Iteration 343/2000-----
J=1.3e-02, ⟨Jf⟩=1.4e-03, ⟨B·n⟩=8.2e-03, Len=sum([4.8, 4.9, 4.7])=14.4, ϰ=[5.1, 6.1, 5.3], ∫ϰ²/L>=[6.5, 8.1, 8.3], C-C-Sep=0.20, ║∇J║=1.2e-02
-----On 18/20 Initial Guess Perturbations
Iteration 344/2000-----
J=1.3e-02, ⟨Jf⟩=1.4e-03, ⟨B·n⟩=8.2e-03, Len=sum([4.8, 4.9, 4.7])=14.4, ϰ=[5.1, 6.1, 5.2], ∫ϰ²/L>=[6.4, 8.2, 8.3], C-C-Sep=0.20, ║∇J║=1.2e-02
-----On 18/20 Initial Guess Perturbations
Iteration 345/2000-----
J=1.3e-02, ⟨Jf⟩=1.4e-03, ⟨B·n⟩=8.2e-03, Len=sum([4.8, 4.9, 4.7])=14.4, ϰ=[5.1, 6.0, 5.1], ∫ϰ²/L>=[6.4, 8.1, 8.3], C-C-Sep=0.20, ║∇J║=1.2e-02
-----On 18/20 Initial Guess Perturbations
Iteration 346/2000-----
J=1.3e-02, ⟨Jf⟩=1.4e-03, ⟨B·n⟩=8.2e-03, Len=sum([4.8, 4.9, 4.7])=14.4, ϰ=[5.1, 5.9, 5.3], ∫ϰ²/L>=[6.4, 8.1, 8.3], C-C-Sep=0.20, ║∇J║=1.4e-02
-----On 18/20 Initial Guess Perturbations
Iteration 347/2000-----
J=1.3e-02, ⟨Jf⟩=1.4e-03, ⟨B·n⟩=8.2e-03, Len=sum([4.8, 4.9, 4.7])=14.4, ϰ=[5.2, 5.8, 5.3], ∫ϰ²/L>=[6.4, 8.0, 8.3], C-C-Sep=0.20, ║∇J║=1.3e-02
-----On 18/20 Initial Guess Perturbations
Iteration 348/2000-----
J=1.3e-02, ⟨Jf⟩=1.4e-03, ⟨B·n⟩=8.2e-03, Len=sum([4.8, 4.9, 4.7])=14.4, ϰ=[5.2, 5.8, 5.4], ∫ϰ²/L>=[6.4, 7.9, 8.3], C-C-Sep=0.20, ║∇J║=1.3e-02
-----On 18/20 Initial Guess Perturbations
Iteration 349/2000-----
J=1.3e-02, ⟨Jf⟩=1.4e-03, ⟨B·n⟩=8.2e-03, Len=sum([4.8, 4.9, 4.7])=14.4, ϰ=[5.3, 5.8, 5.5], ∫ϰ²/L>=[6.4, 7.9, 8.4], C-C-Sep=0.20, ║∇J║=1.2e-02
-----On 18/20 Initial Guess Perturbations
Iteration 350/2000-----
J=1.3e-02, ⟨Jf⟩=1.4e-03, ⟨B·n⟩=8.2e-03, Len=sum([4.8, 4.9, 4.7])=14.4, ϰ=[5.2, 5.7, 5.5], ∫ϰ²/L>=[6.4, 7.9, 8.3], C-C-Sep=0.20, ║∇J║=1.1e-02
-----On 18/20 Initial Guess Perturbations
Iteration 351/2000-----
J=1.3e-02, ⟨Jf⟩=1.4e-03, ⟨B·n⟩=8.2e-03, Len=sum([4.8, 4.9, 4.7])=14.4, ϰ=[5.2, 5.7, 5.5], ∫ϰ²/L>=[6.4, 7.9, 8.3], C-C-Sep=0.20, ║∇J║=1.0e-02
-----On 18/20 Initial Guess Perturbations
Iteration 352/2000-----
J=1.3e-02, ⟨Jf⟩=1.4e-03, ⟨B·n⟩=8.2e-03, Len=sum([4.8, 4.9, 4.7])=14.4, ϰ=[5.3, 5.6, 5.5], ∫ϰ²/L>=[6.4, 7.9, 8.3], C-C-Sep=0.20, ║∇J║=1.1e-02
-----On 18/20 Initial Guess Perturbations
Iteration 353/2000-----
J=1.3e-02, ⟨Jf⟩=1.4e-03, ⟨B·n⟩=8.2e-03, Len=sum([4.8, 4.9, 4.7])=14.4, ϰ=[5.4, 5.6, 5.5], ∫ϰ²/L>=[6.4, 7.8, 8.3], C-C-Sep=0.20, ║∇J║=9.2e-03
-----On 18/20 Initial Guess Perturbations
Iteration 354/2000-----
J=1.3e-02, ⟨Jf⟩=1.4e-03, ⟨B·n⟩=8.2e-03, Len=sum([4.8, 4.8, 4.7])=14.4, ϰ=[5.3, 5.6, 5.5], ∫ϰ²/L>=[6.4, 7.8, 8.3], C-C-Sep=0.20, ║∇J║=9.1e-03
-----On 18/20 Initial Guess Perturbations
Iteration 355/2000-----
J=1.3e-02, ⟨Jf⟩=1.4e-03, ⟨B·n⟩=8.2e-03, Len=sum([4.8, 4.8, 4.7])=14.4, ϰ=[5.3, 5.6, 5.7], ∫ϰ²/L>=[6.4, 7.7, 8.3], C-C-Sep=0.20, ║∇J║=1.2e-02
-----On 18/20 Initial Guess Perturbations
Iteration 356/2000-----
J=1.3e-02, ⟨Jf⟩=1.4e-03, ⟨B·n⟩=8.2e-03, Len=sum([4.8, 4.8, 4.7])=14.4, ϰ=[5.2, 5.7, 5.6], ∫ϰ²/L>=[6.4, 7.6, 8.2], C-C-Sep=0.20, ║∇J║=9.5e-03
-----On 18/20 Initial Guess Perturbations
Iteration 357/2000-----
J=1.3e-02, ⟨Jf⟩=1.4e-03, ⟨B·n⟩=8.2e-03, Len=sum([4.8, 4.9, 4.7])=14.4, ϰ=[5.2, 5.8, 5.6], ∫ϰ²/L>=[6.4, 7.6, 8.2], C-C-Sep=0.20, ║∇J║=8.2e-03
-----On 18/20 Initial Guess Perturbations
Iteration 358/2000-----
J=1.3e-02, ⟨Jf⟩=1.4e-03, ⟨B·n⟩=8.2e-03, Len=sum([4.8, 4.9, 4.7])=14.4, ϰ=[5.2, 6.0, 5.6], ∫ϰ²/L>=[6.4, 7.5, 8.2], C-C-Sep=0.20, ║∇J║=9.3e-03
-----On 18/20 Initial Guess Perturbations
Iteration 359/2000-----
J=1.3e-02, ⟨Jf⟩=1.4e-03, ⟨B·n⟩=8.2e-03, Len=sum([4.8, 4.9, 4.7])=14.4, ϰ=[5.3, 6.1, 5.5], ∫ϰ²/L>=[6.3, 7.5, 8.2], C-C-Sep=0.20, ║∇J║=1.0e-02
-----On 18/20 Initial Guess Perturbations
Iteration 360/2000-----
J=1.3e-02, ⟨Jf⟩=1.4e-03, ⟨B·n⟩=8.2e-03, Len=sum([4.8, 4.9, 4.7])=14.4, ϰ=[5.4, 6.1, 5.6], ∫ϰ²/L>=[6.3, 7.5, 8.2], C-C-Sep=0.20, ║∇J║=8.4e-03
-----On 18/20 Initial Guess Perturbations
Iteration 361/2000-----
J=1.3e-02, ⟨Jf⟩=1.4e-03, ⟨B·n⟩=8.2e-03, Len=sum([4.8, 4.9, 4.7])=14.4, ϰ=[5.3, 6.1, 5.7], ∫ϰ²/L>=[6.3, 7.5, 8.2], C-C-Sep=0.20, ║∇J║=8.5e-03
-----On 18/20 Initial Guess Perturbations
Iteration 362/2000-----
J=1.3e-02, ⟨Jf⟩=1.4e-03, ⟨B·n⟩=8.2e-03, Len=sum([4.8, 4.9, 4.7])=14.4, ϰ=[5.2, 6.1, 5.7], ∫ϰ²/L>=[6.3, 7.5, 8.2], C-C-Sep=0.20, ║∇J║=1.1e-02
-----On 18/20 Initial Guess Perturbations
Iteration 363/2000-----
J=1.3e-02, ⟨Jf⟩=1.4e-03, ⟨B·n⟩=8.2e-03, Len=sum([4.8, 4.9, 4.7])=14.4, ϰ=[5.1, 6.0, 5.7], ∫ϰ²/L>=[6.3, 7.5, 8.2], C-C-Sep=0.20, ║∇J║=8.1e-03
-----On 18/20 Initial Guess Perturbations
Iteration 364/2000-----
J=1.3e-02, ⟨Jf⟩=1.4e-03, ⟨B·n⟩=8.2e-03, Len=sum([4.8, 4.9, 4.7])=14.4, ϰ=[5.1, 6.0, 5.6], ∫ϰ²/L>=[6.3, 7.5, 8.2], C-C-Sep=0.20, ║∇J║=7.3e-03
-----On 18/20 Initial Guess Perturbations
Iteration 365/2000-----
J=1.3e-02, ⟨Jf⟩=1.4e-03, ⟨B·n⟩=8.2e-03, Len=sum([4.8, 4.9, 4.7])=14.4, ϰ=[5.1, 6.0, 5.6], ∫ϰ²/L>=[6.2, 7.5, 8.2], C-C-Sep=0.20, ║∇J║=8.3e-03
-----On 18/20 Initial Guess Perturbations
Iteration 366/2000-----
J=1.3e-02, ⟨Jf⟩=1.4e-03, ⟨B·n⟩=8.2e-03, Len=sum([4.8, 4.9, 4.7])=14.4, ϰ=[5.1, 5.9, 5.6], ∫ϰ²/L>=[6.2, 7.5, 8.2], C-C-Sep=0.20, ║∇J║=8.8e-03
-----On 18/20 Initial Guess Perturbations
Iteration 367/2000-----
J=1.3e-02, ⟨Jf⟩=1.4e-03, ⟨B·n⟩=8.2e-03, Len=sum([4.8, 4.9, 4.7])=14.4, ϰ=[5.1, 5.9, 5.6], ∫ϰ²/L>=[6.1, 7.5, 8.2], C-C-Sep=0.20, ║∇J║=7.9e-03
-----On 18/20 Initial Guess Perturbations
Iteration 368/2000-----
J=1.3e-02, ⟨Jf⟩=1.4e-03, ⟨B·n⟩=8.2e-03, Len=sum([4.8, 4.9, 4.7])=14.3, ϰ=[5.0, 5.9, 5.7], ∫ϰ²/L>=[6.1, 7.5, 8.1], C-C-Sep=0.20, ║∇J║=7.7e-03
-----On 18/20 Initial Guess Perturbations
Iteration 369/2000-----
J=1.3e-02, ⟨Jf⟩=1.4e-03, ⟨B·n⟩=8.2e-03, Len=sum([4.8, 4.9, 4.7])=14.3, ϰ=[5.0, 5.9, 5.7], ∫ϰ²/L>=[6.1, 7.5, 8.1], C-C-Sep=0.20, ║∇J║=7.6e-03
-----On 18/20 Initial Guess Perturbations
Iteration 370/2000-----
J=1.3e-02, ⟨Jf⟩=1.4e-03, ⟨B·n⟩=8.3e-03, Len=sum([4.8, 4.9, 4.7])=14.3, ϰ=[5.0, 6.0, 5.7], ∫ϰ²/L>=[6.1, 7.5, 8.1], C-C-Sep=0.20, ║∇J║=8.9e-03
-----On 18/20 Initial Guess Perturbations
Iteration 371/2000-----
J=1.3e-02, ⟨Jf⟩=1.4e-03, ⟨B·n⟩=8.3e-03, Len=sum([4.8, 4.9, 4.7])=14.3, ϰ=[5.0, 6.0, 5.6], ∫ϰ²/L>=[6.1, 7.5, 8.1], C-C-Sep=0.20, ║∇J║=6.7e-03
-----On 18/20 Initial Guess Perturbations
Iteration 372/2000-----
J=1.3e-02, ⟨Jf⟩=1.4e-03, ⟨B·n⟩=8.3e-03, Len=sum([4.8, 4.9, 4.7])=14.3, ϰ=[5.0, 6.0, 5.6], ∫ϰ²/L>=[6.1, 7.5, 8.1], C-C-Sep=0.20, ║∇J║=6.9e-03
-----On 18/20 Initial Guess Perturbations
Iteration 373/2000-----
J=1.3e-02, ⟨Jf⟩=1.4e-03, ⟨B·n⟩=8.3e-03, Len=sum([4.8, 4.9, 4.7])=14.3, ϰ=[5.0, 6.0, 5.5], ∫ϰ²/L>=[6.0, 7.5, 8.0], C-C-Sep=0.20, ║∇J║=7.3e-03
-----On 18/20 Initial Guess Perturbations
Iteration 374/2000-----
J=1.3e-02, ⟨Jf⟩=1.4e-03, ⟨B·n⟩=8.3e-03, Len=sum([4.8, 4.9, 4.7])=14.3, ϰ=[5.0, 6.0, 5.5], ∫ϰ²/L>=[6.0, 7.5, 8.0], C-C-Sep=0.20, ║∇J║=7.7e-03
-----On 18/20 Initial Guess Perturbations
Iteration 375/2000-----
J=1.3e-02, ⟨Jf⟩=1.4e-03, ⟨B·n⟩=8.3e-03, Len=sum([4.8, 4.9, 4.7])=14.3, ϰ=[5.0, 6.0, 5.5], ∫ϰ²/L>=[6.0, 7.5, 8.0], C-C-Sep=0.20, ║∇J║=6.4e-03
-----On 18/20 Initial Guess Perturbations
Iteration 376/2000-----
J=1.3e-02, ⟨Jf⟩=1.4e-03, ⟨B·n⟩=8.3e-03, Len=sum([4.8, 4.9, 4.7])=14.3, ϰ=[5.1, 6.0, 5.5], ∫ϰ²/L>=[6.0, 7.5, 8.0], C-C-Sep=0.20, ║∇J║=6.2e-03
-----On 18/20 Initial Guess Perturbations
Iteration 377/2000-----
J=1.3e-02, ⟨Jf⟩=1.4e-03, ⟨B·n⟩=8.2e-03, Len=sum([4.8, 4.9, 4.7])=14.3, ϰ=[5.0, 6.0, 5.5], ∫ϰ²/L>=[5.9, 7.5, 8.0], C-C-Sep=0.20, ║∇J║=6.9e-03
-----On 18/20 Initial Guess Perturbations
Iteration 378/2000-----
J=1.3e-02, ⟨Jf⟩=1.4e-03, ⟨B·n⟩=8.2e-03, Len=sum([4.8, 4.9, 4.7])=14.3, ϰ=[5.1, 6.1, 5.5], ∫ϰ²/L>=[5.9, 7.5, 8.0], C-C-Sep=0.20, ║∇J║=6.5e-03
-----On 18/20 Initial Guess Perturbations
Iteration 379/2000-----
J=1.3e-02, ⟨Jf⟩=1.4e-03, ⟨B·n⟩=8.2e-03, Len=sum([4.8, 4.9, 4.7])=14.3, ϰ=[5.1, 6.1, 5.5], ∫ϰ²/L>=[6.0, 7.5, 7.9], C-C-Sep=0.20, ║∇J║=6.6e-03
-----On 18/20 Initial Guess Perturbations
Iteration 380/2000-----
J=1.3e-02, ⟨Jf⟩=1.4e-03, ⟨B·n⟩=8.2e-03, Len=sum([4.8, 4.9, 4.7])=14.3, ϰ=[5.1, 6.2, 5.5], ∫ϰ²/L>=[6.0, 7.6, 7.9], C-C-Sep=0.20, ║∇J║=6.7e-03
-----On 18/20 Initial Guess Perturbations
Iteration 381/2000-----
J=1.3e-02, ⟨Jf⟩=1.4e-03, ⟨B·n⟩=8.2e-03, Len=sum([4.8, 4.9, 4.7])=14.3, ϰ=[5.1, 6.2, 5.5], ∫ϰ²/L>=[6.0, 7.6, 7.9], C-C-Sep=0.20, ║∇J║=5.8e-03
-----On 18/20 Initial Guess Perturbations
Iteration 382/2000-----
J=1.3e-02, ⟨Jf⟩=1.4e-03, ⟨B·n⟩=8.2e-03, Len=sum([4.8, 4.9, 4.7])=14.3, ϰ=[5.0, 6.2, 5.4], ∫ϰ²/L>=[6.0, 7.6, 7.9], C-C-Sep=0.20, ║∇J║=5.0e-03
-----On 18/20 Initial Guess Perturbations
Iteration 383/2000-----
J=1.3e-02, ⟨Jf⟩=1.4e-03, ⟨B·n⟩=8.2e-03, Len=sum([4.8, 4.9, 4.7])=14.3, ϰ=[5.1, 6.2, 5.4], ∫ϰ²/L>=[6.0, 7.6, 7.9], C-C-Sep=0.20, ║∇J║=5.6e-03
-----On 18/20 Initial Guess Perturbations
Iteration 384/2000-----
J=1.3e-02, ⟨Jf⟩=1.4e-03, ⟨B·n⟩=8.2e-03, Len=sum([4.8, 4.9, 4.7])=14.3, ϰ=[5.1, 6.1, 5.4], ∫ϰ²/L>=[6.0, 7.6, 7.9], C-C-Sep=0.20, ║∇J║=5.8e-03
-----On 18/20 Initial Guess Perturbations
Iteration 385/2000-----
J=1.3e-02, ⟨Jf⟩=1.4e-03, ⟨B·n⟩=8.2e-03, Len=sum([4.8, 4.9, 4.7])=14.3, ϰ=[5.1, 6.1, 5.4], ∫ϰ²/L>=[6.0, 7.5, 7.9], C-C-Sep=0.20, ║∇J║=6.6e-03
-----On 18/20 Initial Guess Perturbations
Iteration 386/2000-----
J=1.3e-02, ⟨Jf⟩=1.4e-03, ⟨B·n⟩=8.2e-03, Len=sum([4.8, 4.9, 4.7])=14.3, ϰ=[5.1, 6.1, 5.3], ∫ϰ²/L>=[6.0, 7.5, 7.9], C-C-Sep=0.20, ║∇J║=5.4e-03
-----On 18/20 Initial Guess Perturbations
Iteration 387/2000-----
J=1.3e-02, ⟨Jf⟩=1.4e-03, ⟨B·n⟩=8.2e-03, Len=sum([4.8, 4.9, 4.7])=14.3, ϰ=[5.1, 6.1, 5.3], ∫ϰ²/L>=[6.0, 7.4, 7.9], C-C-Sep=0.20, ║∇J║=5.0e-03
-----On 18/20 Initial Guess Perturbations
Iteration 388/2000-----
J=1.3e-02, ⟨Jf⟩=1.4e-03, ⟨B·n⟩=8.2e-03, Len=sum([4.8, 4.9, 4.7])=14.3, ϰ=[5.1, 6.0, 5.2], ∫ϰ²/L>=[6.0, 7.4, 7.9], C-C-Sep=0.20, ║∇J║=5.1e-03
-----On 18/20 Initial Guess Perturbations
Iteration 389/2000-----
J=1.3e-02, ⟨Jf⟩=1.4e-03, ⟨B·n⟩=8.2e-03, Len=sum([4.8, 4.9, 4.7])=14.3, ϰ=[5.1, 6.1, 5.2], ∫ϰ²/L>=[6.0, 7.4, 7.9], C-C-Sep=0.20, ║∇J║=5.3e-03
-----On 18/20 Initial Guess Perturbations
Iteration 390/2000-----
J=1.3e-02, ⟨Jf⟩=1.4e-03, ⟨B·n⟩=8.2e-03, Len=sum([4.8, 4.9, 4.7])=14.3, ϰ=[5.2, 6.0, 5.2], ∫ϰ²/L>=[6.0, 7.4, 7.9], C-C-Sep=0.20, ║∇J║=5.0e-03
-----On 18/20 Initial Guess Perturbations
Iteration 391/2000-----
J=1.3e-02, ⟨Jf⟩=1.4e-03, ⟨B·n⟩=8.2e-03, Len=sum([4.8, 4.9, 4.7])=14.3, ϰ=[5.3, 6.0, 5.2], ∫ϰ²/L>=[6.0, 7.4, 7.9], C-C-Sep=0.20, ║∇J║=5.3e-03
-----On 18/20 Initial Guess Perturbations
Iteration 392/2000-----
J=1.3e-02, ⟨Jf⟩=1.4e-03, ⟨B·n⟩=8.2e-03, Len=sum([4.8, 4.9, 4.7])=14.3, ϰ=[5.3, 6.0, 5.2], ∫ϰ²/L>=[6.0, 7.4, 7.9], C-C-Sep=0.20, ║∇J║=4.8e-03
-----On 18/20 Initial Guess Perturbations
Iteration 393/2000-----
J=1.3e-02, ⟨Jf⟩=1.3e-03, ⟨B·n⟩=8.2e-03, Len=sum([4.8, 4.9, 4.7])=14.3, ϰ=[5.4, 6.0, 5.2], ∫ϰ²/L>=[6.0, 7.4, 7.9], C-C-Sep=0.20, ║∇J║=4.9e-03
-----On 18/20 Initial Guess Perturbations
Iteration 394/2000-----
J=1.3e-02, ⟨Jf⟩=1.3e-03, ⟨B·n⟩=8.2e-03, Len=sum([4.8, 4.9, 4.7])=14.3, ϰ=[5.4, 6.0, 5.2], ∫ϰ²/L>=[5.9, 7.4, 7.9], C-C-Sep=0.20, ║∇J║=5.0e-03
-----On 18/20 Initial Guess Perturbations
Iteration 395/2000-----
J=1.3e-02, ⟨Jf⟩=1.3e-03, ⟨B·n⟩=8.2e-03, Len=sum([4.8, 4.9, 4.7])=14.3, ϰ=[5.3, 5.9, 5.2], ∫ϰ²/L>=[5.9, 7.4, 7.9], C-C-Sep=0.20, ║∇J║=5.8e-03
-----On 18/20 Initial Guess Perturbations
Iteration 396/2000-----
J=1.3e-02, ⟨Jf⟩=1.3e-03, ⟨B·n⟩=8.2e-03, Len=sum([4.8, 4.9, 4.7])=14.4, ϰ=[5.3, 5.8, 5.1], ∫ϰ²/L>=[6.0, 7.4, 7.9], C-C-Sep=0.20, ║∇J║=6.1e-03
-----On 18/20 Initial Guess Perturbations
Iteration 397/2000-----
J=1.3e-02, ⟨Jf⟩=1.3e-03, ⟨B·n⟩=8.2e-03, Len=sum([4.8, 4.9, 4.7])=14.4, ϰ=[5.2, 5.8, 5.1], ∫ϰ²/L>=[6.0, 7.4, 7.9], C-C-Sep=0.20, ║∇J║=4.0e-03
-----On 18/20 Initial Guess Perturbations
Iteration 398/2000-----
J=1.3e-02, ⟨Jf⟩=1.3e-03, ⟨B·n⟩=8.2e-03, Len=sum([4.8, 4.9, 4.7])=14.4, ϰ=[5.2, 5.7, 5.1], ∫ϰ²/L>=[5.9, 7.4, 7.9], C-C-Sep=0.20, ║∇J║=3.6e-03
-----On 18/20 Initial Guess Perturbations
Iteration 399/2000-----
J=1.3e-02, ⟨Jf⟩=1.3e-03, ⟨B·n⟩=8.2e-03, Len=sum([4.8, 4.9, 4.7])=14.4, ϰ=[5.1, 5.7, 5.1], ∫ϰ²/L>=[5.9, 7.4, 7.9], C-C-Sep=0.20, ║∇J║=4.1e-03
-----On 18/20 Initial Guess Perturbations
Iteration 400/2000-----
J=1.3e-02, ⟨Jf⟩=1.3e-03, ⟨B·n⟩=8.2e-03, Len=sum([4.8, 4.9, 4.7])=14.4, ϰ=[5.0, 5.6, 5.2], ∫ϰ²/L>=[5.9, 7.4, 7.9], C-C-Sep=0.20, ║∇J║=4.4e-03
-----On 18/20 Initial Guess Perturbations
Iteration 401/2000-----
J=1.3e-02, ⟨Jf⟩=1.3e-03, ⟨B·n⟩=8.2e-03, Len=sum([4.8, 4.9, 4.7])=14.4, ϰ=[4.9, 5.6, 5.2], ∫ϰ²/L>=[5.9, 7.4, 7.9], C-C-Sep=0.20, ║∇J║=4.2e-03
-----On 18/20 Initial Guess Perturbations
Iteration 402/2000-----
J=1.3e-02, ⟨Jf⟩=1.3e-03, ⟨B·n⟩=8.1e-03, Len=sum([4.8, 4.9, 4.7])=14.4, ϰ=[5.0, 5.6, 5.1], ∫ϰ²/L>=[5.9, 7.4, 7.9], C-C-Sep=0.20, ║∇J║=4.3e-03
-----On 18/20 Initial Guess Perturbations
Iteration 403/2000-----
J=1.3e-02, ⟨Jf⟩=1.3e-03, ⟨B·n⟩=8.1e-03, Len=sum([4.8, 4.9, 4.7])=14.4, ϰ=[5.0, 5.6, 5.1], ∫ϰ²/L>=[5.9, 7.4, 7.9], C-C-Sep=0.20, ║∇J║=3.9e-03
-----On 18/20 Initial Guess Perturbations
Iteration 404/2000-----
J=1.3e-02, ⟨Jf⟩=1.3e-03, ⟨B·n⟩=8.1e-03, Len=sum([4.8, 4.9, 4.7])=14.4, ϰ=[5.1, 5.6, 5.1], ∫ϰ²/L>=[5.9, 7.4, 7.9], C-C-Sep=0.20, ║∇J║=3.5e-03
-----On 18/20 Initial Guess Perturbations
Iteration 405/2000-----
J=1.3e-02, ⟨Jf⟩=1.3e-03, ⟨B·n⟩=8.1e-03, Len=sum([4.8, 4.9, 4.7])=14.4, ϰ=[5.2, 5.7, 5.0], ∫ϰ²/L>=[6.0, 7.4, 7.9], C-C-Sep=0.20, ║∇J║=3.6e-03
-----On 18/20 Initial Guess Perturbations
Iteration 406/2000-----
J=1.3e-02, ⟨Jf⟩=1.3e-03, ⟨B·n⟩=8.1e-03, Len=sum([4.8, 4.9, 4.7])=14.4, ϰ=[5.3, 5.6, 5.0], ∫ϰ²/L>=[6.0, 7.4, 7.9], C-C-Sep=0.20, ║∇J║=3.6e-03
-----On 18/20 Initial Guess Perturbations
Iteration 407/2000-----
J=1.3e-02, ⟨Jf⟩=1.3e-03, ⟨B·n⟩=8.1e-03, Len=sum([4.8, 4.9, 4.7])=14.4, ϰ=[5.3, 5.6, 5.0], ∫ϰ²/L>=[6.0, 7.4, 7.9], C-C-Sep=0.20, ║∇J║=3.3e-03
-----On 18/20 Initial Guess Perturbations
Iteration 408/2000-----
J=1.3e-02, ⟨Jf⟩=1.3e-03, ⟨B·n⟩=8.1e-03, Len=sum([4.8, 4.9, 4.7])=14.4, ϰ=[5.3, 5.7, 5.0], ∫ϰ²/L>=[6.0, 7.3, 7.9], C-C-Sep=0.20, ║∇J║=3.7e-03
-----On 18/20 Initial Guess Perturbations
Iteration 409/2000-----
J=1.3e-02, ⟨Jf⟩=1.3e-03, ⟨B·n⟩=8.1e-03, Len=sum([4.8, 4.9, 4.7])=14.4, ϰ=[5.2, 5.7, 5.0], ∫ϰ²/L>=[6.0, 7.3, 7.9], C-C-Sep=0.20, ║∇J║=3.3e-03
-----On 18/20 Initial Guess Perturbations
Iteration 410/2000-----
J=1.3e-02, ⟨Jf⟩=1.3e-03, ⟨B·n⟩=8.1e-03, Len=sum([4.8, 4.9, 4.7])=14.4, ϰ=[5.2, 5.8, 5.0], ∫ϰ²/L>=[6.0, 7.3, 7.9], C-C-Sep=0.20, ║∇J║=2.9e-03
-----On 18/20 Initial Guess Perturbations
Iteration 411/2000-----
J=1.3e-02, ⟨Jf⟩=1.3e-03, ⟨B·n⟩=8.1e-03, Len=sum([4.8, 4.9, 4.7])=14.4, ϰ=[5.2, 5.8, 4.9], ∫ϰ²/L>=[6.0, 7.3, 7.9], C-C-Sep=0.20, ║∇J║=3.2e-03
-----On 18/20 Initial Guess Perturbations
Iteration 412/2000-----
J=1.3e-02, ⟨Jf⟩=1.3e-03, ⟨B·n⟩=8.1e-03, Len=sum([4.8, 4.9, 4.7])=14.4, ϰ=[5.3, 5.8, 4.9], ∫ϰ²/L>=[6.0, 7.3, 7.9], C-C-Sep=0.20, ║∇J║=3.5e-03
-----On 18/20 Initial Guess Perturbations
Iteration 413/2000-----
J=1.3e-02, ⟨Jf⟩=1.3e-03, ⟨B·n⟩=8.1e-03, Len=sum([4.8, 4.9, 4.7])=14.4, ϰ=[5.3, 5.9, 4.9], ∫ϰ²/L>=[6.0, 7.3, 7.9], C-C-Sep=0.20, ║∇J║=3.1e-03
-----On 18/20 Initial Guess Perturbations
Iteration 414/2000-----
J=1.3e-02, ⟨Jf⟩=1.3e-03, ⟨B·n⟩=8.1e-03, Len=sum([4.8, 4.9, 4.7])=14.4, ϰ=[5.4, 5.9, 5.0], ∫ϰ²/L>=[6.0, 7.3, 7.9], C-C-Sep=0.20, ║∇J║=2.9e-03
-----On 18/20 Initial Guess Perturbations
Iteration 415/2000-----
J=1.3e-02, ⟨Jf⟩=1.3e-03, ⟨B·n⟩=8.1e-03, Len=sum([4.8, 4.9, 4.7])=14.4, ϰ=[5.4, 5.9, 5.0], ∫ϰ²/L>=[6.0, 7.3, 7.9], C-C-Sep=0.20, ║∇J║=3.1e-03
-----On 18/20 Initial Guess Perturbations
Iteration 416/2000-----
J=1.3e-02, ⟨Jf⟩=1.3e-03, ⟨B·n⟩=8.1e-03, Len=sum([4.8, 4.9, 4.7])=14.4, ϰ=[5.4, 5.9, 5.0], ∫ϰ²/L>=[6.0, 7.3, 7.9], C-C-Sep=0.20, ║∇J║=2.8e-03
-----On 18/20 Initial Guess Perturbations
Iteration 417/2000-----
J=1.3e-02, ⟨Jf⟩=1.3e-03, ⟨B·n⟩=8.1e-03, Len=sum([4.8, 4.9, 4.7])=14.4, ϰ=[5.3, 5.8, 5.0], ∫ϰ²/L>=[6.0, 7.3, 8.0], C-C-Sep=0.20, ║∇J║=2.9e-03
-----On 18/20 Initial Guess Perturbations
Iteration 418/2000-----
J=1.3e-02, ⟨Jf⟩=1.3e-03, ⟨B·n⟩=8.1e-03, Len=sum([4.8, 4.9, 4.7])=14.4, ϰ=[5.3, 5.9, 5.0], ∫ϰ²/L>=[6.0, 7.3, 8.0], C-C-Sep=0.20, ║∇J║=3.6e-03
-----On 18/20 Initial Guess Perturbations
Iteration 419/2000-----
J=1.3e-02, ⟨Jf⟩=1.3e-03, ⟨B·n⟩=8.1e-03, Len=sum([4.8, 4.9, 4.7])=14.4, ϰ=[5.3, 5.9, 5.0], ∫ϰ²/L>=[6.0, 7.3, 8.0], C-C-Sep=0.20, ║∇J║=2.8e-03
-----On 18/20 Initial Guess Perturbations
Iteration 420/2000-----
J=1.3e-02, ⟨Jf⟩=1.3e-03, ⟨B·n⟩=8.1e-03, Len=sum([4.8, 4.9, 4.7])=14.4, ϰ=[5.3, 5.9, 4.9], ∫ϰ²/L>=[6.0, 7.3, 8.0], C-C-Sep=0.20, ║∇J║=2.5e-03
-----On 18/20 Initial Guess Perturbations
Iteration 421/2000-----
J=1.3e-02, ⟨Jf⟩=1.3e-03, ⟨B·n⟩=8.1e-03, Len=sum([4.8, 4.9, 4.7])=14.4, ϰ=[5.3, 5.9, 4.9], ∫ϰ²/L>=[5.9, 7.3, 8.0], C-C-Sep=0.20, ║∇J║=2.7e-03
-----On 18/20 Initial Guess Perturbations
Iteration 422/2000-----
J=1.3e-02, ⟨Jf⟩=1.3e-03, ⟨B·n⟩=8.1e-03, Len=sum([4.8, 4.9, 4.7])=14.4, ϰ=[5.3, 5.9, 4.9], ∫ϰ²/L>=[5.9, 7.3, 8.0], C-C-Sep=0.20, ║∇J║=2.7e-03
-----On 18/20 Initial Guess Perturbations
Iteration 423/2000-----
J=1.3e-02, ⟨Jf⟩=1.3e-03, ⟨B·n⟩=8.1e-03, Len=sum([4.8, 4.9, 4.7])=14.4, ϰ=[5.3, 5.8, 4.9], ∫ϰ²/L>=[6.0, 7.3, 8.0], C-C-Sep=0.20, ║∇J║=2.8e-03
-----On 18/20 Initial Guess Perturbations
Iteration 424/2000-----
J=1.3e-02, ⟨Jf⟩=1.3e-03, ⟨B·n⟩=8.1e-03, Len=sum([4.8, 4.9, 4.7])=14.4, ϰ=[5.3, 5.8, 4.9], ∫ϰ²/L>=[6.0, 7.3, 8.0], C-C-Sep=0.20, ║∇J║=2.7e-03
-----On 18/20 Initial Guess Perturbations
Iteration 425/2000-----
J=1.3e-02, ⟨Jf⟩=1.3e-03, ⟨B·n⟩=8.1e-03, Len=sum([4.8, 4.9, 4.7])=14.4, ϰ=[5.3, 5.8, 4.9], ∫ϰ²/L>=[6.0, 7.3, 8.1], C-C-Sep=0.20, ║∇J║=2.6e-03
-----On 18/20 Initial Guess Perturbations
Iteration 426/2000-----
J=1.3e-02, ⟨Jf⟩=1.3e-03, ⟨B·n⟩=8.1e-03, Len=sum([4.8, 4.9, 4.7])=14.4, ϰ=[5.3, 5.8, 4.9], ∫ϰ²/L>=[5.9, 7.3, 8.1], C-C-Sep=0.20, ║∇J║=2.7e-03
-----On 18/20 Initial Guess Perturbations
Iteration 427/2000-----
J=1.3e-02, ⟨Jf⟩=1.3e-03, ⟨B·n⟩=8.1e-03, Len=sum([4.8, 4.9, 4.7])=14.4, ϰ=[5.3, 5.8, 4.9], ∫ϰ²/L>=[5.9, 7.3, 8.1], C-C-Sep=0.20, ║∇J║=1.9e-03
-----On 18/20 Initial Guess Perturbations
Iteration 428/2000-----
J=1.3e-02, ⟨Jf⟩=1.3e-03, ⟨B·n⟩=8.1e-03, Len=sum([4.8, 4.9, 4.7])=14.4, ϰ=[5.3, 5.8, 4.9], ∫ϰ²/L>=[5.9, 7.3, 8.1], C-C-Sep=0.20, ║∇J║=1.7e-03
-----On 18/20 Initial Guess Perturbations
Iteration 429/2000-----
J=1.3e-02, ⟨Jf⟩=1.3e-03, ⟨B·n⟩=8.1e-03, Len=sum([4.8, 4.9, 4.7])=14.4, ϰ=[5.3, 5.8, 4.9], ∫ϰ²/L>=[5.9, 7.3, 8.1], C-C-Sep=0.20, ║∇J║=2.1e-03
-----On 18/20 Initial Guess Perturbations
Iteration 430/2000-----
J=1.3e-02, ⟨Jf⟩=1.3e-03, ⟨B·n⟩=8.1e-03, Len=sum([4.8, 4.9, 4.7])=14.4, ϰ=[5.2, 5.8, 4.9], ∫ϰ²/L>=[5.9, 7.3, 8.1], C-C-Sep=0.20, ║∇J║=2.1e-03
-----On 18/20 Initial Guess Perturbations
Iteration 431/2000-----
J=1.3e-02, ⟨Jf⟩=1.3e-03, ⟨B·n⟩=8.1e-03, Len=sum([4.8, 4.9, 4.7])=14.4, ϰ=[5.2, 5.8, 4.9], ∫ϰ²/L>=[5.9, 7.3, 8.1], C-C-Sep=0.20, ║∇J║=1.8e-03
-----On 18/20 Initial Guess Perturbations
Iteration 432/2000-----
J=1.3e-02, ⟨Jf⟩=1.3e-03, ⟨B·n⟩=8.1e-03, Len=sum([4.8, 4.9, 4.7])=14.4, ϰ=[5.2, 5.8, 4.9], ∫ϰ²/L>=[5.9, 7.3, 8.1], C-C-Sep=0.20, ║∇J║=1.8e-03
-----On 18/20 Initial Guess Perturbations
Iteration 433/2000-----
J=1.3e-02, ⟨Jf⟩=1.3e-03, ⟨B·n⟩=8.1e-03, Len=sum([4.8, 4.9, 4.7])=14.4, ϰ=[5.2, 5.8, 4.9], ∫ϰ²/L>=[5.9, 7.3, 8.1], C-C-Sep=0.20, ║∇J║=1.8e-03
-----On 18/20 Initial Guess Perturbations
Iteration 434/2000-----
J=1.3e-02, ⟨Jf⟩=1.3e-03, ⟨B·n⟩=8.1e-03, Len=sum([4.8, 4.9, 4.7])=14.4, ϰ=[5.2, 5.8, 4.9], ∫ϰ²/L>=[5.9, 7.3, 8.1], C-C-Sep=0.20, ║∇J║=1.4e-03
-----On 18/20 Initial Guess Perturbations
Iteration 435/2000-----
J=1.3e-02, ⟨Jf⟩=1.3e-03, ⟨B·n⟩=8.1e-03, Len=sum([4.8, 4.9, 4.7])=14.4, ϰ=[5.2, 5.8, 4.9], ∫ϰ²/L>=[5.9, 7.3, 8.1], C-C-Sep=0.20, ║∇J║=1.7e-03
-----On 18/20 Initial Guess Perturbations
Iteration 436/2000-----
J=1.3e-02, ⟨Jf⟩=1.3e-03, ⟨B·n⟩=8.1e-03, Len=sum([4.8, 4.9, 4.7])=14.4, ϰ=[5.2, 5.8, 4.9], ∫ϰ²/L>=[5.9, 7.3, 8.1], C-C-Sep=0.20, ║∇J║=1.7e-03
-----On 18/20 Initial Guess Perturbations
Iteration 437/2000-----
J=1.3e-02, ⟨Jf⟩=1.3e-03, ⟨B·n⟩=8.1e-03, Len=sum([4.8, 4.9, 4.7])=14.4, ϰ=[5.2, 5.8, 4.9], ∫ϰ²/L>=[5.9, 7.3, 8.1], C-C-Sep=0.20, ║∇J║=1.6e-03
-----On 18/20 Initial Guess Perturbations
Iteration 438/2000-----
J=1.3e-02, ⟨Jf⟩=1.3e-03, ⟨B·n⟩=8.1e-03, Len=sum([4.8, 4.9, 4.7])=14.4, ϰ=[5.2, 5.9, 4.9], ∫ϰ²/L>=[5.9, 7.3, 8.1], C-C-Sep=0.20, ║∇J║=1.9e-03
-----On 18/20 Initial Guess Perturbations
Iteration 439/2000-----
J=1.3e-02, ⟨Jf⟩=1.3e-03, ⟨B·n⟩=8.1e-03, Len=sum([4.8, 4.9, 4.7])=14.4, ϰ=[5.2, 5.9, 4.9], ∫ϰ²/L>=[5.9, 7.3, 8.1], C-C-Sep=0.20, ║∇J║=1.5e-03
-----On 18/20 Initial Guess Perturbations
Iteration 440/2000-----
J=1.3e-02, ⟨Jf⟩=1.3e-03, ⟨B·n⟩=8.1e-03, Len=sum([4.8, 4.9, 4.7])=14.4, ϰ=[5.2, 5.9, 4.9], ∫ϰ²/L>=[5.9, 7.3, 8.1], C-C-Sep=0.20, ║∇J║=1.2e-03
-----On 18/20 Initial Guess Perturbations
Iteration 441/2000-----
J=1.3e-02, ⟨Jf⟩=1.3e-03, ⟨B·n⟩=8.1e-03, Len=sum([4.8, 4.9, 4.7])=14.4, ϰ=[5.2, 5.9, 4.9], ∫ϰ²/L>=[5.9, 7.3, 8.1], C-C-Sep=0.20, ║∇J║=1.2e-03
-----On 18/20 Initial Guess Perturbations
Iteration 442/2000-----
J=1.3e-02, ⟨Jf⟩=1.3e-03, ⟨B·n⟩=8.1e-03, Len=sum([4.8, 4.9, 4.7])=14.4, ϰ=[5.2, 5.9, 4.9], ∫ϰ²/L>=[5.9, 7.3, 8.1], C-C-Sep=0.20, ║∇J║=1.4e-03
-----On 18/20 Initial Guess Perturbations
Iteration 443/2000-----
J=1.3e-02, ⟨Jf⟩=1.3e-03, ⟨B·n⟩=8.1e-03, Len=sum([4.8, 4.9, 4.7])=14.4, ϰ=[5.2, 5.9, 4.9], ∫ϰ²/L>=[5.9, 7.3, 8.1], C-C-Sep=0.20, ║∇J║=1.4e-03
-----On 18/20 Initial Guess Perturbations
Iteration 444/2000-----
J=1.3e-02, ⟨Jf⟩=1.3e-03, ⟨B·n⟩=8.1e-03, Len=sum([4.8, 4.9, 4.7])=14.4, ϰ=[5.2, 5.9, 4.9], ∫ϰ²/L>=[5.9, 7.3, 8.1], C-C-Sep=0.20, ║∇J║=1.6e-03
-----On 18/20 Initial Guess Perturbations
Iteration 445/2000-----
J=1.3e-02, ⟨Jf⟩=1.3e-03, ⟨B·n⟩=8.1e-03, Len=sum([4.8, 4.9, 4.7])=14.4, ϰ=[5.2, 5.9, 4.9], ∫ϰ²/L>=[5.9, 7.3, 8.1], C-C-Sep=0.20, ║∇J║=1.1e-03
-----On 18/20 Initial Guess Perturbations
Iteration 446/2000-----
J=1.3e-02, ⟨Jf⟩=1.3e-03, ⟨B·n⟩=8.1e-03, Len=sum([4.8, 4.9, 4.7])=14.4, ϰ=[5.2, 5.9, 4.9], ∫ϰ²/L>=[5.9, 7.3, 8.1], C-C-Sep=0.20, ║∇J║=1.1e-03
-----On 18/20 Initial Guess Perturbations
Iteration 447/2000-----
J=1.3e-02, ⟨Jf⟩=1.3e-03, ⟨B·n⟩=8.1e-03, Len=sum([4.8, 4.9, 4.7])=14.4, ϰ=[5.2, 5.9, 4.9], ∫ϰ²/L>=[5.9, 7.3, 8.1], C-C-Sep=0.20, ║∇J║=1.2e-03
-----On 18/20 Initial Guess Perturbations
Iteration 448/2000-----
J=1.3e-02, ⟨Jf⟩=1.3e-03, ⟨B·n⟩=8.1e-03, Len=sum([4.8, 4.9, 4.7])=14.4, ϰ=[5.2, 5.8, 4.9], ∫ϰ²/L>=[5.9, 7.3, 8.1], C-C-Sep=0.20, ║∇J║=1.7e-03
-----On 18/20 Initial Guess Perturbations
Iteration 449/2000-----
J=1.3e-02, ⟨Jf⟩=1.3e-03, ⟨B·n⟩=8.1e-03, Len=sum([4.8, 4.9, 4.7])=14.4, ϰ=[5.2, 5.8, 4.9], ∫ϰ²/L>=[5.9, 7.3, 8.1], C-C-Sep=0.20, ║∇J║=1.3e-03
-----On 18/20 Initial Guess Perturbations
Iteration 450/2000-----
J=1.3e-02, ⟨Jf⟩=1.3e-03, ⟨B·n⟩=8.1e-03, Len=sum([4.8, 4.9, 4.7])=14.4, ϰ=[5.2, 5.8, 4.9], ∫ϰ²/L>=[5.9, 7.3, 8.1], C-C-Sep=0.20, ║∇J║=1.3e-03
-----On 18/20 Initial Guess Perturbations
Iteration 451/2000-----
J=1.3e-02, ⟨Jf⟩=1.3e-03, ⟨B·n⟩=8.1e-03, Len=sum([4.8, 4.9, 4.7])=14.4, ϰ=[5.2, 5.8, 4.9], ∫ϰ²/L>=[5.9, 7.3, 8.1], C-C-Sep=0.20, ║∇J║=1.5e-03
-----On 18/20 Initial Guess Perturbations
Iteration 452/2000-----
J=1.3e-02, ⟨Jf⟩=1.3e-03, ⟨B·n⟩=8.1e-03, Len=sum([4.8, 4.9, 4.7])=14.4, ϰ=[5.2, 5.8, 4.9], ∫ϰ²/L>=[5.9, 7.3, 8.1], C-C-Sep=0.20, ║∇J║=1.1e-03
-----On 18/20 Initial Guess Perturbations
Iteration 453/2000-----
J=1.3e-02, ⟨Jf⟩=1.3e-03, ⟨B·n⟩=8.1e-03, Len=sum([4.8, 4.9, 4.7])=14.4, ϰ=[5.2, 5.8, 4.9], ∫ϰ²/L>=[5.9, 7.3, 8.1], C-C-Sep=0.20, ║∇J║=9.7e-04
-----On 18/20 Initial Guess Perturbations
Iteration 454/2000-----
J=1.3e-02, ⟨Jf⟩=1.3e-03, ⟨B·n⟩=8.1e-03, Len=sum([4.8, 4.9, 4.7])=14.4, ϰ=[5.2, 5.8, 4.9], ∫ϰ²/L>=[5.9, 7.3, 8.1], C-C-Sep=0.20, ║∇J║=1.3e-03
-----On 18/20 Initial Guess Perturbations
Iteration 455/2000-----
J=1.3e-02, ⟨Jf⟩=1.3e-03, ⟨B·n⟩=8.1e-03, Len=sum([4.8, 4.9, 4.7])=14.4, ϰ=[5.2, 5.8, 4.9], ∫ϰ²/L>=[5.9, 7.3, 8.1], C-C-Sep=0.20, ║∇J║=1.0e-03
-----On 18/20 Initial Guess Perturbations
Iteration 456/2000-----
J=1.3e-02, ⟨Jf⟩=1.3e-03, ⟨B·n⟩=8.1e-03, Len=sum([4.8, 4.9, 4.7])=14.4, ϰ=[5.2, 5.8, 4.9], ∫ϰ²/L>=[5.9, 7.3, 8.1], C-C-Sep=0.20, ║∇J║=9.8e-04
-----On 18/20 Initial Guess Perturbations
Iteration 457/2000-----
J=1.3e-02, ⟨Jf⟩=1.3e-03, ⟨B·n⟩=8.1e-03, Len=sum([4.8, 4.9, 4.7])=14.4, ϰ=[5.2, 5.8, 4.9], ∫ϰ²/L>=[5.9, 7.3, 8.1], C-C-Sep=0.20, ║∇J║=1.2e-03
-----On 18/20 Initial Guess Perturbations
Iteration 458/2000-----
J=1.3e-02, ⟨Jf⟩=1.3e-03, ⟨B·n⟩=8.1e-03, Len=sum([4.8, 4.9, 4.7])=14.4, ϰ=[5.2, 5.8, 4.9], ∫ϰ²/L>=[5.9, 7.3, 8.1], C-C-Sep=0.20, ║∇J║=1.2e-03
-----On 18/20 Initial Guess Perturbations
Iteration 459/2000-----
J=1.3e-02, ⟨Jf⟩=1.3e-03, ⟨B·n⟩=8.1e-03, Len=sum([4.8, 4.9, 4.7])=14.4, ϰ=[5.2, 5.8, 4.9], ∫ϰ²/L>=[5.9, 7.3, 8.1], C-C-Sep=0.20, ║∇J║=9.0e-04
-----On 18/20 Initial Guess Perturbations
Iteration 460/2000-----
J=1.3e-02, ⟨Jf⟩=1.3e-03, ⟨B·n⟩=8.1e-03, Len=sum([4.8, 4.9, 4.7])=14.4, ϰ=[5.2, 5.8, 4.9], ∫ϰ²/L>=[5.9, 7.3, 8.1], C-C-Sep=0.20, ║∇J║=8.8e-04
-----On 18/20 Initial Guess Perturbations
Iteration 461/2000-----
J=1.3e-02, ⟨Jf⟩=1.3e-03, ⟨B·n⟩=8.1e-03, Len=sum([4.8, 4.9, 4.7])=14.4, ϰ=[5.3, 5.8, 4.9], ∫ϰ²/L>=[5.9, 7.3, 8.1], C-C-Sep=0.20, ║∇J║=1.1e-03
-----On 18/20 Initial Guess Perturbations
Iteration 462/2000-----
J=1.3e-02, ⟨Jf⟩=1.3e-03, ⟨B·n⟩=8.1e-03, Len=sum([4.8, 4.9, 4.7])=14.4, ϰ=[5.3, 5.8, 4.9], ∫ϰ²/L>=[5.9, 7.3, 8.1], C-C-Sep=0.20, ║∇J║=1.2e-03
-----On 18/20 Initial Guess Perturbations
Iteration 463/2000-----
J=1.3e-02, ⟨Jf⟩=1.3e-03, ⟨B·n⟩=8.1e-03, Len=sum([4.8, 4.9, 4.7])=14.4, ϰ=[5.3, 5.8, 4.9], ∫ϰ²/L>=[5.9, 7.3, 8.1], C-C-Sep=0.20, ║∇J║=1.1e-03
-----On 18/20 Initial Guess Perturbations
Iteration 464/2000-----
J=1.3e-02, ⟨Jf⟩=1.3e-03, ⟨B·n⟩=8.1e-03, Len=sum([4.8, 4.9, 4.7])=14.4, ϰ=[5.3, 5.8, 4.9], ∫ϰ²/L>=[5.9, 7.3, 8.1], C-C-Sep=0.20, ║∇J║=8.7e-04
-----On 18/20 Initial Guess Perturbations
Iteration 465/2000-----
J=1.3e-02, ⟨Jf⟩=1.3e-03, ⟨B·n⟩=8.1e-03, Len=sum([4.8, 4.9, 4.7])=14.4, ϰ=[5.3, 5.8, 4.9], ∫ϰ²/L>=[5.9, 7.3, 8.1], C-C-Sep=0.20, ║∇J║=8.6e-04
-----On 18/20 Initial Guess Perturbations
Iteration 466/2000-----
J=1.3e-02, ⟨Jf⟩=1.3e-03, ⟨B·n⟩=8.1e-03, Len=sum([4.8, 4.9, 4.7])=14.4, ϰ=[5.2, 5.8, 4.9], ∫ϰ²/L>=[5.9, 7.3, 8.1], C-C-Sep=0.20, ║∇J║=8.9e-04
-----On 18/20 Initial Guess Perturbations
Iteration 467/2000-----
J=1.3e-02, ⟨Jf⟩=1.3e-03, ⟨B·n⟩=8.1e-03, Len=sum([4.8, 4.9, 4.7])=14.4, ϰ=[5.2, 5.8, 4.9], ∫ϰ²/L>=[5.9, 7.3, 8.1], C-C-Sep=0.20, ║∇J║=7.9e-04
-----On 18/20 Initial Guess Perturbations
Iteration 468/2000-----
J=1.3e-02, ⟨Jf⟩=1.3e-03, ⟨B·n⟩=8.1e-03, Len=sum([4.8, 4.9, 4.7])=14.4, ϰ=[5.2, 5.8, 4.8], ∫ϰ²/L>=[5.9, 7.3, 8.1], C-C-Sep=0.20, ║∇J║=8.1e-04
-----On 18/20 Initial Guess Perturbations
Iteration 469/2000-----
J=1.3e-02, ⟨Jf⟩=1.3e-03, ⟨B·n⟩=8.1e-03, Len=sum([4.8, 4.9, 4.7])=14.4, ϰ=[5.2, 5.8, 4.8], ∫ϰ²/L>=[5.9, 7.3, 8.1], C-C-Sep=0.20, ║∇J║=7.5e-04
-----On 18/20 Initial Guess Perturbations
Iteration 470/2000-----
J=1.3e-02, ⟨Jf⟩=1.3e-03, ⟨B·n⟩=8.1e-03, Len=sum([4.8, 4.9, 4.7])=14.4, ϰ=[5.2, 5.8, 4.8], ∫ϰ²/L>=[5.9, 7.3, 8.1], C-C-Sep=0.20, ║∇J║=7.3e-04
-----On 18/20 Initial Guess Perturbations
Iteration 471/2000-----
J=1.3e-02, ⟨Jf⟩=1.3e-03, ⟨B·n⟩=8.1e-03, Len=sum([4.8, 4.9, 4.7])=14.4, ϰ=[5.3, 5.8, 4.8], ∫ϰ²/L>=[5.9, 7.3, 8.1], C-C-Sep=0.20, ║∇J║=7.7e-04
-----On 18/20 Initial Guess Perturbations
Iteration 472/2000-----
J=1.3e-02, ⟨Jf⟩=1.3e-03, ⟨B·n⟩=8.1e-03, Len=sum([4.8, 4.9, 4.7])=14.4, ϰ=[5.3, 5.8, 4.8], ∫ϰ²/L>=[5.9, 7.3, 8.1], C-C-Sep=0.20, ║∇J║=9.1e-04
-----On 18/20 Initial Guess Perturbations
Iteration 473/2000-----
J=1.3e-02, ⟨Jf⟩=1.3e-03, ⟨B·n⟩=8.1e-03, Len=sum([4.8, 4.9, 4.7])=14.4, ϰ=[5.3, 5.8, 4.8], ∫ϰ²/L>=[5.9, 7.3, 8.1], C-C-Sep=0.20, ║∇J║=6.0e-04
-----On 18/20 Initial Guess Perturbations
Iteration 474/2000-----
J=1.3e-02, ⟨Jf⟩=1.3e-03, ⟨B·n⟩=8.1e-03, Len=sum([4.8, 4.9, 4.7])=14.4, ϰ=[5.3, 5.8, 4.8], ∫ϰ²/L>=[5.9, 7.3, 8.1], C-C-Sep=0.20, ║∇J║=6.4e-04
-----On 18/20 Initial Guess Perturbations
Iteration 475/2000-----
J=1.3e-02, ⟨Jf⟩=1.3e-03, ⟨B·n⟩=8.1e-03, Len=sum([4.8, 4.9, 4.7])=14.4, ϰ=[5.3, 5.9, 4.8], ∫ϰ²/L>=[5.9, 7.3, 8.1], C-C-Sep=0.20, ║∇J║=8.1e-04
-----On 18/20 Initial Guess Perturbations
Iteration 476/2000-----
J=1.3e-02, ⟨Jf⟩=1.3e-03, ⟨B·n⟩=8.1e-03, Len=sum([4.8, 4.9, 4.7])=14.4, ϰ=[5.3, 5.9, 4.8], ∫ϰ²/L>=[5.9, 7.3, 8.1], C-C-Sep=0.20, ║∇J║=8.9e-04
-----On 18/20 Initial Guess Perturbations
Iteration 477/2000-----
J=1.3e-02, ⟨Jf⟩=1.3e-03, ⟨B·n⟩=8.1e-03, Len=sum([4.8, 4.9, 4.7])=14.4, ϰ=[5.3, 5.9, 4.8], ∫ϰ²/L>=[5.9, 7.3, 8.1], C-C-Sep=0.20, ║∇J║=6.8e-04
-----On 18/20 Initial Guess Perturbations
Iteration 478/2000-----
J=1.3e-02, ⟨Jf⟩=1.3e-03, ⟨B·n⟩=8.1e-03, Len=sum([4.8, 4.9, 4.7])=14.4, ϰ=[5.3, 5.9, 4.8], ∫ϰ²/L>=[5.9, 7.3, 8.1], C-C-Sep=0.20, ║∇J║=6.2e-04
-----On 18/20 Initial Guess Perturbations
Iteration 479/2000-----
J=1.3e-02, ⟨Jf⟩=1.3e-03, ⟨B·n⟩=8.1e-03, Len=sum([4.8, 4.9, 4.7])=14.4, ϰ=[5.3, 5.9, 4.8], ∫ϰ²/L>=[5.9, 7.3, 8.1], C-C-Sep=0.20, ║∇J║=7.8e-04
-----On 18/20 Initial Guess Perturbations
Iteration 480/2000-----
J=1.3e-02, ⟨Jf⟩=1.3e-03, ⟨B·n⟩=8.1e-03, Len=sum([4.8, 4.9, 4.7])=14.4, ϰ=[5.3, 5.9, 4.8], ∫ϰ²/L>=[5.9, 7.3, 8.1], C-C-Sep=0.20, ║∇J║=6.3e-04
-----On 18/20 Initial Guess Perturbations
Iteration 481/2000-----
J=1.3e-02, ⟨Jf⟩=1.3e-03, ⟨B·n⟩=8.1e-03, Len=sum([4.8, 4.9, 4.7])=14.4, ϰ=[5.3, 5.9, 4.8], ∫ϰ²/L>=[5.9, 7.3, 8.1], C-C-Sep=0.20, ║∇J║=5.9e-04
-----On 18/20 Initial Guess Perturbations
Iteration 482/2000-----
J=1.3e-02, ⟨Jf⟩=1.3e-03, ⟨B·n⟩=8.1e-03, Len=sum([4.8, 4.9, 4.7])=14.4, ϰ=[5.3, 5.9, 4.8], ∫ϰ²/L>=[5.9, 7.3, 8.0], C-C-Sep=0.20, ║∇J║=6.3e-04
-----On 18/20 Initial Guess Perturbations
Iteration 483/2000-----
J=1.3e-02, ⟨Jf⟩=1.3e-03, ⟨B·n⟩=8.1e-03, Len=sum([4.8, 4.9, 4.7])=14.4, ϰ=[5.3, 5.9, 4.8], ∫ϰ²/L>=[5.9, 7.3, 8.0], C-C-Sep=0.20, ║∇J║=8.2e-04
-----On 18/20 Initial Guess Perturbations
Iteration 484/2000-----
J=1.3e-02, ⟨Jf⟩=1.3e-03, ⟨B·n⟩=8.1e-03, Len=sum([4.8, 4.9, 4.7])=14.4, ϰ=[5.3, 5.9, 4.8], ∫ϰ²/L>=[5.9, 7.3, 8.0], C-C-Sep=0.20, ║∇J║=6.2e-04
-----On 18/20 Initial Guess Perturbations
Iteration 485/2000-----
J=1.3e-02, ⟨Jf⟩=1.3e-03, ⟨B·n⟩=8.1e-03, Len=sum([4.8, 4.9, 4.7])=14.4, ϰ=[5.3, 5.9, 4.8], ∫ϰ²/L>=[5.9, 7.3, 8.0], C-C-Sep=0.20, ║∇J║=5.1e-04
-----On 18/20 Initial Guess Perturbations
Iteration 486/2000-----
J=1.3e-02, ⟨Jf⟩=1.3e-03, ⟨B·n⟩=8.1e-03, Len=sum([4.8, 4.9, 4.7])=14.4, ϰ=[5.3, 5.9, 4.8], ∫ϰ²/L>=[5.9, 7.3, 8.0], C-C-Sep=0.20, ║∇J║=5.6e-04
-----On 18/20 Initial Guess Perturbations
Iteration 487/2000-----
J=1.3e-02, ⟨Jf⟩=1.3e-03, ⟨B·n⟩=8.1e-03, Len=sum([4.8, 4.9, 4.7])=14.4, ϰ=[5.3, 5.9, 4.8], ∫ϰ²/L>=[5.9, 7.3, 8.0], C-C-Sep=0.20, ║∇J║=6.1e-04
-----On 18/20 Initial Guess Perturbations
Iteration 488/2000-----
J=1.3e-02, ⟨Jf⟩=1.3e-03, ⟨B·n⟩=8.1e-03, Len=sum([4.8, 4.9, 4.7])=14.4, ϰ=[5.3, 5.9, 4.8], ∫ϰ²/L>=[5.9, 7.3, 8.0], C-C-Sep=0.20, ║∇J║=5.8e-04
-----On 18/20 Initial Guess Perturbations
Iteration 489/2000-----
J=1.3e-02, ⟨Jf⟩=1.3e-03, ⟨B·n⟩=8.1e-03, Len=sum([4.8, 4.9, 4.7])=14.4, ϰ=[5.3, 5.9, 4.8], ∫ϰ²/L>=[5.9, 7.3, 8.0], C-C-Sep=0.20, ║∇J║=4.9e-04
-----On 18/20 Initial Guess Perturbations
Iteration 490/2000-----
J=1.3e-02, ⟨Jf⟩=1.3e-03, ⟨B·n⟩=8.1e-03, Len=sum([4.8, 4.9, 4.7])=14.4, ϰ=[5.2, 5.8, 4.8], ∫ϰ²/L>=[5.9, 7.3, 8.0], C-C-Sep=0.20, ║∇J║=4.5e-04
-----On 18/20 Initial Guess Perturbations
Iteration 491/2000-----
J=1.3e-02, ⟨Jf⟩=1.3e-03, ⟨B·n⟩=8.1e-03, Len=sum([4.8, 4.9, 4.7])=14.4, ϰ=[5.2, 5.8, 4.8], ∫ϰ²/L>=[5.9, 7.3, 8.0], C-C-Sep=0.20, ║∇J║=4.6e-04
-----On 18/20 Initial Guess Perturbations
Iteration 492/2000-----
J=1.3e-02, ⟨Jf⟩=1.3e-03, ⟨B·n⟩=8.1e-03, Len=sum([4.8, 4.9, 4.7])=14.4, ϰ=[5.2, 5.8, 4.8], ∫ϰ²/L>=[5.9, 7.3, 8.0], C-C-Sep=0.20, ║∇J║=5.4e-04
-----On 18/20 Initial Guess Perturbations
Iteration 493/2000-----
J=1.3e-02, ⟨Jf⟩=1.3e-03, ⟨B·n⟩=8.1e-03, Len=sum([4.8, 4.9, 4.7])=14.4, ϰ=[5.2, 5.8, 4.8], ∫ϰ²/L>=[5.9, 7.3, 8.0], C-C-Sep=0.20, ║∇J║=4.1e-04
-----On 18/20 Initial Guess Perturbations
Iteration 494/2000-----
J=1.3e-02, ⟨Jf⟩=1.3e-03, ⟨B·n⟩=8.1e-03, Len=sum([4.8, 4.9, 4.7])=14.4, ϰ=[5.2, 5.8, 4.8], ∫ϰ²/L>=[5.9, 7.3, 8.0], C-C-Sep=0.20, ║∇J║=4.3e-04
-----On 18/20 Initial Guess Perturbations
Iteration 495/2000-----
J=1.3e-02, ⟨Jf⟩=1.3e-03, ⟨B·n⟩=8.1e-03, Len=sum([4.8, 4.9, 4.7])=14.4, ϰ=[5.2, 5.8, 4.8], ∫ϰ²/L>=[5.9, 7.3, 8.0], C-C-Sep=0.20, ║∇J║=4.9e-04
-----On 18/20 Initial Guess Perturbations
Iteration 496/2000-----
J=1.3e-02, ⟨Jf⟩=1.3e-03, ⟨B·n⟩=8.1e-03, Len=sum([4.8, 4.9, 4.7])=14.4, ϰ=[5.2, 5.8, 4.8], ∫ϰ²/L>=[5.9, 7.3, 8.0], C-C-Sep=0.20, ║∇J║=4.9e-04
-----On 18/20 Initial Guess Perturbations
Iteration 497/2000-----
J=1.3e-02, ⟨Jf⟩=1.3e-03, ⟨B·n⟩=8.1e-03, Len=sum([4.8, 4.9, 4.7])=14.4, ϰ=[5.2, 5.8, 4.8], ∫ϰ²/L>=[5.9, 7.3, 8.0], C-C-Sep=0.20, ║∇J║=3.8e-04
-----On 18/20 Initial Guess Perturbations
Iteration 498/2000-----
J=1.3e-02, ⟨Jf⟩=1.3e-03, ⟨B·n⟩=8.1e-03, Len=sum([4.8, 4.9, 4.7])=14.4, ϰ=[5.2, 5.8, 4.8], ∫ϰ²/L>=[5.9, 7.3, 8.0], C-C-Sep=0.20, ║∇J║=4.0e-04
-----On 18/20 Initial Guess Perturbations
Iteration 499/2000-----
J=1.3e-02, ⟨Jf⟩=1.3e-03, ⟨B·n⟩=8.1e-03, Len=sum([4.8, 4.9, 4.7])=14.4, ϰ=[5.2, 5.8, 4.8], ∫ϰ²/L>=[5.9, 7.3, 8.0], C-C-Sep=0.20, ║∇J║=4.4e-04
-----On 18/20 Initial Guess Perturbations
Iteration 500/2000-----
J=1.3e-02, ⟨Jf⟩=1.3e-03, ⟨B·n⟩=8.1e-03, Len=sum([4.8, 4.9, 4.7])=14.4, ϰ=[5.2, 5.8, 4.8], ∫ϰ²/L>=[5.9, 7.3, 8.0], C-C-Sep=0.20, ║∇J║=7.4e-04
-----On 18/20 Initial Guess Perturbations
Iteration 501/2000-----
J=1.3e-02, ⟨Jf⟩=1.3e-03, ⟨B·n⟩=8.1e-03, Len=sum([4.8, 4.9, 4.7])=14.4, ϰ=[5.2, 5.8, 4.8], ∫ϰ²/L>=[5.9, 7.3, 8.0], C-C-Sep=0.20, ║∇J║=3.1e-04
-----On 18/20 Initial Guess Perturbations
Iteration 502/2000-----
J=1.3e-02, ⟨Jf⟩=1.3e-03, ⟨B·n⟩=8.1e-03, Len=sum([4.8, 4.9, 4.7])=14.4, ϰ=[5.2, 5.8, 4.8], ∫ϰ²/L>=[5.9, 7.3, 8.0], C-C-Sep=0.20, ║∇J║=3.0e-04
-----On 18/20 Initial Guess Perturbations
Iteration 503/2000-----
J=1.3e-02, ⟨Jf⟩=1.3e-03, ⟨B·n⟩=8.1e-03, Len=sum([4.8, 4.9, 4.7])=14.4, ϰ=[5.2, 5.8, 4.8], ∫ϰ²/L>=[5.9, 7.3, 8.0], C-C-Sep=0.20, ║∇J║=3.5e-04
-----On 18/20 Initial Guess Perturbations
Iteration 504/2000-----
J=1.3e-02, ⟨Jf⟩=1.3e-03, ⟨B·n⟩=8.1e-03, Len=sum([4.8, 4.9, 4.7])=14.4, ϰ=[5.2, 5.8, 4.8], ∫ϰ²/L>=[5.9, 7.3, 8.0], C-C-Sep=0.20, ║∇J║=3.6e-04
-----On 18/20 Initial Guess Perturbations
Iteration 505/2000-----
J=1.3e-02, ⟨Jf⟩=1.3e-03, ⟨B·n⟩=8.1e-03, Len=sum([4.8, 4.9, 4.7])=14.4, ϰ=[5.3, 5.8, 4.8], ∫ϰ²/L>=[5.9, 7.3, 8.0], C-C-Sep=0.20, ║∇J║=5.8e-04
-----On 18/20 Initial Guess Perturbations
Iteration 506/2000-----
J=1.3e-02, ⟨Jf⟩=1.3e-03, ⟨B·n⟩=8.1e-03, Len=sum([4.8, 4.9, 4.7])=14.4, ϰ=[5.3, 5.8, 4.8], ∫ϰ²/L>=[5.9, 7.3, 8.0], C-C-Sep=0.20, ║∇J║=2.9e-04
-----On 18/20 Initial Guess Perturbations
Iteration 507/2000-----
J=1.3e-02, ⟨Jf⟩=1.3e-03, ⟨B·n⟩=8.1e-03, Len=sum([4.8, 4.9, 4.7])=14.4, ϰ=[5.2, 5.8, 4.8], ∫ϰ²/L>=[5.9, 7.3, 8.0], C-C-Sep=0.20, ║∇J║=2.7e-04
-----On 18/20 Initial Guess Perturbations
Iteration 508/2000-----
J=1.3e-02, ⟨Jf⟩=1.3e-03, ⟨B·n⟩=8.1e-03, Len=sum([4.8, 4.9, 4.7])=14.4, ϰ=[5.2, 5.8, 4.8], ∫ϰ²/L>=[5.9, 7.3, 8.0], C-C-Sep=0.20, ║∇J║=2.8e-04
-----On 18/20 Initial Guess Perturbations
Iteration 509/2000-----
J=1.3e-02, ⟨Jf⟩=1.3e-03, ⟨B·n⟩=8.1e-03, Len=sum([4.8, 4.9, 4.7])=14.4, ϰ=[5.2, 5.8, 4.8], ∫ϰ²/L>=[5.9, 7.3, 8.0], C-C-Sep=0.20, ║∇J║=3.8e-04
-----On 18/20 Initial Guess Perturbations
Iteration 510/2000-----
J=1.3e-02, ⟨Jf⟩=1.3e-03, ⟨B·n⟩=8.1e-03, Len=sum([4.8, 4.9, 4.7])=14.4, ϰ=[5.2, 5.8, 4.8], ∫ϰ²/L>=[5.9, 7.3, 8.0], C-C-Sep=0.20, ║∇J║=3.3e-04
-----On 18/20 Initial Guess Perturbations
Iteration 511/2000-----
J=1.3e-02, ⟨Jf⟩=1.3e-03, ⟨B·n⟩=8.1e-03, Len=sum([4.8, 4.9, 4.7])=14.4, ϰ=[5.2, 5.8, 4.8], ∫ϰ²/L>=[5.9, 7.3, 8.0], C-C-Sep=0.20, ║∇J║=2.4e-04
-----On 18/20 Initial Guess Perturbations
Iteration 512/2000-----
J=1.3e-02, ⟨Jf⟩=1.3e-03, ⟨B·n⟩=8.1e-03, Len=sum([4.8, 4.9, 4.7])=14.4, ϰ=[5.2, 5.8, 4.8], ∫ϰ²/L>=[5.9, 7.3, 8.0], C-C-Sep=0.20, ║∇J║=2.5e-04
-----On 18/20 Initial Guess Perturbations
Iteration 513/2000-----
J=1.3e-02, ⟨Jf⟩=1.3e-03, ⟨B·n⟩=8.1e-03, Len=sum([4.8, 4.9, 4.7])=14.4, ϰ=[5.2, 5.8, 4.8], ∫ϰ²/L>=[5.9, 7.3, 8.0], C-C-Sep=0.20, ║∇J║=3.5e-04
-----On 18/20 Initial Guess Perturbations
Iteration 514/2000-----
J=1.3e-02, ⟨Jf⟩=1.3e-03, ⟨B·n⟩=8.1e-03, Len=sum([4.8, 4.9, 4.7])=14.4, ϰ=[5.2, 5.8, 4.8], ∫ϰ²/L>=[5.9, 7.3, 8.0], C-C-Sep=0.20, ║∇J║=3.7e-04
-----On 18/20 Initial Guess Perturbations
Iteration 515/2000-----
J=1.3e-02, ⟨Jf⟩=1.3e-03, ⟨B·n⟩=8.1e-03, Len=sum([4.8, 4.9, 4.7])=14.4, ϰ=[5.2, 5.8, 4.8], ∫ϰ²/L>=[5.9, 7.3, 8.0], C-C-Sep=0.20, ║∇J║=2.9e-04
-----On 18/20 Initial Guess Perturbations
Iteration 516/2000-----
J=1.3e-02, ⟨Jf⟩=1.3e-03, ⟨B·n⟩=8.1e-03, Len=sum([4.8, 4.9, 4.7])=14.4, ϰ=[5.2, 5.8, 4.8], ∫ϰ²/L>=[5.9, 7.3, 8.0], C-C-Sep=0.20, ║∇J║=2.4e-04
-----On 18/20 Initial Guess Perturbations
Iteration 517/2000-----
J=1.3e-02, ⟨Jf⟩=1.3e-03, ⟨B·n⟩=8.1e-03, Len=sum([4.8, 4.9, 4.7])=14.4, ϰ=[5.2, 5.8, 4.8], ∫ϰ²/L>=[5.9, 7.3, 8.0], C-C-Sep=0.20, ║∇J║=2.5e-04
-----On 18/20 Initial Guess Perturbations
Iteration 518/2000-----
J=1.3e-02, ⟨Jf⟩=1.3e-03, ⟨B·n⟩=8.1e-03, Len=sum([4.8, 4.9, 4.7])=14.4, ϰ=[5.2, 5.8, 4.8], ∫ϰ²/L>=[5.9, 7.3, 8.0], C-C-Sep=0.20, ║∇J║=3.6e-04
-----On 18/20 Initial Guess Perturbations
Iteration 519/2000-----
J=1.3e-02, ⟨Jf⟩=1.3e-03, ⟨B·n⟩=8.1e-03, Len=sum([4.8, 4.9, 4.7])=14.4, ϰ=[5.2, 5.8, 4.8], ∫ϰ²/L>=[5.9, 7.3, 8.0], C-C-Sep=0.20, ║∇J║=2.4e-04
-----On 18/20 Initial Guess Perturbations
Iteration 520/2000-----
J=1.3e-02, ⟨Jf⟩=1.3e-03, ⟨B·n⟩=8.1e-03, Len=sum([4.8, 4.9, 4.7])=14.4, ϰ=[5.2, 5.8, 4.8], ∫ϰ²/L>=[5.9, 7.3, 8.0], C-C-Sep=0.20, ║∇J║=2.4e-04
-----On 18/20 Initial Guess Perturbations
Iteration 521/2000-----
J=1.3e-02, ⟨Jf⟩=1.3e-03, ⟨B·n⟩=8.1e-03, Len=sum([4.8, 4.9, 4.7])=14.4, ϰ=[5.2, 5.8, 4.8], ∫ϰ²/L>=[5.9, 7.3, 8.0], C-C-Sep=0.20, ║∇J║=3.0e-04
-----On 18/20 Initial Guess Perturbations
Iteration 522/2000-----
J=1.3e-02, ⟨Jf⟩=1.3e-03, ⟨B·n⟩=8.1e-03, Len=sum([4.8, 4.9, 4.7])=14.4, ϰ=[5.2, 5.8, 4.8], ∫ϰ²/L>=[5.9, 7.3, 8.0], C-C-Sep=0.20, ║∇J║=2.9e-04
-----On 18/20 Initial Guess Perturbations
Iteration 523/2000-----
J=1.3e-02, ⟨Jf⟩=1.3e-03, ⟨B·n⟩=8.1e-03, Len=sum([4.8, 4.9, 4.7])=14.4, ϰ=[5.2, 5.8, 4.8], ∫ϰ²/L>=[5.9, 7.3, 8.0], C-C-Sep=0.20, ║∇J║=2.2e-04
-----On 18/20 Initial Guess Perturbations
Iteration 524/2000-----
J=1.3e-02, ⟨Jf⟩=1.3e-03, ⟨B·n⟩=8.1e-03, Len=sum([4.8, 4.9, 4.7])=14.4, ϰ=[5.2, 5.8, 4.8], ∫ϰ²/L>=[5.9, 7.3, 8.0], C-C-Sep=0.20, ║∇J║=2.4e-04
-----On 18/20 Initial Guess Perturbations
Iteration 525/2000-----
J=1.3e-02, ⟨Jf⟩=1.3e-03, ⟨B·n⟩=8.1e-03, Len=sum([4.8, 4.9, 4.7])=14.4, ϰ=[5.2, 5.8, 4.8], ∫ϰ²/L>=[5.9, 7.3, 8.0], C-C-Sep=0.20, ║∇J║=3.1e-04
-----On 18/20 Initial Guess Perturbations
Iteration 526/2000-----
J=1.3e-02, ⟨Jf⟩=1.3e-03, ⟨B·n⟩=8.1e-03, Len=sum([4.8, 4.9, 4.7])=14.4, ϰ=[5.2, 5.8, 4.8], ∫ϰ²/L>=[5.9, 7.3, 8.0], C-C-Sep=0.20, ║∇J║=2.7e-04
-----On 18/20 Initial Guess Perturbations
Iteration 527/2000-----
J=1.3e-02, ⟨Jf⟩=1.3e-03, ⟨B·n⟩=8.1e-03, Len=sum([4.8, 4.9, 4.7])=14.4, ϰ=[5.2, 5.8, 4.8], ∫ϰ²/L>=[5.9, 7.3, 8.0], C-C-Sep=0.20, ║∇J║=2.6e-04
-----On 18/20 Initial Guess Perturbations
Iteration 528/2000-----
J=1.3e-02, ⟨Jf⟩=1.3e-03, ⟨B·n⟩=8.1e-03, Len=sum([4.8, 4.9, 4.7])=14.4, ϰ=[5.3, 5.8, 4.8], ∫ϰ²/L>=[5.9, 7.3, 8.0], C-C-Sep=0.20, ║∇J║=3.7e-04
-----On 18/20 Initial Guess Perturbations
Iteration 529/2000-----
J=1.3e-02, ⟨Jf⟩=1.3e-03, ⟨B·n⟩=8.1e-03, Len=sum([4.8, 4.9, 4.7])=14.4, ϰ=[5.3, 5.8, 4.8], ∫ϰ²/L>=[5.9, 7.3, 8.0], C-C-Sep=0.20, ║∇J║=2.4e-04
-----On 18/20 Initial Guess Perturbations
Iteration 530/2000-----
J=1.3e-02, ⟨Jf⟩=1.3e-03, ⟨B·n⟩=8.1e-03, Len=sum([4.8, 4.9, 4.7])=14.4, ϰ=[5.3, 5.8, 4.8], ∫ϰ²/L>=[5.9, 7.3, 8.0], C-C-Sep=0.20, ║∇J║=2.4e-04
-----On 18/20 Initial Guess Perturbations
Iteration 531/2000-----
J=1.3e-02, ⟨Jf⟩=1.3e-03, ⟨B·n⟩=8.1e-03, Len=sum([4.8, 4.9, 4.7])=14.4, ϰ=[5.3, 5.8, 4.8], ∫ϰ²/L>=[5.9, 7.3, 8.0], C-C-Sep=0.20, ║∇J║=2.6e-04
-----On 18/20 Initial Guess Perturbations
Iteration 532/2000-----
J=1.3e-02, ⟨Jf⟩=1.3e-03, ⟨B·n⟩=8.1e-03, Len=sum([4.8, 4.9, 4.7])=14.4, ϰ=[5.2, 5.8, 4.8], ∫ϰ²/L>=[5.9, 7.3, 8.0], C-C-Sep=0.20, ║∇J║=4.7e-04
-----On 18/20 Initial Guess Perturbations
Iteration 533/2000-----
J=1.3e-02, ⟨Jf⟩=1.3e-03, ⟨B·n⟩=8.1e-03, Len=sum([4.8, 4.9, 4.7])=14.4, ϰ=[5.2, 5.8, 4.9], ∫ϰ²/L>=[5.9, 7.3, 8.0], C-C-Sep=0.20, ║∇J║=2.2e-04
-----On 18/20 Initial Guess Perturbations
Iteration 534/2000-----
J=1.3e-02, ⟨Jf⟩=1.3e-03, ⟨B·n⟩=8.1e-03, Len=sum([4.8, 4.9, 4.7])=14.4, ϰ=[5.2, 5.8, 4.9], ∫ϰ²/L>=[5.9, 7.3, 8.0], C-C-Sep=0.20, ║∇J║=2.0e-04
-----On 18/20 Initial Guess Perturbations
Iteration 535/2000-----
J=1.3e-02, ⟨Jf⟩=1.3e-03, ⟨B·n⟩=8.1e-03, Len=sum([4.8, 4.9, 4.7])=14.4, ϰ=[5.2, 5.8, 4.9], ∫ϰ²/L>=[5.9, 7.3, 8.0], C-C-Sep=0.20, ║∇J║=2.2e-04
-----On 18/20 Initial Guess Perturbations
Iteration 536/2000-----
J=1.3e-02, ⟨Jf⟩=1.3e-03, ⟨B·n⟩=8.1e-03, Len=sum([4.8, 4.9, 4.7])=14.4, ϰ=[5.2, 5.8, 4.8], ∫ϰ²/L>=[5.9, 7.3, 8.0], C-C-Sep=0.20, ║∇J║=3.7e-04
-----On 18/20 Initial Guess Perturbations
Iteration 537/2000-----
J=1.3e-02, ⟨Jf⟩=1.3e-03, ⟨B·n⟩=8.1e-03, Len=sum([4.8, 4.9, 4.7])=14.4, ϰ=[5.2, 5.8, 4.8], ∫ϰ²/L>=[5.9, 7.3, 8.0], C-C-Sep=0.20, ║∇J║=2.3e-04
-----On 18/20 Initial Guess Perturbations
Iteration 538/2000-----
J=1.3e-02, ⟨Jf⟩=1.3e-03, ⟨B·n⟩=8.1e-03, Len=sum([4.8, 4.9, 4.7])=14.4, ϰ=[5.2, 5.8, 4.8], ∫ϰ²/L>=[5.9, 7.3, 8.0], C-C-Sep=0.20, ║∇J║=1.9e-04
-----On 18/20 Initial Guess Perturbations
Iteration 539/2000-----
J=1.3e-02, ⟨Jf⟩=1.3e-03, ⟨B·n⟩=8.1e-03, Len=sum([4.8, 4.9, 4.7])=14.4, ϰ=[5.2, 5.8, 4.8], ∫ϰ²/L>=[5.9, 7.3, 8.0], C-C-Sep=0.20, ║∇J║=2.7e-04
-----On 18/20 Initial Guess Perturbations
Iteration 540/2000-----
J=1.3e-02, ⟨Jf⟩=1.3e-03, ⟨B·n⟩=8.1e-03, Len=sum([4.8, 4.9, 4.7])=14.4, ϰ=[5.2, 5.8, 4.8], ∫ϰ²/L>=[5.9, 7.3, 8.0], C-C-Sep=0.20, ║∇J║=2.1e-04
-----On 18/20 Initial Guess Perturbations
Iteration 541/2000-----
J=1.3e-02, ⟨Jf⟩=1.3e-03, ⟨B·n⟩=8.1e-03, Len=sum([4.8, 4.9, 4.7])=14.4, ϰ=[5.2, 5.8, 4.8], ∫ϰ²/L>=[5.9, 7.3, 8.0], C-C-Sep=0.20, ║∇J║=2.1e-04
-----On 18/20 Initial Guess Perturbations
Iteration 542/2000-----
J=1.3e-02, ⟨Jf⟩=1.3e-03, ⟨B·n⟩=8.1e-03, Len=sum([4.8, 4.9, 4.7])=14.4, ϰ=[5.2, 5.8, 4.8], ∫ϰ²/L>=[5.9, 7.3, 8.0], C-C-Sep=0.20, ║∇J║=2.9e-04
-----On 18/20 Initial Guess Perturbations
Iteration 543/2000-----
J=1.3e-02, ⟨Jf⟩=1.3e-03, ⟨B·n⟩=8.1e-03, Len=sum([4.8, 4.9, 4.7])=14.4, ϰ=[5.2, 5.8, 4.9], ∫ϰ²/L>=[5.9, 7.3, 8.0], C-C-Sep=0.20, ║∇J║=2.6e-04
-----On 18/20 Initial Guess Perturbations
Iteration 544/2000-----
J=1.3e-02, ⟨Jf⟩=1.3e-03, ⟨B·n⟩=8.1e-03, Len=sum([4.8, 4.9, 4.7])=14.4, ϰ=[5.2, 5.8, 4.9], ∫ϰ²/L>=[5.9, 7.3, 8.0], C-C-Sep=0.20, ║∇J║=1.8e-04
-----On 18/20 Initial Guess Perturbations
Iteration 545/2000-----
J=1.3e-02, ⟨Jf⟩=1.3e-03, ⟨B·n⟩=8.1e-03, Len=sum([4.8, 4.9, 4.7])=14.4, ϰ=[5.2, 5.8, 4.9], ∫ϰ²/L>=[5.9, 7.3, 8.0], C-C-Sep=0.20, ║∇J║=2.0e-04
-----On 18/20 Initial Guess Perturbations
Iteration 546/2000-----
J=1.3e-02, ⟨Jf⟩=1.3e-03, ⟨B·n⟩=8.1e-03, Len=sum([4.8, 4.9, 4.7])=14.4, ϰ=[5.2, 5.8, 4.9], ∫ϰ²/L>=[5.9, 7.3, 8.0], C-C-Sep=0.20, ║∇J║=2.9e-04
-----On 18/20 Initial Guess Perturbations
Iteration 547/2000-----
J=1.3e-02, ⟨Jf⟩=1.3e-03, ⟨B·n⟩=8.1e-03, Len=sum([4.8, 4.9, 4.7])=14.4, ϰ=[5.2, 5.8, 4.9], ∫ϰ²/L>=[5.9, 7.3, 8.0], C-C-Sep=0.20, ║∇J║=2.5e-04
-----On 18/20 Initial Guess Perturbations
Iteration 548/2000-----
J=1.3e-02, ⟨Jf⟩=1.3e-03, ⟨B·n⟩=8.1e-03, Len=sum([4.8, 4.9, 4.7])=14.4, ϰ=[5.2, 5.8, 4.9], ∫ϰ²/L>=[5.9, 7.3, 8.0], C-C-Sep=0.20, ║∇J║=2.2e-04
-----On 18/20 Initial Guess Perturbations
Iteration 549/2000-----
J=1.3e-02, ⟨Jf⟩=1.3e-03, ⟨B·n⟩=8.1e-03, Len=sum([4.8, 4.9, 4.7])=14.4, ϰ=[5.2, 5.8, 4.9], ∫ϰ²/L>=[5.9, 7.3, 8.0], C-C-Sep=0.20, ║∇J║=2.4e-04
-----On 18/20 Initial Guess Perturbations
Iteration 550/2000-----
J=1.3e-02, ⟨Jf⟩=1.3e-03, ⟨B·n⟩=8.1e-03, Len=sum([4.8, 4.9, 4.7])=14.4, ϰ=[5.2, 5.8, 4.9], ∫ϰ²/L>=[5.9, 7.3, 8.0], C-C-Sep=0.20, ║∇J║=2.1e-04
-----On 18/20 Initial Guess Perturbations
Iteration 551/2000-----
J=1.3e-02, ⟨Jf⟩=1.3e-03, ⟨B·n⟩=8.1e-03, Len=sum([4.8, 4.9, 4.7])=14.4, ϰ=[5.2, 5.8, 4.8], ∫ϰ²/L>=[5.9, 7.3, 8.0], C-C-Sep=0.20, ║∇J║=2.1e-04
-----On 18/20 Initial Guess Perturbations
Iteration 552/2000-----
J=1.3e-02, ⟨Jf⟩=1.3e-03, ⟨B·n⟩=8.1e-03, Len=sum([4.8, 4.9, 4.7])=14.4, ϰ=[5.2, 5.8, 4.8], ∫ϰ²/L>=[5.9, 7.3, 8.0], C-C-Sep=0.20, ║∇J║=2.4e-04
-----On 18/20 Initial Guess Perturbations
Iteration 553/2000-----
J=1.3e-02, ⟨Jf⟩=1.3e-03, ⟨B·n⟩=8.1e-03, Len=sum([4.8, 4.9, 4.7])=14.4, ϰ=[5.2, 5.8, 4.8], ∫ϰ²/L>=[5.9, 7.3, 8.0], C-C-Sep=0.20, ║∇J║=2.5e-04
-----On 18/20 Initial Guess Perturbations
Iteration 554/2000-----
J=1.3e-02, ⟨Jf⟩=1.3e-03, ⟨B·n⟩=8.1e-03, Len=sum([4.8, 4.9, 4.7])=14.4, ϰ=[5.2, 5.8, 4.8], ∫ϰ²/L>=[5.9, 7.3, 8.0], C-C-Sep=0.20, ║∇J║=2.1e-04
-----On 18/20 Initial Guess Perturbations
Iteration 555/2000-----
J=1.3e-02, ⟨Jf⟩=1.3e-03, ⟨B·n⟩=8.1e-03, Len=sum([4.8, 4.9, 4.7])=14.4, ϰ=[5.2, 5.8, 4.8], ∫ϰ²/L>=[5.9, 7.3, 8.0], C-C-Sep=0.20, ║∇J║=1.9e-04
-----On 18/20 Initial Guess Perturbations
Iteration 556/2000-----
J=1.3e-02, ⟨Jf⟩=1.3e-03, ⟨B·n⟩=8.1e-03, Len=sum([4.8, 4.9, 4.7])=14.4, ϰ=[5.2, 5.8, 4.9], ∫ϰ²/L>=[5.9, 7.3, 8.0], C-C-Sep=0.20, ║∇J║=2.6e-04
-----On 18/20 Initial Guess Perturbations
Iteration 557/2000-----
J=1.3e-02, ⟨Jf⟩=1.3e-03, ⟨B·n⟩=8.1e-03, Len=sum([4.8, 4.9, 4.7])=14.4, ϰ=[5.2, 5.8, 4.9], ∫ϰ²/L>=[5.9, 7.3, 8.0], C-C-Sep=0.20, ║∇J║=2.3e-04
-----On 18/20 Initial Guess Perturbations
Iteration 558/2000-----
J=1.3e-02, ⟨Jf⟩=1.3e-03, ⟨B·n⟩=8.1e-03, Len=sum([4.8, 4.9, 4.7])=14.4, ϰ=[5.2, 5.8, 4.9], ∫ϰ²/L>=[5.9, 7.3, 8.0], C-C-Sep=0.20, ║∇J║=2.2e-04
-----On 18/20 Initial Guess Perturbations
Iteration 559/2000-----
J=1.3e-02, ⟨Jf⟩=1.3e-03, ⟨B·n⟩=8.1e-03, Len=sum([4.8, 4.9, 4.7])=14.4, ϰ=[5.2, 5.8, 4.9], ∫ϰ²/L>=[5.9, 7.3, 8.0], C-C-Sep=0.20, ║∇J║=3.1e-04
-----On 18/20 Initial Guess Perturbations
Iteration 560/2000-----
J=1.3e-02, ⟨Jf⟩=1.3e-03, ⟨B·n⟩=8.1e-03, Len=sum([4.8, 4.9, 4.7])=14.4, ϰ=[5.2, 5.8, 4.9], ∫ϰ²/L>=[5.9, 7.3, 8.0], C-C-Sep=0.20, ║∇J║=1.9e-04
-----On 18/20 Initial Guess Perturbations
Iteration 561/2000-----
J=1.3e-02, ⟨Jf⟩=1.3e-03, ⟨B·n⟩=8.1e-03, Len=sum([4.8, 4.9, 4.7])=14.4, ϰ=[5.2, 5.8, 4.9], ∫ϰ²/L>=[5.9, 7.3, 8.0], C-C-Sep=0.20, ║∇J║=2.0e-04
-----On 18/20 Initial Guess Perturbations
Iteration 562/2000-----
J=1.3e-02, ⟨Jf⟩=1.3e-03, ⟨B·n⟩=8.1e-03, Len=sum([4.8, 4.9, 4.7])=14.4, ϰ=[5.2, 5.8, 4.9], ∫ϰ²/L>=[5.9, 7.3, 8.0], C-C-Sep=0.20, ║∇J║=2.3e-04
-----On 18/20 Initial Guess Perturbations
Iteration 563/2000-----
J=1.3e-02, ⟨Jf⟩=1.3e-03, ⟨B·n⟩=8.1e-03, Len=sum([4.8, 4.9, 4.7])=14.4, ϰ=[5.2, 5.8, 4.9], ∫ϰ²/L>=[5.9, 7.3, 8.0], C-C-Sep=0.20, ║∇J║=3.2e-04
-----On 18/20 Initial Guess Perturbations
Iteration 564/2000-----
J=1.3e-02, ⟨Jf⟩=1.3e-03, ⟨B·n⟩=8.1e-03, Len=sum([4.8, 4.9, 4.7])=14.4, ϰ=[5.2, 5.8, 4.9], ∫ϰ²/L>=[5.9, 7.3, 8.0], C-C-Sep=0.20, ║∇J║=1.5e-04
-----On 18/20 Initial Guess Perturbations
Iteration 565/2000-----
J=1.3e-02, ⟨Jf⟩=1.3e-03, ⟨B·n⟩=8.1e-03, Len=sum([4.8, 4.9, 4.7])=14.4, ϰ=[5.2, 5.8, 4.9], ∫ϰ²/L>=[5.9, 7.3, 8.0], C-C-Sep=0.20, ║∇J║=1.5e-04
-----On 18/20 Initial Guess Perturbations
Iteration 566/2000-----
J=1.3e-02, ⟨Jf⟩=1.3e-03, ⟨B·n⟩=8.1e-03, Len=sum([4.8, 4.9, 4.7])=14.4, ϰ=[5.2, 5.8, 4.9], ∫ϰ²/L>=[5.9, 7.3, 8.0], C-C-Sep=0.20, ║∇J║=1.8e-04
-----On 18/20 Initial Guess Perturbations
Iteration 567/2000-----
J=1.3e-02, ⟨Jf⟩=1.3e-03, ⟨B·n⟩=8.1e-03, Len=sum([4.8, 4.9, 4.7])=14.4, ϰ=[5.2, 5.8, 4.9], ∫ϰ²/L>=[5.9, 7.3, 8.0], C-C-Sep=0.20, ║∇J║=2.2e-04
-----On 18/20 Initial Guess Perturbations
Iteration 568/2000-----
J=1.3e-02, ⟨Jf⟩=1.3e-03, ⟨B·n⟩=8.1e-03, Len=sum([4.8, 4.9, 4.7])=14.4, ϰ=[5.2, 5.8, 4.9], ∫ϰ²/L>=[5.9, 7.3, 8.0], C-C-Sep=0.20, ║∇J║=3.0e-04
-----On 18/20 Initial Guess Perturbations
Iteration 569/2000-----
J=1.3e-02, ⟨Jf⟩=1.3e-03, ⟨B·n⟩=8.1e-03, Len=sum([4.8, 4.9, 4.7])=14.4, ϰ=[5.2, 5.8, 4.9], ∫ϰ²/L>=[5.9, 7.3, 8.0], C-C-Sep=0.20, ║∇J║=1.6e-04
-----On 18/20 Initial Guess Perturbations
Iteration 570/2000-----
J=1.3e-02, ⟨Jf⟩=1.3e-03, ⟨B·n⟩=8.1e-03, Len=sum([4.8, 4.9, 4.7])=14.4, ϰ=[5.2, 5.8, 4.9], ∫ϰ²/L>=[5.9, 7.3, 8.0], C-C-Sep=0.20, ║∇J║=1.4e-04
-----On 18/20 Initial Guess Perturbations
Iteration 571/2000-----
J=1.3e-02, ⟨Jf⟩=1.3e-03, ⟨B·n⟩=8.1e-03, Len=sum([4.8, 4.9, 4.7])=14.4, ϰ=[5.2, 5.8, 4.9], ∫ϰ²/L>=[5.9, 7.3, 8.0], C-C-Sep=0.20, ║∇J║=1.5e-04
-----On 18/20 Initial Guess Perturbations
Iteration 572/2000-----
J=1.3e-02, ⟨Jf⟩=1.3e-03, ⟨B·n⟩=8.1e-03, Len=sum([4.8, 4.9, 4.7])=14.4, ϰ=[5.2, 5.8, 4.9], ∫ϰ²/L>=[5.9, 7.3, 8.0], C-C-Sep=0.20, ║∇J║=2.2e-04
-----On 18/20 Initial Guess Perturbations
Iteration 573/2000-----
J=1.3e-02, ⟨Jf⟩=1.3e-03, ⟨B·n⟩=8.1e-03, Len=sum([4.8, 4.9, 4.7])=14.4, ϰ=[5.2, 5.8, 4.9], ∫ϰ²/L>=[5.9, 7.3, 8.0], C-C-Sep=0.20, ║∇J║=1.8e-04
-----On 18/20 Initial Guess Perturbations
Iteration 574/2000-----
J=1.3e-02, ⟨Jf⟩=1.3e-03, ⟨B·n⟩=8.1e-03, Len=sum([4.8, 4.9, 4.7])=14.4, ϰ=[5.2, 5.8, 4.9], ∫ϰ²/L>=[5.9, 7.3, 8.0], C-C-Sep=0.20, ║∇J║=1.7e-04
-----On 18/20 Initial Guess Perturbations
Iteration 575/2000-----
J=1.3e-02, ⟨Jf⟩=1.3e-03, ⟨B·n⟩=8.1e-03, Len=sum([4.8, 4.9, 4.7])=14.4, ϰ=[5.2, 5.8, 4.9], ∫ϰ²/L>=[5.9, 7.3, 8.0], C-C-Sep=0.20, ║∇J║=1.9e-04
-----On 18/20 Initial Guess Perturbations
Iteration 576/2000-----
J=1.3e-02, ⟨Jf⟩=1.3e-03, ⟨B·n⟩=8.1e-03, Len=sum([4.8, 4.9, 4.7])=14.4, ϰ=[5.2, 5.8, 4.9], ∫ϰ²/L>=[5.9, 7.3, 8.0], C-C-Sep=0.20, ║∇J║=1.7e-04
-----On 18/20 Initial Guess Perturbations
Iteration 577/2000-----
J=1.3e-02, ⟨Jf⟩=1.3e-03, ⟨B·n⟩=8.1e-03, Len=sum([4.8, 4.9, 4.7])=14.4, ϰ=[5.2, 5.8, 4.9], ∫ϰ²/L>=[5.9, 7.3, 8.0], C-C-Sep=0.20, ║∇J║=1.6e-04
-----On 18/20 Initial Guess Perturbations
Iteration 578/2000-----
J=1.3e-02, ⟨Jf⟩=1.3e-03, ⟨B·n⟩=8.1e-03, Len=sum([4.8, 4.9, 4.7])=14.4, ϰ=[5.2, 5.8, 4.9], ∫ϰ²/L>=[5.9, 7.3, 8.0], C-C-Sep=0.20, ║∇J║=1.9e-04
-----On 18/20 Initial Guess Perturbations
Iteration 579/2000-----
J=1.3e-02, ⟨Jf⟩=1.3e-03, ⟨B·n⟩=8.1e-03, Len=sum([4.8, 4.9, 4.7])=14.4, ϰ=[5.2, 5.8, 4.9], ∫ϰ²/L>=[5.9, 7.3, 8.0], C-C-Sep=0.20, ║∇J║=2.7e-04
-----On 18/20 Initial Guess Perturbations
Iteration 580/2000-----
J=1.3e-02, ⟨Jf⟩=1.3e-03, ⟨B·n⟩=8.1e-03, Len=sum([4.8, 4.9, 4.7])=14.4, ϰ=[5.2, 5.8, 4.9], ∫ϰ²/L>=[5.9, 7.3, 8.0], C-C-Sep=0.20, ║∇J║=1.6e-04
-----On 18/20 Initial Guess Perturbations
Iteration 581/2000-----
J=1.3e-02, ⟨Jf⟩=1.3e-03, ⟨B·n⟩=8.1e-03, Len=sum([4.8, 4.9, 4.7])=14.4, ϰ=[5.2, 5.8, 4.9], ∫ϰ²/L>=[5.9, 7.3, 8.0], C-C-Sep=0.20, ║∇J║=1.4e-04
-----On 18/20 Initial Guess Perturbations
Iteration 582/2000-----
J=1.3e-02, ⟨Jf⟩=1.3e-03, ⟨B·n⟩=8.1e-03, Len=sum([4.8, 4.9, 4.7])=14.4, ϰ=[5.2, 5.8, 4.9], ∫ϰ²/L>=[5.9, 7.3, 8.0], C-C-Sep=0.20, ║∇J║=1.6e-04
-----On 18/20 Initial Guess Perturbations
Iteration 583/2000-----
J=1.3e-02, ⟨Jf⟩=1.3e-03, ⟨B·n⟩=8.1e-03, Len=sum([4.8, 4.9, 4.7])=14.4, ϰ=[5.2, 5.8, 4.9], ∫ϰ²/L>=[5.9, 7.3, 8.0], C-C-Sep=0.20, ║∇J║=2.2e-04
-----On 18/20 Initial Guess Perturbations
Iteration 584/2000-----
J=1.3e-02, ⟨Jf⟩=1.3e-03, ⟨B·n⟩=8.1e-03, Len=sum([4.8, 4.9, 4.7])=14.4, ϰ=[5.2, 5.8, 4.9], ∫ϰ²/L>=[5.9, 7.3, 8.0], C-C-Sep=0.20, ║∇J║=2.1e-04
-----On 18/20 Initial Guess Perturbations
Iteration 585/2000-----
J=1.3e-02, ⟨Jf⟩=1.3e-03, ⟨B·n⟩=8.1e-03, Len=sum([4.8, 4.9, 4.7])=14.4, ϰ=[5.2, 5.8, 4.9], ∫ϰ²/L>=[5.9, 7.3, 8.0], C-C-Sep=0.20, ║∇J║=2.0e-04
-----On 18/20 Initial Guess Perturbations
Iteration 586/2000-----
J=1.3e-02, ⟨Jf⟩=1.3e-03, ⟨B·n⟩=8.1e-03, Len=sum([4.8, 4.9, 4.7])=14.4, ϰ=[5.2, 5.8, 4.9], ∫ϰ²/L>=[5.9, 7.3, 8.0], C-C-Sep=0.20, ║∇J║=2.6e-04
-----On 18/20 Initial Guess Perturbations
Iteration 587/2000-----
J=1.3e-02, ⟨Jf⟩=1.3e-03, ⟨B·n⟩=8.1e-03, Len=sum([4.8, 4.9, 4.7])=14.4, ϰ=[5.2, 5.8, 4.9], ∫ϰ²/L>=[5.9, 7.3, 8.0], C-C-Sep=0.20, ║∇J║=1.6e-04
-----On 18/20 Initial Guess Perturbations
Iteration 588/2000-----
J=1.3e-02, ⟨Jf⟩=1.3e-03, ⟨B·n⟩=8.1e-03, Len=sum([4.8, 4.9, 4.7])=14.4, ϰ=[5.2, 5.8, 4.9], ∫ϰ²/L>=[5.9, 7.3, 8.0], C-C-Sep=0.20, ║∇J║=1.5e-04
-----On 18/20 Initial Guess Perturbations
Iteration 589/2000-----
J=1.3e-02, ⟨Jf⟩=1.3e-03, ⟨B·n⟩=8.1e-03, Len=sum([4.8, 4.9, 4.7])=14.4, ϰ=[5.2, 5.8, 4.9], ∫ϰ²/L>=[5.9, 7.3, 8.0], C-C-Sep=0.20, ║∇J║=1.9e-04
-----On 18/20 Initial Guess Perturbations
Iteration 590/2000-----
J=1.3e-02, ⟨Jf⟩=1.3e-03, ⟨B·n⟩=8.1e-03, Len=sum([4.8, 4.9, 4.7])=14.4, ϰ=[5.2, 5.8, 4.9], ∫ϰ²/L>=[5.9, 7.3, 8.0], C-C-Sep=0.20, ║∇J║=2.6e-04
-----On 18/20 Initial Guess Perturbations
Iteration 591/2000-----
J=1.3e-02, ⟨Jf⟩=1.3e-03, ⟨B·n⟩=8.1e-03, Len=sum([4.8, 4.9, 4.7])=14.4, ϰ=[5.2, 5.8, 4.9], ∫ϰ²/L>=[5.9, 7.3, 8.0], C-C-Sep=0.20, ║∇J║=2.3e-04
-----On 18/20 Initial Guess Perturbations
Iteration 592/2000-----
J=1.3e-02, ⟨Jf⟩=1.3e-03, ⟨B·n⟩=8.1e-03, Len=sum([4.8, 4.9, 4.7])=14.4, ϰ=[5.2, 5.8, 4.9], ∫ϰ²/L>=[5.9, 7.3, 8.0], C-C-Sep=0.20, ║∇J║=1.9e-04
-----On 18/20 Initial Guess Perturbations
Iteration 593/2000-----
J=1.3e-02, ⟨Jf⟩=1.3e-03, ⟨B·n⟩=8.1e-03, Len=sum([4.8, 4.9, 4.7])=14.4, ϰ=[5.2, 5.8, 4.9], ∫ϰ²/L>=[5.9, 7.3, 8.0], C-C-Sep=0.20, ║∇J║=2.1e-04
-----On 18/20 Initial Guess Perturbations
Iteration 594/2000-----
J=1.3e-02, ⟨Jf⟩=1.3e-03, ⟨B·n⟩=8.1e-03, Len=sum([4.8, 4.9, 4.7])=14.4, ϰ=[5.2, 5.8, 4.9], ∫ϰ²/L>=[5.9, 7.3, 8.0], C-C-Sep=0.20, ║∇J║=2.2e-04
-----On 18/20 Initial Guess Perturbations
Iteration 595/2000-----
J=1.3e-02, ⟨Jf⟩=1.3e-03, ⟨B·n⟩=8.1e-03, Len=sum([4.8, 4.9, 4.7])=14.4, ϰ=[5.2, 5.8, 4.9], ∫ϰ²/L>=[5.9, 7.3, 8.0], C-C-Sep=0.20, ║∇J║=1.9e-04
-----On 18/20 Initial Guess Perturbations
Iteration 596/2000-----
J=1.3e-02, ⟨Jf⟩=1.3e-03, ⟨B·n⟩=8.1e-03, Len=sum([4.8, 4.9, 4.7])=14.4, ϰ=[5.2, 5.8, 4.9], ∫ϰ²/L>=[5.9, 7.3, 8.0], C-C-Sep=0.20, ║∇J║=2.1e-04
-----On 18/20 Initial Guess Perturbations
Iteration 597/2000-----
J=1.3e-02, ⟨Jf⟩=1.3e-03, ⟨B·n⟩=8.1e-03, Len=sum([4.8, 4.9, 4.7])=14.4, ϰ=[5.2, 5.8, 4.9], ∫ϰ²/L>=[5.9, 7.3, 8.0], C-C-Sep=0.20, ║∇J║=2.8e-04
-----On 18/20 Initial Guess Perturbations
Iteration 598/2000-----
J=1.3e-02, ⟨Jf⟩=1.3e-03, ⟨B·n⟩=8.1e-03, Len=sum([4.8, 4.9, 4.7])=14.4, ϰ=[5.2, 5.8, 4.9], ∫ϰ²/L>=[5.9, 7.3, 8.0], C-C-Sep=0.20, ║∇J║=2.1e-04
-----On 18/20 Initial Guess Perturbations
Iteration 599/2000-----
J=1.3e-02, ⟨Jf⟩=1.3e-03, ⟨B·n⟩=8.1e-03, Len=sum([4.8, 4.9, 4.7])=14.4, ϰ=[5.2, 5.9, 4.9], ∫ϰ²/L>=[5.9, 7.3, 8.0], C-C-Sep=0.20, ║∇J║=1.8e-04
-----On 18/20 Initial Guess Perturbations
Iteration 600/2000-----
J=1.3e-02, ⟨Jf⟩=1.3e-03, ⟨B·n⟩=8.1e-03, Len=sum([4.8, 4.9, 4.7])=14.4, ϰ=[5.2, 5.9, 4.9], ∫ϰ²/L>=[5.9, 7.3, 8.0], C-C-Sep=0.20, ║∇J║=2.2e-04
-----On 18/20 Initial Guess Perturbations
Iteration 601/2000-----
J=1.3e-02, ⟨Jf⟩=1.3e-03, ⟨B·n⟩=8.1e-03, Len=sum([4.8, 4.9, 4.7])=14.4, ϰ=[5.2, 5.8, 4.9], ∫ϰ²/L>=[5.9, 7.3, 8.0], C-C-Sep=0.20, ║∇J║=2.2e-04
-----On 18/20 Initial Guess Perturbations
Iteration 602/2000-----
J=1.3e-02, ⟨Jf⟩=1.3e-03, ⟨B·n⟩=8.1e-03, Len=sum([4.8, 4.9, 4.7])=14.4, ϰ=[5.2, 5.8, 4.9], ∫ϰ²/L>=[5.9, 7.3, 8.0], C-C-Sep=0.20, ║∇J║=2.7e-04
-----On 18/20 Initial Guess Perturbations
Iteration 603/2000-----
J=1.3e-02, ⟨Jf⟩=1.3e-03, ⟨B·n⟩=8.1e-03, Len=sum([4.8, 4.9, 4.7])=14.4, ϰ=[5.2, 5.8, 4.9], ∫ϰ²/L>=[5.9, 7.3, 8.0], C-C-Sep=0.20, ║∇J║=2.2e-04
-----On 18/20 Initial Guess Perturbations
Iteration 604/2000-----
J=1.3e-02, ⟨Jf⟩=1.3e-03, ⟨B·n⟩=8.1e-03, Len=sum([4.8, 4.9, 4.7])=14.4, ϰ=[5.2, 5.8, 4.9], ∫ϰ²/L>=[5.9, 7.3, 8.0], C-C-Sep=0.20, ║∇J║=2.3e-04
-----On 18/20 Initial Guess Perturbations
Iteration 605/2000-----
J=1.3e-02, ⟨Jf⟩=1.3e-03, ⟨B·n⟩=8.1e-03, Len=sum([4.8, 4.9, 4.7])=14.4, ϰ=[5.2, 5.8, 4.9], ∫ϰ²/L>=[5.9, 7.3, 8.0], C-C-Sep=0.20, ║∇J║=2.8e-04
-----On 18/20 Initial Guess Perturbations
Iteration 606/2000-----
J=1.3e-02, ⟨Jf⟩=1.3e-03, ⟨B·n⟩=8.1e-03, Len=sum([4.8, 4.9, 4.7])=14.4, ϰ=[5.2, 5.8, 4.9], ∫ϰ²/L>=[5.9, 7.3, 8.0], C-C-Sep=0.20, ║∇J║=2.1e-04
-----On 18/20 Initial Guess Perturbations
Iteration 607/2000-----
J=1.3e-02, ⟨Jf⟩=1.3e-03, ⟨B·n⟩=8.1e-03, Len=sum([4.8, 4.9, 4.7])=14.4, ϰ=[5.2, 5.8, 4.9], ∫ϰ²/L>=[5.9, 7.3, 8.0], C-C-Sep=0.20, ║∇J║=2.2e-04
-----On 18/20 Initial Guess Perturbations
Iteration 608/2000-----
J=1.3e-02, ⟨Jf⟩=1.3e-03, ⟨B·n⟩=8.1e-03, Len=sum([4.8, 4.9, 4.7])=14.4, ϰ=[5.2, 5.8, 4.9], ∫ϰ²/L>=[5.9, 7.3, 8.0], C-C-Sep=0.20, ║∇J║=2.8e-04
-----On 18/20 Initial Guess Perturbations
Iteration 609/2000-----
J=1.3e-02, ⟨Jf⟩=1.3e-03, ⟨B·n⟩=8.1e-03, Len=sum([4.8, 4.9, 4.7])=14.4, ϰ=[5.2, 5.8, 4.9], ∫ϰ²/L>=[5.9, 7.3, 8.0], C-C-Sep=0.20, ║∇J║=3.3e-04
-----On 18/20 Initial Guess Perturbations
Iteration 610/2000-----
J=1.3e-02, ⟨Jf⟩=1.3e-03, ⟨B·n⟩=8.1e-03, Len=sum([4.8, 4.9, 4.7])=14.4, ϰ=[5.2, 5.8, 4.9], ∫ϰ²/L>=[5.9, 7.3, 8.0], C-C-Sep=0.20, ║∇J║=2.6e-04
-----On 18/20 Initial Guess Perturbations
Iteration 611/2000-----
J=1.3e-02, ⟨Jf⟩=1.3e-03, ⟨B·n⟩=8.1e-03, Len=sum([4.8, 4.9, 4.7])=14.4, ϰ=[5.2, 5.8, 4.9], ∫ϰ²/L>=[5.9, 7.3, 8.0], C-C-Sep=0.20, ║∇J║=2.3e-04
-----On 18/20 Initial Guess Perturbations
Iteration 612/2000-----
J=1.3e-02, ⟨Jf⟩=1.3e-03, ⟨B·n⟩=8.1e-03, Len=sum([4.8, 4.9, 4.7])=14.4, ϰ=[5.2, 5.8, 4.9], ∫ϰ²/L>=[5.9, 7.3, 8.0], C-C-Sep=0.20, ║∇J║=3.2e-04
-----On 18/20 Initial Guess Perturbations
Iteration 613/2000-----
J=1.3e-02, ⟨Jf⟩=1.3e-03, ⟨B·n⟩=8.1e-03, Len=sum([4.8, 4.9, 4.7])=14.4, ϰ=[5.2, 5.8, 4.9], ∫ϰ²/L>=[5.9, 7.3, 8.0], C-C-Sep=0.20, ║∇J║=3.7e-04
-----On 18/20 Initial Guess Perturbations
Iteration 614/2000-----
J=1.3e-02, ⟨Jf⟩=1.3e-03, ⟨B·n⟩=8.1e-03, Len=sum([4.8, 4.9, 4.7])=14.4, ϰ=[5.2, 5.8, 4.9], ∫ϰ²/L>=[5.9, 7.3, 8.0], C-C-Sep=0.20, ║∇J║=2.9e-04
-----On 18/20 Initial Guess Perturbations
Iteration 615/2000-----
J=1.3e-02, ⟨Jf⟩=1.3e-03, ⟨B·n⟩=8.1e-03, Len=sum([4.8, 4.9, 4.7])=14.4, ϰ=[5.2, 5.8, 4.9], ∫ϰ²/L>=[5.9, 7.3, 8.0], C-C-Sep=0.20, ║∇J║=3.1e-04
-----On 18/20 Initial Guess Perturbations
Iteration 616/2000-----
J=1.3e-02, ⟨Jf⟩=1.3e-03, ⟨B·n⟩=8.1e-03, Len=sum([4.8, 4.9, 4.7])=14.4, ϰ=[5.2, 5.8, 4.9], ∫ϰ²/L>=[5.9, 7.3, 8.0], C-C-Sep=0.20, ║∇J║=4.2e-04
-----On 18/20 Initial Guess Perturbations
Iteration 617/2000-----
J=1.3e-02, ⟨Jf⟩=1.3e-03, ⟨B·n⟩=8.1e-03, Len=sum([4.8, 4.9, 4.7])=14.4, ϰ=[5.2, 5.8, 4.9], ∫ϰ²/L>=[5.9, 7.3, 8.0], C-C-Sep=0.20, ║∇J║=3.4e-04
-----On 18/20 Initial Guess Perturbations
Iteration 618/2000-----
J=1.3e-02, ⟨Jf⟩=1.3e-03, ⟨B·n⟩=8.1e-03, Len=sum([4.8, 4.9, 4.7])=14.4, ϰ=[5.2, 5.8, 4.9], ∫ϰ²/L>=[5.9, 7.3, 8.0], C-C-Sep=0.20, ║∇J║=3.0e-04
-----On 18/20 Initial Guess Perturbations
Iteration 619/2000-----
J=1.3e-02, ⟨Jf⟩=1.3e-03, ⟨B·n⟩=8.1e-03, Len=sum([4.8, 4.9, 4.7])=14.4, ϰ=[5.2, 5.8, 4.9], ∫ϰ²/L>=[5.9, 7.3, 8.0], C-C-Sep=0.20, ║∇J║=6.9e-04
-----On 18/20 Initial Guess Perturbations
Iteration 620/2000-----
J=1.3e-02, ⟨Jf⟩=1.3e-03, ⟨B·n⟩=8.1e-03, Len=sum([4.8, 4.9, 4.7])=14.4, ϰ=[5.2, 5.8, 4.9], ∫ϰ²/L>=[5.9, 7.3, 8.0], C-C-Sep=0.20, ║∇J║=3.6e-04
-----On 18/20 Initial Guess Perturbations
Iteration 621/2000-----
J=1.3e-02, ⟨Jf⟩=1.3e-03, ⟨B·n⟩=8.1e-03, Len=sum([4.8, 4.9, 4.7])=14.4, ϰ=[5.2, 5.8, 4.9], ∫ϰ²/L>=[5.9, 7.3, 8.0], C-C-Sep=0.20, ║∇J║=3.5e-04
-----On 18/20 Initial Guess Perturbations
Iteration 622/2000-----
J=1.3e-02, ⟨Jf⟩=1.3e-03, ⟨B·n⟩=8.1e-03, Len=sum([4.8, 4.9, 4.7])=14.4, ϰ=[5.2, 5.8, 4.9], ∫ϰ²/L>=[5.9, 7.3, 8.0], C-C-Sep=0.20, ║∇J║=4.1e-04
-----On 18/20 Initial Guess Perturbations
Iteration 623/2000-----
J=1.3e-02, ⟨Jf⟩=1.3e-03, ⟨B·n⟩=8.1e-03, Len=sum([4.8, 4.9, 4.7])=14.4, ϰ=[5.2, 5.8, 4.9], ∫ϰ²/L>=[5.9, 7.3, 8.0], C-C-Sep=0.20, ║∇J║=4.2e-04
-----On 18/20 Initial Guess Perturbations
Iteration 624/2000-----
J=1.3e-02, ⟨Jf⟩=1.3e-03, ⟨B·n⟩=8.1e-03, Len=sum([4.8, 4.9, 4.7])=14.4, ϰ=[5.2, 5.8, 4.9], ∫ϰ²/L>=[5.9, 7.3, 8.0], C-C-Sep=0.20, ║∇J║=7.8e-04
-----On 18/20 Initial Guess Perturbations
Iteration 625/2000-----
J=1.3e-02, ⟨Jf⟩=1.3e-03, ⟨B·n⟩=8.1e-03, Len=sum([4.8, 4.9, 4.7])=14.4, ϰ=[5.2, 5.8, 4.9], ∫ϰ²/L>=[5.9, 7.3, 8.0], C-C-Sep=0.20, ║∇J║=4.5e-04
-----On 18/20 Initial Guess Perturbations
Iteration 626/2000-----
J=1.3e-02, ⟨Jf⟩=1.3e-03, ⟨B·n⟩=8.1e-03, Len=sum([4.8, 4.9, 4.7])=14.4, ϰ=[5.2, 5.8, 4.9], ∫ϰ²/L>=[5.9, 7.3, 8.0], C-C-Sep=0.20, ║∇J║=4.5e-04
-----On 18/20 Initial Guess Perturbations
Iteration 627/2000-----
J=1.3e-02, ⟨Jf⟩=1.3e-03, ⟨B·n⟩=8.1e-03, Len=sum([4.8, 4.9, 4.7])=14.4, ϰ=[5.2, 5.8, 4.9], ∫ϰ²/L>=[5.9, 7.3, 8.0], C-C-Sep=0.20, ║∇J║=5.5e-04
-----On 18/20 Initial Guess Perturbations
Iteration 628/2000-----
J=1.3e-02, ⟨Jf⟩=1.3e-03, ⟨B·n⟩=8.1e-03, Len=sum([4.8, 4.9, 4.7])=14.4, ϰ=[5.2, 5.8, 4.9], ∫ϰ²/L>=[5.9, 7.3, 8.0], C-C-Sep=0.20, ║∇J║=1.1e-03
-----On 18/20 Initial Guess Perturbations
Iteration 629/2000-----
J=1.3e-02, ⟨Jf⟩=1.3e-03, ⟨B·n⟩=8.1e-03, Len=sum([4.8, 4.9, 4.7])=14.4, ϰ=[5.2, 5.8, 4.9], ∫ϰ²/L>=[5.9, 7.3, 8.0], C-C-Sep=0.20, ║∇J║=4.5e-04
-----On 18/20 Initial Guess Perturbations
Iteration 630/2000-----
J=1.3e-02, ⟨Jf⟩=1.3e-03, ⟨B·n⟩=8.1e-03, Len=sum([4.8, 4.9, 4.7])=14.4, ϰ=[5.2, 5.8, 4.9], ∫ϰ²/L>=[5.9, 7.3, 8.0], C-C-Sep=0.20, ║∇J║=4.7e-04
-----On 18/20 Initial Guess Perturbations
Iteration 631/2000-----
J=1.3e-02, ⟨Jf⟩=1.3e-03, ⟨B·n⟩=8.1e-03, Len=sum([4.8, 4.9, 4.7])=14.4, ϰ=[5.2, 5.8, 4.9], ∫ϰ²/L>=[5.9, 7.3, 8.0], C-C-Sep=0.20, ║∇J║=6.1e-04
-----On 18/20 Initial Guess Perturbations
Iteration 632/2000-----
J=1.3e-02, ⟨Jf⟩=1.3e-03, ⟨B·n⟩=8.1e-03, Len=sum([4.8, 4.9, 4.7])=14.4, ϰ=[5.2, 5.8, 4.9], ∫ϰ²/L>=[5.9, 7.3, 8.0], C-C-Sep=0.20, ║∇J║=6.5e-04
-----On 18/20 Initial Guess Perturbations
Iteration 633/2000-----
J=1.3e-02, ⟨Jf⟩=1.3e-03, ⟨B·n⟩=8.1e-03, Len=sum([4.8, 4.9, 4.7])=14.4, ϰ=[5.2, 5.8, 4.9], ∫ϰ²/L>=[5.9, 7.3, 8.0], C-C-Sep=0.20, ║∇J║=1.3e-03
-----On 18/20 Initial Guess Perturbations
Iteration 634/2000-----
J=1.3e-02, ⟨Jf⟩=1.3e-03, ⟨B·n⟩=8.1e-03, Len=sum([4.8, 4.9, 4.7])=14.4, ϰ=[5.2, 5.8, 4.9], ∫ϰ²/L>=[5.9, 7.3, 8.0], C-C-Sep=0.20, ║∇J║=6.7e-04
-----On 18/20 Initial Guess Perturbations
Iteration 635/2000-----
J=1.3e-02, ⟨Jf⟩=1.3e-03, ⟨B·n⟩=8.1e-03, Len=sum([4.8, 4.9, 4.7])=14.4, ϰ=[5.2, 5.8, 4.9], ∫ϰ²/L>=[5.9, 7.3, 8.0], C-C-Sep=0.20, ║∇J║=6.1e-04
-----On 18/20 Initial Guess Perturbations
Iteration 636/2000-----
J=1.3e-02, ⟨Jf⟩=1.3e-03, ⟨B·n⟩=8.1e-03, Len=sum([4.8, 4.9, 4.7])=14.4, ϰ=[5.2, 5.8, 4.9], ∫ϰ²/L>=[5.9, 7.3, 8.0], C-C-Sep=0.20, ║∇J║=6.1e-04
-----On 18/20 Initial Guess Perturbations
Iteration 637/2000-----
J=1.3e-02, ⟨Jf⟩=1.3e-03, ⟨B·n⟩=8.1e-03, Len=sum([4.8, 4.9, 4.7])=14.4, ϰ=[5.2, 5.8, 4.9], ∫ϰ²/L>=[5.9, 7.3, 8.0], C-C-Sep=0.20, ║∇J║=1.2e-03
-----On 18/20 Initial Guess Perturbations
Iteration 638/2000-----
J=1.3e-02, ⟨Jf⟩=1.3e-03, ⟨B·n⟩=8.1e-03, Len=sum([4.8, 4.9, 4.7])=14.4, ϰ=[5.2, 5.8, 4.9], ∫ϰ²/L>=[5.9, 7.3, 8.0], C-C-Sep=0.20, ║∇J║=6.4e-04
-----On 18/20 Initial Guess Perturbations
Iteration 639/2000-----
J=1.3e-02, ⟨Jf⟩=1.3e-03, ⟨B·n⟩=8.1e-03, Len=sum([4.8, 4.9, 4.7])=14.4, ϰ=[5.3, 5.8, 4.9], ∫ϰ²/L>=[5.9, 7.3, 8.0], C-C-Sep=0.20, ║∇J║=6.3e-04
-----On 18/20 Initial Guess Perturbations
Iteration 640/2000-----
J=1.3e-02, ⟨Jf⟩=1.3e-03, ⟨B·n⟩=8.1e-03, Len=sum([4.8, 4.9, 4.7])=14.4, ϰ=[5.3, 5.8, 4.9], ∫ϰ²/L>=[5.9, 7.3, 8.0], C-C-Sep=0.20, ║∇J║=7.3e-04
-----On 18/20 Initial Guess Perturbations
Iteration 641/2000-----
J=1.3e-02, ⟨Jf⟩=1.3e-03, ⟨B·n⟩=8.1e-03, Len=sum([4.8, 4.9, 4.7])=14.4, ϰ=[5.3, 5.9, 4.9], ∫ϰ²/L>=[5.9, 7.3, 8.0], C-C-Sep=0.20, ║∇J║=1.3e-03
-----On 18/20 Initial Guess Perturbations
Iteration 642/2000-----
J=1.3e-02, ⟨Jf⟩=1.3e-03, ⟨B·n⟩=8.1e-03, Len=sum([4.8, 4.9, 4.7])=14.4, ϰ=[5.2, 5.8, 4.9], ∫ϰ²/L>=[5.9, 7.3, 8.0], C-C-Sep=0.20, ║∇J║=1.2e-03
-----On 18/20 Initial Guess Perturbations
Iteration 643/2000-----
J=1.3e-02, ⟨Jf⟩=1.3e-03, ⟨B·n⟩=8.1e-03, Len=sum([4.8, 4.9, 4.7])=14.4, ϰ=[5.2, 5.8, 4.9], ∫ϰ²/L>=[5.9, 7.3, 8.0], C-C-Sep=0.20, ║∇J║=1.1e-03
-----On 18/20 Initial Guess Perturbations
Iteration 644/2000-----
J=1.3e-02, ⟨Jf⟩=1.3e-03, ⟨B·n⟩=8.1e-03, Len=sum([4.8, 4.9, 4.7])=14.4, ϰ=[5.2, 5.8, 4.9], ∫ϰ²/L>=[5.9, 7.3, 8.0], C-C-Sep=0.20, ║∇J║=1.1e-03
-----On 18/20 Initial Guess Perturbations
Iteration 645/2000-----
J=1.3e-02, ⟨Jf⟩=1.3e-03, ⟨B·n⟩=8.1e-03, Len=sum([4.8, 4.9, 4.7])=14.4, ϰ=[5.2, 5.8, 4.9], ∫ϰ²/L>=[5.9, 7.3, 8.0], C-C-Sep=0.20, ║∇J║=8.5e-04
-----On 18/20 Initial Guess Perturbations
Iteration 646/2000-----
J=1.3e-02, ⟨Jf⟩=1.3e-03, ⟨B·n⟩=8.1e-03, Len=sum([4.8, 4.9, 4.7])=14.4, ϰ=[5.2, 5.8, 4.9], ∫ϰ²/L>=[5.9, 7.3, 8.0], C-C-Sep=0.20, ║∇J║=6.6e-04
-----On 18/20 Initial Guess Perturbations
Iteration 647/2000-----
J=1.3e-02, ⟨Jf⟩=1.3e-03, ⟨B·n⟩=8.1e-03, Len=sum([4.8, 4.9, 4.7])=14.4, ϰ=[5.2, 5.8, 4.9], ∫ϰ²/L>=[5.9, 7.3, 8.0], C-C-Sep=0.20, ║∇J║=8.0e-04
-----On 18/20 Initial Guess Perturbations
Iteration 648/2000-----
J=1.3e-02, ⟨Jf⟩=1.3e-03, ⟨B·n⟩=8.1e-03, Len=sum([4.8, 4.9, 4.7])=14.4, ϰ=[5.2, 5.8, 4.9], ∫ϰ²/L>=[5.9, 7.3, 8.0], C-C-Sep=0.20, ║∇J║=1.1e-03
-----On 18/20 Initial Guess Perturbations
Iteration 649/2000-----
J=1.3e-02, ⟨Jf⟩=1.3e-03, ⟨B·n⟩=8.1e-03, Len=sum([4.8, 4.9, 4.7])=14.4, ϰ=[5.2, 5.8, 4.9], ∫ϰ²/L>=[6.0, 7.3, 8.0], C-C-Sep=0.20, ║∇J║=1.5e-03
-----On 18/20 Initial Guess Perturbations
Iteration 650/2000-----
J=1.3e-02, ⟨Jf⟩=1.3e-03, ⟨B·n⟩=8.1e-03, Len=sum([4.8, 4.9, 4.7])=14.4, ϰ=[5.2, 5.8, 4.9], ∫ϰ²/L>=[6.0, 7.3, 8.0], C-C-Sep=0.20, ║∇J║=1.0e-03
-----On 18/20 Initial Guess Perturbations
Iteration 651/2000-----
J=1.3e-02, ⟨Jf⟩=1.3e-03, ⟨B·n⟩=8.1e-03, Len=sum([4.8, 4.9, 4.7])=14.4, ϰ=[5.2, 5.8, 4.9], ∫ϰ²/L>=[6.0, 7.3, 8.0], C-C-Sep=0.20, ║∇J║=1.2e-03
-----On 18/20 Initial Guess Perturbations
Iteration 652/2000-----
J=1.3e-02, ⟨Jf⟩=1.3e-03, ⟨B·n⟩=8.1e-03, Len=sum([4.8, 4.9, 4.7])=14.4, ϰ=[5.2, 5.8, 4.9], ∫ϰ²/L>=[6.0, 7.3, 8.0], C-C-Sep=0.20, ║∇J║=1.2e-03
-----On 18/20 Initial Guess Perturbations
Iteration 653/2000-----
J=1.3e-02, ⟨Jf⟩=1.3e-03, ⟨B·n⟩=8.1e-03, Len=sum([4.8, 4.9, 4.7])=14.4, ϰ=[5.3, 5.8, 4.9], ∫ϰ²/L>=[6.0, 7.3, 8.0], C-C-Sep=0.20, ║∇J║=1.1e-03
-----On 18/20 Initial Guess Perturbations
Iteration 654/2000-----
J=1.3e-02, ⟨Jf⟩=1.3e-03, ⟨B·n⟩=8.1e-03, Len=sum([4.8, 4.9, 4.7])=14.4, ϰ=[5.3, 5.8, 4.9], ∫ϰ²/L>=[6.0, 7.3, 8.0], C-C-Sep=0.20, ║∇J║=1.0e-03
-----On 18/20 Initial Guess Perturbations
Iteration 655/2000-----
J=1.3e-02, ⟨Jf⟩=1.3e-03, ⟨B·n⟩=8.1e-03, Len=sum([4.8, 4.9, 4.7])=14.4, ϰ=[5.3, 5.8, 4.9], ∫ϰ²/L>=[6.0, 7.3, 8.0], C-C-Sep=0.20, ║∇J║=1.2e-03
-----On 18/20 Initial Guess Perturbations
Iteration 656/2000-----
J=1.3e-02, ⟨Jf⟩=1.3e-03, ⟨B·n⟩=8.1e-03, Len=sum([4.8, 4.9, 4.7])=14.4, ϰ=[5.3, 5.8, 4.9], ∫ϰ²/L>=[6.0, 7.3, 8.0], C-C-Sep=0.20, ║∇J║=1.6e-03
-----On 18/20 Initial Guess Perturbations
Iteration 657/2000-----
J=1.3e-02, ⟨Jf⟩=1.3e-03, ⟨B·n⟩=8.1e-03, Len=sum([4.8, 4.9, 4.7])=14.4, ϰ=[5.3, 5.8, 4.9], ∫ϰ²/L>=[6.0, 7.3, 8.0], C-C-Sep=0.20, ║∇J║=1.9e-03
-----On 18/20 Initial Guess Perturbations
Iteration 658/2000-----
J=1.3e-02, ⟨Jf⟩=1.3e-03, ⟨B·n⟩=8.1e-03, Len=sum([4.8, 4.9, 4.7])=14.4, ϰ=[5.3, 5.8, 4.9], ∫ϰ²/L>=[6.0, 7.3, 8.0], C-C-Sep=0.20, ║∇J║=1.5e-03
-----On 18/20 Initial Guess Perturbations
Iteration 659/2000-----
J=1.3e-02, ⟨Jf⟩=1.3e-03, ⟨B·n⟩=8.1e-03, Len=sum([4.8, 4.9, 4.7])=14.4, ϰ=[5.2, 5.8, 4.9], ∫ϰ²/L>=[6.0, 7.3, 8.0], C-C-Sep=0.20, ║∇J║=2.4e-03
-----On 18/20 Initial Guess Perturbations
Iteration 660/2000-----
J=1.3e-02, ⟨Jf⟩=1.3e-03, ⟨B·n⟩=8.1e-03, Len=sum([4.8, 4.9, 4.7])=14.4, ϰ=[5.2, 5.8, 4.9], ∫ϰ²/L>=[6.0, 7.3, 8.0], C-C-Sep=0.20, ║∇J║=1.3e-03
-----On 18/20 Initial Guess Perturbations
Iteration 661/2000-----
J=1.3e-02, ⟨Jf⟩=1.3e-03, ⟨B·n⟩=8.1e-03, Len=sum([4.8, 4.9, 4.7])=14.4, ϰ=[5.3, 5.8, 4.9], ∫ϰ²/L>=[6.0, 7.3, 8.0], C-C-Sep=0.20, ║∇J║=7.6e-04
-----On 18/20 Initial Guess Perturbations
Iteration 662/2000-----
J=1.3e-02, ⟨Jf⟩=1.3e-03, ⟨B·n⟩=8.1e-03, Len=sum([4.8, 4.9, 4.7])=14.4, ϰ=[5.3, 5.8, 4.9], ∫ϰ²/L>=[6.0, 7.3, 8.0], C-C-Sep=0.20, ║∇J║=8.6e-04
-----On 18/20 Initial Guess Perturbations
Iteration 663/2000-----
J=1.3e-02, ⟨Jf⟩=1.3e-03, ⟨B·n⟩=8.1e-03, Len=sum([4.8, 4.9, 4.7])=14.4, ϰ=[5.3, 5.8, 4.9], ∫ϰ²/L>=[6.0, 7.3, 8.0], C-C-Sep=0.20, ║∇J║=1.3e-03
-----On 18/20 Initial Guess Perturbations
Iteration 664/2000-----
J=1.3e-02, ⟨Jf⟩=1.3e-03, ⟨B·n⟩=8.1e-03, Len=sum([4.8, 4.9, 4.7])=14.4, ϰ=[5.3, 5.8, 4.9], ∫ϰ²/L>=[6.0, 7.3, 8.0], C-C-Sep=0.20, ║∇J║=2.3e-03
-----On 18/20 Initial Guess Perturbations
Iteration 665/2000-----
J=1.3e-02, ⟨Jf⟩=1.3e-03, ⟨B·n⟩=8.1e-03, Len=sum([4.8, 4.9, 4.7])=14.4, ϰ=[5.3, 5.8, 4.9], ∫ϰ²/L>=[6.0, 7.3, 8.0], C-C-Sep=0.20, ║∇J║=1.6e-03
-----On 18/20 Initial Guess Perturbations
Iteration 666/2000-----
J=1.3e-02, ⟨Jf⟩=1.3e-03, ⟨B·n⟩=8.1e-03, Len=sum([4.8, 4.9, 4.7])=14.4, ϰ=[5.3, 5.8, 4.9], ∫ϰ²/L>=[6.0, 7.3, 8.0], C-C-Sep=0.20, ║∇J║=2.2e-03
-----On 18/20 Initial Guess Perturbations
Iteration 667/2000-----
J=1.3e-02, ⟨Jf⟩=1.3e-03, ⟨B·n⟩=8.1e-03, Len=sum([4.8, 4.9, 4.7])=14.4, ϰ=[5.3, 5.8, 4.9], ∫ϰ²/L>=[6.0, 7.3, 8.0], C-C-Sep=0.20, ║∇J║=3.1e-03
-----On 18/20 Initial Guess Perturbations
Iteration 668/2000-----
J=1.3e-02, ⟨Jf⟩=1.3e-03, ⟨B·n⟩=8.1e-03, Len=sum([4.8, 4.9, 4.7])=14.4, ϰ=[5.3, 5.8, 4.9], ∫ϰ²/L>=[6.0, 7.3, 8.0], C-C-Sep=0.20, ║∇J║=1.7e-03
-----On 18/20 Initial Guess Perturbations
Iteration 669/2000-----
J=1.3e-02, ⟨Jf⟩=1.3e-03, ⟨B·n⟩=8.1e-03, Len=sum([4.8, 4.9, 4.7])=14.4, ϰ=[5.3, 5.8, 4.9], ∫ϰ²/L>=[6.0, 7.3, 8.0], C-C-Sep=0.20, ║∇J║=1.4e-03
-----On 18/20 Initial Guess Perturbations
Iteration 670/2000-----
J=1.3e-02, ⟨Jf⟩=1.3e-03, ⟨B·n⟩=8.1e-03, Len=sum([4.8, 4.9, 4.7])=14.4, ϰ=[5.3, 5.8, 4.9], ∫ϰ²/L>=[6.0, 7.3, 8.0], C-C-Sep=0.20, ║∇J║=1.5e-03
-----On 18/20 Initial Guess Perturbations
Iteration 671/2000-----
J=1.3e-02, ⟨Jf⟩=1.3e-03, ⟨B·n⟩=8.1e-03, Len=sum([4.8, 4.9, 4.7])=14.4, ϰ=[5.3, 5.9, 4.9], ∫ϰ²/L>=[6.0, 7.3, 8.0], C-C-Sep=0.20, ║∇J║=1.5e-03
-----On 18/20 Initial Guess Perturbations
Iteration 672/2000-----
J=1.3e-02, ⟨Jf⟩=1.3e-03, ⟨B·n⟩=8.1e-03, Len=sum([4.8, 4.9, 4.7])=14.4, ϰ=[5.3, 5.9, 4.9], ∫ϰ²/L>=[6.0, 7.3, 8.0], C-C-Sep=0.20, ║∇J║=1.7e-03
-----On 18/20 Initial Guess Perturbations
Iteration 673/2000-----
J=1.3e-02, ⟨Jf⟩=1.3e-03, ⟨B·n⟩=8.1e-03, Len=sum([4.8, 4.9, 4.7])=14.4, ϰ=[5.3, 5.9, 4.9], ∫ϰ²/L>=[6.0, 7.3, 8.0], C-C-Sep=0.20, ║∇J║=1.5e-03
-----On 18/20 Initial Guess Perturbations
Iteration 674/2000-----
J=1.3e-02, ⟨Jf⟩=1.3e-03, ⟨B·n⟩=8.1e-03, Len=sum([4.8, 4.9, 4.7])=14.4, ϰ=[5.3, 5.9, 4.9], ∫ϰ²/L>=[6.0, 7.3, 8.0], C-C-Sep=0.20, ║∇J║=1.2e-03
-----On 18/20 Initial Guess Perturbations
Iteration 675/2000-----
J=1.3e-02, ⟨Jf⟩=1.3e-03, ⟨B·n⟩=8.1e-03, Len=sum([4.8, 4.9, 4.7])=14.4, ϰ=[5.3, 5.9, 4.9], ∫ϰ²/L>=[6.0, 7.3, 8.0], C-C-Sep=0.20, ║∇J║=1.1e-03
-----On 18/20 Initial Guess Perturbations
Iteration 676/2000-----
J=1.3e-02, ⟨Jf⟩=1.3e-03, ⟨B·n⟩=8.1e-03, Len=sum([4.8, 4.9, 4.7])=14.4, ϰ=[5.3, 5.9, 4.9], ∫ϰ²/L>=[6.0, 7.3, 8.0], C-C-Sep=0.20, ║∇J║=1.4e-03
-----On 18/20 Initial Guess Perturbations
Iteration 677/2000-----
J=1.3e-02, ⟨Jf⟩=1.3e-03, ⟨B·n⟩=8.1e-03, Len=sum([4.8, 4.9, 4.7])=14.4, ϰ=[5.3, 5.9, 4.9], ∫ϰ²/L>=[6.0, 7.3, 8.0], C-C-Sep=0.20, ║∇J║=1.6e-03
-----On 18/20 Initial Guess Perturbations
Iteration 678/2000-----
J=1.3e-02, ⟨Jf⟩=1.3e-03, ⟨B·n⟩=8.1e-03, Len=sum([4.8, 4.9, 4.7])=14.4, ϰ=[5.3, 5.9, 4.9], ∫ϰ²/L>=[6.0, 7.3, 8.0], C-C-Sep=0.20, ║∇J║=1.3e-03
-----On 18/20 Initial Guess Perturbations
Iteration 679/2000-----
J=1.3e-02, ⟨Jf⟩=1.3e-03, ⟨B·n⟩=8.1e-03, Len=sum([4.8, 4.9, 4.7])=14.4, ϰ=[5.3, 5.9, 4.9], ∫ϰ²/L>=[6.0, 7.3, 8.0], C-C-Sep=0.20, ║∇J║=1.8e-03
-----On 18/20 Initial Guess Perturbations
Iteration 680/2000-----
J=1.3e-02, ⟨Jf⟩=1.3e-03, ⟨B·n⟩=8.1e-03, Len=sum([4.8, 4.9, 4.7])=14.4, ϰ=[5.4, 5.9, 5.0], ∫ϰ²/L>=[6.1, 7.3, 8.0], C-C-Sep=0.20, ║∇J║=3.4e-03
-----On 18/20 Initial Guess Perturbations
Iteration 681/2000-----
J=1.3e-02, ⟨Jf⟩=1.3e-03, ⟨B·n⟩=8.1e-03, Len=sum([4.8, 4.9, 4.7])=14.4, ϰ=[5.4, 5.9, 4.9], ∫ϰ²/L>=[6.1, 7.3, 8.0], C-C-Sep=0.20, ║∇J║=1.7e-03
-----On 18/20 Initial Guess Perturbations
Iteration 682/2000-----
J=1.3e-02, ⟨Jf⟩=1.3e-03, ⟨B·n⟩=8.1e-03, Len=sum([4.8, 4.9, 4.7])=14.4, ϰ=[5.4, 5.9, 4.9], ∫ϰ²/L>=[6.1, 7.3, 8.0], C-C-Sep=0.20, ║∇J║=2.7e-03
-----On 18/20 Initial Guess Perturbations
Iteration 683/2000-----
J=1.3e-02, ⟨Jf⟩=1.3e-03, ⟨B·n⟩=8.1e-03, Len=sum([4.8, 4.9, 4.7])=14.4, ϰ=[5.4, 5.9, 4.9], ∫ϰ²/L>=[6.1, 7.3, 8.0], C-C-Sep=0.20, ║∇J║=1.7e-03
-----On 18/20 Initial Guess Perturbations
Iteration 684/2000-----
J=1.3e-02, ⟨Jf⟩=1.3e-03, ⟨B·n⟩=8.1e-03, Len=sum([4.8, 4.9, 4.7])=14.4, ϰ=[5.4, 5.9, 4.9], ∫ϰ²/L>=[6.1, 7.3, 8.0], C-C-Sep=0.20, ║∇J║=1.6e-03
-----On 18/20 Initial Guess Perturbations
Iteration 685/2000-----
J=1.3e-02, ⟨Jf⟩=1.3e-03, ⟨B·n⟩=8.1e-03, Len=sum([4.8, 4.9, 4.7])=14.4, ϰ=[5.3, 5.9, 4.9], ∫ϰ²/L>=[6.0, 7.3, 8.0], C-C-Sep=0.20, ║∇J║=1.2e-03
-----On 18/20 Initial Guess Perturbations
Iteration 686/2000-----
J=1.3e-02, ⟨Jf⟩=1.3e-03, ⟨B·n⟩=8.1e-03, Len=sum([4.8, 4.9, 4.7])=14.4, ϰ=[5.3, 5.9, 4.9], ∫ϰ²/L>=[6.0, 7.3, 8.0], C-C-Sep=0.20, ║∇J║=1.4e-03
-----On 18/20 Initial Guess Perturbations
Iteration 687/2000-----
J=1.3e-02, ⟨Jf⟩=1.3e-03, ⟨B·n⟩=8.1e-03, Len=sum([4.8, 4.9, 4.7])=14.4, ϰ=[5.3, 5.9, 4.9], ∫ϰ²/L>=[6.0, 7.3, 8.0], C-C-Sep=0.20, ║∇J║=1.4e-03
-----On 18/20 Initial Guess Perturbations
Iteration 688/2000-----
J=1.3e-02, ⟨Jf⟩=1.3e-03, ⟨B·n⟩=8.1e-03, Len=sum([4.8, 4.9, 4.7])=14.4, ϰ=[5.3, 5.9, 4.9], ∫ϰ²/L>=[6.0, 7.3, 8.0], C-C-Sep=0.20, ║∇J║=1.4e-03
-----On 18/20 Initial Guess Perturbations
Iteration 689/2000-----
J=1.3e-02, ⟨Jf⟩=1.3e-03, ⟨B·n⟩=8.1e-03, Len=sum([4.8, 4.9, 4.7])=14.4, ϰ=[5.3, 5.8, 4.9], ∫ϰ²/L>=[6.0, 7.3, 8.1], C-C-Sep=0.20, ║∇J║=1.6e-03
-----On 18/20 Initial Guess Perturbations
Iteration 690/2000-----
J=1.3e-02, ⟨Jf⟩=1.3e-03, ⟨B·n⟩=8.1e-03, Len=sum([4.8, 4.9, 4.7])=14.4, ϰ=[5.3, 5.8, 4.9], ∫ϰ²/L>=[6.0, 7.3, 8.1], C-C-Sep=0.20, ║∇J║=1.5e-03
-----On 18/20 Initial Guess Perturbations
Iteration 691/2000-----
J=1.3e-02, ⟨Jf⟩=1.3e-03, ⟨B·n⟩=8.1e-03, Len=sum([4.8, 4.9, 4.7])=14.4, ϰ=[5.3, 5.8, 4.9], ∫ϰ²/L>=[6.0, 7.3, 8.1], C-C-Sep=0.20, ║∇J║=1.7e-03
-----On 18/20 Initial Guess Perturbations
Iteration 692/2000-----
J=1.3e-02, ⟨Jf⟩=1.3e-03, ⟨B·n⟩=8.1e-03, Len=sum([4.8, 4.9, 4.7])=14.4, ϰ=[5.3, 5.8, 4.9], ∫ϰ²/L>=[6.0, 7.3, 8.1], C-C-Sep=0.20, ║∇J║=1.7e-03
-----On 18/20 Initial Guess Perturbations
Iteration 693/2000-----
J=1.3e-02, ⟨Jf⟩=1.3e-03, ⟨B·n⟩=8.1e-03, Len=sum([4.8, 4.9, 4.7])=14.4, ϰ=[5.3, 5.8, 4.9], ∫ϰ²/L>=[6.1, 7.3, 8.1], C-C-Sep=0.20, ║∇J║=1.6e-03
-----On 18/20 Initial Guess Perturbations
Iteration 694/2000-----
J=1.3e-02, ⟨Jf⟩=1.3e-03, ⟨B·n⟩=8.1e-03, Len=sum([4.8, 4.9, 4.7])=14.4, ϰ=[5.3, 5.8, 4.9], ∫ϰ²/L>=[6.0, 7.3, 8.0], C-C-Sep=0.20, ║∇J║=1.9e-03
-----On 18/20 Initial Guess Perturbations
Iteration 695/2000-----
J=1.3e-02, ⟨Jf⟩=1.3e-03, ⟨B·n⟩=8.1e-03, Len=sum([4.8, 4.9, 4.7])=14.4, ϰ=[5.3, 5.8, 4.9], ∫ϰ²/L>=[6.0, 7.3, 8.1], C-C-Sep=0.20, ║∇J║=1.3e-03
-----On 18/20 Initial Guess Perturbations
Iteration 696/2000-----
J=1.3e-02, ⟨Jf⟩=1.3e-03, ⟨B·n⟩=8.1e-03, Len=sum([4.8, 4.9, 4.7])=14.4, ϰ=[5.3, 5.8, 4.9], ∫ϰ²/L>=[6.0, 7.3, 8.1], C-C-Sep=0.20, ║∇J║=1.3e-03
-----On 18/20 Initial Guess Perturbations
Iteration 697/2000-----
J=1.3e-02, ⟨Jf⟩=1.3e-03, ⟨B·n⟩=8.1e-03, Len=sum([4.8, 4.9, 4.7])=14.4, ϰ=[5.3, 5.8, 4.9], ∫ϰ²/L>=[6.0, 7.3, 8.1], C-C-Sep=0.20, ║∇J║=1.2e-03
-----On 18/20 Initial Guess Perturbations
Iteration 698/2000-----
J=1.3e-02, ⟨Jf⟩=1.3e-03, ⟨B·n⟩=8.1e-03, Len=sum([4.8, 4.9, 4.7])=14.4, ϰ=[5.3, 5.8, 4.9], ∫ϰ²/L>=[6.0, 7.3, 8.0], C-C-Sep=0.20, ║∇J║=1.4e-03
-----On 18/20 Initial Guess Perturbations
Iteration 699/2000-----
J=1.3e-02, ⟨Jf⟩=1.3e-03, ⟨B·n⟩=8.1e-03, Len=sum([4.8, 4.9, 4.7])=14.4, ϰ=[5.3, 5.8, 4.9], ∫ϰ²/L>=[6.0, 7.3, 8.0], C-C-Sep=0.20, ║∇J║=1.9e-03
-----On 18/20 Initial Guess Perturbations
Iteration 700/2000-----
J=1.3e-02, ⟨Jf⟩=1.3e-03, ⟨B·n⟩=8.1e-03, Len=sum([4.8, 4.9, 4.7])=14.4, ϰ=[5.3, 5.8, 4.9], ∫ϰ²/L>=[6.0, 7.3, 8.0], C-C-Sep=0.20, ║∇J║=1.4e-03
-----On 18/20 Initial Guess Perturbations
Iteration 701/2000-----
J=1.3e-02, ⟨Jf⟩=1.3e-03, ⟨B·n⟩=8.1e-03, Len=sum([4.8, 4.9, 4.7])=14.4, ϰ=[5.3, 5.8, 4.9], ∫ϰ²/L>=[6.0, 7.3, 8.0], C-C-Sep=0.20, ║∇J║=1.4e-03
-----On 18/20 Initial Guess Perturbations
Iteration 702/2000-----
J=1.3e-02, ⟨Jf⟩=1.3e-03, ⟨B·n⟩=8.1e-03, Len=sum([4.8, 4.9, 4.7])=14.4, ϰ=[5.3, 5.8, 4.9], ∫ϰ²/L>=[6.0, 7.4, 8.0], C-C-Sep=0.20, ║∇J║=1.5e-03
-----On 18/20 Initial Guess Perturbations
Iteration 703/2000-----
J=1.3e-02, ⟨Jf⟩=1.3e-03, ⟨B·n⟩=8.1e-03, Len=sum([4.8, 4.9, 4.7])=14.4, ϰ=[5.3, 5.8, 4.9], ∫ϰ²/L>=[6.0, 7.3, 8.0], C-C-Sep=0.20, ║∇J║=1.4e-03
-----On 18/20 Initial Guess Perturbations
Iteration 704/2000-----
J=1.3e-02, ⟨Jf⟩=1.3e-03, ⟨B·n⟩=8.1e-03, Len=sum([4.8, 4.9, 4.7])=14.4, ϰ=[5.3, 5.8, 4.9], ∫ϰ²/L>=[6.0, 7.4, 8.0], C-C-Sep=0.20, ║∇J║=1.7e-03
-----On 18/20 Initial Guess Perturbations
Iteration 705/2000-----
J=1.3e-02, ⟨Jf⟩=1.3e-03, ⟨B·n⟩=8.1e-03, Len=sum([4.8, 4.9, 4.7])=14.4, ϰ=[5.3, 5.8, 4.9], ∫ϰ²/L>=[6.0, 7.4, 8.0], C-C-Sep=0.20, ║∇J║=1.3e-03
-----On 18/20 Initial Guess Perturbations
Iteration 706/2000-----
J=1.3e-02, ⟨Jf⟩=1.3e-03, ⟨B·n⟩=8.1e-03, Len=sum([4.8, 4.9, 4.7])=14.4, ϰ=[5.3, 5.8, 4.9], ∫ϰ²/L>=[6.0, 7.4, 8.0], C-C-Sep=0.20, ║∇J║=1.4e-03
-----On 18/20 Initial Guess Perturbations
Iteration 707/2000-----
J=1.3e-02, ⟨Jf⟩=1.3e-03, ⟨B·n⟩=8.1e-03, Len=sum([4.8, 4.9, 4.7])=14.4, ϰ=[5.3, 5.8, 4.9], ∫ϰ²/L>=[6.0, 7.4, 8.0], C-C-Sep=0.20, ║∇J║=2.0e-03
-----On 18/20 Initial Guess Perturbations
Iteration 708/2000-----
J=1.3e-02, ⟨Jf⟩=1.3e-03, ⟨B·n⟩=8.1e-03, Len=sum([4.8, 4.9, 4.7])=14.4, ϰ=[5.3, 5.8, 4.9], ∫ϰ²/L>=[6.0, 7.4, 8.0], C-C-Sep=0.20, ║∇J║=1.4e-03
-----On 18/20 Initial Guess Perturbations
Iteration 709/2000-----
J=1.3e-02, ⟨Jf⟩=1.3e-03, ⟨B·n⟩=8.1e-03, Len=sum([4.8, 4.9, 4.7])=14.4, ϰ=[5.3, 5.8, 4.8], ∫ϰ²/L>=[6.0, 7.3, 8.0], C-C-Sep=0.20, ║∇J║=2.0e-03
-----On 18/20 Initial Guess Perturbations
Iteration 710/2000-----
J=1.3e-02, ⟨Jf⟩=1.3e-03, ⟨B·n⟩=8.1e-03, Len=sum([4.8, 4.9, 4.7])=14.4, ϰ=[5.3, 5.8, 4.8], ∫ϰ²/L>=[6.0, 7.3, 8.0], C-C-Sep=0.20, ║∇J║=2.2e-03
-----On 18/20 Initial Guess Perturbations
Iteration 711/2000-----
J=1.3e-02, ⟨Jf⟩=1.3e-03, ⟨B·n⟩=8.1e-03, Len=sum([4.8, 4.9, 4.7])=14.4, ϰ=[5.3, 5.8, 4.8], ∫ϰ²/L>=[6.0, 7.3, 8.0], C-C-Sep=0.20, ║∇J║=2.1e-03
-----On 18/20 Initial Guess Perturbations
Iteration 712/2000-----
J=1.3e-02, ⟨Jf⟩=1.3e-03, ⟨B·n⟩=8.1e-03, Len=sum([4.8, 4.9, 4.7])=14.4, ϰ=[5.3, 5.8, 4.8], ∫ϰ²/L>=[6.0, 7.3, 8.0], C-C-Sep=0.20, ║∇J║=1.2e-03
-----On 18/20 Initial Guess Perturbations
Iteration 713/2000-----
J=1.3e-02, ⟨Jf⟩=1.3e-03, ⟨B·n⟩=8.1e-03, Len=sum([4.8, 4.9, 4.7])=14.4, ϰ=[5.3, 5.8, 4.8], ∫ϰ²/L>=[6.0, 7.3, 8.0], C-C-Sep=0.20, ║∇J║=1.2e-03
-----On 18/20 Initial Guess Perturbations
Iteration 714/2000-----
J=1.3e-02, ⟨Jf⟩=1.3e-03, ⟨B·n⟩=8.1e-03, Len=sum([4.8, 4.9, 4.7])=14.4, ϰ=[5.3, 5.9, 4.8], ∫ϰ²/L>=[6.0, 7.3, 8.0], C-C-Sep=0.20, ║∇J║=1.3e-03
-----On 18/20 Initial Guess Perturbations
Iteration 715/2000-----
J=1.3e-02, ⟨Jf⟩=1.3e-03, ⟨B·n⟩=8.1e-03, Len=sum([4.8, 4.9, 4.7])=14.4, ϰ=[5.3, 5.9, 4.8], ∫ϰ²/L>=[6.0, 7.3, 8.0], C-C-Sep=0.20, ║∇J║=1.9e-03
-----On 18/20 Initial Guess Perturbations
Iteration 716/2000-----
J=1.3e-02, ⟨Jf⟩=1.3e-03, ⟨B·n⟩=8.1e-03, Len=sum([4.8, 4.9, 4.7])=14.4, ϰ=[5.3, 5.9, 4.8], ∫ϰ²/L>=[6.0, 7.3, 8.0], C-C-Sep=0.20, ║∇J║=1.6e-03
-----On 18/20 Initial Guess Perturbations
Iteration 717/2000-----
J=1.3e-02, ⟨Jf⟩=1.3e-03, ⟨B·n⟩=8.1e-03, Len=sum([4.8, 4.9, 4.7])=14.4, ϰ=[5.3, 5.9, 4.8], ∫ϰ²/L>=[6.0, 7.3, 8.0], C-C-Sep=0.20, ║∇J║=1.5e-03
-----On 18/20 Initial Guess Perturbations
Iteration 718/2000-----
J=1.3e-02, ⟨Jf⟩=1.3e-03, ⟨B·n⟩=8.1e-03, Len=sum([4.8, 4.9, 4.7])=14.4, ϰ=[5.3, 5.9, 4.8], ∫ϰ²/L>=[6.0, 7.3, 8.0], C-C-Sep=0.20, ║∇J║=1.5e-03
-----On 18/20 Initial Guess Perturbations
Iteration 719/2000-----
J=1.3e-02, ⟨Jf⟩=1.3e-03, ⟨B·n⟩=8.1e-03, Len=sum([4.8, 4.9, 4.7])=14.4, ϰ=[5.4, 5.9, 4.8], ∫ϰ²/L>=[6.0, 7.3, 8.0], C-C-Sep=0.20, ║∇J║=1.6e-03
-----On 18/20 Initial Guess Perturbations
Iteration 720/2000-----
J=1.3e-02, ⟨Jf⟩=1.3e-03, ⟨B·n⟩=8.1e-03, Len=sum([4.8, 4.9, 4.7])=14.4, ϰ=[5.4, 5.9, 4.8], ∫ϰ²/L>=[6.0, 7.3, 8.0], C-C-Sep=0.20, ║∇J║=1.4e-03
-----On 18/20 Initial Guess Perturbations
Iteration 721/2000-----
J=1.3e-02, ⟨Jf⟩=1.3e-03, ⟨B·n⟩=8.1e-03, Len=sum([4.8, 4.9, 4.7])=14.4, ϰ=[5.4, 5.9, 4.8], ∫ϰ²/L>=[6.1, 7.3, 8.0], C-C-Sep=0.20, ║∇J║=2.3e-03
-----On 18/20 Initial Guess Perturbations
Iteration 722/2000-----
J=1.3e-02, ⟨Jf⟩=1.3e-03, ⟨B·n⟩=8.1e-03, Len=sum([4.8, 4.9, 4.7])=14.4, ϰ=[5.4, 5.9, 4.8], ∫ϰ²/L>=[6.0, 7.3, 8.0], C-C-Sep=0.20, ║∇J║=2.1e-03
-----On 18/20 Initial Guess Perturbations
Iteration 723/2000-----
J=1.3e-02, ⟨Jf⟩=1.3e-03, ⟨B·n⟩=8.1e-03, Len=sum([4.8, 4.9, 4.7])=14.4, ϰ=[5.4, 5.9, 4.8], ∫ϰ²/L>=[6.0, 7.3, 8.0], C-C-Sep=0.20, ║∇J║=2.0e-03
-----On 18/20 Initial Guess Perturbations
Iteration 724/2000-----
J=1.3e-02, ⟨Jf⟩=1.3e-03, ⟨B·n⟩=8.1e-03, Len=sum([4.8, 4.9, 4.7])=14.4, ϰ=[5.4, 5.9, 4.8], ∫ϰ²/L>=[6.0, 7.3, 8.0], C-C-Sep=0.20, ║∇J║=1.5e-03
-----On 18/20 Initial Guess Perturbations
Iteration 725/2000-----
J=1.3e-02, ⟨Jf⟩=1.3e-03, ⟨B·n⟩=8.1e-03, Len=sum([4.8, 4.9, 4.7])=14.4, ϰ=[5.4, 5.9, 4.8], ∫ϰ²/L>=[6.0, 7.3, 8.0], C-C-Sep=0.20, ║∇J║=1.3e-03
-----On 18/20 Initial Guess Perturbations
Iteration 726/2000-----
J=1.3e-02, ⟨Jf⟩=1.3e-03, ⟨B·n⟩=8.1e-03, Len=sum([4.8, 4.9, 4.7])=14.4, ϰ=[5.4, 5.9, 4.8], ∫ϰ²/L>=[6.0, 7.3, 8.0], C-C-Sep=0.20, ║∇J║=1.5e-03
-----On 18/20 Initial Guess Perturbations
Iteration 727/2000-----
J=1.3e-02, ⟨Jf⟩=1.3e-03, ⟨B·n⟩=8.1e-03, Len=sum([4.8, 4.9, 4.7])=14.4, ϰ=[5.3, 5.8, 4.8], ∫ϰ²/L>=[6.0, 7.3, 8.0], C-C-Sep=0.20, ║∇J║=1.4e-03
-----On 18/20 Initial Guess Perturbations
Iteration 728/2000-----
J=1.3e-02, ⟨Jf⟩=1.3e-03, ⟨B·n⟩=8.1e-03, Len=sum([4.8, 4.9, 4.7])=14.4, ϰ=[5.3, 5.8, 4.8], ∫ϰ²/L>=[6.0, 7.3, 8.0], C-C-Sep=0.20, ║∇J║=2.3e-03
-----On 18/20 Initial Guess Perturbations
Iteration 729/2000-----
J=1.3e-02, ⟨Jf⟩=1.3e-03, ⟨B·n⟩=8.1e-03, Len=sum([4.8, 4.9, 4.7])=14.4, ϰ=[5.3, 5.8, 4.8], ∫ϰ²/L>=[6.0, 7.3, 8.0], C-C-Sep=0.20, ║∇J║=2.3e-03
-----On 18/20 Initial Guess Perturbations
Iteration 730/2000-----
J=1.3e-02, ⟨Jf⟩=1.3e-03, ⟨B·n⟩=8.1e-03, Len=sum([4.8, 4.9, 4.7])=14.4, ϰ=[5.3, 5.8, 4.8], ∫ϰ²/L>=[6.0, 7.3, 8.0], C-C-Sep=0.20, ║∇J║=1.9e-03
-----On 18/20 Initial Guess Perturbations
Iteration 731/2000-----
J=1.3e-02, ⟨Jf⟩=1.3e-03, ⟨B·n⟩=8.1e-03, Len=sum([4.8, 4.9, 4.7])=14.4, ϰ=[5.4, 5.8, 4.8], ∫ϰ²/L>=[6.0, 7.3, 8.0], C-C-Sep=0.20, ║∇J║=2.0e-03
-----On 18/20 Initial Guess Perturbations
Iteration 732/2000-----
J=1.3e-02, ⟨Jf⟩=1.3e-03, ⟨B·n⟩=8.1e-03, Len=sum([4.8, 4.9, 4.7])=14.4, ϰ=[5.4, 5.8, 4.8], ∫ϰ²/L>=[6.0, 7.3, 8.0], C-C-Sep=0.20, ║∇J║=2.0e-03
-----On 18/20 Initial Guess Perturbations
Iteration 733/2000-----
J=1.3e-02, ⟨Jf⟩=1.3e-03, ⟨B·n⟩=8.1e-03, Len=sum([4.8, 4.9, 4.7])=14.4, ϰ=[5.4, 5.8, 4.8], ∫ϰ²/L>=[6.0, 7.3, 8.0], C-C-Sep=0.20, ║∇J║=1.5e-03
-----On 18/20 Initial Guess Perturbations
Iteration 734/2000-----
J=1.3e-02, ⟨Jf⟩=1.3e-03, ⟨B·n⟩=8.1e-03, Len=sum([4.8, 4.9, 4.7])=14.4, ϰ=[5.4, 5.8, 4.8], ∫ϰ²/L>=[6.0, 7.3, 8.0], C-C-Sep=0.20, ║∇J║=1.5e-03
-----On 18/20 Initial Guess Perturbations
Iteration 735/2000-----
J=1.3e-02, ⟨Jf⟩=1.3e-03, ⟨B·n⟩=8.1e-03, Len=sum([4.8, 4.9, 4.7])=14.4, ϰ=[5.4, 5.8, 4.8], ∫ϰ²/L>=[6.0, 7.3, 8.0], C-C-Sep=0.20, ║∇J║=1.8e-03
-----On 18/20 Initial Guess Perturbations
Iteration 736/2000-----
J=1.3e-02, ⟨Jf⟩=1.3e-03, ⟨B·n⟩=8.1e-03, Len=sum([4.8, 4.9, 4.7])=14.4, ϰ=[5.5, 5.9, 4.8], ∫ϰ²/L>=[6.0, 7.4, 8.0], C-C-Sep=0.20, ║∇J║=3.4e-03
-----On 18/20 Initial Guess Perturbations
Iteration 737/2000-----
J=1.3e-02, ⟨Jf⟩=1.3e-03, ⟨B·n⟩=8.1e-03, Len=sum([4.8, 4.9, 4.7])=14.4, ϰ=[5.4, 5.9, 4.8], ∫ϰ²/L>=[6.0, 7.3, 8.0], C-C-Sep=0.20, ║∇J║=2.0e-03
-----On 18/20 Initial Guess Perturbations
Iteration 738/2000-----
J=1.3e-02, ⟨Jf⟩=1.3e-03, ⟨B·n⟩=8.1e-03, Len=sum([4.8, 4.9, 4.7])=14.4, ϰ=[5.4, 5.9, 4.8], ∫ϰ²/L>=[6.0, 7.4, 8.0], C-C-Sep=0.20, ║∇J║=1.6e-03
-----On 18/20 Initial Guess Perturbations
Iteration 739/2000-----
J=1.3e-02, ⟨Jf⟩=1.3e-03, ⟨B·n⟩=8.1e-03, Len=sum([4.8, 4.9, 4.7])=14.4, ϰ=[5.4, 5.9, 4.8], ∫ϰ²/L>=[6.0, 7.3, 8.0], C-C-Sep=0.20, ║∇J║=1.8e-03
-----On 18/20 Initial Guess Perturbations
Iteration 740/2000-----
J=1.3e-02, ⟨Jf⟩=1.3e-03, ⟨B·n⟩=8.1e-03, Len=sum([4.8, 4.9, 4.7])=14.4, ϰ=[5.4, 5.9, 4.8], ∫ϰ²/L>=[6.0, 7.3, 8.0], C-C-Sep=0.20, ║∇J║=1.8e-03
-----On 18/20 Initial Guess Perturbations
Iteration 741/2000-----
J=1.3e-02, ⟨Jf⟩=1.3e-03, ⟨B·n⟩=8.1e-03, Len=sum([4.8, 4.9, 4.7])=14.4, ϰ=[5.4, 5.9, 4.8], ∫ϰ²/L>=[6.0, 7.3, 8.0], C-C-Sep=0.20, ║∇J║=1.8e-03
-----On 18/20 Initial Guess Perturbations
Iteration 742/2000-----
J=1.3e-02, ⟨Jf⟩=1.3e-03, ⟨B·n⟩=8.1e-03, Len=sum([4.8, 4.9, 4.7])=14.4, ϰ=[5.4, 5.8, 4.8], ∫ϰ²/L>=[6.0, 7.3, 8.0], C-C-Sep=0.20, ║∇J║=1.9e-03
-----On 18/20 Initial Guess Perturbations
Iteration 743/2000-----
J=1.3e-02, ⟨Jf⟩=1.3e-03, ⟨B·n⟩=8.1e-03, Len=sum([4.8, 4.9, 4.7])=14.4, ϰ=[5.4, 5.8, 4.8], ∫ϰ²/L>=[6.0, 7.3, 8.0], C-C-Sep=0.20, ║∇J║=1.6e-03
-----On 18/20 Initial Guess Perturbations
Iteration 744/2000-----
J=1.3e-02, ⟨Jf⟩=1.3e-03, ⟨B·n⟩=8.1e-03, Len=sum([4.8, 4.9, 4.7])=14.4, ϰ=[5.3, 5.9, 4.8], ∫ϰ²/L>=[6.0, 7.3, 8.0], C-C-Sep=0.20, ║∇J║=1.7e-03
-----On 18/20 Initial Guess Perturbations
Iteration 745/2000-----
J=1.3e-02, ⟨Jf⟩=1.3e-03, ⟨B·n⟩=8.1e-03, Len=sum([4.8, 4.9, 4.7])=14.4, ϰ=[5.3, 5.9, 4.8], ∫ϰ²/L>=[6.0, 7.3, 8.0], C-C-Sep=0.20, ║∇J║=1.8e-03
-----On 18/20 Initial Guess Perturbations
Iteration 746/2000-----
J=1.3e-02, ⟨Jf⟩=1.3e-03, ⟨B·n⟩=8.1e-03, Len=sum([4.8, 4.9, 4.7])=14.4, ϰ=[5.3, 5.9, 4.9], ∫ϰ²/L>=[6.0, 7.3, 8.0], C-C-Sep=0.20, ║∇J║=2.0e-03
-----On 18/20 Initial Guess Perturbations
Iteration 747/2000-----
J=1.3e-02, ⟨Jf⟩=1.3e-03, ⟨B·n⟩=8.1e-03, Len=sum([4.8, 4.9, 4.7])=14.4, ϰ=[5.3, 5.9, 4.9], ∫ϰ²/L>=[6.0, 7.3, 8.0], C-C-Sep=0.20, ║∇J║=2.6e-03
-----On 18/20 Initial Guess Perturbations
Iteration 748/2000-----
J=1.3e-02, ⟨Jf⟩=1.3e-03, ⟨B·n⟩=8.1e-03, Len=sum([4.8, 4.9, 4.7])=14.4, ϰ=[5.3, 5.9, 4.9], ∫ϰ²/L>=[6.0, 7.3, 8.0], C-C-Sep=0.20, ║∇J║=1.7e-03
-----On 18/20 Initial Guess Perturbations
Iteration 749/2000-----
J=1.3e-02, ⟨Jf⟩=1.3e-03, ⟨B·n⟩=8.1e-03, Len=sum([4.8, 4.9, 4.7])=14.4, ϰ=[5.3, 5.8, 4.9], ∫ϰ²/L>=[6.0, 7.3, 8.0], C-C-Sep=0.20, ║∇J║=2.3e-03
-----On 18/20 Initial Guess Perturbations
Iteration 750/2000-----
J=1.3e-02, ⟨Jf⟩=1.3e-03, ⟨B·n⟩=8.1e-03, Len=sum([4.8, 4.9, 4.7])=14.4, ϰ=[5.3, 5.8, 4.9], ∫ϰ²/L>=[6.0, 7.3, 8.0], C-C-Sep=0.20, ║∇J║=1.7e-03
-----On 18/20 Initial Guess Perturbations
Iteration 751/2000-----
J=1.3e-02, ⟨Jf⟩=1.3e-03, ⟨B·n⟩=8.1e-03, Len=sum([4.8, 4.9, 4.7])=14.4, ϰ=[5.3, 5.9, 4.9], ∫ϰ²/L>=[6.0, 7.3, 8.0], C-C-Sep=0.20, ║∇J║=1.5e-03
-----On 18/20 Initial Guess Perturbations
Iteration 752/2000-----
J=1.3e-02, ⟨Jf⟩=1.3e-03, ⟨B·n⟩=8.1e-03, Len=sum([4.8, 4.9, 4.7])=14.4, ϰ=[5.3, 5.9, 4.8], ∫ϰ²/L>=[6.0, 7.3, 8.0], C-C-Sep=0.20, ║∇J║=1.3e-03
-----On 18/20 Initial Guess Perturbations
Iteration 753/2000-----
J=1.3e-02, ⟨Jf⟩=1.3e-03, ⟨B·n⟩=8.1e-03, Len=sum([4.8, 4.9, 4.7])=14.4, ϰ=[5.3, 5.8, 4.9], ∫ϰ²/L>=[6.0, 7.3, 8.0], C-C-Sep=0.20, ║∇J║=1.4e-03
-----On 18/20 Initial Guess Perturbations
Iteration 754/2000-----
J=1.3e-02, ⟨Jf⟩=1.3e-03, ⟨B·n⟩=8.1e-03, Len=sum([4.8, 4.9, 4.7])=14.4, ϰ=[5.3, 5.8, 4.8], ∫ϰ²/L>=[6.0, 7.3, 8.0], C-C-Sep=0.20, ║∇J║=1.7e-03
-----On 18/20 Initial Guess Perturbations
Iteration 755/2000-----
J=1.3e-02, ⟨Jf⟩=1.3e-03, ⟨B·n⟩=8.1e-03, Len=sum([4.8, 4.9, 4.7])=14.4, ϰ=[5.2, 5.8, 4.8], ∫ϰ²/L>=[6.0, 7.3, 8.0], C-C-Sep=0.20, ║∇J║=1.7e-03
-----On 18/20 Initial Guess Perturbations
Iteration 756/2000-----
J=1.3e-02, ⟨Jf⟩=1.3e-03, ⟨B·n⟩=8.1e-03, Len=sum([4.8, 4.9, 4.7])=14.4, ϰ=[5.2, 5.8, 4.8], ∫ϰ²/L>=[6.0, 7.3, 8.0], C-C-Sep=0.20, ║∇J║=1.8e-03
-----On 18/20 Initial Guess Perturbations
Iteration 757/2000-----
J=1.3e-02, ⟨Jf⟩=1.3e-03, ⟨B·n⟩=8.1e-03, Len=sum([4.8, 4.9, 4.7])=14.4, ϰ=[5.3, 5.8, 4.8], ∫ϰ²/L>=[6.0, 7.3, 8.0], C-C-Sep=0.20, ║∇J║=1.7e-03
-----On 18/20 Initial Guess Perturbations
Iteration 758/2000-----
J=1.3e-02, ⟨Jf⟩=1.3e-03, ⟨B·n⟩=8.1e-03, Len=sum([4.8, 4.9, 4.7])=14.4, ϰ=[5.3, 5.8, 4.8], ∫ϰ²/L>=[6.0, 7.3, 8.0], C-C-Sep=0.20, ║∇J║=1.6e-03
-----On 18/20 Initial Guess Perturbations
Iteration 759/2000-----
J=1.3e-02, ⟨Jf⟩=1.3e-03, ⟨B·n⟩=8.1e-03, Len=sum([4.8, 4.9, 4.7])=14.4, ϰ=[5.3, 5.8, 4.8], ∫ϰ²/L>=[6.0, 7.3, 8.0], C-C-Sep=0.20, ║∇J║=1.3e-03
-----On 18/20 Initial Guess Perturbations
Iteration 760/2000-----
J=1.3e-02, ⟨Jf⟩=1.3e-03, ⟨B·n⟩=8.1e-03, Len=sum([4.8, 4.9, 4.7])=14.4, ϰ=[5.3, 5.8, 4.8], ∫ϰ²/L>=[6.0, 7.3, 8.0], C-C-Sep=0.20, ║∇J║=1.6e-03
-----On 18/20 Initial Guess Perturbations
Iteration 761/2000-----
J=1.3e-02, ⟨Jf⟩=1.3e-03, ⟨B·n⟩=8.1e-03, Len=sum([4.8, 4.9, 4.7])=14.4, ϰ=[5.3, 5.8, 4.8], ∫ϰ²/L>=[6.0, 7.3, 8.0], C-C-Sep=0.20, ║∇J║=2.0e-03
-----On 18/20 Initial Guess Perturbations
Iteration 762/2000-----
J=1.3e-02, ⟨Jf⟩=1.3e-03, ⟨B·n⟩=8.1e-03, Len=sum([4.8, 4.9, 4.7])=14.4, ϰ=[5.2, 5.8, 4.8], ∫ϰ²/L>=[6.0, 7.3, 8.0], C-C-Sep=0.20, ║∇J║=1.5e-03
-----On 18/20 Initial Guess Perturbations
Iteration 763/2000-----
J=1.3e-02, ⟨Jf⟩=1.3e-03, ⟨B·n⟩=8.1e-03, Len=sum([4.8, 4.9, 4.7])=14.4, ϰ=[5.2, 5.8, 4.8], ∫ϰ²/L>=[6.0, 7.3, 8.0], C-C-Sep=0.20, ║∇J║=1.5e-03
-----On 18/20 Initial Guess Perturbations
Iteration 764/2000-----
J=1.3e-02, ⟨Jf⟩=1.3e-03, ⟨B·n⟩=8.1e-03, Len=sum([4.8, 4.9, 4.7])=14.4, ϰ=[5.2, 5.8, 4.8], ∫ϰ²/L>=[6.0, 7.3, 8.0], C-C-Sep=0.20, ║∇J║=1.7e-03
-----On 18/20 Initial Guess Perturbations
Iteration 765/2000-----
J=1.3e-02, ⟨Jf⟩=1.3e-03, ⟨B·n⟩=8.1e-03, Len=sum([4.8, 4.9, 4.7])=14.4, ϰ=[5.2, 5.8, 4.8], ∫ϰ²/L>=[6.0, 7.3, 8.0], C-C-Sep=0.20, ║∇J║=2.4e-03
-----On 18/20 Initial Guess Perturbations
Iteration 766/2000-----
J=1.3e-02, ⟨Jf⟩=1.3e-03, ⟨B·n⟩=8.1e-03, Len=sum([4.8, 4.9, 4.7])=14.4, ϰ=[5.3, 5.8, 4.8], ∫ϰ²/L>=[6.0, 7.3, 8.0], C-C-Sep=0.20, ║∇J║=1.7e-03
-----On 18/20 Initial Guess Perturbations
Iteration 767/2000-----
J=1.3e-02, ⟨Jf⟩=1.3e-03, ⟨B·n⟩=8.1e-03, Len=sum([4.8, 4.9, 4.7])=14.4, ϰ=[5.2, 5.8, 4.8], ∫ϰ²/L>=[6.0, 7.3, 8.0], C-C-Sep=0.20, ║∇J║=1.3e-03
-----On 18/20 Initial Guess Perturbations
Iteration 768/2000-----
J=1.3e-02, ⟨Jf⟩=1.3e-03, ⟨B·n⟩=8.1e-03, Len=sum([4.8, 4.9, 4.7])=14.4, ϰ=[5.3, 5.8, 4.8], ∫ϰ²/L>=[6.0, 7.3, 8.0], C-C-Sep=0.20, ║∇J║=1.3e-03
-----On 18/20 Initial Guess Perturbations
Iteration 769/2000-----
J=1.3e-02, ⟨Jf⟩=1.3e-03, ⟨B·n⟩=8.1e-03, Len=sum([4.8, 4.9, 4.7])=14.4, ϰ=[5.3, 5.7, 4.8], ∫ϰ²/L>=[6.0, 7.3, 8.0], C-C-Sep=0.20, ║∇J║=1.8e-03
-----On 18/20 Initial Guess Perturbations
Iteration 770/2000-----
J=1.3e-02, ⟨Jf⟩=1.3e-03, ⟨B·n⟩=8.1e-03, Len=sum([4.8, 4.9, 4.7])=14.4, ϰ=[5.3, 5.7, 4.8], ∫ϰ²/L>=[6.0, 7.3, 8.0], C-C-Sep=0.20, ║∇J║=1.8e-03
-----On 18/20 Initial Guess Perturbations
Iteration 771/2000-----
J=1.3e-02, ⟨Jf⟩=1.3e-03, ⟨B·n⟩=8.1e-03, Len=sum([4.8, 4.9, 4.7])=14.4, ϰ=[5.3, 5.7, 4.8], ∫ϰ²/L>=[6.0, 7.3, 8.0], C-C-Sep=0.20, ║∇J║=1.6e-03
-----On 18/20 Initial Guess Perturbations
Iteration 772/2000-----
J=1.3e-02, ⟨Jf⟩=1.3e-03, ⟨B·n⟩=8.1e-03, Len=sum([4.8, 4.9, 4.7])=14.4, ϰ=[5.3, 5.7, 4.8], ∫ϰ²/L>=[6.0, 7.3, 8.0], C-C-Sep=0.20, ║∇J║=1.5e-03
-----On 18/20 Initial Guess Perturbations
Iteration 773/2000-----
J=1.3e-02, ⟨Jf⟩=1.3e-03, ⟨B·n⟩=8.1e-03, Len=sum([4.8, 4.9, 4.7])=14.4, ϰ=[5.3, 5.7, 4.8], ∫ϰ²/L>=[6.0, 7.3, 8.0], C-C-Sep=0.20, ║∇J║=1.8e-03
-----On 18/20 Initial Guess Perturbations
Iteration 774/2000-----
J=1.3e-02, ⟨Jf⟩=1.3e-03, ⟨B·n⟩=8.1e-03, Len=sum([4.8, 4.9, 4.7])=14.4, ϰ=[5.3, 5.7, 4.8], ∫ϰ²/L>=[6.0, 7.3, 8.0], C-C-Sep=0.20, ║∇J║=1.7e-03
-----On 18/20 Initial Guess Perturbations
Iteration 775/2000-----
J=1.3e-02, ⟨Jf⟩=1.3e-03, ⟨B·n⟩=8.1e-03, Len=sum([4.8, 4.9, 4.7])=14.4, ϰ=[5.2, 5.7, 4.8], ∫ϰ²/L>=[6.0, 7.3, 8.0], C-C-Sep=0.20, ║∇J║=1.7e-03
-----On 18/20 Initial Guess Perturbations
Iteration 776/2000-----
J=1.3e-02, ⟨Jf⟩=1.3e-03, ⟨B·n⟩=8.1e-03, Len=sum([4.8, 4.9, 4.7])=14.4, ϰ=[5.2, 5.8, 4.8], ∫ϰ²/L>=[6.0, 7.3, 8.0], C-C-Sep=0.20, ║∇J║=1.7e-03
-----On 18/20 Initial Guess Perturbations
Iteration 777/2000-----
J=1.3e-02, ⟨Jf⟩=1.3e-03, ⟨B·n⟩=8.1e-03, Len=sum([4.8, 4.9, 4.7])=14.4, ϰ=[5.2, 5.8, 4.8], ∫ϰ²/L>=[6.0, 7.3, 8.0], C-C-Sep=0.20, ║∇J║=1.5e-03
-----On 18/20 Initial Guess Perturbations
Iteration 778/2000-----
J=1.3e-02, ⟨Jf⟩=1.3e-03, ⟨B·n⟩=8.1e-03, Len=sum([4.8, 4.9, 4.7])=14.4, ϰ=[5.2, 5.8, 4.8], ∫ϰ²/L>=[6.0, 7.3, 8.0], C-C-Sep=0.20, ║∇J║=1.9e-03
-----On 18/20 Initial Guess Perturbations
Iteration 779/2000-----
J=1.3e-02, ⟨Jf⟩=1.3e-03, ⟨B·n⟩=8.1e-03, Len=sum([4.8, 4.9, 4.7])=14.4, ϰ=[5.2, 5.8, 4.9], ∫ϰ²/L>=[6.0, 7.3, 8.0], C-C-Sep=0.20, ║∇J║=2.0e-03
-----On 18/20 Initial Guess Perturbations
Iteration 780/2000-----
J=1.3e-02, ⟨Jf⟩=1.3e-03, ⟨B·n⟩=8.1e-03, Len=sum([4.8, 4.9, 4.7])=14.4, ϰ=[5.2, 5.8, 4.9], ∫ϰ²/L>=[6.0, 7.3, 8.0], C-C-Sep=0.20, ║∇J║=1.8e-03
-----On 18/20 Initial Guess Perturbations
Iteration 781/2000-----
J=1.3e-02, ⟨Jf⟩=1.3e-03, ⟨B·n⟩=8.1e-03, Len=sum([4.8, 4.9, 4.7])=14.4, ϰ=[5.2, 5.8, 4.9], ∫ϰ²/L>=[5.9, 7.3, 8.0], C-C-Sep=0.20, ║∇J║=1.5e-03
-----On 18/20 Initial Guess Perturbations
Iteration 782/2000-----
J=1.3e-02, ⟨Jf⟩=1.3e-03, ⟨B·n⟩=8.1e-03, Len=sum([4.8, 4.9, 4.7])=14.4, ϰ=[5.2, 5.8, 4.9], ∫ϰ²/L>=[6.0, 7.3, 8.0], C-C-Sep=0.20, ║∇J║=2.1e-03
-----On 18/20 Initial Guess Perturbations
Iteration 783/2000-----
J=1.3e-02, ⟨Jf⟩=1.3e-03, ⟨B·n⟩=8.1e-03, Len=sum([4.8, 4.9, 4.7])=14.4, ϰ=[5.2, 5.8, 4.9], ∫ϰ²/L>=[5.9, 7.3, 8.0], C-C-Sep=0.20, ║∇J║=1.5e-03
-----On 18/20 Initial Guess Perturbations
Iteration 784/2000-----
J=1.3e-02, ⟨Jf⟩=1.3e-03, ⟨B·n⟩=8.1e-03, Len=sum([4.8, 4.9, 4.7])=14.4, ϰ=[5.2, 5.8, 4.9], ∫ϰ²/L>=[5.9, 7.3, 8.0], C-C-Sep=0.20, ║∇J║=1.3e-03
-----On 18/20 Initial Guess Perturbations
Iteration 785/2000-----
J=1.3e-02, ⟨Jf⟩=1.3e-03, ⟨B·n⟩=8.1e-03, Len=sum([4.8, 4.9, 4.7])=14.4, ϰ=[5.2, 5.8, 4.9], ∫ϰ²/L>=[5.9, 7.3, 8.0], C-C-Sep=0.20, ║∇J║=1.5e-03
-----On 18/20 Initial Guess Perturbations
Iteration 786/2000-----
J=1.3e-02, ⟨Jf⟩=1.3e-03, ⟨B·n⟩=8.1e-03, Len=sum([4.8, 4.9, 4.7])=14.4, ϰ=[5.2, 5.8, 4.9], ∫ϰ²/L>=[5.9, 7.3, 8.0], C-C-Sep=0.20, ║∇J║=1.7e-03
-----On 18/20 Initial Guess Perturbations
Iteration 787/2000-----
J=1.3e-02, ⟨Jf⟩=1.3e-03, ⟨B·n⟩=8.1e-03, Len=sum([4.8, 4.9, 4.7])=14.4, ϰ=[5.2, 5.8, 4.9], ∫ϰ²/L>=[5.9, 7.3, 8.0], C-C-Sep=0.20, ║∇J║=2.2e-03
-----On 18/20 Initial Guess Perturbations
Iteration 788/2000-----
J=1.3e-02, ⟨Jf⟩=1.3e-03, ⟨B·n⟩=8.1e-03, Len=sum([4.8, 4.9, 4.7])=14.4, ϰ=[5.2, 5.8, 4.9], ∫ϰ²/L>=[5.9, 7.3, 8.0], C-C-Sep=0.20, ║∇J║=1.7e-03
-----On 18/20 Initial Guess Perturbations
Iteration 789/2000-----
J=1.3e-02, ⟨Jf⟩=1.3e-03, ⟨B·n⟩=8.1e-03, Len=sum([4.8, 4.9, 4.7])=14.4, ϰ=[5.2, 5.8, 4.9], ∫ϰ²/L>=[5.9, 7.3, 8.0], C-C-Sep=0.20, ║∇J║=1.9e-03
-----On 18/20 Initial Guess Perturbations
Iteration 790/2000-----
J=1.3e-02, ⟨Jf⟩=1.3e-03, ⟨B·n⟩=8.1e-03, Len=sum([4.8, 4.9, 4.7])=14.4, ϰ=[5.2, 5.8, 4.9], ∫ϰ²/L>=[5.9, 7.3, 8.0], C-C-Sep=0.20, ║∇J║=1.7e-03
-----On 18/20 Initial Guess Perturbations
Iteration 791/2000-----
J=1.3e-02, ⟨Jf⟩=1.3e-03, ⟨B·n⟩=8.1e-03, Len=sum([4.8, 4.9, 4.7])=14.4, ϰ=[5.2, 5.8, 4.9], ∫ϰ²/L>=[5.9, 7.3, 8.0], C-C-Sep=0.20, ║∇J║=1.6e-03
-----On 18/20 Initial Guess Perturbations
Iteration 792/2000-----
J=1.3e-02, ⟨Jf⟩=1.3e-03, ⟨B·n⟩=8.1e-03, Len=sum([4.8, 4.9, 4.7])=14.4, ϰ=[5.2, 5.8, 4.9], ∫ϰ²/L>=[5.9, 7.3, 8.0], C-C-Sep=0.20, ║∇J║=1.6e-03
-----On 18/20 Initial Guess Perturbations
Iteration 793/2000-----
J=1.3e-02, ⟨Jf⟩=1.3e-03, ⟨B·n⟩=8.1e-03, Len=sum([4.8, 4.9, 4.7])=14.4, ϰ=[5.2, 5.8, 4.9], ∫ϰ²/L>=[6.0, 7.3, 8.0], C-C-Sep=0.20, ║∇J║=2.2e-03
-----On 18/20 Initial Guess Perturbations
Iteration 794/2000-----
J=1.3e-02, ⟨Jf⟩=1.3e-03, ⟨B·n⟩=8.1e-03, Len=sum([4.8, 4.9, 4.7])=14.4, ϰ=[5.2, 5.8, 4.9], ∫ϰ²/L>=[5.9, 7.3, 8.0], C-C-Sep=0.20, ║∇J║=2.0e-03
-----On 18/20 Initial Guess Perturbations
Iteration 795/2000-----
J=1.3e-02, ⟨Jf⟩=1.3e-03, ⟨B·n⟩=8.1e-03, Len=sum([4.8, 4.9, 4.7])=14.4, ϰ=[5.2, 5.8, 4.9], ∫ϰ²/L>=[5.9, 7.3, 8.0], C-C-Sep=0.20, ║∇J║=2.0e-03
-----On 18/20 Initial Guess Perturbations
Iteration 796/2000-----
J=1.3e-02, ⟨Jf⟩=1.3e-03, ⟨B·n⟩=8.1e-03, Len=sum([4.8, 4.9, 4.7])=14.4, ϰ=[5.2, 5.8, 4.9], ∫ϰ²/L>=[5.9, 7.3, 8.0], C-C-Sep=0.20, ║∇J║=1.6e-03
-----On 18/20 Initial Guess Perturbations
Iteration 797/2000-----
J=1.3e-02, ⟨Jf⟩=1.3e-03, ⟨B·n⟩=8.1e-03, Len=sum([4.8, 4.9, 4.7])=14.4, ϰ=[5.2, 5.8, 4.9], ∫ϰ²/L>=[5.9, 7.3, 8.0], C-C-Sep=0.20, ║∇J║=1.9e-03
-----On 18/20 Initial Guess Perturbations
Iteration 798/2000-----
J=1.3e-02, ⟨Jf⟩=1.3e-03, ⟨B·n⟩=8.1e-03, Len=sum([4.8, 4.9, 4.7])=14.4, ϰ=[5.2, 5.8, 4.9], ∫ϰ²/L>=[5.9, 7.3, 8.0], C-C-Sep=0.20, ║∇J║=1.7e-03
-----On 18/20 Initial Guess Perturbations
Iteration 799/2000-----
J=1.3e-02, ⟨Jf⟩=1.3e-03, ⟨B·n⟩=8.1e-03, Len=sum([4.8, 4.9, 4.7])=14.4, ϰ=[5.2, 5.8, 4.9], ∫ϰ²/L>=[5.9, 7.3, 8.0], C-C-Sep=0.20, ║∇J║=1.7e-03
-----On 18/20 Initial Guess Perturbations
Iteration 800/2000-----
J=1.3e-02, ⟨Jf⟩=1.3e-03, ⟨B·n⟩=8.1e-03, Len=sum([4.8, 4.9, 4.7])=14.4, ϰ=[5.2, 5.8, 4.9], ∫ϰ²/L>=[5.9, 7.3, 8.0], C-C-Sep=0.20, ║∇J║=1.8e-03
-----On 18/20 Initial Guess Perturbations
Iteration 801/2000-----
J=1.3e-02, ⟨Jf⟩=1.3e-03, ⟨B·n⟩=8.1e-03, Len=sum([4.8, 4.9, 4.7])=14.4, ϰ=[5.2, 5.8, 4.9], ∫ϰ²/L>=[5.9, 7.3, 8.0], C-C-Sep=0.20, ║∇J║=1.9e-03
-----On 18/20 Initial Guess Perturbations
Iteration 802/2000-----
J=1.3e-02, ⟨Jf⟩=1.3e-03, ⟨B·n⟩=8.1e-03, Len=sum([4.8, 4.9, 4.7])=14.4, ϰ=[5.2, 5.8, 4.9], ∫ϰ²/L>=[5.9, 7.3, 8.0], C-C-Sep=0.20, ║∇J║=1.7e-03
-----On 18/20 Initial Guess Perturbations
Iteration 803/2000-----
J=1.3e-02, ⟨Jf⟩=1.3e-03, ⟨B·n⟩=8.1e-03, Len=sum([4.8, 4.9, 4.7])=14.4, ϰ=[5.2, 5.8, 4.9], ∫ϰ²/L>=[5.9, 7.3, 8.0], C-C-Sep=0.20, ║∇J║=1.8e-03
-----On 18/20 Initial Guess Perturbations
Iteration 804/2000-----
J=1.3e-02, ⟨Jf⟩=1.3e-03, ⟨B·n⟩=8.1e-03, Len=sum([4.8, 4.9, 4.7])=14.4, ϰ=[5.2, 5.8, 4.9], ∫ϰ²/L>=[5.9, 7.3, 8.0], C-C-Sep=0.20, ║∇J║=2.0e-03
-----On 18/20 Initial Guess Perturbations
Iteration 805/2000-----
J=1.3e-02, ⟨Jf⟩=1.3e-03, ⟨B·n⟩=8.1e-03, Len=sum([4.8, 4.9, 4.7])=14.4, ϰ=[5.2, 5.8, 4.9], ∫ϰ²/L>=[5.9, 7.3, 8.0], C-C-Sep=0.20, ║∇J║=3.2e-03
-----On 18/20 Initial Guess Perturbations
Iteration 806/2000-----
J=1.3e-02, ⟨Jf⟩=1.3e-03, ⟨B·n⟩=8.1e-03, Len=sum([4.8, 4.9, 4.7])=14.4, ϰ=[5.2, 5.8, 4.9], ∫ϰ²/L>=[5.9, 7.3, 8.0], C-C-Sep=0.20, ║∇J║=1.9e-03
-----On 18/20 Initial Guess Perturbations
Iteration 807/2000-----
J=1.3e-02, ⟨Jf⟩=1.3e-03, ⟨B·n⟩=8.1e-03, Len=sum([4.8, 4.9, 4.7])=14.4, ϰ=[5.2, 5.8, 4.9], ∫ϰ²/L>=[5.9, 7.3, 8.0], C-C-Sep=0.20, ║∇J║=1.9e-03
-----On 18/20 Initial Guess Perturbations
Iteration 808/2000-----
J=1.3e-02, ⟨Jf⟩=1.3e-03, ⟨B·n⟩=8.1e-03, Len=sum([4.8, 4.9, 4.7])=14.4, ϰ=[5.2, 5.8, 4.9], ∫ϰ²/L>=[5.9, 7.3, 8.0], C-C-Sep=0.20, ║∇J║=1.8e-03
-----On 18/20 Initial Guess Perturbations
Iteration 809/2000-----
J=1.3e-02, ⟨Jf⟩=1.3e-03, ⟨B·n⟩=8.1e-03, Len=sum([4.8, 4.9, 4.7])=14.4, ϰ=[5.2, 5.8, 4.9], ∫ϰ²/L>=[5.9, 7.3, 8.0], C-C-Sep=0.20, ║∇J║=1.9e-03
-----On 18/20 Initial Guess Perturbations
Iteration 810/2000-----
J=1.3e-02, ⟨Jf⟩=1.3e-03, ⟨B·n⟩=8.1e-03, Len=sum([4.8, 4.9, 4.7])=14.4, ϰ=[5.2, 5.8, 4.9], ∫ϰ²/L>=[5.9, 7.3, 8.0], C-C-Sep=0.20, ║∇J║=1.8e-03
-----On 18/20 Initial Guess Perturbations
Iteration 811/2000-----
J=1.3e-02, ⟨Jf⟩=1.3e-03, ⟨B·n⟩=8.1e-03, Len=sum([4.8, 4.9, 4.7])=14.4, ϰ=[5.3, 5.8, 4.9], ∫ϰ²/L>=[5.9, 7.3, 8.0], C-C-Sep=0.20, ║∇J║=1.7e-03
-----On 18/20 Initial Guess Perturbations
Iteration 812/2000-----
J=1.3e-02, ⟨Jf⟩=1.3e-03, ⟨B·n⟩=8.1e-03, Len=sum([4.8, 4.9, 4.7])=14.4, ϰ=[5.3, 5.8, 4.9], ∫ϰ²/L>=[5.9, 7.3, 8.0], C-C-Sep=0.20, ║∇J║=1.7e-03
-----On 18/20 Initial Guess Perturbations
Iteration 813/2000-----
J=1.3e-02, ⟨Jf⟩=1.3e-03, ⟨B·n⟩=8.1e-03, Len=sum([4.8, 4.9, 4.7])=14.4, ϰ=[5.2, 5.8, 4.9], ∫ϰ²/L>=[5.9, 7.3, 8.0], C-C-Sep=0.20, ║∇J║=1.9e-03
-----On 18/20 Initial Guess Perturbations
Iteration 814/2000-----
J=1.3e-02, ⟨Jf⟩=1.3e-03, ⟨B·n⟩=8.1e-03, Len=sum([4.8, 4.9, 4.7])=14.4, ϰ=[5.2, 5.8, 4.9], ∫ϰ²/L>=[5.9, 7.3, 8.0], C-C-Sep=0.20, ║∇J║=1.7e-03
-----On 18/20 Initial Guess Perturbations
Iteration 815/2000-----
J=1.3e-02, ⟨Jf⟩=1.3e-03, ⟨B·n⟩=8.1e-03, Len=sum([4.8, 4.9, 4.7])=14.4, ϰ=[5.2, 5.8, 4.9], ∫ϰ²/L>=[5.9, 7.3, 8.0], C-C-Sep=0.20, ║∇J║=1.6e-03
-----On 18/20 Initial Guess Perturbations
Iteration 816/2000-----
J=1.3e-02, ⟨Jf⟩=1.3e-03, ⟨B·n⟩=8.1e-03, Len=sum([4.8, 4.9, 4.7])=14.4, ϰ=[5.2, 5.8, 4.9], ∫ϰ²/L>=[5.9, 7.3, 8.0], C-C-Sep=0.20, ║∇J║=1.8e-03
-----On 18/20 Initial Guess Perturbations
Iteration 817/2000-----
J=1.3e-02, ⟨Jf⟩=1.3e-03, ⟨B·n⟩=8.1e-03, Len=sum([4.8, 4.9, 4.7])=14.4, ϰ=[5.2, 5.9, 4.9], ∫ϰ²/L>=[5.9, 7.3, 8.0], C-C-Sep=0.20, ║∇J║=1.9e-03
-----On 18/20 Initial Guess Perturbations
Iteration 818/2000-----
J=1.3e-02, ⟨Jf⟩=1.3e-03, ⟨B·n⟩=8.1e-03, Len=sum([4.8, 4.9, 4.7])=14.4, ϰ=[5.2, 5.9, 4.9], ∫ϰ²/L>=[5.9, 7.3, 8.0], C-C-Sep=0.20, ║∇J║=1.7e-03
-----On 18/20 Initial Guess Perturbations
Iteration 819/2000-----
J=1.3e-02, ⟨Jf⟩=1.3e-03, ⟨B·n⟩=8.1e-03, Len=sum([4.8, 4.9, 4.7])=14.4, ϰ=[5.2, 5.9, 4.9], ∫ϰ²/L>=[5.9, 7.3, 8.0], C-C-Sep=0.20, ║∇J║=1.9e-03
-----On 18/20 Initial Guess Perturbations
Iteration 820/2000-----
J=1.3e-02, ⟨Jf⟩=1.3e-03, ⟨B·n⟩=8.1e-03, Len=sum([4.8, 4.9, 4.7])=14.4, ϰ=[5.2, 5.8, 4.9], ∫ϰ²/L>=[5.9, 7.3, 8.0], C-C-Sep=0.20, ║∇J║=2.1e-03
-----On 18/20 Initial Guess Perturbations
Iteration 821/2000-----
J=1.3e-02, ⟨Jf⟩=1.3e-03, ⟨B·n⟩=8.1e-03, Len=sum([4.8, 4.9, 4.7])=14.4, ϰ=[5.2, 5.8, 4.9], ∫ϰ²/L>=[5.9, 7.3, 8.0], C-C-Sep=0.20, ║∇J║=2.3e-03
-----On 18/20 Initial Guess Perturbations
Iteration 822/2000-----
J=1.3e-02, ⟨Jf⟩=1.3e-03, ⟨B·n⟩=8.1e-03, Len=sum([4.8, 4.9, 4.7])=14.4, ϰ=[5.2, 5.8, 4.9], ∫ϰ²/L>=[5.9, 7.3, 8.0], C-C-Sep=0.20, ║∇J║=1.6e-03
-----On 18/20 Initial Guess Perturbations
Iteration 823/2000-----
J=1.3e-02, ⟨Jf⟩=1.3e-03, ⟨B·n⟩=8.1e-03, Len=sum([4.8, 4.9, 4.7])=14.4, ϰ=[5.2, 5.8, 4.9], ∫ϰ²/L>=[5.9, 7.3, 8.0], C-C-Sep=0.20, ║∇J║=1.3e-03
-----On 18/20 Initial Guess Perturbations
Iteration 824/2000-----
J=1.3e-02, ⟨Jf⟩=1.3e-03, ⟨B·n⟩=8.1e-03, Len=sum([4.8, 4.9, 4.7])=14.4, ϰ=[5.2, 5.8, 4.9], ∫ϰ²/L>=[5.9, 7.3, 8.0], C-C-Sep=0.20, ║∇J║=1.4e-03
-----On 18/20 Initial Guess Perturbations
Iteration 825/2000-----
J=1.3e-02, ⟨Jf⟩=1.3e-03, ⟨B·n⟩=8.1e-03, Len=sum([4.8, 4.9, 4.7])=14.4, ϰ=[5.2, 5.8, 4.9], ∫ϰ²/L>=[5.9, 7.3, 8.0], C-C-Sep=0.20, ║∇J║=1.4e-03
-----On 18/20 Initial Guess Perturbations
Iteration 826/2000-----
J=1.3e-02, ⟨Jf⟩=1.3e-03, ⟨B·n⟩=8.1e-03, Len=sum([4.8, 4.9, 4.7])=14.4, ϰ=[5.2, 5.8, 4.9], ∫ϰ²/L>=[5.9, 7.3, 8.0], C-C-Sep=0.20, ║∇J║=1.8e-03
-----On 18/20 Initial Guess Perturbations
Iteration 827/2000-----
J=1.3e-02, ⟨Jf⟩=1.3e-03, ⟨B·n⟩=8.1e-03, Len=sum([4.8, 4.9, 4.7])=14.4, ϰ=[5.2, 5.8, 4.9], ∫ϰ²/L>=[5.9, 7.3, 8.0], C-C-Sep=0.20, ║∇J║=1.8e-03
-----On 18/20 Initial Guess Perturbations
Iteration 828/2000-----
J=1.3e-02, ⟨Jf⟩=1.3e-03, ⟨B·n⟩=8.1e-03, Len=sum([4.8, 4.9, 4.7])=14.4, ϰ=[5.2, 5.8, 4.9], ∫ϰ²/L>=[5.9, 7.3, 8.0], C-C-Sep=0.20, ║∇J║=1.9e-03
-----On 18/20 Initial Guess Perturbations
Iteration 829/2000-----
J=1.3e-02, ⟨Jf⟩=1.3e-03, ⟨B·n⟩=8.1e-03, Len=sum([4.8, 4.9, 4.7])=14.4, ϰ=[5.2, 5.8, 4.9], ∫ϰ²/L>=[5.9, 7.3, 8.0], C-C-Sep=0.20, ║∇J║=2.5e-03
-----On 18/20 Initial Guess Perturbations
Iteration 830/2000-----
J=1.3e-02, ⟨Jf⟩=1.3e-03, ⟨B·n⟩=8.1e-03, Len=sum([4.8, 4.9, 4.7])=14.4, ϰ=[5.2, 5.8, 4.9], ∫ϰ²/L>=[5.9, 7.3, 8.0], C-C-Sep=0.20, ║∇J║=1.8e-03
-----On 18/20 Initial Guess Perturbations
Iteration 831/2000-----
J=1.3e-02, ⟨Jf⟩=1.3e-03, ⟨B·n⟩=8.1e-03, Len=sum([4.8, 4.9, 4.7])=14.4, ϰ=[5.2, 5.8, 4.9], ∫ϰ²/L>=[5.9, 7.3, 8.0], C-C-Sep=0.20, ║∇J║=2.1e-03
-----On 18/20 Initial Guess Perturbations
Iteration 832/2000-----
J=1.3e-02, ⟨Jf⟩=1.3e-03, ⟨B·n⟩=8.1e-03, Len=sum([4.8, 4.9, 4.7])=14.4, ϰ=[5.2, 5.8, 4.9], ∫ϰ²/L>=[5.9, 7.3, 8.0], C-C-Sep=0.20, ║∇J║=1.1e-03
-----On 18/20 Initial Guess Perturbations
Iteration 833/2000-----
J=1.3e-02, ⟨Jf⟩=1.3e-03, ⟨B·n⟩=8.1e-03, Len=sum([4.8, 4.9, 4.7])=14.4, ϰ=[5.2, 5.8, 4.9], ∫ϰ²/L>=[5.9, 7.3, 8.0], C-C-Sep=0.20, ║∇J║=1.3e-03
-----On 18/20 Initial Guess Perturbations
Iteration 834/2000-----
J=1.3e-02, ⟨Jf⟩=1.3e-03, ⟨B·n⟩=8.1e-03, Len=sum([4.8, 4.9, 4.7])=14.4, ϰ=[5.2, 5.8, 4.9], ∫ϰ²/L>=[5.9, 7.3, 8.0], C-C-Sep=0.20, ║∇J║=1.5e-03
-----On 18/20 Initial Guess Perturbations
Iteration 835/2000-----
J=1.3e-02, ⟨Jf⟩=1.3e-03, ⟨B·n⟩=8.1e-03, Len=sum([4.8, 4.9, 4.7])=14.4, ϰ=[5.2, 5.7, 4.9], ∫ϰ²/L>=[5.9, 7.3, 8.0], C-C-Sep=0.20, ║∇J║=1.9e-03
-----On 18/20 Initial Guess Perturbations
Iteration 836/2000-----
J=1.3e-02, ⟨Jf⟩=1.3e-03, ⟨B·n⟩=8.1e-03, Len=sum([4.8, 4.9, 4.7])=14.4, ϰ=[5.2, 5.7, 4.9], ∫ϰ²/L>=[5.9, 7.3, 8.0], C-C-Sep=0.20, ║∇J║=1.7e-03
-----On 18/20 Initial Guess Perturbations
Iteration 837/2000-----
J=1.3e-02, ⟨Jf⟩=1.3e-03, ⟨B·n⟩=8.1e-03, Len=sum([4.8, 4.9, 4.7])=14.4, ϰ=[5.2, 5.8, 4.9], ∫ϰ²/L>=[5.9, 7.3, 8.0], C-C-Sep=0.20, ║∇J║=1.7e-03
-----On 18/20 Initial Guess Perturbations
Iteration 838/2000-----
J=1.3e-02, ⟨Jf⟩=1.3e-03, ⟨B·n⟩=8.1e-03, Len=sum([4.8, 4.9, 4.7])=14.4, ϰ=[5.2, 5.8, 4.9], ∫ϰ²/L>=[5.9, 7.3, 8.0], C-C-Sep=0.20, ║∇J║=1.6e-03
-----On 18/20 Initial Guess Perturbations
Iteration 839/2000-----
J=1.3e-02, ⟨Jf⟩=1.3e-03, ⟨B·n⟩=8.1e-03, Len=sum([4.8, 4.9, 4.7])=14.4, ϰ=[5.2, 5.8, 4.9], ∫ϰ²/L>=[5.9, 7.3, 8.0], C-C-Sep=0.20, ║∇J║=2.3e-03
-----On 18/20 Initial Guess Perturbations
Iteration 840/2000-----
J=1.3e-02, ⟨Jf⟩=1.3e-03, ⟨B·n⟩=8.1e-03, Len=sum([4.8, 4.9, 4.7])=14.4, ϰ=[5.2, 5.8, 4.9], ∫ϰ²/L>=[5.9, 7.3, 8.0], C-C-Sep=0.20, ║∇J║=1.6e-03
-----On 18/20 Initial Guess Perturbations
Iteration 841/2000-----
J=1.3e-02, ⟨Jf⟩=1.3e-03, ⟨B·n⟩=8.1e-03, Len=sum([4.8, 4.9, 4.7])=14.4, ϰ=[5.2, 5.8, 4.9], ∫ϰ²/L>=[5.9, 7.3, 8.0], C-C-Sep=0.20, ║∇J║=2.0e-03
-----On 18/20 Initial Guess Perturbations
Iteration 842/2000-----
J=1.3e-02, ⟨Jf⟩=1.3e-03, ⟨B·n⟩=8.1e-03, Len=sum([4.8, 4.9, 4.7])=14.4, ϰ=[5.2, 5.8, 4.9], ∫ϰ²/L>=[5.9, 7.3, 8.0], C-C-Sep=0.20, ║∇J║=1.7e-03
-----On 18/20 Initial Guess Perturbations
Iteration 843/2000-----
J=1.3e-02, ⟨Jf⟩=1.3e-03, ⟨B·n⟩=8.1e-03, Len=sum([4.8, 4.9, 4.7])=14.4, ϰ=[5.1, 5.8, 4.9], ∫ϰ²/L>=[5.9, 7.3, 8.0], C-C-Sep=0.20, ║∇J║=1.7e-03
-----On 18/20 Initial Guess Perturbations
Iteration 844/2000-----
J=1.3e-02, ⟨Jf⟩=1.3e-03, ⟨B·n⟩=8.1e-03, Len=sum([4.8, 4.9, 4.7])=14.4, ϰ=[5.1, 5.9, 4.9], ∫ϰ²/L>=[5.9, 7.3, 8.0], C-C-Sep=0.20, ║∇J║=1.9e-03
-----On 18/20 Initial Guess Perturbations
Iteration 845/2000-----
J=1.3e-02, ⟨Jf⟩=1.3e-03, ⟨B·n⟩=8.1e-03, Len=sum([4.8, 4.9, 4.7])=14.4, ϰ=[5.1, 5.8, 4.9], ∫ϰ²/L>=[5.9, 7.3, 8.0], C-C-Sep=0.20, ║∇J║=1.9e-03
-----On 18/20 Initial Guess Perturbations
Iteration 846/2000-----
J=1.3e-02, ⟨Jf⟩=1.3e-03, ⟨B·n⟩=8.1e-03, Len=sum([4.8, 4.9, 4.7])=14.4, ϰ=[5.2, 5.9, 4.9], ∫ϰ²/L>=[5.9, 7.3, 8.0], C-C-Sep=0.20, ║∇J║=2.0e-03
-----On 18/20 Initial Guess Perturbations
Iteration 847/2000-----
J=1.3e-02, ⟨Jf⟩=1.3e-03, ⟨B·n⟩=8.1e-03, Len=sum([4.8, 4.9, 4.7])=14.4, ϰ=[5.2, 5.9, 4.9], ∫ϰ²/L>=[5.9, 7.3, 8.0], C-C-Sep=0.20, ║∇J║=1.4e-03
-----On 18/20 Initial Guess Perturbations
Iteration 848/2000-----
J=1.3e-02, ⟨Jf⟩=1.3e-03, ⟨B·n⟩=8.1e-03, Len=sum([4.8, 4.9, 4.7])=14.4, ϰ=[5.2, 5.8, 4.9], ∫ϰ²/L>=[5.9, 7.3, 8.0], C-C-Sep=0.20, ║∇J║=1.7e-03
-----On 18/20 Initial Guess Perturbations
Iteration 849/2000-----
J=1.3e-02, ⟨Jf⟩=1.3e-03, ⟨B·n⟩=8.1e-03, Len=sum([4.8, 4.9, 4.7])=14.4, ϰ=[5.2, 5.8, 4.9], ∫ϰ²/L>=[5.9, 7.3, 8.0], C-C-Sep=0.20, ║∇J║=1.7e-03
-----On 18/20 Initial Guess Perturbations
Iteration 850/2000-----
J=1.3e-02, ⟨Jf⟩=1.3e-03, ⟨B·n⟩=8.1e-03, Len=sum([4.8, 4.9, 4.7])=14.4, ϰ=[5.2, 5.8, 4.9], ∫ϰ²/L>=[5.9, 7.3, 8.0], C-C-Sep=0.20, ║∇J║=1.6e-03
-----On 18/20 Initial Guess Perturbations
Iteration 851/2000-----
J=1.3e-02, ⟨Jf⟩=1.3e-03, ⟨B·n⟩=8.1e-03, Len=sum([4.8, 4.9, 4.7])=14.4, ϰ=[5.2, 5.9, 4.9], ∫ϰ²/L>=[5.9, 7.3, 8.0], C-C-Sep=0.20, ║∇J║=1.9e-03
-----On 18/20 Initial Guess Perturbations
Iteration 852/2000-----
J=1.3e-02, ⟨Jf⟩=1.3e-03, ⟨B·n⟩=8.1e-03, Len=sum([4.8, 4.9, 4.7])=14.4, ϰ=[5.2, 5.8, 4.9], ∫ϰ²/L>=[5.9, 7.3, 8.0], C-C-Sep=0.20, ║∇J║=1.8e-03
-----On 18/20 Initial Guess Perturbations
Iteration 853/2000-----
J=1.3e-02, ⟨Jf⟩=1.3e-03, ⟨B·n⟩=8.1e-03, Len=sum([4.8, 4.9, 4.7])=14.4, ϰ=[5.3, 5.8, 4.9], ∫ϰ²/L>=[5.9, 7.3, 8.0], C-C-Sep=0.20, ║∇J║=1.7e-03
-----On 18/20 Initial Guess Perturbations
Iteration 854/2000-----
J=1.3e-02, ⟨Jf⟩=1.3e-03, ⟨B·n⟩=8.1e-03, Len=sum([4.8, 4.9, 4.7])=14.4, ϰ=[5.3, 5.8, 4.9], ∫ϰ²/L>=[5.9, 7.3, 8.0], C-C-Sep=0.20, ║∇J║=1.7e-03
-----On 18/20 Initial Guess Perturbations
Iteration 855/2000-----
J=1.3e-02, ⟨Jf⟩=1.3e-03, ⟨B·n⟩=8.1e-03, Len=sum([4.8, 4.9, 4.7])=14.4, ϰ=[5.3, 5.8, 4.9], ∫ϰ²/L>=[5.9, 7.4, 8.0], C-C-Sep=0.20, ║∇J║=1.8e-03
-----On 18/20 Initial Guess Perturbations
Iteration 856/2000-----
J=1.3e-02, ⟨Jf⟩=1.3e-03, ⟨B·n⟩=8.1e-03, Len=sum([4.8, 4.9, 4.7])=14.4, ϰ=[5.2, 5.8, 4.9], ∫ϰ²/L>=[5.9, 7.3, 8.0], C-C-Sep=0.20, ║∇J║=1.5e-03
-----On 18/20 Initial Guess Perturbations
Iteration 857/2000-----
J=1.3e-02, ⟨Jf⟩=1.3e-03, ⟨B·n⟩=8.1e-03, Len=sum([4.8, 4.9, 4.7])=14.4, ϰ=[5.3, 5.8, 4.9], ∫ϰ²/L>=[5.9, 7.4, 8.0], C-C-Sep=0.20, ║∇J║=1.9e-03
-----On 18/20 Initial Guess Perturbations
Iteration 858/2000-----
J=1.3e-02, ⟨Jf⟩=1.3e-03, ⟨B·n⟩=8.1e-03, Len=sum([4.8, 4.9, 4.7])=14.4, ϰ=[5.3, 5.8, 4.9], ∫ϰ²/L>=[5.9, 7.4, 8.0], C-C-Sep=0.20, ║∇J║=1.3e-03
-----On 18/20 Initial Guess Perturbations
Iteration 859/2000-----
J=1.3e-02, ⟨Jf⟩=1.3e-03, ⟨B·n⟩=8.1e-03, Len=sum([4.8, 4.9, 4.7])=14.4, ϰ=[5.3, 5.8, 4.9], ∫ϰ²/L>=[5.9, 7.4, 8.0], C-C-Sep=0.20, ║∇J║=1.7e-03
-----On 18/20 Initial Guess Perturbations
Iteration 860/2000-----
J=1.3e-02, ⟨Jf⟩=1.3e-03, ⟨B·n⟩=8.1e-03, Len=sum([4.8, 4.9, 4.7])=14.4, ϰ=[5.2, 5.8, 4.9], ∫ϰ²/L>=[5.9, 7.4, 8.0], C-C-Sep=0.20, ║∇J║=1.6e-03
-----On 18/20 Initial Guess Perturbations
Iteration 861/2000-----
J=1.3e-02, ⟨Jf⟩=1.3e-03, ⟨B·n⟩=8.1e-03, Len=sum([4.8, 4.9, 4.7])=14.4, ϰ=[5.3, 5.9, 4.9], ∫ϰ²/L>=[5.9, 7.4, 8.0], C-C-Sep=0.20, ║∇J║=1.7e-03
-----On 18/20 Initial Guess Perturbations
Iteration 862/2000-----
J=1.3e-02, ⟨Jf⟩=1.3e-03, ⟨B·n⟩=8.1e-03, Len=sum([4.8, 4.9, 4.7])=14.4, ϰ=[5.2, 5.9, 4.9], ∫ϰ²/L>=[5.9, 7.4, 8.0], C-C-Sep=0.20, ║∇J║=1.5e-03
-----On 18/20 Initial Guess Perturbations
Iteration 863/2000-----
J=1.3e-02, ⟨Jf⟩=1.3e-03, ⟨B·n⟩=8.1e-03, Len=sum([4.8, 4.9, 4.7])=14.4, ϰ=[5.2, 5.9, 4.9], ∫ϰ²/L>=[5.9, 7.4, 8.0], C-C-Sep=0.20, ║∇J║=1.6e-03
-----On 18/20 Initial Guess Perturbations
Iteration 864/2000-----
J=1.3e-02, ⟨Jf⟩=1.3e-03, ⟨B·n⟩=8.1e-03, Len=sum([4.8, 4.9, 4.7])=14.4, ϰ=[5.2, 5.9, 4.9], ∫ϰ²/L>=[5.9, 7.4, 8.0], C-C-Sep=0.20, ║∇J║=1.6e-03
-----On 18/20 Initial Guess Perturbations
Iteration 865/2000-----
J=1.3e-02, ⟨Jf⟩=1.3e-03, ⟨B·n⟩=8.1e-03, Len=sum([4.8, 4.9, 4.7])=14.4, ϰ=[5.2, 5.9, 4.9], ∫ϰ²/L>=[5.9, 7.4, 8.0], C-C-Sep=0.20, ║∇J║=1.9e-03
-----On 18/20 Initial Guess Perturbations
Iteration 866/2000-----
J=1.3e-02, ⟨Jf⟩=1.3e-03, ⟨B·n⟩=8.1e-03, Len=sum([4.8, 4.9, 4.7])=14.4, ϰ=[5.2, 5.9, 4.9], ∫ϰ²/L>=[5.9, 7.4, 8.0], C-C-Sep=0.20, ║∇J║=1.7e-03
-----On 18/20 Initial Guess Perturbations
Iteration 867/2000-----
J=1.3e-02, ⟨Jf⟩=1.3e-03, ⟨B·n⟩=8.1e-03, Len=sum([4.8, 4.9, 4.7])=14.4, ϰ=[5.2, 5.9, 4.9], ∫ϰ²/L>=[5.9, 7.4, 8.0], C-C-Sep=0.20, ║∇J║=1.4e-03
-----On 18/20 Initial Guess Perturbations
Iteration 868/2000-----
J=1.3e-02, ⟨Jf⟩=1.3e-03, ⟨B·n⟩=8.1e-03, Len=sum([4.8, 4.9, 4.7])=14.4, ϰ=[5.2, 5.9, 4.9], ∫ϰ²/L>=[5.9, 7.4, 8.0], C-C-Sep=0.20, ║∇J║=1.5e-03
-----On 18/20 Initial Guess Perturbations
Iteration 869/2000-----
J=1.3e-02, ⟨Jf⟩=1.3e-03, ⟨B·n⟩=8.1e-03, Len=sum([4.8, 4.9, 4.7])=14.4, ϰ=[5.2, 5.9, 4.9], ∫ϰ²/L>=[5.9, 7.4, 8.0], C-C-Sep=0.20, ║∇J║=2.2e-03
-----On 18/20 Initial Guess Perturbations
Iteration 870/2000-----
J=1.3e-02, ⟨Jf⟩=1.3e-03, ⟨B·n⟩=8.1e-03, Len=sum([4.8, 4.9, 4.7])=14.4, ϰ=[5.2, 5.9, 4.9], ∫ϰ²/L>=[5.9, 7.4, 8.0], C-C-Sep=0.20, ║∇J║=2.0e-03
-----On 18/20 Initial Guess Perturbations
Iteration 871/2000-----
J=1.3e-02, ⟨Jf⟩=1.3e-03, ⟨B·n⟩=8.1e-03, Len=sum([4.8, 4.9, 4.7])=14.4, ϰ=[5.2, 5.9, 4.9], ∫ϰ²/L>=[5.9, 7.4, 8.0], C-C-Sep=0.20, ║∇J║=1.6e-03
-----On 18/20 Initial Guess Perturbations
Iteration 872/2000-----
J=1.3e-02, ⟨Jf⟩=1.3e-03, ⟨B·n⟩=8.1e-03, Len=sum([4.8, 4.9, 4.7])=14.4, ϰ=[5.2, 5.9, 4.9], ∫ϰ²/L>=[5.9, 7.4, 8.0], C-C-Sep=0.20, ║∇J║=1.5e-03
-----On 18/20 Initial Guess Perturbations
Iteration 873/2000-----
J=1.3e-02, ⟨Jf⟩=1.3e-03, ⟨B·n⟩=8.1e-03, Len=sum([4.8, 4.9, 4.7])=14.4, ϰ=[5.2, 5.9, 4.9], ∫ϰ²/L>=[5.9, 7.4, 8.0], C-C-Sep=0.20, ║∇J║=1.7e-03
-----On 18/20 Initial Guess Perturbations
Iteration 874/2000-----
J=1.3e-02, ⟨Jf⟩=1.3e-03, ⟨B·n⟩=8.1e-03, Len=sum([4.8, 4.9, 4.7])=14.4, ϰ=[5.2, 5.9, 4.9], ∫ϰ²/L>=[5.9, 7.4, 8.0], C-C-Sep=0.20, ║∇J║=1.7e-03
-----On 18/20 Initial Guess Perturbations
Iteration 875/2000-----
J=1.3e-02, ⟨Jf⟩=1.3e-03, ⟨B·n⟩=8.1e-03, Len=sum([4.8, 4.9, 4.7])=14.4, ϰ=[5.2, 5.9, 4.9], ∫ϰ²/L>=[5.9, 7.4, 8.0], C-C-Sep=0.20, ║∇J║=1.7e-03
-----On 18/20 Initial Guess Perturbations
Iteration 876/2000-----
J=1.3e-02, ⟨Jf⟩=1.3e-03, ⟨B·n⟩=8.1e-03, Len=sum([4.8, 4.9, 4.7])=14.4, ϰ=[5.2, 5.9, 4.9], ∫ϰ²/L>=[5.9, 7.4, 8.0], C-C-Sep=0.20, ║∇J║=1.5e-03
-----On 18/20 Initial Guess Perturbations
Iteration 877/2000-----
J=1.3e-02, ⟨Jf⟩=1.3e-03, ⟨B·n⟩=8.1e-03, Len=sum([4.8, 4.9, 4.7])=14.4, ϰ=[5.2, 5.9, 4.9], ∫ϰ²/L>=[5.9, 7.4, 8.0], C-C-Sep=0.20, ║∇J║=1.7e-03
-----On 18/20 Initial Guess Perturbations
Iteration 878/2000-----
J=1.3e-02, ⟨Jf⟩=1.3e-03, ⟨B·n⟩=8.1e-03, Len=sum([4.8, 4.9, 4.7])=14.4, ϰ=[5.2, 5.9, 4.9], ∫ϰ²/L>=[5.9, 7.4, 8.0], C-C-Sep=0.20, ║∇J║=1.7e-03
-----On 18/20 Initial Guess Perturbations
Iteration 879/2000-----
J=1.3e-02, ⟨Jf⟩=1.3e-03, ⟨B·n⟩=8.1e-03, Len=sum([4.8, 4.9, 4.7])=14.4, ϰ=[5.2, 5.9, 4.9], ∫ϰ²/L>=[5.9, 7.4, 8.0], C-C-Sep=0.20, ║∇J║=1.6e-03
-----On 18/20 Initial Guess Perturbations
Iteration 880/2000-----
J=1.3e-02, ⟨Jf⟩=1.3e-03, ⟨B·n⟩=8.1e-03, Len=sum([4.8, 4.9, 4.7])=14.4, ϰ=[5.2, 5.9, 4.9], ∫ϰ²/L>=[5.9, 7.4, 8.0], C-C-Sep=0.20, ║∇J║=1.4e-03
-----On 18/20 Initial Guess Perturbations
Iteration 881/2000-----
J=1.3e-02, ⟨Jf⟩=1.3e-03, ⟨B·n⟩=8.1e-03, Len=sum([4.8, 4.9, 4.7])=14.4, ϰ=[5.2, 5.9, 4.9], ∫ϰ²/L>=[5.9, 7.4, 8.0], C-C-Sep=0.20, ║∇J║=1.6e-03
-----On 18/20 Initial Guess Perturbations
Iteration 882/2000-----
J=1.3e-02, ⟨Jf⟩=1.3e-03, ⟨B·n⟩=8.1e-03, Len=sum([4.8, 4.9, 4.7])=14.4, ϰ=[5.2, 5.9, 4.9], ∫ϰ²/L>=[5.9, 7.4, 8.0], C-C-Sep=0.20, ║∇J║=1.3e-03
-----On 18/20 Initial Guess Perturbations
Iteration 883/2000-----
J=1.3e-02, ⟨Jf⟩=1.3e-03, ⟨B·n⟩=8.1e-03, Len=sum([4.8, 4.9, 4.7])=14.4, ϰ=[5.2, 5.9, 4.9], ∫ϰ²/L>=[5.9, 7.4, 8.0], C-C-Sep=0.20, ║∇J║=1.2e-03
-----On 18/20 Initial Guess Perturbations
Iteration 884/2000-----
J=1.3e-02, ⟨Jf⟩=1.3e-03, ⟨B·n⟩=8.1e-03, Len=sum([4.8, 4.9, 4.7])=14.4, ϰ=[5.2, 5.9, 4.8], ∫ϰ²/L>=[5.9, 7.4, 8.0], C-C-Sep=0.20, ║∇J║=1.4e-03
-----On 18/20 Initial Guess Perturbations
Iteration 885/2000-----
J=1.3e-02, ⟨Jf⟩=1.3e-03, ⟨B·n⟩=8.1e-03, Len=sum([4.8, 4.9, 4.7])=14.4, ϰ=[5.2, 5.9, 4.8], ∫ϰ²/L>=[5.9, 7.4, 8.0], C-C-Sep=0.20, ║∇J║=2.1e-03
-----On 18/20 Initial Guess Perturbations
Iteration 886/2000-----
J=1.3e-02, ⟨Jf⟩=1.3e-03, ⟨B·n⟩=8.1e-03, Len=sum([4.8, 4.9, 4.7])=14.4, ϰ=[5.2, 5.9, 4.8], ∫ϰ²/L>=[5.9, 7.4, 8.0], C-C-Sep=0.20, ║∇J║=1.4e-03
-----On 18/20 Initial Guess Perturbations
Iteration 887/2000-----
J=1.3e-02, ⟨Jf⟩=1.3e-03, ⟨B·n⟩=8.1e-03, Len=sum([4.8, 4.9, 4.7])=14.4, ϰ=[5.2, 5.9, 4.8], ∫ϰ²/L>=[5.9, 7.4, 8.0], C-C-Sep=0.20, ║∇J║=1.5e-03
-----On 18/20 Initial Guess Perturbations
Iteration 888/2000-----
J=1.3e-02, ⟨Jf⟩=1.3e-03, ⟨B·n⟩=8.1e-03, Len=sum([4.8, 4.9, 4.7])=14.4, ϰ=[5.2, 5.9, 4.8], ∫ϰ²/L>=[5.9, 7.4, 8.0], C-C-Sep=0.20, ║∇J║=1.3e-03
-----On 18/20 Initial Guess Perturbations
Iteration 889/2000-----
J=1.3e-02, ⟨Jf⟩=1.3e-03, ⟨B·n⟩=8.1e-03, Len=sum([4.8, 4.9, 4.7])=14.4, ϰ=[5.2, 5.9, 4.8], ∫ϰ²/L>=[5.9, 7.4, 8.0], C-C-Sep=0.20, ║∇J║=1.6e-03
-----On 18/20 Initial Guess Perturbations
Iteration 890/2000-----
J=1.3e-02, ⟨Jf⟩=1.3e-03, ⟨B·n⟩=8.1e-03, Len=sum([4.8, 4.9, 4.7])=14.4, ϰ=[5.2, 5.9, 4.8], ∫ϰ²/L>=[5.9, 7.4, 8.0], C-C-Sep=0.20, ║∇J║=1.9e-03
-----On 18/20 Initial Guess Perturbations
Iteration 891/2000-----
J=1.3e-02, ⟨Jf⟩=1.3e-03, ⟨B·n⟩=8.1e-03, Len=sum([4.8, 4.9, 4.7])=14.4, ϰ=[5.2, 5.8, 4.8], ∫ϰ²/L>=[5.9, 7.4, 8.0], C-C-Sep=0.20, ║∇J║=1.6e-03
-----On 18/20 Initial Guess Perturbations
Iteration 892/2000-----
J=1.3e-02, ⟨Jf⟩=1.3e-03, ⟨B·n⟩=8.1e-03, Len=sum([4.8, 4.9, 4.7])=14.4, ϰ=[5.2, 5.8, 4.8], ∫ϰ²/L>=[5.9, 7.4, 8.0], C-C-Sep=0.20, ║∇J║=1.9e-03
-----On 18/20 Initial Guess Perturbations
Iteration 893/2000-----
J=1.3e-02, ⟨Jf⟩=1.3e-03, ⟨B·n⟩=8.1e-03, Len=sum([4.8, 4.9, 4.7])=14.4, ϰ=[5.2, 5.8, 4.8], ∫ϰ²/L>=[5.9, 7.4, 8.0], C-C-Sep=0.20, ║∇J║=2.2e-03
-----On 18/20 Initial Guess Perturbations
Iteration 894/2000-----
J=1.3e-02, ⟨Jf⟩=1.3e-03, ⟨B·n⟩=8.1e-03, Len=sum([4.8, 4.9, 4.7])=14.4, ϰ=[5.2, 5.8, 4.8], ∫ϰ²/L>=[5.9, 7.4, 8.0], C-C-Sep=0.20, ║∇J║=2.6e-03
-----On 18/20 Initial Guess Perturbations
Iteration 895/2000-----
J=1.3e-02, ⟨Jf⟩=1.3e-03, ⟨B·n⟩=8.1e-03, Len=sum([4.8, 4.9, 4.7])=14.4, ϰ=[5.2, 5.8, 4.8], ∫ϰ²/L>=[5.9, 7.4, 8.0], C-C-Sep=0.20, ║∇J║=1.6e-03
-----On 18/20 Initial Guess Perturbations
Iteration 896/2000-----
J=1.3e-02, ⟨Jf⟩=1.3e-03, ⟨B·n⟩=8.1e-03, Len=sum([4.8, 4.9, 4.7])=14.4, ϰ=[5.2, 5.8, 4.8], ∫ϰ²/L>=[5.9, 7.4, 8.0], C-C-Sep=0.20, ║∇J║=1.5e-03
-----On 18/20 Initial Guess Perturbations
Iteration 897/2000-----
J=1.3e-02, ⟨Jf⟩=1.3e-03, ⟨B·n⟩=8.1e-03, Len=sum([4.8, 4.9, 4.7])=14.4, ϰ=[5.2, 5.8, 4.8], ∫ϰ²/L>=[5.9, 7.4, 8.0], C-C-Sep=0.20, ║∇J║=1.4e-03
-----On 18/20 Initial Guess Perturbations
Iteration 898/2000-----
J=1.3e-02, ⟨Jf⟩=1.3e-03, ⟨B·n⟩=8.1e-03, Len=sum([4.8, 4.9, 4.7])=14.4, ϰ=[5.2, 5.8, 4.8], ∫ϰ²/L>=[5.9, 7.4, 8.0], C-C-Sep=0.20, ║∇J║=1.7e-03
-----On 18/20 Initial Guess Perturbations
Iteration 899/2000-----
J=1.3e-02, ⟨Jf⟩=1.3e-03, ⟨B·n⟩=8.1e-03, Len=sum([4.8, 4.9, 4.7])=14.4, ϰ=[5.2, 5.8, 4.8], ∫ϰ²/L>=[5.9, 7.4, 8.0], C-C-Sep=0.20, ║∇J║=1.7e-03
-----On 18/20 Initial Guess Perturbations
Iteration 900/2000-----
J=1.3e-02, ⟨Jf⟩=1.3e-03, ⟨B·n⟩=8.1e-03, Len=sum([4.8, 4.9, 4.7])=14.4, ϰ=[5.2, 5.8, 4.8], ∫ϰ²/L>=[5.9, 7.4, 8.0], C-C-Sep=0.20, ║∇J║=1.9e-03
-----On 18/20 Initial Guess Perturbations
Iteration 901/2000-----
J=1.3e-02, ⟨Jf⟩=1.3e-03, ⟨B·n⟩=8.1e-03, Len=sum([4.8, 4.9, 4.7])=14.4, ϰ=[5.2, 5.8, 4.8], ∫ϰ²/L>=[5.9, 7.4, 8.0], C-C-Sep=0.20, ║∇J║=2.2e-03
-----On 18/20 Initial Guess Perturbations
Iteration 902/2000-----
J=1.3e-02, ⟨Jf⟩=1.3e-03, ⟨B·n⟩=8.1e-03, Len=sum([4.8, 4.9, 4.7])=14.4, ϰ=[5.2, 5.8, 4.8], ∫ϰ²/L>=[5.9, 7.4, 8.0], C-C-Sep=0.20, ║∇J║=2.1e-03
-----On 18/20 Initial Guess Perturbations
Iteration 903/2000-----
J=1.3e-02, ⟨Jf⟩=1.3e-03, ⟨B·n⟩=8.1e-03, Len=sum([4.8, 4.9, 4.7])=14.4, ϰ=[5.2, 5.8, 4.8], ∫ϰ²/L>=[5.9, 7.4, 8.0], C-C-Sep=0.20, ║∇J║=2.5e-03
-----On 18/20 Initial Guess Perturbations
Iteration 904/2000-----
J=1.3e-02, ⟨Jf⟩=1.3e-03, ⟨B·n⟩=8.1e-03, Len=sum([4.8, 4.9, 4.7])=14.4, ϰ=[5.1, 5.8, 4.8], ∫ϰ²/L>=[5.9, 7.4, 8.0], C-C-Sep=0.20, ║∇J║=2.9e-03
-----On 18/20 Initial Guess Perturbations
Iteration 905/2000-----
J=1.3e-02, ⟨Jf⟩=1.3e-03, ⟨B·n⟩=8.1e-03, Len=sum([4.8, 4.9, 4.7])=14.4, ϰ=[5.1, 5.8, 4.8], ∫ϰ²/L>=[5.9, 7.4, 8.0], C-C-Sep=0.20, ║∇J║=1.9e-03
-----On 18/20 Initial Guess Perturbations
Iteration 906/2000-----
J=1.3e-02, ⟨Jf⟩=1.3e-03, ⟨B·n⟩=8.1e-03, Len=sum([4.8, 4.9, 4.7])=14.4, ϰ=[5.1, 5.8, 4.8], ∫ϰ²/L>=[5.9, 7.4, 8.0], C-C-Sep=0.20, ║∇J║=1.6e-03
-----On 18/20 Initial Guess Perturbations
Iteration 907/2000-----
J=1.3e-02, ⟨Jf⟩=1.3e-03, ⟨B·n⟩=8.1e-03, Len=sum([4.8, 4.9, 4.7])=14.4, ϰ=[5.1, 5.9, 4.8], ∫ϰ²/L>=[5.9, 7.4, 8.0], C-C-Sep=0.20, ║∇J║=1.8e-03
-----On 18/20 Initial Guess Perturbations
Iteration 908/2000-----
J=1.3e-02, ⟨Jf⟩=1.3e-03, ⟨B·n⟩=8.1e-03, Len=sum([4.8, 4.9, 4.7])=14.4, ϰ=[5.1, 5.9, 4.8], ∫ϰ²/L>=[5.9, 7.4, 8.0], C-C-Sep=0.20, ║∇J║=2.0e-03
-----On 18/20 Initial Guess Perturbations
Iteration 909/2000-----
J=1.3e-02, ⟨Jf⟩=1.3e-03, ⟨B·n⟩=8.1e-03, Len=sum([4.8, 4.9, 4.7])=14.4, ϰ=[5.1, 5.9, 4.8], ∫ϰ²/L>=[5.9, 7.4, 8.0], C-C-Sep=0.20, ║∇J║=1.8e-03
-----On 18/20 Initial Guess Perturbations
Iteration 910/2000-----
J=1.3e-02, ⟨Jf⟩=1.3e-03, ⟨B·n⟩=8.1e-03, Len=sum([4.8, 4.9, 4.7])=14.4, ϰ=[5.2, 5.8, 4.8], ∫ϰ²/L>=[5.9, 7.4, 8.0], C-C-Sep=0.20, ║∇J║=1.8e-03
-----On 18/20 Initial Guess Perturbations
Iteration 911/2000-----
J=1.3e-02, ⟨Jf⟩=1.3e-03, ⟨B·n⟩=8.1e-03, Len=sum([4.8, 4.9, 4.7])=14.4, ϰ=[5.2, 5.8, 4.8], ∫ϰ²/L>=[5.9, 7.4, 8.0], C-C-Sep=0.20, ║∇J║=2.2e-03
-----On 18/20 Initial Guess Perturbations
Iteration 912/2000-----
J=1.3e-02, ⟨Jf⟩=1.3e-03, ⟨B·n⟩=8.1e-03, Len=sum([4.8, 4.9, 4.7])=14.4, ϰ=[5.2, 5.8, 4.8], ∫ϰ²/L>=[5.9, 7.4, 8.0], C-C-Sep=0.20, ║∇J║=2.3e-03
-----On 18/20 Initial Guess Perturbations
Iteration 913/2000-----
J=1.3e-02, ⟨Jf⟩=1.3e-03, ⟨B·n⟩=8.1e-03, Len=sum([4.8, 4.9, 4.7])=14.4, ϰ=[5.3, 5.8, 4.8], ∫ϰ²/L>=[5.9, 7.4, 8.0], C-C-Sep=0.20, ║∇J║=2.5e-03
-----On 18/20 Initial Guess Perturbations
Iteration 914/2000-----
J=1.3e-02, ⟨Jf⟩=1.3e-03, ⟨B·n⟩=8.1e-03, Len=sum([4.8, 4.9, 4.7])=14.4, ϰ=[5.3, 5.8, 4.8], ∫ϰ²/L>=[5.9, 7.4, 8.0], C-C-Sep=0.20, ║∇J║=4.2e-03
-----On 18/20 Initial Guess Perturbations
Iteration 915/2000-----
J=1.3e-02, ⟨Jf⟩=1.3e-03, ⟨B·n⟩=8.1e-03, Len=sum([4.8, 4.9, 4.7])=14.4, ϰ=[5.3, 5.8, 4.8], ∫ϰ²/L>=[5.9, 7.4, 8.0], C-C-Sep=0.20, ║∇J║=2.0e-03
-----On 18/20 Initial Guess Perturbations
Iteration 916/2000-----
J=1.3e-02, ⟨Jf⟩=1.3e-03, ⟨B·n⟩=8.1e-03, Len=sum([4.8, 4.9, 4.7])=14.4, ϰ=[5.3, 5.8, 4.8], ∫ϰ²/L>=[5.9, 7.4, 8.0], C-C-Sep=0.20, ║∇J║=1.6e-03
-----On 18/20 Initial Guess Perturbations
Iteration 917/2000-----
J=1.3e-02, ⟨Jf⟩=1.3e-03, ⟨B·n⟩=8.1e-03, Len=sum([4.8, 4.9, 4.7])=14.4, ϰ=[5.3, 5.8, 4.8], ∫ϰ²/L>=[5.9, 7.4, 8.1], C-C-Sep=0.20, ║∇J║=2.4e-03
-----On 18/20 Initial Guess Perturbations
Iteration 918/2000-----
J=1.3e-02, ⟨Jf⟩=1.3e-03, ⟨B·n⟩=8.1e-03, Len=sum([4.8, 4.9, 4.7])=14.4, ϰ=[5.3, 5.8, 4.8], ∫ϰ²/L>=[5.9, 7.4, 8.1], C-C-Sep=0.20, ║∇J║=1.8e-03
-----On 18/20 Initial Guess Perturbations
Iteration 919/2000-----
J=1.3e-02, ⟨Jf⟩=1.3e-03, ⟨B·n⟩=8.1e-03, Len=sum([4.8, 4.9, 4.7])=14.4, ϰ=[5.3, 5.8, 4.8], ∫ϰ²/L>=[5.9, 7.4, 8.1], C-C-Sep=0.20, ║∇J║=1.7e-03
-----On 18/20 Initial Guess Perturbations
Iteration 920/2000-----
J=1.3e-02, ⟨Jf⟩=1.3e-03, ⟨B·n⟩=8.1e-03, Len=sum([4.8, 4.9, 4.7])=14.4, ϰ=[5.3, 5.8, 4.8], ∫ϰ²/L>=[5.9, 7.4, 8.1], C-C-Sep=0.20, ║∇J║=1.8e-03
-----On 18/20 Initial Guess Perturbations
Iteration 921/2000-----
J=1.3e-02, ⟨Jf⟩=1.3e-03, ⟨B·n⟩=8.1e-03, Len=sum([4.8, 4.9, 4.7])=14.4, ϰ=[5.3, 5.8, 4.8], ∫ϰ²/L>=[5.9, 7.4, 8.1], C-C-Sep=0.20, ║∇J║=1.7e-03
-----On 18/20 Initial Guess Perturbations
Iteration 922/2000-----
J=1.3e-02, ⟨Jf⟩=1.3e-03, ⟨B·n⟩=8.1e-03, Len=sum([4.8, 4.9, 4.7])=14.4, ϰ=[5.2, 5.8, 4.8], ∫ϰ²/L>=[5.9, 7.4, 8.1], C-C-Sep=0.20, ║∇J║=1.9e-03
-----On 18/20 Initial Guess Perturbations
Iteration 923/2000-----
J=1.3e-02, ⟨Jf⟩=1.3e-03, ⟨B·n⟩=8.1e-03, Len=sum([4.8, 4.9, 4.7])=14.4, ϰ=[5.2, 5.8, 4.8], ∫ϰ²/L>=[5.9, 7.4, 8.1], C-C-Sep=0.20, ║∇J║=2.4e-03
-----On 18/20 Initial Guess Perturbations
Iteration 924/2000-----
J=1.3e-02, ⟨Jf⟩=1.3e-03, ⟨B·n⟩=8.1e-03, Len=sum([4.8, 4.9, 4.7])=14.4, ϰ=[5.2, 5.8, 4.8], ∫ϰ²/L>=[5.9, 7.4, 8.1], C-C-Sep=0.20, ║∇J║=1.9e-03
-----On 18/20 Initial Guess Perturbations
Iteration 925/2000-----
J=1.3e-02, ⟨Jf⟩=1.3e-03, ⟨B·n⟩=8.1e-03, Len=sum([4.8, 4.9, 4.7])=14.4, ϰ=[5.3, 5.8, 4.8], ∫ϰ²/L>=[5.9, 7.4, 8.1], C-C-Sep=0.20, ║∇J║=1.8e-03
-----On 18/20 Initial Guess Perturbations
Iteration 926/2000-----
J=1.3e-02, ⟨Jf⟩=1.3e-03, ⟨B·n⟩=8.1e-03, Len=sum([4.8, 4.9, 4.7])=14.4, ϰ=[5.3, 5.8, 4.8], ∫ϰ²/L>=[5.9, 7.4, 8.1], C-C-Sep=0.20, ║∇J║=2.2e-03
-----On 18/20 Initial Guess Perturbations
Iteration 927/2000-----
J=1.3e-02, ⟨Jf⟩=1.3e-03, ⟨B·n⟩=8.1e-03, Len=sum([4.8, 4.9, 4.7])=14.4, ϰ=[5.3, 5.8, 4.8], ∫ϰ²/L>=[5.9, 7.4, 8.1], C-C-Sep=0.20, ║∇J║=1.7e-03
-----On 18/20 Initial Guess Perturbations
Iteration 928/2000-----
J=1.3e-02, ⟨Jf⟩=1.3e-03, ⟨B·n⟩=8.1e-03, Len=sum([4.8, 4.9, 4.7])=14.4, ϰ=[5.3, 5.8, 4.8], ∫ϰ²/L>=[5.9, 7.4, 8.1], C-C-Sep=0.20, ║∇J║=1.7e-03
-----On 18/20 Initial Guess Perturbations
Iteration 929/2000-----
J=1.3e-02, ⟨Jf⟩=1.3e-03, ⟨B·n⟩=8.1e-03, Len=sum([4.8, 4.9, 4.7])=14.4, ϰ=[5.3, 5.8, 4.8], ∫ϰ²/L>=[5.9, 7.4, 8.1], C-C-Sep=0.20, ║∇J║=1.8e-03
-----On 18/20 Initial Guess Perturbations
Iteration 930/2000-----
J=1.3e-02, ⟨Jf⟩=1.3e-03, ⟨B·n⟩=8.1e-03, Len=sum([4.8, 4.9, 4.7])=14.4, ϰ=[5.3, 5.8, 4.8], ∫ϰ²/L>=[5.9, 7.4, 8.1], C-C-Sep=0.20, ║∇J║=2.1e-03
-----On 18/20 Initial Guess Perturbations
Iteration 931/2000-----
J=1.3e-02, ⟨Jf⟩=1.3e-03, ⟨B·n⟩=8.1e-03, Len=sum([4.8, 4.9, 4.7])=14.4, ϰ=[5.3, 5.8, 4.8], ∫ϰ²/L>=[6.0, 7.4, 8.1], C-C-Sep=0.20, ║∇J║=2.9e-03
-----On 18/20 Initial Guess Perturbations
Iteration 932/2000-----
J=1.3e-02, ⟨Jf⟩=1.3e-03, ⟨B·n⟩=8.1e-03, Len=sum([4.8, 4.9, 4.7])=14.4, ϰ=[5.3, 5.8, 4.8], ∫ϰ²/L>=[5.9, 7.4, 8.1], C-C-Sep=0.20, ║∇J║=3.6e-03
-----On 18/20 Initial Guess Perturbations
Iteration 933/2000-----
J=1.3e-02, ⟨Jf⟩=1.3e-03, ⟨B·n⟩=8.1e-03, Len=sum([4.8, 4.9, 4.7])=14.4, ϰ=[5.3, 5.8, 4.8], ∫ϰ²/L>=[5.9, 7.4, 8.0], C-C-Sep=0.20, ║∇J║=2.4e-03
-----On 18/20 Initial Guess Perturbations
Iteration 934/2000-----
J=1.3e-02, ⟨Jf⟩=1.3e-03, ⟨B·n⟩=8.1e-03, Len=sum([4.8, 4.9, 4.7])=14.4, ϰ=[5.2, 5.8, 4.8], ∫ϰ²/L>=[5.9, 7.4, 8.1], C-C-Sep=0.20, ║∇J║=1.8e-03
-----On 18/20 Initial Guess Perturbations
Iteration 935/2000-----
J=1.3e-02, ⟨Jf⟩=1.3e-03, ⟨B·n⟩=8.1e-03, Len=sum([4.8, 4.9, 4.7])=14.4, ϰ=[5.2, 5.8, 4.8], ∫ϰ²/L>=[5.9, 7.4, 8.0], C-C-Sep=0.20, ║∇J║=1.7e-03
-----On 18/20 Initial Guess Perturbations
Iteration 936/2000-----
J=1.3e-02, ⟨Jf⟩=1.3e-03, ⟨B·n⟩=8.1e-03, Len=sum([4.8, 4.9, 4.7])=14.4, ϰ=[5.2, 5.8, 4.8], ∫ϰ²/L>=[5.9, 7.4, 8.0], C-C-Sep=0.20, ║∇J║=1.8e-03
-----On 18/20 Initial Guess Perturbations
Iteration 937/2000-----
J=1.3e-02, ⟨Jf⟩=1.3e-03, ⟨B·n⟩=8.1e-03, Len=sum([4.8, 4.9, 4.7])=14.4, ϰ=[5.2, 5.8, 4.9], ∫ϰ²/L>=[5.9, 7.4, 8.0], C-C-Sep=0.20, ║∇J║=1.7e-03
-----On 18/20 Initial Guess Perturbations
Iteration 938/2000-----
J=1.3e-02, ⟨Jf⟩=1.3e-03, ⟨B·n⟩=8.1e-03, Len=sum([4.8, 4.9, 4.7])=14.4, ϰ=[5.2, 5.8, 4.9], ∫ϰ²/L>=[6.0, 7.4, 8.0], C-C-Sep=0.20, ║∇J║=2.3e-03
-----On 18/20 Initial Guess Perturbations
Iteration 939/2000-----
J=1.3e-02, ⟨Jf⟩=1.3e-03, ⟨B·n⟩=8.1e-03, Len=sum([4.8, 4.9, 4.7])=14.4, ϰ=[5.2, 5.8, 4.9], ∫ϰ²/L>=[6.0, 7.4, 8.0], C-C-Sep=0.20, ║∇J║=2.2e-03
-----On 18/20 Initial Guess Perturbations
Iteration 940/2000-----
J=1.3e-02, ⟨Jf⟩=1.3e-03, ⟨B·n⟩=8.1e-03, Len=sum([4.8, 4.9, 4.7])=14.4, ϰ=[5.2, 5.8, 4.9], ∫ϰ²/L>=[6.0, 7.4, 8.0], C-C-Sep=0.20, ║∇J║=1.8e-03
-----On 18/20 Initial Guess Perturbations
Iteration 941/2000-----
J=1.3e-02, ⟨Jf⟩=1.3e-03, ⟨B·n⟩=8.1e-03, Len=sum([4.8, 4.9, 4.7])=14.4, ϰ=[5.3, 5.8, 4.8], ∫ϰ²/L>=[6.0, 7.4, 8.0], C-C-Sep=0.20, ║∇J║=2.8e-03
-----On 18/20 Initial Guess Perturbations
Iteration 942/2000-----
J=1.3e-02, ⟨Jf⟩=1.3e-03, ⟨B·n⟩=8.1e-03, Len=sum([4.8, 4.9, 4.7])=14.4, ϰ=[5.3, 5.8, 4.8], ∫ϰ²/L>=[6.0, 7.4, 8.0], C-C-Sep=0.20, ║∇J║=2.0e-03
-----On 18/20 Initial Guess Perturbations
Iteration 943/2000-----
J=1.3e-02, ⟨Jf⟩=1.3e-03, ⟨B·n⟩=8.1e-03, Len=sum([4.8, 4.9, 4.7])=14.4, ϰ=[5.3, 5.8, 4.9], ∫ϰ²/L>=[6.0, 7.4, 8.0], C-C-Sep=0.20, ║∇J║=2.4e-03
-----On 18/20 Initial Guess Perturbations
Iteration 944/2000-----
J=1.3e-02, ⟨Jf⟩=1.3e-03, ⟨B·n⟩=8.1e-03, Len=sum([4.8, 4.9, 4.7])=14.4, ϰ=[5.3, 5.8, 4.9], ∫ϰ²/L>=[6.0, 7.4, 8.0], C-C-Sep=0.20, ║∇J║=2.0e-03
-----On 18/20 Initial Guess Perturbations
Iteration 945/2000-----
J=1.3e-02, ⟨Jf⟩=1.3e-03, ⟨B·n⟩=8.1e-03, Len=sum([4.8, 4.9, 4.7])=14.4, ϰ=[5.3, 5.8, 4.8], ∫ϰ²/L>=[6.0, 7.4, 8.0], C-C-Sep=0.20, ║∇J║=2.6e-03
-----On 18/20 Initial Guess Perturbations
Iteration 946/2000-----
J=1.3e-02, ⟨Jf⟩=1.3e-03, ⟨B·n⟩=8.1e-03, Len=sum([4.8, 4.9, 4.7])=14.4, ϰ=[5.4, 5.8, 4.8], ∫ϰ²/L>=[6.0, 7.4, 8.0], C-C-Sep=0.20, ║∇J║=2.3e-03
-----On 18/20 Initial Guess Perturbations
Iteration 947/2000-----
J=1.3e-02, ⟨Jf⟩=1.3e-03, ⟨B·n⟩=8.1e-03, Len=sum([4.8, 4.9, 4.7])=14.4, ϰ=[5.3, 5.8, 4.8], ∫ϰ²/L>=[6.0, 7.4, 8.0], C-C-Sep=0.20, ║∇J║=1.7e-03
-----On 18/20 Initial Guess Perturbations
Iteration 948/2000-----
J=1.3e-02, ⟨Jf⟩=1.3e-03, ⟨B·n⟩=8.1e-03, Len=sum([4.8, 4.9, 4.7])=14.4, ϰ=[5.3, 5.8, 4.8], ∫ϰ²/L>=[6.0, 7.4, 8.0], C-C-Sep=0.20, ║∇J║=2.0e-03
-----On 18/20 Initial Guess Perturbations
Iteration 949/2000-----
J=1.3e-02, ⟨Jf⟩=1.3e-03, ⟨B·n⟩=8.2e-03, Len=sum([4.8, 4.9, 4.7])=14.4, ϰ=[5.3, 5.8, 4.8], ∫ϰ²/L>=[6.0, 7.4, 8.0], C-C-Sep=0.20, ║∇J║=2.0e-03
-----On 18/20 Initial Guess Perturbations
Iteration 950/2000-----
J=1.3e-02, ⟨Jf⟩=1.3e-03, ⟨B·n⟩=8.2e-03, Len=sum([4.8, 4.9, 4.7])=14.3, ϰ=[5.3, 5.8, 4.8], ∫ϰ²/L>=[6.0, 7.4, 8.0], C-C-Sep=0.20, ║∇J║=2.1e-03
-----On 18/20 Initial Guess Perturbations
Iteration 951/2000-----
J=1.3e-02, ⟨Jf⟩=1.3e-03, ⟨B·n⟩=8.2e-03, Len=sum([4.8, 4.9, 4.7])=14.4, ϰ=[5.3, 5.8, 4.8], ∫ϰ²/L>=[6.0, 7.4, 8.0], C-C-Sep=0.20, ║∇J║=1.9e-03
-----On 18/20 Initial Guess Perturbations
Iteration 952/2000-----
J=1.3e-02, ⟨Jf⟩=1.3e-03, ⟨B·n⟩=8.2e-03, Len=sum([4.8, 4.9, 4.7])=14.4, ϰ=[5.3, 5.9, 4.8], ∫ϰ²/L>=[6.0, 7.4, 8.0], C-C-Sep=0.20, ║∇J║=1.7e-03
-----On 18/20 Initial Guess Perturbations
Iteration 953/2000-----
J=1.3e-02, ⟨Jf⟩=1.3e-03, ⟨B·n⟩=8.2e-03, Len=sum([4.8, 4.9, 4.7])=14.4, ϰ=[5.3, 5.9, 4.9], ∫ϰ²/L>=[6.0, 7.4, 8.0], C-C-Sep=0.20, ║∇J║=1.8e-03
-----On 18/20 Initial Guess Perturbations
Iteration 954/2000-----
J=1.3e-02, ⟨Jf⟩=1.3e-03, ⟨B·n⟩=8.2e-03, Len=sum([4.8, 4.9, 4.7])=14.4, ϰ=[5.3, 5.9, 4.9], ∫ϰ²/L>=[6.0, 7.4, 8.0], C-C-Sep=0.20, ║∇J║=1.9e-03
-----On 18/20 Initial Guess Perturbations
Iteration 955/2000-----
J=1.3e-02, ⟨Jf⟩=1.3e-03, ⟨B·n⟩=8.1e-03, Len=sum([4.8, 4.9, 4.7])=14.4, ϰ=[5.2, 5.9, 4.9], ∫ϰ²/L>=[6.0, 7.4, 8.0], C-C-Sep=0.20, ║∇J║=2.2e-03
-----On 18/20 Initial Guess Perturbations
Iteration 956/2000-----
J=1.3e-02, ⟨Jf⟩=1.3e-03, ⟨B·n⟩=8.2e-03, Len=sum([4.8, 4.9, 4.7])=14.4, ϰ=[5.2, 5.9, 4.9], ∫ϰ²/L>=[6.0, 7.4, 8.0], C-C-Sep=0.20, ║∇J║=1.9e-03
-----On 18/20 Initial Guess Perturbations
Iteration 957/2000-----
J=1.3e-02, ⟨Jf⟩=1.3e-03, ⟨B·n⟩=8.2e-03, Len=sum([4.8, 4.9, 4.7])=14.4, ϰ=[5.3, 5.9, 4.8], ∫ϰ²/L>=[6.0, 7.4, 8.0], C-C-Sep=0.20, ║∇J║=2.7e-03
-----On 18/20 Initial Guess Perturbations
Iteration 958/2000-----
J=1.3e-02, ⟨Jf⟩=1.3e-03, ⟨B·n⟩=8.2e-03, Len=sum([4.8, 4.9, 4.7])=14.4, ϰ=[5.3, 5.9, 4.8], ∫ϰ²/L>=[6.0, 7.4, 8.0], C-C-Sep=0.20, ║∇J║=1.7e-03
-----On 18/20 Initial Guess Perturbations
Iteration 959/2000-----
J=1.3e-02, ⟨Jf⟩=1.3e-03, ⟨B·n⟩=8.1e-03, Len=sum([4.8, 4.9, 4.7])=14.4, ϰ=[5.3, 5.9, 4.9], ∫ϰ²/L>=[6.0, 7.4, 8.0], C-C-Sep=0.20, ║∇J║=2.5e-03
-----On 18/20 Initial Guess Perturbations
Iteration 960/2000-----
J=1.3e-02, ⟨Jf⟩=1.3e-03, ⟨B·n⟩=8.1e-03, Len=sum([4.8, 4.9, 4.7])=14.4, ϰ=[5.3, 5.8, 4.9], ∫ϰ²/L>=[6.0, 7.3, 8.0], C-C-Sep=0.20, ║∇J║=2.5e-03
-----On 18/20 Initial Guess Perturbations
Iteration 961/2000-----
J=1.3e-02, ⟨Jf⟩=1.3e-03, ⟨B·n⟩=8.1e-03, Len=sum([4.8, 4.9, 4.7])=14.4, ϰ=[5.3, 5.9, 4.9], ∫ϰ²/L>=[6.0, 7.4, 8.0], C-C-Sep=0.20, ║∇J║=2.0e-03
-----On 18/20 Initial Guess Perturbations
Iteration 962/2000-----
J=1.3e-02, ⟨Jf⟩=1.3e-03, ⟨B·n⟩=8.1e-03, Len=sum([4.8, 4.9, 4.7])=14.4, ϰ=[5.3, 5.9, 4.9], ∫ϰ²/L>=[6.0, 7.4, 8.0], C-C-Sep=0.20, ║∇J║=2.0e-03
-----On 18/20 Initial Guess Perturbations
Iteration 963/2000-----
J=1.3e-02, ⟨Jf⟩=1.3e-03, ⟨B·n⟩=8.2e-03, Len=sum([4.8, 4.9, 4.7])=14.4, ϰ=[5.3, 5.9, 4.9], ∫ϰ²/L>=[6.0, 7.4, 8.0], C-C-Sep=0.20, ║∇J║=1.9e-03
-----On 18/20 Initial Guess Perturbations
Iteration 964/2000-----
J=1.3e-02, ⟨Jf⟩=1.3e-03, ⟨B·n⟩=8.2e-03, Len=sum([4.8, 4.9, 4.7])=14.4, ϰ=[5.3, 5.9, 4.9], ∫ϰ²/L>=[6.0, 7.4, 8.0], C-C-Sep=0.20, ║∇J║=2.0e-03
-----On 18/20 Initial Guess Perturbations
Iteration 965/2000-----
J=1.3e-02, ⟨Jf⟩=1.3e-03, ⟨B·n⟩=8.2e-03, Len=sum([4.8, 4.9, 4.7])=14.3, ϰ=[5.3, 5.9, 4.9], ∫ϰ²/L>=[6.0, 7.4, 8.0], C-C-Sep=0.20, ║∇J║=2.2e-03
-----On 18/20 Initial Guess Perturbations
Iteration 966/2000-----
J=1.3e-02, ⟨Jf⟩=1.3e-03, ⟨B·n⟩=8.2e-03, Len=sum([4.8, 4.9, 4.7])=14.3, ϰ=[5.3, 5.9, 4.9], ∫ϰ²/L>=[6.0, 7.4, 8.0], C-C-Sep=0.20, ║∇J║=1.8e-03
-----On 18/20 Initial Guess Perturbations
Iteration 967/2000-----
J=1.3e-02, ⟨Jf⟩=1.3e-03, ⟨B·n⟩=8.2e-03, Len=sum([4.8, 4.9, 4.7])=14.3, ϰ=[5.3, 5.9, 4.8], ∫ϰ²/L>=[6.0, 7.4, 8.0], C-C-Sep=0.20, ║∇J║=2.3e-03
-----On 18/20 Initial Guess Perturbations
Iteration 968/2000-----
J=1.3e-02, ⟨Jf⟩=1.3e-03, ⟨B·n⟩=8.1e-03, Len=sum([4.8, 4.9, 4.7])=14.4, ϰ=[5.3, 5.9, 4.8], ∫ϰ²/L>=[6.0, 7.4, 8.0], C-C-Sep=0.20, ║∇J║=2.0e-03
-----On 18/20 Initial Guess Perturbations
Iteration 969/2000-----
J=1.3e-02, ⟨Jf⟩=1.3e-03, ⟨B·n⟩=8.2e-03, Len=sum([4.8, 4.9, 4.7])=14.3, ϰ=[5.3, 5.9, 4.8], ∫ϰ²/L>=[6.0, 7.4, 8.0], C-C-Sep=0.20, ║∇J║=2.4e-03
-----On 18/20 Initial Guess Perturbations
Iteration 970/2000-----
J=1.3e-02, ⟨Jf⟩=1.3e-03, ⟨B·n⟩=8.1e-03, Len=sum([4.8, 4.9, 4.7])=14.4, ϰ=[5.3, 5.9, 4.9], ∫ϰ²/L>=[6.0, 7.4, 8.0], C-C-Sep=0.20, ║∇J║=2.8e-03
-----On 18/20 Initial Guess Perturbations
Iteration 971/2000-----
J=1.3e-02, ⟨Jf⟩=1.3e-03, ⟨B·n⟩=8.1e-03, Len=sum([4.8, 4.9, 4.7])=14.4, ϰ=[5.3, 5.9, 4.9], ∫ϰ²/L>=[6.0, 7.4, 8.0], C-C-Sep=0.20, ║∇J║=2.2e-03
-----On 18/20 Initial Guess Perturbations
Iteration 972/2000-----
J=1.3e-02, ⟨Jf⟩=1.3e-03, ⟨B·n⟩=8.1e-03, Len=sum([4.8, 4.9, 4.7])=14.4, ϰ=[5.2, 5.9, 4.9], ∫ϰ²/L>=[6.0, 7.4, 8.0], C-C-Sep=0.20, ║∇J║=1.5e-03
-----On 18/20 Initial Guess Perturbations
Iteration 973/2000-----
J=1.3e-02, ⟨Jf⟩=1.3e-03, ⟨B·n⟩=8.1e-03, Len=sum([4.8, 4.9, 4.7])=14.4, ϰ=[5.2, 5.9, 4.9], ∫ϰ²/L>=[6.0, 7.4, 8.0], C-C-Sep=0.20, ║∇J║=2.1e-03
-----On 18/20 Initial Guess Perturbations
Iteration 974/2000-----
J=1.3e-02, ⟨Jf⟩=1.3e-03, ⟨B·n⟩=8.1e-03, Len=sum([4.8, 4.9, 4.7])=14.4, ϰ=[5.2, 5.9, 4.9], ∫ϰ²/L>=[6.0, 7.4, 8.0], C-C-Sep=0.20, ║∇J║=2.4e-03
-----On 18/20 Initial Guess Perturbations
Iteration 975/2000-----
J=1.3e-02, ⟨Jf⟩=1.3e-03, ⟨B·n⟩=8.1e-03, Len=sum([4.8, 4.9, 4.7])=14.4, ϰ=[5.2, 5.9, 4.9], ∫ϰ²/L>=[6.0, 7.4, 8.0], C-C-Sep=0.20, ║∇J║=2.2e-03
-----On 18/20 Initial Guess Perturbations
Iteration 976/2000-----
J=1.3e-02, ⟨Jf⟩=1.3e-03, ⟨B·n⟩=8.1e-03, Len=sum([4.8, 4.9, 4.7])=14.4, ϰ=[5.2, 5.9, 4.9], ∫ϰ²/L>=[6.0, 7.4, 8.0], C-C-Sep=0.20, ║∇J║=2.4e-03
-----On 18/20 Initial Guess Perturbations
Iteration 977/2000-----
J=1.3e-02, ⟨Jf⟩=1.3e-03, ⟨B·n⟩=8.1e-03, Len=sum([4.8, 4.9, 4.7])=14.4, ϰ=[5.2, 5.9, 4.9], ∫ϰ²/L>=[6.0, 7.4, 8.0], C-C-Sep=0.20, ║∇J║=1.9e-03
-----On 18/20 Initial Guess Perturbations
Iteration 978/2000-----
J=1.3e-02, ⟨Jf⟩=1.3e-03, ⟨B·n⟩=8.1e-03, Len=sum([4.8, 4.9, 4.7])=14.4, ϰ=[5.2, 5.9, 4.9], ∫ϰ²/L>=[6.0, 7.4, 8.0], C-C-Sep=0.20, ║∇J║=2.1e-03
-----On 18/20 Initial Guess Perturbations
Iteration 979/2000-----
J=1.3e-02, ⟨Jf⟩=1.3e-03, ⟨B·n⟩=8.1e-03, Len=sum([4.8, 4.9, 4.7])=14.4, ϰ=[5.3, 5.9, 4.9], ∫ϰ²/L>=[6.0, 7.4, 8.0], C-C-Sep=0.20, ║∇J║=1.8e-03
-----On 18/20 Initial Guess Perturbations
Iteration 980/2000-----
J=1.3e-02, ⟨Jf⟩=1.3e-03, ⟨B·n⟩=8.1e-03, Len=sum([4.8, 4.9, 4.7])=14.4, ϰ=[5.3, 5.9, 4.8], ∫ϰ²/L>=[6.0, 7.3, 8.0], C-C-Sep=0.20, ║∇J║=1.8e-03
-----On 18/20 Initial Guess Perturbations
Iteration 981/2000-----
J=1.3e-02, ⟨Jf⟩=1.3e-03, ⟨B·n⟩=8.1e-03, Len=sum([4.8, 4.9, 4.7])=14.4, ϰ=[5.3, 5.9, 4.8], ∫ϰ²/L>=[6.0, 7.4, 8.0], C-C-Sep=0.20, ║∇J║=2.7e-03
-----On 18/20 Initial Guess Perturbations
Iteration 982/2000-----
J=1.3e-02, ⟨Jf⟩=1.3e-03, ⟨B·n⟩=8.1e-03, Len=sum([4.8, 4.9, 4.7])=14.4, ϰ=[5.3, 5.9, 4.8], ∫ϰ²/L>=[6.0, 7.3, 8.0], C-C-Sep=0.20, ║∇J║=2.0e-03
-----On 18/20 Initial Guess Perturbations
Iteration 983/2000-----
J=1.3e-02, ⟨Jf⟩=1.3e-03, ⟨B·n⟩=8.1e-03, Len=sum([4.8, 4.9, 4.7])=14.4, ϰ=[5.3, 5.9, 4.9], ∫ϰ²/L>=[6.0, 7.3, 8.0], C-C-Sep=0.20, ║∇J║=2.1e-03
-----On 18/20 Initial Guess Perturbations
Iteration 984/2000-----
J=1.3e-02, ⟨Jf⟩=1.3e-03, ⟨B·n⟩=8.1e-03, Len=sum([4.8, 4.9, 4.7])=14.4, ϰ=[5.3, 5.9, 4.9], ∫ϰ²/L>=[6.0, 7.3, 8.0], C-C-Sep=0.20, ║∇J║=1.5e-03
-----On 18/20 Initial Guess Perturbations
Iteration 985/2000-----
J=1.3e-02, ⟨Jf⟩=1.3e-03, ⟨B·n⟩=8.1e-03, Len=sum([4.8, 4.9, 4.7])=14.4, ϰ=[5.4, 5.9, 4.9], ∫ϰ²/L>=[6.0, 7.3, 8.0], C-C-Sep=0.20, ║∇J║=1.9e-03
-----On 18/20 Initial Guess Perturbations
Iteration 986/2000-----
J=1.3e-02, ⟨Jf⟩=1.3e-03, ⟨B·n⟩=8.1e-03, Len=sum([4.8, 4.9, 4.7])=14.4, ϰ=[5.4, 5.9, 4.9], ∫ϰ²/L>=[6.0, 7.3, 8.0], C-C-Sep=0.20, ║∇J║=2.0e-03
-----On 18/20 Initial Guess Perturbations
Iteration 987/2000-----
J=1.3e-02, ⟨Jf⟩=1.3e-03, ⟨B·n⟩=8.1e-03, Len=sum([4.8, 4.9, 4.7])=14.4, ϰ=[5.4, 5.9, 4.9], ∫ϰ²/L>=[6.0, 7.3, 8.0], C-C-Sep=0.20, ║∇J║=1.7e-03
-----On 18/20 Initial Guess Perturbations
Iteration 988/2000-----
J=1.3e-02, ⟨Jf⟩=1.3e-03, ⟨B·n⟩=8.1e-03, Len=sum([4.8, 4.9, 4.7])=14.4, ϰ=[5.4, 5.9, 5.0], ∫ϰ²/L>=[6.0, 7.3, 8.0], C-C-Sep=0.20, ║∇J║=2.0e-03
-----On 18/20 Initial Guess Perturbations
Iteration 989/2000-----
J=1.3e-02, ⟨Jf⟩=1.3e-03, ⟨B·n⟩=8.1e-03, Len=sum([4.8, 4.9, 4.7])=14.4, ϰ=[5.4, 5.9, 4.9], ∫ϰ²/L>=[6.1, 7.3, 8.0], C-C-Sep=0.20, ║∇J║=2.3e-03
-----On 18/20 Initial Guess Perturbations
Iteration 990/2000-----
J=1.3e-02, ⟨Jf⟩=1.3e-03, ⟨B·n⟩=8.1e-03, Len=sum([4.8, 4.9, 4.7])=14.4, ϰ=[5.4, 5.8, 4.9], ∫ϰ²/L>=[6.0, 7.3, 8.0], C-C-Sep=0.20, ║∇J║=2.4e-03
-----On 18/20 Initial Guess Perturbations
Iteration 991/2000-----
J=1.3e-02, ⟨Jf⟩=1.3e-03, ⟨B·n⟩=8.1e-03, Len=sum([4.8, 4.9, 4.7])=14.4, ϰ=[5.4, 5.8, 4.9], ∫ϰ²/L>=[6.1, 7.3, 8.0], C-C-Sep=0.20, ║∇J║=3.2e-03
-----On 18/20 Initial Guess Perturbations
Iteration 992/2000-----
J=1.3e-02, ⟨Jf⟩=1.3e-03, ⟨B·n⟩=8.1e-03, Len=sum([4.8, 4.9, 4.7])=14.4, ϰ=[5.4, 5.8, 4.9], ∫ϰ²/L>=[6.1, 7.3, 8.0], C-C-Sep=0.20, ║∇J║=1.9e-03
-----On 18/20 Initial Guess Perturbations
Iteration 993/2000-----
J=1.3e-02, ⟨Jf⟩=1.3e-03, ⟨B·n⟩=8.1e-03, Len=sum([4.8, 4.9, 4.7])=14.4, ϰ=[5.4, 5.8, 4.9], ∫ϰ²/L>=[6.1, 7.3, 8.0], C-C-Sep=0.20, ║∇J║=1.8e-03
-----On 18/20 Initial Guess Perturbations
Iteration 994/2000-----
J=1.3e-02, ⟨Jf⟩=1.3e-03, ⟨B·n⟩=8.1e-03, Len=sum([4.8, 4.9, 4.7])=14.4, ϰ=[5.4, 5.8, 4.9], ∫ϰ²/L>=[6.1, 7.3, 8.0], C-C-Sep=0.20, ║∇J║=1.6e-03
-----On 18/20 Initial Guess Perturbations
Iteration 995/2000-----
J=1.3e-02, ⟨Jf⟩=1.3e-03, ⟨B·n⟩=8.1e-03, Len=sum([4.8, 4.9, 4.7])=14.4, ϰ=[5.4, 5.8, 4.9], ∫ϰ²/L>=[6.1, 7.3, 8.0], C-C-Sep=0.20, ║∇J║=2.0e-03
-----On 18/20 Initial Guess Perturbations
Iteration 996/2000-----
J=1.3e-02, ⟨Jf⟩=1.3e-03, ⟨B·n⟩=8.1e-03, Len=sum([4.8, 4.9, 4.7])=14.4, ϰ=[5.4, 5.8, 4.9], ∫ϰ²/L>=[6.1, 7.3, 8.0], C-C-Sep=0.20, ║∇J║=2.0e-03
-----On 18/20 Initial Guess Perturbations
Iteration 997/2000-----
J=1.3e-02, ⟨Jf⟩=1.3e-03, ⟨B·n⟩=8.1e-03, Len=sum([4.8, 4.9, 4.7])=14.4, ϰ=[5.4, 5.8, 4.9], ∫ϰ²/L>=[6.1, 7.3, 8.0], C-C-Sep=0.20, ║∇J║=1.7e-03
-----On 18/20 Initial Guess Perturbations
Iteration 998/2000-----
J=1.3e-02, ⟨Jf⟩=1.3e-03, ⟨B·n⟩=8.1e-03, Len=sum([4.8, 4.9, 4.7])=14.4, ϰ=[5.3, 5.8, 4.9], ∫ϰ²/L>=[6.1, 7.3, 8.0], C-C-Sep=0.20, ║∇J║=2.2e-03
-----On 18/20 Initial Guess Perturbations
Iteration 999/2000-----
J=1.3e-02, ⟨Jf⟩=1.3e-03, ⟨B·n⟩=8.1e-03, Len=sum([4.8, 4.9, 4.7])=14.4, ϰ=[5.3, 5.9, 4.9], ∫ϰ²/L>=[6.1, 7.3, 8.0], C-C-Sep=0.20, ║∇J║=1.8e-03
-----On 18/20 Initial Guess Perturbations
Iteration 1000/2000-----
J=1.3e-02, ⟨Jf⟩=1.3e-03, ⟨B·n⟩=8.1e-03, Len=sum([4.8, 4.9, 4.7])=14.4, ϰ=[5.3, 5.8, 4.9], ∫ϰ²/L>=[6.1, 7.3, 8.0], C-C-Sep=0.20, ║∇J║=1.8e-03
-----On 18/20 Initial Guess Perturbations
Iteration 1001/2000-----
J=1.3e-02, ⟨Jf⟩=1.3e-03, ⟨B·n⟩=8.1e-03, Len=sum([4.8, 4.9, 4.7])=14.4, ϰ=[5.3, 5.9, 4.9], ∫ϰ²/L>=[6.1, 7.3, 8.0], C-C-Sep=0.20, ║∇J║=1.7e-03
-----On 18/20 Initial Guess Perturbations
Iteration 1002/2000-----
J=1.3e-02, ⟨Jf⟩=1.3e-03, ⟨B·n⟩=8.1e-03, Len=sum([4.8, 4.9, 4.7])=14.4, ϰ=[5.3, 5.9, 4.9], ∫ϰ²/L>=[6.1, 7.3, 8.0], C-C-Sep=0.20, ║∇J║=1.5e-03
-----On 18/20 Initial Guess Perturbations
Iteration 1003/2000-----
J=1.3e-02, ⟨Jf⟩=1.3e-03, ⟨B·n⟩=8.1e-03, Len=sum([4.8, 4.9, 4.7])=14.4, ϰ=[5.3, 5.9, 4.9], ∫ϰ²/L>=[6.1, 7.3, 8.0], C-C-Sep=0.20, ║∇J║=2.3e-03
-----On 18/20 Initial Guess Perturbations
Iteration 1004/2000-----
J=1.3e-02, ⟨Jf⟩=1.3e-03, ⟨B·n⟩=8.1e-03, Len=sum([4.8, 4.9, 4.7])=14.4, ϰ=[5.3, 5.9, 4.9], ∫ϰ²/L>=[6.1, 7.3, 8.0], C-C-Sep=0.20, ║∇J║=2.0e-03
-----On 18/20 Initial Guess Perturbations
Iteration 1005/2000-----
J=1.3e-02, ⟨Jf⟩=1.3e-03, ⟨B·n⟩=8.1e-03, Len=sum([4.8, 4.9, 4.7])=14.4, ϰ=[5.3, 5.9, 4.9], ∫ϰ²/L>=[6.1, 7.3, 8.0], C-C-Sep=0.20, ║∇J║=1.9e-03
-----On 18/20 Initial Guess Perturbations
Iteration 1006/2000-----
J=1.3e-02, ⟨Jf⟩=1.3e-03, ⟨B·n⟩=8.1e-03, Len=sum([4.8, 4.9, 4.7])=14.4, ϰ=[5.3, 5.9, 4.9], ∫ϰ²/L>=[6.1, 7.3, 8.0], C-C-Sep=0.20, ║∇J║=2.0e-03
-----On 18/20 Initial Guess Perturbations
Iteration 1007/2000-----
J=1.3e-02, ⟨Jf⟩=1.3e-03, ⟨B·n⟩=8.1e-03, Len=sum([4.8, 4.9, 4.7])=14.4, ϰ=[5.3, 5.9, 4.9], ∫ϰ²/L>=[6.1, 7.3, 8.0], C-C-Sep=0.20, ║∇J║=1.9e-03
-----On 18/20 Initial Guess Perturbations
Iteration 1008/2000-----
J=1.3e-02, ⟨Jf⟩=1.3e-03, ⟨B·n⟩=8.1e-03, Len=sum([4.8, 4.9, 4.7])=14.4, ϰ=[5.3, 5.9, 4.9], ∫ϰ²/L>=[6.1, 7.3, 8.0], C-C-Sep=0.20, ║∇J║=1.6e-03
-----On 18/20 Initial Guess Perturbations
Iteration 1009/2000-----
J=1.3e-02, ⟨Jf⟩=1.3e-03, ⟨B·n⟩=8.1e-03, Len=sum([4.8, 4.9, 4.7])=14.4, ϰ=[5.4, 5.9, 4.9], ∫ϰ²/L>=[6.1, 7.3, 8.0], C-C-Sep=0.20, ║∇J║=1.8e-03
-----On 18/20 Initial Guess Perturbations
Iteration 1010/2000-----
J=1.3e-02, ⟨Jf⟩=1.3e-03, ⟨B·n⟩=8.1e-03, Len=sum([4.8, 4.9, 4.7])=14.4, ϰ=[5.4, 5.9, 4.9], ∫ϰ²/L>=[6.1, 7.3, 8.0], C-C-Sep=0.20, ║∇J║=2.0e-03
-----On 18/20 Initial Guess Perturbations
Iteration 1011/2000-----
J=1.3e-02, ⟨Jf⟩=1.3e-03, ⟨B·n⟩=8.1e-03, Len=sum([4.8, 4.9, 4.7])=14.4, ϰ=[5.4, 5.9, 4.9], ∫ϰ²/L>=[6.1, 7.3, 8.0], C-C-Sep=0.20, ║∇J║=1.7e-03
-----On 18/20 Initial Guess Perturbations
Iteration 1012/2000-----
J=1.3e-02, ⟨Jf⟩=1.3e-03, ⟨B·n⟩=8.1e-03, Len=sum([4.8, 4.9, 4.7])=14.4, ϰ=[5.4, 5.9, 4.9], ∫ϰ²/L>=[6.1, 7.3, 8.0], C-C-Sep=0.20, ║∇J║=1.9e-03
-----On 18/20 Initial Guess Perturbations
Iteration 1013/2000-----
J=1.3e-02, ⟨Jf⟩=1.3e-03, ⟨B·n⟩=8.1e-03, Len=sum([4.8, 4.9, 4.7])=14.4, ϰ=[5.4, 5.9, 4.9], ∫ϰ²/L>=[6.1, 7.3, 8.0], C-C-Sep=0.20, ║∇J║=1.7e-03
-----On 18/20 Initial Guess Perturbations
Iteration 1014/2000-----
J=1.3e-02, ⟨Jf⟩=1.3e-03, ⟨B·n⟩=8.1e-03, Len=sum([4.8, 4.9, 4.7])=14.4, ϰ=[5.4, 5.9, 4.9], ∫ϰ²/L>=[6.1, 7.3, 8.0], C-C-Sep=0.20, ║∇J║=1.6e-03
-----On 18/20 Initial Guess Perturbations
Iteration 1015/2000-----
J=1.3e-02, ⟨Jf⟩=1.3e-03, ⟨B·n⟩=8.1e-03, Len=sum([4.8, 4.9, 4.7])=14.4, ϰ=[5.4, 5.9, 4.9], ∫ϰ²/L>=[6.1, 7.3, 8.0], C-C-Sep=0.20, ║∇J║=1.9e-03
-----On 18/20 Initial Guess Perturbations
Iteration 1016/2000-----
J=1.3e-02, ⟨Jf⟩=1.3e-03, ⟨B·n⟩=8.1e-03, Len=sum([4.8, 4.9, 4.7])=14.4, ϰ=[5.4, 5.9, 4.9], ∫ϰ²/L>=[6.1, 7.3, 8.0], C-C-Sep=0.20, ║∇J║=2.6e-03
-----On 18/20 Initial Guess Perturbations
Iteration 1017/2000-----
J=1.3e-02, ⟨Jf⟩=1.3e-03, ⟨B·n⟩=8.1e-03, Len=sum([4.8, 4.9, 4.7])=14.4, ϰ=[5.3, 5.9, 4.9], ∫ϰ²/L>=[6.1, 7.3, 8.0], C-C-Sep=0.20, ║∇J║=1.9e-03
-----On 18/20 Initial Guess Perturbations
Iteration 1018/2000-----
J=1.3e-02, ⟨Jf⟩=1.3e-03, ⟨B·n⟩=8.1e-03, Len=sum([4.8, 4.9, 4.7])=14.4, ϰ=[5.3, 5.9, 4.9], ∫ϰ²/L>=[6.1, 7.3, 8.0], C-C-Sep=0.20, ║∇J║=1.7e-03
-----On 18/20 Initial Guess Perturbations
Iteration 1019/2000-----
J=1.3e-02, ⟨Jf⟩=1.3e-03, ⟨B·n⟩=8.1e-03, Len=sum([4.8, 4.9, 4.7])=14.4, ϰ=[5.3, 5.8, 4.9], ∫ϰ²/L>=[6.1, 7.3, 8.0], C-C-Sep=0.20, ║∇J║=1.5e-03
-----On 18/20 Initial Guess Perturbations
Iteration 1020/2000-----
J=1.3e-02, ⟨Jf⟩=1.3e-03, ⟨B·n⟩=8.1e-03, Len=sum([4.8, 4.9, 4.7])=14.4, ϰ=[5.4, 5.8, 4.9], ∫ϰ²/L>=[6.1, 7.3, 8.0], C-C-Sep=0.20, ║∇J║=1.6e-03
-----On 18/20 Initial Guess Perturbations
Iteration 1021/2000-----
J=1.3e-02, ⟨Jf⟩=1.3e-03, ⟨B·n⟩=8.1e-03, Len=sum([4.8, 4.9, 4.7])=14.4, ϰ=[5.4, 5.8, 4.9], ∫ϰ²/L>=[6.1, 7.3, 8.0], C-C-Sep=0.20, ║∇J║=2.0e-03
-----On 18/20 Initial Guess Perturbations
Iteration 1022/2000-----
J=1.3e-02, ⟨Jf⟩=1.3e-03, ⟨B·n⟩=8.1e-03, Len=sum([4.8, 4.9, 4.7])=14.4, ϰ=[5.4, 5.8, 4.9], ∫ϰ²/L>=[6.1, 7.3, 8.0], C-C-Sep=0.20, ║∇J║=1.9e-03
-----On 18/20 Initial Guess Perturbations
Iteration 1023/2000-----
J=1.3e-02, ⟨Jf⟩=1.3e-03, ⟨B·n⟩=8.1e-03, Len=sum([4.8, 4.9, 4.7])=14.4, ϰ=[5.4, 5.8, 4.9], ∫ϰ²/L>=[6.1, 7.3, 8.0], C-C-Sep=0.20, ║∇J║=1.6e-03
-----On 18/20 Initial Guess Perturbations
Iteration 1024/2000-----
J=1.3e-02, ⟨Jf⟩=1.3e-03, ⟨B·n⟩=8.1e-03, Len=sum([4.8, 4.9, 4.7])=14.4, ϰ=[5.4, 5.8, 4.9], ∫ϰ²/L>=[6.1, 7.3, 8.0], C-C-Sep=0.20, ║∇J║=1.9e-03
-----On 18/20 Initial Guess Perturbations
Iteration 1025/2000-----
J=1.3e-02, ⟨Jf⟩=1.3e-03, ⟨B·n⟩=8.1e-03, Len=sum([4.8, 4.9, 4.7])=14.4, ϰ=[5.4, 5.8, 4.9], ∫ϰ²/L>=[6.1, 7.3, 8.0], C-C-Sep=0.20, ║∇J║=2.1e-03
-----On 18/20 Initial Guess Perturbations
Iteration 1026/2000-----
J=1.3e-02, ⟨Jf⟩=1.3e-03, ⟨B·n⟩=8.1e-03, Len=sum([4.8, 4.9, 4.7])=14.4, ϰ=[5.4, 5.8, 4.9], ∫ϰ²/L>=[6.1, 7.3, 8.0], C-C-Sep=0.20, ║∇J║=2.3e-03
-----On 18/20 Initial Guess Perturbations
Iteration 1027/2000-----
J=1.3e-02, ⟨Jf⟩=1.3e-03, ⟨B·n⟩=8.1e-03, Len=sum([4.8, 4.9, 4.7])=14.4, ϰ=[5.4, 5.8, 4.9], ∫ϰ²/L>=[6.1, 7.3, 8.0], C-C-Sep=0.20, ║∇J║=2.1e-03
-----On 18/20 Initial Guess Perturbations
Iteration 1028/2000-----
J=1.3e-02, ⟨Jf⟩=1.3e-03, ⟨B·n⟩=8.1e-03, Len=sum([4.8, 4.9, 4.7])=14.4, ϰ=[5.4, 5.8, 4.9], ∫ϰ²/L>=[6.1, 7.3, 8.0], C-C-Sep=0.20, ║∇J║=1.4e-03
-----On 18/20 Initial Guess Perturbations
Iteration 1029/2000-----
J=1.3e-02, ⟨Jf⟩=1.3e-03, ⟨B·n⟩=8.1e-03, Len=sum([4.8, 4.9, 4.7])=14.4, ϰ=[5.4, 5.8, 4.9], ∫ϰ²/L>=[6.1, 7.3, 8.0], C-C-Sep=0.20, ║∇J║=1.4e-03
-----On 18/20 Initial Guess Perturbations
Iteration 1030/2000-----
J=1.3e-02, ⟨Jf⟩=1.3e-03, ⟨B·n⟩=8.1e-03, Len=sum([4.8, 4.9, 4.7])=14.4, ϰ=[5.4, 5.8, 4.9], ∫ϰ²/L>=[6.1, 7.3, 8.0], C-C-Sep=0.20, ║∇J║=2.1e-03
-----On 18/20 Initial Guess Perturbations
Iteration 1031/2000-----
J=1.3e-02, ⟨Jf⟩=1.3e-03, ⟨B·n⟩=8.1e-03, Len=sum([4.8, 4.9, 4.7])=14.4, ϰ=[5.3, 5.8, 4.9], ∫ϰ²/L>=[6.1, 7.3, 8.0], C-C-Sep=0.20, ║∇J║=2.0e-03
-----On 18/20 Initial Guess Perturbations
Iteration 1032/2000-----
J=1.3e-02, ⟨Jf⟩=1.3e-03, ⟨B·n⟩=8.1e-03, Len=sum([4.8, 4.9, 4.7])=14.4, ϰ=[5.3, 5.8, 4.9], ∫ϰ²/L>=[6.1, 7.3, 8.0], C-C-Sep=0.20, ║∇J║=2.1e-03
-----On 18/20 Initial Guess Perturbations
Iteration 1033/2000-----
J=1.3e-02, ⟨Jf⟩=1.3e-03, ⟨B·n⟩=8.1e-03, Len=sum([4.8, 4.9, 4.7])=14.4, ϰ=[5.3, 5.8, 4.9], ∫ϰ²/L>=[6.1, 7.3, 8.0], C-C-Sep=0.20, ║∇J║=1.7e-03
-----On 18/20 Initial Guess Perturbations
Iteration 1034/2000-----
J=1.3e-02, ⟨Jf⟩=1.3e-03, ⟨B·n⟩=8.1e-03, Len=sum([4.8, 4.9, 4.7])=14.4, ϰ=[5.3, 5.8, 4.9], ∫ϰ²/L>=[6.1, 7.3, 8.0], C-C-Sep=0.20, ║∇J║=2.2e-03
-----On 18/20 Initial Guess Perturbations
Iteration 1035/2000-----
J=1.3e-02, ⟨Jf⟩=1.3e-03, ⟨B·n⟩=8.1e-03, Len=sum([4.8, 4.9, 4.7])=14.4, ϰ=[5.3, 5.8, 4.9], ∫ϰ²/L>=[6.1, 7.3, 8.0], C-C-Sep=0.20, ║∇J║=1.7e-03
-----On 18/20 Initial Guess Perturbations
Iteration 1036/2000-----
J=1.3e-02, ⟨Jf⟩=1.3e-03, ⟨B·n⟩=8.1e-03, Len=sum([4.8, 4.9, 4.7])=14.4, ϰ=[5.3, 5.8, 4.9], ∫ϰ²/L>=[6.1, 7.3, 8.0], C-C-Sep=0.20, ║∇J║=1.7e-03
-----On 18/20 Initial Guess Perturbations
Iteration 1037/2000-----
J=1.3e-02, ⟨Jf⟩=1.3e-03, ⟨B·n⟩=8.1e-03, Len=sum([4.8, 4.9, 4.7])=14.4, ϰ=[5.3, 5.8, 4.9], ∫ϰ²/L>=[6.1, 7.3, 8.0], C-C-Sep=0.20, ║∇J║=1.3e-03
-----On 18/20 Initial Guess Perturbations
Iteration 1038/2000-----
J=1.3e-02, ⟨Jf⟩=1.3e-03, ⟨B·n⟩=8.1e-03, Len=sum([4.8, 4.9, 4.7])=14.4, ϰ=[5.3, 5.8, 4.9], ∫ϰ²/L>=[6.1, 7.3, 8.0], C-C-Sep=0.20, ║∇J║=1.7e-03
-----On 18/20 Initial Guess Perturbations
Iteration 1039/2000-----
J=1.3e-02, ⟨Jf⟩=1.3e-03, ⟨B·n⟩=8.1e-03, Len=sum([4.8, 4.9, 4.7])=14.4, ϰ=[5.3, 5.8, 4.9], ∫ϰ²/L>=[6.1, 7.3, 8.0], C-C-Sep=0.20, ║∇J║=2.1e-03
-----On 18/20 Initial Guess Perturbations
Iteration 1040/2000-----
J=1.3e-02, ⟨Jf⟩=1.3e-03, ⟨B·n⟩=8.1e-03, Len=sum([4.8, 4.9, 4.7])=14.4, ϰ=[5.3, 5.9, 4.9], ∫ϰ²/L>=[6.1, 7.3, 8.0], C-C-Sep=0.20, ║∇J║=2.1e-03
-----On 18/20 Initial Guess Perturbations
Iteration 1041/2000-----
J=1.3e-02, ⟨Jf⟩=1.3e-03, ⟨B·n⟩=8.1e-03, Len=sum([4.8, 4.9, 4.7])=14.4, ϰ=[5.3, 5.9, 4.9], ∫ϰ²/L>=[6.1, 7.3, 8.0], C-C-Sep=0.20, ║∇J║=2.1e-03
-----On 18/20 Initial Guess Perturbations
Iteration 1042/2000-----
J=1.3e-02, ⟨Jf⟩=1.3e-03, ⟨B·n⟩=8.1e-03, Len=sum([4.8, 4.9, 4.7])=14.4, ϰ=[5.3, 5.9, 4.9], ∫ϰ²/L>=[6.1, 7.3, 8.0], C-C-Sep=0.20, ║∇J║=1.9e-03
-----On 18/20 Initial Guess Perturbations
Iteration 1043/2000-----
J=1.3e-02, ⟨Jf⟩=1.3e-03, ⟨B·n⟩=8.1e-03, Len=sum([4.8, 4.9, 4.7])=14.4, ϰ=[5.3, 5.9, 4.9], ∫ϰ²/L>=[6.1, 7.3, 8.0], C-C-Sep=0.20, ║∇J║=2.2e-03
-----On 18/20 Initial Guess Perturbations
Iteration 1044/2000-----
J=1.3e-02, ⟨Jf⟩=1.3e-03, ⟨B·n⟩=8.1e-03, Len=sum([4.8, 4.9, 4.7])=14.4, ϰ=[5.3, 5.9, 4.9], ∫ϰ²/L>=[6.1, 7.3, 8.0], C-C-Sep=0.20, ║∇J║=1.9e-03
-----On 18/20 Initial Guess Perturbations
Iteration 1045/2000-----
J=1.3e-02, ⟨Jf⟩=1.3e-03, ⟨B·n⟩=8.1e-03, Len=sum([4.8, 4.9, 4.7])=14.4, ϰ=[5.4, 5.9, 4.9], ∫ϰ²/L>=[6.1, 7.3, 8.0], C-C-Sep=0.20, ║∇J║=2.0e-03
-----On 18/20 Initial Guess Perturbations
Iteration 1046/2000-----
J=1.3e-02, ⟨Jf⟩=1.3e-03, ⟨B·n⟩=8.1e-03, Len=sum([4.8, 4.9, 4.7])=14.4, ϰ=[5.4, 5.9, 4.9], ∫ϰ²/L>=[6.1, 7.3, 8.0], C-C-Sep=0.20, ║∇J║=1.9e-03
-----On 18/20 Initial Guess Perturbations
Iteration 1047/2000-----
J=1.3e-02, ⟨Jf⟩=1.3e-03, ⟨B·n⟩=8.1e-03, Len=sum([4.8, 4.9, 4.7])=14.4, ϰ=[5.4, 5.9, 4.9], ∫ϰ²/L>=[6.1, 7.3, 8.0], C-C-Sep=0.20, ║∇J║=2.0e-03
-----On 18/20 Initial Guess Perturbations
Iteration 1048/2000-----
J=1.3e-02, ⟨Jf⟩=1.3e-03, ⟨B·n⟩=8.1e-03, Len=sum([4.8, 4.9, 4.7])=14.4, ϰ=[5.4, 5.9, 4.9], ∫ϰ²/L>=[6.1, 7.3, 8.0], C-C-Sep=0.20, ║∇J║=1.9e-03
-----On 18/20 Initial Guess Perturbations
Iteration 1049/2000-----
J=1.3e-02, ⟨Jf⟩=1.3e-03, ⟨B·n⟩=8.1e-03, Len=sum([4.8, 4.9, 4.7])=14.4, ϰ=[5.4, 5.9, 4.9], ∫ϰ²/L>=[6.1, 7.3, 8.0], C-C-Sep=0.20, ║∇J║=2.1e-03
-----On 18/20 Initial Guess Perturbations
Iteration 1050/2000-----
J=1.3e-02, ⟨Jf⟩=1.3e-03, ⟨B·n⟩=8.1e-03, Len=sum([4.8, 4.9, 4.7])=14.4, ϰ=[5.4, 5.9, 4.9], ∫ϰ²/L>=[6.1, 7.3, 8.0], C-C-Sep=0.20, ║∇J║=2.0e-03
-----On 18/20 Initial Guess Perturbations
Iteration 1051/2000-----
J=1.3e-02, ⟨Jf⟩=1.3e-03, ⟨B·n⟩=8.1e-03, Len=sum([4.8, 4.9, 4.7])=14.4, ϰ=[5.4, 5.9, 4.9], ∫ϰ²/L>=[6.1, 7.3, 8.0], C-C-Sep=0.20, ║∇J║=1.6e-03
-----On 18/20 Initial Guess Perturbations
Iteration 1052/2000-----
J=1.3e-02, ⟨Jf⟩=1.3e-03, ⟨B·n⟩=8.1e-03, Len=sum([4.8, 4.9, 4.7])=14.4, ϰ=[5.4, 5.9, 4.9], ∫ϰ²/L>=[6.1, 7.3, 8.0], C-C-Sep=0.20, ║∇J║=1.6e-03
-----On 18/20 Initial Guess Perturbations
Iteration 1053/2000-----
J=1.3e-02, ⟨Jf⟩=1.3e-03, ⟨B·n⟩=8.1e-03, Len=sum([4.8, 4.9, 4.7])=14.4, ϰ=[5.4, 5.9, 4.9], ∫ϰ²/L>=[6.1, 7.3, 8.0], C-C-Sep=0.20, ║∇J║=1.7e-03
-----On 18/20 Initial Guess Perturbations
Iteration 1054/2000-----
J=1.3e-02, ⟨Jf⟩=1.3e-03, ⟨B·n⟩=8.1e-03, Len=sum([4.8, 4.9, 4.7])=14.4, ϰ=[5.4, 5.8, 4.9], ∫ϰ²/L>=[6.1, 7.3, 8.0], C-C-Sep=0.20, ║∇J║=2.1e-03
-----On 18/20 Initial Guess Perturbations
Iteration 1055/2000-----
J=1.3e-02, ⟨Jf⟩=1.3e-03, ⟨B·n⟩=8.1e-03, Len=sum([4.8, 4.9, 4.7])=14.4, ϰ=[5.4, 5.8, 4.9], ∫ϰ²/L>=[6.1, 7.3, 8.0], C-C-Sep=0.20, ║∇J║=1.6e-03
-----On 18/20 Initial Guess Perturbations
Iteration 1056/2000-----
J=1.3e-02, ⟨Jf⟩=1.3e-03, ⟨B·n⟩=8.1e-03, Len=sum([4.8, 4.9, 4.7])=14.4, ϰ=[5.4, 5.8, 4.9], ∫ϰ²/L>=[6.1, 7.3, 8.0], C-C-Sep=0.20, ║∇J║=2.0e-03
-----On 18/20 Initial Guess Perturbations
Iteration 1057/2000-----
J=1.3e-02, ⟨Jf⟩=1.3e-03, ⟨B·n⟩=8.1e-03, Len=sum([4.8, 4.9, 4.7])=14.4, ϰ=[5.4, 5.8, 4.9], ∫ϰ²/L>=[6.1, 7.3, 8.0], C-C-Sep=0.20, ║∇J║=1.9e-03
-----On 18/20 Initial Guess Perturbations
Iteration 1058/2000-----
J=1.3e-02, ⟨Jf⟩=1.3e-03, ⟨B·n⟩=8.1e-03, Len=sum([4.8, 4.9, 4.7])=14.4, ϰ=[5.4, 5.8, 4.9], ∫ϰ²/L>=[6.1, 7.3, 8.0], C-C-Sep=0.20, ║∇J║=2.0e-03
-----On 18/20 Initial Guess Perturbations
Iteration 1059/2000-----
J=1.3e-02, ⟨Jf⟩=1.3e-03, ⟨B·n⟩=8.1e-03, Len=sum([4.8, 4.9, 4.7])=14.4, ϰ=[5.3, 5.8, 4.9], ∫ϰ²/L>=[6.1, 7.3, 8.0], C-C-Sep=0.20, ║∇J║=2.1e-03
-----On 18/20 Initial Guess Perturbations
Iteration 1060/2000-----
J=1.3e-02, ⟨Jf⟩=1.3e-03, ⟨B·n⟩=8.1e-03, Len=sum([4.8, 4.9, 4.7])=14.4, ϰ=[5.3, 5.8, 4.9], ∫ϰ²/L>=[6.1, 7.3, 8.0], C-C-Sep=0.20, ║∇J║=2.2e-03
-----On 18/20 Initial Guess Perturbations
Iteration 1061/2000-----
J=1.3e-02, ⟨Jf⟩=1.3e-03, ⟨B·n⟩=8.1e-03, Len=sum([4.8, 4.9, 4.7])=14.4, ϰ=[5.3, 5.8, 4.9], ∫ϰ²/L>=[6.1, 7.3, 8.0], C-C-Sep=0.20, ║∇J║=2.2e-03
-----On 18/20 Initial Guess Perturbations
Iteration 1062/2000-----
J=1.3e-02, ⟨Jf⟩=1.3e-03, ⟨B·n⟩=8.1e-03, Len=sum([4.8, 4.9, 4.7])=14.4, ϰ=[5.3, 5.8, 4.9], ∫ϰ²/L>=[6.1, 7.3, 8.0], C-C-Sep=0.20, ║∇J║=1.8e-03
-----On 18/20 Initial Guess Perturbations
Iteration 1063/2000-----
J=1.3e-02, ⟨Jf⟩=1.3e-03, ⟨B·n⟩=8.1e-03, Len=sum([4.8, 4.9, 4.7])=14.4, ϰ=[5.3, 5.8, 4.9], ∫ϰ²/L>=[6.1, 7.3, 7.9], C-C-Sep=0.20, ║∇J║=1.8e-03
-----On 18/20 Initial Guess Perturbations
Iteration 1064/2000-----
J=1.3e-02, ⟨Jf⟩=1.3e-03, ⟨B·n⟩=8.1e-03, Len=sum([4.8, 4.9, 4.7])=14.4, ϰ=[5.3, 5.8, 4.9], ∫ϰ²/L>=[6.1, 7.3, 7.9], C-C-Sep=0.20, ║∇J║=1.8e-03
-----On 18/20 Initial Guess Perturbations
Iteration 1065/2000-----
J=1.3e-02, ⟨Jf⟩=1.3e-03, ⟨B·n⟩=8.1e-03, Len=sum([4.8, 4.9, 4.7])=14.4, ϰ=[5.3, 5.8, 4.9], ∫ϰ²/L>=[6.1, 7.3, 7.9], C-C-Sep=0.20, ║∇J║=2.3e-03
-----On 18/20 Initial Guess Perturbations
Iteration 1066/2000-----
J=1.3e-02, ⟨Jf⟩=1.3e-03, ⟨B·n⟩=8.1e-03, Len=sum([4.8, 4.9, 4.7])=14.4, ϰ=[5.3, 5.8, 4.9], ∫ϰ²/L>=[6.1, 7.3, 7.9], C-C-Sep=0.20, ║∇J║=2.2e-03
-----On 18/20 Initial Guess Perturbations
Iteration 1067/2000-----
J=1.3e-02, ⟨Jf⟩=1.3e-03, ⟨B·n⟩=8.1e-03, Len=sum([4.8, 4.9, 4.7])=14.4, ϰ=[5.3, 5.8, 4.9], ∫ϰ²/L>=[6.1, 7.3, 7.9], C-C-Sep=0.20, ║∇J║=2.6e-03
-----On 18/20 Initial Guess Perturbations
Iteration 1068/2000-----
J=1.3e-02, ⟨Jf⟩=1.3e-03, ⟨B·n⟩=8.1e-03, Len=sum([4.8, 4.9, 4.7])=14.4, ϰ=[5.3, 5.8, 4.9], ∫ϰ²/L>=[6.1, 7.3, 7.9], C-C-Sep=0.20, ║∇J║=2.2e-03
-----On 18/20 Initial Guess Perturbations
Iteration 1069/2000-----
J=1.3e-02, ⟨Jf⟩=1.3e-03, ⟨B·n⟩=8.1e-03, Len=sum([4.8, 4.9, 4.7])=14.4, ϰ=[5.4, 5.8, 4.9], ∫ϰ²/L>=[6.1, 7.3, 7.9], C-C-Sep=0.20, ║∇J║=1.9e-03
-----On 18/20 Initial Guess Perturbations
Iteration 1070/2000-----
J=1.3e-02, ⟨Jf⟩=1.3e-03, ⟨B·n⟩=8.1e-03, Len=sum([4.8, 4.9, 4.7])=14.4, ϰ=[5.4, 5.8, 4.9], ∫ϰ²/L>=[6.1, 7.3, 7.9], C-C-Sep=0.20, ║∇J║=1.7e-03
-----On 18/20 Initial Guess Perturbations
Iteration 1071/2000-----
J=1.3e-02, ⟨Jf⟩=1.3e-03, ⟨B·n⟩=8.1e-03, Len=sum([4.8, 4.9, 4.7])=14.4, ϰ=[5.4, 5.8, 4.9], ∫ϰ²/L>=[6.1, 7.3, 7.9], C-C-Sep=0.20, ║∇J║=1.8e-03
-----On 18/20 Initial Guess Perturbations
Iteration 1072/2000-----
J=1.3e-02, ⟨Jf⟩=1.3e-03, ⟨B·n⟩=8.1e-03, Len=sum([4.8, 4.9, 4.7])=14.4, ϰ=[5.5, 5.8, 4.9], ∫ϰ²/L>=[6.1, 7.3, 8.0], C-C-Sep=0.20, ║∇J║=1.7e-03
-----On 18/20 Initial Guess Perturbations
Iteration 1073/2000-----
J=1.3e-02, ⟨Jf⟩=1.3e-03, ⟨B·n⟩=8.1e-03, Len=sum([4.8, 4.9, 4.7])=14.4, ϰ=[5.5, 5.8, 4.9], ∫ϰ²/L>=[6.1, 7.3, 8.0], C-C-Sep=0.20, ║∇J║=1.8e-03
-----On 18/20 Initial Guess Perturbations
Iteration 1074/2000-----
J=1.3e-02, ⟨Jf⟩=1.3e-03, ⟨B·n⟩=8.1e-03, Len=sum([4.8, 4.9, 4.7])=14.4, ϰ=[5.5, 5.8, 4.9], ∫ϰ²/L>=[6.2, 7.3, 8.0], C-C-Sep=0.20, ║∇J║=1.9e-03
-----On 18/20 Initial Guess Perturbations
Iteration 1075/2000-----
J=1.3e-02, ⟨Jf⟩=1.3e-03, ⟨B·n⟩=8.1e-03, Len=sum([4.8, 4.9, 4.7])=14.4, ϰ=[5.5, 5.8, 4.9], ∫ϰ²/L>=[6.1, 7.3, 8.0], C-C-Sep=0.20, ║∇J║=2.1e-03
-----On 18/20 Initial Guess Perturbations
Iteration 1076/2000-----
J=1.3e-02, ⟨Jf⟩=1.3e-03, ⟨B·n⟩=8.1e-03, Len=sum([4.8, 4.9, 4.7])=14.4, ϰ=[5.5, 5.8, 4.9], ∫ϰ²/L>=[6.1, 7.3, 7.9], C-C-Sep=0.20, ║∇J║=1.9e-03
-----On 18/20 Initial Guess Perturbations
Iteration 1077/2000-----
J=1.3e-02, ⟨Jf⟩=1.3e-03, ⟨B·n⟩=8.1e-03, Len=sum([4.8, 4.9, 4.7])=14.4, ϰ=[5.5, 5.8, 4.9], ∫ϰ²/L>=[6.1, 7.3, 7.9], C-C-Sep=0.20, ║∇J║=1.9e-03
-----On 18/20 Initial Guess Perturbations
Iteration 1078/2000-----
J=1.3e-02, ⟨Jf⟩=1.3e-03, ⟨B·n⟩=8.1e-03, Len=sum([4.8, 4.9, 4.7])=14.4, ϰ=[5.5, 5.8, 4.9], ∫ϰ²/L>=[6.1, 7.3, 8.0], C-C-Sep=0.20, ║∇J║=3.2e-03
-----On 18/20 Initial Guess Perturbations
Iteration 1079/2000-----
J=1.3e-02, ⟨Jf⟩=1.3e-03, ⟨B·n⟩=8.1e-03, Len=sum([4.8, 4.9, 4.7])=14.4, ϰ=[5.5, 5.8, 4.9], ∫ϰ²/L>=[6.1, 7.3, 8.0], C-C-Sep=0.20, ║∇J║=3.7e-03
-----On 18/20 Initial Guess Perturbations
Iteration 1080/2000-----
J=1.3e-02, ⟨Jf⟩=1.3e-03, ⟨B·n⟩=8.1e-03, Len=sum([4.8, 4.9, 4.7])=14.4, ϰ=[5.5, 5.8, 4.9], ∫ϰ²/L>=[6.1, 7.3, 8.0], C-C-Sep=0.20, ║∇J║=2.2e-03
-----On 18/20 Initial Guess Perturbations
Iteration 1081/2000-----
J=1.3e-02, ⟨Jf⟩=1.3e-03, ⟨B·n⟩=8.1e-03, Len=sum([4.8, 4.9, 4.7])=14.4, ϰ=[5.5, 5.8, 4.9], ∫ϰ²/L>=[6.1, 7.3, 8.0], C-C-Sep=0.20, ║∇J║=1.7e-03
-----On 18/20 Initial Guess Perturbations
Iteration 1082/2000-----
J=1.3e-02, ⟨Jf⟩=1.3e-03, ⟨B·n⟩=8.1e-03, Len=sum([4.8, 4.9, 4.7])=14.4, ϰ=[5.5, 5.8, 4.9], ∫ϰ²/L>=[6.1, 7.3, 8.0], C-C-Sep=0.20, ║∇J║=1.6e-03
-----On 18/20 Initial Guess Perturbations
Iteration 1083/2000-----
J=1.3e-02, ⟨Jf⟩=1.3e-03, ⟨B·n⟩=8.1e-03, Len=sum([4.8, 4.9, 4.7])=14.4, ϰ=[5.4, 5.8, 4.9], ∫ϰ²/L>=[6.1, 7.3, 8.0], C-C-Sep=0.20, ║∇J║=1.7e-03
-----On 18/20 Initial Guess Perturbations
Iteration 1084/2000-----
J=1.3e-02, ⟨Jf⟩=1.3e-03, ⟨B·n⟩=8.1e-03, Len=sum([4.8, 4.9, 4.7])=14.4, ϰ=[5.4, 5.8, 4.9], ∫ϰ²/L>=[6.1, 7.3, 8.0], C-C-Sep=0.20, ║∇J║=2.0e-03
-----On 18/20 Initial Guess Perturbations
Iteration 1085/2000-----
J=1.3e-02, ⟨Jf⟩=1.3e-03, ⟨B·n⟩=8.1e-03, Len=sum([4.8, 4.9, 4.7])=14.4, ϰ=[5.4, 5.8, 4.9], ∫ϰ²/L>=[6.1, 7.4, 8.0], C-C-Sep=0.20, ║∇J║=2.2e-03
-----On 18/20 Initial Guess Perturbations
Iteration 1086/2000-----
J=1.3e-02, ⟨Jf⟩=1.3e-03, ⟨B·n⟩=8.1e-03, Len=sum([4.8, 4.9, 4.7])=14.4, ϰ=[5.4, 5.8, 4.9], ∫ϰ²/L>=[6.1, 7.4, 8.0], C-C-Sep=0.20, ║∇J║=1.9e-03
-----On 18/20 Initial Guess Perturbations
Iteration 1087/2000-----
J=1.3e-02, ⟨Jf⟩=1.3e-03, ⟨B·n⟩=8.1e-03, Len=sum([4.8, 4.9, 4.7])=14.4, ϰ=[5.3, 5.8, 4.9], ∫ϰ²/L>=[6.1, 7.4, 8.0], C-C-Sep=0.20, ║∇J║=2.3e-03
-----On 18/20 Initial Guess Perturbations
Iteration 1088/2000-----
J=1.3e-02, ⟨Jf⟩=1.3e-03, ⟨B·n⟩=8.1e-03, Len=sum([4.8, 4.9, 4.7])=14.4, ϰ=[5.3, 5.8, 4.9], ∫ϰ²/L>=[6.1, 7.4, 8.0], C-C-Sep=0.20, ║∇J║=2.1e-03
-----On 18/20 Initial Guess Perturbations
Iteration 1089/2000-----
J=1.3e-02, ⟨Jf⟩=1.3e-03, ⟨B·n⟩=8.1e-03, Len=sum([4.8, 4.9, 4.7])=14.4, ϰ=[5.3, 5.8, 4.9], ∫ϰ²/L>=[6.1, 7.4, 8.0], C-C-Sep=0.20, ║∇J║=2.6e-03
-----On 18/20 Initial Guess Perturbations
Iteration 1090/2000-----
J=1.3e-02, ⟨Jf⟩=1.3e-03, ⟨B·n⟩=8.1e-03, Len=sum([4.8, 4.9, 4.7])=14.4, ϰ=[5.3, 5.8, 4.8], ∫ϰ²/L>=[6.1, 7.4, 8.0], C-C-Sep=0.20, ║∇J║=2.9e-03
-----On 18/20 Initial Guess Perturbations
Iteration 1091/2000-----
J=1.3e-02, ⟨Jf⟩=1.3e-03, ⟨B·n⟩=8.1e-03, Len=sum([4.8, 4.9, 4.7])=14.4, ϰ=[5.3, 5.8, 4.8], ∫ϰ²/L>=[6.1, 7.4, 8.0], C-C-Sep=0.20, ║∇J║=2.2e-03
-----On 18/20 Initial Guess Perturbations
Iteration 1092/2000-----
J=1.3e-02, ⟨Jf⟩=1.3e-03, ⟨B·n⟩=8.1e-03, Len=sum([4.8, 4.9, 4.7])=14.4, ϰ=[5.3, 5.8, 4.8], ∫ϰ²/L>=[6.1, 7.4, 8.0], C-C-Sep=0.20, ║∇J║=1.9e-03
-----On 18/20 Initial Guess Perturbations
Iteration 1093/2000-----
J=1.3e-02, ⟨Jf⟩=1.3e-03, ⟨B·n⟩=8.1e-03, Len=sum([4.8, 4.9, 4.7])=14.4, ϰ=[5.3, 5.8, 4.9], ∫ϰ²/L>=[6.1, 7.4, 8.0], C-C-Sep=0.20, ║∇J║=1.7e-03
-----On 18/20 Initial Guess Perturbations
Iteration 1094/2000-----
J=1.3e-02, ⟨Jf⟩=1.3e-03, ⟨B·n⟩=8.1e-03, Len=sum([4.8, 4.9, 4.7])=14.4, ϰ=[5.3, 5.8, 4.9], ∫ϰ²/L>=[6.1, 7.4, 8.0], C-C-Sep=0.20, ║∇J║=2.0e-03
-----On 18/20 Initial Guess Perturbations
Iteration 1095/2000-----
J=1.3e-02, ⟨Jf⟩=1.3e-03, ⟨B·n⟩=8.1e-03, Len=sum([4.8, 4.9, 4.7])=14.4, ϰ=[5.3, 5.8, 4.9], ∫ϰ²/L>=[6.1, 7.4, 8.0], C-C-Sep=0.20, ║∇J║=2.4e-03
-----On 18/20 Initial Guess Perturbations
Iteration 1096/2000-----
J=1.3e-02, ⟨Jf⟩=1.3e-03, ⟨B·n⟩=8.1e-03, Len=sum([4.8, 4.9, 4.7])=14.4, ϰ=[5.3, 5.8, 4.9], ∫ϰ²/L>=[6.1, 7.4, 8.0], C-C-Sep=0.20, ║∇J║=2.3e-03
-----On 18/20 Initial Guess Perturbations
Iteration 1097/2000-----
J=1.3e-02, ⟨Jf⟩=1.3e-03, ⟨B·n⟩=8.1e-03, Len=sum([4.8, 4.9, 4.7])=14.4, ϰ=[5.3, 5.8, 4.8], ∫ϰ²/L>=[6.1, 7.4, 8.0], C-C-Sep=0.20, ║∇J║=2.5e-03
-----On 18/20 Initial Guess Perturbations
Iteration 1098/2000-----
J=1.3e-02, ⟨Jf⟩=1.3e-03, ⟨B·n⟩=8.1e-03, Len=sum([4.8, 4.9, 4.7])=14.4, ϰ=[5.3, 5.8, 4.9], ∫ϰ²/L>=[6.1, 7.4, 8.0], C-C-Sep=0.20, ║∇J║=2.1e-03
-----On 18/20 Initial Guess Perturbations
Iteration 1099/2000-----
J=1.3e-02, ⟨Jf⟩=1.3e-03, ⟨B·n⟩=8.1e-03, Len=sum([4.8, 4.9, 4.7])=14.4, ϰ=[5.3, 5.9, 4.9], ∫ϰ²/L>=[6.1, 7.4, 8.0], C-C-Sep=0.20, ║∇J║=2.5e-03
-----On 18/20 Initial Guess Perturbations
Iteration 1100/2000-----
J=1.3e-02, ⟨Jf⟩=1.3e-03, ⟨B·n⟩=8.1e-03, Len=sum([4.8, 4.9, 4.7])=14.4, ϰ=[5.3, 5.9, 4.9], ∫ϰ²/L>=[6.1, 7.4, 8.0], C-C-Sep=0.20, ║∇J║=2.1e-03
-----On 18/20 Initial Guess Perturbations
Iteration 1101/2000-----
J=1.3e-02, ⟨Jf⟩=1.3e-03, ⟨B·n⟩=8.1e-03, Len=sum([4.8, 4.9, 4.7])=14.4, ϰ=[5.3, 5.9, 4.9], ∫ϰ²/L>=[6.1, 7.4, 8.0], C-C-Sep=0.20, ║∇J║=2.3e-03
-----On 18/20 Initial Guess Perturbations
Iteration 1102/2000-----
J=1.3e-02, ⟨Jf⟩=1.3e-03, ⟨B·n⟩=8.1e-03, Len=sum([4.8, 4.9, 4.7])=14.4, ϰ=[5.3, 5.9, 4.9], ∫ϰ²/L>=[6.1, 7.4, 8.0], C-C-Sep=0.20, ║∇J║=2.3e-03
-----On 18/20 Initial Guess Perturbations
Iteration 1103/2000-----
J=1.3e-02, ⟨Jf⟩=1.3e-03, ⟨B·n⟩=8.1e-03, Len=sum([4.8, 4.9, 4.7])=14.4, ϰ=[5.3, 5.9, 4.9], ∫ϰ²/L>=[6.1, 7.4, 8.0], C-C-Sep=0.20, ║∇J║=2.4e-03
-----On 18/20 Initial Guess Perturbations
Iteration 1104/2000-----
J=1.3e-02, ⟨Jf⟩=1.3e-03, ⟨B·n⟩=8.1e-03, Len=sum([4.8, 4.9, 4.7])=14.4, ϰ=[5.3, 5.9, 4.9], ∫ϰ²/L>=[6.1, 7.4, 8.0], C-C-Sep=0.20, ║∇J║=2.9e-03
-----On 18/20 Initial Guess Perturbations
Iteration 1105/2000-----
J=1.3e-02, ⟨Jf⟩=1.3e-03, ⟨B·n⟩=8.1e-03, Len=sum([4.8, 4.9, 4.7])=14.4, ϰ=[5.3, 5.9, 4.9], ∫ϰ²/L>=[6.1, 7.4, 8.0], C-C-Sep=0.20, ║∇J║=2.4e-03
-----On 18/20 Initial Guess Perturbations
Iteration 1106/2000-----
J=1.3e-02, ⟨Jf⟩=1.3e-03, ⟨B·n⟩=8.1e-03, Len=sum([4.8, 4.9, 4.7])=14.4, ϰ=[5.3, 5.9, 4.9], ∫ϰ²/L>=[6.1, 7.4, 8.0], C-C-Sep=0.20, ║∇J║=2.0e-03
-----On 18/20 Initial Guess Perturbations
Iteration 1107/2000-----
J=1.3e-02, ⟨Jf⟩=1.3e-03, ⟨B·n⟩=8.1e-03, Len=sum([4.8, 4.9, 4.7])=14.4, ϰ=[5.3, 5.9, 4.8], ∫ϰ²/L>=[6.1, 7.4, 8.0], C-C-Sep=0.20, ║∇J║=2.0e-03
-----On 18/20 Initial Guess Perturbations
Iteration 1108/2000-----
J=1.3e-02, ⟨Jf⟩=1.3e-03, ⟨B·n⟩=8.1e-03, Len=sum([4.8, 4.9, 4.7])=14.4, ϰ=[5.3, 5.9, 4.8], ∫ϰ²/L>=[6.1, 7.4, 8.0], C-C-Sep=0.20, ║∇J║=2.6e-03
-----On 18/20 Initial Guess Perturbations
Iteration 1109/2000-----
J=1.3e-02, ⟨Jf⟩=1.3e-03, ⟨B·n⟩=8.1e-03, Len=sum([4.8, 4.9, 4.7])=14.4, ϰ=[5.3, 5.9, 4.8], ∫ϰ²/L>=[6.1, 7.4, 8.0], C-C-Sep=0.20, ║∇J║=2.3e-03
-----On 18/20 Initial Guess Perturbations
Iteration 1110/2000-----
J=1.3e-02, ⟨Jf⟩=1.3e-03, ⟨B·n⟩=8.1e-03, Len=sum([4.8, 4.9, 4.7])=14.4, ϰ=[5.3, 5.9, 4.8], ∫ϰ²/L>=[6.1, 7.4, 8.0], C-C-Sep=0.20, ║∇J║=2.3e-03
-----On 18/20 Initial Guess Perturbations
Iteration 1111/2000-----
J=1.3e-02, ⟨Jf⟩=1.3e-03, ⟨B·n⟩=8.1e-03, Len=sum([4.8, 4.9, 4.7])=14.4, ϰ=[5.4, 5.9, 4.9], ∫ϰ²/L>=[6.1, 7.4, 8.0], C-C-Sep=0.20, ║∇J║=2.0e-03
-----On 18/20 Initial Guess Perturbations
Iteration 1112/2000-----
J=1.3e-02, ⟨Jf⟩=1.3e-03, ⟨B·n⟩=8.1e-03, Len=sum([4.8, 4.9, 4.7])=14.4, ϰ=[5.4, 5.9, 4.9], ∫ϰ²/L>=[6.1, 7.3, 8.0], C-C-Sep=0.20, ║∇J║=2.0e-03
-----On 18/20 Initial Guess Perturbations
Iteration 1113/2000-----
J=1.3e-02, ⟨Jf⟩=1.3e-03, ⟨B·n⟩=8.1e-03, Len=sum([4.8, 4.9, 4.7])=14.4, ϰ=[5.4, 5.9, 4.9], ∫ϰ²/L>=[6.1, 7.3, 8.0], C-C-Sep=0.20, ║∇J║=2.1e-03
-----On 18/20 Initial Guess Perturbations
Iteration 1114/2000-----
J=1.3e-02, ⟨Jf⟩=1.3e-03, ⟨B·n⟩=8.1e-03, Len=sum([4.8, 4.9, 4.7])=14.4, ϰ=[5.4, 5.9, 4.9], ∫ϰ²/L>=[6.1, 7.3, 8.0], C-C-Sep=0.20, ║∇J║=2.3e-03
-----On 18/20 Initial Guess Perturbations
Iteration 1115/2000-----
J=1.3e-02, ⟨Jf⟩=1.3e-03, ⟨B·n⟩=8.1e-03, Len=sum([4.8, 4.9, 4.7])=14.4, ϰ=[5.4, 5.9, 4.9], ∫ϰ²/L>=[6.1, 7.3, 8.0], C-C-Sep=0.20, ║∇J║=2.0e-03
-----On 18/20 Initial Guess Perturbations
Iteration 1116/2000-----
J=1.3e-02, ⟨Jf⟩=1.3e-03, ⟨B·n⟩=8.1e-03, Len=sum([4.8, 4.9, 4.7])=14.4, ϰ=[5.4, 5.9, 4.8], ∫ϰ²/L>=[6.1, 7.3, 8.0], C-C-Sep=0.20, ║∇J║=2.0e-03
-----On 18/20 Initial Guess Perturbations
Iteration 1117/2000-----
J=1.3e-02, ⟨Jf⟩=1.3e-03, ⟨B·n⟩=8.1e-03, Len=sum([4.8, 4.9, 4.7])=14.4, ϰ=[5.4, 5.9, 4.8], ∫ϰ²/L>=[6.1, 7.3, 8.0], C-C-Sep=0.20, ║∇J║=2.5e-03
-----On 18/20 Initial Guess Perturbations
Iteration 1118/2000-----
J=1.3e-02, ⟨Jf⟩=1.3e-03, ⟨B·n⟩=8.1e-03, Len=sum([4.8, 4.9, 4.7])=14.4, ϰ=[5.3, 5.9, 4.8], ∫ϰ²/L>=[6.0, 7.3, 8.0], C-C-Sep=0.20, ║∇J║=2.1e-03
-----On 18/20 Initial Guess Perturbations
Iteration 1119/2000-----
J=1.3e-02, ⟨Jf⟩=1.3e-03, ⟨B·n⟩=8.1e-03, Len=sum([4.8, 4.9, 4.7])=14.4, ϰ=[5.3, 5.9, 4.8], ∫ϰ²/L>=[6.0, 7.3, 8.0], C-C-Sep=0.20, ║∇J║=1.9e-03
-----On 18/20 Initial Guess Perturbations
Iteration 1120/2000-----
J=1.3e-02, ⟨Jf⟩=1.3e-03, ⟨B·n⟩=8.1e-03, Len=sum([4.8, 4.9, 4.7])=14.4, ϰ=[5.3, 5.9, 4.8], ∫ϰ²/L>=[6.0, 7.3, 8.0], C-C-Sep=0.20, ║∇J║=2.2e-03
-----On 18/20 Initial Guess Perturbations
Iteration 1121/2000-----
J=1.3e-02, ⟨Jf⟩=1.3e-03, ⟨B·n⟩=8.1e-03, Len=sum([4.8, 4.9, 4.7])=14.4, ϰ=[5.3, 5.9, 4.8], ∫ϰ²/L>=[6.0, 7.3, 8.0], C-C-Sep=0.20, ║∇J║=2.1e-03
-----On 18/20 Initial Guess Perturbations
Iteration 1122/2000-----
J=1.3e-02, ⟨Jf⟩=1.3e-03, ⟨B·n⟩=8.1e-03, Len=sum([4.8, 4.9, 4.7])=14.4, ϰ=[5.3, 5.8, 4.8], ∫ϰ²/L>=[6.0, 7.3, 8.0], C-C-Sep=0.20, ║∇J║=2.0e-03
-----On 18/20 Initial Guess Perturbations
Iteration 1123/2000-----
J=1.3e-02, ⟨Jf⟩=1.3e-03, ⟨B·n⟩=8.1e-03, Len=sum([4.8, 4.9, 4.7])=14.4, ϰ=[5.3, 5.9, 4.8], ∫ϰ²/L>=[6.0, 7.3, 8.0], C-C-Sep=0.20, ║∇J║=2.2e-03
-----On 18/20 Initial Guess Perturbations
Iteration 1124/2000-----
J=1.3e-02, ⟨Jf⟩=1.3e-03, ⟨B·n⟩=8.1e-03, Len=sum([4.8, 4.9, 4.7])=14.4, ϰ=[5.2, 5.9, 4.8], ∫ϰ²/L>=[6.0, 7.3, 8.0], C-C-Sep=0.20, ║∇J║=2.3e-03
-----On 18/20 Initial Guess Perturbations
Iteration 1125/2000-----
J=1.3e-02, ⟨Jf⟩=1.3e-03, ⟨B·n⟩=8.1e-03, Len=sum([4.8, 4.9, 4.7])=14.4, ϰ=[5.3, 5.9, 4.8], ∫ϰ²/L>=[6.0, 7.3, 8.0], C-C-Sep=0.20, ║∇J║=2.3e-03
-----On 18/20 Initial Guess Perturbations
Iteration 1126/2000-----
J=1.3e-02, ⟨Jf⟩=1.3e-03, ⟨B·n⟩=8.1e-03, Len=sum([4.8, 4.9, 4.7])=14.4, ϰ=[5.3, 5.9, 4.8], ∫ϰ²/L>=[6.0, 7.3, 8.0], C-C-Sep=0.20, ║∇J║=2.1e-03
-----On 18/20 Initial Guess Perturbations
Iteration 1127/2000-----
J=1.3e-02, ⟨Jf⟩=1.3e-03, ⟨B·n⟩=8.1e-03, Len=sum([4.8, 4.9, 4.7])=14.4, ϰ=[5.3, 5.9, 4.8], ∫ϰ²/L>=[6.0, 7.3, 8.0], C-C-Sep=0.20, ║∇J║=1.8e-03
-----On 18/20 Initial Guess Perturbations
Iteration 1128/2000-----
J=1.3e-02, ⟨Jf⟩=1.3e-03, ⟨B·n⟩=8.1e-03, Len=sum([4.8, 4.9, 4.7])=14.4, ϰ=[5.3, 5.9, 4.8], ∫ϰ²/L>=[6.0, 7.3, 8.0], C-C-Sep=0.20, ║∇J║=2.2e-03
-----On 18/20 Initial Guess Perturbations
Iteration 1129/2000-----
J=1.3e-02, ⟨Jf⟩=1.3e-03, ⟨B·n⟩=8.1e-03, Len=sum([4.8, 4.9, 4.7])=14.4, ϰ=[5.3, 5.9, 4.8], ∫ϰ²/L>=[6.0, 7.4, 8.0], C-C-Sep=0.20, ║∇J║=2.8e-03
-----On 18/20 Initial Guess Perturbations
Iteration 1130/2000-----
J=1.3e-02, ⟨Jf⟩=1.3e-03, ⟨B·n⟩=8.1e-03, Len=sum([4.8, 4.9, 4.7])=14.4, ϰ=[5.3, 5.9, 4.8], ∫ϰ²/L>=[6.0, 7.4, 8.0], C-C-Sep=0.20, ║∇J║=2.1e-03
-----On 18/20 Initial Guess Perturbations
Iteration 1131/2000-----
J=1.3e-02, ⟨Jf⟩=1.3e-03, ⟨B·n⟩=8.1e-03, Len=sum([4.8, 4.9, 4.7])=14.4, ϰ=[5.3, 5.9, 4.8], ∫ϰ²/L>=[6.0, 7.3, 8.0], C-C-Sep=0.20, ║∇J║=1.6e-03
-----On 18/20 Initial Guess Perturbations
Iteration 1132/2000-----
J=1.3e-02, ⟨Jf⟩=1.3e-03, ⟨B·n⟩=8.1e-03, Len=sum([4.8, 4.9, 4.7])=14.4, ϰ=[5.3, 5.9, 4.8], ∫ϰ²/L>=[6.0, 7.3, 8.0], C-C-Sep=0.20, ║∇J║=1.8e-03
-----On 18/20 Initial Guess Perturbations
Iteration 1133/2000-----
J=1.3e-02, ⟨Jf⟩=1.3e-03, ⟨B·n⟩=8.2e-03, Len=sum([4.8, 4.9, 4.7])=14.4, ϰ=[5.3, 5.9, 4.8], ∫ϰ²/L>=[6.0, 7.3, 8.0], C-C-Sep=0.20, ║∇J║=2.0e-03
-----On 18/20 Initial Guess Perturbations
Iteration 1134/2000-----
J=1.3e-02, ⟨Jf⟩=1.3e-03, ⟨B·n⟩=8.2e-03, Len=sum([4.8, 4.9, 4.7])=14.4, ϰ=[5.3, 5.9, 4.8], ∫ϰ²/L>=[6.0, 7.3, 8.0], C-C-Sep=0.20, ║∇J║=1.8e-03
-----On 18/20 Initial Guess Perturbations
Iteration 1135/2000-----
J=1.3e-02, ⟨Jf⟩=1.3e-03, ⟨B·n⟩=8.2e-03, Len=sum([4.8, 4.9, 4.7])=14.4, ϰ=[5.3, 5.9, 4.8], ∫ϰ²/L>=[5.9, 7.3, 8.0], C-C-Sep=0.20, ║∇J║=1.9e-03
-----On 18/20 Initial Guess Perturbations
Iteration 1136/2000-----
J=1.3e-02, ⟨Jf⟩=1.3e-03, ⟨B·n⟩=8.2e-03, Len=sum([4.8, 4.9, 4.7])=14.4, ϰ=[5.3, 5.9, 4.8], ∫ϰ²/L>=[5.9, 7.3, 8.0], C-C-Sep=0.20, ║∇J║=2.2e-03
-----On 18/20 Initial Guess Perturbations
Iteration 1137/2000-----
J=1.3e-02, ⟨Jf⟩=1.3e-03, ⟨B·n⟩=8.2e-03, Len=sum([4.8, 4.9, 4.7])=14.4, ϰ=[5.3, 5.9, 4.8], ∫ϰ²/L>=[5.9, 7.3, 8.0], C-C-Sep=0.20, ║∇J║=3.0e-03
-----On 18/20 Initial Guess Perturbations
Iteration 1138/2000-----
J=1.3e-02, ⟨Jf⟩=1.3e-03, ⟨B·n⟩=8.2e-03, Len=sum([4.8, 4.9, 4.7])=14.4, ϰ=[5.3, 5.8, 4.8], ∫ϰ²/L>=[5.9, 7.3, 8.0], C-C-Sep=0.20, ║∇J║=3.0e-03
-----On 18/20 Initial Guess Perturbations
Iteration 1139/2000-----
J=1.3e-02, ⟨Jf⟩=1.3e-03, ⟨B·n⟩=8.2e-03, Len=sum([4.8, 4.9, 4.7])=14.4, ϰ=[5.3, 5.8, 4.8], ∫ϰ²/L>=[5.9, 7.3, 8.0], C-C-Sep=0.20, ║∇J║=2.5e-03
-----On 18/20 Initial Guess Perturbations
Iteration 1140/2000-----
J=1.3e-02, ⟨Jf⟩=1.3e-03, ⟨B·n⟩=8.2e-03, Len=sum([4.8, 4.9, 4.7])=14.4, ϰ=[5.3, 5.8, 4.8], ∫ϰ²/L>=[5.9, 7.3, 8.0], C-C-Sep=0.20, ║∇J║=1.6e-03
-----On 18/20 Initial Guess Perturbations
Iteration 1141/2000-----
J=1.3e-02, ⟨Jf⟩=1.3e-03, ⟨B·n⟩=8.2e-03, Len=sum([4.8, 4.9, 4.7])=14.4, ϰ=[5.3, 5.8, 4.8], ∫ϰ²/L>=[5.9, 7.3, 8.0], C-C-Sep=0.20, ║∇J║=1.7e-03
-----On 18/20 Initial Guess Perturbations
Iteration 1142/2000-----
J=1.3e-02, ⟨Jf⟩=1.3e-03, ⟨B·n⟩=8.2e-03, Len=sum([4.8, 4.9, 4.7])=14.3, ϰ=[5.3, 5.8, 4.8], ∫ϰ²/L>=[5.9, 7.3, 8.0], C-C-Sep=0.20, ║∇J║=2.1e-03
-----On 18/20 Initial Guess Perturbations
Iteration 1143/2000-----
J=1.3e-02, ⟨Jf⟩=1.3e-03, ⟨B·n⟩=8.2e-03, Len=sum([4.8, 4.9, 4.7])=14.3, ϰ=[5.3, 5.8, 4.8], ∫ϰ²/L>=[5.9, 7.3, 8.0], C-C-Sep=0.20, ║∇J║=1.7e-03
-----On 18/20 Initial Guess Perturbations
Iteration 1144/2000-----
J=1.3e-02, ⟨Jf⟩=1.3e-03, ⟨B·n⟩=8.2e-03, Len=sum([4.8, 4.9, 4.7])=14.3, ϰ=[5.3, 5.8, 4.8], ∫ϰ²/L>=[5.9, 7.3, 8.0], C-C-Sep=0.20, ║∇J║=1.8e-03
-----On 18/20 Initial Guess Perturbations
Iteration 1145/2000-----
J=1.3e-02, ⟨Jf⟩=1.3e-03, ⟨B·n⟩=8.2e-03, Len=sum([4.8, 4.9, 4.7])=14.3, ϰ=[5.3, 5.8, 4.8], ∫ϰ²/L>=[5.9, 7.3, 8.0], C-C-Sep=0.20, ║∇J║=1.8e-03
-----On 18/20 Initial Guess Perturbations
Iteration 1146/2000-----
J=1.3e-02, ⟨Jf⟩=1.3e-03, ⟨B·n⟩=8.2e-03, Len=sum([4.8, 4.9, 4.7])=14.3, ϰ=[5.3, 5.8, 4.8], ∫ϰ²/L>=[5.9, 7.3, 8.0], C-C-Sep=0.20, ║∇J║=2.2e-03
-----On 18/20 Initial Guess Perturbations
Iteration 1147/2000-----
J=1.3e-02, ⟨Jf⟩=1.3e-03, ⟨B·n⟩=8.2e-03, Len=sum([4.8, 4.9, 4.7])=14.3, ϰ=[5.3, 5.8, 4.8], ∫ϰ²/L>=[5.9, 7.3, 8.0], C-C-Sep=0.20, ║∇J║=2.1e-03
-----On 18/20 Initial Guess Perturbations
Iteration 1148/2000-----
J=1.3e-02, ⟨Jf⟩=1.3e-03, ⟨B·n⟩=8.2e-03, Len=sum([4.8, 4.9, 4.7])=14.3, ϰ=[5.3, 5.7, 4.8], ∫ϰ²/L>=[5.9, 7.3, 8.0], C-C-Sep=0.20, ║∇J║=2.1e-03
-----On 18/20 Initial Guess Perturbations
Iteration 1149/2000-----
J=1.3e-02, ⟨Jf⟩=1.3e-03, ⟨B·n⟩=8.2e-03, Len=sum([4.8, 4.9, 4.7])=14.3, ϰ=[5.3, 5.7, 4.8], ∫ϰ²/L>=[5.9, 7.3, 8.0], C-C-Sep=0.20, ║∇J║=1.7e-03
-----On 18/20 Initial Guess Perturbations
Iteration 1150/2000-----
J=1.3e-02, ⟨Jf⟩=1.3e-03, ⟨B·n⟩=8.2e-03, Len=sum([4.8, 4.9, 4.7])=14.3, ϰ=[5.3, 5.7, 4.8], ∫ϰ²/L>=[5.9, 7.3, 8.0], C-C-Sep=0.20, ║∇J║=1.7e-03
-----On 18/20 Initial Guess Perturbations
Iteration 1151/2000-----
J=1.3e-02, ⟨Jf⟩=1.3e-03, ⟨B·n⟩=8.2e-03, Len=sum([4.8, 4.9, 4.7])=14.3, ϰ=[5.2, 5.7, 4.8], ∫ϰ²/L>=[5.9, 7.3, 8.0], C-C-Sep=0.20, ║∇J║=1.8e-03
-----On 18/20 Initial Guess Perturbations
Iteration 1152/2000-----
J=1.3e-02, ⟨Jf⟩=1.3e-03, ⟨B·n⟩=8.2e-03, Len=sum([4.8, 4.9, 4.7])=14.3, ϰ=[5.2, 5.7, 4.8], ∫ϰ²/L>=[5.9, 7.3, 8.1], C-C-Sep=0.20, ║∇J║=2.0e-03
-----On 18/20 Initial Guess Perturbations
Iteration 1153/2000-----
J=1.3e-02, ⟨Jf⟩=1.3e-03, ⟨B·n⟩=8.2e-03, Len=sum([4.8, 4.9, 4.7])=14.3, ϰ=[5.2, 5.7, 4.8], ∫ϰ²/L>=[5.9, 7.3, 8.1], C-C-Sep=0.20, ║∇J║=1.7e-03
-----On 18/20 Initial Guess Perturbations
Iteration 1154/2000-----
J=1.3e-02, ⟨Jf⟩=1.3e-03, ⟨B·n⟩=8.2e-03, Len=sum([4.8, 4.9, 4.7])=14.3, ϰ=[5.2, 5.7, 4.9], ∫ϰ²/L>=[5.9, 7.3, 8.0], C-C-Sep=0.20, ║∇J║=1.9e-03
-----On 18/20 Initial Guess Perturbations
Iteration 1155/2000-----
J=1.3e-02, ⟨Jf⟩=1.3e-03, ⟨B·n⟩=8.2e-03, Len=sum([4.8, 4.9, 4.7])=14.3, ϰ=[5.2, 5.7, 4.9], ∫ϰ²/L>=[5.9, 7.3, 8.0], C-C-Sep=0.20, ║∇J║=1.8e-03
-----On 18/20 Initial Guess Perturbations
Iteration 1156/2000-----
J=1.3e-02, ⟨Jf⟩=1.3e-03, ⟨B·n⟩=8.2e-03, Len=sum([4.8, 4.9, 4.7])=14.3, ϰ=[5.2, 5.7, 4.9], ∫ϰ²/L>=[5.9, 7.3, 8.0], C-C-Sep=0.20, ║∇J║=1.8e-03
-----On 18/20 Initial Guess Perturbations
Iteration 1157/2000-----
J=1.3e-02, ⟨Jf⟩=1.3e-03, ⟨B·n⟩=8.2e-03, Len=sum([4.8, 4.9, 4.7])=14.3, ϰ=[5.1, 5.7, 4.9], ∫ϰ²/L>=[5.9, 7.3, 8.0], C-C-Sep=0.20, ║∇J║=1.9e-03
-----On 18/20 Initial Guess Perturbations
Iteration 1158/2000-----
J=1.3e-02, ⟨Jf⟩=1.3e-03, ⟨B·n⟩=8.2e-03, Len=sum([4.8, 4.9, 4.7])=14.3, ϰ=[5.2, 5.7, 4.9], ∫ϰ²/L>=[5.9, 7.3, 8.0], C-C-Sep=0.20, ║∇J║=2.2e-03
-----On 18/20 Initial Guess Perturbations
Iteration 1159/2000-----
J=1.3e-02, ⟨Jf⟩=1.3e-03, ⟨B·n⟩=8.2e-03, Len=sum([4.8, 4.9, 4.7])=14.3, ϰ=[5.2, 5.7, 4.9], ∫ϰ²/L>=[5.9, 7.3, 8.0], C-C-Sep=0.20, ║∇J║=1.8e-03
-----On 18/20 Initial Guess Perturbations
Iteration 1160/2000-----
J=1.3e-02, ⟨Jf⟩=1.3e-03, ⟨B·n⟩=8.2e-03, Len=sum([4.8, 4.9, 4.7])=14.3, ϰ=[5.2, 5.7, 4.9], ∫ϰ²/L>=[5.9, 7.3, 8.0], C-C-Sep=0.20, ║∇J║=1.8e-03
-----On 18/20 Initial Guess Perturbations
Iteration 1161/2000-----
J=1.3e-02, ⟨Jf⟩=1.3e-03, ⟨B·n⟩=8.2e-03, Len=sum([4.8, 4.9, 4.7])=14.3, ϰ=[5.2, 5.7, 4.9], ∫ϰ²/L>=[5.9, 7.3, 8.0], C-C-Sep=0.20, ║∇J║=1.7e-03
-----On 18/20 Initial Guess Perturbations
Iteration 1162/2000-----
J=1.3e-02, ⟨Jf⟩=1.3e-03, ⟨B·n⟩=8.2e-03, Len=sum([4.8, 4.9, 4.7])=14.3, ϰ=[5.2, 5.8, 4.9], ∫ϰ²/L>=[5.9, 7.3, 8.0], C-C-Sep=0.20, ║∇J║=1.8e-03
-----On 18/20 Initial Guess Perturbations
Iteration 1163/2000-----
J=1.3e-02, ⟨Jf⟩=1.3e-03, ⟨B·n⟩=8.2e-03, Len=sum([4.8, 4.9, 4.7])=14.3, ϰ=[5.2, 5.8, 4.9], ∫ϰ²/L>=[5.9, 7.3, 8.0], C-C-Sep=0.20, ║∇J║=1.9e-03
-----On 18/20 Initial Guess Perturbations
Iteration 1164/2000-----
J=1.3e-02, ⟨Jf⟩=1.3e-03, ⟨B·n⟩=8.2e-03, Len=sum([4.8, 4.9, 4.7])=14.3, ϰ=[5.2, 5.8, 4.9], ∫ϰ²/L>=[5.9, 7.3, 8.0], C-C-Sep=0.20, ║∇J║=1.7e-03
-----On 18/20 Initial Guess Perturbations
Iteration 1165/2000-----
J=1.3e-02, ⟨Jf⟩=1.3e-03, ⟨B·n⟩=8.2e-03, Len=sum([4.8, 4.9, 4.7])=14.3, ϰ=[5.2, 5.8, 4.9], ∫ϰ²/L>=[5.9, 7.3, 8.0], C-C-Sep=0.20, ║∇J║=1.6e-03
-----On 18/20 Initial Guess Perturbations
Iteration 1166/2000-----
J=1.3e-02, ⟨Jf⟩=1.3e-03, ⟨B·n⟩=8.2e-03, Len=sum([4.8, 4.9, 4.7])=14.3, ϰ=[5.2, 5.7, 4.9], ∫ϰ²/L>=[5.9, 7.3, 8.0], C-C-Sep=0.20, ║∇J║=1.6e-03
-----On 18/20 Initial Guess Perturbations
Iteration 1167/2000-----
J=1.3e-02, ⟨Jf⟩=1.3e-03, ⟨B·n⟩=8.2e-03, Len=sum([4.8, 4.9, 4.7])=14.3, ϰ=[5.2, 5.7, 4.9], ∫ϰ²/L>=[5.9, 7.3, 8.1], C-C-Sep=0.20, ║∇J║=1.6e-03
-----On 18/20 Initial Guess Perturbations
Iteration 1168/2000-----
J=1.3e-02, ⟨Jf⟩=1.3e-03, ⟨B·n⟩=8.2e-03, Len=sum([4.8, 4.9, 4.7])=14.3, ϰ=[5.2, 5.7, 4.9], ∫ϰ²/L>=[5.9, 7.3, 8.1], C-C-Sep=0.20, ║∇J║=1.5e-03
-----On 18/20 Initial Guess Perturbations
Iteration 1169/2000-----
J=1.3e-02, ⟨Jf⟩=1.3e-03, ⟨B·n⟩=8.2e-03, Len=sum([4.8, 4.9, 4.7])=14.3, ϰ=[5.2, 5.7, 4.9], ∫ϰ²/L>=[5.9, 7.3, 8.0], C-C-Sep=0.20, ║∇J║=1.9e-03
-----On 18/20 Initial Guess Perturbations
Iteration 1170/2000-----
J=1.3e-02, ⟨Jf⟩=1.3e-03, ⟨B·n⟩=8.2e-03, Len=sum([4.8, 4.9, 4.7])=14.3, ϰ=[5.2, 5.7, 4.9], ∫ϰ²/L>=[5.9, 7.3, 8.0], C-C-Sep=0.20, ║∇J║=2.1e-03
-----On 18/20 Initial Guess Perturbations
Iteration 1171/2000-----
J=1.3e-02, ⟨Jf⟩=1.3e-03, ⟨B·n⟩=8.2e-03, Len=sum([4.8, 4.9, 4.7])=14.3, ϰ=[5.2, 5.8, 4.9], ∫ϰ²/L>=[5.9, 7.3, 8.0], C-C-Sep=0.20, ║∇J║=1.8e-03
-----On 18/20 Initial Guess Perturbations
Iteration 1172/2000-----
J=1.3e-02, ⟨Jf⟩=1.3e-03, ⟨B·n⟩=8.2e-03, Len=sum([4.8, 4.9, 4.7])=14.3, ϰ=[5.2, 5.7, 4.9], ∫ϰ²/L>=[5.9, 7.3, 8.0], C-C-Sep=0.20, ║∇J║=1.5e-03
-----On 18/20 Initial Guess Perturbations
Iteration 1173/2000-----
J=1.3e-02, ⟨Jf⟩=1.3e-03, ⟨B·n⟩=8.2e-03, Len=sum([4.8, 4.9, 4.7])=14.3, ϰ=[5.2, 5.8, 4.9], ∫ϰ²/L>=[5.9, 7.3, 8.0], C-C-Sep=0.20, ║∇J║=2.5e-03
-----On 18/20 Initial Guess Perturbations
Iteration 1174/2000-----
J=1.3e-02, ⟨Jf⟩=1.3e-03, ⟨B·n⟩=8.2e-03, Len=sum([4.8, 4.9, 4.7])=14.3, ϰ=[5.1, 5.8, 4.9], ∫ϰ²/L>=[5.9, 7.3, 8.0], C-C-Sep=0.20, ║∇J║=2.7e-03
-----On 18/20 Initial Guess Perturbations
Iteration 1175/2000-----
J=1.3e-02, ⟨Jf⟩=1.3e-03, ⟨B·n⟩=8.2e-03, Len=sum([4.8, 4.9, 4.7])=14.3, ϰ=[5.2, 5.8, 4.9], ∫ϰ²/L>=[5.9, 7.3, 8.0], C-C-Sep=0.20, ║∇J║=1.9e-03
-----On 18/20 Initial Guess Perturbations
Iteration 1176/2000-----
J=1.3e-02, ⟨Jf⟩=1.3e-03, ⟨B·n⟩=8.2e-03, Len=sum([4.8, 4.9, 4.7])=14.3, ϰ=[5.2, 5.8, 4.9], ∫ϰ²/L>=[5.9, 7.3, 8.0], C-C-Sep=0.20, ║∇J║=1.4e-03
-----On 18/20 Initial Guess Perturbations
Iteration 1177/2000-----
J=1.3e-02, ⟨Jf⟩=1.3e-03, ⟨B·n⟩=8.2e-03, Len=sum([4.8, 4.9, 4.7])=14.3, ϰ=[5.2, 5.8, 4.9], ∫ϰ²/L>=[5.9, 7.3, 8.0], C-C-Sep=0.20, ║∇J║=1.3e-03
-----On 18/20 Initial Guess Perturbations
Iteration 1178/2000-----
J=1.3e-02, ⟨Jf⟩=1.3e-03, ⟨B·n⟩=8.2e-03, Len=sum([4.8, 4.9, 4.7])=14.3, ϰ=[5.2, 5.8, 4.9], ∫ϰ²/L>=[5.9, 7.3, 8.0], C-C-Sep=0.20, ║∇J║=1.7e-03
-----On 18/20 Initial Guess Perturbations
Iteration 1179/2000-----
J=1.3e-02, ⟨Jf⟩=1.3e-03, ⟨B·n⟩=8.2e-03, Len=sum([4.8, 4.9, 4.7])=14.3, ϰ=[5.2, 5.8, 4.9], ∫ϰ²/L>=[5.9, 7.3, 8.0], C-C-Sep=0.20, ║∇J║=1.8e-03
-----On 18/20 Initial Guess Perturbations
Iteration 1180/2000-----
J=1.3e-02, ⟨Jf⟩=1.3e-03, ⟨B·n⟩=8.2e-03, Len=sum([4.8, 4.9, 4.7])=14.3, ϰ=[5.2, 5.7, 4.9], ∫ϰ²/L>=[5.9, 7.3, 8.0], C-C-Sep=0.20, ║∇J║=1.8e-03
-----On 18/20 Initial Guess Perturbations
Iteration 1181/2000-----
J=1.3e-02, ⟨Jf⟩=1.3e-03, ⟨B·n⟩=8.2e-03, Len=sum([4.8, 4.9, 4.7])=14.3, ϰ=[5.2, 5.7, 4.9], ∫ϰ²/L>=[5.9, 7.3, 8.0], C-C-Sep=0.20, ║∇J║=2.3e-03
-----On 18/20 Initial Guess Perturbations
Iteration 1182/2000-----
J=1.3e-02, ⟨Jf⟩=1.3e-03, ⟨B·n⟩=8.2e-03, Len=sum([4.8, 4.9, 4.7])=14.3, ϰ=[5.2, 5.7, 4.9], ∫ϰ²/L>=[5.9, 7.3, 8.0], C-C-Sep=0.20, ║∇J║=2.3e-03
-----On 18/20 Initial Guess Perturbations
Iteration 1183/2000-----
J=1.3e-02, ⟨Jf⟩=1.3e-03, ⟨B·n⟩=8.2e-03, Len=sum([4.8, 4.9, 4.7])=14.3, ϰ=[5.2, 5.7, 4.9], ∫ϰ²/L>=[5.9, 7.3, 8.0], C-C-Sep=0.20, ║∇J║=1.7e-03
-----On 18/20 Initial Guess Perturbations
Iteration 1184/2000-----
J=1.3e-02, ⟨Jf⟩=1.3e-03, ⟨B·n⟩=8.2e-03, Len=sum([4.8, 4.9, 4.7])=14.3, ϰ=[5.2, 5.7, 4.9], ∫ϰ²/L>=[5.9, 7.3, 8.0], C-C-Sep=0.20, ║∇J║=1.5e-03
-----On 18/20 Initial Guess Perturbations
Iteration 1185/2000-----
J=1.3e-02, ⟨Jf⟩=1.3e-03, ⟨B·n⟩=8.2e-03, Len=sum([4.8, 4.9, 4.7])=14.3, ϰ=[5.2, 5.7, 4.9], ∫ϰ²/L>=[5.9, 7.3, 8.0], C-C-Sep=0.20, ║∇J║=1.6e-03
-----On 18/20 Initial Guess Perturbations
Iteration 1186/2000-----
J=1.3e-02, ⟨Jf⟩=1.3e-03, ⟨B·n⟩=8.2e-03, Len=sum([4.8, 4.9, 4.7])=14.3, ϰ=[5.2, 5.7, 4.9], ∫ϰ²/L>=[5.9, 7.3, 8.0], C-C-Sep=0.20, ║∇J║=1.6e-03
-----On 18/20 Initial Guess Perturbations
Iteration 1187/2000-----
J=1.3e-02, ⟨Jf⟩=1.3e-03, ⟨B·n⟩=8.2e-03, Len=sum([4.8, 4.9, 4.7])=14.3, ϰ=[5.2, 5.7, 4.9], ∫ϰ²/L>=[5.9, 7.3, 8.0], C-C-Sep=0.20, ║∇J║=2.2e-03
-----On 18/20 Initial Guess Perturbations
Iteration 1188/2000-----
J=1.3e-02, ⟨Jf⟩=1.3e-03, ⟨B·n⟩=8.2e-03, Len=sum([4.8, 4.9, 4.7])=14.3, ϰ=[5.2, 5.7, 4.9], ∫ϰ²/L>=[5.9, 7.3, 8.0], C-C-Sep=0.20, ║∇J║=2.5e-03
-----On 18/20 Initial Guess Perturbations
Iteration 1189/2000-----
J=1.3e-02, ⟨Jf⟩=1.3e-03, ⟨B·n⟩=8.2e-03, Len=sum([4.8, 4.9, 4.7])=14.3, ϰ=[5.2, 5.7, 4.9], ∫ϰ²/L>=[5.9, 7.3, 8.0], C-C-Sep=0.20, ║∇J║=1.8e-03
-----On 18/20 Initial Guess Perturbations
Iteration 1190/2000-----
J=1.3e-02, ⟨Jf⟩=1.3e-03, ⟨B·n⟩=8.2e-03, Len=sum([4.8, 4.9, 4.7])=14.3, ϰ=[5.2, 5.7, 4.9], ∫ϰ²/L>=[5.9, 7.3, 8.0], C-C-Sep=0.20, ║∇J║=1.4e-03
-----On 18/20 Initial Guess Perturbations
Iteration 1191/2000-----
J=1.3e-02, ⟨Jf⟩=1.3e-03, ⟨B·n⟩=8.2e-03, Len=sum([4.8, 4.9, 4.7])=14.3, ϰ=[5.2, 5.7, 4.9], ∫ϰ²/L>=[5.9, 7.3, 8.0], C-C-Sep=0.20, ║∇J║=1.8e-03
-----On 18/20 Initial Guess Perturbations
Iteration 1192/2000-----
J=1.3e-02, ⟨Jf⟩=1.3e-03, ⟨B·n⟩=8.2e-03, Len=sum([4.8, 4.9, 4.7])=14.3, ϰ=[5.2, 5.7, 4.9], ∫ϰ²/L>=[5.9, 7.3, 8.0], C-C-Sep=0.20, ║∇J║=1.7e-03
-----On 18/20 Initial Guess Perturbations
Iteration 1193/2000-----
J=1.3e-02, ⟨Jf⟩=1.3e-03, ⟨B·n⟩=8.2e-03, Len=sum([4.8, 4.9, 4.7])=14.3, ϰ=[5.2, 5.7, 4.9], ∫ϰ²/L>=[5.9, 7.3, 8.0], C-C-Sep=0.20, ║∇J║=1.6e-03
-----On 18/20 Initial Guess Perturbations
Iteration 1194/2000-----
J=1.3e-02, ⟨Jf⟩=1.3e-03, ⟨B·n⟩=8.2e-03, Len=sum([4.8, 4.9, 4.7])=14.3, ϰ=[5.3, 5.7, 4.9], ∫ϰ²/L>=[5.9, 7.3, 8.0], C-C-Sep=0.20, ║∇J║=1.9e-03
-----On 18/20 Initial Guess Perturbations
Iteration 1195/2000-----
J=1.3e-02, ⟨Jf⟩=1.3e-03, ⟨B·n⟩=8.2e-03, Len=sum([4.8, 4.9, 4.7])=14.3, ϰ=[5.2, 5.7, 4.9], ∫ϰ²/L>=[5.9, 7.3, 8.0], C-C-Sep=0.20, ║∇J║=1.9e-03
-----On 18/20 Initial Guess Perturbations
Iteration 1196/2000-----
J=1.3e-02, ⟨Jf⟩=1.3e-03, ⟨B·n⟩=8.2e-03, Len=sum([4.8, 4.9, 4.7])=14.3, ϰ=[5.3, 5.7, 4.9], ∫ϰ²/L>=[5.9, 7.3, 8.0], C-C-Sep=0.20, ║∇J║=2.3e-03
-----On 18/20 Initial Guess Perturbations
Iteration 1197/2000-----
J=1.3e-02, ⟨Jf⟩=1.3e-03, ⟨B·n⟩=8.2e-03, Len=sum([4.8, 4.9, 4.7])=14.3, ϰ=[5.3, 5.7, 4.9], ∫ϰ²/L>=[5.9, 7.3, 8.0], C-C-Sep=0.20, ║∇J║=1.6e-03
-----On 18/20 Initial Guess Perturbations
Iteration 1198/2000-----
J=1.3e-02, ⟨Jf⟩=1.3e-03, ⟨B·n⟩=8.2e-03, Len=sum([4.8, 4.9, 4.7])=14.3, ϰ=[5.3, 5.7, 4.9], ∫ϰ²/L>=[5.9, 7.3, 8.0], C-C-Sep=0.20, ║∇J║=1.5e-03
-----On 18/20 Initial Guess Perturbations
Iteration 1199/2000-----
J=1.3e-02, ⟨Jf⟩=1.3e-03, ⟨B·n⟩=8.2e-03, Len=sum([4.8, 4.9, 4.7])=14.3, ϰ=[5.3, 5.7, 4.9], ∫ϰ²/L>=[5.9, 7.3, 8.0], C-C-Sep=0.20, ║∇J║=1.4e-03
-----On 18/20 Initial Guess Perturbations
Iteration 1200/2000-----
J=1.3e-02, ⟨Jf⟩=1.3e-03, ⟨B·n⟩=8.2e-03, Len=sum([4.8, 4.9, 4.7])=14.3, ϰ=[5.3, 5.7, 4.9], ∫ϰ²/L>=[5.9, 7.3, 8.0], C-C-Sep=0.20, ║∇J║=1.5e-03
-----On 18/20 Initial Guess Perturbations
Iteration 1201/2000-----
J=1.3e-02, ⟨Jf⟩=1.3e-03, ⟨B·n⟩=8.2e-03, Len=sum([4.8, 4.9, 4.7])=14.3, ϰ=[5.2, 5.7, 4.9], ∫ϰ²/L>=[5.9, 7.4, 8.0], C-C-Sep=0.20, ║∇J║=2.1e-03
-----On 18/20 Initial Guess Perturbations
Iteration 1202/2000-----
J=1.3e-02, ⟨Jf⟩=1.3e-03, ⟨B·n⟩=8.2e-03, Len=sum([4.8, 4.9, 4.7])=14.3, ϰ=[5.2, 5.7, 4.9], ∫ϰ²/L>=[5.9, 7.4, 8.0], C-C-Sep=0.20, ║∇J║=1.9e-03
-----On 18/20 Initial Guess Perturbations
Iteration 1203/2000-----
J=1.3e-02, ⟨Jf⟩=1.3e-03, ⟨B·n⟩=8.2e-03, Len=sum([4.8, 4.9, 4.7])=14.3, ϰ=[5.2, 5.7, 4.9], ∫ϰ²/L>=[5.9, 7.4, 8.0], C-C-Sep=0.20, ║∇J║=1.9e-03
-----On 18/20 Initial Guess Perturbations
Iteration 1204/2000-----
J=1.3e-02, ⟨Jf⟩=1.3e-03, ⟨B·n⟩=8.2e-03, Len=sum([4.8, 4.9, 4.7])=14.3, ϰ=[5.2, 5.7, 4.9], ∫ϰ²/L>=[5.9, 7.4, 8.0], C-C-Sep=0.20, ║∇J║=1.9e-03
-----On 18/20 Initial Guess Perturbations
Iteration 1205/2000-----
J=1.3e-02, ⟨Jf⟩=1.3e-03, ⟨B·n⟩=8.2e-03, Len=sum([4.8, 4.9, 4.7])=14.3, ϰ=[5.2, 5.8, 4.9], ∫ϰ²/L>=[5.9, 7.4, 8.0], C-C-Sep=0.20, ║∇J║=2.0e-03
-----On 18/20 Initial Guess Perturbations
Iteration 1206/2000-----
J=1.3e-02, ⟨Jf⟩=1.3e-03, ⟨B·n⟩=8.2e-03, Len=sum([4.8, 4.9, 4.7])=14.3, ϰ=[5.2, 5.8, 4.9], ∫ϰ²/L>=[5.9, 7.4, 8.0], C-C-Sep=0.20, ║∇J║=2.0e-03
-----On 18/20 Initial Guess Perturbations
Iteration 1207/2000-----
J=1.3e-02, ⟨Jf⟩=1.3e-03, ⟨B·n⟩=8.2e-03, Len=sum([4.8, 4.9, 4.7])=14.3, ϰ=[5.2, 5.8, 4.9], ∫ϰ²/L>=[6.0, 7.4, 8.0], C-C-Sep=0.20, ║∇J║=1.7e-03
-----On 18/20 Initial Guess Perturbations
Iteration 1208/2000-----
J=1.3e-02, ⟨Jf⟩=1.3e-03, ⟨B·n⟩=8.2e-03, Len=sum([4.8, 4.9, 4.7])=14.3, ϰ=[5.2, 5.8, 4.9], ∫ϰ²/L>=[5.9, 7.4, 8.0], C-C-Sep=0.20, ║∇J║=1.8e-03
-----On 18/20 Initial Guess Perturbations
Iteration 1209/2000-----
J=1.3e-02, ⟨Jf⟩=1.3e-03, ⟨B·n⟩=8.2e-03, Len=sum([4.8, 4.9, 4.7])=14.3, ϰ=[5.2, 5.8, 4.9], ∫ϰ²/L>=[6.0, 7.4, 8.0], C-C-Sep=0.20, ║∇J║=2.4e-03
-----On 18/20 Initial Guess Perturbations
Iteration 1210/2000-----
J=1.3e-02, ⟨Jf⟩=1.3e-03, ⟨B·n⟩=8.2e-03, Len=sum([4.8, 4.9, 4.7])=14.3, ϰ=[5.2, 5.8, 4.9], ∫ϰ²/L>=[5.9, 7.4, 8.0], C-C-Sep=0.20, ║∇J║=1.7e-03
-----On 18/20 Initial Guess Perturbations
Iteration 1211/2000-----
J=1.3e-02, ⟨Jf⟩=1.3e-03, ⟨B·n⟩=8.2e-03, Len=sum([4.8, 4.9, 4.7])=14.3, ϰ=[5.2, 5.8, 4.9], ∫ϰ²/L>=[5.9, 7.4, 8.0], C-C-Sep=0.20, ║∇J║=1.8e-03
-----On 18/20 Initial Guess Perturbations
Iteration 1212/2000-----
J=1.3e-02, ⟨Jf⟩=1.3e-03, ⟨B·n⟩=8.2e-03, Len=sum([4.8, 4.9, 4.7])=14.3, ϰ=[5.2, 5.8, 4.9], ∫ϰ²/L>=[5.9, 7.4, 8.0], C-C-Sep=0.20, ║∇J║=1.6e-03
-----On 18/20 Initial Guess Perturbations
Iteration 1213/2000-----
J=1.3e-02, ⟨Jf⟩=1.3e-03, ⟨B·n⟩=8.2e-03, Len=sum([4.8, 4.9, 4.7])=14.3, ϰ=[5.2, 5.8, 4.9], ∫ϰ²/L>=[5.9, 7.4, 8.0], C-C-Sep=0.20, ║∇J║=1.7e-03
-----On 18/20 Initial Guess Perturbations
Iteration 1214/2000-----
J=1.3e-02, ⟨Jf⟩=1.3e-03, ⟨B·n⟩=8.2e-03, Len=sum([4.8, 4.9, 4.7])=14.3, ϰ=[5.3, 5.8, 4.9], ∫ϰ²/L>=[6.0, 7.4, 8.0], C-C-Sep=0.20, ║∇J║=2.4e-03
-----On 18/20 Initial Guess Perturbations
Iteration 1215/2000-----
J=1.3e-02, ⟨Jf⟩=1.3e-03, ⟨B·n⟩=8.2e-03, Len=sum([4.8, 4.9, 4.7])=14.3, ϰ=[5.3, 5.8, 4.9], ∫ϰ²/L>=[5.9, 7.4, 8.0], C-C-Sep=0.20, ║∇J║=1.8e-03
-----On 18/20 Initial Guess Perturbations
Iteration 1216/2000-----
J=1.3e-02, ⟨Jf⟩=1.3e-03, ⟨B·n⟩=8.2e-03, Len=sum([4.8, 4.9, 4.7])=14.3, ϰ=[5.3, 5.8, 4.9], ∫ϰ²/L>=[5.9, 7.4, 8.0], C-C-Sep=0.20, ║∇J║=1.7e-03
-----On 18/20 Initial Guess Perturbations
Iteration 1217/2000-----
J=1.3e-02, ⟨Jf⟩=1.3e-03, ⟨B·n⟩=8.2e-03, Len=sum([4.8, 4.9, 4.7])=14.3, ϰ=[5.3, 5.8, 4.9], ∫ϰ²/L>=[5.9, 7.4, 8.0], C-C-Sep=0.20, ║∇J║=2.7e-03
-----On 18/20 Initial Guess Perturbations
Iteration 1218/2000-----
J=1.3e-02, ⟨Jf⟩=1.3e-03, ⟨B·n⟩=8.2e-03, Len=sum([4.8, 4.9, 4.7])=14.3, ϰ=[5.3, 5.8, 4.9], ∫ϰ²/L>=[5.9, 7.4, 8.0], C-C-Sep=0.20, ║∇J║=1.8e-03
-----On 18/20 Initial Guess Perturbations
Iteration 1219/2000-----
J=1.3e-02, ⟨Jf⟩=1.3e-03, ⟨B·n⟩=8.2e-03, Len=sum([4.8, 4.9, 4.7])=14.3, ϰ=[5.2, 5.8, 4.9], ∫ϰ²/L>=[5.9, 7.4, 8.0], C-C-Sep=0.20, ║∇J║=2.3e-03
-----On 18/20 Initial Guess Perturbations
Iteration 1220/2000-----
J=1.3e-02, ⟨Jf⟩=1.3e-03, ⟨B·n⟩=8.2e-03, Len=sum([4.8, 4.9, 4.7])=14.3, ϰ=[5.2, 5.8, 4.9], ∫ϰ²/L>=[5.9, 7.4, 8.0], C-C-Sep=0.20, ║∇J║=1.8e-03
-----On 18/20 Initial Guess Perturbations
Iteration 1221/2000-----
J=1.3e-02, ⟨Jf⟩=1.3e-03, ⟨B·n⟩=8.2e-03, Len=sum([4.8, 4.9, 4.7])=14.3, ϰ=[5.2, 5.8, 4.9], ∫ϰ²/L>=[5.9, 7.4, 8.0], C-C-Sep=0.20, ║∇J║=2.1e-03
-----On 18/20 Initial Guess Perturbations
Iteration 1222/2000-----
J=1.3e-02, ⟨Jf⟩=1.3e-03, ⟨B·n⟩=8.2e-03, Len=sum([4.8, 4.9, 4.7])=14.3, ϰ=[5.2, 5.8, 4.9], ∫ϰ²/L>=[5.9, 7.4, 8.0], C-C-Sep=0.20, ║∇J║=1.8e-03
-----On 18/20 Initial Guess Perturbations
Iteration 1223/2000-----
J=1.3e-02, ⟨Jf⟩=1.3e-03, ⟨B·n⟩=8.2e-03, Len=sum([4.8, 4.9, 4.7])=14.3, ϰ=[5.2, 5.8, 4.9], ∫ϰ²/L>=[5.9, 7.4, 8.0], C-C-Sep=0.20, ║∇J║=1.9e-03
-----On 18/20 Initial Guess Perturbations
Iteration 1224/2000-----
J=1.3e-02, ⟨Jf⟩=1.3e-03, ⟨B·n⟩=8.2e-03, Len=sum([4.8, 4.9, 4.7])=14.3, ϰ=[5.2, 5.8, 4.9], ∫ϰ²/L>=[5.9, 7.4, 8.0], C-C-Sep=0.20, ║∇J║=1.9e-03
-----On 18/20 Initial Guess Perturbations
Iteration 1225/2000-----
J=1.3e-02, ⟨Jf⟩=1.3e-03, ⟨B·n⟩=8.2e-03, Len=sum([4.8, 4.9, 4.7])=14.3, ϰ=[5.2, 5.8, 4.9], ∫ϰ²/L>=[6.0, 7.4, 8.0], C-C-Sep=0.20, ║∇J║=1.9e-03
-----On 18/20 Initial Guess Perturbations
Iteration 1226/2000-----
J=1.3e-02, ⟨Jf⟩=1.3e-03, ⟨B·n⟩=8.2e-03, Len=sum([4.8, 4.9, 4.7])=14.3, ϰ=[5.2, 5.8, 4.9], ∫ϰ²/L>=[6.0, 7.4, 8.0], C-C-Sep=0.20, ║∇J║=1.9e-03
-----On 18/20 Initial Guess Perturbations
Iteration 1227/2000-----
J=1.3e-02, ⟨Jf⟩=1.3e-03, ⟨B·n⟩=8.2e-03, Len=sum([4.8, 4.9, 4.7])=14.3, ϰ=[5.3, 5.9, 4.9], ∫ϰ²/L>=[6.0, 7.4, 8.0], C-C-Sep=0.20, ║∇J║=2.2e-03
-----On 18/20 Initial Guess Perturbations
Iteration 1228/2000-----
J=1.3e-02, ⟨Jf⟩=1.3e-03, ⟨B·n⟩=8.2e-03, Len=sum([4.8, 4.9, 4.7])=14.3, ϰ=[5.3, 5.8, 4.9], ∫ϰ²/L>=[6.0, 7.4, 8.0], C-C-Sep=0.20, ║∇J║=2.1e-03
-----On 18/20 Initial Guess Perturbations
Iteration 1229/2000-----
J=1.3e-02, ⟨Jf⟩=1.3e-03, ⟨B·n⟩=8.2e-03, Len=sum([4.8, 4.9, 4.7])=14.3, ϰ=[5.3, 5.9, 4.9], ∫ϰ²/L>=[6.0, 7.4, 8.0], C-C-Sep=0.20, ║∇J║=2.0e-03
-----On 18/20 Initial Guess Perturbations
Iteration 1230/2000-----
J=1.3e-02, ⟨Jf⟩=1.3e-03, ⟨B·n⟩=8.2e-03, Len=sum([4.8, 4.9, 4.7])=14.3, ϰ=[5.3, 5.9, 4.9], ∫ϰ²/L>=[6.0, 7.4, 8.0], C-C-Sep=0.20, ║∇J║=2.1e-03
-----On 18/20 Initial Guess Perturbations
Iteration 1231/2000-----
J=1.3e-02, ⟨Jf⟩=1.3e-03, ⟨B·n⟩=8.2e-03, Len=sum([4.8, 4.9, 4.7])=14.3, ϰ=[5.3, 5.9, 4.9], ∫ϰ²/L>=[6.0, 7.4, 8.0], C-C-Sep=0.20, ║∇J║=1.8e-03
-----On 18/20 Initial Guess Perturbations
Iteration 1232/2000-----
J=1.3e-02, ⟨Jf⟩=1.3e-03, ⟨B·n⟩=8.2e-03, Len=sum([4.8, 4.9, 4.7])=14.3, ϰ=[5.3, 5.9, 4.9], ∫ϰ²/L>=[6.0, 7.4, 8.0], C-C-Sep=0.20, ║∇J║=1.7e-03
-----On 18/20 Initial Guess Perturbations
Iteration 1233/2000-----
J=1.3e-02, ⟨Jf⟩=1.3e-03, ⟨B·n⟩=8.2e-03, Len=sum([4.8, 4.9, 4.7])=14.3, ϰ=[5.2, 5.9, 4.9], ∫ϰ²/L>=[6.0, 7.4, 8.0], C-C-Sep=0.20, ║∇J║=2.3e-03
-----On 18/20 Initial Guess Perturbations
Iteration 1234/2000-----
J=1.3e-02, ⟨Jf⟩=1.3e-03, ⟨B·n⟩=8.2e-03, Len=sum([4.8, 4.9, 4.7])=14.3, ϰ=[5.2, 5.9, 4.9], ∫ϰ²/L>=[6.0, 7.4, 8.0], C-C-Sep=0.20, ║∇J║=2.0e-03
-----On 18/20 Initial Guess Perturbations
Iteration 1235/2000-----
J=1.3e-02, ⟨Jf⟩=1.3e-03, ⟨B·n⟩=8.2e-03, Len=sum([4.8, 4.9, 4.7])=14.3, ϰ=[5.2, 6.0, 4.9], ∫ϰ²/L>=[6.0, 7.4, 8.0], C-C-Sep=0.20, ║∇J║=2.3e-03
-----On 18/20 Initial Guess Perturbations
Iteration 1236/2000-----
J=1.3e-02, ⟨Jf⟩=1.3e-03, ⟨B·n⟩=8.2e-03, Len=sum([4.8, 4.9, 4.7])=14.3, ϰ=[5.2, 6.0, 4.9], ∫ϰ²/L>=[6.0, 7.4, 8.0], C-C-Sep=0.20, ║∇J║=2.5e-03
-----On 18/20 Initial Guess Perturbations
Iteration 1237/2000-----
J=1.3e-02, ⟨Jf⟩=1.3e-03, ⟨B·n⟩=8.2e-03, Len=sum([4.8, 4.9, 4.7])=14.3, ϰ=[5.2, 6.0, 4.9], ∫ϰ²/L>=[6.0, 7.4, 8.0], C-C-Sep=0.20, ║∇J║=2.4e-03
-----On 18/20 Initial Guess Perturbations
Iteration 1238/2000-----
J=1.3e-02, ⟨Jf⟩=1.3e-03, ⟨B·n⟩=8.2e-03, Len=sum([4.8, 4.9, 4.7])=14.3, ϰ=[5.2, 6.0, 4.9], ∫ϰ²/L>=[6.0, 7.4, 8.0], C-C-Sep=0.20, ║∇J║=2.7e-03
-----On 18/20 Initial Guess Perturbations
Iteration 1239/2000-----
J=1.3e-02, ⟨Jf⟩=1.3e-03, ⟨B·n⟩=8.2e-03, Len=sum([4.8, 4.9, 4.7])=14.3, ϰ=[5.2, 6.0, 4.9], ∫ϰ²/L>=[6.0, 7.4, 8.0], C-C-Sep=0.20, ║∇J║=1.6e-03
-----On 18/20 Initial Guess Perturbations
Iteration 1240/2000-----
J=1.3e-02, ⟨Jf⟩=1.3e-03, ⟨B·n⟩=8.2e-03, Len=sum([4.8, 4.9, 4.7])=14.3, ϰ=[5.2, 6.0, 4.9], ∫ϰ²/L>=[6.0, 7.4, 8.0], C-C-Sep=0.20, ║∇J║=1.3e-03
-----On 18/20 Initial Guess Perturbations
Iteration 1241/2000-----
J=1.3e-02, ⟨Jf⟩=1.3e-03, ⟨B·n⟩=8.2e-03, Len=sum([4.8, 4.9, 4.7])=14.3, ϰ=[5.2, 6.0, 4.9], ∫ϰ²/L>=[6.0, 7.4, 8.0], C-C-Sep=0.20, ║∇J║=1.4e-03
-----On 18/20 Initial Guess Perturbations
Iteration 1242/2000-----
J=1.3e-02, ⟨Jf⟩=1.3e-03, ⟨B·n⟩=8.2e-03, Len=sum([4.8, 4.9, 4.7])=14.3, ϰ=[5.2, 6.0, 4.9], ∫ϰ²/L>=[6.0, 7.4, 8.0], C-C-Sep=0.20, ║∇J║=1.6e-03
-----On 18/20 Initial Guess Perturbations
Iteration 1243/2000-----
J=1.3e-02, ⟨Jf⟩=1.3e-03, ⟨B·n⟩=8.2e-03, Len=sum([4.8, 4.9, 4.7])=14.3, ϰ=[5.3, 6.0, 4.9], ∫ϰ²/L>=[6.0, 7.4, 8.0], C-C-Sep=0.20, ║∇J║=1.9e-03
-----On 18/20 Initial Guess Perturbations
Iteration 1244/2000-----
J=1.3e-02, ⟨Jf⟩=1.3e-03, ⟨B·n⟩=8.2e-03, Len=sum([4.8, 4.9, 4.7])=14.3, ϰ=[5.3, 6.0, 4.9], ∫ϰ²/L>=[6.0, 7.4, 8.0], C-C-Sep=0.20, ║∇J║=2.2e-03
-----On 18/20 Initial Guess Perturbations
Iteration 1245/2000-----
J=1.3e-02, ⟨Jf⟩=1.3e-03, ⟨B·n⟩=8.2e-03, Len=sum([4.8, 4.9, 4.7])=14.3, ϰ=[5.2, 6.0, 4.9], ∫ϰ²/L>=[6.0, 7.4, 8.0], C-C-Sep=0.20, ║∇J║=2.8e-03
-----On 18/20 Initial Guess Perturbations
Iteration 1246/2000-----
J=1.3e-02, ⟨Jf⟩=1.3e-03, ⟨B·n⟩=8.2e-03, Len=sum([4.8, 4.9, 4.7])=14.3, ϰ=[5.3, 6.0, 4.9], ∫ϰ²/L>=[6.0, 7.4, 8.0], C-C-Sep=0.20, ║∇J║=2.0e-03
-----On 18/20 Initial Guess Perturbations
Iteration 1247/2000-----
J=1.3e-02, ⟨Jf⟩=1.3e-03, ⟨B·n⟩=8.2e-03, Len=sum([4.8, 4.9, 4.7])=14.3, ϰ=[5.2, 6.0, 4.9], ∫ϰ²/L>=[6.0, 7.4, 8.0], C-C-Sep=0.20, ║∇J║=2.3e-03
-----On 18/20 Initial Guess Perturbations
Iteration 1248/2000-----
J=1.3e-02, ⟨Jf⟩=1.3e-03, ⟨B·n⟩=8.2e-03, Len=sum([4.8, 4.9, 4.7])=14.3, ϰ=[5.2, 6.0, 4.9], ∫ϰ²/L>=[6.0, 7.4, 8.0], C-C-Sep=0.20, ║∇J║=1.6e-03
-----On 18/20 Initial Guess Perturbations
Iteration 1249/2000-----
J=1.3e-02, ⟨Jf⟩=1.3e-03, ⟨B·n⟩=8.2e-03, Len=sum([4.8, 4.9, 4.7])=14.3, ϰ=[5.3, 6.0, 4.9], ∫ϰ²/L>=[6.0, 7.4, 8.0], C-C-Sep=0.20, ║∇J║=1.7e-03
-----On 18/20 Initial Guess Perturbations
Iteration 1250/2000-----
J=1.3e-02, ⟨Jf⟩=1.3e-03, ⟨B·n⟩=8.2e-03, Len=sum([4.8, 4.9, 4.7])=14.3, ϰ=[5.3, 6.0, 4.9], ∫ϰ²/L>=[6.0, 7.4, 8.0], C-C-Sep=0.20, ║∇J║=1.7e-03
-----On 18/20 Initial Guess Perturbations
Iteration 1251/2000-----
J=1.3e-02, ⟨Jf⟩=1.3e-03, ⟨B·n⟩=8.2e-03, Len=sum([4.8, 4.9, 4.7])=14.4, ϰ=[5.3, 6.0, 4.9], ∫ϰ²/L>=[6.0, 7.4, 8.0], C-C-Sep=0.20, ║∇J║=1.9e-03
-----On 18/20 Initial Guess Perturbations
Iteration 1252/2000-----
J=1.3e-02, ⟨Jf⟩=1.3e-03, ⟨B·n⟩=8.2e-03, Len=sum([4.8, 4.9, 4.7])=14.4, ϰ=[5.3, 6.0, 4.9], ∫ϰ²/L>=[6.0, 7.4, 8.0], C-C-Sep=0.20, ║∇J║=2.0e-03
-----On 18/20 Initial Guess Perturbations
Iteration 1253/2000-----
J=1.3e-02, ⟨Jf⟩=1.3e-03, ⟨B·n⟩=8.2e-03, Len=sum([4.8, 4.9, 4.7])=14.3, ϰ=[5.3, 6.0, 4.9], ∫ϰ²/L>=[6.0, 7.4, 8.0], C-C-Sep=0.20, ║∇J║=1.8e-03
-----On 18/20 Initial Guess Perturbations
Iteration 1254/2000-----
J=1.3e-02, ⟨Jf⟩=1.3e-03, ⟨B·n⟩=8.2e-03, Len=sum([4.8, 4.9, 4.7])=14.3, ϰ=[5.3, 6.0, 4.9], ∫ϰ²/L>=[6.0, 7.4, 8.0], C-C-Sep=0.20, ║∇J║=2.4e-03
-----On 18/20 Initial Guess Perturbations
Iteration 1255/2000-----
J=1.3e-02, ⟨Jf⟩=1.3e-03, ⟨B·n⟩=8.2e-03, Len=sum([4.8, 4.9, 4.7])=14.3, ϰ=[5.3, 6.0, 4.9], ∫ϰ²/L>=[6.0, 7.4, 8.0], C-C-Sep=0.20, ║∇J║=2.5e-03
-----On 18/20 Initial Guess Perturbations
Iteration 1256/2000-----
J=1.3e-02, ⟨Jf⟩=1.3e-03, ⟨B·n⟩=8.2e-03, Len=sum([4.8, 4.9, 4.7])=14.3, ϰ=[5.2, 6.0, 4.9], ∫ϰ²/L>=[6.0, 7.4, 8.0], C-C-Sep=0.20, ║∇J║=1.7e-03
-----On 18/20 Initial Guess Perturbations
Iteration 1257/2000-----
J=1.3e-02, ⟨Jf⟩=1.3e-03, ⟨B·n⟩=8.2e-03, Len=sum([4.8, 4.9, 4.7])=14.3, ϰ=[5.2, 6.0, 4.9], ∫ϰ²/L>=[6.0, 7.4, 8.0], C-C-Sep=0.20, ║∇J║=1.5e-03
-----On 18/20 Initial Guess Perturbations
Iteration 1258/2000-----
J=1.3e-02, ⟨Jf⟩=1.3e-03, ⟨B·n⟩=8.2e-03, Len=sum([4.8, 4.9, 4.7])=14.3, ϰ=[5.2, 6.0, 4.9], ∫ϰ²/L>=[6.0, 7.4, 8.0], C-C-Sep=0.20, ║∇J║=2.1e-03
-----On 18/20 Initial Guess Perturbations
Iteration 1259/2000-----
J=1.3e-02, ⟨Jf⟩=1.3e-03, ⟨B·n⟩=8.2e-03, Len=sum([4.8, 4.9, 4.7])=14.3, ϰ=[5.2, 5.9, 4.9], ∫ϰ²/L>=[6.0, 7.4, 8.0], C-C-Sep=0.20, ║∇J║=2.0e-03
-----On 18/20 Initial Guess Perturbations
Iteration 1260/2000-----
J=1.3e-02, ⟨Jf⟩=1.3e-03, ⟨B·n⟩=8.2e-03, Len=sum([4.8, 4.9, 4.7])=14.3, ϰ=[5.2, 5.9, 4.9], ∫ϰ²/L>=[6.0, 7.4, 8.0], C-C-Sep=0.20, ║∇J║=2.2e-03
-----On 18/20 Initial Guess Perturbations
Iteration 1261/2000-----
J=1.3e-02, ⟨Jf⟩=1.3e-03, ⟨B·n⟩=8.2e-03, Len=sum([4.8, 4.9, 4.7])=14.3, ϰ=[5.2, 5.9, 4.9], ∫ϰ²/L>=[6.0, 7.4, 8.0], C-C-Sep=0.20, ║∇J║=1.9e-03
-----On 18/20 Initial Guess Perturbations
Iteration 1262/2000-----
J=1.3e-02, ⟨Jf⟩=1.3e-03, ⟨B·n⟩=8.2e-03, Len=sum([4.8, 4.9, 4.7])=14.3, ϰ=[5.2, 5.9, 4.9], ∫ϰ²/L>=[6.0, 7.4, 8.0], C-C-Sep=0.20, ║∇J║=1.9e-03
-----On 18/20 Initial Guess Perturbations
Iteration 1263/2000-----
J=1.3e-02, ⟨Jf⟩=1.3e-03, ⟨B·n⟩=8.2e-03, Len=sum([4.8, 4.9, 4.7])=14.3, ϰ=[5.2, 5.9, 4.9], ∫ϰ²/L>=[6.0, 7.4, 8.0], C-C-Sep=0.20, ║∇J║=1.6e-03
-----On 18/20 Initial Guess Perturbations
Iteration 1264/2000-----
J=1.3e-02, ⟨Jf⟩=1.3e-03, ⟨B·n⟩=8.2e-03, Len=sum([4.8, 4.9, 4.7])=14.3, ϰ=[5.3, 5.8, 4.9], ∫ϰ²/L>=[6.0, 7.4, 8.0], C-C-Sep=0.20, ║∇J║=2.0e-03
-----On 18/20 Initial Guess Perturbations
Iteration 1265/2000-----
J=1.3e-02, ⟨Jf⟩=1.3e-03, ⟨B·n⟩=8.2e-03, Len=sum([4.8, 4.9, 4.7])=14.3, ϰ=[5.3, 5.8, 4.9], ∫ϰ²/L>=[6.0, 7.4, 8.0], C-C-Sep=0.20, ║∇J║=2.0e-03
-----On 18/20 Initial Guess Perturbations
Iteration 1266/2000-----
J=1.3e-02, ⟨Jf⟩=1.3e-03, ⟨B·n⟩=8.2e-03, Len=sum([4.8, 4.9, 4.7])=14.3, ϰ=[5.3, 5.8, 4.9], ∫ϰ²/L>=[6.0, 7.4, 8.0], C-C-Sep=0.20, ║∇J║=2.0e-03
-----On 18/20 Initial Guess Perturbations
Iteration 1267/2000-----
J=1.3e-02, ⟨Jf⟩=1.3e-03, ⟨B·n⟩=8.2e-03, Len=sum([4.8, 4.9, 4.7])=14.3, ϰ=[5.3, 5.8, 4.9], ∫ϰ²/L>=[6.0, 7.4, 8.0], C-C-Sep=0.20, ║∇J║=2.4e-03
-----On 18/20 Initial Guess Perturbations
Iteration 1268/2000-----
J=1.3e-02, ⟨Jf⟩=1.3e-03, ⟨B·n⟩=8.2e-03, Len=sum([4.8, 4.9, 4.7])=14.4, ϰ=[5.3, 5.8, 4.9], ∫ϰ²/L>=[6.0, 7.4, 8.0], C-C-Sep=0.20, ║∇J║=3.3e-03
-----On 18/20 Initial Guess Perturbations
Iteration 1269/2000-----
J=1.3e-02, ⟨Jf⟩=1.3e-03, ⟨B·n⟩=8.2e-03, Len=sum([4.8, 4.9, 4.7])=14.3, ϰ=[5.3, 5.8, 4.9], ∫ϰ²/L>=[6.0, 7.4, 8.0], C-C-Sep=0.20, ║∇J║=2.2e-03
-----On 18/20 Initial Guess Perturbations
Iteration 1270/2000-----
J=1.3e-02, ⟨Jf⟩=1.3e-03, ⟨B·n⟩=8.2e-03, Len=sum([4.8, 4.9, 4.7])=14.3, ϰ=[5.3, 5.7, 4.9], ∫ϰ²/L>=[6.0, 7.4, 8.0], C-C-Sep=0.20, ║∇J║=3.0e-03
-----On 18/20 Initial Guess Perturbations
Iteration 1271/2000-----
J=1.3e-02, ⟨Jf⟩=1.3e-03, ⟨B·n⟩=8.2e-03, Len=sum([4.8, 4.9, 4.7])=14.4, ϰ=[5.3, 5.7, 4.9], ∫ϰ²/L>=[6.0, 7.4, 8.0], C-C-Sep=0.20, ║∇J║=2.2e-03
-----On 18/20 Initial Guess Perturbations
Iteration 1272/2000-----
J=1.3e-02, ⟨Jf⟩=1.3e-03, ⟨B·n⟩=8.2e-03, Len=sum([4.8, 4.9, 4.7])=14.4, ϰ=[5.2, 5.7, 4.9], ∫ϰ²/L>=[6.0, 7.4, 8.0], C-C-Sep=0.20, ║∇J║=2.1e-03
-----On 18/20 Initial Guess Perturbations
Iteration 1273/2000-----
J=1.3e-02, ⟨Jf⟩=1.3e-03, ⟨B·n⟩=8.2e-03, Len=sum([4.8, 4.9, 4.7])=14.4, ϰ=[5.2, 5.7, 4.9], ∫ϰ²/L>=[6.0, 7.4, 8.0], C-C-Sep=0.20, ║∇J║=2.0e-03
-----On 18/20 Initial Guess Perturbations
Iteration 1274/2000-----
J=1.3e-02, ⟨Jf⟩=1.3e-03, ⟨B·n⟩=8.2e-03, Len=sum([4.8, 4.9, 4.7])=14.4, ϰ=[5.3, 5.7, 4.9], ∫ϰ²/L>=[6.0, 7.4, 8.0], C-C-Sep=0.20, ║∇J║=2.0e-03
-----On 18/20 Initial Guess Perturbations
Iteration 1275/2000-----
J=1.3e-02, ⟨Jf⟩=1.3e-03, ⟨B·n⟩=8.2e-03, Len=sum([4.8, 4.9, 4.7])=14.4, ϰ=[5.2, 5.7, 4.9], ∫ϰ²/L>=[6.0, 7.4, 8.0], C-C-Sep=0.20, ║∇J║=2.3e-03
-----On 18/20 Initial Guess Perturbations
Iteration 1276/2000-----
J=1.3e-02, ⟨Jf⟩=1.3e-03, ⟨B·n⟩=8.2e-03, Len=sum([4.8, 4.9, 4.7])=14.4, ϰ=[5.3, 5.7, 4.9], ∫ϰ²/L>=[6.0, 7.4, 8.0], C-C-Sep=0.20, ║∇J║=2.6e-03
-----On 18/20 Initial Guess Perturbations
Iteration 1277/2000-----
J=1.3e-02, ⟨Jf⟩=1.3e-03, ⟨B·n⟩=8.2e-03, Len=sum([4.8, 4.9, 4.7])=14.4, ϰ=[5.3, 5.7, 4.9], ∫ϰ²/L>=[6.0, 7.4, 8.0], C-C-Sep=0.20, ║∇J║=2.4e-03
-----On 18/20 Initial Guess Perturbations
Iteration 1278/2000-----
J=1.3e-02, ⟨Jf⟩=1.3e-03, ⟨B·n⟩=8.2e-03, Len=sum([4.8, 4.9, 4.7])=14.4, ϰ=[5.3, 5.7, 4.9], ∫ϰ²/L>=[6.0, 7.4, 8.0], C-C-Sep=0.20, ║∇J║=1.8e-03
-----On 18/20 Initial Guess Perturbations
Iteration 1279/2000-----
J=1.3e-02, ⟨Jf⟩=1.3e-03, ⟨B·n⟩=8.2e-03, Len=sum([4.8, 4.9, 4.7])=14.4, ϰ=[5.3, 5.7, 4.9], ∫ϰ²/L>=[6.0, 7.4, 8.0], C-C-Sep=0.20, ║∇J║=1.9e-03
-----On 18/20 Initial Guess Perturbations
Iteration 1280/2000-----
J=1.3e-02, ⟨Jf⟩=1.3e-03, ⟨B·n⟩=8.2e-03, Len=sum([4.8, 4.9, 4.7])=14.4, ϰ=[5.3, 5.7, 4.9], ∫ϰ²/L>=[6.0, 7.4, 8.0], C-C-Sep=0.20, ║∇J║=1.7e-03
-----On 18/20 Initial Guess Perturbations
Iteration 1281/2000-----
J=1.3e-02, ⟨Jf⟩=1.3e-03, ⟨B·n⟩=8.2e-03, Len=sum([4.8, 4.9, 4.7])=14.4, ϰ=[5.3, 5.7, 4.9], ∫ϰ²/L>=[6.0, 7.4, 8.0], C-C-Sep=0.20, ║∇J║=2.0e-03
-----On 18/20 Initial Guess Perturbations
Iteration 1282/2000-----
J=1.3e-02, ⟨Jf⟩=1.3e-03, ⟨B·n⟩=8.2e-03, Len=sum([4.8, 4.9, 4.7])=14.4, ϰ=[5.3, 5.7, 4.9], ∫ϰ²/L>=[6.0, 7.4, 8.0], C-C-Sep=0.20, ║∇J║=1.9e-03
-----On 18/20 Initial Guess Perturbations
Iteration 1283/2000-----
J=1.3e-02, ⟨Jf⟩=1.3e-03, ⟨B·n⟩=8.2e-03, Len=sum([4.8, 4.9, 4.7])=14.4, ϰ=[5.3, 5.7, 4.9], ∫ϰ²/L>=[6.0, 7.4, 8.0], C-C-Sep=0.20, ║∇J║=1.8e-03
-----On 18/20 Initial Guess Perturbations
Iteration 1284/2000-----
J=1.3e-02, ⟨Jf⟩=1.3e-03, ⟨B·n⟩=8.2e-03, Len=sum([4.8, 4.9, 4.7])=14.4, ϰ=[5.3, 5.7, 4.9], ∫ϰ²/L>=[6.0, 7.4, 8.0], C-C-Sep=0.20, ║∇J║=2.5e-03
-----On 18/20 Initial Guess Perturbations
Iteration 1285/2000-----
J=1.3e-02, ⟨Jf⟩=1.3e-03, ⟨B·n⟩=8.2e-03, Len=sum([4.8, 4.9, 4.7])=14.4, ϰ=[5.3, 5.7, 4.9], ∫ϰ²/L>=[6.0, 7.4, 8.0], C-C-Sep=0.20, ║∇J║=2.5e-03
-----On 18/20 Initial Guess Perturbations
Iteration 1286/2000-----
J=1.3e-02, ⟨Jf⟩=1.3e-03, ⟨B·n⟩=8.2e-03, Len=sum([4.8, 4.9, 4.7])=14.4, ϰ=[5.2, 5.7, 4.9], ∫ϰ²/L>=[6.0, 7.4, 8.0], C-C-Sep=0.20, ║∇J║=1.9e-03
-----On 18/20 Initial Guess Perturbations
Iteration 1287/2000-----
J=1.3e-02, ⟨Jf⟩=1.3e-03, ⟨B·n⟩=8.2e-03, Len=sum([4.8, 4.9, 4.7])=14.4, ϰ=[5.2, 5.7, 4.9], ∫ϰ²/L>=[6.0, 7.4, 8.0], C-C-Sep=0.20, ║∇J║=1.7e-03
-----On 18/20 Initial Guess Perturbations
Iteration 1288/2000-----
J=1.3e-02, ⟨Jf⟩=1.3e-03, ⟨B·n⟩=8.2e-03, Len=sum([4.8, 4.9, 4.7])=14.4, ϰ=[5.2, 5.8, 4.9], ∫ϰ²/L>=[6.0, 7.4, 8.0], C-C-Sep=0.20, ║∇J║=1.9e-03
-----On 18/20 Initial Guess Perturbations
Iteration 1289/2000-----
J=1.3e-02, ⟨Jf⟩=1.3e-03, ⟨B·n⟩=8.2e-03, Len=sum([4.8, 4.9, 4.7])=14.4, ϰ=[5.2, 5.8, 4.9], ∫ϰ²/L>=[6.0, 7.4, 8.0], C-C-Sep=0.20, ║∇J║=2.0e-03
-----On 18/20 Initial Guess Perturbations
Iteration 1290/2000-----
J=1.3e-02, ⟨Jf⟩=1.3e-03, ⟨B·n⟩=8.2e-03, Len=sum([4.8, 4.9, 4.7])=14.4, ϰ=[5.3, 5.8, 4.9], ∫ϰ²/L>=[6.0, 7.4, 8.0], C-C-Sep=0.20, ║∇J║=1.8e-03
-----On 18/20 Initial Guess Perturbations
Iteration 1291/2000-----
J=1.3e-02, ⟨Jf⟩=1.3e-03, ⟨B·n⟩=8.2e-03, Len=sum([4.8, 4.9, 4.7])=14.4, ϰ=[5.3, 5.8, 4.9], ∫ϰ²/L>=[6.0, 7.4, 8.0], C-C-Sep=0.20, ║∇J║=1.9e-03
-----On 18/20 Initial Guess Perturbations
Iteration 1292/2000-----
J=1.3e-02, ⟨Jf⟩=1.3e-03, ⟨B·n⟩=8.2e-03, Len=sum([4.8, 4.9, 4.7])=14.4, ϰ=[5.3, 5.9, 4.9], ∫ϰ²/L>=[6.0, 7.4, 8.0], C-C-Sep=0.20, ║∇J║=2.1e-03
-----On 18/20 Initial Guess Perturbations
Iteration 1293/2000-----
J=1.3e-02, ⟨Jf⟩=1.3e-03, ⟨B·n⟩=8.2e-03, Len=sum([4.8, 4.9, 4.7])=14.4, ϰ=[5.3, 5.9, 4.9], ∫ϰ²/L>=[6.0, 7.4, 8.0], C-C-Sep=0.20, ║∇J║=1.8e-03
-----On 18/20 Initial Guess Perturbations
Iteration 1294/2000-----
J=1.3e-02, ⟨Jf⟩=1.3e-03, ⟨B·n⟩=8.2e-03, Len=sum([4.8, 4.9, 4.7])=14.4, ϰ=[5.3, 5.9, 4.9], ∫ϰ²/L>=[6.0, 7.4, 8.0], C-C-Sep=0.20, ║∇J║=1.8e-03
-----On 18/20 Initial Guess Perturbations
Iteration 1295/2000-----
J=1.3e-02, ⟨Jf⟩=1.3e-03, ⟨B·n⟩=8.1e-03, Len=sum([4.8, 4.9, 4.7])=14.4, ϰ=[5.3, 5.9, 4.9], ∫ϰ²/L>=[6.0, 7.4, 8.0], C-C-Sep=0.20, ║∇J║=1.8e-03
-----On 18/20 Initial Guess Perturbations
Iteration 1296/2000-----
J=1.3e-02, ⟨Jf⟩=1.3e-03, ⟨B·n⟩=8.1e-03, Len=sum([4.8, 4.9, 4.7])=14.4, ϰ=[5.3, 5.9, 4.9], ∫ϰ²/L>=[6.0, 7.4, 8.0], C-C-Sep=0.20, ║∇J║=2.1e-03
-----On 18/20 Initial Guess Perturbations
Iteration 1297/2000-----
J=1.3e-02, ⟨Jf⟩=1.3e-03, ⟨B·n⟩=8.1e-03, Len=sum([4.8, 4.9, 4.7])=14.4, ϰ=[5.3, 5.9, 4.9], ∫ϰ²/L>=[6.0, 7.4, 8.0], C-C-Sep=0.20, ║∇J║=2.4e-03
-----On 18/20 Initial Guess Perturbations
Iteration 1298/2000-----
J=1.3e-02, ⟨Jf⟩=1.3e-03, ⟨B·n⟩=8.1e-03, Len=sum([4.8, 4.9, 4.7])=14.4, ϰ=[5.3, 5.9, 4.9], ∫ϰ²/L>=[6.0, 7.4, 8.0], C-C-Sep=0.20, ║∇J║=2.2e-03
-----On 18/20 Initial Guess Perturbations
Iteration 1299/2000-----
J=1.3e-02, ⟨Jf⟩=1.3e-03, ⟨B·n⟩=8.1e-03, Len=sum([4.8, 4.9, 4.7])=14.4, ϰ=[5.3, 5.9, 4.9], ∫ϰ²/L>=[6.0, 7.4, 8.0], C-C-Sep=0.20, ║∇J║=3.3e-03
-----On 18/20 Initial Guess Perturbations
Iteration 1300/2000-----
J=1.3e-02, ⟨Jf⟩=1.3e-03, ⟨B·n⟩=8.1e-03, Len=sum([4.8, 4.9, 4.7])=14.4, ϰ=[5.3, 5.9, 4.9], ∫ϰ²/L>=[6.0, 7.4, 8.0], C-C-Sep=0.20, ║∇J║=2.0e-03
-----On 18/20 Initial Guess Perturbations
Iteration 1301/2000-----
J=1.3e-02, ⟨Jf⟩=1.3e-03, ⟨B·n⟩=8.2e-03, Len=sum([4.8, 4.9, 4.7])=14.4, ϰ=[5.3, 5.9, 4.9], ∫ϰ²/L>=[6.0, 7.4, 8.0], C-C-Sep=0.20, ║∇J║=2.1e-03
-----On 18/20 Initial Guess Perturbations
Iteration 1302/2000-----
J=1.3e-02, ⟨Jf⟩=1.3e-03, ⟨B·n⟩=8.2e-03, Len=sum([4.8, 4.9, 4.7])=14.4, ϰ=[5.3, 5.9, 4.9], ∫ϰ²/L>=[6.0, 7.4, 8.0], C-C-Sep=0.20, ║∇J║=1.5e-03
-----On 18/20 Initial Guess Perturbations
Iteration 1303/2000-----
J=1.3e-02, ⟨Jf⟩=1.3e-03, ⟨B·n⟩=8.2e-03, Len=sum([4.8, 4.9, 4.7])=14.4, ϰ=[5.3, 5.9, 4.9], ∫ϰ²/L>=[6.0, 7.4, 8.0], C-C-Sep=0.20, ║∇J║=1.5e-03
-----On 18/20 Initial Guess Perturbations
Iteration 1304/2000-----
J=1.3e-02, ⟨Jf⟩=1.3e-03, ⟨B·n⟩=8.2e-03, Len=sum([4.8, 4.9, 4.7])=14.4, ϰ=[5.3, 5.9, 4.9], ∫ϰ²/L>=[6.0, 7.4, 8.0], C-C-Sep=0.20, ║∇J║=1.7e-03
-----On 18/20 Initial Guess Perturbations
Iteration 1305/2000-----
J=1.3e-02, ⟨Jf⟩=1.3e-03, ⟨B·n⟩=8.2e-03, Len=sum([4.8, 4.9, 4.7])=14.4, ϰ=[5.3, 5.9, 4.8], ∫ϰ²/L>=[6.0, 7.4, 8.0], C-C-Sep=0.20, ║∇J║=1.7e-03
-----On 18/20 Initial Guess Perturbations
Iteration 1306/2000-----
J=1.3e-02, ⟨Jf⟩=1.3e-03, ⟨B·n⟩=8.2e-03, Len=sum([4.8, 4.9, 4.7])=14.4, ϰ=[5.3, 5.8, 4.8], ∫ϰ²/L>=[6.0, 7.4, 8.0], C-C-Sep=0.20, ║∇J║=2.1e-03
-----On 18/20 Initial Guess Perturbations
Iteration 1307/2000-----
J=1.3e-02, ⟨Jf⟩=1.3e-03, ⟨B·n⟩=8.2e-03, Len=sum([4.8, 4.9, 4.7])=14.4, ϰ=[5.3, 5.8, 4.9], ∫ϰ²/L>=[6.0, 7.4, 8.0], C-C-Sep=0.20, ║∇J║=2.3e-03
-----On 18/20 Initial Guess Perturbations
Iteration 1308/2000-----
J=1.3e-02, ⟨Jf⟩=1.3e-03, ⟨B·n⟩=8.2e-03, Len=sum([4.8, 4.9, 4.7])=14.4, ϰ=[5.3, 5.8, 4.8], ∫ϰ²/L>=[6.0, 7.4, 8.0], C-C-Sep=0.20, ║∇J║=1.9e-03
-----On 18/20 Initial Guess Perturbations
Iteration 1309/2000-----
J=1.3e-02, ⟨Jf⟩=1.3e-03, ⟨B·n⟩=8.1e-03, Len=sum([4.8, 4.9, 4.7])=14.4, ϰ=[5.3, 5.8, 4.8], ∫ϰ²/L>=[6.0, 7.4, 8.0], C-C-Sep=0.20, ║∇J║=1.7e-03
-----On 18/20 Initial Guess Perturbations
Iteration 1310/2000-----
J=1.3e-02, ⟨Jf⟩=1.3e-03, ⟨B·n⟩=8.1e-03, Len=sum([4.8, 4.9, 4.7])=14.4, ϰ=[5.3, 5.8, 4.8], ∫ϰ²/L>=[6.0, 7.4, 8.0], C-C-Sep=0.20, ║∇J║=2.0e-03
-----On 18/20 Initial Guess Perturbations
Iteration 1311/2000-----
J=1.3e-02, ⟨Jf⟩=1.3e-03, ⟨B·n⟩=8.1e-03, Len=sum([4.8, 4.9, 4.7])=14.4, ϰ=[5.3, 5.8, 4.8], ∫ϰ²/L>=[6.0, 7.4, 8.0], C-C-Sep=0.20, ║∇J║=2.1e-03
-----On 18/20 Initial Guess Perturbations
Iteration 1312/2000-----
J=1.3e-02, ⟨Jf⟩=1.3e-03, ⟨B·n⟩=8.1e-03, Len=sum([4.8, 4.9, 4.7])=14.4, ϰ=[5.2, 5.7, 4.8], ∫ϰ²/L>=[6.0, 7.4, 8.0], C-C-Sep=0.20, ║∇J║=1.9e-03
-----On 18/20 Initial Guess Perturbations
Iteration 1313/2000-----
J=1.3e-02, ⟨Jf⟩=1.3e-03, ⟨B·n⟩=8.1e-03, Len=sum([4.8, 4.9, 4.7])=14.4, ϰ=[5.2, 5.7, 4.8], ∫ϰ²/L>=[6.0, 7.4, 8.0], C-C-Sep=0.20, ║∇J║=1.7e-03
-----On 18/20 Initial Guess Perturbations
Iteration 1314/2000-----
J=1.3e-02, ⟨Jf⟩=1.3e-03, ⟨B·n⟩=8.1e-03, Len=sum([4.8, 4.9, 4.7])=14.4, ϰ=[5.2, 5.7, 4.9], ∫ϰ²/L>=[6.0, 7.4, 8.0], C-C-Sep=0.20, ║∇J║=1.7e-03
-----On 18/20 Initial Guess Perturbations
Iteration 1315/2000-----
J=1.3e-02, ⟨Jf⟩=1.3e-03, ⟨B·n⟩=8.1e-03, Len=sum([4.8, 4.9, 4.7])=14.4, ϰ=[5.2, 5.7, 4.9], ∫ϰ²/L>=[6.0, 7.3, 8.0], C-C-Sep=0.20, ║∇J║=1.7e-03
-----On 18/20 Initial Guess Perturbations
Iteration 1316/2000-----
J=1.3e-02, ⟨Jf⟩=1.3e-03, ⟨B·n⟩=8.1e-03, Len=sum([4.8, 4.9, 4.7])=14.4, ϰ=[5.2, 5.7, 4.9], ∫ϰ²/L>=[6.0, 7.3, 8.0], C-C-Sep=0.20, ║∇J║=1.9e-03
-----On 18/20 Initial Guess Perturbations
Iteration 1317/2000-----
J=1.3e-02, ⟨Jf⟩=1.3e-03, ⟨B·n⟩=8.1e-03, Len=sum([4.8, 4.9, 4.7])=14.4, ϰ=[5.2, 5.7, 4.9], ∫ϰ²/L>=[6.0, 7.3, 8.0], C-C-Sep=0.20, ║∇J║=1.8e-03
-----On 18/20 Initial Guess Perturbations
Iteration 1318/2000-----
J=1.3e-02, ⟨Jf⟩=1.3e-03, ⟨B·n⟩=8.1e-03, Len=sum([4.8, 4.9, 4.7])=14.4, ϰ=[5.2, 5.7, 4.9], ∫ϰ²/L>=[6.0, 7.3, 8.0], C-C-Sep=0.20, ║∇J║=1.8e-03
-----On 18/20 Initial Guess Perturbations
Iteration 1319/2000-----
J=1.3e-02, ⟨Jf⟩=1.3e-03, ⟨B·n⟩=8.1e-03, Len=sum([4.8, 4.9, 4.7])=14.4, ϰ=[5.3, 5.6, 4.9], ∫ϰ²/L>=[6.0, 7.3, 8.0], C-C-Sep=0.20, ║∇J║=2.3e-03
-----On 18/20 Initial Guess Perturbations
Iteration 1320/2000-----
J=1.3e-02, ⟨Jf⟩=1.3e-03, ⟨B·n⟩=8.1e-03, Len=sum([4.8, 4.9, 4.7])=14.4, ϰ=[5.3, 5.6, 4.9], ∫ϰ²/L>=[6.0, 7.3, 8.0], C-C-Sep=0.20, ║∇J║=2.3e-03
-----On 18/20 Initial Guess Perturbations
Iteration 1321/2000-----
J=1.3e-02, ⟨Jf⟩=1.3e-03, ⟨B·n⟩=8.1e-03, Len=sum([4.8, 4.9, 4.7])=14.4, ϰ=[5.3, 5.6, 4.8], ∫ϰ²/L>=[6.0, 7.3, 8.0], C-C-Sep=0.20, ║∇J║=2.5e-03
-----On 18/20 Initial Guess Perturbations
Iteration 1322/2000-----
J=1.3e-02, ⟨Jf⟩=1.3e-03, ⟨B·n⟩=8.1e-03, Len=sum([4.8, 4.9, 4.7])=14.4, ϰ=[5.3, 5.6, 4.8], ∫ϰ²/L>=[6.0, 7.3, 8.0], C-C-Sep=0.20, ║∇J║=2.5e-03
-----On 18/20 Initial Guess Perturbations
Iteration 1323/2000-----
J=1.3e-02, ⟨Jf⟩=1.3e-03, ⟨B·n⟩=8.1e-03, Len=sum([4.8, 4.9, 4.7])=14.4, ϰ=[5.3, 5.7, 4.9], ∫ϰ²/L>=[6.0, 7.3, 8.0], C-C-Sep=0.20, ║∇J║=1.9e-03
-----On 18/20 Initial Guess Perturbations
Iteration 1324/2000-----
J=1.3e-02, ⟨Jf⟩=1.3e-03, ⟨B·n⟩=8.1e-03, Len=sum([4.8, 4.9, 4.7])=14.4, ϰ=[5.3, 5.7, 4.9], ∫ϰ²/L>=[6.0, 7.3, 8.0], C-C-Sep=0.20, ║∇J║=1.7e-03
-----On 18/20 Initial Guess Perturbations
Iteration 1325/2000-----
J=1.3e-02, ⟨Jf⟩=1.3e-03, ⟨B·n⟩=8.1e-03, Len=sum([4.8, 4.9, 4.7])=14.4, ϰ=[5.3, 5.7, 4.9], ∫ϰ²/L>=[6.0, 7.3, 8.0], C-C-Sep=0.20, ║∇J║=2.1e-03
-----On 18/20 Initial Guess Perturbations
Iteration 1326/2000-----
J=1.3e-02, ⟨Jf⟩=1.3e-03, ⟨B·n⟩=8.1e-03, Len=sum([4.8, 4.9, 4.7])=14.4, ϰ=[5.3, 5.7, 4.9], ∫ϰ²/L>=[6.0, 7.3, 8.0], C-C-Sep=0.20, ║∇J║=2.3e-03
-----On 18/20 Initial Guess Perturbations
Iteration 1327/2000-----
J=1.3e-02, ⟨Jf⟩=1.3e-03, ⟨B·n⟩=8.1e-03, Len=sum([4.8, 4.9, 4.7])=14.4, ϰ=[5.3, 5.7, 4.9], ∫ϰ²/L>=[6.0, 7.3, 8.0], C-C-Sep=0.20, ║∇J║=1.7e-03
-----On 18/20 Initial Guess Perturbations
Iteration 1328/2000-----
J=1.3e-02, ⟨Jf⟩=1.3e-03, ⟨B·n⟩=8.1e-03, Len=sum([4.8, 4.9, 4.7])=14.4, ϰ=[5.3, 5.7, 4.9], ∫ϰ²/L>=[6.0, 7.3, 8.0], C-C-Sep=0.20, ║∇J║=1.9e-03
-----On 18/20 Initial Guess Perturbations
Iteration 1329/2000-----
J=1.3e-02, ⟨Jf⟩=1.3e-03, ⟨B·n⟩=8.1e-03, Len=sum([4.8, 4.9, 4.7])=14.4, ϰ=[5.3, 5.7, 4.9], ∫ϰ²/L>=[6.0, 7.3, 8.0], C-C-Sep=0.20, ║∇J║=1.9e-03
-----On 18/20 Initial Guess Perturbations
Iteration 1330/2000-----
J=1.3e-02, ⟨Jf⟩=1.3e-03, ⟨B·n⟩=8.1e-03, Len=sum([4.8, 4.9, 4.7])=14.4, ϰ=[5.3, 5.7, 4.9], ∫ϰ²/L>=[6.0, 7.3, 8.0], C-C-Sep=0.20, ║∇J║=1.6e-03
-----On 18/20 Initial Guess Perturbations
Iteration 1331/2000-----
J=1.3e-02, ⟨Jf⟩=1.3e-03, ⟨B·n⟩=8.1e-03, Len=sum([4.8, 4.9, 4.7])=14.4, ϰ=[5.3, 5.8, 4.9], ∫ϰ²/L>=[6.0, 7.3, 8.0], C-C-Sep=0.20, ║∇J║=2.0e-03
-----On 18/20 Initial Guess Perturbations
Iteration 1332/2000-----
J=1.3e-02, ⟨Jf⟩=1.3e-03, ⟨B·n⟩=8.1e-03, Len=sum([4.8, 4.9, 4.7])=14.4, ϰ=[5.3, 5.8, 4.8], ∫ϰ²/L>=[6.0, 7.3, 8.0], C-C-Sep=0.20, ║∇J║=2.2e-03
-----On 18/20 Initial Guess Perturbations
Iteration 1333/2000-----
J=1.3e-02, ⟨Jf⟩=1.3e-03, ⟨B·n⟩=8.2e-03, Len=sum([4.8, 4.9, 4.7])=14.4, ϰ=[5.3, 5.8, 4.8], ∫ϰ²/L>=[6.0, 7.3, 8.0], C-C-Sep=0.20, ║∇J║=1.7e-03
-----On 18/20 Initial Guess Perturbations
Iteration 1334/2000-----
J=1.3e-02, ⟨Jf⟩=1.3e-03, ⟨B·n⟩=8.2e-03, Len=sum([4.8, 4.9, 4.7])=14.4, ϰ=[5.3, 5.8, 4.8], ∫ϰ²/L>=[6.0, 7.3, 8.0], C-C-Sep=0.20, ║∇J║=1.6e-03
-----On 18/20 Initial Guess Perturbations
Iteration 1335/2000-----
J=1.3e-02, ⟨Jf⟩=1.3e-03, ⟨B·n⟩=8.2e-03, Len=sum([4.8, 4.9, 4.7])=14.4, ϰ=[5.3, 5.8, 4.9], ∫ϰ²/L>=[6.0, 7.3, 8.0], C-C-Sep=0.20, ║∇J║=2.0e-03
-----On 18/20 Initial Guess Perturbations
Iteration 1336/2000-----
J=1.3e-02, ⟨Jf⟩=1.3e-03, ⟨B·n⟩=8.2e-03, Len=sum([4.8, 4.9, 4.7])=14.4, ϰ=[5.3, 5.8, 4.9], ∫ϰ²/L>=[6.0, 7.3, 8.0], C-C-Sep=0.20, ║∇J║=1.6e-03
-----On 18/20 Initial Guess Perturbations
Iteration 1337/2000-----
J=1.3e-02, ⟨Jf⟩=1.3e-03, ⟨B·n⟩=8.2e-03, Len=sum([4.8, 4.9, 4.7])=14.4, ϰ=[5.3, 5.8, 4.9], ∫ϰ²/L>=[6.0, 7.3, 8.0], C-C-Sep=0.20, ║∇J║=1.5e-03
-----On 18/20 Initial Guess Perturbations
Iteration 1338/2000-----
J=1.3e-02, ⟨Jf⟩=1.3e-03, ⟨B·n⟩=8.1e-03, Len=sum([4.8, 4.9, 4.7])=14.4, ϰ=[5.3, 5.8, 4.9], ∫ϰ²/L>=[6.0, 7.3, 8.0], C-C-Sep=0.20, ║∇J║=2.1e-03
-----On 18/20 Initial Guess Perturbations
Iteration 1339/2000-----
J=1.3e-02, ⟨Jf⟩=1.3e-03, ⟨B·n⟩=8.2e-03, Len=sum([4.8, 4.9, 4.7])=14.4, ϰ=[5.3, 5.9, 4.9], ∫ϰ²/L>=[6.0, 7.3, 8.0], C-C-Sep=0.20, ║∇J║=1.8e-03
-----On 18/20 Initial Guess Perturbations
Iteration 1340/2000-----
J=1.3e-02, ⟨Jf⟩=1.3e-03, ⟨B·n⟩=8.2e-03, Len=sum([4.8, 4.9, 4.7])=14.4, ϰ=[5.4, 5.9, 4.9], ∫ϰ²/L>=[6.0, 7.3, 8.0], C-C-Sep=0.20, ║∇J║=1.8e-03
-----On 18/20 Initial Guess Perturbations
Iteration 1341/2000-----
J=1.3e-02, ⟨Jf⟩=1.3e-03, ⟨B·n⟩=8.2e-03, Len=sum([4.8, 4.9, 4.7])=14.4, ϰ=[5.4, 5.9, 4.9], ∫ϰ²/L>=[6.0, 7.3, 8.0], C-C-Sep=0.20, ║∇J║=2.1e-03
-----On 18/20 Initial Guess Perturbations
Iteration 1342/2000-----
J=1.3e-02, ⟨Jf⟩=1.3e-03, ⟨B·n⟩=8.2e-03, Len=sum([4.8, 4.9, 4.7])=14.4, ϰ=[5.4, 6.0, 4.9], ∫ϰ²/L>=[6.0, 7.3, 8.0], C-C-Sep=0.20, ║∇J║=3.4e-03
-----On 18/20 Initial Guess Perturbations
Iteration 1343/2000-----
J=1.3e-02, ⟨Jf⟩=1.3e-03, ⟨B·n⟩=8.2e-03, Len=sum([4.8, 4.9, 4.7])=14.4, ϰ=[5.4, 5.9, 4.9], ∫ϰ²/L>=[6.0, 7.3, 8.0], C-C-Sep=0.20, ║∇J║=3.3e-03
-----On 18/20 Initial Guess Perturbations
Iteration 1344/2000-----
J=1.3e-02, ⟨Jf⟩=1.3e-03, ⟨B·n⟩=8.2e-03, Len=sum([4.8, 4.9, 4.7])=14.4, ϰ=[5.4, 5.9, 4.9], ∫ϰ²/L>=[6.0, 7.3, 8.0], C-C-Sep=0.20, ║∇J║=3.1e-03
-----On 18/20 Initial Guess Perturbations
Iteration 1345/2000-----
J=1.3e-02, ⟨Jf⟩=1.3e-03, ⟨B·n⟩=8.2e-03, Len=sum([4.8, 4.9, 4.7])=14.4, ϰ=[5.4, 5.9, 4.9], ∫ϰ²/L>=[6.0, 7.3, 8.0], C-C-Sep=0.20, ║∇J║=2.0e-03
-----On 18/20 Initial Guess Perturbations
Iteration 1346/2000-----
J=1.3e-02, ⟨Jf⟩=1.3e-03, ⟨B·n⟩=8.2e-03, Len=sum([4.8, 4.9, 4.7])=14.4, ϰ=[5.4, 5.9, 4.9], ∫ϰ²/L>=[6.0, 7.3, 8.0], C-C-Sep=0.20, ║∇J║=1.7e-03
-----On 18/20 Initial Guess Perturbations
Iteration 1347/2000-----
J=1.3e-02, ⟨Jf⟩=1.3e-03, ⟨B·n⟩=8.2e-03, Len=sum([4.8, 4.9, 4.7])=14.4, ϰ=[5.4, 5.9, 4.9], ∫ϰ²/L>=[6.0, 7.3, 8.0], C-C-Sep=0.20, ║∇J║=1.7e-03
-----On 18/20 Initial Guess Perturbations
Iteration 1348/2000-----
J=1.3e-02, ⟨Jf⟩=1.3e-03, ⟨B·n⟩=8.2e-03, Len=sum([4.8, 4.9, 4.7])=14.4, ϰ=[5.4, 5.9, 4.9], ∫ϰ²/L>=[6.0, 7.3, 8.0], C-C-Sep=0.20, ║∇J║=2.5e-03
-----On 18/20 Initial Guess Perturbations
Iteration 1349/2000-----
J=1.3e-02, ⟨Jf⟩=1.3e-03, ⟨B·n⟩=8.2e-03, Len=sum([4.8, 4.9, 4.7])=14.4, ϰ=[5.3, 5.9, 4.9], ∫ϰ²/L>=[6.0, 7.3, 8.0], C-C-Sep=0.20, ║∇J║=3.2e-03
-----On 18/20 Initial Guess Perturbations
Iteration 1350/2000-----
J=1.3e-02, ⟨Jf⟩=1.3e-03, ⟨B·n⟩=8.2e-03, Len=sum([4.8, 4.9, 4.7])=14.4, ϰ=[5.3, 5.9, 4.9], ∫ϰ²/L>=[6.0, 7.3, 8.0], C-C-Sep=0.20, ║∇J║=2.1e-03
-----On 18/20 Initial Guess Perturbations
Iteration 1351/2000-----
J=1.3e-02, ⟨Jf⟩=1.3e-03, ⟨B·n⟩=8.2e-03, Len=sum([4.8, 4.9, 4.7])=14.4, ϰ=[5.3, 6.0, 4.9], ∫ϰ²/L>=[6.0, 7.3, 8.0], C-C-Sep=0.20, ║∇J║=2.0e-03
-----On 18/20 Initial Guess Perturbations
Iteration 1352/2000-----
J=1.3e-02, ⟨Jf⟩=1.3e-03, ⟨B·n⟩=8.2e-03, Len=sum([4.8, 4.9, 4.7])=14.4, ϰ=[5.3, 5.9, 4.9], ∫ϰ²/L>=[6.0, 7.3, 8.0], C-C-Sep=0.20, ║∇J║=1.9e-03
-----On 18/20 Initial Guess Perturbations
Iteration 1353/2000-----
J=1.3e-02, ⟨Jf⟩=1.3e-03, ⟨B·n⟩=8.2e-03, Len=sum([4.8, 4.9, 4.7])=14.4, ϰ=[5.3, 5.9, 4.9], ∫ϰ²/L>=[6.0, 7.3, 8.0], C-C-Sep=0.20, ║∇J║=2.0e-03
-----On 18/20 Initial Guess Perturbations
Iteration 1354/2000-----
J=1.3e-02, ⟨Jf⟩=1.3e-03, ⟨B·n⟩=8.2e-03, Len=sum([4.8, 4.9, 4.7])=14.4, ϰ=[5.2, 5.9, 4.9], ∫ϰ²/L>=[6.0, 7.3, 8.0], C-C-Sep=0.20, ║∇J║=2.1e-03
-----On 18/20 Initial Guess Perturbations
Iteration 1355/2000-----
J=1.3e-02, ⟨Jf⟩=1.3e-03, ⟨B·n⟩=8.2e-03, Len=sum([4.8, 4.9, 4.7])=14.4, ϰ=[5.3, 5.9, 4.9], ∫ϰ²/L>=[6.0, 7.3, 8.0], C-C-Sep=0.20, ║∇J║=2.8e-03
-----On 18/20 Initial Guess Perturbations
Iteration 1356/2000-----
J=1.3e-02, ⟨Jf⟩=1.3e-03, ⟨B·n⟩=8.2e-03, Len=sum([4.8, 4.9, 4.7])=14.3, ϰ=[5.3, 5.9, 4.9], ∫ϰ²/L>=[6.0, 7.3, 8.0], C-C-Sep=0.20, ║∇J║=3.3e-03
-----On 18/20 Initial Guess Perturbations
Iteration 1357/2000-----
J=1.3e-02, ⟨Jf⟩=1.3e-03, ⟨B·n⟩=8.2e-03, Len=sum([4.8, 4.9, 4.7])=14.4, ϰ=[5.3, 5.9, 4.9], ∫ϰ²/L>=[6.0, 7.3, 8.0], C-C-Sep=0.20, ║∇J║=2.9e-03
-----On 18/20 Initial Guess Perturbations
Iteration 1358/2000-----
J=1.3e-02, ⟨Jf⟩=1.3e-03, ⟨B·n⟩=8.2e-03, Len=sum([4.8, 4.9, 4.7])=14.3, ϰ=[5.3, 5.9, 4.9], ∫ϰ²/L>=[6.0, 7.3, 8.0], C-C-Sep=0.20, ║∇J║=2.0e-03
-----On 18/20 Initial Guess Perturbations
Iteration 1359/2000-----
J=1.3e-02, ⟨Jf⟩=1.3e-03, ⟨B·n⟩=8.2e-03, Len=sum([4.8, 4.9, 4.7])=14.3, ϰ=[5.3, 5.9, 4.9], ∫ϰ²/L>=[6.0, 7.3, 8.0], C-C-Sep=0.20, ║∇J║=1.7e-03
-----On 18/20 Initial Guess Perturbations
Iteration 1360/2000-----
J=1.3e-02, ⟨Jf⟩=1.3e-03, ⟨B·n⟩=8.2e-03, Len=sum([4.8, 4.9, 4.7])=14.3, ϰ=[5.3, 5.8, 4.9], ∫ϰ²/L>=[6.1, 7.3, 8.0], C-C-Sep=0.20, ║∇J║=1.9e-03
-----On 18/20 Initial Guess Perturbations
Iteration 1361/2000-----
J=1.3e-02, ⟨Jf⟩=1.3e-03, ⟨B·n⟩=8.2e-03, Len=sum([4.8, 4.9, 4.7])=14.3, ϰ=[5.4, 5.8, 4.9], ∫ϰ²/L>=[6.1, 7.3, 8.0], C-C-Sep=0.20, ║∇J║=2.1e-03
-----On 18/20 Initial Guess Perturbations
Iteration 1362/2000-----
J=1.3e-02, ⟨Jf⟩=1.3e-03, ⟨B·n⟩=8.2e-03, Len=sum([4.8, 4.9, 4.7])=14.3, ϰ=[5.4, 5.8, 4.9], ∫ϰ²/L>=[6.1, 7.3, 8.0], C-C-Sep=0.20, ║∇J║=2.0e-03
-----On 18/20 Initial Guess Perturbations
Iteration 1363/2000-----
J=1.3e-02, ⟨Jf⟩=1.3e-03, ⟨B·n⟩=8.2e-03, Len=sum([4.8, 4.9, 4.7])=14.3, ϰ=[5.4, 5.8, 4.9], ∫ϰ²/L>=[6.1, 7.3, 8.0], C-C-Sep=0.20, ║∇J║=2.4e-03
-----On 18/20 Initial Guess Perturbations
Iteration 1364/2000-----
J=1.3e-02, ⟨Jf⟩=1.3e-03, ⟨B·n⟩=8.2e-03, Len=sum([4.8, 4.9, 4.7])=14.3, ϰ=[5.3, 5.9, 4.9], ∫ϰ²/L>=[6.1, 7.3, 8.0], C-C-Sep=0.20, ║∇J║=2.2e-03
-----On 18/20 Initial Guess Perturbations
Iteration 1365/2000-----
J=1.3e-02, ⟨Jf⟩=1.3e-03, ⟨B·n⟩=8.2e-03, Len=sum([4.8, 4.9, 4.7])=14.3, ϰ=[5.3, 5.8, 4.9], ∫ϰ²/L>=[6.1, 7.3, 8.0], C-C-Sep=0.20, ║∇J║=2.1e-03
-----On 18/20 Initial Guess Perturbations
Iteration 1366/2000-----
J=1.3e-02, ⟨Jf⟩=1.3e-03, ⟨B·n⟩=8.2e-03, Len=sum([4.8, 4.9, 4.7])=14.3, ϰ=[5.4, 5.9, 4.9], ∫ϰ²/L>=[6.1, 7.3, 8.0], C-C-Sep=0.20, ║∇J║=2.3e-03
-----On 18/20 Initial Guess Perturbations
Iteration 1367/2000-----
J=1.3e-02, ⟨Jf⟩=1.3e-03, ⟨B·n⟩=8.2e-03, Len=sum([4.8, 4.9, 4.7])=14.3, ϰ=[5.4, 5.9, 4.9], ∫ϰ²/L>=[6.1, 7.3, 8.0], C-C-Sep=0.20, ║∇J║=2.5e-03
-----On 18/20 Initial Guess Perturbations
Iteration 1368/2000-----
J=1.3e-02, ⟨Jf⟩=1.3e-03, ⟨B·n⟩=8.2e-03, Len=sum([4.8, 4.9, 4.7])=14.3, ϰ=[5.4, 5.9, 4.9], ∫ϰ²/L>=[6.1, 7.3, 8.0], C-C-Sep=0.20, ║∇J║=2.0e-03
-----On 18/20 Initial Guess Perturbations
Iteration 1369/2000-----
J=1.3e-02, ⟨Jf⟩=1.3e-03, ⟨B·n⟩=8.2e-03, Len=sum([4.8, 4.9, 4.7])=14.3, ϰ=[5.4, 5.9, 4.9], ∫ϰ²/L>=[6.1, 7.3, 8.0], C-C-Sep=0.20, ║∇J║=1.9e-03
-----On 18/20 Initial Guess Perturbations
Iteration 1370/2000-----
J=1.3e-02, ⟨Jf⟩=1.3e-03, ⟨B·n⟩=8.2e-03, Len=sum([4.8, 4.9, 4.7])=14.3, ϰ=[5.4, 5.8, 4.9], ∫ϰ²/L>=[6.1, 7.3, 8.0], C-C-Sep=0.20, ║∇J║=2.1e-03
-----On 18/20 Initial Guess Perturbations
Iteration 1371/2000-----
J=1.3e-02, ⟨Jf⟩=1.3e-03, ⟨B·n⟩=8.2e-03, Len=sum([4.8, 4.9, 4.7])=14.3, ϰ=[5.4, 5.8, 4.9], ∫ϰ²/L>=[6.1, 7.3, 7.9], C-C-Sep=0.20, ║∇J║=2.0e-03
-----On 18/20 Initial Guess Perturbations
Iteration 1372/2000-----
J=1.3e-02, ⟨Jf⟩=1.3e-03, ⟨B·n⟩=8.2e-03, Len=sum([4.8, 4.9, 4.7])=14.3, ϰ=[5.4, 5.8, 4.9], ∫ϰ²/L>=[6.1, 7.3, 7.9], C-C-Sep=0.20, ║∇J║=2.0e-03
-----On 18/20 Initial Guess Perturbations
Iteration 1373/2000-----
J=1.3e-02, ⟨Jf⟩=1.3e-03, ⟨B·n⟩=8.2e-03, Len=sum([4.8, 4.9, 4.7])=14.3, ϰ=[5.3, 5.8, 4.9], ∫ϰ²/L>=[6.1, 7.3, 7.9], C-C-Sep=0.20, ║∇J║=2.0e-03
-----On 18/20 Initial Guess Perturbations
Iteration 1374/2000-----
J=1.3e-02, ⟨Jf⟩=1.3e-03, ⟨B·n⟩=8.2e-03, Len=sum([4.8, 4.9, 4.7])=14.3, ϰ=[5.3, 5.8, 4.9], ∫ϰ²/L>=[6.1, 7.3, 8.0], C-C-Sep=0.20, ║∇J║=2.1e-03
-----On 18/20 Initial Guess Perturbations
Iteration 1375/2000-----
J=1.3e-02, ⟨Jf⟩=1.3e-03, ⟨B·n⟩=8.2e-03, Len=sum([4.8, 4.9, 4.7])=14.3, ϰ=[5.2, 5.8, 4.9], ∫ϰ²/L>=[6.1, 7.3, 8.0], C-C-Sep=0.20, ║∇J║=2.0e-03
-----On 18/20 Initial Guess Perturbations
Iteration 1376/2000-----
J=1.3e-02, ⟨Jf⟩=1.3e-03, ⟨B·n⟩=8.2e-03, Len=sum([4.8, 4.9, 4.7])=14.3, ϰ=[5.3, 5.8, 4.9], ∫ϰ²/L>=[6.1, 7.3, 8.0], C-C-Sep=0.20, ║∇J║=2.5e-03
-----On 18/20 Initial Guess Perturbations
Iteration 1377/2000-----
J=1.3e-02, ⟨Jf⟩=1.3e-03, ⟨B·n⟩=8.2e-03, Len=sum([4.8, 4.9, 4.7])=14.3, ϰ=[5.3, 5.8, 4.9], ∫ϰ²/L>=[6.1, 7.3, 8.0], C-C-Sep=0.20, ║∇J║=2.4e-03
-----On 18/20 Initial Guess Perturbations
Iteration 1378/2000-----
J=1.3e-02, ⟨Jf⟩=1.3e-03, ⟨B·n⟩=8.2e-03, Len=sum([4.8, 4.9, 4.7])=14.3, ϰ=[5.3, 5.8, 4.9], ∫ϰ²/L>=[6.1, 7.3, 7.9], C-C-Sep=0.20, ║∇J║=1.5e-03
-----On 18/20 Initial Guess Perturbations
Iteration 1379/2000-----
J=1.3e-02, ⟨Jf⟩=1.3e-03, ⟨B·n⟩=8.2e-03, Len=sum([4.8, 4.9, 4.7])=14.3, ϰ=[5.3, 5.8, 4.9], ∫ϰ²/L>=[6.1, 7.3, 7.9], C-C-Sep=0.20, ║∇J║=1.5e-03
-----On 18/20 Initial Guess Perturbations
Iteration 1380/2000-----
J=1.3e-02, ⟨Jf⟩=1.3e-03, ⟨B·n⟩=8.2e-03, Len=sum([4.8, 4.9, 4.7])=14.3, ϰ=[5.3, 5.8, 4.9], ∫ϰ²/L>=[6.1, 7.3, 7.9], C-C-Sep=0.20, ║∇J║=2.0e-03
-----On 18/20 Initial Guess Perturbations
Iteration 1381/2000-----
J=1.3e-02, ⟨Jf⟩=1.3e-03, ⟨B·n⟩=8.2e-03, Len=sum([4.8, 4.9, 4.7])=14.3, ϰ=[5.3, 5.8, 4.9], ∫ϰ²/L>=[6.1, 7.3, 8.0], C-C-Sep=0.20, ║∇J║=2.2e-03
-----On 18/20 Initial Guess Perturbations
Iteration 1382/2000-----
J=1.3e-02, ⟨Jf⟩=1.3e-03, ⟨B·n⟩=8.2e-03, Len=sum([4.8, 4.9, 4.7])=14.3, ϰ=[5.3, 5.8, 4.9], ∫ϰ²/L>=[6.1, 7.3, 8.0], C-C-Sep=0.20, ║∇J║=2.4e-03
-----On 18/20 Initial Guess Perturbations
Iteration 1383/2000-----
J=1.3e-02, ⟨Jf⟩=1.3e-03, ⟨B·n⟩=8.2e-03, Len=sum([4.8, 4.9, 4.7])=14.3, ϰ=[5.3, 5.8, 4.9], ∫ϰ²/L>=[6.1, 7.3, 8.0], C-C-Sep=0.20, ║∇J║=1.7e-03
-----On 18/20 Initial Guess Perturbations
Iteration 1384/2000-----
J=1.3e-02, ⟨Jf⟩=1.3e-03, ⟨B·n⟩=8.2e-03, Len=sum([4.8, 4.9, 4.7])=14.3, ϰ=[5.3, 5.8, 4.9], ∫ϰ²/L>=[6.1, 7.3, 8.0], C-C-Sep=0.20, ║∇J║=1.7e-03
-----On 18/20 Initial Guess Perturbations
Iteration 1385/2000-----
J=1.3e-02, ⟨Jf⟩=1.3e-03, ⟨B·n⟩=8.2e-03, Len=sum([4.8, 4.9, 4.7])=14.3, ϰ=[5.3, 5.8, 4.9], ∫ϰ²/L>=[6.1, 7.3, 8.0], C-C-Sep=0.20, ║∇J║=1.7e-03
-----On 18/20 Initial Guess Perturbations
Iteration 1386/2000-----
J=1.3e-02, ⟨Jf⟩=1.3e-03, ⟨B·n⟩=8.2e-03, Len=sum([4.8, 4.9, 4.7])=14.3, ϰ=[5.3, 5.8, 4.9], ∫ϰ²/L>=[6.1, 7.3, 8.0], C-C-Sep=0.20, ║∇J║=1.7e-03
-----On 18/20 Initial Guess Perturbations
Iteration 1387/2000-----
J=1.3e-02, ⟨Jf⟩=1.3e-03, ⟨B·n⟩=8.2e-03, Len=sum([4.8, 4.9, 4.7])=14.3, ϰ=[5.3, 5.8, 4.9], ∫ϰ²/L>=[6.1, 7.3, 8.0], C-C-Sep=0.20, ║∇J║=2.1e-03
-----On 18/20 Initial Guess Perturbations
Iteration 1388/2000-----
J=1.3e-02, ⟨Jf⟩=1.3e-03, ⟨B·n⟩=8.2e-03, Len=sum([4.8, 4.9, 4.7])=14.3, ϰ=[5.3, 5.8, 4.9], ∫ϰ²/L>=[6.1, 7.3, 8.0], C-C-Sep=0.20, ║∇J║=1.6e-03
-----On 18/20 Initial Guess Perturbations
Iteration 1389/2000-----
J=1.3e-02, ⟨Jf⟩=1.3e-03, ⟨B·n⟩=8.2e-03, Len=sum([4.8, 4.9, 4.7])=14.3, ϰ=[5.3, 5.8, 4.9], ∫ϰ²/L>=[6.1, 7.3, 8.0], C-C-Sep=0.20, ║∇J║=1.8e-03
-----On 18/20 Initial Guess Perturbations
Iteration 1390/2000-----
J=1.3e-02, ⟨Jf⟩=1.3e-03, ⟨B·n⟩=8.2e-03, Len=sum([4.8, 4.9, 4.7])=14.3, ϰ=[5.3, 5.8, 4.9], ∫ϰ²/L>=[6.1, 7.3, 8.0], C-C-Sep=0.20, ║∇J║=2.2e-03
-----On 18/20 Initial Guess Perturbations
Iteration 1391/2000-----
J=1.3e-02, ⟨Jf⟩=1.3e-03, ⟨B·n⟩=8.2e-03, Len=sum([4.8, 4.9, 4.7])=14.3, ϰ=[5.3, 5.8, 4.9], ∫ϰ²/L>=[6.1, 7.3, 8.0], C-C-Sep=0.20, ║∇J║=2.2e-03
-----On 18/20 Initial Guess Perturbations
Iteration 1392/2000-----
J=1.3e-02, ⟨Jf⟩=1.3e-03, ⟨B·n⟩=8.2e-03, Len=sum([4.8, 4.9, 4.7])=14.3, ϰ=[5.3, 5.8, 4.9], ∫ϰ²/L>=[6.1, 7.3, 8.0], C-C-Sep=0.20, ║∇J║=2.1e-03
-----On 18/20 Initial Guess Perturbations
Iteration 1393/2000-----
J=1.3e-02, ⟨Jf⟩=1.3e-03, ⟨B·n⟩=8.2e-03, Len=sum([4.8, 4.9, 4.7])=14.3, ϰ=[5.3, 5.8, 4.9], ∫ϰ²/L>=[6.1, 7.3, 8.0], C-C-Sep=0.20, ║∇J║=2.0e-03
-----On 18/20 Initial Guess Perturbations
Iteration 1394/2000-----
J=1.3e-02, ⟨Jf⟩=1.3e-03, ⟨B·n⟩=8.2e-03, Len=sum([4.8, 4.9, 4.7])=14.3, ϰ=[5.3, 5.8, 4.9], ∫ϰ²/L>=[6.1, 7.3, 8.0], C-C-Sep=0.20, ║∇J║=1.6e-03
-----On 18/20 Initial Guess Perturbations
Iteration 1395/2000-----
J=1.3e-02, ⟨Jf⟩=1.3e-03, ⟨B·n⟩=8.2e-03, Len=sum([4.8, 4.9, 4.7])=14.3, ϰ=[5.3, 5.8, 4.9], ∫ϰ²/L>=[6.1, 7.3, 8.0], C-C-Sep=0.20, ║∇J║=1.7e-03
-----On 18/20 Initial Guess Perturbations
Iteration 1396/2000-----
J=1.3e-02, ⟨Jf⟩=1.3e-03, ⟨B·n⟩=8.2e-03, Len=sum([4.8, 4.9, 4.7])=14.3, ϰ=[5.3, 5.8, 4.9], ∫ϰ²/L>=[6.1, 7.3, 8.0], C-C-Sep=0.20, ║∇J║=1.8e-03
-----On 18/20 Initial Guess Perturbations
Iteration 1397/2000-----
J=1.3e-02, ⟨Jf⟩=1.3e-03, ⟨B·n⟩=8.2e-03, Len=sum([4.8, 4.9, 4.7])=14.3, ϰ=[5.3, 5.8, 4.9], ∫ϰ²/L>=[6.1, 7.3, 8.0], C-C-Sep=0.20, ║∇J║=1.5e-03
-----On 18/20 Initial Guess Perturbations
Iteration 1398/2000-----
J=1.3e-02, ⟨Jf⟩=1.3e-03, ⟨B·n⟩=8.2e-03, Len=sum([4.8, 4.9, 4.7])=14.3, ϰ=[5.3, 5.9, 4.9], ∫ϰ²/L>=[6.1, 7.3, 8.0], C-C-Sep=0.20, ║∇J║=1.8e-03
-----On 18/20 Initial Guess Perturbations
Iteration 1399/2000-----
J=1.3e-02, ⟨Jf⟩=1.3e-03, ⟨B·n⟩=8.2e-03, Len=sum([4.8, 4.9, 4.7])=14.3, ϰ=[5.3, 5.9, 4.9], ∫ϰ²/L>=[6.1, 7.3, 8.0], C-C-Sep=0.20, ║∇J║=2.0e-03
-----On 18/20 Initial Guess Perturbations
Iteration 1400/2000-----
J=1.3e-02, ⟨Jf⟩=1.3e-03, ⟨B·n⟩=8.2e-03, Len=sum([4.8, 4.9, 4.7])=14.3, ϰ=[5.3, 5.9, 4.9], ∫ϰ²/L>=[6.1, 7.3, 8.0], C-C-Sep=0.20, ║∇J║=1.9e-03
-----On 18/20 Initial Guess Perturbations
Iteration 1401/2000-----
J=1.3e-02, ⟨Jf⟩=1.3e-03, ⟨B·n⟩=8.2e-03, Len=sum([4.8, 4.9, 4.7])=14.3, ϰ=[5.3, 5.9, 4.9], ∫ϰ²/L>=[6.1, 7.3, 8.0], C-C-Sep=0.20, ║∇J║=2.0e-03
-----On 18/20 Initial Guess Perturbations
Iteration 1402/2000-----
J=1.3e-02, ⟨Jf⟩=1.3e-03, ⟨B·n⟩=8.2e-03, Len=sum([4.8, 4.9, 4.7])=14.3, ϰ=[5.3, 5.9, 4.8], ∫ϰ²/L>=[6.1, 7.3, 8.0], C-C-Sep=0.20, ║∇J║=1.8e-03
-----On 18/20 Initial Guess Perturbations
Iteration 1403/2000-----
J=1.3e-02, ⟨Jf⟩=1.3e-03, ⟨B·n⟩=8.2e-03, Len=sum([4.8, 4.9, 4.7])=14.3, ϰ=[5.3, 5.9, 4.8], ∫ϰ²/L>=[6.1, 7.3, 8.0], C-C-Sep=0.20, ║∇J║=1.9e-03
-----On 18/20 Initial Guess Perturbations
Iteration 1404/2000-----
J=1.3e-02, ⟨Jf⟩=1.3e-03, ⟨B·n⟩=8.2e-03, Len=sum([4.8, 4.9, 4.7])=14.3, ϰ=[5.3, 5.9, 4.8], ∫ϰ²/L>=[6.1, 7.3, 8.0], C-C-Sep=0.20, ║∇J║=1.6e-03
-----On 18/20 Initial Guess Perturbations
Iteration 1405/2000-----
J=1.3e-02, ⟨Jf⟩=1.3e-03, ⟨B·n⟩=8.2e-03, Len=sum([4.8, 4.9, 4.7])=14.3, ϰ=[5.4, 5.9, 4.8], ∫ϰ²/L>=[6.1, 7.3, 8.0], C-C-Sep=0.20, ║∇J║=1.8e-03
-----On 18/20 Initial Guess Perturbations
Iteration 1406/2000-----
J=1.3e-02, ⟨Jf⟩=1.3e-03, ⟨B·n⟩=8.2e-03, Len=sum([4.8, 4.9, 4.7])=14.3, ϰ=[5.4, 5.9, 4.8], ∫ϰ²/L>=[6.1, 7.3, 8.0], C-C-Sep=0.20, ║∇J║=1.9e-03
-----On 18/20 Initial Guess Perturbations
Iteration 1407/2000-----
J=1.3e-02, ⟨Jf⟩=1.3e-03, ⟨B·n⟩=8.2e-03, Len=sum([4.8, 4.9, 4.7])=14.3, ϰ=[5.4, 5.9, 4.9], ∫ϰ²/L>=[6.1, 7.3, 8.0], C-C-Sep=0.20, ║∇J║=1.7e-03
-----On 18/20 Initial Guess Perturbations
Iteration 1408/2000-----
J=1.3e-02, ⟨Jf⟩=1.3e-03, ⟨B·n⟩=8.2e-03, Len=sum([4.8, 4.9, 4.7])=14.3, ϰ=[5.4, 5.9, 4.9], ∫ϰ²/L>=[6.1, 7.3, 8.0], C-C-Sep=0.20, ║∇J║=2.4e-03
-----On 18/20 Initial Guess Perturbations
Iteration 1409/2000-----
J=1.3e-02, ⟨Jf⟩=1.3e-03, ⟨B·n⟩=8.2e-03, Len=sum([4.8, 4.9, 4.7])=14.3, ϰ=[5.4, 5.9, 4.9], ∫ϰ²/L>=[6.1, 7.3, 8.0], C-C-Sep=0.20, ║∇J║=1.9e-03
-----On 18/20 Initial Guess Perturbations
Iteration 1410/2000-----
J=1.3e-02, ⟨Jf⟩=1.3e-03, ⟨B·n⟩=8.2e-03, Len=sum([4.8, 4.9, 4.7])=14.3, ϰ=[5.4, 5.9, 4.9], ∫ϰ²/L>=[6.1, 7.3, 8.0], C-C-Sep=0.20, ║∇J║=1.7e-03
-----On 18/20 Initial Guess Perturbations
Iteration 1411/2000-----
J=1.3e-02, ⟨Jf⟩=1.3e-03, ⟨B·n⟩=8.2e-03, Len=sum([4.8, 4.9, 4.7])=14.3, ϰ=[5.4, 5.9, 4.9], ∫ϰ²/L>=[6.1, 7.3, 8.0], C-C-Sep=0.20, ║∇J║=2.0e-03
-----On 18/20 Initial Guess Perturbations
Iteration 1412/2000-----
J=1.3e-02, ⟨Jf⟩=1.3e-03, ⟨B·n⟩=8.2e-03, Len=sum([4.8, 4.9, 4.7])=14.3, ϰ=[5.4, 5.9, 4.9], ∫ϰ²/L>=[6.1, 7.3, 8.0], C-C-Sep=0.20, ║∇J║=2.2e-03
-----On 18/20 Initial Guess Perturbations
Iteration 1413/2000-----
J=1.3e-02, ⟨Jf⟩=1.3e-03, ⟨B·n⟩=8.2e-03, Len=sum([4.8, 4.9, 4.7])=14.3, ϰ=[5.5, 5.8, 4.9], ∫ϰ²/L>=[6.1, 7.3, 8.0], C-C-Sep=0.20, ║∇J║=1.8e-03
-----On 18/20 Initial Guess Perturbations
Iteration 1414/2000-----
J=1.3e-02, ⟨Jf⟩=1.3e-03, ⟨B·n⟩=8.2e-03, Len=sum([4.8, 4.9, 4.7])=14.3, ϰ=[5.5, 5.9, 4.9], ∫ϰ²/L>=[6.1, 7.3, 8.0], C-C-Sep=0.20, ║∇J║=1.9e-03
-----On 18/20 Initial Guess Perturbations
Iteration 1415/2000-----
J=1.3e-02, ⟨Jf⟩=1.3e-03, ⟨B·n⟩=8.2e-03, Len=sum([4.8, 4.9, 4.7])=14.3, ϰ=[5.5, 5.9, 4.8], ∫ϰ²/L>=[6.1, 7.3, 8.0], C-C-Sep=0.20, ║∇J║=1.9e-03
-----On 18/20 Initial Guess Perturbations
Iteration 1416/2000-----
J=1.3e-02, ⟨Jf⟩=1.3e-03, ⟨B·n⟩=8.2e-03, Len=sum([4.8, 4.9, 4.7])=14.3, ϰ=[5.5, 5.9, 4.9], ∫ϰ²/L>=[6.1, 7.3, 8.0], C-C-Sep=0.20, ║∇J║=2.2e-03
-----On 18/20 Initial Guess Perturbations
Iteration 1417/2000-----
J=1.3e-02, ⟨Jf⟩=1.3e-03, ⟨B·n⟩=8.2e-03, Len=sum([4.8, 4.9, 4.7])=14.3, ϰ=[5.5, 5.8, 4.8], ∫ϰ²/L>=[6.1, 7.3, 8.0], C-C-Sep=0.20, ║∇J║=2.2e-03
-----On 18/20 Initial Guess Perturbations
Iteration 1418/2000-----
J=1.3e-02, ⟨Jf⟩=1.3e-03, ⟨B·n⟩=8.2e-03, Len=sum([4.8, 4.9, 4.7])=14.3, ϰ=[5.5, 5.9, 4.8], ∫ϰ²/L>=[6.1, 7.3, 8.0], C-C-Sep=0.20, ║∇J║=2.2e-03
-----On 18/20 Initial Guess Perturbations
Iteration 1419/2000-----
J=1.3e-02, ⟨Jf⟩=1.3e-03, ⟨B·n⟩=8.2e-03, Len=sum([4.8, 4.9, 4.7])=14.3, ϰ=[5.5, 5.9, 4.8], ∫ϰ²/L>=[6.1, 7.3, 8.0], C-C-Sep=0.20, ║∇J║=2.7e-03
-----On 18/20 Initial Guess Perturbations
Iteration 1420/2000-----
J=1.3e-02, ⟨Jf⟩=1.3e-03, ⟨B·n⟩=8.2e-03, Len=sum([4.8, 4.9, 4.7])=14.3, ϰ=[5.5, 5.9, 4.8], ∫ϰ²/L>=[6.1, 7.3, 8.0], C-C-Sep=0.20, ║∇J║=1.9e-03
-----On 18/20 Initial Guess Perturbations
Iteration 1421/2000-----
J=1.3e-02, ⟨Jf⟩=1.3e-03, ⟨B·n⟩=8.2e-03, Len=sum([4.8, 4.9, 4.7])=14.3, ϰ=[5.5, 5.9, 4.8], ∫ϰ²/L>=[6.1, 7.3, 8.0], C-C-Sep=0.20, ║∇J║=1.8e-03
-----On 18/20 Initial Guess Perturbations
Iteration 1422/2000-----
J=1.3e-02, ⟨Jf⟩=1.3e-03, ⟨B·n⟩=8.2e-03, Len=sum([4.8, 4.9, 4.7])=14.3, ϰ=[5.5, 5.9, 4.8], ∫ϰ²/L>=[6.1, 7.3, 8.0], C-C-Sep=0.20, ║∇J║=1.7e-03
-----On 18/20 Initial Guess Perturbations
Iteration 1423/2000-----
J=1.3e-02, ⟨Jf⟩=1.3e-03, ⟨B·n⟩=8.2e-03, Len=sum([4.8, 4.9, 4.7])=14.3, ϰ=[5.5, 5.9, 4.8], ∫ϰ²/L>=[6.1, 7.3, 8.0], C-C-Sep=0.20, ║∇J║=1.8e-03
-----On 18/20 Initial Guess Perturbations
Iteration 1424/2000-----
J=1.3e-02, ⟨Jf⟩=1.3e-03, ⟨B·n⟩=8.2e-03, Len=sum([4.8, 4.9, 4.7])=14.3, ϰ=[5.5, 5.9, 4.8], ∫ϰ²/L>=[6.1, 7.4, 8.0], C-C-Sep=0.20, ║∇J║=2.4e-03
-----On 18/20 Initial Guess Perturbations
Iteration 1425/2000-----
J=1.3e-02, ⟨Jf⟩=1.3e-03, ⟨B·n⟩=8.2e-03, Len=sum([4.8, 4.9, 4.7])=14.3, ϰ=[5.4, 5.9, 4.9], ∫ϰ²/L>=[6.1, 7.4, 8.0], C-C-Sep=0.20, ║∇J║=2.0e-03
-----On 18/20 Initial Guess Perturbations
Iteration 1426/2000-----
J=1.3e-02, ⟨Jf⟩=1.3e-03, ⟨B·n⟩=8.2e-03, Len=sum([4.8, 4.9, 4.7])=14.3, ϰ=[5.4, 5.9, 4.9], ∫ϰ²/L>=[6.1, 7.4, 8.0], C-C-Sep=0.20, ║∇J║=2.4e-03
-----On 18/20 Initial Guess Perturbations
Iteration 1427/2000-----
J=1.3e-02, ⟨Jf⟩=1.3e-03, ⟨B·n⟩=8.2e-03, Len=sum([4.8, 4.9, 4.7])=14.3, ϰ=[5.4, 5.9, 4.9], ∫ϰ²/L>=[6.1, 7.4, 8.0], C-C-Sep=0.20, ║∇J║=2.1e-03
-----On 18/20 Initial Guess Perturbations
Iteration 1428/2000-----
J=1.3e-02, ⟨Jf⟩=1.3e-03, ⟨B·n⟩=8.2e-03, Len=sum([4.8, 4.9, 4.7])=14.3, ϰ=[5.4, 5.9, 4.9], ∫ϰ²/L>=[6.1, 7.4, 8.0], C-C-Sep=0.20, ║∇J║=1.6e-03
-----On 18/20 Initial Guess Perturbations
Iteration 1429/2000-----
J=1.3e-02, ⟨Jf⟩=1.3e-03, ⟨B·n⟩=8.2e-03, Len=sum([4.8, 4.9, 4.7])=14.3, ϰ=[5.4, 5.9, 4.9], ∫ϰ²/L>=[6.1, 7.4, 8.0], C-C-Sep=0.20, ║∇J║=1.5e-03
-----On 18/20 Initial Guess Perturbations
Iteration 1430/2000-----
J=1.3e-02, ⟨Jf⟩=1.3e-03, ⟨B·n⟩=8.2e-03, Len=sum([4.8, 4.9, 4.7])=14.3, ϰ=[5.4, 5.9, 4.9], ∫ϰ²/L>=[6.1, 7.4, 8.0], C-C-Sep=0.20, ║∇J║=2.1e-03
-----On 18/20 Initial Guess Perturbations
Iteration 1431/2000-----
J=1.3e-02, ⟨Jf⟩=1.3e-03, ⟨B·n⟩=8.2e-03, Len=sum([4.8, 4.9, 4.7])=14.3, ϰ=[5.3, 5.9, 4.9], ∫ϰ²/L>=[6.1, 7.4, 8.0], C-C-Sep=0.20, ║∇J║=2.3e-03
-----On 18/20 Initial Guess Perturbations
Iteration 1432/2000-----
J=1.3e-02, ⟨Jf⟩=1.3e-03, ⟨B·n⟩=8.2e-03, Len=sum([4.8, 4.9, 4.7])=14.3, ϰ=[5.3, 5.9, 4.9], ∫ϰ²/L>=[6.1, 7.4, 8.0], C-C-Sep=0.20, ║∇J║=1.9e-03
-----On 18/20 Initial Guess Perturbations
Iteration 1433/2000-----
J=1.3e-02, ⟨Jf⟩=1.3e-03, ⟨B·n⟩=8.2e-03, Len=sum([4.8, 4.9, 4.7])=14.3, ϰ=[5.3, 5.9, 4.9], ∫ϰ²/L>=[6.1, 7.4, 8.0], C-C-Sep=0.20, ║∇J║=2.1e-03
-----On 18/20 Initial Guess Perturbations
Iteration 1434/2000-----
J=1.3e-02, ⟨Jf⟩=1.3e-03, ⟨B·n⟩=8.2e-03, Len=sum([4.8, 4.9, 4.7])=14.3, ϰ=[5.4, 5.9, 4.9], ∫ϰ²/L>=[6.1, 7.4, 8.0], C-C-Sep=0.20, ║∇J║=2.3e-03
-----On 18/20 Initial Guess Perturbations
Iteration 1435/2000-----
J=1.3e-02, ⟨Jf⟩=1.3e-03, ⟨B·n⟩=8.2e-03, Len=sum([4.8, 4.9, 4.7])=14.3, ϰ=[5.4, 5.9, 4.9], ∫ϰ²/L>=[6.1, 7.4, 8.0], C-C-Sep=0.20, ║∇J║=2.3e-03
-----On 18/20 Initial Guess Perturbations
Iteration 1436/2000-----
J=1.3e-02, ⟨Jf⟩=1.3e-03, ⟨B·n⟩=8.2e-03, Len=sum([4.8, 4.9, 4.7])=14.3, ϰ=[5.3, 5.9, 4.9], ∫ϰ²/L>=[6.1, 7.4, 8.0], C-C-Sep=0.20, ║∇J║=3.5e-03
-----On 18/20 Initial Guess Perturbations
Iteration 1437/2000-----
J=1.3e-02, ⟨Jf⟩=1.3e-03, ⟨B·n⟩=8.2e-03, Len=sum([4.8, 4.9, 4.7])=14.3, ϰ=[5.3, 5.9, 4.9], ∫ϰ²/L>=[6.1, 7.4, 8.0], C-C-Sep=0.20, ║∇J║=2.6e-03
-----On 18/20 Initial Guess Perturbations
Iteration 1438/2000-----
J=1.3e-02, ⟨Jf⟩=1.3e-03, ⟨B·n⟩=8.2e-03, Len=sum([4.8, 4.9, 4.7])=14.3, ϰ=[5.3, 5.9, 4.9], ∫ϰ²/L>=[6.1, 7.4, 8.0], C-C-Sep=0.20, ║∇J║=1.7e-03
-----On 18/20 Initial Guess Perturbations
Iteration 1439/2000-----
J=1.3e-02, ⟨Jf⟩=1.3e-03, ⟨B·n⟩=8.2e-03, Len=sum([4.8, 4.9, 4.7])=14.3, ϰ=[5.3, 5.9, 4.9], ∫ϰ²/L>=[6.1, 7.4, 8.0], C-C-Sep=0.20, ║∇J║=1.8e-03
-----On 18/20 Initial Guess Perturbations
Iteration 1440/2000-----
J=1.3e-02, ⟨Jf⟩=1.3e-03, ⟨B·n⟩=8.2e-03, Len=sum([4.8, 4.9, 4.7])=14.3, ϰ=[5.3, 5.9, 4.9], ∫ϰ²/L>=[6.1, 7.4, 8.0], C-C-Sep=0.20, ║∇J║=2.2e-03
-----On 18/20 Initial Guess Perturbations
Iteration 1441/2000-----
J=1.3e-02, ⟨Jf⟩=1.3e-03, ⟨B·n⟩=8.2e-03, Len=sum([4.8, 4.9, 4.7])=14.3, ϰ=[5.3, 5.9, 4.9], ∫ϰ²/L>=[6.1, 7.4, 8.0], C-C-Sep=0.20, ║∇J║=3.0e-03
-----On 18/20 Initial Guess Perturbations
Iteration 1442/2000-----
J=1.3e-02, ⟨Jf⟩=1.3e-03, ⟨B·n⟩=8.2e-03, Len=sum([4.8, 4.9, 4.7])=14.3, ϰ=[5.3, 5.9, 4.9], ∫ϰ²/L>=[6.1, 7.4, 8.0], C-C-Sep=0.20, ║∇J║=2.4e-03
-----On 18/20 Initial Guess Perturbations
Iteration 1443/2000-----
J=1.3e-02, ⟨Jf⟩=1.3e-03, ⟨B·n⟩=8.2e-03, Len=sum([4.8, 4.9, 4.7])=14.3, ϰ=[5.3, 5.9, 4.9], ∫ϰ²/L>=[6.1, 7.4, 8.0], C-C-Sep=0.20, ║∇J║=2.5e-03
-----On 18/20 Initial Guess Perturbations
Iteration 1444/2000-----
J=1.3e-02, ⟨Jf⟩=1.3e-03, ⟨B·n⟩=8.2e-03, Len=sum([4.8, 4.9, 4.7])=14.3, ϰ=[5.3, 5.9, 4.9], ∫ϰ²/L>=[6.1, 7.4, 8.0], C-C-Sep=0.20, ║∇J║=2.1e-03
-----On 18/20 Initial Guess Perturbations
Iteration 1445/2000-----
J=1.3e-02, ⟨Jf⟩=1.3e-03, ⟨B·n⟩=8.2e-03, Len=sum([4.8, 4.9, 4.7])=14.3, ϰ=[5.3, 5.9, 4.9], ∫ϰ²/L>=[6.1, 7.4, 8.0], C-C-Sep=0.20, ║∇J║=2.0e-03
-----On 18/20 Initial Guess Perturbations
Iteration 1446/2000-----
J=1.3e-02, ⟨Jf⟩=1.3e-03, ⟨B·n⟩=8.2e-03, Len=sum([4.8, 4.9, 4.7])=14.3, ϰ=[5.4, 5.9, 4.9], ∫ϰ²/L>=[6.1, 7.4, 8.0], C-C-Sep=0.20, ║∇J║=1.8e-03
-----On 18/20 Initial Guess Perturbations
Iteration 1447/2000-----
J=1.3e-02, ⟨Jf⟩=1.3e-03, ⟨B·n⟩=8.2e-03, Len=sum([4.8, 4.9, 4.7])=14.3, ϰ=[5.4, 5.9, 4.9], ∫ϰ²/L>=[6.1, 7.4, 8.0], C-C-Sep=0.20, ║∇J║=2.2e-03
-----On 18/20 Initial Guess Perturbations
Iteration 1448/2000-----
J=1.3e-02, ⟨Jf⟩=1.3e-03, ⟨B·n⟩=8.2e-03, Len=sum([4.8, 4.9, 4.7])=14.3, ϰ=[5.3, 5.9, 4.9], ∫ϰ²/L>=[6.1, 7.4, 8.0], C-C-Sep=0.20, ║∇J║=2.4e-03
-----On 18/20 Initial Guess Perturbations
Iteration 1449/2000-----
J=1.3e-02, ⟨Jf⟩=1.3e-03, ⟨B·n⟩=8.2e-03, Len=sum([4.8, 4.9, 4.7])=14.3, ϰ=[5.3, 5.9, 4.9], ∫ϰ²/L>=[6.1, 7.4, 8.0], C-C-Sep=0.20, ║∇J║=2.0e-03
-----On 18/20 Initial Guess Perturbations
Iteration 1450/2000-----
J=1.3e-02, ⟨Jf⟩=1.3e-03, ⟨B·n⟩=8.2e-03, Len=sum([4.8, 4.9, 4.7])=14.3, ϰ=[5.3, 5.9, 4.9], ∫ϰ²/L>=[6.1, 7.4, 8.0], C-C-Sep=0.20, ║∇J║=1.7e-03
-----On 18/20 Initial Guess Perturbations
Iteration 1451/2000-----
J=1.3e-02, ⟨Jf⟩=1.3e-03, ⟨B·n⟩=8.2e-03, Len=sum([4.8, 4.9, 4.7])=14.3, ϰ=[5.3, 5.9, 4.8], ∫ϰ²/L>=[6.1, 7.4, 8.0], C-C-Sep=0.20, ║∇J║=1.8e-03
-----On 18/20 Initial Guess Perturbations
Iteration 1452/2000-----
J=1.3e-02, ⟨Jf⟩=1.3e-03, ⟨B·n⟩=8.2e-03, Len=sum([4.8, 4.9, 4.7])=14.3, ϰ=[5.3, 5.9, 4.8], ∫ϰ²/L>=[6.1, 7.4, 8.0], C-C-Sep=0.20, ║∇J║=1.8e-03
-----On 18/20 Initial Guess Perturbations
Iteration 1453/2000-----
J=1.3e-02, ⟨Jf⟩=1.3e-03, ⟨B·n⟩=8.2e-03, Len=sum([4.8, 4.9, 4.7])=14.3, ϰ=[5.2, 5.9, 4.8], ∫ϰ²/L>=[6.1, 7.4, 8.0], C-C-Sep=0.20, ║∇J║=1.9e-03
-----On 18/20 Initial Guess Perturbations
Iteration 1454/2000-----
J=1.3e-02, ⟨Jf⟩=1.3e-03, ⟨B·n⟩=8.2e-03, Len=sum([4.8, 4.9, 4.7])=14.3, ϰ=[5.2, 5.9, 4.8], ∫ϰ²/L>=[6.1, 7.4, 8.0], C-C-Sep=0.20, ║∇J║=2.2e-03
-----On 18/20 Initial Guess Perturbations
Iteration 1455/2000-----
J=1.3e-02, ⟨Jf⟩=1.3e-03, ⟨B·n⟩=8.2e-03, Len=sum([4.8, 4.9, 4.7])=14.3, ϰ=[5.2, 5.8, 4.8], ∫ϰ²/L>=[6.1, 7.4, 8.0], C-C-Sep=0.20, ║∇J║=2.3e-03
-----On 18/20 Initial Guess Perturbations
Iteration 1456/2000-----
J=1.3e-02, ⟨Jf⟩=1.3e-03, ⟨B·n⟩=8.2e-03, Len=sum([4.8, 4.9, 4.7])=14.3, ϰ=[5.3, 5.8, 4.8], ∫ϰ²/L>=[6.1, 7.4, 8.0], C-C-Sep=0.20, ║∇J║=1.6e-03
-----On 18/20 Initial Guess Perturbations
Iteration 1457/2000-----
J=1.3e-02, ⟨Jf⟩=1.3e-03, ⟨B·n⟩=8.2e-03, Len=sum([4.8, 4.9, 4.7])=14.3, ϰ=[5.3, 5.8, 4.8], ∫ϰ²/L>=[6.1, 7.4, 8.0], C-C-Sep=0.20, ║∇J║=1.9e-03
-----On 18/20 Initial Guess Perturbations
Iteration 1458/2000-----
J=1.3e-02, ⟨Jf⟩=1.3e-03, ⟨B·n⟩=8.2e-03, Len=sum([4.8, 4.9, 4.7])=14.3, ϰ=[5.3, 5.8, 4.9], ∫ϰ²/L>=[6.1, 7.4, 8.0], C-C-Sep=0.20, ║∇J║=2.1e-03
-----On 18/20 Initial Guess Perturbations
Iteration 1459/2000-----
J=1.3e-02, ⟨Jf⟩=1.3e-03, ⟨B·n⟩=8.2e-03, Len=sum([4.8, 4.9, 4.7])=14.3, ϰ=[5.4, 5.8, 4.9], ∫ϰ²/L>=[6.1, 7.4, 8.0], C-C-Sep=0.20, ║∇J║=2.2e-03
-----On 18/20 Initial Guess Perturbations
Iteration 1460/2000-----
J=1.3e-02, ⟨Jf⟩=1.3e-03, ⟨B·n⟩=8.2e-03, Len=sum([4.8, 4.9, 4.7])=14.3, ϰ=[5.4, 5.8, 4.9], ∫ϰ²/L>=[6.1, 7.4, 8.0], C-C-Sep=0.20, ║∇J║=1.8e-03
-----On 18/20 Initial Guess Perturbations
Iteration 1461/2000-----
J=1.3e-02, ⟨Jf⟩=1.3e-03, ⟨B·n⟩=8.2e-03, Len=sum([4.8, 4.9, 4.7])=14.3, ϰ=[5.4, 5.7, 4.9], ∫ϰ²/L>=[6.1, 7.3, 8.0], C-C-Sep=0.20, ║∇J║=2.9e-03
-----On 18/20 Initial Guess Perturbations
Iteration 1462/2000-----
J=1.3e-02, ⟨Jf⟩=1.3e-03, ⟨B·n⟩=8.2e-03, Len=sum([4.8, 4.9, 4.7])=14.3, ϰ=[5.4, 5.7, 4.9], ∫ϰ²/L>=[6.1, 7.3, 8.0], C-C-Sep=0.20, ║∇J║=1.8e-03
-----On 18/20 Initial Guess Perturbations
Iteration 1463/2000-----
J=1.3e-02, ⟨Jf⟩=1.3e-03, ⟨B·n⟩=8.2e-03, Len=sum([4.8, 4.9, 4.7])=14.3, ϰ=[5.4, 5.7, 4.9], ∫ϰ²/L>=[6.1, 7.4, 8.0], C-C-Sep=0.20, ║∇J║=3.5e-03
-----On 18/20 Initial Guess Perturbations
Iteration 1464/2000-----
J=1.3e-02, ⟨Jf⟩=1.3e-03, ⟨B·n⟩=8.2e-03, Len=sum([4.8, 4.9, 4.7])=14.3, ϰ=[5.4, 5.7, 4.9], ∫ϰ²/L>=[6.1, 7.3, 8.0], C-C-Sep=0.20, ║∇J║=2.0e-03
-----On 18/20 Initial Guess Perturbations
Iteration 1465/2000-----
J=1.3e-02, ⟨Jf⟩=1.3e-03, ⟨B·n⟩=8.2e-03, Len=sum([4.8, 4.9, 4.7])=14.3, ϰ=[5.4, 5.7, 4.9], ∫ϰ²/L>=[6.1, 7.3, 8.0], C-C-Sep=0.20, ║∇J║=2.5e-03
-----On 18/20 Initial Guess Perturbations
Iteration 1466/2000-----
J=1.3e-02, ⟨Jf⟩=1.3e-03, ⟨B·n⟩=8.2e-03, Len=sum([4.8, 4.9, 4.7])=14.3, ϰ=[5.4, 5.7, 4.9], ∫ϰ²/L>=[6.1, 7.3, 8.0], C-C-Sep=0.20, ║∇J║=1.9e-03
-----On 18/20 Initial Guess Perturbations
Iteration 1467/2000-----
J=1.3e-02, ⟨Jf⟩=1.3e-03, ⟨B·n⟩=8.2e-03, Len=sum([4.8, 4.9, 4.7])=14.3, ϰ=[5.4, 5.7, 4.9], ∫ϰ²/L>=[6.1, 7.3, 8.0], C-C-Sep=0.20, ║∇J║=1.8e-03
-----On 18/20 Initial Guess Perturbations
Iteration 1468/2000-----
J=1.3e-02, ⟨Jf⟩=1.3e-03, ⟨B·n⟩=8.2e-03, Len=sum([4.8, 4.9, 4.7])=14.3, ϰ=[5.4, 5.8, 4.9], ∫ϰ²/L>=[6.1, 7.3, 8.0], C-C-Sep=0.20, ║∇J║=1.5e-03
-----On 18/20 Initial Guess Perturbations
Iteration 1469/2000-----
J=1.3e-02, ⟨Jf⟩=1.3e-03, ⟨B·n⟩=8.2e-03, Len=sum([4.8, 4.9, 4.7])=14.3, ϰ=[5.3, 5.8, 4.9], ∫ϰ²/L>=[6.1, 7.3, 8.0], C-C-Sep=0.20, ║∇J║=1.7e-03
-----On 18/20 Initial Guess Perturbations
Iteration 1470/2000-----
J=1.3e-02, ⟨Jf⟩=1.3e-03, ⟨B·n⟩=8.2e-03, Len=sum([4.8, 4.9, 4.7])=14.3, ϰ=[5.3, 5.8, 4.9], ∫ϰ²/L>=[6.1, 7.3, 8.0], C-C-Sep=0.20, ║∇J║=2.1e-03
-----On 18/20 Initial Guess Perturbations
Iteration 1471/2000-----
J=1.3e-02, ⟨Jf⟩=1.3e-03, ⟨B·n⟩=8.2e-03, Len=sum([4.8, 4.9, 4.7])=14.3, ϰ=[5.3, 5.8, 4.9], ∫ϰ²/L>=[6.1, 7.3, 8.0], C-C-Sep=0.20, ║∇J║=1.8e-03
-----On 18/20 Initial Guess Perturbations
Iteration 1472/2000-----
J=1.3e-02, ⟨Jf⟩=1.3e-03, ⟨B·n⟩=8.2e-03, Len=sum([4.8, 4.9, 4.7])=14.3, ϰ=[5.3, 5.8, 4.9], ∫ϰ²/L>=[6.1, 7.3, 8.0], C-C-Sep=0.20, ║∇J║=2.2e-03
-----On 18/20 Initial Guess Perturbations
Iteration 1473/2000-----
J=1.3e-02, ⟨Jf⟩=1.3e-03, ⟨B·n⟩=8.2e-03, Len=sum([4.8, 4.9, 4.7])=14.3, ϰ=[5.3, 5.8, 4.9], ∫ϰ²/L>=[6.1, 7.3, 8.0], C-C-Sep=0.20, ║∇J║=2.8e-03
-----On 18/20 Initial Guess Perturbations
Iteration 1474/2000-----
J=1.3e-02, ⟨Jf⟩=1.3e-03, ⟨B·n⟩=8.2e-03, Len=sum([4.8, 4.9, 4.7])=14.3, ϰ=[5.3, 5.8, 4.9], ∫ϰ²/L>=[6.1, 7.3, 8.0], C-C-Sep=0.20, ║∇J║=2.4e-03
-----On 18/20 Initial Guess Perturbations
Iteration 1475/2000-----
J=1.3e-02, ⟨Jf⟩=1.3e-03, ⟨B·n⟩=8.2e-03, Len=sum([4.8, 4.9, 4.7])=14.3, ϰ=[5.3, 5.8, 4.8], ∫ϰ²/L>=[6.1, 7.3, 8.0], C-C-Sep=0.20, ║∇J║=2.4e-03
-----On 18/20 Initial Guess Perturbations
Iteration 1476/2000-----
J=1.3e-02, ⟨Jf⟩=1.3e-03, ⟨B·n⟩=8.2e-03, Len=sum([4.8, 4.9, 4.7])=14.3, ϰ=[5.3, 5.9, 4.9], ∫ϰ²/L>=[6.1, 7.3, 8.0], C-C-Sep=0.20, ║∇J║=1.7e-03
-----On 18/20 Initial Guess Perturbations
Iteration 1477/2000-----
J=1.3e-02, ⟨Jf⟩=1.3e-03, ⟨B·n⟩=8.2e-03, Len=sum([4.8, 4.9, 4.7])=14.3, ϰ=[5.3, 5.9, 4.9], ∫ϰ²/L>=[6.1, 7.3, 8.0], C-C-Sep=0.20, ║∇J║=2.0e-03
-----On 18/20 Initial Guess Perturbations
Iteration 1478/2000-----
J=1.3e-02, ⟨Jf⟩=1.3e-03, ⟨B·n⟩=8.2e-03, Len=sum([4.8, 4.9, 4.7])=14.3, ϰ=[5.3, 5.9, 4.8], ∫ϰ²/L>=[6.1, 7.3, 8.0], C-C-Sep=0.20, ║∇J║=1.6e-03
-----On 18/20 Initial Guess Perturbations
Iteration 1479/2000-----
J=1.3e-02, ⟨Jf⟩=1.3e-03, ⟨B·n⟩=8.2e-03, Len=sum([4.8, 4.9, 4.7])=14.3, ϰ=[5.4, 5.9, 4.8], ∫ϰ²/L>=[6.1, 7.3, 8.0], C-C-Sep=0.20, ║∇J║=2.0e-03
-----On 18/20 Initial Guess Perturbations
Iteration 1480/2000-----
J=1.3e-02, ⟨Jf⟩=1.3e-03, ⟨B·n⟩=8.2e-03, Len=sum([4.8, 4.9, 4.7])=14.3, ϰ=[5.3, 5.9, 4.8], ∫ϰ²/L>=[6.1, 7.3, 8.0], C-C-Sep=0.20, ║∇J║=1.9e-03
-----On 18/20 Initial Guess Perturbations
Iteration 1481/2000-----
J=1.3e-02, ⟨Jf⟩=1.3e-03, ⟨B·n⟩=8.2e-03, Len=sum([4.8, 4.9, 4.7])=14.3, ϰ=[5.3, 5.9, 4.8], ∫ϰ²/L>=[6.1, 7.3, 8.0], C-C-Sep=0.20, ║∇J║=1.7e-03
-----On 18/20 Initial Guess Perturbations
Iteration 1482/2000-----
J=1.3e-02, ⟨Jf⟩=1.3e-03, ⟨B·n⟩=8.2e-03, Len=sum([4.8, 4.9, 4.7])=14.3, ϰ=[5.4, 5.9, 4.9], ∫ϰ²/L>=[6.1, 7.3, 8.0], C-C-Sep=0.20, ║∇J║=2.0e-03
-----On 18/20 Initial Guess Perturbations
Iteration 1483/2000-----
J=1.3e-02, ⟨Jf⟩=1.3e-03, ⟨B·n⟩=8.2e-03, Len=sum([4.8, 4.9, 4.7])=14.3, ϰ=[5.4, 5.9, 4.9], ∫ϰ²/L>=[6.1, 7.3, 8.0], C-C-Sep=0.20, ║∇J║=1.7e-03
-----On 18/20 Initial Guess Perturbations
Iteration 1484/2000-----
J=1.3e-02, ⟨Jf⟩=1.3e-03, ⟨B·n⟩=8.2e-03, Len=sum([4.8, 4.9, 4.7])=14.3, ϰ=[5.4, 5.9, 4.9], ∫ϰ²/L>=[6.1, 7.3, 8.0], C-C-Sep=0.20, ║∇J║=1.7e-03
-----On 18/20 Initial Guess Perturbations
Iteration 1485/2000-----
J=1.3e-02, ⟨Jf⟩=1.3e-03, ⟨B·n⟩=8.2e-03, Len=sum([4.8, 4.9, 4.7])=14.3, ϰ=[5.4, 5.9, 4.9], ∫ϰ²/L>=[6.1, 7.3, 8.0], C-C-Sep=0.20, ║∇J║=2.1e-03
-----On 18/20 Initial Guess Perturbations
Iteration 1486/2000-----
J=1.3e-02, ⟨Jf⟩=1.3e-03, ⟨B·n⟩=8.2e-03, Len=sum([4.8, 4.9, 4.7])=14.3, ϰ=[5.3, 5.9, 4.9], ∫ϰ²/L>=[6.1, 7.3, 8.0], C-C-Sep=0.20, ║∇J║=2.1e-03
-----On 18/20 Initial Guess Perturbations
Iteration 1487/2000-----
J=1.3e-02, ⟨Jf⟩=1.3e-03, ⟨B·n⟩=8.2e-03, Len=sum([4.8, 4.9, 4.7])=14.3, ϰ=[5.3, 5.9, 4.9], ∫ϰ²/L>=[6.1, 7.3, 8.0], C-C-Sep=0.20, ║∇J║=1.8e-03
-----On 18/20 Initial Guess Perturbations
Iteration 1488/2000-----
J=1.3e-02, ⟨Jf⟩=1.3e-03, ⟨B·n⟩=8.2e-03, Len=sum([4.8, 4.9, 4.7])=14.3, ϰ=[5.3, 5.9, 4.9], ∫ϰ²/L>=[6.1, 7.3, 8.0], C-C-Sep=0.20, ║∇J║=1.7e-03
-----On 18/20 Initial Guess Perturbations
Iteration 1489/2000-----
J=1.3e-02, ⟨Jf⟩=1.3e-03, ⟨B·n⟩=8.2e-03, Len=sum([4.8, 4.9, 4.7])=14.3, ϰ=[5.3, 5.9, 4.9], ∫ϰ²/L>=[6.1, 7.3, 8.0], C-C-Sep=0.20, ║∇J║=2.1e-03
-----On 18/20 Initial Guess Perturbations
Iteration 1490/2000-----
J=1.3e-02, ⟨Jf⟩=1.3e-03, ⟨B·n⟩=8.2e-03, Len=sum([4.8, 4.9, 4.7])=14.3, ϰ=[5.3, 5.9, 4.9], ∫ϰ²/L>=[6.1, 7.3, 8.0], C-C-Sep=0.20, ║∇J║=2.3e-03
-----On 18/20 Initial Guess Perturbations
Iteration 1491/2000-----
J=1.3e-02, ⟨Jf⟩=1.3e-03, ⟨B·n⟩=8.2e-03, Len=sum([4.8, 4.9, 4.7])=14.3, ϰ=[5.3, 5.9, 4.9], ∫ϰ²/L>=[6.1, 7.3, 8.0], C-C-Sep=0.20, ║∇J║=1.9e-03
-----On 18/20 Initial Guess Perturbations
Iteration 1492/2000-----
J=1.3e-02, ⟨Jf⟩=1.3e-03, ⟨B·n⟩=8.2e-03, Len=sum([4.8, 4.9, 4.7])=14.3, ϰ=[5.3, 5.8, 4.9], ∫ϰ²/L>=[6.1, 7.3, 8.0], C-C-Sep=0.20, ║∇J║=1.8e-03
-----On 18/20 Initial Guess Perturbations
Iteration 1493/2000-----
J=1.3e-02, ⟨Jf⟩=1.3e-03, ⟨B·n⟩=8.2e-03, Len=sum([4.8, 4.9, 4.7])=14.3, ϰ=[5.3, 5.8, 4.9], ∫ϰ²/L>=[6.1, 7.3, 8.0], C-C-Sep=0.20, ║∇J║=1.8e-03
-----On 18/20 Initial Guess Perturbations
Iteration 1494/2000-----
J=1.3e-02, ⟨Jf⟩=1.3e-03, ⟨B·n⟩=8.2e-03, Len=sum([4.8, 4.9, 4.7])=14.3, ϰ=[5.3, 5.8, 4.9], ∫ϰ²/L>=[6.1, 7.3, 8.0], C-C-Sep=0.20, ║∇J║=2.1e-03
-----On 18/20 Initial Guess Perturbations
Iteration 1495/2000-----
J=1.3e-02, ⟨Jf⟩=1.3e-03, ⟨B·n⟩=8.2e-03, Len=sum([4.8, 4.9, 4.7])=14.3, ϰ=[5.3, 5.8, 4.9], ∫ϰ²/L>=[6.1, 7.3, 8.0], C-C-Sep=0.20, ║∇J║=2.1e-03
-----On 18/20 Initial Guess Perturbations
Iteration 1496/2000-----
J=1.3e-02, ⟨Jf⟩=1.3e-03, ⟨B·n⟩=8.2e-03, Len=sum([4.8, 4.9, 4.7])=14.3, ϰ=[5.3, 5.8, 4.9], ∫ϰ²/L>=[6.1, 7.3, 8.0], C-C-Sep=0.20, ║∇J║=2.2e-03
-----On 18/20 Initial Guess Perturbations
Iteration 1497/2000-----
J=1.3e-02, ⟨Jf⟩=1.3e-03, ⟨B·n⟩=8.2e-03, Len=sum([4.8, 4.9, 4.7])=14.3, ϰ=[5.3, 5.8, 4.9], ∫ϰ²/L>=[6.1, 7.3, 8.0], C-C-Sep=0.20, ║∇J║=1.8e-03
-----On 18/20 Initial Guess Perturbations
Iteration 1498/2000-----
J=1.3e-02, ⟨Jf⟩=1.3e-03, ⟨B·n⟩=8.2e-03, Len=sum([4.8, 4.9, 4.7])=14.3, ϰ=[5.3, 5.8, 4.9], ∫ϰ²/L>=[6.1, 7.3, 8.0], C-C-Sep=0.20, ║∇J║=1.9e-03
-----On 18/20 Initial Guess Perturbations
Iteration 1499/2000-----
J=1.3e-02, ⟨Jf⟩=1.3e-03, ⟨B·n⟩=8.2e-03, Len=sum([4.8, 4.9, 4.7])=14.3, ϰ=[5.3, 5.8, 4.9], ∫ϰ²/L>=[6.0, 7.3, 8.0], C-C-Sep=0.20, ║∇J║=1.9e-03
-----On 18/20 Initial Guess Perturbations
Iteration 1500/2000-----
J=1.3e-02, ⟨Jf⟩=1.3e-03, ⟨B·n⟩=8.2e-03, Len=sum([4.8, 4.9, 4.7])=14.3, ϰ=[5.2, 5.8, 4.9], ∫ϰ²/L>=[6.0, 7.4, 8.0], C-C-Sep=0.20, ║∇J║=2.1e-03
-----On 18/20 Initial Guess Perturbations
Iteration 1501/2000-----
J=1.3e-02, ⟨Jf⟩=1.3e-03, ⟨B·n⟩=8.2e-03, Len=sum([4.8, 4.9, 4.7])=14.3, ϰ=[5.2, 5.8, 4.9], ∫ϰ²/L>=[6.0, 7.3, 8.0], C-C-Sep=0.20, ║∇J║=2.1e-03
-----On 18/20 Initial Guess Perturbations
Iteration 1502/2000-----
J=1.3e-02, ⟨Jf⟩=1.3e-03, ⟨B·n⟩=8.2e-03, Len=sum([4.8, 4.9, 4.7])=14.3, ϰ=[5.2, 5.8, 4.9], ∫ϰ²/L>=[6.0, 7.4, 8.0], C-C-Sep=0.20, ║∇J║=1.7e-03
-----On 18/20 Initial Guess Perturbations
Iteration 1503/2000-----
J=1.3e-02, ⟨Jf⟩=1.3e-03, ⟨B·n⟩=8.2e-03, Len=sum([4.8, 4.9, 4.7])=14.3, ϰ=[5.2, 5.8, 4.9], ∫ϰ²/L>=[6.0, 7.4, 8.0], C-C-Sep=0.20, ║∇J║=1.6e-03
-----On 18/20 Initial Guess Perturbations
Iteration 1504/2000-----
J=1.3e-02, ⟨Jf⟩=1.3e-03, ⟨B·n⟩=8.2e-03, Len=sum([4.8, 4.9, 4.7])=14.3, ϰ=[5.2, 5.8, 4.9], ∫ϰ²/L>=[6.0, 7.4, 8.0], C-C-Sep=0.20, ║∇J║=1.6e-03
-----On 18/20 Initial Guess Perturbations
Iteration 1505/2000-----
J=1.3e-02, ⟨Jf⟩=1.3e-03, ⟨B·n⟩=8.2e-03, Len=sum([4.8, 4.9, 4.7])=14.3, ϰ=[5.2, 5.8, 4.9], ∫ϰ²/L>=[6.0, 7.4, 8.0], C-C-Sep=0.20, ║∇J║=1.6e-03
-----On 18/20 Initial Guess Perturbations
Iteration 1506/2000-----
J=1.3e-02, ⟨Jf⟩=1.3e-03, ⟨B·n⟩=8.2e-03, Len=sum([4.8, 4.9, 4.7])=14.3, ϰ=[5.2, 5.8, 4.9], ∫ϰ²/L>=[6.0, 7.4, 8.0], C-C-Sep=0.20, ║∇J║=1.8e-03
-----On 18/20 Initial Guess Perturbations
Iteration 1507/2000-----
J=1.3e-02, ⟨Jf⟩=1.3e-03, ⟨B·n⟩=8.2e-03, Len=sum([4.8, 4.9, 4.7])=14.3, ϰ=[5.2, 5.8, 4.9], ∫ϰ²/L>=[6.0, 7.4, 8.0], C-C-Sep=0.20, ║∇J║=1.6e-03
-----On 18/20 Initial Guess Perturbations
Iteration 1508/2000-----
J=1.3e-02, ⟨Jf⟩=1.3e-03, ⟨B·n⟩=8.2e-03, Len=sum([4.8, 4.9, 4.7])=14.3, ϰ=[5.2, 5.8, 4.9], ∫ϰ²/L>=[6.0, 7.4, 8.0], C-C-Sep=0.20, ║∇J║=2.2e-03
-----On 18/20 Initial Guess Perturbations
Iteration 1509/2000-----
J=1.3e-02, ⟨Jf⟩=1.3e-03, ⟨B·n⟩=8.2e-03, Len=sum([4.8, 4.9, 4.7])=14.3, ϰ=[5.2, 5.8, 4.9], ∫ϰ²/L>=[6.0, 7.4, 8.0], C-C-Sep=0.20, ║∇J║=2.3e-03
-----On 18/20 Initial Guess Perturbations
Iteration 1510/2000-----
J=1.3e-02, ⟨Jf⟩=1.3e-03, ⟨B·n⟩=8.2e-03, Len=sum([4.8, 4.9, 4.7])=14.3, ϰ=[5.2, 5.8, 4.9], ∫ϰ²/L>=[6.0, 7.4, 8.0], C-C-Sep=0.20, ║∇J║=1.8e-03
-----On 18/20 Initial Guess Perturbations
Iteration 1511/2000-----
J=1.3e-02, ⟨Jf⟩=1.3e-03, ⟨B·n⟩=8.2e-03, Len=sum([4.8, 4.9, 4.7])=14.3, ϰ=[5.2, 5.8, 4.9], ∫ϰ²/L>=[6.0, 7.4, 8.0], C-C-Sep=0.20, ║∇J║=1.3e-03
-----On 18/20 Initial Guess Perturbations
Iteration 1512/2000-----
J=1.3e-02, ⟨Jf⟩=1.3e-03, ⟨B·n⟩=8.2e-03, Len=sum([4.8, 4.9, 4.7])=14.3, ϰ=[5.2, 5.9, 4.9], ∫ϰ²/L>=[6.0, 7.4, 8.0], C-C-Sep=0.20, ║∇J║=1.2e-03
-----On 18/20 Initial Guess Perturbations
Iteration 1513/2000-----
J=1.3e-02, ⟨Jf⟩=1.3e-03, ⟨B·n⟩=8.2e-03, Len=sum([4.8, 4.9, 4.7])=14.3, ϰ=[5.3, 5.8, 4.9], ∫ϰ²/L>=[6.0, 7.4, 8.0], C-C-Sep=0.20, ║∇J║=1.5e-03
-----On 18/20 Initial Guess Perturbations
Iteration 1514/2000-----
J=1.3e-02, ⟨Jf⟩=1.3e-03, ⟨B·n⟩=8.2e-03, Len=sum([4.8, 4.9, 4.7])=14.3, ϰ=[5.3, 5.8, 4.9], ∫ϰ²/L>=[6.0, 7.4, 8.0], C-C-Sep=0.20, ║∇J║=1.5e-03
-----On 18/20 Initial Guess Perturbations
Iteration 1515/2000-----
J=1.3e-02, ⟨Jf⟩=1.3e-03, ⟨B·n⟩=8.2e-03, Len=sum([4.8, 4.9, 4.7])=14.3, ϰ=[5.2, 5.8, 4.9], ∫ϰ²/L>=[6.0, 7.4, 8.0], C-C-Sep=0.20, ║∇J║=1.6e-03
-----On 18/20 Initial Guess Perturbations
Iteration 1516/2000-----
J=1.3e-02, ⟨Jf⟩=1.3e-03, ⟨B·n⟩=8.2e-03, Len=sum([4.8, 4.9, 4.7])=14.3, ϰ=[5.2, 5.8, 4.9], ∫ϰ²/L>=[6.0, 7.4, 8.0], C-C-Sep=0.20, ║∇J║=2.1e-03
-----On 18/20 Initial Guess Perturbations
Iteration 1517/2000-----
J=1.3e-02, ⟨Jf⟩=1.3e-03, ⟨B·n⟩=8.2e-03, Len=sum([4.8, 4.9, 4.7])=14.3, ϰ=[5.2, 5.8, 4.9], ∫ϰ²/L>=[6.0, 7.4, 8.0], C-C-Sep=0.20, ║∇J║=2.2e-03
-----On 18/20 Initial Guess Perturbations
Iteration 1518/2000-----
J=1.3e-02, ⟨Jf⟩=1.3e-03, ⟨B·n⟩=8.2e-03, Len=sum([4.8, 4.9, 4.7])=14.3, ϰ=[5.2, 5.8, 4.9], ∫ϰ²/L>=[6.0, 7.4, 8.0], C-C-Sep=0.20, ║∇J║=2.2e-03
-----On 18/20 Initial Guess Perturbations
Iteration 1519/2000-----
J=1.3e-02, ⟨Jf⟩=1.3e-03, ⟨B·n⟩=8.2e-03, Len=sum([4.8, 4.9, 4.7])=14.3, ϰ=[5.3, 5.8, 4.9], ∫ϰ²/L>=[6.0, 7.4, 8.0], C-C-Sep=0.20, ║∇J║=2.3e-03
-----On 18/20 Initial Guess Perturbations
Iteration 1520/2000-----
J=1.3e-02, ⟨Jf⟩=1.3e-03, ⟨B·n⟩=8.2e-03, Len=sum([4.8, 4.9, 4.7])=14.3, ϰ=[5.3, 5.8, 4.9], ∫ϰ²/L>=[6.0, 7.4, 8.0], C-C-Sep=0.20, ║∇J║=1.8e-03
-----On 18/20 Initial Guess Perturbations
Iteration 1521/2000-----
J=1.3e-02, ⟨Jf⟩=1.3e-03, ⟨B·n⟩=8.2e-03, Len=sum([4.8, 4.9, 4.7])=14.3, ϰ=[5.3, 5.8, 4.9], ∫ϰ²/L>=[6.0, 7.4, 8.0], C-C-Sep=0.20, ║∇J║=1.7e-03
-----On 18/20 Initial Guess Perturbations
Iteration 1522/2000-----
J=1.3e-02, ⟨Jf⟩=1.3e-03, ⟨B·n⟩=8.2e-03, Len=sum([4.8, 4.9, 4.7])=14.3, ϰ=[5.3, 5.8, 4.9], ∫ϰ²/L>=[6.0, 7.4, 8.0], C-C-Sep=0.20, ║∇J║=1.7e-03
-----On 18/20 Initial Guess Perturbations
Iteration 1523/2000-----
J=1.3e-02, ⟨Jf⟩=1.3e-03, ⟨B·n⟩=8.2e-03, Len=sum([4.8, 4.9, 4.7])=14.3, ϰ=[5.3, 5.8, 4.9], ∫ϰ²/L>=[6.0, 7.4, 8.0], C-C-Sep=0.20, ║∇J║=1.6e-03
-----On 18/20 Initial Guess Perturbations
Iteration 1524/2000-----
J=1.3e-02, ⟨Jf⟩=1.3e-03, ⟨B·n⟩=8.2e-03, Len=sum([4.8, 4.9, 4.7])=14.3, ϰ=[5.3, 5.8, 4.9], ∫ϰ²/L>=[6.0, 7.4, 8.0], C-C-Sep=0.20, ║∇J║=2.0e-03
-----On 18/20 Initial Guess Perturbations
Iteration 1525/2000-----
J=1.3e-02, ⟨Jf⟩=1.3e-03, ⟨B·n⟩=8.2e-03, Len=sum([4.8, 4.9, 4.7])=14.3, ϰ=[5.2, 5.8, 4.9], ∫ϰ²/L>=[6.0, 7.4, 8.0], C-C-Sep=0.20, ║∇J║=1.7e-03
-----On 18/20 Initial Guess Perturbations
Iteration 1526/2000-----
J=1.3e-02, ⟨Jf⟩=1.3e-03, ⟨B·n⟩=8.2e-03, Len=sum([4.8, 4.9, 4.7])=14.3, ϰ=[5.2, 5.8, 4.9], ∫ϰ²/L>=[6.0, 7.4, 8.0], C-C-Sep=0.20, ║∇J║=2.0e-03
-----On 18/20 Initial Guess Perturbations
Iteration 1527/2000-----
J=1.3e-02, ⟨Jf⟩=1.3e-03, ⟨B·n⟩=8.2e-03, Len=sum([4.8, 4.9, 4.7])=14.3, ϰ=[5.2, 5.8, 4.9], ∫ϰ²/L>=[6.0, 7.4, 8.0], C-C-Sep=0.20, ║∇J║=1.4e-03
-----On 18/20 Initial Guess Perturbations
Iteration 1528/2000-----
J=1.3e-02, ⟨Jf⟩=1.3e-03, ⟨B·n⟩=8.2e-03, Len=sum([4.8, 4.9, 4.7])=14.3, ϰ=[5.2, 5.8, 4.9], ∫ϰ²/L>=[6.0, 7.4, 8.0], C-C-Sep=0.20, ║∇J║=1.5e-03
-----On 18/20 Initial Guess Perturbations
Iteration 1529/2000-----
J=1.3e-02, ⟨Jf⟩=1.3e-03, ⟨B·n⟩=8.2e-03, Len=sum([4.8, 4.9, 4.7])=14.3, ϰ=[5.2, 5.8, 4.9], ∫ϰ²/L>=[6.0, 7.4, 8.0], C-C-Sep=0.20, ║∇J║=1.5e-03
-----On 18/20 Initial Guess Perturbations
Iteration 1530/2000-----
J=1.3e-02, ⟨Jf⟩=1.3e-03, ⟨B·n⟩=8.2e-03, Len=sum([4.8, 4.9, 4.7])=14.3, ϰ=[5.2, 5.8, 4.9], ∫ϰ²/L>=[6.0, 7.4, 8.0], C-C-Sep=0.20, ║∇J║=1.6e-03
-----On 18/20 Initial Guess Perturbations
Iteration 1531/2000-----
J=1.3e-02, ⟨Jf⟩=1.3e-03, ⟨B·n⟩=8.2e-03, Len=sum([4.8, 4.9, 4.7])=14.3, ϰ=[5.2, 5.8, 4.9], ∫ϰ²/L>=[6.0, 7.4, 8.0], C-C-Sep=0.20, ║∇J║=1.5e-03
-----On 18/20 Initial Guess Perturbations
Iteration 1532/2000-----
J=1.3e-02, ⟨Jf⟩=1.3e-03, ⟨B·n⟩=8.2e-03, Len=sum([4.8, 4.9, 4.7])=14.3, ϰ=[5.3, 5.8, 4.9], ∫ϰ²/L>=[6.0, 7.4, 8.0], C-C-Sep=0.20, ║∇J║=1.4e-03
-----On 18/20 Initial Guess Perturbations
Iteration 1533/2000-----
J=1.3e-02, ⟨Jf⟩=1.3e-03, ⟨B·n⟩=8.2e-03, Len=sum([4.8, 4.9, 4.7])=14.3, ϰ=[5.3, 5.8, 4.9], ∫ϰ²/L>=[6.0, 7.4, 8.0], C-C-Sep=0.20, ║∇J║=1.5e-03
-----On 18/20 Initial Guess Perturbations
Iteration 1534/2000-----
J=1.3e-02, ⟨Jf⟩=1.3e-03, ⟨B·n⟩=8.2e-03, Len=sum([4.8, 4.9, 4.7])=14.3, ϰ=[5.3, 5.8, 4.9], ∫ϰ²/L>=[6.0, 7.4, 8.0], C-C-Sep=0.20, ║∇J║=1.9e-03
-----On 18/20 Initial Guess Perturbations
Iteration 1535/2000-----
J=1.3e-02, ⟨Jf⟩=1.3e-03, ⟨B·n⟩=8.2e-03, Len=sum([4.8, 4.9, 4.7])=14.3, ϰ=[5.3, 5.8, 4.9], ∫ϰ²/L>=[6.0, 7.3, 7.9], C-C-Sep=0.20, ║∇J║=2.7e-03
-----On 18/20 Initial Guess Perturbations
Iteration 1536/2000-----
J=1.3e-02, ⟨Jf⟩=1.3e-03, ⟨B·n⟩=8.2e-03, Len=sum([4.8, 4.9, 4.7])=14.3, ϰ=[5.3, 5.8, 4.9], ∫ϰ²/L>=[6.0, 7.4, 8.0], C-C-Sep=0.20, ║∇J║=1.7e-03
-----On 18/20 Initial Guess Perturbations
Iteration 1537/2000-----
J=1.3e-02, ⟨Jf⟩=1.3e-03, ⟨B·n⟩=8.2e-03, Len=sum([4.8, 4.9, 4.7])=14.3, ϰ=[5.3, 5.8, 4.9], ∫ϰ²/L>=[6.0, 7.4, 8.0], C-C-Sep=0.20, ║∇J║=1.4e-03
-----On 18/20 Initial Guess Perturbations
Iteration 1538/2000-----
J=1.3e-02, ⟨Jf⟩=1.3e-03, ⟨B·n⟩=8.2e-03, Len=sum([4.8, 4.9, 4.7])=14.3, ϰ=[5.3, 5.8, 4.9], ∫ϰ²/L>=[6.0, 7.4, 8.0], C-C-Sep=0.20, ║∇J║=1.4e-03
-----On 18/20 Initial Guess Perturbations
Iteration 1539/2000-----
J=1.3e-02, ⟨Jf⟩=1.3e-03, ⟨B·n⟩=8.2e-03, Len=sum([4.8, 4.9, 4.7])=14.3, ϰ=[5.3, 5.8, 4.9], ∫ϰ²/L>=[6.0, 7.4, 7.9], C-C-Sep=0.20, ║∇J║=1.6e-03
-----On 18/20 Initial Guess Perturbations
Iteration 1540/2000-----
J=1.3e-02, ⟨Jf⟩=1.3e-03, ⟨B·n⟩=8.2e-03, Len=sum([4.8, 4.9, 4.7])=14.3, ϰ=[5.3, 5.8, 4.9], ∫ϰ²/L>=[6.0, 7.4, 7.9], C-C-Sep=0.20, ║∇J║=1.9e-03
-----On 18/20 Initial Guess Perturbations
Iteration 1541/2000-----
J=1.3e-02, ⟨Jf⟩=1.3e-03, ⟨B·n⟩=8.2e-03, Len=sum([4.8, 4.9, 4.7])=14.3, ϰ=[5.3, 5.8, 4.9], ∫ϰ²/L>=[6.0, 7.4, 7.9], C-C-Sep=0.20, ║∇J║=1.4e-03
-----On 18/20 Initial Guess Perturbations
Iteration 1542/2000-----
J=1.3e-02, ⟨Jf⟩=1.3e-03, ⟨B·n⟩=8.2e-03, Len=sum([4.8, 4.9, 4.7])=14.3, ϰ=[5.3, 5.8, 4.9], ∫ϰ²/L>=[6.0, 7.3, 7.9], C-C-Sep=0.20, ║∇J║=1.4e-03
-----On 18/20 Initial Guess Perturbations
Iteration 1543/2000-----
J=1.3e-02, ⟨Jf⟩=1.3e-03, ⟨B·n⟩=8.2e-03, Len=sum([4.8, 4.9, 4.7])=14.3, ϰ=[5.3, 5.8, 4.9], ∫ϰ²/L>=[6.0, 7.3, 7.9], C-C-Sep=0.20, ║∇J║=1.6e-03
-----On 18/20 Initial Guess Perturbations
Iteration 1544/2000-----
J=1.3e-02, ⟨Jf⟩=1.3e-03, ⟨B·n⟩=8.2e-03, Len=sum([4.8, 4.9, 4.7])=14.3, ϰ=[5.2, 5.8, 4.8], ∫ϰ²/L>=[6.0, 7.3, 7.9], C-C-Sep=0.20, ║∇J║=1.3e-03
-----On 18/20 Initial Guess Perturbations
Iteration 1545/2000-----
J=1.3e-02, ⟨Jf⟩=1.3e-03, ⟨B·n⟩=8.2e-03, Len=sum([4.8, 4.9, 4.7])=14.3, ϰ=[5.2, 5.8, 4.8], ∫ϰ²/L>=[6.0, 7.3, 8.0], C-C-Sep=0.20, ║∇J║=2.2e-03
-----On 18/20 Initial Guess Perturbations
Iteration 1546/2000-----
J=1.3e-02, ⟨Jf⟩=1.3e-03, ⟨B·n⟩=8.2e-03, Len=sum([4.8, 4.9, 4.7])=14.3, ϰ=[5.2, 5.8, 4.8], ∫ϰ²/L>=[6.0, 7.3, 8.0], C-C-Sep=0.20, ║∇J║=1.6e-03
-----On 18/20 Initial Guess Perturbations
Iteration 1547/2000-----
J=1.3e-02, ⟨Jf⟩=1.3e-03, ⟨B·n⟩=8.2e-03, Len=sum([4.8, 4.9, 4.7])=14.3, ϰ=[5.2, 5.8, 4.9], ∫ϰ²/L>=[6.0, 7.3, 8.0], C-C-Sep=0.20, ║∇J║=2.0e-03
-----On 18/20 Initial Guess Perturbations
Iteration 1548/2000-----
J=1.3e-02, ⟨Jf⟩=1.3e-03, ⟨B·n⟩=8.2e-03, Len=sum([4.8, 4.9, 4.7])=14.3, ϰ=[5.2, 5.8, 4.9], ∫ϰ²/L>=[6.0, 7.3, 8.0], C-C-Sep=0.20, ║∇J║=1.4e-03
-----On 18/20 Initial Guess Perturbations
Iteration 1549/2000-----
J=1.3e-02, ⟨Jf⟩=1.3e-03, ⟨B·n⟩=8.2e-03, Len=sum([4.8, 4.9, 4.7])=14.3, ϰ=[5.3, 5.8, 4.9], ∫ϰ²/L>=[6.0, 7.3, 7.9], C-C-Sep=0.20, ║∇J║=1.7e-03
-----On 18/20 Initial Guess Perturbations
Iteration 1550/2000-----
J=1.3e-02, ⟨Jf⟩=1.3e-03, ⟨B·n⟩=8.2e-03, Len=sum([4.8, 4.9, 4.7])=14.3, ϰ=[5.3, 5.8, 4.9], ∫ϰ²/L>=[6.0, 7.3, 7.9], C-C-Sep=0.20, ║∇J║=1.7e-03
-----On 18/20 Initial Guess Perturbations
Iteration 1551/2000-----
J=1.3e-02, ⟨Jf⟩=1.3e-03, ⟨B·n⟩=8.2e-03, Len=sum([4.8, 4.9, 4.7])=14.3, ϰ=[5.3, 5.8, 4.9], ∫ϰ²/L>=[6.0, 7.3, 7.9], C-C-Sep=0.20, ║∇J║=1.4e-03
-----On 18/20 Initial Guess Perturbations
Iteration 1552/2000-----
J=1.3e-02, ⟨Jf⟩=1.3e-03, ⟨B·n⟩=8.2e-03, Len=sum([4.8, 4.9, 4.7])=14.3, ϰ=[5.3, 5.8, 4.9], ∫ϰ²/L>=[6.0, 7.3, 7.9], C-C-Sep=0.20, ║∇J║=1.3e-03
-----On 18/20 Initial Guess Perturbations
Iteration 1553/2000-----
J=1.3e-02, ⟨Jf⟩=1.3e-03, ⟨B·n⟩=8.2e-03, Len=sum([4.8, 4.9, 4.7])=14.3, ϰ=[5.2, 5.8, 4.9], ∫ϰ²/L>=[6.0, 7.3, 7.9], C-C-Sep=0.20, ║∇J║=1.4e-03
-----On 18/20 Initial Guess Perturbations
Iteration 1554/2000-----
J=1.3e-02, ⟨Jf⟩=1.3e-03, ⟨B·n⟩=8.2e-03, Len=sum([4.8, 4.9, 4.7])=14.3, ϰ=[5.2, 5.8, 4.9], ∫ϰ²/L>=[6.0, 7.3, 7.9], C-C-Sep=0.20, ║∇J║=1.6e-03
-----On 18/20 Initial Guess Perturbations
Iteration 1555/2000-----
J=1.3e-02, ⟨Jf⟩=1.3e-03, ⟨B·n⟩=8.2e-03, Len=sum([4.8, 4.9, 4.7])=14.3, ϰ=[5.2, 5.8, 4.9], ∫ϰ²/L>=[6.0, 7.3, 7.9], C-C-Sep=0.20, ║∇J║=1.7e-03
-----On 18/20 Initial Guess Perturbations
Iteration 1556/2000-----
J=1.3e-02, ⟨Jf⟩=1.3e-03, ⟨B·n⟩=8.2e-03, Len=sum([4.8, 4.9, 4.7])=14.3, ϰ=[5.2, 5.8, 4.9], ∫ϰ²/L>=[6.0, 7.3, 7.9], C-C-Sep=0.20, ║∇J║=1.8e-03
-----On 18/20 Initial Guess Perturbations
Iteration 1557/2000-----
J=1.3e-02, ⟨Jf⟩=1.3e-03, ⟨B·n⟩=8.2e-03, Len=sum([4.8, 4.9, 4.7])=14.3, ϰ=[5.2, 5.8, 4.9], ∫ϰ²/L>=[5.9, 7.3, 7.9], C-C-Sep=0.20, ║∇J║=1.8e-03
-----On 18/20 Initial Guess Perturbations
Iteration 1558/2000-----
J=1.3e-02, ⟨Jf⟩=1.3e-03, ⟨B·n⟩=8.2e-03, Len=sum([4.8, 4.9, 4.7])=14.3, ϰ=[5.2, 5.8, 4.9], ∫ϰ²/L>=[5.9, 7.3, 7.9], C-C-Sep=0.20, ║∇J║=1.6e-03
-----On 18/20 Initial Guess Perturbations
Iteration 1559/2000-----
J=1.3e-02, ⟨Jf⟩=1.3e-03, ⟨B·n⟩=8.2e-03, Len=sum([4.8, 4.9, 4.7])=14.3, ϰ=[5.2, 5.8, 4.9], ∫ϰ²/L>=[5.9, 7.3, 7.9], C-C-Sep=0.20, ║∇J║=2.2e-03
-----On 18/20 Initial Guess Perturbations
Iteration 1560/2000-----
J=1.3e-02, ⟨Jf⟩=1.3e-03, ⟨B·n⟩=8.2e-03, Len=sum([4.8, 4.9, 4.7])=14.3, ϰ=[5.2, 5.8, 4.9], ∫ϰ²/L>=[5.9, 7.4, 7.9], C-C-Sep=0.20, ║∇J║=4.4e-03
-----On 18/20 Initial Guess Perturbations
Iteration 1561/2000-----
J=1.3e-02, ⟨Jf⟩=1.3e-03, ⟨B·n⟩=8.2e-03, Len=sum([4.8, 4.9, 4.7])=14.3, ϰ=[5.2, 5.8, 4.9], ∫ϰ²/L>=[5.9, 7.3, 7.9], C-C-Sep=0.20, ║∇J║=2.2e-03
-----On 18/20 Initial Guess Perturbations
Iteration 1562/2000-----
J=1.3e-02, ⟨Jf⟩=1.3e-03, ⟨B·n⟩=8.2e-03, Len=sum([4.8, 4.9, 4.7])=14.3, ϰ=[5.2, 5.8, 4.9], ∫ϰ²/L>=[5.9, 7.4, 7.9], C-C-Sep=0.20, ║∇J║=1.7e-03
-----On 18/20 Initial Guess Perturbations
Iteration 1563/2000-----
J=1.3e-02, ⟨Jf⟩=1.3e-03, ⟨B·n⟩=8.2e-03, Len=sum([4.8, 4.9, 4.7])=14.3, ϰ=[5.2, 5.8, 4.9], ∫ϰ²/L>=[5.9, 7.4, 7.9], C-C-Sep=0.20, ║∇J║=1.9e-03
-----On 18/20 Initial Guess Perturbations
Iteration 1564/2000-----
J=1.3e-02, ⟨Jf⟩=1.3e-03, ⟨B·n⟩=8.2e-03, Len=sum([4.8, 4.9, 4.7])=14.3, ϰ=[5.2, 5.8, 4.9], ∫ϰ²/L>=[5.9, 7.4, 7.9], C-C-Sep=0.20, ║∇J║=1.9e-03
-----On 18/20 Initial Guess Perturbations
Iteration 1565/2000-----
J=1.3e-02, ⟨Jf⟩=1.3e-03, ⟨B·n⟩=8.2e-03, Len=sum([4.8, 4.9, 4.7])=14.3, ϰ=[5.1, 5.8, 4.9], ∫ϰ²/L>=[5.9, 7.4, 8.0], C-C-Sep=0.20, ║∇J║=2.0e-03
-----On 18/20 Initial Guess Perturbations
Iteration 1566/2000-----
J=1.3e-02, ⟨Jf⟩=1.3e-03, ⟨B·n⟩=8.2e-03, Len=sum([4.8, 4.9, 4.7])=14.3, ϰ=[5.2, 5.8, 4.9], ∫ϰ²/L>=[5.9, 7.4, 8.0], C-C-Sep=0.20, ║∇J║=2.0e-03
-----On 18/20 Initial Guess Perturbations
Iteration 1567/2000-----
J=1.3e-02, ⟨Jf⟩=1.3e-03, ⟨B·n⟩=8.2e-03, Len=sum([4.8, 4.9, 4.7])=14.3, ϰ=[5.2, 5.8, 4.9], ∫ϰ²/L>=[5.9, 7.4, 8.0], C-C-Sep=0.20, ║∇J║=1.7e-03
-----On 18/20 Initial Guess Perturbations
Iteration 1568/2000-----
J=1.3e-02, ⟨Jf⟩=1.3e-03, ⟨B·n⟩=8.2e-03, Len=sum([4.8, 4.9, 4.7])=14.3, ϰ=[5.2, 5.8, 4.9], ∫ϰ²/L>=[5.9, 7.4, 8.0], C-C-Sep=0.20, ║∇J║=1.3e-03
-----On 18/20 Initial Guess Perturbations
Iteration 1569/2000-----
J=1.3e-02, ⟨Jf⟩=1.3e-03, ⟨B·n⟩=8.2e-03, Len=sum([4.8, 4.9, 4.7])=14.3, ϰ=[5.2, 5.8, 4.9], ∫ϰ²/L>=[5.9, 7.4, 8.0], C-C-Sep=0.20, ║∇J║=1.5e-03
-----On 18/20 Initial Guess Perturbations
Iteration 1570/2000-----
J=1.3e-02, ⟨Jf⟩=1.3e-03, ⟨B·n⟩=8.2e-03, Len=sum([4.8, 4.9, 4.7])=14.3, ϰ=[5.2, 5.8, 4.9], ∫ϰ²/L>=[5.9, 7.4, 8.0], C-C-Sep=0.20, ║∇J║=1.9e-03
-----On 18/20 Initial Guess Perturbations
Iteration 1571/2000-----
J=1.3e-02, ⟨Jf⟩=1.3e-03, ⟨B·n⟩=8.2e-03, Len=sum([4.8, 4.9, 4.7])=14.3, ϰ=[5.1, 5.8, 4.9], ∫ϰ²/L>=[5.9, 7.4, 8.0], C-C-Sep=0.20, ║∇J║=2.1e-03
-----On 18/20 Initial Guess Perturbations
Iteration 1572/2000-----
J=1.3e-02, ⟨Jf⟩=1.3e-03, ⟨B·n⟩=8.2e-03, Len=sum([4.8, 4.9, 4.7])=14.3, ϰ=[5.1, 5.8, 4.9], ∫ϰ²/L>=[5.9, 7.4, 8.0], C-C-Sep=0.20, ║∇J║=2.8e-03
-----On 18/20 Initial Guess Perturbations
Iteration 1573/2000-----
J=1.3e-02, ⟨Jf⟩=1.3e-03, ⟨B·n⟩=8.2e-03, Len=sum([4.8, 4.9, 4.7])=14.3, ϰ=[5.1, 5.8, 4.9], ∫ϰ²/L>=[5.9, 7.4, 8.0], C-C-Sep=0.20, ║∇J║=4.5e-03
-----On 18/20 Initial Guess Perturbations
Iteration 1574/2000-----
J=1.3e-02, ⟨Jf⟩=1.3e-03, ⟨B·n⟩=8.2e-03, Len=sum([4.8, 4.9, 4.7])=14.3, ϰ=[5.1, 5.8, 4.9], ∫ϰ²/L>=[5.9, 7.4, 8.0], C-C-Sep=0.20, ║∇J║=2.9e-03
-----On 18/20 Initial Guess Perturbations
Iteration 1575/2000-----
J=1.3e-02, ⟨Jf⟩=1.3e-03, ⟨B·n⟩=8.2e-03, Len=sum([4.8, 4.9, 4.7])=14.3, ϰ=[5.1, 5.8, 4.9], ∫ϰ²/L>=[5.9, 7.4, 8.0], C-C-Sep=0.20, ║∇J║=2.2e-03
-----On 18/20 Initial Guess Perturbations
Iteration 1576/2000-----
J=1.3e-02, ⟨Jf⟩=1.3e-03, ⟨B·n⟩=8.2e-03, Len=sum([4.8, 4.9, 4.7])=14.3, ϰ=[5.1, 5.8, 4.9], ∫ϰ²/L>=[5.9, 7.4, 8.0], C-C-Sep=0.20, ║∇J║=1.5e-03
-----On 18/20 Initial Guess Perturbations
Iteration 1577/2000-----
J=1.3e-02, ⟨Jf⟩=1.3e-03, ⟨B·n⟩=8.2e-03, Len=sum([4.8, 4.9, 4.7])=14.3, ϰ=[5.1, 5.8, 4.9], ∫ϰ²/L>=[5.9, 7.4, 8.0], C-C-Sep=0.20, ║∇J║=1.9e-03
-----On 18/20 Initial Guess Perturbations
Iteration 1578/2000-----
J=1.3e-02, ⟨Jf⟩=1.3e-03, ⟨B·n⟩=8.2e-03, Len=sum([4.8, 4.9, 4.7])=14.3, ϰ=[5.1, 5.8, 4.9], ∫ϰ²/L>=[5.9, 7.4, 8.0], C-C-Sep=0.20, ║∇J║=2.0e-03
-----On 18/20 Initial Guess Perturbations
Iteration 1579/2000-----
J=1.3e-02, ⟨Jf⟩=1.3e-03, ⟨B·n⟩=8.2e-03, Len=sum([4.8, 4.9, 4.7])=14.3, ϰ=[5.1, 5.9, 5.0], ∫ϰ²/L>=[5.9, 7.4, 8.0], C-C-Sep=0.20, ║∇J║=1.8e-03
-----On 18/20 Initial Guess Perturbations
Iteration 1580/2000-----
J=1.3e-02, ⟨Jf⟩=1.3e-03, ⟨B·n⟩=8.2e-03, Len=sum([4.8, 4.9, 4.7])=14.3, ϰ=[5.2, 5.9, 5.0], ∫ϰ²/L>=[5.9, 7.4, 8.0], C-C-Sep=0.20, ║∇J║=1.9e-03
-----On 18/20 Initial Guess Perturbations
Iteration 1581/2000-----
J=1.3e-02, ⟨Jf⟩=1.3e-03, ⟨B·n⟩=8.2e-03, Len=sum([4.8, 4.9, 4.7])=14.3, ϰ=[5.2, 5.9, 5.0], ∫ϰ²/L>=[5.9, 7.4, 8.0], C-C-Sep=0.20, ║∇J║=1.8e-03
-----On 18/20 Initial Guess Perturbations
Iteration 1582/2000-----
J=1.3e-02, ⟨Jf⟩=1.3e-03, ⟨B·n⟩=8.2e-03, Len=sum([4.8, 4.9, 4.7])=14.3, ϰ=[5.2, 5.9, 5.0], ∫ϰ²/L>=[5.9, 7.4, 8.0], C-C-Sep=0.20, ║∇J║=2.1e-03
-----On 18/20 Initial Guess Perturbations
Iteration 1583/2000-----
J=1.3e-02, ⟨Jf⟩=1.3e-03, ⟨B·n⟩=8.2e-03, Len=sum([4.8, 4.9, 4.7])=14.3, ϰ=[5.2, 5.9, 5.0], ∫ϰ²/L>=[5.9, 7.4, 8.0], C-C-Sep=0.20, ║∇J║=2.2e-03
-----On 18/20 Initial Guess Perturbations
Iteration 1584/2000-----
J=1.3e-02, ⟨Jf⟩=1.3e-03, ⟨B·n⟩=8.2e-03, Len=sum([4.8, 4.9, 4.7])=14.3, ϰ=[5.2, 5.9, 5.0], ∫ϰ²/L>=[5.9, 7.4, 8.0], C-C-Sep=0.20, ║∇J║=2.1e-03
-----On 18/20 Initial Guess Perturbations
Iteration 1585/2000-----
J=1.3e-02, ⟨Jf⟩=1.3e-03, ⟨B·n⟩=8.2e-03, Len=sum([4.8, 4.9, 4.7])=14.3, ϰ=[5.2, 5.9, 5.0], ∫ϰ²/L>=[5.9, 7.4, 8.0], C-C-Sep=0.20, ║∇J║=1.9e-03
-----On 18/20 Initial Guess Perturbations
Iteration 1586/2000-----
J=1.3e-02, ⟨Jf⟩=1.3e-03, ⟨B·n⟩=8.2e-03, Len=sum([4.8, 4.9, 4.7])=14.3, ϰ=[5.2, 5.9, 5.0], ∫ϰ²/L>=[6.0, 7.4, 8.0], C-C-Sep=0.20, ║∇J║=2.4e-03
-----On 18/20 Initial Guess Perturbations
Iteration 1587/2000-----
J=1.3e-02, ⟨Jf⟩=1.3e-03, ⟨B·n⟩=8.2e-03, Len=sum([4.8, 4.9, 4.7])=14.3, ϰ=[5.3, 5.9, 4.9], ∫ϰ²/L>=[6.0, 7.4, 8.0], C-C-Sep=0.20, ║∇J║=2.1e-03
-----On 18/20 Initial Guess Perturbations
Iteration 1588/2000-----
J=1.3e-02, ⟨Jf⟩=1.3e-03, ⟨B·n⟩=8.2e-03, Len=sum([4.8, 4.9, 4.7])=14.3, ϰ=[5.3, 5.9, 4.9], ∫ϰ²/L>=[5.9, 7.4, 8.0], C-C-Sep=0.20, ║∇J║=1.9e-03
-----On 18/20 Initial Guess Perturbations
Iteration 1589/2000-----
J=1.3e-02, ⟨Jf⟩=1.3e-03, ⟨B·n⟩=8.2e-03, Len=sum([4.8, 4.9, 4.7])=14.3, ϰ=[5.2, 5.9, 4.9], ∫ϰ²/L>=[5.9, 7.4, 8.0], C-C-Sep=0.20, ║∇J║=1.6e-03
-----On 18/20 Initial Guess Perturbations
Iteration 1590/2000-----
J=1.3e-02, ⟨Jf⟩=1.3e-03, ⟨B·n⟩=8.2e-03, Len=sum([4.8, 4.9, 4.7])=14.3, ϰ=[5.2, 5.9, 4.9], ∫ϰ²/L>=[5.9, 7.4, 8.0], C-C-Sep=0.20, ║∇J║=2.1e-03
-----On 18/20 Initial Guess Perturbations
Iteration 1591/2000-----
J=1.3e-02, ⟨Jf⟩=1.3e-03, ⟨B·n⟩=8.2e-03, Len=sum([4.8, 4.9, 4.7])=14.3, ϰ=[5.3, 5.9, 4.9], ∫ϰ²/L>=[5.9, 7.4, 8.0], C-C-Sep=0.20, ║∇J║=1.8e-03
-----On 18/20 Initial Guess Perturbations
Iteration 1592/2000-----
J=1.3e-02, ⟨Jf⟩=1.3e-03, ⟨B·n⟩=8.2e-03, Len=sum([4.8, 4.9, 4.7])=14.3, ϰ=[5.3, 5.9, 4.9], ∫ϰ²/L>=[5.9, 7.4, 8.0], C-C-Sep=0.20, ║∇J║=1.6e-03
-----On 18/20 Initial Guess Perturbations
Iteration 1593/2000-----
J=1.3e-02, ⟨Jf⟩=1.3e-03, ⟨B·n⟩=8.2e-03, Len=sum([4.8, 4.9, 4.7])=14.3, ϰ=[5.2, 5.9, 4.9], ∫ϰ²/L>=[5.9, 7.4, 8.0], C-C-Sep=0.20, ║∇J║=2.1e-03
-----On 18/20 Initial Guess Perturbations
Iteration 1594/2000-----
J=1.3e-02, ⟨Jf⟩=1.3e-03, ⟨B·n⟩=8.2e-03, Len=sum([4.8, 4.9, 4.7])=14.3, ϰ=[5.3, 5.9, 4.9], ∫ϰ²/L>=[5.9, 7.4, 8.0], C-C-Sep=0.20, ║∇J║=1.8e-03
-----On 18/20 Initial Guess Perturbations
Iteration 1595/2000-----
J=1.3e-02, ⟨Jf⟩=1.3e-03, ⟨B·n⟩=8.2e-03, Len=sum([4.8, 4.9, 4.7])=14.3, ϰ=[5.3, 5.9, 4.9], ∫ϰ²/L>=[5.9, 7.4, 8.0], C-C-Sep=0.20, ║∇J║=1.8e-03
-----On 18/20 Initial Guess Perturbations
Iteration 1596/2000-----
J=1.3e-02, ⟨Jf⟩=1.3e-03, ⟨B·n⟩=8.2e-03, Len=sum([4.8, 4.9, 4.7])=14.3, ϰ=[5.3, 5.9, 4.9], ∫ϰ²/L>=[5.9, 7.4, 8.0], C-C-Sep=0.20, ║∇J║=1.9e-03
-----On 18/20 Initial Guess Perturbations
Iteration 1597/2000-----
J=1.3e-02, ⟨Jf⟩=1.3e-03, ⟨B·n⟩=8.2e-03, Len=sum([4.8, 4.9, 4.7])=14.3, ϰ=[5.3, 5.9, 4.9], ∫ϰ²/L>=[5.9, 7.4, 8.0], C-C-Sep=0.20, ║∇J║=2.7e-03
-----On 18/20 Initial Guess Perturbations
Iteration 1598/2000-----
J=1.3e-02, ⟨Jf⟩=1.3e-03, ⟨B·n⟩=8.2e-03, Len=sum([4.8, 4.9, 4.7])=14.3, ϰ=[5.3, 5.8, 4.9], ∫ϰ²/L>=[6.0, 7.4, 8.0], C-C-Sep=0.20, ║∇J║=2.5e-03
-----On 18/20 Initial Guess Perturbations
Iteration 1599/2000-----
J=1.3e-02, ⟨Jf⟩=1.3e-03, ⟨B·n⟩=8.2e-03, Len=sum([4.8, 4.9, 4.7])=14.3, ϰ=[5.3, 5.8, 4.9], ∫ϰ²/L>=[6.0, 7.4, 8.0], C-C-Sep=0.20, ║∇J║=1.9e-03
-----On 18/20 Initial Guess Perturbations
Iteration 1600/2000-----
J=1.3e-02, ⟨Jf⟩=1.3e-03, ⟨B·n⟩=8.2e-03, Len=sum([4.8, 4.9, 4.7])=14.3, ϰ=[5.3, 5.8, 4.9], ∫ϰ²/L>=[6.0, 7.4, 8.0], C-C-Sep=0.20, ║∇J║=1.8e-03
-----On 18/20 Initial Guess Perturbations
Iteration 1601/2000-----
J=1.3e-02, ⟨Jf⟩=1.3e-03, ⟨B·n⟩=8.2e-03, Len=sum([4.8, 4.9, 4.7])=14.3, ϰ=[5.3, 5.8, 4.9], ∫ϰ²/L>=[6.0, 7.4, 8.0], C-C-Sep=0.20, ║∇J║=2.2e-03
-----On 18/20 Initial Guess Perturbations
Iteration 1602/2000-----
J=1.3e-02, ⟨Jf⟩=1.3e-03, ⟨B·n⟩=8.2e-03, Len=sum([4.8, 4.9, 4.7])=14.3, ϰ=[5.3, 5.8, 4.9], ∫ϰ²/L>=[6.0, 7.4, 8.0], C-C-Sep=0.20, ║∇J║=1.9e-03
-----On 18/20 Initial Guess Perturbations
Iteration 1603/2000-----
J=1.3e-02, ⟨Jf⟩=1.3e-03, ⟨B·n⟩=8.2e-03, Len=sum([4.8, 4.9, 4.7])=14.3, ϰ=[5.3, 5.8, 4.9], ∫ϰ²/L>=[6.0, 7.4, 8.0], C-C-Sep=0.20, ║∇J║=1.9e-03
-----On 18/20 Initial Guess Perturbations
Iteration 1604/2000-----
J=1.3e-02, ⟨Jf⟩=1.3e-03, ⟨B·n⟩=8.2e-03, Len=sum([4.8, 4.9, 4.7])=14.3, ϰ=[5.2, 5.8, 4.9], ∫ϰ²/L>=[6.0, 7.4, 8.0], C-C-Sep=0.20, ║∇J║=2.2e-03
-----On 18/20 Initial Guess Perturbations
Iteration 1605/2000-----
J=1.3e-02, ⟨Jf⟩=1.3e-03, ⟨B·n⟩=8.2e-03, Len=sum([4.8, 4.9, 4.7])=14.3, ϰ=[5.2, 5.8, 4.9], ∫ϰ²/L>=[6.0, 7.4, 8.0], C-C-Sep=0.20, ║∇J║=1.9e-03
-----On 18/20 Initial Guess Perturbations
Iteration 1606/2000-----
J=1.3e-02, ⟨Jf⟩=1.3e-03, ⟨B·n⟩=8.2e-03, Len=sum([4.8, 4.9, 4.7])=14.3, ϰ=[5.2, 5.8, 4.9], ∫ϰ²/L>=[6.0, 7.4, 8.0], C-C-Sep=0.20, ║∇J║=1.8e-03
-----On 18/20 Initial Guess Perturbations
Iteration 1607/2000-----
J=1.3e-02, ⟨Jf⟩=1.3e-03, ⟨B·n⟩=8.2e-03, Len=sum([4.8, 4.9, 4.7])=14.3, ϰ=[5.2, 5.8, 4.9], ∫ϰ²/L>=[6.0, 7.4, 8.0], C-C-Sep=0.20, ║∇J║=1.7e-03
-----On 18/20 Initial Guess Perturbations
Iteration 1608/2000-----
J=1.3e-02, ⟨Jf⟩=1.3e-03, ⟨B·n⟩=8.2e-03, Len=sum([4.8, 4.9, 4.7])=14.3, ϰ=[5.2, 5.8, 4.9], ∫ϰ²/L>=[6.0, 7.4, 8.0], C-C-Sep=0.20, ║∇J║=1.7e-03
-----On 18/20 Initial Guess Perturbations
Iteration 1609/2000-----
J=1.3e-02, ⟨Jf⟩=1.3e-03, ⟨B·n⟩=8.2e-03, Len=sum([4.8, 4.9, 4.7])=14.3, ϰ=[5.2, 5.8, 4.9], ∫ϰ²/L>=[6.0, 7.4, 8.0], C-C-Sep=0.20, ║∇J║=1.8e-03
-----On 18/20 Initial Guess Perturbations
Iteration 1610/2000-----
J=1.3e-02, ⟨Jf⟩=1.3e-03, ⟨B·n⟩=8.2e-03, Len=sum([4.8, 4.9, 4.7])=14.3, ϰ=[5.2, 5.8, 4.9], ∫ϰ²/L>=[6.0, 7.4, 8.0], C-C-Sep=0.20, ║∇J║=2.2e-03
-----On 18/20 Initial Guess Perturbations
Iteration 1611/2000-----
J=1.3e-02, ⟨Jf⟩=1.3e-03, ⟨B·n⟩=8.2e-03, Len=sum([4.8, 4.9, 4.7])=14.3, ϰ=[5.2, 5.8, 4.9], ∫ϰ²/L>=[6.0, 7.4, 8.0], C-C-Sep=0.20, ║∇J║=1.6e-03
-----On 18/20 Initial Guess Perturbations
Iteration 1612/2000-----
J=1.3e-02, ⟨Jf⟩=1.3e-03, ⟨B·n⟩=8.2e-03, Len=sum([4.8, 4.9, 4.7])=14.3, ϰ=[5.2, 5.8, 4.9], ∫ϰ²/L>=[6.0, 7.4, 8.0], C-C-Sep=0.20, ║∇J║=1.8e-03
-----On 18/20 Initial Guess Perturbations
Iteration 1613/2000-----
J=1.3e-02, ⟨Jf⟩=1.3e-03, ⟨B·n⟩=8.2e-03, Len=sum([4.8, 4.9, 4.7])=14.3, ϰ=[5.2, 5.8, 4.9], ∫ϰ²/L>=[6.0, 7.4, 8.0], C-C-Sep=0.20, ║∇J║=1.8e-03
-----On 18/20 Initial Guess Perturbations
Iteration 1614/2000-----
J=1.3e-02, ⟨Jf⟩=1.3e-03, ⟨B·n⟩=8.2e-03, Len=sum([4.8, 4.9, 4.7])=14.3, ϰ=[5.3, 5.8, 4.9], ∫ϰ²/L>=[6.0, 7.4, 8.0], C-C-Sep=0.20, ║∇J║=2.1e-03
-----On 18/20 Initial Guess Perturbations
Iteration 1615/2000-----
J=1.3e-02, ⟨Jf⟩=1.3e-03, ⟨B·n⟩=8.2e-03, Len=sum([4.8, 4.9, 4.7])=14.3, ϰ=[5.3, 5.8, 4.9], ∫ϰ²/L>=[6.0, 7.4, 8.0], C-C-Sep=0.20, ║∇J║=2.2e-03
-----On 18/20 Initial Guess Perturbations
Iteration 1616/2000-----
J=1.3e-02, ⟨Jf⟩=1.3e-03, ⟨B·n⟩=8.2e-03, Len=sum([4.8, 4.9, 4.7])=14.3, ϰ=[5.3, 5.8, 4.9], ∫ϰ²/L>=[6.0, 7.4, 8.0], C-C-Sep=0.20, ║∇J║=1.6e-03
-----On 18/20 Initial Guess Perturbations
Iteration 1617/2000-----
J=1.3e-02, ⟨Jf⟩=1.3e-03, ⟨B·n⟩=8.2e-03, Len=sum([4.8, 4.9, 4.7])=14.3, ϰ=[5.3, 5.8, 4.9], ∫ϰ²/L>=[6.0, 7.4, 8.0], C-C-Sep=0.20, ║∇J║=1.8e-03
-----On 18/20 Initial Guess Perturbations
Iteration 1618/2000-----
J=1.3e-02, ⟨Jf⟩=1.3e-03, ⟨B·n⟩=8.2e-03, Len=sum([4.8, 4.9, 4.7])=14.3, ϰ=[5.3, 5.8, 4.9], ∫ϰ²/L>=[6.0, 7.4, 8.0], C-C-Sep=0.20, ║∇J║=2.0e-03
-----On 18/20 Initial Guess Perturbations
Iteration 1619/2000-----
J=1.3e-02, ⟨Jf⟩=1.3e-03, ⟨B·n⟩=8.2e-03, Len=sum([4.8, 4.9, 4.7])=14.3, ϰ=[5.3, 5.8, 4.9], ∫ϰ²/L>=[6.0, 7.4, 8.0], C-C-Sep=0.20, ║∇J║=1.7e-03
-----On 18/20 Initial Guess Perturbations
Iteration 1620/2000-----
J=1.3e-02, ⟨Jf⟩=1.3e-03, ⟨B·n⟩=8.2e-03, Len=sum([4.8, 4.9, 4.7])=14.3, ϰ=[5.3, 5.8, 4.9], ∫ϰ²/L>=[6.0, 7.4, 8.0], C-C-Sep=0.20, ║∇J║=2.1e-03
-----On 18/20 Initial Guess Perturbations
Iteration 1621/2000-----
J=1.3e-02, ⟨Jf⟩=1.3e-03, ⟨B·n⟩=8.2e-03, Len=sum([4.8, 4.9, 4.7])=14.3, ϰ=[5.3, 5.8, 4.9], ∫ϰ²/L>=[6.0, 7.4, 8.0], C-C-Sep=0.20, ║∇J║=1.7e-03
-----On 18/20 Initial Guess Perturbations
Iteration 1622/2000-----
J=1.3e-02, ⟨Jf⟩=1.3e-03, ⟨B·n⟩=8.2e-03, Len=sum([4.8, 4.9, 4.7])=14.3, ϰ=[5.3, 5.8, 4.9], ∫ϰ²/L>=[6.0, 7.4, 8.0], C-C-Sep=0.20, ║∇J║=2.0e-03
-----On 18/20 Initial Guess Perturbations
Iteration 1623/2000-----
J=1.3e-02, ⟨Jf⟩=1.3e-03, ⟨B·n⟩=8.2e-03, Len=sum([4.8, 4.9, 4.7])=14.3, ϰ=[5.2, 5.8, 4.8], ∫ϰ²/L>=[6.0, 7.4, 8.0], C-C-Sep=0.20, ║∇J║=2.1e-03
-----On 18/20 Initial Guess Perturbations
Iteration 1624/2000-----
J=1.3e-02, ⟨Jf⟩=1.3e-03, ⟨B·n⟩=8.2e-03, Len=sum([4.8, 4.9, 4.7])=14.3, ϰ=[5.2, 5.8, 4.8], ∫ϰ²/L>=[6.0, 7.4, 8.0], C-C-Sep=0.20, ║∇J║=2.0e-03
-----On 18/20 Initial Guess Perturbations
Iteration 1625/2000-----
J=1.3e-02, ⟨Jf⟩=1.3e-03, ⟨B·n⟩=8.2e-03, Len=sum([4.8, 4.9, 4.7])=14.3, ϰ=[5.3, 5.8, 4.8], ∫ϰ²/L>=[6.0, 7.4, 8.0], C-C-Sep=0.20, ║∇J║=1.5e-03
-----On 18/20 Initial Guess Perturbations
Iteration 1626/2000-----
J=1.3e-02, ⟨Jf⟩=1.3e-03, ⟨B·n⟩=8.2e-03, Len=sum([4.8, 4.9, 4.7])=14.3, ϰ=[5.3, 5.8, 4.8], ∫ϰ²/L>=[6.0, 7.4, 8.0], C-C-Sep=0.20, ║∇J║=1.4e-03
-----On 18/20 Initial Guess Perturbations
Iteration 1627/2000-----
J=1.3e-02, ⟨Jf⟩=1.3e-03, ⟨B·n⟩=8.2e-03, Len=sum([4.8, 4.9, 4.7])=14.3, ϰ=[5.2, 5.8, 4.8], ∫ϰ²/L>=[6.0, 7.4, 8.0], C-C-Sep=0.20, ║∇J║=1.6e-03
-----On 18/20 Initial Guess Perturbations
Iteration 1628/2000-----
J=1.3e-02, ⟨Jf⟩=1.3e-03, ⟨B·n⟩=8.2e-03, Len=sum([4.8, 4.9, 4.7])=14.3, ϰ=[5.2, 5.8, 4.8], ∫ϰ²/L>=[6.0, 7.4, 8.0], C-C-Sep=0.20, ║∇J║=1.7e-03
-----On 18/20 Initial Guess Perturbations
Iteration 1629/2000-----
J=1.3e-02, ⟨Jf⟩=1.3e-03, ⟨B·n⟩=8.2e-03, Len=sum([4.8, 4.9, 4.7])=14.3, ϰ=[5.2, 5.8, 4.8], ∫ϰ²/L>=[6.0, 7.4, 8.0], C-C-Sep=0.20, ║∇J║=1.5e-03
-----On 18/20 Initial Guess Perturbations
Iteration 1630/2000-----
J=1.3e-02, ⟨Jf⟩=1.3e-03, ⟨B·n⟩=8.2e-03, Len=sum([4.8, 4.9, 4.7])=14.3, ϰ=[5.3, 5.8, 4.8], ∫ϰ²/L>=[6.0, 7.4, 8.0], C-C-Sep=0.20, ║∇J║=2.4e-03
-----On 18/20 Initial Guess Perturbations
Iteration 1631/2000-----
J=1.3e-02, ⟨Jf⟩=1.3e-03, ⟨B·n⟩=8.2e-03, Len=sum([4.8, 4.9, 4.7])=14.3, ϰ=[5.2, 5.8, 4.8], ∫ϰ²/L>=[6.0, 7.4, 8.0], C-C-Sep=0.20, ║∇J║=2.1e-03
-----On 18/20 Initial Guess Perturbations
Iteration 1632/2000-----
J=1.3e-02, ⟨Jf⟩=1.3e-03, ⟨B·n⟩=8.2e-03, Len=sum([4.8, 4.9, 4.7])=14.3, ϰ=[5.2, 5.8, 4.8], ∫ϰ²/L>=[6.0, 7.4, 8.0], C-C-Sep=0.20, ║∇J║=1.5e-03
-----On 18/20 Initial Guess Perturbations
Iteration 1633/2000-----
J=1.3e-02, ⟨Jf⟩=1.3e-03, ⟨B·n⟩=8.2e-03, Len=sum([4.8, 4.9, 4.7])=14.3, ϰ=[5.2, 5.8, 4.8], ∫ϰ²/L>=[6.0, 7.4, 8.0], C-C-Sep=0.20, ║∇J║=1.7e-03
-----On 18/20 Initial Guess Perturbations
Iteration 1634/2000-----
J=1.3e-02, ⟨Jf⟩=1.3e-03, ⟨B·n⟩=8.2e-03, Len=sum([4.8, 4.9, 4.7])=14.3, ϰ=[5.2, 5.8, 4.8], ∫ϰ²/L>=[6.0, 7.4, 8.0], C-C-Sep=0.20, ║∇J║=1.9e-03
-----On 18/20 Initial Guess Perturbations
Iteration 1635/2000-----
J=1.3e-02, ⟨Jf⟩=1.3e-03, ⟨B·n⟩=8.2e-03, Len=sum([4.8, 4.9, 4.7])=14.3, ϰ=[5.2, 5.8, 4.8], ∫ϰ²/L>=[6.0, 7.4, 8.0], C-C-Sep=0.20, ║∇J║=2.3e-03
-----On 18/20 Initial Guess Perturbations
Iteration 1636/2000-----
J=1.3e-02, ⟨Jf⟩=1.3e-03, ⟨B·n⟩=8.2e-03, Len=sum([4.8, 4.9, 4.7])=14.3, ϰ=[5.2, 5.8, 4.8], ∫ϰ²/L>=[6.0, 7.4, 8.0], C-C-Sep=0.20, ║∇J║=2.2e-03
-----On 18/20 Initial Guess Perturbations
Iteration 1637/2000-----
J=1.3e-02, ⟨Jf⟩=1.3e-03, ⟨B·n⟩=8.2e-03, Len=sum([4.8, 4.9, 4.7])=14.3, ϰ=[5.2, 5.8, 4.8], ∫ϰ²/L>=[6.0, 7.4, 8.0], C-C-Sep=0.20, ║∇J║=2.2e-03
-----On 18/20 Initial Guess Perturbations
Iteration 1638/2000-----
J=1.3e-02, ⟨Jf⟩=1.3e-03, ⟨B·n⟩=8.2e-03, Len=sum([4.8, 4.9, 4.7])=14.3, ϰ=[5.2, 5.8, 4.8], ∫ϰ²/L>=[6.0, 7.4, 8.0], C-C-Sep=0.20, ║∇J║=1.8e-03
-----On 18/20 Initial Guess Perturbations
Iteration 1639/2000-----
J=1.3e-02, ⟨Jf⟩=1.3e-03, ⟨B·n⟩=8.2e-03, Len=sum([4.8, 4.9, 4.7])=14.3, ϰ=[5.2, 5.8, 4.8], ∫ϰ²/L>=[6.0, 7.4, 8.0], C-C-Sep=0.20, ║∇J║=1.7e-03
-----On 18/20 Initial Guess Perturbations
Iteration 1640/2000-----
J=1.3e-02, ⟨Jf⟩=1.3e-03, ⟨B·n⟩=8.2e-03, Len=sum([4.8, 4.9, 4.7])=14.3, ϰ=[5.2, 5.8, 4.8], ∫ϰ²/L>=[6.0, 7.4, 8.0], C-C-Sep=0.20, ║∇J║=1.8e-03
-----On 18/20 Initial Guess Perturbations
Iteration 1641/2000-----
J=1.3e-02, ⟨Jf⟩=1.3e-03, ⟨B·n⟩=8.2e-03, Len=sum([4.8, 4.9, 4.7])=14.3, ϰ=[5.2, 5.8, 4.8], ∫ϰ²/L>=[6.0, 7.4, 8.0], C-C-Sep=0.20, ║∇J║=1.5e-03
-----On 18/20 Initial Guess Perturbations
Iteration 1642/2000-----
J=1.3e-02, ⟨Jf⟩=1.3e-03, ⟨B·n⟩=8.2e-03, Len=sum([4.8, 4.9, 4.7])=14.3, ϰ=[5.3, 5.8, 4.8], ∫ϰ²/L>=[6.0, 7.4, 8.0], C-C-Sep=0.20, ║∇J║=1.4e-03
-----On 18/20 Initial Guess Perturbations
Iteration 1643/2000-----
J=1.3e-02, ⟨Jf⟩=1.3e-03, ⟨B·n⟩=8.2e-03, Len=sum([4.8, 4.9, 4.7])=14.3, ϰ=[5.3, 5.8, 4.8], ∫ϰ²/L>=[6.0, 7.4, 8.0], C-C-Sep=0.20, ║∇J║=1.7e-03
-----On 18/20 Initial Guess Perturbations
Iteration 1644/2000-----
J=1.3e-02, ⟨Jf⟩=1.3e-03, ⟨B·n⟩=8.2e-03, Len=sum([4.8, 4.9, 4.7])=14.3, ϰ=[5.3, 5.8, 4.8], ∫ϰ²/L>=[6.0, 7.4, 8.0], C-C-Sep=0.20, ║∇J║=1.8e-03
-----On 18/20 Initial Guess Perturbations
Iteration 1645/2000-----
J=1.3e-02, ⟨Jf⟩=1.3e-03, ⟨B·n⟩=8.2e-03, Len=sum([4.8, 4.9, 4.7])=14.3, ϰ=[5.3, 5.8, 4.8], ∫ϰ²/L>=[6.0, 7.4, 8.0], C-C-Sep=0.20, ║∇J║=1.8e-03
-----On 18/20 Initial Guess Perturbations
Iteration 1646/2000-----
J=1.3e-02, ⟨Jf⟩=1.3e-03, ⟨B·n⟩=8.2e-03, Len=sum([4.8, 4.9, 4.7])=14.3, ϰ=[5.3, 5.8, 4.8], ∫ϰ²/L>=[6.0, 7.4, 8.0], C-C-Sep=0.20, ║∇J║=1.8e-03
-----On 18/20 Initial Guess Perturbations
Iteration 1647/2000-----
J=1.3e-02, ⟨Jf⟩=1.3e-03, ⟨B·n⟩=8.2e-03, Len=sum([4.8, 4.9, 4.7])=14.3, ϰ=[5.3, 5.8, 4.8], ∫ϰ²/L>=[6.0, 7.4, 8.0], C-C-Sep=0.20, ║∇J║=1.9e-03
-----On 18/20 Initial Guess Perturbations
Iteration 1648/2000-----
J=1.3e-02, ⟨Jf⟩=1.3e-03, ⟨B·n⟩=8.2e-03, Len=sum([4.8, 4.9, 4.7])=14.3, ϰ=[5.3, 5.8, 4.8], ∫ϰ²/L>=[6.0, 7.4, 8.0], C-C-Sep=0.20, ║∇J║=2.0e-03
-----On 18/20 Initial Guess Perturbations
Iteration 1649/2000-----
J=1.3e-02, ⟨Jf⟩=1.3e-03, ⟨B·n⟩=8.2e-03, Len=sum([4.8, 4.9, 4.7])=14.3, ϰ=[5.3, 5.8, 4.8], ∫ϰ²/L>=[6.0, 7.4, 8.0], C-C-Sep=0.20, ║∇J║=1.9e-03
-----On 18/20 Initial Guess Perturbations
Iteration 1650/2000-----
J=1.3e-02, ⟨Jf⟩=1.3e-03, ⟨B·n⟩=8.2e-03, Len=sum([4.8, 4.9, 4.7])=14.3, ϰ=[5.3, 5.8, 4.8], ∫ϰ²/L>=[6.0, 7.4, 8.0], C-C-Sep=0.20, ║∇J║=1.6e-03
-----On 18/20 Initial Guess Perturbations
Iteration 1651/2000-----
J=1.3e-02, ⟨Jf⟩=1.3e-03, ⟨B·n⟩=8.2e-03, Len=sum([4.8, 4.9, 4.7])=14.3, ϰ=[5.3, 5.9, 4.8], ∫ϰ²/L>=[6.0, 7.4, 8.0], C-C-Sep=0.20, ║∇J║=1.5e-03
-----On 18/20 Initial Guess Perturbations
Iteration 1652/2000-----
J=1.3e-02, ⟨Jf⟩=1.3e-03, ⟨B·n⟩=8.2e-03, Len=sum([4.8, 4.9, 4.7])=14.3, ϰ=[5.3, 5.9, 4.8], ∫ϰ²/L>=[6.0, 7.4, 8.0], C-C-Sep=0.20, ║∇J║=1.7e-03
-----On 18/20 Initial Guess Perturbations
Iteration 1653/2000-----
J=1.3e-02, ⟨Jf⟩=1.3e-03, ⟨B·n⟩=8.2e-03, Len=sum([4.8, 4.9, 4.7])=14.3, ϰ=[5.2, 5.9, 4.8], ∫ϰ²/L>=[6.0, 7.3, 8.0], C-C-Sep=0.20, ║∇J║=2.1e-03
-----On 18/20 Initial Guess Perturbations
Iteration 1654/2000-----
J=1.3e-02, ⟨Jf⟩=1.3e-03, ⟨B·n⟩=8.2e-03, Len=sum([4.8, 4.9, 4.7])=14.3, ϰ=[5.2, 6.0, 4.8], ∫ϰ²/L>=[6.0, 7.4, 8.0], C-C-Sep=0.20, ║∇J║=2.0e-03
-----On 18/20 Initial Guess Perturbations
Iteration 1655/2000-----
J=1.3e-02, ⟨Jf⟩=1.3e-03, ⟨B·n⟩=8.2e-03, Len=sum([4.8, 4.9, 4.7])=14.3, ϰ=[5.2, 6.0, 4.8], ∫ϰ²/L>=[6.0, 7.3, 8.0], C-C-Sep=0.20, ║∇J║=3.8e-03
-----On 18/20 Initial Guess Perturbations
Iteration 1656/2000-----
J=1.3e-02, ⟨Jf⟩=1.3e-03, ⟨B·n⟩=8.2e-03, Len=sum([4.8, 4.9, 4.7])=14.3, ϰ=[5.2, 6.0, 4.8], ∫ϰ²/L>=[6.0, 7.3, 8.0], C-C-Sep=0.20, ║∇J║=2.0e-03
-----On 18/20 Initial Guess Perturbations
Iteration 1657/2000-----
J=1.3e-02, ⟨Jf⟩=1.3e-03, ⟨B·n⟩=8.2e-03, Len=sum([4.8, 4.9, 4.7])=14.3, ϰ=[5.2, 6.0, 4.8], ∫ϰ²/L>=[6.0, 7.4, 8.0], C-C-Sep=0.20, ║∇J║=2.2e-03
-----On 18/20 Initial Guess Perturbations
Iteration 1658/2000-----
J=1.3e-02, ⟨Jf⟩=1.3e-03, ⟨B·n⟩=8.2e-03, Len=sum([4.8, 4.9, 4.7])=14.3, ϰ=[5.2, 6.0, 4.8], ∫ϰ²/L>=[6.0, 7.3, 8.0], C-C-Sep=0.20, ║∇J║=2.0e-03
-----On 18/20 Initial Guess Perturbations
Iteration 1659/2000-----
J=1.3e-02, ⟨Jf⟩=1.3e-03, ⟨B·n⟩=8.2e-03, Len=sum([4.8, 4.9, 4.7])=14.3, ϰ=[5.2, 5.9, 4.8], ∫ϰ²/L>=[6.0, 7.3, 8.0], C-C-Sep=0.20, ║∇J║=1.8e-03
-----On 18/20 Initial Guess Perturbations
Iteration 1660/2000-----
J=1.3e-02, ⟨Jf⟩=1.3e-03, ⟨B·n⟩=8.2e-03, Len=sum([4.8, 4.9, 4.7])=14.3, ϰ=[5.2, 5.9, 4.8], ∫ϰ²/L>=[6.0, 7.3, 8.0], C-C-Sep=0.20, ║∇J║=1.8e-03
-----On 18/20 Initial Guess Perturbations
Iteration 1661/2000-----
J=1.3e-02, ⟨Jf⟩=1.3e-03, ⟨B·n⟩=8.2e-03, Len=sum([4.8, 4.9, 4.7])=14.3, ϰ=[5.2, 5.9, 4.8], ∫ϰ²/L>=[6.0, 7.3, 8.0], C-C-Sep=0.20, ║∇J║=2.0e-03
-----On 18/20 Initial Guess Perturbations
Iteration 1662/2000-----
J=1.3e-02, ⟨Jf⟩=1.3e-03, ⟨B·n⟩=8.2e-03, Len=sum([4.8, 4.9, 4.7])=14.3, ϰ=[5.2, 5.9, 4.8], ∫ϰ²/L>=[6.0, 7.3, 8.0], C-C-Sep=0.20, ║∇J║=1.8e-03
-----On 18/20 Initial Guess Perturbations
Iteration 1663/2000-----
J=1.3e-02, ⟨Jf⟩=1.3e-03, ⟨B·n⟩=8.2e-03, Len=sum([4.8, 4.9, 4.7])=14.3, ϰ=[5.2, 5.9, 4.8], ∫ϰ²/L>=[6.0, 7.3, 8.0], C-C-Sep=0.20, ║∇J║=1.9e-03
-----On 18/20 Initial Guess Perturbations
Iteration 1664/2000-----
J=1.3e-02, ⟨Jf⟩=1.3e-03, ⟨B·n⟩=8.2e-03, Len=sum([4.8, 4.9, 4.7])=14.3, ϰ=[5.2, 5.9, 4.8], ∫ϰ²/L>=[6.0, 7.3, 8.0], C-C-Sep=0.20, ║∇J║=1.9e-03
-----On 18/20 Initial Guess Perturbations
Iteration 1665/2000-----
J=1.3e-02, ⟨Jf⟩=1.3e-03, ⟨B·n⟩=8.2e-03, Len=sum([4.8, 4.9, 4.7])=14.3, ϰ=[5.2, 5.9, 4.8], ∫ϰ²/L>=[6.0, 7.3, 8.0], C-C-Sep=0.20, ║∇J║=1.9e-03
-----On 18/20 Initial Guess Perturbations
Iteration 1666/2000-----
J=1.3e-02, ⟨Jf⟩=1.3e-03, ⟨B·n⟩=8.2e-03, Len=sum([4.8, 4.9, 4.7])=14.3, ϰ=[5.2, 5.9, 4.8], ∫ϰ²/L>=[6.0, 7.3, 8.0], C-C-Sep=0.20, ║∇J║=1.9e-03
-----On 18/20 Initial Guess Perturbations
Iteration 1667/2000-----
J=1.3e-02, ⟨Jf⟩=1.3e-03, ⟨B·n⟩=8.2e-03, Len=sum([4.8, 4.9, 4.7])=14.3, ϰ=[5.2, 5.9, 4.8], ∫ϰ²/L>=[6.0, 7.4, 8.0], C-C-Sep=0.20, ║∇J║=1.9e-03
-----On 18/20 Initial Guess Perturbations
Iteration 1668/2000-----
J=1.3e-02, ⟨Jf⟩=1.3e-03, ⟨B·n⟩=8.2e-03, Len=sum([4.8, 4.9, 4.7])=14.3, ϰ=[5.2, 5.9, 4.8], ∫ϰ²/L>=[6.0, 7.3, 8.0], C-C-Sep=0.20, ║∇J║=2.0e-03
-----On 18/20 Initial Guess Perturbations
Iteration 1669/2000-----
J=1.3e-02, ⟨Jf⟩=1.3e-03, ⟨B·n⟩=8.2e-03, Len=sum([4.8, 4.9, 4.7])=14.3, ϰ=[5.2, 5.9, 4.8], ∫ϰ²/L>=[6.1, 7.3, 8.0], C-C-Sep=0.20, ║∇J║=2.3e-03
-----On 18/20 Initial Guess Perturbations
Iteration 1670/2000-----
J=1.3e-02, ⟨Jf⟩=1.3e-03, ⟨B·n⟩=8.2e-03, Len=sum([4.8, 4.9, 4.7])=14.3, ϰ=[5.2, 5.9, 4.8], ∫ϰ²/L>=[6.0, 7.3, 8.0], C-C-Sep=0.20, ║∇J║=1.6e-03
-----On 18/20 Initial Guess Perturbations
Iteration 1671/2000-----
J=1.3e-02, ⟨Jf⟩=1.3e-03, ⟨B·n⟩=8.2e-03, Len=sum([4.8, 4.9, 4.7])=14.3, ϰ=[5.2, 5.9, 4.8], ∫ϰ²/L>=[6.1, 7.3, 8.0], C-C-Sep=0.20, ║∇J║=1.7e-03
-----On 18/20 Initial Guess Perturbations
Iteration 1672/2000-----
J=1.3e-02, ⟨Jf⟩=1.3e-03, ⟨B·n⟩=8.2e-03, Len=sum([4.8, 4.9, 4.7])=14.3, ϰ=[5.2, 5.9, 4.8], ∫ϰ²/L>=[6.1, 7.3, 8.0], C-C-Sep=0.20, ║∇J║=2.0e-03
-----On 18/20 Initial Guess Perturbations
Iteration 1673/2000-----
J=1.3e-02, ⟨Jf⟩=1.3e-03, ⟨B·n⟩=8.2e-03, Len=sum([4.8, 4.9, 4.7])=14.3, ϰ=[5.3, 5.9, 4.8], ∫ϰ²/L>=[6.1, 7.3, 8.0], C-C-Sep=0.20, ║∇J║=1.9e-03
-----On 18/20 Initial Guess Perturbations
Iteration 1674/2000-----
J=1.3e-02, ⟨Jf⟩=1.3e-03, ⟨B·n⟩=8.2e-03, Len=sum([4.8, 4.9, 4.7])=14.3, ϰ=[5.3, 5.8, 4.8], ∫ϰ²/L>=[6.1, 7.3, 8.0], C-C-Sep=0.20, ║∇J║=1.5e-03
-----On 18/20 Initial Guess Perturbations
Iteration 1675/2000-----
J=1.3e-02, ⟨Jf⟩=1.3e-03, ⟨B·n⟩=8.2e-03, Len=sum([4.8, 4.9, 4.7])=14.3, ϰ=[5.3, 5.9, 4.8], ∫ϰ²/L>=[6.1, 7.3, 8.0], C-C-Sep=0.20, ║∇J║=2.0e-03
-----On 18/20 Initial Guess Perturbations
Iteration 1676/2000-----
J=1.3e-02, ⟨Jf⟩=1.3e-03, ⟨B·n⟩=8.2e-03, Len=sum([4.8, 4.9, 4.7])=14.3, ϰ=[5.3, 5.9, 4.8], ∫ϰ²/L>=[6.1, 7.3, 8.0], C-C-Sep=0.20, ║∇J║=1.9e-03
-----On 18/20 Initial Guess Perturbations
Iteration 1677/2000-----
J=1.3e-02, ⟨Jf⟩=1.3e-03, ⟨B·n⟩=8.2e-03, Len=sum([4.8, 4.9, 4.7])=14.3, ϰ=[5.3, 5.9, 4.8], ∫ϰ²/L>=[6.1, 7.3, 8.0], C-C-Sep=0.20, ║∇J║=2.3e-03
-----On 18/20 Initial Guess Perturbations
Iteration 1678/2000-----
J=1.3e-02, ⟨Jf⟩=1.3e-03, ⟨B·n⟩=8.2e-03, Len=sum([4.8, 4.9, 4.7])=14.3, ϰ=[5.3, 5.8, 4.8], ∫ϰ²/L>=[6.1, 7.3, 8.0], C-C-Sep=0.20, ║∇J║=2.1e-03
-----On 18/20 Initial Guess Perturbations
Iteration 1679/2000-----
J=1.3e-02, ⟨Jf⟩=1.3e-03, ⟨B·n⟩=8.2e-03, Len=sum([4.8, 4.9, 4.7])=14.3, ϰ=[5.3, 5.8, 4.8], ∫ϰ²/L>=[6.1, 7.3, 8.0], C-C-Sep=0.20, ║∇J║=2.0e-03
-----On 18/20 Initial Guess Perturbations
Iteration 1680/2000-----
J=1.3e-02, ⟨Jf⟩=1.3e-03, ⟨B·n⟩=8.2e-03, Len=sum([4.8, 4.9, 4.7])=14.3, ϰ=[5.3, 5.8, 4.8], ∫ϰ²/L>=[6.1, 7.3, 8.0], C-C-Sep=0.20, ║∇J║=1.6e-03
-----On 18/20 Initial Guess Perturbations
Iteration 1681/2000-----
J=1.3e-02, ⟨Jf⟩=1.3e-03, ⟨B·n⟩=8.2e-03, Len=sum([4.8, 4.9, 4.7])=14.3, ϰ=[5.3, 5.8, 4.8], ∫ϰ²/L>=[6.1, 7.3, 8.0], C-C-Sep=0.20, ║∇J║=1.5e-03
-----On 18/20 Initial Guess Perturbations
Iteration 1682/2000-----
J=1.3e-02, ⟨Jf⟩=1.3e-03, ⟨B·n⟩=8.2e-03, Len=sum([4.8, 4.9, 4.7])=14.3, ϰ=[5.3, 5.8, 4.8], ∫ϰ²/L>=[6.1, 7.4, 8.0], C-C-Sep=0.20, ║∇J║=2.0e-03
-----On 18/20 Initial Guess Perturbations
Iteration 1683/2000-----
J=1.3e-02, ⟨Jf⟩=1.3e-03, ⟨B·n⟩=8.2e-03, Len=sum([4.8, 4.9, 4.7])=14.3, ϰ=[5.3, 5.8, 4.8], ∫ϰ²/L>=[6.1, 7.4, 8.0], C-C-Sep=0.20, ║∇J║=2.0e-03
-----On 18/20 Initial Guess Perturbations
Iteration 1684/2000-----
J=1.3e-02, ⟨Jf⟩=1.3e-03, ⟨B·n⟩=8.2e-03, Len=sum([4.8, 4.9, 4.7])=14.3, ϰ=[5.3, 5.8, 4.8], ∫ϰ²/L>=[6.1, 7.4, 8.0], C-C-Sep=0.20, ║∇J║=1.9e-03
-----On 18/20 Initial Guess Perturbations
Iteration 1685/2000-----
J=1.3e-02, ⟨Jf⟩=1.3e-03, ⟨B·n⟩=8.2e-03, Len=sum([4.8, 4.9, 4.7])=14.3, ϰ=[5.3, 5.8, 4.8], ∫ϰ²/L>=[6.1, 7.3, 8.0], C-C-Sep=0.20, ║∇J║=2.3e-03
-----On 18/20 Initial Guess Perturbations
Iteration 1686/2000-----
J=1.3e-02, ⟨Jf⟩=1.3e-03, ⟨B·n⟩=8.2e-03, Len=sum([4.8, 4.9, 4.7])=14.3, ϰ=[5.3, 5.9, 4.8], ∫ϰ²/L>=[6.1, 7.4, 8.0], C-C-Sep=0.20, ║∇J║=2.3e-03
-----On 18/20 Initial Guess Perturbations
Iteration 1687/2000-----
J=1.3e-02, ⟨Jf⟩=1.3e-03, ⟨B·n⟩=8.2e-03, Len=sum([4.8, 4.9, 4.7])=14.3, ϰ=[5.3, 5.9, 4.9], ∫ϰ²/L>=[6.1, 7.4, 8.0], C-C-Sep=0.20, ║∇J║=1.9e-03
-----On 18/20 Initial Guess Perturbations
Iteration 1688/2000-----
J=1.3e-02, ⟨Jf⟩=1.3e-03, ⟨B·n⟩=8.2e-03, Len=sum([4.8, 4.9, 4.7])=14.3, ϰ=[5.3, 5.9, 4.9], ∫ϰ²/L>=[6.1, 7.4, 8.0], C-C-Sep=0.20, ║∇J║=1.5e-03
-----On 18/20 Initial Guess Perturbations
Iteration 1689/2000-----
J=1.3e-02, ⟨Jf⟩=1.3e-03, ⟨B·n⟩=8.2e-03, Len=sum([4.8, 4.9, 4.7])=14.3, ϰ=[5.3, 5.9, 4.9], ∫ϰ²/L>=[6.1, 7.4, 8.0], C-C-Sep=0.20, ║∇J║=1.5e-03
-----On 18/20 Initial Guess Perturbations
Iteration 1690/2000-----
J=1.3e-02, ⟨Jf⟩=1.3e-03, ⟨B·n⟩=8.2e-03, Len=sum([4.8, 4.9, 4.7])=14.3, ϰ=[5.3, 5.9, 4.9], ∫ϰ²/L>=[6.1, 7.4, 8.0], C-C-Sep=0.20, ║∇J║=1.6e-03
-----On 18/20 Initial Guess Perturbations
Iteration 1691/2000-----
J=1.3e-02, ⟨Jf⟩=1.3e-03, ⟨B·n⟩=8.2e-03, Len=sum([4.8, 4.9, 4.7])=14.3, ϰ=[5.3, 5.9, 4.9], ∫ϰ²/L>=[6.1, 7.4, 8.0], C-C-Sep=0.20, ║∇J║=1.6e-03
-----On 18/20 Initial Guess Perturbations
Iteration 1692/2000-----
J=1.3e-02, ⟨Jf⟩=1.3e-03, ⟨B·n⟩=8.2e-03, Len=sum([4.8, 4.9, 4.7])=14.3, ϰ=[5.3, 5.9, 4.9], ∫ϰ²/L>=[6.1, 7.4, 8.0], C-C-Sep=0.20, ║∇J║=1.7e-03
-----On 18/20 Initial Guess Perturbations
Iteration 1693/2000-----
J=1.3e-02, ⟨Jf⟩=1.3e-03, ⟨B·n⟩=8.2e-03, Len=sum([4.8, 4.9, 4.7])=14.3, ϰ=[5.3, 5.9, 4.9], ∫ϰ²/L>=[6.1, 7.4, 8.0], C-C-Sep=0.20, ║∇J║=1.5e-03
-----On 18/20 Initial Guess Perturbations
Iteration 1694/2000-----
J=1.3e-02, ⟨Jf⟩=1.3e-03, ⟨B·n⟩=8.2e-03, Len=sum([4.8, 4.9, 4.7])=14.3, ϰ=[5.3, 5.9, 4.9], ∫ϰ²/L>=[6.1, 7.4, 8.0], C-C-Sep=0.20, ║∇J║=1.7e-03
-----On 18/20 Initial Guess Perturbations
Iteration 1695/2000-----
J=1.3e-02, ⟨Jf⟩=1.3e-03, ⟨B·n⟩=8.2e-03, Len=sum([4.8, 4.9, 4.7])=14.3, ϰ=[5.3, 5.9, 4.9], ∫ϰ²/L>=[6.1, 7.4, 8.0], C-C-Sep=0.20, ║∇J║=2.0e-03
-----On 18/20 Initial Guess Perturbations
Iteration 1696/2000-----
J=1.3e-02, ⟨Jf⟩=1.3e-03, ⟨B·n⟩=8.2e-03, Len=sum([4.8, 4.9, 4.7])=14.3, ϰ=[5.3, 5.9, 4.9], ∫ϰ²/L>=[6.1, 7.4, 8.0], C-C-Sep=0.20, ║∇J║=1.7e-03
-----On 18/20 Initial Guess Perturbations
Iteration 1697/2000-----
J=1.3e-02, ⟨Jf⟩=1.3e-03, ⟨B·n⟩=8.2e-03, Len=sum([4.8, 4.9, 4.7])=14.3, ϰ=[5.3, 5.9, 4.9], ∫ϰ²/L>=[6.1, 7.4, 8.0], C-C-Sep=0.20, ║∇J║=1.6e-03
-----On 18/20 Initial Guess Perturbations
Iteration 1698/2000-----
J=1.3e-02, ⟨Jf⟩=1.3e-03, ⟨B·n⟩=8.2e-03, Len=sum([4.8, 4.9, 4.7])=14.3, ϰ=[5.3, 5.9, 4.9], ∫ϰ²/L>=[6.1, 7.4, 8.0], C-C-Sep=0.20, ║∇J║=1.5e-03
-----On 18/20 Initial Guess Perturbations
Iteration 1699/2000-----
J=1.3e-02, ⟨Jf⟩=1.3e-03, ⟨B·n⟩=8.2e-03, Len=sum([4.8, 4.9, 4.7])=14.3, ϰ=[5.3, 5.9, 4.9], ∫ϰ²/L>=[6.1, 7.4, 8.0], C-C-Sep=0.20, ║∇J║=1.4e-03
-----On 18/20 Initial Guess Perturbations
Iteration 1700/2000-----
J=1.3e-02, ⟨Jf⟩=1.3e-03, ⟨B·n⟩=8.2e-03, Len=sum([4.8, 4.9, 4.7])=14.3, ϰ=[5.3, 5.9, 4.9], ∫ϰ²/L>=[6.1, 7.4, 8.0], C-C-Sep=0.20, ║∇J║=1.9e-03
-----On 18/20 Initial Guess Perturbations
Iteration 1701/2000-----
J=1.3e-02, ⟨Jf⟩=1.3e-03, ⟨B·n⟩=8.2e-03, Len=sum([4.8, 4.9, 4.7])=14.3, ϰ=[5.3, 5.9, 4.9], ∫ϰ²/L>=[6.1, 7.4, 8.0], C-C-Sep=0.20, ║∇J║=1.8e-03
-----On 18/20 Initial Guess Perturbations
Iteration 1702/2000-----
J=1.3e-02, ⟨Jf⟩=1.3e-03, ⟨B·n⟩=8.2e-03, Len=sum([4.8, 4.9, 4.7])=14.3, ϰ=[5.3, 5.9, 4.9], ∫ϰ²/L>=[6.1, 7.4, 8.0], C-C-Sep=0.20, ║∇J║=1.6e-03
-----On 18/20 Initial Guess Perturbations
Iteration 1703/2000-----
J=1.3e-02, ⟨Jf⟩=1.3e-03, ⟨B·n⟩=8.2e-03, Len=sum([4.8, 4.9, 4.7])=14.3, ϰ=[5.3, 5.9, 4.9], ∫ϰ²/L>=[6.1, 7.4, 8.0], C-C-Sep=0.20, ║∇J║=1.3e-03
-----On 18/20 Initial Guess Perturbations
Iteration 1704/2000-----
J=1.3e-02, ⟨Jf⟩=1.3e-03, ⟨B·n⟩=8.2e-03, Len=sum([4.8, 4.9, 4.7])=14.3, ϰ=[5.3, 6.0, 4.9], ∫ϰ²/L>=[6.1, 7.4, 8.0], C-C-Sep=0.20, ║∇J║=1.6e-03
-----On 18/20 Initial Guess Perturbations
Iteration 1705/2000-----
J=1.3e-02, ⟨Jf⟩=1.3e-03, ⟨B·n⟩=8.2e-03, Len=sum([4.8, 4.9, 4.7])=14.3, ϰ=[5.3, 5.9, 4.9], ∫ϰ²/L>=[6.1, 7.3, 8.0], C-C-Sep=0.20, ║∇J║=1.5e-03
-----On 18/20 Initial Guess Perturbations
Iteration 1706/2000-----
J=1.3e-02, ⟨Jf⟩=1.3e-03, ⟨B·n⟩=8.2e-03, Len=sum([4.8, 4.9, 4.7])=14.3, ϰ=[5.3, 5.9, 4.9], ∫ϰ²/L>=[6.1, 7.4, 7.9], C-C-Sep=0.20, ║∇J║=1.7e-03
-----On 18/20 Initial Guess Perturbations
Iteration 1707/2000-----
J=1.3e-02, ⟨Jf⟩=1.3e-03, ⟨B·n⟩=8.2e-03, Len=sum([4.8, 4.9, 4.7])=14.3, ϰ=[5.3, 5.9, 4.9], ∫ϰ²/L>=[6.1, 7.3, 7.9], C-C-Sep=0.20, ║∇J║=1.5e-03
-----On 18/20 Initial Guess Perturbations
Iteration 1708/2000-----
J=1.3e-02, ⟨Jf⟩=1.3e-03, ⟨B·n⟩=8.2e-03, Len=sum([4.8, 4.9, 4.7])=14.3, ϰ=[5.4, 5.9, 4.9], ∫ϰ²/L>=[6.1, 7.4, 7.9], C-C-Sep=0.20, ║∇J║=1.4e-03
-----On 18/20 Initial Guess Perturbations
Iteration 1709/2000-----
J=1.3e-02, ⟨Jf⟩=1.3e-03, ⟨B·n⟩=8.2e-03, Len=sum([4.8, 4.9, 4.7])=14.3, ϰ=[5.4, 5.9, 4.9], ∫ϰ²/L>=[6.1, 7.3, 7.9], C-C-Sep=0.20, ║∇J║=1.5e-03
-----On 18/20 Initial Guess Perturbations
Iteration 1710/2000-----
J=1.3e-02, ⟨Jf⟩=1.3e-03, ⟨B·n⟩=8.2e-03, Len=sum([4.8, 4.9, 4.7])=14.3, ϰ=[5.4, 5.9, 4.9], ∫ϰ²/L>=[6.1, 7.4, 7.9], C-C-Sep=0.20, ║∇J║=1.6e-03
-----On 18/20 Initial Guess Perturbations
Iteration 1711/2000-----
J=1.3e-02, ⟨Jf⟩=1.3e-03, ⟨B·n⟩=8.2e-03, Len=sum([4.8, 4.9, 4.7])=14.3, ϰ=[5.4, 5.9, 4.9], ∫ϰ²/L>=[6.1, 7.4, 7.9], C-C-Sep=0.20, ║∇J║=1.3e-03
-----On 18/20 Initial Guess Perturbations
Iteration 1712/2000-----
J=1.3e-02, ⟨Jf⟩=1.3e-03, ⟨B·n⟩=8.2e-03, Len=sum([4.8, 4.9, 4.7])=14.3, ϰ=[5.4, 5.9, 4.9], ∫ϰ²/L>=[6.1, 7.4, 7.9], C-C-Sep=0.20, ║∇J║=1.6e-03
-----On 18/20 Initial Guess Perturbations
Iteration 1713/2000-----
J=1.3e-02, ⟨Jf⟩=1.3e-03, ⟨B·n⟩=8.2e-03, Len=sum([4.8, 4.9, 4.7])=14.3, ϰ=[5.4, 5.9, 4.9], ∫ϰ²/L>=[6.1, 7.3, 7.9], C-C-Sep=0.20, ║∇J║=1.6e-03
-----On 18/20 Initial Guess Perturbations
Iteration 1714/2000-----
J=1.3e-02, ⟨Jf⟩=1.3e-03, ⟨B·n⟩=8.2e-03, Len=sum([4.8, 4.9, 4.7])=14.3, ϰ=[5.4, 5.9, 4.9], ∫ϰ²/L>=[6.1, 7.4, 7.9], C-C-Sep=0.20, ║∇J║=1.4e-03
-----On 18/20 Initial Guess Perturbations
Iteration 1715/2000-----
J=1.3e-02, ⟨Jf⟩=1.3e-03, ⟨B·n⟩=8.2e-03, Len=sum([4.8, 4.9, 4.7])=14.3, ϰ=[5.4, 5.9, 4.9], ∫ϰ²/L>=[6.1, 7.4, 7.9], C-C-Sep=0.20, ║∇J║=1.4e-03
-----On 18/20 Initial Guess Perturbations
Iteration 1716/2000-----
J=1.3e-02, ⟨Jf⟩=1.3e-03, ⟨B·n⟩=8.2e-03, Len=sum([4.8, 4.9, 4.7])=14.3, ϰ=[5.4, 5.9, 4.9], ∫ϰ²/L>=[6.1, 7.4, 7.9], C-C-Sep=0.20, ║∇J║=1.7e-03
-----On 18/20 Initial Guess Perturbations
Iteration 1717/2000-----
J=1.3e-02, ⟨Jf⟩=1.3e-03, ⟨B·n⟩=8.2e-03, Len=sum([4.8, 4.9, 4.7])=14.3, ϰ=[5.4, 5.9, 4.9], ∫ϰ²/L>=[6.1, 7.4, 7.9], C-C-Sep=0.20, ║∇J║=1.6e-03
-----On 18/20 Initial Guess Perturbations
Iteration 1718/2000-----
J=1.3e-02, ⟨Jf⟩=1.3e-03, ⟨B·n⟩=8.2e-03, Len=sum([4.8, 4.9, 4.7])=14.3, ϰ=[5.4, 5.9, 4.9], ∫ϰ²/L>=[6.1, 7.4, 7.9], C-C-Sep=0.20, ║∇J║=1.5e-03
-----On 18/20 Initial Guess Perturbations
Iteration 1719/2000-----
J=1.3e-02, ⟨Jf⟩=1.3e-03, ⟨B·n⟩=8.2e-03, Len=sum([4.8, 4.9, 4.7])=14.3, ϰ=[5.4, 5.9, 4.9], ∫ϰ²/L>=[6.1, 7.4, 8.0], C-C-Sep=0.20, ║∇J║=1.2e-03
-----On 18/20 Initial Guess Perturbations
Iteration 1720/2000-----
J=1.3e-02, ⟨Jf⟩=1.3e-03, ⟨B·n⟩=8.2e-03, Len=sum([4.8, 4.9, 4.7])=14.3, ϰ=[5.3, 5.9, 4.9], ∫ϰ²/L>=[6.1, 7.4, 7.9], C-C-Sep=0.20, ║∇J║=1.4e-03
-----On 18/20 Initial Guess Perturbations
Iteration 1721/2000-----
J=1.3e-02, ⟨Jf⟩=1.3e-03, ⟨B·n⟩=8.2e-03, Len=sum([4.8, 4.9, 4.7])=14.3, ϰ=[5.3, 5.9, 4.9], ∫ϰ²/L>=[6.1, 7.4, 7.9], C-C-Sep=0.20, ║∇J║=1.4e-03
-----On 18/20 Initial Guess Perturbations
Iteration 1722/2000-----
J=1.3e-02, ⟨Jf⟩=1.3e-03, ⟨B·n⟩=8.2e-03, Len=sum([4.8, 4.9, 4.7])=14.3, ϰ=[5.3, 5.9, 4.9], ∫ϰ²/L>=[6.1, 7.4, 7.9], C-C-Sep=0.20, ║∇J║=1.2e-03
-----On 18/20 Initial Guess Perturbations
Iteration 1723/2000-----
J=1.3e-02, ⟨Jf⟩=1.3e-03, ⟨B·n⟩=8.2e-03, Len=sum([4.8, 4.9, 4.7])=14.3, ϰ=[5.4, 5.9, 4.9], ∫ϰ²/L>=[6.1, 7.4, 7.9], C-C-Sep=0.20, ║∇J║=1.5e-03
-----On 18/20 Initial Guess Perturbations
Iteration 1724/2000-----
J=1.3e-02, ⟨Jf⟩=1.3e-03, ⟨B·n⟩=8.2e-03, Len=sum([4.8, 4.9, 4.7])=14.3, ϰ=[5.4, 5.9, 4.9], ∫ϰ²/L>=[6.2, 7.4, 7.9], C-C-Sep=0.20, ║∇J║=1.4e-03
-----On 18/20 Initial Guess Perturbations
Iteration 1725/2000-----
J=1.3e-02, ⟨Jf⟩=1.3e-03, ⟨B·n⟩=8.2e-03, Len=sum([4.8, 4.9, 4.7])=14.3, ϰ=[5.4, 5.8, 4.9], ∫ϰ²/L>=[6.1, 7.3, 7.9], C-C-Sep=0.20, ║∇J║=1.4e-03
-----On 18/20 Initial Guess Perturbations
Iteration 1726/2000-----
J=1.3e-02, ⟨Jf⟩=1.3e-03, ⟨B·n⟩=8.2e-03, Len=sum([4.8, 4.9, 4.7])=14.3, ϰ=[5.4, 5.9, 4.9], ∫ϰ²/L>=[6.2, 7.3, 7.9], C-C-Sep=0.20, ║∇J║=1.5e-03
-----On 18/20 Initial Guess Perturbations
Iteration 1727/2000-----
J=1.3e-02, ⟨Jf⟩=1.3e-03, ⟨B·n⟩=8.2e-03, Len=sum([4.8, 4.9, 4.7])=14.3, ϰ=[5.4, 5.8, 4.9], ∫ϰ²/L>=[6.2, 7.3, 7.9], C-C-Sep=0.20, ║∇J║=1.5e-03
-----On 18/20 Initial Guess Perturbations
Iteration 1728/2000-----
J=1.3e-02, ⟨Jf⟩=1.3e-03, ⟨B·n⟩=8.2e-03, Len=sum([4.8, 4.9, 4.7])=14.3, ϰ=[5.4, 5.9, 4.9], ∫ϰ²/L>=[6.2, 7.4, 7.9], C-C-Sep=0.20, ║∇J║=1.5e-03
-----On 18/20 Initial Guess Perturbations
Iteration 1729/2000-----
J=1.3e-02, ⟨Jf⟩=1.3e-03, ⟨B·n⟩=8.2e-03, Len=sum([4.8, 4.9, 4.7])=14.3, ϰ=[5.4, 5.9, 4.9], ∫ϰ²/L>=[6.2, 7.3, 7.9], C-C-Sep=0.20, ║∇J║=1.9e-03
-----On 18/20 Initial Guess Perturbations
Iteration 1730/2000-----
J=1.3e-02, ⟨Jf⟩=1.3e-03, ⟨B·n⟩=8.2e-03, Len=sum([4.8, 4.9, 4.7])=14.3, ϰ=[5.4, 5.9, 4.9], ∫ϰ²/L>=[6.2, 7.4, 7.9], C-C-Sep=0.20, ║∇J║=1.7e-03
-----On 18/20 Initial Guess Perturbations
Iteration 1731/2000-----
J=1.3e-02, ⟨Jf⟩=1.3e-03, ⟨B·n⟩=8.2e-03, Len=sum([4.8, 4.9, 4.7])=14.3, ϰ=[5.4, 5.9, 4.9], ∫ϰ²/L>=[6.2, 7.3, 7.9], C-C-Sep=0.20, ║∇J║=1.3e-03
-----On 18/20 Initial Guess Perturbations
Iteration 1732/2000-----
J=1.3e-02, ⟨Jf⟩=1.3e-03, ⟨B·n⟩=8.2e-03, Len=sum([4.8, 4.9, 4.7])=14.3, ϰ=[5.4, 5.9, 4.9], ∫ϰ²/L>=[6.2, 7.3, 7.9], C-C-Sep=0.20, ║∇J║=1.3e-03
-----On 18/20 Initial Guess Perturbations
Iteration 1733/2000-----
J=1.3e-02, ⟨Jf⟩=1.3e-03, ⟨B·n⟩=8.2e-03, Len=sum([4.8, 4.9, 4.7])=14.3, ϰ=[5.4, 5.8, 4.9], ∫ϰ²/L>=[6.2, 7.3, 7.9], C-C-Sep=0.20, ║∇J║=1.3e-03
-----On 18/20 Initial Guess Perturbations
Iteration 1734/2000-----
J=1.3e-02, ⟨Jf⟩=1.3e-03, ⟨B·n⟩=8.2e-03, Len=sum([4.8, 4.9, 4.7])=14.3, ϰ=[5.4, 5.8, 4.9], ∫ϰ²/L>=[6.2, 7.3, 7.9], C-C-Sep=0.20, ║∇J║=1.4e-03
-----On 18/20 Initial Guess Perturbations
Iteration 1735/2000-----
J=1.3e-02, ⟨Jf⟩=1.3e-03, ⟨B·n⟩=8.2e-03, Len=sum([4.8, 4.9, 4.7])=14.3, ϰ=[5.4, 5.9, 4.9], ∫ϰ²/L>=[6.2, 7.3, 7.9], C-C-Sep=0.20, ║∇J║=1.4e-03
-----On 18/20 Initial Guess Perturbations
Iteration 1736/2000-----
J=1.3e-02, ⟨Jf⟩=1.3e-03, ⟨B·n⟩=8.2e-03, Len=sum([4.8, 4.9, 4.7])=14.3, ϰ=[5.4, 5.8, 4.9], ∫ϰ²/L>=[6.2, 7.3, 7.9], C-C-Sep=0.20, ║∇J║=1.8e-03
-----On 18/20 Initial Guess Perturbations
Iteration 1737/2000-----
J=1.3e-02, ⟨Jf⟩=1.3e-03, ⟨B·n⟩=8.2e-03, Len=sum([4.8, 4.9, 4.7])=14.3, ϰ=[5.4, 5.8, 4.9], ∫ϰ²/L>=[6.2, 7.3, 7.9], C-C-Sep=0.20, ║∇J║=1.5e-03
-----On 18/20 Initial Guess Perturbations
Iteration 1738/2000-----
J=1.3e-02, ⟨Jf⟩=1.3e-03, ⟨B·n⟩=8.2e-03, Len=sum([4.8, 4.9, 4.7])=14.3, ϰ=[5.4, 5.9, 4.9], ∫ϰ²/L>=[6.2, 7.3, 7.9], C-C-Sep=0.20, ║∇J║=1.5e-03
-----On 18/20 Initial Guess Perturbations
Iteration 1739/2000-----
J=1.3e-02, ⟨Jf⟩=1.3e-03, ⟨B·n⟩=8.2e-03, Len=sum([4.8, 4.9, 4.7])=14.3, ϰ=[5.4, 5.9, 4.9], ∫ϰ²/L>=[6.2, 7.3, 7.9], C-C-Sep=0.20, ║∇J║=1.3e-03
-----On 18/20 Initial Guess Perturbations
Iteration 1740/2000-----
J=1.3e-02, ⟨Jf⟩=1.3e-03, ⟨B·n⟩=8.2e-03, Len=sum([4.8, 4.9, 4.7])=14.3, ϰ=[5.4, 5.9, 4.9], ∫ϰ²/L>=[6.2, 7.3, 7.9], C-C-Sep=0.20, ║∇J║=1.2e-03
-----On 18/20 Initial Guess Perturbations
Iteration 1741/2000-----
J=1.3e-02, ⟨Jf⟩=1.3e-03, ⟨B·n⟩=8.2e-03, Len=sum([4.8, 4.9, 4.7])=14.3, ϰ=[5.4, 5.9, 4.9], ∫ϰ²/L>=[6.2, 7.3, 7.9], C-C-Sep=0.20, ║∇J║=1.8e-03
-----On 18/20 Initial Guess Perturbations
Iteration 1742/2000-----
J=1.3e-02, ⟨Jf⟩=1.3e-03, ⟨B·n⟩=8.2e-03, Len=sum([4.8, 4.9, 4.7])=14.3, ϰ=[5.4, 5.9, 5.0], ∫ϰ²/L>=[6.2, 7.3, 7.9], C-C-Sep=0.20, ║∇J║=1.5e-03
-----On 18/20 Initial Guess Perturbations
Iteration 1743/2000-----
J=1.3e-02, ⟨Jf⟩=1.3e-03, ⟨B·n⟩=8.2e-03, Len=sum([4.8, 4.9, 4.7])=14.3, ϰ=[5.4, 5.9, 5.0], ∫ϰ²/L>=[6.2, 7.3, 7.9], C-C-Sep=0.20, ║∇J║=1.4e-03
-----On 18/20 Initial Guess Perturbations
Iteration 1744/2000-----
J=1.3e-02, ⟨Jf⟩=1.3e-03, ⟨B·n⟩=8.2e-03, Len=sum([4.8, 4.9, 4.7])=14.3, ϰ=[5.4, 5.9, 4.9], ∫ϰ²/L>=[6.2, 7.3, 7.9], C-C-Sep=0.20, ║∇J║=1.5e-03
-----On 18/20 Initial Guess Perturbations
Iteration 1745/2000-----
J=1.3e-02, ⟨Jf⟩=1.3e-03, ⟨B·n⟩=8.2e-03, Len=sum([4.8, 4.9, 4.7])=14.3, ϰ=[5.4, 5.9, 4.9], ∫ϰ²/L>=[6.2, 7.3, 7.9], C-C-Sep=0.20, ║∇J║=1.5e-03
-----On 18/20 Initial Guess Perturbations
Iteration 1746/2000-----
J=1.3e-02, ⟨Jf⟩=1.3e-03, ⟨B·n⟩=8.2e-03, Len=sum([4.8, 4.9, 4.7])=14.3, ϰ=[5.4, 5.9, 4.9], ∫ϰ²/L>=[6.2, 7.3, 7.9], C-C-Sep=0.20, ║∇J║=1.5e-03
-----On 18/20 Initial Guess Perturbations
Iteration 1747/2000-----
J=1.3e-02, ⟨Jf⟩=1.3e-03, ⟨B·n⟩=8.2e-03, Len=sum([4.8, 4.9, 4.7])=14.3, ϰ=[5.3, 5.9, 4.9], ∫ϰ²/L>=[6.2, 7.3, 7.9], C-C-Sep=0.20, ║∇J║=1.3e-03
-----On 18/20 Initial Guess Perturbations
Iteration 1748/2000-----
J=1.3e-02, ⟨Jf⟩=1.3e-03, ⟨B·n⟩=8.2e-03, Len=sum([4.8, 4.9, 4.7])=14.3, ϰ=[5.3, 5.9, 4.9], ∫ϰ²/L>=[6.2, 7.3, 7.9], C-C-Sep=0.20, ║∇J║=1.4e-03
-----On 18/20 Initial Guess Perturbations
Iteration 1749/2000-----
J=1.3e-02, ⟨Jf⟩=1.3e-03, ⟨B·n⟩=8.2e-03, Len=sum([4.8, 4.9, 4.7])=14.3, ϰ=[5.3, 5.9, 4.9], ∫ϰ²/L>=[6.2, 7.3, 7.9], C-C-Sep=0.20, ║∇J║=1.3e-03
-----On 18/20 Initial Guess Perturbations
Iteration 1750/2000-----
J=1.3e-02, ⟨Jf⟩=1.3e-03, ⟨B·n⟩=8.2e-03, Len=sum([4.8, 4.9, 4.7])=14.3, ϰ=[5.3, 5.9, 4.9], ∫ϰ²/L>=[6.2, 7.3, 7.9], C-C-Sep=0.20, ║∇J║=1.4e-03
-----On 18/20 Initial Guess Perturbations
Iteration 1751/2000-----
J=1.3e-02, ⟨Jf⟩=1.3e-03, ⟨B·n⟩=8.2e-03, Len=sum([4.8, 4.9, 4.7])=14.3, ϰ=[5.3, 5.9, 4.9], ∫ϰ²/L>=[6.2, 7.3, 7.9], C-C-Sep=0.20, ║∇J║=1.8e-03
-----On 18/20 Initial Guess Perturbations
Iteration 1752/2000-----
J=1.3e-02, ⟨Jf⟩=1.3e-03, ⟨B·n⟩=8.2e-03, Len=sum([4.8, 4.9, 4.7])=14.3, ϰ=[5.3, 5.9, 4.9], ∫ϰ²/L>=[6.2, 7.3, 7.9], C-C-Sep=0.20, ║∇J║=1.6e-03
-----On 18/20 Initial Guess Perturbations
Iteration 1753/2000-----
J=1.3e-02, ⟨Jf⟩=1.3e-03, ⟨B·n⟩=8.2e-03, Len=sum([4.8, 4.9, 4.7])=14.3, ϰ=[5.3, 5.9, 4.9], ∫ϰ²/L>=[6.1, 7.3, 7.9], C-C-Sep=0.20, ║∇J║=2.0e-03
-----On 18/20 Initial Guess Perturbations
Iteration 1754/2000-----
J=1.3e-02, ⟨Jf⟩=1.3e-03, ⟨B·n⟩=8.2e-03, Len=sum([4.8, 4.9, 4.7])=14.3, ϰ=[5.3, 5.9, 4.9], ∫ϰ²/L>=[6.1, 7.3, 7.9], C-C-Sep=0.20, ║∇J║=1.6e-03
-----On 18/20 Initial Guess Perturbations
Iteration 1755/2000-----
J=1.3e-02, ⟨Jf⟩=1.3e-03, ⟨B·n⟩=8.2e-03, Len=sum([4.8, 4.9, 4.7])=14.3, ϰ=[5.3, 5.9, 4.9], ∫ϰ²/L>=[6.1, 7.3, 7.9], C-C-Sep=0.20, ║∇J║=1.9e-03
-----On 18/20 Initial Guess Perturbations
Iteration 1756/2000-----
J=1.3e-02, ⟨Jf⟩=1.3e-03, ⟨B·n⟩=8.2e-03, Len=sum([4.8, 4.9, 4.7])=14.3, ϰ=[5.3, 5.9, 4.9], ∫ϰ²/L>=[6.1, 7.3, 7.9], C-C-Sep=0.20, ║∇J║=1.8e-03
-----On 18/20 Initial Guess Perturbations
Iteration 1757/2000-----
J=1.3e-02, ⟨Jf⟩=1.3e-03, ⟨B·n⟩=8.2e-03, Len=sum([4.8, 4.9, 4.7])=14.3, ϰ=[5.3, 5.9, 4.9], ∫ϰ²/L>=[6.1, 7.3, 7.9], C-C-Sep=0.20, ║∇J║=1.7e-03
-----On 18/20 Initial Guess Perturbations
Iteration 1758/2000-----
J=1.3e-02, ⟨Jf⟩=1.3e-03, ⟨B·n⟩=8.2e-03, Len=sum([4.8, 4.9, 4.7])=14.3, ϰ=[5.3, 5.9, 4.9], ∫ϰ²/L>=[6.1, 7.3, 7.9], C-C-Sep=0.20, ║∇J║=1.4e-03
-----On 18/20 Initial Guess Perturbations
Iteration 1759/2000-----
J=1.3e-02, ⟨Jf⟩=1.3e-03, ⟨B·n⟩=8.2e-03, Len=sum([4.8, 4.9, 4.7])=14.3, ϰ=[5.3, 5.9, 4.9], ∫ϰ²/L>=[6.1, 7.3, 7.9], C-C-Sep=0.20, ║∇J║=1.5e-03
-----On 18/20 Initial Guess Perturbations
Iteration 1760/2000-----
J=1.3e-02, ⟨Jf⟩=1.3e-03, ⟨B·n⟩=8.2e-03, Len=sum([4.8, 4.9, 4.7])=14.3, ϰ=[5.3, 5.9, 4.9], ∫ϰ²/L>=[6.1, 7.3, 7.9], C-C-Sep=0.20, ║∇J║=1.5e-03
-----On 18/20 Initial Guess Perturbations
Iteration 1761/2000-----
J=1.3e-02, ⟨Jf⟩=1.3e-03, ⟨B·n⟩=8.2e-03, Len=sum([4.8, 4.9, 4.7])=14.3, ϰ=[5.3, 5.9, 4.9], ∫ϰ²/L>=[6.1, 7.3, 7.9], C-C-Sep=0.20, ║∇J║=1.7e-03
-----On 18/20 Initial Guess Perturbations
Iteration 1762/2000-----
J=1.3e-02, ⟨Jf⟩=1.3e-03, ⟨B·n⟩=8.2e-03, Len=sum([4.8, 4.9, 4.7])=14.3, ϰ=[5.3, 5.9, 4.9], ∫ϰ²/L>=[6.1, 7.3, 7.9], C-C-Sep=0.20, ║∇J║=1.7e-03
-----On 18/20 Initial Guess Perturbations
Iteration 1763/2000-----
J=1.3e-02, ⟨Jf⟩=1.3e-03, ⟨B·n⟩=8.2e-03, Len=sum([4.8, 4.9, 4.7])=14.3, ϰ=[5.3, 5.9, 4.9], ∫ϰ²/L>=[6.1, 7.3, 7.9], C-C-Sep=0.20, ║∇J║=1.6e-03
-----On 18/20 Initial Guess Perturbations
Iteration 1764/2000-----
J=1.3e-02, ⟨Jf⟩=1.3e-03, ⟨B·n⟩=8.2e-03, Len=sum([4.8, 4.9, 4.7])=14.3, ϰ=[5.4, 5.9, 4.9], ∫ϰ²/L>=[6.1, 7.3, 7.9], C-C-Sep=0.20, ║∇J║=2.3e-03
-----On 18/20 Initial Guess Perturbations
Iteration 1765/2000-----
J=1.3e-02, ⟨Jf⟩=1.3e-03, ⟨B·n⟩=8.2e-03, Len=sum([4.8, 4.9, 4.7])=14.3, ϰ=[5.4, 5.9, 4.9], ∫ϰ²/L>=[6.1, 7.3, 7.9], C-C-Sep=0.20, ║∇J║=2.4e-03
-----On 18/20 Initial Guess Perturbations
Iteration 1766/2000-----
J=1.3e-02, ⟨Jf⟩=1.3e-03, ⟨B·n⟩=8.2e-03, Len=sum([4.8, 4.9, 4.7])=14.3, ϰ=[5.4, 5.9, 4.9], ∫ϰ²/L>=[6.1, 7.3, 7.9], C-C-Sep=0.20, ║∇J║=1.7e-03
-----On 18/20 Initial Guess Perturbations
Iteration 1767/2000-----
J=1.3e-02, ⟨Jf⟩=1.3e-03, ⟨B·n⟩=8.2e-03, Len=sum([4.8, 4.9, 4.7])=14.3, ϰ=[5.4, 5.9, 4.9], ∫ϰ²/L>=[6.1, 7.3, 7.9], C-C-Sep=0.20, ║∇J║=1.4e-03
-----On 18/20 Initial Guess Perturbations
Iteration 1768/2000-----
J=1.3e-02, ⟨Jf⟩=1.3e-03, ⟨B·n⟩=8.2e-03, Len=sum([4.8, 4.9, 4.7])=14.3, ϰ=[5.4, 5.9, 4.9], ∫ϰ²/L>=[6.1, 7.3, 7.9], C-C-Sep=0.20, ║∇J║=1.6e-03
-----On 18/20 Initial Guess Perturbations
Iteration 1769/2000-----
J=1.3e-02, ⟨Jf⟩=1.3e-03, ⟨B·n⟩=8.2e-03, Len=sum([4.8, 4.9, 4.7])=14.3, ϰ=[5.4, 5.9, 4.9], ∫ϰ²/L>=[6.1, 7.3, 8.0], C-C-Sep=0.20, ║∇J║=1.8e-03
-----On 18/20 Initial Guess Perturbations
Iteration 1770/2000-----
J=1.3e-02, ⟨Jf⟩=1.3e-03, ⟨B·n⟩=8.2e-03, Len=sum([4.8, 4.9, 4.7])=14.3, ϰ=[5.4, 5.9, 4.9], ∫ϰ²/L>=[6.1, 7.3, 8.0], C-C-Sep=0.20, ║∇J║=1.6e-03
-----On 18/20 Initial Guess Perturbations
Iteration 1771/2000-----
J=1.3e-02, ⟨Jf⟩=1.3e-03, ⟨B·n⟩=8.2e-03, Len=sum([4.8, 4.9, 4.7])=14.3, ϰ=[5.4, 5.9, 4.9], ∫ϰ²/L>=[6.1, 7.3, 8.0], C-C-Sep=0.20, ║∇J║=1.7e-03
-----On 18/20 Initial Guess Perturbations
Iteration 1772/2000-----
J=1.3e-02, ⟨Jf⟩=1.3e-03, ⟨B·n⟩=8.2e-03, Len=sum([4.8, 4.9, 4.7])=14.3, ϰ=[5.4, 5.9, 4.9], ∫ϰ²/L>=[6.1, 7.3, 8.0], C-C-Sep=0.20, ║∇J║=1.8e-03
-----On 18/20 Initial Guess Perturbations
Iteration 1773/2000-----
J=1.3e-02, ⟨Jf⟩=1.3e-03, ⟨B·n⟩=8.2e-03, Len=sum([4.8, 4.9, 4.7])=14.3, ϰ=[5.3, 6.0, 4.9], ∫ϰ²/L>=[6.1, 7.4, 8.0], C-C-Sep=0.20, ║∇J║=1.6e-03
-----On 18/20 Initial Guess Perturbations
Iteration 1774/2000-----
J=1.3e-02, ⟨Jf⟩=1.3e-03, ⟨B·n⟩=8.2e-03, Len=sum([4.8, 4.9, 4.7])=14.3, ϰ=[5.3, 6.0, 4.9], ∫ϰ²/L>=[6.1, 7.4, 8.0], C-C-Sep=0.20, ║∇J║=1.7e-03
-----On 18/20 Initial Guess Perturbations
Iteration 1775/2000-----
J=1.3e-02, ⟨Jf⟩=1.3e-03, ⟨B·n⟩=8.2e-03, Len=sum([4.8, 4.9, 4.7])=14.3, ϰ=[5.3, 6.0, 4.9], ∫ϰ²/L>=[6.1, 7.4, 8.0], C-C-Sep=0.20, ║∇J║=2.0e-03
-----On 18/20 Initial Guess Perturbations
Iteration 1776/2000-----
J=1.3e-02, ⟨Jf⟩=1.3e-03, ⟨B·n⟩=8.2e-03, Len=sum([4.8, 4.9, 4.7])=14.3, ϰ=[5.3, 6.0, 4.9], ∫ϰ²/L>=[6.1, 7.4, 8.0], C-C-Sep=0.20, ║∇J║=2.2e-03
-----On 18/20 Initial Guess Perturbations
Iteration 1777/2000-----
J=1.3e-02, ⟨Jf⟩=1.3e-03, ⟨B·n⟩=8.2e-03, Len=sum([4.8, 4.9, 4.7])=14.3, ϰ=[5.3, 6.0, 4.9], ∫ϰ²/L>=[6.1, 7.4, 8.0], C-C-Sep=0.20, ║∇J║=1.9e-03
-----On 18/20 Initial Guess Perturbations
Iteration 1778/2000-----
J=1.3e-02, ⟨Jf⟩=1.3e-03, ⟨B·n⟩=8.2e-03, Len=sum([4.8, 4.9, 4.7])=14.3, ϰ=[5.3, 6.0, 4.9], ∫ϰ²/L>=[6.1, 7.4, 8.0], C-C-Sep=0.20, ║∇J║=1.8e-03
-----On 18/20 Initial Guess Perturbations
Iteration 1779/2000-----
J=1.3e-02, ⟨Jf⟩=1.3e-03, ⟨B·n⟩=8.2e-03, Len=sum([4.8, 4.9, 4.7])=14.3, ϰ=[5.3, 6.0, 4.9], ∫ϰ²/L>=[6.1, 7.4, 8.0], C-C-Sep=0.20, ║∇J║=1.5e-03
-----On 18/20 Initial Guess Perturbations
Iteration 1780/2000-----
J=1.3e-02, ⟨Jf⟩=1.3e-03, ⟨B·n⟩=8.2e-03, Len=sum([4.8, 4.9, 4.7])=14.3, ϰ=[5.3, 6.0, 4.9], ∫ϰ²/L>=[6.1, 7.4, 8.0], C-C-Sep=0.20, ║∇J║=1.7e-03
-----On 18/20 Initial Guess Perturbations
Iteration 1781/2000-----
J=1.3e-02, ⟨Jf⟩=1.3e-03, ⟨B·n⟩=8.2e-03, Len=sum([4.8, 4.9, 4.7])=14.3, ϰ=[5.3, 6.0, 4.9], ∫ϰ²/L>=[6.1, 7.4, 8.0], C-C-Sep=0.20, ║∇J║=1.7e-03
-----On 18/20 Initial Guess Perturbations
Iteration 1782/2000-----
J=1.3e-02, ⟨Jf⟩=1.3e-03, ⟨B·n⟩=8.2e-03, Len=sum([4.8, 4.9, 4.7])=14.3, ϰ=[5.3, 6.0, 4.9], ∫ϰ²/L>=[6.1, 7.4, 8.0], C-C-Sep=0.20, ║∇J║=1.3e-03
-----On 18/20 Initial Guess Perturbations
Iteration 1783/2000-----
J=1.3e-02, ⟨Jf⟩=1.3e-03, ⟨B·n⟩=8.2e-03, Len=sum([4.8, 4.9, 4.7])=14.3, ϰ=[5.3, 6.0, 4.9], ∫ϰ²/L>=[6.1, 7.4, 8.0], C-C-Sep=0.20, ║∇J║=1.7e-03
-----On 18/20 Initial Guess Perturbations
Iteration 1784/2000-----
J=1.3e-02, ⟨Jf⟩=1.3e-03, ⟨B·n⟩=8.2e-03, Len=sum([4.8, 4.9, 4.7])=14.3, ϰ=[5.3, 6.0, 4.9], ∫ϰ²/L>=[6.1, 7.4, 8.0], C-C-Sep=0.20, ║∇J║=1.7e-03
-----On 18/20 Initial Guess Perturbations
Iteration 1785/2000-----
J=1.3e-02, ⟨Jf⟩=1.3e-03, ⟨B·n⟩=8.2e-03, Len=sum([4.8, 4.9, 4.7])=14.3, ϰ=[5.3, 6.0, 4.9], ∫ϰ²/L>=[6.1, 7.4, 8.0], C-C-Sep=0.20, ║∇J║=1.8e-03
-----On 18/20 Initial Guess Perturbations
Iteration 1786/2000-----
J=1.3e-02, ⟨Jf⟩=1.3e-03, ⟨B·n⟩=8.2e-03, Len=sum([4.8, 4.9, 4.7])=14.3, ϰ=[5.4, 5.9, 4.9], ∫ϰ²/L>=[6.1, 7.4, 8.0], C-C-Sep=0.20, ║∇J║=2.2e-03
-----On 18/20 Initial Guess Perturbations
Iteration 1787/2000-----
J=1.3e-02, ⟨Jf⟩=1.3e-03, ⟨B·n⟩=8.2e-03, Len=sum([4.8, 4.9, 4.7])=14.3, ϰ=[5.4, 6.0, 4.9], ∫ϰ²/L>=[6.1, 7.4, 8.0], C-C-Sep=0.20, ║∇J║=3.1e-03
-----On 18/20 Initial Guess Perturbations
Iteration 1788/2000-----
J=1.3e-02, ⟨Jf⟩=1.3e-03, ⟨B·n⟩=8.2e-03, Len=sum([4.8, 4.9, 4.7])=14.3, ϰ=[5.4, 5.9, 4.9], ∫ϰ²/L>=[6.1, 7.4, 8.0], C-C-Sep=0.20, ║∇J║=2.0e-03
-----On 18/20 Initial Guess Perturbations
Iteration 1789/2000-----
J=1.3e-02, ⟨Jf⟩=1.3e-03, ⟨B·n⟩=8.2e-03, Len=sum([4.8, 4.9, 4.7])=14.3, ϰ=[5.4, 6.0, 4.9], ∫ϰ²/L>=[6.1, 7.4, 8.0], C-C-Sep=0.20, ║∇J║=2.5e-03
-----On 18/20 Initial Guess Perturbations
Iteration 1790/2000-----
J=1.3e-02, ⟨Jf⟩=1.3e-03, ⟨B·n⟩=8.2e-03, Len=sum([4.8, 4.9, 4.7])=14.3, ϰ=[5.4, 5.9, 4.9], ∫ϰ²/L>=[6.1, 7.4, 8.0], C-C-Sep=0.20, ║∇J║=1.8e-03
-----On 18/20 Initial Guess Perturbations
Iteration 1791/2000-----
J=1.3e-02, ⟨Jf⟩=1.3e-03, ⟨B·n⟩=8.2e-03, Len=sum([4.8, 4.9, 4.7])=14.3, ϰ=[5.4, 5.9, 4.9], ∫ϰ²/L>=[6.1, 7.4, 8.0], C-C-Sep=0.20, ║∇J║=1.7e-03
-----On 18/20 Initial Guess Perturbations
Iteration 1792/2000-----
J=1.3e-02, ⟨Jf⟩=1.3e-03, ⟨B·n⟩=8.2e-03, Len=sum([4.8, 4.9, 4.7])=14.3, ϰ=[5.4, 5.9, 4.9], ∫ϰ²/L>=[6.1, 7.4, 8.0], C-C-Sep=0.20, ║∇J║=1.7e-03
-----On 18/20 Initial Guess Perturbations
Iteration 1793/2000-----
J=1.3e-02, ⟨Jf⟩=1.3e-03, ⟨B·n⟩=8.2e-03, Len=sum([4.8, 4.9, 4.7])=14.3, ϰ=[5.4, 5.9, 4.9], ∫ϰ²/L>=[6.1, 7.4, 8.0], C-C-Sep=0.20, ║∇J║=1.8e-03
-----On 18/20 Initial Guess Perturbations
Iteration 1794/2000-----
J=1.3e-02, ⟨Jf⟩=1.3e-03, ⟨B·n⟩=8.2e-03, Len=sum([4.8, 4.9, 4.7])=14.3, ϰ=[5.4, 5.9, 4.9], ∫ϰ²/L>=[6.1, 7.4, 8.0], C-C-Sep=0.20, ║∇J║=1.7e-03
-----On 18/20 Initial Guess Perturbations
Iteration 1795/2000-----
J=1.3e-02, ⟨Jf⟩=1.3e-03, ⟨B·n⟩=8.2e-03, Len=sum([4.8, 4.9, 4.7])=14.3, ϰ=[5.4, 5.9, 4.9], ∫ϰ²/L>=[6.1, 7.4, 8.0], C-C-Sep=0.20, ║∇J║=2.0e-03
-----On 18/20 Initial Guess Perturbations
Iteration 1796/2000-----
J=1.3e-02, ⟨Jf⟩=1.3e-03, ⟨B·n⟩=8.2e-03, Len=sum([4.8, 4.9, 4.7])=14.3, ϰ=[5.3, 5.9, 4.9], ∫ϰ²/L>=[6.1, 7.4, 8.0], C-C-Sep=0.20, ║∇J║=1.8e-03
-----On 18/20 Initial Guess Perturbations
Iteration 1797/2000-----
J=1.3e-02, ⟨Jf⟩=1.3e-03, ⟨B·n⟩=8.2e-03, Len=sum([4.8, 4.9, 4.7])=14.3, ϰ=[5.4, 5.9, 4.9], ∫ϰ²/L>=[6.1, 7.4, 8.0], C-C-Sep=0.20, ║∇J║=2.1e-03
-----On 18/20 Initial Guess Perturbations
Iteration 1798/2000-----
J=1.3e-02, ⟨Jf⟩=1.3e-03, ⟨B·n⟩=8.2e-03, Len=sum([4.8, 4.9, 4.7])=14.3, ϰ=[5.3, 5.9, 4.9], ∫ϰ²/L>=[6.1, 7.4, 8.0], C-C-Sep=0.20, ║∇J║=2.3e-03
-----On 18/20 Initial Guess Perturbations
Iteration 1799/2000-----
J=1.3e-02, ⟨Jf⟩=1.3e-03, ⟨B·n⟩=8.2e-03, Len=sum([4.8, 4.9, 4.7])=14.3, ϰ=[5.4, 5.9, 4.9], ∫ϰ²/L>=[6.1, 7.4, 8.0], C-C-Sep=0.20, ║∇J║=1.4e-03
-----On 18/20 Initial Guess Perturbations
Iteration 1800/2000-----
J=1.3e-02, ⟨Jf⟩=1.3e-03, ⟨B·n⟩=8.2e-03, Len=sum([4.8, 4.9, 4.7])=14.3, ϰ=[5.4, 5.9, 4.9], ∫ϰ²/L>=[6.1, 7.4, 8.0], C-C-Sep=0.20, ║∇J║=1.4e-03
-----On 18/20 Initial Guess Perturbations
Iteration 1801/2000-----
J=1.3e-02, ⟨Jf⟩=1.3e-03, ⟨B·n⟩=8.2e-03, Len=sum([4.8, 4.9, 4.7])=14.3, ϰ=[5.3, 5.9, 4.9], ∫ϰ²/L>=[6.1, 7.4, 8.0], C-C-Sep=0.20, ║∇J║=1.5e-03
-----On 18/20 Initial Guess Perturbations
Iteration 1802/2000-----
J=1.3e-02, ⟨Jf⟩=1.3e-03, ⟨B·n⟩=8.2e-03, Len=sum([4.8, 4.9, 4.7])=14.3, ϰ=[5.3, 5.9, 4.9], ∫ϰ²/L>=[6.1, 7.4, 8.0], C-C-Sep=0.20, ║∇J║=1.6e-03
-----On 18/20 Initial Guess Perturbations
Iteration 1803/2000-----
J=1.3e-02, ⟨Jf⟩=1.3e-03, ⟨B·n⟩=8.2e-03, Len=sum([4.8, 4.9, 4.7])=14.3, ϰ=[5.3, 5.9, 4.9], ∫ϰ²/L>=[6.1, 7.4, 8.0], C-C-Sep=0.20, ║∇J║=1.3e-03
-----On 18/20 Initial Guess Perturbations
Iteration 1804/2000-----
J=1.3e-02, ⟨Jf⟩=1.3e-03, ⟨B·n⟩=8.2e-03, Len=sum([4.8, 4.9, 4.7])=14.3, ϰ=[5.3, 5.9, 4.9], ∫ϰ²/L>=[6.1, 7.3, 8.0], C-C-Sep=0.20, ║∇J║=1.6e-03
-----On 18/20 Initial Guess Perturbations
Iteration 1805/2000-----
J=1.3e-02, ⟨Jf⟩=1.3e-03, ⟨B·n⟩=8.2e-03, Len=sum([4.8, 4.9, 4.7])=14.3, ϰ=[5.3, 5.9, 4.9], ∫ϰ²/L>=[6.1, 7.3, 8.0], C-C-Sep=0.20, ║∇J║=1.6e-03
-----On 18/20 Initial Guess Perturbations
Iteration 1806/2000-----
J=1.3e-02, ⟨Jf⟩=1.3e-03, ⟨B·n⟩=8.2e-03, Len=sum([4.8, 4.9, 4.7])=14.3, ϰ=[5.3, 5.9, 4.9], ∫ϰ²/L>=[6.1, 7.3, 8.0], C-C-Sep=0.20, ║∇J║=1.7e-03
-----On 18/20 Initial Guess Perturbations
Iteration 1807/2000-----
J=1.3e-02, ⟨Jf⟩=1.3e-03, ⟨B·n⟩=8.2e-03, Len=sum([4.8, 4.9, 4.7])=14.3, ϰ=[5.3, 5.8, 4.9], ∫ϰ²/L>=[6.1, 7.3, 8.0], C-C-Sep=0.20, ║∇J║=1.8e-03
-----On 18/20 Initial Guess Perturbations
Iteration 1808/2000-----
J=1.3e-02, ⟨Jf⟩=1.3e-03, ⟨B·n⟩=8.2e-03, Len=sum([4.8, 4.9, 4.7])=14.3, ϰ=[5.3, 5.8, 4.9], ∫ϰ²/L>=[6.1, 7.3, 8.0], C-C-Sep=0.20, ║∇J║=2.0e-03
-----On 18/20 Initial Guess Perturbations
Iteration 1809/2000-----
J=1.3e-02, ⟨Jf⟩=1.3e-03, ⟨B·n⟩=8.2e-03, Len=sum([4.8, 4.9, 4.7])=14.3, ϰ=[5.3, 5.8, 4.9], ∫ϰ²/L>=[6.1, 7.3, 8.0], C-C-Sep=0.20, ║∇J║=1.7e-03
-----On 18/20 Initial Guess Perturbations
Iteration 1810/2000-----
J=1.3e-02, ⟨Jf⟩=1.3e-03, ⟨B·n⟩=8.2e-03, Len=sum([4.8, 4.9, 4.7])=14.3, ϰ=[5.3, 5.8, 4.9], ∫ϰ²/L>=[6.1, 7.3, 8.0], C-C-Sep=0.20, ║∇J║=1.7e-03
-----On 18/20 Initial Guess Perturbations
Iteration 1811/2000-----
J=1.3e-02, ⟨Jf⟩=1.3e-03, ⟨B·n⟩=8.2e-03, Len=sum([4.8, 4.9, 4.7])=14.3, ϰ=[5.3, 5.8, 4.9], ∫ϰ²/L>=[6.1, 7.3, 8.0], C-C-Sep=0.20, ║∇J║=1.4e-03
-----On 18/20 Initial Guess Perturbations
Iteration 1812/2000-----
J=1.3e-02, ⟨Jf⟩=1.3e-03, ⟨B·n⟩=8.2e-03, Len=sum([4.8, 4.9, 4.7])=14.3, ϰ=[5.3, 5.8, 4.8], ∫ϰ²/L>=[6.1, 7.3, 8.0], C-C-Sep=0.20, ║∇J║=1.6e-03
-----On 18/20 Initial Guess Perturbations
Iteration 1813/2000-----
J=1.3e-02, ⟨Jf⟩=1.3e-03, ⟨B·n⟩=8.2e-03, Len=sum([4.8, 4.9, 4.7])=14.3, ϰ=[5.3, 5.8, 4.9], ∫ϰ²/L>=[6.1, 7.3, 8.0], C-C-Sep=0.20, ║∇J║=1.5e-03
-----On 18/20 Initial Guess Perturbations
Iteration 1814/2000-----
J=1.3e-02, ⟨Jf⟩=1.3e-03, ⟨B·n⟩=8.2e-03, Len=sum([4.8, 4.9, 4.7])=14.3, ϰ=[5.3, 5.8, 4.8], ∫ϰ²/L>=[6.0, 7.3, 8.0], C-C-Sep=0.20, ║∇J║=2.0e-03
-----On 18/20 Initial Guess Perturbations
Iteration 1815/2000-----
J=1.3e-02, ⟨Jf⟩=1.3e-03, ⟨B·n⟩=8.2e-03, Len=sum([4.8, 4.9, 4.7])=14.3, ϰ=[5.3, 5.8, 4.8], ∫ϰ²/L>=[6.0, 7.3, 8.0], C-C-Sep=0.20, ║∇J║=1.8e-03
-----On 18/20 Initial Guess Perturbations
Iteration 1816/2000-----
J=1.3e-02, ⟨Jf⟩=1.3e-03, ⟨B·n⟩=8.2e-03, Len=sum([4.8, 4.9, 4.7])=14.3, ϰ=[5.3, 5.8, 4.8], ∫ϰ²/L>=[6.0, 7.3, 8.0], C-C-Sep=0.20, ║∇J║=2.1e-03
-----On 18/20 Initial Guess Perturbations
Iteration 1817/2000-----
J=1.3e-02, ⟨Jf⟩=1.3e-03, ⟨B·n⟩=8.2e-03, Len=sum([4.8, 4.9, 4.7])=14.3, ϰ=[5.3, 5.8, 4.8], ∫ϰ²/L>=[6.0, 7.3, 8.0], C-C-Sep=0.20, ║∇J║=2.1e-03
-----On 18/20 Initial Guess Perturbations
Iteration 1818/2000-----
J=1.3e-02, ⟨Jf⟩=1.3e-03, ⟨B·n⟩=8.2e-03, Len=sum([4.8, 4.9, 4.7])=14.3, ϰ=[5.3, 5.8, 4.8], ∫ϰ²/L>=[6.0, 7.3, 8.0], C-C-Sep=0.20, ║∇J║=2.8e-03
-----On 18/20 Initial Guess Perturbations
Iteration 1819/2000-----
J=1.3e-02, ⟨Jf⟩=1.3e-03, ⟨B·n⟩=8.2e-03, Len=sum([4.8, 4.9, 4.7])=14.3, ϰ=[5.3, 5.8, 4.8], ∫ϰ²/L>=[6.0, 7.3, 8.0], C-C-Sep=0.20, ║∇J║=2.5e-03
-----On 18/20 Initial Guess Perturbations
Iteration 1820/2000-----
J=1.3e-02, ⟨Jf⟩=1.3e-03, ⟨B·n⟩=8.2e-03, Len=sum([4.8, 4.9, 4.7])=14.3, ϰ=[5.3, 5.8, 4.8], ∫ϰ²/L>=[6.0, 7.3, 8.0], C-C-Sep=0.20, ║∇J║=2.0e-03
-----On 18/20 Initial Guess Perturbations
Iteration 1821/2000-----
J=1.3e-02, ⟨Jf⟩=1.3e-03, ⟨B·n⟩=8.2e-03, Len=sum([4.8, 4.9, 4.7])=14.3, ϰ=[5.3, 5.8, 4.8], ∫ϰ²/L>=[6.0, 7.3, 8.0], C-C-Sep=0.20, ║∇J║=1.5e-03
-----On 18/20 Initial Guess Perturbations
Iteration 1822/2000-----
J=1.3e-02, ⟨Jf⟩=1.3e-03, ⟨B·n⟩=8.2e-03, Len=sum([4.8, 4.9, 4.7])=14.3, ϰ=[5.3, 5.8, 4.8], ∫ϰ²/L>=[6.0, 7.3, 8.0], C-C-Sep=0.20, ║∇J║=1.5e-03
-----On 18/20 Initial Guess Perturbations
Iteration 1823/2000-----
J=1.3e-02, ⟨Jf⟩=1.3e-03, ⟨B·n⟩=8.2e-03, Len=sum([4.8, 4.9, 4.7])=14.3, ϰ=[5.3, 5.8, 4.8], ∫ϰ²/L>=[6.0, 7.3, 8.0], C-C-Sep=0.20, ║∇J║=1.4e-03
-----On 18/20 Initial Guess Perturbations
Iteration 1824/2000-----
J=1.3e-02, ⟨Jf⟩=1.3e-03, ⟨B·n⟩=8.2e-03, Len=sum([4.8, 4.9, 4.7])=14.3, ϰ=[5.2, 5.8, 4.8], ∫ϰ²/L>=[6.0, 7.3, 8.0], C-C-Sep=0.20, ║∇J║=1.3e-03
-----On 18/20 Initial Guess Perturbations
Iteration 1825/2000-----
J=1.3e-02, ⟨Jf⟩=1.3e-03, ⟨B·n⟩=8.2e-03, Len=sum([4.8, 4.9, 4.7])=14.3, ϰ=[5.2, 5.8, 4.8], ∫ϰ²/L>=[6.0, 7.3, 8.0], C-C-Sep=0.20, ║∇J║=1.4e-03
-----On 18/20 Initial Guess Perturbations
Iteration 1826/2000-----
J=1.3e-02, ⟨Jf⟩=1.3e-03, ⟨B·n⟩=8.2e-03, Len=sum([4.8, 4.9, 4.7])=14.3, ϰ=[5.2, 5.8, 4.8], ∫ϰ²/L>=[6.0, 7.3, 8.0], C-C-Sep=0.20, ║∇J║=1.7e-03
-----On 18/20 Initial Guess Perturbations
Iteration 1827/2000-----
J=1.3e-02, ⟨Jf⟩=1.3e-03, ⟨B·n⟩=8.2e-03, Len=sum([4.8, 4.9, 4.7])=14.3, ϰ=[5.2, 5.8, 4.8], ∫ϰ²/L>=[6.0, 7.3, 8.0], C-C-Sep=0.20, ║∇J║=1.7e-03
-----On 18/20 Initial Guess Perturbations
Iteration 1828/2000-----
J=1.3e-02, ⟨Jf⟩=1.3e-03, ⟨B·n⟩=8.2e-03, Len=sum([4.8, 4.9, 4.7])=14.3, ϰ=[5.2, 5.8, 4.8], ∫ϰ²/L>=[6.0, 7.3, 8.0], C-C-Sep=0.20, ║∇J║=1.8e-03
-----On 18/20 Initial Guess Perturbations
Iteration 1829/2000-----
J=1.3e-02, ⟨Jf⟩=1.3e-03, ⟨B·n⟩=8.2e-03, Len=sum([4.8, 4.9, 4.7])=14.3, ϰ=[5.2, 5.8, 4.8], ∫ϰ²/L>=[6.0, 7.3, 8.0], C-C-Sep=0.20, ║∇J║=1.5e-03
-----On 18/20 Initial Guess Perturbations
Iteration 1830/2000-----
J=1.3e-02, ⟨Jf⟩=1.3e-03, ⟨B·n⟩=8.2e-03, Len=sum([4.8, 4.9, 4.7])=14.3, ϰ=[5.2, 5.8, 4.8], ∫ϰ²/L>=[6.0, 7.3, 8.0], C-C-Sep=0.20, ║∇J║=1.7e-03
-----On 18/20 Initial Guess Perturbations
Iteration 1831/2000-----
J=1.3e-02, ⟨Jf⟩=1.3e-03, ⟨B·n⟩=8.2e-03, Len=sum([4.8, 4.9, 4.7])=14.3, ϰ=[5.2, 5.8, 4.8], ∫ϰ²/L>=[6.0, 7.3, 8.0], C-C-Sep=0.20, ║∇J║=2.0e-03
-----On 18/20 Initial Guess Perturbations
Iteration 1832/2000-----
J=1.3e-02, ⟨Jf⟩=1.3e-03, ⟨B·n⟩=8.2e-03, Len=sum([4.8, 4.9, 4.7])=14.3, ϰ=[5.2, 5.8, 4.9], ∫ϰ²/L>=[6.0, 7.3, 8.0], C-C-Sep=0.20, ║∇J║=1.5e-03
-----On 18/20 Initial Guess Perturbations
Iteration 1833/2000-----
J=1.3e-02, ⟨Jf⟩=1.3e-03, ⟨B·n⟩=8.2e-03, Len=sum([4.8, 4.9, 4.7])=14.3, ϰ=[5.2, 5.8, 4.9], ∫ϰ²/L>=[6.0, 7.3, 8.0], C-C-Sep=0.20, ║∇J║=1.3e-03
-----On 18/20 Initial Guess Perturbations
Iteration 1834/2000-----
J=1.3e-02, ⟨Jf⟩=1.3e-03, ⟨B·n⟩=8.2e-03, Len=sum([4.8, 4.9, 4.7])=14.3, ϰ=[5.2, 5.8, 4.9], ∫ϰ²/L>=[6.0, 7.3, 8.0], C-C-Sep=0.20, ║∇J║=1.6e-03
-----On 18/20 Initial Guess Perturbations
Iteration 1835/2000-----
J=1.3e-02, ⟨Jf⟩=1.3e-03, ⟨B·n⟩=8.2e-03, Len=sum([4.8, 4.9, 4.7])=14.3, ϰ=[5.2, 5.7, 4.9], ∫ϰ²/L>=[6.0, 7.3, 8.0], C-C-Sep=0.20, ║∇J║=1.4e-03
-----On 18/20 Initial Guess Perturbations
Iteration 1836/2000-----
J=1.3e-02, ⟨Jf⟩=1.3e-03, ⟨B·n⟩=8.2e-03, Len=sum([4.8, 4.9, 4.7])=14.3, ϰ=[5.2, 5.7, 4.8], ∫ϰ²/L>=[6.0, 7.3, 8.0], C-C-Sep=0.20, ║∇J║=1.3e-03
-----On 18/20 Initial Guess Perturbations
Iteration 1837/2000-----
J=1.3e-02, ⟨Jf⟩=1.3e-03, ⟨B·n⟩=8.2e-03, Len=sum([4.8, 4.9, 4.7])=14.3, ϰ=[5.2, 5.7, 4.8], ∫ϰ²/L>=[6.0, 7.3, 8.0], C-C-Sep=0.20, ║∇J║=1.5e-03
-----On 18/20 Initial Guess Perturbations
Iteration 1838/2000-----
J=1.3e-02, ⟨Jf⟩=1.3e-03, ⟨B·n⟩=8.2e-03, Len=sum([4.8, 4.9, 4.7])=14.3, ϰ=[5.2, 5.8, 4.8], ∫ϰ²/L>=[6.0, 7.3, 8.0], C-C-Sep=0.20, ║∇J║=1.2e-03
-----On 18/20 Initial Guess Perturbations
Iteration 1839/2000-----
J=1.3e-02, ⟨Jf⟩=1.3e-03, ⟨B·n⟩=8.2e-03, Len=sum([4.8, 4.9, 4.7])=14.3, ϰ=[5.2, 5.8, 4.8], ∫ϰ²/L>=[6.0, 7.3, 8.0], C-C-Sep=0.20, ║∇J║=1.5e-03
-----On 18/20 Initial Guess Perturbations
Iteration 1840/2000-----
J=1.3e-02, ⟨Jf⟩=1.3e-03, ⟨B·n⟩=8.2e-03, Len=sum([4.8, 4.9, 4.7])=14.3, ϰ=[5.2, 5.8, 4.8], ∫ϰ²/L>=[6.0, 7.3, 8.0], C-C-Sep=0.20, ║∇J║=1.5e-03
-----On 18/20 Initial Guess Perturbations
Iteration 1841/2000-----
J=1.3e-02, ⟨Jf⟩=1.3e-03, ⟨B·n⟩=8.2e-03, Len=sum([4.8, 4.9, 4.7])=14.3, ϰ=[5.2, 5.8, 4.8], ∫ϰ²/L>=[6.0, 7.3, 8.0], C-C-Sep=0.20, ║∇J║=1.7e-03
-----On 18/20 Initial Guess Perturbations
Iteration 1842/2000-----
J=1.3e-02, ⟨Jf⟩=1.3e-03, ⟨B·n⟩=8.2e-03, Len=sum([4.8, 4.9, 4.7])=14.3, ϰ=[5.2, 5.8, 4.8], ∫ϰ²/L>=[6.0, 7.3, 8.0], C-C-Sep=0.20, ║∇J║=1.6e-03
-----On 18/20 Initial Guess Perturbations
Iteration 1843/2000-----
J=1.3e-02, ⟨Jf⟩=1.3e-03, ⟨B·n⟩=8.2e-03, Len=sum([4.8, 4.9, 4.7])=14.3, ϰ=[5.2, 5.8, 4.8], ∫ϰ²/L>=[6.0, 7.3, 8.0], C-C-Sep=0.20, ║∇J║=1.5e-03
-----On 18/20 Initial Guess Perturbations
Iteration 1844/2000-----
J=1.3e-02, ⟨Jf⟩=1.3e-03, ⟨B·n⟩=8.2e-03, Len=sum([4.8, 4.9, 4.7])=14.3, ϰ=[5.2, 5.8, 4.8], ∫ϰ²/L>=[6.0, 7.3, 8.0], C-C-Sep=0.20, ║∇J║=1.1e-03
-----On 18/20 Initial Guess Perturbations
Iteration 1845/2000-----
J=1.3e-02, ⟨Jf⟩=1.3e-03, ⟨B·n⟩=8.2e-03, Len=sum([4.8, 4.9, 4.7])=14.3, ϰ=[5.2, 5.8, 4.8], ∫ϰ²/L>=[6.0, 7.3, 8.0], C-C-Sep=0.20, ║∇J║=1.3e-03
-----On 18/20 Initial Guess Perturbations
Iteration 1846/2000-----
J=1.3e-02, ⟨Jf⟩=1.3e-03, ⟨B·n⟩=8.2e-03, Len=sum([4.8, 4.9, 4.7])=14.3, ϰ=[5.2, 5.8, 4.8], ∫ϰ²/L>=[6.0, 7.3, 8.0], C-C-Sep=0.20, ║∇J║=1.3e-03
-----On 18/20 Initial Guess Perturbations
Iteration 1847/2000-----
J=1.3e-02, ⟨Jf⟩=1.3e-03, ⟨B·n⟩=8.2e-03, Len=sum([4.8, 4.9, 4.7])=14.3, ϰ=[5.2, 5.8, 4.8], ∫ϰ²/L>=[6.0, 7.3, 8.0], C-C-Sep=0.20, ║∇J║=1.4e-03
-----On 18/20 Initial Guess Perturbations
Iteration 1848/2000-----
J=1.3e-02, ⟨Jf⟩=1.3e-03, ⟨B·n⟩=8.2e-03, Len=sum([4.8, 4.9, 4.7])=14.3, ϰ=[5.2, 5.8, 4.8], ∫ϰ²/L>=[6.0, 7.3, 8.0], C-C-Sep=0.20, ║∇J║=1.1e-03
-----On 18/20 Initial Guess Perturbations
Iteration 1849/2000-----
J=1.3e-02, ⟨Jf⟩=1.3e-03, ⟨B·n⟩=8.2e-03, Len=sum([4.8, 4.9, 4.7])=14.3, ϰ=[5.2, 5.8, 4.8], ∫ϰ²/L>=[6.0, 7.3, 8.0], C-C-Sep=0.20, ║∇J║=1.2e-03
-----On 18/20 Initial Guess Perturbations
Iteration 1850/2000-----
J=1.3e-02, ⟨Jf⟩=1.3e-03, ⟨B·n⟩=8.2e-03, Len=sum([4.8, 4.9, 4.7])=14.3, ϰ=[5.2, 5.8, 4.8], ∫ϰ²/L>=[6.0, 7.3, 8.0], C-C-Sep=0.20, ║∇J║=1.3e-03
-----On 18/20 Initial Guess Perturbations
Iteration 1851/2000-----
J=1.3e-02, ⟨Jf⟩=1.3e-03, ⟨B·n⟩=8.2e-03, Len=sum([4.8, 4.9, 4.7])=14.3, ϰ=[5.2, 5.8, 4.8], ∫ϰ²/L>=[6.0, 7.3, 8.0], C-C-Sep=0.20, ║∇J║=1.7e-03
-----On 18/20 Initial Guess Perturbations
Iteration 1852/2000-----
J=1.3e-02, ⟨Jf⟩=1.3e-03, ⟨B·n⟩=8.2e-03, Len=sum([4.8, 4.9, 4.7])=14.3, ϰ=[5.2, 5.8, 4.8], ∫ϰ²/L>=[6.0, 7.3, 8.0], C-C-Sep=0.20, ║∇J║=1.6e-03
-----On 18/20 Initial Guess Perturbations
Iteration 1853/2000-----
J=1.3e-02, ⟨Jf⟩=1.3e-03, ⟨B·n⟩=8.2e-03, Len=sum([4.8, 4.9, 4.7])=14.3, ϰ=[5.2, 5.8, 4.8], ∫ϰ²/L>=[6.0, 7.3, 8.0], C-C-Sep=0.20, ║∇J║=1.3e-03
-----On 18/20 Initial Guess Perturbations
Iteration 1854/2000-----
J=1.3e-02, ⟨Jf⟩=1.3e-03, ⟨B·n⟩=8.2e-03, Len=sum([4.8, 4.9, 4.7])=14.3, ϰ=[5.3, 5.8, 4.8], ∫ϰ²/L>=[6.0, 7.3, 8.0], C-C-Sep=0.20, ║∇J║=1.9e-03
-----On 18/20 Initial Guess Perturbations
Iteration 1855/2000-----
J=1.3e-02, ⟨Jf⟩=1.3e-03, ⟨B·n⟩=8.2e-03, Len=sum([4.8, 4.9, 4.7])=14.3, ϰ=[5.3, 5.8, 4.8], ∫ϰ²/L>=[6.0, 7.3, 8.0], C-C-Sep=0.20, ║∇J║=2.4e-03
-----On 18/20 Initial Guess Perturbations
Iteration 1856/2000-----
J=1.3e-02, ⟨Jf⟩=1.3e-03, ⟨B·n⟩=8.2e-03, Len=sum([4.8, 4.9, 4.7])=14.3, ϰ=[5.3, 5.8, 4.8], ∫ϰ²/L>=[6.0, 7.3, 8.0], C-C-Sep=0.20, ║∇J║=1.6e-03
-----On 18/20 Initial Guess Perturbations
Iteration 1857/2000-----
J=1.3e-02, ⟨Jf⟩=1.3e-03, ⟨B·n⟩=8.2e-03, Len=sum([4.8, 4.9, 4.7])=14.3, ϰ=[5.3, 5.8, 4.8], ∫ϰ²/L>=[6.0, 7.3, 8.0], C-C-Sep=0.20, ║∇J║=1.9e-03
-----On 18/20 Initial Guess Perturbations
Iteration 1858/2000-----
J=1.3e-02, ⟨Jf⟩=1.3e-03, ⟨B·n⟩=8.2e-03, Len=sum([4.8, 4.9, 4.7])=14.3, ϰ=[5.3, 5.8, 4.8], ∫ϰ²/L>=[6.0, 7.3, 8.0], C-C-Sep=0.20, ║∇J║=1.3e-03
-----On 18/20 Initial Guess Perturbations
Iteration 1859/2000-----
J=1.3e-02, ⟨Jf⟩=1.3e-03, ⟨B·n⟩=8.2e-03, Len=sum([4.8, 4.9, 4.7])=14.3, ϰ=[5.3, 5.8, 4.8], ∫ϰ²/L>=[6.0, 7.3, 8.0], C-C-Sep=0.20, ║∇J║=1.0e-03
-----On 18/20 Initial Guess Perturbations
Iteration 1860/2000-----
J=1.3e-02, ⟨Jf⟩=1.3e-03, ⟨B·n⟩=8.2e-03, Len=sum([4.8, 4.9, 4.7])=14.3, ϰ=[5.3, 5.8, 4.8], ∫ϰ²/L>=[6.0, 7.3, 8.0], C-C-Sep=0.20, ║∇J║=1.1e-03
-----On 18/20 Initial Guess Perturbations
Iteration 1861/2000-----
J=1.3e-02, ⟨Jf⟩=1.3e-03, ⟨B·n⟩=8.2e-03, Len=sum([4.8, 4.9, 4.7])=14.3, ϰ=[5.3, 5.8, 4.8], ∫ϰ²/L>=[6.0, 7.3, 8.0], C-C-Sep=0.20, ║∇J║=1.3e-03
-----On 18/20 Initial Guess Perturbations
Iteration 1862/2000-----
J=1.3e-02, ⟨Jf⟩=1.3e-03, ⟨B·n⟩=8.2e-03, Len=sum([4.8, 4.9, 4.7])=14.3, ϰ=[5.3, 5.8, 4.8], ∫ϰ²/L>=[6.0, 7.3, 8.0], C-C-Sep=0.20, ║∇J║=1.6e-03
-----On 18/20 Initial Guess Perturbations
Iteration 1863/2000-----
J=1.3e-02, ⟨Jf⟩=1.3e-03, ⟨B·n⟩=8.2e-03, Len=sum([4.8, 4.9, 4.7])=14.3, ϰ=[5.3, 5.8, 4.8], ∫ϰ²/L>=[6.0, 7.3, 8.0], C-C-Sep=0.20, ║∇J║=1.3e-03
-----On 18/20 Initial Guess Perturbations
Iteration 1864/2000-----
J=1.3e-02, ⟨Jf⟩=1.3e-03, ⟨B·n⟩=8.2e-03, Len=sum([4.8, 4.9, 4.7])=14.3, ϰ=[5.3, 5.8, 4.8], ∫ϰ²/L>=[6.0, 7.3, 8.0], C-C-Sep=0.20, ║∇J║=1.7e-03
-----On 18/20 Initial Guess Perturbations
Iteration 1865/2000-----
J=1.3e-02, ⟨Jf⟩=1.3e-03, ⟨B·n⟩=8.2e-03, Len=sum([4.8, 4.9, 4.7])=14.3, ϰ=[5.3, 5.8, 4.8], ∫ϰ²/L>=[6.0, 7.3, 8.0], C-C-Sep=0.20, ║∇J║=1.6e-03
-----On 18/20 Initial Guess Perturbations
Iteration 1866/2000-----
J=1.3e-02, ⟨Jf⟩=1.3e-03, ⟨B·n⟩=8.2e-03, Len=sum([4.8, 4.9, 4.7])=14.3, ϰ=[5.3, 5.8, 4.8], ∫ϰ²/L>=[6.0, 7.3, 8.0], C-C-Sep=0.20, ║∇J║=1.5e-03
-----On 18/20 Initial Guess Perturbations
Iteration 1867/2000-----
J=1.3e-02, ⟨Jf⟩=1.3e-03, ⟨B·n⟩=8.2e-03, Len=sum([4.8, 4.9, 4.7])=14.3, ϰ=[5.3, 5.8, 4.8], ∫ϰ²/L>=[6.0, 7.3, 8.0], C-C-Sep=0.20, ║∇J║=1.2e-03
-----On 18/20 Initial Guess Perturbations
Iteration 1868/2000-----
J=1.3e-02, ⟨Jf⟩=1.3e-03, ⟨B·n⟩=8.2e-03, Len=sum([4.8, 4.9, 4.7])=14.3, ϰ=[5.3, 5.8, 4.8], ∫ϰ²/L>=[6.0, 7.3, 8.0], C-C-Sep=0.20, ║∇J║=1.2e-03
-----On 18/20 Initial Guess Perturbations
Iteration 1869/2000-----
J=1.3e-02, ⟨Jf⟩=1.3e-03, ⟨B·n⟩=8.2e-03, Len=sum([4.8, 4.9, 4.7])=14.3, ϰ=[5.3, 5.8, 4.8], ∫ϰ²/L>=[6.0, 7.3, 8.0], C-C-Sep=0.20, ║∇J║=1.4e-03
-----On 18/20 Initial Guess Perturbations
Iteration 1870/2000-----
J=1.3e-02, ⟨Jf⟩=1.3e-03, ⟨B·n⟩=8.2e-03, Len=sum([4.8, 4.9, 4.7])=14.3, ϰ=[5.3, 5.8, 4.8], ∫ϰ²/L>=[6.0, 7.3, 8.0], C-C-Sep=0.20, ║∇J║=1.4e-03
-----On 18/20 Initial Guess Perturbations
Iteration 1871/2000-----
J=1.3e-02, ⟨Jf⟩=1.3e-03, ⟨B·n⟩=8.2e-03, Len=sum([4.8, 4.9, 4.7])=14.3, ϰ=[5.3, 5.8, 4.8], ∫ϰ²/L>=[6.0, 7.3, 8.0], C-C-Sep=0.20, ║∇J║=1.3e-03
-----On 18/20 Initial Guess Perturbations
Iteration 1872/2000-----
J=1.3e-02, ⟨Jf⟩=1.3e-03, ⟨B·n⟩=8.2e-03, Len=sum([4.8, 4.9, 4.7])=14.3, ϰ=[5.3, 5.8, 4.9], ∫ϰ²/L>=[6.0, 7.3, 8.0], C-C-Sep=0.20, ║∇J║=1.2e-03
-----On 18/20 Initial Guess Perturbations
Iteration 1873/2000-----
J=1.3e-02, ⟨Jf⟩=1.3e-03, ⟨B·n⟩=8.2e-03, Len=sum([4.8, 4.9, 4.7])=14.3, ϰ=[5.3, 5.8, 4.9], ∫ϰ²/L>=[6.0, 7.3, 8.0], C-C-Sep=0.20, ║∇J║=1.3e-03
-----On 18/20 Initial Guess Perturbations
Iteration 1874/2000-----
J=1.3e-02, ⟨Jf⟩=1.3e-03, ⟨B·n⟩=8.2e-03, Len=sum([4.8, 4.9, 4.7])=14.3, ϰ=[5.3, 5.8, 4.9], ∫ϰ²/L>=[6.0, 7.3, 8.0], C-C-Sep=0.20, ║∇J║=1.2e-03
-----On 18/20 Initial Guess Perturbations
Iteration 1875/2000-----
J=1.3e-02, ⟨Jf⟩=1.3e-03, ⟨B·n⟩=8.2e-03, Len=sum([4.8, 4.9, 4.7])=14.3, ϰ=[5.2, 5.8, 4.9], ∫ϰ²/L>=[6.0, 7.3, 8.0], C-C-Sep=0.20, ║∇J║=1.4e-03
-----On 18/20 Initial Guess Perturbations
Iteration 1876/2000-----
J=1.3e-02, ⟨Jf⟩=1.3e-03, ⟨B·n⟩=8.2e-03, Len=sum([4.8, 4.9, 4.7])=14.3, ϰ=[5.2, 5.8, 4.9], ∫ϰ²/L>=[6.0, 7.3, 8.0], C-C-Sep=0.20, ║∇J║=1.2e-03
-----On 18/20 Initial Guess Perturbations
Iteration 1877/2000-----
J=1.3e-02, ⟨Jf⟩=1.3e-03, ⟨B·n⟩=8.2e-03, Len=sum([4.8, 4.9, 4.7])=14.3, ϰ=[5.2, 5.8, 4.9], ∫ϰ²/L>=[6.0, 7.3, 8.0], C-C-Sep=0.20, ║∇J║=1.2e-03
-----On 18/20 Initial Guess Perturbations
Iteration 1878/2000-----
J=1.3e-02, ⟨Jf⟩=1.3e-03, ⟨B·n⟩=8.2e-03, Len=sum([4.8, 4.9, 4.7])=14.3, ϰ=[5.2, 5.8, 4.9], ∫ϰ²/L>=[6.0, 7.3, 8.0], C-C-Sep=0.20, ║∇J║=1.2e-03
-----On 18/20 Initial Guess Perturbations
Iteration 1879/2000-----
J=1.3e-02, ⟨Jf⟩=1.3e-03, ⟨B·n⟩=8.2e-03, Len=sum([4.8, 4.9, 4.7])=14.3, ϰ=[5.2, 5.8, 4.9], ∫ϰ²/L>=[6.0, 7.3, 8.0], C-C-Sep=0.20, ║∇J║=1.2e-03
-----On 18/20 Initial Guess Perturbations
Iteration 1880/2000-----
J=1.3e-02, ⟨Jf⟩=1.3e-03, ⟨B·n⟩=8.2e-03, Len=sum([4.8, 4.9, 4.7])=14.3, ϰ=[5.2, 5.8, 4.9], ∫ϰ²/L>=[6.0, 7.3, 8.0], C-C-Sep=0.20, ║∇J║=1.1e-03
-----On 18/20 Initial Guess Perturbations
Iteration 1881/2000-----
J=1.3e-02, ⟨Jf⟩=1.3e-03, ⟨B·n⟩=8.2e-03, Len=sum([4.8, 4.9, 4.7])=14.3, ϰ=[5.2, 5.8, 4.9], ∫ϰ²/L>=[6.0, 7.4, 8.0], C-C-Sep=0.20, ║∇J║=1.3e-03
-----On 18/20 Initial Guess Perturbations
Iteration 1882/2000-----
J=1.3e-02, ⟨Jf⟩=1.3e-03, ⟨B·n⟩=8.2e-03, Len=sum([4.8, 4.9, 4.7])=14.3, ϰ=[5.2, 5.8, 4.9], ∫ϰ²/L>=[6.0, 7.3, 8.0], C-C-Sep=0.20, ║∇J║=1.5e-03
-----On 18/20 Initial Guess Perturbations
Iteration 1883/2000-----
J=1.3e-02, ⟨Jf⟩=1.3e-03, ⟨B·n⟩=8.2e-03, Len=sum([4.8, 4.9, 4.7])=14.3, ϰ=[5.3, 5.8, 4.9], ∫ϰ²/L>=[6.0, 7.4, 8.0], C-C-Sep=0.20, ║∇J║=1.4e-03
-----On 18/20 Initial Guess Perturbations
Iteration 1884/2000-----
J=1.3e-02, ⟨Jf⟩=1.3e-03, ⟨B·n⟩=8.2e-03, Len=sum([4.8, 4.9, 4.7])=14.3, ϰ=[5.3, 5.8, 4.9], ∫ϰ²/L>=[6.0, 7.4, 8.0], C-C-Sep=0.20, ║∇J║=1.3e-03
-----On 18/20 Initial Guess Perturbations
Iteration 1885/2000-----
J=1.3e-02, ⟨Jf⟩=1.3e-03, ⟨B·n⟩=8.2e-03, Len=sum([4.8, 4.9, 4.7])=14.3, ϰ=[5.3, 5.8, 4.9], ∫ϰ²/L>=[6.0, 7.4, 8.0], C-C-Sep=0.20, ║∇J║=1.1e-03
-----On 18/20 Initial Guess Perturbations
Iteration 1886/2000-----
J=1.3e-02, ⟨Jf⟩=1.3e-03, ⟨B·n⟩=8.2e-03, Len=sum([4.8, 4.9, 4.7])=14.3, ϰ=[5.2, 5.8, 4.9], ∫ϰ²/L>=[6.0, 7.4, 8.0], C-C-Sep=0.20, ║∇J║=1.1e-03
-----On 18/20 Initial Guess Perturbations
Iteration 1887/2000-----
J=1.3e-02, ⟨Jf⟩=1.3e-03, ⟨B·n⟩=8.2e-03, Len=sum([4.8, 4.9, 4.7])=14.3, ϰ=[5.2, 5.8, 4.9], ∫ϰ²/L>=[6.0, 7.4, 8.0], C-C-Sep=0.20, ║∇J║=1.1e-03
-----On 18/20 Initial Guess Perturbations
Iteration 1888/2000-----
J=1.3e-02, ⟨Jf⟩=1.3e-03, ⟨B·n⟩=8.2e-03, Len=sum([4.8, 4.9, 4.7])=14.3, ϰ=[5.2, 5.9, 4.9], ∫ϰ²/L>=[6.0, 7.4, 8.0], C-C-Sep=0.20, ║∇J║=1.1e-03
-----On 18/20 Initial Guess Perturbations
Iteration 1889/2000-----
J=1.3e-02, ⟨Jf⟩=1.3e-03, ⟨B·n⟩=8.2e-03, Len=sum([4.8, 4.9, 4.7])=14.3, ϰ=[5.2, 5.9, 4.9], ∫ϰ²/L>=[6.0, 7.4, 8.0], C-C-Sep=0.20, ║∇J║=1.2e-03
-----On 18/20 Initial Guess Perturbations
Iteration 1890/2000-----
J=1.3e-02, ⟨Jf⟩=1.3e-03, ⟨B·n⟩=8.2e-03, Len=sum([4.8, 4.9, 4.7])=14.3, ϰ=[5.2, 5.9, 4.9], ∫ϰ²/L>=[6.0, 7.4, 8.0], C-C-Sep=0.20, ║∇J║=1.6e-03
-----On 18/20 Initial Guess Perturbations
Iteration 1891/2000-----
J=1.3e-02, ⟨Jf⟩=1.3e-03, ⟨B·n⟩=8.2e-03, Len=sum([4.8, 4.9, 4.7])=14.3, ϰ=[5.2, 5.9, 4.9], ∫ϰ²/L>=[6.0, 7.4, 8.0], C-C-Sep=0.20, ║∇J║=1.9e-03
-----On 18/20 Initial Guess Perturbations
Iteration 1892/2000-----
J=1.3e-02, ⟨Jf⟩=1.3e-03, ⟨B·n⟩=8.2e-03, Len=sum([4.8, 4.9, 4.7])=14.3, ϰ=[5.2, 5.9, 4.9], ∫ϰ²/L>=[6.0, 7.4, 8.0], C-C-Sep=0.20, ║∇J║=1.3e-03
-----On 18/20 Initial Guess Perturbations
Iteration 1893/2000-----
J=1.3e-02, ⟨Jf⟩=1.3e-03, ⟨B·n⟩=8.2e-03, Len=sum([4.8, 4.9, 4.7])=14.3, ϰ=[5.2, 5.9, 4.9], ∫ϰ²/L>=[6.0, 7.4, 8.0], C-C-Sep=0.20, ║∇J║=1.1e-03
-----On 18/20 Initial Guess Perturbations
Iteration 1894/2000-----
J=1.3e-02, ⟨Jf⟩=1.3e-03, ⟨B·n⟩=8.2e-03, Len=sum([4.8, 4.9, 4.7])=14.3, ϰ=[5.2, 5.9, 4.9], ∫ϰ²/L>=[6.0, 7.4, 8.0], C-C-Sep=0.20, ║∇J║=1.1e-03
-----On 18/20 Initial Guess Perturbations
Iteration 1895/2000-----
J=1.3e-02, ⟨Jf⟩=1.3e-03, ⟨B·n⟩=8.2e-03, Len=sum([4.8, 4.9, 4.7])=14.3, ϰ=[5.2, 5.9, 4.9], ∫ϰ²/L>=[6.0, 7.4, 8.0], C-C-Sep=0.20, ║∇J║=1.1e-03
-----On 18/20 Initial Guess Perturbations
Iteration 1896/2000-----
J=1.3e-02, ⟨Jf⟩=1.3e-03, ⟨B·n⟩=8.2e-03, Len=sum([4.8, 4.9, 4.7])=14.3, ϰ=[5.2, 5.9, 4.9], ∫ϰ²/L>=[6.0, 7.4, 8.0], C-C-Sep=0.20, ║∇J║=1.3e-03
-----On 18/20 Initial Guess Perturbations
Iteration 1897/2000-----
J=1.3e-02, ⟨Jf⟩=1.3e-03, ⟨B·n⟩=8.2e-03, Len=sum([4.8, 4.9, 4.7])=14.3, ϰ=[5.2, 5.9, 4.9], ∫ϰ²/L>=[6.0, 7.4, 8.0], C-C-Sep=0.20, ║∇J║=1.3e-03
-----On 18/20 Initial Guess Perturbations
Iteration 1898/2000-----
J=1.3e-02, ⟨Jf⟩=1.3e-03, ⟨B·n⟩=8.2e-03, Len=sum([4.8, 4.9, 4.7])=14.3, ϰ=[5.2, 5.9, 4.9], ∫ϰ²/L>=[6.0, 7.4, 8.0], C-C-Sep=0.20, ║∇J║=1.2e-03
-----On 18/20 Initial Guess Perturbations
Iteration 1899/2000-----
J=1.3e-02, ⟨Jf⟩=1.3e-03, ⟨B·n⟩=8.2e-03, Len=sum([4.8, 4.9, 4.7])=14.3, ϰ=[5.2, 5.9, 4.9], ∫ϰ²/L>=[6.0, 7.4, 8.0], C-C-Sep=0.20, ║∇J║=1.3e-03
-----On 18/20 Initial Guess Perturbations
Iteration 1900/2000-----
J=1.3e-02, ⟨Jf⟩=1.3e-03, ⟨B·n⟩=8.2e-03, Len=sum([4.8, 4.9, 4.7])=14.3, ϰ=[5.2, 5.9, 4.9], ∫ϰ²/L>=[6.0, 7.4, 8.0], C-C-Sep=0.20, ║∇J║=1.5e-03
-----On 18/20 Initial Guess Perturbations
Iteration 1901/2000-----
J=1.3e-02, ⟨Jf⟩=1.3e-03, ⟨B·n⟩=8.2e-03, Len=sum([4.8, 4.9, 4.7])=14.3, ϰ=[5.2, 5.9, 4.9], ∫ϰ²/L>=[6.0, 7.4, 8.0], C-C-Sep=0.20, ║∇J║=1.7e-03
-----On 18/20 Initial Guess Perturbations
Iteration 1902/2000-----
J=1.3e-02, ⟨Jf⟩=1.3e-03, ⟨B·n⟩=8.2e-03, Len=sum([4.8, 4.9, 4.7])=14.3, ϰ=[5.2, 5.9, 4.9], ∫ϰ²/L>=[6.0, 7.4, 8.0], C-C-Sep=0.20, ║∇J║=1.4e-03
-----On 18/20 Initial Guess Perturbations
Iteration 1903/2000-----
J=1.3e-02, ⟨Jf⟩=1.3e-03, ⟨B·n⟩=8.2e-03, Len=sum([4.8, 4.9, 4.7])=14.3, ϰ=[5.2, 5.9, 4.9], ∫ϰ²/L>=[6.0, 7.4, 8.0], C-C-Sep=0.20, ║∇J║=1.1e-03
-----On 18/20 Initial Guess Perturbations
Iteration 1904/2000-----
J=1.3e-02, ⟨Jf⟩=1.3e-03, ⟨B·n⟩=8.2e-03, Len=sum([4.8, 4.9, 4.7])=14.3, ϰ=[5.2, 5.9, 4.9], ∫ϰ²/L>=[6.0, 7.4, 8.0], C-C-Sep=0.20, ║∇J║=1.2e-03
-----On 18/20 Initial Guess Perturbations
Iteration 1905/2000-----
J=1.3e-02, ⟨Jf⟩=1.3e-03, ⟨B·n⟩=8.2e-03, Len=sum([4.8, 4.9, 4.7])=14.3, ϰ=[5.2, 5.9, 4.9], ∫ϰ²/L>=[6.0, 7.4, 8.0], C-C-Sep=0.20, ║∇J║=1.1e-03
-----On 18/20 Initial Guess Perturbations
Iteration 1906/2000-----
J=1.3e-02, ⟨Jf⟩=1.3e-03, ⟨B·n⟩=8.2e-03, Len=sum([4.8, 4.9, 4.7])=14.3, ϰ=[5.2, 5.9, 4.9], ∫ϰ²/L>=[6.0, 7.4, 8.0], C-C-Sep=0.20, ║∇J║=1.0e-03
-----On 18/20 Initial Guess Perturbations
Iteration 1907/2000-----
J=1.3e-02, ⟨Jf⟩=1.3e-03, ⟨B·n⟩=8.2e-03, Len=sum([4.8, 4.9, 4.7])=14.3, ϰ=[5.2, 5.9, 4.9], ∫ϰ²/L>=[6.0, 7.4, 8.0], C-C-Sep=0.20, ║∇J║=1.1e-03
-----On 18/20 Initial Guess Perturbations
Iteration 1908/2000-----
J=1.3e-02, ⟨Jf⟩=1.3e-03, ⟨B·n⟩=8.2e-03, Len=sum([4.8, 4.9, 4.7])=14.3, ϰ=[5.2, 5.9, 4.9], ∫ϰ²/L>=[6.0, 7.4, 8.0], C-C-Sep=0.20, ║∇J║=1.3e-03
-----On 18/20 Initial Guess Perturbations
Iteration 1909/2000-----
J=1.3e-02, ⟨Jf⟩=1.3e-03, ⟨B·n⟩=8.2e-03, Len=sum([4.8, 4.9, 4.7])=14.3, ϰ=[5.2, 5.9, 4.9], ∫ϰ²/L>=[6.0, 7.4, 8.0], C-C-Sep=0.20, ║∇J║=1.2e-03
-----On 18/20 Initial Guess Perturbations
Iteration 1910/2000-----
J=1.3e-02, ⟨Jf⟩=1.3e-03, ⟨B·n⟩=8.2e-03, Len=sum([4.8, 4.9, 4.7])=14.3, ϰ=[5.2, 5.9, 4.9], ∫ϰ²/L>=[6.0, 7.4, 8.0], C-C-Sep=0.20, ║∇J║=9.9e-04
-----On 18/20 Initial Guess Perturbations
Iteration 1911/2000-----
J=1.3e-02, ⟨Jf⟩=1.3e-03, ⟨B·n⟩=8.2e-03, Len=sum([4.8, 4.9, 4.7])=14.3, ϰ=[5.2, 5.9, 4.9], ∫ϰ²/L>=[6.0, 7.4, 8.0], C-C-Sep=0.20, ║∇J║=1.0e-03
-----On 18/20 Initial Guess Perturbations
Iteration 1912/2000-----
J=1.3e-02, ⟨Jf⟩=1.3e-03, ⟨B·n⟩=8.2e-03, Len=sum([4.8, 4.9, 4.7])=14.3, ϰ=[5.2, 5.9, 4.9], ∫ϰ²/L>=[6.0, 7.4, 8.0], C-C-Sep=0.20, ║∇J║=1.0e-03
-----On 18/20 Initial Guess Perturbations
Iteration 1913/2000-----
J=1.3e-02, ⟨Jf⟩=1.3e-03, ⟨B·n⟩=8.2e-03, Len=sum([4.8, 4.9, 4.7])=14.3, ϰ=[5.2, 5.9, 4.9], ∫ϰ²/L>=[6.0, 7.4, 8.0], C-C-Sep=0.20, ║∇J║=9.8e-04
-----On 18/20 Initial Guess Perturbations
Iteration 1914/2000-----
J=1.3e-02, ⟨Jf⟩=1.3e-03, ⟨B·n⟩=8.2e-03, Len=sum([4.8, 4.9, 4.7])=14.3, ϰ=[5.2, 5.9, 4.9], ∫ϰ²/L>=[6.0, 7.4, 8.0], C-C-Sep=0.20, ║∇J║=1.2e-03
-----On 18/20 Initial Guess Perturbations
Iteration 1915/2000-----
J=1.3e-02, ⟨Jf⟩=1.3e-03, ⟨B·n⟩=8.2e-03, Len=sum([4.8, 4.9, 4.7])=14.3, ϰ=[5.2, 5.8, 4.9], ∫ϰ²/L>=[6.0, 7.4, 8.0], C-C-Sep=0.20, ║∇J║=1.3e-03
-----On 18/20 Initial Guess Perturbations
Iteration 1916/2000-----
J=1.3e-02, ⟨Jf⟩=1.3e-03, ⟨B·n⟩=8.2e-03, Len=sum([4.8, 4.9, 4.7])=14.3, ϰ=[5.2, 5.9, 4.9], ∫ϰ²/L>=[6.0, 7.4, 8.0], C-C-Sep=0.20, ║∇J║=1.3e-03
-----On 18/20 Initial Guess Perturbations
Iteration 1917/2000-----
J=1.3e-02, ⟨Jf⟩=1.3e-03, ⟨B·n⟩=8.2e-03, Len=sum([4.8, 4.9, 4.7])=14.3, ϰ=[5.1, 5.9, 4.9], ∫ϰ²/L>=[6.0, 7.4, 8.0], C-C-Sep=0.20, ║∇J║=1.3e-03
-----On 18/20 Initial Guess Perturbations
Iteration 1918/2000-----
J=1.3e-02, ⟨Jf⟩=1.3e-03, ⟨B·n⟩=8.2e-03, Len=sum([4.8, 4.9, 4.7])=14.3, ϰ=[5.1, 5.9, 4.9], ∫ϰ²/L>=[6.0, 7.4, 8.0], C-C-Sep=0.20, ║∇J║=1.5e-03
-----On 18/20 Initial Guess Perturbations
Iteration 1919/2000-----
J=1.3e-02, ⟨Jf⟩=1.3e-03, ⟨B·n⟩=8.2e-03, Len=sum([4.8, 4.9, 4.7])=14.3, ϰ=[5.1, 5.9, 4.9], ∫ϰ²/L>=[6.0, 7.4, 8.0], C-C-Sep=0.20, ║∇J║=1.2e-03
-----On 18/20 Initial Guess Perturbations
Iteration 1920/2000-----
J=1.3e-02, ⟨Jf⟩=1.3e-03, ⟨B·n⟩=8.2e-03, Len=sum([4.8, 4.9, 4.7])=14.3, ϰ=[5.1, 5.8, 4.9], ∫ϰ²/L>=[6.0, 7.4, 8.0], C-C-Sep=0.20, ║∇J║=1.0e-03
-----On 18/20 Initial Guess Perturbations
Iteration 1921/2000-----
J=1.3e-02, ⟨Jf⟩=1.3e-03, ⟨B·n⟩=8.2e-03, Len=sum([4.8, 4.9, 4.7])=14.3, ϰ=[5.1, 5.8, 4.9], ∫ϰ²/L>=[6.0, 7.4, 8.0], C-C-Sep=0.20, ║∇J║=9.4e-04
-----On 18/20 Initial Guess Perturbations
Iteration 1922/2000-----
J=1.3e-02, ⟨Jf⟩=1.3e-03, ⟨B·n⟩=8.2e-03, Len=sum([4.8, 4.9, 4.7])=14.3, ϰ=[5.1, 5.8, 4.9], ∫ϰ²/L>=[6.0, 7.4, 8.0], C-C-Sep=0.20, ║∇J║=1.3e-03
-----On 18/20 Initial Guess Perturbations
Iteration 1923/2000-----
J=1.3e-02, ⟨Jf⟩=1.3e-03, ⟨B·n⟩=8.2e-03, Len=sum([4.8, 4.9, 4.7])=14.3, ϰ=[5.1, 5.8, 4.9], ∫ϰ²/L>=[5.9, 7.4, 8.0], C-C-Sep=0.20, ║∇J║=1.3e-03
-----On 18/20 Initial Guess Perturbations
Iteration 1924/2000-----
J=1.3e-02, ⟨Jf⟩=1.3e-03, ⟨B·n⟩=8.2e-03, Len=sum([4.8, 4.9, 4.7])=14.3, ϰ=[5.1, 5.8, 4.9], ∫ϰ²/L>=[5.9, 7.4, 8.0], C-C-Sep=0.20, ║∇J║=1.5e-03
-----On 18/20 Initial Guess Perturbations
Iteration 1925/2000-----
J=1.3e-02, ⟨Jf⟩=1.3e-03, ⟨B·n⟩=8.2e-03, Len=sum([4.8, 4.9, 4.7])=14.3, ϰ=[5.1, 5.8, 4.9], ∫ϰ²/L>=[5.9, 7.4, 8.0], C-C-Sep=0.20, ║∇J║=1.3e-03
-----On 18/20 Initial Guess Perturbations
Iteration 1926/2000-----
J=1.3e-02, ⟨Jf⟩=1.3e-03, ⟨B·n⟩=8.2e-03, Len=sum([4.8, 4.9, 4.7])=14.3, ϰ=[5.1, 5.8, 4.9], ∫ϰ²/L>=[5.9, 7.4, 8.0], C-C-Sep=0.20, ║∇J║=1.6e-03
-----On 18/20 Initial Guess Perturbations
Iteration 1927/2000-----
J=1.3e-02, ⟨Jf⟩=1.3e-03, ⟨B·n⟩=8.2e-03, Len=sum([4.8, 4.9, 4.7])=14.3, ϰ=[5.1, 5.8, 4.9], ∫ϰ²/L>=[5.9, 7.4, 8.0], C-C-Sep=0.20, ║∇J║=1.3e-03
-----On 18/20 Initial Guess Perturbations
Iteration 1928/2000-----
J=1.3e-02, ⟨Jf⟩=1.3e-03, ⟨B·n⟩=8.2e-03, Len=sum([4.8, 4.9, 4.7])=14.3, ϰ=[5.1, 5.8, 4.9], ∫ϰ²/L>=[5.9, 7.4, 8.0], C-C-Sep=0.20, ║∇J║=1.1e-03
-----On 18/20 Initial Guess Perturbations
Iteration 1929/2000-----
J=1.3e-02, ⟨Jf⟩=1.3e-03, ⟨B·n⟩=8.2e-03, Len=sum([4.8, 4.9, 4.7])=14.3, ϰ=[5.1, 5.8, 4.9], ∫ϰ²/L>=[5.9, 7.4, 8.0], C-C-Sep=0.20, ║∇J║=1.2e-03
-----On 18/20 Initial Guess Perturbations
Iteration 1930/2000-----
J=1.3e-02, ⟨Jf⟩=1.3e-03, ⟨B·n⟩=8.2e-03, Len=sum([4.8, 4.9, 4.7])=14.3, ϰ=[5.1, 5.8, 4.9], ∫ϰ²/L>=[5.9, 7.4, 8.0], C-C-Sep=0.20, ║∇J║=1.5e-03
-----On 18/20 Initial Guess Perturbations
Iteration 1931/2000-----
J=1.3e-02, ⟨Jf⟩=1.3e-03, ⟨B·n⟩=8.2e-03, Len=sum([4.8, 4.9, 4.7])=14.3, ϰ=[5.1, 5.8, 4.9], ∫ϰ²/L>=[5.9, 7.4, 8.0], C-C-Sep=0.20, ║∇J║=1.6e-03
-----On 18/20 Initial Guess Perturbations
Iteration 1932/2000-----
J=1.3e-02, ⟨Jf⟩=1.3e-03, ⟨B·n⟩=8.2e-03, Len=sum([4.8, 4.9, 4.7])=14.3, ϰ=[5.1, 5.8, 4.9], ∫ϰ²/L>=[5.9, 7.4, 8.0], C-C-Sep=0.20, ║∇J║=1.4e-03
-----On 18/20 Initial Guess Perturbations
Iteration 1933/2000-----
J=1.3e-02, ⟨Jf⟩=1.3e-03, ⟨B·n⟩=8.2e-03, Len=sum([4.8, 4.9, 4.7])=14.3, ϰ=[5.1, 5.8, 4.9], ∫ϰ²/L>=[5.9, 7.4, 8.0], C-C-Sep=0.20, ║∇J║=1.9e-03
-----On 18/20 Initial Guess Perturbations
Iteration 1934/2000-----
J=1.3e-02, ⟨Jf⟩=1.3e-03, ⟨B·n⟩=8.2e-03, Len=sum([4.8, 4.9, 4.7])=14.3, ϰ=[5.1, 5.8, 4.9], ∫ϰ²/L>=[5.9, 7.4, 8.0], C-C-Sep=0.20, ║∇J║=1.4e-03
-----On 18/20 Initial Guess Perturbations
Iteration 1935/2000-----
J=1.3e-02, ⟨Jf⟩=1.3e-03, ⟨B·n⟩=8.2e-03, Len=sum([4.8, 4.9, 4.7])=14.3, ϰ=[5.1, 5.8, 4.9], ∫ϰ²/L>=[5.9, 7.4, 8.0], C-C-Sep=0.20, ║∇J║=1.1e-03
-----On 18/20 Initial Guess Perturbations
Iteration 1936/2000-----
J=1.3e-02, ⟨Jf⟩=1.3e-03, ⟨B·n⟩=8.2e-03, Len=sum([4.8, 4.9, 4.7])=14.3, ϰ=[5.1, 5.8, 4.9], ∫ϰ²/L>=[5.9, 7.4, 8.0], C-C-Sep=0.20, ║∇J║=1.1e-03
-----On 18/20 Initial Guess Perturbations
Iteration 1937/2000-----
J=1.3e-02, ⟨Jf⟩=1.3e-03, ⟨B·n⟩=8.2e-03, Len=sum([4.8, 4.9, 4.7])=14.3, ϰ=[5.1, 5.8, 4.9], ∫ϰ²/L>=[5.9, 7.4, 8.0], C-C-Sep=0.20, ║∇J║=1.1e-03
-----On 18/20 Initial Guess Perturbations
Iteration 1938/2000-----
J=1.3e-02, ⟨Jf⟩=1.3e-03, ⟨B·n⟩=8.2e-03, Len=sum([4.8, 4.9, 4.7])=14.3, ϰ=[5.1, 5.8, 4.9], ∫ϰ²/L>=[5.9, 7.4, 8.0], C-C-Sep=0.20, ║∇J║=1.1e-03
-----On 18/20 Initial Guess Perturbations
Iteration 1939/2000-----
J=1.3e-02, ⟨Jf⟩=1.3e-03, ⟨B·n⟩=8.2e-03, Len=sum([4.8, 4.9, 4.7])=14.3, ϰ=[5.1, 5.8, 4.9], ∫ϰ²/L>=[5.9, 7.4, 8.0], C-C-Sep=0.20, ║∇J║=1.4e-03
-----On 18/20 Initial Guess Perturbations
Iteration 1940/2000-----
J=1.3e-02, ⟨Jf⟩=1.3e-03, ⟨B·n⟩=8.2e-03, Len=sum([4.8, 4.9, 4.7])=14.3, ϰ=[5.1, 5.8, 4.9], ∫ϰ²/L>=[5.9, 7.4, 8.0], C-C-Sep=0.20, ║∇J║=1.9e-03
-----On 18/20 Initial Guess Perturbations
Iteration 1941/2000-----
J=1.3e-02, ⟨Jf⟩=1.3e-03, ⟨B·n⟩=8.2e-03, Len=sum([4.8, 4.9, 4.7])=14.3, ϰ=[5.1, 5.8, 4.9], ∫ϰ²/L>=[5.9, 7.4, 8.0], C-C-Sep=0.20, ║∇J║=1.8e-03
-----On 18/20 Initial Guess Perturbations
Iteration 1942/2000-----
J=1.3e-02, ⟨Jf⟩=1.3e-03, ⟨B·n⟩=8.2e-03, Len=sum([4.8, 4.9, 4.7])=14.3, ϰ=[5.1, 5.8, 4.9], ∫ϰ²/L>=[5.9, 7.4, 8.0], C-C-Sep=0.20, ║∇J║=1.7e-03
-----On 18/20 Initial Guess Perturbations
Iteration 1943/2000-----
J=1.3e-02, ⟨Jf⟩=1.3e-03, ⟨B·n⟩=8.2e-03, Len=sum([4.8, 4.9, 4.7])=14.3, ϰ=[5.1, 5.8, 4.9], ∫ϰ²/L>=[5.9, 7.4, 8.0], C-C-Sep=0.20, ║∇J║=1.3e-03
-----On 18/20 Initial Guess Perturbations
Iteration 1944/2000-----
J=1.3e-02, ⟨Jf⟩=1.3e-03, ⟨B·n⟩=8.2e-03, Len=sum([4.8, 4.9, 4.7])=14.3, ϰ=[5.1, 5.8, 4.9], ∫ϰ²/L>=[5.9, 7.4, 8.0], C-C-Sep=0.20, ║∇J║=1.2e-03
-----On 18/20 Initial Guess Perturbations
Iteration 1945/2000-----
J=1.3e-02, ⟨Jf⟩=1.3e-03, ⟨B·n⟩=8.2e-03, Len=sum([4.8, 4.9, 4.7])=14.3, ϰ=[5.1, 5.8, 4.9], ∫ϰ²/L>=[5.9, 7.4, 8.0], C-C-Sep=0.20, ║∇J║=1.2e-03
-----On 18/20 Initial Guess Perturbations
Iteration 1946/2000-----
J=1.3e-02, ⟨Jf⟩=1.3e-03, ⟨B·n⟩=8.2e-03, Len=sum([4.8, 4.9, 4.7])=14.3, ϰ=[5.1, 5.9, 4.9], ∫ϰ²/L>=[5.9, 7.4, 8.0], C-C-Sep=0.20, ║∇J║=1.4e-03
-----On 18/20 Initial Guess Perturbations
Iteration 1947/2000-----
J=1.3e-02, ⟨Jf⟩=1.3e-03, ⟨B·n⟩=8.2e-03, Len=sum([4.8, 4.9, 4.7])=14.3, ϰ=[5.1, 5.9, 4.9], ∫ϰ²/L>=[6.0, 7.4, 8.0], C-C-Sep=0.20, ║∇J║=1.9e-03
-----On 18/20 Initial Guess Perturbations
Iteration 1948/2000-----
J=1.3e-02, ⟨Jf⟩=1.3e-03, ⟨B·n⟩=8.2e-03, Len=sum([4.8, 4.9, 4.7])=14.3, ϰ=[5.1, 5.8, 4.9], ∫ϰ²/L>=[6.0, 7.4, 8.0], C-C-Sep=0.20, ║∇J║=1.4e-03
-----On 18/20 Initial Guess Perturbations
Iteration 1949/2000-----
J=1.3e-02, ⟨Jf⟩=1.3e-03, ⟨B·n⟩=8.2e-03, Len=sum([4.8, 4.9, 4.7])=14.3, ϰ=[5.1, 5.8, 4.9], ∫ϰ²/L>=[6.0, 7.4, 8.0], C-C-Sep=0.20, ║∇J║=1.6e-03
-----On 18/20 Initial Guess Perturbations
Iteration 1950/2000-----
J=1.3e-02, ⟨Jf⟩=1.3e-03, ⟨B·n⟩=8.2e-03, Len=sum([4.8, 4.9, 4.7])=14.3, ϰ=[5.1, 5.8, 4.9], ∫ϰ²/L>=[6.0, 7.4, 8.0], C-C-Sep=0.20, ║∇J║=1.2e-03
-----On 18/20 Initial Guess Perturbations
Iteration 1951/2000-----
J=1.3e-02, ⟨Jf⟩=1.3e-03, ⟨B·n⟩=8.2e-03, Len=sum([4.8, 4.9, 4.7])=14.3, ϰ=[5.2, 5.8, 4.9], ∫ϰ²/L>=[6.0, 7.4, 8.0], C-C-Sep=0.20, ║∇J║=1.3e-03
-----On 18/20 Initial Guess Perturbations
Iteration 1952/2000-----
J=1.3e-02, ⟨Jf⟩=1.3e-03, ⟨B·n⟩=8.2e-03, Len=sum([4.8, 4.9, 4.7])=14.3, ϰ=[5.2, 5.8, 4.9], ∫ϰ²/L>=[6.0, 7.4, 8.0], C-C-Sep=0.20, ║∇J║=1.3e-03
-----On 18/20 Initial Guess Perturbations
Iteration 1953/2000-----
J=1.3e-02, ⟨Jf⟩=1.3e-03, ⟨B·n⟩=8.2e-03, Len=sum([4.8, 4.9, 4.7])=14.3, ϰ=[5.2, 5.8, 4.9], ∫ϰ²/L>=[6.0, 7.4, 8.0], C-C-Sep=0.20, ║∇J║=1.1e-03
-----On 18/20 Initial Guess Perturbations
Iteration 1954/2000-----
J=1.3e-02, ⟨Jf⟩=1.3e-03, ⟨B·n⟩=8.2e-03, Len=sum([4.8, 4.9, 4.7])=14.3, ϰ=[5.2, 5.8, 4.9], ∫ϰ²/L>=[6.0, 7.4, 8.0], C-C-Sep=0.20, ║∇J║=1.3e-03
-----On 18/20 Initial Guess Perturbations
Iteration 1955/2000-----
J=1.3e-02, ⟨Jf⟩=1.3e-03, ⟨B·n⟩=8.2e-03, Len=sum([4.8, 4.9, 4.7])=14.3, ϰ=[5.2, 5.8, 4.9], ∫ϰ²/L>=[6.0, 7.4, 8.0], C-C-Sep=0.20, ║∇J║=1.7e-03
-----On 18/20 Initial Guess Perturbations
Iteration 1956/2000-----
J=1.3e-02, ⟨Jf⟩=1.3e-03, ⟨B·n⟩=8.2e-03, Len=sum([4.8, 4.9, 4.7])=14.3, ϰ=[5.2, 5.8, 4.9], ∫ϰ²/L>=[6.0, 7.4, 8.0], C-C-Sep=0.20, ║∇J║=1.4e-03
-----On 18/20 Initial Guess Perturbations
Iteration 1957/2000-----
J=1.3e-02, ⟨Jf⟩=1.3e-03, ⟨B·n⟩=8.2e-03, Len=sum([4.8, 4.9, 4.7])=14.3, ϰ=[5.2, 5.8, 4.9], ∫ϰ²/L>=[6.0, 7.4, 8.0], C-C-Sep=0.20, ║∇J║=1.9e-03
-----On 18/20 Initial Guess Perturbations
Iteration 1958/2000-----
J=1.3e-02, ⟨Jf⟩=1.3e-03, ⟨B·n⟩=8.2e-03, Len=sum([4.8, 4.9, 4.7])=14.3, ϰ=[5.2, 5.8, 4.9], ∫ϰ²/L>=[6.0, 7.4, 8.0], C-C-Sep=0.20, ║∇J║=1.8e-03
-----On 18/20 Initial Guess Perturbations
Iteration 1959/2000-----
J=1.3e-02, ⟨Jf⟩=1.3e-03, ⟨B·n⟩=8.2e-03, Len=sum([4.8, 4.9, 4.7])=14.3, ϰ=[5.2, 5.8, 4.9], ∫ϰ²/L>=[6.0, 7.4, 8.0], C-C-Sep=0.20, ║∇J║=1.2e-03
-----On 18/20 Initial Guess Perturbations
Iteration 1960/2000-----
J=1.3e-02, ⟨Jf⟩=1.3e-03, ⟨B·n⟩=8.2e-03, Len=sum([4.8, 4.9, 4.7])=14.3, ϰ=[5.2, 5.8, 4.9], ∫ϰ²/L>=[6.0, 7.4, 8.0], C-C-Sep=0.20, ║∇J║=1.2e-03
-----On 18/20 Initial Guess Perturbations
Iteration 1961/2000-----
J=1.3e-02, ⟨Jf⟩=1.3e-03, ⟨B·n⟩=8.2e-03, Len=sum([4.8, 4.9, 4.7])=14.3, ϰ=[5.2, 5.8, 4.9], ∫ϰ²/L>=[6.0, 7.4, 8.0], C-C-Sep=0.20, ║∇J║=1.5e-03
-----On 18/20 Initial Guess Perturbations
Iteration 1962/2000-----
J=1.3e-02, ⟨Jf⟩=1.3e-03, ⟨B·n⟩=8.2e-03, Len=sum([4.8, 4.9, 4.7])=14.3, ϰ=[5.2, 5.8, 4.9], ∫ϰ²/L>=[6.0, 7.4, 8.0], C-C-Sep=0.20, ║∇J║=1.6e-03
-----On 18/20 Initial Guess Perturbations
Iteration 1963/2000-----
J=1.3e-02, ⟨Jf⟩=1.3e-03, ⟨B·n⟩=8.2e-03, Len=sum([4.8, 4.9, 4.7])=14.3, ϰ=[5.2, 5.8, 4.9], ∫ϰ²/L>=[6.0, 7.4, 8.0], C-C-Sep=0.20, ║∇J║=1.7e-03
-----On 18/20 Initial Guess Perturbations
Iteration 1964/2000-----
J=1.3e-02, ⟨Jf⟩=1.3e-03, ⟨B·n⟩=8.2e-03, Len=sum([4.8, 4.9, 4.7])=14.3, ϰ=[5.2, 5.8, 4.9], ∫ϰ²/L>=[6.0, 7.4, 8.0], C-C-Sep=0.20, ║∇J║=1.9e-03
-----On 18/20 Initial Guess Perturbations
Iteration 1965/2000-----
J=1.3e-02, ⟨Jf⟩=1.3e-03, ⟨B·n⟩=8.2e-03, Len=sum([4.8, 4.9, 4.7])=14.3, ϰ=[5.2, 5.8, 4.8], ∫ϰ²/L>=[6.0, 7.4, 8.0], C-C-Sep=0.20, ║∇J║=2.0e-03
-----On 18/20 Initial Guess Perturbations
Iteration 1966/2000-----
J=1.3e-02, ⟨Jf⟩=1.3e-03, ⟨B·n⟩=8.2e-03, Len=sum([4.8, 4.9, 4.7])=14.3, ϰ=[5.3, 5.8, 4.8], ∫ϰ²/L>=[6.0, 7.4, 8.0], C-C-Sep=0.20, ║∇J║=1.8e-03
-----On 18/20 Initial Guess Perturbations
Iteration 1967/2000-----
J=1.3e-02, ⟨Jf⟩=1.3e-03, ⟨B·n⟩=8.2e-03, Len=sum([4.8, 4.9, 4.7])=14.3, ϰ=[5.3, 5.8, 4.8], ∫ϰ²/L>=[6.0, 7.4, 8.0], C-C-Sep=0.20, ║∇J║=1.6e-03
-----On 18/20 Initial Guess Perturbations
Iteration 1968/2000-----
J=1.3e-02, ⟨Jf⟩=1.3e-03, ⟨B·n⟩=8.2e-03, Len=sum([4.8, 4.9, 4.7])=14.3, ϰ=[5.3, 5.8, 4.8], ∫ϰ²/L>=[6.0, 7.4, 8.0], C-C-Sep=0.20, ║∇J║=1.9e-03
-----On 18/20 Initial Guess Perturbations
Iteration 1969/2000-----
J=1.3e-02, ⟨Jf⟩=1.3e-03, ⟨B·n⟩=8.2e-03, Len=sum([4.8, 4.9, 4.7])=14.3, ϰ=[5.3, 5.8, 4.8], ∫ϰ²/L>=[6.0, 7.4, 8.0], C-C-Sep=0.20, ║∇J║=1.7e-03
-----On 18/20 Initial Guess Perturbations
Iteration 1970/2000-----
J=1.3e-02, ⟨Jf⟩=1.3e-03, ⟨B·n⟩=8.2e-03, Len=sum([4.8, 4.9, 4.7])=14.3, ϰ=[5.2, 5.8, 4.8], ∫ϰ²/L>=[6.0, 7.4, 8.0], C-C-Sep=0.20, ║∇J║=2.1e-03
-----On 18/20 Initial Guess Perturbations
Iteration 1971/2000-----
J=1.3e-02, ⟨Jf⟩=1.3e-03, ⟨B·n⟩=8.2e-03, Len=sum([4.8, 4.9, 4.7])=14.3, ϰ=[5.2, 5.8, 4.9], ∫ϰ²/L>=[6.0, 7.4, 8.0], C-C-Sep=0.20, ║∇J║=1.9e-03
-----On 18/20 Initial Guess Perturbations
Iteration 1972/2000-----
J=1.3e-02, ⟨Jf⟩=1.3e-03, ⟨B·n⟩=8.2e-03, Len=sum([4.8, 4.9, 4.7])=14.3, ϰ=[5.2, 5.8, 4.9], ∫ϰ²/L>=[6.0, 7.4, 8.0], C-C-Sep=0.20, ║∇J║=1.7e-03
-----On 18/20 Initial Guess Perturbations
Iteration 1973/2000-----
J=1.3e-02, ⟨Jf⟩=1.3e-03, ⟨B·n⟩=8.2e-03, Len=sum([4.8, 4.9, 4.7])=14.3, ϰ=[5.2, 5.8, 4.9], ∫ϰ²/L>=[6.0, 7.4, 8.0], C-C-Sep=0.20, ║∇J║=1.5e-03
-----On 18/20 Initial Guess Perturbations
Iteration 1974/2000-----
J=1.3e-02, ⟨Jf⟩=1.3e-03, ⟨B·n⟩=8.2e-03, Len=sum([4.8, 4.9, 4.7])=14.3, ϰ=[5.2, 5.8, 4.9], ∫ϰ²/L>=[6.0, 7.4, 8.0], C-C-Sep=0.20, ║∇J║=1.8e-03
-----On 18/20 Initial Guess Perturbations
Iteration 1975/2000-----
J=1.3e-02, ⟨Jf⟩=1.3e-03, ⟨B·n⟩=8.2e-03, Len=sum([4.8, 4.9, 4.7])=14.3, ϰ=[5.2, 5.8, 4.9], ∫ϰ²/L>=[6.0, 7.4, 8.0], C-C-Sep=0.20, ║∇J║=2.0e-03
-----On 18/20 Initial Guess Perturbations
Iteration 1976/2000-----
J=1.3e-02, ⟨Jf⟩=1.3e-03, ⟨B·n⟩=8.2e-03, Len=sum([4.8, 4.9, 4.7])=14.3, ϰ=[5.2, 5.9, 4.9], ∫ϰ²/L>=[6.0, 7.4, 8.0], C-C-Sep=0.20, ║∇J║=2.9e-03
-----On 18/20 Initial Guess Perturbations
Iteration 1977/2000-----
J=1.3e-02, ⟨Jf⟩=1.3e-03, ⟨B·n⟩=8.2e-03, Len=sum([4.8, 4.9, 4.7])=14.3, ϰ=[5.2, 5.8, 4.9], ∫ϰ²/L>=[6.0, 7.4, 8.0], C-C-Sep=0.20, ║∇J║=1.4e-03
-----On 18/20 Initial Guess Perturbations
Iteration 1978/2000-----
J=1.3e-02, ⟨Jf⟩=1.3e-03, ⟨B·n⟩=8.2e-03, Len=sum([4.8, 4.9, 4.7])=14.3, ϰ=[5.2, 5.8, 4.9], ∫ϰ²/L>=[6.0, 7.4, 8.0], C-C-Sep=0.20, ║∇J║=1.1e-03
-----On 18/20 Initial Guess Perturbations
Iteration 1979/2000-----
J=1.3e-02, ⟨Jf⟩=1.3e-03, ⟨B·n⟩=8.2e-03, Len=sum([4.8, 4.9, 4.7])=14.3, ϰ=[5.2, 5.9, 4.9], ∫ϰ²/L>=[6.0, 7.4, 8.0], C-C-Sep=0.20, ║∇J║=1.3e-03
-----On 18/20 Initial Guess Perturbations
Iteration 1980/2000-----
J=1.3e-02, ⟨Jf⟩=1.3e-03, ⟨B·n⟩=8.2e-03, Len=sum([4.8, 4.9, 4.7])=14.3, ϰ=[5.2, 5.9, 4.9], ∫ϰ²/L>=[6.0, 7.4, 8.0], C-C-Sep=0.20, ║∇J║=1.6e-03
-----On 18/20 Initial Guess Perturbations
Iteration 1981/2000-----
J=1.3e-02, ⟨Jf⟩=1.3e-03, ⟨B·n⟩=8.2e-03, Len=sum([4.8, 4.9, 4.7])=14.3, ϰ=[5.2, 5.9, 4.9], ∫ϰ²/L>=[6.0, 7.4, 8.0], C-C-Sep=0.20, ║∇J║=1.3e-03
-----On 18/20 Initial Guess Perturbations
Iteration 1982/2000-----
J=1.3e-02, ⟨Jf⟩=1.3e-03, ⟨B·n⟩=8.2e-03, Len=sum([4.8, 4.9, 4.7])=14.3, ϰ=[5.1, 5.9, 4.8], ∫ϰ²/L>=[6.0, 7.4, 8.0], C-C-Sep=0.20, ║∇J║=1.4e-03
-----On 18/20 Initial Guess Perturbations
Iteration 1983/2000-----
J=1.3e-02, ⟨Jf⟩=1.3e-03, ⟨B·n⟩=8.2e-03, Len=sum([4.8, 4.9, 4.7])=14.3, ϰ=[5.1, 5.8, 4.9], ∫ϰ²/L>=[6.0, 7.4, 8.0], C-C-Sep=0.20, ║∇J║=1.8e-03
-----On 18/20 Initial Guess Perturbations
Iteration 1984/2000-----
J=1.3e-02, ⟨Jf⟩=1.3e-03, ⟨B·n⟩=8.2e-03, Len=sum([4.8, 4.9, 4.7])=14.3, ϰ=[5.1, 5.9, 4.9], ∫ϰ²/L>=[6.0, 7.4, 8.0], C-C-Sep=0.20, ║∇J║=1.6e-03
-----On 18/20 Initial Guess Perturbations
Iteration 1985/2000-----
J=1.3e-02, ⟨Jf⟩=1.3e-03, ⟨B·n⟩=8.2e-03, Len=sum([4.8, 4.9, 4.7])=14.3, ϰ=[5.1, 5.9, 4.9], ∫ϰ²/L>=[6.0, 7.4, 8.0], C-C-Sep=0.20, ║∇J║=1.5e-03
-----On 18/20 Initial Guess Perturbations
Iteration 1986/2000-----
J=1.3e-02, ⟨Jf⟩=1.3e-03, ⟨B·n⟩=8.2e-03, Len=sum([4.8, 4.9, 4.7])=14.3, ϰ=[5.2, 5.9, 4.9], ∫ϰ²/L>=[6.0, 7.3, 8.0], C-C-Sep=0.20, ║∇J║=1.8e-03
-----On 18/20 Initial Guess Perturbations
Iteration 1987/2000-----
J=1.3e-02, ⟨Jf⟩=1.3e-03, ⟨B·n⟩=8.2e-03, Len=sum([4.8, 4.9, 4.7])=14.3, ϰ=[5.2, 5.9, 4.9], ∫ϰ²/L>=[6.0, 7.4, 8.0], C-C-Sep=0.20, ║∇J║=2.0e-03
-----On 18/20 Initial Guess Perturbations
Iteration 1988/2000-----
J=1.3e-02, ⟨Jf⟩=1.3e-03, ⟨B·n⟩=8.2e-03, Len=sum([4.8, 4.9, 4.7])=14.3, ϰ=[5.2, 5.9, 4.9], ∫ϰ²/L>=[6.0, 7.4, 8.0], C-C-Sep=0.20, ║∇J║=1.5e-03
-----On 18/20 Initial Guess Perturbations
Iteration 1989/2000-----
J=1.3e-02, ⟨Jf⟩=1.3e-03, ⟨B·n⟩=8.2e-03, Len=sum([4.8, 4.9, 4.7])=14.3, ϰ=[5.2, 5.9, 4.9], ∫ϰ²/L>=[6.0, 7.4, 8.0], C-C-Sep=0.20, ║∇J║=1.4e-03
-----On 18/20 Initial Guess Perturbations
Iteration 1990/2000-----
J=1.3e-02, ⟨Jf⟩=1.3e-03, ⟨B·n⟩=8.2e-03, Len=sum([4.8, 4.9, 4.7])=14.3, ϰ=[5.2, 5.9, 4.9], ∫ϰ²/L>=[6.0, 7.4, 8.0], C-C-Sep=0.20, ║∇J║=1.4e-03
-----On 18/20 Initial Guess Perturbations
Iteration 1991/2000-----
J=1.3e-02, ⟨Jf⟩=1.3e-03, ⟨B·n⟩=8.2e-03, Len=sum([4.8, 4.9, 4.7])=14.3, ϰ=[5.2, 5.9, 4.9], ∫ϰ²/L>=[6.0, 7.4, 8.0], C-C-Sep=0.20, ║∇J║=1.3e-03
-----On 18/20 Initial Guess Perturbations
Iteration 1992/2000-----
J=1.3e-02, ⟨Jf⟩=1.3e-03, ⟨B·n⟩=8.2e-03, Len=sum([4.8, 4.9, 4.7])=14.3, ϰ=[5.2, 5.9, 4.9], ∫ϰ²/L>=[6.0, 7.4, 8.0], C-C-Sep=0.20, ║∇J║=1.3e-03
-----On 18/20 Initial Guess Perturbations
Iteration 1993/2000-----
J=1.3e-02, ⟨Jf⟩=1.3e-03, ⟨B·n⟩=8.2e-03, Len=sum([4.8, 4.9, 4.7])=14.3, ϰ=[5.2, 5.9, 4.9], ∫ϰ²/L>=[6.0, 7.4, 8.0], C-C-Sep=0.20, ║∇J║=1.4e-03
-----On 18/20 Initial Guess Perturbations
Iteration 1994/2000-----
J=1.3e-02, ⟨Jf⟩=1.3e-03, ⟨B·n⟩=8.2e-03, Len=sum([4.8, 4.9, 4.7])=14.3, ϰ=[5.2, 5.9, 4.9], ∫ϰ²/L>=[6.0, 7.4, 8.0], C-C-Sep=0.20, ║∇J║=1.5e-03
-----On 18/20 Initial Guess Perturbations
Iteration 1995/2000-----
J=1.3e-02, ⟨Jf⟩=1.3e-03, ⟨B·n⟩=8.2e-03, Len=sum([4.8, 4.9, 4.7])=14.3, ϰ=[5.1, 5.9, 4.9], ∫ϰ²/L>=[6.0, 7.4, 8.0], C-C-Sep=0.20, ║∇J║=1.6e-03
-----On 18/20 Initial Guess Perturbations
Iteration 1996/2000-----
J=1.3e-02, ⟨Jf⟩=1.3e-03, ⟨B·n⟩=8.2e-03, Len=sum([4.8, 4.9, 4.7])=14.3, ϰ=[5.2, 5.9, 4.8], ∫ϰ²/L>=[6.0, 7.4, 8.0], C-C-Sep=0.20, ║∇J║=1.4e-03
-----On 18/20 Initial Guess Perturbations
Iteration 1997/2000-----
J=1.3e-02, ⟨Jf⟩=1.3e-03, ⟨B·n⟩=8.2e-03, Len=sum([4.8, 4.9, 4.7])=14.3, ϰ=[5.2, 5.9, 4.9], ∫ϰ²/L>=[6.0, 7.4, 8.0], C-C-Sep=0.20, ║∇J║=1.4e-03
-----On 18/20 Initial Guess Perturbations
Iteration 1998/2000-----
J=1.3e-02, ⟨Jf⟩=1.3e-03, ⟨B·n⟩=8.2e-03, Len=sum([4.8, 4.9, 4.7])=14.3, ϰ=[5.2, 5.9, 4.9], ∫ϰ²/L>=[6.0, 7.4, 8.0], C-C-Sep=0.20, ║∇J║=1.2e-03
-----On 18/20 Initial Guess Perturbations
Iteration 1999/2000-----
J=1.3e-02, ⟨Jf⟩=1.3e-03, ⟨B·n⟩=8.2e-03, Len=sum([4.8, 4.9, 4.7])=14.3, ϰ=[5.2, 5.9, 4.9], ∫ϰ²/L>=[6.0, 7.4, 8.0], C-C-Sep=0.20, ║∇J║=1.4e-03
-----On 18/20 Initial Guess Perturbations
Iteration 2000/2000-----
J=1.3e-02, ⟨Jf⟩=1.3e-03, ⟨B·n⟩=8.2e-03, Len=sum([4.8, 4.9, 4.7])=14.3, ϰ=[5.2, 6.0, 4.9], ∫ϰ²/L>=[6.0, 7.4, 8.0], C-C-Sep=0.20, ║∇J║=1.6e-03
-----On 18/20 Initial Guess Perturbations
Iteration 2001/2000-----
J=1.3e-02, ⟨Jf⟩=1.3e-03, ⟨B·n⟩=8.2e-03, Len=sum([4.8, 4.9, 4.7])=14.3, ϰ=[5.2, 5.9, 4.9], ∫ϰ²/L>=[6.0, 7.4, 8.0], C-C-Sep=0.20, ║∇J║=1.3e-03
-----On 18/20 Initial Guess Perturbations
Iteration 2002/2000-----
J=1.3e-02, ⟨Jf⟩=1.3e-03, ⟨B·n⟩=8.2e-03, Len=sum([4.8, 4.9, 4.7])=14.3, ϰ=[5.2, 5.9, 4.9], ∫ϰ²/L>=[6.0, 7.4, 8.0], C-C-Sep=0.20, ║∇J║=1.5e-03
-----On 18/20 Initial Guess Perturbations
Iteration 2003/2000-----
J=1.3e-02, ⟨Jf⟩=1.3e-03, ⟨B·n⟩=8.2e-03, Len=sum([4.8, 4.9, 4.7])=14.3, ϰ=[5.2, 5.9, 4.9], ∫ϰ²/L>=[6.0, 7.4, 8.0], C-C-Sep=0.20, ║∇J║=1.4e-03
-----On 18/20 Initial Guess Perturbations
Iteration 2004/2000-----
J=1.3e-02, ⟨Jf⟩=1.3e-03, ⟨B·n⟩=8.2e-03, Len=sum([4.8, 4.9, 4.7])=14.3, ϰ=[5.2, 5.9, 4.9], ∫ϰ²/L>=[6.0, 7.4, 8.0], C-C-Sep=0.20, ║∇J║=1.4e-03
-----On 18/20 Initial Guess Perturbations
Iteration 2005/2000-----
J=1.3e-02, ⟨Jf⟩=1.3e-03, ⟨B·n⟩=8.2e-03, Len=sum([4.8, 4.9, 4.7])=14.3, ϰ=[5.2, 5.9, 4.9], ∫ϰ²/L>=[6.0, 7.4, 8.0], C-C-Sep=0.20, ║∇J║=1.3e-03
-----On 18/20 Initial Guess Perturbations
Iteration 2006/2000-----
J=1.3e-02, ⟨Jf⟩=1.3e-03, ⟨B·n⟩=8.2e-03, Len=sum([4.8, 4.9, 4.7])=14.3, ϰ=[5.3, 5.9, 4.9], ∫ϰ²/L>=[6.0, 7.4, 8.0], C-C-Sep=0.20, ║∇J║=1.4e-03
-----On 18/20 Initial Guess Perturbations
Iteration 2007/2000-----
J=1.3e-02, ⟨Jf⟩=1.3e-03, ⟨B·n⟩=8.2e-03, Len=sum([4.8, 4.9, 4.7])=14.3, ϰ=[5.3, 5.9, 4.9], ∫ϰ²/L>=[6.0, 7.4, 8.0], C-C-Sep=0.20, ║∇J║=1.4e-03
-----On 18/20 Initial Guess Perturbations
Iteration 2008/2000-----
J=1.3e-02, ⟨Jf⟩=1.3e-03, ⟨B·n⟩=8.2e-03, Len=sum([4.8, 4.9, 4.7])=14.3, ϰ=[5.3, 5.9, 4.9], ∫ϰ²/L>=[6.1, 7.4, 8.0], C-C-Sep=0.20, ║∇J║=1.7e-03
-----On 18/20 Initial Guess Perturbations
Iteration 2009/2000-----
J=1.3e-02, ⟨Jf⟩=1.3e-03, ⟨B·n⟩=8.2e-03, Len=sum([4.8, 4.9, 4.7])=14.3, ϰ=[5.3, 5.9, 4.9], ∫ϰ²/L>=[6.1, 7.4, 8.0], C-C-Sep=0.20, ║∇J║=1.5e-03
-----On 18/20 Initial Guess Perturbations
Iteration 2010/2000-----
J=1.3e-02, ⟨Jf⟩=1.3e-03, ⟨B·n⟩=8.2e-03, Len=sum([4.8, 4.9, 4.7])=14.3, ϰ=[5.3, 5.9, 4.9], ∫ϰ²/L>=[6.1, 7.4, 8.0], C-C-Sep=0.20, ║∇J║=1.2e-03
-----On 18/20 Initial Guess Perturbations
Iteration 2011/2000-----
J=1.3e-02, ⟨Jf⟩=1.3e-03, ⟨B·n⟩=8.2e-03, Len=sum([4.8, 4.9, 4.7])=14.3, ϰ=[5.3, 5.9, 4.9], ∫ϰ²/L>=[6.1, 7.4, 8.0], C-C-Sep=0.20, ║∇J║=1.1e-03
-----On 18/20 Initial Guess Perturbations
Iteration 2012/2000-----
J=1.3e-02, ⟨Jf⟩=1.3e-03, ⟨B·n⟩=8.2e-03, Len=sum([4.8, 4.9, 4.7])=14.3, ϰ=[5.3, 5.9, 4.9], ∫ϰ²/L>=[6.1, 7.4, 8.0], C-C-Sep=0.20, ║∇J║=1.2e-03
-----On 18/20 Initial Guess Perturbations
Iteration 2013/2000-----
J=1.3e-02, ⟨Jf⟩=1.3e-03, ⟨B·n⟩=8.2e-03, Len=sum([4.8, 4.9, 4.7])=14.3, ϰ=[5.3, 5.9, 4.9], ∫ϰ²/L>=[6.1, 7.4, 8.0], C-C-Sep=0.20, ║∇J║=1.3e-03
-----On 18/20 Initial Guess Perturbations
Iteration 2014/2000-----
J=1.3e-02, ⟨Jf⟩=1.3e-03, ⟨B·n⟩=8.2e-03, Len=sum([4.8, 4.9, 4.7])=14.3, ϰ=[5.3, 5.9, 4.9], ∫ϰ²/L>=[6.1, 7.4, 8.0], C-C-Sep=0.20, ║∇J║=1.2e-03
-----On 18/20 Initial Guess Perturbations
Iteration 2015/2000-----
J=1.3e-02, ⟨Jf⟩=1.3e-03, ⟨B·n⟩=8.2e-03, Len=sum([4.8, 4.9, 4.7])=14.3, ϰ=[5.3, 5.9, 4.9], ∫ϰ²/L>=[6.1, 7.4, 8.0], C-C-Sep=0.20, ║∇J║=1.2e-03
-----On 18/20 Initial Guess Perturbations
Iteration 2016/2000-----
J=1.3e-02, ⟨Jf⟩=1.3e-03, ⟨B·n⟩=8.2e-03, Len=sum([4.8, 4.9, 4.7])=14.3, ϰ=[5.3, 5.9, 4.9], ∫ϰ²/L>=[6.1, 7.4, 8.0], C-C-Sep=0.20, ║∇J║=1.0e-03
-----On 18/20 Initial Guess Perturbations
Iteration 2017/2000-----
J=1.3e-02, ⟨Jf⟩=1.3e-03, ⟨B·n⟩=8.2e-03, Len=sum([4.8, 4.9, 4.7])=14.3, ϰ=[5.3, 5.9, 4.9], ∫ϰ²/L>=[6.1, 7.4, 8.0], C-C-Sep=0.20, ║∇J║=1.2e-03
-----On 18/20 Initial Guess Perturbations
Iteration 2018/2000-----
J=1.3e-02, ⟨Jf⟩=1.3e-03, ⟨B·n⟩=8.2e-03, Len=sum([4.8, 4.9, 4.7])=14.3, ϰ=[5.3, 5.9, 4.9], ∫ϰ²/L>=[6.1, 7.4, 8.0], C-C-Sep=0.20, ║∇J║=1.2e-03
-----On 18/20 Initial Guess Perturbations
Iteration 2019/2000-----
J=1.3e-02, ⟨Jf⟩=1.3e-03, ⟨B·n⟩=8.2e-03, Len=sum([4.8, 4.9, 4.7])=14.3, ϰ=[5.3, 5.9, 4.9], ∫ϰ²/L>=[6.1, 7.4, 8.0], C-C-Sep=0.20, ║∇J║=1.1e-03
-----On 18/20 Initial Guess Perturbations
Iteration 2020/2000-----
J=1.3e-02, ⟨Jf⟩=1.3e-03, ⟨B·n⟩=8.2e-03, Len=sum([4.8, 4.9, 4.7])=14.3, ϰ=[5.3, 5.9, 4.9], ∫ϰ²/L>=[6.1, 7.4, 8.0], C-C-Sep=0.20, ║∇J║=1.1e-03
-----On 18/20 Initial Guess Perturbations
--------------------------------JF.x shape after opt: (443,)
Final arclength variation max(|ℓ|)/min(|ℓ|) - 1=[5.04e-03, 5.89e-03, 6.78e-03]

################################################################################
### Evaluate the obtained coils ################################################
################################################################################

Finished 100/1000 Out-of-Sample Evaluations
Finished 200/1000 Out-of-Sample Evaluations
Finished 300/1000 Out-of-Sample Evaluations
Finished 400/1000 Out-of-Sample Evaluations
Finished 500/1000 Out-of-Sample Evaluations
Finished 600/1000 Out-of-Sample Evaluations
Finished 700/1000 Out-of-Sample Evaluations
Finished 800/1000 Out-of-Sample Evaluations
Finished 900/1000 Out-of-Sample Evaluations
Finished 1000/1000 Out-of-Sample Evaluations
Mean Flux Objective across perturbed coils: 1.282e-03
Flux Objective for exact coils coils      : 1.070e-03
Out-of-sample flux value                  : 1.359e-03
Objective Gradient (||∇J||)              : 1.148e-03
Total time taken: 884.53 seconds
