Running initial guess perturbation 18
Coil 0: RMS error: 0.000001, Relative: 0.000000
Max point error: 0.000004, Min point error: 0.000000
Coil 1: RMS error: 0.000001, Relative: 0.000000
Max point error: 0.000004, Min point error: 0.000000
Coil 2: RMS error: 0.000001, Relative: 0.000000
Max point error: 0.000005, Min point error: 0.000000
Overall fit errors: [5.864451834618516e-07, 5.263762542796908e-07, 7.329368055955973e-07]
Mean fit error: 0.000001

################################################################################
### Perform a Taylor test ######################################################
################################################################################

Iteration 1/1000-----
J=6.4e-01, Jf=2.1e-01, ⟨B·n⟩=6.5e-02, Len=sum([5.6, 5.6, 5.0])=16.3, ϰ=[5.0, 6.8, 50.9], ∫ϰ²/L=[2.9, 2.9, 19.0], C-C-Sep=0.01, ║∇J║=4.0e+02
-----On 19/20 Initial Guess Perturbations
Iteration 2/1000-----
J=5.9e-01, Jf=1.5e-01, ⟨B·n⟩=6.3e-02, Len=sum([5.6, 5.6, 5.1])=16.3, ϰ=[14.2, 8.4, 78.4], ∫ϰ²/L=[5.7, 4.8, 25.9], C-C-Sep=0.01, ║∇J║=1.6e+02
-----On 19/20 Initial Guess Perturbations
Iteration 3/1000-----
J=7.7e-01, Jf=3.4e-01, ⟨B·n⟩=6.7e-02, Len=sum([5.7, 5.6, 5.1])=16.3, ϰ=[11.8, 7.1, 46.3], ∫ϰ²/L=[4.9, 4.5, 22.6], C-C-Sep=0.01, ║∇J║=1.1e+03
-----On 19/20 Initial Guess Perturbations
err -2.5965463454577957
Iteration 4/1000-----
J=6.4e-01, Jf=2.0e-01, ⟨B·n⟩=6.4e-02, Len=sum([5.6, 5.6, 5.0])=16.3, ϰ=[5.2, 6.9, 52.5], ∫ϰ²/L=[2.9, 2.9, 19.2], C-C-Sep=0.01, ║∇J║=3.6e+02
-----On 19/20 Initial Guess Perturbations
Iteration 5/1000-----
J=6.5e-01, Jf=2.2e-01, ⟨B·n⟩=6.5e-02, Len=sum([5.6, 5.6, 5.0])=16.3, ϰ=[4.9, 6.7, 49.4], ∫ϰ²/L=[3.0, 2.9, 19.0], C-C-Sep=0.01, ║∇J║=4.4e+02
-----On 19/20 Initial Guess Perturbations
err -0.05110794624656023
Iteration 6/1000-----
J=6.4e-01, Jf=2.1e-01, ⟨B·n⟩=6.5e-02, Len=sum([5.6, 5.6, 5.0])=16.3, ϰ=[5.0, 6.8, 51.1], ∫ϰ²/L=[2.9, 2.9, 19.0], C-C-Sep=0.01, ║∇J║=4.0e+02
-----On 19/20 Initial Guess Perturbations
Iteration 7/1000-----
J=6.5e-01, Jf=2.1e-01, ⟨B·n⟩=6.5e-02, Len=sum([5.6, 5.6, 5.0])=16.3, ϰ=[5.0, 6.8, 50.7], ∫ϰ²/L=[2.9, 2.9, 19.0], C-C-Sep=0.01, ║∇J║=4.1e+02
-----On 19/20 Initial Guess Perturbations
err -0.0005132414169679578
Iteration 8/1000-----
J=6.4e-01, Jf=2.1e-01, ⟨B·n⟩=6.5e-02, Len=sum([5.6, 5.6, 5.0])=16.3, ϰ=[5.0, 6.8, 50.9], ∫ϰ²/L=[2.9, 2.9, 19.0], C-C-Sep=0.01, ║∇J║=4.0e+02
-----On 19/20 Initial Guess Perturbations
Iteration 9/1000-----
J=6.4e-01, Jf=2.1e-01, ⟨B·n⟩=6.5e-02, Len=sum([5.6, 5.6, 5.0])=16.3, ϰ=[5.0, 6.8, 50.9], ∫ϰ²/L=[2.9, 2.9, 19.0], C-C-Sep=0.01, ║∇J║=4.0e+02
-----On 19/20 Initial Guess Perturbations
err -5.129791972535713e-06
Iteration 10/1000-----
J=6.4e-01, Jf=2.1e-01, ⟨B·n⟩=6.5e-02, Len=sum([5.6, 5.6, 5.0])=16.3, ϰ=[5.0, 6.8, 50.9], ∫ϰ²/L=[2.9, 2.9, 19.0], C-C-Sep=0.01, ║∇J║=4.0e+02
-----On 19/20 Initial Guess Perturbations
Iteration 11/1000-----
J=6.4e-01, Jf=2.1e-01, ⟨B·n⟩=6.5e-02, Len=sum([5.6, 5.6, 5.0])=16.3, ϰ=[5.0, 6.8, 50.9], ∫ϰ²/L=[2.9, 2.9, 19.0], C-C-Sep=0.01, ║∇J║=4.0e+02
-----On 19/20 Initial Guess Perturbations
err -1.0447847387240472e-07

################################################################################
### Run the optimisation #######################################################
################################################################################

Iteration 1/1000-----
J=6.4e-01, Jf=2.1e-01, ⟨B·n⟩=6.5e-02, Len=sum([5.6, 5.6, 5.0])=16.3, ϰ=[5.0, 6.8, 50.9], ∫ϰ²/L=[2.9, 2.9, 19.0], C-C-Sep=0.01, ║∇J║=4.0e+02
-----On 19/20 Initial Guess Perturbations
Iteration 2/1000-----
J=3.0e+02, Jf=7.6e-02, ⟨B·n⟩=5.9e-02, Len=sum([5.7, 5.6, 32.1])=43.4, ϰ=[5.0, 6.5, 18425.2], ∫ϰ²/L=[4.1, 3.7, 23264.6], C-C-Sep=0.04, ║∇J║=1.1e+06
-----On 19/20 Initial Guess Perturbations
Iteration 3/1000-----
J=7.0e+00, Jf=5.3e-02, ⟨B·n⟩=5.4e-02, Len=sum([5.7, 5.6, 15.9])=27.2, ϰ=[5.0, 6.6, 591.5], ∫ϰ²/L=[3.2, 3.1, 728.6], C-C-Sep=0.03, ║∇J║=9.7e+01
-----On 19/20 Initial Guess Perturbations
Iteration 4/1000-----
J=1.4e+00, Jf=5.6e-02, ⟨B·n⟩=5.6e-02, Len=sum([5.6, 5.6, 7.6])=18.8, ϰ=[5.0, 6.7, 1414.2], ∫ϰ²/L=[3.0, 2.9, 839.3], C-C-Sep=0.02, ║∇J║=8.2e+02
-----On 19/20 Initial Guess Perturbations
Iteration 5/1000-----
J=5.4e-01, Jf=5.8e-02, ⟨B·n⟩=5.7e-02, Len=sum([5.6, 5.6, 5.5])=16.8, ϰ=[5.0, 6.8, 315.8], ∫ϰ²/L=[2.9, 2.9, 177.4], C-C-Sep=0.01, ║∇J║=1.9e+01
-----On 19/20 Initial Guess Perturbations
Iteration 6/1000-----
J=5.2e-01, Jf=5.8e-02, ⟨B·n⟩=5.7e-02, Len=sum([5.6, 5.6, 5.5])=16.7, ϰ=[5.0, 6.7, 92.8], ∫ϰ²/L=[2.9, 2.9, 117.4], C-C-Sep=0.02, ║∇J║=1.1e+01
-----On 19/20 Initial Guess Perturbations
Iteration 7/1000-----
J=4.8e-01, Jf=5.7e-02, ⟨B·n⟩=5.7e-02, Len=sum([5.6, 5.6, 5.5])=16.7, ϰ=[5.0, 6.7, 78.0], ∫ϰ²/L=[3.0, 2.9, 101.8], C-C-Sep=0.02, ║∇J║=1.1e+01
-----On 19/20 Initial Guess Perturbations
Iteration 8/1000-----
J=3.6e-01, Jf=5.6e-02, ⟨B·n⟩=5.6e-02, Len=sum([5.7, 5.6, 5.5])=16.7, ϰ=[5.0, 6.4, 98.6], ∫ϰ²/L=[3.5, 3.3, 103.0], C-C-Sep=0.04, ║∇J║=9.2e+00
-----On 19/20 Initial Guess Perturbations
Iteration 9/1000-----
J=2.2e-01, Jf=5.5e-02, ⟨B·n⟩=5.4e-02, Len=sum([5.9, 5.7, 5.8])=17.4, ϰ=[13.0, 9.3, 111.9], ∫ϰ²/L=[10.8, 7.4, 115.4], C-C-Sep=0.09, ║∇J║=7.5e+00
-----On 19/20 Initial Guess Perturbations
Iteration 10/1000-----
J=1.5e-01, Jf=5.4e-02, ⟨B·n⟩=5.4e-02, Len=sum([5.8, 5.7, 5.7])=17.3, ϰ=[7.4, 9.9, 68.0], ∫ϰ²/L=[8.6, 8.0, 89.2], C-C-Sep=0.17, ║∇J║=2.0e+00
-----On 19/20 Initial Guess Perturbations
Iteration 11/1000-----
J=1.4e-01, Jf=5.4e-02, ⟨B·n⟩=5.4e-02, Len=sum([5.8, 5.7, 5.7])=17.3, ϰ=[7.8, 9.8, 50.4], ∫ϰ²/L=[7.6, 7.9, 80.2], C-C-Sep=0.18, ║∇J║=1.6e+00
-----On 19/20 Initial Guess Perturbations
Iteration 12/1000-----
J=1.2e-01, Jf=5.3e-02, ⟨B·n⟩=5.3e-02, Len=sum([5.7, 5.7, 5.7])=17.2, ϰ=[10.4, 9.5, 30.9], ∫ϰ²/L=[8.5, 8.5, 67.5], C-C-Sep=0.17, ║∇J║=1.3e+00
-----On 19/20 Initial Guess Perturbations
Iteration 13/1000-----
J=1.1e-01, Jf=5.2e-02, ⟨B·n⟩=5.3e-02, Len=sum([5.8, 5.8, 5.8])=17.4, ϰ=[15.1, 13.6, 33.5], ∫ϰ²/L=[18.2, 12.2, 65.0], C-C-Sep=0.18, ║∇J║=1.7e+00
-----On 19/20 Initial Guess Perturbations
Iteration 14/1000-----
J=1.0e-01, Jf=5.1e-02, ⟨B·n⟩=5.2e-02, Len=sum([5.9, 5.9, 6.0])=17.8, ϰ=[19.7, 15.0, 29.2], ∫ϰ²/L=[30.2, 14.8, 65.6], C-C-Sep=0.17, ║∇J║=2.4e+00
-----On 19/20 Initial Guess Perturbations
Iteration 15/1000-----
J=9.9e-02, Jf=5.1e-02, ⟨B·n⟩=5.2e-02, Len=sum([6.0, 5.9, 6.1])=18.0, ϰ=[22.2, 14.7, 27.8], ∫ϰ²/L=[37.5, 15.9, 68.2], C-C-Sep=0.18, ║∇J║=1.9e+00
-----On 19/20 Initial Guess Perturbations
Iteration 16/1000-----
J=9.3e-02, Jf=4.9e-02, ⟨B·n⟩=5.1e-02, Len=sum([5.9, 5.9, 6.1])=17.9, ϰ=[20.6, 14.1, 24.3], ∫ϰ²/L=[35.9, 15.2, 63.3], C-C-Sep=0.19, ║∇J║=8.6e-01
-----On 19/20 Initial Guess Perturbations
Iteration 17/1000-----
J=8.9e-02, Jf=4.9e-02, ⟨B·n⟩=5.1e-02, Len=sum([5.9, 5.9, 6.0])=17.9, ϰ=[20.3, 13.5, 24.0], ∫ϰ²/L=[36.3, 15.0, 60.8], C-C-Sep=0.20, ║∇J║=5.8e-01
-----On 19/20 Initial Guess Perturbations
Iteration 18/1000-----
J=8.5e-02, Jf=4.8e-02, ⟨B·n⟩=5.1e-02, Len=sum([6.0, 5.9, 6.0])=17.9, ϰ=[21.3, 11.8, 24.0], ∫ϰ²/L=[40.2, 15.1, 59.4], C-C-Sep=0.19, ║∇J║=6.0e-01
-----On 19/20 Initial Guess Perturbations
Iteration 19/1000-----
J=7.9e-02, Jf=4.7e-02, ⟨B·n⟩=5.0e-02, Len=sum([6.1, 6.0, 6.1])=18.1, ϰ=[20.7, 11.9, 23.9], ∫ϰ²/L=[47.8, 15.9, 58.2], C-C-Sep=0.19, ║∇J║=7.1e-01
-----On 19/20 Initial Guess Perturbations
Iteration 20/1000-----
J=7.4e-02, Jf=4.3e-02, ⟨B·n⟩=4.8e-02, Len=sum([6.4, 6.0, 6.2])=18.6, ϰ=[21.2, 12.4, 22.2], ∫ϰ²/L=[58.7, 16.5, 61.2], C-C-Sep=0.18, ║∇J║=1.1e+00
-----On 19/20 Initial Guess Perturbations
Iteration 21/1000-----
J=6.9e-02, Jf=4.3e-02, ⟨B·n⟩=4.8e-02, Len=sum([6.4, 6.0, 6.2])=18.6, ϰ=[19.4, 12.0, 24.7], ∫ϰ²/L=[56.0, 15.6, 59.9], C-C-Sep=0.19, ║∇J║=1.0e+00
-----On 19/20 Initial Guess Perturbations
Iteration 22/1000-----
J=6.8e-02, Jf=4.1e-02, ⟨B·n⟩=4.7e-02, Len=sum([6.4, 6.0, 6.3])=18.8, ϰ=[18.0, 11.4, 21.8], ∫ϰ²/L=[53.0, 15.2, 59.4], C-C-Sep=0.18, ║∇J║=7.7e-01
-----On 19/20 Initial Guess Perturbations
Iteration 23/1000-----
J=6.5e-02, Jf=4.1e-02, ⟨B·n⟩=4.7e-02, Len=sum([6.3, 6.0, 6.3])=18.6, ϰ=[16.2, 10.6, 19.0], ∫ϰ²/L=[45.9, 13.8, 55.8], C-C-Sep=0.19, ║∇J║=4.4e-01
-----On 19/20 Initial Guess Perturbations
Iteration 24/1000-----
J=6.3e-02, Jf=4.1e-02, ⟨B·n⟩=4.6e-02, Len=sum([6.3, 6.0, 6.3])=18.6, ϰ=[15.4, 10.4, 18.5], ∫ϰ²/L=[44.1, 13.6, 54.8], C-C-Sep=0.19, ║∇J║=3.8e-01
-----On 19/20 Initial Guess Perturbations
Iteration 25/1000-----
J=6.0e-02, Jf=3.9e-02, ⟨B·n⟩=4.5e-02, Len=sum([6.4, 6.0, 6.4])=18.7, ϰ=[14.8, 11.0, 18.7], ∫ϰ²/L=[42.4, 14.0, 52.8], C-C-Sep=0.19, ║∇J║=4.7e-01
-----On 19/20 Initial Guess Perturbations
Iteration 26/1000-----
J=5.7e-02, Jf=3.6e-02, ⟨B·n⟩=4.4e-02, Len=sum([6.5, 6.0, 6.5])=18.9, ϰ=[14.6, 11.6, 17.3], ∫ϰ²/L=[42.4, 15.2, 51.2], C-C-Sep=0.19, ║∇J║=5.9e-01
-----On 19/20 Initial Guess Perturbations
Iteration 27/1000-----
J=5.5e-02, Jf=3.5e-02, ⟨B·n⟩=4.3e-02, Len=sum([6.6, 6.0, 6.5])=19.1, ϰ=[15.0, 12.2, 16.5], ∫ϰ²/L=[41.8, 16.1, 50.9], C-C-Sep=0.19, ║∇J║=3.8e-01
-----On 19/20 Initial Guess Perturbations
Iteration 28/1000-----
J=5.3e-02, Jf=3.3e-02, ⟨B·n⟩=4.2e-02, Len=sum([6.6, 6.0, 6.6])=19.2, ϰ=[14.0, 11.6, 15.8], ∫ϰ²/L=[38.8, 15.9, 50.0], C-C-Sep=0.19, ║∇J║=3.9e-01
-----On 19/20 Initial Guess Perturbations
Iteration 29/1000-----
J=5.1e-02, Jf=3.2e-02, ⟨B·n⟩=4.1e-02, Len=sum([6.6, 6.0, 6.7])=19.2, ϰ=[14.2, 10.6, 17.1], ∫ϰ²/L=[35.2, 15.1, 48.7], C-C-Sep=0.19, ║∇J║=4.8e-01
-----On 19/20 Initial Guess Perturbations
Iteration 30/1000-----
J=5.0e-02, Jf=3.1e-02, ⟨B·n⟩=4.0e-02, Len=sum([6.6, 6.0, 6.7])=19.3, ϰ=[13.9, 11.5, 18.1], ∫ϰ²/L=[34.0, 14.6, 47.8], C-C-Sep=0.18, ║∇J║=4.9e-01
-----On 19/20 Initial Guess Perturbations
Iteration 31/1000-----
J=4.9e-02, Jf=3.0e-02, ⟨B·n⟩=4.0e-02, Len=sum([6.5, 5.9, 6.7])=19.1, ϰ=[13.4, 13.2, 18.6], ∫ϰ²/L=[31.8, 13.3, 46.5], C-C-Sep=0.19, ║∇J║=3.9e-01
-----On 19/20 Initial Guess Perturbations
Iteration 32/1000-----
J=4.7e-02, Jf=2.9e-02, ⟨B·n⟩=3.9e-02, Len=sum([6.6, 6.0, 6.8])=19.4, ϰ=[13.9, 14.2, 16.2], ∫ϰ²/L=[32.4, 14.0, 45.9], C-C-Sep=0.19, ║∇J║=4.1e-01
-----On 19/20 Initial Guess Perturbations
Iteration 33/1000-----
J=4.6e-02, Jf=2.7e-02, ⟨B·n⟩=3.7e-02, Len=sum([6.8, 6.0, 7.0])=19.7, ϰ=[13.4, 13.9, 14.7], ∫ϰ²/L=[33.2, 15.4, 45.6], C-C-Sep=0.18, ║∇J║=9.3e-01
-----On 19/20 Initial Guess Perturbations
Iteration 34/1000-----
J=4.5e-02, Jf=2.5e-02, ⟨B·n⟩=3.6e-02, Len=sum([6.8, 6.0, 7.1])=19.9, ϰ=[12.7, 13.3, 14.2], ∫ϰ²/L=[34.2, 16.5, 46.7], C-C-Sep=0.18, ║∇J║=4.4e-01
-----On 19/20 Initial Guess Perturbations
Iteration 35/1000-----
J=4.4e-02, Jf=2.5e-02, ⟨B·n⟩=3.6e-02, Len=sum([6.8, 6.0, 7.1])=19.8, ϰ=[12.2, 13.2, 14.2], ∫ϰ²/L=[33.0, 15.9, 46.1], C-C-Sep=0.18, ║∇J║=3.3e-01
-----On 19/20 Initial Guess Perturbations
Iteration 36/1000-----
J=4.3e-02, Jf=2.4e-02, ⟨B·n⟩=3.5e-02, Len=sum([6.8, 6.0, 7.2])=20.0, ϰ=[10.9, 14.1, 15.4], ∫ϰ²/L=[32.5, 15.9, 46.2], C-C-Sep=0.19, ║∇J║=2.7e-01
-----On 19/20 Initial Guess Perturbations
Iteration 37/1000-----
J=4.1e-02, Jf=2.1e-02, ⟨B·n⟩=3.3e-02, Len=sum([7.0, 6.0, 7.4])=20.4, ϰ=[11.7, 13.4, 17.0], ∫ϰ²/L=[33.2, 16.8, 46.4], C-C-Sep=0.20, ║∇J║=3.2e-01
-----On 19/20 Initial Guess Perturbations
Iteration 38/1000-----
J=3.9e-02, Jf=1.8e-02, ⟨B·n⟩=3.1e-02, Len=sum([7.2, 6.1, 7.7])=21.0, ϰ=[12.3, 13.3, 15.3], ∫ϰ²/L=[34.5, 17.7, 45.9], C-C-Sep=0.20, ║∇J║=5.6e-01
-----On 19/20 Initial Guess Perturbations
Iteration 39/1000-----
J=3.7e-02, Jf=1.7e-02, ⟨B·n⟩=3.0e-02, Len=sum([7.2, 6.1, 7.9])=21.2, ϰ=[12.2, 13.3, 14.3], ∫ϰ²/L=[33.7, 17.6, 45.3], C-C-Sep=0.19, ║∇J║=3.1e-01
-----On 19/20 Initial Guess Perturbations
Iteration 40/1000-----
J=3.6e-02, Jf=1.6e-02, ⟨B·n⟩=2.9e-02, Len=sum([7.3, 6.1, 8.0])=21.4, ϰ=[11.5, 13.5, 14.1], ∫ϰ²/L=[32.7, 18.0, 44.8], C-C-Sep=0.18, ║∇J║=3.0e-01
-----On 19/20 Initial Guess Perturbations
Iteration 41/1000-----
J=3.6e-02, Jf=1.6e-02, ⟨B·n⟩=2.9e-02, Len=sum([7.2, 6.1, 7.9])=21.2, ϰ=[10.6, 13.4, 14.0], ∫ϰ²/L=[29.4, 16.7, 44.3], C-C-Sep=0.19, ║∇J║=3.1e-01
-----On 19/20 Initial Guess Perturbations
Iteration 42/1000-----
J=3.5e-02, Jf=1.5e-02, ⟨B·n⟩=2.8e-02, Len=sum([7.3, 6.1, 8.2])=21.7, ϰ=[11.3, 13.4, 13.1], ∫ϰ²/L=[28.9, 18.2, 43.4], C-C-Sep=0.18, ║∇J║=6.8e-01
-----On 19/20 Initial Guess Perturbations
Iteration 43/1000-----
J=3.4e-02, Jf=1.4e-02, ⟨B·n⟩=2.7e-02, Len=sum([7.3, 6.1, 8.2])=21.7, ϰ=[11.3, 13.2, 13.1], ∫ϰ²/L=[27.6, 17.7, 43.1], C-C-Sep=0.19, ║∇J║=2.7e-01
-----On 19/20 Initial Guess Perturbations
Iteration 44/1000-----
J=3.4e-02, Jf=1.4e-02, ⟨B·n⟩=2.7e-02, Len=sum([7.3, 6.1, 8.2])=21.6, ϰ=[10.8, 13.1, 13.1], ∫ϰ²/L=[27.3, 17.5, 42.8], C-C-Sep=0.19, ║∇J║=2.2e-01
-----On 19/20 Initial Guess Perturbations
Iteration 45/1000-----
J=3.3e-02, Jf=1.3e-02, ⟨B·n⟩=2.6e-02, Len=sum([7.4, 6.1, 8.3])=21.8, ϰ=[10.9, 12.8, 12.4], ∫ϰ²/L=[26.1, 17.8, 41.6], C-C-Sep=0.19, ║∇J║=2.6e-01
-----On 19/20 Initial Guess Perturbations
Iteration 46/1000-----
J=3.2e-02, Jf=1.2e-02, ⟨B·n⟩=2.5e-02, Len=sum([7.3, 6.1, 8.4])=21.8, ϰ=[10.2, 12.2, 11.3], ∫ϰ²/L=[23.2, 17.4, 40.7], C-C-Sep=0.19, ║∇J║=3.2e-01
-----On 19/20 Initial Guess Perturbations
Iteration 47/1000-----
J=3.1e-02, Jf=1.2e-02, ⟨B·n⟩=2.5e-02, Len=sum([7.3, 6.2, 8.4])=21.9, ϰ=[9.6, 11.7, 11.0], ∫ϰ²/L=[22.0, 17.1, 39.9], C-C-Sep=0.19, ║∇J║=2.4e-01
-----On 19/20 Initial Guess Perturbations
Iteration 48/1000-----
J=3.1e-02, Jf=1.2e-02, ⟨B·n⟩=2.4e-02, Len=sum([7.4, 6.2, 8.4])=22.0, ϰ=[9.4, 11.9, 11.1], ∫ϰ²/L=[21.1, 17.1, 39.4], C-C-Sep=0.19, ║∇J║=2.0e-01
-----On 19/20 Initial Guess Perturbations
Iteration 49/1000-----
J=3.0e-02, Jf=1.1e-02, ⟨B·n⟩=2.4e-02, Len=sum([7.4, 6.2, 8.5])=22.0, ϰ=[8.5, 11.4, 11.2], ∫ϰ²/L=[19.5, 16.4, 38.5], C-C-Sep=0.20, ║∇J║=2.1e-01
-----On 19/20 Initial Guess Perturbations
Iteration 50/1000-----
J=2.9e-02, Jf=9.7e-03, ⟨B·n⟩=2.2e-02, Len=sum([7.5, 6.2, 8.6])=22.2, ϰ=[7.9, 11.3, 11.6], ∫ϰ²/L=[19.2, 16.6, 37.5], C-C-Sep=0.19, ║∇J║=3.5e-01
-----On 19/20 Initial Guess Perturbations
Iteration 51/1000-----
J=2.9e-02, Jf=9.4e-03, ⟨B·n⟩=2.2e-02, Len=sum([7.4, 6.2, 8.5])=22.1, ϰ=[8.1, 10.6, 11.6], ∫ϰ²/L=[18.8, 15.7, 37.5], C-C-Sep=0.19, ║∇J║=2.0e-01
-----On 19/20 Initial Guess Perturbations
Iteration 52/1000-----
J=2.8e-02, Jf=9.0e-03, ⟨B·n⟩=2.1e-02, Len=sum([7.5, 6.2, 8.5])=22.2, ϰ=[7.9, 10.4, 11.5], ∫ϰ²/L=[18.4, 15.3, 37.0], C-C-Sep=0.19, ║∇J║=1.8e-01
-----On 19/20 Initial Guess Perturbations
Iteration 53/1000-----
J=2.8e-02, Jf=8.6e-03, ⟨B·n⟩=2.0e-02, Len=sum([7.5, 6.2, 8.5])=22.1, ϰ=[7.9, 10.2, 11.3], ∫ϰ²/L=[17.8, 14.9, 36.7], C-C-Sep=0.19, ║∇J║=1.8e-01
-----On 19/20 Initial Guess Perturbations
Iteration 54/1000-----
J=2.7e-02, Jf=7.8e-03, ⟨B·n⟩=1.9e-02, Len=sum([7.5, 6.2, 8.5])=22.2, ϰ=[8.4, 9.4, 11.0], ∫ϰ²/L=[17.3, 14.7, 36.0], C-C-Sep=0.19, ║∇J║=2.5e-01
-----On 19/20 Initial Guess Perturbations
Iteration 55/1000-----
J=2.6e-02, Jf=7.4e-03, ⟨B·n⟩=1.9e-02, Len=sum([7.5, 6.2, 8.4])=22.1, ϰ=[8.2, 9.2, 10.6], ∫ϰ²/L=[16.7, 13.8, 35.3], C-C-Sep=0.19, ║∇J║=2.1e-01
-----On 19/20 Initial Guess Perturbations
Iteration 56/1000-----
J=2.6e-02, Jf=7.3e-03, ⟨B·n⟩=1.9e-02, Len=sum([7.5, 6.2, 8.4])=22.1, ϰ=[8.0, 9.2, 10.8], ∫ϰ²/L=[15.8, 13.0, 34.6], C-C-Sep=0.19, ║∇J║=1.6e-01
-----On 19/20 Initial Guess Perturbations
Iteration 57/1000-----
J=2.6e-02, Jf=6.7e-03, ⟨B·n⟩=1.8e-02, Len=sum([7.6, 6.2, 8.4])=22.2, ϰ=[8.1, 9.1, 10.8], ∫ϰ²/L=[15.9, 12.9, 33.9], C-C-Sep=0.18, ║∇J║=6.1e-01
-----On 19/20 Initial Guess Perturbations
Iteration 58/1000-----
J=2.6e-02, Jf=7.0e-03, ⟨B·n⟩=1.8e-02, Len=sum([7.5, 6.2, 8.4])=22.1, ϰ=[8.0, 9.2, 10.6], ∫ϰ²/L=[15.8, 12.9, 34.3], C-C-Sep=0.19, ║∇J║=2.1e-01
-----On 19/20 Initial Guess Perturbations
Iteration 59/1000-----
J=2.6e-02, Jf=6.9e-03, ⟨B·n⟩=1.8e-02, Len=sum([7.5, 6.2, 8.2])=21.9, ϰ=[8.0, 9.6, 11.7], ∫ϰ²/L=[14.9, 12.2, 33.6], C-C-Sep=0.19, ║∇J║=3.4e-01
-----On 19/20 Initial Guess Perturbations
Iteration 60/1000-----
J=2.5e-02, Jf=6.9e-03, ⟨B·n⟩=1.8e-02, Len=sum([7.5, 6.2, 8.3])=22.0, ϰ=[8.0, 9.4, 11.0], ∫ϰ²/L=[15.3, 12.4, 33.8], C-C-Sep=0.19, ║∇J║=1.8e-01
-----On 19/20 Initial Guess Perturbations
Iteration 61/1000-----
J=2.5e-02, Jf=6.6e-03, ⟨B·n⟩=1.8e-02, Len=sum([7.5, 6.2, 8.3])=22.0, ϰ=[8.0, 9.3, 11.2], ∫ϰ²/L=[15.2, 12.2, 33.4], C-C-Sep=0.19, ║∇J║=1.6e-01
-----On 19/20 Initial Guess Perturbations
Iteration 62/1000-----
J=2.5e-02, Jf=6.2e-03, ⟨B·n⟩=1.7e-02, Len=sum([7.6, 6.2, 8.2])=22.0, ϰ=[8.3, 9.2, 11.5], ∫ϰ²/L=[15.5, 12.0, 33.1], C-C-Sep=0.19, ║∇J║=5.8e-01
-----On 19/20 Initial Guess Perturbations
Iteration 63/1000-----
J=2.5e-02, Jf=6.0e-03, ⟨B·n⟩=1.7e-02, Len=sum([7.6, 6.2, 8.2])=22.0, ϰ=[8.6, 9.4, 11.5], ∫ϰ²/L=[15.7, 11.9, 33.0], C-C-Sep=0.19, ║∇J║=2.1e-01
-----On 19/20 Initial Guess Perturbations
Iteration 64/1000-----
J=2.5e-02, Jf=6.1e-03, ⟨B·n⟩=1.7e-02, Len=sum([7.6, 6.2, 8.2])=22.0, ϰ=[8.5, 9.2, 11.5], ∫ϰ²/L=[15.3, 11.8, 33.0], C-C-Sep=0.19, ║∇J║=1.5e-01
-----On 19/20 Initial Guess Perturbations
Iteration 65/1000-----
J=2.4e-02, Jf=5.8e-03, ⟨B·n⟩=1.7e-02, Len=sum([7.6, 6.2, 8.2])=22.0, ϰ=[8.6, 9.0, 11.3], ∫ϰ²/L=[15.2, 11.7, 32.7], C-C-Sep=0.19, ║∇J║=1.2e-01
-----On 19/20 Initial Guess Perturbations
Iteration 66/1000-----
J=2.4e-02, Jf=5.5e-03, ⟨B·n⟩=1.6e-02, Len=sum([7.7, 6.2, 8.2])=22.1, ϰ=[8.7, 8.8, 11.2], ∫ϰ²/L=[15.2, 11.6, 32.3], C-C-Sep=0.19, ║∇J║=1.8e-01
-----On 19/20 Initial Guess Perturbations
Iteration 67/1000-----
J=2.4e-02, Jf=5.1e-03, ⟨B·n⟩=1.6e-02, Len=sum([7.7, 6.2, 8.2])=22.2, ϰ=[8.5, 8.7, 11.2], ∫ϰ²/L=[15.1, 11.8, 32.0], C-C-Sep=0.20, ║∇J║=1.6e-01
-----On 19/20 Initial Guess Perturbations
Iteration 68/1000-----
J=2.4e-02, Jf=5.0e-03, ⟨B·n⟩=1.6e-02, Len=sum([7.7, 6.2, 8.2])=22.2, ϰ=[8.4, 8.9, 10.9], ∫ϰ²/L=[15.0, 11.8, 31.5], C-C-Sep=0.19, ║∇J║=1.2e-01
-----On 19/20 Initial Guess Perturbations
Iteration 69/1000-----
J=2.3e-02, Jf=4.7e-03, ⟨B·n⟩=1.5e-02, Len=sum([7.7, 6.2, 8.2])=22.2, ϰ=[8.3, 9.1, 10.8], ∫ϰ²/L=[14.9, 11.8, 30.7], C-C-Sep=0.19, ║∇J║=1.3e-01
-----On 19/20 Initial Guess Perturbations
Iteration 70/1000-----
J=2.3e-02, Jf=4.6e-03, ⟨B·n⟩=1.5e-02, Len=sum([7.8, 6.3, 8.2])=22.2, ϰ=[8.4, 9.5, 10.7], ∫ϰ²/L=[14.5, 11.9, 29.7], C-C-Sep=0.19, ║∇J║=1.5e-01
-----On 19/20 Initial Guess Perturbations
Iteration 71/1000-----
J=2.3e-02, Jf=4.3e-03, ⟨B·n⟩=1.5e-02, Len=sum([7.8, 6.3, 8.1])=22.2, ϰ=[8.4, 9.8, 11.0], ∫ϰ²/L=[14.8, 12.3, 28.9], C-C-Sep=0.19, ║∇J║=1.7e-01
-----On 19/20 Initial Guess Perturbations
Iteration 72/1000-----
J=2.3e-02, Jf=4.4e-03, ⟨B·n⟩=1.5e-02, Len=sum([7.7, 6.2, 8.0])=22.0, ϰ=[8.2, 10.2, 11.5], ∫ϰ²/L=[14.1, 11.7, 28.1], C-C-Sep=0.20, ║∇J║=1.6e-01
-----On 19/20 Initial Guess Perturbations
Iteration 73/1000-----
J=2.2e-02, Jf=4.2e-03, ⟨B·n⟩=1.5e-02, Len=sum([7.7, 6.3, 8.0])=22.0, ϰ=[8.2, 9.7, 11.5], ∫ϰ²/L=[14.1, 11.7, 27.8], C-C-Sep=0.20, ║∇J║=1.2e-01
-----On 19/20 Initial Guess Perturbations
Iteration 74/1000-----
J=2.2e-02, Jf=4.1e-03, ⟨B·n⟩=1.5e-02, Len=sum([7.8, 6.3, 8.0])=22.1, ϰ=[8.2, 9.7, 11.4], ∫ϰ²/L=[14.2, 11.9, 27.6], C-C-Sep=0.19, ║∇J║=9.9e-02
-----On 19/20 Initial Guess Perturbations
Iteration 75/1000-----
J=2.2e-02, Jf=4.0e-03, ⟨B·n⟩=1.4e-02, Len=sum([7.8, 6.3, 8.0])=22.0, ϰ=[8.2, 9.7, 11.3], ∫ϰ²/L=[13.9, 11.9, 27.2], C-C-Sep=0.19, ║∇J║=9.9e-02
-----On 19/20 Initial Guess Perturbations
Iteration 76/1000-----
J=2.2e-02, Jf=3.9e-03, ⟨B·n⟩=1.4e-02, Len=sum([7.7, 6.3, 8.0])=22.0, ϰ=[8.1, 10.2, 11.1], ∫ϰ²/L=[13.7, 12.4, 26.7], C-C-Sep=0.19, ║∇J║=1.2e-01
-----On 19/20 Initial Guess Perturbations
Iteration 77/1000-----
J=2.2e-02, Jf=3.8e-03, ⟨B·n⟩=1.4e-02, Len=sum([7.7, 6.3, 7.9])=21.9, ϰ=[7.9, 10.2, 10.8], ∫ϰ²/L=[13.5, 12.8, 26.5], C-C-Sep=0.19, ║∇J║=1.5e-01
-----On 19/20 Initial Guess Perturbations
Iteration 78/1000-----
J=2.2e-02, Jf=3.7e-03, ⟨B·n⟩=1.4e-02, Len=sum([7.7, 6.3, 7.9])=21.9, ϰ=[7.8, 10.2, 10.6], ∫ϰ²/L=[13.4, 12.6, 26.3], C-C-Sep=0.20, ║∇J║=8.6e-02
-----On 19/20 Initial Guess Perturbations
Iteration 79/1000-----
J=2.2e-02, Jf=3.7e-03, ⟨B·n⟩=1.4e-02, Len=sum([7.7, 6.2, 7.9])=21.9, ϰ=[7.7, 10.2, 10.4], ∫ϰ²/L=[13.2, 12.4, 26.1], C-C-Sep=0.20, ║∇J║=8.7e-02
-----On 19/20 Initial Guess Perturbations
Iteration 80/1000-----
J=2.2e-02, Jf=3.6e-03, ⟨B·n⟩=1.4e-02, Len=sum([7.7, 6.2, 7.9])=21.8, ϰ=[7.7, 10.0, 10.4], ∫ϰ²/L=[12.9, 12.1, 25.7], C-C-Sep=0.20, ║∇J║=8.6e-02
-----On 19/20 Initial Guess Perturbations
Iteration 81/1000-----
J=2.1e-02, Jf=3.5e-03, ⟨B·n⟩=1.3e-02, Len=sum([7.6, 6.2, 7.9])=21.7, ϰ=[7.4, 9.8, 10.4], ∫ϰ²/L=[12.4, 11.9, 25.4], C-C-Sep=0.20, ║∇J║=1.1e-01
-----On 19/20 Initial Guess Perturbations
Iteration 82/1000-----
J=2.1e-02, Jf=3.5e-03, ⟨B·n⟩=1.3e-02, Len=sum([7.6, 6.2, 7.8])=21.6, ϰ=[7.2, 9.4, 10.5], ∫ϰ²/L=[11.9, 11.7, 25.0], C-C-Sep=0.20, ║∇J║=1.1e-01
-----On 19/20 Initial Guess Perturbations
Iteration 83/1000-----
J=2.1e-02, Jf=3.5e-03, ⟨B·n⟩=1.3e-02, Len=sum([7.6, 6.2, 7.8])=21.6, ϰ=[7.1, 9.1, 10.5], ∫ϰ²/L=[11.7, 11.6, 24.8], C-C-Sep=0.20, ║∇J║=8.3e-02
-----On 19/20 Initial Guess Perturbations
Iteration 84/1000-----
J=2.1e-02, Jf=3.5e-03, ⟨B·n⟩=1.3e-02, Len=sum([7.5, 6.2, 7.8])=21.5, ϰ=[7.2, 8.6, 10.5], ∫ϰ²/L=[11.4, 11.4, 24.5], C-C-Sep=0.20, ║∇J║=7.3e-02
-----On 19/20 Initial Guess Perturbations
Iteration 85/1000-----
J=2.1e-02, Jf=3.4e-03, ⟨B·n⟩=1.3e-02, Len=sum([7.5, 6.2, 7.8])=21.5, ϰ=[7.2, 8.2, 10.7], ∫ϰ²/L=[11.2, 11.4, 24.3], C-C-Sep=0.20, ║∇J║=9.6e-02
-----On 19/20 Initial Guess Perturbations
Iteration 86/1000-----
J=2.1e-02, Jf=3.4e-03, ⟨B·n⟩=1.3e-02, Len=sum([7.5, 6.2, 7.7])=21.4, ϰ=[7.2, 8.1, 10.7], ∫ϰ²/L=[11.0, 11.0, 23.8], C-C-Sep=0.20, ║∇J║=1.0e-01
-----On 19/20 Initial Guess Perturbations
Iteration 87/1000-----
J=2.1e-02, Jf=3.4e-03, ⟨B·n⟩=1.3e-02, Len=sum([7.5, 6.2, 7.7])=21.4, ϰ=[7.3, 8.2, 10.6], ∫ϰ²/L=[10.9, 10.8, 23.4], C-C-Sep=0.20, ║∇J║=8.3e-02
-----On 19/20 Initial Guess Perturbations
Iteration 88/1000-----
J=2.1e-02, Jf=3.3e-03, ⟨B·n⟩=1.3e-02, Len=sum([7.5, 6.2, 7.7])=21.3, ϰ=[7.3, 8.3, 10.7], ∫ϰ²/L=[10.8, 10.6, 23.0], C-C-Sep=0.20, ║∇J║=7.4e-02
-----On 19/20 Initial Guess Perturbations
Iteration 89/1000-----
J=2.1e-02, Jf=3.3e-03, ⟨B·n⟩=1.3e-02, Len=sum([7.4, 6.2, 7.7])=21.3, ϰ=[7.2, 8.1, 10.6], ∫ϰ²/L=[10.8, 10.3, 22.3], C-C-Sep=0.20, ║∇J║=8.0e-02
-----On 19/20 Initial Guess Perturbations
Iteration 90/1000-----
J=2.1e-02, Jf=3.2e-03, ⟨B·n⟩=1.3e-02, Len=sum([7.4, 6.2, 7.6])=21.2, ϰ=[7.2, 8.0, 10.5], ∫ϰ²/L=[10.7, 10.3, 21.8], C-C-Sep=0.19, ║∇J║=9.8e-02
-----On 19/20 Initial Guess Perturbations
Iteration 91/1000-----
J=2.0e-02, Jf=3.1e-03, ⟨B·n⟩=1.3e-02, Len=sum([7.4, 6.2, 7.6])=21.2, ϰ=[7.3, 7.8, 10.2], ∫ϰ²/L=[10.8, 10.3, 21.4], C-C-Sep=0.19, ║∇J║=8.2e-02
-----On 19/20 Initial Guess Perturbations
Iteration 92/1000-----
J=2.0e-02, Jf=3.1e-03, ⟨B·n⟩=1.3e-02, Len=sum([7.3, 6.2, 7.6])=21.1, ϰ=[7.4, 7.8, 10.1], ∫ϰ²/L=[11.1, 10.4, 21.2], C-C-Sep=0.19, ║∇J║=7.9e-02
-----On 19/20 Initial Guess Perturbations
Iteration 93/1000-----
J=2.0e-02, Jf=3.1e-03, ⟨B·n⟩=1.2e-02, Len=sum([7.3, 6.2, 7.6])=21.1, ϰ=[7.5, 7.7, 10.1], ∫ϰ²/L=[11.0, 10.2, 20.9], C-C-Sep=0.20, ║∇J║=9.2e-02
-----On 19/20 Initial Guess Perturbations
Iteration 94/1000-----
J=2.0e-02, Jf=3.1e-03, ⟨B·n⟩=1.2e-02, Len=sum([7.3, 6.2, 7.6])=21.1, ϰ=[7.5, 7.7, 10.1], ∫ϰ²/L=[11.2, 10.3, 20.6], C-C-Sep=0.20, ║∇J║=7.3e-02
-----On 19/20 Initial Guess Perturbations
Iteration 95/1000-----
J=2.0e-02, Jf=3.0e-03, ⟨B·n⟩=1.2e-02, Len=sum([7.3, 6.2, 7.6])=21.0, ϰ=[7.3, 7.8, 10.2], ∫ϰ²/L=[11.2, 10.5, 20.1], C-C-Sep=0.20, ║∇J║=8.4e-02
-----On 19/20 Initial Guess Perturbations
Iteration 96/1000-----
J=2.0e-02, Jf=2.9e-03, ⟨B·n⟩=1.2e-02, Len=sum([7.3, 6.2, 7.6])=21.0, ϰ=[7.1, 8.2, 10.2], ∫ϰ²/L=[11.4, 10.8, 19.8], C-C-Sep=0.19, ║∇J║=1.1e-01
-----On 19/20 Initial Guess Perturbations
Iteration 97/1000-----
J=2.0e-02, Jf=2.9e-03, ⟨B·n⟩=1.2e-02, Len=sum([7.2, 6.2, 7.5])=21.0, ϰ=[7.1, 8.3, 10.0], ∫ϰ²/L=[11.1, 10.6, 19.5], C-C-Sep=0.20, ║∇J║=7.4e-02
-----On 19/20 Initial Guess Perturbations
Iteration 98/1000-----
J=2.0e-02, Jf=2.9e-03, ⟨B·n⟩=1.2e-02, Len=sum([7.2, 6.2, 7.5])=20.9, ϰ=[7.1, 8.3, 9.9], ∫ϰ²/L=[11.2, 10.8, 19.3], C-C-Sep=0.19, ║∇J║=7.7e-02
-----On 19/20 Initial Guess Perturbations
Iteration 99/1000-----
J=2.0e-02, Jf=2.8e-03, ⟨B·n⟩=1.2e-02, Len=sum([7.2, 6.2, 7.5])=20.9, ϰ=[7.1, 8.3, 9.9], ∫ϰ²/L=[11.0, 10.7, 19.1], C-C-Sep=0.20, ║∇J║=6.2e-02
-----On 19/20 Initial Guess Perturbations
Iteration 100/1000-----
J=2.0e-02, Jf=2.8e-03, ⟨B·n⟩=1.2e-02, Len=sum([7.2, 6.2, 7.5])=20.9, ϰ=[7.3, 8.4, 9.8], ∫ϰ²/L=[11.1, 10.8, 18.8], C-C-Sep=0.19, ║∇J║=7.1e-02
-----On 19/20 Initial Guess Perturbations
Iteration 101/1000-----
J=2.0e-02, Jf=2.7e-03, ⟨B·n⟩=1.2e-02, Len=sum([7.2, 6.1, 7.5])=20.8, ϰ=[7.4, 8.3, 9.7], ∫ϰ²/L=[11.0, 10.7, 18.6], C-C-Sep=0.19, ║∇J║=1.0e-01
-----On 19/20 Initial Guess Perturbations
Iteration 102/1000-----
J=2.0e-02, Jf=2.7e-03, ⟨B·n⟩=1.2e-02, Len=sum([7.2, 6.1, 7.5])=20.8, ϰ=[7.3, 8.2, 9.7], ∫ϰ²/L=[10.9, 10.5, 18.3], C-C-Sep=0.20, ║∇J║=6.7e-02
-----On 19/20 Initial Guess Perturbations
Iteration 103/1000-----
J=1.9e-02, Jf=2.7e-03, ⟨B·n⟩=1.2e-02, Len=sum([7.1, 6.1, 7.5])=20.8, ϰ=[7.1, 8.1, 9.5], ∫ϰ²/L=[10.6, 10.4, 18.0], C-C-Sep=0.20, ║∇J║=6.5e-02
-----On 19/20 Initial Guess Perturbations
Iteration 104/1000-----
J=1.9e-02, Jf=2.6e-03, ⟨B·n⟩=1.2e-02, Len=sum([7.1, 6.1, 7.5])=20.7, ϰ=[6.9, 8.0, 9.5], ∫ϰ²/L=[10.6, 10.4, 18.1], C-C-Sep=0.20, ║∇J║=1.0e-01
-----On 19/20 Initial Guess Perturbations
Iteration 105/1000-----
J=1.9e-02, Jf=2.6e-03, ⟨B·n⟩=1.2e-02, Len=sum([7.1, 6.1, 7.5])=20.7, ϰ=[6.7, 7.9, 9.3], ∫ϰ²/L=[10.3, 10.2, 18.1], C-C-Sep=0.20, ║∇J║=8.0e-02
-----On 19/20 Initial Guess Perturbations
Iteration 106/1000-----
J=1.9e-02, Jf=2.5e-03, ⟨B·n⟩=1.2e-02, Len=sum([7.0, 6.1, 7.5])=20.6, ϰ=[6.8, 7.8, 9.1], ∫ϰ²/L=[10.5, 10.3, 18.3], C-C-Sep=0.19, ║∇J║=9.0e-02
-----On 19/20 Initial Guess Perturbations
Iteration 107/1000-----
J=1.9e-02, Jf=2.5e-03, ⟨B·n⟩=1.2e-02, Len=sum([7.0, 6.1, 7.5])=20.6, ϰ=[6.9, 7.8, 8.9], ∫ϰ²/L=[10.4, 10.3, 18.5], C-C-Sep=0.20, ║∇J║=7.0e-02
-----On 19/20 Initial Guess Perturbations
Iteration 108/1000-----
J=1.9e-02, Jf=2.4e-03, ⟨B·n⟩=1.1e-02, Len=sum([7.0, 6.1, 7.5])=20.6, ϰ=[7.0, 7.8, 8.7], ∫ϰ²/L=[10.5, 10.5, 18.9], C-C-Sep=0.20, ║∇J║=6.7e-02
-----On 19/20 Initial Guess Perturbations
Iteration 109/1000-----
J=1.9e-02, Jf=2.4e-03, ⟨B·n⟩=1.1e-02, Len=sum([7.0, 6.1, 7.5])=20.6, ϰ=[7.1, 8.0, 8.8], ∫ϰ²/L=[10.4, 10.4, 19.1], C-C-Sep=0.20, ║∇J║=8.1e-02
-----On 19/20 Initial Guess Perturbations
Iteration 110/1000-----
J=1.9e-02, Jf=2.3e-03, ⟨B·n⟩=1.1e-02, Len=sum([7.0, 6.1, 7.5])=20.5, ϰ=[7.0, 8.4, 8.8], ∫ϰ²/L=[10.5, 10.4, 19.5], C-C-Sep=0.20, ║∇J║=7.0e-02
-----On 19/20 Initial Guess Perturbations
Iteration 111/1000-----
J=1.9e-02, Jf=2.3e-03, ⟨B·n⟩=1.1e-02, Len=sum([6.9, 6.1, 7.5])=20.5, ϰ=[6.8, 8.7, 8.8], ∫ϰ²/L=[10.4, 10.1, 19.4], C-C-Sep=0.20, ║∇J║=7.1e-02
-----On 19/20 Initial Guess Perturbations
Iteration 112/1000-----
J=1.9e-02, Jf=2.3e-03, ⟨B·n⟩=1.1e-02, Len=sum([6.9, 6.1, 7.4])=20.4, ϰ=[6.5, 8.8, 8.7], ∫ϰ²/L=[10.4, 10.0, 19.2], C-C-Sep=0.20, ║∇J║=6.8e-02
-----On 19/20 Initial Guess Perturbations
Iteration 113/1000-----
J=1.9e-02, Jf=2.3e-03, ⟨B·n⟩=1.1e-02, Len=sum([6.9, 6.1, 7.4])=20.4, ϰ=[6.3, 8.7, 8.5], ∫ϰ²/L=[10.2, 9.9, 19.0], C-C-Sep=0.20, ║∇J║=6.5e-02
-----On 19/20 Initial Guess Perturbations
Iteration 114/1000-----
J=1.9e-02, Jf=2.3e-03, ⟨B·n⟩=1.1e-02, Len=sum([6.9, 6.1, 7.4])=20.3, ϰ=[6.3, 8.5, 8.6], ∫ϰ²/L=[10.1, 9.9, 18.6], C-C-Sep=0.20, ║∇J║=7.7e-02
-----On 19/20 Initial Guess Perturbations
Iteration 115/1000-----
J=1.9e-02, Jf=2.3e-03, ⟨B·n⟩=1.1e-02, Len=sum([6.8, 6.1, 7.4])=20.3, ϰ=[6.2, 8.5, 8.5], ∫ϰ²/L=[10.0, 9.9, 18.4], C-C-Sep=0.20, ║∇J║=7.9e-02
-----On 19/20 Initial Guess Perturbations
Iteration 116/1000-----
J=1.9e-02, Jf=2.2e-03, ⟨B·n⟩=1.1e-02, Len=sum([6.8, 6.1, 7.4])=20.2, ϰ=[6.0, 8.8, 8.4], ∫ϰ²/L=[10.4, 10.1, 18.8], C-C-Sep=0.19, ║∇J║=1.1e-01
-----On 19/20 Initial Guess Perturbations
Iteration 117/1000-----
J=1.9e-02, Jf=2.3e-03, ⟨B·n⟩=1.1e-02, Len=sum([6.8, 6.0, 7.3])=20.1, ϰ=[6.2, 8.8, 8.7], ∫ϰ²/L=[10.3, 10.2, 17.8], C-C-Sep=0.20, ║∇J║=1.8e-01
-----On 19/20 Initial Guess Perturbations
Iteration 118/1000-----
J=1.9e-02, Jf=2.2e-03, ⟨B·n⟩=1.1e-02, Len=sum([6.8, 6.0, 7.3])=20.1, ϰ=[6.0, 8.7, 8.6], ∫ϰ²/L=[10.4, 10.1, 18.0], C-C-Sep=0.20, ║∇J║=8.0e-02
-----On 19/20 Initial Guess Perturbations
Iteration 119/1000-----
J=1.9e-02, Jf=2.2e-03, ⟨B·n⟩=1.1e-02, Len=sum([6.8, 6.0, 7.3])=20.1, ϰ=[5.9, 8.7, 8.5], ∫ϰ²/L=[10.4, 10.0, 18.0], C-C-Sep=0.20, ║∇J║=5.3e-02
-----On 19/20 Initial Guess Perturbations
Iteration 120/1000-----
J=1.8e-02, Jf=2.2e-03, ⟨B·n⟩=1.1e-02, Len=sum([6.7, 6.0, 7.3])=20.1, ϰ=[5.9, 8.7, 8.6], ∫ϰ²/L=[10.6, 10.0, 18.2], C-C-Sep=0.20, ║∇J║=5.3e-02
-----On 19/20 Initial Guess Perturbations
Iteration 121/1000-----
J=1.8e-02, Jf=2.2e-03, ⟨B·n⟩=1.1e-02, Len=sum([6.7, 6.0, 7.3])=20.0, ϰ=[6.0, 8.5, 8.6], ∫ϰ²/L=[10.8, 10.0, 18.2], C-C-Sep=0.19, ║∇J║=7.1e-02
-----On 19/20 Initial Guess Perturbations
Iteration 122/1000-----
J=1.8e-02, Jf=2.2e-03, ⟨B·n⟩=1.1e-02, Len=sum([6.7, 6.0, 7.3])=20.0, ϰ=[6.1, 8.4, 8.8], ∫ϰ²/L=[10.7, 10.2, 18.2], C-C-Sep=0.20, ║∇J║=8.6e-02
-----On 19/20 Initial Guess Perturbations
Iteration 123/1000-----
J=1.8e-02, Jf=2.2e-03, ⟨B·n⟩=1.1e-02, Len=sum([6.7, 6.0, 7.3])=19.9, ϰ=[6.2, 8.3, 8.8], ∫ϰ²/L=[10.9, 10.3, 18.4], C-C-Sep=0.20, ║∇J║=5.6e-02
-----On 19/20 Initial Guess Perturbations
Iteration 124/1000-----
J=1.8e-02, Jf=2.2e-03, ⟨B·n⟩=1.1e-02, Len=sum([6.6, 6.0, 7.3])=19.9, ϰ=[6.2, 8.3, 8.7], ∫ϰ²/L=[10.5, 10.1, 18.0], C-C-Sep=0.20, ║∇J║=5.1e-02
-----On 19/20 Initial Guess Perturbations
Iteration 125/1000-----
J=1.8e-02, Jf=2.1e-03, ⟨B·n⟩=1.1e-02, Len=sum([6.6, 6.0, 7.2])=19.9, ϰ=[6.2, 8.2, 8.7], ∫ϰ²/L=[10.4, 10.0, 18.0], C-C-Sep=0.20, ║∇J║=5.9e-02
-----On 19/20 Initial Guess Perturbations
Iteration 126/1000-----
J=1.8e-02, Jf=2.1e-03, ⟨B·n⟩=1.1e-02, Len=sum([6.6, 6.0, 7.2])=19.8, ϰ=[6.2, 8.0, 8.6], ∫ϰ²/L=[10.2, 9.9, 18.0], C-C-Sep=0.20, ║∇J║=6.6e-02
-----On 19/20 Initial Guess Perturbations
Iteration 127/1000-----
J=1.8e-02, Jf=2.1e-03, ⟨B·n⟩=1.1e-02, Len=sum([6.6, 6.0, 7.2])=19.8, ϰ=[6.5, 7.9, 8.8], ∫ϰ²/L=[10.2, 10.0, 18.0], C-C-Sep=0.20, ║∇J║=6.0e-02
-----On 19/20 Initial Guess Perturbations
Iteration 128/1000-----
J=1.8e-02, Jf=2.1e-03, ⟨B·n⟩=1.1e-02, Len=sum([6.6, 6.0, 7.2])=19.7, ϰ=[6.8, 7.7, 8.9], ∫ϰ²/L=[10.5, 10.4, 18.5], C-C-Sep=0.20, ║∇J║=6.6e-02
-----On 19/20 Initial Guess Perturbations
Iteration 129/1000-----
J=1.8e-02, Jf=2.1e-03, ⟨B·n⟩=1.1e-02, Len=sum([6.5, 6.0, 7.2])=19.7, ϰ=[6.7, 7.5, 9.0], ∫ϰ²/L=[10.2, 10.3, 18.1], C-C-Sep=0.20, ║∇J║=6.9e-02
-----On 19/20 Initial Guess Perturbations
Iteration 130/1000-----
J=1.8e-02, Jf=2.0e-03, ⟨B·n⟩=1.1e-02, Len=sum([6.5, 6.0, 7.2])=19.7, ϰ=[6.8, 7.5, 9.0], ∫ϰ²/L=[10.5, 10.5, 18.4], C-C-Sep=0.20, ║∇J║=6.5e-02
-----On 19/20 Initial Guess Perturbations
Iteration 131/1000-----
J=1.8e-02, Jf=2.0e-03, ⟨B·n⟩=1.1e-02, Len=sum([6.5, 6.0, 7.1])=19.6, ϰ=[6.5, 7.6, 9.1], ∫ϰ²/L=[10.5, 10.3, 18.2], C-C-Sep=0.20, ║∇J║=7.2e-02
-----On 19/20 Initial Guess Perturbations
Iteration 132/1000-----
J=1.8e-02, Jf=2.0e-03, ⟨B·n⟩=1.1e-02, Len=sum([6.5, 6.0, 7.1])=19.6, ϰ=[6.5, 7.9, 9.2], ∫ϰ²/L=[10.6, 10.5, 18.3], C-C-Sep=0.20, ║∇J║=6.3e-02
-----On 19/20 Initial Guess Perturbations
Iteration 133/1000-----
J=1.8e-02, Jf=2.0e-03, ⟨B·n⟩=1.1e-02, Len=sum([6.5, 6.0, 7.1])=19.5, ϰ=[6.4, 8.0, 9.4], ∫ϰ²/L=[10.6, 10.5, 18.2], C-C-Sep=0.20, ║∇J║=7.3e-02
-----On 19/20 Initial Guess Perturbations
Iteration 134/1000-----
J=1.8e-02, Jf=2.0e-03, ⟨B·n⟩=1.1e-02, Len=sum([6.4, 5.9, 7.1])=19.5, ϰ=[6.4, 8.4, 9.5], ∫ϰ²/L=[10.9, 10.8, 18.6], C-C-Sep=0.20, ║∇J║=6.8e-02
-----On 19/20 Initial Guess Perturbations
Iteration 135/1000-----
J=1.8e-02, Jf=2.0e-03, ⟨B·n⟩=1.1e-02, Len=sum([6.4, 5.9, 7.1])=19.4, ϰ=[6.4, 8.5, 9.6], ∫ϰ²/L=[10.8, 10.9, 18.5], C-C-Sep=0.20, ║∇J║=5.9e-02
-----On 19/20 Initial Guess Perturbations
Iteration 136/1000-----
J=1.8e-02, Jf=1.9e-03, ⟨B·n⟩=1.1e-02, Len=sum([6.4, 5.9, 7.1])=19.4, ϰ=[6.4, 8.3, 9.9], ∫ϰ²/L=[11.2, 11.2, 18.9], C-C-Sep=0.20, ║∇J║=6.4e-02
-----On 19/20 Initial Guess Perturbations
Iteration 137/1000-----
J=1.8e-02, Jf=1.9e-03, ⟨B·n⟩=1.1e-02, Len=sum([6.4, 5.9, 7.1])=19.4, ϰ=[6.5, 8.3, 9.9], ∫ϰ²/L=[11.1, 11.2, 18.9], C-C-Sep=0.20, ║∇J║=6.3e-02
-----On 19/20 Initial Guess Perturbations
Iteration 138/1000-----
J=1.8e-02, Jf=1.9e-03, ⟨B·n⟩=1.1e-02, Len=sum([6.3, 5.9, 7.1])=19.3, ϰ=[6.7, 8.4, 9.8], ∫ϰ²/L=[11.1, 11.3, 19.0], C-C-Sep=0.20, ║∇J║=5.9e-02
-----On 19/20 Initial Guess Perturbations
Iteration 139/1000-----
J=1.8e-02, Jf=1.9e-03, ⟨B·n⟩=1.1e-02, Len=sum([6.3, 5.9, 7.0])=19.3, ϰ=[6.7, 8.6, 9.8], ∫ϰ²/L=[10.7, 10.9, 18.7], C-C-Sep=0.20, ║∇J║=6.1e-02
-----On 19/20 Initial Guess Perturbations
Iteration 140/1000-----
J=1.7e-02, Jf=1.8e-03, ⟨B·n⟩=1.1e-02, Len=sum([6.3, 5.9, 7.0])=19.2, ϰ=[6.7, 8.8, 9.9], ∫ϰ²/L=[10.8, 11.0, 19.1], C-C-Sep=0.20, ║∇J║=8.5e-02
-----On 19/20 Initial Guess Perturbations
Iteration 141/1000-----
J=1.7e-02, Jf=1.8e-03, ⟨B·n⟩=1.1e-02, Len=sum([6.3, 5.9, 7.0])=19.1, ϰ=[6.5, 8.6, 10.0], ∫ϰ²/L=[10.4, 10.8, 18.9], C-C-Sep=0.20, ║∇J║=7.5e-02
-----On 19/20 Initial Guess Perturbations
Iteration 142/1000-----
J=1.7e-02, Jf=1.8e-03, ⟨B·n⟩=1.1e-02, Len=sum([6.2, 5.9, 7.0])=19.1, ϰ=[6.5, 8.4, 10.0], ∫ϰ²/L=[10.5, 11.0, 19.1], C-C-Sep=0.20, ║∇J║=6.7e-02
-----On 19/20 Initial Guess Perturbations
Iteration 143/1000-----
J=1.7e-02, Jf=1.8e-03, ⟨B·n⟩=1.1e-02, Len=sum([6.2, 5.9, 6.9])=19.0, ϰ=[6.5, 8.2, 9.7], ∫ϰ²/L=[10.4, 10.9, 19.0], C-C-Sep=0.20, ║∇J║=5.6e-02
-----On 19/20 Initial Guess Perturbations
Iteration 144/1000-----
J=1.7e-02, Jf=1.8e-03, ⟨B·n⟩=1.1e-02, Len=sum([6.2, 5.9, 6.9])=19.0, ϰ=[6.7, 7.9, 9.6], ∫ϰ²/L=[11.1, 11.6, 19.5], C-C-Sep=0.20, ║∇J║=6.7e-02
-----On 19/20 Initial Guess Perturbations
Iteration 145/1000-----
J=1.7e-02, Jf=1.8e-03, ⟨B·n⟩=1.1e-02, Len=sum([6.1, 5.9, 6.9])=18.9, ϰ=[7.1, 7.8, 9.4], ∫ϰ²/L=[10.5, 11.2, 19.1], C-C-Sep=0.20, ║∇J║=8.4e-02
-----On 19/20 Initial Guess Perturbations
Iteration 146/1000-----
J=1.7e-02, Jf=1.8e-03, ⟨B·n⟩=1.1e-02, Len=sum([6.1, 5.9, 6.9])=18.9, ϰ=[7.3, 7.8, 9.4], ∫ϰ²/L=[10.4, 10.9, 19.0], C-C-Sep=0.20, ║∇J║=7.1e-02
-----On 19/20 Initial Guess Perturbations
Iteration 147/1000-----
J=1.7e-02, Jf=1.8e-03, ⟨B·n⟩=1.1e-02, Len=sum([6.1, 5.9, 6.9])=18.8, ϰ=[7.4, 7.9, 9.2], ∫ϰ²/L=[10.3, 10.7, 19.0], C-C-Sep=0.20, ║∇J║=5.2e-02
-----On 19/20 Initial Guess Perturbations
Iteration 148/1000-----
J=1.7e-02, Jf=1.8e-03, ⟨B·n⟩=1.1e-02, Len=sum([6.1, 5.8, 6.8])=18.8, ϰ=[7.4, 7.9, 8.9], ∫ϰ²/L=[10.2, 10.5, 18.8], C-C-Sep=0.20, ║∇J║=5.5e-02
-----On 19/20 Initial Guess Perturbations
Iteration 149/1000-----
J=1.7e-02, Jf=1.8e-03, ⟨B·n⟩=1.1e-02, Len=sum([6.1, 5.8, 6.8])=18.7, ϰ=[7.5, 8.3, 8.8], ∫ϰ²/L=[10.0, 10.5, 18.6], C-C-Sep=0.19, ║∇J║=1.0e-01
-----On 19/20 Initial Guess Perturbations
Iteration 150/1000-----
J=1.7e-02, Jf=1.8e-03, ⟨B·n⟩=1.1e-02, Len=sum([6.1, 5.8, 6.8])=18.7, ϰ=[7.0, 7.6, 8.8], ∫ϰ²/L=[9.1, 9.6, 17.7], C-C-Sep=0.20, ║∇J║=9.4e-02
-----On 19/20 Initial Guess Perturbations
Iteration 151/1000-----
J=1.7e-02, Jf=1.8e-03, ⟨B·n⟩=1.1e-02, Len=sum([6.1, 5.8, 6.8])=18.7, ϰ=[7.0, 7.3, 8.8], ∫ϰ²/L=[9.3, 9.8, 18.0], C-C-Sep=0.20, ║∇J║=1.0e-01
-----On 19/20 Initial Guess Perturbations
Iteration 152/1000-----
J=1.7e-02, Jf=1.8e-03, ⟨B·n⟩=1.1e-02, Len=sum([6.1, 5.8, 6.8])=18.6, ϰ=[7.0, 7.4, 8.7], ∫ϰ²/L=[9.2, 9.8, 17.9], C-C-Sep=0.20, ║∇J║=4.5e-02
-----On 19/20 Initial Guess Perturbations
Iteration 153/1000-----
J=1.7e-02, Jf=1.8e-03, ⟨B·n⟩=1.1e-02, Len=sum([6.0, 5.8, 6.7])=18.6, ϰ=[7.1, 7.4, 8.6], ∫ϰ²/L=[9.1, 9.9, 17.9], C-C-Sep=0.20, ║∇J║=4.2e-02
-----On 19/20 Initial Guess Perturbations
Iteration 154/1000-----
J=1.7e-02, Jf=1.8e-03, ⟨B·n⟩=1.1e-02, Len=sum([6.0, 5.8, 6.7])=18.5, ϰ=[7.1, 7.1, 8.5], ∫ϰ²/L=[9.2, 10.1, 18.1], C-C-Sep=0.20, ║∇J║=5.8e-02
-----On 19/20 Initial Guess Perturbations
Iteration 155/1000-----
J=1.7e-02, Jf=1.7e-03, ⟨B·n⟩=1.1e-02, Len=sum([6.0, 5.8, 6.7])=18.5, ϰ=[7.1, 6.9, 8.4], ∫ϰ²/L=[9.2, 10.2, 18.1], C-C-Sep=0.20, ║∇J║=7.2e-02
-----On 19/20 Initial Guess Perturbations
Iteration 156/1000-----
J=1.7e-02, Jf=1.7e-03, ⟨B·n⟩=1.1e-02, Len=sum([6.0, 5.8, 6.7])=18.4, ϰ=[6.9, 7.0, 8.4], ∫ϰ²/L=[9.2, 10.0, 17.9], C-C-Sep=0.20, ║∇J║=4.8e-02
-----On 19/20 Initial Guess Perturbations
Iteration 157/1000-----
J=1.7e-02, Jf=1.8e-03, ⟨B·n⟩=1.1e-02, Len=sum([6.0, 5.8, 6.7])=18.4, ϰ=[6.8, 7.3, 8.4], ∫ϰ²/L=[9.3, 9.8, 17.9], C-C-Sep=0.20, ║∇J║=4.7e-02
-----On 19/20 Initial Guess Perturbations
Iteration 158/1000-----
J=1.7e-02, Jf=1.8e-03, ⟨B·n⟩=1.1e-02, Len=sum([5.9, 5.8, 6.6])=18.4, ϰ=[6.6, 7.2, 8.4], ∫ϰ²/L=[9.3, 9.5, 17.8], C-C-Sep=0.20, ║∇J║=4.9e-02
-----On 19/20 Initial Guess Perturbations
Iteration 159/1000-----
J=1.7e-02, Jf=1.8e-03, ⟨B·n⟩=1.1e-02, Len=sum([5.9, 5.8, 6.6])=18.3, ϰ=[6.8, 7.1, 8.6], ∫ϰ²/L=[9.5, 9.8, 17.9], C-C-Sep=0.20, ║∇J║=7.1e-02
-----On 19/20 Initial Guess Perturbations
Iteration 160/1000-----
J=1.7e-02, Jf=1.8e-03, ⟨B·n⟩=1.1e-02, Len=sum([5.9, 5.8, 6.6])=18.3, ϰ=[6.8, 7.1, 8.5], ∫ϰ²/L=[9.4, 9.8, 17.8], C-C-Sep=0.20, ║∇J║=5.4e-02
-----On 19/20 Initial Guess Perturbations
Iteration 161/1000-----
J=1.7e-02, Jf=1.8e-03, ⟨B·n⟩=1.1e-02, Len=sum([5.9, 5.8, 6.6])=18.2, ϰ=[6.8, 7.2, 8.5], ∫ϰ²/L=[9.3, 9.9, 17.7], C-C-Sep=0.20, ║∇J║=6.4e-02
-----On 19/20 Initial Guess Perturbations
Iteration 162/1000-----
J=1.6e-02, Jf=1.7e-03, ⟨B·n⟩=1.1e-02, Len=sum([5.9, 5.8, 6.6])=18.2, ϰ=[6.8, 7.3, 8.3], ∫ϰ²/L=[9.3, 9.8, 17.6], C-C-Sep=0.20, ║∇J║=4.3e-02
-----On 19/20 Initial Guess Perturbations
Iteration 163/1000-----
J=1.6e-02, Jf=1.7e-03, ⟨B·n⟩=1.1e-02, Len=sum([5.9, 5.7, 6.6])=18.2, ϰ=[6.9, 7.4, 8.2], ∫ϰ²/L=[9.2, 9.7, 17.5], C-C-Sep=0.20, ║∇J║=3.8e-02
-----On 19/20 Initial Guess Perturbations
Iteration 164/1000-----
J=1.6e-02, Jf=1.7e-03, ⟨B·n⟩=1.1e-02, Len=sum([5.9, 5.7, 6.5])=18.2, ϰ=[7.0, 7.6, 8.3], ∫ϰ²/L=[9.2, 9.9, 17.5], C-C-Sep=0.20, ║∇J║=4.6e-02
-----On 19/20 Initial Guess Perturbations
Iteration 165/1000-----
J=1.6e-02, Jf=1.7e-03, ⟨B·n⟩=1.1e-02, Len=sum([5.9, 5.7, 6.5])=18.1, ϰ=[7.2, 7.4, 8.2], ∫ϰ²/L=[9.1, 10.1, 17.4], C-C-Sep=0.20, ║∇J║=6.2e-02
-----On 19/20 Initial Guess Perturbations
Iteration 166/1000-----
J=1.6e-02, Jf=1.7e-03, ⟨B·n⟩=1.1e-02, Len=sum([5.8, 5.7, 6.5])=18.1, ϰ=[7.2, 7.6, 8.1], ∫ϰ²/L=[9.4, 10.6, 17.4], C-C-Sep=0.20, ║∇J║=4.8e-02
-----On 19/20 Initial Guess Perturbations
Iteration 167/1000-----
J=1.6e-02, Jf=1.7e-03, ⟨B·n⟩=1.1e-02, Len=sum([5.8, 5.7, 6.5])=18.0, ϰ=[6.9, 7.2, 8.1], ∫ϰ²/L=[9.1, 10.2, 17.2], C-C-Sep=0.20, ║∇J║=6.1e-02
-----On 19/20 Initial Guess Perturbations
Iteration 168/1000-----
J=1.6e-02, Jf=1.7e-03, ⟨B·n⟩=1.1e-02, Len=sum([5.8, 5.7, 6.5])=18.0, ϰ=[7.1, 7.4, 7.9], ∫ϰ²/L=[9.2, 10.4, 17.2], C-C-Sep=0.20, ║∇J║=6.2e-02
-----On 19/20 Initial Guess Perturbations
Iteration 169/1000-----
J=1.6e-02, Jf=1.7e-03, ⟨B·n⟩=1.1e-02, Len=sum([5.8, 5.7, 6.5])=18.0, ϰ=[7.1, 7.3, 7.8], ∫ϰ²/L=[9.0, 9.8, 17.0], C-C-Sep=0.20, ║∇J║=5.7e-02
-----On 19/20 Initial Guess Perturbations
Iteration 170/1000-----
J=1.6e-02, Jf=1.7e-03, ⟨B·n⟩=1.1e-02, Len=sum([5.8, 5.7, 6.5])=18.0, ϰ=[7.2, 7.3, 7.8], ∫ϰ²/L=[9.3, 10.2, 17.2], C-C-Sep=0.20, ║∇J║=4.7e-02
-----On 19/20 Initial Guess Perturbations
Iteration 171/1000-----
J=1.6e-02, Jf=1.7e-03, ⟨B·n⟩=1.1e-02, Len=sum([5.8, 5.7, 6.4])=17.9, ϰ=[7.1, 7.1, 7.8], ∫ϰ²/L=[9.4, 10.2, 17.2], C-C-Sep=0.20, ║∇J║=4.6e-02
-----On 19/20 Initial Guess Perturbations
Iteration 172/1000-----
J=1.6e-02, Jf=1.7e-03, ⟨B·n⟩=1.1e-02, Len=sum([5.8, 5.7, 6.4])=17.9, ϰ=[7.4, 7.2, 8.0], ∫ϰ²/L=[9.6, 10.2, 17.3], C-C-Sep=0.20, ║∇J║=5.0e-02
-----On 19/20 Initial Guess Perturbations
Iteration 173/1000-----
J=1.6e-02, Jf=1.7e-03, ⟨B·n⟩=1.1e-02, Len=sum([5.8, 5.7, 6.4])=17.8, ϰ=[7.8, 7.2, 8.1], ∫ϰ²/L=[9.5, 10.0, 17.3], C-C-Sep=0.20, ║∇J║=4.9e-02
-----On 19/20 Initial Guess Perturbations
Iteration 174/1000-----
J=1.6e-02, Jf=1.7e-03, ⟨B·n⟩=1.0e-02, Len=sum([5.8, 5.6, 6.4])=17.8, ϰ=[8.0, 7.4, 8.1], ∫ϰ²/L=[9.6, 10.0, 17.3], C-C-Sep=0.20, ║∇J║=6.2e-02
-----On 19/20 Initial Guess Perturbations
Iteration 175/1000-----
J=1.6e-02, Jf=1.7e-03, ⟨B·n⟩=1.0e-02, Len=sum([5.7, 5.6, 6.4])=17.8, ϰ=[7.9, 7.4, 8.3], ∫ϰ²/L=[9.4, 10.0, 17.2], C-C-Sep=0.20, ║∇J║=4.7e-02
-----On 19/20 Initial Guess Perturbations
Iteration 176/1000-----
J=1.6e-02, Jf=1.7e-03, ⟨B·n⟩=1.0e-02, Len=sum([5.7, 5.6, 6.4])=17.7, ϰ=[7.9, 7.3, 8.6], ∫ϰ²/L=[9.5, 10.5, 17.3], C-C-Sep=0.20, ║∇J║=4.6e-02
-----On 19/20 Initial Guess Perturbations
Iteration 177/1000-----
J=1.6e-02, Jf=1.7e-03, ⟨B·n⟩=1.0e-02, Len=sum([5.7, 5.6, 6.4])=17.7, ϰ=[7.7, 6.9, 8.7], ∫ϰ²/L=[9.1, 10.5, 16.9], C-C-Sep=0.20, ║∇J║=6.7e-02
-----On 19/20 Initial Guess Perturbations
Iteration 178/1000-----
J=1.6e-02, Jf=1.7e-03, ⟨B·n⟩=1.0e-02, Len=sum([5.7, 5.6, 6.3])=17.7, ϰ=[7.6, 7.1, 8.9], ∫ϰ²/L=[9.3, 10.9, 17.1], C-C-Sep=0.20, ║∇J║=6.5e-02
-----On 19/20 Initial Guess Perturbations
Iteration 179/1000-----
J=1.6e-02, Jf=1.7e-03, ⟨B·n⟩=1.0e-02, Len=sum([5.7, 5.6, 6.3])=17.6, ϰ=[7.8, 7.1, 8.6], ∫ϰ²/L=[9.1, 10.6, 17.0], C-C-Sep=0.20, ║∇J║=4.0e-02
-----On 19/20 Initial Guess Perturbations
Iteration 180/1000-----
J=1.6e-02, Jf=1.7e-03, ⟨B·n⟩=1.0e-02, Len=sum([5.7, 5.6, 6.3])=17.6, ϰ=[8.0, 7.0, 8.6], ∫ϰ²/L=[9.0, 10.6, 17.0], C-C-Sep=0.20, ║∇J║=4.0e-02
-----On 19/20 Initial Guess Perturbations
Iteration 181/1000-----
J=1.6e-02, Jf=1.6e-03, ⟨B·n⟩=1.0e-02, Len=sum([5.7, 5.6, 6.3])=17.6, ϰ=[8.0, 7.0, 8.5], ∫ϰ²/L=[9.1, 10.8, 17.1], C-C-Sep=0.20, ║∇J║=4.8e-02
-----On 19/20 Initial Guess Perturbations
Iteration 182/1000-----
J=1.6e-02, Jf=1.6e-03, ⟨B·n⟩=1.0e-02, Len=sum([5.7, 5.6, 6.3])=17.5, ϰ=[7.7, 7.1, 8.7], ∫ϰ²/L=[9.2, 10.8, 17.3], C-C-Sep=0.20, ║∇J║=7.6e-02
-----On 19/20 Initial Guess Perturbations
Iteration 183/1000-----
J=1.6e-02, Jf=1.6e-03, ⟨B·n⟩=1.0e-02, Len=sum([5.6, 5.6, 6.3])=17.5, ϰ=[7.7, 6.9, 8.8], ∫ϰ²/L=[9.3, 10.8, 17.5], C-C-Sep=0.20, ║∇J║=4.9e-02
-----On 19/20 Initial Guess Perturbations
Iteration 184/1000-----
J=1.6e-02, Jf=1.6e-03, ⟨B·n⟩=1.0e-02, Len=sum([5.6, 5.6, 6.3])=17.5, ϰ=[7.6, 6.9, 9.0], ∫ϰ²/L=[9.3, 10.6, 17.4], C-C-Sep=0.20, ║∇J║=4.4e-02
-----On 19/20 Initial Guess Perturbations
Iteration 185/1000-----
J=1.6e-02, Jf=1.6e-03, ⟨B·n⟩=1.0e-02, Len=sum([5.6, 5.6, 6.3])=17.5, ϰ=[7.6, 6.8, 9.1], ∫ϰ²/L=[9.3, 10.6, 17.3], C-C-Sep=0.20, ║∇J║=4.6e-02
-----On 19/20 Initial Guess Perturbations
Iteration 186/1000-----
J=1.6e-02, Jf=1.6e-03, ⟨B·n⟩=1.0e-02, Len=sum([5.6, 5.5, 6.3])=17.4, ϰ=[7.5, 6.8, 9.2], ∫ϰ²/L=[9.3, 10.5, 17.3], C-C-Sep=0.20, ║∇J║=6.0e-02
-----On 19/20 Initial Guess Perturbations
Iteration 187/1000-----
J=1.6e-02, Jf=1.6e-03, ⟨B·n⟩=1.0e-02, Len=sum([5.6, 5.5, 6.2])=17.4, ϰ=[7.7, 6.8, 9.4], ∫ϰ²/L=[9.9, 11.2, 17.7], C-C-Sep=0.19, ║∇J║=1.1e-01
-----On 19/20 Initial Guess Perturbations
Iteration 188/1000-----
J=1.6e-02, Jf=1.6e-03, ⟨B·n⟩=1.0e-02, Len=sum([5.6, 5.5, 6.3])=17.4, ϰ=[7.6, 6.8, 9.3], ∫ϰ²/L=[9.5, 10.7, 17.4], C-C-Sep=0.20, ║∇J║=5.3e-02
-----On 19/20 Initial Guess Perturbations
Iteration 189/1000-----
J=1.6e-02, Jf=1.6e-03, ⟨B·n⟩=1.0e-02, Len=sum([5.6, 5.5, 6.2])=17.3, ϰ=[7.7, 7.1, 9.1], ∫ϰ²/L=[9.3, 10.4, 17.4], C-C-Sep=0.20, ║∇J║=9.9e-02
-----On 19/20 Initial Guess Perturbations
Iteration 190/1000-----
J=1.6e-02, Jf=1.6e-03, ⟨B·n⟩=1.0e-02, Len=sum([5.6, 5.5, 6.2])=17.3, ϰ=[7.7, 6.8, 9.2], ∫ϰ²/L=[9.3, 10.2, 17.4], C-C-Sep=0.20, ║∇J║=4.6e-02
-----On 19/20 Initial Guess Perturbations
Iteration 191/1000-----
J=1.6e-02, Jf=1.6e-03, ⟨B·n⟩=1.0e-02, Len=sum([5.6, 5.5, 6.2])=17.3, ϰ=[7.5, 7.0, 9.1], ∫ϰ²/L=[9.4, 10.3, 17.4], C-C-Sep=0.20, ║∇J║=3.7e-02
-----On 19/20 Initial Guess Perturbations
Iteration 192/1000-----
J=1.6e-02, Jf=1.6e-03, ⟨B·n⟩=1.0e-02, Len=sum([5.6, 5.5, 6.2])=17.3, ϰ=[7.5, 6.8, 9.5], ∫ϰ²/L=[9.2, 10.1, 17.4], C-C-Sep=0.20, ║∇J║=4.8e-02
-----On 19/20 Initial Guess Perturbations
Iteration 193/1000-----
J=1.6e-02, Jf=1.5e-03, ⟨B·n⟩=1.0e-02, Len=sum([5.6, 5.5, 6.2])=17.3, ϰ=[7.3, 6.9, 9.3], ∫ϰ²/L=[9.2, 10.4, 17.5], C-C-Sep=0.20, ║∇J║=5.1e-02
-----On 19/20 Initial Guess Perturbations
Iteration 194/1000-----
J=1.5e-02, Jf=1.5e-03, ⟨B·n⟩=9.9e-03, Len=sum([5.5, 5.5, 6.2])=17.2, ϰ=[7.2, 7.0, 9.2], ∫ϰ²/L=[9.3, 10.8, 17.6], C-C-Sep=0.20, ║∇J║=4.7e-02
-----On 19/20 Initial Guess Perturbations
Iteration 195/1000-----
J=1.5e-02, Jf=1.5e-03, ⟨B·n⟩=9.9e-03, Len=sum([5.5, 5.5, 6.2])=17.2, ϰ=[7.0, 6.8, 9.2], ∫ϰ²/L=[9.1, 11.1, 17.6], C-C-Sep=0.20, ║∇J║=4.4e-02
-----On 19/20 Initial Guess Perturbations
Iteration 196/1000-----
J=1.5e-02, Jf=1.5e-03, ⟨B·n⟩=9.8e-03, Len=sum([5.5, 5.5, 6.2])=17.2, ϰ=[7.0, 6.7, 9.3], ∫ϰ²/L=[9.1, 11.2, 17.7], C-C-Sep=0.20, ║∇J║=4.3e-02
-----On 19/20 Initial Guess Perturbations
Iteration 197/1000-----
J=1.5e-02, Jf=1.5e-03, ⟨B·n⟩=9.8e-03, Len=sum([5.5, 5.5, 6.2])=17.1, ϰ=[6.9, 6.8, 9.6], ∫ϰ²/L=[8.9, 11.0, 17.6], C-C-Sep=0.20, ║∇J║=4.5e-02
-----On 19/20 Initial Guess Perturbations
Iteration 198/1000-----
J=1.5e-02, Jf=1.5e-03, ⟨B·n⟩=9.8e-03, Len=sum([5.5, 5.5, 6.1])=17.1, ϰ=[6.9, 7.1, 9.6], ∫ϰ²/L=[9.0, 11.4, 17.9], C-C-Sep=0.20, ║∇J║=5.9e-02
-----On 19/20 Initial Guess Perturbations
Iteration 199/1000-----
J=1.5e-02, Jf=1.5e-03, ⟨B·n⟩=9.9e-03, Len=sum([5.5, 5.4, 6.1])=17.0, ϰ=[7.0, 7.3, 9.5], ∫ϰ²/L=[9.1, 11.0, 17.8], C-C-Sep=0.20, ║∇J║=8.5e-02
-----On 19/20 Initial Guess Perturbations
Iteration 200/1000-----
J=1.5e-02, Jf=1.5e-03, ⟨B·n⟩=9.9e-03, Len=sum([5.4, 5.4, 6.1])=17.0, ϰ=[6.8, 7.4, 9.7], ∫ϰ²/L=[9.2, 11.4, 17.9], C-C-Sep=0.20, ║∇J║=6.0e-02
-----On 19/20 Initial Guess Perturbations
Iteration 201/1000-----
J=1.5e-02, Jf=1.5e-03, ⟨B·n⟩=9.9e-03, Len=sum([5.4, 5.4, 6.1])=17.0, ϰ=[6.7, 7.0, 9.5], ∫ϰ²/L=[9.1, 11.6, 17.9], C-C-Sep=0.20, ║∇J║=4.4e-02
-----On 19/20 Initial Guess Perturbations
Iteration 202/1000-----
J=1.5e-02, Jf=1.5e-03, ⟨B·n⟩=9.8e-03, Len=sum([5.4, 5.4, 6.1])=17.0, ϰ=[6.8, 6.9, 9.5], ∫ϰ²/L=[8.9, 11.4, 17.8], C-C-Sep=0.20, ║∇J║=4.1e-02
-----On 19/20 Initial Guess Perturbations
Iteration 203/1000-----
J=1.5e-02, Jf=1.5e-03, ⟨B·n⟩=9.8e-03, Len=sum([5.4, 5.4, 6.1])=16.9, ϰ=[6.8, 6.5, 9.5], ∫ϰ²/L=[9.1, 12.1, 17.9], C-C-Sep=0.20, ║∇J║=5.4e-02
-----On 19/20 Initial Guess Perturbations
Iteration 204/1000-----
J=1.5e-02, Jf=1.5e-03, ⟨B·n⟩=9.9e-03, Len=sum([5.4, 5.4, 6.0])=16.8, ϰ=[6.8, 6.3, 9.6], ∫ϰ²/L=[9.1, 12.2, 17.9], C-C-Sep=0.20, ║∇J║=6.0e-02
-----On 19/20 Initial Guess Perturbations
Iteration 205/1000-----
J=1.5e-02, Jf=1.5e-03, ⟨B·n⟩=9.9e-03, Len=sum([5.4, 5.4, 6.0])=16.8, ϰ=[6.9, 6.2, 9.8], ∫ϰ²/L=[9.1, 12.0, 18.0], C-C-Sep=0.20, ║∇J║=4.9e-02
-----On 19/20 Initial Guess Perturbations
Iteration 206/1000-----
J=1.5e-02, Jf=1.5e-03, ⟨B·n⟩=9.8e-03, Len=sum([5.4, 5.4, 6.0])=16.8, ϰ=[6.9, 6.0, 9.7], ∫ϰ²/L=[8.9, 11.4, 17.9], C-C-Sep=0.20, ║∇J║=4.3e-02
-----On 19/20 Initial Guess Perturbations
Iteration 207/1000-----
J=1.5e-02, Jf=1.5e-03, ⟨B·n⟩=9.8e-03, Len=sum([5.4, 5.4, 6.0])=16.8, ϰ=[6.8, 6.7, 10.0], ∫ϰ²/L=[9.2, 11.7, 18.2], C-C-Sep=0.19, ║∇J║=7.4e-02
-----On 19/20 Initial Guess Perturbations
Iteration 208/1000-----
J=1.5e-02, Jf=1.5e-03, ⟨B·n⟩=9.8e-03, Len=sum([5.4, 5.4, 6.0])=16.7, ϰ=[7.0, 6.5, 10.0], ∫ϰ²/L=[8.8, 11.3, 18.1], C-C-Sep=0.20, ║∇J║=8.0e-02
-----On 19/20 Initial Guess Perturbations
Iteration 209/1000-----
J=1.5e-02, Jf=1.5e-03, ⟨B·n⟩=9.8e-03, Len=sum([5.4, 5.4, 6.0])=16.7, ϰ=[7.1, 6.5, 9.7], ∫ϰ²/L=[8.8, 11.3, 18.1], C-C-Sep=0.20, ║∇J║=5.2e-02
-----On 19/20 Initial Guess Perturbations
Iteration 210/1000-----
J=1.5e-02, Jf=1.5e-03, ⟨B·n⟩=9.8e-03, Len=sum([5.4, 5.4, 6.0])=16.7, ϰ=[7.2, 6.5, 9.8], ∫ϰ²/L=[8.9, 11.3, 18.2], C-C-Sep=0.20, ║∇J║=3.9e-02
-----On 19/20 Initial Guess Perturbations
Iteration 211/1000-----
J=1.5e-02, Jf=1.5e-03, ⟨B·n⟩=9.8e-03, Len=sum([5.3, 5.3, 6.0])=16.6, ϰ=[7.3, 6.9, 9.7], ∫ϰ²/L=[9.2, 11.7, 18.6], C-C-Sep=0.20, ║∇J║=5.7e-02
-----On 19/20 Initial Guess Perturbations
Iteration 212/1000-----
J=1.5e-02, Jf=1.5e-03, ⟨B·n⟩=9.9e-03, Len=sum([5.3, 5.3, 5.9])=16.6, ϰ=[7.5, 7.0, 10.0], ∫ϰ²/L=[9.4, 12.0, 19.0], C-C-Sep=0.20, ║∇J║=8.6e-02
-----On 19/20 Initial Guess Perturbations
Iteration 213/1000-----
J=1.5e-02, Jf=1.5e-03, ⟨B·n⟩=9.9e-03, Len=sum([5.3, 5.3, 5.9])=16.6, ϰ=[7.5, 6.7, 10.0], ∫ϰ²/L=[9.4, 11.9, 19.0], C-C-Sep=0.20, ║∇J║=4.6e-02
-----On 19/20 Initial Guess Perturbations
Iteration 214/1000-----
J=1.5e-02, Jf=1.5e-03, ⟨B·n⟩=9.8e-03, Len=sum([5.3, 5.3, 5.9])=16.5, ϰ=[7.5, 6.6, 9.8], ∫ϰ²/L=[9.2, 11.7, 19.0], C-C-Sep=0.20, ║∇J║=4.8e-02
-----On 19/20 Initial Guess Perturbations
Iteration 215/1000-----
J=1.5e-02, Jf=1.5e-03, ⟨B·n⟩=9.8e-03, Len=sum([5.3, 5.3, 5.9])=16.5, ϰ=[7.5, 6.5, 9.8], ∫ϰ²/L=[8.9, 11.5, 19.0], C-C-Sep=0.20, ║∇J║=5.0e-02
-----On 19/20 Initial Guess Perturbations
Iteration 216/1000-----
J=1.5e-02, Jf=1.5e-03, ⟨B·n⟩=9.8e-03, Len=sum([5.3, 5.3, 5.9])=16.4, ϰ=[7.6, 6.6, 9.6], ∫ϰ²/L=[9.0, 11.8, 19.2], C-C-Sep=0.20, ║∇J║=9.0e-02
-----On 19/20 Initial Guess Perturbations
Iteration 217/1000-----
J=1.5e-02, Jf=1.5e-03, ⟨B·n⟩=9.8e-03, Len=sum([5.3, 5.3, 5.9])=16.4, ϰ=[7.6, 6.8, 9.6], ∫ϰ²/L=[8.7, 11.7, 19.1], C-C-Sep=0.20, ║∇J║=6.2e-02
-----On 19/20 Initial Guess Perturbations
Iteration 218/1000-----
J=1.5e-02, Jf=1.4e-03, ⟨B·n⟩=9.8e-03, Len=sum([5.3, 5.3, 5.9])=16.4, ϰ=[7.8, 6.3, 9.8], ∫ϰ²/L=[8.9, 11.7, 19.1], C-C-Sep=0.20, ║∇J║=4.2e-02
-----On 19/20 Initial Guess Perturbations
Iteration 219/1000-----
J=1.5e-02, Jf=1.4e-03, ⟨B·n⟩=9.8e-03, Len=sum([5.3, 5.3, 5.8])=16.4, ϰ=[7.7, 6.0, 9.8], ∫ϰ²/L=[8.9, 11.5, 19.0], C-C-Sep=0.20, ║∇J║=4.5e-02
-----On 19/20 Initial Guess Perturbations
Iteration 220/1000-----
J=1.5e-02, Jf=1.4e-03, ⟨B·n⟩=9.8e-03, Len=sum([5.3, 5.3, 5.8])=16.3, ϰ=[7.9, 6.5, 9.7], ∫ϰ²/L=[9.4, 11.7, 19.3], C-C-Sep=0.20, ║∇J║=5.4e-02
-----On 19/20 Initial Guess Perturbations
Iteration 221/1000-----
J=1.5e-02, Jf=1.4e-03, ⟨B·n⟩=9.8e-03, Len=sum([5.2, 5.2, 5.8])=16.3, ϰ=[8.0, 6.6, 9.5], ∫ϰ²/L=[9.6, 11.3, 19.2], C-C-Sep=0.20, ║∇J║=4.8e-02
-----On 19/20 Initial Guess Perturbations
Iteration 222/1000-----
J=1.5e-02, Jf=1.5e-03, ⟨B·n⟩=9.8e-03, Len=sum([5.2, 5.2, 5.8])=16.2, ϰ=[8.2, 6.6, 9.8], ∫ϰ²/L=[10.2, 11.4, 20.0], C-C-Sep=0.20, ║∇J║=8.8e-02
-----On 19/20 Initial Guess Perturbations
Iteration 223/1000-----
J=1.5e-02, Jf=1.4e-03, ⟨B·n⟩=9.8e-03, Len=sum([5.2, 5.2, 5.8])=16.2, ϰ=[8.0, 6.0, 9.4], ∫ϰ²/L=[9.5, 10.6, 19.4], C-C-Sep=0.20, ║∇J║=6.3e-02
-----On 19/20 Initial Guess Perturbations
Iteration 224/1000-----
J=1.5e-02, Jf=1.4e-03, ⟨B·n⟩=9.8e-03, Len=sum([5.2, 5.2, 5.8])=16.2, ϰ=[8.0, 6.0, 9.4], ∫ϰ²/L=[9.4, 10.5, 19.2], C-C-Sep=0.20, ║∇J║=4.2e-02
-----On 19/20 Initial Guess Perturbations
Iteration 225/1000-----
J=1.5e-02, Jf=1.4e-03, ⟨B·n⟩=9.8e-03, Len=sum([5.2, 5.2, 5.7])=16.2, ϰ=[8.0, 6.1, 9.5], ∫ϰ²/L=[9.4, 10.5, 19.3], C-C-Sep=0.20, ║∇J║=3.9e-02
-----On 19/20 Initial Guess Perturbations
Iteration 226/1000-----
J=1.5e-02, Jf=1.4e-03, ⟨B·n⟩=9.8e-03, Len=sum([5.2, 5.2, 5.7])=16.1, ϰ=[8.2, 6.2, 9.5], ∫ϰ²/L=[9.6, 10.4, 19.2], C-C-Sep=0.20, ║∇J║=5.0e-02
-----On 19/20 Initial Guess Perturbations
Iteration 227/1000-----
J=1.5e-02, Jf=1.5e-03, ⟨B·n⟩=9.8e-03, Len=sum([5.2, 5.2, 5.7])=16.1, ϰ=[8.3, 6.5, 9.8], ∫ϰ²/L=[9.7, 10.4, 19.4], C-C-Sep=0.20, ║∇J║=5.2e-02
-----On 19/20 Initial Guess Perturbations
Iteration 228/1000-----
J=1.4e-02, Jf=1.5e-03, ⟨B·n⟩=9.8e-03, Len=sum([5.2, 5.2, 5.7])=16.1, ϰ=[8.5, 6.4, 9.9], ∫ϰ²/L=[9.6, 10.3, 19.3], C-C-Sep=0.20, ║∇J║=3.9e-02
-----On 19/20 Initial Guess Perturbations
Iteration 229/1000-----
J=1.4e-02, Jf=1.5e-03, ⟨B·n⟩=9.8e-03, Len=sum([5.2, 5.2, 5.7])=16.0, ϰ=[8.8, 6.2, 9.9], ∫ϰ²/L=[9.6, 10.0, 19.1], C-C-Sep=0.20, ║∇J║=5.0e-02
-----On 19/20 Initial Guess Perturbations
Iteration 230/1000-----
J=1.4e-02, Jf=1.5e-03, ⟨B·n⟩=9.8e-03, Len=sum([5.2, 5.2, 5.7])=16.0, ϰ=[9.0, 6.4, 9.9], ∫ϰ²/L=[9.9, 10.1, 19.3], C-C-Sep=0.20, ║∇J║=6.6e-02
-----On 19/20 Initial Guess Perturbations
Iteration 231/1000-----
J=1.4e-02, Jf=1.5e-03, ⟨B·n⟩=9.8e-03, Len=sum([5.2, 5.2, 5.7])=16.0, ϰ=[8.9, 6.2, 10.0], ∫ϰ²/L=[9.7, 10.0, 19.1], C-C-Sep=0.20, ║∇J║=4.6e-02
-----On 19/20 Initial Guess Perturbations
Iteration 232/1000-----
J=1.4e-02, Jf=1.5e-03, ⟨B·n⟩=9.9e-03, Len=sum([5.2, 5.2, 5.6])=16.0, ϰ=[8.8, 6.5, 10.0], ∫ϰ²/L=[9.8, 10.1, 19.2], C-C-Sep=0.20, ║∇J║=8.1e-02
-----On 19/20 Initial Guess Perturbations
Iteration 233/1000-----
J=1.4e-02, Jf=1.5e-03, ⟨B·n⟩=9.8e-03, Len=sum([5.2, 5.2, 5.6])=15.9, ϰ=[8.8, 6.6, 10.0], ∫ϰ²/L=[9.7, 10.1, 19.0], C-C-Sep=0.20, ║∇J║=5.1e-02
-----On 19/20 Initial Guess Perturbations
Iteration 234/1000-----
J=1.4e-02, Jf=1.5e-03, ⟨B·n⟩=9.8e-03, Len=sum([5.2, 5.2, 5.6])=15.9, ϰ=[8.8, 6.7, 10.1], ∫ϰ²/L=[10.0, 10.4, 19.2], C-C-Sep=0.20, ║∇J║=4.8e-02
-----On 19/20 Initial Guess Perturbations
Iteration 235/1000-----
J=1.4e-02, Jf=1.5e-03, ⟨B·n⟩=9.9e-03, Len=sum([5.1, 5.1, 5.6])=15.9, ϰ=[8.8, 7.0, 10.1], ∫ϰ²/L=[10.2, 10.5, 19.3], C-C-Sep=0.20, ║∇J║=4.1e-02
-----On 19/20 Initial Guess Perturbations
Iteration 236/1000-----
J=1.4e-02, Jf=1.5e-03, ⟨B·n⟩=9.9e-03, Len=sum([5.1, 5.1, 5.6])=15.9, ϰ=[8.7, 7.1, 10.1], ∫ϰ²/L=[10.2, 10.6, 19.3], C-C-Sep=0.20, ║∇J║=4.6e-02
-----On 19/20 Initial Guess Perturbations
Iteration 237/1000-----
J=1.4e-02, Jf=1.5e-03, ⟨B·n⟩=9.9e-03, Len=sum([5.1, 5.1, 5.6])=15.8, ϰ=[8.6, 7.4, 10.4], ∫ϰ²/L=[10.4, 10.7, 19.6], C-C-Sep=0.20, ║∇J║=2.7e-01
-----On 19/20 Initial Guess Perturbations
Iteration 238/1000-----
J=1.4e-02, Jf=1.5e-03, ⟨B·n⟩=9.9e-03, Len=sum([5.1, 5.1, 5.6])=15.8, ϰ=[8.7, 7.2, 10.2], ∫ϰ²/L=[10.2, 10.6, 19.4], C-C-Sep=0.20, ║∇J║=8.0e-02
-----On 19/20 Initial Guess Perturbations
Iteration 239/1000-----
J=1.4e-02, Jf=1.5e-03, ⟨B·n⟩=9.9e-03, Len=sum([5.1, 5.1, 5.6])=15.8, ϰ=[8.4, 7.1, 10.4], ∫ϰ²/L=[10.0, 10.2, 19.5], C-C-Sep=0.20, ║∇J║=1.0e-01
-----On 19/20 Initial Guess Perturbations
Iteration 240/1000-----
J=1.4e-02, Jf=1.5e-03, ⟨B·n⟩=9.9e-03, Len=sum([5.1, 5.1, 5.6])=15.8, ϰ=[8.4, 7.1, 10.5], ∫ϰ²/L=[10.1, 10.2, 19.5], C-C-Sep=0.20, ║∇J║=4.5e-02
-----On 19/20 Initial Guess Perturbations
Iteration 241/1000-----
J=1.4e-02, Jf=1.5e-03, ⟨B·n⟩=9.9e-03, Len=sum([5.1, 5.1, 5.5])=15.8, ϰ=[8.5, 7.1, 10.6], ∫ϰ²/L=[10.2, 10.4, 19.5], C-C-Sep=0.20, ║∇J║=6.3e-02
-----On 19/20 Initial Guess Perturbations
Iteration 242/1000-----
J=1.4e-02, Jf=1.5e-03, ⟨B·n⟩=9.9e-03, Len=sum([5.1, 5.1, 5.5])=15.8, ϰ=[8.5, 6.8, 10.7], ∫ϰ²/L=[10.1, 10.2, 19.5], C-C-Sep=0.20, ║∇J║=3.9e-02
-----On 19/20 Initial Guess Perturbations
Iteration 243/1000-----
J=1.4e-02, Jf=1.5e-03, ⟨B·n⟩=9.9e-03, Len=sum([5.1, 5.1, 5.5])=15.7, ϰ=[8.7, 7.0, 10.8], ∫ϰ²/L=[10.3, 10.3, 19.7], C-C-Sep=0.20, ║∇J║=5.6e-02
-----On 19/20 Initial Guess Perturbations
Iteration 244/1000-----
J=1.4e-02, Jf=1.5e-03, ⟨B·n⟩=9.9e-03, Len=sum([5.1, 5.1, 5.5])=15.7, ϰ=[8.6, 6.8, 10.9], ∫ϰ²/L=[10.0, 10.0, 19.8], C-C-Sep=0.20, ║∇J║=1.7e-01
-----On 19/20 Initial Guess Perturbations
Iteration 245/1000-----
J=1.4e-02, Jf=1.5e-03, ⟨B·n⟩=9.9e-03, Len=sum([5.1, 5.1, 5.5])=15.7, ϰ=[8.5, 6.9, 10.8], ∫ϰ²/L=[9.9, 10.0, 19.9], C-C-Sep=0.20, ║∇J║=2.5e-01
-----On 19/20 Initial Guess Perturbations
Iteration 246/1000-----
J=1.4e-02, Jf=1.5e-03, ⟨B·n⟩=9.8e-03, Len=sum([5.1, 5.1, 5.5])=15.7, ϰ=[8.4, 6.6, 10.7], ∫ϰ²/L=[9.8, 9.8, 19.7], C-C-Sep=0.20, ║∇J║=4.1e-02
-----On 19/20 Initial Guess Perturbations
Iteration 247/1000-----
J=1.4e-02, Jf=1.5e-03, ⟨B·n⟩=9.9e-03, Len=sum([5.1, 5.1, 5.5])=15.7, ϰ=[8.6, 6.7, 10.7], ∫ϰ²/L=[10.0, 10.0, 19.8], C-C-Sep=0.20, ║∇J║=3.4e-02
-----On 19/20 Initial Guess Perturbations
Iteration 248/1000-----
J=1.4e-02, Jf=1.5e-03, ⟨B·n⟩=9.8e-03, Len=sum([5.1, 5.1, 5.5])=15.7, ϰ=[8.6, 6.7, 10.9], ∫ϰ²/L=[9.9, 10.0, 19.9], C-C-Sep=0.20, ║∇J║=3.1e-02
-----On 19/20 Initial Guess Perturbations
Iteration 249/1000-----
J=1.4e-02, Jf=1.5e-03, ⟨B·n⟩=9.8e-03, Len=sum([5.1, 5.1, 5.5])=15.6, ϰ=[8.4, 6.7, 11.1], ∫ϰ²/L=[9.9, 10.0, 20.3], C-C-Sep=0.20, ║∇J║=2.5e-01
-----On 19/20 Initial Guess Perturbations
Iteration 250/1000-----
J=1.5e-02, Jf=1.9e-03, ⟨B·n⟩=1.0e-02, Len=sum([5.1, 5.1, 5.5])=15.6, ϰ=[8.3, 6.5, 11.2], ∫ϰ²/L=[9.9, 10.5, 20.8], C-C-Sep=0.20, ║∇J║=4.6e+00
-----On 19/20 Initial Guess Perturbations
Iteration 251/1000-----
J=1.4e-02, Jf=1.4e-03, ⟨B·n⟩=9.8e-03, Len=sum([5.1, 5.1, 5.5])=15.6, ϰ=[8.3, 6.6, 11.1], ∫ϰ²/L=[9.9, 10.1, 20.3], C-C-Sep=0.20, ║∇J║=7.2e-02
-----On 19/20 Initial Guess Perturbations
Iteration 252/1000-----
J=1.4e-02, Jf=1.4e-03, ⟨B·n⟩=9.8e-03, Len=sum([5.1, 5.1, 5.5])=15.6, ϰ=[8.4, 6.5, 11.2], ∫ϰ²/L=[9.8, 10.0, 20.4], C-C-Sep=0.20, ║∇J║=5.8e-02
-----On 19/20 Initial Guess Perturbations
Iteration 253/1000-----
J=1.4e-02, Jf=1.4e-03, ⟨B·n⟩=9.8e-03, Len=sum([5.1, 5.1, 5.5])=15.6, ϰ=[8.4, 6.4, 11.2], ∫ϰ²/L=[9.7, 10.0, 20.4], C-C-Sep=0.20, ║∇J║=5.9e-02
-----On 19/20 Initial Guess Perturbations
Iteration 254/1000-----
J=1.4e-02, Jf=1.4e-03, ⟨B·n⟩=9.8e-03, Len=sum([5.1, 5.1, 5.4])=15.6, ϰ=[8.1, 6.3, 11.3], ∫ϰ²/L=[9.7, 10.1, 20.6], C-C-Sep=0.20, ║∇J║=4.0e-01
-----On 19/20 Initial Guess Perturbations
Iteration 255/1000-----
J=1.4e-02, Jf=1.5e-03, ⟨B·n⟩=9.9e-03, Len=sum([5.1, 5.1, 5.4])=15.5, ϰ=[7.5, 6.2, 11.3], ∫ϰ²/L=[10.2, 10.7, 20.7], C-C-Sep=0.19, ║∇J║=8.7e-01
-----On 19/20 Initial Guess Perturbations
Iteration 256/1000-----
J=1.4e-02, Jf=1.4e-03, ⟨B·n⟩=9.8e-03, Len=sum([5.1, 5.1, 5.4])=15.6, ϰ=[8.0, 6.3, 11.3], ∫ϰ²/L=[9.7, 10.1, 20.5], C-C-Sep=0.20, ║∇J║=4.1e-01
-----On 19/20 Initial Guess Perturbations
Iteration 257/1000-----
J=1.4e-02, Jf=1.4e-03, ⟨B·n⟩=9.8e-03, Len=sum([5.1, 5.1, 5.4])=15.6, ϰ=[7.8, 6.3, 11.2], ∫ϰ²/L=[9.5, 10.0, 20.3], C-C-Sep=0.20, ║∇J║=8.0e-02
-----On 19/20 Initial Guess Perturbations
Iteration 258/1000-----
J=1.4e-02, Jf=1.4e-03, ⟨B·n⟩=9.8e-03, Len=sum([5.0, 5.1, 5.4])=15.5, ϰ=[7.7, 6.4, 11.2], ∫ϰ²/L=[9.7, 10.2, 20.5], C-C-Sep=0.20, ║∇J║=5.9e-01
-----On 19/20 Initial Guess Perturbations
Iteration 259/1000-----
J=1.4e-02, Jf=1.4e-03, ⟨B·n⟩=9.8e-03, Len=sum([5.1, 5.1, 5.4])=15.5, ϰ=[7.7, 6.2, 11.1], ∫ϰ²/L=[9.6, 10.1, 20.4], C-C-Sep=0.20, ║∇J║=1.7e-01
-----On 19/20 Initial Guess Perturbations
Iteration 260/1000-----
J=1.4e-02, Jf=1.4e-03, ⟨B·n⟩=9.8e-03, Len=sum([5.1, 5.1, 5.4])=15.5, ϰ=[7.7, 6.2, 11.1], ∫ϰ²/L=[9.6, 10.1, 20.4], C-C-Sep=0.20, ║∇J║=1.3e-01
-----On 19/20 Initial Guess Perturbations
Iteration 261/1000-----
J=1.4e-02, Jf=1.4e-03, ⟨B·n⟩=9.8e-03, Len=sum([5.0, 5.1, 5.4])=15.5, ϰ=[7.6, 6.2, 11.1], ∫ϰ²/L=[9.6, 10.1, 20.4], C-C-Sep=0.20, ║∇J║=7.0e-02
-----On 19/20 Initial Guess Perturbations
Iteration 262/1000-----
J=1.4e-02, Jf=1.5e-03, ⟨B·n⟩=9.9e-03, Len=sum([5.0, 5.1, 5.4])=15.5, ϰ=[7.3, 6.2, 11.0], ∫ϰ²/L=[9.9, 10.4, 20.7], C-C-Sep=0.20, ║∇J║=1.3e+00
-----On 19/20 Initial Guess Perturbations
Iteration 263/1000-----
J=1.4e-02, Jf=1.4e-03, ⟨B·n⟩=9.8e-03, Len=sum([5.0, 5.1, 5.4])=15.5, ϰ=[7.5, 6.2, 11.1], ∫ϰ²/L=[9.7, 10.2, 20.5], C-C-Sep=0.20, ║∇J║=2.1e-01
-----On 19/20 Initial Guess Perturbations
Iteration 264/1000-----
J=1.4e-02, Jf=1.4e-03, ⟨B·n⟩=9.8e-03, Len=sum([5.0, 5.1, 5.4])=15.5, ϰ=[7.3, 6.2, 11.0], ∫ϰ²/L=[9.8, 10.3, 20.7], C-C-Sep=0.20, ║∇J║=3.3e-01
-----On 19/20 Initial Guess Perturbations
Iteration 265/1000-----
J=1.4e-02, Jf=1.4e-03, ⟨B·n⟩=9.9e-03, Len=sum([5.0, 5.1, 5.4])=15.5, ϰ=[7.5, 6.3, 11.0], ∫ϰ²/L=[9.8, 10.4, 20.7], C-C-Sep=0.20, ║∇J║=1.2e+00
-----On 19/20 Initial Guess Perturbations
Iteration 266/1000-----
J=1.4e-02, Jf=1.4e-03, ⟨B·n⟩=9.8e-03, Len=sum([5.0, 5.1, 5.4])=15.5, ϰ=[7.4, 6.3, 11.0], ∫ϰ²/L=[9.8, 10.4, 20.7], C-C-Sep=0.20, ║∇J║=2.9e-01
-----On 19/20 Initial Guess Perturbations
Iteration 267/1000-----
J=1.4e-02, Jf=1.4e-03, ⟨B·n⟩=9.8e-03, Len=sum([5.0, 5.0, 5.4])=15.5, ϰ=[7.5, 6.2, 11.0], ∫ϰ²/L=[9.8, 10.4, 20.7], C-C-Sep=0.20, ║∇J║=1.1e-01
-----On 19/20 Initial Guess Perturbations
Iteration 268/1000-----
J=1.4e-02, Jf=1.4e-03, ⟨B·n⟩=9.8e-03, Len=sum([5.0, 5.0, 5.4])=15.5, ϰ=[7.5, 6.2, 11.0], ∫ϰ²/L=[9.7, 10.4, 20.6], C-C-Sep=0.20, ║∇J║=5.0e-02
-----On 19/20 Initial Guess Perturbations
Iteration 269/1000-----
J=1.4e-02, Jf=1.4e-03, ⟨B·n⟩=9.8e-03, Len=sum([5.0, 5.0, 5.4])=15.5, ϰ=[7.4, 6.2, 11.0], ∫ϰ²/L=[9.6, 10.5, 20.7], C-C-Sep=0.20, ║∇J║=1.1e-01
-----On 19/20 Initial Guess Perturbations
Iteration 270/1000-----
J=1.4e-02, Jf=1.4e-03, ⟨B·n⟩=9.8e-03, Len=sum([5.0, 5.0, 5.4])=15.5, ϰ=[7.3, 6.2, 10.9], ∫ϰ²/L=[9.6, 10.5, 20.6], C-C-Sep=0.20, ║∇J║=1.1e-01
-----On 19/20 Initial Guess Perturbations
Iteration 271/1000-----
J=1.4e-02, Jf=1.4e-03, ⟨B·n⟩=9.8e-03, Len=sum([5.0, 5.0, 5.4])=15.4, ϰ=[7.3, 6.3, 10.8], ∫ϰ²/L=[9.6, 10.7, 20.8], C-C-Sep=0.20, ║∇J║=7.3e-01
-----On 19/20 Initial Guess Perturbations
Iteration 272/1000-----
J=1.4e-02, Jf=1.5e-03, ⟨B·n⟩=9.8e-03, Len=sum([5.0, 5.0, 5.4])=15.4, ϰ=[7.3, 6.4, 10.8], ∫ϰ²/L=[9.7, 11.1, 21.0], C-C-Sep=0.20, ║∇J║=1.1e+00
-----On 19/20 Initial Guess Perturbations
Iteration 273/1000-----
J=1.4e-02, Jf=1.4e-03, ⟨B·n⟩=9.8e-03, Len=sum([5.0, 5.0, 5.4])=15.4, ϰ=[7.3, 6.3, 10.7], ∫ϰ²/L=[9.6, 10.8, 20.8], C-C-Sep=0.20, ║∇J║=5.6e-01
-----On 19/20 Initial Guess Perturbations
Iteration 274/1000-----
J=1.4e-02, Jf=1.4e-03, ⟨B·n⟩=9.8e-03, Len=sum([5.0, 5.0, 5.4])=15.4, ϰ=[7.4, 6.4, 10.6], ∫ϰ²/L=[9.5, 10.8, 20.8], C-C-Sep=0.20, ║∇J║=9.5e-02
-----On 19/20 Initial Guess Perturbations
Iteration 275/1000-----
J=1.4e-02, Jf=1.4e-03, ⟨B·n⟩=9.8e-03, Len=sum([5.0, 5.0, 5.4])=15.4, ϰ=[7.4, 6.4, 10.6], ∫ϰ²/L=[9.4, 10.8, 20.8], C-C-Sep=0.20, ║∇J║=5.7e-02
-----On 19/20 Initial Guess Perturbations
Iteration 276/1000-----
J=1.4e-02, Jf=1.4e-03, ⟨B·n⟩=9.8e-03, Len=sum([5.0, 5.0, 5.4])=15.4, ϰ=[7.4, 6.4, 10.6], ∫ϰ²/L=[9.4, 10.8, 20.8], C-C-Sep=0.20, ║∇J║=1.2e-01
-----On 19/20 Initial Guess Perturbations
Iteration 277/1000-----
J=1.4e-02, Jf=1.4e-03, ⟨B·n⟩=9.8e-03, Len=sum([5.0, 5.0, 5.4])=15.4, ϰ=[7.3, 6.5, 10.7], ∫ϰ²/L=[9.3, 10.8, 20.8], C-C-Sep=0.20, ║∇J║=5.8e-02
-----On 19/20 Initial Guess Perturbations
Iteration 278/1000-----
J=1.4e-02, Jf=1.4e-03, ⟨B·n⟩=9.8e-03, Len=sum([5.0, 5.0, 5.4])=15.4, ϰ=[7.3, 6.6, 10.7], ∫ϰ²/L=[9.2, 11.0, 20.8], C-C-Sep=0.20, ║∇J║=2.7e-01
-----On 19/20 Initial Guess Perturbations
Iteration 279/1000-----
J=1.4e-02, Jf=1.4e-03, ⟨B·n⟩=9.7e-03, Len=sum([5.0, 5.0, 5.3])=15.4, ϰ=[7.3, 6.7, 10.7], ∫ϰ²/L=[9.1, 11.0, 20.8], C-C-Sep=0.20, ║∇J║=4.5e-02
-----On 19/20 Initial Guess Perturbations
Iteration 280/1000-----
J=1.4e-02, Jf=1.4e-03, ⟨B·n⟩=9.7e-03, Len=sum([5.0, 5.0, 5.3])=15.4, ϰ=[7.3, 6.8, 10.8], ∫ϰ²/L=[9.1, 11.0, 20.8], C-C-Sep=0.20, ║∇J║=4.2e-02
-----On 19/20 Initial Guess Perturbations
Iteration 281/1000-----
J=1.4e-02, Jf=1.4e-03, ⟨B·n⟩=9.7e-03, Len=sum([5.0, 5.0, 5.3])=15.4, ϰ=[7.3, 6.9, 10.8], ∫ϰ²/L=[9.0, 11.0, 20.9], C-C-Sep=0.20, ║∇J║=4.0e-02
-----On 19/20 Initial Guess Perturbations
Iteration 282/1000-----
J=1.4e-02, Jf=1.4e-03, ⟨B·n⟩=9.7e-03, Len=sum([5.0, 5.0, 5.3])=15.4, ϰ=[7.2, 6.9, 10.9], ∫ϰ²/L=[8.9, 10.9, 20.9], C-C-Sep=0.20, ║∇J║=1.1e-01
-----On 19/20 Initial Guess Perturbations
Iteration 283/1000-----
J=1.4e-02, Jf=1.4e-03, ⟨B·n⟩=9.7e-03, Len=sum([5.0, 5.0, 5.3])=15.4, ϰ=[7.1, 7.1, 10.8], ∫ϰ²/L=[9.0, 11.0, 21.1], C-C-Sep=0.20, ║∇J║=3.6e-01
-----On 19/20 Initial Guess Perturbations
Iteration 284/1000-----
J=1.4e-02, Jf=1.4e-03, ⟨B·n⟩=9.7e-03, Len=sum([5.0, 5.0, 5.3])=15.3, ϰ=[7.0, 7.1, 10.7], ∫ϰ²/L=[9.1, 11.0, 21.1], C-C-Sep=0.20, ║∇J║=1.2e+00
-----On 19/20 Initial Guess Perturbations
Iteration 285/1000-----
J=1.4e-02, Jf=1.4e-03, ⟨B·n⟩=9.7e-03, Len=sum([5.0, 5.0, 5.3])=15.4, ϰ=[7.1, 7.1, 10.7], ∫ϰ²/L=[9.0, 11.0, 21.1], C-C-Sep=0.20, ║∇J║=2.6e-01
-----On 19/20 Initial Guess Perturbations
Iteration 286/1000-----
J=1.4e-02, Jf=1.4e-03, ⟨B·n⟩=9.7e-03, Len=sum([5.0, 5.0, 5.3])=15.4, ϰ=[7.0, 7.1, 10.6], ∫ϰ²/L=[9.0, 10.8, 20.9], C-C-Sep=0.20, ║∇J║=7.7e-02
-----On 19/20 Initial Guess Perturbations
Iteration 287/1000-----
J=1.4e-02, Jf=1.4e-03, ⟨B·n⟩=9.7e-03, Len=sum([5.0, 5.0, 5.3])=15.3, ϰ=[6.9, 7.1, 10.7], ∫ϰ²/L=[9.0, 10.8, 20.9], C-C-Sep=0.20, ║∇J║=3.8e-02
-----On 19/20 Initial Guess Perturbations
Iteration 288/1000-----
J=1.4e-02, Jf=1.4e-03, ⟨B·n⟩=9.7e-03, Len=sum([5.0, 5.0, 5.3])=15.3, ϰ=[6.9, 7.1, 10.7], ∫ϰ²/L=[9.1, 10.8, 21.0], C-C-Sep=0.20, ║∇J║=6.2e-02
-----On 19/20 Initial Guess Perturbations
Iteration 289/1000-----
J=1.4e-02, Jf=1.4e-03, ⟨B·n⟩=9.7e-03, Len=sum([5.0, 5.0, 5.3])=15.3, ϰ=[6.9, 7.1, 10.8], ∫ϰ²/L=[9.2, 10.8, 21.0], C-C-Sep=0.20, ║∇J║=1.0e-01
-----On 19/20 Initial Guess Perturbations
Iteration 290/1000-----
J=1.4e-02, Jf=1.4e-03, ⟨B·n⟩=9.6e-03, Len=sum([5.0, 5.0, 5.3])=15.3, ϰ=[7.0, 7.1, 10.8], ∫ϰ²/L=[9.3, 10.8, 21.1], C-C-Sep=0.20, ║∇J║=5.5e-02
-----On 19/20 Initial Guess Perturbations
Iteration 291/1000-----
J=1.4e-02, Jf=1.4e-03, ⟨B·n⟩=9.6e-03, Len=sum([5.0, 5.0, 5.3])=15.3, ϰ=[7.1, 7.2, 10.7], ∫ϰ²/L=[9.4, 10.7, 21.1], C-C-Sep=0.20, ║∇J║=4.6e-02
-----On 19/20 Initial Guess Perturbations
Iteration 292/1000-----
J=1.4e-02, Jf=1.4e-03, ⟨B·n⟩=9.6e-03, Len=sum([5.0, 5.0, 5.3])=15.3, ϰ=[7.4, 7.2, 10.8], ∫ϰ²/L=[9.5, 10.8, 21.2], C-C-Sep=0.20, ║∇J║=4.7e-02
-----On 19/20 Initial Guess Perturbations
Iteration 293/1000-----
J=1.4e-02, Jf=1.4e-03, ⟨B·n⟩=9.6e-03, Len=sum([5.0, 5.0, 5.3])=15.3, ϰ=[7.5, 7.2, 10.8], ∫ϰ²/L=[9.5, 10.8, 21.2], C-C-Sep=0.20, ║∇J║=3.8e-02
-----On 19/20 Initial Guess Perturbations
Iteration 294/1000-----
J=1.4e-02, Jf=1.4e-03, ⟨B·n⟩=9.6e-03, Len=sum([5.0, 5.0, 5.3])=15.3, ϰ=[7.6, 7.2, 10.8], ∫ϰ²/L=[9.5, 10.7, 21.1], C-C-Sep=0.20, ║∇J║=3.3e-02
-----On 19/20 Initial Guess Perturbations
Iteration 295/1000-----
J=1.4e-02, Jf=1.4e-03, ⟨B·n⟩=9.6e-03, Len=sum([5.0, 5.0, 5.2])=15.3, ϰ=[7.5, 7.3, 10.9], ∫ϰ²/L=[9.5, 10.6, 21.2], C-C-Sep=0.20, ║∇J║=9.5e-02
-----On 19/20 Initial Guess Perturbations
Iteration 296/1000-----
J=1.4e-02, Jf=1.4e-03, ⟨B·n⟩=9.5e-03, Len=sum([5.0, 5.0, 5.2])=15.3, ϰ=[7.4, 7.2, 10.8], ∫ϰ²/L=[9.2, 10.4, 21.1], C-C-Sep=0.20, ║∇J║=1.8e-01
-----On 19/20 Initial Guess Perturbations
Iteration 297/1000-----
J=1.4e-02, Jf=1.4e-03, ⟨B·n⟩=9.5e-03, Len=sum([5.0, 5.0, 5.2])=15.3, ϰ=[7.5, 7.4, 10.9], ∫ϰ²/L=[9.4, 10.4, 21.2], C-C-Sep=0.20, ║∇J║=3.9e-02
-----On 19/20 Initial Guess Perturbations
Iteration 298/1000-----
J=1.4e-02, Jf=1.4e-03, ⟨B·n⟩=9.5e-03, Len=sum([5.0, 5.0, 5.2])=15.2, ϰ=[7.6, 7.4, 10.9], ∫ϰ²/L=[9.4, 10.4, 21.3], C-C-Sep=0.20, ║∇J║=8.7e-02
-----On 19/20 Initial Guess Perturbations
Iteration 299/1000-----
J=1.4e-02, Jf=1.4e-03, ⟨B·n⟩=9.5e-03, Len=sum([5.0, 5.0, 5.2])=15.2, ϰ=[7.6, 7.5, 10.9], ∫ϰ²/L=[9.5, 10.4, 21.3], C-C-Sep=0.20, ║∇J║=4.7e-02
-----On 19/20 Initial Guess Perturbations
Iteration 300/1000-----
J=1.4e-02, Jf=1.4e-03, ⟨B·n⟩=9.5e-03, Len=sum([5.0, 5.0, 5.2])=15.2, ϰ=[7.6, 7.6, 10.8], ∫ϰ²/L=[9.5, 10.3, 21.3], C-C-Sep=0.20, ║∇J║=4.1e-02
-----On 19/20 Initial Guess Perturbations
Iteration 301/1000-----
J=1.4e-02, Jf=1.4e-03, ⟨B·n⟩=9.5e-03, Len=sum([5.0, 5.0, 5.2])=15.2, ϰ=[7.7, 7.7, 10.8], ∫ϰ²/L=[9.5, 10.3, 21.4], C-C-Sep=0.20, ║∇J║=1.0e-01
-----On 19/20 Initial Guess Perturbations
Iteration 302/1000-----
J=1.4e-02, Jf=1.4e-03, ⟨B·n⟩=9.5e-03, Len=sum([5.0, 5.0, 5.2])=15.2, ϰ=[7.6, 7.6, 10.5], ∫ϰ²/L=[9.4, 10.3, 21.3], C-C-Sep=0.20, ║∇J║=1.5e-01
-----On 19/20 Initial Guess Perturbations
Iteration 303/1000-----
J=1.4e-02, Jf=1.4e-03, ⟨B·n⟩=9.5e-03, Len=sum([5.0, 5.0, 5.2])=15.2, ϰ=[7.8, 7.7, 10.6], ∫ϰ²/L=[9.4, 10.3, 21.2], C-C-Sep=0.20, ║∇J║=2.7e-01
-----On 19/20 Initial Guess Perturbations
Iteration 304/1000-----
J=1.4e-02, Jf=1.4e-03, ⟨B·n⟩=9.4e-03, Len=sum([5.0, 5.0, 5.2])=15.2, ϰ=[8.0, 7.7, 10.7], ∫ϰ²/L=[9.4, 10.4, 21.4], C-C-Sep=0.20, ║∇J║=5.7e-02
-----On 19/20 Initial Guess Perturbations
Iteration 305/1000-----
J=1.4e-02, Jf=1.4e-03, ⟨B·n⟩=9.5e-03, Len=sum([5.0, 5.0, 5.2])=15.2, ϰ=[7.8, 7.8, 10.7], ∫ϰ²/L=[9.3, 10.3, 21.3], C-C-Sep=0.20, ║∇J║=3.2e-02
-----On 19/20 Initial Guess Perturbations
Iteration 306/1000-----
J=1.4e-02, Jf=1.4e-03, ⟨B·n⟩=9.4e-03, Len=sum([5.0, 5.0, 5.2])=15.2, ϰ=[7.8, 7.9, 10.7], ∫ϰ²/L=[9.3, 10.3, 21.3], C-C-Sep=0.20, ║∇J║=3.9e-02
-----On 19/20 Initial Guess Perturbations
Iteration 307/1000-----
J=1.4e-02, Jf=1.4e-03, ⟨B·n⟩=9.4e-03, Len=sum([5.0, 5.0, 5.2])=15.2, ϰ=[7.8, 8.0, 10.8], ∫ϰ²/L=[9.4, 10.5, 21.5], C-C-Sep=0.20, ║∇J║=4.1e-02
-----On 19/20 Initial Guess Perturbations
Iteration 308/1000-----
J=1.4e-02, Jf=1.4e-03, ⟨B·n⟩=9.4e-03, Len=sum([5.0, 5.0, 5.2])=15.2, ϰ=[7.7, 8.1, 11.0], ∫ϰ²/L=[9.3, 10.4, 21.5], C-C-Sep=0.20, ║∇J║=3.1e-01
-----On 19/20 Initial Guess Perturbations
Iteration 309/1000-----
J=1.4e-02, Jf=1.4e-03, ⟨B·n⟩=9.4e-03, Len=sum([5.0, 5.0, 5.2])=15.2, ϰ=[7.6, 7.9, 10.9], ∫ϰ²/L=[9.2, 10.5, 21.4], C-C-Sep=0.20, ║∇J║=2.0e-01
-----On 19/20 Initial Guess Perturbations
Iteration 310/1000-----
J=1.4e-02, Jf=1.4e-03, ⟨B·n⟩=9.4e-03, Len=sum([5.0, 5.0, 5.2])=15.2, ϰ=[7.6, 7.9, 10.9], ∫ϰ²/L=[9.3, 10.5, 21.4], C-C-Sep=0.20, ║∇J║=1.2e-01
-----On 19/20 Initial Guess Perturbations
Iteration 311/1000-----
J=1.4e-02, Jf=1.4e-03, ⟨B·n⟩=9.4e-03, Len=sum([5.0, 5.0, 5.2])=15.2, ϰ=[7.6, 7.9, 11.0], ∫ϰ²/L=[9.2, 10.4, 21.4], C-C-Sep=0.20, ║∇J║=3.6e-02
-----On 19/20 Initial Guess Perturbations
Iteration 312/1000-----
J=1.4e-02, Jf=1.4e-03, ⟨B·n⟩=9.4e-03, Len=sum([5.0, 5.0, 5.2])=15.2, ϰ=[7.5, 7.9, 11.1], ∫ϰ²/L=[9.2, 10.4, 21.4], C-C-Sep=0.20, ║∇J║=7.6e-02
-----On 19/20 Initial Guess Perturbations
Iteration 313/1000-----
J=1.4e-02, Jf=1.4e-03, ⟨B·n⟩=9.4e-03, Len=sum([5.0, 5.0, 5.2])=15.1, ϰ=[7.4, 8.0, 11.1], ∫ϰ²/L=[9.1, 10.4, 21.4], C-C-Sep=0.20, ║∇J║=2.2e-01
-----On 19/20 Initial Guess Perturbations
Iteration 314/1000-----
J=1.4e-02, Jf=1.4e-03, ⟨B·n⟩=9.4e-03, Len=sum([5.0, 5.0, 5.2])=15.1, ϰ=[7.3, 8.1, 11.0], ∫ϰ²/L=[9.1, 10.4, 21.4], C-C-Sep=0.20, ║∇J║=5.5e-02
-----On 19/20 Initial Guess Perturbations
Iteration 315/1000-----
J=1.4e-02, Jf=1.4e-03, ⟨B·n⟩=9.4e-03, Len=sum([5.0, 5.0, 5.2])=15.1, ϰ=[7.3, 8.2, 11.0], ∫ϰ²/L=[9.1, 10.6, 21.4], C-C-Sep=0.20, ║∇J║=2.6e-01
-----On 19/20 Initial Guess Perturbations
Iteration 316/1000-----
J=1.4e-02, Jf=1.4e-03, ⟨B·n⟩=9.4e-03, Len=sum([5.0, 5.0, 5.2])=15.1, ϰ=[7.2, 8.2, 10.9], ∫ϰ²/L=[9.1, 10.6, 21.5], C-C-Sep=0.20, ║∇J║=3.9e-01
-----On 19/20 Initial Guess Perturbations
Iteration 317/1000-----
J=1.4e-02, Jf=1.4e-03, ⟨B·n⟩=9.4e-03, Len=sum([5.0, 5.0, 5.1])=15.1, ϰ=[7.2, 8.2, 10.9], ∫ϰ²/L=[9.1, 10.7, 21.5], C-C-Sep=0.20, ║∇J║=1.0e-01
-----On 19/20 Initial Guess Perturbations
Iteration 318/1000-----
J=1.4e-02, Jf=1.4e-03, ⟨B·n⟩=9.4e-03, Len=sum([5.0, 5.0, 5.1])=15.1, ϰ=[7.1, 8.3, 11.0], ∫ϰ²/L=[9.1, 10.6, 21.4], C-C-Sep=0.20, ║∇J║=1.5e-01
-----On 19/20 Initial Guess Perturbations
Iteration 319/1000-----
J=1.4e-02, Jf=1.4e-03, ⟨B·n⟩=9.4e-03, Len=sum([5.0, 5.0, 5.1])=15.1, ϰ=[7.1, 8.3, 10.9], ∫ϰ²/L=[9.1, 10.6, 21.4], C-C-Sep=0.20, ║∇J║=4.2e-02
-----On 19/20 Initial Guess Perturbations
Iteration 320/1000-----
J=1.4e-02, Jf=1.4e-03, ⟨B·n⟩=9.4e-03, Len=sum([5.0, 5.0, 5.1])=15.1, ϰ=[7.0, 8.3, 11.0], ∫ϰ²/L=[9.1, 10.6, 21.4], C-C-Sep=0.20, ║∇J║=3.9e-02
-----On 19/20 Initial Guess Perturbations
Iteration 321/1000-----
J=1.4e-02, Jf=1.4e-03, ⟨B·n⟩=9.4e-03, Len=sum([5.0, 5.0, 5.1])=15.1, ϰ=[6.9, 8.3, 11.0], ∫ϰ²/L=[9.2, 10.6, 21.5], C-C-Sep=0.20, ║∇J║=1.2e-01
-----On 19/20 Initial Guess Perturbations
Iteration 322/1000-----
J=1.4e-02, Jf=1.4e-03, ⟨B·n⟩=9.4e-03, Len=sum([5.0, 5.0, 5.1])=15.1, ϰ=[6.9, 8.3, 11.1], ∫ϰ²/L=[9.2, 10.6, 21.5], C-C-Sep=0.20, ║∇J║=1.1e-01
-----On 19/20 Initial Guess Perturbations
Iteration 323/1000-----
J=1.4e-02, Jf=1.4e-03, ⟨B·n⟩=9.4e-03, Len=sum([5.0, 5.0, 5.1])=15.1, ϰ=[6.8, 8.3, 11.1], ∫ϰ²/L=[9.2, 10.6, 21.5], C-C-Sep=0.20, ║∇J║=4.7e-01
-----On 19/20 Initial Guess Perturbations
Iteration 324/1000-----
J=1.4e-02, Jf=1.4e-03, ⟨B·n⟩=9.4e-03, Len=sum([5.0, 5.0, 5.1])=15.1, ϰ=[6.8, 8.4, 11.1], ∫ϰ²/L=[9.3, 10.6, 21.5], C-C-Sep=0.20, ║∇J║=5.5e-01
-----On 19/20 Initial Guess Perturbations
Iteration 325/1000-----
J=1.4e-02, Jf=1.4e-03, ⟨B·n⟩=9.4e-03, Len=sum([5.0, 5.0, 5.1])=15.1, ϰ=[6.8, 8.3, 11.0], ∫ϰ²/L=[9.2, 10.5, 21.4], C-C-Sep=0.20, ║∇J║=4.1e-02
-----On 19/20 Initial Guess Perturbations
Iteration 326/1000-----
J=1.4e-02, Jf=1.4e-03, ⟨B·n⟩=9.4e-03, Len=sum([5.0, 5.0, 5.1])=15.1, ϰ=[6.8, 8.4, 11.0], ∫ϰ²/L=[9.2, 10.4, 21.4], C-C-Sep=0.20, ║∇J║=6.9e-02
-----On 19/20 Initial Guess Perturbations
Iteration 327/1000-----
J=1.4e-02, Jf=1.4e-03, ⟨B·n⟩=9.3e-03, Len=sum([5.0, 5.0, 5.1])=15.1, ϰ=[6.8, 8.4, 10.9], ∫ϰ²/L=[9.2, 10.4, 21.4], C-C-Sep=0.20, ║∇J║=1.1e-01
-----On 19/20 Initial Guess Perturbations
Iteration 328/1000-----
J=1.4e-02, Jf=1.4e-03, ⟨B·n⟩=9.3e-03, Len=sum([5.0, 5.0, 5.1])=15.1, ϰ=[6.8, 8.4, 10.9], ∫ϰ²/L=[9.2, 10.4, 21.4], C-C-Sep=0.20, ║∇J║=1.1e-01
-----On 19/20 Initial Guess Perturbations
Iteration 329/1000-----
J=1.4e-02, Jf=1.4e-03, ⟨B·n⟩=9.3e-03, Len=sum([5.0, 5.0, 5.1])=15.1, ϰ=[6.8, 8.3, 10.9], ∫ϰ²/L=[9.3, 10.3, 21.4], C-C-Sep=0.20, ║∇J║=7.5e-02
-----On 19/20 Initial Guess Perturbations
Iteration 330/1000-----
J=1.4e-02, Jf=1.4e-03, ⟨B·n⟩=9.3e-03, Len=sum([5.0, 5.0, 5.1])=15.1, ϰ=[6.7, 8.2, 11.1], ∫ϰ²/L=[9.5, 10.2, 21.5], C-C-Sep=0.20, ║∇J║=4.5e-01
-----On 19/20 Initial Guess Perturbations
Iteration 331/1000-----
J=1.4e-02, Jf=1.4e-03, ⟨B·n⟩=9.4e-03, Len=sum([5.0, 5.0, 5.1])=15.1, ϰ=[6.6, 8.2, 11.2], ∫ϰ²/L=[9.5, 10.2, 21.4], C-C-Sep=0.20, ║∇J║=6.4e-01
-----On 19/20 Initial Guess Perturbations
Iteration 332/1000-----
J=1.4e-02, Jf=1.4e-03, ⟨B·n⟩=9.3e-03, Len=sum([5.0, 5.0, 5.1])=15.1, ϰ=[6.6, 8.1, 11.2], ∫ϰ²/L=[9.4, 10.1, 21.3], C-C-Sep=0.20, ║∇J║=1.6e-01
-----On 19/20 Initial Guess Perturbations
Iteration 333/1000-----
J=1.4e-02, Jf=1.4e-03, ⟨B·n⟩=9.3e-03, Len=sum([5.0, 5.0, 5.1])=15.1, ϰ=[6.5, 8.1, 11.2], ∫ϰ²/L=[9.4, 10.1, 21.3], C-C-Sep=0.20, ║∇J║=1.5e-01
-----On 19/20 Initial Guess Perturbations
Iteration 334/1000-----
J=1.4e-02, Jf=1.4e-03, ⟨B·n⟩=9.3e-03, Len=sum([5.0, 5.0, 5.1])=15.1, ϰ=[6.7, 8.1, 11.2], ∫ϰ²/L=[9.4, 10.1, 21.4], C-C-Sep=0.20, ║∇J║=2.3e-01
-----On 19/20 Initial Guess Perturbations
Iteration 335/1000-----
J=1.4e-02, Jf=1.4e-03, ⟨B·n⟩=9.3e-03, Len=sum([5.0, 5.0, 5.1])=15.0, ϰ=[6.8, 8.0, 11.2], ∫ϰ²/L=[9.3, 10.1, 21.4], C-C-Sep=0.20, ║∇J║=4.3e-01
-----On 19/20 Initial Guess Perturbations
Iteration 336/1000-----
J=1.4e-02, Jf=1.4e-03, ⟨B·n⟩=9.3e-03, Len=sum([5.0, 5.0, 5.1])=15.0, ϰ=[6.8, 7.9, 11.2], ∫ϰ²/L=[9.4, 10.1, 21.4], C-C-Sep=0.20, ║∇J║=2.2e-01
-----On 19/20 Initial Guess Perturbations
Iteration 337/1000-----
J=1.4e-02, Jf=1.4e-03, ⟨B·n⟩=9.3e-03, Len=sum([5.0, 5.0, 5.1])=15.0, ϰ=[6.8, 7.8, 11.3], ∫ϰ²/L=[9.4, 10.0, 21.4], C-C-Sep=0.20, ║∇J║=1.1e-01
-----On 19/20 Initial Guess Perturbations
Iteration 338/1000-----
J=1.4e-02, Jf=1.4e-03, ⟨B·n⟩=9.3e-03, Len=sum([5.0, 5.0, 5.1])=15.0, ϰ=[6.8, 7.8, 11.3], ∫ϰ²/L=[9.4, 10.0, 21.4], C-C-Sep=0.20, ║∇J║=4.7e-02
-----On 19/20 Initial Guess Perturbations
Iteration 339/1000-----
J=1.4e-02, Jf=1.4e-03, ⟨B·n⟩=9.3e-03, Len=sum([5.0, 5.0, 5.1])=15.0, ϰ=[6.8, 7.8, 11.4], ∫ϰ²/L=[9.4, 10.0, 21.4], C-C-Sep=0.20, ║∇J║=6.6e-02
-----On 19/20 Initial Guess Perturbations
Iteration 340/1000-----
J=1.4e-02, Jf=1.4e-03, ⟨B·n⟩=9.3e-03, Len=sum([5.0, 5.0, 5.1])=15.0, ϰ=[6.8, 7.9, 11.4], ∫ϰ²/L=[9.4, 10.1, 21.5], C-C-Sep=0.20, ║∇J║=4.4e-02
-----On 19/20 Initial Guess Perturbations
Iteration 341/1000-----
J=1.4e-02, Jf=1.4e-03, ⟨B·n⟩=9.3e-03, Len=sum([5.0, 5.0, 5.1])=15.0, ϰ=[6.8, 8.0, 11.4], ∫ϰ²/L=[9.4, 10.0, 21.5], C-C-Sep=0.20, ║∇J║=5.3e-02
-----On 19/20 Initial Guess Perturbations
Iteration 342/1000-----
J=1.4e-02, Jf=1.4e-03, ⟨B·n⟩=9.3e-03, Len=sum([5.0, 5.0, 5.1])=15.0, ϰ=[6.8, 8.0, 11.5], ∫ϰ²/L=[9.4, 10.0, 21.5], C-C-Sep=0.20, ║∇J║=5.9e-02
-----On 19/20 Initial Guess Perturbations
Iteration 343/1000-----
J=1.4e-02, Jf=1.4e-03, ⟨B·n⟩=9.3e-03, Len=sum([5.0, 5.0, 5.0])=15.0, ϰ=[6.9, 8.0, 11.7], ∫ϰ²/L=[9.5, 10.1, 21.7], C-C-Sep=0.20, ║∇J║=6.5e-02
-----On 19/20 Initial Guess Perturbations
Iteration 344/1000-----
J=1.4e-02, Jf=1.4e-03, ⟨B·n⟩=9.3e-03, Len=sum([5.0, 5.0, 5.0])=15.0, ϰ=[6.9, 8.1, 11.9], ∫ϰ²/L=[9.4, 10.1, 21.7], C-C-Sep=0.20, ║∇J║=1.9e-01
-----On 19/20 Initial Guess Perturbations
Iteration 345/1000-----
J=1.4e-02, Jf=1.4e-03, ⟨B·n⟩=9.3e-03, Len=sum([5.0, 5.0, 5.0])=15.0, ϰ=[6.9, 8.0, 11.8], ∫ϰ²/L=[9.4, 10.1, 21.7], C-C-Sep=0.20, ║∇J║=8.9e-02
-----On 19/20 Initial Guess Perturbations
Iteration 346/1000-----
J=1.4e-02, Jf=1.4e-03, ⟨B·n⟩=9.3e-03, Len=sum([5.0, 5.0, 5.0])=15.0, ϰ=[6.9, 8.1, 11.9], ∫ϰ²/L=[9.4, 10.0, 21.6], C-C-Sep=0.20, ║∇J║=7.1e-02
-----On 19/20 Initial Guess Perturbations
Iteration 347/1000-----
J=1.4e-02, Jf=1.4e-03, ⟨B·n⟩=9.3e-03, Len=sum([5.0, 5.0, 5.0])=15.0, ϰ=[6.9, 8.1, 12.0], ∫ϰ²/L=[9.4, 10.0, 21.6], C-C-Sep=0.20, ║∇J║=4.7e-02
-----On 19/20 Initial Guess Perturbations
Iteration 348/1000-----
J=1.4e-02, Jf=1.4e-03, ⟨B·n⟩=9.3e-03, Len=sum([5.0, 5.0, 5.0])=15.0, ϰ=[7.1, 8.2, 11.9], ∫ϰ²/L=[9.4, 10.0, 21.6], C-C-Sep=0.20, ║∇J║=4.4e-02
-----On 19/20 Initial Guess Perturbations
Iteration 349/1000-----
J=1.4e-02, Jf=1.4e-03, ⟨B·n⟩=9.3e-03, Len=sum([5.0, 5.0, 5.0])=15.0, ϰ=[7.0, 8.1, 11.8], ∫ϰ²/L=[9.4, 9.9, 21.5], C-C-Sep=0.20, ║∇J║=3.5e-02
-----On 19/20 Initial Guess Perturbations
Iteration 350/1000-----
J=1.4e-02, Jf=1.4e-03, ⟨B·n⟩=9.3e-03, Len=sum([5.0, 5.0, 5.0])=14.9, ϰ=[7.1, 8.2, 11.8], ∫ϰ²/L=[9.4, 10.0, 21.6], C-C-Sep=0.20, ║∇J║=6.0e-02
-----On 19/20 Initial Guess Perturbations
Iteration 351/1000-----
J=1.3e-02, Jf=1.4e-03, ⟨B·n⟩=9.3e-03, Len=sum([5.0, 5.0, 5.0])=14.9, ϰ=[7.2, 8.2, 11.8], ∫ϰ²/L=[9.5, 10.0, 21.7], C-C-Sep=0.20, ║∇J║=3.2e-02
-----On 19/20 Initial Guess Perturbations
Iteration 352/1000-----
J=1.3e-02, Jf=1.4e-03, ⟨B·n⟩=9.3e-03, Len=sum([5.0, 5.0, 5.0])=14.9, ϰ=[7.2, 8.2, 11.8], ∫ϰ²/L=[9.4, 10.0, 21.6], C-C-Sep=0.20, ║∇J║=8.3e-02
-----On 19/20 Initial Guess Perturbations
Iteration 353/1000-----
J=1.3e-02, Jf=1.4e-03, ⟨B·n⟩=9.3e-03, Len=sum([5.0, 5.0, 5.0])=14.9, ϰ=[7.2, 8.1, 11.8], ∫ϰ²/L=[9.4, 10.0, 21.7], C-C-Sep=0.20, ║∇J║=5.1e-02
-----On 19/20 Initial Guess Perturbations
Iteration 354/1000-----
J=1.3e-02, Jf=1.4e-03, ⟨B·n⟩=9.3e-03, Len=sum([5.0, 5.0, 5.0])=14.9, ϰ=[7.2, 8.0, 11.7], ∫ϰ²/L=[9.3, 9.8, 21.6], C-C-Sep=0.20, ║∇J║=8.0e-02
-----On 19/20 Initial Guess Perturbations
Iteration 355/1000-----
J=1.3e-02, Jf=1.4e-03, ⟨B·n⟩=9.3e-03, Len=sum([5.0, 5.0, 5.0])=14.9, ϰ=[7.2, 7.9, 11.7], ∫ϰ²/L=[9.4, 9.8, 21.7], C-C-Sep=0.20, ║∇J║=8.3e-02
-----On 19/20 Initial Guess Perturbations
Iteration 356/1000-----
J=1.3e-02, Jf=1.4e-03, ⟨B·n⟩=9.3e-03, Len=sum([5.0, 5.0, 5.0])=14.9, ϰ=[7.1, 7.9, 11.6], ∫ϰ²/L=[9.3, 9.7, 21.6], C-C-Sep=0.20, ║∇J║=4.3e-02
-----On 19/20 Initial Guess Perturbations
Iteration 357/1000-----
J=1.3e-02, Jf=1.4e-03, ⟨B·n⟩=9.3e-03, Len=sum([5.0, 5.0, 5.0])=14.9, ϰ=[7.1, 8.0, 11.6], ∫ϰ²/L=[9.3, 9.8, 21.7], C-C-Sep=0.20, ║∇J║=4.0e-02
-----On 19/20 Initial Guess Perturbations
Iteration 358/1000-----
J=1.3e-02, Jf=1.4e-03, ⟨B·n⟩=9.3e-03, Len=sum([5.0, 5.0, 5.0])=14.9, ϰ=[7.2, 8.1, 11.7], ∫ϰ²/L=[9.4, 9.9, 21.8], C-C-Sep=0.20, ║∇J║=4.5e-02
-----On 19/20 Initial Guess Perturbations
Iteration 359/1000-----
J=1.3e-02, Jf=1.4e-03, ⟨B·n⟩=9.3e-03, Len=sum([5.0, 5.0, 4.9])=14.9, ϰ=[7.2, 8.2, 11.7], ∫ϰ²/L=[9.4, 9.9, 21.9], C-C-Sep=0.20, ║∇J║=1.7e-01
-----On 19/20 Initial Guess Perturbations
Iteration 360/1000-----
J=1.3e-02, Jf=1.4e-03, ⟨B·n⟩=9.3e-03, Len=sum([5.0, 5.0, 4.9])=14.9, ϰ=[7.3, 8.2, 11.8], ∫ϰ²/L=[9.3, 9.9, 21.9], C-C-Sep=0.20, ║∇J║=1.1e-01
-----On 19/20 Initial Guess Perturbations
Iteration 361/1000-----
J=1.3e-02, Jf=1.4e-03, ⟨B·n⟩=9.3e-03, Len=sum([5.0, 5.0, 4.9])=14.9, ϰ=[7.4, 8.2, 11.8], ∫ϰ²/L=[9.3, 9.9, 21.9], C-C-Sep=0.20, ║∇J║=8.0e-02
-----On 19/20 Initial Guess Perturbations
Iteration 362/1000-----
J=1.3e-02, Jf=1.4e-03, ⟨B·n⟩=9.3e-03, Len=sum([5.0, 5.0, 4.9])=14.9, ϰ=[7.4, 8.1, 11.8], ∫ϰ²/L=[9.2, 9.8, 21.8], C-C-Sep=0.20, ║∇J║=7.0e-02
-----On 19/20 Initial Guess Perturbations
Iteration 363/1000-----
J=1.3e-02, Jf=1.4e-03, ⟨B·n⟩=9.3e-03, Len=sum([5.0, 5.0, 4.9])=14.9, ϰ=[7.4, 8.1, 11.7], ∫ϰ²/L=[9.2, 9.8, 21.8], C-C-Sep=0.20, ║∇J║=6.6e-02
-----On 19/20 Initial Guess Perturbations
Iteration 364/1000-----
J=1.3e-02, Jf=1.4e-03, ⟨B·n⟩=9.4e-03, Len=sum([5.0, 5.0, 4.9])=14.8, ϰ=[7.5, 8.1, 11.7], ∫ϰ²/L=[9.3, 9.9, 21.9], C-C-Sep=0.20, ║∇J║=3.9e-01
-----On 19/20 Initial Guess Perturbations
Iteration 365/1000-----
J=1.3e-02, Jf=1.4e-03, ⟨B·n⟩=9.3e-03, Len=sum([5.0, 5.0, 4.9])=14.8, ϰ=[7.5, 8.1, 11.7], ∫ϰ²/L=[9.2, 9.8, 21.8], C-C-Sep=0.20, ║∇J║=7.2e-02
-----On 19/20 Initial Guess Perturbations
Iteration 366/1000-----
J=1.3e-02, Jf=1.4e-03, ⟨B·n⟩=9.3e-03, Len=sum([5.0, 5.0, 4.9])=14.8, ϰ=[7.5, 8.2, 11.7], ∫ϰ²/L=[9.3, 9.9, 21.8], C-C-Sep=0.20, ║∇J║=1.9e-01
-----On 19/20 Initial Guess Perturbations
Iteration 367/1000-----
J=1.4e-02, Jf=1.5e-03, ⟨B·n⟩=9.5e-03, Len=sum([5.0, 5.0, 4.9])=14.8, ϰ=[7.6, 8.3, 11.7], ∫ϰ²/L=[9.4, 10.0, 21.9], C-C-Sep=0.20, ║∇J║=1.0e+01
-----On 19/20 Initial Guess Perturbations
Iteration 368/1000-----
J=1.3e-02, Jf=1.4e-03, ⟨B·n⟩=9.3e-03, Len=sum([5.0, 5.0, 4.9])=14.8, ϰ=[7.5, 8.2, 11.7], ∫ϰ²/L=[9.3, 9.9, 21.8], C-C-Sep=0.20, ║∇J║=1.2e-01
-----On 19/20 Initial Guess Perturbations
Iteration 369/1000-----
J=1.3e-02, Jf=1.4e-03, ⟨B·n⟩=9.3e-03, Len=sum([5.0, 5.0, 4.9])=14.8, ϰ=[7.5, 8.2, 11.7], ∫ϰ²/L=[9.3, 9.9, 21.8], C-C-Sep=0.20, ║∇J║=2.1e-01
-----On 19/20 Initial Guess Perturbations
Iteration 370/1000-----
J=1.3e-02, Jf=1.4e-03, ⟨B·n⟩=9.4e-03, Len=sum([5.0, 5.0, 4.9])=14.8, ϰ=[7.5, 8.4, 11.7], ∫ϰ²/L=[9.3, 9.9, 21.7], C-C-Sep=0.20, ║∇J║=1.6e+00
-----On 19/20 Initial Guess Perturbations
Iteration 371/1000-----
J=1.3e-02, Jf=1.4e-03, ⟨B·n⟩=9.4e-03, Len=sum([5.0, 5.0, 4.9])=14.8, ϰ=[7.5, 8.3, 11.7], ∫ϰ²/L=[9.3, 9.9, 21.8], C-C-Sep=0.20, ║∇J║=2.9e-01
-----On 19/20 Initial Guess Perturbations
Iteration 372/1000-----
J=1.3e-02, Jf=1.4e-03, ⟨B·n⟩=9.4e-03, Len=sum([5.0, 5.0, 4.9])=14.8, ϰ=[7.6, 8.5, 11.7], ∫ϰ²/L=[9.3, 10.0, 21.8], C-C-Sep=0.20, ║∇J║=4.4e+00
-----On 19/20 Initial Guess Perturbations
Iteration 373/1000-----
J=1.3e-02, Jf=1.4e-03, ⟨B·n⟩=9.3e-03, Len=sum([5.0, 5.0, 4.9])=14.8, ϰ=[7.5, 8.3, 11.7], ∫ϰ²/L=[9.3, 9.9, 21.8], C-C-Sep=0.20, ║∇J║=2.1e-01
-----On 19/20 Initial Guess Perturbations
Iteration 374/1000-----
J=1.3e-02, Jf=1.4e-03, ⟨B·n⟩=9.3e-03, Len=sum([5.0, 5.0, 4.9])=14.8, ϰ=[7.6, 8.4, 11.7], ∫ϰ²/L=[9.3, 9.9, 21.7], C-C-Sep=0.20, ║∇J║=3.1e-01
-----On 19/20 Initial Guess Perturbations
Iteration 375/1000-----
J=1.3e-02, Jf=1.4e-03, ⟨B·n⟩=9.3e-03, Len=sum([5.0, 5.0, 4.9])=14.8, ϰ=[7.6, 8.4, 11.7], ∫ϰ²/L=[9.2, 9.9, 21.7], C-C-Sep=0.20, ║∇J║=2.6e-01
-----On 19/20 Initial Guess Perturbations
Iteration 376/1000-----
J=1.3e-02, Jf=1.4e-03, ⟨B·n⟩=9.3e-03, Len=sum([5.0, 5.0, 4.9])=14.8, ϰ=[7.6, 8.4, 11.6], ∫ϰ²/L=[9.2, 9.9, 21.8], C-C-Sep=0.20, ║∇J║=2.7e-01
-----On 19/20 Initial Guess Perturbations
Iteration 377/1000-----
J=1.3e-02, Jf=1.4e-03, ⟨B·n⟩=9.4e-03, Len=sum([5.0, 5.0, 4.9])=14.8, ϰ=[7.7, 8.4, 11.6], ∫ϰ²/L=[9.2, 10.0, 21.8], C-C-Sep=0.20, ║∇J║=1.0e+01
-----On 19/20 Initial Guess Perturbations
Iteration 378/1000-----
J=1.3e-02, Jf=1.4e-03, ⟨B·n⟩=9.4e-03, Len=sum([5.0, 5.0, 4.9])=14.8, ϰ=[7.6, 8.4, 11.6], ∫ϰ²/L=[9.2, 10.0, 21.8], C-C-Sep=0.20, ║∇J║=4.8e-01
-----On 19/20 Initial Guess Perturbations
Iteration 379/1000-----
J=1.3e-02, Jf=1.4e-03, ⟨B·n⟩=9.4e-03, Len=sum([5.0, 5.0, 4.9])=14.8, ϰ=[7.7, 8.4, 11.6], ∫ϰ²/L=[9.2, 10.0, 21.8], C-C-Sep=0.20, ║∇J║=4.4e+00
-----On 19/20 Initial Guess Perturbations
Iteration 380/1000-----
J=1.3e-02, Jf=1.4e-03, ⟨B·n⟩=9.4e-03, Len=sum([5.0, 5.0, 4.9])=14.8, ϰ=[7.6, 8.4, 11.6], ∫ϰ²/L=[9.2, 10.0, 21.8], C-C-Sep=0.20, ║∇J║=3.2e-01
-----On 19/20 Initial Guess Perturbations
Iteration 381/1000-----
J=1.3e-02, Jf=1.4e-03, ⟨B·n⟩=9.4e-03, Len=sum([5.0, 5.0, 4.9])=14.8, ϰ=[7.6, 8.4, 11.6], ∫ϰ²/L=[9.2, 10.0, 21.8], C-C-Sep=0.20, ║∇J║=3.7e-01
-----On 19/20 Initial Guess Perturbations
Iteration 382/1000-----
J=1.3e-02, Jf=1.4e-03, ⟨B·n⟩=9.4e-03, Len=sum([5.0, 5.0, 4.9])=14.8, ϰ=[7.6, 8.4, 11.5], ∫ϰ²/L=[9.2, 9.9, 21.8], C-C-Sep=0.20, ║∇J║=1.1e-01
-----On 19/20 Initial Guess Perturbations
Iteration 383/1000-----
J=1.3e-02, Jf=1.4e-03, ⟨B·n⟩=9.4e-03, Len=sum([5.0, 5.0, 4.9])=14.8, ϰ=[7.6, 8.4, 11.5], ∫ϰ²/L=[9.1, 9.9, 21.8], C-C-Sep=0.20, ║∇J║=1.3e-01
-----On 19/20 Initial Guess Perturbations
Iteration 384/1000-----
J=1.3e-02, Jf=1.4e-03, ⟨B·n⟩=9.4e-03, Len=sum([5.0, 5.0, 4.9])=14.8, ϰ=[7.6, 8.4, 11.5], ∫ϰ²/L=[9.1, 9.9, 21.8], C-C-Sep=0.20, ║∇J║=1.3e-01
-----On 19/20 Initial Guess Perturbations
Iteration 385/1000-----
J=1.3e-02, Jf=1.4e-03, ⟨B·n⟩=9.4e-03, Len=sum([5.0, 5.0, 4.9])=14.8, ϰ=[7.7, 8.3, 11.6], ∫ϰ²/L=[9.1, 9.9, 21.9], C-C-Sep=0.20, ║∇J║=5.7e-01
-----On 19/20 Initial Guess Perturbations
Iteration 386/1000-----
J=1.3e-02, Jf=1.4e-03, ⟨B·n⟩=9.4e-03, Len=sum([5.0, 5.0, 4.9])=14.8, ϰ=[7.6, 8.2, 11.7], ∫ϰ²/L=[9.0, 9.9, 21.9], C-C-Sep=0.20, ║∇J║=1.2e+00
-----On 19/20 Initial Guess Perturbations
Iteration 387/1000-----
J=1.3e-02, Jf=1.4e-03, ⟨B·n⟩=9.4e-03, Len=sum([5.0, 5.0, 4.9])=14.8, ϰ=[7.6, 8.2, 11.7], ∫ϰ²/L=[9.0, 9.9, 21.9], C-C-Sep=0.20, ║∇J║=7.4e-01
-----On 19/20 Initial Guess Perturbations
Iteration 388/1000-----
J=1.3e-02, Jf=1.4e-03, ⟨B·n⟩=9.4e-03, Len=sum([5.0, 5.0, 4.9])=14.8, ϰ=[7.7, 8.2, 11.6], ∫ϰ²/L=[9.0, 10.0, 21.9], C-C-Sep=0.20, ║∇J║=8.4e-01
-----On 19/20 Initial Guess Perturbations
Iteration 389/1000-----
J=1.3e-02, Jf=1.4e-03, ⟨B·n⟩=9.4e-03, Len=sum([4.9, 5.0, 4.9])=14.8, ϰ=[7.7, 8.2, 11.6], ∫ϰ²/L=[9.0, 10.0, 21.9], C-C-Sep=0.20, ║∇J║=6.0e-01
-----On 19/20 Initial Guess Perturbations
Iteration 390/1000-----
J=1.3e-02, Jf=1.4e-03, ⟨B·n⟩=9.4e-03, Len=sum([4.9, 5.0, 4.9])=14.8, ϰ=[7.6, 8.1, 11.6], ∫ϰ²/L=[9.0, 10.0, 21.9], C-C-Sep=0.20, ║∇J║=6.1e-01
-----On 19/20 Initial Guess Perturbations
Iteration 391/1000-----
J=1.3e-02, Jf=1.4e-03, ⟨B·n⟩=9.4e-03, Len=sum([4.9, 5.0, 4.9])=14.8, ϰ=[7.5, 8.0, 11.6], ∫ϰ²/L=[8.9, 10.0, 21.9], C-C-Sep=0.20, ║∇J║=1.7e+00
-----On 19/20 Initial Guess Perturbations
Iteration 392/1000-----
J=1.3e-02, Jf=1.4e-03, ⟨B·n⟩=9.4e-03, Len=sum([4.9, 5.0, 4.9])=14.8, ϰ=[7.6, 8.1, 11.6], ∫ϰ²/L=[9.0, 10.0, 21.9], C-C-Sep=0.20, ║∇J║=5.6e-01
-----On 19/20 Initial Guess Perturbations
Iteration 393/1000-----
J=1.3e-02, Jf=1.4e-03, ⟨B·n⟩=9.4e-03, Len=sum([4.9, 5.0, 4.9])=14.8, ϰ=[7.5, 8.0, 11.6], ∫ϰ²/L=[8.9, 10.0, 21.9], C-C-Sep=0.20, ║∇J║=1.6e-01
-----On 19/20 Initial Guess Perturbations
Iteration 394/1000-----
J=1.3e-02, Jf=1.4e-03, ⟨B·n⟩=9.4e-03, Len=sum([4.9, 5.0, 4.9])=14.8, ϰ=[7.5, 8.0, 11.6], ∫ϰ²/L=[9.0, 10.0, 21.9], C-C-Sep=0.20, ║∇J║=2.4e-01
-----On 19/20 Initial Guess Perturbations
Iteration 395/1000-----
J=1.3e-02, Jf=1.4e-03, ⟨B·n⟩=9.4e-03, Len=sum([4.9, 5.0, 4.9])=14.8, ϰ=[7.6, 7.9, 11.6], ∫ϰ²/L=[9.0, 9.9, 21.9], C-C-Sep=0.20, ║∇J║=8.3e-01
-----On 19/20 Initial Guess Perturbations
Iteration 396/1000-----
J=1.3e-02, Jf=1.4e-03, ⟨B·n⟩=9.4e-03, Len=sum([4.9, 5.0, 4.9])=14.8, ϰ=[7.6, 7.9, 11.6], ∫ϰ²/L=[9.0, 10.0, 21.9], C-C-Sep=0.20, ║∇J║=5.4e-01
-----On 19/20 Initial Guess Perturbations
Iteration 397/1000-----
J=1.3e-02, Jf=1.4e-03, ⟨B·n⟩=9.4e-03, Len=sum([4.9, 5.0, 4.9])=14.8, ϰ=[7.6, 7.9, 11.6], ∫ϰ²/L=[9.0, 9.9, 21.9], C-C-Sep=0.20, ║∇J║=5.1e-01
-----On 19/20 Initial Guess Perturbations
Iteration 398/1000-----
J=1.3e-02, Jf=1.4e-03, ⟨B·n⟩=9.4e-03, Len=sum([4.9, 5.0, 4.9])=14.8, ϰ=[7.6, 7.9, 11.6], ∫ϰ²/L=[8.9, 9.9, 21.9], C-C-Sep=0.20, ║∇J║=1.0e+00
-----On 19/20 Initial Guess Perturbations
Iteration 399/1000-----
J=1.3e-02, Jf=1.4e-03, ⟨B·n⟩=9.4e-03, Len=sum([4.9, 5.0, 4.9])=14.8, ϰ=[7.6, 7.8, 11.6], ∫ϰ²/L=[8.9, 9.9, 21.9], C-C-Sep=0.20, ║∇J║=3.2e-01
-----On 19/20 Initial Guess Perturbations
Iteration 400/1000-----
J=1.3e-02, Jf=1.4e-03, ⟨B·n⟩=9.4e-03, Len=sum([4.9, 5.0, 4.9])=14.8, ϰ=[7.6, 7.8, 11.6], ∫ϰ²/L=[8.9, 9.9, 21.9], C-C-Sep=0.20, ║∇J║=1.0e+00
-----On 19/20 Initial Guess Perturbations
Iteration 401/1000-----
J=1.3e-02, Jf=1.4e-03, ⟨B·n⟩=9.4e-03, Len=sum([4.9, 5.0, 4.9])=14.8, ϰ=[7.6, 7.8, 11.6], ∫ϰ²/L=[8.9, 9.9, 21.9], C-C-Sep=0.20, ║∇J║=5.2e-01
-----On 19/20 Initial Guess Perturbations
Iteration 402/1000-----
J=1.3e-02, Jf=1.4e-03, ⟨B·n⟩=9.3e-03, Len=sum([4.9, 5.0, 4.9])=14.8, ϰ=[7.5, 7.8, 11.6], ∫ϰ²/L=[8.9, 9.9, 21.9], C-C-Sep=0.20, ║∇J║=9.0e-02
-----On 19/20 Initial Guess Perturbations
Iteration 403/1000-----
J=1.3e-02, Jf=1.4e-03, ⟨B·n⟩=9.3e-03, Len=sum([4.9, 5.0, 4.9])=14.8, ϰ=[7.5, 7.9, 11.7], ∫ϰ²/L=[8.9, 9.9, 21.9], C-C-Sep=0.20, ║∇J║=2.0e-01
-----On 19/20 Initial Guess Perturbations
Iteration 404/1000-----
J=1.3e-02, Jf=1.4e-03, ⟨B·n⟩=9.4e-03, Len=sum([4.9, 5.0, 4.9])=14.8, ϰ=[7.5, 7.9, 11.7], ∫ϰ²/L=[8.9, 9.9, 22.0], C-C-Sep=0.20, ║∇J║=2.0e-01
-----On 19/20 Initial Guess Perturbations
Iteration 405/1000-----
J=1.3e-02, Jf=1.4e-03, ⟨B·n⟩=9.4e-03, Len=sum([4.9, 5.0, 4.9])=14.8, ϰ=[7.5, 7.9, 11.7], ∫ϰ²/L=[9.0, 9.9, 22.0], C-C-Sep=0.20, ║∇J║=2.1e-01
-----On 19/20 Initial Guess Perturbations
Iteration 406/1000-----
J=1.3e-02, Jf=1.4e-03, ⟨B·n⟩=9.4e-03, Len=sum([4.9, 5.0, 4.9])=14.8, ϰ=[7.5, 8.0, 11.7], ∫ϰ²/L=[9.0, 9.9, 22.0], C-C-Sep=0.20, ║∇J║=1.2e-01
-----On 19/20 Initial Guess Perturbations
Iteration 407/1000-----
J=1.3e-02, Jf=1.4e-03, ⟨B·n⟩=9.4e-03, Len=sum([4.9, 4.9, 4.9])=14.8, ϰ=[7.5, 8.0, 11.8], ∫ϰ²/L=[8.9, 9.9, 22.0], C-C-Sep=0.20, ║∇J║=7.6e-02
-----On 19/20 Initial Guess Perturbations
Iteration 408/1000-----
J=1.3e-02, Jf=1.4e-03, ⟨B·n⟩=9.4e-03, Len=sum([4.9, 4.9, 4.9])=14.8, ϰ=[7.5, 8.0, 11.7], ∫ϰ²/L=[8.9, 9.9, 22.0], C-C-Sep=0.20, ║∇J║=8.7e-02
-----On 19/20 Initial Guess Perturbations
Iteration 409/1000-----
J=1.3e-02, Jf=1.4e-03, ⟨B·n⟩=9.4e-03, Len=sum([4.9, 4.9, 4.9])=14.8, ϰ=[7.5, 8.0, 11.7], ∫ϰ²/L=[8.9, 9.9, 22.0], C-C-Sep=0.20, ║∇J║=5.4e-01
-----On 19/20 Initial Guess Perturbations
Iteration 410/1000-----
J=1.3e-02, Jf=1.4e-03, ⟨B·n⟩=9.4e-03, Len=sum([4.9, 4.9, 4.9])=14.8, ϰ=[7.5, 8.0, 11.6], ∫ϰ²/L=[8.9, 9.9, 22.0], C-C-Sep=0.20, ║∇J║=5.5e+00
-----On 19/20 Initial Guess Perturbations
Iteration 411/1000-----
J=1.3e-02, Jf=1.4e-03, ⟨B·n⟩=9.4e-03, Len=sum([4.9, 4.9, 4.9])=14.8, ϰ=[7.5, 8.0, 11.6], ∫ϰ²/L=[8.9, 9.9, 22.0], C-C-Sep=0.20, ║∇J║=2.1e+00
-----On 19/20 Initial Guess Perturbations
Iteration 412/1000-----
J=1.3e-02, Jf=1.4e-03, ⟨B·n⟩=9.4e-03, Len=sum([4.9, 4.9, 4.9])=14.8, ϰ=[7.5, 8.0, 11.5], ∫ϰ²/L=[8.9, 9.9, 22.0], C-C-Sep=0.20, ║∇J║=8.9e+00
-----On 19/20 Initial Guess Perturbations
Iteration 413/1000-----
J=1.3e-02, Jf=1.4e-03, ⟨B·n⟩=9.4e-03, Len=sum([4.9, 4.9, 4.9])=14.8, ϰ=[7.5, 8.0, 11.6], ∫ϰ²/L=[8.9, 9.9, 22.0], C-C-Sep=0.20, ║∇J║=7.6e-01
-----On 19/20 Initial Guess Perturbations
Iteration 414/1000-----
J=1.3e-02, Jf=1.4e-03, ⟨B·n⟩=9.3e-03, Len=sum([4.9, 4.9, 4.9])=14.8, ϰ=[7.5, 8.0, 11.6], ∫ϰ²/L=[8.9, 9.9, 22.0], C-C-Sep=0.20, ║∇J║=3.1e-02
-----On 19/20 Initial Guess Perturbations
Iteration 415/1000-----
J=1.3e-02, Jf=1.4e-03, ⟨B·n⟩=9.3e-03, Len=sum([4.9, 4.9, 4.9])=14.8, ϰ=[7.5, 8.0, 11.6], ∫ϰ²/L=[8.9, 9.9, 22.0], C-C-Sep=0.20, ║∇J║=1.7e-01
-----On 19/20 Initial Guess Perturbations
Iteration 416/1000-----
J=1.3e-02, Jf=1.4e-03, ⟨B·n⟩=9.4e-03, Len=sum([4.9, 4.9, 4.9])=14.8, ϰ=[7.5, 8.0, 11.6], ∫ϰ²/L=[9.0, 9.9, 22.0], C-C-Sep=0.20, ║∇J║=1.8e+00
-----On 19/20 Initial Guess Perturbations
Iteration 417/1000-----
J=1.3e-02, Jf=1.4e-03, ⟨B·n⟩=9.4e-03, Len=sum([4.9, 4.9, 4.9])=14.8, ϰ=[7.5, 8.0, 11.7], ∫ϰ²/L=[9.0, 9.9, 22.0], C-C-Sep=0.20, ║∇J║=2.1e+00
-----On 19/20 Initial Guess Perturbations
Iteration 418/1000-----
J=1.3e-02, Jf=1.4e-03, ⟨B·n⟩=9.4e-03, Len=sum([4.9, 4.9, 4.9])=14.8, ϰ=[7.5, 8.1, 11.7], ∫ϰ²/L=[9.0, 10.0, 22.0], C-C-Sep=0.20, ║∇J║=9.3e-01
-----On 19/20 Initial Guess Perturbations
Iteration 419/1000-----
J=1.3e-02, Jf=1.4e-03, ⟨B·n⟩=9.4e-03, Len=sum([4.9, 4.9, 4.9])=14.8, ϰ=[7.5, 8.1, 11.7], ∫ϰ²/L=[9.0, 10.0, 22.0], C-C-Sep=0.20, ║∇J║=9.7e-01
-----On 19/20 Initial Guess Perturbations
Iteration 420/1000-----
J=1.3e-02, Jf=1.4e-03, ⟨B·n⟩=9.4e-03, Len=sum([4.9, 4.9, 4.9])=14.8, ϰ=[7.5, 8.1, 11.7], ∫ϰ²/L=[8.9, 10.0, 22.0], C-C-Sep=0.20, ║∇J║=5.0e-01
-----On 19/20 Initial Guess Perturbations
Iteration 421/1000-----
J=1.3e-02, Jf=1.4e-03, ⟨B·n⟩=9.4e-03, Len=sum([4.9, 4.9, 4.9])=14.7, ϰ=[7.4, 8.2, 11.7], ∫ϰ²/L=[8.9, 10.0, 22.0], C-C-Sep=0.20, ║∇J║=1.2e+00
-----On 19/20 Initial Guess Perturbations
Iteration 422/1000-----
J=1.3e-02, Jf=1.4e-03, ⟨B·n⟩=9.4e-03, Len=sum([4.9, 4.9, 4.9])=14.7, ϰ=[7.4, 8.2, 11.8], ∫ϰ²/L=[8.9, 10.0, 22.0], C-C-Sep=0.20, ║∇J║=4.4e-01
-----On 19/20 Initial Guess Perturbations
Iteration 423/1000-----
J=1.3e-02, Jf=1.4e-03, ⟨B·n⟩=9.4e-03, Len=sum([4.9, 4.9, 4.9])=14.7, ϰ=[7.4, 8.3, 11.8], ∫ϰ²/L=[8.9, 10.1, 22.0], C-C-Sep=0.20, ║∇J║=4.8e-01
-----On 19/20 Initial Guess Perturbations
Iteration 424/1000-----
J=1.3e-02, Jf=1.4e-03, ⟨B·n⟩=9.4e-03, Len=sum([4.9, 4.9, 4.8])=14.7, ϰ=[7.3, 8.3, 11.8], ∫ϰ²/L=[9.0, 10.1, 22.0], C-C-Sep=0.20, ║∇J║=3.8e+00
-----On 19/20 Initial Guess Perturbations
Iteration 425/1000-----
J=1.3e-02, Jf=1.4e-03, ⟨B·n⟩=9.5e-03, Len=sum([4.9, 4.9, 4.8])=14.7, ϰ=[7.6, 8.2, 12.0], ∫ϰ²/L=[9.1, 10.1, 22.1], C-C-Sep=0.20, ║∇J║=1.6e+02
-----On 19/20 Initial Guess Perturbations
Iteration 426/1000-----
J=1.3e-02, Jf=1.4e-03, ⟨B·n⟩=9.4e-03, Len=sum([4.9, 4.9, 4.8])=14.7, ϰ=[7.3, 8.2, 11.9], ∫ϰ²/L=[9.0, 10.1, 22.0], C-C-Sep=0.20, ║∇J║=4.5e+00
-----On 19/20 Initial Guess Perturbations
Iteration 427/1000-----
J=1.3e-02, Jf=1.4e-03, ⟨B·n⟩=9.4e-03, Len=sum([4.9, 4.9, 4.8])=14.7, ϰ=[7.4, 8.2, 11.9], ∫ϰ²/L=[9.0, 10.0, 22.0], C-C-Sep=0.20, ║∇J║=5.4e+00
-----On 19/20 Initial Guess Perturbations
Iteration 428/1000-----
J=1.3e-02, Jf=1.4e-03, ⟨B·n⟩=9.4e-03, Len=sum([4.9, 4.9, 4.8])=14.7, ϰ=[7.5, 8.2, 11.9], ∫ϰ²/L=[9.0, 10.1, 22.0], C-C-Sep=0.20, ║∇J║=2.5e+00
-----On 19/20 Initial Guess Perturbations
Iteration 429/1000-----
J=1.3e-02, Jf=1.4e-03, ⟨B·n⟩=9.4e-03, Len=sum([4.9, 4.9, 4.8])=14.7, ϰ=[7.5, 8.3, 11.9], ∫ϰ²/L=[9.1, 10.1, 22.1], C-C-Sep=0.20, ║∇J║=1.7e+01
-----On 19/20 Initial Guess Perturbations
Iteration 430/1000-----
J=1.3e-02, Jf=1.5e-03, ⟨B·n⟩=9.5e-03, Len=sum([4.9, 4.9, 4.8])=14.7, ϰ=[7.7, 8.3, 12.0], ∫ϰ²/L=[9.1, 10.2, 22.1], C-C-Sep=0.20, ║∇J║=4.4e+02
-----On 19/20 Initial Guess Perturbations
Iteration 431/1000-----
J=1.3e-02, Jf=1.4e-03, ⟨B·n⟩=9.4e-03, Len=sum([4.9, 4.9, 4.8])=14.7, ϰ=[7.6, 8.3, 11.9], ∫ϰ²/L=[9.1, 10.1, 22.1], C-C-Sep=0.20, ║∇J║=4.4e+00
-----On 19/20 Initial Guess Perturbations
Iteration 432/1000-----
J=1.3e-02, Jf=1.4e-03, ⟨B·n⟩=9.4e-03, Len=sum([4.9, 4.9, 4.8])=14.7, ϰ=[7.5, 8.3, 12.0], ∫ϰ²/L=[9.1, 10.1, 22.1], C-C-Sep=0.20, ║∇J║=3.2e-02
-----On 19/20 Initial Guess Perturbations
Iteration 433/1000-----
J=1.3e-02, Jf=1.4e-03, ⟨B·n⟩=9.4e-03, Len=sum([4.9, 4.9, 4.8])=14.7, ϰ=[7.5, 8.3, 12.0], ∫ϰ²/L=[9.1, 10.1, 22.1], C-C-Sep=0.20, ║∇J║=2.3e+00
-----On 19/20 Initial Guess Perturbations
Iteration 434/1000-----
J=1.3e-02, Jf=1.4e-03, ⟨B·n⟩=9.4e-03, Len=sum([4.9, 4.9, 4.8])=14.7, ϰ=[7.4, 8.3, 12.0], ∫ϰ²/L=[9.0, 10.1, 22.1], C-C-Sep=0.20, ║∇J║=1.6e+00
-----On 19/20 Initial Guess Perturbations
Iteration 435/1000-----
J=1.3e-02, Jf=1.4e-03, ⟨B·n⟩=9.4e-03, Len=sum([4.9, 4.9, 4.8])=14.7, ϰ=[7.5, 8.3, 12.0], ∫ϰ²/L=[9.0, 10.1, 22.1], C-C-Sep=0.20, ║∇J║=3.6e+00
-----On 19/20 Initial Guess Perturbations
Iteration 436/1000-----
J=1.3e-02, Jf=1.4e-03, ⟨B·n⟩=9.4e-03, Len=sum([4.9, 4.9, 4.8])=14.7, ϰ=[7.5, 8.3, 12.0], ∫ϰ²/L=[9.0, 10.1, 22.1], C-C-Sep=0.20, ║∇J║=2.0e+00
-----On 19/20 Initial Guess Perturbations
Iteration 437/1000-----
J=1.3e-02, Jf=1.4e-03, ⟨B·n⟩=9.4e-03, Len=sum([4.9, 4.9, 4.8])=14.7, ϰ=[7.5, 8.3, 12.0], ∫ϰ²/L=[9.0, 10.1, 22.1], C-C-Sep=0.20, ║∇J║=7.7e+00
-----On 19/20 Initial Guess Perturbations
Iteration 438/1000-----
J=1.3e-02, Jf=1.4e-03, ⟨B·n⟩=9.4e-03, Len=sum([4.9, 4.9, 4.8])=14.7, ϰ=[7.5, 8.3, 12.0], ∫ϰ²/L=[9.1, 10.1, 22.1], C-C-Sep=0.20, ║∇J║=4.8e+00
-----On 19/20 Initial Guess Perturbations
Iteration 439/1000-----
J=1.3e-02, Jf=1.4e-03, ⟨B·n⟩=9.4e-03, Len=sum([4.9, 4.9, 4.8])=14.7, ϰ=[7.5, 8.3, 12.0], ∫ϰ²/L=[9.1, 10.1, 22.1], C-C-Sep=0.20, ║∇J║=7.3e-01
-----On 19/20 Initial Guess Perturbations
Iteration 440/1000-----
J=1.3e-02, Jf=1.4e-03, ⟨B·n⟩=9.4e-03, Len=sum([4.9, 4.9, 4.8])=14.7, ϰ=[7.4, 8.4, 12.0], ∫ϰ²/L=[9.1, 10.2, 22.1], C-C-Sep=0.20, ║∇J║=1.8e+00
-----On 19/20 Initial Guess Perturbations
Iteration 441/1000-----
J=1.3e-02, Jf=1.4e-03, ⟨B·n⟩=9.4e-03, Len=sum([4.9, 4.9, 4.8])=14.7, ϰ=[7.4, 8.4, 12.0], ∫ϰ²/L=[9.1, 10.2, 22.1], C-C-Sep=0.20, ║∇J║=2.1e+00
-----On 19/20 Initial Guess Perturbations
Iteration 442/1000-----
J=1.3e-02, Jf=1.4e-03, ⟨B·n⟩=9.4e-03, Len=sum([4.9, 4.9, 4.8])=14.7, ϰ=[7.4, 8.5, 12.0], ∫ϰ²/L=[9.2, 10.2, 22.2], C-C-Sep=0.20, ║∇J║=6.3e-02
-----On 19/20 Initial Guess Perturbations
Iteration 443/1000-----
J=1.3e-02, Jf=1.4e-03, ⟨B·n⟩=9.4e-03, Len=sum([4.9, 4.9, 4.8])=14.7, ϰ=[7.4, 8.4, 12.0], ∫ϰ²/L=[9.2, 10.2, 22.2], C-C-Sep=0.20, ║∇J║=1.5e+00
-----On 19/20 Initial Guess Perturbations
Iteration 444/1000-----
J=1.3e-02, Jf=1.4e-03, ⟨B·n⟩=9.4e-03, Len=sum([4.9, 4.9, 4.8])=14.7, ϰ=[7.4, 8.4, 11.9], ∫ϰ²/L=[9.2, 10.2, 22.2], C-C-Sep=0.20, ║∇J║=2.2e+00
-----On 19/20 Initial Guess Perturbations
Iteration 445/1000-----
J=1.3e-02, Jf=1.4e-03, ⟨B·n⟩=9.4e-03, Len=sum([4.9, 4.9, 4.8])=14.7, ϰ=[7.4, 8.3, 11.9], ∫ϰ²/L=[9.2, 10.2, 22.2], C-C-Sep=0.20, ║∇J║=9.1e+00
-----On 19/20 Initial Guess Perturbations
Iteration 446/1000-----
J=1.3e-02, Jf=1.4e-03, ⟨B·n⟩=9.4e-03, Len=sum([4.9, 4.9, 4.8])=14.7, ϰ=[7.4, 8.1, 11.9], ∫ϰ²/L=[9.2, 10.2, 22.2], C-C-Sep=0.20, ║∇J║=1.4e+00
-----On 19/20 Initial Guess Perturbations
Iteration 447/1000-----
J=1.3e-02, Jf=1.4e-03, ⟨B·n⟩=9.4e-03, Len=sum([4.9, 4.9, 4.8])=14.7, ϰ=[7.4, 8.2, 11.9], ∫ϰ²/L=[9.2, 10.2, 22.2], C-C-Sep=0.20, ║∇J║=4.8e+00
-----On 19/20 Initial Guess Perturbations
Iteration 448/1000-----
J=1.3e-02, Jf=1.4e-03, ⟨B·n⟩=9.4e-03, Len=sum([4.9, 4.9, 4.8])=14.7, ϰ=[7.5, 8.1, 11.9], ∫ϰ²/L=[9.2, 10.2, 22.2], C-C-Sep=0.20, ║∇J║=4.7e+01
-----On 19/20 Initial Guess Perturbations
Iteration 449/1000-----
J=1.3e-02, Jf=1.4e-03, ⟨B·n⟩=9.4e-03, Len=sum([4.9, 4.9, 4.8])=14.7, ϰ=[7.4, 8.2, 11.9], ∫ϰ²/L=[9.2, 10.2, 22.2], C-C-Sep=0.20, ║∇J║=6.7e+00
-----On 19/20 Initial Guess Perturbations
Iteration 450/1000-----
J=1.3e-02, Jf=1.4e-03, ⟨B·n⟩=9.4e-03, Len=sum([4.9, 4.9, 4.8])=14.7, ϰ=[7.4, 8.2, 11.9], ∫ϰ²/L=[9.2, 10.2, 22.2], C-C-Sep=0.20, ║∇J║=1.1e+00
-----On 19/20 Initial Guess Perturbations
Iteration 451/1000-----
J=1.3e-02, Jf=1.4e-03, ⟨B·n⟩=9.4e-03, Len=sum([4.9, 4.9, 4.8])=14.7, ϰ=[7.4, 8.2, 11.9], ∫ϰ²/L=[9.2, 10.2, 22.2], C-C-Sep=0.20, ║∇J║=8.1e-02
-----On 19/20 Initial Guess Perturbations
Iteration 452/1000-----
J=1.3e-02, Jf=1.4e-03, ⟨B·n⟩=9.4e-03, Len=sum([4.9, 4.9, 4.8])=14.7, ϰ=[7.5, 8.2, 11.9], ∫ϰ²/L=[9.2, 10.2, 22.2], C-C-Sep=0.20, ║∇J║=1.8e+00
-----On 19/20 Initial Guess Perturbations
Iteration 453/1000-----
J=1.3e-02, Jf=1.4e-03, ⟨B·n⟩=9.4e-03, Len=sum([4.9, 4.9, 4.8])=14.7, ϰ=[7.5, 8.2, 11.9], ∫ϰ²/L=[9.2, 10.3, 22.2], C-C-Sep=0.20, ║∇J║=2.9e-01
-----On 19/20 Initial Guess Perturbations
Iteration 454/1000-----
J=1.3e-02, Jf=1.4e-03, ⟨B·n⟩=9.4e-03, Len=sum([4.9, 4.9, 4.8])=14.7, ϰ=[7.5, 8.2, 11.9], ∫ϰ²/L=[9.2, 10.3, 22.2], C-C-Sep=0.20, ║∇J║=2.8e+00
-----On 19/20 Initial Guess Perturbations
Iteration 455/1000-----
J=1.3e-02, Jf=1.4e-03, ⟨B·n⟩=9.4e-03, Len=sum([4.9, 4.9, 4.8])=14.7, ϰ=[7.5, 8.2, 11.9], ∫ϰ²/L=[9.3, 10.3, 22.2], C-C-Sep=0.20, ║∇J║=1.0e+01
-----On 19/20 Initial Guess Perturbations
Iteration 456/1000-----
J=1.3e-02, Jf=1.4e-03, ⟨B·n⟩=9.4e-03, Len=sum([4.9, 4.9, 4.8])=14.7, ϰ=[7.5, 8.2, 11.9], ∫ϰ²/L=[9.3, 10.3, 22.1], C-C-Sep=0.20, ║∇J║=7.2e+00
-----On 19/20 Initial Guess Perturbations
Iteration 457/1000-----
J=1.3e-02, Jf=1.4e-03, ⟨B·n⟩=9.4e-03, Len=sum([4.9, 4.9, 4.8])=14.7, ϰ=[7.5, 8.2, 11.9], ∫ϰ²/L=[9.3, 10.3, 22.1], C-C-Sep=0.20, ║∇J║=2.8e+00
-----On 19/20 Initial Guess Perturbations
Iteration 458/1000-----
J=1.3e-02, Jf=1.4e-03, ⟨B·n⟩=9.4e-03, Len=sum([4.9, 4.9, 4.8])=14.7, ϰ=[7.5, 8.2, 11.9], ∫ϰ²/L=[9.3, 10.3, 22.1], C-C-Sep=0.20, ║∇J║=6.8e-01
-----On 19/20 Initial Guess Perturbations
Iteration 459/1000-----
J=1.3e-02, Jf=1.4e-03, ⟨B·n⟩=9.4e-03, Len=sum([4.9, 4.9, 4.8])=14.7, ϰ=[7.5, 8.2, 12.0], ∫ϰ²/L=[9.2, 10.3, 22.1], C-C-Sep=0.20, ║∇J║=2.2e+00
-----On 19/20 Initial Guess Perturbations
Iteration 460/1000-----
J=1.3e-02, Jf=1.4e-03, ⟨B·n⟩=9.4e-03, Len=sum([4.9, 4.9, 4.8])=14.7, ϰ=[7.5, 8.2, 12.0], ∫ϰ²/L=[9.2, 10.3, 22.1], C-C-Sep=0.20, ║∇J║=2.1e+00
-----On 19/20 Initial Guess Perturbations
Iteration 461/1000-----
J=1.3e-02, Jf=1.4e-03, ⟨B·n⟩=9.4e-03, Len=sum([4.9, 4.9, 4.8])=14.7, ϰ=[7.4, 8.3, 12.0], ∫ϰ²/L=[9.3, 10.3, 22.2], C-C-Sep=0.20, ║∇J║=2.1e+00
-----On 19/20 Initial Guess Perturbations
Iteration 462/1000-----
J=1.3e-02, Jf=1.4e-03, ⟨B·n⟩=9.4e-03, Len=sum([4.9, 4.9, 4.8])=14.7, ϰ=[7.4, 8.3, 12.0], ∫ϰ²/L=[9.2, 10.3, 22.2], C-C-Sep=0.20, ║∇J║=1.6e+00
-----On 19/20 Initial Guess Perturbations
Iteration 463/1000-----
J=1.3e-02, Jf=1.4e-03, ⟨B·n⟩=9.4e-03, Len=sum([4.9, 4.9, 4.8])=14.7, ϰ=[7.4, 8.3, 12.0], ∫ϰ²/L=[9.2, 10.3, 22.2], C-C-Sep=0.20, ║∇J║=1.2e+00
-----On 19/20 Initial Guess Perturbations
Iteration 464/1000-----
J=1.3e-02, Jf=1.4e-03, ⟨B·n⟩=9.4e-03, Len=sum([4.9, 4.9, 4.8])=14.7, ϰ=[7.4, 8.3, 12.0], ∫ϰ²/L=[9.2, 10.3, 22.2], C-C-Sep=0.20, ║∇J║=4.1e+00
-----On 19/20 Initial Guess Perturbations
Iteration 465/1000-----
J=1.3e-02, Jf=1.4e-03, ⟨B·n⟩=9.4e-03, Len=sum([4.9, 4.9, 4.8])=14.7, ϰ=[7.4, 8.3, 12.0], ∫ϰ²/L=[9.2, 10.3, 22.2], C-C-Sep=0.20, ║∇J║=5.1e+00
-----On 19/20 Initial Guess Perturbations
Iteration 466/1000-----
J=1.3e-02, Jf=1.4e-03, ⟨B·n⟩=9.4e-03, Len=sum([4.9, 4.9, 4.8])=14.7, ϰ=[7.4, 8.2, 12.0], ∫ϰ²/L=[9.2, 10.3, 22.2], C-C-Sep=0.20, ║∇J║=3.6e-02
-----On 19/20 Initial Guess Perturbations
Iteration 467/1000-----
J=1.3e-02, Jf=1.4e-03, ⟨B·n⟩=9.4e-03, Len=sum([4.9, 4.9, 4.8])=14.7, ϰ=[7.5, 8.2, 12.0], ∫ϰ²/L=[9.2, 10.3, 22.2], C-C-Sep=0.20, ║∇J║=6.8e-01
-----On 19/20 Initial Guess Perturbations
Iteration 468/1000-----
J=1.3e-02, Jf=1.4e-03, ⟨B·n⟩=9.4e-03, Len=sum([4.9, 4.9, 4.8])=14.7, ϰ=[7.5, 8.2, 12.0], ∫ϰ²/L=[9.2, 10.3, 22.2], C-C-Sep=0.20, ║∇J║=2.9e+00
-----On 19/20 Initial Guess Perturbations
Iteration 469/1000-----
J=1.3e-02, Jf=1.4e-03, ⟨B·n⟩=9.4e-03, Len=sum([4.9, 4.9, 4.8])=14.7, ϰ=[7.5, 8.2, 12.1], ∫ϰ²/L=[9.2, 10.3, 22.2], C-C-Sep=0.20, ║∇J║=1.2e+01
-----On 19/20 Initial Guess Perturbations
Iteration 470/1000-----
J=1.3e-02, Jf=1.4e-03, ⟨B·n⟩=9.4e-03, Len=sum([4.9, 4.9, 4.8])=14.7, ϰ=[7.6, 8.3, 12.2], ∫ϰ²/L=[9.3, 10.3, 22.2], C-C-Sep=0.20, ║∇J║=7.9e+01
-----On 19/20 Initial Guess Perturbations
Iteration 471/1000-----
J=1.3e-02, Jf=1.4e-03, ⟨B·n⟩=9.4e-03, Len=sum([4.9, 4.9, 4.8])=14.7, ϰ=[7.6, 8.2, 12.1], ∫ϰ²/L=[9.3, 10.3, 22.2], C-C-Sep=0.20, ║∇J║=1.1e+01
-----On 19/20 Initial Guess Perturbations
Iteration 472/1000-----
J=1.3e-02, Jf=1.4e-03, ⟨B·n⟩=9.4e-03, Len=sum([4.9, 4.9, 4.8])=14.7, ϰ=[7.6, 8.3, 12.2], ∫ϰ²/L=[9.3, 10.3, 22.2], C-C-Sep=0.20, ║∇J║=7.0e-01
-----On 19/20 Initial Guess Perturbations
Iteration 473/1000-----
J=1.3e-02, Jf=1.4e-03, ⟨B·n⟩=9.4e-03, Len=sum([4.9, 4.9, 4.8])=14.7, ϰ=[7.6, 8.3, 12.2], ∫ϰ²/L=[9.3, 10.3, 22.2], C-C-Sep=0.20, ║∇J║=6.6e+00
-----On 19/20 Initial Guess Perturbations
Iteration 474/1000-----
J=1.3e-02, Jf=1.4e-03, ⟨B·n⟩=9.4e-03, Len=sum([4.9, 4.9, 4.8])=14.7, ϰ=[7.7, 8.3, 12.3], ∫ϰ²/L=[9.3, 10.3, 22.3], C-C-Sep=0.20, ║∇J║=1.3e+01
-----On 19/20 Initial Guess Perturbations
Iteration 475/1000-----
J=1.3e-02, Jf=1.4e-03, ⟨B·n⟩=9.4e-03, Len=sum([4.9, 4.9, 4.8])=14.7, ϰ=[7.7, 8.3, 12.3], ∫ϰ²/L=[9.3, 10.4, 22.3], C-C-Sep=0.20, ║∇J║=4.6e+01
-----On 19/20 Initial Guess Perturbations
Iteration 476/1000-----
J=1.3e-02, Jf=1.4e-03, ⟨B·n⟩=9.4e-03, Len=sum([4.9, 4.9, 4.8])=14.7, ϰ=[7.7, 8.3, 12.3], ∫ϰ²/L=[9.2, 10.3, 22.3], C-C-Sep=0.20, ║∇J║=8.0e-01
-----On 19/20 Initial Guess Perturbations
Iteration 477/1000-----
J=1.3e-02, Jf=1.4e-03, ⟨B·n⟩=9.4e-03, Len=sum([4.9, 4.9, 4.8])=14.7, ϰ=[7.7, 8.3, 12.3], ∫ϰ²/L=[9.2, 10.4, 22.3], C-C-Sep=0.20, ║∇J║=1.8e+01
-----On 19/20 Initial Guess Perturbations
Iteration 478/1000-----
J=1.3e-02, Jf=1.4e-03, ⟨B·n⟩=9.4e-03, Len=sum([4.9, 4.9, 4.8])=14.7, ϰ=[7.6, 8.3, 12.3], ∫ϰ²/L=[9.2, 10.3, 22.2], C-C-Sep=0.20, ║∇J║=1.6e+01
-----On 19/20 Initial Guess Perturbations
Iteration 479/1000-----
J=1.3e-02, Jf=1.4e-03, ⟨B·n⟩=9.4e-03, Len=sum([4.9, 4.9, 4.8])=14.7, ϰ=[7.6, 8.4, 12.3], ∫ϰ²/L=[9.2, 10.4, 22.2], C-C-Sep=0.20, ║∇J║=1.3e+00
-----On 19/20 Initial Guess Perturbations
Iteration 480/1000-----
J=1.3e-02, Jf=1.4e-03, ⟨B·n⟩=9.4e-03, Len=sum([4.9, 4.9, 4.8])=14.7, ϰ=[7.6, 8.4, 12.3], ∫ϰ²/L=[9.2, 10.4, 22.2], C-C-Sep=0.20, ║∇J║=2.2e+00
-----On 19/20 Initial Guess Perturbations
Iteration 481/1000-----
J=1.3e-02, Jf=1.4e-03, ⟨B·n⟩=9.4e-03, Len=sum([4.9, 4.9, 4.8])=14.7, ϰ=[7.6, 8.4, 12.3], ∫ϰ²/L=[9.1, 10.4, 22.2], C-C-Sep=0.20, ║∇J║=8.4e-02
-----On 19/20 Initial Guess Perturbations
Iteration 482/1000-----
J=1.3e-02, Jf=1.4e-03, ⟨B·n⟩=9.4e-03, Len=sum([4.9, 4.9, 4.8])=14.7, ϰ=[7.5, 8.4, 12.3], ∫ϰ²/L=[9.1, 10.4, 22.2], C-C-Sep=0.20, ║∇J║=9.6e-01
-----On 19/20 Initial Guess Perturbations
Iteration 483/1000-----
J=1.3e-02, Jf=1.4e-03, ⟨B·n⟩=9.4e-03, Len=sum([4.9, 4.9, 4.8])=14.7, ϰ=[7.5, 8.4, 12.3], ∫ϰ²/L=[9.1, 10.4, 22.2], C-C-Sep=0.20, ║∇J║=1.0e+00
-----On 19/20 Initial Guess Perturbations
Iteration 484/1000-----
J=1.3e-02, Jf=1.4e-03, ⟨B·n⟩=9.4e-03, Len=sum([4.9, 4.9, 4.8])=14.7, ϰ=[7.5, 8.4, 12.3], ∫ϰ²/L=[9.1, 10.4, 22.2], C-C-Sep=0.20, ║∇J║=2.1e-01
-----On 19/20 Initial Guess Perturbations
Iteration 485/1000-----
J=1.3e-02, Jf=1.4e-03, ⟨B·n⟩=9.4e-03, Len=sum([4.9, 4.9, 4.8])=14.7, ϰ=[7.5, 8.4, 12.3], ∫ϰ²/L=[9.1, 10.4, 22.2], C-C-Sep=0.20, ║∇J║=1.3e+00
-----On 19/20 Initial Guess Perturbations
Iteration 486/1000-----
J=1.3e-02, Jf=1.4e-03, ⟨B·n⟩=9.4e-03, Len=sum([4.9, 4.9, 4.8])=14.7, ϰ=[7.5, 8.4, 12.3], ∫ϰ²/L=[9.1, 10.4, 22.2], C-C-Sep=0.20, ║∇J║=2.0e+00
-----On 19/20 Initial Guess Perturbations
Iteration 487/1000-----
J=1.3e-02, Jf=1.4e-03, ⟨B·n⟩=9.4e-03, Len=sum([4.9, 4.9, 4.8])=14.7, ϰ=[7.5, 8.4, 12.3], ∫ϰ²/L=[9.1, 10.4, 22.2], C-C-Sep=0.20, ║∇J║=3.0e+00
-----On 19/20 Initial Guess Perturbations
Iteration 488/1000-----
J=1.3e-02, Jf=1.4e-03, ⟨B·n⟩=9.4e-03, Len=sum([4.9, 4.9, 4.8])=14.7, ϰ=[7.4, 8.5, 12.3], ∫ϰ²/L=[9.1, 10.4, 22.2], C-C-Sep=0.20, ║∇J║=2.6e-01
-----On 19/20 Initial Guess Perturbations
Iteration 489/1000-----
J=1.3e-02, Jf=1.4e-03, ⟨B·n⟩=9.4e-03, Len=sum([4.9, 4.9, 4.8])=14.7, ϰ=[7.4, 8.5, 12.4], ∫ϰ²/L=[9.1, 10.4, 22.2], C-C-Sep=0.20, ║∇J║=3.5e+00
-----On 19/20 Initial Guess Perturbations
Iteration 490/1000-----
J=1.3e-02, Jf=1.4e-03, ⟨B·n⟩=9.4e-03, Len=sum([4.9, 4.9, 4.8])=14.7, ϰ=[7.4, 8.5, 12.4], ∫ϰ²/L=[9.1, 10.4, 22.2], C-C-Sep=0.20, ║∇J║=2.2e+01
-----On 19/20 Initial Guess Perturbations
Iteration 491/1000-----
J=1.3e-02, Jf=1.4e-03, ⟨B·n⟩=9.4e-03, Len=sum([4.9, 4.9, 4.8])=14.7, ϰ=[7.4, 8.6, 12.4], ∫ϰ²/L=[9.1, 10.4, 22.2], C-C-Sep=0.20, ║∇J║=6.1e+01
-----On 19/20 Initial Guess Perturbations
Iteration 492/1000-----
J=1.3e-02, Jf=1.4e-03, ⟨B·n⟩=9.4e-03, Len=sum([4.9, 4.9, 4.8])=14.7, ϰ=[7.4, 8.6, 12.4], ∫ϰ²/L=[9.1, 10.4, 22.2], C-C-Sep=0.20, ║∇J║=5.0e+00
-----On 19/20 Initial Guess Perturbations
Iteration 493/1000-----
J=1.3e-02, Jf=1.4e-03, ⟨B·n⟩=9.4e-03, Len=sum([4.9, 4.9, 4.8])=14.7, ϰ=[7.4, 8.6, 12.3], ∫ϰ²/L=[9.1, 10.4, 22.2], C-C-Sep=0.20, ║∇J║=9.4e-01
-----On 19/20 Initial Guess Perturbations
Iteration 494/1000-----
J=1.3e-02, Jf=1.4e-03, ⟨B·n⟩=9.4e-03, Len=sum([4.9, 4.9, 4.8])=14.7, ϰ=[7.4, 8.5, 12.3], ∫ϰ²/L=[9.1, 10.4, 22.2], C-C-Sep=0.20, ║∇J║=1.2e+00
-----On 19/20 Initial Guess Perturbations
Iteration 495/1000-----
J=1.3e-02, Jf=1.4e-03, ⟨B·n⟩=9.4e-03, Len=sum([4.9, 4.9, 4.8])=14.7, ϰ=[7.4, 8.5, 12.3], ∫ϰ²/L=[9.1, 10.4, 22.2], C-C-Sep=0.20, ║∇J║=1.9e+00
-----On 19/20 Initial Guess Perturbations
Iteration 496/1000-----
J=1.3e-02, Jf=1.4e-03, ⟨B·n⟩=9.4e-03, Len=sum([4.9, 4.9, 4.8])=14.7, ϰ=[7.5, 8.5, 12.3], ∫ϰ²/L=[9.1, 10.4, 22.2], C-C-Sep=0.20, ║∇J║=1.9e+00
-----On 19/20 Initial Guess Perturbations
Iteration 497/1000-----
J=1.3e-02, Jf=1.4e-03, ⟨B·n⟩=9.4e-03, Len=sum([4.9, 4.9, 4.8])=14.7, ϰ=[7.5, 8.4, 12.3], ∫ϰ²/L=[9.0, 10.4, 22.2], C-C-Sep=0.20, ║∇J║=1.5e+00
-----On 19/20 Initial Guess Perturbations
Iteration 498/1000-----
J=1.3e-02, Jf=1.4e-03, ⟨B·n⟩=9.4e-03, Len=sum([4.9, 4.9, 4.8])=14.7, ϰ=[7.5, 8.4, 12.3], ∫ϰ²/L=[9.0, 10.4, 22.2], C-C-Sep=0.20, ║∇J║=7.7e+00
-----On 19/20 Initial Guess Perturbations
Iteration 499/1000-----
J=1.3e-02, Jf=1.4e-03, ⟨B·n⟩=9.4e-03, Len=sum([4.9, 4.9, 4.8])=14.7, ϰ=[7.5, 8.4, 12.2], ∫ϰ²/L=[9.0, 10.4, 22.2], C-C-Sep=0.20, ║∇J║=6.2e-01
-----On 19/20 Initial Guess Perturbations
Iteration 500/1000-----
J=1.3e-02, Jf=1.4e-03, ⟨B·n⟩=9.4e-03, Len=sum([4.9, 4.9, 4.8])=14.7, ϰ=[7.5, 8.4, 12.2], ∫ϰ²/L=[9.1, 10.5, 22.2], C-C-Sep=0.20, ║∇J║=1.4e+01
-----On 19/20 Initial Guess Perturbations
Iteration 501/1000-----
J=1.3e-02, Jf=1.4e-03, ⟨B·n⟩=9.4e-03, Len=sum([4.9, 4.9, 4.8])=14.7, ϰ=[7.5, 8.4, 12.2], ∫ϰ²/L=[9.1, 10.5, 22.2], C-C-Sep=0.20, ║∇J║=3.7e+01
-----On 19/20 Initial Guess Perturbations
Iteration 502/1000-----
J=1.3e-02, Jf=1.4e-03, ⟨B·n⟩=9.4e-03, Len=sum([4.9, 4.9, 4.8])=14.7, ϰ=[7.5, 8.4, 12.2], ∫ϰ²/L=[9.1, 10.5, 22.2], C-C-Sep=0.20, ║∇J║=3.0e+01
-----On 19/20 Initial Guess Perturbations
Iteration 503/1000-----
J=1.3e-02, Jf=1.4e-03, ⟨B·n⟩=9.4e-03, Len=sum([4.9, 4.9, 4.8])=14.7, ϰ=[7.5, 8.4, 12.2], ∫ϰ²/L=[9.1, 10.5, 22.2], C-C-Sep=0.20, ║∇J║=2.2e+00
-----On 19/20 Initial Guess Perturbations
Iteration 504/1000-----
J=1.3e-02, Jf=1.4e-03, ⟨B·n⟩=9.4e-03, Len=sum([4.9, 4.9, 4.8])=14.7, ϰ=[7.5, 8.4, 12.2], ∫ϰ²/L=[9.1, 10.5, 22.2], C-C-Sep=0.20, ║∇J║=5.7e+00
-----On 19/20 Initial Guess Perturbations
Iteration 505/1000-----
J=1.3e-02, Jf=1.4e-03, ⟨B·n⟩=9.4e-03, Len=sum([4.9, 4.9, 4.8])=14.7, ϰ=[7.5, 8.4, 12.2], ∫ϰ²/L=[9.1, 10.4, 22.3], C-C-Sep=0.20, ║∇J║=1.1e+01
-----On 19/20 Initial Guess Perturbations
Iteration 506/1000-----
J=1.3e-02, Jf=1.4e-03, ⟨B·n⟩=9.4e-03, Len=sum([4.9, 4.9, 4.8])=14.7, ϰ=[7.6, 8.4, 12.2], ∫ϰ²/L=[9.1, 10.4, 22.3], C-C-Sep=0.20, ║∇J║=1.3e+01
-----On 19/20 Initial Guess Perturbations
Iteration 507/1000-----
J=1.3e-02, Jf=1.4e-03, ⟨B·n⟩=9.4e-03, Len=sum([4.9, 4.9, 4.8])=14.7, ϰ=[7.6, 8.3, 12.2], ∫ϰ²/L=[9.1, 10.4, 22.3], C-C-Sep=0.20, ║∇J║=6.0e+00
-----On 19/20 Initial Guess Perturbations
Iteration 508/1000-----
J=1.3e-02, Jf=1.4e-03, ⟨B·n⟩=9.4e-03, Len=sum([4.9, 4.9, 4.8])=14.7, ϰ=[7.6, 8.3, 12.2], ∫ϰ²/L=[9.1, 10.4, 22.3], C-C-Sep=0.20, ║∇J║=8.1e+00
-----On 19/20 Initial Guess Perturbations
Iteration 509/1000-----
J=1.3e-02, Jf=1.4e-03, ⟨B·n⟩=9.4e-03, Len=sum([4.9, 4.9, 4.8])=14.7, ϰ=[7.6, 8.3, 12.2], ∫ϰ²/L=[9.1, 10.4, 22.3], C-C-Sep=0.20, ║∇J║=5.9e+00
-----On 19/20 Initial Guess Perturbations
Iteration 510/1000-----
J=1.3e-02, Jf=1.4e-03, ⟨B·n⟩=9.4e-03, Len=sum([4.9, 4.9, 4.8])=14.7, ϰ=[7.7, 8.3, 12.2], ∫ϰ²/L=[9.1, 10.4, 22.2], C-C-Sep=0.20, ║∇J║=5.4e+00
-----On 19/20 Initial Guess Perturbations
Iteration 511/1000-----
J=1.3e-02, Jf=1.4e-03, ⟨B·n⟩=9.4e-03, Len=sum([4.9, 4.9, 4.8])=14.7, ϰ=[7.7, 8.3, 12.1], ∫ϰ²/L=[9.1, 10.4, 22.2], C-C-Sep=0.20, ║∇J║=2.7e+00
-----On 19/20 Initial Guess Perturbations
Iteration 512/1000-----
J=1.3e-02, Jf=1.4e-03, ⟨B·n⟩=9.4e-03, Len=sum([4.9, 4.9, 4.8])=14.7, ϰ=[7.7, 8.3, 12.1], ∫ϰ²/L=[9.1, 10.4, 22.2], C-C-Sep=0.20, ║∇J║=1.0e-01
-----On 19/20 Initial Guess Perturbations
Iteration 513/1000-----
J=1.3e-02, Jf=1.4e-03, ⟨B·n⟩=9.4e-03, Len=sum([4.9, 4.9, 4.8])=14.7, ϰ=[7.7, 8.3, 12.1], ∫ϰ²/L=[9.0, 10.4, 22.2], C-C-Sep=0.20, ║∇J║=7.5e+00
-----On 19/20 Initial Guess Perturbations
Iteration 514/1000-----
J=1.3e-02, Jf=1.4e-03, ⟨B·n⟩=9.4e-03, Len=sum([4.9, 4.9, 4.8])=14.7, ϰ=[7.7, 8.3, 12.1], ∫ϰ²/L=[9.0, 10.4, 22.3], C-C-Sep=0.20, ║∇J║=4.0e-02
-----On 19/20 Initial Guess Perturbations
Iteration 515/1000-----
J=1.3e-02, Jf=1.4e-03, ⟨B·n⟩=9.4e-03, Len=sum([4.9, 4.9, 4.8])=14.7, ϰ=[7.7, 8.3, 12.1], ∫ϰ²/L=[9.0, 10.4, 22.3], C-C-Sep=0.20, ║∇J║=1.9e+00
-----On 19/20 Initial Guess Perturbations
Iteration 516/1000-----
J=1.3e-02, Jf=1.4e-03, ⟨B·n⟩=9.4e-03, Len=sum([4.9, 4.9, 4.8])=14.7, ϰ=[7.7, 8.2, 12.1], ∫ϰ²/L=[9.0, 10.4, 22.3], C-C-Sep=0.20, ║∇J║=8.0e+00
-----On 19/20 Initial Guess Perturbations
Iteration 517/1000-----
J=1.3e-02, Jf=1.4e-03, ⟨B·n⟩=9.4e-03, Len=sum([4.9, 4.9, 4.8])=14.7, ϰ=[7.7, 8.2, 12.1], ∫ϰ²/L=[9.0, 10.4, 22.3], C-C-Sep=0.20, ║∇J║=1.4e+00
-----On 19/20 Initial Guess Perturbations
Iteration 518/1000-----
J=1.3e-02, Jf=1.4e-03, ⟨B·n⟩=9.4e-03, Len=sum([4.9, 4.9, 4.8])=14.7, ϰ=[7.7, 8.2, 12.1], ∫ϰ²/L=[9.0, 10.3, 22.3], C-C-Sep=0.20, ║∇J║=1.4e+01
-----On 19/20 Initial Guess Perturbations
Iteration 519/1000-----
J=1.3e-02, Jf=1.4e-03, ⟨B·n⟩=9.4e-03, Len=sum([4.9, 4.9, 4.8])=14.7, ϰ=[7.7, 8.2, 12.1], ∫ϰ²/L=[9.0, 10.3, 22.3], C-C-Sep=0.20, ║∇J║=8.0e+00
-----On 19/20 Initial Guess Perturbations
Iteration 520/1000-----
J=1.3e-02, Jf=1.4e-03, ⟨B·n⟩=9.4e-03, Len=sum([4.9, 4.9, 4.8])=14.7, ϰ=[7.7, 8.2, 12.1], ∫ϰ²/L=[9.0, 10.3, 22.3], C-C-Sep=0.20, ║∇J║=2.6e+00
-----On 19/20 Initial Guess Perturbations
Iteration 521/1000-----
J=1.3e-02, Jf=1.4e-03, ⟨B·n⟩=9.4e-03, Len=sum([4.9, 4.9, 4.8])=14.7, ϰ=[7.7, 8.3, 12.1], ∫ϰ²/L=[9.1, 10.3, 22.3], C-C-Sep=0.20, ║∇J║=2.0e+00
-----On 19/20 Initial Guess Perturbations
Iteration 522/1000-----
J=1.3e-02, Jf=1.4e-03, ⟨B·n⟩=9.4e-03, Len=sum([4.9, 4.9, 4.8])=14.7, ϰ=[7.7, 8.3, 12.1], ∫ϰ²/L=[9.1, 10.3, 22.3], C-C-Sep=0.20, ║∇J║=1.9e-01
-----On 19/20 Initial Guess Perturbations
Iteration 523/1000-----
J=1.3e-02, Jf=1.4e-03, ⟨B·n⟩=9.4e-03, Len=sum([4.9, 4.9, 4.8])=14.7, ϰ=[7.7, 8.3, 12.1], ∫ϰ²/L=[9.1, 10.3, 22.3], C-C-Sep=0.20, ║∇J║=1.9e-01
-----On 19/20 Initial Guess Perturbations
Iteration 524/1000-----
J=1.3e-02, Jf=1.4e-03, ⟨B·n⟩=9.4e-03, Len=sum([4.9, 4.9, 4.8])=14.7, ϰ=[7.8, 8.3, 12.1], ∫ϰ²/L=[9.1, 10.3, 22.3], C-C-Sep=0.20, ║∇J║=6.0e-01
-----On 19/20 Initial Guess Perturbations
Iteration 525/1000-----
J=1.3e-02, Jf=1.4e-03, ⟨B·n⟩=9.4e-03, Len=sum([4.9, 4.9, 4.8])=14.7, ϰ=[7.9, 8.3, 12.1], ∫ϰ²/L=[9.0, 10.3, 22.4], C-C-Sep=0.20, ║∇J║=7.0e+00
-----On 19/20 Initial Guess Perturbations
Iteration 526/1000-----
J=1.3e-02, Jf=1.4e-03, ⟨B·n⟩=9.4e-03, Len=sum([4.9, 4.9, 4.8])=14.7, ϰ=[7.8, 8.3, 12.1], ∫ϰ²/L=[9.0, 10.3, 22.4], C-C-Sep=0.20, ║∇J║=2.6e+01
-----On 19/20 Initial Guess Perturbations
Iteration 527/1000-----
J=1.3e-02, Jf=1.4e-03, ⟨B·n⟩=9.4e-03, Len=sum([4.9, 4.9, 4.8])=14.7, ϰ=[7.8, 8.4, 12.1], ∫ϰ²/L=[8.9, 10.3, 22.3], C-C-Sep=0.20, ║∇J║=1.1e+02
-----On 19/20 Initial Guess Perturbations
Iteration 528/1000-----
J=1.3e-02, Jf=1.4e-03, ⟨B·n⟩=9.4e-03, Len=sum([4.9, 4.9, 4.8])=14.7, ϰ=[7.8, 8.4, 12.1], ∫ϰ²/L=[8.9, 10.3, 22.3], C-C-Sep=0.20, ║∇J║=2.0e+01
-----On 19/20 Initial Guess Perturbations
Iteration 529/1000-----
J=1.3e-02, Jf=1.4e-03, ⟨B·n⟩=9.4e-03, Len=sum([4.9, 4.9, 4.8])=14.7, ϰ=[7.8, 8.4, 12.1], ∫ϰ²/L=[9.0, 10.3, 22.4], C-C-Sep=0.20, ║∇J║=3.6e+01
-----On 19/20 Initial Guess Perturbations
Iteration 530/1000-----
J=1.3e-02, Jf=1.4e-03, ⟨B·n⟩=9.4e-03, Len=sum([4.9, 4.9, 4.8])=14.7, ϰ=[7.8, 8.4, 12.1], ∫ϰ²/L=[9.0, 10.3, 22.4], C-C-Sep=0.20, ║∇J║=7.9e+00
-----On 19/20 Initial Guess Perturbations
Iteration 531/1000-----
J=1.3e-02, Jf=1.4e-03, ⟨B·n⟩=9.4e-03, Len=sum([4.9, 4.9, 4.8])=14.6, ϰ=[7.8, 8.4, 12.0], ∫ϰ²/L=[9.0, 10.4, 22.4], C-C-Sep=0.20, ║∇J║=2.9e+00
-----On 19/20 Initial Guess Perturbations
Iteration 532/1000-----
J=1.3e-02, Jf=1.4e-03, ⟨B·n⟩=9.4e-03, Len=sum([4.9, 4.9, 4.8])=14.6, ϰ=[7.8, 8.4, 12.0], ∫ϰ²/L=[9.0, 10.4, 22.4], C-C-Sep=0.20, ║∇J║=1.1e+01
-----On 19/20 Initial Guess Perturbations
Iteration 533/1000-----
J=1.3e-02, Jf=1.4e-03, ⟨B·n⟩=9.4e-03, Len=sum([4.9, 4.9, 4.8])=14.6, ϰ=[7.9, 8.4, 12.0], ∫ϰ²/L=[9.0, 10.4, 22.4], C-C-Sep=0.20, ║∇J║=7.9e+00
-----On 19/20 Initial Guess Perturbations
Iteration 534/1000-----
J=1.3e-02, Jf=1.4e-03, ⟨B·n⟩=9.4e-03, Len=sum([4.9, 4.9, 4.8])=14.6, ϰ=[7.9, 8.4, 12.0], ∫ϰ²/L=[9.0, 10.4, 22.4], C-C-Sep=0.20, ║∇J║=6.0e+00
-----On 19/20 Initial Guess Perturbations
Iteration 535/1000-----
J=1.3e-02, Jf=1.4e-03, ⟨B·n⟩=9.4e-03, Len=sum([4.9, 4.9, 4.8])=14.6, ϰ=[7.9, 8.4, 12.0], ∫ϰ²/L=[9.0, 10.4, 22.5], C-C-Sep=0.20, ║∇J║=1.3e+00
-----On 19/20 Initial Guess Perturbations
Iteration 536/1000-----
J=1.3e-02, Jf=1.4e-03, ⟨B·n⟩=9.4e-03, Len=sum([4.9, 4.9, 4.8])=14.6, ϰ=[7.9, 8.4, 12.0], ∫ϰ²/L=[9.0, 10.4, 22.5], C-C-Sep=0.20, ║∇J║=2.8e+00
-----On 19/20 Initial Guess Perturbations
Iteration 537/1000-----
J=1.3e-02, Jf=1.4e-03, ⟨B·n⟩=9.4e-03, Len=sum([4.9, 4.9, 4.8])=14.6, ϰ=[7.9, 8.4, 12.0], ∫ϰ²/L=[9.0, 10.5, 22.5], C-C-Sep=0.20, ║∇J║=4.5e+00
-----On 19/20 Initial Guess Perturbations
Iteration 538/1000-----
J=1.3e-02, Jf=1.4e-03, ⟨B·n⟩=9.4e-03, Len=sum([4.9, 4.9, 4.8])=14.6, ϰ=[7.9, 8.4, 12.0], ∫ϰ²/L=[9.0, 10.5, 22.5], C-C-Sep=0.20, ║∇J║=6.0e+00
-----On 19/20 Initial Guess Perturbations
Iteration 539/1000-----
J=1.3e-02, Jf=1.4e-03, ⟨B·n⟩=9.4e-03, Len=sum([4.9, 4.9, 4.8])=14.6, ϰ=[7.9, 8.4, 12.0], ∫ϰ²/L=[9.0, 10.5, 22.5], C-C-Sep=0.20, ║∇J║=4.3e+00
-----On 19/20 Initial Guess Perturbations
Iteration 540/1000-----
J=1.3e-02, Jf=1.4e-03, ⟨B·n⟩=9.4e-03, Len=sum([4.9, 4.9, 4.8])=14.6, ϰ=[7.9, 8.4, 12.0], ∫ϰ²/L=[9.0, 10.5, 22.5], C-C-Sep=0.20, ║∇J║=8.7e-01
-----On 19/20 Initial Guess Perturbations
Iteration 541/1000-----
J=1.3e-02, Jf=1.4e-03, ⟨B·n⟩=9.4e-03, Len=sum([4.9, 4.9, 4.8])=14.6, ϰ=[7.9, 8.4, 12.0], ∫ϰ²/L=[9.0, 10.5, 22.5], C-C-Sep=0.20, ║∇J║=5.1e+00
-----On 19/20 Initial Guess Perturbations
Iteration 542/1000-----
J=1.3e-02, Jf=1.4e-03, ⟨B·n⟩=9.4e-03, Len=sum([4.9, 4.9, 4.8])=14.6, ϰ=[7.9, 8.4, 12.0], ∫ϰ²/L=[9.0, 10.5, 22.5], C-C-Sep=0.20, ║∇J║=5.8e+00
-----On 19/20 Initial Guess Perturbations
Iteration 543/1000-----
J=1.3e-02, Jf=1.4e-03, ⟨B·n⟩=9.4e-03, Len=sum([4.9, 4.9, 4.8])=14.6, ϰ=[7.9, 8.4, 12.0], ∫ϰ²/L=[9.0, 10.4, 22.5], C-C-Sep=0.20, ║∇J║=3.6e+00
-----On 19/20 Initial Guess Perturbations
Iteration 544/1000-----
J=1.3e-02, Jf=1.4e-03, ⟨B·n⟩=9.4e-03, Len=sum([4.9, 4.9, 4.8])=14.6, ϰ=[7.9, 8.4, 12.0], ∫ϰ²/L=[8.9, 10.4, 22.5], C-C-Sep=0.20, ║∇J║=2.4e-01
-----On 19/20 Initial Guess Perturbations
Iteration 545/1000-----
J=1.3e-02, Jf=1.4e-03, ⟨B·n⟩=9.4e-03, Len=sum([4.9, 4.9, 4.8])=14.6, ϰ=[7.9, 8.3, 12.0], ∫ϰ²/L=[9.0, 10.4, 22.5], C-C-Sep=0.20, ║∇J║=2.8e+00
-----On 19/20 Initial Guess Perturbations
Iteration 546/1000-----
J=1.3e-02, Jf=1.4e-03, ⟨B·n⟩=9.4e-03, Len=sum([4.9, 4.9, 4.8])=14.6, ϰ=[7.9, 8.3, 12.0], ∫ϰ²/L=[9.0, 10.4, 22.5], C-C-Sep=0.20, ║∇J║=3.9e+00
-----On 19/20 Initial Guess Perturbations
Iteration 547/1000-----
J=1.3e-02, Jf=1.4e-03, ⟨B·n⟩=9.4e-03, Len=sum([4.9, 4.9, 4.8])=14.6, ϰ=[7.9, 8.4, 12.0], ∫ϰ²/L=[9.0, 10.4, 22.5], C-C-Sep=0.20, ║∇J║=3.4e+00
-----On 19/20 Initial Guess Perturbations
Iteration 548/1000-----
J=1.3e-02, Jf=1.4e-03, ⟨B·n⟩=9.4e-03, Len=sum([4.9, 4.9, 4.8])=14.6, ϰ=[7.9, 8.4, 12.0], ∫ϰ²/L=[9.0, 10.5, 22.5], C-C-Sep=0.20, ║∇J║=1.7e+00
-----On 19/20 Initial Guess Perturbations
Iteration 549/1000-----
J=1.3e-02, Jf=1.4e-03, ⟨B·n⟩=9.4e-03, Len=sum([4.9, 4.9, 4.8])=14.6, ϰ=[7.9, 8.4, 12.0], ∫ϰ²/L=[9.0, 10.5, 22.5], C-C-Sep=0.20, ║∇J║=1.9e-01
-----On 19/20 Initial Guess Perturbations
Iteration 550/1000-----
J=1.3e-02, Jf=1.4e-03, ⟨B·n⟩=9.4e-03, Len=sum([4.9, 4.9, 4.8])=14.6, ϰ=[7.9, 8.4, 12.0], ∫ϰ²/L=[9.0, 10.5, 22.5], C-C-Sep=0.20, ║∇J║=1.9e+00
-----On 19/20 Initial Guess Perturbations
Iteration 551/1000-----
J=1.3e-02, Jf=1.4e-03, ⟨B·n⟩=9.4e-03, Len=sum([4.9, 4.9, 4.8])=14.6, ϰ=[7.9, 8.4, 12.0], ∫ϰ²/L=[8.9, 10.5, 22.5], C-C-Sep=0.20, ║∇J║=3.2e+00
-----On 19/20 Initial Guess Perturbations
Iteration 552/1000-----
J=1.3e-02, Jf=1.4e-03, ⟨B·n⟩=9.4e-03, Len=sum([4.9, 4.9, 4.8])=14.6, ϰ=[7.9, 8.4, 12.0], ∫ϰ²/L=[9.0, 10.5, 22.5], C-C-Sep=0.20, ║∇J║=3.9e+00
-----On 19/20 Initial Guess Perturbations
Iteration 553/1000-----
J=1.3e-02, Jf=1.4e-03, ⟨B·n⟩=9.4e-03, Len=sum([4.9, 4.9, 4.8])=14.6, ϰ=[7.9, 8.3, 12.0], ∫ϰ²/L=[9.0, 10.5, 22.5], C-C-Sep=0.20, ║∇J║=2.8e+00
-----On 19/20 Initial Guess Perturbations
Iteration 554/1000-----
J=1.3e-02, Jf=1.4e-03, ⟨B·n⟩=9.4e-03, Len=sum([4.9, 4.9, 4.8])=14.6, ϰ=[7.9, 8.3, 12.0], ∫ϰ²/L=[9.0, 10.5, 22.5], C-C-Sep=0.20, ║∇J║=6.1e-01
-----On 19/20 Initial Guess Perturbations
Iteration 555/1000-----
J=1.3e-02, Jf=1.4e-03, ⟨B·n⟩=9.4e-03, Len=sum([4.9, 4.9, 4.7])=14.6, ϰ=[7.9, 8.3, 12.0], ∫ϰ²/L=[9.0, 10.5, 22.5], C-C-Sep=0.20, ║∇J║=3.6e+00
-----On 19/20 Initial Guess Perturbations
Iteration 556/1000-----
J=1.3e-02, Jf=1.4e-03, ⟨B·n⟩=9.4e-03, Len=sum([4.9, 4.9, 4.7])=14.6, ϰ=[7.9, 8.3, 12.0], ∫ϰ²/L=[9.0, 10.5, 22.5], C-C-Sep=0.20, ║∇J║=2.6e+00
-----On 19/20 Initial Guess Perturbations
Iteration 557/1000-----
J=1.3e-02, Jf=1.4e-03, ⟨B·n⟩=9.4e-03, Len=sum([4.9, 4.9, 4.7])=14.6, ϰ=[7.9, 8.3, 12.0], ∫ϰ²/L=[8.9, 10.5, 22.5], C-C-Sep=0.20, ║∇J║=2.6e-01
-----On 19/20 Initial Guess Perturbations
Iteration 558/1000-----
J=1.3e-02, Jf=1.4e-03, ⟨B·n⟩=9.4e-03, Len=sum([4.9, 4.9, 4.7])=14.6, ϰ=[7.9, 8.3, 12.0], ∫ϰ²/L=[8.9, 10.5, 22.5], C-C-Sep=0.20, ║∇J║=1.7e+00
-----On 19/20 Initial Guess Perturbations
Iteration 559/1000-----
J=1.3e-02, Jf=1.4e-03, ⟨B·n⟩=9.4e-03, Len=sum([4.9, 4.9, 4.7])=14.6, ϰ=[7.9, 8.3, 12.0], ∫ϰ²/L=[8.9, 10.5, 22.5], C-C-Sep=0.20, ║∇J║=2.2e+00
-----On 19/20 Initial Guess Perturbations
Iteration 560/1000-----
J=1.3e-02, Jf=1.4e-03, ⟨B·n⟩=9.4e-03, Len=sum([4.9, 4.9, 4.7])=14.6, ϰ=[7.9, 8.3, 12.0], ∫ϰ²/L=[8.9, 10.5, 22.5], C-C-Sep=0.20, ║∇J║=2.1e+00
-----On 19/20 Initial Guess Perturbations
Iteration 561/1000-----
J=1.3e-02, Jf=1.4e-03, ⟨B·n⟩=9.4e-03, Len=sum([4.9, 4.9, 4.7])=14.6, ϰ=[7.9, 8.3, 12.0], ∫ϰ²/L=[8.9, 10.4, 22.5], C-C-Sep=0.20, ║∇J║=5.6e-02
-----On 19/20 Initial Guess Perturbations
Iteration 562/1000-----
J=1.3e-02, Jf=1.4e-03, ⟨B·n⟩=9.4e-03, Len=sum([4.9, 4.9, 4.7])=14.6, ϰ=[7.9, 8.3, 12.1], ∫ϰ²/L=[8.9, 10.4, 22.5], C-C-Sep=0.20, ║∇J║=2.0e+00
-----On 19/20 Initial Guess Perturbations
Iteration 563/1000-----
J=1.3e-02, Jf=1.4e-03, ⟨B·n⟩=9.4e-03, Len=sum([4.9, 4.9, 4.7])=14.6, ϰ=[7.9, 8.3, 12.1], ∫ϰ²/L=[8.9, 10.5, 22.5], C-C-Sep=0.20, ║∇J║=4.0e+00
-----On 19/20 Initial Guess Perturbations
Iteration 564/1000-----
J=1.3e-02, Jf=1.4e-03, ⟨B·n⟩=9.4e-03, Len=sum([4.9, 4.9, 4.7])=14.6, ϰ=[7.9, 8.3, 12.1], ∫ϰ²/L=[8.9, 10.5, 22.5], C-C-Sep=0.20, ║∇J║=1.5e+00
-----On 19/20 Initial Guess Perturbations
Iteration 565/1000-----
J=1.3e-02, Jf=1.4e-03, ⟨B·n⟩=9.4e-03, Len=sum([4.9, 4.9, 4.7])=14.6, ϰ=[7.9, 8.3, 12.1], ∫ϰ²/L=[8.9, 10.5, 22.5], C-C-Sep=0.20, ║∇J║=2.6e+00
-----On 19/20 Initial Guess Perturbations
Iteration 566/1000-----
J=1.3e-02, Jf=1.4e-03, ⟨B·n⟩=9.4e-03, Len=sum([4.9, 4.9, 4.7])=14.6, ϰ=[7.9, 8.3, 12.1], ∫ϰ²/L=[8.9, 10.5, 22.5], C-C-Sep=0.20, ║∇J║=4.3e+00
-----On 19/20 Initial Guess Perturbations
Iteration 567/1000-----
J=1.3e-02, Jf=1.4e-03, ⟨B·n⟩=9.4e-03, Len=sum([4.9, 4.9, 4.7])=14.6, ϰ=[7.9, 8.3, 12.1], ∫ϰ²/L=[8.9, 10.5, 22.5], C-C-Sep=0.20, ║∇J║=2.0e+00
-----On 19/20 Initial Guess Perturbations
Iteration 568/1000-----
J=1.3e-02, Jf=1.4e-03, ⟨B·n⟩=9.4e-03, Len=sum([4.9, 4.9, 4.7])=14.6, ϰ=[7.9, 8.3, 12.0], ∫ϰ²/L=[8.9, 10.5, 22.5], C-C-Sep=0.20, ║∇J║=9.8e+00
-----On 19/20 Initial Guess Perturbations
Iteration 569/1000-----
J=1.3e-02, Jf=1.4e-03, ⟨B·n⟩=9.4e-03, Len=sum([4.9, 4.9, 4.7])=14.6, ϰ=[7.9, 8.3, 12.0], ∫ϰ²/L=[8.9, 10.5, 22.5], C-C-Sep=0.20, ║∇J║=4.0e-01
-----On 19/20 Initial Guess Perturbations
Iteration 570/1000-----
J=1.3e-02, Jf=1.4e-03, ⟨B·n⟩=9.4e-03, Len=sum([4.9, 4.9, 4.7])=14.6, ϰ=[7.9, 8.3, 12.0], ∫ϰ²/L=[8.9, 10.5, 22.6], C-C-Sep=0.20, ║∇J║=1.1e+00
-----On 19/20 Initial Guess Perturbations
Iteration 571/1000-----
J=1.3e-02, Jf=1.4e-03, ⟨B·n⟩=9.4e-03, Len=sum([4.9, 4.9, 4.7])=14.6, ϰ=[7.9, 8.3, 12.0], ∫ϰ²/L=[8.9, 10.5, 22.6], C-C-Sep=0.20, ║∇J║=1.4e+00
-----On 19/20 Initial Guess Perturbations
Iteration 572/1000-----
J=1.3e-02, Jf=1.4e-03, ⟨B·n⟩=9.4e-03, Len=sum([4.9, 4.9, 4.7])=14.6, ϰ=[7.9, 8.3, 12.0], ∫ϰ²/L=[8.9, 10.5, 22.6], C-C-Sep=0.20, ║∇J║=1.8e+00
-----On 19/20 Initial Guess Perturbations
Iteration 573/1000-----
J=1.3e-02, Jf=1.4e-03, ⟨B·n⟩=9.4e-03, Len=sum([4.9, 4.9, 4.7])=14.6, ϰ=[7.9, 8.3, 12.1], ∫ϰ²/L=[8.9, 10.5, 22.6], C-C-Sep=0.20, ║∇J║=1.5e+00
-----On 19/20 Initial Guess Perturbations
Iteration 574/1000-----
J=1.3e-02, Jf=1.4e-03, ⟨B·n⟩=9.4e-03, Len=sum([4.9, 4.9, 4.7])=14.6, ϰ=[8.0, 8.3, 12.1], ∫ϰ²/L=[8.9, 10.5, 22.6], C-C-Sep=0.20, ║∇J║=8.1e-01
-----On 19/20 Initial Guess Perturbations
Iteration 575/1000-----
J=1.3e-02, Jf=1.4e-03, ⟨B·n⟩=9.4e-03, Len=sum([4.9, 4.9, 4.7])=14.6, ϰ=[8.0, 8.3, 12.1], ∫ϰ²/L=[8.9, 10.5, 22.6], C-C-Sep=0.20, ║∇J║=1.1e-01
-----On 19/20 Initial Guess Perturbations
Iteration 576/1000-----
J=1.3e-02, Jf=1.4e-03, ⟨B·n⟩=9.4e-03, Len=sum([4.9, 4.9, 4.7])=14.6, ϰ=[8.0, 8.3, 12.1], ∫ϰ²/L=[8.9, 10.5, 22.6], C-C-Sep=0.20, ║∇J║=1.1e-01
-----On 19/20 Initial Guess Perturbations
Iteration 577/1000-----
J=1.3e-02, Jf=1.4e-03, ⟨B·n⟩=9.4e-03, Len=sum([4.9, 4.9, 4.7])=14.6, ϰ=[8.0, 8.3, 12.1], ∫ϰ²/L=[8.9, 10.5, 22.6], C-C-Sep=0.20, ║∇J║=8.4e-02
-----On 19/20 Initial Guess Perturbations
Iteration 578/1000-----
J=1.3e-02, Jf=1.4e-03, ⟨B·n⟩=9.4e-03, Len=sum([4.9, 4.9, 4.7])=14.6, ϰ=[8.0, 8.3, 12.1], ∫ϰ²/L=[8.9, 10.5, 22.6], C-C-Sep=0.20, ║∇J║=1.0e+00
-----On 19/20 Initial Guess Perturbations
Iteration 579/1000-----
J=1.3e-02, Jf=1.4e-03, ⟨B·n⟩=9.4e-03, Len=sum([4.9, 4.9, 4.7])=14.6, ϰ=[8.0, 8.3, 12.1], ∫ϰ²/L=[8.9, 10.5, 22.6], C-C-Sep=0.20, ║∇J║=2.2e+00
-----On 19/20 Initial Guess Perturbations
Iteration 580/1000-----
J=1.3e-02, Jf=1.4e-03, ⟨B·n⟩=9.4e-03, Len=sum([4.9, 4.9, 4.7])=14.6, ϰ=[8.0, 8.3, 12.1], ∫ϰ²/L=[8.9, 10.5, 22.6], C-C-Sep=0.20, ║∇J║=2.7e+00
-----On 19/20 Initial Guess Perturbations
Iteration 581/1000-----
J=1.3e-02, Jf=1.4e-03, ⟨B·n⟩=9.4e-03, Len=sum([4.9, 4.9, 4.7])=14.6, ϰ=[8.0, 8.3, 12.1], ∫ϰ²/L=[8.9, 10.5, 22.6], C-C-Sep=0.20, ║∇J║=2.3e+00
-----On 19/20 Initial Guess Perturbations
Iteration 582/1000-----
J=1.3e-02, Jf=1.4e-03, ⟨B·n⟩=9.4e-03, Len=sum([4.9, 4.9, 4.7])=14.6, ϰ=[8.0, 8.3, 12.1], ∫ϰ²/L=[8.9, 10.5, 22.6], C-C-Sep=0.20, ║∇J║=1.2e+00
-----On 19/20 Initial Guess Perturbations
Iteration 583/1000-----
J=1.3e-02, Jf=1.4e-03, ⟨B·n⟩=9.4e-03, Len=sum([4.9, 4.9, 4.7])=14.6, ϰ=[8.0, 8.3, 12.1], ∫ϰ²/L=[8.9, 10.5, 22.6], C-C-Sep=0.20, ║∇J║=3.1e-01
-----On 19/20 Initial Guess Perturbations
Iteration 584/1000-----
J=1.3e-02, Jf=1.4e-03, ⟨B·n⟩=9.4e-03, Len=sum([4.9, 4.9, 4.7])=14.6, ϰ=[8.0, 8.3, 12.1], ∫ϰ²/L=[8.9, 10.5, 22.6], C-C-Sep=0.20, ║∇J║=1.4e+00
-----On 19/20 Initial Guess Perturbations
Iteration 585/1000-----
J=1.3e-02, Jf=1.4e-03, ⟨B·n⟩=9.4e-03, Len=sum([4.9, 4.9, 4.7])=14.6, ϰ=[8.0, 8.3, 12.1], ∫ϰ²/L=[8.9, 10.5, 22.6], C-C-Sep=0.20, ║∇J║=1.6e+00
-----On 19/20 Initial Guess Perturbations
Iteration 586/1000-----
J=1.3e-02, Jf=1.4e-03, ⟨B·n⟩=9.4e-03, Len=sum([4.9, 4.9, 4.7])=14.6, ϰ=[8.0, 8.3, 12.1], ∫ϰ²/L=[8.9, 10.5, 22.6], C-C-Sep=0.20, ║∇J║=7.5e-01
-----On 19/20 Initial Guess Perturbations
Iteration 587/1000-----
J=1.3e-02, Jf=1.4e-03, ⟨B·n⟩=9.4e-03, Len=sum([4.9, 4.9, 4.7])=14.6, ϰ=[8.0, 8.3, 12.0], ∫ϰ²/L=[8.9, 10.5, 22.6], C-C-Sep=0.20, ║∇J║=1.1e+00
-----On 19/20 Initial Guess Perturbations
Iteration 588/1000-----
J=1.3e-02, Jf=1.4e-03, ⟨B·n⟩=9.4e-03, Len=sum([4.9, 4.9, 4.7])=14.6, ϰ=[8.0, 8.3, 12.0], ∫ϰ²/L=[8.9, 10.5, 22.6], C-C-Sep=0.20, ║∇J║=3.5e+00
-----On 19/20 Initial Guess Perturbations
Iteration 589/1000-----
J=1.3e-02, Jf=1.4e-03, ⟨B·n⟩=9.4e-03, Len=sum([4.9, 4.9, 4.7])=14.6, ϰ=[8.0, 8.3, 12.0], ∫ϰ²/L=[8.9, 10.5, 22.6], C-C-Sep=0.20, ║∇J║=4.8e+00
-----On 19/20 Initial Guess Perturbations
Iteration 590/1000-----
J=1.3e-02, Jf=1.4e-03, ⟨B·n⟩=9.4e-03, Len=sum([4.9, 4.9, 4.7])=14.6, ϰ=[8.0, 8.3, 12.0], ∫ϰ²/L=[8.9, 10.5, 22.6], C-C-Sep=0.20, ║∇J║=4.4e+00
-----On 19/20 Initial Guess Perturbations
Iteration 591/1000-----
J=1.3e-02, Jf=1.4e-03, ⟨B·n⟩=9.4e-03, Len=sum([4.9, 4.9, 4.7])=14.6, ϰ=[8.0, 8.3, 12.0], ∫ϰ²/L=[8.9, 10.5, 22.6], C-C-Sep=0.20, ║∇J║=2.2e+00
-----On 19/20 Initial Guess Perturbations
Iteration 592/1000-----
J=1.3e-02, Jf=1.4e-03, ⟨B·n⟩=9.4e-03, Len=sum([4.9, 4.9, 4.7])=14.6, ϰ=[8.0, 8.3, 12.0], ∫ϰ²/L=[8.9, 10.5, 22.6], C-C-Sep=0.20, ║∇J║=1.0e+00
-----On 19/20 Initial Guess Perturbations
Iteration 593/1000-----
J=1.3e-02, Jf=1.4e-03, ⟨B·n⟩=9.4e-03, Len=sum([4.9, 4.9, 4.7])=14.6, ϰ=[8.0, 8.3, 12.0], ∫ϰ²/L=[8.9, 10.5, 22.6], C-C-Sep=0.20, ║∇J║=4.6e+00
-----On 19/20 Initial Guess Perturbations
Iteration 594/1000-----
J=1.3e-02, Jf=1.4e-03, ⟨B·n⟩=9.4e-03, Len=sum([4.9, 4.9, 4.7])=14.6, ϰ=[8.0, 8.3, 12.0], ∫ϰ²/L=[8.9, 10.5, 22.6], C-C-Sep=0.20, ║∇J║=5.9e+00
-----On 19/20 Initial Guess Perturbations
Iteration 595/1000-----
J=1.3e-02, Jf=1.4e-03, ⟨B·n⟩=9.4e-03, Len=sum([4.9, 4.9, 4.7])=14.6, ϰ=[8.0, 8.3, 12.0], ∫ϰ²/L=[8.9, 10.5, 22.6], C-C-Sep=0.20, ║∇J║=3.1e+00
-----On 19/20 Initial Guess Perturbations
Iteration 596/1000-----
J=1.3e-02, Jf=1.4e-03, ⟨B·n⟩=9.4e-03, Len=sum([4.9, 4.9, 4.7])=14.6, ϰ=[8.0, 8.3, 12.1], ∫ϰ²/L=[8.9, 10.5, 22.6], C-C-Sep=0.20, ║∇J║=2.8e+00
-----On 19/20 Initial Guess Perturbations
Iteration 597/1000-----
J=1.3e-02, Jf=1.4e-03, ⟨B·n⟩=9.4e-03, Len=sum([4.9, 4.9, 4.7])=14.6, ϰ=[8.0, 8.3, 12.1], ∫ϰ²/L=[8.9, 10.5, 22.6], C-C-Sep=0.20, ║∇J║=3.2e+00
-----On 19/20 Initial Guess Perturbations
Iteration 598/1000-----
J=1.3e-02, Jf=1.4e-03, ⟨B·n⟩=9.4e-03, Len=sum([4.9, 4.9, 4.7])=14.6, ϰ=[8.0, 8.3, 12.1], ∫ϰ²/L=[8.9, 10.5, 22.6], C-C-Sep=0.20, ║∇J║=1.2e+00
-----On 19/20 Initial Guess Perturbations
Iteration 599/1000-----
J=1.3e-02, Jf=1.4e-03, ⟨B·n⟩=9.4e-03, Len=sum([4.9, 4.9, 4.7])=14.6, ϰ=[8.0, 8.3, 12.1], ∫ϰ²/L=[8.9, 10.5, 22.6], C-C-Sep=0.20, ║∇J║=3.2e-01
-----On 19/20 Initial Guess Perturbations
Iteration 600/1000-----
J=1.3e-02, Jf=1.4e-03, ⟨B·n⟩=9.4e-03, Len=sum([4.9, 4.9, 4.7])=14.6, ϰ=[8.0, 8.3, 12.1], ∫ϰ²/L=[8.9, 10.5, 22.6], C-C-Sep=0.20, ║∇J║=3.9e-01
-----On 19/20 Initial Guess Perturbations
Iteration 601/1000-----
J=1.3e-02, Jf=1.4e-03, ⟨B·n⟩=9.4e-03, Len=sum([4.9, 4.9, 4.7])=14.6, ϰ=[8.0, 8.3, 12.1], ∫ϰ²/L=[8.9, 10.5, 22.6], C-C-Sep=0.20, ║∇J║=7.1e-01
-----On 19/20 Initial Guess Perturbations
Iteration 602/1000-----
J=1.3e-02, Jf=1.4e-03, ⟨B·n⟩=9.4e-03, Len=sum([4.9, 4.9, 4.7])=14.6, ϰ=[8.0, 8.3, 12.1], ∫ϰ²/L=[8.9, 10.5, 22.6], C-C-Sep=0.20, ║∇J║=5.8e-01
-----On 19/20 Initial Guess Perturbations
Iteration 603/1000-----
J=1.3e-02, Jf=1.4e-03, ⟨B·n⟩=9.4e-03, Len=sum([4.9, 4.9, 4.7])=14.6, ϰ=[8.0, 8.3, 12.1], ∫ϰ²/L=[8.9, 10.5, 22.6], C-C-Sep=0.20, ║∇J║=1.2e-01
-----On 19/20 Initial Guess Perturbations
Iteration 604/1000-----
J=1.3e-02, Jf=1.4e-03, ⟨B·n⟩=9.4e-03, Len=sum([4.9, 4.9, 4.7])=14.6, ϰ=[8.0, 8.3, 12.1], ∫ϰ²/L=[8.9, 10.5, 22.6], C-C-Sep=0.20, ║∇J║=5.4e-01
-----On 19/20 Initial Guess Perturbations
Iteration 605/1000-----
J=1.3e-02, Jf=1.4e-03, ⟨B·n⟩=9.4e-03, Len=sum([4.9, 4.9, 4.7])=14.6, ϰ=[8.0, 8.3, 12.1], ∫ϰ²/L=[8.9, 10.5, 22.6], C-C-Sep=0.20, ║∇J║=1.1e+00
-----On 19/20 Initial Guess Perturbations
Iteration 606/1000-----
J=1.3e-02, Jf=1.4e-03, ⟨B·n⟩=9.4e-03, Len=sum([4.9, 4.9, 4.7])=14.6, ϰ=[8.0, 8.3, 12.1], ∫ϰ²/L=[8.9, 10.5, 22.6], C-C-Sep=0.20, ║∇J║=1.8e+00
-----On 19/20 Initial Guess Perturbations
Iteration 607/1000-----
J=1.3e-02, Jf=1.4e-03, ⟨B·n⟩=9.4e-03, Len=sum([4.9, 4.9, 4.7])=14.6, ϰ=[8.0, 8.3, 12.1], ∫ϰ²/L=[8.9, 10.5, 22.6], C-C-Sep=0.20, ║∇J║=2.3e+00
-----On 19/20 Initial Guess Perturbations
Iteration 608/1000-----
J=1.3e-02, Jf=1.4e-03, ⟨B·n⟩=9.4e-03, Len=sum([4.9, 4.9, 4.7])=14.6, ϰ=[8.0, 8.3, 12.1], ∫ϰ²/L=[8.9, 10.5, 22.6], C-C-Sep=0.20, ║∇J║=2.2e+00
-----On 19/20 Initial Guess Perturbations
Iteration 609/1000-----
J=1.3e-02, Jf=1.4e-03, ⟨B·n⟩=9.4e-03, Len=sum([4.9, 4.9, 4.7])=14.6, ϰ=[8.0, 8.3, 12.1], ∫ϰ²/L=[8.9, 10.5, 22.6], C-C-Sep=0.20, ║∇J║=1.5e+00
-----On 19/20 Initial Guess Perturbations
Iteration 610/1000-----
J=1.3e-02, Jf=1.4e-03, ⟨B·n⟩=9.4e-03, Len=sum([4.9, 4.9, 4.7])=14.6, ϰ=[8.0, 8.3, 12.0], ∫ϰ²/L=[8.9, 10.5, 22.6], C-C-Sep=0.20, ║∇J║=5.4e-01
-----On 19/20 Initial Guess Perturbations
Iteration 611/1000-----
J=1.3e-02, Jf=1.4e-03, ⟨B·n⟩=9.4e-03, Len=sum([4.9, 4.9, 4.7])=14.6, ϰ=[8.0, 8.3, 12.0], ∫ϰ²/L=[8.9, 10.5, 22.6], C-C-Sep=0.20, ║∇J║=2.5e+00
-----On 19/20 Initial Guess Perturbations
Iteration 612/1000-----
J=1.3e-02, Jf=1.4e-03, ⟨B·n⟩=9.4e-03, Len=sum([4.9, 4.9, 4.7])=14.6, ϰ=[8.0, 8.3, 12.0], ∫ϰ²/L=[8.9, 10.5, 22.6], C-C-Sep=0.20, ║∇J║=5.2e+00
-----On 19/20 Initial Guess Perturbations
Iteration 613/1000-----
J=1.3e-02, Jf=1.4e-03, ⟨B·n⟩=9.4e-03, Len=sum([4.9, 4.9, 4.7])=14.6, ϰ=[8.0, 8.3, 12.1], ∫ϰ²/L=[8.9, 10.5, 22.6], C-C-Sep=0.20, ║∇J║=6.5e+00
-----On 19/20 Initial Guess Perturbations
Iteration 614/1000-----
J=1.3e-02, Jf=1.4e-03, ⟨B·n⟩=9.4e-03, Len=sum([4.9, 4.9, 4.7])=14.6, ϰ=[8.0, 8.3, 12.1], ∫ϰ²/L=[8.9, 10.5, 22.6], C-C-Sep=0.20, ║∇J║=6.5e+00
-----On 19/20 Initial Guess Perturbations
Iteration 615/1000-----
J=1.3e-02, Jf=1.4e-03, ⟨B·n⟩=9.4e-03, Len=sum([4.9, 4.9, 4.7])=14.6, ϰ=[8.1, 8.3, 12.1], ∫ϰ²/L=[8.9, 10.5, 22.6], C-C-Sep=0.20, ║∇J║=1.1e+01
-----On 19/20 Initial Guess Perturbations
Iteration 616/1000-----
J=1.3e-02, Jf=1.4e-03, ⟨B·n⟩=9.4e-03, Len=sum([4.9, 4.9, 4.7])=14.6, ϰ=[8.1, 8.3, 12.1], ∫ϰ²/L=[8.9, 10.5, 22.6], C-C-Sep=0.20, ║∇J║=8.5e+00
-----On 19/20 Initial Guess Perturbations
Iteration 617/1000-----
J=1.3e-02, Jf=1.4e-03, ⟨B·n⟩=9.4e-03, Len=sum([4.9, 4.9, 4.7])=14.6, ϰ=[8.1, 8.3, 12.1], ∫ϰ²/L=[8.9, 10.4, 22.6], C-C-Sep=0.20, ║∇J║=4.2e+00
-----On 19/20 Initial Guess Perturbations
Iteration 618/1000-----
J=1.3e-02, Jf=1.4e-03, ⟨B·n⟩=9.4e-03, Len=sum([4.9, 4.9, 4.7])=14.6, ϰ=[8.1, 8.3, 12.2], ∫ϰ²/L=[8.9, 10.5, 22.6], C-C-Sep=0.20, ║∇J║=4.0e+00
-----On 19/20 Initial Guess Perturbations
Iteration 619/1000-----
J=1.3e-02, Jf=1.4e-03, ⟨B·n⟩=9.4e-03, Len=sum([4.9, 4.9, 4.7])=14.6, ϰ=[8.1, 8.2, 12.2], ∫ϰ²/L=[8.8, 10.5, 22.6], C-C-Sep=0.20, ║∇J║=8.5e-01
-----On 19/20 Initial Guess Perturbations
Iteration 620/1000-----
J=1.3e-02, Jf=1.4e-03, ⟨B·n⟩=9.4e-03, Len=sum([4.9, 4.9, 4.7])=14.6, ϰ=[8.1, 8.2, 12.2], ∫ϰ²/L=[8.8, 10.5, 22.7], C-C-Sep=0.20, ║∇J║=2.0e+00
-----On 19/20 Initial Guess Perturbations
Iteration 621/1000-----
J=1.3e-02, Jf=1.4e-03, ⟨B·n⟩=9.4e-03, Len=sum([4.9, 4.9, 4.7])=14.6, ϰ=[8.1, 8.2, 12.2], ∫ϰ²/L=[8.8, 10.5, 22.7], C-C-Sep=0.20, ║∇J║=3.1e+00
-----On 19/20 Initial Guess Perturbations
Iteration 622/1000-----
J=1.3e-02, Jf=1.4e-03, ⟨B·n⟩=9.4e-03, Len=sum([4.9, 4.9, 4.7])=14.6, ϰ=[8.2, 8.2, 12.3], ∫ϰ²/L=[8.8, 10.5, 22.7], C-C-Sep=0.20, ║∇J║=4.1e+00
-----On 19/20 Initial Guess Perturbations
Iteration 623/1000-----
J=1.3e-02, Jf=1.4e-03, ⟨B·n⟩=9.4e-03, Len=sum([4.9, 4.9, 4.7])=14.6, ϰ=[8.1, 8.2, 12.3], ∫ϰ²/L=[8.8, 10.5, 22.7], C-C-Sep=0.20, ║∇J║=2.9e+00
-----On 19/20 Initial Guess Perturbations
Iteration 624/1000-----
J=1.3e-02, Jf=1.4e-03, ⟨B·n⟩=9.4e-03, Len=sum([4.9, 4.9, 4.7])=14.6, ϰ=[8.1, 8.2, 12.3], ∫ϰ²/L=[8.8, 10.5, 22.7], C-C-Sep=0.20, ║∇J║=2.5e+00
-----On 19/20 Initial Guess Perturbations
Iteration 625/1000-----
J=1.3e-02, Jf=1.4e-03, ⟨B·n⟩=9.4e-03, Len=sum([4.9, 4.9, 4.7])=14.6, ϰ=[8.0, 8.2, 12.3], ∫ϰ²/L=[8.8, 10.5, 22.7], C-C-Sep=0.20, ║∇J║=1.1e+00
-----On 19/20 Initial Guess Perturbations
Iteration 626/1000-----
J=1.3e-02, Jf=1.4e-03, ⟨B·n⟩=9.4e-03, Len=sum([4.9, 4.9, 4.7])=14.6, ϰ=[8.0, 8.2, 12.3], ∫ϰ²/L=[8.8, 10.5, 22.7], C-C-Sep=0.20, ║∇J║=3.3e-01
-----On 19/20 Initial Guess Perturbations
Iteration 627/1000-----
J=1.3e-02, Jf=1.4e-03, ⟨B·n⟩=9.4e-03, Len=sum([4.9, 4.9, 4.7])=14.6, ϰ=[7.9, 8.2, 12.3], ∫ϰ²/L=[8.8, 10.5, 22.7], C-C-Sep=0.20, ║∇J║=1.7e-01
-----On 19/20 Initial Guess Perturbations
Iteration 628/1000-----
J=1.3e-02, Jf=1.4e-03, ⟨B·n⟩=9.4e-03, Len=sum([4.9, 4.9, 4.7])=14.6, ϰ=[7.9, 8.2, 12.3], ∫ϰ²/L=[8.8, 10.5, 22.7], C-C-Sep=0.20, ║∇J║=4.8e-01
-----On 19/20 Initial Guess Perturbations
Iteration 629/1000-----
J=1.3e-02, Jf=1.4e-03, ⟨B·n⟩=9.4e-03, Len=sum([4.9, 4.9, 4.7])=14.6, ϰ=[7.9, 8.1, 12.3], ∫ϰ²/L=[8.8, 10.5, 22.8], C-C-Sep=0.20, ║∇J║=1.2e+00
-----On 19/20 Initial Guess Perturbations
Iteration 630/1000-----
J=1.3e-02, Jf=1.4e-03, ⟨B·n⟩=9.4e-03, Len=sum([4.9, 4.9, 4.7])=14.6, ϰ=[7.9, 8.1, 12.3], ∫ϰ²/L=[8.8, 10.5, 22.8], C-C-Sep=0.20, ║∇J║=2.1e+00
-----On 19/20 Initial Guess Perturbations
Iteration 631/1000-----
J=1.3e-02, Jf=1.4e-03, ⟨B·n⟩=9.4e-03, Len=sum([4.9, 4.9, 4.7])=14.6, ϰ=[7.9, 8.1, 12.3], ∫ϰ²/L=[8.8, 10.6, 22.8], C-C-Sep=0.20, ║∇J║=3.1e+00
-----On 19/20 Initial Guess Perturbations
Iteration 632/1000-----
J=1.3e-02, Jf=1.4e-03, ⟨B·n⟩=9.4e-03, Len=sum([4.9, 4.9, 4.7])=14.6, ϰ=[7.8, 8.1, 12.3], ∫ϰ²/L=[8.8, 10.6, 22.8], C-C-Sep=0.20, ║∇J║=3.6e+00
-----On 19/20 Initial Guess Perturbations
Iteration 633/1000-----
J=1.3e-02, Jf=1.4e-03, ⟨B·n⟩=9.4e-03, Len=sum([4.9, 4.9, 4.7])=14.6, ϰ=[7.8, 8.1, 12.3], ∫ϰ²/L=[8.8, 10.6, 22.8], C-C-Sep=0.20, ║∇J║=3.8e+00
-----On 19/20 Initial Guess Perturbations
Iteration 634/1000-----
J=1.3e-02, Jf=1.4e-03, ⟨B·n⟩=9.4e-03, Len=sum([4.9, 4.9, 4.7])=14.6, ϰ=[7.8, 8.1, 12.3], ∫ϰ²/L=[8.8, 10.6, 22.8], C-C-Sep=0.20, ║∇J║=3.9e+00
-----On 19/20 Initial Guess Perturbations
Iteration 635/1000-----
J=1.3e-02, Jf=1.4e-03, ⟨B·n⟩=9.4e-03, Len=sum([4.9, 4.9, 4.7])=14.6, ϰ=[7.8, 8.1, 12.3], ∫ϰ²/L=[8.8, 10.6, 22.8], C-C-Sep=0.20, ║∇J║=3.8e+00
-----On 19/20 Initial Guess Perturbations
Iteration 636/1000-----
J=1.3e-02, Jf=1.4e-03, ⟨B·n⟩=9.4e-03, Len=sum([4.9, 4.9, 4.7])=14.6, ϰ=[7.7, 8.1, 12.2], ∫ϰ²/L=[8.8, 10.6, 22.8], C-C-Sep=0.20, ║∇J║=3.5e+00
-----On 19/20 Initial Guess Perturbations
Iteration 637/1000-----
J=1.3e-02, Jf=1.4e-03, ⟨B·n⟩=9.4e-03, Len=sum([4.9, 4.9, 4.7])=14.6, ϰ=[7.7, 8.1, 12.2], ∫ϰ²/L=[8.8, 10.6, 22.8], C-C-Sep=0.20, ║∇J║=3.2e+00
-----On 19/20 Initial Guess Perturbations
Iteration 638/1000-----
J=1.3e-02, Jf=1.4e-03, ⟨B·n⟩=9.4e-03, Len=sum([4.9, 4.9, 4.7])=14.6, ϰ=[7.8, 8.1, 12.2], ∫ϰ²/L=[8.8, 10.6, 22.9], C-C-Sep=0.20, ║∇J║=2.8e+00
-----On 19/20 Initial Guess Perturbations
Iteration 639/1000-----
J=1.3e-02, Jf=1.4e-03, ⟨B·n⟩=9.4e-03, Len=sum([4.9, 4.9, 4.7])=14.6, ϰ=[7.8, 8.1, 12.3], ∫ϰ²/L=[8.7, 10.6, 22.9], C-C-Sep=0.20, ║∇J║=2.5e+00
-----On 19/20 Initial Guess Perturbations
Iteration 640/1000-----
J=1.3e-02, Jf=1.4e-03, ⟨B·n⟩=9.4e-03, Len=sum([4.9, 4.9, 4.7])=14.6, ϰ=[7.8, 8.0, 12.3], ∫ϰ²/L=[8.7, 10.6, 22.9], C-C-Sep=0.20, ║∇J║=2.0e+00
-----On 19/20 Initial Guess Perturbations
Iteration 641/1000-----
J=1.3e-02, Jf=1.4e-03, ⟨B·n⟩=9.4e-03, Len=sum([4.9, 4.9, 4.7])=14.6, ϰ=[7.8, 8.0, 12.3], ∫ϰ²/L=[8.7, 10.6, 22.9], C-C-Sep=0.20, ║∇J║=1.5e+00
-----On 19/20 Initial Guess Perturbations
Iteration 642/1000-----
J=1.3e-02, Jf=1.4e-03, ⟨B·n⟩=9.4e-03, Len=sum([4.9, 4.9, 4.7])=14.6, ϰ=[7.8, 8.0, 12.3], ∫ϰ²/L=[8.7, 10.6, 22.9], C-C-Sep=0.20, ║∇J║=6.5e-01
-----On 19/20 Initial Guess Perturbations
Iteration 643/1000-----
J=1.3e-02, Jf=1.4e-03, ⟨B·n⟩=9.4e-03, Len=sum([4.9, 4.9, 4.7])=14.6, ϰ=[7.8, 8.0, 12.3], ∫ϰ²/L=[8.7, 10.6, 22.9], C-C-Sep=0.20, ║∇J║=6.2e-01
-----On 19/20 Initial Guess Perturbations
Iteration 644/1000-----
J=1.3e-02, Jf=1.4e-03, ⟨B·n⟩=9.4e-03, Len=sum([4.9, 4.9, 4.7])=14.6, ϰ=[7.8, 7.9, 12.3], ∫ϰ²/L=[8.7, 10.6, 22.9], C-C-Sep=0.20, ║∇J║=2.5e+00
-----On 19/20 Initial Guess Perturbations
Iteration 645/1000-----
J=1.3e-02, Jf=1.4e-03, ⟨B·n⟩=9.4e-03, Len=sum([4.9, 4.9, 4.7])=14.6, ϰ=[7.8, 7.9, 12.3], ∫ϰ²/L=[8.7, 10.6, 22.9], C-C-Sep=0.20, ║∇J║=4.6e+00
-----On 19/20 Initial Guess Perturbations
Iteration 646/1000-----
J=1.3e-02, Jf=1.4e-03, ⟨B·n⟩=9.4e-03, Len=sum([4.9, 4.9, 4.7])=14.6, ϰ=[7.8, 7.9, 12.3], ∫ϰ²/L=[8.7, 10.6, 22.9], C-C-Sep=0.20, ║∇J║=5.9e+00
-----On 19/20 Initial Guess Perturbations
Iteration 647/1000-----
J=1.3e-02, Jf=1.4e-03, ⟨B·n⟩=9.4e-03, Len=sum([4.9, 4.9, 4.7])=14.6, ϰ=[7.8, 7.9, 12.3], ∫ϰ²/L=[8.7, 10.6, 22.9], C-C-Sep=0.20, ║∇J║=6.3e+00
-----On 19/20 Initial Guess Perturbations
Iteration 648/1000-----
J=1.3e-02, Jf=1.4e-03, ⟨B·n⟩=9.4e-03, Len=sum([4.9, 4.9, 4.7])=14.6, ϰ=[7.8, 7.9, 12.3], ∫ϰ²/L=[8.7, 10.6, 22.9], C-C-Sep=0.20, ║∇J║=5.9e+00
-----On 19/20 Initial Guess Perturbations
Iteration 649/1000-----
J=1.3e-02, Jf=1.4e-03, ⟨B·n⟩=9.4e-03, Len=sum([4.9, 4.9, 4.7])=14.6, ϰ=[7.8, 7.9, 12.3], ∫ϰ²/L=[8.8, 10.7, 22.9], C-C-Sep=0.20, ║∇J║=5.0e+00
-----On 19/20 Initial Guess Perturbations
Iteration 650/1000-----
J=1.3e-02, Jf=1.4e-03, ⟨B·n⟩=9.4e-03, Len=sum([4.9, 4.9, 4.7])=14.6, ϰ=[7.8, 7.9, 12.3], ∫ϰ²/L=[8.8, 10.7, 23.0], C-C-Sep=0.20, ║∇J║=3.8e+00
-----On 19/20 Initial Guess Perturbations
Iteration 651/1000-----
J=1.3e-02, Jf=1.4e-03, ⟨B·n⟩=9.4e-03, Len=sum([4.9, 4.9, 4.7])=14.6, ϰ=[7.8, 7.9, 12.3], ∫ϰ²/L=[8.8, 10.7, 23.0], C-C-Sep=0.20, ║∇J║=2.8e+00
-----On 19/20 Initial Guess Perturbations
Iteration 652/1000-----
J=1.3e-02, Jf=1.4e-03, ⟨B·n⟩=9.4e-03, Len=sum([4.9, 4.9, 4.7])=14.6, ϰ=[7.8, 7.9, 12.3], ∫ϰ²/L=[8.8, 10.7, 22.9], C-C-Sep=0.20, ║∇J║=2.1e+00
-----On 19/20 Initial Guess Perturbations
Iteration 653/1000-----
J=1.3e-02, Jf=1.4e-03, ⟨B·n⟩=9.4e-03, Len=sum([4.9, 4.9, 4.7])=14.6, ϰ=[7.8, 7.9, 12.3], ∫ϰ²/L=[8.7, 10.8, 22.9], C-C-Sep=0.20, ║∇J║=1.5e+00
-----On 19/20 Initial Guess Perturbations
Iteration 654/1000-----
J=1.3e-02, Jf=1.4e-03, ⟨B·n⟩=9.4e-03, Len=sum([4.9, 4.9, 4.7])=14.6, ϰ=[7.8, 7.9, 12.3], ∫ϰ²/L=[8.7, 10.8, 22.9], C-C-Sep=0.20, ║∇J║=9.0e-01
-----On 19/20 Initial Guess Perturbations
Iteration 655/1000-----
J=1.3e-02, Jf=1.4e-03, ⟨B·n⟩=9.4e-03, Len=sum([4.9, 4.9, 4.7])=14.6, ϰ=[7.8, 7.9, 12.4], ∫ϰ²/L=[8.7, 10.8, 23.0], C-C-Sep=0.20, ║∇J║=6.3e-02
-----On 19/20 Initial Guess Perturbations
Iteration 656/1000-----
J=1.3e-02, Jf=1.4e-03, ⟨B·n⟩=9.4e-03, Len=sum([4.9, 4.9, 4.7])=14.6, ϰ=[7.9, 8.0, 12.4], ∫ϰ²/L=[8.7, 10.8, 23.0], C-C-Sep=0.20, ║∇J║=9.7e-01
-----On 19/20 Initial Guess Perturbations
Iteration 657/1000-----
J=1.3e-02, Jf=1.4e-03, ⟨B·n⟩=9.4e-03, Len=sum([4.9, 4.9, 4.7])=14.6, ϰ=[7.9, 8.0, 12.4], ∫ϰ²/L=[8.7, 10.8, 23.0], C-C-Sep=0.20, ║∇J║=2.0e+00
-----On 19/20 Initial Guess Perturbations
Iteration 658/1000-----
J=1.3e-02, Jf=1.4e-03, ⟨B·n⟩=9.4e-03, Len=sum([4.9, 4.9, 4.7])=14.6, ϰ=[8.0, 7.9, 12.4], ∫ϰ²/L=[8.7, 10.8, 23.0], C-C-Sep=0.20, ║∇J║=3.2e+00
-----On 19/20 Initial Guess Perturbations
Iteration 659/1000-----
J=1.3e-02, Jf=1.4e-03, ⟨B·n⟩=9.4e-03, Len=sum([4.9, 4.9, 4.7])=14.6, ϰ=[8.0, 7.9, 12.3], ∫ϰ²/L=[8.7, 10.8, 23.0], C-C-Sep=0.20, ║∇J║=4.5e+00
-----On 19/20 Initial Guess Perturbations
Iteration 660/1000-----
J=1.3e-02, Jf=1.4e-03, ⟨B·n⟩=9.4e-03, Len=sum([4.9, 4.9, 4.7])=14.6, ϰ=[8.0, 7.9, 12.3], ∫ϰ²/L=[8.7, 10.8, 22.9], C-C-Sep=0.20, ║∇J║=5.3e+00
-----On 19/20 Initial Guess Perturbations
Iteration 661/1000-----
J=1.3e-02, Jf=1.4e-03, ⟨B·n⟩=9.4e-03, Len=sum([4.9, 4.9, 4.7])=14.6, ϰ=[7.9, 7.9, 12.3], ∫ϰ²/L=[8.7, 10.8, 22.9], C-C-Sep=0.20, ║∇J║=5.3e+00
-----On 19/20 Initial Guess Perturbations
Iteration 662/1000-----
J=1.3e-02, Jf=1.4e-03, ⟨B·n⟩=9.4e-03, Len=sum([4.9, 4.9, 4.7])=14.6, ϰ=[7.9, 7.9, 12.3], ∫ϰ²/L=[8.7, 10.8, 22.9], C-C-Sep=0.20, ║∇J║=5.7e+00
-----On 19/20 Initial Guess Perturbations
Iteration 663/1000-----
J=1.3e-02, Jf=1.4e-03, ⟨B·n⟩=9.4e-03, Len=sum([4.9, 4.9, 4.7])=14.6, ϰ=[7.9, 7.9, 12.3], ∫ϰ²/L=[8.7, 10.8, 23.0], C-C-Sep=0.20, ║∇J║=4.2e+00
-----On 19/20 Initial Guess Perturbations
Iteration 664/1000-----
J=1.3e-02, Jf=1.4e-03, ⟨B·n⟩=9.4e-03, Len=sum([4.9, 4.9, 4.7])=14.6, ϰ=[7.9, 8.0, 12.2], ∫ϰ²/L=[8.7, 10.8, 23.0], C-C-Sep=0.20, ║∇J║=3.2e+00
-----On 19/20 Initial Guess Perturbations
Iteration 665/1000-----
J=1.3e-02, Jf=1.4e-03, ⟨B·n⟩=9.4e-03, Len=sum([4.9, 4.9, 4.7])=14.6, ϰ=[7.8, 8.0, 12.3], ∫ϰ²/L=[8.7, 10.8, 23.0], C-C-Sep=0.20, ║∇J║=5.4e+00
-----On 19/20 Initial Guess Perturbations
Iteration 666/1000-----
J=1.3e-02, Jf=1.4e-03, ⟨B·n⟩=9.4e-03, Len=sum([4.9, 4.9, 4.7])=14.6, ϰ=[7.9, 8.0, 12.3], ∫ϰ²/L=[8.7, 10.8, 23.0], C-C-Sep=0.20, ║∇J║=1.4e+01
-----On 19/20 Initial Guess Perturbations
Iteration 667/1000-----
J=1.3e-02, Jf=1.4e-03, ⟨B·n⟩=9.4e-03, Len=sum([4.9, 4.9, 4.7])=14.6, ϰ=[7.9, 8.0, 12.3], ∫ϰ²/L=[8.7, 10.9, 23.0], C-C-Sep=0.20, ║∇J║=9.4e-01
-----On 19/20 Initial Guess Perturbations
Iteration 668/1000-----
J=1.3e-02, Jf=1.4e-03, ⟨B·n⟩=9.4e-03, Len=sum([4.9, 4.9, 4.7])=14.6, ϰ=[7.9, 8.0, 12.4], ∫ϰ²/L=[8.7, 10.8, 23.0], C-C-Sep=0.20, ║∇J║=1.7e+01
-----On 19/20 Initial Guess Perturbations
Iteration 669/1000-----
J=1.3e-02, Jf=1.4e-03, ⟨B·n⟩=9.4e-03, Len=sum([4.9, 4.9, 4.7])=14.6, ϰ=[7.9, 8.0, 12.4], ∫ϰ²/L=[8.7, 10.8, 23.0], C-C-Sep=0.20, ║∇J║=1.0e+01
-----On 19/20 Initial Guess Perturbations
Iteration 670/1000-----
J=1.3e-02, Jf=1.4e-03, ⟨B·n⟩=9.4e-03, Len=sum([4.9, 4.9, 4.7])=14.6, ϰ=[7.8, 8.0, 12.4], ∫ϰ²/L=[8.7, 10.8, 23.0], C-C-Sep=0.20, ║∇J║=6.1e+00
-----On 19/20 Initial Guess Perturbations
Iteration 671/1000-----
J=1.3e-02, Jf=1.4e-03, ⟨B·n⟩=9.4e-03, Len=sum([4.9, 4.9, 4.7])=14.6, ϰ=[7.8, 8.0, 12.4], ∫ϰ²/L=[8.7, 10.8, 23.0], C-C-Sep=0.20, ║∇J║=1.1e+00
-----On 19/20 Initial Guess Perturbations
Iteration 672/1000-----
J=1.3e-02, Jf=1.4e-03, ⟨B·n⟩=9.4e-03, Len=sum([4.9, 4.9, 4.7])=14.6, ϰ=[7.8, 8.0, 12.4], ∫ϰ²/L=[8.7, 10.8, 23.0], C-C-Sep=0.20, ║∇J║=5.1e+00
-----On 19/20 Initial Guess Perturbations
Iteration 673/1000-----
J=1.3e-02, Jf=1.4e-03, ⟨B·n⟩=9.4e-03, Len=sum([4.9, 4.9, 4.7])=14.6, ϰ=[7.8, 8.0, 12.4], ∫ϰ²/L=[8.7, 10.8, 23.0], C-C-Sep=0.20, ║∇J║=1.8e+01
-----On 19/20 Initial Guess Perturbations
Iteration 674/1000-----
J=1.3e-02, Jf=1.4e-03, ⟨B·n⟩=9.4e-03, Len=sum([4.9, 4.9, 4.7])=14.6, ϰ=[7.8, 8.1, 12.4], ∫ϰ²/L=[8.7, 10.8, 23.0], C-C-Sep=0.20, ║∇J║=2.8e+00
-----On 19/20 Initial Guess Perturbations
Iteration 675/1000-----
J=1.3e-02, Jf=1.4e-03, ⟨B·n⟩=9.4e-03, Len=sum([4.9, 4.9, 4.7])=14.6, ϰ=[7.8, 8.0, 12.4], ∫ϰ²/L=[8.7, 10.8, 23.0], C-C-Sep=0.20, ║∇J║=3.8e+00
-----On 19/20 Initial Guess Perturbations
Iteration 676/1000-----
J=1.3e-02, Jf=1.4e-03, ⟨B·n⟩=9.4e-03, Len=sum([4.9, 4.9, 4.7])=14.6, ϰ=[7.9, 8.0, 12.4], ∫ϰ²/L=[8.7, 10.8, 23.0], C-C-Sep=0.20, ║∇J║=2.2e-01
-----On 19/20 Initial Guess Perturbations
Iteration 677/1000-----
J=1.3e-02, Jf=1.4e-03, ⟨B·n⟩=9.4e-03, Len=sum([4.9, 4.9, 4.7])=14.6, ϰ=[7.8, 8.0, 12.4], ∫ϰ²/L=[8.7, 10.8, 23.0], C-C-Sep=0.20, ║∇J║=3.6e-02
-----On 19/20 Initial Guess Perturbations
Iteration 678/1000-----
J=1.3e-02, Jf=1.4e-03, ⟨B·n⟩=9.4e-03, Len=sum([4.9, 4.9, 4.7])=14.6, ϰ=[7.8, 8.0, 12.4], ∫ϰ²/L=[8.7, 10.8, 23.0], C-C-Sep=0.20, ║∇J║=3.0e+00
-----On 19/20 Initial Guess Perturbations
Iteration 679/1000-----
J=1.3e-02, Jf=1.4e-03, ⟨B·n⟩=9.4e-03, Len=sum([4.9, 4.9, 4.7])=14.6, ϰ=[7.8, 8.1, 12.4], ∫ϰ²/L=[8.7, 10.8, 23.0], C-C-Sep=0.20, ║∇J║=2.2e+00
-----On 19/20 Initial Guess Perturbations
Iteration 680/1000-----
J=1.3e-02, Jf=1.4e-03, ⟨B·n⟩=9.4e-03, Len=sum([4.9, 4.9, 4.7])=14.6, ϰ=[7.8, 8.1, 12.4], ∫ϰ²/L=[8.7, 10.8, 23.0], C-C-Sep=0.20, ║∇J║=1.1e+01
-----On 19/20 Initial Guess Perturbations
Iteration 681/1000-----
J=1.3e-02, Jf=1.4e-03, ⟨B·n⟩=9.4e-03, Len=sum([4.9, 4.9, 4.7])=14.6, ϰ=[7.8, 8.1, 12.4], ∫ϰ²/L=[8.7, 10.8, 23.0], C-C-Sep=0.20, ║∇J║=8.0e+00
-----On 19/20 Initial Guess Perturbations
Iteration 682/1000-----
J=1.3e-02, Jf=1.4e-03, ⟨B·n⟩=9.4e-03, Len=sum([4.9, 4.9, 4.7])=14.6, ϰ=[7.8, 8.1, 12.4], ∫ϰ²/L=[8.7, 10.8, 23.0], C-C-Sep=0.20, ║∇J║=3.1e+01
-----On 19/20 Initial Guess Perturbations
Iteration 683/1000-----
J=1.3e-02, Jf=1.4e-03, ⟨B·n⟩=9.4e-03, Len=sum([4.9, 4.9, 4.7])=14.6, ϰ=[7.8, 8.2, 12.4], ∫ϰ²/L=[8.7, 10.8, 23.0], C-C-Sep=0.20, ║∇J║=1.1e+01
-----On 19/20 Initial Guess Perturbations
Iteration 684/1000-----
J=1.3e-02, Jf=1.4e-03, ⟨B·n⟩=9.4e-03, Len=sum([4.9, 4.9, 4.7])=14.6, ϰ=[7.8, 8.2, 12.4], ∫ϰ²/L=[8.7, 10.8, 23.0], C-C-Sep=0.20, ║∇J║=1.2e+01
-----On 19/20 Initial Guess Perturbations
Iteration 685/1000-----
J=1.3e-02, Jf=1.4e-03, ⟨B·n⟩=9.4e-03, Len=sum([4.9, 4.9, 4.7])=14.6, ϰ=[7.8, 8.2, 12.4], ∫ϰ²/L=[8.7, 10.8, 23.0], C-C-Sep=0.20, ║∇J║=1.6e+01
-----On 19/20 Initial Guess Perturbations
Iteration 686/1000-----
J=1.3e-02, Jf=1.4e-03, ⟨B·n⟩=9.4e-03, Len=sum([4.9, 4.9, 4.7])=14.6, ϰ=[7.8, 8.2, 12.4], ∫ϰ²/L=[8.7, 10.8, 23.0], C-C-Sep=0.20, ║∇J║=1.4e+01
-----On 19/20 Initial Guess Perturbations
Iteration 687/1000-----
J=1.3e-02, Jf=1.4e-03, ⟨B·n⟩=9.4e-03, Len=sum([4.9, 4.9, 4.7])=14.6, ϰ=[7.8, 8.2, 12.4], ∫ϰ²/L=[8.7, 10.8, 23.0], C-C-Sep=0.20, ║∇J║=4.1e+00
-----On 19/20 Initial Guess Perturbations
Iteration 688/1000-----
J=1.3e-02, Jf=1.4e-03, ⟨B·n⟩=9.4e-03, Len=sum([4.9, 4.9, 4.7])=14.6, ϰ=[7.8, 8.2, 12.4], ∫ϰ²/L=[8.7, 10.8, 23.0], C-C-Sep=0.20, ║∇J║=9.5e+00
-----On 19/20 Initial Guess Perturbations
Iteration 689/1000-----
J=1.3e-02, Jf=1.4e-03, ⟨B·n⟩=9.4e-03, Len=sum([4.9, 4.9, 4.7])=14.6, ϰ=[7.8, 8.2, 12.4], ∫ϰ²/L=[8.7, 10.8, 23.0], C-C-Sep=0.20, ║∇J║=1.8e+01
-----On 19/20 Initial Guess Perturbations
Iteration 690/1000-----
J=1.3e-02, Jf=1.4e-03, ⟨B·n⟩=9.4e-03, Len=sum([4.9, 4.9, 4.7])=14.6, ϰ=[7.8, 8.2, 12.4], ∫ϰ²/L=[8.7, 10.8, 23.0], C-C-Sep=0.20, ║∇J║=1.3e+01
-----On 19/20 Initial Guess Perturbations
Iteration 691/1000-----
J=1.3e-02, Jf=1.4e-03, ⟨B·n⟩=9.4e-03, Len=sum([4.9, 4.9, 4.7])=14.6, ϰ=[7.8, 8.2, 12.4], ∫ϰ²/L=[8.7, 10.8, 23.0], C-C-Sep=0.20, ║∇J║=8.2e+00
-----On 19/20 Initial Guess Perturbations
Iteration 692/1000-----
J=1.3e-02, Jf=1.4e-03, ⟨B·n⟩=9.4e-03, Len=sum([4.9, 4.9, 4.7])=14.6, ϰ=[7.8, 8.2, 12.4], ∫ϰ²/L=[8.7, 10.8, 23.0], C-C-Sep=0.20, ║∇J║=5.8e+00
-----On 19/20 Initial Guess Perturbations
Iteration 693/1000-----
J=1.3e-02, Jf=1.4e-03, ⟨B·n⟩=9.4e-03, Len=sum([4.9, 4.9, 4.7])=14.6, ϰ=[7.8, 8.2, 12.4], ∫ϰ²/L=[8.7, 10.8, 23.0], C-C-Sep=0.20, ║∇J║=1.0e+00
-----On 19/20 Initial Guess Perturbations
Iteration 694/1000-----
J=1.3e-02, Jf=1.4e-03, ⟨B·n⟩=9.4e-03, Len=sum([4.9, 4.9, 4.7])=14.6, ϰ=[7.8, 8.2, 12.4], ∫ϰ²/L=[8.7, 10.8, 23.0], C-C-Sep=0.20, ║∇J║=4.3e+00
-----On 19/20 Initial Guess Perturbations
Iteration 695/1000-----
J=1.3e-02, Jf=1.4e-03, ⟨B·n⟩=9.4e-03, Len=sum([4.9, 4.9, 4.7])=14.6, ϰ=[7.8, 8.2, 12.4], ∫ϰ²/L=[8.7, 10.8, 23.0], C-C-Sep=0.20, ║∇J║=1.3e+01
-----On 19/20 Initial Guess Perturbations
Iteration 696/1000-----
J=1.3e-02, Jf=1.4e-03, ⟨B·n⟩=9.4e-03, Len=sum([4.9, 4.9, 4.7])=14.6, ϰ=[7.8, 8.2, 12.4], ∫ϰ²/L=[8.7, 10.8, 23.0], C-C-Sep=0.20, ║∇J║=1.7e+01
-----On 19/20 Initial Guess Perturbations
Iteration 697/1000-----
J=1.3e-02, Jf=1.4e-03, ⟨B·n⟩=9.4e-03, Len=sum([4.9, 4.9, 4.7])=14.6, ϰ=[7.8, 8.2, 12.4], ∫ϰ²/L=[8.7, 10.8, 23.0], C-C-Sep=0.20, ║∇J║=1.5e+01
-----On 19/20 Initial Guess Perturbations
Iteration 698/1000-----
J=1.3e-02, Jf=1.4e-03, ⟨B·n⟩=9.4e-03, Len=sum([4.9, 4.9, 4.7])=14.6, ϰ=[7.8, 8.2, 12.4], ∫ϰ²/L=[8.7, 10.8, 23.0], C-C-Sep=0.20, ║∇J║=8.7e+00
-----On 19/20 Initial Guess Perturbations
Iteration 699/1000-----
J=1.3e-02, Jf=1.4e-03, ⟨B·n⟩=9.4e-03, Len=sum([4.9, 4.9, 4.7])=14.6, ϰ=[7.8, 8.2, 12.4], ∫ϰ²/L=[8.7, 10.8, 23.0], C-C-Sep=0.20, ║∇J║=2.3e+00
-----On 19/20 Initial Guess Perturbations
Iteration 700/1000-----
J=1.3e-02, Jf=1.4e-03, ⟨B·n⟩=9.4e-03, Len=sum([4.9, 4.9, 4.7])=14.6, ϰ=[7.8, 8.2, 12.4], ∫ϰ²/L=[8.7, 10.8, 23.0], C-C-Sep=0.20, ║∇J║=9.3e-01
-----On 19/20 Initial Guess Perturbations
Iteration 701/1000-----
J=1.3e-02, Jf=1.4e-03, ⟨B·n⟩=9.4e-03, Len=sum([4.9, 4.9, 4.7])=14.6, ϰ=[7.8, 8.1, 12.4], ∫ϰ²/L=[8.7, 10.8, 23.0], C-C-Sep=0.20, ║∇J║=3.0e+00
-----On 19/20 Initial Guess Perturbations
Iteration 702/1000-----
J=1.3e-02, Jf=1.4e-03, ⟨B·n⟩=9.4e-03, Len=sum([4.9, 4.9, 4.7])=14.6, ϰ=[7.8, 8.1, 12.4], ∫ϰ²/L=[8.7, 10.8, 23.0], C-C-Sep=0.20, ║∇J║=2.7e+00
-----On 19/20 Initial Guess Perturbations
Iteration 703/1000-----
J=1.3e-02, Jf=1.4e-03, ⟨B·n⟩=9.4e-03, Len=sum([4.9, 4.9, 4.7])=14.6, ϰ=[7.8, 8.1, 12.4], ∫ϰ²/L=[8.7, 10.8, 23.0], C-C-Sep=0.20, ║∇J║=4.2e+00
-----On 19/20 Initial Guess Perturbations
Iteration 704/1000-----
J=1.3e-02, Jf=1.4e-03, ⟨B·n⟩=9.4e-03, Len=sum([4.9, 4.9, 4.7])=14.6, ϰ=[7.8, 8.2, 12.4], ∫ϰ²/L=[8.7, 10.8, 23.0], C-C-Sep=0.20, ║∇J║=1.8e-01
-----On 19/20 Initial Guess Perturbations
Iteration 705/1000-----
J=1.3e-02, Jf=1.4e-03, ⟨B·n⟩=9.4e-03, Len=sum([4.9, 4.9, 4.7])=14.6, ϰ=[7.8, 8.2, 12.4], ∫ϰ²/L=[8.7, 10.8, 23.0], C-C-Sep=0.20, ║∇J║=4.3e+00
-----On 19/20 Initial Guess Perturbations
Iteration 706/1000-----
J=1.3e-02, Jf=1.4e-03, ⟨B·n⟩=9.4e-03, Len=sum([4.9, 4.9, 4.7])=14.6, ϰ=[7.8, 8.2, 12.4], ∫ϰ²/L=[8.6, 10.8, 23.0], C-C-Sep=0.20, ║∇J║=6.6e+00
-----On 19/20 Initial Guess Perturbations
Iteration 707/1000-----
J=1.3e-02, Jf=1.4e-03, ⟨B·n⟩=9.4e-03, Len=sum([4.9, 4.9, 4.7])=14.6, ϰ=[7.8, 8.2, 12.4], ∫ϰ²/L=[8.6, 10.8, 23.0], C-C-Sep=0.20, ║∇J║=2.4e+00
-----On 19/20 Initial Guess Perturbations
Iteration 708/1000-----
J=1.3e-02, Jf=1.4e-03, ⟨B·n⟩=9.4e-03, Len=sum([4.9, 4.9, 4.7])=14.6, ϰ=[7.8, 8.2, 12.4], ∫ϰ²/L=[8.6, 10.8, 23.0], C-C-Sep=0.20, ║∇J║=4.5e+00
-----On 19/20 Initial Guess Perturbations
Iteration 709/1000-----
J=1.3e-02, Jf=1.4e-03, ⟨B·n⟩=9.4e-03, Len=sum([4.9, 4.9, 4.7])=14.6, ϰ=[7.8, 8.2, 12.4], ∫ϰ²/L=[8.6, 10.8, 23.0], C-C-Sep=0.20, ║∇J║=2.0e+00
-----On 19/20 Initial Guess Perturbations
Iteration 710/1000-----
J=1.3e-02, Jf=1.4e-03, ⟨B·n⟩=9.4e-03, Len=sum([4.9, 4.9, 4.7])=14.6, ϰ=[7.8, 8.2, 12.4], ∫ϰ²/L=[8.6, 10.8, 23.0], C-C-Sep=0.20, ║∇J║=1.6e+00
-----On 19/20 Initial Guess Perturbations
Iteration 711/1000-----
J=1.3e-02, Jf=1.4e-03, ⟨B·n⟩=9.4e-03, Len=sum([4.9, 4.9, 4.7])=14.6, ϰ=[7.8, 8.2, 12.4], ∫ϰ²/L=[8.6, 10.8, 23.0], C-C-Sep=0.20, ║∇J║=5.8e-01
-----On 19/20 Initial Guess Perturbations
Iteration 712/1000-----
J=1.3e-02, Jf=1.4e-03, ⟨B·n⟩=9.4e-03, Len=sum([4.9, 4.9, 4.7])=14.6, ϰ=[7.8, 8.2, 12.4], ∫ϰ²/L=[8.6, 10.8, 23.0], C-C-Sep=0.20, ║∇J║=9.5e-02
-----On 19/20 Initial Guess Perturbations
Iteration 713/1000-----
J=1.3e-02, Jf=1.4e-03, ⟨B·n⟩=9.4e-03, Len=sum([4.9, 4.9, 4.7])=14.6, ϰ=[7.8, 8.2, 12.4], ∫ϰ²/L=[8.6, 10.8, 23.0], C-C-Sep=0.20, ║∇J║=5.9e-01
-----On 19/20 Initial Guess Perturbations
Iteration 714/1000-----
J=1.3e-02, Jf=1.4e-03, ⟨B·n⟩=9.4e-03, Len=sum([4.9, 4.9, 4.7])=14.6, ϰ=[7.8, 8.3, 12.4], ∫ϰ²/L=[8.6, 10.8, 23.0], C-C-Sep=0.20, ║∇J║=5.6e-01
-----On 19/20 Initial Guess Perturbations
Iteration 715/1000-----
J=1.3e-02, Jf=1.4e-03, ⟨B·n⟩=9.4e-03, Len=sum([4.9, 4.9, 4.7])=14.6, ϰ=[7.8, 8.3, 12.3], ∫ϰ²/L=[8.7, 11.0, 23.1], C-C-Sep=0.20, ║∇J║=1.3e+01
-----On 19/20 Initial Guess Perturbations
Iteration 716/1000-----
J=1.3e-02, Jf=1.4e-03, ⟨B·n⟩=9.4e-03, Len=sum([4.9, 4.9, 4.7])=14.6, ϰ=[7.8, 8.3, 12.4], ∫ϰ²/L=[8.6, 10.8, 23.0], C-C-Sep=0.20, ║∇J║=1.3e+00
-----On 19/20 Initial Guess Perturbations
Iteration 717/1000-----
J=1.3e-02, Jf=1.4e-03, ⟨B·n⟩=9.4e-03, Len=sum([4.9, 4.9, 4.7])=14.6, ϰ=[7.8, 8.3, 12.4], ∫ϰ²/L=[8.6, 10.8, 23.0], C-C-Sep=0.20, ║∇J║=1.1e+00
-----On 19/20 Initial Guess Perturbations
Iteration 718/1000-----
J=1.3e-02, Jf=1.4e-03, ⟨B·n⟩=9.4e-03, Len=sum([4.9, 4.9, 4.7])=14.6, ϰ=[7.8, 8.3, 12.3], ∫ϰ²/L=[8.6, 10.8, 23.0], C-C-Sep=0.20, ║∇J║=3.5e-01
-----On 19/20 Initial Guess Perturbations
Iteration 719/1000-----
J=1.3e-02, Jf=1.4e-03, ⟨B·n⟩=9.4e-03, Len=sum([4.9, 4.9, 4.7])=14.6, ϰ=[7.9, 8.3, 12.3], ∫ϰ²/L=[8.6, 10.8, 23.0], C-C-Sep=0.20, ║∇J║=1.7e-01
-----On 19/20 Initial Guess Perturbations
Iteration 720/1000-----
J=1.3e-02, Jf=1.4e-03, ⟨B·n⟩=9.4e-03, Len=sum([4.9, 4.9, 4.7])=14.6, ϰ=[7.9, 8.3, 12.3], ∫ϰ²/L=[8.6, 10.8, 23.0], C-C-Sep=0.20, ║∇J║=3.0e-01
-----On 19/20 Initial Guess Perturbations
Iteration 721/1000-----
J=1.3e-02, Jf=1.4e-03, ⟨B·n⟩=9.4e-03, Len=sum([4.9, 4.9, 4.7])=14.6, ϰ=[7.9, 8.3, 12.3], ∫ϰ²/L=[8.6, 10.8, 23.0], C-C-Sep=0.20, ║∇J║=1.1e+00
-----On 19/20 Initial Guess Perturbations
Iteration 722/1000-----
J=1.3e-02, Jf=1.4e-03, ⟨B·n⟩=9.4e-03, Len=sum([4.9, 4.9, 4.7])=14.6, ϰ=[7.9, 8.3, 12.3], ∫ϰ²/L=[8.6, 10.8, 23.0], C-C-Sep=0.20, ║∇J║=1.4e+00
-----On 19/20 Initial Guess Perturbations
Iteration 723/1000-----
J=1.3e-02, Jf=1.4e-03, ⟨B·n⟩=9.4e-03, Len=sum([4.9, 4.9, 4.7])=14.6, ϰ=[7.9, 8.3, 12.3], ∫ϰ²/L=[8.6, 10.8, 23.0], C-C-Sep=0.20, ║∇J║=2.0e+00
-----On 19/20 Initial Guess Perturbations
Iteration 724/1000-----
J=1.3e-02, Jf=1.4e-03, ⟨B·n⟩=9.4e-03, Len=sum([4.9, 4.9, 4.7])=14.6, ϰ=[7.9, 8.3, 12.3], ∫ϰ²/L=[8.6, 10.8, 23.0], C-C-Sep=0.20, ║∇J║=1.3e+00
-----On 19/20 Initial Guess Perturbations
Iteration 725/1000-----
J=1.3e-02, Jf=1.4e-03, ⟨B·n⟩=9.4e-03, Len=sum([4.9, 4.9, 4.7])=14.6, ϰ=[7.9, 8.3, 12.3], ∫ϰ²/L=[8.7, 10.8, 23.0], C-C-Sep=0.20, ║∇J║=1.5e+00
-----On 19/20 Initial Guess Perturbations
Iteration 726/1000-----
J=1.3e-02, Jf=1.4e-03, ⟨B·n⟩=9.4e-03, Len=sum([4.9, 4.9, 4.7])=14.6, ϰ=[7.9, 8.3, 12.3], ∫ϰ²/L=[8.7, 10.8, 23.0], C-C-Sep=0.20, ║∇J║=2.1e-01
-----On 19/20 Initial Guess Perturbations
Iteration 727/1000-----
J=1.3e-02, Jf=1.4e-03, ⟨B·n⟩=9.4e-03, Len=sum([4.9, 4.9, 4.7])=14.6, ϰ=[7.9, 8.3, 12.3], ∫ϰ²/L=[8.7, 10.8, 23.0], C-C-Sep=0.20, ║∇J║=1.1e+00
-----On 19/20 Initial Guess Perturbations
Iteration 728/1000-----
J=1.3e-02, Jf=1.4e-03, ⟨B·n⟩=9.4e-03, Len=sum([4.9, 4.9, 4.7])=14.6, ϰ=[7.9, 8.2, 12.3], ∫ϰ²/L=[8.7, 10.8, 23.0], C-C-Sep=0.20, ║∇J║=2.2e+00
-----On 19/20 Initial Guess Perturbations
Iteration 729/1000-----
J=1.3e-02, Jf=1.4e-03, ⟨B·n⟩=9.4e-03, Len=sum([4.9, 4.9, 4.7])=14.6, ϰ=[7.9, 8.2, 12.3], ∫ϰ²/L=[8.7, 10.8, 23.0], C-C-Sep=0.20, ║∇J║=2.8e+00
-----On 19/20 Initial Guess Perturbations
Iteration 730/1000-----
J=1.3e-02, Jf=1.4e-03, ⟨B·n⟩=9.4e-03, Len=sum([4.9, 4.9, 4.7])=14.6, ϰ=[7.9, 8.2, 12.3], ∫ϰ²/L=[8.7, 10.8, 23.0], C-C-Sep=0.20, ║∇J║=4.6e-01
-----On 19/20 Initial Guess Perturbations
Iteration 731/1000-----
J=1.3e-02, Jf=1.4e-03, ⟨B·n⟩=9.4e-03, Len=sum([4.9, 4.9, 4.7])=14.6, ϰ=[7.9, 8.2, 12.3], ∫ϰ²/L=[8.7, 10.8, 23.0], C-C-Sep=0.20, ║∇J║=1.5e+00
-----On 19/20 Initial Guess Perturbations
Iteration 732/1000-----
J=1.3e-02, Jf=1.4e-03, ⟨B·n⟩=9.4e-03, Len=sum([4.9, 4.9, 4.7])=14.6, ϰ=[7.9, 8.2, 12.3], ∫ϰ²/L=[8.6, 10.8, 23.0], C-C-Sep=0.20, ║∇J║=2.3e+00
-----On 19/20 Initial Guess Perturbations
Iteration 733/1000-----
J=1.3e-02, Jf=1.4e-03, ⟨B·n⟩=9.4e-03, Len=sum([4.9, 4.9, 4.7])=14.6, ϰ=[7.9, 8.2, 12.3], ∫ϰ²/L=[8.6, 10.8, 23.0], C-C-Sep=0.20, ║∇J║=3.3e+00
-----On 19/20 Initial Guess Perturbations
Iteration 734/1000-----
J=1.3e-02, Jf=1.4e-03, ⟨B·n⟩=9.4e-03, Len=sum([4.9, 4.9, 4.7])=14.6, ϰ=[7.9, 8.2, 12.3], ∫ϰ²/L=[8.6, 10.8, 23.0], C-C-Sep=0.20, ║∇J║=3.1e+00
-----On 19/20 Initial Guess Perturbations
Iteration 735/1000-----
J=1.3e-02, Jf=1.4e-03, ⟨B·n⟩=9.4e-03, Len=sum([4.9, 4.9, 4.7])=14.6, ϰ=[7.9, 8.3, 12.3], ∫ϰ²/L=[8.7, 10.8, 23.0], C-C-Sep=0.20, ║∇J║=1.2e+00
-----On 19/20 Initial Guess Perturbations
Iteration 736/1000-----
J=1.3e-02, Jf=1.4e-03, ⟨B·n⟩=9.4e-03, Len=sum([4.9, 4.9, 4.7])=14.6, ϰ=[7.9, 8.3, 12.3], ∫ϰ²/L=[8.7, 10.8, 23.0], C-C-Sep=0.20, ║∇J║=1.9e+00
-----On 19/20 Initial Guess Perturbations
Iteration 737/1000-----
J=1.3e-02, Jf=1.4e-03, ⟨B·n⟩=9.4e-03, Len=sum([4.9, 4.9, 4.7])=14.6, ϰ=[7.9, 8.3, 12.3], ∫ϰ²/L=[8.7, 10.8, 23.0], C-C-Sep=0.20, ║∇J║=1.3e+00
-----On 19/20 Initial Guess Perturbations
Iteration 738/1000-----
J=1.3e-02, Jf=1.4e-03, ⟨B·n⟩=9.4e-03, Len=sum([4.9, 4.9, 4.7])=14.6, ϰ=[7.9, 8.3, 12.3], ∫ϰ²/L=[8.7, 10.8, 23.0], C-C-Sep=0.20, ║∇J║=3.1e+00
-----On 19/20 Initial Guess Perturbations
Iteration 739/1000-----
J=1.3e-02, Jf=1.4e-03, ⟨B·n⟩=9.4e-03, Len=sum([4.9, 4.9, 4.7])=14.6, ϰ=[7.9, 8.3, 12.3], ∫ϰ²/L=[8.7, 10.8, 23.0], C-C-Sep=0.20, ║∇J║=1.1e+00
-----On 19/20 Initial Guess Perturbations
Iteration 740/1000-----
J=1.3e-02, Jf=1.4e-03, ⟨B·n⟩=9.4e-03, Len=sum([4.9, 4.9, 4.7])=14.6, ϰ=[7.9, 8.3, 12.3], ∫ϰ²/L=[8.7, 10.8, 23.0], C-C-Sep=0.20, ║∇J║=4.4e-01
-----On 19/20 Initial Guess Perturbations
Iteration 741/1000-----
J=1.3e-02, Jf=1.4e-03, ⟨B·n⟩=9.4e-03, Len=sum([4.9, 4.9, 4.7])=14.6, ϰ=[7.9, 8.3, 12.3], ∫ϰ²/L=[8.7, 10.8, 23.0], C-C-Sep=0.20, ║∇J║=2.2e-01
-----On 19/20 Initial Guess Perturbations
Iteration 742/1000-----
J=1.3e-02, Jf=1.4e-03, ⟨B·n⟩=9.4e-03, Len=sum([4.9, 4.9, 4.7])=14.6, ϰ=[7.9, 8.3, 12.2], ∫ϰ²/L=[8.7, 10.8, 23.0], C-C-Sep=0.20, ║∇J║=1.2e-01
-----On 19/20 Initial Guess Perturbations
Iteration 743/1000-----
J=1.3e-02, Jf=1.4e-03, ⟨B·n⟩=9.4e-03, Len=sum([4.9, 4.9, 4.7])=14.6, ϰ=[8.0, 8.5, 12.4], ∫ϰ²/L=[8.8, 11.1, 23.1], C-C-Sep=0.20, ║∇J║=1.3e+01
-----On 19/20 Initial Guess Perturbations
Iteration 744/1000-----
J=1.3e-02, Jf=1.4e-03, ⟨B·n⟩=9.4e-03, Len=sum([4.9, 4.9, 4.7])=14.6, ϰ=[7.9, 8.3, 12.3], ∫ϰ²/L=[8.7, 10.8, 23.0], C-C-Sep=0.20, ║∇J║=4.4e-01
-----On 19/20 Initial Guess Perturbations
Iteration 745/1000-----
J=1.3e-02, Jf=1.4e-03, ⟨B·n⟩=9.4e-03, Len=sum([4.9, 4.9, 4.7])=14.6, ϰ=[7.9, 8.3, 12.3], ∫ϰ²/L=[8.7, 10.8, 23.0], C-C-Sep=0.20, ║∇J║=1.1e+00
-----On 19/20 Initial Guess Perturbations
Iteration 746/1000-----
J=1.3e-02, Jf=1.4e-03, ⟨B·n⟩=9.4e-03, Len=sum([4.9, 4.9, 4.7])=14.6, ϰ=[7.9, 8.3, 12.3], ∫ϰ²/L=[8.7, 10.8, 23.0], C-C-Sep=0.20, ║∇J║=1.4e+00
-----On 19/20 Initial Guess Perturbations
Iteration 747/1000-----
J=1.3e-02, Jf=1.4e-03, ⟨B·n⟩=9.4e-03, Len=sum([4.9, 4.9, 4.7])=14.6, ϰ=[7.9, 8.3, 12.3], ∫ϰ²/L=[8.7, 10.8, 23.0], C-C-Sep=0.20, ║∇J║=1.4e+00
-----On 19/20 Initial Guess Perturbations
Iteration 748/1000-----
J=6.1e-02, Jf=2.3e-03, ⟨B·n⟩=1.1e-02, Len=sum([5.5, 5.4, 5.1])=16.0, ϰ=[49.2, 33.6, 41.9], ∫ϰ²/L=[102.6, 81.2, 123.2], C-C-Sep=0.14, ║∇J║=3.5e+00
-----On 19/20 Initial Guess Perturbations
Iteration 749/1000-----
J=1.3e-02, Jf=1.4e-03, ⟨B·n⟩=9.4e-03, Len=sum([4.9, 4.9, 4.7])=14.6, ϰ=[7.9, 8.3, 12.3], ∫ϰ²/L=[8.7, 10.8, 23.0], C-C-Sep=0.20, ║∇J║=1.4e+00
-----On 19/20 Initial Guess Perturbations
Iteration 750/1000-----
J=1.3e-02, Jf=1.4e-03, ⟨B·n⟩=9.4e-03, Len=sum([4.9, 4.9, 4.7])=14.6, ϰ=[7.9, 8.3, 12.2], ∫ϰ²/L=[8.7, 10.8, 23.0], C-C-Sep=0.20, ║∇J║=1.6e+00
-----On 19/20 Initial Guess Perturbations
Iteration 751/1000-----
J=1.3e-02, Jf=1.4e-03, ⟨B·n⟩=9.4e-03, Len=sum([4.9, 4.9, 4.7])=14.6, ϰ=[7.9, 8.3, 12.3], ∫ϰ²/L=[8.7, 10.8, 23.0], C-C-Sep=0.20, ║∇J║=1.4e+00
-----On 19/20 Initial Guess Perturbations
Iteration 752/1000-----
J=1.4e-02, Jf=1.4e-03, ⟨B·n⟩=9.5e-03, Len=sum([4.9, 4.9, 4.7])=14.6, ϰ=[7.6, 9.8, 13.5], ∫ϰ²/L=[9.4, 12.4, 24.6], C-C-Sep=0.19, ║∇J║=5.1e+01
-----On 19/20 Initial Guess Perturbations
Iteration 753/1000-----
J=1.3e-02, Jf=1.4e-03, ⟨B·n⟩=9.4e-03, Len=sum([4.9, 4.9, 4.7])=14.6, ϰ=[7.9, 8.3, 12.3], ∫ϰ²/L=[8.7, 10.8, 23.0], C-C-Sep=0.20, ║∇J║=4.6e-01
-----On 19/20 Initial Guess Perturbations
Iteration 754/1000-----
J=1.3e-02, Jf=1.4e-03, ⟨B·n⟩=9.4e-03, Len=sum([4.9, 4.9, 4.7])=14.6, ϰ=[7.9, 8.3, 12.3], ∫ϰ²/L=[8.7, 10.8, 23.0], C-C-Sep=0.20, ║∇J║=4.4e-01
-----On 19/20 Initial Guess Perturbations
Iteration 755/1000-----
J=1.3e-02, Jf=1.4e-03, ⟨B·n⟩=9.4e-03, Len=sum([4.9, 4.9, 4.7])=14.6, ϰ=[7.9, 8.3, 12.2], ∫ϰ²/L=[8.7, 10.9, 23.0], C-C-Sep=0.20, ║∇J║=1.1e+00
-----On 19/20 Initial Guess Perturbations
Iteration 756/1000-----
J=1.3e-02, Jf=1.4e-03, ⟨B·n⟩=9.4e-03, Len=sum([4.9, 4.9, 4.7])=14.6, ϰ=[7.9, 8.3, 12.2], ∫ϰ²/L=[8.7, 10.8, 23.0], C-C-Sep=0.20, ║∇J║=1.8e-01
-----On 19/20 Initial Guess Perturbations
Iteration 757/1000-----
J=1.3e-02, Jf=1.4e-03, ⟨B·n⟩=9.4e-03, Len=sum([4.9, 4.9, 4.7])=14.6, ϰ=[7.9, 8.3, 12.3], ∫ϰ²/L=[8.7, 10.9, 23.0], C-C-Sep=0.20, ║∇J║=1.4e+00
-----On 19/20 Initial Guess Perturbations
Iteration 758/1000-----
J=1.3e-02, Jf=1.4e-03, ⟨B·n⟩=9.4e-03, Len=sum([4.9, 4.9, 4.7])=14.6, ϰ=[7.9, 8.3, 12.3], ∫ϰ²/L=[8.7, 10.9, 23.0], C-C-Sep=0.20, ║∇J║=5.7e-01
-----On 19/20 Initial Guess Perturbations
Iteration 759/1000-----
J=1.3e-02, Jf=1.4e-03, ⟨B·n⟩=9.4e-03, Len=sum([4.9, 4.9, 4.7])=14.6, ϰ=[7.9, 8.3, 12.3], ∫ϰ²/L=[8.7, 10.8, 23.0], C-C-Sep=0.20, ║∇J║=5.6e-01
-----On 19/20 Initial Guess Perturbations
Iteration 760/1000-----
J=1.4e+00, Jf=2.0e-01, ⟨B·n⟩=4.2e-02, Len=sum([9.8, 11.4, 10.7])=32.0, ϰ=[247.1, 133.3, 460.5], ∫ϰ²/L=[306.0, 201.6, 180.4], C-C-Sep=0.03, ║∇J║=1.4e+02
-----On 19/20 Initial Guess Perturbations
Iteration 761/1000-----
J=1.7e-02, Jf=1.7e-03, ⟨B·n⟩=9.7e-03, Len=sum([5.0, 5.0, 4.9])=14.8, ϰ=[11.0, 11.0, 13.4], ∫ϰ²/L=[17.7, 23.3, 30.1], C-C-Sep=0.18, ║∇J║=4.5e+02
-----On 19/20 Initial Guess Perturbations
Iteration 762/1000-----
J=1.3e-02, Jf=1.4e-03, ⟨B·n⟩=9.4e-03, Len=sum([4.9, 4.9, 4.7])=14.6, ϰ=[7.9, 8.3, 12.3], ∫ϰ²/L=[8.7, 10.8, 23.0], C-C-Sep=0.20, ║∇J║=1.1e+00
-----On 19/20 Initial Guess Perturbations
Iteration 763/1000-----
J=1.3e-02, Jf=1.4e-03, ⟨B·n⟩=9.4e-03, Len=sum([4.9, 4.9, 4.7])=14.6, ϰ=[7.9, 8.3, 12.3], ∫ϰ²/L=[8.7, 10.8, 23.0], C-C-Sep=0.20, ║∇J║=9.7e-02
-----On 19/20 Initial Guess Perturbations
Iteration 764/1000-----
J=1.3e-02, Jf=1.4e-03, ⟨B·n⟩=9.4e-03, Len=sum([4.9, 4.9, 4.7])=14.6, ϰ=[7.9, 8.3, 12.3], ∫ϰ²/L=[8.7, 10.8, 23.0], C-C-Sep=0.20, ║∇J║=4.0e-01
-----On 19/20 Initial Guess Perturbations
Iteration 765/1000-----
J=1.3e-02, Jf=1.4e-03, ⟨B·n⟩=9.4e-03, Len=sum([4.9, 4.9, 4.7])=14.6, ϰ=[7.9, 8.3, 12.3], ∫ϰ²/L=[8.7, 10.8, 23.0], C-C-Sep=0.20, ║∇J║=2.2e+00
-----On 19/20 Initial Guess Perturbations
Iteration 766/1000-----
J=1.3e-02, Jf=1.4e-03, ⟨B·n⟩=9.4e-03, Len=sum([4.9, 4.9, 4.7])=14.6, ϰ=[7.9, 8.3, 12.3], ∫ϰ²/L=[8.7, 10.8, 23.0], C-C-Sep=0.20, ║∇J║=2.5e+00
-----On 19/20 Initial Guess Perturbations
Iteration 767/1000-----
J=1.3e-02, Jf=1.4e-03, ⟨B·n⟩=9.4e-03, Len=sum([4.9, 4.9, 4.7])=14.6, ϰ=[7.8, 8.3, 12.2], ∫ϰ²/L=[8.7, 10.9, 23.0], C-C-Sep=0.20, ║∇J║=5.6e+00
-----On 19/20 Initial Guess Perturbations
Iteration 768/1000-----
J=1.3e-02, Jf=1.4e-03, ⟨B·n⟩=9.4e-03, Len=sum([4.9, 4.9, 4.7])=14.6, ϰ=[7.9, 8.3, 12.3], ∫ϰ²/L=[8.7, 10.8, 23.0], C-C-Sep=0.20, ║∇J║=2.6e+00
-----On 19/20 Initial Guess Perturbations
Iteration 769/1000-----
J=1.3e-02, Jf=1.4e-03, ⟨B·n⟩=9.4e-03, Len=sum([4.9, 4.9, 4.7])=14.6, ϰ=[7.9, 8.3, 12.3], ∫ϰ²/L=[8.7, 10.9, 23.0], C-C-Sep=0.20, ║∇J║=1.7e+00
-----On 19/20 Initial Guess Perturbations
Iteration 770/1000-----
J=1.3e-02, Jf=1.4e-03, ⟨B·n⟩=9.4e-03, Len=sum([4.9, 4.9, 4.7])=14.6, ϰ=[7.9, 8.3, 12.3], ∫ϰ²/L=[8.7, 10.8, 23.0], C-C-Sep=0.20, ║∇J║=2.5e+00
-----On 19/20 Initial Guess Perturbations
Iteration 771/1000-----
J=1.3e-02, Jf=1.4e-03, ⟨B·n⟩=9.4e-03, Len=sum([4.9, 4.9, 4.7])=14.6, ϰ=[7.8, 8.4, 12.5], ∫ϰ²/L=[8.7, 10.9, 23.1], C-C-Sep=0.20, ║∇J║=5.8e+01
-----On 19/20 Initial Guess Perturbations
Iteration 772/1000-----
J=1.3e-02, Jf=1.4e-03, ⟨B·n⟩=9.4e-03, Len=sum([4.9, 4.9, 4.7])=14.6, ϰ=[7.9, 8.3, 12.3], ∫ϰ²/L=[8.7, 10.8, 23.0], C-C-Sep=0.20, ║∇J║=4.7e+00
-----On 19/20 Initial Guess Perturbations
Iteration 773/1000-----
J=1.3e-02, Jf=1.4e-03, ⟨B·n⟩=9.4e-03, Len=sum([4.9, 4.9, 4.7])=14.6, ϰ=[7.9, 8.3, 12.3], ∫ϰ²/L=[8.7, 10.8, 23.0], C-C-Sep=0.20, ║∇J║=4.7e+00
-----On 19/20 Initial Guess Perturbations
Iteration 774/1000-----
J=1.3e-02, Jf=1.4e-03, ⟨B·n⟩=9.4e-03, Len=sum([4.9, 4.9, 4.7])=14.6, ϰ=[7.8, 8.3, 12.3], ∫ϰ²/L=[8.7, 10.8, 23.0], C-C-Sep=0.20, ║∇J║=1.4e+01
-----On 19/20 Initial Guess Perturbations
Iteration 775/1000-----
J=1.3e-02, Jf=1.4e-03, ⟨B·n⟩=9.4e-03, Len=sum([4.9, 4.9, 4.7])=14.6, ϰ=[7.9, 8.3, 12.3], ∫ϰ²/L=[8.7, 10.8, 23.0], C-C-Sep=0.20, ║∇J║=3.3e+00
-----On 19/20 Initial Guess Perturbations
Iteration 776/1000-----
J=1.3e-02, Jf=1.4e-03, ⟨B·n⟩=9.4e-03, Len=sum([4.9, 4.9, 4.7])=14.6, ϰ=[7.9, 8.3, 12.3], ∫ϰ²/L=[8.7, 10.8, 23.0], C-C-Sep=0.20, ║∇J║=2.8e+00
-----On 19/20 Initial Guess Perturbations
Iteration 777/1000-----
J=1.3e-02, Jf=1.4e-03, ⟨B·n⟩=9.4e-03, Len=sum([4.9, 4.9, 4.7])=14.6, ϰ=[7.9, 8.3, 12.3], ∫ϰ²/L=[8.7, 10.9, 23.0], C-C-Sep=0.20, ║∇J║=1.4e+00
-----On 19/20 Initial Guess Perturbations
Iteration 778/1000-----
J=1.3e-02, Jf=1.4e-03, ⟨B·n⟩=9.4e-03, Len=sum([4.9, 4.9, 4.7])=14.6, ϰ=[7.9, 8.3, 12.3], ∫ϰ²/L=[8.7, 10.9, 23.0], C-C-Sep=0.20, ║∇J║=8.3e-01
-----On 19/20 Initial Guess Perturbations
Iteration 779/1000-----
J=1.3e-02, Jf=1.4e-03, ⟨B·n⟩=9.4e-03, Len=sum([4.9, 4.9, 4.7])=14.6, ϰ=[7.9, 8.3, 12.3], ∫ϰ²/L=[8.7, 10.9, 23.0], C-C-Sep=0.20, ║∇J║=1.8e+00
-----On 19/20 Initial Guess Perturbations
Iteration 780/1000-----
J=1.3e-02, Jf=1.4e-03, ⟨B·n⟩=9.4e-03, Len=sum([4.9, 4.9, 4.7])=14.6, ϰ=[7.9, 8.3, 12.3], ∫ϰ²/L=[8.7, 10.9, 23.0], C-C-Sep=0.20, ║∇J║=6.3e-01
-----On 19/20 Initial Guess Perturbations
Iteration 781/1000-----
J=1.3e-02, Jf=1.4e-03, ⟨B·n⟩=9.4e-03, Len=sum([4.9, 4.9, 4.7])=14.6, ϰ=[7.9, 8.3, 12.3], ∫ϰ²/L=[8.7, 10.9, 23.0], C-C-Sep=0.20, ║∇J║=2.4e+00
-----On 19/20 Initial Guess Perturbations
Iteration 782/1000-----
J=1.3e-02, Jf=1.4e-03, ⟨B·n⟩=9.4e-03, Len=sum([4.9, 4.9, 4.7])=14.6, ϰ=[7.9, 8.3, 12.3], ∫ϰ²/L=[8.7, 10.9, 23.0], C-C-Sep=0.20, ║∇J║=1.5e+00
-----On 19/20 Initial Guess Perturbations
Iteration 783/1000-----
J=1.3e-02, Jf=1.4e-03, ⟨B·n⟩=9.4e-03, Len=sum([4.9, 4.9, 4.7])=14.6, ϰ=[7.9, 8.3, 12.3], ∫ϰ²/L=[8.7, 10.9, 23.0], C-C-Sep=0.20, ║∇J║=1.4e+00
-----On 19/20 Initial Guess Perturbations
Iteration 784/1000-----
J=1.3e-02, Jf=1.4e-03, ⟨B·n⟩=9.4e-03, Len=sum([4.9, 4.9, 4.7])=14.6, ϰ=[7.9, 8.4, 12.3], ∫ϰ²/L=[8.6, 10.9, 23.0], C-C-Sep=0.20, ║∇J║=2.1e+00
-----On 19/20 Initial Guess Perturbations
Iteration 785/1000-----
J=1.3e-02, Jf=1.4e-03, ⟨B·n⟩=9.4e-03, Len=sum([4.9, 4.9, 4.7])=14.6, ϰ=[7.9, 8.3, 12.3], ∫ϰ²/L=[8.7, 10.9, 23.0], C-C-Sep=0.20, ║∇J║=1.3e+00
-----On 19/20 Initial Guess Perturbations
Iteration 786/1000-----
J=1.3e-02, Jf=1.4e-03, ⟨B·n⟩=9.4e-03, Len=sum([4.9, 4.9, 4.7])=14.6, ϰ=[7.9, 8.3, 12.3], ∫ϰ²/L=[8.6, 10.9, 23.0], C-C-Sep=0.20, ║∇J║=2.5e+00
-----On 19/20 Initial Guess Perturbations
Iteration 787/1000-----
J=1.3e-02, Jf=1.4e-03, ⟨B·n⟩=9.4e-03, Len=sum([4.9, 4.9, 4.7])=14.6, ϰ=[7.9, 8.3, 12.3], ∫ϰ²/L=[8.6, 10.9, 23.0], C-C-Sep=0.20, ║∇J║=1.6e+00
-----On 19/20 Initial Guess Perturbations
Iteration 788/1000-----
J=1.3e-02, Jf=1.4e-03, ⟨B·n⟩=9.4e-03, Len=sum([4.9, 4.9, 4.7])=14.6, ϰ=[7.9, 8.3, 12.3], ∫ϰ²/L=[8.6, 10.9, 23.0], C-C-Sep=0.20, ║∇J║=1.1e+00
-----On 19/20 Initial Guess Perturbations
Iteration 789/1000-----
J=1.3e-02, Jf=1.4e-03, ⟨B·n⟩=9.4e-03, Len=sum([4.9, 4.9, 4.7])=14.6, ϰ=[7.9, 8.3, 12.3], ∫ϰ²/L=[8.7, 10.8, 23.0], C-C-Sep=0.20, ║∇J║=3.0e+00
-----On 19/20 Initial Guess Perturbations
Iteration 790/1000-----
J=1.3e-02, Jf=1.4e-03, ⟨B·n⟩=9.4e-03, Len=sum([4.9, 4.9, 4.7])=14.6, ϰ=[7.9, 8.3, 12.3], ∫ϰ²/L=[8.6, 10.9, 23.0], C-C-Sep=0.20, ║∇J║=1.5e+00
-----On 19/20 Initial Guess Perturbations
Iteration 791/1000-----
J=1.3e-02, Jf=1.4e-03, ⟨B·n⟩=9.4e-03, Len=sum([4.9, 4.9, 4.7])=14.6, ϰ=[7.9, 8.3, 12.3], ∫ϰ²/L=[8.6, 10.9, 23.0], C-C-Sep=0.20, ║∇J║=6.2e-01
-----On 19/20 Initial Guess Perturbations
Iteration 792/1000-----
J=1.3e-02, Jf=1.4e-03, ⟨B·n⟩=9.4e-03, Len=sum([4.9, 4.9, 4.7])=14.6, ϰ=[7.9, 8.3, 12.3], ∫ϰ²/L=[8.6, 10.9, 23.0], C-C-Sep=0.20, ║∇J║=1.0e+00
-----On 19/20 Initial Guess Perturbations
Iteration 793/1000-----
J=1.3e-02, Jf=1.4e-03, ⟨B·n⟩=9.4e-03, Len=sum([4.9, 4.9, 4.7])=14.6, ϰ=[7.9, 8.3, 12.3], ∫ϰ²/L=[8.6, 10.9, 23.0], C-C-Sep=0.20, ║∇J║=1.5e+00
-----On 19/20 Initial Guess Perturbations
Iteration 794/1000-----
J=1.3e-02, Jf=1.4e-03, ⟨B·n⟩=9.4e-03, Len=sum([4.9, 4.9, 4.7])=14.6, ϰ=[8.0, 8.4, 12.2], ∫ϰ²/L=[8.7, 11.1, 23.2], C-C-Sep=0.20, ║∇J║=9.6e+00
-----On 19/20 Initial Guess Perturbations
Iteration 795/1000-----
J=1.3e-02, Jf=1.4e-03, ⟨B·n⟩=9.4e-03, Len=sum([4.9, 4.9, 4.7])=14.6, ϰ=[7.9, 8.3, 12.3], ∫ϰ²/L=[8.6, 10.9, 23.0], C-C-Sep=0.20, ║∇J║=1.7e+00
-----On 19/20 Initial Guess Perturbations
Iteration 796/1000-----
J=1.3e-02, Jf=1.4e-03, ⟨B·n⟩=9.4e-03, Len=sum([4.9, 4.9, 4.7])=14.6, ϰ=[7.9, 8.3, 12.3], ∫ϰ²/L=[8.7, 10.9, 23.0], C-C-Sep=0.20, ║∇J║=2.4e+00
-----On 19/20 Initial Guess Perturbations
Iteration 797/1000-----
J=1.3e-02, Jf=1.4e-03, ⟨B·n⟩=9.4e-03, Len=sum([4.9, 4.9, 4.7])=14.6, ϰ=[7.9, 8.3, 12.3], ∫ϰ²/L=[8.7, 10.9, 23.0], C-C-Sep=0.20, ║∇J║=2.5e+00
-----On 19/20 Initial Guess Perturbations
Iteration 798/1000-----
J=1.3e-02, Jf=1.4e-03, ⟨B·n⟩=9.4e-03, Len=sum([4.9, 4.9, 4.7])=14.6, ϰ=[7.8, 8.4, 12.3], ∫ϰ²/L=[8.7, 10.9, 23.0], C-C-Sep=0.20, ║∇J║=4.6e+00
-----On 19/20 Initial Guess Perturbations
Iteration 799/1000-----
J=1.3e-02, Jf=1.4e-03, ⟨B·n⟩=9.4e-03, Len=sum([4.9, 4.9, 4.7])=14.6, ϰ=[7.9, 8.3, 12.3], ∫ϰ²/L=[8.7, 10.9, 23.0], C-C-Sep=0.20, ║∇J║=2.7e+00
-----On 19/20 Initial Guess Perturbations
Iteration 800/1000-----
J=1.3e-02, Jf=1.4e-03, ⟨B·n⟩=9.4e-03, Len=sum([4.9, 4.9, 4.7])=14.6, ϰ=[7.9, 8.3, 12.3], ∫ϰ²/L=[8.7, 10.9, 23.0], C-C-Sep=0.20, ║∇J║=2.3e+00
-----On 19/20 Initial Guess Perturbations
Iteration 801/1000-----
J=1.3e-02, Jf=1.4e-03, ⟨B·n⟩=9.4e-03, Len=sum([4.9, 4.9, 4.7])=14.6, ϰ=[7.9, 8.3, 12.3], ∫ϰ²/L=[8.7, 10.9, 23.0], C-C-Sep=0.20, ║∇J║=1.7e+00
-----On 19/20 Initial Guess Perturbations
Iteration 802/1000-----
J=1.3e-02, Jf=1.4e-03, ⟨B·n⟩=9.4e-03, Len=sum([4.9, 4.9, 4.7])=14.6, ϰ=[7.9, 8.3, 12.3], ∫ϰ²/L=[8.7, 10.9, 23.0], C-C-Sep=0.20, ║∇J║=1.4e+00
-----On 19/20 Initial Guess Perturbations
Iteration 803/1000-----
J=1.3e-02, Jf=1.4e-03, ⟨B·n⟩=9.4e-03, Len=sum([4.9, 4.9, 4.7])=14.6, ϰ=[8.0, 8.3, 12.3], ∫ϰ²/L=[8.7, 10.9, 23.0], C-C-Sep=0.20, ║∇J║=1.3e+00
-----On 19/20 Initial Guess Perturbations
Iteration 804/1000-----
J=1.3e-02, Jf=1.4e-03, ⟨B·n⟩=9.4e-03, Len=sum([4.9, 4.9, 4.7])=14.6, ϰ=[8.0, 8.3, 12.3], ∫ϰ²/L=[8.7, 10.9, 23.0], C-C-Sep=0.20, ║∇J║=8.4e-01
-----On 19/20 Initial Guess Perturbations
Iteration 805/1000-----
J=1.3e-02, Jf=1.4e-03, ⟨B·n⟩=9.4e-03, Len=sum([4.9, 4.9, 4.7])=14.6, ϰ=[8.0, 8.3, 12.3], ∫ϰ²/L=[8.7, 10.9, 23.0], C-C-Sep=0.20, ║∇J║=1.3e+00
-----On 19/20 Initial Guess Perturbations
Iteration 806/1000-----
J=1.3e-02, Jf=1.4e-03, ⟨B·n⟩=9.4e-03, Len=sum([4.9, 4.9, 4.7])=14.6, ϰ=[8.0, 8.3, 12.4], ∫ϰ²/L=[8.7, 10.9, 23.0], C-C-Sep=0.20, ║∇J║=1.2e+00
-----On 19/20 Initial Guess Perturbations
Iteration 807/1000-----
J=1.3e-02, Jf=1.4e-03, ⟨B·n⟩=9.4e-03, Len=sum([4.9, 4.9, 4.7])=14.6, ϰ=[8.0, 8.4, 12.4], ∫ϰ²/L=[8.7, 10.9, 23.1], C-C-Sep=0.20, ║∇J║=1.1e+00
-----On 19/20 Initial Guess Perturbations
Iteration 808/1000-----
J=1.3e-02, Jf=1.4e-03, ⟨B·n⟩=9.4e-03, Len=sum([4.9, 4.9, 4.7])=14.6, ϰ=[8.0, 8.3, 12.4], ∫ϰ²/L=[8.7, 10.9, 23.0], C-C-Sep=0.20, ║∇J║=8.8e-01
-----On 19/20 Initial Guess Perturbations
Iteration 809/1000-----
J=1.3e-02, Jf=1.4e-03, ⟨B·n⟩=9.4e-03, Len=sum([4.9, 4.9, 4.7])=14.6, ϰ=[8.0, 8.3, 12.4], ∫ϰ²/L=[8.7, 10.9, 23.0], C-C-Sep=0.20, ║∇J║=1.2e+00
-----On 19/20 Initial Guess Perturbations
Iteration 810/1000-----
J=1.3e-02, Jf=1.4e-03, ⟨B·n⟩=9.4e-03, Len=sum([4.9, 4.9, 4.7])=14.6, ϰ=[8.0, 8.3, 12.4], ∫ϰ²/L=[8.7, 10.9, 23.0], C-C-Sep=0.20, ║∇J║=1.2e+00
-----On 19/20 Initial Guess Perturbations
Iteration 811/1000-----
J=1.8e-02, Jf=2.2e-03, ⟨B·n⟩=1.0e-02, Len=sum([5.0, 5.0, 4.8])=14.8, ϰ=[10.9, 14.9, 16.8], ∫ϰ²/L=[17.0, 18.7, 34.8], C-C-Sep=0.19, ║∇J║=3.7e+01
-----On 19/20 Initial Guess Perturbations
Iteration 812/1000-----
J=1.3e-02, Jf=1.4e-03, ⟨B·n⟩=9.4e-03, Len=sum([4.9, 4.9, 4.7])=14.6, ϰ=[7.8, 8.2, 12.5], ∫ϰ²/L=[8.6, 10.9, 23.0], C-C-Sep=0.20, ║∇J║=4.6e+00
-----On 19/20 Initial Guess Perturbations
Iteration 813/1000-----
J=1.3e-02, Jf=1.4e-03, ⟨B·n⟩=9.4e-03, Len=sum([4.9, 4.9, 4.7])=14.6, ϰ=[8.0, 8.3, 12.4], ∫ϰ²/L=[8.7, 10.9, 23.0], C-C-Sep=0.20, ║∇J║=1.2e+00
-----On 19/20 Initial Guess Perturbations
Iteration 814/1000-----
J=1.3e-02, Jf=1.4e-03, ⟨B·n⟩=9.4e-03, Len=sum([4.9, 4.9, 4.7])=14.6, ϰ=[8.0, 8.3, 12.4], ∫ϰ²/L=[8.7, 10.9, 23.0], C-C-Sep=0.20, ║∇J║=1.3e+00
-----On 19/20 Initial Guess Perturbations
Iteration 815/1000-----
J=1.3e-02, Jf=1.4e-03, ⟨B·n⟩=9.4e-03, Len=sum([4.9, 4.9, 4.7])=14.6, ϰ=[7.9, 8.3, 12.2], ∫ϰ²/L=[8.8, 11.1, 23.4], C-C-Sep=0.20, ║∇J║=6.4e+00
-----On 19/20 Initial Guess Perturbations
Iteration 816/1000-----
J=1.3e-02, Jf=1.4e-03, ⟨B·n⟩=9.4e-03, Len=sum([4.9, 4.9, 4.7])=14.6, ϰ=[8.0, 8.3, 12.4], ∫ϰ²/L=[8.7, 10.9, 23.1], C-C-Sep=0.20, ║∇J║=1.3e+00
-----On 19/20 Initial Guess Perturbations
Iteration 817/1000-----
J=1.3e-02, Jf=1.4e-03, ⟨B·n⟩=9.4e-03, Len=sum([4.9, 4.9, 4.7])=14.6, ϰ=[8.0, 8.3, 12.3], ∫ϰ²/L=[8.7, 10.9, 23.1], C-C-Sep=0.20, ║∇J║=1.1e+00
-----On 19/20 Initial Guess Perturbations
Iteration 818/1000-----
J=1.3e-02, Jf=1.4e-03, ⟨B·n⟩=9.4e-03, Len=sum([4.9, 4.9, 4.7])=14.6, ϰ=[7.9, 8.3, 12.5], ∫ϰ²/L=[8.7, 11.0, 23.1], C-C-Sep=0.20, ║∇J║=2.6e-01
-----On 19/20 Initial Guess Perturbations
Iteration 819/1000-----
J=1.3e-02, Jf=1.4e-03, ⟨B·n⟩=9.4e-03, Len=sum([4.9, 4.9, 4.7])=14.6, ϰ=[8.0, 8.3, 12.3], ∫ϰ²/L=[8.7, 10.9, 23.1], C-C-Sep=0.20, ║∇J║=1.1e+00
-----On 19/20 Initial Guess Perturbations
Iteration 820/1000-----
J=1.9e-02, Jf=2.2e-03, ⟨B·n⟩=1.0e-02, Len=sum([4.9, 5.0, 4.7])=14.7, ϰ=[13.4, 11.7, 18.9], ∫ϰ²/L=[18.0, 17.2, 42.0], C-C-Sep=0.18, ║∇J║=5.7e+01
-----On 19/20 Initial Guess Perturbations
Iteration 821/1000-----
J=1.3e-02, Jf=1.4e-03, ⟨B·n⟩=9.4e-03, Len=sum([4.9, 4.9, 4.7])=14.6, ϰ=[8.1, 8.3, 13.2], ∫ϰ²/L=[9.0, 10.7, 24.0], C-C-Sep=0.20, ║∇J║=1.3e+00
-----On 19/20 Initial Guess Perturbations
Iteration 822/1000-----
J=1.3e-02, Jf=1.4e-03, ⟨B·n⟩=9.4e-03, Len=sum([4.9, 4.9, 4.7])=14.6, ϰ=[8.0, 8.3, 12.3], ∫ϰ²/L=[8.7, 10.9, 23.1], C-C-Sep=0.20, ║∇J║=5.3e-01
-----On 19/20 Initial Guess Perturbations
Iteration 823/1000-----
J=1.3e-02, Jf=1.4e-03, ⟨B·n⟩=9.4e-03, Len=sum([4.9, 4.9, 4.7])=14.6, ϰ=[8.0, 8.3, 12.3], ∫ϰ²/L=[8.7, 10.9, 23.1], C-C-Sep=0.20, ║∇J║=1.7e+00
-----On 19/20 Initial Guess Perturbations
Iteration 824/1000-----
J=1.3e-02, Jf=1.4e-03, ⟨B·n⟩=9.4e-03, Len=sum([4.9, 4.9, 4.7])=14.6, ϰ=[7.9, 8.3, 12.3], ∫ϰ²/L=[8.7, 10.9, 23.1], C-C-Sep=0.20, ║∇J║=1.3e+00
-----On 19/20 Initial Guess Perturbations
Iteration 825/1000-----
J=1.3e-02, Jf=1.4e-03, ⟨B·n⟩=9.4e-03, Len=sum([4.9, 4.9, 4.7])=14.6, ϰ=[8.0, 8.4, 12.3], ∫ϰ²/L=[8.7, 10.9, 23.1], C-C-Sep=0.20, ║∇J║=2.6e-01
-----On 19/20 Initial Guess Perturbations
Iteration 826/1000-----
J=1.3e-02, Jf=1.4e-03, ⟨B·n⟩=9.4e-03, Len=sum([4.9, 4.9, 4.7])=14.6, ϰ=[8.0, 8.3, 12.3], ∫ϰ²/L=[8.7, 10.9, 23.1], C-C-Sep=0.20, ║∇J║=1.2e+00
-----On 19/20 Initial Guess Perturbations
Iteration 827/1000-----
J=1.3e-02, Jf=1.4e-03, ⟨B·n⟩=9.4e-03, Len=sum([4.9, 4.9, 4.7])=14.6, ϰ=[8.0, 8.4, 12.7], ∫ϰ²/L=[8.9, 11.0, 23.3], C-C-Sep=0.20, ║∇J║=1.6e+01
-----On 19/20 Initial Guess Perturbations
Iteration 828/1000-----
J=1.3e-02, Jf=1.4e-03, ⟨B·n⟩=9.4e-03, Len=sum([4.9, 4.9, 4.7])=14.6, ϰ=[8.0, 8.3, 12.3], ∫ϰ²/L=[8.7, 10.9, 23.1], C-C-Sep=0.20, ║∇J║=1.5e+00
-----On 19/20 Initial Guess Perturbations
Iteration 829/1000-----
J=1.4e-02, Jf=1.4e-03, ⟨B·n⟩=9.4e-03, Len=sum([4.9, 5.0, 4.7])=14.6, ϰ=[8.0, 8.6, 12.0], ∫ϰ²/L=[10.4, 12.6, 24.2], C-C-Sep=0.19, ║∇J║=3.0e+02
-----On 19/20 Initial Guess Perturbations
Iteration 830/1000-----
J=1.3e-02, Jf=1.4e-03, ⟨B·n⟩=9.4e-03, Len=sum([4.9, 4.9, 4.7])=14.6, ϰ=[7.9, 8.3, 12.3], ∫ϰ²/L=[8.7, 10.9, 23.1], C-C-Sep=0.20, ║∇J║=1.5e+00
-----On 19/20 Initial Guess Perturbations
Iteration 831/1000-----
J=3.1e-02, Jf=3.9e-03, ⟨B·n⟩=1.0e-02, Len=sum([5.0, 5.1, 5.0])=15.1, ϰ=[22.2, 16.8, 33.3], ∫ϰ²/L=[40.6, 35.2, 51.2], C-C-Sep=0.16, ║∇J║=2.8e+01
-----On 19/20 Initial Guess Perturbations
Iteration 832/1000-----
J=1.3e-02, Jf=1.4e-03, ⟨B·n⟩=9.4e-03, Len=sum([4.9, 4.9, 4.7])=14.6, ϰ=[8.0, 8.3, 12.3], ∫ϰ²/L=[8.7, 10.9, 23.1], C-C-Sep=0.20, ║∇J║=1.3e+00
-----On 19/20 Initial Guess Perturbations
Iteration 833/1000-----
J=1.3e-02, Jf=1.4e-03, ⟨B·n⟩=9.4e-03, Len=sum([4.9, 4.9, 4.7])=14.6, ϰ=[7.8, 8.0, 12.2], ∫ϰ²/L=[8.6, 10.9, 23.1], C-C-Sep=0.20, ║∇J║=3.4e+00
-----On 19/20 Initial Guess Perturbations
Iteration 834/1000-----
J=1.3e-02, Jf=1.4e-03, ⟨B·n⟩=9.4e-03, Len=sum([4.9, 4.9, 4.7])=14.6, ϰ=[7.9, 8.3, 12.3], ∫ϰ²/L=[8.7, 10.9, 23.1], C-C-Sep=0.20, ║∇J║=1.1e+00
-----On 19/20 Initial Guess Perturbations
Iteration 835/1000-----
J=1.3e-02, Jf=1.4e-03, ⟨B·n⟩=9.4e-03, Len=sum([4.9, 4.9, 4.7])=14.6, ϰ=[7.9, 8.3, 12.3], ∫ϰ²/L=[8.7, 10.9, 23.1], C-C-Sep=0.20, ║∇J║=1.8e+00
-----On 19/20 Initial Guess Perturbations
Iteration 836/1000-----
J=1.3e-02, Jf=1.4e-03, ⟨B·n⟩=9.4e-03, Len=sum([4.9, 4.9, 4.7])=14.6, ϰ=[7.9, 8.3, 12.3], ∫ϰ²/L=[8.7, 10.9, 23.1], C-C-Sep=0.20, ║∇J║=2.6e-01
-----On 19/20 Initial Guess Perturbations
Iteration 837/1000-----
J=1.3e-02, Jf=1.4e-03, ⟨B·n⟩=9.4e-03, Len=sum([4.9, 4.9, 4.7])=14.6, ϰ=[7.9, 8.3, 12.3], ∫ϰ²/L=[8.7, 10.9, 23.1], C-C-Sep=0.20, ║∇J║=1.7e-01
-----On 19/20 Initial Guess Perturbations
Iteration 838/1000-----
J=1.3e-02, Jf=1.4e-03, ⟨B·n⟩=9.4e-03, Len=sum([4.9, 4.9, 4.7])=14.6, ϰ=[7.9, 8.3, 12.3], ∫ϰ²/L=[8.7, 10.9, 23.1], C-C-Sep=0.20, ║∇J║=1.4e+00
-----On 19/20 Initial Guess Perturbations
Iteration 839/1000-----
J=1.3e-02, Jf=1.4e-03, ⟨B·n⟩=9.4e-03, Len=sum([4.9, 4.9, 4.7])=14.6, ϰ=[7.9, 8.3, 12.3], ∫ϰ²/L=[8.7, 10.9, 23.1], C-C-Sep=0.20, ║∇J║=2.1e+00
-----On 19/20 Initial Guess Perturbations
Iteration 840/1000-----
J=1.3e-02, Jf=1.4e-03, ⟨B·n⟩=9.4e-03, Len=sum([4.9, 4.9, 4.7])=14.6, ϰ=[8.2, 8.3, 12.4], ∫ϰ²/L=[8.8, 10.8, 23.1], C-C-Sep=0.20, ║∇J║=1.9e+01
-----On 19/20 Initial Guess Perturbations
Iteration 841/1000-----
J=1.3e-02, Jf=1.4e-03, ⟨B·n⟩=9.4e-03, Len=sum([4.9, 4.9, 4.7])=14.6, ϰ=[7.9, 8.3, 12.3], ∫ϰ²/L=[8.7, 10.9, 23.0], C-C-Sep=0.20, ║∇J║=1.1e+00
-----On 19/20 Initial Guess Perturbations
Iteration 842/1000-----
J=1.3e-02, Jf=1.4e-03, ⟨B·n⟩=9.4e-03, Len=sum([4.9, 4.9, 4.7])=14.6, ϰ=[7.9, 8.3, 12.3], ∫ϰ²/L=[8.7, 10.9, 23.1], C-C-Sep=0.20, ║∇J║=1.4e+00
-----On 19/20 Initial Guess Perturbations
Iteration 843/1000-----
J=1.3e-02, Jf=1.4e-03, ⟨B·n⟩=9.4e-03, Len=sum([4.9, 4.9, 4.7])=14.6, ϰ=[7.9, 8.3, 12.3], ∫ϰ²/L=[8.7, 10.9, 23.1], C-C-Sep=0.20, ║∇J║=6.5e-01
-----On 19/20 Initial Guess Perturbations
Iteration 844/1000-----
J=1.3e-02, Jf=1.4e-03, ⟨B·n⟩=9.4e-03, Len=sum([4.9, 4.9, 4.7])=14.6, ϰ=[7.9, 8.3, 12.3], ∫ϰ²/L=[8.7, 10.9, 23.1], C-C-Sep=0.20, ║∇J║=5.7e-02
-----On 19/20 Initial Guess Perturbations
Iteration 845/1000-----
J=1.3e-02, Jf=1.4e-03, ⟨B·n⟩=9.4e-03, Len=sum([4.9, 4.9, 4.7])=14.6, ϰ=[7.9, 8.4, 12.3], ∫ϰ²/L=[8.7, 10.9, 23.0], C-C-Sep=0.20, ║∇J║=1.0e+00
-----On 19/20 Initial Guess Perturbations
Iteration 846/1000-----
J=1.3e-02, Jf=1.4e-03, ⟨B·n⟩=9.4e-03, Len=sum([4.9, 4.9, 4.7])=14.6, ϰ=[7.9, 8.4, 12.3], ∫ϰ²/L=[8.7, 10.9, 23.1], C-C-Sep=0.20, ║∇J║=1.7e-01
-----On 19/20 Initial Guess Perturbations
Iteration 847/1000-----
J=1.3e-02, Jf=1.4e-03, ⟨B·n⟩=9.4e-03, Len=sum([4.9, 4.9, 4.7])=14.6, ϰ=[7.9, 8.4, 12.3], ∫ϰ²/L=[8.7, 10.9, 23.1], C-C-Sep=0.20, ║∇J║=9.2e-01
-----On 19/20 Initial Guess Perturbations
Iteration 848/1000-----
J=1.3e-02, Jf=1.4e-03, ⟨B·n⟩=9.4e-03, Len=sum([4.9, 4.9, 4.7])=14.6, ϰ=[7.9, 8.5, 12.3], ∫ϰ²/L=[8.7, 10.9, 23.1], C-C-Sep=0.20, ║∇J║=2.3e+00
-----On 19/20 Initial Guess Perturbations
Iteration 849/1000-----
J=1.3e-02, Jf=1.4e-03, ⟨B·n⟩=9.4e-03, Len=sum([4.9, 4.9, 4.7])=14.6, ϰ=[7.9, 8.5, 12.3], ∫ϰ²/L=[8.7, 10.9, 23.1], C-C-Sep=0.20, ║∇J║=1.1e-01
-----On 19/20 Initial Guess Perturbations
Iteration 850/1000-----
J=1.3e-02, Jf=1.4e-03, ⟨B·n⟩=9.4e-03, Len=sum([4.9, 4.9, 4.7])=14.6, ϰ=[7.9, 8.5, 12.3], ∫ϰ²/L=[8.7, 10.9, 23.1], C-C-Sep=0.20, ║∇J║=7.6e-01
-----On 19/20 Initial Guess Perturbations
Iteration 851/1000-----
J=1.3e-02, Jf=1.4e-03, ⟨B·n⟩=9.4e-03, Len=sum([4.9, 4.9, 4.7])=14.6, ϰ=[7.9, 8.5, 12.3], ∫ϰ²/L=[8.7, 10.9, 23.1], C-C-Sep=0.20, ║∇J║=3.9e-01
-----On 19/20 Initial Guess Perturbations
Iteration 852/1000-----
J=1.3e-02, Jf=1.4e-03, ⟨B·n⟩=9.4e-03, Len=sum([4.9, 4.9, 4.7])=14.6, ϰ=[7.9, 8.5, 12.3], ∫ϰ²/L=[8.7, 10.9, 23.1], C-C-Sep=0.20, ║∇J║=2.3e-01
-----On 19/20 Initial Guess Perturbations
Iteration 853/1000-----
J=1.3e-02, Jf=1.4e-03, ⟨B·n⟩=9.4e-03, Len=sum([4.9, 4.9, 4.7])=14.6, ϰ=[7.7, 8.8, 12.4], ∫ϰ²/L=[8.8, 11.0, 23.2], C-C-Sep=0.20, ║∇J║=2.5e+00
-----On 19/20 Initial Guess Perturbations
Iteration 854/1000-----
J=1.3e-02, Jf=1.4e-03, ⟨B·n⟩=9.4e-03, Len=sum([4.9, 4.9, 4.7])=14.6, ϰ=[7.9, 8.5, 12.3], ∫ϰ²/L=[8.7, 10.9, 23.1], C-C-Sep=0.20, ║∇J║=1.3e+00
-----On 19/20 Initial Guess Perturbations
Iteration 855/1000-----
J=1.3e-02, Jf=1.4e-03, ⟨B·n⟩=9.4e-03, Len=sum([4.9, 4.9, 4.7])=14.6, ϰ=[7.9, 8.5, 12.3], ∫ϰ²/L=[8.7, 10.9, 23.1], C-C-Sep=0.20, ║∇J║=6.8e-02
-----On 19/20 Initial Guess Perturbations
Iteration 856/1000-----
J=1.3e-02, Jf=1.4e-03, ⟨B·n⟩=9.4e-03, Len=sum([4.9, 4.9, 4.7])=14.6, ϰ=[7.9, 8.5, 12.3], ∫ϰ²/L=[8.7, 11.0, 23.1], C-C-Sep=0.20, ║∇J║=1.7e-01
-----On 19/20 Initial Guess Perturbations
Iteration 857/1000-----
J=1.3e-02, Jf=1.4e-03, ⟨B·n⟩=9.4e-03, Len=sum([4.9, 4.9, 4.7])=14.6, ϰ=[7.9, 8.5, 12.3], ∫ϰ²/L=[8.7, 11.0, 23.1], C-C-Sep=0.20, ║∇J║=1.6e-01
-----On 19/20 Initial Guess Perturbations
Iteration 858/1000-----
J=2.0e-02, Jf=1.4e-03, ⟨B·n⟩=9.6e-03, Len=sum([5.0, 5.0, 4.8])=14.8, ϰ=[15.5, 18.9, 18.1], ∫ϰ²/L=[32.0, 32.1, 44.4], C-C-Sep=0.18, ║∇J║=2.2e+00
-----On 19/20 Initial Guess Perturbations
Iteration 859/1000-----
J=1.3e-02, Jf=1.4e-03, ⟨B·n⟩=9.4e-03, Len=sum([4.9, 4.9, 4.7])=14.6, ϰ=[7.9, 8.5, 12.3], ∫ϰ²/L=[8.7, 11.0, 23.1], C-C-Sep=0.20, ║∇J║=6.6e-02
-----On 19/20 Initial Guess Perturbations
Iteration 860/1000-----
J=1.3e-02, Jf=1.4e-03, ⟨B·n⟩=9.4e-03, Len=sum([4.9, 4.9, 4.7])=14.6, ϰ=[7.9, 8.5, 12.3], ∫ϰ²/L=[8.7, 11.0, 23.1], C-C-Sep=0.20, ║∇J║=2.1e-01
-----On 19/20 Initial Guess Perturbations
Iteration 861/1000-----
J=1.3e-02, Jf=1.4e-03, ⟨B·n⟩=9.4e-03, Len=sum([4.9, 4.9, 4.7])=14.6, ϰ=[7.9, 8.5, 12.3], ∫ϰ²/L=[8.7, 11.0, 23.1], C-C-Sep=0.20, ║∇J║=1.9e-01
-----On 19/20 Initial Guess Perturbations
Iteration 862/1000-----
J=1.3e-02, Jf=1.4e-03, ⟨B·n⟩=9.4e-03, Len=sum([4.9, 4.9, 4.7])=14.6, ϰ=[7.8, 8.7, 12.3], ∫ϰ²/L=[8.7, 10.9, 22.9], C-C-Sep=0.20, ║∇J║=3.5e+01
-----On 19/20 Initial Guess Perturbations
Iteration 863/1000-----
J=1.3e-02, Jf=1.4e-03, ⟨B·n⟩=9.4e-03, Len=sum([4.9, 4.9, 4.7])=14.6, ϰ=[7.9, 8.5, 12.3], ∫ϰ²/L=[8.7, 11.0, 23.1], C-C-Sep=0.20, ║∇J║=5.3e-01
-----On 19/20 Initial Guess Perturbations
Iteration 864/1000-----
J=1.3e-02, Jf=1.4e-03, ⟨B·n⟩=9.4e-03, Len=sum([4.9, 4.9, 4.7])=14.6, ϰ=[7.7, 8.1, 12.5], ∫ϰ²/L=[8.9, 10.9, 23.2], C-C-Sep=0.20, ║∇J║=2.9e-01
-----On 19/20 Initial Guess Perturbations
Iteration 865/1000-----
J=1.3e-02, Jf=1.4e-03, ⟨B·n⟩=9.4e-03, Len=sum([4.9, 4.9, 4.7])=14.6, ϰ=[7.9, 8.5, 12.3], ∫ϰ²/L=[8.7, 11.0, 23.1], C-C-Sep=0.20, ║∇J║=6.1e-01
-----On 19/20 Initial Guess Perturbations
Iteration 866/1000-----
J=2.5e-02, Jf=6.5e-03, ⟨B·n⟩=1.1e-02, Len=sum([5.0, 5.1, 4.7])=14.8, ϰ=[17.8, 13.8, 16.4], ∫ϰ²/L=[33.7, 32.6, 40.2], C-C-Sep=0.18, ║∇J║=6.0e+01
-----On 19/20 Initial Guess Perturbations
Iteration 867/1000-----
J=1.4e-02, Jf=1.4e-03, ⟨B·n⟩=9.5e-03, Len=sum([4.9, 5.0, 4.7])=14.6, ϰ=[8.6, 9.5, 11.6], ∫ϰ²/L=[10.0, 12.6, 24.1], C-C-Sep=0.19, ║∇J║=1.5e+01
-----On 19/20 Initial Guess Perturbations
Iteration 868/1000-----
J=1.3e-02, Jf=1.4e-03, ⟨B·n⟩=9.4e-03, Len=sum([4.9, 4.9, 4.7])=14.6, ϰ=[7.9, 8.5, 12.3], ∫ϰ²/L=[8.7, 11.0, 23.1], C-C-Sep=0.20, ║∇J║=1.1e+00
-----On 19/20 Initial Guess Perturbations
Iteration 869/1000-----
J=1.3e-02, Jf=1.4e-03, ⟨B·n⟩=9.4e-03, Len=sum([4.9, 4.9, 4.7])=14.6, ϰ=[7.9, 8.5, 12.3], ∫ϰ²/L=[8.7, 11.0, 23.1], C-C-Sep=0.20, ║∇J║=1.6e+00
-----On 19/20 Initial Guess Perturbations
Iteration 870/1000-----
J=1.3e-02, Jf=1.4e-03, ⟨B·n⟩=9.4e-03, Len=sum([4.9, 4.9, 4.7])=14.6, ϰ=[7.9, 8.5, 12.3], ∫ϰ²/L=[8.7, 11.0, 23.1], C-C-Sep=0.20, ║∇J║=9.5e-01
-----On 19/20 Initial Guess Perturbations
Iteration 871/1000-----
J=1.3e-02, Jf=1.4e-03, ⟨B·n⟩=9.4e-03, Len=sum([4.9, 4.9, 4.7])=14.6, ϰ=[7.9, 8.5, 12.3], ∫ϰ²/L=[8.7, 11.0, 23.1], C-C-Sep=0.20, ║∇J║=9.2e-01
-----On 19/20 Initial Guess Perturbations
Iteration 872/1000-----
J=1.3e-02, Jf=1.4e-03, ⟨B·n⟩=9.4e-03, Len=sum([4.9, 4.9, 4.7])=14.6, ϰ=[7.9, 8.5, 12.3], ∫ϰ²/L=[8.7, 11.0, 23.1], C-C-Sep=0.20, ║∇J║=1.1e+00
-----On 19/20 Initial Guess Perturbations
Iteration 873/1000-----
J=1.3e-02, Jf=1.4e-03, ⟨B·n⟩=9.4e-03, Len=sum([4.9, 4.9, 4.7])=14.6, ϰ=[8.0, 8.7, 12.3], ∫ϰ²/L=[8.8, 11.1, 23.2], C-C-Sep=0.20, ║∇J║=8.5e+00
-----On 19/20 Initial Guess Perturbations
Iteration 874/1000-----
J=1.3e-02, Jf=1.4e-03, ⟨B·n⟩=9.4e-03, Len=sum([4.9, 4.9, 4.7])=14.6, ϰ=[7.9, 8.5, 12.3], ∫ϰ²/L=[8.7, 11.0, 23.1], C-C-Sep=0.20, ║∇J║=6.4e-01
-----On 19/20 Initial Guess Perturbations
Iteration 875/1000-----
J=1.3e-02, Jf=1.4e-03, ⟨B·n⟩=9.4e-03, Len=sum([4.9, 4.9, 4.7])=14.6, ϰ=[7.9, 8.5, 12.3], ∫ϰ²/L=[8.7, 11.0, 23.1], C-C-Sep=0.20, ║∇J║=1.2e-01
-----On 19/20 Initial Guess Perturbations
Iteration 876/1000-----
J=1.3e-02, Jf=1.4e-03, ⟨B·n⟩=9.4e-03, Len=sum([4.9, 4.9, 4.7])=14.6, ϰ=[7.9, 8.5, 12.3], ∫ϰ²/L=[8.7, 11.0, 23.1], C-C-Sep=0.20, ║∇J║=2.0e+00
-----On 19/20 Initial Guess Perturbations
Iteration 877/1000-----
J=1.3e-02, Jf=1.4e-03, ⟨B·n⟩=9.4e-03, Len=sum([4.9, 4.9, 4.7])=14.6, ϰ=[7.9, 8.5, 12.3], ∫ϰ²/L=[8.7, 10.9, 23.1], C-C-Sep=0.20, ║∇J║=2.3e+00
-----On 19/20 Initial Guess Perturbations
Iteration 878/1000-----
J=1.3e-02, Jf=1.4e-03, ⟨B·n⟩=9.4e-03, Len=sum([4.9, 4.9, 4.7])=14.6, ϰ=[8.0, 8.5, 12.3], ∫ϰ²/L=[8.7, 11.0, 23.1], C-C-Sep=0.20, ║∇J║=5.6e+00
-----On 19/20 Initial Guess Perturbations
Iteration 879/1000-----
J=1.3e-02, Jf=1.4e-03, ⟨B·n⟩=9.4e-03, Len=sum([4.9, 4.9, 4.7])=14.6, ϰ=[7.9, 8.5, 12.3], ∫ϰ²/L=[8.7, 10.9, 23.1], C-C-Sep=0.20, ║∇J║=5.7e-01
-----On 19/20 Initial Guess Perturbations
Iteration 880/1000-----
J=1.3e-02, Jf=1.4e-03, ⟨B·n⟩=9.4e-03, Len=sum([4.9, 4.9, 4.7])=14.6, ϰ=[7.9, 8.5, 12.3], ∫ϰ²/L=[8.7, 10.9, 23.1], C-C-Sep=0.20, ║∇J║=4.7e-02
-----On 19/20 Initial Guess Perturbations
Iteration 881/1000-----
J=1.3e-02, Jf=1.4e-03, ⟨B·n⟩=9.4e-03, Len=sum([4.9, 4.9, 4.7])=14.6, ϰ=[7.9, 8.5, 12.4], ∫ϰ²/L=[8.7, 11.0, 23.1], C-C-Sep=0.20, ║∇J║=9.9e-01
-----On 19/20 Initial Guess Perturbations
Iteration 882/1000-----
J=1.3e-02, Jf=1.4e-03, ⟨B·n⟩=9.4e-03, Len=sum([4.9, 4.9, 4.7])=14.6, ϰ=[8.0, 8.6, 12.3], ∫ϰ²/L=[8.7, 10.9, 23.1], C-C-Sep=0.20, ║∇J║=6.8e-01
-----On 19/20 Initial Guess Perturbations
Iteration 883/1000-----
J=1.3e-02, Jf=1.4e-03, ⟨B·n⟩=9.4e-03, Len=sum([4.9, 4.9, 4.7])=14.6, ϰ=[7.9, 8.5, 12.3], ∫ϰ²/L=[8.7, 10.9, 23.1], C-C-Sep=0.20, ║∇J║=9.1e-01
-----On 19/20 Initial Guess Perturbations
Iteration 884/1000-----
J=1.4e-02, Jf=1.4e-03, ⟨B·n⟩=9.4e-03, Len=sum([4.9, 4.9, 4.7])=14.6, ϰ=[7.6, 8.6, 12.7], ∫ϰ²/L=[9.3, 11.4, 23.6], C-C-Sep=0.20, ║∇J║=1.5e+00
-----On 19/20 Initial Guess Perturbations
Iteration 885/1000-----
J=1.3e-02, Jf=1.4e-03, ⟨B·n⟩=9.4e-03, Len=sum([4.9, 4.9, 4.7])=14.6, ϰ=[7.9, 8.5, 12.3], ∫ϰ²/L=[8.7, 10.9, 23.1], C-C-Sep=0.20, ║∇J║=3.5e-01
-----On 19/20 Initial Guess Perturbations
Iteration 886/1000-----
J=1.3e-02, Jf=1.4e-03, ⟨B·n⟩=9.4e-03, Len=sum([4.9, 4.9, 4.7])=14.6, ϰ=[7.9, 8.6, 12.4], ∫ϰ²/L=[8.7, 10.9, 23.1], C-C-Sep=0.20, ║∇J║=3.9e-02
-----On 19/20 Initial Guess Perturbations
Iteration 887/1000-----
J=1.3e-02, Jf=1.4e-03, ⟨B·n⟩=9.4e-03, Len=sum([4.9, 4.9, 4.7])=14.6, ϰ=[8.0, 8.6, 12.4], ∫ϰ²/L=[8.7, 11.0, 23.1], C-C-Sep=0.20, ║∇J║=2.1e-01
-----On 19/20 Initial Guess Perturbations
Iteration 888/1000-----
J=1.3e-02, Jf=1.4e-03, ⟨B·n⟩=9.4e-03, Len=sum([4.9, 4.9, 4.7])=14.6, ϰ=[8.1, 9.1, 12.6], ∫ϰ²/L=[8.7, 11.2, 23.4], C-C-Sep=0.20, ║∇J║=1.4e+00
-----On 19/20 Initial Guess Perturbations
Iteration 889/1000-----
J=1.3e-02, Jf=1.4e-03, ⟨B·n⟩=9.4e-03, Len=sum([4.9, 4.9, 4.7])=14.6, ϰ=[8.0, 8.6, 12.4], ∫ϰ²/L=[8.7, 11.0, 23.1], C-C-Sep=0.20, ║∇J║=2.7e-01
-----On 19/20 Initial Guess Perturbations
Iteration 890/1000-----
J=1.3e-02, Jf=1.4e-03, ⟨B·n⟩=9.4e-03, Len=sum([4.9, 4.9, 4.7])=14.6, ϰ=[8.0, 8.6, 12.4], ∫ϰ²/L=[8.7, 11.0, 23.1], C-C-Sep=0.20, ║∇J║=1.9e+00
-----On 19/20 Initial Guess Perturbations
Iteration 891/1000-----
J=1.3e-02, Jf=1.4e-03, ⟨B·n⟩=9.4e-03, Len=sum([4.9, 4.9, 4.7])=14.6, ϰ=[8.0, 8.6, 12.4], ∫ϰ²/L=[8.7, 11.0, 23.1], C-C-Sep=0.20, ║∇J║=5.9e-01
-----On 19/20 Initial Guess Perturbations
Iteration 892/1000-----
J=1.3e-02, Jf=1.4e-03, ⟨B·n⟩=9.4e-03, Len=sum([4.9, 4.9, 4.7])=14.6, ϰ=[8.0, 8.6, 12.4], ∫ϰ²/L=[8.7, 11.0, 23.1], C-C-Sep=0.20, ║∇J║=5.0e-01
-----On 19/20 Initial Guess Perturbations
Iteration 893/1000-----
J=1.3e-02, Jf=1.4e-03, ⟨B·n⟩=9.4e-03, Len=sum([4.9, 4.9, 4.7])=14.6, ϰ=[8.0, 8.6, 12.4], ∫ϰ²/L=[8.7, 10.9, 23.1], C-C-Sep=0.20, ║∇J║=1.8e+00
-----On 19/20 Initial Guess Perturbations
Iteration 894/1000-----
J=1.3e-02, Jf=1.4e-03, ⟨B·n⟩=9.4e-03, Len=sum([4.9, 4.9, 4.7])=14.6, ϰ=[8.0, 8.6, 12.4], ∫ϰ²/L=[8.7, 11.0, 23.1], C-C-Sep=0.20, ║∇J║=1.5e-01
-----On 19/20 Initial Guess Perturbations
Iteration 895/1000-----
J=1.3e-02, Jf=1.4e-03, ⟨B·n⟩=9.4e-03, Len=sum([4.9, 4.9, 4.7])=14.6, ϰ=[8.0, 8.6, 12.4], ∫ϰ²/L=[8.7, 11.0, 23.1], C-C-Sep=0.20, ║∇J║=1.3e+00
-----On 19/20 Initial Guess Perturbations
Iteration 896/1000-----
J=1.3e-02, Jf=1.4e-03, ⟨B·n⟩=9.4e-03, Len=sum([4.9, 4.9, 4.7])=14.6, ϰ=[8.0, 8.6, 12.4], ∫ϰ²/L=[8.7, 11.0, 23.1], C-C-Sep=0.20, ║∇J║=9.6e-01
-----On 19/20 Initial Guess Perturbations
Iteration 897/1000-----
J=1.3e-02, Jf=1.4e-03, ⟨B·n⟩=9.4e-03, Len=sum([4.9, 4.9, 4.7])=14.6, ϰ=[8.0, 8.6, 12.4], ∫ϰ²/L=[8.7, 11.0, 23.1], C-C-Sep=0.20, ║∇J║=1.8e+00
-----On 19/20 Initial Guess Perturbations
Iteration 898/1000-----
J=1.3e-02, Jf=1.4e-03, ⟨B·n⟩=9.4e-03, Len=sum([4.9, 4.9, 4.7])=14.6, ϰ=[8.0, 8.6, 12.4], ∫ϰ²/L=[8.7, 11.0, 23.1], C-C-Sep=0.20, ║∇J║=1.1e+00
-----On 19/20 Initial Guess Perturbations
Iteration 899/1000-----
J=1.3e-02, Jf=1.4e-03, ⟨B·n⟩=9.4e-03, Len=sum([4.9, 4.9, 4.7])=14.6, ϰ=[8.0, 8.6, 12.4], ∫ϰ²/L=[8.7, 11.0, 23.1], C-C-Sep=0.20, ║∇J║=1.1e+00
-----On 19/20 Initial Guess Perturbations
Iteration 900/1000-----
J=2.2e-02, Jf=1.7e-03, ⟨B·n⟩=1.0e-02, Len=sum([5.0, 5.0, 4.8])=14.8, ϰ=[19.8, 14.9, 18.4], ∫ϰ²/L=[32.7, 28.0, 46.3], C-C-Sep=0.18, ║∇J║=2.8e+00
-----On 19/20 Initial Guess Perturbations
Iteration 901/1000-----
J=1.3e-02, Jf=1.4e-03, ⟨B·n⟩=9.4e-03, Len=sum([4.9, 4.9, 4.7])=14.6, ϰ=[8.0, 8.6, 12.4], ∫ϰ²/L=[8.7, 11.0, 23.1], C-C-Sep=0.20, ║∇J║=1.1e+00
-----On 19/20 Initial Guess Perturbations
Iteration 902/1000-----
J=1.3e-02, Jf=1.4e-03, ⟨B·n⟩=9.4e-03, Len=sum([4.9, 4.9, 4.7])=14.6, ϰ=[8.0, 8.6, 12.4], ∫ϰ²/L=[8.7, 11.0, 23.1], C-C-Sep=0.20, ║∇J║=1.3e-01
-----On 19/20 Initial Guess Perturbations
Iteration 903/1000-----
J=1.3e-02, Jf=1.4e-03, ⟨B·n⟩=9.4e-03, Len=sum([4.9, 4.9, 4.7])=14.6, ϰ=[8.0, 8.6, 12.4], ∫ϰ²/L=[8.7, 11.0, 23.1], C-C-Sep=0.20, ║∇J║=2.0e-01
-----On 19/20 Initial Guess Perturbations
Iteration 904/1000-----
J=1.3e-02, Jf=1.4e-03, ⟨B·n⟩=9.4e-03, Len=sum([4.9, 4.9, 4.7])=14.6, ϰ=[8.0, 8.7, 12.4], ∫ϰ²/L=[8.7, 11.0, 23.1], C-C-Sep=0.20, ║∇J║=1.5e+00
-----On 19/20 Initial Guess Perturbations
Iteration 905/1000-----
J=1.3e-02, Jf=1.4e-03, ⟨B·n⟩=9.4e-03, Len=sum([4.9, 4.9, 4.7])=14.6, ϰ=[8.0, 8.6, 12.4], ∫ϰ²/L=[8.7, 11.0, 23.1], C-C-Sep=0.20, ║∇J║=4.6e-01
-----On 19/20 Initial Guess Perturbations
Iteration 906/1000-----
J=1.3e-02, Jf=1.4e-03, ⟨B·n⟩=9.4e-03, Len=sum([4.9, 4.9, 4.7])=14.6, ϰ=[8.0, 8.6, 12.3], ∫ϰ²/L=[8.7, 11.0, 23.1], C-C-Sep=0.20, ║∇J║=3.8e+00
-----On 19/20 Initial Guess Perturbations
Iteration 907/1000-----
J=1.3e-02, Jf=1.4e-03, ⟨B·n⟩=9.4e-03, Len=sum([4.9, 4.9, 4.7])=14.6, ϰ=[8.0, 8.6, 12.3], ∫ϰ²/L=[8.7, 11.0, 23.1], C-C-Sep=0.20, ║∇J║=1.9e-01
-----On 19/20 Initial Guess Perturbations
Iteration 908/1000-----
J=1.3e-02, Jf=1.4e-03, ⟨B·n⟩=9.4e-03, Len=sum([4.9, 4.9, 4.7])=14.6, ϰ=[8.0, 8.6, 12.4], ∫ϰ²/L=[8.7, 11.0, 23.1], C-C-Sep=0.20, ║∇J║=6.9e-01
-----On 19/20 Initial Guess Perturbations
Iteration 909/1000-----
J=1.3e-02, Jf=1.4e-03, ⟨B·n⟩=9.4e-03, Len=sum([4.9, 4.9, 4.7])=14.6, ϰ=[8.0, 8.6, 12.4], ∫ϰ²/L=[8.7, 11.0, 23.1], C-C-Sep=0.20, ║∇J║=2.6e-01
-----On 19/20 Initial Guess Perturbations
Iteration 910/1000-----
J=1.3e-02, Jf=1.4e-03, ⟨B·n⟩=9.4e-03, Len=sum([4.9, 4.9, 4.7])=14.6, ϰ=[8.0, 8.7, 12.4], ∫ϰ²/L=[8.7, 11.0, 23.1], C-C-Sep=0.20, ║∇J║=8.6e-01
-----On 19/20 Initial Guess Perturbations
Iteration 911/1000-----
J=1.3e-02, Jf=1.4e-03, ⟨B·n⟩=9.4e-03, Len=sum([4.9, 4.9, 4.7])=14.6, ϰ=[8.0, 8.7, 12.4], ∫ϰ²/L=[8.7, 11.0, 23.1], C-C-Sep=0.20, ║∇J║=8.9e-02
-----On 19/20 Initial Guess Perturbations
Iteration 912/1000-----
J=1.3e-02, Jf=1.4e-03, ⟨B·n⟩=9.4e-03, Len=sum([4.9, 4.9, 4.7])=14.6, ϰ=[8.0, 8.6, 12.4], ∫ϰ²/L=[8.7, 11.0, 23.1], C-C-Sep=0.20, ║∇J║=1.1e+00
-----On 19/20 Initial Guess Perturbations
Iteration 913/1000-----
J=1.3e-02, Jf=1.4e-03, ⟨B·n⟩=9.4e-03, Len=sum([4.9, 4.9, 4.7])=14.6, ϰ=[8.0, 8.6, 12.4], ∫ϰ²/L=[8.7, 11.0, 23.1], C-C-Sep=0.20, ║∇J║=5.4e-01
-----On 19/20 Initial Guess Perturbations
Iteration 914/1000-----
J=1.3e-02, Jf=1.4e-03, ⟨B·n⟩=9.4e-03, Len=sum([4.9, 4.9, 4.7])=14.6, ϰ=[8.0, 8.6, 12.4], ∫ϰ²/L=[8.7, 11.0, 23.1], C-C-Sep=0.20, ║∇J║=7.6e-01
-----On 19/20 Initial Guess Perturbations
Iteration 915/1000-----
J=1.3e-02, Jf=1.4e-03, ⟨B·n⟩=9.4e-03, Len=sum([4.9, 4.9, 4.7])=14.6, ϰ=[8.0, 8.7, 12.4], ∫ϰ²/L=[8.7, 11.0, 23.1], C-C-Sep=0.20, ║∇J║=9.9e-01
-----On 19/20 Initial Guess Perturbations
Iteration 916/1000-----
J=1.3e-02, Jf=1.4e-03, ⟨B·n⟩=9.4e-03, Len=sum([4.9, 4.9, 4.7])=14.6, ϰ=[8.0, 8.7, 12.4], ∫ϰ²/L=[8.8, 11.1, 23.2], C-C-Sep=0.20, ║∇J║=2.4e+00
-----On 19/20 Initial Guess Perturbations
Iteration 917/1000-----
J=1.3e-02, Jf=1.4e-03, ⟨B·n⟩=9.4e-03, Len=sum([4.9, 4.9, 4.7])=14.6, ϰ=[8.0, 8.7, 12.4], ∫ϰ²/L=[8.7, 11.0, 23.1], C-C-Sep=0.20, ║∇J║=1.0e+00
-----On 19/20 Initial Guess Perturbations
Iteration 918/1000-----
J=1.4e-02, Jf=1.4e-03, ⟨B·n⟩=9.4e-03, Len=sum([4.9, 5.0, 4.7])=14.6, ϰ=[9.3, 9.2, 13.3], ∫ϰ²/L=[10.1, 12.6, 24.9], C-C-Sep=0.19, ║∇J║=1.2e+01
-----On 19/20 Initial Guess Perturbations
Iteration 919/1000-----
J=1.3e-02, Jf=1.4e-03, ⟨B·n⟩=9.4e-03, Len=sum([4.9, 4.9, 4.7])=14.6, ϰ=[8.0, 8.7, 12.4], ∫ϰ²/L=[8.7, 11.0, 23.1], C-C-Sep=0.20, ║∇J║=1.0e+00
-----On 19/20 Initial Guess Perturbations
Iteration 920/1000-----
J=1.1e+03, Jf=1.9e+00, ⟨B·n⟩=1.9e-01, Len=sum([318.1, 379.9, 469.5])=1167.5, ϰ=[13.8, 14.1, 12.4], ∫ϰ²/L=[0.5, 0.6, 0.3], C-C-Sep=0.08, ║∇J║=1.5e+03
-----On 19/20 Initial Guess Perturbations
Iteration 921/1000-----
J=1.3e-02, Jf=1.4e-03, ⟨B·n⟩=9.4e-03, Len=sum([4.9, 4.9, 4.7])=14.6, ϰ=[8.0, 8.7, 12.4], ∫ϰ²/L=[8.7, 11.0, 23.1], C-C-Sep=0.20, ║∇J║=1.0e+00
-----On 19/20 Initial Guess Perturbations
Iteration 922/1000-----
J=1.5e-02, Jf=1.6e-03, ⟨B·n⟩=9.9e-03, Len=sum([4.9, 5.0, 4.6])=14.6, ϰ=[12.4, 9.2, 19.4], ∫ϰ²/L=[15.2, 17.5, 32.7], C-C-Sep=0.19, ║∇J║=2.4e+01
-----On 19/20 Initial Guess Perturbations
Iteration 923/1000-----
J=1.3e-02, Jf=1.4e-03, ⟨B·n⟩=9.4e-03, Len=sum([4.9, 4.9, 4.7])=14.6, ϰ=[8.0, 8.7, 12.4], ∫ϰ²/L=[8.7, 11.0, 23.1], C-C-Sep=0.20, ║∇J║=9.5e-01
-----On 19/20 Initial Guess Perturbations
Iteration 924/1000-----
J=1.3e-02, Jf=1.4e-03, ⟨B·n⟩=9.4e-03, Len=sum([4.9, 4.9, 4.7])=14.6, ϰ=[8.0, 8.7, 12.4], ∫ϰ²/L=[8.7, 11.0, 23.1], C-C-Sep=0.20, ║∇J║=7.3e-01
-----On 19/20 Initial Guess Perturbations
Iteration 925/1000-----
J=1.3e-02, Jf=1.4e-03, ⟨B·n⟩=9.4e-03, Len=sum([4.9, 4.9, 4.7])=14.6, ϰ=[8.0, 8.7, 12.4], ∫ϰ²/L=[8.7, 11.0, 23.1], C-C-Sep=0.20, ║∇J║=2.7e-01
-----On 19/20 Initial Guess Perturbations
Iteration 926/1000-----
J=1.3e-02, Jf=1.4e-03, ⟨B·n⟩=9.4e-03, Len=sum([4.9, 4.9, 4.7])=14.6, ϰ=[8.0, 8.6, 12.5], ∫ϰ²/L=[8.7, 11.0, 23.1], C-C-Sep=0.20, ║∇J║=7.5e-02
-----On 19/20 Initial Guess Perturbations
Iteration 927/1000-----
J=1.3e-02, Jf=1.4e-03, ⟨B·n⟩=9.4e-03, Len=sum([4.9, 4.9, 4.7])=14.6, ϰ=[8.0, 8.6, 12.5], ∫ϰ²/L=[8.7, 11.0, 23.1], C-C-Sep=0.20, ║∇J║=8.9e-02
-----On 19/20 Initial Guess Perturbations
Iteration 928/1000-----
J=1.3e-02, Jf=1.4e-03, ⟨B·n⟩=9.4e-03, Len=sum([4.9, 4.9, 4.7])=14.6, ϰ=[8.0, 8.6, 12.6], ∫ϰ²/L=[8.7, 11.0, 23.1], C-C-Sep=0.20, ║∇J║=7.9e-02
-----On 19/20 Initial Guess Perturbations
Iteration 929/1000-----
J=1.4e+00, Jf=2.3e-02, ⟨B·n⟩=2.6e-02, Len=sum([9.6, 9.9, 10.2])=29.6, ϰ=[381.4, 1271.1, 500.6], ∫ϰ²/L=[455.0, 714.2, 342.6], C-C-Sep=0.01, ║∇J║=5.9e+02
-----On 19/20 Initial Guess Perturbations
Iteration 930/1000-----
J=1.3e-02, Jf=1.4e-03, ⟨B·n⟩=9.4e-03, Len=sum([4.9, 4.9, 4.7])=14.6, ϰ=[8.0, 8.6, 12.6], ∫ϰ²/L=[8.7, 11.0, 23.1], C-C-Sep=0.20, ║∇J║=1.1e-01
-----On 19/20 Initial Guess Perturbations
Iteration 931/1000-----
J=1.3e-02, Jf=1.4e-03, ⟨B·n⟩=9.4e-03, Len=sum([4.9, 4.9, 4.7])=14.6, ϰ=[7.9, 8.6, 12.6], ∫ϰ²/L=[8.7, 11.1, 23.1], C-C-Sep=0.20, ║∇J║=5.5e-01
-----On 19/20 Initial Guess Perturbations
Iteration 932/1000-----
J=1.3e-02, Jf=1.4e-03, ⟨B·n⟩=9.4e-03, Len=sum([4.9, 4.9, 4.7])=14.6, ϰ=[7.9, 8.6, 12.5], ∫ϰ²/L=[8.7, 11.1, 23.2], C-C-Sep=0.20, ║∇J║=7.0e-01
-----On 19/20 Initial Guess Perturbations
Iteration 933/1000-----
J=1.3e-02, Jf=1.4e-03, ⟨B·n⟩=9.4e-03, Len=sum([4.9, 4.9, 4.7])=14.6, ϰ=[7.9, 8.6, 12.5], ∫ϰ²/L=[8.7, 11.1, 23.2], C-C-Sep=0.20, ║∇J║=9.0e-01
-----On 19/20 Initial Guess Perturbations
Iteration 934/1000-----
J=1.3e-02, Jf=1.4e-03, ⟨B·n⟩=9.4e-03, Len=sum([4.9, 4.9, 4.7])=14.5, ϰ=[7.9, 8.5, 12.4], ∫ϰ²/L=[8.7, 11.1, 23.2], C-C-Sep=0.20, ║∇J║=5.6e-01
-----On 19/20 Initial Guess Perturbations
Iteration 935/1000-----
J=1.3e-02, Jf=1.4e-03, ⟨B·n⟩=9.4e-03, Len=sum([4.9, 4.9, 4.7])=14.6, ϰ=[7.9, 8.6, 12.5], ∫ϰ²/L=[8.7, 11.1, 23.2], C-C-Sep=0.20, ║∇J║=8.7e-01
-----On 19/20 Initial Guess Perturbations
Iteration 936/1000-----
J=1.3e-02, Jf=1.4e-03, ⟨B·n⟩=9.4e-03, Len=sum([4.9, 4.9, 4.7])=14.6, ϰ=[7.8, 8.5, 12.4], ∫ϰ²/L=[8.6, 10.9, 23.1], C-C-Sep=0.20, ║∇J║=2.4e-01
-----On 19/20 Initial Guess Perturbations
Iteration 937/1000-----
J=1.3e-02, Jf=1.4e-03, ⟨B·n⟩=9.4e-03, Len=sum([4.9, 4.9, 4.7])=14.6, ϰ=[7.9, 8.6, 12.5], ∫ϰ²/L=[8.7, 11.0, 23.2], C-C-Sep=0.20, ║∇J║=8.3e-01
-----On 19/20 Initial Guess Perturbations
Iteration 938/1000-----
J=1.3e-02, Jf=1.4e-03, ⟨B·n⟩=9.4e-03, Len=sum([4.9, 4.9, 4.7])=14.6, ϰ=[8.0, 8.6, 12.5], ∫ϰ²/L=[8.7, 11.1, 23.2], C-C-Sep=0.20, ║∇J║=6.7e-01
-----On 19/20 Initial Guess Perturbations
Iteration 939/1000-----
J=1.3e-02, Jf=1.4e-03, ⟨B·n⟩=9.4e-03, Len=sum([4.9, 4.9, 4.7])=14.6, ϰ=[7.9, 8.6, 12.5], ∫ϰ²/L=[8.7, 11.1, 23.2], C-C-Sep=0.20, ║∇J║=8.0e-01
-----On 19/20 Initial Guess Perturbations
Iteration 940/1000-----
J=1.3e-02, Jf=1.4e-03, ⟨B·n⟩=9.4e-03, Len=sum([4.9, 4.9, 4.7])=14.6, ϰ=[8.2, 8.7, 12.4], ∫ϰ²/L=[8.6, 11.0, 23.2], C-C-Sep=0.20, ║∇J║=4.5e+00
-----On 19/20 Initial Guess Perturbations
Iteration 941/1000-----
J=1.3e-02, Jf=1.4e-03, ⟨B·n⟩=9.4e-03, Len=sum([4.9, 4.9, 4.7])=14.6, ϰ=[8.0, 8.6, 12.5], ∫ϰ²/L=[8.7, 11.0, 23.2], C-C-Sep=0.20, ║∇J║=1.4e+00
-----On 19/20 Initial Guess Perturbations
Iteration 942/1000-----
J=1.3e-02, Jf=1.4e-03, ⟨B·n⟩=9.4e-03, Len=sum([4.9, 4.9, 4.7])=14.6, ϰ=[8.0, 8.6, 12.5], ∫ϰ²/L=[8.7, 11.1, 23.2], C-C-Sep=0.20, ║∇J║=8.9e-01
-----On 19/20 Initial Guess Perturbations
Iteration 943/1000-----
J=1.3e-02, Jf=1.4e-03, ⟨B·n⟩=9.4e-03, Len=sum([4.9, 4.9, 4.7])=14.6, ϰ=[8.0, 8.7, 12.5], ∫ϰ²/L=[8.7, 11.1, 23.2], C-C-Sep=0.20, ║∇J║=1.3e+00
-----On 19/20 Initial Guess Perturbations
Iteration 944/1000-----
J=1.3e-02, Jf=1.4e-03, ⟨B·n⟩=9.4e-03, Len=sum([4.9, 4.9, 4.7])=14.6, ϰ=[8.0, 8.7, 12.5], ∫ϰ²/L=[8.7, 11.1, 23.2], C-C-Sep=0.20, ║∇J║=4.8e-01
-----On 19/20 Initial Guess Perturbations
Iteration 945/1000-----
J=1.3e-02, Jf=1.4e-03, ⟨B·n⟩=9.4e-03, Len=sum([4.9, 4.9, 4.7])=14.5, ϰ=[8.0, 8.7, 12.5], ∫ϰ²/L=[8.7, 11.1, 23.2], C-C-Sep=0.20, ║∇J║=4.1e-01
-----On 19/20 Initial Guess Perturbations
Iteration 946/1000-----
J=1.3e-02, Jf=1.4e-03, ⟨B·n⟩=9.4e-03, Len=sum([4.9, 4.9, 4.7])=14.6, ϰ=[8.2, 8.7, 12.7], ∫ϰ²/L=[8.6, 11.0, 23.1], C-C-Sep=0.20, ║∇J║=7.7e-01
-----On 19/20 Initial Guess Perturbations
Iteration 947/1000-----
J=1.3e-02, Jf=1.4e-03, ⟨B·n⟩=9.4e-03, Len=sum([4.9, 4.9, 4.7])=14.5, ϰ=[8.0, 8.7, 12.5], ∫ϰ²/L=[8.7, 11.1, 23.2], C-C-Sep=0.20, ║∇J║=3.4e-01
-----On 19/20 Initial Guess Perturbations
Iteration 948/1000-----
J=1.3e-02, Jf=1.4e-03, ⟨B·n⟩=9.4e-03, Len=sum([4.9, 4.9, 4.7])=14.5, ϰ=[8.2, 8.8, 12.9], ∫ϰ²/L=[8.7, 11.3, 23.3], C-C-Sep=0.20, ║∇J║=1.0e+00
-----On 19/20 Initial Guess Perturbations
Iteration 949/1000-----
J=1.3e-02, Jf=1.4e-03, ⟨B·n⟩=9.4e-03, Len=sum([4.9, 4.9, 4.7])=14.5, ϰ=[8.1, 8.7, 12.6], ∫ϰ²/L=[8.7, 11.1, 23.2], C-C-Sep=0.20, ║∇J║=4.3e-02
-----On 19/20 Initial Guess Perturbations
Iteration 950/1000-----
J=1.3e-02, Jf=1.4e-03, ⟨B·n⟩=9.4e-03, Len=sum([4.9, 4.9, 4.7])=14.5, ϰ=[8.0, 8.7, 12.7], ∫ϰ²/L=[8.7, 11.1, 23.2], C-C-Sep=0.20, ║∇J║=5.1e-01
-----On 19/20 Initial Guess Perturbations
Iteration 951/1000-----
J=1.3e-02, Jf=1.4e-03, ⟨B·n⟩=9.4e-03, Len=sum([4.9, 4.9, 4.7])=14.5, ϰ=[8.0, 8.7, 12.7], ∫ϰ²/L=[8.7, 11.1, 23.2], C-C-Sep=0.20, ║∇J║=6.5e-01
-----On 19/20 Initial Guess Perturbations
Iteration 952/1000-----
J=1.3e-02, Jf=1.4e-03, ⟨B·n⟩=9.3e-03, Len=sum([4.9, 4.9, 4.7])=14.5, ϰ=[8.3, 8.6, 12.6], ∫ϰ²/L=[8.7, 11.1, 23.3], C-C-Sep=0.20, ║∇J║=1.9e-01
-----On 19/20 Initial Guess Perturbations
Iteration 953/1000-----
J=1.3e-02, Jf=1.4e-03, ⟨B·n⟩=9.4e-03, Len=sum([4.9, 4.9, 4.7])=14.5, ϰ=[8.1, 8.7, 12.7], ∫ϰ²/L=[8.7, 11.1, 23.2], C-C-Sep=0.20, ║∇J║=6.2e-01
-----On 19/20 Initial Guess Perturbations
Iteration 954/1000-----
J=1.4e-02, Jf=1.4e-03, ⟨B·n⟩=9.4e-03, Len=sum([4.9, 5.0, 4.7])=14.6, ϰ=[9.5, 9.7, 13.8], ∫ϰ²/L=[12.3, 14.6, 27.9], C-C-Sep=0.19, ║∇J║=1.1e+00
-----On 19/20 Initial Guess Perturbations
Iteration 955/1000-----
J=1.3e-02, Jf=1.4e-03, ⟨B·n⟩=9.4e-03, Len=sum([4.9, 4.9, 4.7])=14.5, ϰ=[8.1, 8.7, 12.7], ∫ϰ²/L=[8.7, 11.1, 23.2], C-C-Sep=0.20, ║∇J║=6.8e-01
-----On 19/20 Initial Guess Perturbations
Iteration 956/1000-----
J=1.4e-02, Jf=1.4e-03, ⟨B·n⟩=9.4e-03, Len=sum([4.9, 4.9, 4.7])=14.6, ϰ=[7.8, 8.7, 14.0], ∫ϰ²/L=[9.7, 12.2, 25.5], C-C-Sep=0.19, ║∇J║=9.2e-01
-----On 19/20 Initial Guess Perturbations
Iteration 957/1000-----
J=1.3e-02, Jf=1.4e-03, ⟨B·n⟩=9.4e-03, Len=sum([4.9, 4.9, 4.7])=14.5, ϰ=[8.1, 8.7, 12.7], ∫ϰ²/L=[8.7, 11.1, 23.2], C-C-Sep=0.20, ║∇J║=6.2e-01
-----On 19/20 Initial Guess Perturbations
Iteration 958/1000-----
J=1.3e-02, Jf=1.4e-03, ⟨B·n⟩=9.4e-03, Len=sum([4.9, 4.9, 4.7])=14.5, ϰ=[8.1, 8.7, 12.7], ∫ϰ²/L=[8.7, 11.1, 23.2], C-C-Sep=0.20, ║∇J║=6.7e-01
-----On 19/20 Initial Guess Perturbations
Iteration 959/1000-----
J=1.3e-02, Jf=1.4e-03, ⟨B·n⟩=9.4e-03, Len=sum([4.9, 4.9, 4.7])=14.6, ϰ=[7.9, 8.6, 12.6], ∫ϰ²/L=[8.7, 11.2, 23.2], C-C-Sep=0.20, ║∇J║=7.0e-02
-----On 19/20 Initial Guess Perturbations
Iteration 960/1000-----
J=1.3e-02, Jf=1.4e-03, ⟨B·n⟩=9.4e-03, Len=sum([4.9, 4.9, 4.7])=14.5, ϰ=[8.1, 8.7, 12.7], ∫ϰ²/L=[8.7, 11.1, 23.2], C-C-Sep=0.20, ║∇J║=5.8e-01
-----On 19/20 Initial Guess Perturbations
Iteration 961/1000-----
J=1.5e-02, Jf=1.4e-03, ⟨B·n⟩=9.5e-03, Len=sum([4.9, 4.9, 4.7])=14.5, ϰ=[8.6, 9.1, 14.6], ∫ϰ²/L=[11.5, 13.7, 31.7], C-C-Sep=0.18, ║∇J║=8.2e-01
-----On 19/20 Initial Guess Perturbations
Iteration 962/1000-----
J=1.3e-02, Jf=1.4e-03, ⟨B·n⟩=9.4e-03, Len=sum([4.9, 4.9, 4.7])=14.5, ϰ=[8.0, 8.7, 12.6], ∫ϰ²/L=[8.6, 11.1, 23.2], C-C-Sep=0.20, ║∇J║=2.1e-01
-----On 19/20 Initial Guess Perturbations
Iteration 963/1000-----
J=1.3e-02, Jf=1.4e-03, ⟨B·n⟩=9.4e-03, Len=sum([4.9, 4.9, 4.7])=14.5, ϰ=[8.0, 8.7, 12.6], ∫ϰ²/L=[8.6, 11.2, 23.2], C-C-Sep=0.20, ║∇J║=4.0e-01
-----On 19/20 Initial Guess Perturbations
Iteration 964/1000-----
J=1.3e-02, Jf=1.4e-03, ⟨B·n⟩=9.4e-03, Len=sum([4.9, 4.9, 4.7])=14.5, ϰ=[8.0, 8.7, 12.6], ∫ϰ²/L=[8.6, 11.2, 23.2], C-C-Sep=0.20, ║∇J║=6.4e-01
-----On 19/20 Initial Guess Perturbations
Iteration 965/1000-----
J=1.3e-02, Jf=1.4e-03, ⟨B·n⟩=9.4e-03, Len=sum([4.9, 4.9, 4.7])=14.5, ϰ=[8.0, 8.7, 12.7], ∫ϰ²/L=[8.6, 11.1, 23.2], C-C-Sep=0.20, ║∇J║=7.5e-01
-----On 19/20 Initial Guess Perturbations
Iteration 966/1000-----
J=1.3e-02, Jf=1.4e-03, ⟨B·n⟩=9.4e-03, Len=sum([4.9, 4.9, 4.7])=14.5, ϰ=[8.0, 8.7, 12.6], ∫ϰ²/L=[8.6, 11.2, 23.2], C-C-Sep=0.20, ║∇J║=6.8e-01
-----On 19/20 Initial Guess Perturbations
Iteration 967/1000-----
J=1.5e-02, Jf=1.4e-03, ⟨B·n⟩=9.6e-03, Len=sum([4.9, 5.0, 4.6])=14.5, ϰ=[9.3, 11.2, 13.4], ∫ϰ²/L=[13.7, 18.0, 32.0], C-C-Sep=0.19, ║∇J║=6.3e-01
-----On 19/20 Initial Guess Perturbations
Iteration 968/1000-----
J=1.3e-02, Jf=1.4e-03, ⟨B·n⟩=9.4e-03, Len=sum([4.9, 4.9, 4.7])=14.5, ϰ=[8.0, 8.7, 12.6], ∫ϰ²/L=[8.6, 11.2, 23.2], C-C-Sep=0.20, ║∇J║=7.1e-01
-----On 19/20 Initial Guess Perturbations
Iteration 969/1000-----
J=1.3e-02, Jf=1.4e-03, ⟨B·n⟩=9.3e-03, Len=sum([4.9, 4.9, 4.7])=14.5, ϰ=[8.1, 8.7, 12.6], ∫ϰ²/L=[8.7, 11.3, 23.4], C-C-Sep=0.20, ║∇J║=2.1e-01
-----On 19/20 Initial Guess Perturbations
Iteration 970/1000-----
J=1.3e-02, Jf=1.4e-03, ⟨B·n⟩=9.4e-03, Len=sum([4.9, 4.9, 4.7])=14.5, ϰ=[8.0, 8.7, 12.6], ∫ϰ²/L=[8.6, 11.2, 23.2], C-C-Sep=0.20, ║∇J║=6.6e-01
-----On 19/20 Initial Guess Perturbations
Iteration 971/1000-----
J=1.3e-02, Jf=1.4e-03, ⟨B·n⟩=9.4e-03, Len=sum([4.9, 4.9, 4.7])=14.5, ϰ=[8.0, 8.7, 12.6], ∫ϰ²/L=[8.6, 11.2, 23.2], C-C-Sep=0.20, ║∇J║=4.9e-01
-----On 19/20 Initial Guess Perturbations
Iteration 972/1000-----
J=1.3e-02, Jf=1.4e-03, ⟨B·n⟩=9.4e-03, Len=sum([4.9, 4.9, 4.7])=14.5, ϰ=[8.0, 8.8, 12.7], ∫ϰ²/L=[8.6, 11.1, 23.2], C-C-Sep=0.20, ║∇J║=7.5e-02
-----On 19/20 Initial Guess Perturbations
Iteration 973/1000-----
J=1.3e-02, Jf=1.4e-03, ⟨B·n⟩=9.4e-03, Len=sum([4.9, 4.9, 4.7])=14.5, ϰ=[8.0, 8.8, 12.7], ∫ϰ²/L=[8.6, 11.1, 23.2], C-C-Sep=0.20, ║∇J║=2.3e-01
-----On 19/20 Initial Guess Perturbations
Iteration 974/1000-----
J=1.3e-02, Jf=1.4e-03, ⟨B·n⟩=9.4e-03, Len=sum([4.9, 4.9, 4.7])=14.5, ϰ=[8.0, 8.8, 12.7], ∫ϰ²/L=[8.6, 11.2, 23.3], C-C-Sep=0.20, ║∇J║=3.9e-01
-----On 19/20 Initial Guess Perturbations
Iteration 975/1000-----
J=3.0e-02, Jf=2.0e-03, ⟨B·n⟩=1.1e-02, Len=sum([5.1, 5.0, 4.8])=14.9, ϰ=[32.4, 22.6, 23.1], ∫ϰ²/L=[65.8, 42.3, 69.8], C-C-Sep=0.17, ║∇J║=2.0e+00
-----On 19/20 Initial Guess Perturbations
Iteration 976/1000-----
J=1.3e-02, Jf=1.4e-03, ⟨B·n⟩=9.4e-03, Len=sum([4.9, 4.9, 4.7])=14.5, ϰ=[8.0, 8.8, 12.7], ∫ϰ²/L=[8.6, 11.2, 23.3], C-C-Sep=0.20, ║∇J║=4.8e-01
-----On 19/20 Initial Guess Perturbations
Iteration 977/1000-----
J=1.3e-02, Jf=1.4e-03, ⟨B·n⟩=9.4e-03, Len=sum([4.9, 4.9, 4.7])=14.5, ϰ=[7.9, 8.8, 12.7], ∫ϰ²/L=[8.6, 11.2, 23.3], C-C-Sep=0.20, ║∇J║=2.5e-01
-----On 19/20 Initial Guess Perturbations
Iteration 978/1000-----
J=1.3e-02, Jf=1.4e-03, ⟨B·n⟩=9.4e-03, Len=sum([4.9, 4.9, 4.7])=14.5, ϰ=[7.9, 8.9, 12.6], ∫ϰ²/L=[8.6, 11.2, 23.3], C-C-Sep=0.20, ║∇J║=5.6e-01
-----On 19/20 Initial Guess Perturbations
Iteration 979/1000-----
J=1.3e-02, Jf=1.4e-03, ⟨B·n⟩=9.4e-03, Len=sum([4.9, 4.9, 4.7])=14.5, ϰ=[7.9, 8.9, 12.6], ∫ϰ²/L=[8.6, 11.2, 23.3], C-C-Sep=0.20, ║∇J║=6.8e-01
-----On 19/20 Initial Guess Perturbations
Iteration 980/1000-----
J=1.3e-02, Jf=1.4e-03, ⟨B·n⟩=9.4e-03, Len=sum([4.9, 4.9, 4.7])=14.5, ϰ=[7.9, 8.8, 12.6], ∫ϰ²/L=[8.6, 11.2, 23.3], C-C-Sep=0.20, ║∇J║=9.2e-01
-----On 19/20 Initial Guess Perturbations
Iteration 981/1000-----
J=1.6e-02, Jf=1.4e-03, ⟨B·n⟩=9.5e-03, Len=sum([4.9, 5.0, 4.6])=14.5, ϰ=[9.9, 10.2, 13.6], ∫ϰ²/L=[13.5, 17.3, 30.7], C-C-Sep=0.19, ║∇J║=1.1e+00
-----On 19/20 Initial Guess Perturbations
Iteration 982/1000-----
J=1.3e-02, Jf=1.4e-03, ⟨B·n⟩=9.4e-03, Len=sum([4.9, 4.9, 4.7])=14.5, ϰ=[7.9, 8.8, 12.6], ∫ϰ²/L=[8.6, 11.2, 23.3], C-C-Sep=0.20, ║∇J║=4.9e-01
-----On 19/20 Initial Guess Perturbations
Iteration 983/1000-----
J=1.3e-02, Jf=1.4e-03, ⟨B·n⟩=9.4e-03, Len=sum([4.9, 4.9, 4.7])=14.5, ϰ=[7.9, 8.8, 12.6], ∫ϰ²/L=[8.6, 11.2, 23.3], C-C-Sep=0.20, ║∇J║=2.5e-01
-----On 19/20 Initial Guess Perturbations
Iteration 984/1000-----
J=1.3e-02, Jf=1.4e-03, ⟨B·n⟩=9.4e-03, Len=sum([4.9, 4.9, 4.7])=14.5, ϰ=[7.9, 8.9, 12.7], ∫ϰ²/L=[8.7, 11.2, 23.3], C-C-Sep=0.20, ║∇J║=1.2e-01
-----On 19/20 Initial Guess Perturbations
Iteration 985/1000-----
J=1.3e-02, Jf=1.4e-03, ⟨B·n⟩=9.4e-03, Len=sum([4.9, 4.9, 4.7])=14.5, ϰ=[7.9, 8.9, 12.7], ∫ϰ²/L=[8.6, 11.2, 23.3], C-C-Sep=0.20, ║∇J║=1.6e-01
-----On 19/20 Initial Guess Perturbations
Iteration 986/1000-----
J=1.3e-02, Jf=1.4e-03, ⟨B·n⟩=9.4e-03, Len=sum([4.9, 4.9, 4.7])=14.5, ϰ=[7.9, 8.9, 12.6], ∫ϰ²/L=[8.6, 11.2, 23.3], C-C-Sep=0.20, ║∇J║=1.1e-01
-----On 19/20 Initial Guess Perturbations
Iteration 987/1000-----
J=1.3e-02, Jf=1.4e-03, ⟨B·n⟩=9.4e-03, Len=sum([4.9, 4.9, 4.7])=14.5, ϰ=[7.9, 8.9, 12.6], ∫ϰ²/L=[8.6, 11.2, 23.3], C-C-Sep=0.20, ║∇J║=8.1e-02
-----On 19/20 Initial Guess Perturbations
Iteration 988/1000-----
J=9.5e+00, Jf=6.2e-01, ⟨B·n⟩=1.3e-01, Len=sum([20.4, 22.3, 21.9])=64.5, ϰ=[105.9, 479.0, 185.6], ∫ϰ²/L=[89.5, 190.6, 127.3], C-C-Sep=0.01, ║∇J║=1.6e+02
-----On 19/20 Initial Guess Perturbations
Iteration 989/1000-----
J=7.2e-02, Jf=3.7e-03, ⟨B·n⟩=1.2e-02, Len=sum([5.2, 5.4, 4.9])=15.5, ϰ=[53.2, 32.7, 47.4], ∫ϰ²/L=[80.6, 74.0, 128.7], C-C-Sep=0.11, ║∇J║=5.5e+00
-----On 19/20 Initial Guess Perturbations
Iteration 990/1000-----
J=1.3e-02, Jf=1.4e-03, ⟨B·n⟩=9.4e-03, Len=sum([4.9, 4.9, 4.7])=14.5, ϰ=[7.9, 8.9, 12.5], ∫ϰ²/L=[8.6, 11.2, 23.3], C-C-Sep=0.20, ║∇J║=5.7e-02
-----On 19/20 Initial Guess Perturbations
Iteration 991/1000-----
J=1.3e-02, Jf=1.4e-03, ⟨B·n⟩=9.4e-03, Len=sum([4.9, 4.9, 4.7])=14.5, ϰ=[7.9, 8.9, 12.5], ∫ϰ²/L=[8.6, 11.2, 23.3], C-C-Sep=0.20, ║∇J║=1.7e-01
-----On 19/20 Initial Guess Perturbations
Iteration 992/1000-----
J=1.3e-02, Jf=1.4e-03, ⟨B·n⟩=9.4e-03, Len=sum([4.9, 4.9, 4.7])=14.5, ϰ=[8.0, 9.1, 12.7], ∫ϰ²/L=[8.9, 11.7, 23.6], C-C-Sep=0.20, ║∇J║=1.9e+00
-----On 19/20 Initial Guess Perturbations
Iteration 993/1000-----
J=1.3e-02, Jf=1.4e-03, ⟨B·n⟩=9.4e-03, Len=sum([4.9, 4.9, 4.7])=14.5, ϰ=[7.9, 8.9, 12.5], ∫ϰ²/L=[8.6, 11.3, 23.3], C-C-Sep=0.20, ║∇J║=3.2e-01
-----On 19/20 Initial Guess Perturbations
Iteration 994/1000-----
J=1.3e-02, Jf=1.4e-03, ⟨B·n⟩=9.4e-03, Len=sum([4.9, 4.9, 4.7])=14.5, ϰ=[7.9, 9.3, 12.3], ∫ϰ²/L=[8.6, 11.3, 23.4], C-C-Sep=0.20, ║∇J║=2.9e+00
-----On 19/20 Initial Guess Perturbations
Iteration 995/1000-----
J=1.3e-02, Jf=1.4e-03, ⟨B·n⟩=9.4e-03, Len=sum([4.9, 4.9, 4.7])=14.5, ϰ=[7.9, 9.0, 12.5], ∫ϰ²/L=[8.6, 11.3, 23.3], C-C-Sep=0.20, ║∇J║=1.1e+00
-----On 19/20 Initial Guess Perturbations
Iteration 996/1000-----
J=1.3e-02, Jf=1.4e-03, ⟨B·n⟩=9.4e-03, Len=sum([4.9, 4.9, 4.7])=14.5, ϰ=[7.9, 9.0, 12.4], ∫ϰ²/L=[8.6, 11.2, 23.3], C-C-Sep=0.20, ║∇J║=8.3e-01
-----On 19/20 Initial Guess Perturbations
Iteration 997/1000-----
J=1.3e-02, Jf=1.4e-03, ⟨B·n⟩=9.4e-03, Len=sum([4.9, 4.9, 4.7])=14.5, ϰ=[7.8, 9.0, 12.4], ∫ϰ²/L=[8.6, 11.2, 23.3], C-C-Sep=0.20, ║∇J║=4.2e-01
-----On 19/20 Initial Guess Perturbations
Iteration 998/1000-----
J=1.3e-02, Jf=1.4e-03, ⟨B·n⟩=9.4e-03, Len=sum([4.9, 4.9, 4.7])=14.5, ϰ=[7.8, 9.0, 12.4], ∫ϰ²/L=[8.6, 11.2, 23.4], C-C-Sep=0.20, ║∇J║=1.5e-01
-----On 19/20 Initial Guess Perturbations
Iteration 999/1000-----
J=1.3e-02, Jf=1.4e-03, ⟨B·n⟩=9.4e-03, Len=sum([4.9, 4.9, 4.7])=14.5, ϰ=[7.9, 9.0, 12.4], ∫ϰ²/L=[8.6, 11.3, 23.4], C-C-Sep=0.20, ║∇J║=2.7e-01
-----On 19/20 Initial Guess Perturbations
Iteration 1000/1000-----
J=1.3e-02, Jf=1.4e-03, ⟨B·n⟩=9.4e-03, Len=sum([4.9, 4.9, 4.7])=14.5, ϰ=[7.8, 9.0, 12.5], ∫ϰ²/L=[8.7, 11.3, 23.4], C-C-Sep=0.20, ║∇J║=3.8e-01
-----On 19/20 Initial Guess Perturbations
Iteration 1001/1000-----
J=1.7e-02, Jf=1.4e-03, ⟨B·n⟩=9.6e-03, Len=sum([4.9, 4.9, 4.7])=14.6, ϰ=[13.5, 11.0, 14.1], ∫ϰ²/L=[16.3, 17.8, 33.9], C-C-Sep=0.19, ║∇J║=1.2e+01
-----On 19/20 Initial Guess Perturbations
Iteration 1002/1000-----
J=1.3e-02, Jf=1.4e-03, ⟨B·n⟩=9.4e-03, Len=sum([4.9, 4.9, 4.7])=14.5, ϰ=[7.9, 9.1, 12.5], ∫ϰ²/L=[8.6, 11.3, 23.4], C-C-Sep=0.20, ║∇J║=6.1e-01
-----On 19/20 Initial Guess Perturbations
Iteration 1003/1000-----
J=1.3e-02, Jf=1.4e-03, ⟨B·n⟩=9.4e-03, Len=sum([4.9, 4.9, 4.7])=14.5, ϰ=[7.9, 9.1, 12.4], ∫ϰ²/L=[8.6, 11.3, 23.4], C-C-Sep=0.20, ║∇J║=5.7e-01
-----On 19/20 Initial Guess Perturbations
Iteration 1004/1000-----
J=1.3e-02, Jf=1.4e-03, ⟨B·n⟩=9.4e-03, Len=sum([4.9, 4.9, 4.7])=14.5, ϰ=[7.9, 9.1, 12.4], ∫ϰ²/L=[8.6, 11.3, 23.4], C-C-Sep=0.20, ║∇J║=5.3e-01
-----On 19/20 Initial Guess Perturbations
Iteration 1005/1000-----
J=1.4e-02, Jf=1.4e-03, ⟨B·n⟩=9.4e-03, Len=sum([4.9, 4.9, 4.7])=14.5, ϰ=[8.9, 8.9, 13.0], ∫ϰ²/L=[9.5, 11.3, 25.0], C-C-Sep=0.20, ║∇J║=3.1e+00
-----On 19/20 Initial Guess Perturbations
Iteration 1006/1000-----
J=1.3e-02, Jf=1.4e-03, ⟨B·n⟩=9.4e-03, Len=sum([4.9, 4.9, 4.7])=14.5, ϰ=[7.9, 9.1, 12.4], ∫ϰ²/L=[8.6, 11.3, 23.4], C-C-Sep=0.20, ║∇J║=5.2e-01
-----On 19/20 Initial Guess Perturbations
Iteration 1007/1000-----
J=1.3e-02, Jf=1.4e-03, ⟨B·n⟩=9.4e-03, Len=sum([4.9, 4.9, 4.7])=14.5, ϰ=[7.8, 9.1, 12.4], ∫ϰ²/L=[8.6, 11.3, 23.4], C-C-Sep=0.20, ║∇J║=5.5e-01
-----On 19/20 Initial Guess Perturbations
Iteration 1008/1000-----
J=2.5e-02, Jf=1.6e-03, ⟨B·n⟩=9.8e-03, Len=sum([5.0, 5.0, 4.9])=14.9, ϰ=[19.4, 12.9, 22.7], ∫ϰ²/L=[37.5, 27.5, 54.5], C-C-Sep=0.17, ║∇J║=4.1e+01
-----On 19/20 Initial Guess Perturbations
Iteration 1009/1000-----
J=1.3e-02, Jf=1.4e-03, ⟨B·n⟩=9.4e-03, Len=sum([4.9, 4.9, 4.7])=14.5, ϰ=[7.8, 9.1, 12.4], ∫ϰ²/L=[8.6, 11.3, 23.4], C-C-Sep=0.20, ║∇J║=4.1e-01
-----On 19/20 Initial Guess Perturbations
Iteration 1010/1000-----
J=1.3e-02, Jf=1.4e-03, ⟨B·n⟩=9.4e-03, Len=sum([4.9, 4.9, 4.7])=14.5, ϰ=[7.9, 9.1, 12.4], ∫ϰ²/L=[8.6, 11.4, 23.4], C-C-Sep=0.20, ║∇J║=3.8e-01
-----On 19/20 Initial Guess Perturbations
Iteration 1011/1000-----
J=1.3e-02, Jf=1.4e-03, ⟨B·n⟩=9.4e-03, Len=sum([4.9, 4.9, 4.6])=14.5, ϰ=[8.2, 9.7, 13.0], ∫ϰ²/L=[8.8, 11.9, 23.8], C-C-Sep=0.20, ║∇J║=2.9e-01
-----On 19/20 Initial Guess Perturbations
Iteration 1012/1000-----
J=1.3e-02, Jf=1.4e-03, ⟨B·n⟩=9.4e-03, Len=sum([4.9, 4.9, 4.7])=14.5, ϰ=[7.9, 9.2, 12.5], ∫ϰ²/L=[8.6, 11.4, 23.4], C-C-Sep=0.20, ║∇J║=2.9e-01
-----On 19/20 Initial Guess Perturbations
Iteration 1013/1000-----
J=1.3e-02, Jf=1.4e-03, ⟨B·n⟩=9.4e-03, Len=sum([4.9, 4.9, 4.7])=14.5, ϰ=[8.0, 9.2, 12.5], ∫ϰ²/L=[8.6, 11.4, 23.5], C-C-Sep=0.20, ║∇J║=1.6e-01
-----On 19/20 Initial Guess Perturbations
Iteration 1014/1000-----
J=1.3e-02, Jf=1.4e-03, ⟨B·n⟩=9.4e-03, Len=sum([4.9, 4.9, 4.6])=14.5, ϰ=[7.9, 9.2, 12.5], ∫ϰ²/L=[8.6, 11.4, 23.4], C-C-Sep=0.20, ║∇J║=1.1e-01
-----On 19/20 Initial Guess Perturbations
Iteration 1015/1000-----
J=1.3e-02, Jf=1.4e-03, ⟨B·n⟩=9.4e-03, Len=sum([4.9, 4.9, 4.6])=14.5, ϰ=[7.9, 9.1, 12.5], ∫ϰ²/L=[8.6, 11.4, 23.4], C-C-Sep=0.20, ║∇J║=2.0e-01
-----On 19/20 Initial Guess Perturbations
Iteration 1016/1000-----
J=1.3e-02, Jf=1.4e-03, ⟨B·n⟩=9.4e-03, Len=sum([4.9, 4.9, 4.6])=14.5, ϰ=[7.9, 9.1, 12.5], ∫ϰ²/L=[8.5, 11.4, 23.4], C-C-Sep=0.20, ║∇J║=3.5e-01
-----On 19/20 Initial Guess Perturbations
Iteration 1017/1000-----
J=1.3e-02, Jf=1.4e-03, ⟨B·n⟩=9.4e-03, Len=sum([4.9, 4.9, 4.6])=14.5, ϰ=[7.7, 8.8, 12.4], ∫ϰ²/L=[8.5, 11.2, 23.4], C-C-Sep=0.20, ║∇J║=6.2e-01
-----On 19/20 Initial Guess Perturbations
Iteration 1018/1000-----
J=1.3e-02, Jf=1.4e-03, ⟨B·n⟩=9.4e-03, Len=sum([4.9, 4.9, 4.6])=14.5, ϰ=[7.9, 9.0, 12.5], ∫ϰ²/L=[8.5, 11.4, 23.4], C-C-Sep=0.20, ║∇J║=4.2e-01
-----On 19/20 Initial Guess Perturbations
Iteration 1019/1000-----
J=1.3e-02, Jf=1.4e-03, ⟨B·n⟩=9.4e-03, Len=sum([4.9, 4.9, 4.6])=14.5, ϰ=[7.9, 9.0, 12.5], ∫ϰ²/L=[8.5, 11.4, 23.4], C-C-Sep=0.20, ║∇J║=5.0e-01
-----On 19/20 Initial Guess Perturbations
Iteration 1020/1000-----
J=1.3e-02, Jf=1.4e-03, ⟨B·n⟩=9.4e-03, Len=sum([4.9, 4.9, 4.6])=14.5, ϰ=[7.9, 9.0, 12.5], ∫ϰ²/L=[8.5, 11.4, 23.4], C-C-Sep=0.20, ║∇J║=5.6e-01
-----On 19/20 Initial Guess Perturbations
Iteration 1021/1000-----
J=1.4e-02, Jf=1.4e-03, ⟨B·n⟩=9.4e-03, Len=sum([4.9, 4.9, 4.6])=14.5, ϰ=[9.3, 10.6, 14.7], ∫ϰ²/L=[10.4, 13.0, 24.8], C-C-Sep=0.20, ║∇J║=8.0e-01
-----On 19/20 Initial Guess Perturbations
Iteration 1022/1000-----
J=1.3e-02, Jf=1.4e-03, ⟨B·n⟩=9.4e-03, Len=sum([4.9, 4.9, 4.6])=14.5, ϰ=[8.0, 9.1, 12.6], ∫ϰ²/L=[8.5, 11.4, 23.4], C-C-Sep=0.20, ║∇J║=6.1e-01
-----On 19/20 Initial Guess Perturbations
Iteration 1023/1000-----
J=1.3e-02, Jf=1.4e-03, ⟨B·n⟩=9.4e-03, Len=sum([4.9, 4.9, 4.6])=14.5, ϰ=[7.9, 9.0, 12.5], ∫ϰ²/L=[8.5, 11.5, 23.4], C-C-Sep=0.20, ║∇J║=5.9e-01
-----On 19/20 Initial Guess Perturbations
Iteration 1024/1000-----
J=1.9e+00, Jf=1.3e-02, ⟨B·n⟩=2.1e-02, Len=sum([6.6, 6.7, 5.6])=18.9, ϰ=[297.4, 59.5, 3097.0], ∫ϰ²/L=[326.1, 156.8, 1860.6], C-C-Sep=0.14, ║∇J║=1.4e+04
-----On 19/20 Initial Guess Perturbations
Iteration 1025/1000-----
J=1.3e-02, Jf=1.4e-03, ⟨B·n⟩=9.4e-03, Len=sum([4.9, 4.9, 4.6])=14.5, ϰ=[7.9, 9.0, 12.5], ∫ϰ²/L=[8.5, 11.5, 23.4], C-C-Sep=0.20, ║∇J║=5.9e-01
-----On 19/20 Initial Guess Perturbations
Iteration 1026/1000-----
J=1.3e-02, Jf=1.4e-03, ⟨B·n⟩=9.4e-03, Len=sum([4.9, 4.9, 4.6])=14.5, ϰ=[8.0, 9.0, 12.6], ∫ϰ²/L=[8.5, 11.5, 23.5], C-C-Sep=0.20, ║∇J║=5.4e-01
-----On 19/20 Initial Guess Perturbations
Iteration 1027/1000-----
J=1.3e-02, Jf=1.4e-03, ⟨B·n⟩=9.4e-03, Len=sum([4.9, 4.9, 4.6])=14.5, ϰ=[8.0, 9.0, 12.6], ∫ϰ²/L=[8.5, 11.5, 23.5], C-C-Sep=0.20, ║∇J║=5.1e-01
-----On 19/20 Initial Guess Perturbations
Iteration 1028/1000-----
J=8.8e-01, Jf=1.1e-01, ⟨B·n⟩=4.0e-02, Len=sum([8.0, 8.4, 7.8])=24.2, ϰ=[167.2, 81.9, 1008.7], ∫ϰ²/L=[304.4, 169.6, 617.9], C-C-Sep=0.01, ║∇J║=3.3e+02
-----On 19/20 Initial Guess Perturbations
Iteration 1029/1000-----
J=1.3e-02, Jf=1.4e-03, ⟨B·n⟩=9.4e-03, Len=sum([4.9, 4.9, 4.6])=14.5, ϰ=[8.0, 8.9, 12.6], ∫ϰ²/L=[8.5, 11.5, 23.5], C-C-Sep=0.20, ║∇J║=5.1e-01
-----On 19/20 Initial Guess Perturbations
Iteration 1030/1000-----
J=1.3e-02, Jf=1.4e-03, ⟨B·n⟩=9.4e-03, Len=sum([4.9, 4.9, 4.6])=14.5, ϰ=[8.9, 8.4, 13.2], ∫ϰ²/L=[8.7, 11.9, 24.0], C-C-Sep=0.20, ║∇J║=2.7e-01
-----On 19/20 Initial Guess Perturbations
Iteration 1031/1000-----
J=1.3e-02, Jf=1.4e-03, ⟨B·n⟩=9.4e-03, Len=sum([4.9, 4.9, 4.6])=14.5, ϰ=[8.0, 8.9, 12.6], ∫ϰ²/L=[8.4, 11.5, 23.5], C-C-Sep=0.20, ║∇J║=4.8e-01
-----On 19/20 Initial Guess Perturbations
Iteration 1032/1000-----
J=1.3e-02, Jf=1.4e-03, ⟨B·n⟩=9.4e-03, Len=sum([4.9, 4.9, 4.6])=14.5, ϰ=[7.9, 8.9, 12.6], ∫ϰ²/L=[8.4, 11.8, 23.6], C-C-Sep=0.20, ║∇J║=6.4e-02
-----On 19/20 Initial Guess Perturbations
Iteration 1033/1000-----
J=1.3e-02, Jf=1.4e-03, ⟨B·n⟩=9.4e-03, Len=sum([4.9, 4.9, 4.6])=14.5, ϰ=[7.9, 8.9, 12.6], ∫ϰ²/L=[8.4, 11.6, 23.5], C-C-Sep=0.20, ║∇J║=2.4e-01
-----On 19/20 Initial Guess Perturbations
Iteration 1034/1000-----
J=1.3e-02, Jf=1.4e-03, ⟨B·n⟩=9.4e-03, Len=sum([4.9, 4.9, 4.6])=14.5, ϰ=[7.8, 8.8, 12.6], ∫ϰ²/L=[8.3, 11.6, 23.5], C-C-Sep=0.20, ║∇J║=4.1e-02
-----On 19/20 Initial Guess Perturbations
Iteration 1035/1000-----
J=1.3e-02, Jf=1.4e-03, ⟨B·n⟩=9.4e-03, Len=sum([4.9, 4.9, 4.6])=14.5, ϰ=[7.8, 8.8, 12.6], ∫ϰ²/L=[8.3, 11.6, 23.5], C-C-Sep=0.20, ║∇J║=1.5e-01
-----On 19/20 Initial Guess Perturbations
Iteration 1036/1000-----
J=1.3e-02, Jf=1.4e-03, ⟨B·n⟩=9.4e-03, Len=sum([4.9, 4.9, 4.6])=14.5, ϰ=[7.6, 9.3, 12.8], ∫ϰ²/L=[8.4, 11.9, 23.7], C-C-Sep=0.20, ║∇J║=6.8e-01
-----On 19/20 Initial Guess Perturbations
Iteration 1037/1000-----
J=1.3e-02, Jf=1.4e-03, ⟨B·n⟩=9.4e-03, Len=sum([4.9, 4.9, 4.6])=14.5, ϰ=[7.8, 9.0, 12.6], ∫ϰ²/L=[8.4, 11.7, 23.5], C-C-Sep=0.20, ║∇J║=3.4e-02
-----On 19/20 Initial Guess Perturbations
Iteration 1038/1000-----
J=1.3e-02, Jf=1.4e-03, ⟨B·n⟩=9.4e-03, Len=sum([4.9, 4.9, 4.6])=14.5, ϰ=[7.8, 8.9, 12.6], ∫ϰ²/L=[8.3, 11.6, 23.5], C-C-Sep=0.20, ║∇J║=3.6e-02
-----On 19/20 Initial Guess Perturbations
Iteration 1039/1000-----
J=1.6e-02, Jf=1.3e-03, ⟨B·n⟩=9.3e-03, Len=sum([4.9, 5.0, 4.7])=14.6, ϰ=[10.7, 11.9, 16.0], ∫ϰ²/L=[17.5, 25.0, 38.2], C-C-Sep=0.19, ║∇J║=6.9e-01
-----On 19/20 Initial Guess Perturbations
Iteration 1040/1000-----
J=1.3e-02, Jf=1.4e-03, ⟨B·n⟩=9.4e-03, Len=sum([4.9, 4.9, 4.6])=14.5, ϰ=[7.8, 8.9, 12.6], ∫ϰ²/L=[8.3, 11.6, 23.5], C-C-Sep=0.20, ║∇J║=4.2e-02
-----On 19/20 Initial Guess Perturbations
Iteration 1041/1000-----
J=1.3e-02, Jf=1.4e-03, ⟨B·n⟩=9.4e-03, Len=sum([4.9, 4.9, 4.6])=14.5, ϰ=[7.3, 8.8, 12.8], ∫ϰ²/L=[8.4, 11.6, 23.7], C-C-Sep=0.20, ║∇J║=6.0e-02
-----On 19/20 Initial Guess Perturbations
Iteration 1042/1000-----
J=1.3e-02, Jf=1.4e-03, ⟨B·n⟩=9.4e-03, Len=sum([4.9, 4.9, 4.6])=14.5, ϰ=[7.6, 8.9, 12.6], ∫ϰ²/L=[8.3, 11.6, 23.5], C-C-Sep=0.20, ║∇J║=3.8e-02
-----On 19/20 Initial Guess Perturbations
Iteration 1043/1000-----
J=1.5e-02, Jf=1.4e-03, ⟨B·n⟩=9.6e-03, Len=sum([4.9, 5.0, 4.5])=14.5, ϰ=[10.3, 12.8, 17.4], ∫ϰ²/L=[15.3, 20.6, 34.7], C-C-Sep=0.19, ║∇J║=1.0e+00
-----On 19/20 Initial Guess Perturbations
Iteration 1044/1000-----
J=1.3e-02, Jf=1.4e-03, ⟨B·n⟩=9.4e-03, Len=sum([4.9, 4.9, 4.6])=14.5, ϰ=[7.6, 8.9, 12.6], ∫ϰ²/L=[8.4, 11.8, 23.6], C-C-Sep=0.20, ║∇J║=1.3e-01
-----On 19/20 Initial Guess Perturbations
Iteration 1045/1000-----
J=1.3e-02, Jf=1.3e-03, ⟨B·n⟩=9.4e-03, Len=sum([4.9, 4.9, 4.6])=14.4, ϰ=[7.5, 9.0, 12.6], ∫ϰ²/L=[8.4, 11.9, 23.8], C-C-Sep=0.20, ║∇J║=7.6e-02
-----On 19/20 Initial Guess Perturbations
Iteration 1046/1000-----
J=1.4e-02, Jf=1.4e-03, ⟨B·n⟩=9.6e-03, Len=sum([4.9, 4.9, 4.6])=14.4, ϰ=[8.2, 8.7, 13.9], ∫ϰ²/L=[10.1, 14.2, 27.9], C-C-Sep=0.19, ║∇J║=1.3e+01
-----On 19/20 Initial Guess Perturbations
Iteration 1047/1000-----
J=1.3e-02, Jf=1.3e-03, ⟨B·n⟩=9.4e-03, Len=sum([4.9, 4.9, 4.6])=14.4, ϰ=[7.4, 9.0, 12.6], ∫ϰ²/L=[8.4, 11.9, 23.7], C-C-Sep=0.20, ║∇J║=7.5e-02
-----On 19/20 Initial Guess Perturbations
Iteration 1048/1000-----
J=1.3e-02, Jf=1.4e-03, ⟨B·n⟩=9.4e-03, Len=sum([4.9, 4.9, 4.6])=14.4, ϰ=[7.5, 9.0, 13.1], ∫ϰ²/L=[8.2, 11.7, 23.6], C-C-Sep=0.20, ║∇J║=1.3e-01
-----On 19/20 Initial Guess Perturbations
Iteration 1049/1000-----
J=1.3e-02, Jf=1.4e-03, ⟨B·n⟩=9.4e-03, Len=sum([4.9, 4.9, 4.6])=14.4, ϰ=[7.5, 8.9, 12.8], ∫ϰ²/L=[8.3, 11.8, 23.7], C-C-Sep=0.20, ║∇J║=4.2e-02
-----On 19/20 Initial Guess Perturbations
Iteration 1050/1000-----
J=1.4e-02, Jf=1.4e-03, ⟨B·n⟩=9.4e-03, Len=sum([4.9, 4.9, 4.6])=14.5, ϰ=[8.6, 9.5, 13.5], ∫ϰ²/L=[9.5, 12.7, 24.8], C-C-Sep=0.19, ║∇J║=7.4e-01
-----On 19/20 Initial Guess Perturbations
Iteration 1051/1000-----
J=1.3e-02, Jf=1.4e-03, ⟨B·n⟩=9.4e-03, Len=sum([4.9, 4.9, 4.6])=14.4, ϰ=[7.5, 8.9, 12.8], ∫ϰ²/L=[8.3, 11.7, 23.6], C-C-Sep=0.20, ║∇J║=6.8e-02
-----On 19/20 Initial Guess Perturbations
Iteration 1052/1000-----
J=1.3e-02, Jf=1.4e-03, ⟨B·n⟩=9.4e-03, Len=sum([4.9, 4.9, 4.6])=14.4, ϰ=[7.4, 8.9, 12.9], ∫ϰ²/L=[8.3, 11.8, 23.7], C-C-Sep=0.20, ║∇J║=1.8e-01
-----On 19/20 Initial Guess Perturbations
Iteration 1053/1000-----
J=1.3e-02, Jf=1.4e-03, ⟨B·n⟩=9.4e-03, Len=sum([4.9, 4.9, 4.6])=14.4, ϰ=[7.5, 9.1, 13.1], ∫ϰ²/L=[8.4, 12.1, 23.9], C-C-Sep=0.20, ║∇J║=1.9e-01
-----On 19/20 Initial Guess Perturbations
Iteration 1054/1000-----
J=1.3e-02, Jf=1.3e-03, ⟨B·n⟩=9.4e-03, Len=sum([4.9, 4.9, 4.6])=14.4, ϰ=[8.5, 8.5, 13.1], ∫ϰ²/L=[8.9, 12.2, 24.2], C-C-Sep=0.19, ║∇J║=1.1e+00
-----On 19/20 Initial Guess Perturbations
Iteration 1055/1000-----
J=1.3e-02, Jf=1.3e-03, ⟨B·n⟩=9.4e-03, Len=sum([4.9, 4.9, 4.6])=14.4, ϰ=[7.5, 9.0, 13.1], ∫ϰ²/L=[8.4, 12.0, 23.8], C-C-Sep=0.20, ║∇J║=2.0e-01
-----On 19/20 Initial Guess Perturbations
Iteration 1056/1000-----
J=1.3e-02, Jf=1.3e-03, ⟨B·n⟩=9.4e-03, Len=sum([4.9, 4.9, 4.6])=14.4, ϰ=[7.3, 9.3, 12.9], ∫ϰ²/L=[8.4, 12.1, 23.9], C-C-Sep=0.20, ║∇J║=5.7e-02
-----On 19/20 Initial Guess Perturbations
Iteration 1057/1000-----
J=1.3e-02, Jf=1.3e-03, ⟨B·n⟩=9.4e-03, Len=sum([4.9, 4.9, 4.6])=14.4, ϰ=[7.4, 9.1, 13.0], ∫ϰ²/L=[8.4, 12.0, 23.8], C-C-Sep=0.20, ║∇J║=1.3e-01
-----On 19/20 Initial Guess Perturbations
Iteration 1058/1000-----
J=1.3e-02, Jf=1.3e-03, ⟨B·n⟩=9.3e-03, Len=sum([4.9, 4.9, 4.6])=14.4, ϰ=[7.4, 9.0, 12.7], ∫ϰ²/L=[8.3, 12.0, 23.8], C-C-Sep=0.20, ║∇J║=2.6e-01
-----On 19/20 Initial Guess Perturbations
Iteration 1059/1000-----
J=1.3e-02, Jf=1.3e-03, ⟨B·n⟩=9.4e-03, Len=sum([4.9, 4.9, 4.6])=14.4, ϰ=[7.4, 9.1, 12.9], ∫ϰ²/L=[8.3, 12.0, 23.8], C-C-Sep=0.20, ║∇J║=1.7e-01
-----On 19/20 Initial Guess Perturbations
Iteration 1060/1000-----
J=1.3e-02, Jf=1.3e-03, ⟨B·n⟩=9.3e-03, Len=sum([4.9, 4.9, 4.6])=14.4, ϰ=[7.8, 9.5, 12.9], ∫ϰ²/L=[8.3, 11.8, 23.9], C-C-Sep=0.20, ║∇J║=1.3e-01
-----On 19/20 Initial Guess Perturbations
Iteration 1061/1000-----
J=1.3e-02, Jf=1.3e-03, ⟨B·n⟩=9.3e-03, Len=sum([4.9, 4.9, 4.6])=14.4, ϰ=[7.5, 9.2, 12.9], ∫ϰ²/L=[8.3, 11.9, 23.8], C-C-Sep=0.20, ║∇J║=1.6e-01
-----On 19/20 Initial Guess Perturbations
Iteration 1062/1000-----
J=4.8e+00, Jf=3.0e-01, ⟨B·n⟩=7.2e-02, Len=sum([18.0, 17.1, 18.1])=53.3, ϰ=[416.9, 755.2, 1784.5], ∫ϰ²/L=[229.4, 473.2, 673.1], C-C-Sep=0.01, ║∇J║=4.6e+02
-----On 19/20 Initial Guess Perturbations
Iteration 1063/1000-----
J=1.3e-02, Jf=1.3e-03, ⟨B·n⟩=9.3e-03, Len=sum([4.9, 4.9, 4.6])=14.4, ϰ=[7.5, 9.2, 12.9], ∫ϰ²/L=[8.3, 11.9, 23.8], C-C-Sep=0.20, ║∇J║=1.6e-01
-----On 19/20 Initial Guess Perturbations
Iteration 1064/1000-----
J=2.2e+01, Jf=1.6e+00, ⟨B·n⟩=2.3e-01, Len=sum([34.9, 37.7, 41.4])=113.9, ϰ=[243.7, 436.5, 598.5], ∫ϰ²/L=[56.4, 141.2, 147.1], C-C-Sep=0.01, ║∇J║=9.7e+02
-----On 19/20 Initial Guess Perturbations
Iteration 1065/1000-----
J=3.0e+00, Jf=2.4e-02, ⟨B·n⟩=2.6e-02, Len=sum([9.1, 9.5, 10.2])=28.7, ϰ=[419.4, 365.2, 2593.5], ∫ϰ²/L=[379.4, 431.6, 2084.7], C-C-Sep=0.05, ║∇J║=6.5e+03
-----On 19/20 Initial Guess Perturbations
Iteration 1066/1000-----
J=1.3e-02, Jf=1.3e-03, ⟨B·n⟩=9.3e-03, Len=sum([4.9, 4.9, 4.6])=14.4, ϰ=[7.5, 9.2, 12.9], ∫ϰ²/L=[8.3, 11.9, 23.8], C-C-Sep=0.20, ║∇J║=1.6e-01
-----On 19/20 Initial Guess Perturbations
Iteration 1067/1000-----
J=1.3e-02, Jf=1.3e-03, ⟨B·n⟩=9.4e-03, Len=sum([4.9, 4.9, 4.6])=14.4, ϰ=[7.4, 9.1, 12.8], ∫ϰ²/L=[8.3, 11.9, 23.8], C-C-Sep=0.20, ║∇J║=2.2e-01
-----On 19/20 Initial Guess Perturbations
Iteration 1068/1000-----
J=1.6e+01, Jf=2.1e+00, ⟨B·n⟩=1.6e-01, Len=sum([32.2, 25.7, 35.3])=93.2, ϰ=[1045.0, 128.9, 58.2], ∫ϰ²/L=[359.0, 63.8, 26.7], C-C-Sep=0.00, ║∇J║=3.3e+03
-----On 19/20 Initial Guess Perturbations
Iteration 1069/1000-----
J=1.3e-02, Jf=1.3e-03, ⟨B·n⟩=9.4e-03, Len=sum([4.9, 4.9, 4.6])=14.4, ϰ=[7.4, 9.1, 12.8], ∫ϰ²/L=[8.3, 11.9, 23.8], C-C-Sep=0.20, ║∇J║=2.2e-01
-----On 19/20 Initial Guess Perturbations
Iteration 1070/1000-----
J=2.8e+02, Jf=1.8e+02, ⟨B·n⟩=4.2e-01, Len=sum([83.7, 109.0, 100.3])=293.0, ϰ=[302.2, 65.1, 129.1], ∫ϰ²/L=[32.6, 9.4, 7.3], C-C-Sep=0.02, ║∇J║=5.8e+05
-----On 19/20 Initial Guess Perturbations
Iteration 1071/1000-----
J=2.5e+01, Jf=1.2e+00, ⟨B·n⟩=1.8e-01, Len=sum([28.0, 36.7, 33.4])=98.1, ϰ=[592.8, 386.8, 532.1], ∫ϰ²/L=[176.3, 107.8, 90.9], C-C-Sep=0.02, ║∇J║=7.9e+02
-----On 19/20 Initial Guess Perturbations
Iteration 1072/1000-----
J=1.3e-02, Jf=1.3e-03, ⟨B·n⟩=9.4e-03, Len=sum([4.9, 4.9, 4.6])=14.4, ϰ=[7.4, 9.1, 12.8], ∫ϰ²/L=[8.3, 11.9, 23.8], C-C-Sep=0.20, ║∇J║=2.2e-01
-----On 19/20 Initial Guess Perturbations
Iteration 1073/1000-----
J=1.3e-02, Jf=1.4e-03, ⟨B·n⟩=9.4e-03, Len=sum([4.9, 4.9, 4.6])=14.4, ϰ=[8.3, 8.7, 13.4], ∫ϰ²/L=[9.2, 12.8, 24.8], C-C-Sep=0.20, ║∇J║=2.4e-01
-----On 19/20 Initial Guess Perturbations
Iteration 1074/1000-----
J=1.3e-02, Jf=1.3e-03, ⟨B·n⟩=9.4e-03, Len=sum([4.9, 4.9, 4.6])=14.4, ϰ=[7.4, 9.1, 12.8], ∫ϰ²/L=[8.3, 11.9, 23.8], C-C-Sep=0.20, ║∇J║=2.2e-01
-----On 19/20 Initial Guess Perturbations
Iteration 1075/1000-----
J=1.8e+00, Jf=4.5e-02, ⟨B·n⟩=2.4e-02, Len=sum([8.9, 10.0, 8.1])=26.9, ϰ=[1092.3, 1293.1, 518.6], ∫ϰ²/L=[1048.7, 863.8, 629.1], C-C-Sep=0.04, ║∇J║=8.6e+02
-----On 19/20 Initial Guess Perturbations
Iteration 1076/1000-----
J=8.7e-02, Jf=3.8e-02, ⟨B·n⟩=1.2e-02, Len=sum([5.2, 5.4, 4.9])=15.5, ϰ=[27.5, 39.9, 37.9], ∫ϰ²/L=[93.0, 108.5, 99.1], C-C-Sep=0.17, ║∇J║=5.3e+02
-----On 19/20 Initial Guess Perturbations
Iteration 1077/1000-----
J=1.3e-02, Jf=1.3e-03, ⟨B·n⟩=9.4e-03, Len=sum([4.9, 4.9, 4.6])=14.4, ϰ=[7.4, 9.1, 12.8], ∫ϰ²/L=[8.3, 11.9, 23.8], C-C-Sep=0.20, ║∇J║=2.2e-01
-----On 19/20 Initial Guess Perturbations
Iteration 1078/1000-----
J=1.3e-02, Jf=1.3e-03, ⟨B·n⟩=9.4e-03, Len=sum([4.9, 4.9, 4.6])=14.4, ϰ=[7.4, 9.1, 12.8], ∫ϰ²/L=[8.3, 11.9, 23.7], C-C-Sep=0.20, ║∇J║=2.3e-01
-----On 19/20 Initial Guess Perturbations
Iteration 1079/1000-----
J=8.3e-01, Jf=1.3e-01, ⟨B·n⟩=2.6e-02, Len=sum([7.6, 8.0, 7.9])=23.6, ϰ=[269.2, 167.0, 466.1], ∫ϰ²/L=[317.1, 265.8, 554.6], C-C-Sep=0.03, ║∇J║=1.0e+03
-----On 19/20 Initial Guess Perturbations
Iteration 1080/1000-----
J=1.3e-02, Jf=1.3e-03, ⟨B·n⟩=9.4e-03, Len=sum([4.9, 4.9, 4.6])=14.4, ϰ=[7.4, 9.1, 12.8], ∫ϰ²/L=[8.3, 11.9, 23.7], C-C-Sep=0.20, ║∇J║=2.3e-01
-----On 19/20 Initial Guess Perturbations
Iteration 1081/1000-----
J=1.1e+00, Jf=2.5e-01, ⟨B·n⟩=4.3e-02, Len=sum([9.9, 10.2, 9.3])=29.4, ϰ=[219.9, 409.4, 337.1], ∫ϰ²/L=[352.0, 403.8, 254.3], C-C-Sep=0.02, ║∇J║=9.4e+02
-----On 19/20 Initial Guess Perturbations
Iteration 1082/1000-----
J=1.3e-02, Jf=1.3e-03, ⟨B·n⟩=9.4e-03, Len=sum([4.9, 4.9, 4.6])=14.4, ϰ=[7.4, 9.1, 12.8], ∫ϰ²/L=[8.3, 11.9, 23.7], C-C-Sep=0.20, ║∇J║=2.3e-01
-----On 19/20 Initial Guess Perturbations
Iteration 1083/1000-----
J=1.3e-02, Jf=1.3e-03, ⟨B·n⟩=9.4e-03, Len=sum([4.9, 4.9, 4.6])=14.4, ϰ=[7.3, 9.1, 12.8], ∫ϰ²/L=[8.3, 12.0, 23.7], C-C-Sep=0.20, ║∇J║=2.3e-01
-----On 19/20 Initial Guess Perturbations
Iteration 1084/1000-----
J=4.4e+04, Jf=1.6e-02, ⟨B·n⟩=3.3e-02, Len=sum([2444.7, 2260.5, 2533.4])=7238.6, ϰ=[0.9, 2.5, 4.3], ∫ϰ²/L=[0.0, 0.0, 0.0], C-C-Sep=0.12, ║∇J║=6.2e+03
-----On 19/20 Initial Guess Perturbations
Iteration 1085/1000-----
J=1.3e-02, Jf=1.3e-03, ⟨B·n⟩=9.4e-03, Len=sum([4.9, 4.9, 4.6])=14.4, ϰ=[7.3, 9.1, 12.8], ∫ϰ²/L=[8.3, 11.9, 23.7], C-C-Sep=0.20, ║∇J║=2.2e-01
-----On 19/20 Initial Guess Perturbations
Iteration 1086/1000-----
J=5.8e+02, Jf=5.3e-01, ⟨B·n⟩=1.2e-01, Len=sum([260.9, 268.8, 296.3])=826.1, ϰ=[71.1, 30.2, 59.1], ∫ϰ²/L=[2.4, 1.8, 1.2], C-C-Sep=0.04, ║∇J║=1.2e+03
-----On 19/20 Initial Guess Perturbations
Iteration 1087/1000-----
J=1.3e-02, Jf=1.3e-03, ⟨B·n⟩=9.4e-03, Len=sum([4.9, 4.9, 4.6])=14.4, ϰ=[7.3, 9.1, 12.8], ∫ϰ²/L=[8.3, 11.9, 23.7], C-C-Sep=0.20, ║∇J║=2.2e-01
-----On 19/20 Initial Guess Perturbations
Iteration 1088/1000-----
J=1.7e-02, Jf=1.7e-03, ⟨B·n⟩=1.0e-02, Len=sum([5.0, 5.0, 4.6])=14.5, ϰ=[9.8, 13.9, 14.3], ∫ϰ²/L=[16.0, 24.1, 40.0], C-C-Sep=0.19, ║∇J║=4.9e+01
-----On 19/20 Initial Guess Perturbations
Iteration 1089/1000-----
J=1.3e-02, Jf=1.3e-03, ⟨B·n⟩=9.4e-03, Len=sum([4.9, 4.9, 4.6])=14.4, ϰ=[7.3, 9.2, 12.8], ∫ϰ²/L=[8.3, 11.9, 23.7], C-C-Sep=0.20, ║∇J║=2.0e-01
-----On 19/20 Initial Guess Perturbations
Iteration 1090/1000-----
J=1.4e-02, Jf=1.4e-03, ⟨B·n⟩=9.4e-03, Len=sum([4.9, 4.9, 4.6])=14.4, ϰ=[7.4, 9.2, 13.4], ∫ϰ²/L=[10.1, 13.7, 25.6], C-C-Sep=0.19, ║∇J║=1.5e+01
-----On 19/20 Initial Guess Perturbations
Iteration 1091/1000-----
J=1.3e-02, Jf=1.3e-03, ⟨B·n⟩=9.3e-03, Len=sum([4.9, 4.9, 4.6])=14.4, ϰ=[7.3, 9.1, 12.8], ∫ϰ²/L=[8.3, 11.9, 23.7], C-C-Sep=0.20, ║∇J║=1.7e-01
-----On 19/20 Initial Guess Perturbations
Iteration 1092/1000-----
J=1.3e-02, Jf=1.3e-03, ⟨B·n⟩=9.4e-03, Len=sum([4.9, 4.9, 4.6])=14.4, ϰ=[7.3, 9.2, 12.8], ∫ϰ²/L=[8.3, 12.0, 23.7], C-C-Sep=0.20, ║∇J║=2.2e-01
-----On 19/20 Initial Guess Perturbations
Iteration 1093/1000-----
J=3.8e-02, Jf=3.2e-03, ⟨B·n⟩=1.0e-02, Len=sum([5.1, 5.2, 4.8])=15.1, ϰ=[29.5, 35.9, 31.1], ∫ϰ²/L=[58.4, 65.0, 80.2], C-C-Sep=0.17, ║∇J║=1.5e+01
-----On 19/20 Initial Guess Perturbations
Iteration 1094/1000-----
J=1.3e-02, Jf=1.3e-03, ⟨B·n⟩=9.4e-03, Len=sum([4.9, 4.9, 4.6])=14.4, ϰ=[7.3, 9.2, 12.8], ∫ϰ²/L=[8.3, 12.0, 23.7], C-C-Sep=0.20, ║∇J║=2.0e-01
-----On 19/20 Initial Guess Perturbations
Iteration 1095/1000-----
J=1.3e-02, Jf=1.3e-03, ⟨B·n⟩=9.4e-03, Len=sum([4.9, 4.9, 4.6])=14.4, ϰ=[7.3, 9.3, 12.8], ∫ϰ²/L=[8.3, 12.0, 23.8], C-C-Sep=0.20, ║∇J║=2.1e-01
-----On 19/20 Initial Guess Perturbations
Iteration 1096/1000-----
J=1.5e-02, Jf=1.4e-03, ⟨B·n⟩=9.5e-03, Len=sum([4.9, 4.9, 4.6])=14.4, ϰ=[11.1, 10.6, 13.4], ∫ϰ²/L=[12.5, 17.6, 31.1], C-C-Sep=0.19, ║∇J║=7.0e-01
-----On 19/20 Initial Guess Perturbations
Iteration 1097/1000-----
J=1.3e-02, Jf=1.3e-03, ⟨B·n⟩=9.4e-03, Len=sum([4.9, 4.9, 4.6])=14.4, ϰ=[7.3, 9.2, 12.8], ∫ϰ²/L=[8.3, 12.0, 23.8], C-C-Sep=0.20, ║∇J║=2.1e-01
-----On 19/20 Initial Guess Perturbations
Iteration 1098/1000-----
J=6.2e+01, Jf=1.7e+00, ⟨B·n⟩=2.5e-01, Len=sum([63.8, 76.0, 70.3])=210.2, ϰ=[198.9, 105.4, 92.4], ∫ϰ²/L=[27.4, 14.8, 12.9], C-C-Sep=0.02, ║∇J║=3.6e+02
-----On 19/20 Initial Guess Perturbations
Iteration 1099/1000-----
J=1.3e-02, Jf=1.3e-03, ⟨B·n⟩=9.4e-03, Len=sum([4.9, 4.9, 4.6])=14.4, ϰ=[7.3, 9.2, 12.8], ∫ϰ²/L=[8.3, 12.0, 23.8], C-C-Sep=0.20, ║∇J║=2.0e-01
-----On 19/20 Initial Guess Perturbations
Iteration 1100/1000-----
J=2.5e+02, Jf=2.1e+01, ⟨B·n⟩=4.3e-01, Len=sum([151.6, 174.6, 135.5])=461.7, ϰ=[78.2, 18.0, 81.1], ∫ϰ²/L=[4.1, 1.8, 5.7], C-C-Sep=0.02, ║∇J║=2.4e+04
-----On 19/20 Initial Guess Perturbations
Iteration 1101/1000-----
J=3.1e+01, Jf=1.3e+00, ⟨B·n⟩=1.7e-01, Len=sum([43.2, 49.5, 38.6])=131.3, ϰ=[112.8, 79.3, 1118.4], ∫ϰ²/L=[35.4, 23.6, 240.5], C-C-Sep=0.02, ║∇J║=7.6e+02
-----On 19/20 Initial Guess Perturbations
Iteration 1102/1000-----
J=1.3e-02, Jf=1.3e-03, ⟨B·n⟩=9.4e-03, Len=sum([4.9, 4.9, 4.6])=14.4, ϰ=[7.4, 9.3, 12.9], ∫ϰ²/L=[8.3, 12.0, 23.8], C-C-Sep=0.20, ║∇J║=2.3e-01
-----On 19/20 Initial Guess Perturbations
Iteration 1103/1000-----
J=1.1e+00, Jf=2.1e-01, ⟨B·n⟩=3.7e-02, Len=sum([8.5, 9.3, 9.9])=27.7, ϰ=[616.9, 427.7, 191.7], ∫ϰ²/L=[609.4, 353.4, 334.6], C-C-Sep=0.06, ║∇J║=4.5e+02
-----On 19/20 Initial Guess Perturbations
Iteration 1104/1000-----
J=1.3e-02, Jf=1.3e-03, ⟨B·n⟩=9.4e-03, Len=sum([4.9, 4.9, 4.6])=14.4, ϰ=[7.4, 9.3, 12.9], ∫ϰ²/L=[8.3, 12.0, 23.8], C-C-Sep=0.20, ║∇J║=2.3e-01
-----On 19/20 Initial Guess Perturbations
Iteration 1105/1000-----
J=2.2e+01, Jf=9.0e-02, ⟨B·n⟩=3.7e-02, Len=sum([10.3, 11.6, 11.1])=32.9, ϰ=[984.9, 7257.8, 759.6], ∫ϰ²/L=[606.7, 6419.8, 412.7], C-C-Sep=0.02, ║∇J║=1.3e+05
-----On 19/20 Initial Guess Perturbations
Iteration 1106/1000-----
J=1.3e-01, Jf=4.9e-03, ⟨B·n⟩=1.2e-02, Len=sum([5.6, 5.8, 5.4])=16.7, ϰ=[46.5, 58.6, 126.8], ∫ϰ²/L=[127.3, 185.1, 225.4], C-C-Sep=0.13, ║∇J║=1.0e+01
-----On 19/20 Initial Guess Perturbations
Iteration 1107/1000-----
J=1.3e-02, Jf=1.3e-03, ⟨B·n⟩=9.4e-03, Len=sum([4.9, 4.9, 4.6])=14.4, ϰ=[7.4, 9.3, 12.9], ∫ϰ²/L=[8.3, 12.0, 23.8], C-C-Sep=0.20, ║∇J║=2.5e-01
-----On 19/20 Initial Guess Perturbations
Iteration 1108/1000-----
J=1.4e-02, Jf=1.4e-03, ⟨B·n⟩=9.4e-03, Len=sum([4.9, 4.9, 4.6])=14.4, ϰ=[8.2, 11.0, 13.0], ∫ϰ²/L=[12.3, 15.9, 27.8], C-C-Sep=0.19, ║∇J║=5.1e+00
-----On 19/20 Initial Guess Perturbations
Iteration 1109/1000-----
J=1.3e-02, Jf=1.3e-03, ⟨B·n⟩=9.4e-03, Len=sum([4.9, 4.9, 4.6])=14.4, ϰ=[7.3, 9.3, 12.9], ∫ϰ²/L=[8.3, 12.0, 23.8], C-C-Sep=0.20, ║∇J║=2.7e-01
-----On 19/20 Initial Guess Perturbations
Iteration 1110/1000-----
J=1.6e-02, Jf=2.6e-03, ⟨B·n⟩=1.0e-02, Len=sum([4.9, 4.9, 4.6])=14.4, ϰ=[12.0, 10.8, 13.9], ∫ϰ²/L=[14.2, 15.1, 30.0], C-C-Sep=0.19, ║∇J║=1.6e+02
-----On 19/20 Initial Guess Perturbations
Iteration 1111/1000-----
J=1.3e-02, Jf=1.4e-03, ⟨B·n⟩=9.4e-03, Len=sum([4.9, 4.9, 4.6])=14.4, ϰ=[8.2, 9.0, 12.6], ∫ϰ²/L=[8.7, 11.8, 24.0], C-C-Sep=0.20, ║∇J║=6.8e-01
-----On 19/20 Initial Guess Perturbations
Iteration 1112/1000-----
J=1.3e-02, Jf=1.3e-03, ⟨B·n⟩=9.4e-03, Len=sum([4.9, 4.9, 4.6])=14.4, ϰ=[7.4, 9.2, 12.8], ∫ϰ²/L=[8.3, 11.9, 23.8], C-C-Sep=0.20, ║∇J║=2.0e-01
-----On 19/20 Initial Guess Perturbations
Iteration 1113/1000-----
J=5.7e-02, Jf=6.6e-03, ⟨B·n⟩=1.2e-02, Len=sum([5.3, 5.3, 4.9])=15.5, ϰ=[57.2, 33.7, 37.5], ∫ϰ²/L=[76.1, 100.9, 127.2], C-C-Sep=0.16, ║∇J║=1.8e+01
-----On 19/20 Initial Guess Perturbations
Iteration 1114/1000-----
J=1.3e-02, Jf=1.3e-03, ⟨B·n⟩=9.3e-03, Len=sum([4.9, 4.9, 4.6])=14.4, ϰ=[7.4, 9.5, 12.7], ∫ϰ²/L=[8.4, 11.9, 23.8], C-C-Sep=0.20, ║∇J║=1.5e-01
-----On 19/20 Initial Guess Perturbations
Iteration 1115/1000-----
J=1.7e+00, Jf=4.6e-02, ⟨B·n⟩=3.1e-02, Len=sum([12.0, 9.1, 11.4])=32.5, ϰ=[477.7, 675.5, 379.0], ∫ϰ²/L=[353.0, 444.8, 394.6], C-C-Sep=0.01, ║∇J║=1.1e+02
-----On 19/20 Initial Guess Perturbations
Iteration 1116/1000-----
J=1.3e-02, Jf=1.3e-03, ⟨B·n⟩=9.3e-03, Len=sum([4.9, 4.9, 4.6])=14.4, ϰ=[7.4, 9.5, 12.7], ∫ϰ²/L=[8.4, 11.9, 23.8], C-C-Sep=0.20, ║∇J║=1.5e-01
-----On 19/20 Initial Guess Perturbations
Iteration 1117/1000-----
J=1.4e-01, Jf=2.1e-02, ⟨B·n⟩=1.7e-02, Len=sum([5.7, 5.6, 5.4])=16.7, ϰ=[54.6, 33.9, 101.9], ∫ϰ²/L=[163.6, 103.0, 201.6], C-C-Sep=0.10, ║∇J║=2.5e+01
-----On 19/20 Initial Guess Perturbations
Iteration 1118/1000-----
J=1.5e-02, Jf=1.5e-03, ⟨B·n⟩=9.6e-03, Len=sum([4.9, 5.0, 4.6])=14.4, ϰ=[10.1, 13.6, 19.6], ∫ϰ²/L=[18.9, 17.9, 33.7], C-C-Sep=0.18, ║∇J║=1.3e+00
-----On 19/20 Initial Guess Perturbations
Iteration 1119/1000-----
J=1.3e-02, Jf=1.3e-03, ⟨B·n⟩=9.3e-03, Len=sum([4.9, 4.9, 4.6])=14.4, ϰ=[7.5, 9.5, 12.8], ∫ϰ²/L=[8.5, 11.9, 23.8], C-C-Sep=0.20, ║∇J║=1.5e-01
-----On 19/20 Initial Guess Perturbations
Iteration 1120/1000-----
J=1.2e-01, Jf=2.8e-02, ⟨B·n⟩=1.7e-02, Len=sum([5.5, 5.8, 5.1])=16.4, ϰ=[34.6, 108.8, 104.8], ∫ϰ²/L=[96.4, 122.9, 156.1], C-C-Sep=0.13, ║∇J║=5.0e+01
-----On 19/20 Initial Guess Perturbations
Iteration 1121/1000-----
J=1.3e-02, Jf=1.3e-03, ⟨B·n⟩=9.3e-03, Len=sum([4.9, 4.9, 4.6])=14.4, ϰ=[7.5, 9.6, 12.9], ∫ϰ²/L=[8.5, 12.0, 23.8], C-C-Sep=0.20, ║∇J║=1.7e-01
-----On 19/20 Initial Guess Perturbations
Iteration 1122/1000-----
J=9.0e-01, Jf=8.7e-01, ⟨B·n⟩=2.2e-02, Len=sum([5.0, 5.2, 4.7])=15.0, ϰ=[23.3, 27.6, 19.2], ∫ϰ²/L=[56.6, 52.6, 83.1], C-C-Sep=0.18, ║∇J║=3.3e+04
-----On 19/20 Initial Guess Perturbations
Iteration 1123/1000-----
J=1.4e-02, Jf=1.4e-03, ⟨B·n⟩=9.6e-03, Len=sum([4.9, 5.0, 4.6])=14.4, ϰ=[8.1, 9.8, 12.9], ∫ϰ²/L=[13.1, 15.0, 30.3], C-C-Sep=0.19, ║∇J║=7.1e+00
-----On 19/20 Initial Guess Perturbations
Iteration 1124/1000-----
J=1.3e-02, Jf=1.3e-03, ⟨B·n⟩=9.3e-03, Len=sum([4.9, 4.9, 4.6])=14.4, ϰ=[7.5, 9.6, 12.8], ∫ϰ²/L=[8.5, 12.0, 23.9], C-C-Sep=0.20, ║∇J║=1.8e-01
-----On 19/20 Initial Guess Perturbations
Iteration 1125/1000-----
J=5.1e-02, Jf=1.5e-03, ⟨B·n⟩=1.0e-02, Len=sum([5.3, 5.2, 4.9])=15.4, ϰ=[28.9, 46.2, 58.3], ∫ϰ²/L=[81.8, 73.7, 143.5], C-C-Sep=0.16, ║∇J║=3.8e+00
-----On 19/20 Initial Guess Perturbations
Iteration 1126/1000-----
J=1.3e-02, Jf=1.3e-03, ⟨B·n⟩=9.3e-03, Len=sum([4.9, 4.9, 4.6])=14.4, ϰ=[7.5, 9.6, 12.9], ∫ϰ²/L=[8.5, 12.0, 23.9], C-C-Sep=0.20, ║∇J║=1.9e-01
-----On 19/20 Initial Guess Perturbations
Iteration 1127/1000-----
J=2.4e-01, Jf=3.3e-03, ⟨B·n⟩=1.2e-02, Len=sum([6.1, 5.9, 5.7])=17.6, ϰ=[179.0, 64.3, 195.3], ∫ϰ²/L=[274.2, 177.8, 308.2], C-C-Sep=0.10, ║∇J║=1.8e+01
-----On 19/20 Initial Guess Perturbations
Iteration 1128/1000-----
J=1.3e-02, Jf=1.3e-03, ⟨B·n⟩=9.3e-03, Len=sum([4.9, 4.9, 4.6])=14.4, ϰ=[7.5, 9.8, 13.8], ∫ϰ²/L=[9.2, 12.4, 24.5], C-C-Sep=0.20, ║∇J║=2.6e-01
-----On 19/20 Initial Guess Perturbations
Iteration 1129/1000-----
J=1.3e-02, Jf=1.3e-03, ⟨B·n⟩=9.3e-03, Len=sum([4.9, 4.9, 4.6])=14.4, ϰ=[7.4, 9.7, 13.0], ∫ϰ²/L=[8.5, 12.0, 23.9], C-C-Sep=0.20, ║∇J║=2.1e-01
-----On 19/20 Initial Guess Perturbations
Iteration 1130/1000-----
J=1.5e-02, Jf=1.5e-03, ⟨B·n⟩=9.6e-03, Len=sum([4.9, 4.9, 4.6])=14.5, ϰ=[10.8, 10.1, 16.7], ∫ϰ²/L=[13.5, 17.7, 32.4], C-C-Sep=0.18, ║∇J║=1.0e+00
-----On 19/20 Initial Guess Perturbations
Iteration 1131/1000-----
J=1.3e-02, Jf=1.3e-03, ⟨B·n⟩=9.3e-03, Len=sum([4.9, 4.9, 4.6])=14.4, ϰ=[7.4, 9.6, 13.0], ∫ϰ²/L=[8.5, 12.0, 23.9], C-C-Sep=0.20, ║∇J║=1.8e-01
-----On 19/20 Initial Guess Perturbations
Iteration 1132/1000-----
J=1.3e-02, Jf=1.3e-03, ⟨B·n⟩=9.4e-03, Len=sum([4.9, 4.9, 4.5])=14.4, ϰ=[8.7, 10.3, 13.6], ∫ϰ²/L=[9.9, 13.5, 25.6], C-C-Sep=0.20, ║∇J║=3.9e-01
-----On 19/20 Initial Guess Perturbations
Iteration 1133/1000-----
J=1.3e-02, Jf=1.3e-03, ⟨B·n⟩=9.3e-03, Len=sum([4.9, 4.9, 4.6])=14.4, ϰ=[7.5, 9.6, 13.1], ∫ϰ²/L=[8.5, 12.0, 23.9], C-C-Sep=0.20, ║∇J║=1.9e-01
-----On 19/20 Initial Guess Perturbations
Iteration 1134/1000-----
J=2.1e-02, Jf=2.5e-03, ⟨B·n⟩=1.1e-02, Len=sum([5.0, 5.0, 4.6])=14.6, ϰ=[18.4, 17.5, 15.4], ∫ϰ²/L=[29.5, 28.0, 55.0], C-C-Sep=0.19, ║∇J║=1.3e+01
-----On 19/20 Initial Guess Perturbations
Iteration 1135/1000-----
J=1.3e-02, Jf=1.3e-03, ⟨B·n⟩=9.3e-03, Len=sum([4.9, 4.9, 4.6])=14.4, ϰ=[7.4, 9.7, 13.1], ∫ϰ²/L=[8.5, 12.0, 23.9], C-C-Sep=0.20, ║∇J║=2.0e-01
-----On 19/20 Initial Guess Perturbations
Iteration 1136/1000-----
J=1.3e-02, Jf=1.3e-03, ⟨B·n⟩=9.4e-03, Len=sum([4.9, 4.9, 4.6])=14.4, ϰ=[7.6, 9.3, 13.2], ∫ϰ²/L=[8.5, 12.1, 24.0], C-C-Sep=0.20, ║∇J║=7.1e-02
-----On 19/20 Initial Guess Perturbations
Iteration 1137/1000-----
J=1.3e-02, Jf=1.3e-03, ⟨B·n⟩=9.3e-03, Len=sum([4.9, 4.9, 4.6])=14.4, ϰ=[7.5, 9.5, 13.1], ∫ϰ²/L=[8.5, 12.0, 23.9], C-C-Sep=0.20, ║∇J║=1.5e-01
-----On 19/20 Initial Guess Perturbations
Iteration 1138/1000-----
J=1.3e+00, Jf=1.2e+00, ⟨B·n⟩=2.4e-02, Len=sum([4.9, 5.0, 4.7])=14.6, ϰ=[16.3, 17.5, 14.3], ∫ϰ²/L=[20.9, 28.5, 37.9], C-C-Sep=0.18, ║∇J║=4.1e+04
-----On 19/20 Initial Guess Perturbations
Iteration 1139/1000-----
J=1.3e-02, Jf=1.3e-03, ⟨B·n⟩=9.3e-03, Len=sum([4.9, 4.9, 4.6])=14.4, ϰ=[7.5, 9.5, 13.1], ∫ϰ²/L=[8.5, 12.0, 23.9], C-C-Sep=0.20, ║∇J║=1.5e-01
-----On 19/20 Initial Guess Perturbations
Iteration 1140/1000-----
J=1.3e-02, Jf=1.3e-03, ⟨B·n⟩=9.3e-03, Len=sum([4.9, 4.9, 4.6])=14.4, ϰ=[7.5, 9.6, 13.0], ∫ϰ²/L=[8.5, 12.0, 23.9], C-C-Sep=0.20, ║∇J║=1.3e-01
-----On 19/20 Initial Guess Perturbations
Iteration 1141/1000-----
J=1.4e-01, Jf=1.2e-01, ⟨B·n⟩=1.4e-02, Len=sum([5.0, 5.2, 4.7])=14.8, ϰ=[14.1, 21.4, 15.4], ∫ϰ²/L=[29.0, 44.6, 53.3], C-C-Sep=0.16, ║∇J║=2.5e+03
-----On 19/20 Initial Guess Perturbations
Iteration 1142/1000-----
J=1.3e-02, Jf=1.3e-03, ⟨B·n⟩=9.3e-03, Len=sum([4.9, 4.9, 4.6])=14.4, ϰ=[7.5, 9.6, 13.0], ∫ϰ²/L=[8.5, 12.0, 23.9], C-C-Sep=0.20, ║∇J║=1.3e-01
-----On 19/20 Initial Guess Perturbations
Iteration 1143/1000-----
J=1.3e-02, Jf=1.3e-03, ⟨B·n⟩=9.3e-03, Len=sum([4.9, 4.9, 4.6])=14.4, ϰ=[7.6, 9.7, 13.0], ∫ϰ²/L=[8.5, 12.1, 23.9], C-C-Sep=0.20, ║∇J║=1.9e-01
-----On 19/20 Initial Guess Perturbations
Iteration 1144/1000-----
J=1.3e-02, Jf=1.3e-03, ⟨B·n⟩=9.3e-03, Len=sum([4.9, 4.9, 4.6])=14.4, ϰ=[7.6, 9.7, 13.0], ∫ϰ²/L=[8.5, 12.1, 23.9], C-C-Sep=0.20, ║∇J║=1.4e-01
-----On 19/20 Initial Guess Perturbations
Iteration 1145/1000-----
J=1.3e-02, Jf=1.3e-03, ⟨B·n⟩=9.3e-03, Len=sum([4.9, 4.9, 4.6])=14.4, ϰ=[7.6, 10.0, 13.1], ∫ϰ²/L=[8.5, 12.2, 23.9], C-C-Sep=0.20, ║∇J║=3.4e-02
-----On 19/20 Initial Guess Perturbations
Iteration 1146/1000-----
J=1.3e-02, Jf=1.3e-03, ⟨B·n⟩=9.3e-03, Len=sum([4.9, 4.9, 4.6])=14.4, ϰ=[7.6, 10.0, 13.1], ∫ϰ²/L=[8.5, 12.1, 23.9], C-C-Sep=0.20, ║∇J║=3.8e-02
-----On 19/20 Initial Guess Perturbations
Iteration 1147/1000-----
J=1.1e-01, Jf=8.7e-03, ⟨B·n⟩=1.3e-02, Len=sum([5.8, 5.5, 5.3])=16.5, ϰ=[38.9, 49.2, 53.6], ∫ϰ²/L=[135.8, 135.3, 184.0], C-C-Sep=0.14, ║∇J║=7.9e+01
-----On 19/20 Initial Guess Perturbations
Iteration 1148/1000-----
J=1.3e-02, Jf=1.3e-03, ⟨B·n⟩=9.3e-03, Len=sum([4.9, 4.9, 4.6])=14.4, ϰ=[7.6, 10.0, 13.1], ∫ϰ²/L=[8.5, 12.1, 23.9], C-C-Sep=0.20, ║∇J║=5.1e-02
-----On 19/20 Initial Guess Perturbations
Iteration 1149/1000-----
J=1.3e-02, Jf=1.3e-03, ⟨B·n⟩=9.3e-03, Len=sum([4.9, 4.9, 4.6])=14.4, ϰ=[7.7, 10.0, 13.2], ∫ϰ²/L=[8.5, 12.1, 23.8], C-C-Sep=0.20, ║∇J║=5.1e-02
-----On 19/20 Initial Guess Perturbations
Iteration 1150/1000-----
J=7.8e-01, Jf=8.8e-03, ⟨B·n⟩=1.7e-02, Len=sum([6.7, 7.3, 7.6])=21.7, ϰ=[245.6, 1253.3, 304.4], ∫ϰ²/L=[298.0, 836.3, 297.9], C-C-Sep=0.09, ║∇J║=6.9e+02
-----On 19/20 Initial Guess Perturbations
Iteration 1151/1000-----
J=4.1e-02, Jf=3.1e-03, ⟨B·n⟩=1.1e-02, Len=sum([5.1, 5.2, 4.9])=15.2, ϰ=[16.9, 41.8, 30.7], ∫ϰ²/L=[46.7, 62.2, 107.2], C-C-Sep=0.16, ║∇J║=1.2e+01
-----On 19/20 Initial Guess Perturbations
Iteration 1152/1000-----
J=1.3e-02, Jf=1.3e-03, ⟨B·n⟩=9.3e-03, Len=sum([4.9, 4.9, 4.6])=14.4, ϰ=[7.7, 10.0, 13.2], ∫ϰ²/L=[8.5, 12.1, 23.9], C-C-Sep=0.20, ║∇J║=7.2e-02
-----On 19/20 Initial Guess Perturbations
Iteration 1153/1000-----
J=3.4e-01, Jf=3.4e-02, ⟨B·n⟩=2.3e-02, Len=sum([6.6, 6.5, 6.2])=19.3, ϰ=[149.1, 91.6, 160.4], ∫ϰ²/L=[240.1, 205.8, 254.8], C-C-Sep=0.10, ║∇J║=6.7e+01
-----On 19/20 Initial Guess Perturbations
Iteration 1154/1000-----
J=1.4e-02, Jf=1.4e-03, ⟨B·n⟩=9.5e-03, Len=sum([4.9, 4.9, 4.6])=14.4, ϰ=[10.4, 15.1, 13.9], ∫ϰ²/L=[16.7, 18.8, 30.6], C-C-Sep=0.19, ║∇J║=9.6e-01
-----On 19/20 Initial Guess Perturbations
Iteration 1155/1000-----
J=1.3e-02, Jf=1.3e-03, ⟨B·n⟩=9.3e-03, Len=sum([4.9, 4.9, 4.6])=14.4, ϰ=[7.7, 10.1, 13.1], ∫ϰ²/L=[8.6, 12.1, 23.9], C-C-Sep=0.20, ║∇J║=8.8e-02
-----On 19/20 Initial Guess Perturbations
Iteration 1156/1000-----
J=1.4e-02, Jf=1.3e-03, ⟨B·n⟩=9.3e-03, Len=sum([4.9, 4.9, 4.6])=14.4, ϰ=[8.7, 11.8, 14.8], ∫ϰ²/L=[12.6, 15.4, 28.7], C-C-Sep=0.18, ║∇J║=1.2e+00
-----On 19/20 Initial Guess Perturbations
Iteration 1157/1000-----
J=1.3e-02, Jf=1.3e-03, ⟨B·n⟩=9.3e-03, Len=sum([4.9, 4.9, 4.6])=14.4, ϰ=[7.7, 10.1, 13.2], ∫ϰ²/L=[8.6, 12.1, 23.9], C-C-Sep=0.20, ║∇J║=9.0e-02
-----On 19/20 Initial Guess Perturbations
Iteration 1158/1000-----
J=1.3e-02, Jf=1.3e-03, ⟨B·n⟩=9.4e-03, Len=sum([4.9, 4.9, 4.5])=14.4, ϰ=[8.6, 10.0, 13.6], ∫ϰ²/L=[9.8, 12.9, 25.1], C-C-Sep=0.20, ║∇J║=2.4e-01
-----On 19/20 Initial Guess Perturbations
Iteration 1159/1000-----
J=1.3e-02, Jf=1.3e-03, ⟨B·n⟩=9.3e-03, Len=sum([4.9, 4.9, 4.6])=14.4, ϰ=[7.8, 10.1, 13.1], ∫ϰ²/L=[8.6, 12.1, 23.9], C-C-Sep=0.20, ║∇J║=8.0e-02
-----On 19/20 Initial Guess Perturbations
Iteration 1160/1000-----
J=1.8e-02, Jf=1.4e-03, ⟨B·n⟩=9.4e-03, Len=sum([5.0, 4.9, 4.6])=14.6, ϰ=[19.5, 13.0, 22.5], ∫ϰ²/L=[33.3, 19.0, 33.6], C-C-Sep=0.19, ║∇J║=1.3e+00
-----On 19/20 Initial Guess Perturbations
Iteration 1161/1000-----
J=1.3e-02, Jf=1.3e-03, ⟨B·n⟩=9.3e-03, Len=sum([4.9, 4.9, 4.6])=14.4, ϰ=[7.8, 10.1, 13.2], ∫ϰ²/L=[8.6, 12.1, 23.9], C-C-Sep=0.20, ║∇J║=4.7e-02
-----On 19/20 Initial Guess Perturbations
Iteration 1162/1000-----
J=1.3e-02, Jf=1.3e-03, ⟨B·n⟩=9.3e-03, Len=sum([4.9, 4.9, 4.6])=14.4, ϰ=[7.8, 10.1, 13.2], ∫ϰ²/L=[8.6, 12.1, 23.9], C-C-Sep=0.20, ║∇J║=1.1e-01
-----On 19/20 Initial Guess Perturbations
Iteration 1163/1000-----
J=1.3e-02, Jf=1.3e-03, ⟨B·n⟩=9.3e-03, Len=sum([4.9, 4.9, 4.6])=14.4, ϰ=[7.8, 10.1, 13.0], ∫ϰ²/L=[8.5, 12.1, 23.8], C-C-Sep=0.20, ║∇J║=2.0e-01
-----On 19/20 Initial Guess Perturbations
Iteration 1164/1000-----
J=1.3e-02, Jf=1.3e-03, ⟨B·n⟩=9.4e-03, Len=sum([4.9, 4.9, 4.5])=14.4, ϰ=[7.4, 10.4, 14.6], ∫ϰ²/L=[8.9, 13.3, 24.5], C-C-Sep=0.20, ║∇J║=3.0e-01
-----On 19/20 Initial Guess Perturbations
Iteration 1165/1000-----
J=1.3e-02, Jf=1.3e-03, ⟨B·n⟩=9.3e-03, Len=sum([4.9, 4.9, 4.6])=14.4, ϰ=[7.8, 10.1, 13.1], ∫ϰ²/L=[8.5, 12.1, 23.8], C-C-Sep=0.20, ║∇J║=2.0e-01
-----On 19/20 Initial Guess Perturbations
Iteration 1166/1000-----
J=1.3e-02, Jf=1.3e-03, ⟨B·n⟩=9.3e-03, Len=sum([4.9, 4.9, 4.5])=14.4, ϰ=[8.4, 10.8, 13.7], ∫ϰ²/L=[10.3, 13.5, 24.9], C-C-Sep=0.20, ║∇J║=5.1e-01
-----On 19/20 Initial Guess Perturbations
Iteration 1167/1000-----
J=1.3e-02, Jf=1.3e-03, ⟨B·n⟩=9.3e-03, Len=sum([4.9, 4.9, 4.6])=14.4, ϰ=[7.8, 10.2, 13.1], ∫ϰ²/L=[8.6, 12.1, 23.8], C-C-Sep=0.20, ║∇J║=2.7e-01
-----On 19/20 Initial Guess Perturbations
Iteration 1168/1000-----
J=1.3e-02, Jf=1.3e-03, ⟨B·n⟩=9.3e-03, Len=sum([4.9, 4.9, 4.6])=14.4, ϰ=[7.8, 10.2, 13.1], ∫ϰ²/L=[8.5, 12.1, 23.8], C-C-Sep=0.20, ║∇J║=2.9e-01
-----On 19/20 Initial Guess Perturbations
Iteration 1169/1000-----
J=6.6e+01, Jf=1.6e+00, ⟨B·n⟩=2.3e-01, Len=sum([63.0, 68.4, 81.0])=212.5, ϰ=[536.7, 112.9, 428.8], ∫ϰ²/L=[56.3, 16.6, 37.7], C-C-Sep=0.01, ║∇J║=4.0e+02
-----On 19/20 Initial Guess Perturbations
Iteration 1170/1000-----
J=1.3e-02, Jf=1.3e-03, ⟨B·n⟩=9.3e-03, Len=sum([4.9, 4.9, 4.6])=14.4, ϰ=[7.8, 10.2, 13.1], ∫ϰ²/L=[8.5, 12.1, 23.8], C-C-Sep=0.20, ║∇J║=2.9e-01
-----On 19/20 Initial Guess Perturbations
Iteration 1171/1000-----
J=1.3e-02, Jf=1.3e-03, ⟨B·n⟩=9.3e-03, Len=sum([4.9, 4.9, 4.5])=14.4, ϰ=[7.9, 10.2, 12.9], ∫ϰ²/L=[8.5, 12.3, 23.8], C-C-Sep=0.20, ║∇J║=1.0e-01
-----On 19/20 Initial Guess Perturbations
Iteration 1172/1000-----
J=1.3e-02, Jf=1.3e-03, ⟨B·n⟩=9.3e-03, Len=sum([4.9, 4.9, 4.5])=14.4, ϰ=[8.2, 9.9, 12.9], ∫ϰ²/L=[8.7, 12.4, 24.1], C-C-Sep=0.20, ║∇J║=1.5e-01
-----On 19/20 Initial Guess Perturbations
Iteration 1173/1000-----
J=1.3e-02, Jf=1.3e-03, ⟨B·n⟩=9.3e-03, Len=sum([4.9, 4.9, 4.5])=14.4, ϰ=[8.0, 10.0, 12.9], ∫ϰ²/L=[8.5, 12.2, 23.8], C-C-Sep=0.20, ║∇J║=9.6e-02
-----On 19/20 Initial Guess Perturbations
Iteration 1174/1000-----
J=1.3e-02, Jf=1.3e-03, ⟨B·n⟩=9.4e-03, Len=sum([4.9, 4.9, 4.5])=14.3, ϰ=[8.1, 10.2, 13.3], ∫ϰ²/L=[8.9, 12.2, 23.9], C-C-Sep=0.20, ║∇J║=4.9e+00
-----On 19/20 Initial Guess Perturbations
Iteration 1175/1000-----
J=1.3e-02, Jf=1.3e-03, ⟨B·n⟩=9.3e-03, Len=sum([4.9, 4.9, 4.5])=14.4, ϰ=[8.0, 10.1, 13.0], ∫ϰ²/L=[8.6, 12.1, 23.8], C-C-Sep=0.20, ║∇J║=2.9e-01
-----On 19/20 Initial Guess Perturbations
Iteration 1176/1000-----
J=1.3e-02, Jf=1.3e-03, ⟨B·n⟩=9.3e-03, Len=sum([4.9, 4.9, 4.5])=14.3, ϰ=[8.0, 10.0, 13.1], ∫ϰ²/L=[8.6, 12.2, 23.8], C-C-Sep=0.20, ║∇J║=1.4e-01
-----On 19/20 Initial Guess Perturbations
Iteration 1177/1000-----
J=1.3e-02, Jf=1.3e-03, ⟨B·n⟩=9.3e-03, Len=sum([4.9, 4.9, 4.5])=14.3, ϰ=[8.1, 10.0, 13.1], ∫ϰ²/L=[8.6, 12.3, 23.8], C-C-Sep=0.20, ║∇J║=2.2e-01
-----On 19/20 Initial Guess Perturbations
Iteration 1178/1000-----
J=1.3e-02, Jf=1.3e-03, ⟨B·n⟩=9.3e-03, Len=sum([4.9, 4.9, 4.5])=14.3, ϰ=[8.0, 9.9, 13.1], ∫ϰ²/L=[8.6, 12.2, 23.8], C-C-Sep=0.20, ║∇J║=3.3e-01
-----On 19/20 Initial Guess Perturbations
Iteration 1179/1000-----
J=1.3e-02, Jf=1.3e-03, ⟨B·n⟩=9.3e-03, Len=sum([4.9, 4.9, 4.5])=14.3, ϰ=[8.0, 9.9, 13.1], ∫ϰ²/L=[8.6, 12.2, 23.8], C-C-Sep=0.20, ║∇J║=6.0e-02
-----On 19/20 Initial Guess Perturbations
Iteration 1180/1000-----
J=1.3e-02, Jf=1.3e-03, ⟨B·n⟩=9.3e-03, Len=sum([4.9, 4.9, 4.5])=14.3, ϰ=[8.0, 9.9, 13.1], ∫ϰ²/L=[8.6, 12.3, 23.9], C-C-Sep=0.20, ║∇J║=1.7e-01
-----On 19/20 Initial Guess Perturbations
Iteration 1181/1000-----
J=1.3e-02, Jf=1.3e-03, ⟨B·n⟩=9.3e-03, Len=sum([4.9, 4.9, 4.5])=14.3, ϰ=[7.9, 9.7, 13.0], ∫ϰ²/L=[8.6, 12.1, 23.8], C-C-Sep=0.20, ║∇J║=2.6e-01
-----On 19/20 Initial Guess Perturbations
Iteration 1182/1000-----
J=2.3e-01, Jf=2.2e-01, ⟨B·n⟩=1.5e-02, Len=sum([4.9, 4.9, 4.5])=14.4, ϰ=[9.3, 11.1, 17.0], ∫ϰ²/L=[13.7, 14.8, 28.9], C-C-Sep=0.19, ║∇J║=2.7e+04
-----On 19/20 Initial Guess Perturbations
Iteration 1183/1000-----
J=1.3e-02, Jf=1.3e-03, ⟨B·n⟩=9.3e-03, Len=sum([4.9, 4.9, 4.5])=14.3, ϰ=[8.3, 10.1, 14.2], ∫ϰ²/L=[9.1, 12.3, 24.4], C-C-Sep=0.20, ║∇J║=5.2e+00
-----On 19/20 Initial Guess Perturbations
Iteration 1184/1000-----
J=1.3e-02, Jf=1.3e-03, ⟨B·n⟩=9.3e-03, Len=sum([4.9, 4.9, 4.5])=14.3, ϰ=[7.9, 9.7, 13.1], ∫ϰ²/L=[8.6, 12.1, 23.9], C-C-Sep=0.20, ║∇J║=3.2e-01
-----On 19/20 Initial Guess Perturbations
Iteration 1185/1000-----
J=1.3e-02, Jf=1.3e-03, ⟨B·n⟩=9.3e-03, Len=sum([4.9, 4.9, 4.5])=14.3, ϰ=[7.9, 9.7, 13.1], ∫ϰ²/L=[8.6, 12.2, 23.9], C-C-Sep=0.20, ║∇J║=1.2e-01
-----On 19/20 Initial Guess Perturbations
Iteration 1186/1000-----
J=1.3e-02, Jf=1.3e-03, ⟨B·n⟩=9.3e-03, Len=sum([4.9, 4.9, 4.5])=14.3, ϰ=[7.8, 9.6, 13.2], ∫ϰ²/L=[8.6, 12.1, 23.9], C-C-Sep=0.20, ║∇J║=1.4e-01
-----On 19/20 Initial Guess Perturbations
Iteration 1187/1000-----
J=1.6e-02, Jf=1.4e-03, ⟨B·n⟩=9.5e-03, Len=sum([4.9, 5.0, 4.6])=14.4, ϰ=[10.4, 15.6, 18.9], ∫ϰ²/L=[18.8, 19.7, 35.9], C-C-Sep=0.18, ║∇J║=2.5e+00
-----On 19/20 Initial Guess Perturbations
Iteration 1188/1000-----
J=1.3e-02, Jf=1.3e-03, ⟨B·n⟩=9.3e-03, Len=sum([4.9, 4.9, 4.5])=14.3, ϰ=[7.8, 9.6, 13.2], ∫ϰ²/L=[8.6, 12.1, 23.9], C-C-Sep=0.20, ║∇J║=1.4e-01
-----On 19/20 Initial Guess Perturbations
Iteration 1189/1000-----
J=1.3e-02, Jf=1.3e-03, ⟨B·n⟩=9.3e-03, Len=sum([4.9, 4.9, 4.5])=14.3, ϰ=[7.7, 10.1, 13.0], ∫ϰ²/L=[9.4, 12.5, 24.5], C-C-Sep=0.20, ║∇J║=1.2e-01
-----On 19/20 Initial Guess Perturbations
Iteration 1190/1000-----
J=1.3e-02, Jf=1.3e-03, ⟨B·n⟩=9.3e-03, Len=sum([4.9, 4.9, 4.5])=14.3, ϰ=[7.8, 9.6, 13.2], ∫ϰ²/L=[8.6, 12.1, 23.9], C-C-Sep=0.20, ║∇J║=1.3e-01
-----On 19/20 Initial Guess Perturbations
Iteration 1191/1000-----
J=1.3e-02, Jf=1.3e-03, ⟨B·n⟩=9.3e-03, Len=sum([4.9, 4.9, 4.5])=14.3, ϰ=[7.7, 9.7, 12.9], ∫ϰ²/L=[8.7, 12.3, 24.0], C-C-Sep=0.20, ║∇J║=1.7e-01
-----On 19/20 Initial Guess Perturbations
Iteration 1192/1000-----
J=1.3e-02, Jf=1.3e-03, ⟨B·n⟩=9.3e-03, Len=sum([4.9, 4.9, 4.5])=14.3, ϰ=[7.8, 9.6, 13.1], ∫ϰ²/L=[8.6, 12.2, 23.9], C-C-Sep=0.20, ║∇J║=8.3e-02
-----On 19/20 Initial Guess Perturbations
Iteration 1193/1000-----
J=1.3e-02, Jf=1.3e-03, ⟨B·n⟩=9.3e-03, Len=sum([4.9, 4.9, 4.5])=14.3, ϰ=[7.8, 9.5, 13.2], ∫ϰ²/L=[8.6, 12.2, 23.9], C-C-Sep=0.20, ║∇J║=4.1e-02
-----On 19/20 Initial Guess Perturbations
-----------------Base current: []
-----------------Base current: [99999.99999672]
-----------------Base current: [99999.99999728]
Finished 100/1000 Out-of-Sample Evaluations
Finished 200/1000 Out-of-Sample Evaluations
Finished 300/1000 Out-of-Sample Evaluations
Finished 400/1000 Out-of-Sample Evaluations
Finished 500/1000 Out-of-Sample Evaluations
Finished 600/1000 Out-of-Sample Evaluations
Finished 700/1000 Out-of-Sample Evaluations
Finished 800/1000 Out-of-Sample Evaluations
Finished 900/1000 Out-of-Sample Evaluations
Finished 1000/1000 Out-of-Sample Evaluations
Flux Objective for exact coils coils      : 1.310e-03
Out-of-sample flux value                  : 3.978e-03
Objective Gradient (||∇J||)              : 4.059e-02
Took 402.2710762023926s
