Running initial guess perturbation 13
Coil 0: RMS error: 0.000006, Relative: 0.000004
Max point error: 0.000031, Min point error: 0.000000
Coil 1: RMS error: 0.000003, Relative: 0.000002
Max point error: 0.000014, Min point error: 0.000000
Coil 2: RMS error: 0.000004, Relative: 0.000002
Max point error: 0.000021, Min point error: 0.000000
Overall fit errors: [6.421612885287083e-06, 2.933452504845866e-06, 3.7837259996214506e-06]
Mean fit error: 0.000004

################################################################################
### Perform a Taylor test ######################################################
################################################################################

Iteration 1/2500-----
J=2.5e-01, Jf=5.5e-02, ⟨B·n⟩=5.8e-02, Len=sum([5.4, 5.6, 5.2])=16.3, ϰ=[35.6, 6.6, 7.5], ∫ϰ²/L=[16.6, 3.8, 2.8], C-C-Sep=0.07, ║∇J║=9.2e+00
-----On 14/20 Initial Guess Perturbations
Iteration 2/2500-----
J=2.5e-01, Jf=5.5e-02, ⟨B·n⟩=5.8e-02, Len=sum([5.4, 5.6, 5.3])=16.3, ϰ=[29.3, 9.5, 11.9], ∫ϰ²/L=[17.0, 6.0, 6.5], C-C-Sep=0.07, ║∇J║=9.2e+00
-----On 14/20 Initial Guess Perturbations
Iteration 3/2500-----
J=2.5e-01, Jf=5.5e-02, ⟨B·n⟩=5.8e-02, Len=sum([5.4, 5.6, 5.3])=16.3, ϰ=[52.3, 7.7, 8.9], ∫ϰ²/L=[22.1, 5.9, 5.5], C-C-Sep=0.07, ║∇J║=9.2e+00
-----On 14/20 Initial Guess Perturbations
err -0.17511309350125076
Iteration 4/2500-----
J=2.5e-01, Jf=5.5e-02, ⟨B·n⟩=5.8e-02, Len=sum([5.4, 5.6, 5.2])=16.3, ϰ=[34.0, 6.5, 7.9], ∫ϰ²/L=[16.4, 3.8, 2.9], C-C-Sep=0.07, ║∇J║=9.2e+00
-----On 14/20 Initial Guess Perturbations
Iteration 5/2500-----
J=2.5e-01, Jf=5.5e-02, ⟨B·n⟩=5.8e-02, Len=sum([5.4, 5.6, 5.2])=16.3, ϰ=[37.2, 6.7, 7.1], ∫ϰ²/L=[16.9, 3.9, 2.8], C-C-Sep=0.07, ║∇J║=9.2e+00
-----On 14/20 Initial Guess Perturbations
err -0.0018990340427244568
Iteration 6/2500-----
J=2.5e-01, Jf=5.5e-02, ⟨B·n⟩=5.8e-02, Len=sum([5.4, 5.6, 5.2])=16.3, ϰ=[35.4, 6.6, 7.5], ∫ϰ²/L=[16.6, 3.8, 2.8], C-C-Sep=0.07, ║∇J║=9.2e+00
-----On 14/20 Initial Guess Perturbations
Iteration 7/2500-----
J=2.5e-01, Jf=5.5e-02, ⟨B·n⟩=5.8e-02, Len=sum([5.4, 5.6, 5.2])=16.3, ϰ=[35.8, 6.6, 7.4], ∫ϰ²/L=[16.7, 3.8, 2.8], C-C-Sep=0.07, ║∇J║=9.2e+00
-----On 14/20 Initial Guess Perturbations
err -1.9019908770845362e-05
Iteration 8/2500-----
J=2.5e-01, Jf=5.5e-02, ⟨B·n⟩=5.8e-02, Len=sum([5.4, 5.6, 5.2])=16.3, ϰ=[35.6, 6.6, 7.5], ∫ϰ²/L=[16.6, 3.8, 2.8], C-C-Sep=0.07, ║∇J║=9.2e+00
-----On 14/20 Initial Guess Perturbations
Iteration 9/2500-----
J=2.5e-01, Jf=5.5e-02, ⟨B·n⟩=5.8e-02, Len=sum([5.4, 5.6, 5.2])=16.3, ϰ=[35.6, 6.6, 7.5], ∫ϰ²/L=[16.6, 3.8, 2.8], C-C-Sep=0.07, ║∇J║=9.2e+00
-----On 14/20 Initial Guess Perturbations
err -1.886291795538675e-07
Iteration 10/2500-----
J=2.5e-01, Jf=5.5e-02, ⟨B·n⟩=5.8e-02, Len=sum([5.4, 5.6, 5.2])=16.3, ϰ=[35.6, 6.6, 7.5], ∫ϰ²/L=[16.6, 3.8, 2.8], C-C-Sep=0.07, ║∇J║=9.2e+00
-----On 14/20 Initial Guess Perturbations
Iteration 11/2500-----
J=2.5e-01, Jf=5.5e-02, ⟨B·n⟩=5.8e-02, Len=sum([5.4, 5.6, 5.2])=16.3, ϰ=[35.6, 6.6, 7.5], ∫ϰ²/L=[16.6, 3.8, 2.8], C-C-Sep=0.07, ║∇J║=9.2e+00
-----On 14/20 Initial Guess Perturbations
err -1.2512885727566925e-09

################################################################################
### Run the optimisation #######################################################
################################################################################

Iteration 1/2500-----
J=2.5e-01, Jf=5.5e-02, ⟨B·n⟩=5.8e-02, Len=sum([5.4, 5.6, 5.2])=16.3, ϰ=[35.6, 6.6, 7.5], ∫ϰ²/L=[16.6, 3.8, 2.8], C-C-Sep=0.07, ║∇J║=9.2e+00
-----On 14/20 Initial Guess Perturbations
Iteration 2/2500-----
J=7.6e+00, Jf=1.9e+00, ⟨B·n⟩=1.1e-01, Len=sum([14.7, 10.6, 5.5])=30.8, ϰ=[2213.5, 62.5, 37.9], ∫ϰ²/L=[558.4, 31.4, 25.1], C-C-Sep=0.02, ║∇J║=4.0e+03
-----On 14/20 Initial Guess Perturbations
Iteration 3/2500-----
J=2.0e-01, Jf=5.5e-02, ⟨B·n⟩=5.8e-02, Len=sum([5.4, 5.6, 5.2])=16.3, ϰ=[36.4, 6.1, 7.6], ∫ϰ²/L=[17.1, 3.7, 2.8], C-C-Sep=0.10, ║∇J║=7.5e+00
-----On 14/20 Initial Guess Perturbations
Iteration 4/2500-----
J=9.2e-02, Jf=5.4e-02, ⟨B·n⟩=5.8e-02, Len=sum([5.4, 5.6, 5.2])=16.3, ϰ=[44.1, 6.9, 8.4], ∫ϰ²/L=[23.3, 4.7, 3.2], C-C-Sep=0.16, ║∇J║=1.3e+00
-----On 14/20 Initial Guess Perturbations
Iteration 5/2500-----
J=8.6e-02, Jf=5.4e-02, ⟨B·n⟩=5.8e-02, Len=sum([5.4, 5.6, 5.3])=16.3, ϰ=[43.6, 7.9, 9.2], ∫ϰ²/L=[24.8, 5.1, 3.4], C-C-Sep=0.18, ║∇J║=8.8e-01
-----On 14/20 Initial Guess Perturbations
Iteration 6/2500-----
J=7.7e-02, Jf=5.3e-02, ⟨B·n⟩=5.8e-02, Len=sum([5.5, 5.6, 5.3])=16.4, ϰ=[38.2, 9.3, 11.4], ∫ϰ²/L=[27.4, 6.5, 4.6], C-C-Sep=0.19, ║∇J║=5.1e-01
-----On 14/20 Initial Guess Perturbations
Iteration 7/2500-----
J=7.2e-02, Jf=5.3e-02, ⟨B·n⟩=5.7e-02, Len=sum([5.6, 5.7, 5.3])=16.5, ϰ=[29.7, 11.7, 12.5], ∫ϰ²/L=[26.4, 10.0, 6.0], C-C-Sep=0.19, ║∇J║=4.7e-01
-----On 14/20 Initial Guess Perturbations
Iteration 8/2500-----
J=7.0e-02, Jf=5.1e-02, ⟨B·n⟩=5.6e-02, Len=sum([5.6, 5.7, 5.3])=16.6, ϰ=[17.1, 15.6, 11.2], ∫ϰ²/L=[30.1, 13.3, 6.7], C-C-Sep=0.19, ║∇J║=6.7e-01
-----On 14/20 Initial Guess Perturbations
Iteration 9/2500-----
J=6.8e-02, Jf=5.1e-02, ⟨B·n⟩=5.6e-02, Len=sum([5.6, 5.7, 5.3])=16.6, ϰ=[19.3, 15.9, 10.6], ∫ϰ²/L=[28.7, 13.5, 6.2], C-C-Sep=0.19, ║∇J║=3.3e-01
-----On 14/20 Initial Guess Perturbations
Iteration 10/2500-----
J=6.6e-02, Jf=5.0e-02, ⟨B·n⟩=5.6e-02, Len=sum([5.6, 5.7, 5.3])=16.6, ϰ=[23.1, 16.1, 9.0], ∫ϰ²/L=[27.1, 14.0, 5.4], C-C-Sep=0.20, ║∇J║=3.0e-01
-----On 14/20 Initial Guess Perturbations
Iteration 11/2500-----
J=6.4e-02, Jf=4.9e-02, ⟨B·n⟩=5.5e-02, Len=sum([5.6, 5.7, 5.3])=16.6, ϰ=[23.9, 16.2, 6.9], ∫ϰ²/L=[23.9, 15.2, 5.2], C-C-Sep=0.19, ║∇J║=3.8e-01
-----On 14/20 Initial Guess Perturbations
Iteration 12/2500-----
J=6.3e-02, Jf=4.6e-02, ⟨B·n⟩=5.3e-02, Len=sum([5.6, 5.8, 5.3])=16.6, ϰ=[21.8, 16.4, 9.5], ∫ϰ²/L=[19.6, 17.8, 7.0], C-C-Sep=0.19, ║∇J║=7.9e-01
-----On 14/20 Initial Guess Perturbations
Iteration 13/2500-----
J=6.0e-02, Jf=4.5e-02, ⟨B·n⟩=5.2e-02, Len=sum([5.6, 5.8, 5.3])=16.6, ϰ=[18.2, 17.0, 9.5], ∫ϰ²/L=[18.6, 18.4, 7.8], C-C-Sep=0.19, ║∇J║=3.3e-01
-----On 14/20 Initial Guess Perturbations
Iteration 14/2500-----
J=5.9e-02, Jf=4.4e-02, ⟨B·n⟩=5.2e-02, Len=sum([5.6, 5.7, 5.3])=16.6, ϰ=[13.5, 17.7, 9.4], ∫ϰ²/L=[18.2, 17.8, 7.6], C-C-Sep=0.20, ║∇J║=2.9e-01
-----On 14/20 Initial Guess Perturbations
Iteration 15/2500-----
J=5.8e-02, Jf=4.2e-02, ⟨B·n⟩=5.1e-02, Len=sum([5.7, 5.7, 5.3])=16.7, ϰ=[11.3, 18.0, 9.5], ∫ϰ²/L=[21.2, 17.0, 7.6], C-C-Sep=0.20, ║∇J║=3.5e-01
-----On 14/20 Initial Guess Perturbations
Iteration 16/2500-----
J=5.6e-02, Jf=4.0e-02, ⟨B·n⟩=4.9e-02, Len=sum([5.7, 5.7, 5.3])=16.7, ϰ=[15.6, 15.1, 7.7], ∫ϰ²/L=[24.5, 13.6, 6.9], C-C-Sep=0.19, ║∇J║=4.5e-01
-----On 14/20 Initial Guess Perturbations
Iteration 17/2500-----
J=5.4e-02, Jf=3.5e-02, ⟨B·n⟩=4.6e-02, Len=sum([5.9, 5.7, 5.3])=16.9, ϰ=[14.6, 16.3, 7.5], ∫ϰ²/L=[29.2, 14.5, 11.1], C-C-Sep=0.18, ║∇J║=8.0e-01
-----On 14/20 Initial Guess Perturbations
Iteration 18/2500-----
J=5.2e-02, Jf=3.6e-02, ⟨B·n⟩=4.6e-02, Len=sum([5.8, 5.7, 5.3])=16.8, ϰ=[12.1, 15.7, 6.4], ∫ϰ²/L=[21.8, 13.6, 9.6], C-C-Sep=0.20, ║∇J║=3.2e-01
-----On 14/20 Initial Guess Perturbations
Iteration 19/2500-----
J=5.0e-02, Jf=3.4e-02, ⟨B·n⟩=4.5e-02, Len=sum([5.9, 5.7, 5.3])=16.9, ϰ=[12.4, 15.3, 7.8], ∫ϰ²/L=[22.8, 14.4, 11.1], C-C-Sep=0.19, ║∇J║=4.3e-01
-----On 14/20 Initial Guess Perturbations
Iteration 20/2500-----
J=4.9e-02, Jf=3.3e-02, ⟨B·n⟩=4.4e-02, Len=sum([5.9, 5.8, 5.3])=17.0, ϰ=[13.4, 14.8, 7.8], ∫ϰ²/L=[23.9, 15.2, 12.6], C-C-Sep=0.19, ║∇J║=3.3e-01
-----On 14/20 Initial Guess Perturbations
Iteration 21/2500-----
J=4.8e-02, Jf=3.1e-02, ⟨B·n⟩=4.3e-02, Len=sum([6.0, 5.8, 5.3])=17.1, ϰ=[14.5, 12.4, 7.6], ∫ϰ²/L=[24.3, 14.8, 13.2], C-C-Sep=0.20, ║∇J║=3.1e-01
-----On 14/20 Initial Guess Perturbations
Iteration 22/2500-----
J=4.6e-02, Jf=2.9e-02, ⟨B·n⟩=4.1e-02, Len=sum([6.1, 5.8, 5.4])=17.3, ϰ=[15.2, 12.0, 8.1], ∫ϰ²/L=[26.1, 15.7, 15.3], C-C-Sep=0.19, ║∇J║=3.8e-01
-----On 14/20 Initial Guess Perturbations
Iteration 23/2500-----
J=4.5e-02, Jf=2.6e-02, ⟨B·n⟩=3.8e-02, Len=sum([6.3, 5.8, 5.4])=17.5, ϰ=[14.7, 10.1, 8.7], ∫ϰ²/L=[26.0, 16.2, 15.4], C-C-Sep=0.20, ║∇J║=6.4e-01
-----On 14/20 Initial Guess Perturbations
Iteration 24/2500-----
J=4.2e-02, Jf=2.5e-02, ⟨B·n⟩=3.8e-02, Len=sum([6.3, 5.8, 5.4])=17.6, ϰ=[13.9, 11.1, 8.1], ∫ϰ²/L=[25.5, 16.8, 14.8], C-C-Sep=0.20, ║∇J║=3.4e-01
-----On 14/20 Initial Guess Perturbations
Iteration 25/2500-----
J=4.1e-02, Jf=2.4e-02, ⟨B·n⟩=3.7e-02, Len=sum([6.4, 5.8, 5.4])=17.6, ϰ=[14.1, 11.0, 7.7], ∫ϰ²/L=[25.3, 17.1, 13.9], C-C-Sep=0.19, ║∇J║=3.1e-01
-----On 14/20 Initial Guess Perturbations
Iteration 26/2500-----
J=4.0e-02, Jf=2.3e-02, ⟨B·n⟩=3.6e-02, Len=sum([6.4, 5.8, 5.4])=17.7, ϰ=[14.4, 11.5, 8.3], ∫ϰ²/L=[26.0, 18.1, 13.9], C-C-Sep=0.19, ║∇J║=3.5e-01
-----On 14/20 Initial Guess Perturbations
Iteration 27/2500-----
J=3.8e-02, Jf=2.1e-02, ⟨B·n⟩=3.4e-02, Len=sum([6.7, 5.9, 5.5])=18.1, ϰ=[13.3, 14.1, 12.0], ∫ϰ²/L=[29.8, 22.4, 17.8], C-C-Sep=0.19, ║∇J║=4.9e-01
-----On 14/20 Initial Guess Perturbations
Iteration 28/2500-----
J=3.7e-02, Jf=2.0e-02, ⟨B·n⟩=3.3e-02, Len=sum([6.8, 5.9, 5.5])=18.2, ϰ=[12.1, 15.3, 11.9], ∫ϰ²/L=[30.7, 22.6, 19.5], C-C-Sep=0.19, ║∇J║=2.9e-01
-----On 14/20 Initial Guess Perturbations
Iteration 29/2500-----
J=3.6e-02, Jf=1.9e-02, ⟨B·n⟩=3.3e-02, Len=sum([6.8, 5.9, 5.5])=18.3, ϰ=[12.4, 14.4, 11.9], ∫ϰ²/L=[29.9, 21.2, 19.2], C-C-Sep=0.19, ║∇J║=2.5e-01
-----On 14/20 Initial Guess Perturbations
Iteration 30/2500-----
J=3.5e-02, Jf=1.8e-02, ⟨B·n⟩=3.2e-02, Len=sum([7.0, 5.9, 5.5])=18.5, ϰ=[12.8, 12.1, 12.2], ∫ϰ²/L=[30.5, 19.3, 19.4], C-C-Sep=0.19, ║∇J║=2.8e-01
-----On 14/20 Initial Guess Perturbations
Iteration 31/2500-----
J=3.4e-02, Jf=1.7e-02, ⟨B·n⟩=3.1e-02, Len=sum([7.2, 6.0, 5.6])=18.8, ϰ=[11.6, 11.0, 12.4], ∫ϰ²/L=[31.4, 18.8, 19.8], C-C-Sep=0.19, ║∇J║=3.6e-01
-----On 14/20 Initial Guess Perturbations
Iteration 32/2500-----
J=3.3e-02, Jf=1.7e-02, ⟨B·n⟩=3.1e-02, Len=sum([7.2, 6.0, 5.6])=18.8, ϰ=[10.8, 10.9, 11.5], ∫ϰ²/L=[30.8, 18.0, 18.6], C-C-Sep=0.20, ║∇J║=2.0e-01
-----On 14/20 Initial Guess Perturbations
Iteration 33/2500-----
J=3.3e-02, Jf=1.6e-02, ⟨B·n⟩=3.0e-02, Len=sum([7.3, 6.0, 5.6])=19.0, ϰ=[10.9, 11.3, 10.5], ∫ϰ²/L=[30.5, 18.3, 18.0], C-C-Sep=0.20, ║∇J║=1.9e-01
-----On 14/20 Initial Guess Perturbations
Iteration 34/2500-----
J=3.2e-02, Jf=1.6e-02, ⟨B·n⟩=3.0e-02, Len=sum([7.3, 6.0, 5.6])=18.9, ϰ=[11.1, 11.2, 10.2], ∫ϰ²/L=[29.9, 17.3, 16.0], C-C-Sep=0.19, ║∇J║=2.0e-01
-----On 14/20 Initial Guess Perturbations
Iteration 35/2500-----
J=3.2e-02, Jf=1.5e-02, ⟨B·n⟩=3.0e-02, Len=sum([7.4, 6.0, 5.6])=19.1, ϰ=[11.4, 11.7, 10.3], ∫ϰ²/L=[28.9, 17.1, 14.5], C-C-Sep=0.19, ║∇J║=2.4e-01
-----On 14/20 Initial Guess Perturbations
Iteration 36/2500-----
J=3.1e-02, Jf=1.5e-02, ⟨B·n⟩=2.9e-02, Len=sum([7.4, 6.0, 5.6])=19.0, ϰ=[10.9, 11.1, 9.5], ∫ϰ²/L=[27.9, 16.4, 13.3], C-C-Sep=0.20, ║∇J║=1.7e-01
-----On 14/20 Initial Guess Perturbations
Iteration 37/2500-----
J=3.1e-02, Jf=1.5e-02, ⟨B·n⟩=2.9e-02, Len=sum([7.4, 6.0, 5.6])=19.1, ϰ=[11.1, 10.4, 9.1], ∫ϰ²/L=[27.5, 16.1, 13.1], C-C-Sep=0.20, ║∇J║=1.4e-01
-----On 14/20 Initial Guess Perturbations
Iteration 38/2500-----
J=3.1e-02, Jf=1.5e-02, ⟨B·n⟩=2.9e-02, Len=sum([7.4, 6.0, 5.6])=19.1, ϰ=[11.0, 10.2, 8.5], ∫ϰ²/L=[26.9, 15.7, 12.6], C-C-Sep=0.20, ║∇J║=1.4e-01
-----On 14/20 Initial Guess Perturbations
Iteration 39/2500-----
J=3.0e-02, Jf=1.4e-02, ⟨B·n⟩=2.8e-02, Len=sum([7.5, 6.1, 5.6])=19.2, ϰ=[10.4, 12.0, 8.4], ∫ϰ²/L=[26.4, 15.7, 12.4], C-C-Sep=0.19, ║∇J║=2.7e-01
-----On 14/20 Initial Guess Perturbations
Iteration 40/2500-----
J=3.0e-02, Jf=1.4e-02, ⟨B·n⟩=2.7e-02, Len=sum([7.5, 6.0, 5.6])=19.2, ϰ=[10.1, 11.9, 8.3], ∫ϰ²/L=[26.4, 15.4, 12.2], C-C-Sep=0.19, ║∇J║=1.7e-01
-----On 14/20 Initial Guess Perturbations
Iteration 41/2500-----
J=2.9e-02, Jf=1.4e-02, ⟨B·n⟩=2.7e-02, Len=sum([7.4, 6.0, 5.6])=19.1, ϰ=[10.4, 11.2, 7.7], ∫ϰ²/L=[26.2, 14.4, 11.3], C-C-Sep=0.19, ║∇J║=1.4e-01
-----On 14/20 Initial Guess Perturbations
Iteration 42/2500-----
J=2.9e-02, Jf=1.3e-02, ⟨B·n⟩=2.6e-02, Len=sum([7.5, 6.1, 5.7])=19.2, ϰ=[10.2, 10.3, 7.1], ∫ϰ²/L=[26.8, 14.3, 12.2], C-C-Sep=0.19, ║∇J║=2.2e-01
-----On 14/20 Initial Guess Perturbations
Iteration 43/2500-----
J=2.9e-02, Jf=1.2e-02, ⟨B·n⟩=2.6e-02, Len=sum([7.5, 6.0, 5.7])=19.2, ϰ=[10.5, 11.7, 6.9], ∫ϰ²/L=[26.5, 13.8, 12.8], C-C-Sep=0.19, ║∇J║=2.2e-01
-----On 14/20 Initial Guess Perturbations
Iteration 44/2500-----
J=2.8e-02, Jf=1.2e-02, ⟨B·n⟩=2.5e-02, Len=sum([7.5, 6.0, 5.7])=19.2, ϰ=[10.0, 11.5, 7.1], ∫ϰ²/L=[25.2, 13.2, 12.2], C-C-Sep=0.19, ║∇J║=1.4e-01
-----On 14/20 Initial Guess Perturbations
Iteration 45/2500-----
J=2.8e-02, Jf=1.2e-02, ⟨B·n⟩=2.5e-02, Len=sum([7.5, 6.1, 5.7])=19.3, ϰ=[9.9, 11.0, 7.0], ∫ϰ²/L=[24.3, 13.2, 12.8], C-C-Sep=0.19, ║∇J║=1.7e-01
-----On 14/20 Initial Guess Perturbations
Iteration 46/2500-----
J=2.8e-02, Jf=1.1e-02, ⟨B·n⟩=2.5e-02, Len=sum([7.5, 6.1, 5.7])=19.4, ϰ=[10.4, 11.0, 7.3], ∫ϰ²/L=[23.1, 13.2, 13.3], C-C-Sep=0.20, ║∇J║=1.7e-01
-----On 14/20 Initial Guess Perturbations
Iteration 47/2500-----
J=2.7e-02, Jf=1.1e-02, ⟨B·n⟩=2.4e-02, Len=sum([7.6, 6.1, 5.8])=19.5, ϰ=[9.6, 11.3, 8.1], ∫ϰ²/L=[22.9, 14.1, 16.0], C-C-Sep=0.19, ║∇J║=2.2e-01
-----On 14/20 Initial Guess Perturbations
Iteration 48/2500-----
J=2.7e-02, Jf=1.0e-02, ⟨B·n⟩=2.3e-02, Len=sum([7.5, 6.1, 5.8])=19.4, ϰ=[9.1, 11.0, 8.1], ∫ϰ²/L=[22.6, 14.1, 16.4], C-C-Sep=0.19, ║∇J║=1.4e-01
-----On 14/20 Initial Guess Perturbations
Iteration 49/2500-----
J=2.6e-02, Jf=9.9e-03, ⟨B·n⟩=2.3e-02, Len=sum([7.6, 6.1, 5.8])=19.5, ϰ=[9.2, 11.2, 8.3], ∫ϰ²/L=[22.7, 14.9, 17.3], C-C-Sep=0.19, ║∇J║=2.3e-01
-----On 14/20 Initial Guess Perturbations
Iteration 50/2500-----
J=2.6e-02, Jf=1.0e-02, ⟨B·n⟩=2.3e-02, Len=sum([7.5, 6.1, 5.8])=19.5, ϰ=[8.9, 10.7, 7.5], ∫ϰ²/L=[22.0, 13.5, 14.5], C-C-Sep=0.20, ║∇J║=2.2e-01
-----On 14/20 Initial Guess Perturbations
Iteration 51/2500-----
J=2.6e-02, Jf=9.8e-03, ⟨B·n⟩=2.2e-02, Len=sum([7.5, 6.1, 5.8])=19.5, ϰ=[8.6, 10.1, 7.6], ∫ϰ²/L=[21.6, 13.4, 14.4], C-C-Sep=0.20, ║∇J║=1.5e-01
-----On 14/20 Initial Guess Perturbations
Iteration 52/2500-----
J=2.6e-02, Jf=9.5e-03, ⟨B·n⟩=2.2e-02, Len=sum([7.6, 6.1, 5.8])=19.5, ϰ=[8.6, 9.9, 7.9], ∫ϰ²/L=[21.5, 13.6, 14.6], C-C-Sep=0.19, ║∇J║=1.3e-01
-----On 14/20 Initial Guess Perturbations
Iteration 53/2500-----
J=2.5e-02, Jf=9.2e-03, ⟨B·n⟩=2.2e-02, Len=sum([7.6, 6.1, 5.9])=19.5, ϰ=[8.4, 10.3, 8.1], ∫ϰ²/L=[20.9, 13.2, 14.3], C-C-Sep=0.19, ║∇J║=1.6e-01
-----On 14/20 Initial Guess Perturbations
Iteration 54/2500-----
J=2.5e-02, Jf=8.6e-03, ⟨B·n⟩=2.1e-02, Len=sum([7.6, 6.2, 5.9])=19.7, ϰ=[8.9, 10.3, 8.1], ∫ϰ²/L=[21.0, 13.8, 14.6], C-C-Sep=0.19, ║∇J║=2.4e-01
-----On 14/20 Initial Guess Perturbations
Iteration 55/2500-----
J=2.5e-02, Jf=8.2e-03, ⟨B·n⟩=2.0e-02, Len=sum([7.6, 6.2, 5.9])=19.7, ϰ=[10.1, 9.6, 8.2], ∫ϰ²/L=[21.5, 14.5, 15.4], C-C-Sep=0.19, ║∇J║=2.3e-01
-----On 14/20 Initial Guess Perturbations
Iteration 56/2500-----
J=2.4e-02, Jf=8.1e-03, ⟨B·n⟩=2.0e-02, Len=sum([7.6, 6.2, 5.9])=19.7, ϰ=[9.5, 9.1, 8.0], ∫ϰ²/L=[21.2, 14.0, 15.0], C-C-Sep=0.19, ║∇J║=1.5e-01
-----On 14/20 Initial Guess Perturbations
Iteration 57/2500-----
J=2.4e-02, Jf=8.0e-03, ⟨B·n⟩=2.0e-02, Len=sum([7.6, 6.2, 5.9])=19.7, ϰ=[9.0, 9.2, 8.1], ∫ϰ²/L=[20.6, 13.6, 14.6], C-C-Sep=0.20, ║∇J║=1.1e-01
-----On 14/20 Initial Guess Perturbations
Iteration 58/2500-----
J=2.4e-02, Jf=7.5e-03, ⟨B·n⟩=2.0e-02, Len=sum([7.7, 6.2, 6.0])=19.9, ϰ=[8.8, 8.9, 8.7], ∫ϰ²/L=[20.5, 14.0, 15.1], C-C-Sep=0.19, ║∇J║=1.8e-01
-----On 14/20 Initial Guess Perturbations
Iteration 59/2500-----
J=2.4e-02, Jf=7.3e-03, ⟨B·n⟩=1.9e-02, Len=sum([7.6, 6.2, 6.0])=19.8, ϰ=[8.6, 9.1, 10.3], ∫ϰ²/L=[20.0, 14.0, 15.2], C-C-Sep=0.19, ║∇J║=2.1e-01
-----On 14/20 Initial Guess Perturbations
Iteration 60/2500-----
J=2.4e-02, Jf=7.0e-03, ⟨B·n⟩=1.9e-02, Len=sum([7.7, 6.2, 6.0])=19.9, ϰ=[8.6, 8.9, 10.1], ∫ϰ²/L=[19.9, 14.2, 15.4], C-C-Sep=0.20, ║∇J║=1.5e-01
-----On 14/20 Initial Guess Perturbations
Iteration 61/2500-----
J=2.3e-02, Jf=6.9e-03, ⟨B·n⟩=1.9e-02, Len=sum([7.7, 6.2, 6.0])=19.9, ϰ=[8.5, 8.9, 9.6], ∫ϰ²/L=[19.8, 14.0, 15.2], C-C-Sep=0.20, ║∇J║=1.1e-01
-----On 14/20 Initial Guess Perturbations
Iteration 62/2500-----
J=2.3e-02, Jf=6.7e-03, ⟨B·n⟩=1.9e-02, Len=sum([7.7, 6.2, 6.0])=19.9, ϰ=[8.7, 9.1, 9.0], ∫ϰ²/L=[19.5, 13.7, 15.0], C-C-Sep=0.20, ║∇J║=1.2e-01
-----On 14/20 Initial Guess Perturbations
Iteration 63/2500-----
J=2.3e-02, Jf=6.3e-03, ⟨B·n⟩=1.9e-02, Len=sum([7.7, 6.2, 6.1])=20.0, ϰ=[9.6, 8.8, 9.1], ∫ϰ²/L=[19.5, 13.6, 15.2], C-C-Sep=0.19, ║∇J║=1.7e-01
-----On 14/20 Initial Guess Perturbations
Iteration 64/2500-----
J=2.3e-02, Jf=6.1e-03, ⟨B·n⟩=1.8e-02, Len=sum([7.6, 6.2, 6.1])=19.9, ϰ=[10.2, 8.6, 8.8], ∫ϰ²/L=[19.2, 12.9, 14.7], C-C-Sep=0.20, ║∇J║=1.5e-01
-----On 14/20 Initial Guess Perturbations
Iteration 65/2500-----
J=2.2e-02, Jf=5.9e-03, ⟨B·n⟩=1.8e-02, Len=sum([7.6, 6.2, 6.1])=20.0, ϰ=[10.1, 8.8, 8.5], ∫ϰ²/L=[19.1, 13.1, 14.3], C-C-Sep=0.20, ║∇J║=1.3e-01
-----On 14/20 Initial Guess Perturbations
Iteration 66/2500-----
J=2.2e-02, Jf=5.8e-03, ⟨B·n⟩=1.8e-02, Len=sum([7.6, 6.2, 6.1])=20.0, ϰ=[9.6, 8.8, 8.4], ∫ϰ²/L=[18.3, 12.7, 13.6], C-C-Sep=0.20, ║∇J║=1.0e-01
-----On 14/20 Initial Guess Perturbations
Iteration 67/2500-----
J=2.2e-02, Jf=5.5e-03, ⟨B·n⟩=1.8e-02, Len=sum([7.6, 6.3, 6.2])=20.1, ϰ=[9.3, 9.1, 8.0], ∫ϰ²/L=[18.3, 12.9, 13.6], C-C-Sep=0.19, ║∇J║=1.5e-01
-----On 14/20 Initial Guess Perturbations
Iteration 68/2500-----
J=2.2e-02, Jf=5.4e-03, ⟨B·n⟩=1.8e-02, Len=sum([7.6, 6.3, 6.2])=20.0, ϰ=[9.2, 9.4, 7.1], ∫ϰ²/L=[17.2, 12.2, 12.9], C-C-Sep=0.20, ║∇J║=1.4e-01
-----On 14/20 Initial Guess Perturbations
Iteration 69/2500-----
J=2.2e-02, Jf=5.3e-03, ⟨B·n⟩=1.7e-02, Len=sum([7.6, 6.2, 6.1])=19.9, ϰ=[9.0, 9.4, 6.6], ∫ϰ²/L=[16.5, 11.9, 12.4], C-C-Sep=0.19, ║∇J║=1.3e-01
-----On 14/20 Initial Guess Perturbations
Iteration 70/2500-----
J=2.1e-02, Jf=5.3e-03, ⟨B·n⟩=1.7e-02, Len=sum([7.5, 6.2, 6.1])=19.9, ϰ=[8.7, 9.4, 6.7], ∫ϰ²/L=[16.0, 11.7, 12.0], C-C-Sep=0.20, ║∇J║=9.8e-02
-----On 14/20 Initial Guess Perturbations
Iteration 71/2500-----
J=2.1e-02, Jf=5.0e-03, ⟨B·n⟩=1.7e-02, Len=sum([7.5, 6.2, 6.1])=19.8, ϰ=[8.7, 9.8, 7.0], ∫ϰ²/L=[16.1, 12.4, 12.5], C-C-Sep=0.19, ║∇J║=2.0e-01
-----On 14/20 Initial Guess Perturbations
Iteration 72/2500-----
J=2.1e-02, Jf=5.0e-03, ⟨B·n⟩=1.7e-02, Len=sum([7.4, 6.2, 6.1])=19.7, ϰ=[8.5, 9.4, 7.2], ∫ϰ²/L=[15.3, 11.9, 12.0], C-C-Sep=0.19, ║∇J║=1.7e-01
-----On 14/20 Initial Guess Perturbations
Iteration 73/2500-----
J=2.1e-02, Jf=5.0e-03, ⟨B·n⟩=1.7e-02, Len=sum([7.4, 6.2, 6.1])=19.7, ϰ=[8.5, 9.6, 6.6], ∫ϰ²/L=[15.2, 11.7, 11.7], C-C-Sep=0.20, ║∇J║=1.1e-01
-----On 14/20 Initial Guess Perturbations
Iteration 74/2500-----
J=2.1e-02, Jf=4.8e-03, ⟨B·n⟩=1.6e-02, Len=sum([7.4, 6.2, 6.1])=19.7, ϰ=[8.3, 9.8, 6.6], ∫ϰ²/L=[15.0, 12.0, 12.0], C-C-Sep=0.19, ║∇J║=9.2e-02
-----On 14/20 Initial Guess Perturbations
Iteration 75/2500-----
J=2.1e-02, Jf=4.3e-03, ⟨B·n⟩=1.6e-02, Len=sum([7.4, 6.3, 6.2])=19.8, ϰ=[8.1, 10.2, 7.3], ∫ϰ²/L=[15.1, 13.3, 13.5], C-C-Sep=0.19, ║∇J║=1.4e-01
-----On 14/20 Initial Guess Perturbations
Iteration 76/2500-----
J=2.0e-02, Jf=4.2e-03, ⟨B·n⟩=1.5e-02, Len=sum([7.4, 6.3, 6.2])=19.8, ϰ=[7.8, 10.2, 7.5], ∫ϰ²/L=[15.1, 13.7, 14.0], C-C-Sep=0.19, ║∇J║=1.4e-01
-----On 14/20 Initial Guess Perturbations
Iteration 77/2500-----
J=2.0e-02, Jf=4.1e-03, ⟨B·n⟩=1.5e-02, Len=sum([7.3, 6.2, 6.2])=19.8, ϰ=[7.5, 10.2, 8.1], ∫ϰ²/L=[14.6, 13.3, 13.5], C-C-Sep=0.20, ║∇J║=1.1e-01
-----On 14/20 Initial Guess Perturbations
Iteration 78/2500-----
J=2.0e-02, Jf=3.7e-03, ⟨B·n⟩=1.5e-02, Len=sum([7.3, 6.3, 6.2])=19.7, ϰ=[7.0, 10.5, 9.5], ∫ϰ²/L=[15.2, 14.4, 14.8], C-C-Sep=0.20, ║∇J║=1.5e-01
-----On 14/20 Initial Guess Perturbations
Iteration 79/2500-----
J=2.0e-02, Jf=3.6e-03, ⟨B·n⟩=1.4e-02, Len=sum([7.3, 6.2, 6.2])=19.7, ϰ=[7.0, 10.1, 9.1], ∫ϰ²/L=[14.9, 14.1, 14.4], C-C-Sep=0.20, ║∇J║=1.1e-01
-----On 14/20 Initial Guess Perturbations
Iteration 80/2500-----
J=2.0e-02, Jf=3.5e-03, ⟨B·n⟩=1.4e-02, Len=sum([7.2, 6.2, 6.2])=19.6, ϰ=[7.0, 10.2, 8.7], ∫ϰ²/L=[14.5, 13.8, 14.2], C-C-Sep=0.20, ║∇J║=9.7e-02
-----On 14/20 Initial Guess Perturbations
Iteration 81/2500-----
J=1.9e-02, Jf=3.3e-03, ⟨B·n⟩=1.4e-02, Len=sum([7.2, 6.2, 6.2])=19.6, ϰ=[7.2, 10.1, 9.4], ∫ϰ²/L=[14.7, 14.0, 14.7], C-C-Sep=0.19, ║∇J║=1.3e-01
-----On 14/20 Initial Guess Perturbations
Iteration 82/2500-----
J=1.9e-02, Jf=3.3e-03, ⟨B·n⟩=1.4e-02, Len=sum([7.1, 6.2, 6.2])=19.5, ϰ=[7.2, 10.1, 9.7], ∫ϰ²/L=[14.3, 13.4, 14.5], C-C-Sep=0.19, ║∇J║=9.5e-02
-----On 14/20 Initial Guess Perturbations
Iteration 83/2500-----
J=1.9e-02, Jf=3.1e-03, ⟨B·n⟩=1.3e-02, Len=sum([7.1, 6.2, 6.2])=19.5, ϰ=[7.3, 9.9, 9.7], ∫ϰ²/L=[15.0, 13.5, 15.1], C-C-Sep=0.19, ║∇J║=1.2e-01
-----On 14/20 Initial Guess Perturbations
Iteration 84/2500-----
J=1.9e-02, Jf=3.0e-03, ⟨B·n⟩=1.3e-02, Len=sum([7.1, 6.2, 6.2])=19.4, ϰ=[7.3, 10.1, 9.1], ∫ϰ²/L=[13.7, 11.8, 14.1], C-C-Sep=0.20, ║∇J║=1.8e-01
-----On 14/20 Initial Guess Perturbations
Iteration 85/2500-----
J=1.9e-02, Jf=3.0e-03, ⟨B·n⟩=1.3e-02, Len=sum([7.1, 6.2, 6.2])=19.4, ϰ=[7.5, 9.9, 8.9], ∫ϰ²/L=[14.0, 12.0, 14.2], C-C-Sep=0.20, ║∇J║=1.2e-01
-----On 14/20 Initial Guess Perturbations
Iteration 86/2500-----
J=1.9e-02, Jf=3.0e-03, ⟨B·n⟩=1.3e-02, Len=sum([7.1, 6.2, 6.2])=19.4, ϰ=[7.4, 9.9, 8.5], ∫ϰ²/L=[14.0, 12.2, 14.2], C-C-Sep=0.20, ║∇J║=6.9e-02
-----On 14/20 Initial Guess Perturbations
Iteration 87/2500-----
J=1.9e-02, Jf=2.9e-03, ⟨B·n⟩=1.3e-02, Len=sum([7.0, 6.2, 6.2])=19.4, ϰ=[7.5, 9.9, 8.5], ∫ϰ²/L=[14.4, 12.3, 14.6], C-C-Sep=0.20, ║∇J║=6.7e-02
-----On 14/20 Initial Guess Perturbations
Iteration 88/2500-----
J=1.8e-02, Jf=2.7e-03, ⟨B·n⟩=1.2e-02, Len=sum([7.0, 6.1, 6.2])=19.3, ϰ=[7.5, 9.4, 9.4], ∫ϰ²/L=[14.5, 12.1, 14.7], C-C-Sep=0.20, ║∇J║=1.3e-01
-----On 14/20 Initial Guess Perturbations
Iteration 89/2500-----
J=1.8e-02, Jf=2.7e-03, ⟨B·n⟩=1.2e-02, Len=sum([6.9, 6.1, 6.2])=19.2, ϰ=[7.4, 9.7, 9.4], ∫ϰ²/L=[14.1, 11.7, 14.4], C-C-Sep=0.19, ║∇J║=1.3e-01
-----On 14/20 Initial Guess Perturbations
Iteration 90/2500-----
J=1.8e-02, Jf=2.6e-03, ⟨B·n⟩=1.2e-02, Len=sum([6.9, 6.1, 6.2])=19.2, ϰ=[7.3, 9.4, 9.1], ∫ϰ²/L=[13.8, 11.8, 14.3], C-C-Sep=0.20, ║∇J║=1.0e-01
-----On 14/20 Initial Guess Perturbations
Iteration 91/2500-----
J=1.8e-02, Jf=2.6e-03, ⟨B·n⟩=1.2e-02, Len=sum([6.9, 6.1, 6.2])=19.1, ϰ=[7.1, 9.4, 8.8], ∫ϰ²/L=[13.4, 11.7, 14.0], C-C-Sep=0.20, ║∇J║=6.7e-02
-----On 14/20 Initial Guess Perturbations
Iteration 92/2500-----
J=1.8e-02, Jf=2.6e-03, ⟨B·n⟩=1.2e-02, Len=sum([6.8, 6.1, 6.1])=19.1, ϰ=[7.0, 9.5, 8.3], ∫ϰ²/L=[13.2, 12.0, 14.1], C-C-Sep=0.20, ║∇J║=7.2e-02
-----On 14/20 Initial Guess Perturbations
Iteration 93/2500-----
J=1.8e-02, Jf=2.5e-03, ⟨B·n⟩=1.2e-02, Len=sum([6.8, 6.1, 6.1])=19.0, ϰ=[7.0, 9.3, 9.1], ∫ϰ²/L=[12.9, 12.2, 14.2], C-C-Sep=0.20, ║∇J║=1.0e-01
-----On 14/20 Initial Guess Perturbations
Iteration 94/2500-----
J=1.8e-02, Jf=2.4e-03, ⟨B·n⟩=1.2e-02, Len=sum([6.7, 6.1, 6.1])=19.0, ϰ=[6.8, 9.3, 9.8], ∫ϰ²/L=[12.8, 12.4, 14.5], C-C-Sep=0.20, ║∇J║=8.1e-02
-----On 14/20 Initial Guess Perturbations
Iteration 95/2500-----
J=1.8e-02, Jf=2.4e-03, ⟨B·n⟩=1.1e-02, Len=sum([6.7, 6.1, 6.1])=18.9, ϰ=[6.7, 9.3, 9.6], ∫ϰ²/L=[12.4, 12.3, 14.4], C-C-Sep=0.20, ║∇J║=7.4e-02
-----On 14/20 Initial Guess Perturbations
Iteration 96/2500-----
J=1.8e-02, Jf=2.3e-03, ⟨B·n⟩=1.1e-02, Len=sum([6.7, 6.1, 6.1])=18.8, ϰ=[6.7, 9.2, 9.1], ∫ϰ²/L=[11.8, 11.9, 13.8], C-C-Sep=0.20, ║∇J║=8.4e-02
-----On 14/20 Initial Guess Perturbations
Iteration 97/2500-----
J=1.8e-02, Jf=2.3e-03, ⟨B·n⟩=1.1e-02, Len=sum([6.6, 6.0, 6.1])=18.8, ϰ=[6.9, 9.0, 8.4], ∫ϰ²/L=[11.4, 11.6, 13.5], C-C-Sep=0.20, ║∇J║=7.6e-02
-----On 14/20 Initial Guess Perturbations
Iteration 98/2500-----
J=1.7e-02, Jf=2.2e-03, ⟨B·n⟩=1.1e-02, Len=sum([6.6, 6.0, 6.1])=18.8, ϰ=[6.9, 8.6, 7.4], ∫ϰ²/L=[11.0, 11.4, 13.3], C-C-Sep=0.20, ║∇J║=6.9e-02
-----On 14/20 Initial Guess Perturbations
Iteration 99/2500-----
J=1.7e-02, Jf=2.1e-03, ⟨B·n⟩=1.1e-02, Len=sum([6.6, 6.0, 6.1])=18.7, ϰ=[6.9, 8.0, 6.8], ∫ϰ²/L=[11.0, 11.6, 13.5], C-C-Sep=0.20, ║∇J║=8.7e-02
-----On 14/20 Initial Guess Perturbations
Iteration 100/2500-----
J=1.7e-02, Jf=2.1e-03, ⟨B·n⟩=1.1e-02, Len=sum([6.6, 6.0, 6.1])=18.7, ϰ=[6.8, 7.9, 6.9], ∫ϰ²/L=[10.8, 11.6, 13.3], C-C-Sep=0.20, ║∇J║=6.7e-02
-----On 14/20 Initial Guess Perturbations
Iteration 101/2500-----
J=1.7e-02, Jf=2.1e-03, ⟨B·n⟩=1.1e-02, Len=sum([6.5, 6.0, 6.1])=18.7, ϰ=[6.5, 7.8, 7.2], ∫ϰ²/L=[10.7, 11.6, 13.1], C-C-Sep=0.20, ║∇J║=6.3e-02
-----On 14/20 Initial Guess Perturbations
Iteration 102/2500-----
J=1.7e-02, Jf=2.0e-03, ⟨B·n⟩=1.1e-02, Len=sum([6.5, 6.0, 6.1])=18.6, ϰ=[6.4, 7.6, 7.5], ∫ϰ²/L=[10.2, 11.4, 12.6], C-C-Sep=0.20, ║∇J║=7.7e-02
-----On 14/20 Initial Guess Perturbations
Iteration 103/2500-----
J=1.7e-02, Jf=2.0e-03, ⟨B·n⟩=1.1e-02, Len=sum([6.5, 6.0, 6.1])=18.6, ϰ=[7.2, 7.4, 7.8], ∫ϰ²/L=[10.6, 11.6, 12.6], C-C-Sep=0.20, ║∇J║=8.7e-02
-----On 14/20 Initial Guess Perturbations
Iteration 104/2500-----
J=1.7e-02, Jf=1.9e-03, ⟨B·n⟩=1.0e-02, Len=sum([6.5, 6.0, 6.1])=18.6, ϰ=[7.0, 7.4, 7.7], ∫ϰ²/L=[10.5, 11.4, 12.4], C-C-Sep=0.20, ║∇J║=6.9e-02
-----On 14/20 Initial Guess Perturbations
Iteration 105/2500-----
J=1.7e-02, Jf=1.9e-03, ⟨B·n⟩=1.0e-02, Len=sum([6.4, 6.0, 6.1])=18.5, ϰ=[7.1, 7.5, 7.6], ∫ϰ²/L=[10.8, 11.3, 12.4], C-C-Sep=0.20, ║∇J║=6.7e-02
-----On 14/20 Initial Guess Perturbations
Iteration 106/2500-----
J=1.7e-02, Jf=1.9e-03, ⟨B·n⟩=1.0e-02, Len=sum([6.4, 6.0, 6.1])=18.5, ϰ=[6.8, 7.6, 7.7], ∫ϰ²/L=[11.0, 11.2, 12.3], C-C-Sep=0.20, ║∇J║=6.0e-02
-----On 14/20 Initial Guess Perturbations
Iteration 107/2500-----
J=1.7e-02, Jf=1.9e-03, ⟨B·n⟩=1.0e-02, Len=sum([6.4, 5.9, 6.1])=18.4, ϰ=[7.1, 7.3, 8.0], ∫ϰ²/L=[11.6, 11.5, 12.7], C-C-Sep=0.20, ║∇J║=8.3e-02
-----On 14/20 Initial Guess Perturbations
Iteration 108/2500-----
J=1.7e-02, Jf=1.8e-03, ⟨B·n⟩=1.0e-02, Len=sum([6.4, 5.9, 6.1])=18.3, ϰ=[6.9, 7.3, 7.9], ∫ϰ²/L=[11.4, 11.8, 12.7], C-C-Sep=0.20, ║∇J║=7.9e-02
-----On 14/20 Initial Guess Perturbations
Iteration 109/2500-----
J=1.7e-02, Jf=1.8e-03, ⟨B·n⟩=1.0e-02, Len=sum([6.4, 5.9, 6.1])=18.3, ϰ=[6.6, 7.1, 7.8], ∫ϰ²/L=[10.5, 11.5, 12.6], C-C-Sep=0.20, ║∇J║=7.0e-02
-----On 14/20 Initial Guess Perturbations
Iteration 110/2500-----
J=1.7e-02, Jf=1.8e-03, ⟨B·n⟩=1.0e-02, Len=sum([6.4, 5.9, 6.1])=18.3, ϰ=[6.5, 7.4, 7.7], ∫ϰ²/L=[10.6, 11.6, 12.6], C-C-Sep=0.20, ║∇J║=7.9e-02
-----On 14/20 Initial Guess Perturbations
Iteration 111/2500-----
J=1.7e-02, Jf=1.8e-03, ⟨B·n⟩=1.0e-02, Len=sum([6.3, 5.9, 6.1])=18.3, ϰ=[6.3, 7.6, 7.7], ∫ϰ²/L=[10.1, 11.4, 12.5], C-C-Sep=0.20, ║∇J║=5.2e-02
-----On 14/20 Initial Guess Perturbations
Iteration 112/2500-----
J=1.6e-02, Jf=1.7e-03, ⟨B·n⟩=1.0e-02, Len=sum([6.3, 5.9, 6.0])=18.3, ϰ=[6.0, 7.9, 7.8], ∫ϰ²/L=[9.6, 11.4, 12.5], C-C-Sep=0.20, ║∇J║=5.8e-02
-----On 14/20 Initial Guess Perturbations
Iteration 113/2500-----
J=1.6e-02, Jf=1.7e-03, ⟨B·n⟩=9.9e-03, Len=sum([6.3, 5.9, 6.0])=18.2, ϰ=[5.8, 8.2, 7.8], ∫ϰ²/L=[9.2, 11.5, 12.5], C-C-Sep=0.20, ║∇J║=7.3e-02
-----On 14/20 Initial Guess Perturbations
Iteration 114/2500-----
J=1.6e-02, Jf=1.7e-03, ⟨B·n⟩=9.7e-03, Len=sum([6.3, 5.9, 6.0])=18.1, ϰ=[5.7, 8.6, 8.3], ∫ϰ²/L=[9.0, 11.9, 12.8], C-C-Sep=0.20, ║∇J║=8.3e-02
-----On 14/20 Initial Guess Perturbations
Iteration 115/2500-----
J=1.6e-02, Jf=1.6e-03, ⟨B·n⟩=9.6e-03, Len=sum([6.2, 5.9, 6.0])=18.1, ϰ=[6.2, 9.1, 9.1], ∫ϰ²/L=[10.4, 13.2, 13.9], C-C-Sep=0.19, ║∇J║=1.4e-01
-----On 14/20 Initial Guess Perturbations
Iteration 116/2500-----
J=1.6e-02, Jf=1.6e-03, ⟨B·n⟩=9.6e-03, Len=sum([6.3, 5.9, 6.0])=18.1, ϰ=[5.9, 8.9, 8.6], ∫ϰ²/L=[9.6, 12.5, 13.2], C-C-Sep=0.19, ║∇J║=7.7e-02
-----On 14/20 Initial Guess Perturbations
Iteration 117/2500-----
J=1.6e-02, Jf=1.6e-03, ⟨B·n⟩=9.6e-03, Len=sum([6.2, 5.8, 6.0])=18.1, ϰ=[6.3, 9.2, 9.5], ∫ϰ²/L=[10.2, 12.6, 13.5], C-C-Sep=0.19, ║∇J║=1.8e-01
-----On 14/20 Initial Guess Perturbations
Iteration 118/2500-----
J=1.6e-02, Jf=1.6e-03, ⟨B·n⟩=9.6e-03, Len=sum([6.3, 5.8, 6.0])=18.1, ϰ=[6.0, 8.9, 9.0], ∫ϰ²/L=[9.7, 12.4, 13.2], C-C-Sep=0.19, ║∇J║=7.6e-02
-----On 14/20 Initial Guess Perturbations
Iteration 119/2500-----
J=1.6e-02, Jf=1.6e-03, ⟨B·n⟩=9.6e-03, Len=sum([6.2, 5.8, 6.0])=18.1, ϰ=[5.8, 9.0, 8.6], ∫ϰ²/L=[9.5, 11.9, 12.6], C-C-Sep=0.20, ║∇J║=6.7e-02
-----On 14/20 Initial Guess Perturbations
Iteration 120/2500-----
J=1.6e-02, Jf=1.6e-03, ⟨B·n⟩=9.5e-03, Len=sum([6.2, 5.8, 6.0])=18.0, ϰ=[5.9, 8.8, 8.5], ∫ϰ²/L=[9.7, 11.9, 12.5], C-C-Sep=0.20, ║∇J║=5.7e-02
-----On 14/20 Initial Guess Perturbations
Iteration 121/2500-----
J=1.6e-02, Jf=1.6e-03, ⟨B·n⟩=9.4e-03, Len=sum([6.2, 5.8, 5.9])=18.0, ϰ=[6.1, 8.7, 8.4], ∫ϰ²/L=[10.6, 12.4, 12.6], C-C-Sep=0.20, ║∇J║=6.2e-02
-----On 14/20 Initial Guess Perturbations
Iteration 122/2500-----
J=1.6e-02, Jf=1.5e-03, ⟨B·n⟩=9.3e-03, Len=sum([6.2, 5.8, 5.9])=17.9, ϰ=[6.8, 8.4, 8.0], ∫ϰ²/L=[11.5, 12.7, 12.4], C-C-Sep=0.20, ║∇J║=7.8e-02
-----On 14/20 Initial Guess Perturbations
Iteration 123/2500-----
J=1.6e-02, Jf=1.5e-03, ⟨B·n⟩=9.2e-03, Len=sum([6.2, 5.8, 5.9])=17.8, ϰ=[7.1, 8.6, 7.9], ∫ϰ²/L=[12.1, 13.1, 12.2], C-C-Sep=0.20, ║∇J║=6.8e-02
-----On 14/20 Initial Guess Perturbations
Iteration 124/2500-----
J=1.6e-02, Jf=1.4e-03, ⟨B·n⟩=9.1e-03, Len=sum([6.2, 5.8, 5.9])=17.8, ϰ=[7.1, 9.1, 8.1], ∫ϰ²/L=[11.8, 13.0, 12.0], C-C-Sep=0.20, ║∇J║=5.9e-02
-----On 14/20 Initial Guess Perturbations
Iteration 125/2500-----
J=1.6e-02, Jf=1.4e-03, ⟨B·n⟩=9.1e-03, Len=sum([6.2, 5.8, 5.9])=17.8, ϰ=[6.9, 9.1, 8.4], ∫ϰ²/L=[10.7, 12.4, 11.7], C-C-Sep=0.20, ║∇J║=8.3e-02
-----On 14/20 Initial Guess Perturbations
Iteration 126/2500-----
J=1.6e-02, Jf=1.4e-03, ⟨B·n⟩=9.0e-03, Len=sum([6.2, 5.8, 5.8])=17.8, ϰ=[7.1, 9.3, 9.2], ∫ϰ²/L=[11.1, 12.6, 12.3], C-C-Sep=0.19, ║∇J║=9.7e-02
-----On 14/20 Initial Guess Perturbations
Iteration 127/2500-----
J=1.6e-02, Jf=1.4e-03, ⟨B·n⟩=9.1e-03, Len=sum([6.1, 5.8, 5.8])=17.7, ϰ=[6.6, 9.0, 8.7], ∫ϰ²/L=[10.1, 11.8, 11.7], C-C-Sep=0.20, ║∇J║=8.6e-02
-----On 14/20 Initial Guess Perturbations
Iteration 128/2500-----
J=1.6e-02, Jf=1.4e-03, ⟨B·n⟩=9.0e-03, Len=sum([6.1, 5.7, 5.8])=17.7, ϰ=[6.6, 8.9, 8.9], ∫ϰ²/L=[10.5, 12.1, 11.8], C-C-Sep=0.20, ║∇J║=5.6e-02
-----On 14/20 Initial Guess Perturbations
Iteration 129/2500-----
J=1.6e-02, Jf=1.4e-03, ⟨B·n⟩=8.9e-03, Len=sum([6.1, 5.7, 5.8])=17.7, ϰ=[6.6, 8.9, 9.3], ∫ϰ²/L=[10.5, 12.3, 12.1], C-C-Sep=0.20, ║∇J║=4.6e-02
-----On 14/20 Initial Guess Perturbations
Iteration 130/2500-----
J=1.6e-02, Jf=1.3e-03, ⟨B·n⟩=8.8e-03, Len=sum([6.1, 5.7, 5.8])=17.6, ϰ=[6.4, 8.8, 10.1], ∫ϰ²/L=[10.5, 12.7, 12.8], C-C-Sep=0.19, ║∇J║=6.8e-02
-----On 14/20 Initial Guess Perturbations
Iteration 131/2500-----
J=1.6e-02, Jf=1.3e-03, ⟨B·n⟩=8.7e-03, Len=sum([6.1, 5.7, 5.8])=17.5, ϰ=[6.4, 8.9, 9.9], ∫ϰ²/L=[9.7, 12.6, 12.7], C-C-Sep=0.20, ║∇J║=1.1e-01
-----On 14/20 Initial Guess Perturbations
Iteration 132/2500-----
J=1.5e-02, Jf=1.3e-03, ⟨B·n⟩=8.7e-03, Len=sum([6.1, 5.7, 5.8])=17.5, ϰ=[7.1, 9.2, 10.0], ∫ϰ²/L=[10.0, 13.1, 12.9], C-C-Sep=0.20, ║∇J║=8.4e-02
-----On 14/20 Initial Guess Perturbations
Iteration 133/2500-----
J=1.5e-02, Jf=1.3e-03, ⟨B·n⟩=8.7e-03, Len=sum([6.0, 5.7, 5.7])=17.5, ϰ=[6.9, 9.5, 10.0], ∫ϰ²/L=[9.8, 12.7, 12.4], C-C-Sep=0.20, ║∇J║=7.5e-02
-----On 14/20 Initial Guess Perturbations
Iteration 134/2500-----
J=1.5e-02, Jf=1.3e-03, ⟨B·n⟩=8.6e-03, Len=sum([6.0, 5.7, 5.7])=17.5, ϰ=[7.0, 9.7, 9.9], ∫ϰ²/L=[9.8, 12.9, 12.4], C-C-Sep=0.20, ║∇J║=5.6e-02
-----On 14/20 Initial Guess Perturbations
Iteration 135/2500-----
J=1.5e-02, Jf=1.2e-03, ⟨B·n⟩=8.5e-03, Len=sum([6.0, 5.7, 5.7])=17.4, ϰ=[6.7, 9.7, 9.6], ∫ϰ²/L=[9.9, 13.4, 12.4], C-C-Sep=0.19, ║∇J║=6.0e-02
-----On 14/20 Initial Guess Perturbations
Iteration 136/2500-----
J=1.5e-02, Jf=1.2e-03, ⟨B·n⟩=8.4e-03, Len=sum([6.0, 5.7, 5.7])=17.4, ϰ=[6.3, 9.5, 9.5], ∫ϰ²/L=[9.7, 13.5, 12.2], C-C-Sep=0.20, ║∇J║=5.9e-02
-----On 14/20 Initial Guess Perturbations
Iteration 137/2500-----
J=1.5e-02, Jf=1.2e-03, ⟨B·n⟩=8.4e-03, Len=sum([6.0, 5.7, 5.7])=17.3, ϰ=[6.2, 9.1, 9.3], ∫ϰ²/L=[9.8, 13.6, 11.9], C-C-Sep=0.20, ║∇J║=5.0e-02
-----On 14/20 Initial Guess Perturbations
Iteration 138/2500-----
J=1.5e-02, Jf=1.2e-03, ⟨B·n⟩=8.3e-03, Len=sum([6.0, 5.6, 5.7])=17.3, ϰ=[6.0, 9.5, 9.2], ∫ϰ²/L=[9.7, 13.7, 11.7], C-C-Sep=0.20, ║∇J║=5.8e-02
-----On 14/20 Initial Guess Perturbations
Iteration 139/2500-----
J=1.5e-02, Jf=1.2e-03, ⟨B·n⟩=8.3e-03, Len=sum([5.9, 5.6, 5.6])=17.2, ϰ=[6.0, 9.6, 9.1], ∫ϰ²/L=[9.6, 13.7, 11.6], C-C-Sep=0.20, ║∇J║=5.3e-02
-----On 14/20 Initial Guess Perturbations
Iteration 140/2500-----
J=1.5e-02, Jf=1.2e-03, ⟨B·n⟩=8.3e-03, Len=sum([5.9, 5.6, 5.6])=17.2, ϰ=[6.4, 9.7, 8.9], ∫ϰ²/L=[9.2, 13.5, 11.4], C-C-Sep=0.20, ║∇J║=4.8e-02
-----On 14/20 Initial Guess Perturbations
Iteration 141/2500-----
J=1.5e-02, Jf=1.2e-03, ⟨B·n⟩=8.2e-03, Len=sum([5.9, 5.6, 5.6])=17.1, ϰ=[7.1, 9.5, 8.7], ∫ϰ²/L=[9.0, 13.5, 11.6], C-C-Sep=0.20, ║∇J║=6.8e-02
-----On 14/20 Initial Guess Perturbations
Iteration 142/2500-----
J=1.5e-02, Jf=1.2e-03, ⟨B·n⟩=8.2e-03, Len=sum([5.9, 5.6, 5.6])=17.1, ϰ=[7.2, 9.6, 8.7], ∫ϰ²/L=[8.6, 13.3, 11.5], C-C-Sep=0.20, ║∇J║=6.1e-02
-----On 14/20 Initial Guess Perturbations
Iteration 143/2500-----
J=1.5e-02, Jf=1.1e-03, ⟨B·n⟩=8.1e-03, Len=sum([5.9, 5.6, 5.6])=17.0, ϰ=[7.3, 9.6, 8.8], ∫ϰ²/L=[8.6, 13.2, 11.5], C-C-Sep=0.20, ║∇J║=5.1e-02
-----On 14/20 Initial Guess Perturbations
Iteration 144/2500-----
J=1.5e-02, Jf=1.1e-03, ⟨B·n⟩=8.1e-03, Len=sum([5.9, 5.6, 5.6])=17.0, ϰ=[7.2, 9.8, 8.7], ∫ϰ²/L=[8.3, 12.6, 11.0], C-C-Sep=0.20, ║∇J║=6.6e-02
-----On 14/20 Initial Guess Perturbations
Iteration 145/2500-----
J=1.5e-02, Jf=1.1e-03, ⟨B·n⟩=8.0e-03, Len=sum([5.9, 5.6, 5.5])=17.0, ϰ=[7.3, 10.3, 8.7], ∫ϰ²/L=[8.8, 13.2, 11.4], C-C-Sep=0.20, ║∇J║=7.5e-02
-----On 14/20 Initial Guess Perturbations
Iteration 146/2500-----
J=1.5e-02, Jf=1.1e-03, ⟨B·n⟩=8.1e-03, Len=sum([5.8, 5.6, 5.5])=16.9, ϰ=[7.2, 9.9, 8.4], ∫ϰ²/L=[8.4, 12.8, 11.0], C-C-Sep=0.20, ║∇J║=5.6e-02
-----On 14/20 Initial Guess Perturbations
Iteration 147/2500-----
J=1.5e-02, Jf=1.1e-03, ⟨B·n⟩=8.0e-03, Len=sum([5.8, 5.5, 5.5])=16.9, ϰ=[7.3, 10.1, 8.0], ∫ϰ²/L=[8.2, 12.7, 11.0], C-C-Sep=0.20, ║∇J║=3.6e-02
-----On 14/20 Initial Guess Perturbations
Iteration 148/2500-----
J=1.5e-02, Jf=1.1e-03, ⟨B·n⟩=8.0e-03, Len=sum([5.8, 5.5, 5.5])=16.9, ϰ=[7.2, 10.2, 7.8], ∫ϰ²/L=[8.2, 12.8, 11.1], C-C-Sep=0.20, ║∇J║=3.9e-02
-----On 14/20 Initial Guess Perturbations
Iteration 149/2500-----
J=1.5e-02, Jf=1.1e-03, ⟨B·n⟩=7.9e-03, Len=sum([5.8, 5.5, 5.5])=16.8, ϰ=[7.2, 10.1, 8.2], ∫ϰ²/L=[8.9, 13.4, 11.8], C-C-Sep=0.20, ║∇J║=7.3e-02
-----On 14/20 Initial Guess Perturbations
Iteration 150/2500-----
J=1.5e-02, Jf=1.1e-03, ⟨B·n⟩=7.9e-03, Len=sum([5.8, 5.5, 5.5])=16.7, ϰ=[6.8, 9.8, 8.0], ∫ϰ²/L=[8.4, 12.8, 11.1], C-C-Sep=0.20, ║∇J║=6.4e-02
-----On 14/20 Initial Guess Perturbations
Iteration 151/2500-----
J=1.5e-02, Jf=1.1e-03, ⟨B·n⟩=7.9e-03, Len=sum([5.8, 5.5, 5.5])=16.7, ϰ=[6.7, 9.8, 8.0], ∫ϰ²/L=[8.4, 12.5, 11.0], C-C-Sep=0.20, ║∇J║=5.0e-02
-----On 14/20 Initial Guess Perturbations
Iteration 152/2500-----
J=1.5e-02, Jf=1.1e-03, ⟨B·n⟩=7.9e-03, Len=sum([5.8, 5.5, 5.5])=16.7, ϰ=[6.5, 9.7, 7.7], ∫ϰ²/L=[8.2, 12.1, 10.6], C-C-Sep=0.20, ║∇J║=4.9e-02
-----On 14/20 Initial Guess Perturbations
Iteration 153/2500-----
J=1.5e-02, Jf=1.1e-03, ⟨B·n⟩=7.9e-03, Len=sum([5.8, 5.4, 5.4])=16.6, ϰ=[6.4, 9.9, 7.8], ∫ϰ²/L=[8.5, 12.1, 11.0], C-C-Sep=0.20, ║∇J║=5.2e-02
-----On 14/20 Initial Guess Perturbations
Iteration 154/2500-----
J=1.4e-02, Jf=1.1e-03, ⟨B·n⟩=7.8e-03, Len=sum([5.7, 5.4, 5.4])=16.6, ϰ=[6.3, 9.6, 7.6], ∫ϰ²/L=[8.4, 11.8, 11.0], C-C-Sep=0.20, ║∇J║=5.7e-02
-----On 14/20 Initial Guess Perturbations
Iteration 155/2500-----
J=1.4e-02, Jf=1.1e-03, ⟨B·n⟩=7.8e-03, Len=sum([5.7, 5.4, 5.4])=16.6, ϰ=[6.6, 9.4, 7.6], ∫ϰ²/L=[8.5, 11.6, 11.2], C-C-Sep=0.20, ║∇J║=4.9e-02
-----On 14/20 Initial Guess Perturbations
Iteration 156/2500-----
J=1.4e-02, Jf=1.1e-03, ⟨B·n⟩=7.8e-03, Len=sum([5.7, 5.4, 5.4])=16.5, ϰ=[6.8, 9.3, 7.5], ∫ϰ²/L=[8.5, 11.5, 11.3], C-C-Sep=0.20, ║∇J║=4.7e-02
-----On 14/20 Initial Guess Perturbations
Iteration 157/2500-----
J=1.4e-02, Jf=1.1e-03, ⟨B·n⟩=7.7e-03, Len=sum([5.7, 5.4, 5.4])=16.5, ϰ=[6.9, 9.0, 7.7], ∫ϰ²/L=[8.8, 11.5, 11.4], C-C-Sep=0.20, ║∇J║=4.5e-02
-----On 14/20 Initial Guess Perturbations
Iteration 158/2500-----
J=1.4e-02, Jf=1.1e-03, ⟨B·n⟩=7.7e-03, Len=sum([5.7, 5.4, 5.4])=16.5, ϰ=[6.8, 8.5, 7.6], ∫ϰ²/L=[8.7, 11.5, 11.2], C-C-Sep=0.20, ║∇J║=4.0e-02
-----On 14/20 Initial Guess Perturbations
Iteration 159/2500-----
J=1.4e-02, Jf=1.0e-03, ⟨B·n⟩=7.7e-03, Len=sum([5.7, 5.4, 5.4])=16.4, ϰ=[6.7, 8.8, 7.6], ∫ϰ²/L=[8.6, 11.6, 11.0], C-C-Sep=0.20, ║∇J║=4.7e-02
-----On 14/20 Initial Guess Perturbations
Iteration 160/2500-----
J=1.4e-02, Jf=1.0e-03, ⟨B·n⟩=7.7e-03, Len=sum([5.7, 5.4, 5.4])=16.4, ϰ=[6.5, 9.0, 8.1], ∫ϰ²/L=[8.7, 11.7, 11.1], C-C-Sep=0.20, ║∇J║=5.6e-02
-----On 14/20 Initial Guess Perturbations
Iteration 161/2500-----
J=1.4e-02, Jf=1.0e-03, ⟨B·n⟩=7.6e-03, Len=sum([5.6, 5.3, 5.4])=16.3, ϰ=[6.6, 9.4, 8.4], ∫ϰ²/L=[7.9, 11.2, 10.7], C-C-Sep=0.20, ║∇J║=6.3e-02
-----On 14/20 Initial Guess Perturbations
Iteration 162/2500-----
J=1.4e-02, Jf=1.0e-03, ⟨B·n⟩=7.6e-03, Len=sum([5.6, 5.3, 5.3])=16.3, ϰ=[6.9, 9.8, 8.8], ∫ϰ²/L=[8.3, 11.4, 11.4], C-C-Sep=0.20, ║∇J║=7.4e-02
-----On 14/20 Initial Guess Perturbations
Iteration 163/2500-----
J=1.4e-02, Jf=1.0e-03, ⟨B·n⟩=7.6e-03, Len=sum([5.6, 5.3, 5.3])=16.3, ϰ=[6.8, 9.8, 8.6], ∫ϰ²/L=[8.0, 11.0, 11.0], C-C-Sep=0.20, ║∇J║=4.5e-02
-----On 14/20 Initial Guess Perturbations
Iteration 164/2500-----
J=1.4e-02, Jf=1.0e-03, ⟨B·n⟩=7.6e-03, Len=sum([5.6, 5.3, 5.3])=16.2, ϰ=[6.9, 9.5, 8.7], ∫ϰ²/L=[7.9, 10.9, 10.8], C-C-Sep=0.20, ║∇J║=4.2e-02
-----On 14/20 Initial Guess Perturbations
Iteration 165/2500-----
J=1.4e-02, Jf=1.0e-03, ⟨B·n⟩=7.5e-03, Len=sum([5.6, 5.3, 5.3])=16.2, ϰ=[7.1, 9.7, 8.9], ∫ϰ²/L=[7.6, 11.1, 10.8], C-C-Sep=0.20, ║∇J║=5.1e-02
-----On 14/20 Initial Guess Perturbations
Iteration 166/2500-----
J=1.4e-02, Jf=1.0e-03, ⟨B·n⟩=7.5e-03, Len=sum([5.6, 5.3, 5.3])=16.1, ϰ=[7.3, 10.0, 9.0], ∫ϰ²/L=[7.8, 11.9, 11.2], C-C-Sep=0.20, ║∇J║=7.0e-02
-----On 14/20 Initial Guess Perturbations
Iteration 167/2500-----
J=1.4e-02, Jf=1.0e-03, ⟨B·n⟩=7.5e-03, Len=sum([5.5, 5.3, 5.3])=16.1, ϰ=[7.2, 9.5, 8.9], ∫ϰ²/L=[7.8, 11.7, 11.2], C-C-Sep=0.20, ║∇J║=4.7e-02
-----On 14/20 Initial Guess Perturbations
Iteration 168/2500-----
J=1.4e-02, Jf=9.9e-04, ⟨B·n⟩=7.5e-03, Len=sum([5.5, 5.3, 5.3])=16.1, ϰ=[7.0, 9.1, 8.7], ∫ϰ²/L=[7.6, 11.2, 11.0], C-C-Sep=0.20, ║∇J║=4.6e-02
-----On 14/20 Initial Guess Perturbations
Iteration 169/2500-----
J=1.4e-02, Jf=9.8e-04, ⟨B·n⟩=7.5e-03, Len=sum([5.5, 5.2, 5.3])=16.0, ϰ=[6.6, 8.7, 8.6], ∫ϰ²/L=[7.4, 10.5, 10.8], C-C-Sep=0.20, ║∇J║=5.2e-02
-----On 14/20 Initial Guess Perturbations
Iteration 170/2500-----
J=1.4e-02, Jf=9.7e-04, ⟨B·n⟩=7.4e-03, Len=sum([5.5, 5.2, 5.3])=16.0, ϰ=[6.6, 9.1, 8.7], ∫ϰ²/L=[7.8, 10.7, 11.3], C-C-Sep=0.20, ║∇J║=5.4e-02
-----On 14/20 Initial Guess Perturbations
Iteration 171/2500-----
J=1.4e-02, Jf=9.6e-04, ⟨B·n⟩=7.4e-03, Len=sum([5.5, 5.2, 5.3])=16.0, ϰ=[6.9, 8.5, 8.2], ∫ϰ²/L=[7.9, 10.2, 11.6], C-C-Sep=0.20, ║∇J║=6.2e-02
-----On 14/20 Initial Guess Perturbations
Iteration 172/2500-----
J=1.4e-02, Jf=9.6e-04, ⟨B·n⟩=7.4e-03, Len=sum([5.5, 5.2, 5.2])=15.9, ϰ=[7.0, 9.2, 8.4], ∫ϰ²/L=[8.1, 10.1, 11.6], C-C-Sep=0.20, ║∇J║=5.0e-02
-----On 14/20 Initial Guess Perturbations
Iteration 173/2500-----
J=1.4e-02, Jf=9.6e-04, ⟨B·n⟩=7.4e-03, Len=sum([5.5, 5.2, 5.2])=15.9, ϰ=[7.1, 9.0, 8.4], ∫ϰ²/L=[7.9, 9.7, 11.3], C-C-Sep=0.20, ║∇J║=4.2e-02
-----On 14/20 Initial Guess Perturbations
Iteration 174/2500-----
J=1.4e-02, Jf=9.5e-04, ⟨B·n⟩=7.4e-03, Len=sum([5.5, 5.2, 5.2])=15.9, ϰ=[7.4, 8.5, 8.3], ∫ϰ²/L=[7.9, 9.4, 11.2], C-C-Sep=0.20, ║∇J║=4.4e-02
-----On 14/20 Initial Guess Perturbations
Iteration 175/2500-----
J=1.4e-02, Jf=9.5e-04, ⟨B·n⟩=7.4e-03, Len=sum([5.4, 5.2, 5.2])=15.8, ϰ=[7.7, 7.7, 7.7], ∫ϰ²/L=[7.6, 9.2, 11.2], C-C-Sep=0.20, ║∇J║=6.5e-02
-----On 14/20 Initial Guess Perturbations
Iteration 176/2500-----
J=1.4e-02, Jf=9.4e-04, ⟨B·n⟩=7.4e-03, Len=sum([5.4, 5.1, 5.2])=15.8, ϰ=[7.7, 7.9, 7.8], ∫ϰ²/L=[7.3, 9.8, 11.2], C-C-Sep=0.20, ║∇J║=5.6e-02
-----On 14/20 Initial Guess Perturbations
Iteration 177/2500-----
J=1.4e-02, Jf=9.5e-04, ⟨B·n⟩=7.4e-03, Len=sum([5.4, 5.1, 5.2])=15.7, ϰ=[7.4, 7.7, 7.8], ∫ϰ²/L=[7.1, 9.5, 10.9], C-C-Sep=0.20, ║∇J║=3.7e-02
-----On 14/20 Initial Guess Perturbations
Iteration 178/2500-----
J=1.4e-02, Jf=9.5e-04, ⟨B·n⟩=7.4e-03, Len=sum([5.4, 5.1, 5.2])=15.7, ϰ=[7.4, 8.1, 7.7], ∫ϰ²/L=[7.2, 9.6, 11.0], C-C-Sep=0.20, ║∇J║=3.9e-02
-----On 14/20 Initial Guess Perturbations
Iteration 179/2500-----
J=1.4e-02, Jf=9.5e-04, ⟨B·n⟩=7.4e-03, Len=sum([5.4, 5.1, 5.2])=15.7, ϰ=[6.9, 7.6, 7.8], ∫ϰ²/L=[6.7, 9.0, 10.5], C-C-Sep=0.20, ║∇J║=4.9e-02
-----On 14/20 Initial Guess Perturbations
Iteration 180/2500-----
J=1.4e-02, Jf=9.5e-04, ⟨B·n⟩=7.4e-03, Len=sum([5.4, 5.1, 5.2])=15.6, ϰ=[7.1, 7.6, 8.0], ∫ϰ²/L=[6.8, 9.0, 10.7], C-C-Sep=0.20, ║∇J║=4.3e-02
-----On 14/20 Initial Guess Perturbations
Iteration 181/2500-----
J=1.3e-02, Jf=9.5e-04, ⟨B·n⟩=7.4e-03, Len=sum([5.4, 5.1, 5.2])=15.6, ϰ=[7.2, 7.2, 8.2], ∫ϰ²/L=[6.9, 8.6, 10.9], C-C-Sep=0.20, ║∇J║=4.4e-02
-----On 14/20 Initial Guess Perturbations
Iteration 182/2500-----
J=1.3e-02, Jf=9.4e-04, ⟨B·n⟩=7.4e-03, Len=sum([5.3, 5.1, 5.2])=15.6, ϰ=[7.1, 6.7, 8.1], ∫ϰ²/L=[7.1, 8.2, 11.0], C-C-Sep=0.20, ║∇J║=4.0e-02
-----On 14/20 Initial Guess Perturbations
Iteration 183/2500-----
J=1.3e-02, Jf=9.4e-04, ⟨B·n⟩=7.4e-03, Len=sum([5.3, 5.0, 5.1])=15.5, ϰ=[7.3, 6.0, 8.1], ∫ϰ²/L=[7.3, 7.9, 11.1], C-C-Sep=0.20, ║∇J║=3.9e-02
-----On 14/20 Initial Guess Perturbations
Iteration 184/2500-----
J=1.3e-02, Jf=9.4e-04, ⟨B·n⟩=7.4e-03, Len=sum([5.3, 5.0, 5.1])=15.5, ϰ=[7.2, 6.5, 7.7], ∫ϰ²/L=[7.7, 8.3, 11.4], C-C-Sep=0.20, ║∇J║=5.5e-02
-----On 14/20 Initial Guess Perturbations
Iteration 185/2500-----
J=1.3e-02, Jf=9.4e-04, ⟨B·n⟩=7.4e-03, Len=sum([5.3, 5.0, 5.1])=15.5, ϰ=[7.1, 6.3, 7.7], ∫ϰ²/L=[7.0, 8.1, 10.7], C-C-Sep=0.20, ║∇J║=3.9e-02
-----On 14/20 Initial Guess Perturbations
Iteration 186/2500-----
J=1.3e-02, Jf=9.4e-04, ⟨B·n⟩=7.4e-03, Len=sum([5.3, 5.0, 5.1])=15.4, ϰ=[7.1, 6.6, 7.8], ∫ϰ²/L=[7.1, 8.4, 10.8], C-C-Sep=0.20, ║∇J║=4.8e-02
-----On 14/20 Initial Guess Perturbations
Iteration 187/2500-----
J=1.3e-02, Jf=9.4e-04, ⟨B·n⟩=7.4e-03, Len=sum([5.3, 5.0, 5.1])=15.4, ϰ=[6.9, 6.7, 7.7], ∫ϰ²/L=[7.0, 8.3, 10.7], C-C-Sep=0.20, ║∇J║=3.6e-02
-----On 14/20 Initial Guess Perturbations
Iteration 188/2500-----
J=1.3e-02, Jf=9.5e-04, ⟨B·n⟩=7.4e-03, Len=sum([5.3, 5.0, 5.1])=15.4, ϰ=[6.5, 7.1, 8.0], ∫ϰ²/L=[7.2, 8.8, 10.6], C-C-Sep=0.20, ║∇J║=3.7e-02
-----On 14/20 Initial Guess Perturbations
Iteration 189/2500-----
J=1.3e-02, Jf=9.5e-04, ⟨B·n⟩=7.4e-03, Len=sum([5.2, 5.0, 5.1])=15.3, ϰ=[6.6, 6.9, 8.1], ∫ϰ²/L=[7.2, 8.7, 10.5], C-C-Sep=0.20, ║∇J║=4.1e-02
-----On 14/20 Initial Guess Perturbations
Iteration 190/2500-----
J=1.3e-02, Jf=9.5e-04, ⟨B·n⟩=7.4e-03, Len=sum([5.2, 5.0, 5.1])=15.3, ϰ=[6.9, 7.2, 8.5], ∫ϰ²/L=[7.3, 8.8, 10.5], C-C-Sep=0.20, ║∇J║=4.2e-02
-----On 14/20 Initial Guess Perturbations
Iteration 191/2500-----
J=1.3e-02, Jf=9.6e-04, ⟨B·n⟩=7.5e-03, Len=sum([5.2, 5.0, 5.1])=15.2, ϰ=[7.0, 7.0, 8.8], ∫ϰ²/L=[7.3, 8.6, 10.4], C-C-Sep=0.20, ║∇J║=4.0e-02
-----On 14/20 Initial Guess Perturbations
Iteration 192/2500-----
J=1.3e-02, Jf=9.6e-04, ⟨B·n⟩=7.5e-03, Len=sum([5.2, 5.0, 5.0])=15.2, ϰ=[6.9, 7.1, 8.6], ∫ϰ²/L=[7.4, 8.8, 10.4], C-C-Sep=0.20, ║∇J║=3.9e-02
-----On 14/20 Initial Guess Perturbations
Iteration 193/2500-----
J=1.3e-02, Jf=9.7e-04, ⟨B·n⟩=7.5e-03, Len=sum([5.2, 4.9, 5.0])=15.2, ϰ=[6.5, 6.7, 8.5], ∫ϰ²/L=[7.3, 8.6, 10.3], C-C-Sep=0.20, ║∇J║=3.6e-02
-----On 14/20 Initial Guess Perturbations
Iteration 194/2500-----
J=1.3e-02, Jf=9.7e-04, ⟨B·n⟩=7.5e-03, Len=sum([5.2, 4.9, 5.0])=15.1, ϰ=[6.5, 7.4, 8.5], ∫ϰ²/L=[7.6, 9.0, 10.3], C-C-Sep=0.20, ║∇J║=4.4e-02
-----On 14/20 Initial Guess Perturbations
Iteration 195/2500-----
J=1.3e-02, Jf=9.6e-04, ⟨B·n⟩=7.4e-03, Len=sum([5.2, 4.9, 5.0])=15.1, ϰ=[6.5, 6.7, 8.6], ∫ϰ²/L=[7.2, 8.1, 9.8], C-C-Sep=0.20, ║∇J║=4.4e-02
-----On 14/20 Initial Guess Perturbations
Iteration 196/2500-----
J=1.3e-02, Jf=9.7e-04, ⟨B·n⟩=7.5e-03, Len=sum([5.2, 4.9, 5.0])=15.1, ϰ=[6.5, 6.8, 8.5], ∫ϰ²/L=[7.4, 8.1, 9.8], C-C-Sep=0.20, ║∇J║=3.9e-02
-----On 14/20 Initial Guess Perturbations
Iteration 197/2500-----
J=1.3e-02, Jf=9.7e-04, ⟨B·n⟩=7.5e-03, Len=sum([5.1, 4.9, 5.0])=15.0, ϰ=[6.6, 7.0, 8.4], ∫ϰ²/L=[7.6, 8.0, 9.8], C-C-Sep=0.20, ║∇J║=3.4e-02
-----On 14/20 Initial Guess Perturbations
Iteration 198/2500-----
J=1.3e-02, Jf=9.9e-04, ⟨B·n⟩=7.5e-03, Len=sum([5.1, 4.9, 5.0])=15.0, ϰ=[6.8, 7.0, 8.4], ∫ϰ²/L=[8.0, 8.2, 10.0], C-C-Sep=0.20, ║∇J║=3.4e-02
-----On 14/20 Initial Guess Perturbations
Iteration 199/2500-----
J=1.3e-02, Jf=1.0e-03, ⟨B·n⟩=7.6e-03, Len=sum([5.1, 4.9, 5.0])=14.9, ϰ=[7.2, 7.3, 8.5], ∫ϰ²/L=[8.2, 8.4, 10.1], C-C-Sep=0.20, ║∇J║=4.5e-02
-----On 14/20 Initial Guess Perturbations
Iteration 200/2500-----
J=1.3e-02, Jf=1.0e-03, ⟨B·n⟩=7.6e-03, Len=sum([5.1, 4.9, 5.0])=14.9, ϰ=[7.3, 7.2, 8.6], ∫ϰ²/L=[8.0, 8.5, 10.0], C-C-Sep=0.20, ║∇J║=3.6e-02
-----On 14/20 Initial Guess Perturbations
Iteration 201/2500-----
J=1.3e-02, Jf=1.0e-03, ⟨B·n⟩=7.7e-03, Len=sum([5.1, 4.8, 5.0])=14.9, ϰ=[7.3, 7.4, 8.5], ∫ϰ²/L=[8.0, 8.6, 9.9], C-C-Sep=0.20, ║∇J║=3.0e-02
-----On 14/20 Initial Guess Perturbations
Iteration 202/2500-----
J=1.3e-02, Jf=1.0e-03, ⟨B·n⟩=7.7e-03, Len=sum([5.1, 4.8, 5.0])=14.9, ϰ=[6.9, 7.4, 8.5], ∫ϰ²/L=[7.6, 8.3, 9.8], C-C-Sep=0.20, ║∇J║=3.1e-02
-----On 14/20 Initial Guess Perturbations
Iteration 203/2500-----
J=1.3e-02, Jf=1.0e-03, ⟨B·n⟩=7.7e-03, Len=sum([5.0, 4.8, 5.0])=14.8, ϰ=[7.3, 7.9, 8.3], ∫ϰ²/L=[7.6, 8.4, 9.8], C-C-Sep=0.20, ║∇J║=3.7e-02
-----On 14/20 Initial Guess Perturbations
Iteration 204/2500-----
J=1.3e-02, Jf=1.0e-03, ⟨B·n⟩=7.8e-03, Len=sum([5.0, 4.8, 4.9])=14.8, ϰ=[7.7, 8.2, 8.2], ∫ϰ²/L=[7.8, 8.6, 9.9], C-C-Sep=0.20, ║∇J║=3.8e-02
-----On 14/20 Initial Guess Perturbations
Iteration 205/2500-----
J=1.3e-02, Jf=1.0e-03, ⟨B·n⟩=7.8e-03, Len=sum([5.0, 4.8, 4.9])=14.8, ϰ=[7.8, 8.3, 8.2], ∫ϰ²/L=[7.8, 8.7, 9.8], C-C-Sep=0.20, ║∇J║=3.2e-02
-----On 14/20 Initial Guess Perturbations
Iteration 206/2500-----
J=1.3e-02, Jf=1.1e-03, ⟨B·n⟩=7.8e-03, Len=sum([5.0, 4.8, 4.9])=14.7, ϰ=[8.2, 8.6, 8.3], ∫ϰ²/L=[7.9, 9.0, 9.8], C-C-Sep=0.20, ║∇J║=3.3e-02
-----On 14/20 Initial Guess Perturbations
Iteration 207/2500-----
J=1.3e-02, Jf=1.1e-03, ⟨B·n⟩=7.8e-03, Len=sum([5.0, 4.8, 4.9])=14.7, ϰ=[8.2, 8.3, 8.2], ∫ϰ²/L=[7.7, 8.6, 9.6], C-C-Sep=0.20, ║∇J║=3.2e-02
-----On 14/20 Initial Guess Perturbations
Iteration 208/2500-----
J=1.3e-02, Jf=1.1e-03, ⟨B·n⟩=7.9e-03, Len=sum([5.0, 4.8, 4.9])=14.7, ϰ=[8.4, 8.6, 8.2], ∫ϰ²/L=[7.8, 8.8, 9.6], C-C-Sep=0.20, ║∇J║=3.1e-02
-----On 14/20 Initial Guess Perturbations
Iteration 209/2500-----
J=1.3e-02, Jf=1.1e-03, ⟨B·n⟩=7.9e-03, Len=sum([5.0, 4.8, 4.9])=14.7, ϰ=[7.9, 8.6, 7.9], ∫ϰ²/L=[7.8, 8.5, 9.5], C-C-Sep=0.20, ║∇J║=3.2e-02
-----On 14/20 Initial Guess Perturbations
Iteration 210/2500-----
J=1.3e-02, Jf=1.1e-03, ⟨B·n⟩=7.9e-03, Len=sum([5.0, 4.8, 4.9])=14.6, ϰ=[8.0, 8.6, 7.3], ∫ϰ²/L=[8.0, 8.7, 9.6], C-C-Sep=0.20, ║∇J║=2.9e-02
-----On 14/20 Initial Guess Perturbations
Iteration 211/2500-----
J=1.3e-02, Jf=1.1e-03, ⟨B·n⟩=8.0e-03, Len=sum([4.9, 4.7, 4.9])=14.6, ϰ=[8.1, 8.6, 6.9], ∫ϰ²/L=[7.9, 8.8, 9.6], C-C-Sep=0.20, ║∇J║=3.8e-02
-----On 14/20 Initial Guess Perturbations
Iteration 212/2500-----
J=1.3e-02, Jf=1.1e-03, ⟨B·n⟩=8.0e-03, Len=sum([4.9, 4.7, 4.9])=14.5, ϰ=[8.1, 8.4, 6.6], ∫ϰ²/L=[7.9, 9.0, 9.7], C-C-Sep=0.20, ║∇J║=2.7e-02
-----On 14/20 Initial Guess Perturbations
Iteration 213/2500-----
J=1.3e-02, Jf=1.1e-03, ⟨B·n⟩=8.0e-03, Len=sum([4.9, 4.7, 4.9])=14.5, ϰ=[8.3, 8.4, 6.4], ∫ϰ²/L=[7.9, 8.9, 9.7], C-C-Sep=0.20, ║∇J║=2.3e-02
-----On 14/20 Initial Guess Perturbations
Iteration 214/2500-----
J=1.3e-02, Jf=1.1e-03, ⟨B·n⟩=8.0e-03, Len=sum([4.9, 4.7, 4.9])=14.5, ϰ=[8.3, 8.2, 6.3], ∫ϰ²/L=[7.8, 8.8, 9.5], C-C-Sep=0.20, ║∇J║=2.6e-02
-----On 14/20 Initial Guess Perturbations
Iteration 215/2500-----
J=1.3e-02, Jf=1.1e-03, ⟨B·n⟩=8.1e-03, Len=sum([4.9, 4.7, 4.8])=14.5, ϰ=[8.2, 8.4, 6.4], ∫ϰ²/L=[7.7, 8.8, 9.5], C-C-Sep=0.20, ║∇J║=2.9e-02
-----On 14/20 Initial Guess Perturbations
Iteration 216/2500-----
J=1.3e-02, Jf=1.1e-03, ⟨B·n⟩=8.1e-03, Len=sum([4.9, 4.7, 4.8])=14.4, ϰ=[7.7, 8.3, 6.3], ∫ϰ²/L=[7.6, 8.9, 9.3], C-C-Sep=0.20, ║∇J║=3.1e-02
-----On 14/20 Initial Guess Perturbations
Iteration 217/2500-----
J=1.3e-02, Jf=1.1e-03, ⟨B·n⟩=8.1e-03, Len=sum([4.9, 4.7, 4.8])=14.4, ϰ=[7.2, 8.5, 7.0], ∫ϰ²/L=[7.8, 9.2, 9.2], C-C-Sep=0.20, ║∇J║=3.3e-02
-----On 14/20 Initial Guess Perturbations
Iteration 218/2500-----
J=1.3e-02, Jf=1.1e-03, ⟨B·n⟩=8.1e-03, Len=sum([4.9, 4.7, 4.8])=14.4, ϰ=[6.9, 8.4, 7.1], ∫ϰ²/L=[7.8, 9.1, 9.1], C-C-Sep=0.20, ║∇J║=3.0e-02
-----On 14/20 Initial Guess Perturbations
Iteration 219/2500-----
J=1.3e-02, Jf=1.2e-03, ⟨B·n⟩=8.2e-03, Len=sum([4.9, 4.7, 4.8])=14.3, ϰ=[6.7, 8.5, 7.3], ∫ϰ²/L=[7.9, 8.9, 9.1], C-C-Sep=0.20, ║∇J║=2.5e-02
-----On 14/20 Initial Guess Perturbations
Iteration 220/2500-----
J=1.3e-02, Jf=1.2e-03, ⟨B·n⟩=8.2e-03, Len=sum([4.9, 4.7, 4.8])=14.3, ϰ=[6.7, 8.3, 7.1], ∫ϰ²/L=[7.9, 8.6, 9.0], C-C-Sep=0.20, ║∇J║=2.8e-02
-----On 14/20 Initial Guess Perturbations
Iteration 221/2500-----
J=1.3e-02, Jf=1.2e-03, ⟨B·n⟩=8.3e-03, Len=sum([4.8, 4.7, 4.8])=14.3, ϰ=[6.9, 8.7, 7.5], ∫ϰ²/L=[8.1, 8.6, 9.2], C-C-Sep=0.20, ║∇J║=3.5e-02
-----On 14/20 Initial Guess Perturbations
Iteration 222/2500-----
J=1.3e-02, Jf=1.2e-03, ⟨B·n⟩=8.2e-03, Len=sum([4.8, 4.7, 4.8])=14.3, ϰ=[6.5, 8.1, 7.3], ∫ϰ²/L=[7.9, 8.4, 9.2], C-C-Sep=0.20, ║∇J║=3.0e-02
-----On 14/20 Initial Guess Perturbations
Iteration 223/2500-----
J=1.3e-02, Jf=1.2e-03, ⟨B·n⟩=8.3e-03, Len=sum([4.8, 4.6, 4.8])=14.2, ϰ=[6.5, 8.3, 7.5], ∫ϰ²/L=[7.8, 8.5, 9.2], C-C-Sep=0.20, ║∇J║=3.7e-02
-----On 14/20 Initial Guess Perturbations
Iteration 224/2500-----
J=1.3e-02, Jf=1.2e-03, ⟨B·n⟩=8.2e-03, Len=sum([4.8, 4.7, 4.8])=14.2, ϰ=[6.3, 8.0, 7.2], ∫ϰ²/L=[7.3, 8.3, 9.0], C-C-Sep=0.20, ║∇J║=2.6e-02
-----On 14/20 Initial Guess Perturbations
Iteration 225/2500-----
J=1.3e-02, Jf=1.2e-03, ⟨B·n⟩=8.3e-03, Len=sum([4.8, 4.6, 4.8])=14.2, ϰ=[6.2, 8.0, 7.3], ∫ϰ²/L=[7.2, 8.4, 8.9], C-C-Sep=0.20, ║∇J║=2.7e-02
-----On 14/20 Initial Guess Perturbations
Iteration 226/2500-----
J=1.3e-02, Jf=1.2e-03, ⟨B·n⟩=8.3e-03, Len=sum([4.8, 4.6, 4.7])=14.2, ϰ=[6.3, 7.9, 7.0], ∫ϰ²/L=[7.0, 8.4, 8.6], C-C-Sep=0.20, ║∇J║=2.5e-02
-----On 14/20 Initial Guess Perturbations
Iteration 227/2500-----
J=1.3e-02, Jf=1.2e-03, ⟨B·n⟩=8.3e-03, Len=sum([4.8, 4.6, 4.7])=14.2, ϰ=[6.2, 7.9, 7.1], ∫ϰ²/L=[7.2, 8.8, 8.6], C-C-Sep=0.20, ║∇J║=3.8e-02
-----On 14/20 Initial Guess Perturbations
Iteration 228/2500-----
J=1.3e-02, Jf=1.2e-03, ⟨B·n⟩=8.3e-03, Len=sum([4.8, 4.6, 4.7])=14.1, ϰ=[6.3, 7.6, 7.2], ∫ϰ²/L=[7.3, 8.9, 8.7], C-C-Sep=0.20, ║∇J║=2.5e-02
-----On 14/20 Initial Guess Perturbations
Iteration 229/2500-----
J=1.3e-02, Jf=1.2e-03, ⟨B·n⟩=8.4e-03, Len=sum([4.8, 4.6, 4.7])=14.1, ϰ=[6.2, 7.6, 7.1], ∫ϰ²/L=[7.1, 8.7, 8.7], C-C-Sep=0.20, ║∇J║=2.2e-02
-----On 14/20 Initial Guess Perturbations
Iteration 230/2500-----
J=1.3e-02, Jf=1.2e-03, ⟨B·n⟩=8.4e-03, Len=sum([4.8, 4.6, 4.7])=14.1, ϰ=[6.3, 7.8, 7.3], ∫ϰ²/L=[7.0, 8.6, 8.7], C-C-Sep=0.20, ║∇J║=2.4e-02
-----On 14/20 Initial Guess Perturbations
Iteration 231/2500-----
J=1.2e-02, Jf=1.2e-03, ⟨B·n⟩=8.4e-03, Len=sum([4.8, 4.6, 4.7])=14.1, ϰ=[6.3, 8.0, 7.6], ∫ϰ²/L=[7.0, 8.6, 8.7], C-C-Sep=0.20, ║∇J║=3.1e-02
-----On 14/20 Initial Guess Perturbations
Iteration 232/2500-----
J=1.2e-02, Jf=1.2e-03, ⟨B·n⟩=8.4e-03, Len=sum([4.8, 4.6, 4.7])=14.1, ϰ=[6.2, 7.8, 7.6], ∫ϰ²/L=[7.0, 8.3, 8.6], C-C-Sep=0.20, ║∇J║=2.5e-02
-----On 14/20 Initial Guess Perturbations
Iteration 233/2500-----
J=1.2e-02, Jf=1.2e-03, ⟨B·n⟩=8.5e-03, Len=sum([4.8, 4.6, 4.7])=14.0, ϰ=[6.0, 7.8, 8.5], ∫ϰ²/L=[7.0, 8.4, 8.5], C-C-Sep=0.20, ║∇J║=3.0e-02
-----On 14/20 Initial Guess Perturbations
Iteration 234/2500-----
J=1.2e-02, Jf=1.2e-03, ⟨B·n⟩=8.5e-03, Len=sum([4.8, 4.6, 4.7])=14.0, ϰ=[6.0, 7.8, 8.5], ∫ϰ²/L=[6.8, 8.3, 8.4], C-C-Sep=0.20, ║∇J║=2.5e-02
-----On 14/20 Initial Guess Perturbations
Iteration 235/2500-----
J=1.2e-02, Jf=1.2e-03, ⟨B·n⟩=8.5e-03, Len=sum([4.8, 4.6, 4.7])=14.0, ϰ=[6.1, 7.6, 8.5], ∫ϰ²/L=[6.6, 8.3, 8.4], C-C-Sep=0.20, ║∇J║=1.9e-02
-----On 14/20 Initial Guess Perturbations
Iteration 236/2500-----
J=1.2e-02, Jf=1.2e-03, ⟨B·n⟩=8.5e-03, Len=sum([4.8, 4.6, 4.7])=14.0, ϰ=[6.2, 7.1, 8.6], ∫ϰ²/L=[6.5, 8.2, 8.3], C-C-Sep=0.20, ║∇J║=1.9e-02
-----On 14/20 Initial Guess Perturbations
Iteration 237/2500-----
J=1.2e-02, Jf=1.2e-03, ⟨B·n⟩=8.5e-03, Len=sum([4.8, 4.6, 4.7])=14.0, ϰ=[6.1, 7.0, 8.6], ∫ϰ²/L=[6.3, 8.2, 8.3], C-C-Sep=0.20, ║∇J║=2.5e-02
-----On 14/20 Initial Guess Perturbations
Iteration 238/2500-----
J=1.2e-02, Jf=1.2e-03, ⟨B·n⟩=8.5e-03, Len=sum([4.8, 4.6, 4.6])=14.0, ϰ=[6.0, 6.8, 8.5], ∫ϰ²/L=[6.3, 8.1, 8.4], C-C-Sep=0.20, ║∇J║=1.8e-02
-----On 14/20 Initial Guess Perturbations
Iteration 239/2500-----
J=1.2e-02, Jf=1.2e-03, ⟨B·n⟩=8.6e-03, Len=sum([4.7, 4.6, 4.6])=14.0, ϰ=[5.8, 6.6, 8.4], ∫ϰ²/L=[6.2, 8.0, 8.3], C-C-Sep=0.20, ║∇J║=2.3e-02
-----On 14/20 Initial Guess Perturbations
Iteration 240/2500-----
J=1.2e-02, Jf=1.2e-03, ⟨B·n⟩=8.6e-03, Len=sum([4.7, 4.6, 4.6])=14.0, ϰ=[5.6, 6.6, 8.4], ∫ϰ²/L=[6.2, 8.0, 8.2], C-C-Sep=0.20, ║∇J║=1.8e-02
-----On 14/20 Initial Guess Perturbations
Iteration 241/2500-----
J=1.2e-02, Jf=1.2e-03, ⟨B·n⟩=8.6e-03, Len=sum([4.7, 4.6, 4.6])=13.9, ϰ=[5.7, 6.4, 8.3], ∫ϰ²/L=[6.1, 7.9, 8.1], C-C-Sep=0.20, ║∇J║=1.7e-02
-----On 14/20 Initial Guess Perturbations
Iteration 242/2500-----
J=1.2e-02, Jf=1.2e-03, ⟨B·n⟩=8.6e-03, Len=sum([4.7, 4.6, 4.6])=13.9, ϰ=[6.2, 6.2, 8.4], ∫ϰ²/L=[6.1, 7.9, 8.2], C-C-Sep=0.20, ║∇J║=2.5e-02
-----On 14/20 Initial Guess Perturbations
Iteration 243/2500-----
J=1.2e-02, Jf=1.2e-03, ⟨B·n⟩=8.6e-03, Len=sum([4.7, 4.6, 4.6])=13.9, ϰ=[6.3, 6.1, 8.2], ∫ϰ²/L=[6.1, 7.8, 8.1], C-C-Sep=0.20, ║∇J║=1.6e-02
-----On 14/20 Initial Guess Perturbations
Iteration 244/2500-----
J=1.2e-02, Jf=1.2e-03, ⟨B·n⟩=8.6e-03, Len=sum([4.7, 4.6, 4.6])=13.9, ϰ=[6.2, 6.0, 8.1], ∫ϰ²/L=[6.0, 7.7, 8.0], C-C-Sep=0.20, ║∇J║=1.6e-02
-----On 14/20 Initial Guess Perturbations
Iteration 245/2500-----
J=1.2e-02, Jf=1.2e-03, ⟨B·n⟩=8.6e-03, Len=sum([4.7, 4.6, 4.6])=13.9, ϰ=[6.0, 5.8, 8.1], ∫ϰ²/L=[5.9, 7.6, 7.8], C-C-Sep=0.20, ║∇J║=1.7e-02
-----On 14/20 Initial Guess Perturbations
Iteration 246/2500-----
J=1.2e-02, Jf=1.2e-03, ⟨B·n⟩=8.6e-03, Len=sum([4.7, 4.6, 4.6])=13.9, ϰ=[5.7, 5.6, 7.9], ∫ϰ²/L=[6.0, 7.7, 7.7], C-C-Sep=0.20, ║∇J║=2.2e-02
-----On 14/20 Initial Guess Perturbations
Iteration 247/2500-----
J=1.2e-02, Jf=1.2e-03, ⟨B·n⟩=8.6e-03, Len=sum([4.7, 4.6, 4.6])=13.9, ϰ=[5.4, 5.4, 7.8], ∫ϰ²/L=[6.0, 7.7, 7.7], C-C-Sep=0.20, ║∇J║=1.7e-02
-----On 14/20 Initial Guess Perturbations
Iteration 248/2500-----
J=1.2e-02, Jf=1.2e-03, ⟨B·n⟩=8.7e-03, Len=sum([4.7, 4.6, 4.6])=13.9, ϰ=[5.4, 5.2, 7.8], ∫ϰ²/L=[6.0, 7.7, 7.7], C-C-Sep=0.20, ║∇J║=1.6e-02
-----On 14/20 Initial Guess Perturbations
Iteration 249/2500-----
J=1.2e-02, Jf=1.2e-03, ⟨B·n⟩=8.6e-03, Len=sum([4.7, 4.6, 4.6])=13.9, ϰ=[5.4, 5.3, 7.6], ∫ϰ²/L=[6.0, 7.6, 7.7], C-C-Sep=0.20, ║∇J║=2.0e-02
-----On 14/20 Initial Guess Perturbations
Iteration 250/2500-----
J=1.2e-02, Jf=1.2e-03, ⟨B·n⟩=8.7e-03, Len=sum([4.7, 4.6, 4.6])=13.9, ϰ=[5.5, 5.4, 7.5], ∫ϰ²/L=[6.0, 7.6, 7.7], C-C-Sep=0.20, ║∇J║=1.4e-02
-----On 14/20 Initial Guess Perturbations
Iteration 251/2500-----
J=1.2e-02, Jf=1.2e-03, ⟨B·n⟩=8.7e-03, Len=sum([4.7, 4.6, 4.6])=13.9, ϰ=[5.5, 5.2, 7.2], ∫ϰ²/L=[6.0, 7.5, 7.6], C-C-Sep=0.20, ║∇J║=1.6e-02
-----On 14/20 Initial Guess Perturbations
Iteration 252/2500-----
J=1.2e-02, Jf=1.2e-03, ⟨B·n⟩=8.7e-03, Len=sum([4.7, 4.6, 4.6])=13.9, ϰ=[5.8, 5.2, 7.0], ∫ϰ²/L=[6.1, 7.4, 7.6], C-C-Sep=0.20, ║∇J║=1.7e-02
-----On 14/20 Initial Guess Perturbations
Iteration 253/2500-----
J=1.2e-02, Jf=1.2e-03, ⟨B·n⟩=8.7e-03, Len=sum([4.7, 4.6, 4.6])=13.8, ϰ=[5.9, 5.3, 6.7], ∫ϰ²/L=[6.1, 7.4, 7.6], C-C-Sep=0.20, ║∇J║=1.5e-02
-----On 14/20 Initial Guess Perturbations
Iteration 254/2500-----
J=1.2e-02, Jf=1.2e-03, ⟨B·n⟩=8.7e-03, Len=sum([4.7, 4.6, 4.6])=13.8, ϰ=[5.9, 5.5, 6.6], ∫ϰ²/L=[6.1, 7.4, 7.6], C-C-Sep=0.20, ║∇J║=1.9e-02
-----On 14/20 Initial Guess Perturbations
Iteration 255/2500-----
J=1.2e-02, Jf=1.2e-03, ⟨B·n⟩=8.7e-03, Len=sum([4.7, 4.6, 4.6])=13.8, ϰ=[5.9, 5.5, 6.5], ∫ϰ²/L=[6.2, 7.3, 7.5], C-C-Sep=0.20, ║∇J║=2.0e-02
-----On 14/20 Initial Guess Perturbations
Iteration 256/2500-----
J=1.2e-02, Jf=1.2e-03, ⟨B·n⟩=8.7e-03, Len=sum([4.7, 4.6, 4.6])=13.8, ϰ=[5.8, 5.3, 6.5], ∫ϰ²/L=[6.1, 7.3, 7.5], C-C-Sep=0.20, ║∇J║=1.3e-02
-----On 14/20 Initial Guess Perturbations
Iteration 257/2500-----
J=1.2e-02, Jf=1.2e-03, ⟨B·n⟩=8.7e-03, Len=sum([4.7, 4.6, 4.6])=13.8, ϰ=[5.6, 5.2, 6.5], ∫ϰ²/L=[5.9, 7.2, 7.4], C-C-Sep=0.20, ║∇J║=1.3e-02
-----On 14/20 Initial Guess Perturbations
Iteration 258/2500-----
J=1.2e-02, Jf=1.2e-03, ⟨B·n⟩=8.7e-03, Len=sum([4.7, 4.6, 4.5])=13.8, ϰ=[5.4, 5.3, 6.3], ∫ϰ²/L=[5.9, 7.3, 7.5], C-C-Sep=0.20, ║∇J║=1.5e-02
-----On 14/20 Initial Guess Perturbations
Iteration 259/2500-----
J=1.2e-02, Jf=1.2e-03, ⟨B·n⟩=8.7e-03, Len=sum([4.7, 4.6, 4.5])=13.8, ϰ=[5.4, 5.4, 6.2], ∫ϰ²/L=[5.8, 7.4, 7.5], C-C-Sep=0.20, ║∇J║=1.5e-02
-----On 14/20 Initial Guess Perturbations
Iteration 260/2500-----
J=1.2e-02, Jf=1.2e-03, ⟨B·n⟩=8.7e-03, Len=sum([4.7, 4.6, 4.5])=13.8, ϰ=[5.3, 5.6, 6.0], ∫ϰ²/L=[5.8, 7.5, 7.5], C-C-Sep=0.20, ║∇J║=2.0e-02
-----On 14/20 Initial Guess Perturbations
Iteration 261/2500-----
J=1.2e-02, Jf=1.2e-03, ⟨B·n⟩=8.7e-03, Len=sum([4.7, 4.6, 4.5])=13.8, ϰ=[5.3, 5.9, 5.9], ∫ϰ²/L=[5.9, 7.6, 7.5], C-C-Sep=0.20, ║∇J║=1.8e-02
-----On 14/20 Initial Guess Perturbations
Iteration 262/2500-----
J=1.2e-02, Jf=1.2e-03, ⟨B·n⟩=8.7e-03, Len=sum([4.7, 4.6, 4.5])=13.8, ϰ=[5.3, 5.9, 6.0], ∫ϰ²/L=[5.8, 7.5, 7.3], C-C-Sep=0.20, ║∇J║=1.5e-02
-----On 14/20 Initial Guess Perturbations
Iteration 263/2500-----
J=1.2e-02, Jf=1.2e-03, ⟨B·n⟩=8.7e-03, Len=sum([4.7, 4.6, 4.5])=13.8, ϰ=[5.2, 5.8, 6.0], ∫ϰ²/L=[5.8, 7.4, 7.2], C-C-Sep=0.20, ║∇J║=1.6e-02
-----On 14/20 Initial Guess Perturbations
Iteration 264/2500-----
J=1.2e-02, Jf=1.2e-03, ⟨B·n⟩=8.7e-03, Len=sum([4.7, 4.6, 4.5])=13.8, ϰ=[5.4, 5.7, 6.0], ∫ϰ²/L=[5.9, 7.4, 7.1], C-C-Sep=0.20, ║∇J║=1.6e-02
-----On 14/20 Initial Guess Perturbations
Iteration 265/2500-----
J=1.2e-02, Jf=1.2e-03, ⟨B·n⟩=8.7e-03, Len=sum([4.7, 4.6, 4.5])=13.8, ϰ=[5.5, 5.7, 6.0], ∫ϰ²/L=[6.1, 7.4, 7.2], C-C-Sep=0.20, ║∇J║=1.5e-02
-----On 14/20 Initial Guess Perturbations
Iteration 266/2500-----
J=1.2e-02, Jf=1.2e-03, ⟨B·n⟩=8.7e-03, Len=sum([4.7, 4.6, 4.5])=13.8, ϰ=[5.4, 5.6, 6.0], ∫ϰ²/L=[6.2, 7.4, 7.3], C-C-Sep=0.20, ║∇J║=1.8e-02
-----On 14/20 Initial Guess Perturbations
Iteration 267/2500-----
J=1.2e-02, Jf=1.2e-03, ⟨B·n⟩=8.7e-03, Len=sum([4.7, 4.6, 4.5])=13.8, ϰ=[5.6, 5.5, 6.0], ∫ϰ²/L=[6.1, 7.4, 7.3], C-C-Sep=0.20, ║∇J║=1.7e-02
-----On 14/20 Initial Guess Perturbations
Iteration 268/2500-----
J=1.2e-02, Jf=1.2e-03, ⟨B·n⟩=8.7e-03, Len=sum([4.7, 4.6, 4.5])=13.8, ϰ=[5.5, 5.4, 6.0], ∫ϰ²/L=[6.0, 7.4, 7.2], C-C-Sep=0.20, ║∇J║=1.6e-02
-----On 14/20 Initial Guess Perturbations
Iteration 269/2500-----
J=1.2e-02, Jf=1.2e-03, ⟨B·n⟩=8.7e-03, Len=sum([4.7, 4.6, 4.5])=13.7, ϰ=[5.5, 5.5, 6.2], ∫ϰ²/L=[5.9, 7.5, 7.2], C-C-Sep=0.20, ║∇J║=1.9e-02
-----On 14/20 Initial Guess Perturbations
Iteration 270/2500-----
J=1.2e-02, Jf=1.2e-03, ⟨B·n⟩=8.7e-03, Len=sum([4.7, 4.6, 4.5])=13.7, ϰ=[5.2, 5.7, 6.1], ∫ϰ²/L=[5.9, 7.6, 7.2], C-C-Sep=0.20, ║∇J║=2.3e-02
-----On 14/20 Initial Guess Perturbations
Iteration 271/2500-----
J=1.2e-02, Jf=1.2e-03, ⟨B·n⟩=8.7e-03, Len=sum([4.7, 4.6, 4.5])=13.7, ϰ=[5.2, 5.8, 6.2], ∫ϰ²/L=[5.9, 7.6, 7.1], C-C-Sep=0.20, ║∇J║=1.8e-02
-----On 14/20 Initial Guess Perturbations
Iteration 272/2500-----
J=1.2e-02, Jf=1.2e-03, ⟨B·n⟩=8.7e-03, Len=sum([4.7, 4.6, 4.5])=13.7, ϰ=[5.2, 5.9, 6.3], ∫ϰ²/L=[5.9, 7.6, 7.0], C-C-Sep=0.20, ║∇J║=1.8e-02
-----On 14/20 Initial Guess Perturbations
Iteration 273/2500-----
J=1.2e-02, Jf=1.2e-03, ⟨B·n⟩=8.7e-03, Len=sum([4.7, 4.6, 4.5])=13.7, ϰ=[5.4, 6.0, 6.1], ∫ϰ²/L=[5.9, 7.6, 7.0], C-C-Sep=0.20, ║∇J║=1.9e-02
-----On 14/20 Initial Guess Perturbations
Iteration 274/2500-----
J=1.2e-02, Jf=1.2e-03, ⟨B·n⟩=8.6e-03, Len=sum([4.7, 4.6, 4.5])=13.7, ϰ=[5.3, 6.0, 6.0], ∫ϰ²/L=[5.8, 7.6, 6.9], C-C-Sep=0.20, ║∇J║=1.9e-02
-----On 14/20 Initial Guess Perturbations
Iteration 275/2500-----
J=1.2e-02, Jf=1.2e-03, ⟨B·n⟩=8.6e-03, Len=sum([4.7, 4.6, 4.4])=13.7, ϰ=[5.5, 5.9, 5.4], ∫ϰ²/L=[5.9, 7.8, 7.1], C-C-Sep=0.20, ║∇J║=2.0e-02
-----On 14/20 Initial Guess Perturbations
Iteration 276/2500-----
J=1.2e-02, Jf=1.2e-03, ⟨B·n⟩=8.6e-03, Len=sum([4.7, 4.6, 4.4])=13.7, ϰ=[5.9, 5.8, 5.2], ∫ϰ²/L=[6.0, 7.8, 7.2], C-C-Sep=0.20, ║∇J║=2.2e-02
-----On 14/20 Initial Guess Perturbations
Iteration 277/2500-----
J=1.2e-02, Jf=1.2e-03, ⟨B·n⟩=8.6e-03, Len=sum([4.7, 4.6, 4.4])=13.7, ϰ=[6.0, 5.7, 5.0], ∫ϰ²/L=[6.1, 7.7, 7.1], C-C-Sep=0.20, ║∇J║=2.1e-02
-----On 14/20 Initial Guess Perturbations
Iteration 278/2500-----
J=1.2e-02, Jf=1.1e-03, ⟨B·n⟩=8.5e-03, Len=sum([4.7, 4.6, 4.4])=13.7, ϰ=[5.9, 5.6, 4.7], ∫ϰ²/L=[6.1, 7.5, 6.9], C-C-Sep=0.20, ║∇J║=1.9e-02
-----On 14/20 Initial Guess Perturbations
Iteration 279/2500-----
J=1.2e-02, Jf=1.1e-03, ⟨B·n⟩=8.5e-03, Len=sum([4.7, 4.6, 4.4])=13.7, ϰ=[5.9, 5.6, 4.6], ∫ϰ²/L=[6.3, 7.5, 7.0], C-C-Sep=0.20, ║∇J║=1.8e-02
-----On 14/20 Initial Guess Perturbations
Iteration 280/2500-----
J=1.2e-02, Jf=1.1e-03, ⟨B·n⟩=8.5e-03, Len=sum([4.7, 4.6, 4.4])=13.7, ϰ=[5.9, 5.7, 5.1], ∫ϰ²/L=[6.4, 7.5, 7.2], C-C-Sep=0.20, ║∇J║=2.3e-02
-----On 14/20 Initial Guess Perturbations
Iteration 281/2500-----
J=1.2e-02, Jf=1.1e-03, ⟨B·n⟩=8.5e-03, Len=sum([4.7, 4.6, 4.4])=13.7, ϰ=[6.0, 5.7, 5.2], ∫ϰ²/L=[6.4, 7.8, 7.4], C-C-Sep=0.20, ║∇J║=3.1e-02
-----On 14/20 Initial Guess Perturbations
Iteration 282/2500-----
J=1.2e-02, Jf=1.1e-03, ⟨B·n⟩=8.4e-03, Len=sum([4.7, 4.6, 4.4])=13.7, ϰ=[5.9, 5.8, 5.2], ∫ϰ²/L=[6.3, 7.6, 7.3], C-C-Sep=0.20, ║∇J║=1.8e-02
-----On 14/20 Initial Guess Perturbations
Iteration 283/2500-----
J=1.2e-02, Jf=1.1e-03, ⟨B·n⟩=8.4e-03, Len=sum([4.7, 4.6, 4.4])=13.7, ϰ=[5.8, 5.7, 5.1], ∫ϰ²/L=[6.1, 7.5, 7.3], C-C-Sep=0.20, ║∇J║=1.7e-02
-----On 14/20 Initial Guess Perturbations
Iteration 284/2500-----
J=1.2e-02, Jf=1.1e-03, ⟨B·n⟩=8.4e-03, Len=sum([4.7, 4.6, 4.4])=13.7, ϰ=[5.3, 5.5, 5.0], ∫ϰ²/L=[6.1, 7.4, 7.3], C-C-Sep=0.20, ║∇J║=2.1e-02
-----On 14/20 Initial Guess Perturbations
Iteration 285/2500-----
J=1.2e-02, Jf=1.1e-03, ⟨B·n⟩=8.3e-03, Len=sum([4.7, 4.6, 4.4])=13.7, ϰ=[5.1, 5.5, 4.8], ∫ϰ²/L=[6.1, 7.4, 7.4], C-C-Sep=0.20, ║∇J║=3.0e-02
-----On 14/20 Initial Guess Perturbations
Iteration 286/2500-----
J=1.2e-02, Jf=1.1e-03, ⟨B·n⟩=8.3e-03, Len=sum([4.7, 4.6, 4.4])=13.7, ϰ=[5.3, 5.4, 5.1], ∫ϰ²/L=[6.4, 7.4, 7.6], C-C-Sep=0.20, ║∇J║=2.0e-02
-----On 14/20 Initial Guess Perturbations
Iteration 287/2500-----
J=1.2e-02, Jf=1.1e-03, ⟨B·n⟩=8.3e-03, Len=sum([4.7, 4.6, 4.4])=13.7, ϰ=[5.3, 5.5, 4.9], ∫ϰ²/L=[6.3, 7.3, 7.4], C-C-Sep=0.20, ║∇J║=1.8e-02
-----On 14/20 Initial Guess Perturbations
Iteration 288/2500-----
J=1.2e-02, Jf=1.1e-03, ⟨B·n⟩=8.3e-03, Len=sum([4.7, 4.6, 4.4])=13.7, ϰ=[5.2, 5.5, 4.6], ∫ϰ²/L=[6.2, 7.3, 7.5], C-C-Sep=0.20, ║∇J║=2.6e-02
-----On 14/20 Initial Guess Perturbations
Iteration 289/2500-----
J=1.2e-02, Jf=1.1e-03, ⟨B·n⟩=8.3e-03, Len=sum([4.7, 4.6, 4.4])=13.7, ϰ=[5.1, 5.6, 4.5], ∫ϰ²/L=[6.0, 7.2, 7.3], C-C-Sep=0.20, ║∇J║=2.4e-02
-----On 14/20 Initial Guess Perturbations
Iteration 290/2500-----
J=1.2e-02, Jf=1.1e-03, ⟨B·n⟩=8.2e-03, Len=sum([4.7, 4.6, 4.4])=13.7, ϰ=[5.0, 5.6, 4.8], ∫ϰ²/L=[6.0, 7.1, 7.3], C-C-Sep=0.20, ║∇J║=1.9e-02
-----On 14/20 Initial Guess Perturbations
Iteration 291/2500-----
J=1.2e-02, Jf=1.1e-03, ⟨B·n⟩=8.2e-03, Len=sum([4.7, 4.6, 4.4])=13.7, ϰ=[4.7, 5.5, 5.2], ∫ϰ²/L=[5.8, 7.1, 7.3], C-C-Sep=0.20, ║∇J║=1.8e-02
-----On 14/20 Initial Guess Perturbations
Iteration 292/2500-----
J=1.2e-02, Jf=1.0e-03, ⟨B·n⟩=8.2e-03, Len=sum([4.7, 4.6, 4.4])=13.7, ϰ=[4.7, 5.3, 5.6], ∫ϰ²/L=[5.8, 7.1, 7.4], C-C-Sep=0.20, ║∇J║=2.1e-02
-----On 14/20 Initial Guess Perturbations
Iteration 293/2500-----
J=1.2e-02, Jf=1.0e-03, ⟨B·n⟩=8.2e-03, Len=sum([4.7, 4.6, 4.4])=13.7, ϰ=[4.8, 5.3, 6.0], ∫ϰ²/L=[5.9, 7.1, 7.4], C-C-Sep=0.20, ║∇J║=2.1e-02
-----On 14/20 Initial Guess Perturbations
Iteration 294/2500-----
J=1.2e-02, Jf=1.0e-03, ⟨B·n⟩=8.2e-03, Len=sum([4.7, 4.6, 4.4])=13.7, ϰ=[4.8, 5.4, 5.9], ∫ϰ²/L=[5.9, 7.0, 7.3], C-C-Sep=0.20, ║∇J║=1.9e-02
-----On 14/20 Initial Guess Perturbations
Iteration 295/2500-----
J=1.2e-02, Jf=1.0e-03, ⟨B·n⟩=8.2e-03, Len=sum([4.7, 4.6, 4.4])=13.7, ϰ=[5.1, 5.4, 6.1], ∫ϰ²/L=[5.8, 6.8, 7.3], C-C-Sep=0.20, ║∇J║=1.8e-02
-----On 14/20 Initial Guess Perturbations
Iteration 296/2500-----
J=1.2e-02, Jf=1.0e-03, ⟨B·n⟩=8.2e-03, Len=sum([4.7, 4.6, 4.4])=13.7, ϰ=[5.5, 5.4, 6.2], ∫ϰ²/L=[5.9, 6.7, 7.2], C-C-Sep=0.20, ║∇J║=2.2e-02
-----On 14/20 Initial Guess Perturbations
Iteration 297/2500-----
J=1.2e-02, Jf=1.0e-03, ⟨B·n⟩=8.2e-03, Len=sum([4.7, 4.6, 4.3])=13.7, ϰ=[6.0, 5.4, 6.2], ∫ϰ²/L=[5.9, 6.7, 7.1], C-C-Sep=0.20, ║∇J║=1.8e-02
-----On 14/20 Initial Guess Perturbations
Iteration 298/2500-----
J=1.2e-02, Jf=1.0e-03, ⟨B·n⟩=8.1e-03, Len=sum([4.7, 4.6, 4.3])=13.7, ϰ=[6.1, 5.3, 6.8], ∫ϰ²/L=[6.0, 6.8, 7.4], C-C-Sep=0.20, ║∇J║=2.3e-02
-----On 14/20 Initial Guess Perturbations
Iteration 299/2500-----
J=1.2e-02, Jf=1.0e-03, ⟨B·n⟩=8.2e-03, Len=sum([4.7, 4.6, 4.3])=13.6, ϰ=[6.0, 5.2, 6.5], ∫ϰ²/L=[5.9, 6.8, 7.3], C-C-Sep=0.20, ║∇J║=1.7e-02
-----On 14/20 Initial Guess Perturbations
Iteration 300/2500-----
J=1.2e-02, Jf=1.0e-03, ⟨B·n⟩=8.1e-03, Len=sum([4.7, 4.6, 4.3])=13.6, ϰ=[5.8, 5.2, 6.3], ∫ϰ²/L=[5.7, 6.7, 7.3], C-C-Sep=0.20, ║∇J║=1.4e-02
-----On 14/20 Initial Guess Perturbations
Iteration 301/2500-----
J=1.2e-02, Jf=1.0e-03, ⟨B·n⟩=8.1e-03, Len=sum([4.7, 4.6, 4.3])=13.6, ϰ=[5.6, 5.4, 6.3], ∫ϰ²/L=[5.5, 6.6, 7.3], C-C-Sep=0.20, ║∇J║=1.5e-02
-----On 14/20 Initial Guess Perturbations
Iteration 302/2500-----
J=1.2e-02, Jf=1.0e-03, ⟨B·n⟩=8.1e-03, Len=sum([4.7, 4.6, 4.3])=13.6, ϰ=[5.2, 5.6, 6.4], ∫ϰ²/L=[5.5, 6.7, 7.4], C-C-Sep=0.20, ║∇J║=1.7e-02
-----On 14/20 Initial Guess Perturbations
Iteration 303/2500-----
J=1.2e-02, Jf=1.0e-03, ⟨B·n⟩=8.1e-03, Len=sum([4.7, 4.6, 4.3])=13.6, ϰ=[4.8, 5.8, 6.8], ∫ϰ²/L=[5.5, 6.8, 7.5], C-C-Sep=0.20, ║∇J║=1.9e-02
-----On 14/20 Initial Guess Perturbations
Iteration 304/2500-----
J=1.2e-02, Jf=1.0e-03, ⟨B·n⟩=8.1e-03, Len=sum([4.7, 4.6, 4.3])=13.6, ϰ=[5.0, 6.0, 6.7], ∫ϰ²/L=[5.6, 6.8, 7.4], C-C-Sep=0.20, ║∇J║=1.6e-02
-----On 14/20 Initial Guess Perturbations
Iteration 305/2500-----
J=1.2e-02, Jf=1.0e-03, ⟨B·n⟩=8.1e-03, Len=sum([4.7, 4.6, 4.3])=13.6, ϰ=[5.1, 6.2, 6.7], ∫ϰ²/L=[5.6, 6.7, 7.5], C-C-Sep=0.20, ║∇J║=1.8e-02
-----On 14/20 Initial Guess Perturbations
Iteration 306/2500-----
J=1.2e-02, Jf=1.0e-03, ⟨B·n⟩=8.0e-03, Len=sum([4.8, 4.6, 4.3])=13.6, ϰ=[5.0, 6.2, 6.6], ∫ϰ²/L=[5.5, 6.7, 7.3], C-C-Sep=0.20, ║∇J║=1.7e-02
-----On 14/20 Initial Guess Perturbations
Iteration 307/2500-----
J=1.2e-02, Jf=1.0e-03, ⟨B·n⟩=8.0e-03, Len=sum([4.8, 4.6, 4.3])=13.6, ϰ=[4.9, 6.2, 6.6], ∫ϰ²/L=[5.5, 6.6, 7.3], C-C-Sep=0.20, ║∇J║=1.3e-02
-----On 14/20 Initial Guess Perturbations
Iteration 308/2500-----
J=1.2e-02, Jf=1.0e-03, ⟨B·n⟩=8.0e-03, Len=sum([4.8, 4.6, 4.3])=13.6, ϰ=[4.8, 6.1, 6.6], ∫ϰ²/L=[5.4, 6.6, 7.3], C-C-Sep=0.20, ║∇J║=1.2e-02
-----On 14/20 Initial Guess Perturbations
Iteration 309/2500-----
J=1.2e-02, Jf=1.0e-03, ⟨B·n⟩=8.0e-03, Len=sum([4.8, 4.6, 4.3])=13.6, ϰ=[4.9, 6.0, 6.7], ∫ϰ²/L=[5.4, 6.6, 7.4], C-C-Sep=0.20, ║∇J║=1.3e-02
-----On 14/20 Initial Guess Perturbations
Iteration 310/2500-----
J=1.2e-02, Jf=1.0e-03, ⟨B·n⟩=8.0e-03, Len=sum([4.8, 4.6, 4.3])=13.6, ϰ=[5.2, 6.0, 6.8], ∫ϰ²/L=[5.5, 6.6, 7.4], C-C-Sep=0.20, ║∇J║=1.5e-02
-----On 14/20 Initial Guess Perturbations
Iteration 311/2500-----
J=1.2e-02, Jf=1.0e-03, ⟨B·n⟩=8.1e-03, Len=sum([4.7, 4.6, 4.3])=13.6, ϰ=[5.5, 6.0, 7.1], ∫ϰ²/L=[5.5, 6.5, 7.5], C-C-Sep=0.20, ║∇J║=1.5e-02
-----On 14/20 Initial Guess Perturbations
Iteration 312/2500-----
J=1.2e-02, Jf=1.0e-03, ⟨B·n⟩=8.1e-03, Len=sum([4.7, 4.6, 4.3])=13.6, ϰ=[5.6, 5.6, 7.1], ∫ϰ²/L=[5.5, 6.5, 7.5], C-C-Sep=0.20, ║∇J║=1.5e-02
-----On 14/20 Initial Guess Perturbations
Iteration 313/2500-----
J=1.2e-02, Jf=1.0e-03, ⟨B·n⟩=8.1e-03, Len=sum([4.7, 4.6, 4.3])=13.6, ϰ=[5.6, 5.4, 7.2], ∫ϰ²/L=[5.4, 6.5, 7.4], C-C-Sep=0.20, ║∇J║=1.4e-02
-----On 14/20 Initial Guess Perturbations
Iteration 314/2500-----
J=1.2e-02, Jf=1.0e-03, ⟨B·n⟩=8.1e-03, Len=sum([4.7, 4.6, 4.3])=13.6, ϰ=[5.4, 5.1, 6.9], ∫ϰ²/L=[5.3, 6.6, 7.3], C-C-Sep=0.20, ║∇J║=1.3e-02
-----On 14/20 Initial Guess Perturbations
Iteration 315/2500-----
J=1.2e-02, Jf=1.0e-03, ⟨B·n⟩=8.1e-03, Len=sum([4.7, 4.6, 4.3])=13.6, ϰ=[5.2, 5.3, 6.9], ∫ϰ²/L=[5.2, 6.7, 7.3], C-C-Sep=0.20, ║∇J║=1.2e-02
-----On 14/20 Initial Guess Perturbations
Iteration 316/2500-----
J=1.2e-02, Jf=1.0e-03, ⟨B·n⟩=8.1e-03, Len=sum([4.7, 4.6, 4.3])=13.6, ϰ=[5.1, 5.5, 6.7], ∫ϰ²/L=[5.2, 6.6, 7.2], C-C-Sep=0.20, ║∇J║=1.0e-02
-----On 14/20 Initial Guess Perturbations
Iteration 317/2500-----
J=1.2e-02, Jf=1.0e-03, ⟨B·n⟩=8.1e-03, Len=sum([4.7, 4.6, 4.2])=13.6, ϰ=[5.0, 5.7, 6.4], ∫ϰ²/L=[5.2, 6.6, 7.1], C-C-Sep=0.20, ║∇J║=1.3e-02
-----On 14/20 Initial Guess Perturbations
Iteration 318/2500-----
J=1.2e-02, Jf=1.0e-03, ⟨B·n⟩=8.1e-03, Len=sum([4.7, 4.6, 4.2])=13.6, ϰ=[5.1, 5.7, 6.1], ∫ϰ²/L=[5.3, 6.6, 7.1], C-C-Sep=0.20, ║∇J║=2.1e-02
-----On 14/20 Initial Guess Perturbations
Iteration 319/2500-----
J=1.2e-02, Jf=1.0e-03, ⟨B·n⟩=8.1e-03, Len=sum([4.7, 4.6, 4.2])=13.5, ϰ=[5.0, 5.6, 6.1], ∫ϰ²/L=[5.3, 6.5, 7.0], C-C-Sep=0.20, ║∇J║=1.1e-02
-----On 14/20 Initial Guess Perturbations
Iteration 320/2500-----
J=1.2e-02, Jf=1.0e-03, ⟨B·n⟩=8.1e-03, Len=sum([4.7, 4.6, 4.2])=13.5, ϰ=[5.0, 5.4, 6.1], ∫ϰ²/L=[5.2, 6.5, 7.0], C-C-Sep=0.20, ║∇J║=1.1e-02
-----On 14/20 Initial Guess Perturbations
Iteration 321/2500-----
J=1.2e-02, Jf=1.0e-03, ⟨B·n⟩=8.2e-03, Len=sum([4.7, 4.6, 4.2])=13.5, ϰ=[5.0, 5.3, 6.1], ∫ϰ²/L=[5.2, 6.5, 7.0], C-C-Sep=0.20, ║∇J║=1.1e-02
-----On 14/20 Initial Guess Perturbations
Iteration 322/2500-----
J=1.2e-02, Jf=1.0e-03, ⟨B·n⟩=8.2e-03, Len=sum([4.7, 4.6, 4.2])=13.5, ϰ=[5.0, 5.3, 6.0], ∫ϰ²/L=[5.3, 6.5, 6.9], C-C-Sep=0.20, ║∇J║=1.2e-02
-----On 14/20 Initial Guess Perturbations
Iteration 323/2500-----
J=1.2e-02, Jf=1.0e-03, ⟨B·n⟩=8.2e-03, Len=sum([4.7, 4.6, 4.2])=13.5, ϰ=[5.1, 5.3, 5.8], ∫ϰ²/L=[5.3, 6.5, 6.9], C-C-Sep=0.20, ║∇J║=1.1e-02
-----On 14/20 Initial Guess Perturbations
Iteration 324/2500-----
J=1.2e-02, Jf=1.0e-03, ⟨B·n⟩=8.2e-03, Len=sum([4.7, 4.6, 4.2])=13.5, ϰ=[5.1, 5.2, 5.9], ∫ϰ²/L=[5.3, 6.5, 6.8], C-C-Sep=0.20, ║∇J║=8.4e-03
-----On 14/20 Initial Guess Perturbations
Iteration 325/2500-----
J=1.2e-02, Jf=1.0e-03, ⟨B·n⟩=8.2e-03, Len=sum([4.7, 4.6, 4.2])=13.5, ϰ=[5.1, 5.1, 5.9], ∫ϰ²/L=[5.3, 6.5, 6.8], C-C-Sep=0.20, ║∇J║=8.9e-03
-----On 14/20 Initial Guess Perturbations
Iteration 326/2500-----
J=1.2e-02, Jf=1.0e-03, ⟨B·n⟩=8.2e-03, Len=sum([4.7, 4.6, 4.2])=13.5, ϰ=[5.1, 5.1, 6.0], ∫ϰ²/L=[5.2, 6.5, 6.7], C-C-Sep=0.20, ║∇J║=9.6e-03
-----On 14/20 Initial Guess Perturbations
Iteration 327/2500-----
J=1.2e-02, Jf=1.0e-03, ⟨B·n⟩=8.3e-03, Len=sum([4.7, 4.6, 4.2])=13.5, ϰ=[5.1, 5.1, 5.9], ∫ϰ²/L=[5.2, 6.5, 6.7], C-C-Sep=0.20, ║∇J║=1.2e-02
-----On 14/20 Initial Guess Perturbations
Iteration 328/2500-----
J=1.2e-02, Jf=1.1e-03, ⟨B·n⟩=8.3e-03, Len=sum([4.7, 4.6, 4.2])=13.5, ϰ=[5.0, 5.3, 5.9], ∫ϰ²/L=[5.2, 6.5, 6.6], C-C-Sep=0.20, ║∇J║=8.5e-03
-----On 14/20 Initial Guess Perturbations
Iteration 329/2500-----
J=1.2e-02, Jf=1.1e-03, ⟨B·n⟩=8.3e-03, Len=sum([4.7, 4.6, 4.2])=13.5, ϰ=[5.0, 5.4, 5.7], ∫ϰ²/L=[5.2, 6.4, 6.6], C-C-Sep=0.20, ║∇J║=7.2e-03
-----On 14/20 Initial Guess Perturbations
Iteration 330/2500-----
J=1.2e-02, Jf=1.1e-03, ⟨B·n⟩=8.3e-03, Len=sum([4.7, 4.6, 4.2])=13.5, ϰ=[4.9, 5.4, 5.5], ∫ϰ²/L=[5.2, 6.4, 6.6], C-C-Sep=0.20, ║∇J║=6.5e-03
-----On 14/20 Initial Guess Perturbations
Iteration 331/2500-----
J=1.2e-02, Jf=1.1e-03, ⟨B·n⟩=8.3e-03, Len=sum([4.7, 4.5, 4.2])=13.5, ϰ=[4.8, 5.3, 5.4], ∫ϰ²/L=[5.2, 6.4, 6.5], C-C-Sep=0.20, ║∇J║=7.9e-03
-----On 14/20 Initial Guess Perturbations
Iteration 332/2500-----
J=1.2e-02, Jf=1.1e-03, ⟨B·n⟩=8.3e-03, Len=sum([4.7, 4.5, 4.2])=13.5, ϰ=[4.8, 5.3, 5.2], ∫ϰ²/L=[5.2, 6.4, 6.5], C-C-Sep=0.20, ║∇J║=6.2e-03
-----On 14/20 Initial Guess Perturbations
Iteration 333/2500-----
J=1.2e-02, Jf=1.1e-03, ⟨B·n⟩=8.3e-03, Len=sum([4.7, 4.5, 4.2])=13.5, ϰ=[4.9, 5.2, 5.2], ∫ϰ²/L=[5.2, 6.4, 6.5], C-C-Sep=0.20, ║∇J║=6.9e-03
-----On 14/20 Initial Guess Perturbations
Iteration 334/2500-----
J=1.2e-02, Jf=1.1e-03, ⟨B·n⟩=8.4e-03, Len=sum([4.7, 4.5, 4.2])=13.5, ϰ=[4.9, 5.3, 5.1], ∫ϰ²/L=[5.2, 6.4, 6.5], C-C-Sep=0.20, ║∇J║=8.9e-03
-----On 14/20 Initial Guess Perturbations
Iteration 335/2500-----
J=1.2e-02, Jf=1.1e-03, ⟨B·n⟩=8.4e-03, Len=sum([4.7, 4.5, 4.2])=13.5, ϰ=[5.0, 5.3, 5.0], ∫ϰ²/L=[5.1, 6.4, 6.4], C-C-Sep=0.20, ║∇J║=6.0e-03
-----On 14/20 Initial Guess Perturbations
Iteration 336/2500-----
J=1.2e-02, Jf=1.1e-03, ⟨B·n⟩=8.4e-03, Len=sum([4.7, 4.5, 4.2])=13.5, ϰ=[5.0, 5.4, 5.0], ∫ϰ²/L=[5.1, 6.4, 6.4], C-C-Sep=0.20, ║∇J║=5.3e-03
-----On 14/20 Initial Guess Perturbations
Iteration 337/2500-----
J=1.2e-02, Jf=1.1e-03, ⟨B·n⟩=8.4e-03, Len=sum([4.7, 4.5, 4.2])=13.5, ϰ=[4.9, 5.4, 4.8], ∫ϰ²/L=[5.1, 6.4, 6.4], C-C-Sep=0.20, ║∇J║=6.6e-03
-----On 14/20 Initial Guess Perturbations
Iteration 338/2500-----
J=1.2e-02, Jf=1.1e-03, ⟨B·n⟩=8.4e-03, Len=sum([4.7, 4.5, 4.2])=13.5, ϰ=[4.7, 5.5, 4.7], ∫ϰ²/L=[5.1, 6.4, 6.4], C-C-Sep=0.20, ║∇J║=5.9e-03
-----On 14/20 Initial Guess Perturbations
Iteration 339/2500-----
J=1.2e-02, Jf=1.1e-03, ⟨B·n⟩=8.4e-03, Len=sum([4.7, 4.5, 4.2])=13.5, ϰ=[4.7, 5.5, 4.5], ∫ϰ²/L=[5.1, 6.4, 6.4], C-C-Sep=0.20, ║∇J║=5.4e-03
-----On 14/20 Initial Guess Perturbations
Iteration 340/2500-----
J=1.2e-02, Jf=1.1e-03, ⟨B·n⟩=8.4e-03, Len=sum([4.7, 4.5, 4.2])=13.4, ϰ=[4.7, 5.5, 4.5], ∫ϰ²/L=[5.1, 6.4, 6.4], C-C-Sep=0.20, ║∇J║=4.7e-03
-----On 14/20 Initial Guess Perturbations
Iteration 341/2500-----
J=1.2e-02, Jf=1.1e-03, ⟨B·n⟩=8.4e-03, Len=sum([4.7, 4.5, 4.2])=13.4, ϰ=[4.8, 5.5, 4.5], ∫ϰ²/L=[5.1, 6.4, 6.4], C-C-Sep=0.20, ║∇J║=4.2e-03
-----On 14/20 Initial Guess Perturbations
Iteration 342/2500-----
J=1.2e-02, Jf=1.1e-03, ⟨B·n⟩=8.4e-03, Len=sum([4.7, 4.5, 4.2])=13.4, ϰ=[4.8, 5.5, 4.5], ∫ϰ²/L=[5.1, 6.4, 6.4], C-C-Sep=0.20, ║∇J║=4.5e-03
-----On 14/20 Initial Guess Perturbations
Iteration 343/2500-----
J=1.2e-02, Jf=1.1e-03, ⟨B·n⟩=8.4e-03, Len=sum([4.7, 4.5, 4.2])=13.4, ϰ=[4.9, 5.5, 4.5], ∫ϰ²/L=[5.0, 6.4, 6.3], C-C-Sep=0.20, ║∇J║=5.7e-03
-----On 14/20 Initial Guess Perturbations
Iteration 344/2500-----
J=1.2e-02, Jf=1.1e-03, ⟨B·n⟩=8.4e-03, Len=sum([4.7, 4.5, 4.2])=13.4, ϰ=[4.9, 5.6, 4.5], ∫ϰ²/L=[5.0, 6.4, 6.3], C-C-Sep=0.20, ║∇J║=3.9e-03
-----On 14/20 Initial Guess Perturbations
Iteration 345/2500-----
J=1.2e-02, Jf=1.1e-03, ⟨B·n⟩=8.4e-03, Len=sum([4.7, 4.5, 4.2])=13.4, ϰ=[4.8, 5.6, 4.5], ∫ϰ²/L=[5.0, 6.4, 6.3], C-C-Sep=0.20, ║∇J║=3.4e-03
-----On 14/20 Initial Guess Perturbations
Iteration 346/2500-----
J=1.2e-02, Jf=1.1e-03, ⟨B·n⟩=8.4e-03, Len=sum([4.7, 4.5, 4.2])=13.4, ϰ=[4.8, 5.5, 4.5], ∫ϰ²/L=[5.0, 6.4, 6.3], C-C-Sep=0.20, ║∇J║=5.2e-03
-----On 14/20 Initial Guess Perturbations
Iteration 347/2500-----
J=1.2e-02, Jf=1.1e-03, ⟨B·n⟩=8.4e-03, Len=sum([4.7, 4.5, 4.2])=13.4, ϰ=[4.8, 5.5, 4.5], ∫ϰ²/L=[5.0, 6.4, 6.3], C-C-Sep=0.20, ║∇J║=3.5e-03
-----On 14/20 Initial Guess Perturbations
Iteration 348/2500-----
J=1.2e-02, Jf=1.1e-03, ⟨B·n⟩=8.4e-03, Len=sum([4.7, 4.5, 4.2])=13.4, ϰ=[4.8, 5.5, 4.5], ∫ϰ²/L=[5.0, 6.4, 6.3], C-C-Sep=0.20, ║∇J║=3.2e-03
-----On 14/20 Initial Guess Perturbations
Iteration 349/2500-----
J=1.2e-02, Jf=1.1e-03, ⟨B·n⟩=8.4e-03, Len=sum([4.7, 4.5, 4.2])=13.4, ϰ=[4.8, 5.5, 4.5], ∫ϰ²/L=[5.0, 6.4, 6.3], C-C-Sep=0.20, ║∇J║=3.5e-03
-----On 14/20 Initial Guess Perturbations
Iteration 350/2500-----
J=1.2e-02, Jf=1.1e-03, ⟨B·n⟩=8.4e-03, Len=sum([4.7, 4.5, 4.2])=13.4, ϰ=[4.9, 5.5, 4.5], ∫ϰ²/L=[5.0, 6.3, 6.3], C-C-Sep=0.20, ║∇J║=3.4e-03
-----On 14/20 Initial Guess Perturbations
Iteration 351/2500-----
J=1.2e-02, Jf=1.1e-03, ⟨B·n⟩=8.4e-03, Len=sum([4.7, 4.5, 4.2])=13.4, ϰ=[4.9, 5.4, 4.6], ∫ϰ²/L=[5.0, 6.3, 6.3], C-C-Sep=0.20, ║∇J║=2.5e-03
-----On 14/20 Initial Guess Perturbations
Iteration 352/2500-----
J=1.2e-02, Jf=1.1e-03, ⟨B·n⟩=8.4e-03, Len=sum([4.7, 4.5, 4.2])=13.4, ϰ=[4.9, 5.4, 4.6], ∫ϰ²/L=[5.0, 6.3, 6.3], C-C-Sep=0.20, ║∇J║=2.6e-03
-----On 14/20 Initial Guess Perturbations
Iteration 353/2500-----
J=1.2e-02, Jf=1.1e-03, ⟨B·n⟩=8.4e-03, Len=sum([4.7, 4.5, 4.2])=13.4, ϰ=[4.9, 5.4, 4.7], ∫ϰ²/L=[5.0, 6.3, 6.3], C-C-Sep=0.20, ║∇J║=2.9e-03
-----On 14/20 Initial Guess Perturbations
Iteration 354/2500-----
J=1.2e-02, Jf=1.1e-03, ⟨B·n⟩=8.4e-03, Len=sum([4.7, 4.5, 4.2])=13.4, ϰ=[4.9, 5.4, 4.7], ∫ϰ²/L=[5.0, 6.3, 6.3], C-C-Sep=0.20, ║∇J║=2.7e-03
-----On 14/20 Initial Guess Perturbations
Iteration 355/2500-----
J=1.2e-02, Jf=1.1e-03, ⟨B·n⟩=8.5e-03, Len=sum([4.7, 4.5, 4.2])=13.4, ϰ=[5.0, 5.4, 4.7], ∫ϰ²/L=[5.0, 6.3, 6.3], C-C-Sep=0.20, ║∇J║=2.7e-03
-----On 14/20 Initial Guess Perturbations
Iteration 356/2500-----
J=1.2e-02, Jf=1.1e-03, ⟨B·n⟩=8.5e-03, Len=sum([4.7, 4.5, 4.2])=13.4, ϰ=[5.0, 5.4, 4.7], ∫ϰ²/L=[5.0, 6.3, 6.3], C-C-Sep=0.20, ║∇J║=2.8e-03
-----On 14/20 Initial Guess Perturbations
Iteration 357/2500-----
J=1.2e-02, Jf=1.1e-03, ⟨B·n⟩=8.5e-03, Len=sum([4.7, 4.5, 4.2])=13.4, ϰ=[5.0, 5.4, 4.7], ∫ϰ²/L=[5.0, 6.3, 6.3], C-C-Sep=0.20, ║∇J║=2.3e-03
-----On 14/20 Initial Guess Perturbations
Iteration 358/2500-----
J=1.2e-02, Jf=1.1e-03, ⟨B·n⟩=8.5e-03, Len=sum([4.7, 4.5, 4.2])=13.4, ϰ=[5.0, 5.4, 4.6], ∫ϰ²/L=[5.0, 6.3, 6.3], C-C-Sep=0.20, ║∇J║=2.2e-03
-----On 14/20 Initial Guess Perturbations
Iteration 359/2500-----
J=1.2e-02, Jf=1.1e-03, ⟨B·n⟩=8.5e-03, Len=sum([4.7, 4.5, 4.2])=13.4, ϰ=[5.0, 5.4, 4.6], ∫ϰ²/L=[5.0, 6.3, 6.3], C-C-Sep=0.20, ║∇J║=2.5e-03
-----On 14/20 Initial Guess Perturbations
Iteration 360/2500-----
J=1.2e-02, Jf=1.1e-03, ⟨B·n⟩=8.5e-03, Len=sum([4.7, 4.5, 4.2])=13.4, ϰ=[5.0, 5.4, 4.6], ∫ϰ²/L=[5.0, 6.3, 6.3], C-C-Sep=0.20, ║∇J║=2.0e-03
-----On 14/20 Initial Guess Perturbations
Iteration 361/2500-----
J=1.2e-02, Jf=1.1e-03, ⟨B·n⟩=8.5e-03, Len=sum([4.7, 4.5, 4.2])=13.4, ϰ=[4.9, 5.4, 4.5], ∫ϰ²/L=[5.0, 6.3, 6.3], C-C-Sep=0.20, ║∇J║=1.8e-03
-----On 14/20 Initial Guess Perturbations
Iteration 362/2500-----
J=1.2e-02, Jf=1.1e-03, ⟨B·n⟩=8.5e-03, Len=sum([4.7, 4.5, 4.2])=13.4, ϰ=[4.9, 5.4, 4.5], ∫ϰ²/L=[5.0, 6.3, 6.3], C-C-Sep=0.20, ║∇J║=3.1e-03
-----On 14/20 Initial Guess Perturbations
Iteration 363/2500-----
J=1.2e-02, Jf=1.1e-03, ⟨B·n⟩=8.5e-03, Len=sum([4.7, 4.5, 4.2])=13.4, ϰ=[4.9, 5.3, 4.5], ∫ϰ²/L=[5.0, 6.3, 6.3], C-C-Sep=0.20, ║∇J║=2.2e-03
-----On 14/20 Initial Guess Perturbations
Iteration 364/2500-----
J=1.2e-02, Jf=1.1e-03, ⟨B·n⟩=8.5e-03, Len=sum([4.7, 4.5, 4.2])=13.4, ϰ=[4.9, 5.3, 4.5], ∫ϰ²/L=[5.0, 6.3, 6.3], C-C-Sep=0.20, ║∇J║=2.1e-03
-----On 14/20 Initial Guess Perturbations
Iteration 365/2500-----
J=1.2e-02, Jf=1.1e-03, ⟨B·n⟩=8.5e-03, Len=sum([4.7, 4.5, 4.2])=13.4, ϰ=[4.9, 5.3, 4.5], ∫ϰ²/L=[5.0, 6.3, 6.3], C-C-Sep=0.20, ║∇J║=3.7e-03
-----On 14/20 Initial Guess Perturbations
Iteration 366/2500-----
J=1.2e-02, Jf=1.1e-03, ⟨B·n⟩=8.5e-03, Len=sum([4.7, 4.5, 4.2])=13.4, ϰ=[4.9, 5.4, 4.5], ∫ϰ²/L=[5.0, 6.3, 6.3], C-C-Sep=0.20, ║∇J║=1.7e-03
-----On 14/20 Initial Guess Perturbations
Iteration 367/2500-----
J=1.2e-02, Jf=1.1e-03, ⟨B·n⟩=8.5e-03, Len=sum([4.7, 4.5, 4.2])=13.4, ϰ=[5.0, 5.3, 4.5], ∫ϰ²/L=[5.0, 6.3, 6.3], C-C-Sep=0.20, ║∇J║=1.5e-03
-----On 14/20 Initial Guess Perturbations
Iteration 368/2500-----
J=1.2e-02, Jf=1.1e-03, ⟨B·n⟩=8.5e-03, Len=sum([4.7, 4.5, 4.2])=13.4, ϰ=[5.0, 5.3, 4.5], ∫ϰ²/L=[5.0, 6.3, 6.3], C-C-Sep=0.20, ║∇J║=1.7e-03
-----On 14/20 Initial Guess Perturbations
Iteration 369/2500-----
J=1.2e-02, Jf=1.1e-03, ⟨B·n⟩=8.5e-03, Len=sum([4.7, 4.5, 4.2])=13.4, ϰ=[5.0, 5.3, 4.5], ∫ϰ²/L=[5.0, 6.3, 6.3], C-C-Sep=0.20, ║∇J║=2.1e-03
-----On 14/20 Initial Guess Perturbations
Iteration 370/2500-----
J=1.2e-02, Jf=1.1e-03, ⟨B·n⟩=8.5e-03, Len=sum([4.7, 4.5, 4.2])=13.4, ϰ=[5.1, 5.4, 4.5], ∫ϰ²/L=[5.0, 6.3, 6.3], C-C-Sep=0.20, ║∇J║=3.5e-03
-----On 14/20 Initial Guess Perturbations
Iteration 371/2500-----
J=1.2e-02, Jf=1.1e-03, ⟨B·n⟩=8.5e-03, Len=sum([4.7, 4.5, 4.2])=13.4, ϰ=[5.1, 5.4, 4.5], ∫ϰ²/L=[5.0, 6.3, 6.3], C-C-Sep=0.20, ║∇J║=1.4e-03
-----On 14/20 Initial Guess Perturbations
Iteration 372/2500-----
J=1.2e-02, Jf=1.1e-03, ⟨B·n⟩=8.5e-03, Len=sum([4.7, 4.5, 4.2])=13.4, ϰ=[5.1, 5.4, 4.5], ∫ϰ²/L=[5.0, 6.3, 6.3], C-C-Sep=0.20, ║∇J║=1.4e-03
-----On 14/20 Initial Guess Perturbations
Iteration 373/2500-----
J=1.2e-02, Jf=1.1e-03, ⟨B·n⟩=8.5e-03, Len=sum([4.7, 4.5, 4.2])=13.4, ϰ=[5.1, 5.4, 4.5], ∫ϰ²/L=[5.0, 6.3, 6.3], C-C-Sep=0.20, ║∇J║=1.6e-03
-----On 14/20 Initial Guess Perturbations
Iteration 374/2500-----
J=1.2e-02, Jf=1.1e-03, ⟨B·n⟩=8.5e-03, Len=sum([4.7, 4.5, 4.2])=13.4, ϰ=[5.0, 5.4, 4.5], ∫ϰ²/L=[5.0, 6.3, 6.3], C-C-Sep=0.20, ║∇J║=1.8e-03
-----On 14/20 Initial Guess Perturbations
Iteration 375/2500-----
J=1.2e-02, Jf=1.1e-03, ⟨B·n⟩=8.5e-03, Len=sum([4.7, 4.5, 4.2])=13.4, ϰ=[5.0, 5.4, 4.6], ∫ϰ²/L=[5.0, 6.3, 6.3], C-C-Sep=0.20, ║∇J║=2.7e-03
-----On 14/20 Initial Guess Perturbations
Iteration 376/2500-----
J=1.2e-02, Jf=1.1e-03, ⟨B·n⟩=8.5e-03, Len=sum([4.7, 4.5, 4.2])=13.4, ϰ=[5.0, 5.4, 4.6], ∫ϰ²/L=[5.0, 6.3, 6.3], C-C-Sep=0.20, ║∇J║=1.1e-03
-----On 14/20 Initial Guess Perturbations
Iteration 377/2500-----
J=1.2e-02, Jf=1.1e-03, ⟨B·n⟩=8.5e-03, Len=sum([4.7, 4.5, 4.2])=13.4, ϰ=[5.0, 5.4, 4.6], ∫ϰ²/L=[5.0, 6.3, 6.3], C-C-Sep=0.20, ║∇J║=1.2e-03
-----On 14/20 Initial Guess Perturbations
Iteration 378/2500-----
J=1.2e-02, Jf=1.1e-03, ⟨B·n⟩=8.5e-03, Len=sum([4.7, 4.5, 4.2])=13.4, ϰ=[5.0, 5.4, 4.6], ∫ϰ²/L=[5.0, 6.3, 6.3], C-C-Sep=0.20, ║∇J║=1.5e-03
-----On 14/20 Initial Guess Perturbations
Iteration 379/2500-----
J=1.2e-02, Jf=1.1e-03, ⟨B·n⟩=8.5e-03, Len=sum([4.7, 4.5, 4.2])=13.4, ϰ=[5.0, 5.4, 4.6], ∫ϰ²/L=[5.0, 6.3, 6.3], C-C-Sep=0.20, ║∇J║=2.0e-03
-----On 14/20 Initial Guess Perturbations
Iteration 380/2500-----
J=1.2e-02, Jf=1.1e-03, ⟨B·n⟩=8.5e-03, Len=sum([4.7, 4.5, 4.2])=13.4, ϰ=[5.0, 5.4, 4.6], ∫ϰ²/L=[5.0, 6.3, 6.3], C-C-Sep=0.20, ║∇J║=1.6e-03
-----On 14/20 Initial Guess Perturbations
Iteration 381/2500-----
J=1.2e-02, Jf=1.1e-03, ⟨B·n⟩=8.5e-03, Len=sum([4.7, 4.5, 4.2])=13.4, ϰ=[5.0, 5.4, 4.6], ∫ϰ²/L=[5.0, 6.3, 6.3], C-C-Sep=0.20, ║∇J║=1.0e-03
-----On 14/20 Initial Guess Perturbations
Iteration 382/2500-----
J=1.2e-02, Jf=1.1e-03, ⟨B·n⟩=8.5e-03, Len=sum([4.7, 4.5, 4.2])=13.4, ϰ=[5.0, 5.4, 4.6], ∫ϰ²/L=[5.0, 6.3, 6.3], C-C-Sep=0.20, ║∇J║=1.1e-03
-----On 14/20 Initial Guess Perturbations
Iteration 383/2500-----
J=1.2e-02, Jf=1.1e-03, ⟨B·n⟩=8.5e-03, Len=sum([4.7, 4.5, 4.2])=13.4, ϰ=[4.9, 5.4, 4.6], ∫ϰ²/L=[5.0, 6.3, 6.3], C-C-Sep=0.20, ║∇J║=1.3e-03
-----On 14/20 Initial Guess Perturbations
Iteration 384/2500-----
J=1.2e-02, Jf=1.1e-03, ⟨B·n⟩=8.5e-03, Len=sum([4.7, 4.5, 4.2])=13.4, ϰ=[4.9, 5.4, 4.7], ∫ϰ²/L=[5.0, 6.3, 6.3], C-C-Sep=0.20, ║∇J║=1.3e-03
-----On 14/20 Initial Guess Perturbations
Iteration 385/2500-----
J=1.2e-02, Jf=1.1e-03, ⟨B·n⟩=8.5e-03, Len=sum([4.7, 4.5, 4.2])=13.4, ϰ=[4.9, 5.4, 4.7], ∫ϰ²/L=[5.0, 6.3, 6.3], C-C-Sep=0.20, ║∇J║=1.5e-03
-----On 14/20 Initial Guess Perturbations
Iteration 386/2500-----
J=1.2e-02, Jf=1.1e-03, ⟨B·n⟩=8.5e-03, Len=sum([4.7, 4.5, 4.2])=13.4, ϰ=[5.0, 5.4, 4.7], ∫ϰ²/L=[5.0, 6.3, 6.3], C-C-Sep=0.20, ║∇J║=1.3e-03
-----On 14/20 Initial Guess Perturbations
Iteration 387/2500-----
J=1.2e-02, Jf=1.1e-03, ⟨B·n⟩=8.5e-03, Len=sum([4.7, 4.5, 4.2])=13.4, ϰ=[5.0, 5.3, 4.7], ∫ϰ²/L=[5.0, 6.3, 6.3], C-C-Sep=0.20, ║∇J║=1.2e-03
-----On 14/20 Initial Guess Perturbations
Iteration 388/2500-----
J=1.2e-02, Jf=1.1e-03, ⟨B·n⟩=8.5e-03, Len=sum([4.7, 4.5, 4.2])=13.4, ϰ=[5.0, 5.3, 4.7], ∫ϰ²/L=[5.0, 6.3, 6.3], C-C-Sep=0.20, ║∇J║=1.1e-03
-----On 14/20 Initial Guess Perturbations
Iteration 389/2500-----
J=1.2e-02, Jf=1.1e-03, ⟨B·n⟩=8.5e-03, Len=sum([4.7, 4.5, 4.2])=13.4, ϰ=[5.0, 5.3, 4.7], ∫ϰ²/L=[5.0, 6.3, 6.3], C-C-Sep=0.20, ║∇J║=1.1e-03
-----On 14/20 Initial Guess Perturbations
Iteration 390/2500-----
J=1.2e-02, Jf=1.1e-03, ⟨B·n⟩=8.5e-03, Len=sum([4.7, 4.5, 4.2])=13.4, ϰ=[5.0, 5.3, 4.6], ∫ϰ²/L=[5.0, 6.3, 6.4], C-C-Sep=0.20, ║∇J║=1.8e-03
-----On 14/20 Initial Guess Perturbations
Iteration 391/2500-----
J=1.2e-02, Jf=1.1e-03, ⟨B·n⟩=8.5e-03, Len=sum([4.7, 4.5, 4.2])=13.4, ϰ=[5.0, 5.3, 4.6], ∫ϰ²/L=[5.0, 6.3, 6.4], C-C-Sep=0.20, ║∇J║=1.0e-03
-----On 14/20 Initial Guess Perturbations
Iteration 392/2500-----
J=1.2e-02, Jf=1.1e-03, ⟨B·n⟩=8.5e-03, Len=sum([4.7, 4.5, 4.2])=13.4, ϰ=[5.0, 5.3, 4.6], ∫ϰ²/L=[5.0, 6.3, 6.4], C-C-Sep=0.20, ║∇J║=8.9e-04
-----On 14/20 Initial Guess Perturbations
Iteration 393/2500-----
J=1.2e-02, Jf=1.1e-03, ⟨B·n⟩=8.4e-03, Len=sum([4.7, 4.5, 4.2])=13.4, ϰ=[4.9, 5.3, 4.6], ∫ϰ²/L=[5.0, 6.3, 6.4], C-C-Sep=0.20, ║∇J║=9.2e-04
-----On 14/20 Initial Guess Perturbations
Iteration 394/2500-----
J=1.2e-02, Jf=1.1e-03, ⟨B·n⟩=8.4e-03, Len=sum([4.7, 4.5, 4.2])=13.4, ϰ=[4.9, 5.3, 4.6], ∫ϰ²/L=[5.0, 6.3, 6.4], C-C-Sep=0.20, ║∇J║=1.3e-03
-----On 14/20 Initial Guess Perturbations
Iteration 395/2500-----
J=1.2e-02, Jf=1.1e-03, ⟨B·n⟩=8.4e-03, Len=sum([4.7, 4.5, 4.2])=13.4, ϰ=[4.9, 5.3, 4.6], ∫ϰ²/L=[5.0, 6.3, 6.4], C-C-Sep=0.20, ║∇J║=9.4e-04
-----On 14/20 Initial Guess Perturbations
Iteration 396/2500-----
J=1.2e-02, Jf=1.1e-03, ⟨B·n⟩=8.4e-03, Len=sum([4.7, 4.5, 4.2])=13.4, ϰ=[5.0, 5.3, 4.6], ∫ϰ²/L=[5.0, 6.3, 6.4], C-C-Sep=0.20, ║∇J║=7.0e-04
-----On 14/20 Initial Guess Perturbations
Iteration 397/2500-----
J=1.2e-02, Jf=1.1e-03, ⟨B·n⟩=8.4e-03, Len=sum([4.7, 4.5, 4.2])=13.4, ϰ=[5.0, 5.3, 4.6], ∫ϰ²/L=[5.0, 6.3, 6.4], C-C-Sep=0.20, ║∇J║=8.1e-04
-----On 14/20 Initial Guess Perturbations
Iteration 398/2500-----
J=1.2e-02, Jf=1.1e-03, ⟨B·n⟩=8.4e-03, Len=sum([4.7, 4.5, 4.2])=13.4, ϰ=[5.0, 5.3, 4.6], ∫ϰ²/L=[5.0, 6.3, 6.4], C-C-Sep=0.20, ║∇J║=1.4e-03
-----On 14/20 Initial Guess Perturbations
Iteration 399/2500-----
J=1.2e-02, Jf=1.1e-03, ⟨B·n⟩=8.4e-03, Len=sum([4.7, 4.5, 4.2])=13.4, ϰ=[5.0, 5.3, 4.6], ∫ϰ²/L=[5.0, 6.3, 6.4], C-C-Sep=0.20, ║∇J║=8.4e-04
-----On 14/20 Initial Guess Perturbations
Iteration 400/2500-----
J=1.2e-02, Jf=1.1e-03, ⟨B·n⟩=8.4e-03, Len=sum([4.7, 4.5, 4.2])=13.4, ϰ=[4.9, 5.3, 4.6], ∫ϰ²/L=[5.0, 6.3, 6.4], C-C-Sep=0.20, ║∇J║=6.6e-04
-----On 14/20 Initial Guess Perturbations
Iteration 401/2500-----
J=1.2e-02, Jf=1.1e-03, ⟨B·n⟩=8.4e-03, Len=sum([4.7, 4.5, 4.2])=13.4, ϰ=[4.9, 5.3, 4.6], ∫ϰ²/L=[5.0, 6.3, 6.4], C-C-Sep=0.20, ║∇J║=9.4e-04
-----On 14/20 Initial Guess Perturbations
Iteration 402/2500-----
J=1.2e-02, Jf=1.1e-03, ⟨B·n⟩=8.4e-03, Len=sum([4.7, 4.5, 4.2])=13.4, ϰ=[4.9, 5.3, 4.6], ∫ϰ²/L=[5.0, 6.3, 6.4], C-C-Sep=0.20, ║∇J║=7.2e-04
-----On 14/20 Initial Guess Perturbations
Iteration 403/2500-----
J=1.2e-02, Jf=1.1e-03, ⟨B·n⟩=8.4e-03, Len=sum([4.7, 4.5, 4.2])=13.4, ϰ=[4.9, 5.3, 4.6], ∫ϰ²/L=[5.0, 6.3, 6.4], C-C-Sep=0.20, ║∇J║=6.9e-04
-----On 14/20 Initial Guess Perturbations
Iteration 404/2500-----
J=1.2e-02, Jf=1.1e-03, ⟨B·n⟩=8.4e-03, Len=sum([4.7, 4.5, 4.2])=13.4, ϰ=[4.9, 5.3, 4.6], ∫ϰ²/L=[5.0, 6.3, 6.4], C-C-Sep=0.20, ║∇J║=8.9e-04
-----On 14/20 Initial Guess Perturbations
Iteration 405/2500-----
J=1.2e-02, Jf=1.1e-03, ⟨B·n⟩=8.4e-03, Len=sum([4.7, 4.5, 4.2])=13.4, ϰ=[4.9, 5.3, 4.6], ∫ϰ²/L=[5.0, 6.3, 6.4], C-C-Sep=0.20, ║∇J║=7.4e-04
-----On 14/20 Initial Guess Perturbations
Iteration 406/2500-----
J=1.2e-02, Jf=1.1e-03, ⟨B·n⟩=8.4e-03, Len=sum([4.7, 4.5, 4.2])=13.4, ϰ=[5.0, 5.4, 4.6], ∫ϰ²/L=[5.0, 6.3, 6.4], C-C-Sep=0.20, ║∇J║=6.6e-04
-----On 14/20 Initial Guess Perturbations
Iteration 407/2500-----
J=1.2e-02, Jf=1.1e-03, ⟨B·n⟩=8.4e-03, Len=sum([4.7, 4.5, 4.2])=13.4, ϰ=[5.0, 5.4, 4.6], ∫ϰ²/L=[5.0, 6.3, 6.4], C-C-Sep=0.20, ║∇J║=1.3e-03
-----On 14/20 Initial Guess Perturbations
Iteration 408/2500-----
J=1.2e-02, Jf=1.1e-03, ⟨B·n⟩=8.4e-03, Len=sum([4.7, 4.5, 4.2])=13.4, ϰ=[5.0, 5.4, 4.6], ∫ϰ²/L=[5.0, 6.3, 6.4], C-C-Sep=0.20, ║∇J║=5.2e-04
-----On 14/20 Initial Guess Perturbations
Iteration 409/2500-----
J=1.2e-02, Jf=1.1e-03, ⟨B·n⟩=8.4e-03, Len=sum([4.7, 4.5, 4.2])=13.4, ϰ=[5.0, 5.4, 4.6], ∫ϰ²/L=[5.0, 6.3, 6.4], C-C-Sep=0.20, ║∇J║=4.6e-04
-----On 14/20 Initial Guess Perturbations
Iteration 410/2500-----
J=1.2e-02, Jf=1.1e-03, ⟨B·n⟩=8.4e-03, Len=sum([4.7, 4.5, 4.2])=13.4, ϰ=[5.0, 5.4, 4.6], ∫ϰ²/L=[5.0, 6.3, 6.4], C-C-Sep=0.20, ║∇J║=5.5e-04
-----On 14/20 Initial Guess Perturbations
Iteration 411/2500-----
J=1.2e-02, Jf=1.1e-03, ⟨B·n⟩=8.4e-03, Len=sum([4.7, 4.5, 4.2])=13.4, ϰ=[5.0, 5.4, 4.6], ∫ϰ²/L=[5.0, 6.3, 6.4], C-C-Sep=0.20, ║∇J║=6.1e-04
-----On 14/20 Initial Guess Perturbations
Iteration 412/2500-----
J=1.2e-02, Jf=1.1e-03, ⟨B·n⟩=8.4e-03, Len=sum([4.7, 4.5, 4.2])=13.4, ϰ=[5.0, 5.4, 4.6], ∫ϰ²/L=[5.0, 6.3, 6.4], C-C-Sep=0.20, ║∇J║=1.4e-03
-----On 14/20 Initial Guess Perturbations
Iteration 413/2500-----
J=1.2e-02, Jf=1.1e-03, ⟨B·n⟩=8.4e-03, Len=sum([4.7, 4.5, 4.2])=13.4, ϰ=[5.0, 5.4, 4.6], ∫ϰ²/L=[5.0, 6.3, 6.4], C-C-Sep=0.20, ║∇J║=4.3e-04
-----On 14/20 Initial Guess Perturbations
Iteration 414/2500-----
J=1.2e-02, Jf=1.1e-03, ⟨B·n⟩=8.4e-03, Len=sum([4.7, 4.5, 4.2])=13.4, ϰ=[5.0, 5.4, 4.6], ∫ϰ²/L=[5.0, 6.3, 6.4], C-C-Sep=0.20, ║∇J║=3.9e-04
-----On 14/20 Initial Guess Perturbations
Iteration 415/2500-----
J=1.2e-02, Jf=1.1e-03, ⟨B·n⟩=8.4e-03, Len=sum([4.7, 4.5, 4.2])=13.4, ϰ=[5.0, 5.4, 4.6], ∫ϰ²/L=[5.0, 6.3, 6.4], C-C-Sep=0.20, ║∇J║=4.5e-04
-----On 14/20 Initial Guess Perturbations
Iteration 416/2500-----
J=1.2e-02, Jf=1.1e-03, ⟨B·n⟩=8.4e-03, Len=sum([4.7, 4.5, 4.2])=13.4, ϰ=[5.0, 5.4, 4.7], ∫ϰ²/L=[5.0, 6.3, 6.4], C-C-Sep=0.20, ║∇J║=4.3e-04
-----On 14/20 Initial Guess Perturbations
Iteration 417/2500-----
J=1.2e-02, Jf=1.1e-03, ⟨B·n⟩=8.4e-03, Len=sum([4.7, 4.5, 4.2])=13.4, ϰ=[5.0, 5.4, 4.7], ∫ϰ²/L=[5.0, 6.3, 6.4], C-C-Sep=0.20, ║∇J║=7.6e-04
-----On 14/20 Initial Guess Perturbations
Iteration 418/2500-----
J=1.2e-02, Jf=1.1e-03, ⟨B·n⟩=8.4e-03, Len=sum([4.7, 4.5, 4.2])=13.4, ϰ=[5.0, 5.3, 4.7], ∫ϰ²/L=[5.0, 6.3, 6.4], C-C-Sep=0.20, ║∇J║=3.5e-04
-----On 14/20 Initial Guess Perturbations
Iteration 419/2500-----
J=1.2e-02, Jf=1.1e-03, ⟨B·n⟩=8.4e-03, Len=sum([4.7, 4.5, 4.2])=13.4, ϰ=[5.0, 5.3, 4.7], ∫ϰ²/L=[5.0, 6.3, 6.4], C-C-Sep=0.20, ║∇J║=3.5e-04
-----On 14/20 Initial Guess Perturbations
Iteration 420/2500-----
J=1.2e-02, Jf=1.1e-03, ⟨B·n⟩=8.4e-03, Len=sum([4.7, 4.5, 4.2])=13.4, ϰ=[5.0, 5.3, 4.7], ∫ϰ²/L=[5.0, 6.3, 6.4], C-C-Sep=0.20, ║∇J║=3.4e-04
-----On 14/20 Initial Guess Perturbations
Iteration 421/2500-----
J=1.2e-02, Jf=1.1e-03, ⟨B·n⟩=8.4e-03, Len=sum([4.7, 4.5, 4.2])=13.4, ϰ=[5.0, 5.3, 4.7], ∫ϰ²/L=[5.0, 6.3, 6.4], C-C-Sep=0.20, ║∇J║=8.3e-04
-----On 14/20 Initial Guess Perturbations
Iteration 422/2500-----
J=1.2e-02, Jf=1.1e-03, ⟨B·n⟩=8.4e-03, Len=sum([4.7, 4.5, 4.2])=13.4, ϰ=[5.0, 5.3, 4.7], ∫ϰ²/L=[5.0, 6.3, 6.4], C-C-Sep=0.20, ║∇J║=3.3e-04
-----On 14/20 Initial Guess Perturbations
Iteration 423/2500-----
J=1.2e-02, Jf=1.1e-03, ⟨B·n⟩=8.4e-03, Len=sum([4.7, 4.5, 4.2])=13.4, ϰ=[5.0, 5.3, 4.7], ∫ϰ²/L=[5.0, 6.3, 6.4], C-C-Sep=0.20, ║∇J║=2.8e-04
-----On 14/20 Initial Guess Perturbations
Iteration 424/2500-----
J=1.2e-02, Jf=1.1e-03, ⟨B·n⟩=8.4e-03, Len=sum([4.7, 4.5, 4.2])=13.4, ϰ=[5.0, 5.3, 4.7], ∫ϰ²/L=[5.0, 6.3, 6.4], C-C-Sep=0.20, ║∇J║=3.1e-04
-----On 14/20 Initial Guess Perturbations
Iteration 425/2500-----
J=1.2e-02, Jf=1.1e-03, ⟨B·n⟩=8.4e-03, Len=sum([4.7, 4.5, 4.2])=13.4, ϰ=[5.0, 5.3, 4.7], ∫ϰ²/L=[5.0, 6.3, 6.4], C-C-Sep=0.20, ║∇J║=3.9e-04
-----On 14/20 Initial Guess Perturbations
Iteration 426/2500-----
J=1.2e-02, Jf=1.1e-03, ⟨B·n⟩=8.4e-03, Len=sum([4.7, 4.5, 4.2])=13.4, ϰ=[5.0, 5.3, 4.7], ∫ϰ²/L=[5.0, 6.3, 6.4], C-C-Sep=0.20, ║∇J║=3.1e-04
-----On 14/20 Initial Guess Perturbations
Iteration 427/2500-----
J=1.2e-02, Jf=1.1e-03, ⟨B·n⟩=8.4e-03, Len=sum([4.7, 4.5, 4.2])=13.4, ϰ=[5.0, 5.3, 4.7], ∫ϰ²/L=[5.0, 6.3, 6.4], C-C-Sep=0.20, ║∇J║=2.7e-04
-----On 14/20 Initial Guess Perturbations
Iteration 428/2500-----
J=1.2e-02, Jf=1.1e-03, ⟨B·n⟩=8.4e-03, Len=sum([4.7, 4.5, 4.2])=13.4, ϰ=[5.0, 5.3, 4.7], ∫ϰ²/L=[5.0, 6.3, 6.4], C-C-Sep=0.20, ║∇J║=3.1e-04
-----On 14/20 Initial Guess Perturbations
Iteration 429/2500-----
J=1.2e-02, Jf=1.1e-03, ⟨B·n⟩=8.4e-03, Len=sum([4.7, 4.5, 4.2])=13.4, ϰ=[5.0, 5.3, 4.7], ∫ϰ²/L=[5.0, 6.3, 6.4], C-C-Sep=0.20, ║∇J║=3.7e-04
-----On 14/20 Initial Guess Perturbations
Iteration 430/2500-----
J=1.2e-02, Jf=1.1e-03, ⟨B·n⟩=8.4e-03, Len=sum([4.7, 4.5, 4.2])=13.4, ϰ=[5.0, 5.3, 4.7], ∫ϰ²/L=[5.0, 6.3, 6.4], C-C-Sep=0.20, ║∇J║=2.2e-04
-----On 14/20 Initial Guess Perturbations
Iteration 431/2500-----
J=1.2e-02, Jf=1.1e-03, ⟨B·n⟩=8.4e-03, Len=sum([4.7, 4.5, 4.2])=13.4, ϰ=[5.0, 5.3, 4.7], ∫ϰ²/L=[5.0, 6.3, 6.4], C-C-Sep=0.20, ║∇J║=2.3e-04
-----On 14/20 Initial Guess Perturbations
Iteration 432/2500-----
J=1.2e-02, Jf=1.1e-03, ⟨B·n⟩=8.4e-03, Len=sum([4.7, 4.5, 4.2])=13.4, ϰ=[5.0, 5.3, 4.7], ∫ϰ²/L=[5.0, 6.3, 6.4], C-C-Sep=0.20, ║∇J║=2.8e-04
-----On 14/20 Initial Guess Perturbations
Iteration 433/2500-----
J=1.2e-02, Jf=1.1e-03, ⟨B·n⟩=8.4e-03, Len=sum([4.7, 4.5, 4.2])=13.4, ϰ=[5.0, 5.4, 4.7], ∫ϰ²/L=[5.0, 6.3, 6.4], C-C-Sep=0.20, ║∇J║=3.2e-04
-----On 14/20 Initial Guess Perturbations
Iteration 434/2500-----
J=1.2e-02, Jf=1.1e-03, ⟨B·n⟩=8.4e-03, Len=sum([4.7, 4.5, 4.2])=13.4, ϰ=[5.0, 5.4, 4.7], ∫ϰ²/L=[5.0, 6.3, 6.4], C-C-Sep=0.20, ║∇J║=2.1e-04
-----On 14/20 Initial Guess Perturbations
Iteration 435/2500-----
J=1.2e-02, Jf=1.1e-03, ⟨B·n⟩=8.4e-03, Len=sum([4.7, 4.5, 4.2])=13.4, ϰ=[5.0, 5.4, 4.7], ∫ϰ²/L=[5.0, 6.3, 6.4], C-C-Sep=0.20, ║∇J║=2.2e-04
-----On 14/20 Initial Guess Perturbations
Iteration 436/2500-----
J=1.2e-02, Jf=1.1e-03, ⟨B·n⟩=8.4e-03, Len=sum([4.7, 4.5, 4.2])=13.4, ϰ=[5.0, 5.4, 4.7], ∫ϰ²/L=[5.0, 6.3, 6.4], C-C-Sep=0.20, ║∇J║=2.5e-04
-----On 14/20 Initial Guess Perturbations
Iteration 437/2500-----
J=1.2e-02, Jf=1.1e-03, ⟨B·n⟩=8.4e-03, Len=sum([4.7, 4.5, 4.2])=13.4, ϰ=[5.0, 5.4, 4.7], ∫ϰ²/L=[5.0, 6.3, 6.4], C-C-Sep=0.20, ║∇J║=2.1e-04
-----On 14/20 Initial Guess Perturbations
Iteration 438/2500-----
J=1.2e-02, Jf=1.1e-03, ⟨B·n⟩=8.4e-03, Len=sum([4.7, 4.5, 4.2])=13.4, ϰ=[5.0, 5.3, 4.7], ∫ϰ²/L=[5.0, 6.3, 6.4], C-C-Sep=0.20, ║∇J║=2.7e-04
-----On 14/20 Initial Guess Perturbations
Iteration 439/2500-----
J=1.2e-02, Jf=1.1e-03, ⟨B·n⟩=8.4e-03, Len=sum([4.7, 4.5, 4.2])=13.4, ϰ=[5.0, 5.3, 4.7], ∫ϰ²/L=[5.0, 6.3, 6.4], C-C-Sep=0.20, ║∇J║=3.0e-04
-----On 14/20 Initial Guess Perturbations
Iteration 440/2500-----
J=1.2e-02, Jf=1.1e-03, ⟨B·n⟩=8.4e-03, Len=sum([4.7, 4.5, 4.2])=13.4, ϰ=[5.0, 5.3, 4.7], ∫ϰ²/L=[5.0, 6.3, 6.4], C-C-Sep=0.20, ║∇J║=1.6e-04
-----On 14/20 Initial Guess Perturbations
Iteration 441/2500-----
J=1.2e-02, Jf=1.1e-03, ⟨B·n⟩=8.4e-03, Len=sum([4.7, 4.5, 4.2])=13.4, ϰ=[5.0, 5.3, 4.7], ∫ϰ²/L=[5.0, 6.3, 6.4], C-C-Sep=0.20, ║∇J║=1.5e-04
-----On 14/20 Initial Guess Perturbations
Iteration 442/2500-----
J=1.2e-02, Jf=1.1e-03, ⟨B·n⟩=8.4e-03, Len=sum([4.7, 4.5, 4.2])=13.4, ϰ=[5.0, 5.3, 4.7], ∫ϰ²/L=[5.0, 6.3, 6.4], C-C-Sep=0.20, ║∇J║=1.6e-04
-----On 14/20 Initial Guess Perturbations
Iteration 443/2500-----
J=1.2e-02, Jf=1.1e-03, ⟨B·n⟩=8.4e-03, Len=sum([4.7, 4.5, 4.2])=13.4, ϰ=[5.0, 5.3, 4.6], ∫ϰ²/L=[5.0, 6.3, 6.4], C-C-Sep=0.20, ║∇J║=2.8e-04
-----On 14/20 Initial Guess Perturbations
Iteration 444/2500-----
J=1.2e-02, Jf=1.1e-03, ⟨B·n⟩=8.4e-03, Len=sum([4.7, 4.5, 4.2])=13.4, ϰ=[5.0, 5.3, 4.6], ∫ϰ²/L=[5.0, 6.3, 6.4], C-C-Sep=0.20, ║∇J║=2.0e-04
-----On 14/20 Initial Guess Perturbations
Iteration 445/2500-----
J=1.2e-02, Jf=1.1e-03, ⟨B·n⟩=8.4e-03, Len=sum([4.7, 4.5, 4.2])=13.4, ϰ=[5.0, 5.3, 4.6], ∫ϰ²/L=[5.0, 6.3, 6.4], C-C-Sep=0.20, ║∇J║=1.5e-04
-----On 14/20 Initial Guess Perturbations
Iteration 446/2500-----
J=1.2e-02, Jf=1.1e-03, ⟨B·n⟩=8.4e-03, Len=sum([4.7, 4.5, 4.2])=13.4, ϰ=[5.0, 5.3, 4.7], ∫ϰ²/L=[5.0, 6.3, 6.4], C-C-Sep=0.20, ║∇J║=1.8e-04
-----On 14/20 Initial Guess Perturbations
Iteration 447/2500-----
J=1.2e-02, Jf=1.1e-03, ⟨B·n⟩=8.4e-03, Len=sum([4.7, 4.5, 4.2])=13.4, ϰ=[5.0, 5.3, 4.7], ∫ϰ²/L=[5.0, 6.3, 6.4], C-C-Sep=0.20, ║∇J║=1.4e-04
-----On 14/20 Initial Guess Perturbations
Iteration 448/2500-----
J=1.2e-02, Jf=1.1e-03, ⟨B·n⟩=8.4e-03, Len=sum([4.7, 4.5, 4.2])=13.4, ϰ=[5.0, 5.3, 4.7], ∫ϰ²/L=[5.0, 6.3, 6.4], C-C-Sep=0.20, ║∇J║=1.6e-04
-----On 14/20 Initial Guess Perturbations
Iteration 449/2500-----
J=1.2e-02, Jf=1.1e-03, ⟨B·n⟩=8.4e-03, Len=sum([4.7, 4.5, 4.2])=13.4, ϰ=[5.0, 5.3, 4.7], ∫ϰ²/L=[5.0, 6.3, 6.4], C-C-Sep=0.20, ║∇J║=1.8e-04
-----On 14/20 Initial Guess Perturbations
Iteration 450/2500-----
J=1.2e-02, Jf=1.1e-03, ⟨B·n⟩=8.4e-03, Len=sum([4.7, 4.5, 4.2])=13.4, ϰ=[5.0, 5.3, 4.7], ∫ϰ²/L=[5.0, 6.3, 6.4], C-C-Sep=0.20, ║∇J║=3.6e-04
-----On 14/20 Initial Guess Perturbations
Iteration 451/2500-----
J=1.2e-02, Jf=1.1e-03, ⟨B·n⟩=8.4e-03, Len=sum([4.7, 4.5, 4.2])=13.4, ϰ=[5.0, 5.3, 4.7], ∫ϰ²/L=[5.0, 6.3, 6.4], C-C-Sep=0.20, ║∇J║=1.4e-04
-----On 14/20 Initial Guess Perturbations
Iteration 452/2500-----
J=1.2e-02, Jf=1.1e-03, ⟨B·n⟩=8.4e-03, Len=sum([4.7, 4.5, 4.2])=13.4, ϰ=[5.0, 5.3, 4.7], ∫ϰ²/L=[5.0, 6.3, 6.4], C-C-Sep=0.20, ║∇J║=1.0e-04
-----On 14/20 Initial Guess Perturbations
Iteration 453/2500-----
J=1.2e-02, Jf=1.1e-03, ⟨B·n⟩=8.4e-03, Len=sum([4.7, 4.5, 4.2])=13.4, ϰ=[5.0, 5.3, 4.7], ∫ϰ²/L=[5.0, 6.3, 6.4], C-C-Sep=0.20, ║∇J║=1.3e-04
-----On 14/20 Initial Guess Perturbations
Iteration 454/2500-----
J=1.2e-02, Jf=1.1e-03, ⟨B·n⟩=8.4e-03, Len=sum([4.7, 4.5, 4.2])=13.4, ϰ=[5.0, 5.3, 4.7], ∫ϰ²/L=[5.0, 6.3, 6.4], C-C-Sep=0.20, ║∇J║=1.3e-04
-----On 14/20 Initial Guess Perturbations
Iteration 455/2500-----
J=1.2e-02, Jf=1.1e-03, ⟨B·n⟩=8.4e-03, Len=sum([4.7, 4.5, 4.2])=13.4, ϰ=[5.0, 5.3, 4.7], ∫ϰ²/L=[5.0, 6.3, 6.4], C-C-Sep=0.20, ║∇J║=3.8e-04
-----On 14/20 Initial Guess Perturbations
Iteration 456/2500-----
J=1.2e-02, Jf=1.1e-03, ⟨B·n⟩=8.4e-03, Len=sum([4.7, 4.5, 4.2])=13.4, ϰ=[5.0, 5.3, 4.7], ∫ϰ²/L=[5.0, 6.3, 6.4], C-C-Sep=0.20, ║∇J║=9.7e-05
-----On 14/20 Initial Guess Perturbations
Iteration 457/2500-----
J=1.2e-02, Jf=1.1e-03, ⟨B·n⟩=8.4e-03, Len=sum([4.7, 4.5, 4.2])=13.4, ϰ=[5.0, 5.3, 4.7], ∫ϰ²/L=[5.0, 6.3, 6.4], C-C-Sep=0.20, ║∇J║=8.2e-05
-----On 14/20 Initial Guess Perturbations
Iteration 458/2500-----
J=1.2e-02, Jf=1.1e-03, ⟨B·n⟩=8.4e-03, Len=sum([4.7, 4.5, 4.2])=13.4, ϰ=[5.0, 5.3, 4.7], ∫ϰ²/L=[5.0, 6.3, 6.4], C-C-Sep=0.20, ║∇J║=9.5e-05
-----On 14/20 Initial Guess Perturbations
Iteration 459/2500-----
J=1.2e-02, Jf=1.1e-03, ⟨B·n⟩=8.4e-03, Len=sum([4.7, 4.5, 4.2])=13.4, ϰ=[5.0, 5.3, 4.7], ∫ϰ²/L=[5.0, 6.3, 6.4], C-C-Sep=0.20, ║∇J║=2.0e-04
-----On 14/20 Initial Guess Perturbations
Iteration 460/2500-----
J=1.2e-02, Jf=1.1e-03, ⟨B·n⟩=8.4e-03, Len=sum([4.7, 4.5, 4.2])=13.4, ϰ=[5.0, 5.3, 4.7], ∫ϰ²/L=[5.0, 6.3, 6.4], C-C-Sep=0.20, ║∇J║=1.1e-04
-----On 14/20 Initial Guess Perturbations
Iteration 461/2500-----
J=1.2e-02, Jf=1.1e-03, ⟨B·n⟩=8.4e-03, Len=sum([4.7, 4.5, 4.2])=13.4, ϰ=[5.0, 5.3, 4.7], ∫ϰ²/L=[5.0, 6.3, 6.4], C-C-Sep=0.20, ║∇J║=8.2e-05
-----On 14/20 Initial Guess Perturbations
Iteration 462/2500-----
J=1.2e-02, Jf=1.1e-03, ⟨B·n⟩=8.4e-03, Len=sum([4.7, 4.5, 4.2])=13.4, ϰ=[5.0, 5.3, 4.7], ∫ϰ²/L=[5.0, 6.3, 6.4], C-C-Sep=0.20, ║∇J║=1.1e-04
-----On 14/20 Initial Guess Perturbations
Iteration 463/2500-----
J=1.2e-02, Jf=1.1e-03, ⟨B·n⟩=8.4e-03, Len=sum([4.7, 4.5, 4.2])=13.4, ϰ=[5.0, 5.3, 4.7], ∫ϰ²/L=[5.0, 6.3, 6.4], C-C-Sep=0.20, ║∇J║=1.2e-04
-----On 14/20 Initial Guess Perturbations
Iteration 464/2500-----
J=1.2e-02, Jf=1.1e-03, ⟨B·n⟩=8.4e-03, Len=sum([4.7, 4.5, 4.2])=13.4, ϰ=[5.0, 5.3, 4.7], ∫ϰ²/L=[5.0, 6.3, 6.4], C-C-Sep=0.20, ║∇J║=6.9e-05
-----On 14/20 Initial Guess Perturbations
Iteration 465/2500-----
J=1.2e-02, Jf=1.1e-03, ⟨B·n⟩=8.4e-03, Len=sum([4.7, 4.5, 4.2])=13.4, ϰ=[5.0, 5.3, 4.7], ∫ϰ²/L=[5.0, 6.3, 6.4], C-C-Sep=0.20, ║∇J║=7.9e-05
-----On 14/20 Initial Guess Perturbations
Iteration 466/2500-----
J=1.2e-02, Jf=1.1e-03, ⟨B·n⟩=8.4e-03, Len=sum([4.7, 4.5, 4.2])=13.4, ϰ=[5.0, 5.3, 4.7], ∫ϰ²/L=[5.0, 6.3, 6.4], C-C-Sep=0.20, ║∇J║=9.2e-05
-----On 14/20 Initial Guess Perturbations
Iteration 467/2500-----
J=1.2e-02, Jf=1.1e-03, ⟨B·n⟩=8.4e-03, Len=sum([4.7, 4.5, 4.2])=13.4, ϰ=[5.0, 5.3, 4.7], ∫ϰ²/L=[5.0, 6.3, 6.4], C-C-Sep=0.20, ║∇J║=1.7e-04
-----On 14/20 Initial Guess Perturbations
Iteration 468/2500-----
J=1.2e-02, Jf=1.1e-03, ⟨B·n⟩=8.4e-03, Len=sum([4.7, 4.5, 4.2])=13.4, ϰ=[5.0, 5.3, 4.7], ∫ϰ²/L=[5.0, 6.3, 6.4], C-C-Sep=0.20, ║∇J║=8.6e-05
-----On 14/20 Initial Guess Perturbations
Iteration 469/2500-----
J=1.2e-02, Jf=1.1e-03, ⟨B·n⟩=8.4e-03, Len=sum([4.7, 4.5, 4.2])=13.4, ϰ=[5.0, 5.3, 4.7], ∫ϰ²/L=[5.0, 6.3, 6.4], C-C-Sep=0.20, ║∇J║=7.7e-05
-----On 14/20 Initial Guess Perturbations
Iteration 470/2500-----
J=1.2e-02, Jf=1.1e-03, ⟨B·n⟩=8.4e-03, Len=sum([4.7, 4.5, 4.2])=13.4, ϰ=[5.0, 5.3, 4.7], ∫ϰ²/L=[5.0, 6.3, 6.4], C-C-Sep=0.20, ║∇J║=7.9e-05
-----On 14/20 Initial Guess Perturbations
Iteration 471/2500-----
J=1.2e-02, Jf=1.1e-03, ⟨B·n⟩=8.4e-03, Len=sum([4.7, 4.5, 4.2])=13.4, ϰ=[5.0, 5.3, 4.7], ∫ϰ²/L=[5.0, 6.3, 6.4], C-C-Sep=0.20, ║∇J║=1.3e-04
-----On 14/20 Initial Guess Perturbations
Iteration 472/2500-----
J=1.2e-02, Jf=1.1e-03, ⟨B·n⟩=8.4e-03, Len=sum([4.7, 4.5, 4.2])=13.4, ϰ=[5.0, 5.3, 4.7], ∫ϰ²/L=[5.0, 6.3, 6.4], C-C-Sep=0.20, ║∇J║=6.5e-05
-----On 14/20 Initial Guess Perturbations
Iteration 473/2500-----
J=1.2e-02, Jf=1.1e-03, ⟨B·n⟩=8.4e-03, Len=sum([4.7, 4.5, 4.2])=13.4, ϰ=[5.0, 5.3, 4.7], ∫ϰ²/L=[5.0, 6.3, 6.4], C-C-Sep=0.20, ║∇J║=5.7e-05
-----On 14/20 Initial Guess Perturbations
Iteration 474/2500-----
J=1.2e-02, Jf=1.1e-03, ⟨B·n⟩=8.4e-03, Len=sum([4.7, 4.5, 4.2])=13.4, ϰ=[5.0, 5.3, 4.7], ∫ϰ²/L=[5.0, 6.3, 6.4], C-C-Sep=0.20, ║∇J║=7.6e-05
-----On 14/20 Initial Guess Perturbations
Iteration 475/2500-----
J=1.2e-02, Jf=1.1e-03, ⟨B·n⟩=8.4e-03, Len=sum([4.7, 4.5, 4.2])=13.4, ϰ=[5.0, 5.3, 4.7], ∫ϰ²/L=[5.0, 6.3, 6.4], C-C-Sep=0.20, ║∇J║=1.3e-04
-----On 14/20 Initial Guess Perturbations
Iteration 476/2500-----
J=1.2e-02, Jf=1.1e-03, ⟨B·n⟩=8.4e-03, Len=sum([4.7, 4.5, 4.2])=13.4, ϰ=[5.0, 5.3, 4.7], ∫ϰ²/L=[5.0, 6.3, 6.4], C-C-Sep=0.20, ║∇J║=7.5e-05
-----On 14/20 Initial Guess Perturbations
Iteration 477/2500-----
J=1.2e-02, Jf=1.1e-03, ⟨B·n⟩=8.4e-03, Len=sum([4.7, 4.5, 4.2])=13.4, ϰ=[5.0, 5.3, 4.7], ∫ϰ²/L=[5.0, 6.3, 6.4], C-C-Sep=0.20, ║∇J║=5.1e-05
-----On 14/20 Initial Guess Perturbations
Iteration 478/2500-----
J=1.2e-02, Jf=1.1e-03, ⟨B·n⟩=8.4e-03, Len=sum([4.7, 4.5, 4.2])=13.4, ϰ=[5.0, 5.3, 4.7], ∫ϰ²/L=[5.0, 6.3, 6.4], C-C-Sep=0.20, ║∇J║=5.7e-05
-----On 14/20 Initial Guess Perturbations
Iteration 479/2500-----
J=1.2e-02, Jf=1.1e-03, ⟨B·n⟩=8.4e-03, Len=sum([4.7, 4.5, 4.2])=13.4, ϰ=[5.0, 5.3, 4.7], ∫ϰ²/L=[5.0, 6.3, 6.4], C-C-Sep=0.20, ║∇J║=6.8e-05
-----On 14/20 Initial Guess Perturbations
Iteration 480/2500-----
J=1.2e-02, Jf=1.1e-03, ⟨B·n⟩=8.4e-03, Len=sum([4.7, 4.5, 4.2])=13.4, ϰ=[5.0, 5.3, 4.7], ∫ϰ²/L=[5.0, 6.3, 6.4], C-C-Sep=0.20, ║∇J║=6.2e-05
-----On 14/20 Initial Guess Perturbations
Iteration 481/2500-----
J=1.2e-02, Jf=1.1e-03, ⟨B·n⟩=8.4e-03, Len=sum([4.7, 4.5, 4.2])=13.4, ϰ=[5.0, 5.3, 4.7], ∫ϰ²/L=[5.0, 6.3, 6.4], C-C-Sep=0.20, ║∇J║=9.0e-05
-----On 14/20 Initial Guess Perturbations
Iteration 482/2500-----
J=1.2e-02, Jf=1.1e-03, ⟨B·n⟩=8.4e-03, Len=sum([4.7, 4.5, 4.2])=13.4, ϰ=[5.0, 5.3, 4.7], ∫ϰ²/L=[5.0, 6.3, 6.4], C-C-Sep=0.20, ║∇J║=7.3e-05
-----On 14/20 Initial Guess Perturbations
Iteration 483/2500-----
J=1.2e-02, Jf=1.1e-03, ⟨B·n⟩=8.4e-03, Len=sum([4.7, 4.5, 4.2])=13.4, ϰ=[5.0, 5.3, 4.7], ∫ϰ²/L=[5.0, 6.3, 6.4], C-C-Sep=0.20, ║∇J║=3.9e-05
-----On 14/20 Initial Guess Perturbations
Iteration 484/2500-----
J=1.2e-02, Jf=1.1e-03, ⟨B·n⟩=8.4e-03, Len=sum([4.7, 4.5, 4.2])=13.4, ϰ=[5.0, 5.3, 4.7], ∫ϰ²/L=[5.0, 6.3, 6.4], C-C-Sep=0.20, ║∇J║=3.6e-05
-----On 14/20 Initial Guess Perturbations
Iteration 485/2500-----
J=1.2e-02, Jf=1.1e-03, ⟨B·n⟩=8.4e-03, Len=sum([4.7, 4.5, 4.2])=13.4, ϰ=[5.0, 5.3, 4.7], ∫ϰ²/L=[5.0, 6.3, 6.4], C-C-Sep=0.20, ║∇J║=4.4e-05
-----On 14/20 Initial Guess Perturbations
Iteration 486/2500-----
J=1.2e-02, Jf=1.1e-03, ⟨B·n⟩=8.4e-03, Len=sum([4.7, 4.5, 4.2])=13.4, ϰ=[5.0, 5.3, 4.7], ∫ϰ²/L=[5.0, 6.3, 6.4], C-C-Sep=0.20, ║∇J║=7.5e-05
-----On 14/20 Initial Guess Perturbations
Iteration 487/2500-----
J=1.2e-02, Jf=1.1e-03, ⟨B·n⟩=8.4e-03, Len=sum([4.7, 4.5, 4.2])=13.4, ϰ=[5.0, 5.3, 4.7], ∫ϰ²/L=[5.0, 6.3, 6.4], C-C-Sep=0.20, ║∇J║=6.0e-05
-----On 14/20 Initial Guess Perturbations
Iteration 488/2500-----
J=1.2e-02, Jf=1.1e-03, ⟨B·n⟩=8.4e-03, Len=sum([4.7, 4.5, 4.2])=13.4, ϰ=[5.0, 5.3, 4.7], ∫ϰ²/L=[5.0, 6.3, 6.4], C-C-Sep=0.20, ║∇J║=3.8e-05
-----On 14/20 Initial Guess Perturbations
Iteration 489/2500-----
J=1.2e-02, Jf=1.1e-03, ⟨B·n⟩=8.4e-03, Len=sum([4.7, 4.5, 4.2])=13.4, ϰ=[5.0, 5.3, 4.7], ∫ϰ²/L=[5.0, 6.3, 6.4], C-C-Sep=0.20, ║∇J║=4.4e-05
-----On 14/20 Initial Guess Perturbations
Iteration 490/2500-----
J=1.2e-02, Jf=1.1e-03, ⟨B·n⟩=8.4e-03, Len=sum([4.7, 4.5, 4.2])=13.4, ϰ=[5.0, 5.3, 4.7], ∫ϰ²/L=[5.0, 6.3, 6.4], C-C-Sep=0.20, ║∇J║=4.9e-05
-----On 14/20 Initial Guess Perturbations
Iteration 491/2500-----
J=1.2e-02, Jf=1.1e-03, ⟨B·n⟩=8.4e-03, Len=sum([4.7, 4.5, 4.2])=13.4, ϰ=[5.0, 5.3, 4.7], ∫ϰ²/L=[5.0, 6.3, 6.4], C-C-Sep=0.20, ║∇J║=4.4e-05
-----On 14/20 Initial Guess Perturbations
Iteration 492/2500-----
J=1.2e-02, Jf=1.1e-03, ⟨B·n⟩=8.4e-03, Len=sum([4.7, 4.5, 4.2])=13.4, ϰ=[5.0, 5.3, 4.7], ∫ϰ²/L=[5.0, 6.3, 6.4], C-C-Sep=0.20, ║∇J║=5.4e-05
-----On 14/20 Initial Guess Perturbations
Iteration 493/2500-----
J=1.2e-02, Jf=1.1e-03, ⟨B·n⟩=8.4e-03, Len=sum([4.7, 4.5, 4.2])=13.4, ϰ=[5.0, 5.3, 4.7], ∫ϰ²/L=[5.0, 6.3, 6.4], C-C-Sep=0.20, ║∇J║=4.8e-05
-----On 14/20 Initial Guess Perturbations
Iteration 494/2500-----
J=1.2e-02, Jf=1.1e-03, ⟨B·n⟩=8.4e-03, Len=sum([4.7, 4.5, 4.2])=13.4, ϰ=[5.0, 5.3, 4.7], ∫ϰ²/L=[5.0, 6.3, 6.4], C-C-Sep=0.20, ║∇J║=3.4e-05
-----On 14/20 Initial Guess Perturbations
Iteration 495/2500-----
J=1.2e-02, Jf=1.1e-03, ⟨B·n⟩=8.4e-03, Len=sum([4.7, 4.5, 4.2])=13.4, ϰ=[5.0, 5.3, 4.7], ∫ϰ²/L=[5.0, 6.3, 6.4], C-C-Sep=0.20, ║∇J║=3.9e-05
-----On 14/20 Initial Guess Perturbations
Iteration 496/2500-----
J=1.2e-02, Jf=1.1e-03, ⟨B·n⟩=8.4e-03, Len=sum([4.7, 4.5, 4.2])=13.4, ϰ=[5.0, 5.3, 4.7], ∫ϰ²/L=[5.0, 6.3, 6.4], C-C-Sep=0.20, ║∇J║=4.3e-05
-----On 14/20 Initial Guess Perturbations
Iteration 497/2500-----
J=1.2e-02, Jf=1.1e-03, ⟨B·n⟩=8.4e-03, Len=sum([4.7, 4.5, 4.2])=13.4, ϰ=[5.0, 5.3, 4.7], ∫ϰ²/L=[5.0, 6.3, 6.4], C-C-Sep=0.20, ║∇J║=8.3e-05
-----On 14/20 Initial Guess Perturbations
Iteration 498/2500-----
J=1.2e-02, Jf=1.1e-03, ⟨B·n⟩=8.4e-03, Len=sum([4.7, 4.5, 4.2])=13.4, ϰ=[5.0, 5.3, 4.7], ∫ϰ²/L=[5.0, 6.3, 6.4], C-C-Sep=0.20, ║∇J║=2.4e-05
-----On 14/20 Initial Guess Perturbations
Iteration 499/2500-----
J=1.2e-02, Jf=1.1e-03, ⟨B·n⟩=8.4e-03, Len=sum([4.7, 4.5, 4.2])=13.4, ϰ=[5.0, 5.3, 4.7], ∫ϰ²/L=[5.0, 6.3, 6.4], C-C-Sep=0.20, ║∇J║=2.2e-05
-----On 14/20 Initial Guess Perturbations
Iteration 500/2500-----
J=1.2e-02, Jf=1.1e-03, ⟨B·n⟩=8.4e-03, Len=sum([4.7, 4.5, 4.2])=13.4, ϰ=[5.0, 5.3, 4.7], ∫ϰ²/L=[5.0, 6.3, 6.4], C-C-Sep=0.20, ║∇J║=2.9e-05
-----On 14/20 Initial Guess Perturbations
Iteration 501/2500-----
J=1.2e-02, Jf=1.1e-03, ⟨B·n⟩=8.4e-03, Len=sum([4.7, 4.5, 4.2])=13.4, ϰ=[5.0, 5.3, 4.7], ∫ϰ²/L=[5.0, 6.3, 6.4], C-C-Sep=0.20, ║∇J║=5.3e-05
-----On 14/20 Initial Guess Perturbations
Iteration 502/2500-----
J=1.2e-02, Jf=1.1e-03, ⟨B·n⟩=8.4e-03, Len=sum([4.7, 4.5, 4.2])=13.4, ϰ=[5.0, 5.3, 4.7], ∫ϰ²/L=[5.0, 6.3, 6.4], C-C-Sep=0.20, ║∇J║=3.4e-05
-----On 14/20 Initial Guess Perturbations
Iteration 503/2500-----
J=1.2e-02, Jf=1.1e-03, ⟨B·n⟩=8.4e-03, Len=sum([4.7, 4.5, 4.2])=13.4, ϰ=[5.0, 5.3, 4.7], ∫ϰ²/L=[5.0, 6.3, 6.4], C-C-Sep=0.20, ║∇J║=2.7e-05
-----On 14/20 Initial Guess Perturbations
Iteration 504/2500-----
J=1.2e-02, Jf=1.1e-03, ⟨B·n⟩=8.4e-03, Len=sum([4.7, 4.5, 4.2])=13.4, ϰ=[5.0, 5.3, 4.7], ∫ϰ²/L=[5.0, 6.3, 6.4], C-C-Sep=0.20, ║∇J║=3.4e-05
-----On 14/20 Initial Guess Perturbations
Iteration 505/2500-----
J=1.2e-02, Jf=1.1e-03, ⟨B·n⟩=8.4e-03, Len=sum([4.7, 4.5, 4.2])=13.4, ϰ=[5.0, 5.3, 4.7], ∫ϰ²/L=[5.0, 6.3, 6.4], C-C-Sep=0.20, ║∇J║=2.9e-05
-----On 14/20 Initial Guess Perturbations
Iteration 506/2500-----
J=1.2e-02, Jf=1.1e-03, ⟨B·n⟩=8.4e-03, Len=sum([4.7, 4.5, 4.2])=13.4, ϰ=[5.0, 5.3, 4.7], ∫ϰ²/L=[5.0, 6.3, 6.4], C-C-Sep=0.20, ║∇J║=2.0e-05
-----On 14/20 Initial Guess Perturbations
Iteration 507/2500-----
J=1.2e-02, Jf=1.1e-03, ⟨B·n⟩=8.4e-03, Len=sum([4.7, 4.5, 4.2])=13.4, ϰ=[5.0, 5.3, 4.7], ∫ϰ²/L=[5.0, 6.3, 6.4], C-C-Sep=0.20, ║∇J║=2.3e-05
-----On 14/20 Initial Guess Perturbations
Iteration 508/2500-----
J=1.2e-02, Jf=1.1e-03, ⟨B·n⟩=8.4e-03, Len=sum([4.7, 4.5, 4.2])=13.4, ϰ=[5.0, 5.3, 4.7], ∫ϰ²/L=[5.0, 6.3, 6.4], C-C-Sep=0.20, ║∇J║=2.9e-05
-----On 14/20 Initial Guess Perturbations
Iteration 509/2500-----
J=1.2e-02, Jf=1.1e-03, ⟨B·n⟩=8.4e-03, Len=sum([4.7, 4.5, 4.2])=13.4, ϰ=[5.0, 5.3, 4.7], ∫ϰ²/L=[5.0, 6.3, 6.4], C-C-Sep=0.20, ║∇J║=2.8e-05
-----On 14/20 Initial Guess Perturbations
Iteration 510/2500-----
J=1.2e-02, Jf=1.1e-03, ⟨B·n⟩=8.4e-03, Len=sum([4.7, 4.5, 4.2])=13.4, ϰ=[5.0, 5.3, 4.7], ∫ϰ²/L=[5.0, 6.3, 6.4], C-C-Sep=0.20, ║∇J║=5.2e-05
-----On 14/20 Initial Guess Perturbations
Iteration 511/2500-----
J=1.2e-02, Jf=1.1e-03, ⟨B·n⟩=8.4e-03, Len=sum([4.7, 4.5, 4.2])=13.4, ϰ=[5.0, 5.3, 4.7], ∫ϰ²/L=[5.0, 6.3, 6.4], C-C-Sep=0.20, ║∇J║=2.5e-05
-----On 14/20 Initial Guess Perturbations
Iteration 512/2500-----
J=1.2e-02, Jf=1.1e-03, ⟨B·n⟩=8.4e-03, Len=sum([4.7, 4.5, 4.2])=13.4, ϰ=[5.0, 5.3, 4.7], ∫ϰ²/L=[5.0, 6.3, 6.4], C-C-Sep=0.20, ║∇J║=2.1e-05
-----On 14/20 Initial Guess Perturbations
Iteration 513/2500-----
J=1.2e-02, Jf=1.1e-03, ⟨B·n⟩=8.4e-03, Len=sum([4.7, 4.5, 4.2])=13.4, ϰ=[5.0, 5.3, 4.7], ∫ϰ²/L=[5.0, 6.3, 6.4], C-C-Sep=0.20, ║∇J║=2.3e-05
-----On 14/20 Initial Guess Perturbations
Iteration 514/2500-----
J=1.2e-02, Jf=1.1e-03, ⟨B·n⟩=8.4e-03, Len=sum([4.7, 4.5, 4.2])=13.4, ϰ=[5.0, 5.3, 4.7], ∫ϰ²/L=[5.0, 6.3, 6.4], C-C-Sep=0.20, ║∇J║=4.8e-05
-----On 14/20 Initial Guess Perturbations
Iteration 515/2500-----
J=1.2e-02, Jf=1.1e-03, ⟨B·n⟩=8.4e-03, Len=sum([4.7, 4.5, 4.2])=13.4, ϰ=[5.0, 5.3, 4.7], ∫ϰ²/L=[5.0, 6.3, 6.4], C-C-Sep=0.20, ║∇J║=2.2e-05
-----On 14/20 Initial Guess Perturbations
Iteration 516/2500-----
J=1.2e-02, Jf=1.1e-03, ⟨B·n⟩=8.4e-03, Len=sum([4.7, 4.5, 4.2])=13.4, ϰ=[5.0, 5.3, 4.7], ∫ϰ²/L=[5.0, 6.3, 6.4], C-C-Sep=0.20, ║∇J║=1.8e-05
-----On 14/20 Initial Guess Perturbations
Iteration 517/2500-----
J=1.2e-02, Jf=1.1e-03, ⟨B·n⟩=8.4e-03, Len=sum([4.7, 4.5, 4.2])=13.4, ϰ=[5.0, 5.3, 4.7], ∫ϰ²/L=[5.0, 6.3, 6.4], C-C-Sep=0.20, ║∇J║=2.1e-05
-----On 14/20 Initial Guess Perturbations
Iteration 518/2500-----
J=1.2e-02, Jf=1.1e-03, ⟨B·n⟩=8.4e-03, Len=sum([4.7, 4.5, 4.2])=13.4, ϰ=[5.0, 5.3, 4.7], ∫ϰ²/L=[5.0, 6.3, 6.4], C-C-Sep=0.20, ║∇J║=4.1e-05
-----On 14/20 Initial Guess Perturbations
Iteration 519/2500-----
J=1.2e-02, Jf=1.1e-03, ⟨B·n⟩=8.4e-03, Len=sum([4.7, 4.5, 4.2])=13.4, ϰ=[5.0, 5.3, 4.7], ∫ϰ²/L=[5.0, 6.3, 6.4], C-C-Sep=0.20, ║∇J║=2.2e-05
-----On 14/20 Initial Guess Perturbations
Iteration 520/2500-----
J=1.2e-02, Jf=1.1e-03, ⟨B·n⟩=8.4e-03, Len=sum([4.7, 4.5, 4.2])=13.4, ϰ=[5.0, 5.3, 4.7], ∫ϰ²/L=[5.0, 6.3, 6.4], C-C-Sep=0.20, ║∇J║=1.5e-05
-----On 14/20 Initial Guess Perturbations
Iteration 521/2500-----
J=1.2e-02, Jf=1.1e-03, ⟨B·n⟩=8.4e-03, Len=sum([4.7, 4.5, 4.2])=13.4, ϰ=[5.0, 5.3, 4.7], ∫ϰ²/L=[5.0, 6.3, 6.4], C-C-Sep=0.20, ║∇J║=1.8e-05
-----On 14/20 Initial Guess Perturbations
Iteration 522/2500-----
J=1.2e-02, Jf=1.1e-03, ⟨B·n⟩=8.4e-03, Len=sum([4.7, 4.5, 4.2])=13.4, ϰ=[5.0, 5.3, 4.7], ∫ϰ²/L=[5.0, 6.3, 6.4], C-C-Sep=0.20, ║∇J║=3.0e-05
-----On 14/20 Initial Guess Perturbations
Iteration 523/2500-----
J=1.2e-02, Jf=1.1e-03, ⟨B·n⟩=8.4e-03, Len=sum([4.7, 4.5, 4.2])=13.4, ϰ=[5.0, 5.3, 4.7], ∫ϰ²/L=[5.0, 6.3, 6.4], C-C-Sep=0.20, ║∇J║=1.8e-05
-----On 14/20 Initial Guess Perturbations
Iteration 524/2500-----
J=1.2e-02, Jf=1.1e-03, ⟨B·n⟩=8.4e-03, Len=sum([4.7, 4.5, 4.2])=13.4, ϰ=[5.0, 5.3, 4.7], ∫ϰ²/L=[5.0, 6.3, 6.4], C-C-Sep=0.20, ║∇J║=1.6e-05
-----On 14/20 Initial Guess Perturbations
Iteration 525/2500-----
J=1.2e-02, Jf=1.1e-03, ⟨B·n⟩=8.4e-03, Len=sum([4.7, 4.5, 4.2])=13.4, ϰ=[5.0, 5.3, 4.7], ∫ϰ²/L=[5.0, 6.3, 6.4], C-C-Sep=0.20, ║∇J║=1.7e-05
-----On 14/20 Initial Guess Perturbations
Iteration 526/2500-----
J=1.2e-02, Jf=1.1e-03, ⟨B·n⟩=8.4e-03, Len=sum([4.7, 4.5, 4.2])=13.4, ϰ=[5.0, 5.3, 4.7], ∫ϰ²/L=[5.0, 6.3, 6.4], C-C-Sep=0.20, ║∇J║=3.0e-05
-----On 14/20 Initial Guess Perturbations
Iteration 527/2500-----
J=1.2e-02, Jf=1.1e-03, ⟨B·n⟩=8.4e-03, Len=sum([4.7, 4.5, 4.2])=13.4, ϰ=[5.0, 5.3, 4.7], ∫ϰ²/L=[5.0, 6.3, 6.4], C-C-Sep=0.20, ║∇J║=1.5e-05
-----On 14/20 Initial Guess Perturbations
Iteration 528/2500-----
J=1.2e-02, Jf=1.1e-03, ⟨B·n⟩=8.4e-03, Len=sum([4.7, 4.5, 4.2])=13.4, ϰ=[5.0, 5.3, 4.7], ∫ϰ²/L=[5.0, 6.3, 6.4], C-C-Sep=0.20, ║∇J║=1.1e-05
-----On 14/20 Initial Guess Perturbations
Iteration 529/2500-----
J=1.2e-02, Jf=1.1e-03, ⟨B·n⟩=8.4e-03, Len=sum([4.7, 4.5, 4.2])=13.4, ϰ=[5.0, 5.3, 4.7], ∫ϰ²/L=[5.0, 6.3, 6.4], C-C-Sep=0.20, ║∇J║=1.5e-05
-----On 14/20 Initial Guess Perturbations
Iteration 530/2500-----
J=1.2e-02, Jf=1.1e-03, ⟨B·n⟩=8.4e-03, Len=sum([4.7, 4.5, 4.2])=13.4, ϰ=[5.0, 5.3, 4.7], ∫ϰ²/L=[5.0, 6.3, 6.4], C-C-Sep=0.20, ║∇J║=2.3e-05
-----On 14/20 Initial Guess Perturbations
Iteration 531/2500-----
J=1.2e-02, Jf=1.1e-03, ⟨B·n⟩=8.4e-03, Len=sum([4.7, 4.5, 4.2])=13.4, ϰ=[5.0, 5.3, 4.7], ∫ϰ²/L=[5.0, 6.3, 6.4], C-C-Sep=0.20, ║∇J║=1.6e-05
-----On 14/20 Initial Guess Perturbations
Iteration 532/2500-----
J=1.2e-02, Jf=1.1e-03, ⟨B·n⟩=8.4e-03, Len=sum([4.7, 4.5, 4.2])=13.4, ϰ=[5.0, 5.3, 4.7], ∫ϰ²/L=[5.0, 6.3, 6.4], C-C-Sep=0.20, ║∇J║=1.3e-05
-----On 14/20 Initial Guess Perturbations
Iteration 533/2500-----
J=1.2e-02, Jf=1.1e-03, ⟨B·n⟩=8.4e-03, Len=sum([4.7, 4.5, 4.2])=13.4, ϰ=[5.0, 5.3, 4.7], ∫ϰ²/L=[5.0, 6.3, 6.4], C-C-Sep=0.20, ║∇J║=1.4e-05
-----On 14/20 Initial Guess Perturbations
Iteration 534/2500-----
J=1.2e-02, Jf=1.1e-03, ⟨B·n⟩=8.4e-03, Len=sum([4.7, 4.5, 4.2])=13.4, ϰ=[5.0, 5.3, 4.7], ∫ϰ²/L=[5.0, 6.3, 6.4], C-C-Sep=0.20, ║∇J║=1.0e-05
-----On 14/20 Initial Guess Perturbations
Iteration 535/2500-----
J=1.2e-02, Jf=1.1e-03, ⟨B·n⟩=8.4e-03, Len=sum([4.7, 4.5, 4.2])=13.4, ϰ=[5.0, 5.3, 4.7], ∫ϰ²/L=[5.0, 6.3, 6.4], C-C-Sep=0.20, ║∇J║=1.5e-05
-----On 14/20 Initial Guess Perturbations
Iteration 536/2500-----
J=1.2e-02, Jf=1.1e-03, ⟨B·n⟩=8.4e-03, Len=sum([4.7, 4.5, 4.2])=13.4, ϰ=[5.0, 5.3, 4.7], ∫ϰ²/L=[5.0, 6.3, 6.4], C-C-Sep=0.20, ║∇J║=1.2e-05
-----On 14/20 Initial Guess Perturbations
Iteration 537/2500-----
J=1.2e-02, Jf=1.1e-03, ⟨B·n⟩=8.4e-03, Len=sum([4.7, 4.5, 4.2])=13.4, ϰ=[5.0, 5.3, 4.7], ∫ϰ²/L=[5.0, 6.3, 6.4], C-C-Sep=0.20, ║∇J║=1.5e-05
-----On 14/20 Initial Guess Perturbations
Iteration 538/2500-----
J=1.2e-02, Jf=1.1e-03, ⟨B·n⟩=8.4e-03, Len=sum([4.7, 4.5, 4.2])=13.4, ϰ=[5.0, 5.3, 4.7], ∫ϰ²/L=[5.0, 6.3, 6.4], C-C-Sep=0.20, ║∇J║=2.0e-05
-----On 14/20 Initial Guess Perturbations
Iteration 539/2500-----
J=1.2e-02, Jf=1.1e-03, ⟨B·n⟩=8.4e-03, Len=sum([4.7, 4.5, 4.2])=13.4, ϰ=[5.0, 5.3, 4.7], ∫ϰ²/L=[5.0, 6.3, 6.4], C-C-Sep=0.20, ║∇J║=9.3e-06
-----On 14/20 Initial Guess Perturbations
Iteration 540/2500-----
J=1.2e-02, Jf=1.1e-03, ⟨B·n⟩=8.4e-03, Len=sum([4.7, 4.5, 4.2])=13.4, ϰ=[5.0, 5.3, 4.7], ∫ϰ²/L=[5.0, 6.3, 6.4], C-C-Sep=0.20, ║∇J║=7.3e-06
-----On 14/20 Initial Guess Perturbations
Iteration 541/2500-----
J=1.2e-02, Jf=1.1e-03, ⟨B·n⟩=8.4e-03, Len=sum([4.7, 4.5, 4.2])=13.4, ϰ=[5.0, 5.3, 4.7], ∫ϰ²/L=[5.0, 6.3, 6.4], C-C-Sep=0.20, ║∇J║=7.2e-06
-----On 14/20 Initial Guess Perturbations
Iteration 542/2500-----
J=1.2e-02, Jf=1.1e-03, ⟨B·n⟩=8.4e-03, Len=sum([4.7, 4.5, 4.2])=13.4, ϰ=[5.0, 5.3, 4.7], ∫ϰ²/L=[5.0, 6.3, 6.4], C-C-Sep=0.20, ║∇J║=1.4e-05
-----On 14/20 Initial Guess Perturbations
Iteration 543/2500-----
J=1.2e-02, Jf=1.1e-03, ⟨B·n⟩=8.4e-03, Len=sum([4.7, 4.5, 4.2])=13.4, ϰ=[5.0, 5.3, 4.7], ∫ϰ²/L=[5.0, 6.3, 6.4], C-C-Sep=0.20, ║∇J║=9.7e-06
-----On 14/20 Initial Guess Perturbations
Iteration 544/2500-----
J=1.2e-02, Jf=1.1e-03, ⟨B·n⟩=8.4e-03, Len=sum([4.7, 4.5, 4.2])=13.4, ϰ=[5.0, 5.3, 4.7], ∫ϰ²/L=[5.0, 6.3, 6.4], C-C-Sep=0.20, ║∇J║=9.5e-06
-----On 14/20 Initial Guess Perturbations
Iteration 545/2500-----
J=1.2e-02, Jf=1.1e-03, ⟨B·n⟩=8.4e-03, Len=sum([4.7, 4.5, 4.2])=13.4, ϰ=[5.0, 5.3, 4.7], ∫ϰ²/L=[5.0, 6.3, 6.4], C-C-Sep=0.20, ║∇J║=1.7e-05
-----On 14/20 Initial Guess Perturbations
Iteration 546/2500-----
J=1.2e-02, Jf=1.1e-03, ⟨B·n⟩=8.4e-03, Len=sum([4.7, 4.5, 4.2])=13.4, ϰ=[5.0, 5.3, 4.7], ∫ϰ²/L=[5.0, 6.3, 6.4], C-C-Sep=0.20, ║∇J║=7.5e-06
-----On 14/20 Initial Guess Perturbations
Iteration 547/2500-----
J=1.2e-02, Jf=1.1e-03, ⟨B·n⟩=8.4e-03, Len=sum([4.7, 4.5, 4.2])=13.4, ϰ=[5.0, 5.3, 4.7], ∫ϰ²/L=[5.0, 6.3, 6.4], C-C-Sep=0.20, ║∇J║=5.0e-06
-----On 14/20 Initial Guess Perturbations
Iteration 548/2500-----
J=1.2e-02, Jf=1.1e-03, ⟨B·n⟩=8.4e-03, Len=sum([4.7, 4.5, 4.2])=13.4, ϰ=[5.0, 5.3, 4.7], ∫ϰ²/L=[5.0, 6.3, 6.4], C-C-Sep=0.20, ║∇J║=5.0e-06
-----On 14/20 Initial Guess Perturbations
Iteration 549/2500-----
J=1.2e-02, Jf=1.1e-03, ⟨B·n⟩=8.4e-03, Len=sum([4.7, 4.5, 4.2])=13.4, ϰ=[5.0, 5.3, 4.7], ∫ϰ²/L=[5.0, 6.3, 6.4], C-C-Sep=0.20, ║∇J║=7.7e-06
-----On 14/20 Initial Guess Perturbations
Iteration 550/2500-----
J=1.2e-02, Jf=1.1e-03, ⟨B·n⟩=8.4e-03, Len=sum([4.7, 4.5, 4.2])=13.4, ϰ=[5.0, 5.3, 4.7], ∫ϰ²/L=[5.0, 6.3, 6.4], C-C-Sep=0.20, ║∇J║=1.1e-05
-----On 14/20 Initial Guess Perturbations
Iteration 551/2500-----
J=1.2e-02, Jf=1.1e-03, ⟨B·n⟩=8.4e-03, Len=sum([4.7, 4.5, 4.2])=13.4, ϰ=[5.0, 5.3, 4.7], ∫ϰ²/L=[5.0, 6.3, 6.4], C-C-Sep=0.20, ║∇J║=6.9e-06
-----On 14/20 Initial Guess Perturbations
Iteration 552/2500-----
J=1.2e-02, Jf=1.1e-03, ⟨B·n⟩=8.4e-03, Len=sum([4.7, 4.5, 4.2])=13.4, ϰ=[5.0, 5.3, 4.7], ∫ϰ²/L=[5.0, 6.3, 6.4], C-C-Sep=0.20, ║∇J║=4.5e-06
-----On 14/20 Initial Guess Perturbations
Iteration 553/2500-----
J=1.2e-02, Jf=1.1e-03, ⟨B·n⟩=8.4e-03, Len=sum([4.7, 4.5, 4.2])=13.4, ϰ=[5.0, 5.3, 4.7], ∫ϰ²/L=[5.0, 6.3, 6.4], C-C-Sep=0.20, ║∇J║=4.4e-06
-----On 14/20 Initial Guess Perturbations
Iteration 554/2500-----
J=1.2e-02, Jf=1.1e-03, ⟨B·n⟩=8.4e-03, Len=sum([4.7, 4.5, 4.2])=13.4, ϰ=[5.0, 5.3, 4.7], ∫ϰ²/L=[5.0, 6.3, 6.4], C-C-Sep=0.20, ║∇J║=6.2e-06
-----On 14/20 Initial Guess Perturbations
Iteration 555/2500-----
J=1.2e-02, Jf=1.1e-03, ⟨B·n⟩=8.4e-03, Len=sum([4.7, 4.5, 4.2])=13.4, ϰ=[5.0, 5.3, 4.7], ∫ϰ²/L=[5.0, 6.3, 6.4], C-C-Sep=0.20, ║∇J║=4.7e-06
-----On 14/20 Initial Guess Perturbations
Iteration 556/2500-----
J=1.2e-02, Jf=1.1e-03, ⟨B·n⟩=8.4e-03, Len=sum([4.7, 4.5, 4.2])=13.4, ϰ=[5.0, 5.3, 4.7], ∫ϰ²/L=[5.0, 6.3, 6.4], C-C-Sep=0.20, ║∇J║=4.6e-06
-----On 14/20 Initial Guess Perturbations
Iteration 557/2500-----
J=1.2e-02, Jf=1.1e-03, ⟨B·n⟩=8.4e-03, Len=sum([4.7, 4.5, 4.2])=13.4, ϰ=[5.0, 5.3, 4.7], ∫ϰ²/L=[5.0, 6.3, 6.4], C-C-Sep=0.20, ║∇J║=7.2e-06
-----On 14/20 Initial Guess Perturbations
Iteration 558/2500-----
J=1.2e-02, Jf=1.1e-03, ⟨B·n⟩=8.4e-03, Len=sum([4.7, 4.5, 4.2])=13.4, ϰ=[5.0, 5.3, 4.7], ∫ϰ²/L=[5.0, 6.3, 6.4], C-C-Sep=0.20, ║∇J║=5.0e-06
-----On 14/20 Initial Guess Perturbations
Iteration 559/2500-----
J=1.2e-02, Jf=1.1e-03, ⟨B·n⟩=8.4e-03, Len=sum([4.7, 4.5, 4.2])=13.4, ϰ=[5.0, 5.3, 4.7], ∫ϰ²/L=[5.0, 6.3, 6.4], C-C-Sep=0.20, ║∇J║=3.0e-06
-----On 14/20 Initial Guess Perturbations
Iteration 560/2500-----
J=1.2e-02, Jf=1.1e-03, ⟨B·n⟩=8.4e-03, Len=sum([4.7, 4.5, 4.2])=13.4, ϰ=[5.0, 5.3, 4.7], ∫ϰ²/L=[5.0, 6.3, 6.4], C-C-Sep=0.20, ║∇J║=3.0e-06
-----On 14/20 Initial Guess Perturbations
Iteration 561/2500-----
J=1.2e-02, Jf=1.1e-03, ⟨B·n⟩=8.4e-03, Len=sum([4.7, 4.5, 4.2])=13.4, ϰ=[5.0, 5.3, 4.7], ∫ϰ²/L=[5.0, 6.3, 6.4], C-C-Sep=0.20, ║∇J║=3.8e-06
-----On 14/20 Initial Guess Perturbations
Iteration 562/2500-----
J=1.2e-02, Jf=1.1e-03, ⟨B·n⟩=8.4e-03, Len=sum([4.7, 4.5, 4.2])=13.4, ϰ=[5.0, 5.3, 4.7], ∫ϰ²/L=[5.0, 6.3, 6.4], C-C-Sep=0.20, ║∇J║=4.3e-06
-----On 14/20 Initial Guess Perturbations
Iteration 563/2500-----
J=1.2e-02, Jf=1.1e-03, ⟨B·n⟩=8.4e-03, Len=sum([4.7, 4.5, 4.2])=13.4, ϰ=[5.0, 5.3, 4.7], ∫ϰ²/L=[5.0, 6.3, 6.4], C-C-Sep=0.20, ║∇J║=8.6e-06
-----On 14/20 Initial Guess Perturbations
Iteration 564/2500-----
J=1.2e-02, Jf=1.1e-03, ⟨B·n⟩=8.4e-03, Len=sum([4.7, 4.5, 4.2])=13.4, ϰ=[5.0, 5.3, 4.7], ∫ϰ²/L=[5.0, 6.3, 6.4], C-C-Sep=0.20, ║∇J║=3.1e-06
-----On 14/20 Initial Guess Perturbations
Iteration 565/2500-----
J=1.2e-02, Jf=1.1e-03, ⟨B·n⟩=8.4e-03, Len=sum([4.7, 4.5, 4.2])=13.4, ϰ=[5.0, 5.3, 4.7], ∫ϰ²/L=[5.0, 6.3, 6.4], C-C-Sep=0.20, ║∇J║=2.3e-06
-----On 14/20 Initial Guess Perturbations
Iteration 566/2500-----
J=1.2e-02, Jf=1.1e-03, ⟨B·n⟩=8.4e-03, Len=sum([4.7, 4.5, 4.2])=13.4, ϰ=[5.0, 5.3, 4.7], ∫ϰ²/L=[5.0, 6.3, 6.4], C-C-Sep=0.20, ║∇J║=2.5e-06
-----On 14/20 Initial Guess Perturbations
Iteration 567/2500-----
J=1.2e-02, Jf=1.1e-03, ⟨B·n⟩=8.4e-03, Len=sum([4.7, 4.5, 4.2])=13.4, ϰ=[5.0, 5.3, 4.7], ∫ϰ²/L=[5.0, 6.3, 6.4], C-C-Sep=0.20, ║∇J║=3.7e-06
-----On 14/20 Initial Guess Perturbations
Iteration 568/2500-----
J=1.2e-02, Jf=1.1e-03, ⟨B·n⟩=8.4e-03, Len=sum([4.7, 4.5, 4.2])=13.4, ϰ=[5.0, 5.3, 4.7], ∫ϰ²/L=[5.0, 6.3, 6.4], C-C-Sep=0.20, ║∇J║=3.6e-06
-----On 14/20 Initial Guess Perturbations
Iteration 569/2500-----
J=1.2e-02, Jf=1.1e-03, ⟨B·n⟩=8.4e-03, Len=sum([4.7, 4.5, 4.2])=13.4, ϰ=[5.0, 5.3, 4.7], ∫ϰ²/L=[5.0, 6.3, 6.4], C-C-Sep=0.20, ║∇J║=3.8e-06
-----On 14/20 Initial Guess Perturbations
Iteration 570/2500-----
J=1.2e-02, Jf=1.1e-03, ⟨B·n⟩=8.4e-03, Len=sum([4.7, 4.5, 4.2])=13.4, ϰ=[5.0, 5.3, 4.7], ∫ϰ²/L=[5.0, 6.3, 6.4], C-C-Sep=0.20, ║∇J║=3.1e-06
-----On 14/20 Initial Guess Perturbations
Iteration 571/2500-----
J=1.2e-02, Jf=1.1e-03, ⟨B·n⟩=8.4e-03, Len=sum([4.7, 4.5, 4.2])=13.4, ϰ=[5.0, 5.3, 4.7], ∫ϰ²/L=[5.0, 6.3, 6.4], C-C-Sep=0.20, ║∇J║=2.8e-06
-----On 14/20 Initial Guess Perturbations
Iteration 572/2500-----
J=1.2e-02, Jf=1.1e-03, ⟨B·n⟩=8.4e-03, Len=sum([4.7, 4.5, 4.2])=13.4, ϰ=[5.0, 5.3, 4.7], ∫ϰ²/L=[5.0, 6.3, 6.4], C-C-Sep=0.20, ║∇J║=2.0e-06
-----On 14/20 Initial Guess Perturbations
Iteration 573/2500-----
J=1.2e-02, Jf=1.1e-03, ⟨B·n⟩=8.4e-03, Len=sum([4.7, 4.5, 4.2])=13.4, ϰ=[5.0, 5.3, 4.7], ∫ϰ²/L=[5.0, 6.3, 6.4], C-C-Sep=0.20, ║∇J║=2.0e-06
-----On 14/20 Initial Guess Perturbations
Iteration 574/2500-----
J=1.2e-02, Jf=1.1e-03, ⟨B·n⟩=8.4e-03, Len=sum([4.7, 4.5, 4.2])=13.4, ϰ=[5.0, 5.3, 4.7], ∫ϰ²/L=[5.0, 6.3, 6.4], C-C-Sep=0.20, ║∇J║=2.7e-06
-----On 14/20 Initial Guess Perturbations
Iteration 575/2500-----
J=1.2e-02, Jf=1.1e-03, ⟨B·n⟩=8.4e-03, Len=sum([4.7, 4.5, 4.2])=13.4, ϰ=[5.0, 5.3, 4.7], ∫ϰ²/L=[5.0, 6.3, 6.4], C-C-Sep=0.20, ║∇J║=3.8e-06
-----On 14/20 Initial Guess Perturbations
Iteration 576/2500-----
J=1.2e-02, Jf=1.1e-03, ⟨B·n⟩=8.4e-03, Len=sum([4.7, 4.5, 4.2])=13.4, ϰ=[5.0, 5.3, 4.7], ∫ϰ²/L=[5.0, 6.3, 6.4], C-C-Sep=0.20, ║∇J║=2.7e-06
-----On 14/20 Initial Guess Perturbations
Iteration 577/2500-----
J=1.2e-02, Jf=1.1e-03, ⟨B·n⟩=8.4e-03, Len=sum([4.7, 4.5, 4.2])=13.4, ϰ=[5.0, 5.3, 4.7], ∫ϰ²/L=[5.0, 6.3, 6.4], C-C-Sep=0.20, ║∇J║=1.8e-06
-----On 14/20 Initial Guess Perturbations
Iteration 578/2500-----
J=1.2e-02, Jf=1.1e-03, ⟨B·n⟩=8.4e-03, Len=sum([4.7, 4.5, 4.2])=13.4, ϰ=[5.0, 5.3, 4.7], ∫ϰ²/L=[5.0, 6.3, 6.4], C-C-Sep=0.20, ║∇J║=1.8e-06
-----On 14/20 Initial Guess Perturbations
Iteration 579/2500-----
J=1.2e-02, Jf=1.1e-03, ⟨B·n⟩=8.4e-03, Len=sum([4.7, 4.5, 4.2])=13.4, ϰ=[5.0, 5.3, 4.7], ∫ϰ²/L=[5.0, 6.3, 6.4], C-C-Sep=0.20, ║∇J║=1.8e-06
-----On 14/20 Initial Guess Perturbations
Iteration 580/2500-----
J=1.2e-02, Jf=1.1e-03, ⟨B·n⟩=8.4e-03, Len=sum([4.7, 4.5, 4.2])=13.4, ϰ=[5.0, 5.3, 4.7], ∫ϰ²/L=[5.0, 6.3, 6.4], C-C-Sep=0.20, ║∇J║=1.8e-06
-----On 14/20 Initial Guess Perturbations
Iteration 581/2500-----
J=1.2e-02, Jf=1.1e-03, ⟨B·n⟩=8.4e-03, Len=sum([4.7, 4.5, 4.2])=13.4, ϰ=[5.0, 5.3, 4.7], ∫ϰ²/L=[5.0, 6.3, 6.4], C-C-Sep=0.20, ║∇J║=2.5e-06
-----On 14/20 Initial Guess Perturbations
Iteration 582/2500-----
J=1.2e-02, Jf=1.1e-03, ⟨B·n⟩=8.4e-03, Len=sum([4.7, 4.5, 4.2])=13.4, ϰ=[5.0, 5.3, 4.7], ∫ϰ²/L=[5.0, 6.3, 6.4], C-C-Sep=0.20, ║∇J║=2.8e-06
-----On 14/20 Initial Guess Perturbations
Iteration 583/2500-----
J=1.2e-02, Jf=1.1e-03, ⟨B·n⟩=8.4e-03, Len=sum([4.7, 4.5, 4.2])=13.4, ϰ=[5.0, 5.3, 4.7], ∫ϰ²/L=[5.0, 6.3, 6.4], C-C-Sep=0.20, ║∇J║=1.8e-06
-----On 14/20 Initial Guess Perturbations
Iteration 584/2500-----
J=1.2e-02, Jf=1.1e-03, ⟨B·n⟩=8.4e-03, Len=sum([4.7, 4.5, 4.2])=13.4, ϰ=[5.0, 5.3, 4.7], ∫ϰ²/L=[5.0, 6.3, 6.4], C-C-Sep=0.20, ║∇J║=1.5e-06
-----On 14/20 Initial Guess Perturbations
Iteration 585/2500-----
J=1.2e-02, Jf=1.1e-03, ⟨B·n⟩=8.4e-03, Len=sum([4.7, 4.5, 4.2])=13.4, ϰ=[5.0, 5.3, 4.7], ∫ϰ²/L=[5.0, 6.3, 6.4], C-C-Sep=0.20, ║∇J║=1.9e-06
-----On 14/20 Initial Guess Perturbations
Iteration 586/2500-----
J=1.2e-02, Jf=1.1e-03, ⟨B·n⟩=8.4e-03, Len=sum([4.7, 4.5, 4.2])=13.4, ϰ=[5.0, 5.3, 4.7], ∫ϰ²/L=[5.0, 6.3, 6.4], C-C-Sep=0.20, ║∇J║=1.4e-06
-----On 14/20 Initial Guess Perturbations
Iteration 587/2500-----
J=1.2e-02, Jf=1.1e-03, ⟨B·n⟩=8.4e-03, Len=sum([4.7, 4.5, 4.2])=13.4, ϰ=[5.0, 5.3, 4.7], ∫ϰ²/L=[5.0, 6.3, 6.4], C-C-Sep=0.20, ║∇J║=1.5e-06
-----On 14/20 Initial Guess Perturbations
Iteration 588/2500-----
J=1.2e-02, Jf=1.1e-03, ⟨B·n⟩=8.4e-03, Len=sum([4.7, 4.5, 4.2])=13.4, ϰ=[5.0, 5.3, 4.7], ∫ϰ²/L=[5.0, 6.3, 6.4], C-C-Sep=0.20, ║∇J║=2.2e-06
-----On 14/20 Initial Guess Perturbations
Iteration 589/2500-----
J=1.2e-02, Jf=1.1e-03, ⟨B·n⟩=8.4e-03, Len=sum([4.7, 4.5, 4.2])=13.4, ϰ=[5.0, 5.3, 4.7], ∫ϰ²/L=[5.0, 6.3, 6.4], C-C-Sep=0.20, ║∇J║=2.1e-06
-----On 14/20 Initial Guess Perturbations
Iteration 590/2500-----
J=1.2e-02, Jf=1.1e-03, ⟨B·n⟩=8.4e-03, Len=sum([4.7, 4.5, 4.2])=13.4, ϰ=[5.0, 5.3, 4.7], ∫ϰ²/L=[5.0, 6.3, 6.4], C-C-Sep=0.20, ║∇J║=1.7e-06
-----On 14/20 Initial Guess Perturbations
Iteration 591/2500-----
J=1.2e-02, Jf=1.1e-03, ⟨B·n⟩=8.4e-03, Len=sum([4.7, 4.5, 4.2])=13.4, ϰ=[5.0, 5.3, 4.7], ∫ϰ²/L=[5.0, 6.3, 6.4], C-C-Sep=0.20, ║∇J║=2.0e-06
-----On 14/20 Initial Guess Perturbations
Iteration 592/2500-----
J=1.2e-02, Jf=1.1e-03, ⟨B·n⟩=8.4e-03, Len=sum([4.7, 4.5, 4.2])=13.4, ϰ=[5.0, 5.3, 4.7], ∫ϰ²/L=[5.0, 6.3, 6.4], C-C-Sep=0.20, ║∇J║=1.1e-06
-----On 14/20 Initial Guess Perturbations
Iteration 593/2500-----
J=1.2e-02, Jf=1.1e-03, ⟨B·n⟩=8.4e-03, Len=sum([4.7, 4.5, 4.2])=13.4, ϰ=[5.0, 5.3, 4.7], ∫ϰ²/L=[5.0, 6.3, 6.4], C-C-Sep=0.20, ║∇J║=1.2e-06
-----On 14/20 Initial Guess Perturbations
Iteration 594/2500-----
J=1.2e-02, Jf=1.1e-03, ⟨B·n⟩=8.4e-03, Len=sum([4.7, 4.5, 4.2])=13.4, ϰ=[5.0, 5.3, 4.7], ∫ϰ²/L=[5.0, 6.3, 6.4], C-C-Sep=0.20, ║∇J║=1.6e-06
-----On 14/20 Initial Guess Perturbations
Iteration 595/2500-----
J=1.2e-02, Jf=1.1e-03, ⟨B·n⟩=8.4e-03, Len=sum([4.7, 4.5, 4.2])=13.4, ϰ=[5.0, 5.3, 4.7], ∫ϰ²/L=[5.0, 6.3, 6.4], C-C-Sep=0.20, ║∇J║=2.8e-06
-----On 14/20 Initial Guess Perturbations
Iteration 596/2500-----
J=1.2e-02, Jf=1.1e-03, ⟨B·n⟩=8.4e-03, Len=sum([4.7, 4.5, 4.2])=13.4, ϰ=[5.0, 5.3, 4.7], ∫ϰ²/L=[5.0, 6.3, 6.4], C-C-Sep=0.20, ║∇J║=1.4e-06
-----On 14/20 Initial Guess Perturbations
Iteration 597/2500-----
J=1.2e-02, Jf=1.1e-03, ⟨B·n⟩=8.4e-03, Len=sum([4.7, 4.5, 4.2])=13.4, ϰ=[5.0, 5.3, 4.7], ∫ϰ²/L=[5.0, 6.3, 6.4], C-C-Sep=0.20, ║∇J║=1.1e-06
-----On 14/20 Initial Guess Perturbations
Iteration 598/2500-----
J=1.2e-02, Jf=1.1e-03, ⟨B·n⟩=8.4e-03, Len=sum([4.7, 4.5, 4.2])=13.4, ϰ=[5.0, 5.3, 4.7], ∫ϰ²/L=[5.0, 6.3, 6.4], C-C-Sep=0.20, ║∇J║=1.1e-06
-----On 14/20 Initial Guess Perturbations
Iteration 599/2500-----
J=1.2e-02, Jf=1.1e-03, ⟨B·n⟩=8.4e-03, Len=sum([4.7, 4.5, 4.2])=13.4, ϰ=[5.0, 5.3, 4.7], ∫ϰ²/L=[5.0, 6.3, 6.4], C-C-Sep=0.20, ║∇J║=1.4e-06
-----On 14/20 Initial Guess Perturbations
Iteration 600/2500-----
J=1.2e-02, Jf=1.1e-03, ⟨B·n⟩=8.4e-03, Len=sum([4.7, 4.5, 4.2])=13.4, ϰ=[5.0, 5.3, 4.7], ∫ϰ²/L=[5.0, 6.3, 6.4], C-C-Sep=0.20, ║∇J║=1.7e-06
-----On 14/20 Initial Guess Perturbations
Iteration 601/2500-----
J=1.2e-02, Jf=1.1e-03, ⟨B·n⟩=8.4e-03, Len=sum([4.7, 4.5, 4.2])=13.4, ϰ=[5.0, 5.3, 4.7], ∫ϰ²/L=[5.0, 6.3, 6.4], C-C-Sep=0.20, ║∇J║=1.3e-06
-----On 14/20 Initial Guess Perturbations
Iteration 602/2500-----
J=1.2e-02, Jf=1.1e-03, ⟨B·n⟩=8.4e-03, Len=sum([4.7, 4.5, 4.2])=13.4, ϰ=[5.0, 5.3, 4.7], ∫ϰ²/L=[5.0, 6.3, 6.4], C-C-Sep=0.20, ║∇J║=1.4e-06
-----On 14/20 Initial Guess Perturbations
Iteration 603/2500-----
J=1.2e-02, Jf=1.1e-03, ⟨B·n⟩=8.4e-03, Len=sum([4.7, 4.5, 4.2])=13.4, ϰ=[5.0, 5.3, 4.7], ∫ϰ²/L=[5.0, 6.3, 6.4], C-C-Sep=0.20, ║∇J║=1.9e-06
-----On 14/20 Initial Guess Perturbations
Iteration 604/2500-----
J=1.2e-02, Jf=1.1e-03, ⟨B·n⟩=8.4e-03, Len=sum([4.7, 4.5, 4.2])=13.4, ϰ=[5.0, 5.3, 4.7], ∫ϰ²/L=[5.0, 6.3, 6.4], C-C-Sep=0.20, ║∇J║=1.1e-06
-----On 14/20 Initial Guess Perturbations
Iteration 605/2500-----
J=1.2e-02, Jf=1.1e-03, ⟨B·n⟩=8.4e-03, Len=sum([4.7, 4.5, 4.2])=13.4, ϰ=[5.0, 5.3, 4.7], ∫ϰ²/L=[5.0, 6.3, 6.4], C-C-Sep=0.20, ║∇J║=1.1e-06
-----On 14/20 Initial Guess Perturbations
Iteration 606/2500-----
J=1.2e-02, Jf=1.1e-03, ⟨B·n⟩=8.4e-03, Len=sum([4.7, 4.5, 4.2])=13.4, ϰ=[5.0, 5.3, 4.7], ∫ϰ²/L=[5.0, 6.3, 6.4], C-C-Sep=0.20, ║∇J║=1.6e-06
-----On 14/20 Initial Guess Perturbations
Iteration 607/2500-----
J=1.2e-02, Jf=1.1e-03, ⟨B·n⟩=8.4e-03, Len=sum([4.7, 4.5, 4.2])=13.4, ϰ=[5.0, 5.3, 4.7], ∫ϰ²/L=[5.0, 6.3, 6.4], C-C-Sep=0.20, ║∇J║=1.9e-06
-----On 14/20 Initial Guess Perturbations
Iteration 608/2500-----
J=1.2e-02, Jf=1.1e-03, ⟨B·n⟩=8.4e-03, Len=sum([4.7, 4.5, 4.2])=13.4, ϰ=[5.0, 5.3, 4.7], ∫ϰ²/L=[5.0, 6.3, 6.4], C-C-Sep=0.20, ║∇J║=1.3e-06
-----On 14/20 Initial Guess Perturbations
Iteration 609/2500-----
J=1.2e-02, Jf=1.1e-03, ⟨B·n⟩=8.4e-03, Len=sum([4.7, 4.5, 4.2])=13.4, ϰ=[5.0, 5.3, 4.7], ∫ϰ²/L=[5.0, 6.3, 6.4], C-C-Sep=0.20, ║∇J║=1.4e-06
-----On 14/20 Initial Guess Perturbations
Iteration 610/2500-----
J=1.2e-02, Jf=1.1e-03, ⟨B·n⟩=8.4e-03, Len=sum([4.7, 4.5, 4.2])=13.4, ϰ=[5.0, 5.3, 4.7], ∫ϰ²/L=[5.0, 6.3, 6.4], C-C-Sep=0.20, ║∇J║=1.8e-06
-----On 14/20 Initial Guess Perturbations
Iteration 611/2500-----
J=1.2e-02, Jf=1.1e-03, ⟨B·n⟩=8.4e-03, Len=sum([4.7, 4.5, 4.2])=13.4, ϰ=[5.0, 5.3, 4.7], ∫ϰ²/L=[5.0, 6.3, 6.4], C-C-Sep=0.20, ║∇J║=1.2e-06
-----On 14/20 Initial Guess Perturbations
Iteration 612/2500-----
J=1.2e-02, Jf=1.1e-03, ⟨B·n⟩=8.4e-03, Len=sum([4.7, 4.5, 4.2])=13.4, ϰ=[5.0, 5.3, 4.7], ∫ϰ²/L=[5.0, 6.3, 6.4], C-C-Sep=0.20, ║∇J║=1.0e-06
-----On 14/20 Initial Guess Perturbations
Iteration 613/2500-----
J=1.2e-02, Jf=1.1e-03, ⟨B·n⟩=8.4e-03, Len=sum([4.7, 4.5, 4.2])=13.4, ϰ=[5.0, 5.3, 4.7], ∫ϰ²/L=[5.0, 6.3, 6.4], C-C-Sep=0.20, ║∇J║=1.3e-06
-----On 14/20 Initial Guess Perturbations
Iteration 614/2500-----
J=1.2e-02, Jf=1.1e-03, ⟨B·n⟩=8.4e-03, Len=sum([4.7, 4.5, 4.2])=13.4, ϰ=[5.0, 5.3, 4.7], ∫ϰ²/L=[5.0, 6.3, 6.4], C-C-Sep=0.20, ║∇J║=2.2e-06
-----On 14/20 Initial Guess Perturbations
Iteration 615/2500-----
J=1.2e-02, Jf=1.1e-03, ⟨B·n⟩=8.4e-03, Len=sum([4.7, 4.5, 4.2])=13.4, ϰ=[5.0, 5.3, 4.7], ∫ϰ²/L=[5.0, 6.3, 6.4], C-C-Sep=0.20, ║∇J║=1.5e-06
-----On 14/20 Initial Guess Perturbations
Iteration 616/2500-----
J=1.2e-02, Jf=1.1e-03, ⟨B·n⟩=8.4e-03, Len=sum([4.7, 4.5, 4.2])=13.4, ϰ=[5.0, 5.3, 4.7], ∫ϰ²/L=[5.0, 6.3, 6.4], C-C-Sep=0.20, ║∇J║=1.4e-06
-----On 14/20 Initial Guess Perturbations
Iteration 617/2500-----
J=1.2e-02, Jf=1.1e-03, ⟨B·n⟩=8.4e-03, Len=sum([4.7, 4.5, 4.2])=13.4, ϰ=[5.0, 5.3, 4.7], ∫ϰ²/L=[5.0, 6.3, 6.4], C-C-Sep=0.20, ║∇J║=1.5e-06
-----On 14/20 Initial Guess Perturbations
Iteration 618/2500-----
J=1.2e-02, Jf=1.1e-03, ⟨B·n⟩=8.4e-03, Len=sum([4.7, 4.5, 4.2])=13.4, ϰ=[5.0, 5.3, 4.7], ∫ϰ²/L=[5.0, 6.3, 6.4], C-C-Sep=0.20, ║∇J║=2.7e-06
-----On 14/20 Initial Guess Perturbations
Iteration 619/2500-----
J=1.2e-02, Jf=1.1e-03, ⟨B·n⟩=8.4e-03, Len=sum([4.7, 4.5, 4.2])=13.4, ϰ=[5.0, 5.3, 4.7], ∫ϰ²/L=[5.0, 6.3, 6.4], C-C-Sep=0.20, ║∇J║=1.2e-06
-----On 14/20 Initial Guess Perturbations
Iteration 620/2500-----
J=1.2e-02, Jf=1.1e-03, ⟨B·n⟩=8.4e-03, Len=sum([4.7, 4.5, 4.2])=13.4, ϰ=[5.0, 5.3, 4.7], ∫ϰ²/L=[5.0, 6.3, 6.4], C-C-Sep=0.20, ║∇J║=9.7e-07
-----On 14/20 Initial Guess Perturbations
Iteration 621/2500-----
J=1.2e-02, Jf=1.1e-03, ⟨B·n⟩=8.4e-03, Len=sum([4.7, 4.5, 4.2])=13.4, ϰ=[5.0, 5.3, 4.7], ∫ϰ²/L=[5.0, 6.3, 6.4], C-C-Sep=0.20, ║∇J║=1.3e-06
-----On 14/20 Initial Guess Perturbations
Iteration 622/2500-----
J=1.2e-02, Jf=1.1e-03, ⟨B·n⟩=8.4e-03, Len=sum([4.7, 4.5, 4.2])=13.4, ϰ=[5.0, 5.3, 4.7], ∫ϰ²/L=[5.0, 6.3, 6.4], C-C-Sep=0.20, ║∇J║=2.8e-06
-----On 14/20 Initial Guess Perturbations
Iteration 623/2500-----
J=1.2e-02, Jf=1.1e-03, ⟨B·n⟩=8.4e-03, Len=sum([4.7, 4.5, 4.2])=13.4, ϰ=[5.0, 5.3, 4.7], ∫ϰ²/L=[5.0, 6.3, 6.4], C-C-Sep=0.20, ║∇J║=1.7e-06
-----On 14/20 Initial Guess Perturbations
Iteration 624/2500-----
J=1.2e-02, Jf=1.1e-03, ⟨B·n⟩=8.4e-03, Len=sum([4.7, 4.5, 4.2])=13.4, ϰ=[5.0, 5.3, 4.7], ∫ϰ²/L=[5.0, 6.3, 6.4], C-C-Sep=0.20, ║∇J║=1.6e-06
-----On 14/20 Initial Guess Perturbations
Iteration 625/2500-----
J=1.2e-02, Jf=1.1e-03, ⟨B·n⟩=8.4e-03, Len=sum([4.7, 4.5, 4.2])=13.4, ϰ=[5.0, 5.3, 4.7], ∫ϰ²/L=[5.0, 6.3, 6.4], C-C-Sep=0.20, ║∇J║=1.6e-06
-----On 14/20 Initial Guess Perturbations
Iteration 626/2500-----
J=1.2e-02, Jf=1.1e-03, ⟨B·n⟩=8.4e-03, Len=sum([4.7, 4.5, 4.2])=13.4, ϰ=[5.0, 5.3, 4.7], ∫ϰ²/L=[5.0, 6.3, 6.4], C-C-Sep=0.20, ║∇J║=1.5e-06
-----On 14/20 Initial Guess Perturbations
Iteration 627/2500-----
J=1.2e-02, Jf=1.1e-03, ⟨B·n⟩=8.4e-03, Len=sum([4.7, 4.5, 4.2])=13.4, ϰ=[5.0, 5.3, 4.7], ∫ϰ²/L=[5.0, 6.3, 6.4], C-C-Sep=0.20, ║∇J║=5.4e-06
-----On 14/20 Initial Guess Perturbations
Iteration 628/2500-----
J=1.2e-02, Jf=1.1e-03, ⟨B·n⟩=8.4e-03, Len=sum([4.7, 4.5, 4.2])=13.4, ϰ=[5.0, 5.3, 4.7], ∫ϰ²/L=[5.0, 6.3, 6.4], C-C-Sep=0.20, ║∇J║=2.3e-06
-----On 14/20 Initial Guess Perturbations
Iteration 629/2500-----
J=1.2e-02, Jf=1.1e-03, ⟨B·n⟩=8.4e-03, Len=sum([4.7, 4.5, 4.2])=13.4, ϰ=[5.0, 5.3, 4.7], ∫ϰ²/L=[5.0, 6.3, 6.4], C-C-Sep=0.20, ║∇J║=1.3e-06
-----On 14/20 Initial Guess Perturbations
Iteration 630/2500-----
J=1.2e-02, Jf=1.1e-03, ⟨B·n⟩=8.4e-03, Len=sum([4.7, 4.5, 4.2])=13.4, ϰ=[5.0, 5.3, 4.7], ∫ϰ²/L=[5.0, 6.3, 6.4], C-C-Sep=0.20, ║∇J║=1.3e-06
-----On 14/20 Initial Guess Perturbations
Iteration 631/2500-----
J=1.2e-02, Jf=1.1e-03, ⟨B·n⟩=8.4e-03, Len=sum([4.7, 4.5, 4.2])=13.4, ϰ=[5.0, 5.3, 4.7], ∫ϰ²/L=[5.0, 6.3, 6.4], C-C-Sep=0.20, ║∇J║=1.7e-06
-----On 14/20 Initial Guess Perturbations
Iteration 632/2500-----
J=1.2e-02, Jf=1.1e-03, ⟨B·n⟩=8.4e-03, Len=sum([4.7, 4.5, 4.2])=13.4, ϰ=[5.0, 5.3, 4.7], ∫ϰ²/L=[5.0, 6.3, 6.4], C-C-Sep=0.20, ║∇J║=2.7e-06
-----On 14/20 Initial Guess Perturbations
Iteration 633/2500-----
J=1.2e-02, Jf=1.1e-03, ⟨B·n⟩=8.4e-03, Len=sum([4.7, 4.5, 4.2])=13.4, ϰ=[5.0, 5.3, 4.7], ∫ϰ²/L=[5.0, 6.3, 6.4], C-C-Sep=0.20, ║∇J║=2.8e-06
-----On 14/20 Initial Guess Perturbations
Iteration 634/2500-----
J=1.2e-02, Jf=1.1e-03, ⟨B·n⟩=8.4e-03, Len=sum([4.7, 4.5, 4.2])=13.4, ϰ=[5.0, 5.3, 4.7], ∫ϰ²/L=[5.0, 6.3, 6.4], C-C-Sep=0.20, ║∇J║=1.6e-06
-----On 14/20 Initial Guess Perturbations
Iteration 635/2500-----
J=1.2e-02, Jf=1.1e-03, ⟨B·n⟩=8.4e-03, Len=sum([4.7, 4.5, 4.2])=13.4, ϰ=[5.0, 5.3, 4.7], ∫ϰ²/L=[5.0, 6.3, 6.4], C-C-Sep=0.20, ║∇J║=1.3e-06
-----On 14/20 Initial Guess Perturbations
Iteration 636/2500-----
J=1.2e-02, Jf=1.1e-03, ⟨B·n⟩=8.4e-03, Len=sum([4.7, 4.5, 4.2])=13.4, ϰ=[5.0, 5.3, 4.7], ∫ϰ²/L=[5.0, 6.3, 6.4], C-C-Sep=0.20, ║∇J║=1.3e-06
-----On 14/20 Initial Guess Perturbations
Iteration 637/2500-----
J=1.2e-02, Jf=1.1e-03, ⟨B·n⟩=8.4e-03, Len=sum([4.7, 4.5, 4.2])=13.4, ϰ=[5.0, 5.3, 4.7], ∫ϰ²/L=[5.0, 6.3, 6.4], C-C-Sep=0.20, ║∇J║=1.8e-06
-----On 14/20 Initial Guess Perturbations
Iteration 638/2500-----
J=1.2e-02, Jf=1.1e-03, ⟨B·n⟩=8.4e-03, Len=sum([4.7, 4.5, 4.2])=13.4, ϰ=[5.0, 5.3, 4.7], ∫ϰ²/L=[5.0, 6.3, 6.4], C-C-Sep=0.20, ║∇J║=2.8e-06
-----On 14/20 Initial Guess Perturbations
Iteration 639/2500-----
J=1.2e-02, Jf=1.1e-03, ⟨B·n⟩=8.4e-03, Len=sum([4.7, 4.5, 4.2])=13.4, ϰ=[5.0, 5.3, 4.7], ∫ϰ²/L=[5.0, 6.3, 6.4], C-C-Sep=0.20, ║∇J║=2.2e-06
-----On 14/20 Initial Guess Perturbations
Iteration 640/2500-----
J=1.2e-02, Jf=1.1e-03, ⟨B·n⟩=8.4e-03, Len=sum([4.7, 4.5, 4.2])=13.4, ϰ=[5.0, 5.3, 4.7], ∫ϰ²/L=[5.0, 6.3, 6.4], C-C-Sep=0.20, ║∇J║=2.3e-06
-----On 14/20 Initial Guess Perturbations
Iteration 641/2500-----
J=1.2e-02, Jf=1.1e-03, ⟨B·n⟩=8.4e-03, Len=sum([4.7, 4.5, 4.2])=13.4, ϰ=[5.0, 5.3, 4.7], ∫ϰ²/L=[5.0, 6.3, 6.4], C-C-Sep=0.20, ║∇J║=2.9e-06
-----On 14/20 Initial Guess Perturbations
Iteration 642/2500-----
J=1.2e-02, Jf=1.1e-03, ⟨B·n⟩=8.4e-03, Len=sum([4.7, 4.5, 4.2])=13.4, ϰ=[5.0, 5.3, 4.7], ∫ϰ²/L=[5.0, 6.3, 6.4], C-C-Sep=0.20, ║∇J║=1.8e-06
-----On 14/20 Initial Guess Perturbations
Iteration 643/2500-----
J=1.2e-02, Jf=1.1e-03, ⟨B·n⟩=8.4e-03, Len=sum([4.7, 4.5, 4.2])=13.4, ϰ=[5.0, 5.3, 4.7], ∫ϰ²/L=[5.0, 6.3, 6.4], C-C-Sep=0.20, ║∇J║=1.7e-06
-----On 14/20 Initial Guess Perturbations
Iteration 644/2500-----
J=1.2e-02, Jf=1.1e-03, ⟨B·n⟩=8.4e-03, Len=sum([4.7, 4.5, 4.2])=13.4, ϰ=[5.0, 5.3, 4.7], ∫ϰ²/L=[5.0, 6.3, 6.4], C-C-Sep=0.20, ║∇J║=1.8e-06
-----On 14/20 Initial Guess Perturbations
Iteration 645/2500-----
J=1.2e-02, Jf=1.1e-03, ⟨B·n⟩=8.4e-03, Len=sum([4.7, 4.5, 4.2])=13.4, ϰ=[5.0, 5.3, 4.7], ∫ϰ²/L=[5.0, 6.3, 6.4], C-C-Sep=0.20, ║∇J║=2.8e-06
-----On 14/20 Initial Guess Perturbations
Iteration 646/2500-----
J=1.2e-02, Jf=1.1e-03, ⟨B·n⟩=8.4e-03, Len=sum([4.7, 4.5, 4.2])=13.4, ϰ=[5.0, 5.3, 4.7], ∫ϰ²/L=[5.0, 6.3, 6.4], C-C-Sep=0.20, ║∇J║=2.1e-06
-----On 14/20 Initial Guess Perturbations
Iteration 647/2500-----
J=1.2e-02, Jf=1.1e-03, ⟨B·n⟩=8.4e-03, Len=sum([4.7, 4.5, 4.2])=13.4, ϰ=[5.0, 5.3, 4.7], ∫ϰ²/L=[5.0, 6.3, 6.4], C-C-Sep=0.20, ║∇J║=2.1e-06
-----On 14/20 Initial Guess Perturbations
Iteration 648/2500-----
J=1.2e-02, Jf=1.1e-03, ⟨B·n⟩=8.4e-03, Len=sum([4.7, 4.5, 4.2])=13.4, ϰ=[5.0, 5.3, 4.7], ∫ϰ²/L=[5.0, 6.3, 6.4], C-C-Sep=0.20, ║∇J║=3.7e-06
-----On 14/20 Initial Guess Perturbations
Iteration 649/2500-----
J=1.2e-02, Jf=1.1e-03, ⟨B·n⟩=8.4e-03, Len=sum([4.7, 4.5, 4.2])=13.4, ϰ=[5.0, 5.3, 4.7], ∫ϰ²/L=[5.0, 6.3, 6.4], C-C-Sep=0.20, ║∇J║=3.0e-06
-----On 14/20 Initial Guess Perturbations
Iteration 650/2500-----
J=1.2e-02, Jf=1.1e-03, ⟨B·n⟩=8.4e-03, Len=sum([4.7, 4.5, 4.2])=13.4, ϰ=[5.0, 5.3, 4.7], ∫ϰ²/L=[5.0, 6.3, 6.4], C-C-Sep=0.20, ║∇J║=2.2e-06
-----On 14/20 Initial Guess Perturbations
Iteration 651/2500-----
J=1.2e-02, Jf=1.1e-03, ⟨B·n⟩=8.4e-03, Len=sum([4.7, 4.5, 4.2])=13.4, ϰ=[5.0, 5.3, 4.7], ∫ϰ²/L=[5.0, 6.3, 6.4], C-C-Sep=0.20, ║∇J║=2.6e-06
-----On 14/20 Initial Guess Perturbations
Iteration 652/2500-----
J=1.2e-02, Jf=1.1e-03, ⟨B·n⟩=8.4e-03, Len=sum([4.7, 4.5, 4.2])=13.4, ϰ=[5.0, 5.3, 4.7], ∫ϰ²/L=[5.0, 6.3, 6.4], C-C-Sep=0.20, ║∇J║=3.0e-06
-----On 14/20 Initial Guess Perturbations
Iteration 653/2500-----
J=1.2e-02, Jf=1.1e-03, ⟨B·n⟩=8.4e-03, Len=sum([4.7, 4.5, 4.2])=13.4, ϰ=[5.0, 5.3, 4.7], ∫ϰ²/L=[5.0, 6.3, 6.4], C-C-Sep=0.20, ║∇J║=2.8e-06
-----On 14/20 Initial Guess Perturbations
Iteration 654/2500-----
J=1.2e-02, Jf=1.1e-03, ⟨B·n⟩=8.4e-03, Len=sum([4.7, 4.5, 4.2])=13.4, ϰ=[5.0, 5.3, 4.7], ∫ϰ²/L=[5.0, 6.3, 6.4], C-C-Sep=0.20, ║∇J║=4.3e-06
-----On 14/20 Initial Guess Perturbations
Iteration 655/2500-----
J=1.2e-02, Jf=1.1e-03, ⟨B·n⟩=8.4e-03, Len=sum([4.7, 4.5, 4.2])=13.4, ϰ=[5.0, 5.3, 4.7], ∫ϰ²/L=[5.0, 6.3, 6.4], C-C-Sep=0.20, ║∇J║=3.0e-06
-----On 14/20 Initial Guess Perturbations
Iteration 656/2500-----
J=1.2e-02, Jf=1.1e-03, ⟨B·n⟩=8.4e-03, Len=sum([4.7, 4.5, 4.2])=13.4, ϰ=[5.0, 5.3, 4.7], ∫ϰ²/L=[5.0, 6.3, 6.4], C-C-Sep=0.20, ║∇J║=2.2e-06
-----On 14/20 Initial Guess Perturbations
Iteration 657/2500-----
J=1.2e-02, Jf=1.1e-03, ⟨B·n⟩=8.4e-03, Len=sum([4.7, 4.5, 4.2])=13.4, ϰ=[5.0, 5.3, 4.7], ∫ϰ²/L=[5.0, 6.3, 6.4], C-C-Sep=0.20, ║∇J║=2.3e-06
-----On 14/20 Initial Guess Perturbations
Iteration 658/2500-----
J=1.2e-02, Jf=1.1e-03, ⟨B·n⟩=8.4e-03, Len=sum([4.7, 4.5, 4.2])=13.4, ϰ=[5.0, 5.3, 4.7], ∫ϰ²/L=[5.0, 6.3, 6.4], C-C-Sep=0.20, ║∇J║=2.6e-06
-----On 14/20 Initial Guess Perturbations
Iteration 659/2500-----
J=1.2e-02, Jf=1.1e-03, ⟨B·n⟩=8.4e-03, Len=sum([4.7, 4.5, 4.2])=13.4, ϰ=[5.0, 5.3, 4.7], ∫ϰ²/L=[5.0, 6.3, 6.4], C-C-Sep=0.20, ║∇J║=7.1e-06
-----On 14/20 Initial Guess Perturbations
Iteration 660/2500-----
J=1.2e-02, Jf=1.1e-03, ⟨B·n⟩=8.4e-03, Len=sum([4.7, 4.5, 4.2])=13.4, ϰ=[5.0, 5.3, 4.7], ∫ϰ²/L=[5.0, 6.3, 6.4], C-C-Sep=0.20, ║∇J║=2.6e-06
-----On 14/20 Initial Guess Perturbations
Iteration 661/2500-----
J=1.2e-02, Jf=1.1e-03, ⟨B·n⟩=8.4e-03, Len=sum([4.7, 4.5, 4.2])=13.4, ϰ=[5.0, 5.3, 4.7], ∫ϰ²/L=[5.0, 6.3, 6.4], C-C-Sep=0.20, ║∇J║=2.2e-06
-----On 14/20 Initial Guess Perturbations
Iteration 662/2500-----
J=1.2e-02, Jf=1.1e-03, ⟨B·n⟩=8.4e-03, Len=sum([4.7, 4.5, 4.2])=13.4, ϰ=[5.0, 5.3, 4.7], ∫ϰ²/L=[5.0, 6.3, 6.4], C-C-Sep=0.20, ║∇J║=2.8e-06
-----On 14/20 Initial Guess Perturbations
Iteration 663/2500-----
J=1.2e-02, Jf=1.1e-03, ⟨B·n⟩=8.4e-03, Len=sum([4.7, 4.5, 4.2])=13.4, ϰ=[5.0, 5.3, 4.7], ∫ϰ²/L=[5.0, 6.3, 6.4], C-C-Sep=0.20, ║∇J║=5.6e-06
-----On 14/20 Initial Guess Perturbations
Iteration 664/2500-----
J=1.2e-02, Jf=1.1e-03, ⟨B·n⟩=8.4e-03, Len=sum([4.7, 4.5, 4.2])=13.4, ϰ=[5.0, 5.3, 4.7], ∫ϰ²/L=[5.0, 6.3, 6.4], C-C-Sep=0.20, ║∇J║=3.6e-06
-----On 14/20 Initial Guess Perturbations
Iteration 665/2500-----
J=1.2e-02, Jf=1.1e-03, ⟨B·n⟩=8.4e-03, Len=sum([4.7, 4.5, 4.2])=13.4, ϰ=[5.0, 5.3, 4.7], ∫ϰ²/L=[5.0, 6.3, 6.4], C-C-Sep=0.20, ║∇J║=3.3e-06
-----On 14/20 Initial Guess Perturbations
Iteration 666/2500-----
J=1.2e-02, Jf=1.1e-03, ⟨B·n⟩=8.4e-03, Len=sum([4.7, 4.5, 4.2])=13.4, ϰ=[5.0, 5.3, 4.7], ∫ϰ²/L=[5.0, 6.3, 6.4], C-C-Sep=0.20, ║∇J║=4.2e-06
-----On 14/20 Initial Guess Perturbations
Iteration 667/2500-----
J=1.2e-02, Jf=1.1e-03, ⟨B·n⟩=8.4e-03, Len=sum([4.7, 4.5, 4.2])=13.4, ϰ=[5.0, 5.3, 4.7], ∫ϰ²/L=[5.0, 6.3, 6.4], C-C-Sep=0.20, ║∇J║=9.3e-06
-----On 14/20 Initial Guess Perturbations
Iteration 668/2500-----
J=1.2e-02, Jf=1.1e-03, ⟨B·n⟩=8.4e-03, Len=sum([4.7, 4.5, 4.2])=13.4, ϰ=[5.0, 5.3, 4.7], ∫ϰ²/L=[5.0, 6.3, 6.4], C-C-Sep=0.20, ║∇J║=3.5e-06
-----On 14/20 Initial Guess Perturbations
Iteration 669/2500-----
J=1.2e-02, Jf=1.1e-03, ⟨B·n⟩=8.4e-03, Len=sum([4.7, 4.5, 4.2])=13.4, ϰ=[5.0, 5.3, 4.7], ∫ϰ²/L=[5.0, 6.3, 6.4], C-C-Sep=0.20, ║∇J║=2.9e-06
-----On 14/20 Initial Guess Perturbations
Iteration 670/2500-----
J=1.2e-02, Jf=1.1e-03, ⟨B·n⟩=8.4e-03, Len=sum([4.7, 4.5, 4.2])=13.4, ϰ=[5.0, 5.3, 4.7], ∫ϰ²/L=[5.0, 6.3, 6.4], C-C-Sep=0.20, ║∇J║=3.5e-06
-----On 14/20 Initial Guess Perturbations
Iteration 671/2500-----
J=1.2e-02, Jf=1.1e-03, ⟨B·n⟩=8.4e-03, Len=sum([4.7, 4.5, 4.2])=13.4, ϰ=[5.0, 5.3, 4.7], ∫ϰ²/L=[5.0, 6.3, 6.4], C-C-Sep=0.20, ║∇J║=3.8e-06
-----On 14/20 Initial Guess Perturbations
Iteration 672/2500-----
J=1.2e-02, Jf=1.1e-03, ⟨B·n⟩=8.4e-03, Len=sum([4.7, 4.5, 4.2])=13.4, ϰ=[5.0, 5.3, 4.7], ∫ϰ²/L=[5.0, 6.3, 6.4], C-C-Sep=0.20, ║∇J║=9.4e-06
-----On 14/20 Initial Guess Perturbations
Iteration 673/2500-----
J=1.2e-02, Jf=1.1e-03, ⟨B·n⟩=8.4e-03, Len=sum([4.7, 4.5, 4.2])=13.4, ϰ=[5.0, 5.3, 4.7], ∫ϰ²/L=[5.0, 6.3, 6.4], C-C-Sep=0.20, ║∇J║=4.4e-06
-----On 14/20 Initial Guess Perturbations
Iteration 674/2500-----
J=1.2e-02, Jf=1.1e-03, ⟨B·n⟩=8.4e-03, Len=sum([4.7, 4.5, 4.2])=13.4, ϰ=[5.0, 5.3, 4.7], ∫ϰ²/L=[5.0, 6.3, 6.4], C-C-Sep=0.20, ║∇J║=3.8e-06
-----On 14/20 Initial Guess Perturbations
Iteration 675/2500-----
J=1.2e-02, Jf=1.1e-03, ⟨B·n⟩=8.4e-03, Len=sum([4.7, 4.5, 4.2])=13.4, ϰ=[5.0, 5.3, 4.7], ∫ϰ²/L=[5.0, 6.3, 6.4], C-C-Sep=0.20, ║∇J║=6.3e-06
-----On 14/20 Initial Guess Perturbations
Iteration 676/2500-----
J=1.2e-02, Jf=1.1e-03, ⟨B·n⟩=8.4e-03, Len=sum([4.7, 4.5, 4.2])=13.4, ϰ=[5.0, 5.3, 4.7], ∫ϰ²/L=[5.0, 6.3, 6.4], C-C-Sep=0.20, ║∇J║=9.6e-06
-----On 14/20 Initial Guess Perturbations
Iteration 677/2500-----
J=1.2e-02, Jf=1.1e-03, ⟨B·n⟩=8.4e-03, Len=sum([4.7, 4.5, 4.2])=13.4, ϰ=[5.0, 5.3, 4.7], ∫ϰ²/L=[5.0, 6.3, 6.4], C-C-Sep=0.20, ║∇J║=4.1e-06
-----On 14/20 Initial Guess Perturbations
Iteration 678/2500-----
J=1.2e-02, Jf=1.1e-03, ⟨B·n⟩=8.4e-03, Len=sum([4.7, 4.5, 4.2])=13.4, ϰ=[5.0, 5.3, 4.7], ∫ϰ²/L=[5.0, 6.3, 6.4], C-C-Sep=0.20, ║∇J║=3.4e-06
-----On 14/20 Initial Guess Perturbations
Iteration 679/2500-----
J=1.2e-02, Jf=1.1e-03, ⟨B·n⟩=8.4e-03, Len=sum([4.7, 4.5, 4.2])=13.4, ϰ=[5.0, 5.3, 4.7], ∫ϰ²/L=[5.0, 6.3, 6.4], C-C-Sep=0.20, ║∇J║=4.9e-06
-----On 14/20 Initial Guess Perturbations
Iteration 680/2500-----
J=1.2e-02, Jf=1.1e-03, ⟨B·n⟩=8.4e-03, Len=sum([4.7, 4.5, 4.2])=13.4, ϰ=[5.0, 5.3, 4.7], ∫ϰ²/L=[5.0, 6.3, 6.4], C-C-Sep=0.20, ║∇J║=5.5e-06
-----On 14/20 Initial Guess Perturbations
Iteration 681/2500-----
J=1.2e-02, Jf=1.1e-03, ⟨B·n⟩=8.4e-03, Len=sum([4.7, 4.5, 4.2])=13.4, ϰ=[5.0, 5.3, 4.7], ∫ϰ²/L=[5.0, 6.3, 6.4], C-C-Sep=0.20, ║∇J║=2.0e-05
-----On 14/20 Initial Guess Perturbations
Iteration 682/2500-----
J=1.2e-02, Jf=1.1e-03, ⟨B·n⟩=8.4e-03, Len=sum([4.7, 4.5, 4.2])=13.4, ϰ=[5.0, 5.3, 4.7], ∫ϰ²/L=[5.0, 6.3, 6.4], C-C-Sep=0.20, ║∇J║=6.2e-06
-----On 14/20 Initial Guess Perturbations
Iteration 683/2500-----
J=1.2e-02, Jf=1.1e-03, ⟨B·n⟩=8.4e-03, Len=sum([4.7, 4.5, 4.2])=13.4, ϰ=[5.0, 5.3, 4.7], ∫ϰ²/L=[5.0, 6.3, 6.4], C-C-Sep=0.20, ║∇J║=4.4e-06
-----On 14/20 Initial Guess Perturbations
Iteration 684/2500-----
J=1.2e-02, Jf=1.1e-03, ⟨B·n⟩=8.4e-03, Len=sum([4.7, 4.5, 4.2])=13.4, ϰ=[5.0, 5.3, 4.7], ∫ϰ²/L=[5.0, 6.3, 6.4], C-C-Sep=0.20, ║∇J║=6.5e-06
-----On 14/20 Initial Guess Perturbations
Iteration 685/2500-----
J=1.2e-02, Jf=1.1e-03, ⟨B·n⟩=8.4e-03, Len=sum([4.7, 4.5, 4.2])=13.4, ϰ=[5.0, 5.3, 4.7], ∫ϰ²/L=[5.0, 6.3, 6.4], C-C-Sep=0.20, ║∇J║=6.6e-06
-----On 14/20 Initial Guess Perturbations
Iteration 686/2500-----
J=1.2e-02, Jf=1.1e-03, ⟨B·n⟩=8.4e-03, Len=sum([4.7, 4.5, 4.2])=13.4, ϰ=[5.0, 5.3, 4.7], ∫ϰ²/L=[5.0, 6.3, 6.4], C-C-Sep=0.20, ║∇J║=1.5e-05
-----On 14/20 Initial Guess Perturbations
Iteration 687/2500-----
J=1.2e-02, Jf=1.1e-03, ⟨B·n⟩=8.4e-03, Len=sum([4.7, 4.5, 4.2])=13.4, ϰ=[5.0, 5.3, 4.7], ∫ϰ²/L=[5.0, 6.3, 6.4], C-C-Sep=0.20, ║∇J║=6.5e-06
-----On 14/20 Initial Guess Perturbations
Iteration 688/2500-----
J=1.2e-02, Jf=1.1e-03, ⟨B·n⟩=8.4e-03, Len=sum([4.7, 4.5, 4.2])=13.4, ϰ=[5.0, 5.3, 4.7], ∫ϰ²/L=[5.0, 6.3, 6.4], C-C-Sep=0.20, ║∇J║=6.4e-06
-----On 14/20 Initial Guess Perturbations
Iteration 689/2500-----
J=1.2e-02, Jf=1.1e-03, ⟨B·n⟩=8.4e-03, Len=sum([4.7, 4.5, 4.2])=13.4, ϰ=[5.0, 5.3, 4.7], ∫ϰ²/L=[5.0, 6.3, 6.4], C-C-Sep=0.20, ║∇J║=1.1e-05
-----On 14/20 Initial Guess Perturbations
Iteration 690/2500-----
J=1.2e-02, Jf=1.1e-03, ⟨B·n⟩=8.4e-03, Len=sum([4.7, 4.5, 4.2])=13.4, ϰ=[5.0, 5.3, 4.7], ∫ϰ²/L=[5.0, 6.3, 6.4], C-C-Sep=0.20, ║∇J║=2.6e-05
-----On 14/20 Initial Guess Perturbations
Iteration 691/2500-----
J=1.2e-02, Jf=1.1e-03, ⟨B·n⟩=8.4e-03, Len=sum([4.7, 4.5, 4.2])=13.4, ϰ=[5.0, 5.3, 4.7], ∫ϰ²/L=[5.0, 6.3, 6.4], C-C-Sep=0.20, ║∇J║=1.3e-05
-----On 14/20 Initial Guess Perturbations
Iteration 692/2500-----
J=1.2e-02, Jf=1.1e-03, ⟨B·n⟩=8.4e-03, Len=sum([4.7, 4.5, 4.2])=13.4, ϰ=[5.0, 5.3, 4.7], ∫ϰ²/L=[5.0, 6.3, 6.4], C-C-Sep=0.20, ║∇J║=8.5e-06
-----On 14/20 Initial Guess Perturbations
Iteration 693/2500-----
J=1.2e-02, Jf=1.1e-03, ⟨B·n⟩=8.4e-03, Len=sum([4.7, 4.5, 4.2])=13.4, ϰ=[5.0, 5.3, 4.7], ∫ϰ²/L=[5.0, 6.3, 6.4], C-C-Sep=0.20, ║∇J║=8.2e-06
-----On 14/20 Initial Guess Perturbations
Iteration 694/2500-----
J=1.2e-02, Jf=1.1e-03, ⟨B·n⟩=8.4e-03, Len=sum([4.7, 4.5, 4.2])=13.4, ϰ=[5.0, 5.3, 4.7], ∫ϰ²/L=[5.0, 6.3, 6.4], C-C-Sep=0.20, ║∇J║=1.4e-05
-----On 14/20 Initial Guess Perturbations
Iteration 695/2500-----
J=1.2e-02, Jf=1.1e-03, ⟨B·n⟩=8.4e-03, Len=sum([4.7, 4.5, 4.2])=13.4, ϰ=[5.0, 5.3, 4.7], ∫ϰ²/L=[5.0, 6.3, 6.4], C-C-Sep=0.20, ║∇J║=1.1e-05
-----On 14/20 Initial Guess Perturbations
Iteration 696/2500-----
J=1.2e-02, Jf=1.1e-03, ⟨B·n⟩=8.4e-03, Len=sum([4.7, 4.5, 4.2])=13.4, ϰ=[5.0, 5.3, 4.7], ∫ϰ²/L=[5.0, 6.3, 6.4], C-C-Sep=0.20, ║∇J║=1.3e-05
-----On 14/20 Initial Guess Perturbations
Iteration 697/2500-----
J=1.2e-02, Jf=1.1e-03, ⟨B·n⟩=8.4e-03, Len=sum([4.7, 4.5, 4.2])=13.4, ϰ=[5.0, 5.3, 4.7], ∫ϰ²/L=[5.0, 6.3, 6.4], C-C-Sep=0.20, ║∇J║=1.9e-05
-----On 14/20 Initial Guess Perturbations
Iteration 698/2500-----
J=1.2e-02, Jf=1.1e-03, ⟨B·n⟩=8.4e-03, Len=sum([4.7, 4.5, 4.2])=13.4, ϰ=[5.0, 5.3, 4.7], ∫ϰ²/L=[5.0, 6.3, 6.4], C-C-Sep=0.20, ║∇J║=1.2e-05
-----On 14/20 Initial Guess Perturbations
Iteration 699/2500-----
J=1.2e-02, Jf=1.1e-03, ⟨B·n⟩=8.4e-03, Len=sum([4.7, 4.5, 4.2])=13.4, ϰ=[5.0, 5.3, 4.7], ∫ϰ²/L=[5.0, 6.3, 6.4], C-C-Sep=0.20, ║∇J║=1.1e-05
-----On 14/20 Initial Guess Perturbations
Iteration 700/2500-----
J=1.2e-02, Jf=1.1e-03, ⟨B·n⟩=8.4e-03, Len=sum([4.7, 4.5, 4.2])=13.4, ϰ=[5.0, 5.3, 4.7], ∫ϰ²/L=[5.0, 6.3, 6.4], C-C-Sep=0.20, ║∇J║=1.3e-05
-----On 14/20 Initial Guess Perturbations
Iteration 701/2500-----
J=1.2e-02, Jf=1.1e-03, ⟨B·n⟩=8.4e-03, Len=sum([4.7, 4.5, 4.2])=13.4, ϰ=[5.0, 5.3, 4.7], ∫ϰ²/L=[5.0, 6.3, 6.4], C-C-Sep=0.20, ║∇J║=1.9e-05
-----On 14/20 Initial Guess Perturbations
Iteration 702/2500-----
J=1.2e-02, Jf=1.1e-03, ⟨B·n⟩=8.4e-03, Len=sum([4.7, 4.5, 4.2])=13.4, ϰ=[5.0, 5.3, 4.7], ∫ϰ²/L=[5.0, 6.3, 6.4], C-C-Sep=0.20, ║∇J║=1.1e-05
-----On 14/20 Initial Guess Perturbations
Iteration 703/2500-----
J=1.2e-02, Jf=1.1e-03, ⟨B·n⟩=8.4e-03, Len=sum([4.7, 4.5, 4.2])=13.4, ϰ=[5.0, 5.3, 4.7], ∫ϰ²/L=[5.0, 6.3, 6.4], C-C-Sep=0.20, ║∇J║=1.2e-05
-----On 14/20 Initial Guess Perturbations
Iteration 704/2500-----
J=1.2e-02, Jf=1.1e-03, ⟨B·n⟩=8.4e-03, Len=sum([4.7, 4.5, 4.2])=13.4, ϰ=[5.0, 5.3, 4.7], ∫ϰ²/L=[5.0, 6.3, 6.4], C-C-Sep=0.20, ║∇J║=1.5e-05
-----On 14/20 Initial Guess Perturbations
Iteration 705/2500-----
J=1.2e-02, Jf=1.1e-03, ⟨B·n⟩=8.4e-03, Len=sum([4.7, 4.5, 4.2])=13.4, ϰ=[5.0, 5.3, 4.7], ∫ϰ²/L=[5.0, 6.3, 6.4], C-C-Sep=0.20, ║∇J║=2.7e-05
-----On 14/20 Initial Guess Perturbations
Iteration 706/2500-----
J=1.2e-02, Jf=1.1e-03, ⟨B·n⟩=8.4e-03, Len=sum([4.7, 4.5, 4.2])=13.4, ϰ=[5.0, 5.3, 4.7], ∫ϰ²/L=[5.0, 6.3, 6.4], C-C-Sep=0.20, ║∇J║=1.3e-05
-----On 14/20 Initial Guess Perturbations
Iteration 707/2500-----
J=1.2e-02, Jf=1.1e-03, ⟨B·n⟩=8.4e-03, Len=sum([4.7, 4.5, 4.2])=13.4, ϰ=[5.0, 5.3, 4.7], ∫ϰ²/L=[5.0, 6.3, 6.4], C-C-Sep=0.20, ║∇J║=1.4e-05
-----On 14/20 Initial Guess Perturbations
Iteration 708/2500-----
J=1.2e-02, Jf=1.1e-03, ⟨B·n⟩=8.4e-03, Len=sum([4.7, 4.5, 4.2])=13.4, ϰ=[5.0, 5.3, 4.7], ∫ϰ²/L=[5.0, 6.3, 6.4], C-C-Sep=0.20, ║∇J║=1.7e-05
-----On 14/20 Initial Guess Perturbations
Iteration 709/2500-----
J=1.2e-02, Jf=1.1e-03, ⟨B·n⟩=8.4e-03, Len=sum([4.7, 4.5, 4.2])=13.4, ϰ=[5.0, 5.3, 4.7], ∫ϰ²/L=[5.0, 6.3, 6.4], C-C-Sep=0.20, ║∇J║=2.7e-05
-----On 14/20 Initial Guess Perturbations
Iteration 710/2500-----
J=1.2e-02, Jf=1.1e-03, ⟨B·n⟩=8.4e-03, Len=sum([4.7, 4.5, 4.2])=13.4, ϰ=[5.0, 5.3, 4.7], ∫ϰ²/L=[5.0, 6.3, 6.4], C-C-Sep=0.20, ║∇J║=1.8e-05
-----On 14/20 Initial Guess Perturbations
Iteration 711/2500-----
J=1.2e-02, Jf=1.1e-03, ⟨B·n⟩=8.4e-03, Len=sum([4.7, 4.5, 4.2])=13.4, ϰ=[5.0, 5.3, 4.7], ∫ϰ²/L=[5.0, 6.3, 6.4], C-C-Sep=0.20, ║∇J║=1.2e-05
-----On 14/20 Initial Guess Perturbations
Iteration 712/2500-----
J=1.2e-02, Jf=1.1e-03, ⟨B·n⟩=8.4e-03, Len=sum([4.7, 4.5, 4.2])=13.4, ϰ=[5.0, 5.3, 4.7], ∫ϰ²/L=[5.0, 6.3, 6.4], C-C-Sep=0.20, ║∇J║=1.8e-05
-----On 14/20 Initial Guess Perturbations
Iteration 713/2500-----
J=1.2e-02, Jf=1.1e-03, ⟨B·n⟩=8.4e-03, Len=sum([4.7, 4.5, 4.2])=13.4, ϰ=[5.0, 5.3, 4.7], ∫ϰ²/L=[5.0, 6.3, 6.4], C-C-Sep=0.20, ║∇J║=2.2e-05
-----On 14/20 Initial Guess Perturbations
Iteration 714/2500-----
J=1.2e-02, Jf=1.1e-03, ⟨B·n⟩=8.4e-03, Len=sum([4.7, 4.5, 4.2])=13.4, ϰ=[5.0, 5.3, 4.7], ∫ϰ²/L=[5.0, 6.3, 6.4], C-C-Sep=0.20, ║∇J║=5.7e-05
-----On 14/20 Initial Guess Perturbations
Iteration 715/2500-----
J=1.2e-02, Jf=1.1e-03, ⟨B·n⟩=8.4e-03, Len=sum([4.7, 4.5, 4.2])=13.4, ϰ=[5.0, 5.3, 4.7], ∫ϰ²/L=[5.0, 6.3, 6.4], C-C-Sep=0.20, ║∇J║=1.8e-05
-----On 14/20 Initial Guess Perturbations
Iteration 716/2500-----
J=1.2e-02, Jf=1.1e-03, ⟨B·n⟩=8.4e-03, Len=sum([4.7, 4.5, 4.2])=13.4, ϰ=[5.0, 5.3, 4.7], ∫ϰ²/L=[5.0, 6.3, 6.4], C-C-Sep=0.20, ║∇J║=1.4e-05
-----On 14/20 Initial Guess Perturbations
Iteration 717/2500-----
J=1.2e-02, Jf=1.1e-03, ⟨B·n⟩=8.4e-03, Len=sum([4.7, 4.5, 4.2])=13.4, ϰ=[5.0, 5.3, 4.7], ∫ϰ²/L=[5.0, 6.3, 6.4], C-C-Sep=0.20, ║∇J║=1.9e-05
-----On 14/20 Initial Guess Perturbations
Iteration 718/2500-----
J=1.2e-02, Jf=1.1e-03, ⟨B·n⟩=8.4e-03, Len=sum([4.7, 4.5, 4.2])=13.4, ϰ=[5.0, 5.3, 4.7], ∫ϰ²/L=[5.0, 6.3, 6.4], C-C-Sep=0.20, ║∇J║=2.4e-05
-----On 14/20 Initial Guess Perturbations
Iteration 719/2500-----
J=1.2e-02, Jf=1.1e-03, ⟨B·n⟩=8.4e-03, Len=sum([4.7, 4.5, 4.2])=13.4, ϰ=[5.0, 5.3, 4.7], ∫ϰ²/L=[5.0, 6.3, 6.4], C-C-Sep=0.20, ║∇J║=3.3e-05
-----On 14/20 Initial Guess Perturbations
Iteration 720/2500-----
J=1.2e-02, Jf=1.1e-03, ⟨B·n⟩=8.4e-03, Len=sum([4.7, 4.5, 4.2])=13.4, ϰ=[5.0, 5.3, 4.7], ∫ϰ²/L=[5.0, 6.3, 6.4], C-C-Sep=0.20, ║∇J║=1.9e-05
-----On 14/20 Initial Guess Perturbations
Iteration 721/2500-----
J=1.2e-02, Jf=1.1e-03, ⟨B·n⟩=8.4e-03, Len=sum([4.7, 4.5, 4.2])=13.4, ϰ=[5.0, 5.3, 4.7], ∫ϰ²/L=[5.0, 6.3, 6.4], C-C-Sep=0.20, ║∇J║=2.0e-05
-----On 14/20 Initial Guess Perturbations
Iteration 722/2500-----
J=1.2e-02, Jf=1.1e-03, ⟨B·n⟩=8.4e-03, Len=sum([4.7, 4.5, 4.2])=13.4, ϰ=[5.0, 5.3, 4.7], ∫ϰ²/L=[5.0, 6.3, 6.4], C-C-Sep=0.20, ║∇J║=2.3e-05
-----On 14/20 Initial Guess Perturbations
Iteration 723/2500-----
J=1.2e-02, Jf=1.1e-03, ⟨B·n⟩=8.4e-03, Len=sum([4.7, 4.5, 4.2])=13.4, ϰ=[5.0, 5.3, 4.7], ∫ϰ²/L=[5.0, 6.3, 6.4], C-C-Sep=0.20, ║∇J║=2.6e-05
-----On 14/20 Initial Guess Perturbations
Iteration 724/2500-----
J=1.2e-02, Jf=1.1e-03, ⟨B·n⟩=8.4e-03, Len=sum([4.7, 4.5, 4.2])=13.4, ϰ=[5.0, 5.3, 4.7], ∫ϰ²/L=[5.0, 6.3, 6.4], C-C-Sep=0.20, ║∇J║=1.8e-05
-----On 14/20 Initial Guess Perturbations
Iteration 725/2500-----
J=1.2e-02, Jf=1.1e-03, ⟨B·n⟩=8.4e-03, Len=sum([4.7, 4.5, 4.2])=13.4, ϰ=[5.0, 5.3, 4.7], ∫ϰ²/L=[5.0, 6.3, 6.4], C-C-Sep=0.20, ║∇J║=2.0e-05
-----On 14/20 Initial Guess Perturbations
Iteration 726/2500-----
J=1.2e-02, Jf=1.1e-03, ⟨B·n⟩=8.4e-03, Len=sum([4.7, 4.5, 4.2])=13.4, ϰ=[5.0, 5.3, 4.7], ∫ϰ²/L=[5.0, 6.3, 6.4], C-C-Sep=0.20, ║∇J║=2.8e-05
-----On 14/20 Initial Guess Perturbations
Iteration 727/2500-----
J=1.2e-02, Jf=1.1e-03, ⟨B·n⟩=8.4e-03, Len=sum([4.7, 4.5, 4.2])=13.4, ϰ=[5.0, 5.3, 4.7], ∫ϰ²/L=[5.0, 6.3, 6.4], C-C-Sep=0.20, ║∇J║=2.0e-05
-----On 14/20 Initial Guess Perturbations
Iteration 728/2500-----
J=1.2e-02, Jf=1.1e-03, ⟨B·n⟩=8.4e-03, Len=sum([4.7, 4.5, 4.2])=13.4, ϰ=[5.0, 5.3, 4.7], ∫ϰ²/L=[5.0, 6.3, 6.4], C-C-Sep=0.20, ║∇J║=1.7e-05
-----On 14/20 Initial Guess Perturbations
Iteration 729/2500-----
J=1.2e-02, Jf=1.1e-03, ⟨B·n⟩=8.4e-03, Len=sum([4.7, 4.5, 4.2])=13.4, ϰ=[5.0, 5.3, 4.7], ∫ϰ²/L=[5.0, 6.3, 6.4], C-C-Sep=0.20, ║∇J║=2.0e-05
-----On 14/20 Initial Guess Perturbations
Iteration 730/2500-----
J=1.2e-02, Jf=1.1e-03, ⟨B·n⟩=8.4e-03, Len=sum([4.7, 4.5, 4.2])=13.4, ϰ=[5.0, 5.3, 4.7], ∫ϰ²/L=[5.0, 6.3, 6.4], C-C-Sep=0.20, ║∇J║=2.5e-05
-----On 14/20 Initial Guess Perturbations
Iteration 731/2500-----
J=1.2e-02, Jf=1.1e-03, ⟨B·n⟩=8.4e-03, Len=sum([4.7, 4.5, 4.2])=13.4, ϰ=[5.0, 5.3, 4.7], ∫ϰ²/L=[5.0, 6.3, 6.4], C-C-Sep=0.20, ║∇J║=3.2e-05
-----On 14/20 Initial Guess Perturbations
Iteration 732/2500-----
J=1.2e-02, Jf=1.1e-03, ⟨B·n⟩=8.4e-03, Len=sum([4.7, 4.5, 4.2])=13.4, ϰ=[5.0, 5.3, 4.7], ∫ϰ²/L=[5.0, 6.3, 6.4], C-C-Sep=0.20, ║∇J║=2.0e-05
-----On 14/20 Initial Guess Perturbations
Iteration 733/2500-----
J=1.2e-02, Jf=1.1e-03, ⟨B·n⟩=8.4e-03, Len=sum([4.7, 4.5, 4.2])=13.4, ϰ=[5.0, 5.3, 4.7], ∫ϰ²/L=[5.0, 6.3, 6.4], C-C-Sep=0.20, ║∇J║=1.8e-05
-----On 14/20 Initial Guess Perturbations
Iteration 734/2500-----
J=1.2e-02, Jf=1.1e-03, ⟨B·n⟩=8.4e-03, Len=sum([4.7, 4.5, 4.2])=13.4, ϰ=[5.0, 5.3, 4.7], ∫ϰ²/L=[5.0, 6.3, 6.4], C-C-Sep=0.20, ║∇J║=2.1e-05
-----On 14/20 Initial Guess Perturbations
Iteration 735/2500-----
J=1.2e-02, Jf=1.1e-03, ⟨B·n⟩=8.4e-03, Len=sum([4.7, 4.5, 4.2])=13.4, ϰ=[5.0, 5.3, 4.7], ∫ϰ²/L=[5.0, 6.3, 6.4], C-C-Sep=0.20, ║∇J║=3.4e-05
-----On 14/20 Initial Guess Perturbations
Iteration 736/2500-----
J=1.2e-02, Jf=1.1e-03, ⟨B·n⟩=8.4e-03, Len=sum([4.7, 4.5, 4.2])=13.4, ϰ=[5.0, 5.3, 4.7], ∫ϰ²/L=[5.0, 6.3, 6.4], C-C-Sep=0.20, ║∇J║=2.2e-05
-----On 14/20 Initial Guess Perturbations
Iteration 737/2500-----
J=1.2e-02, Jf=1.1e-03, ⟨B·n⟩=8.4e-03, Len=sum([4.7, 4.5, 4.2])=13.4, ϰ=[5.0, 5.3, 4.7], ∫ϰ²/L=[5.0, 6.3, 6.4], C-C-Sep=0.20, ║∇J║=2.0e-05
-----On 14/20 Initial Guess Perturbations
Iteration 738/2500-----
J=1.2e-02, Jf=1.1e-03, ⟨B·n⟩=8.4e-03, Len=sum([4.7, 4.5, 4.2])=13.4, ϰ=[5.0, 5.3, 4.7], ∫ϰ²/L=[5.0, 6.3, 6.4], C-C-Sep=0.20, ║∇J║=2.5e-05
-----On 14/20 Initial Guess Perturbations
Iteration 739/2500-----
J=1.2e-02, Jf=1.1e-03, ⟨B·n⟩=8.4e-03, Len=sum([4.7, 4.5, 4.2])=13.4, ϰ=[5.0, 5.3, 4.7], ∫ϰ²/L=[5.0, 6.3, 6.4], C-C-Sep=0.20, ║∇J║=3.3e-05
-----On 14/20 Initial Guess Perturbations
Iteration 740/2500-----
J=1.2e-02, Jf=1.1e-03, ⟨B·n⟩=8.4e-03, Len=sum([4.7, 4.5, 4.2])=13.4, ϰ=[5.0, 5.3, 4.7], ∫ϰ²/L=[5.0, 6.3, 6.4], C-C-Sep=0.20, ║∇J║=2.0e-05
-----On 14/20 Initial Guess Perturbations
Iteration 741/2500-----
J=1.2e-02, Jf=1.1e-03, ⟨B·n⟩=8.4e-03, Len=sum([4.7, 4.5, 4.2])=13.4, ϰ=[5.0, 5.3, 4.7], ∫ϰ²/L=[5.0, 6.3, 6.4], C-C-Sep=0.20, ║∇J║=1.7e-05
-----On 14/20 Initial Guess Perturbations
Iteration 742/2500-----
J=1.2e-02, Jf=1.1e-03, ⟨B·n⟩=8.4e-03, Len=sum([4.7, 4.5, 4.2])=13.4, ϰ=[5.0, 5.3, 4.7], ∫ϰ²/L=[5.0, 6.3, 6.4], C-C-Sep=0.20, ║∇J║=2.0e-05
-----On 14/20 Initial Guess Perturbations
Iteration 743/2500-----
J=1.2e-02, Jf=1.1e-03, ⟨B·n⟩=8.4e-03, Len=sum([4.7, 4.5, 4.2])=13.4, ϰ=[5.0, 5.3, 4.7], ∫ϰ²/L=[5.0, 6.3, 6.4], C-C-Sep=0.20, ║∇J║=2.3e-05
-----On 14/20 Initial Guess Perturbations
Iteration 744/2500-----
J=1.2e-02, Jf=1.1e-03, ⟨B·n⟩=8.4e-03, Len=sum([4.7, 4.5, 4.2])=13.4, ϰ=[5.0, 5.3, 4.7], ∫ϰ²/L=[5.0, 6.3, 6.4], C-C-Sep=0.20, ║∇J║=3.0e-05
-----On 14/20 Initial Guess Perturbations
Iteration 745/2500-----
J=1.2e-02, Jf=1.1e-03, ⟨B·n⟩=8.4e-03, Len=sum([4.7, 4.5, 4.2])=13.4, ϰ=[5.0, 5.3, 4.7], ∫ϰ²/L=[5.0, 6.3, 6.4], C-C-Sep=0.20, ║∇J║=2.0e-05
-----On 14/20 Initial Guess Perturbations
Iteration 746/2500-----
J=1.2e-02, Jf=1.1e-03, ⟨B·n⟩=8.4e-03, Len=sum([4.7, 4.5, 4.2])=13.4, ϰ=[5.0, 5.3, 4.7], ∫ϰ²/L=[5.0, 6.3, 6.4], C-C-Sep=0.20, ║∇J║=1.9e-05
-----On 14/20 Initial Guess Perturbations
Iteration 747/2500-----
J=1.2e-02, Jf=1.1e-03, ⟨B·n⟩=8.4e-03, Len=sum([4.7, 4.5, 4.2])=13.4, ϰ=[5.0, 5.3, 4.7], ∫ϰ²/L=[5.0, 6.3, 6.4], C-C-Sep=0.20, ║∇J║=2.3e-05
-----On 14/20 Initial Guess Perturbations
Iteration 748/2500-----
J=1.2e-02, Jf=1.1e-03, ⟨B·n⟩=8.4e-03, Len=sum([4.7, 4.5, 4.2])=13.4, ϰ=[5.0, 5.3, 4.7], ∫ϰ²/L=[5.0, 6.3, 6.4], C-C-Sep=0.20, ║∇J║=1.7e-05
-----On 14/20 Initial Guess Perturbations
Iteration 749/2500-----
J=1.2e-02, Jf=1.1e-03, ⟨B·n⟩=8.4e-03, Len=sum([4.7, 4.5, 4.2])=13.4, ϰ=[5.0, 5.3, 4.7], ∫ϰ²/L=[5.0, 6.3, 6.4], C-C-Sep=0.20, ║∇J║=1.5e-05
-----On 14/20 Initial Guess Perturbations
Iteration 750/2500-----
J=1.2e-02, Jf=1.1e-03, ⟨B·n⟩=8.4e-03, Len=sum([4.7, 4.5, 4.2])=13.4, ϰ=[5.0, 5.3, 4.7], ∫ϰ²/L=[5.0, 6.3, 6.4], C-C-Sep=0.20, ║∇J║=1.8e-05
-----On 14/20 Initial Guess Perturbations
Iteration 751/2500-----
J=1.2e-02, Jf=1.1e-03, ⟨B·n⟩=8.4e-03, Len=sum([4.7, 4.5, 4.2])=13.4, ϰ=[5.0, 5.3, 4.7], ∫ϰ²/L=[5.0, 6.3, 6.4], C-C-Sep=0.20, ║∇J║=2.5e-05
-----On 14/20 Initial Guess Perturbations
Iteration 752/2500-----
J=1.2e-02, Jf=1.1e-03, ⟨B·n⟩=8.4e-03, Len=sum([4.7, 4.5, 4.2])=13.4, ϰ=[5.0, 5.3, 4.7], ∫ϰ²/L=[5.0, 6.3, 6.4], C-C-Sep=0.20, ║∇J║=1.6e-05
-----On 14/20 Initial Guess Perturbations
Iteration 753/2500-----
J=1.2e-02, Jf=1.1e-03, ⟨B·n⟩=8.4e-03, Len=sum([4.7, 4.5, 4.2])=13.4, ϰ=[5.0, 5.3, 4.7], ∫ϰ²/L=[5.0, 6.3, 6.4], C-C-Sep=0.20, ║∇J║=1.5e-05
-----On 14/20 Initial Guess Perturbations
Iteration 754/2500-----
J=1.2e-02, Jf=1.1e-03, ⟨B·n⟩=8.4e-03, Len=sum([4.7, 4.5, 4.2])=13.4, ϰ=[5.0, 5.3, 4.7], ∫ϰ²/L=[5.0, 6.3, 6.4], C-C-Sep=0.20, ║∇J║=2.4e-05
-----On 14/20 Initial Guess Perturbations
Iteration 755/2500-----
J=1.2e-02, Jf=1.1e-03, ⟨B·n⟩=8.4e-03, Len=sum([4.7, 4.5, 4.2])=13.4, ϰ=[5.0, 5.3, 4.7], ∫ϰ²/L=[5.0, 6.3, 6.4], C-C-Sep=0.20, ║∇J║=1.7e-05
-----On 14/20 Initial Guess Perturbations
Iteration 756/2500-----
J=1.2e-02, Jf=1.1e-03, ⟨B·n⟩=8.4e-03, Len=sum([4.7, 4.5, 4.2])=13.4, ϰ=[5.0, 5.3, 4.7], ∫ϰ²/L=[5.0, 6.3, 6.4], C-C-Sep=0.20, ║∇J║=1.3e-05
-----On 14/20 Initial Guess Perturbations
Iteration 757/2500-----
J=1.2e-02, Jf=1.1e-03, ⟨B·n⟩=8.4e-03, Len=sum([4.7, 4.5, 4.2])=13.4, ϰ=[5.0, 5.3, 4.7], ∫ϰ²/L=[5.0, 6.3, 6.4], C-C-Sep=0.20, ║∇J║=1.6e-05
-----On 14/20 Initial Guess Perturbations
Iteration 758/2500-----
J=1.2e-02, Jf=1.1e-03, ⟨B·n⟩=8.4e-03, Len=sum([4.7, 4.5, 4.2])=13.4, ϰ=[5.0, 5.3, 4.7], ∫ϰ²/L=[5.0, 6.3, 6.4], C-C-Sep=0.20, ║∇J║=1.5e-05
-----On 14/20 Initial Guess Perturbations
Iteration 759/2500-----
J=1.2e-02, Jf=1.1e-03, ⟨B·n⟩=8.4e-03, Len=sum([4.7, 4.5, 4.2])=13.4, ϰ=[5.0, 5.3, 4.7], ∫ϰ²/L=[5.0, 6.3, 6.4], C-C-Sep=0.20, ║∇J║=1.2e-05
-----On 14/20 Initial Guess Perturbations
Iteration 760/2500-----
J=1.2e-02, Jf=1.1e-03, ⟨B·n⟩=8.4e-03, Len=sum([4.7, 4.5, 4.2])=13.4, ϰ=[5.0, 5.3, 4.7], ∫ϰ²/L=[5.0, 6.3, 6.4], C-C-Sep=0.20, ║∇J║=1.7e-05
-----On 14/20 Initial Guess Perturbations
Iteration 761/2500-----
J=1.2e-02, Jf=1.1e-03, ⟨B·n⟩=8.4e-03, Len=sum([4.7, 4.5, 4.2])=13.4, ϰ=[5.0, 5.3, 4.7], ∫ϰ²/L=[5.0, 6.3, 6.4], C-C-Sep=0.20, ║∇J║=1.8e-05
-----On 14/20 Initial Guess Perturbations
Iteration 762/2500-----
J=1.2e-02, Jf=1.1e-03, ⟨B·n⟩=8.4e-03, Len=sum([4.7, 4.5, 4.2])=13.4, ϰ=[5.0, 5.3, 4.7], ∫ϰ²/L=[5.0, 6.3, 6.4], C-C-Sep=0.20, ║∇J║=1.3e-05
-----On 14/20 Initial Guess Perturbations
Iteration 763/2500-----
J=1.2e-02, Jf=1.1e-03, ⟨B·n⟩=8.4e-03, Len=sum([4.7, 4.5, 4.2])=13.4, ϰ=[5.0, 5.3, 4.7], ∫ϰ²/L=[5.0, 6.3, 6.4], C-C-Sep=0.20, ║∇J║=1.4e-05
-----On 14/20 Initial Guess Perturbations
Iteration 764/2500-----
J=1.2e-02, Jf=1.1e-03, ⟨B·n⟩=8.4e-03, Len=sum([4.7, 4.5, 4.2])=13.4, ϰ=[5.0, 5.3, 4.7], ∫ϰ²/L=[5.0, 6.3, 6.4], C-C-Sep=0.20, ║∇J║=1.3e-05
-----On 14/20 Initial Guess Perturbations
Iteration 765/2500-----
J=1.2e-02, Jf=1.1e-03, ⟨B·n⟩=8.4e-03, Len=sum([4.7, 4.5, 4.2])=13.4, ϰ=[5.0, 5.3, 4.7], ∫ϰ²/L=[5.0, 6.3, 6.4], C-C-Sep=0.20, ║∇J║=1.2e-05
-----On 14/20 Initial Guess Perturbations
Iteration 766/2500-----
J=1.2e-02, Jf=1.1e-03, ⟨B·n⟩=8.4e-03, Len=sum([4.7, 4.5, 4.2])=13.4, ϰ=[5.0, 5.3, 4.7], ∫ϰ²/L=[5.0, 6.3, 6.4], C-C-Sep=0.20, ║∇J║=1.4e-05
-----On 14/20 Initial Guess Perturbations
Iteration 767/2500-----
J=1.2e-02, Jf=1.1e-03, ⟨B·n⟩=8.4e-03, Len=sum([4.7, 4.5, 4.2])=13.4, ϰ=[5.0, 5.3, 4.7], ∫ϰ²/L=[5.0, 6.3, 6.4], C-C-Sep=0.20, ║∇J║=2.4e-05
-----On 14/20 Initial Guess Perturbations
Iteration 768/2500-----
J=1.2e-02, Jf=1.1e-03, ⟨B·n⟩=8.4e-03, Len=sum([4.7, 4.5, 4.2])=13.4, ϰ=[5.0, 5.3, 4.7], ∫ϰ²/L=[5.0, 6.3, 6.4], C-C-Sep=0.20, ║∇J║=1.1e-05
-----On 14/20 Initial Guess Perturbations
Iteration 769/2500-----
J=1.2e-02, Jf=1.1e-03, ⟨B·n⟩=8.4e-03, Len=sum([4.7, 4.5, 4.2])=13.4, ϰ=[5.0, 5.3, 4.7], ∫ϰ²/L=[5.0, 6.3, 6.4], C-C-Sep=0.20, ║∇J║=8.4e-06
-----On 14/20 Initial Guess Perturbations
Iteration 770/2500-----
J=1.2e-02, Jf=1.1e-03, ⟨B·n⟩=8.4e-03, Len=sum([4.7, 4.5, 4.2])=13.4, ϰ=[5.0, 5.3, 4.7], ∫ϰ²/L=[5.0, 6.3, 6.4], C-C-Sep=0.20, ║∇J║=9.7e-06
-----On 14/20 Initial Guess Perturbations
Iteration 771/2500-----
J=1.2e-02, Jf=1.1e-03, ⟨B·n⟩=8.4e-03, Len=sum([4.7, 4.5, 4.2])=13.4, ϰ=[5.0, 5.3, 4.7], ∫ϰ²/L=[5.0, 6.3, 6.4], C-C-Sep=0.20, ║∇J║=1.1e-05
-----On 14/20 Initial Guess Perturbations
Iteration 772/2500-----
J=1.2e-02, Jf=1.1e-03, ⟨B·n⟩=8.4e-03, Len=sum([4.7, 4.5, 4.2])=13.4, ϰ=[5.0, 5.3, 4.7], ∫ϰ²/L=[5.0, 6.3, 6.4], C-C-Sep=0.20, ║∇J║=3.5e-05
-----On 14/20 Initial Guess Perturbations
Iteration 773/2500-----
J=1.2e-02, Jf=1.1e-03, ⟨B·n⟩=8.4e-03, Len=sum([4.7, 4.5, 4.2])=13.4, ϰ=[5.0, 5.3, 4.7], ∫ϰ²/L=[5.0, 6.3, 6.4], C-C-Sep=0.20, ║∇J║=1.6e-05
-----On 14/20 Initial Guess Perturbations
Iteration 774/2500-----
J=1.2e-02, Jf=1.1e-03, ⟨B·n⟩=8.4e-03, Len=sum([4.7, 4.5, 4.2])=13.4, ϰ=[5.0, 5.3, 4.7], ∫ϰ²/L=[5.0, 6.3, 6.4], C-C-Sep=0.20, ║∇J║=9.6e-06
-----On 14/20 Initial Guess Perturbations
Iteration 775/2500-----
J=1.2e-02, Jf=1.1e-03, ⟨B·n⟩=8.4e-03, Len=sum([4.7, 4.5, 4.2])=13.4, ϰ=[5.0, 5.3, 4.7], ∫ϰ²/L=[5.0, 6.3, 6.4], C-C-Sep=0.20, ║∇J║=1.0e-05
-----On 14/20 Initial Guess Perturbations
Iteration 776/2500-----
J=1.2e-02, Jf=1.1e-03, ⟨B·n⟩=8.4e-03, Len=sum([4.7, 4.5, 4.2])=13.4, ϰ=[5.0, 5.3, 4.7], ∫ϰ²/L=[5.0, 6.3, 6.4], C-C-Sep=0.20, ║∇J║=1.7e-05
-----On 14/20 Initial Guess Perturbations
Iteration 777/2500-----
J=1.2e-02, Jf=1.1e-03, ⟨B·n⟩=8.4e-03, Len=sum([4.7, 4.5, 4.2])=13.4, ϰ=[5.0, 5.3, 4.7], ∫ϰ²/L=[5.0, 6.3, 6.4], C-C-Sep=0.20, ║∇J║=8.3e-06
-----On 14/20 Initial Guess Perturbations
Iteration 778/2500-----
J=1.2e-02, Jf=1.1e-03, ⟨B·n⟩=8.4e-03, Len=sum([4.7, 4.5, 4.2])=13.4, ϰ=[5.0, 5.3, 4.7], ∫ϰ²/L=[5.0, 6.3, 6.4], C-C-Sep=0.20, ║∇J║=7.3e-06
-----On 14/20 Initial Guess Perturbations
Iteration 779/2500-----
J=1.2e-02, Jf=1.1e-03, ⟨B·n⟩=8.4e-03, Len=sum([4.7, 4.5, 4.2])=13.4, ϰ=[5.0, 5.3, 4.7], ∫ϰ²/L=[5.0, 6.3, 6.4], C-C-Sep=0.20, ║∇J║=9.0e-06
-----On 14/20 Initial Guess Perturbations
Iteration 780/2500-----
J=1.2e-02, Jf=1.1e-03, ⟨B·n⟩=8.4e-03, Len=sum([4.7, 4.5, 4.2])=13.4, ϰ=[5.0, 5.3, 4.7], ∫ϰ²/L=[5.0, 6.3, 6.4], C-C-Sep=0.20, ║∇J║=1.4e-05
-----On 14/20 Initial Guess Perturbations
Iteration 781/2500-----
J=1.2e-02, Jf=1.1e-03, ⟨B·n⟩=8.4e-03, Len=sum([4.7, 4.5, 4.2])=13.4, ϰ=[5.0, 5.3, 4.7], ∫ϰ²/L=[5.0, 6.3, 6.4], C-C-Sep=0.20, ║∇J║=9.3e-06
-----On 14/20 Initial Guess Perturbations
Iteration 782/2500-----
J=1.2e-02, Jf=1.1e-03, ⟨B·n⟩=8.4e-03, Len=sum([4.7, 4.5, 4.2])=13.4, ϰ=[5.0, 5.3, 4.7], ∫ϰ²/L=[5.0, 6.3, 6.4], C-C-Sep=0.20, ║∇J║=6.9e-06
-----On 14/20 Initial Guess Perturbations
Iteration 783/2500-----
J=1.2e-02, Jf=1.1e-03, ⟨B·n⟩=8.4e-03, Len=sum([4.7, 4.5, 4.2])=13.4, ϰ=[5.0, 5.3, 4.7], ∫ϰ²/L=[5.0, 6.3, 6.4], C-C-Sep=0.20, ║∇J║=8.1e-06
-----On 14/20 Initial Guess Perturbations
Iteration 784/2500-----
J=1.2e-02, Jf=1.1e-03, ⟨B·n⟩=8.4e-03, Len=sum([4.7, 4.5, 4.2])=13.4, ϰ=[5.0, 5.3, 4.7], ∫ϰ²/L=[5.0, 6.3, 6.4], C-C-Sep=0.20, ║∇J║=8.0e-06
-----On 14/20 Initial Guess Perturbations
Iteration 785/2500-----
J=1.2e-02, Jf=1.1e-03, ⟨B·n⟩=8.4e-03, Len=sum([4.7, 4.5, 4.2])=13.4, ϰ=[5.0, 5.3, 4.7], ∫ϰ²/L=[5.0, 6.3, 6.4], C-C-Sep=0.20, ║∇J║=8.7e-06
-----On 14/20 Initial Guess Perturbations
Iteration 786/2500-----
J=1.2e-02, Jf=1.1e-03, ⟨B·n⟩=8.4e-03, Len=sum([4.7, 4.5, 4.2])=13.4, ϰ=[5.0, 5.3, 4.7], ∫ϰ²/L=[5.0, 6.3, 6.4], C-C-Sep=0.20, ║∇J║=2.1e-05
-----On 14/20 Initial Guess Perturbations
Iteration 787/2500-----
J=1.2e-02, Jf=1.1e-03, ⟨B·n⟩=8.4e-03, Len=sum([4.7, 4.5, 4.2])=13.4, ϰ=[5.0, 5.3, 4.7], ∫ϰ²/L=[5.0, 6.3, 6.4], C-C-Sep=0.20, ║∇J║=8.6e-06
-----On 14/20 Initial Guess Perturbations
Iteration 788/2500-----
J=1.2e-02, Jf=1.1e-03, ⟨B·n⟩=8.4e-03, Len=sum([4.7, 4.5, 4.2])=13.4, ϰ=[5.0, 5.3, 4.7], ∫ϰ²/L=[5.0, 6.3, 6.4], C-C-Sep=0.20, ║∇J║=5.4e-06
-----On 14/20 Initial Guess Perturbations
Iteration 789/2500-----
J=1.2e-02, Jf=1.1e-03, ⟨B·n⟩=8.4e-03, Len=sum([4.7, 4.5, 4.2])=13.4, ϰ=[5.0, 5.3, 4.7], ∫ϰ²/L=[5.0, 6.3, 6.4], C-C-Sep=0.20, ║∇J║=5.0e-06
-----On 14/20 Initial Guess Perturbations
Iteration 790/2500-----
J=1.2e-02, Jf=1.1e-03, ⟨B·n⟩=8.4e-03, Len=sum([4.7, 4.5, 4.2])=13.4, ϰ=[5.0, 5.3, 4.7], ∫ϰ²/L=[5.0, 6.3, 6.4], C-C-Sep=0.20, ║∇J║=7.5e-06
-----On 14/20 Initial Guess Perturbations
Iteration 791/2500-----
J=1.2e-02, Jf=1.1e-03, ⟨B·n⟩=8.4e-03, Len=sum([4.7, 4.5, 4.2])=13.4, ϰ=[5.0, 5.3, 4.7], ∫ϰ²/L=[5.0, 6.3, 6.4], C-C-Sep=0.20, ║∇J║=7.0e-06
-----On 14/20 Initial Guess Perturbations
Iteration 792/2500-----
J=1.2e-02, Jf=1.1e-03, ⟨B·n⟩=8.4e-03, Len=sum([4.7, 4.5, 4.2])=13.4, ϰ=[5.0, 5.3, 4.7], ∫ϰ²/L=[5.0, 6.3, 6.4], C-C-Sep=0.20, ║∇J║=5.1e-06
-----On 14/20 Initial Guess Perturbations
Iteration 793/2500-----
J=1.2e-02, Jf=1.1e-03, ⟨B·n⟩=8.4e-03, Len=sum([4.7, 4.5, 4.2])=13.4, ϰ=[5.0, 5.3, 4.7], ∫ϰ²/L=[5.0, 6.3, 6.4], C-C-Sep=0.20, ║∇J║=5.7e-06
-----On 14/20 Initial Guess Perturbations
Iteration 794/2500-----
J=1.2e-02, Jf=1.1e-03, ⟨B·n⟩=8.4e-03, Len=sum([4.7, 4.5, 4.2])=13.4, ϰ=[5.0, 5.3, 4.7], ∫ϰ²/L=[5.0, 6.3, 6.4], C-C-Sep=0.20, ║∇J║=1.4e-05
-----On 14/20 Initial Guess Perturbations
Iteration 795/2500-----
J=1.2e-02, Jf=1.1e-03, ⟨B·n⟩=8.4e-03, Len=sum([4.7, 4.5, 4.2])=13.4, ϰ=[5.0, 5.3, 4.7], ∫ϰ²/L=[5.0, 6.3, 6.4], C-C-Sep=0.20, ║∇J║=7.5e-06
-----On 14/20 Initial Guess Perturbations
Iteration 796/2500-----
J=1.2e-02, Jf=1.1e-03, ⟨B·n⟩=8.4e-03, Len=sum([4.7, 4.5, 4.2])=13.4, ϰ=[5.0, 5.3, 4.7], ∫ϰ²/L=[5.0, 6.3, 6.4], C-C-Sep=0.20, ║∇J║=3.1e-05
-----On 14/20 Initial Guess Perturbations
Iteration 797/2500-----
J=1.2e-02, Jf=1.1e-03, ⟨B·n⟩=8.4e-03, Len=sum([4.7, 4.5, 4.2])=13.4, ϰ=[5.0, 5.3, 4.7], ∫ϰ²/L=[5.0, 6.3, 6.4], C-C-Sep=0.20, ║∇J║=9.1e-06
-----On 14/20 Initial Guess Perturbations
Iteration 798/2500-----
J=1.2e-02, Jf=1.1e-03, ⟨B·n⟩=8.4e-03, Len=sum([4.7, 4.5, 4.2])=13.4, ϰ=[5.0, 5.3, 4.7], ∫ϰ²/L=[5.0, 6.3, 6.4], C-C-Sep=0.20, ║∇J║=1.2e-05
-----On 14/20 Initial Guess Perturbations
Iteration 799/2500-----
J=1.2e-02, Jf=1.1e-03, ⟨B·n⟩=8.4e-03, Len=sum([4.7, 4.5, 4.2])=13.4, ϰ=[5.0, 5.3, 4.7], ∫ϰ²/L=[5.0, 6.3, 6.4], C-C-Sep=0.20, ║∇J║=6.3e-06
-----On 14/20 Initial Guess Perturbations
Iteration 800/2500-----
J=1.2e-02, Jf=1.1e-03, ⟨B·n⟩=8.4e-03, Len=sum([4.7, 4.5, 4.2])=13.4, ϰ=[5.0, 5.3, 4.7], ∫ϰ²/L=[5.0, 6.3, 6.4], C-C-Sep=0.20, ║∇J║=5.3e-06
-----On 14/20 Initial Guess Perturbations
Iteration 801/2500-----
J=1.2e-02, Jf=1.1e-03, ⟨B·n⟩=8.4e-03, Len=sum([4.7, 4.5, 4.2])=13.4, ϰ=[5.0, 5.3, 4.7], ∫ϰ²/L=[5.0, 6.3, 6.4], C-C-Sep=0.20, ║∇J║=5.9e-06
-----On 14/20 Initial Guess Perturbations
Iteration 802/2500-----
J=1.2e-02, Jf=1.1e-03, ⟨B·n⟩=8.4e-03, Len=sum([4.7, 4.5, 4.2])=13.4, ϰ=[5.0, 5.3, 4.7], ∫ϰ²/L=[5.0, 6.3, 6.4], C-C-Sep=0.20, ║∇J║=1.0e-05
-----On 14/20 Initial Guess Perturbations
Iteration 803/2500-----
J=1.2e-02, Jf=1.1e-03, ⟨B·n⟩=8.4e-03, Len=sum([4.7, 4.5, 4.2])=13.4, ϰ=[5.0, 5.3, 4.7], ∫ϰ²/L=[5.0, 6.3, 6.4], C-C-Sep=0.20, ║∇J║=4.2e-06
-----On 14/20 Initial Guess Perturbations
Iteration 804/2500-----
J=1.2e-02, Jf=1.1e-03, ⟨B·n⟩=8.4e-03, Len=sum([4.7, 4.5, 4.2])=13.4, ϰ=[5.0, 5.3, 4.7], ∫ϰ²/L=[5.0, 6.3, 6.4], C-C-Sep=0.20, ║∇J║=4.1e-06
-----On 14/20 Initial Guess Perturbations
Iteration 805/2500-----
J=1.2e-02, Jf=1.1e-03, ⟨B·n⟩=8.4e-03, Len=sum([4.7, 4.5, 4.2])=13.4, ϰ=[5.0, 5.3, 4.7], ∫ϰ²/L=[5.0, 6.3, 6.4], C-C-Sep=0.20, ║∇J║=5.6e-06
-----On 14/20 Initial Guess Perturbations
Iteration 806/2500-----
J=1.2e-02, Jf=1.1e-03, ⟨B·n⟩=8.4e-03, Len=sum([4.7, 4.5, 4.2])=13.4, ϰ=[5.0, 5.3, 4.7], ∫ϰ²/L=[5.0, 6.3, 6.4], C-C-Sep=0.20, ║∇J║=5.9e-06
-----On 14/20 Initial Guess Perturbations
Iteration 807/2500-----
J=1.2e-02, Jf=1.1e-03, ⟨B·n⟩=8.4e-03, Len=sum([4.7, 4.5, 4.2])=13.4, ϰ=[5.0, 5.3, 4.7], ∫ϰ²/L=[5.0, 6.3, 6.4], C-C-Sep=0.20, ║∇J║=2.6e-05
-----On 14/20 Initial Guess Perturbations
Iteration 808/2500-----
J=1.2e-02, Jf=1.1e-03, ⟨B·n⟩=8.4e-03, Len=sum([4.7, 4.5, 4.2])=13.4, ϰ=[5.0, 5.3, 4.7], ∫ϰ²/L=[5.0, 6.3, 6.4], C-C-Sep=0.20, ║∇J║=7.6e-06
-----On 14/20 Initial Guess Perturbations
Iteration 809/2500-----
J=1.2e-02, Jf=1.1e-03, ⟨B·n⟩=8.4e-03, Len=sum([4.7, 4.5, 4.2])=13.4, ϰ=[5.0, 5.3, 4.7], ∫ϰ²/L=[5.0, 6.3, 6.4], C-C-Sep=0.20, ║∇J║=3.8e-06
-----On 14/20 Initial Guess Perturbations
Iteration 810/2500-----
J=1.2e-02, Jf=1.1e-03, ⟨B·n⟩=8.4e-03, Len=sum([4.7, 4.5, 4.2])=13.4, ϰ=[5.0, 5.3, 4.7], ∫ϰ²/L=[5.0, 6.3, 6.4], C-C-Sep=0.20, ║∇J║=2.9e-06
-----On 14/20 Initial Guess Perturbations
Iteration 811/2500-----
J=1.2e-02, Jf=1.1e-03, ⟨B·n⟩=8.4e-03, Len=sum([4.7, 4.5, 4.2])=13.4, ϰ=[5.0, 5.3, 4.7], ∫ϰ²/L=[5.0, 6.3, 6.4], C-C-Sep=0.20, ║∇J║=3.9e-06
-----On 14/20 Initial Guess Perturbations
Iteration 812/2500-----
J=1.2e-02, Jf=1.1e-03, ⟨B·n⟩=8.4e-03, Len=sum([4.7, 4.5, 4.2])=13.4, ϰ=[5.0, 5.3, 4.7], ∫ϰ²/L=[5.0, 6.3, 6.4], C-C-Sep=0.20, ║∇J║=7.1e-06
-----On 14/20 Initial Guess Perturbations
Iteration 813/2500-----
J=1.2e-02, Jf=1.1e-03, ⟨B·n⟩=8.4e-03, Len=sum([4.7, 4.5, 4.2])=13.4, ϰ=[5.0, 5.3, 4.7], ∫ϰ²/L=[5.0, 6.3, 6.4], C-C-Sep=0.20, ║∇J║=3.9e-06
-----On 14/20 Initial Guess Perturbations
Iteration 814/2500-----
J=1.2e-02, Jf=1.1e-03, ⟨B·n⟩=8.4e-03, Len=sum([4.7, 4.5, 4.2])=13.4, ϰ=[5.0, 5.3, 4.7], ∫ϰ²/L=[5.0, 6.3, 6.4], C-C-Sep=0.20, ║∇J║=3.1e-06
-----On 14/20 Initial Guess Perturbations
Iteration 815/2500-----
J=1.2e-02, Jf=1.1e-03, ⟨B·n⟩=8.4e-03, Len=sum([4.7, 4.5, 4.2])=13.4, ϰ=[5.0, 5.3, 4.7], ∫ϰ²/L=[5.0, 6.3, 6.4], C-C-Sep=0.20, ║∇J║=4.3e-06
-----On 14/20 Initial Guess Perturbations
Iteration 816/2500-----
J=1.2e-02, Jf=1.1e-03, ⟨B·n⟩=8.4e-03, Len=sum([4.7, 4.5, 4.2])=13.4, ϰ=[5.0, 5.3, 4.7], ∫ϰ²/L=[5.0, 6.3, 6.4], C-C-Sep=0.20, ║∇J║=5.9e-06
-----On 14/20 Initial Guess Perturbations
Iteration 817/2500-----
J=1.2e-02, Jf=1.1e-03, ⟨B·n⟩=8.4e-03, Len=sum([4.7, 4.5, 4.2])=13.4, ϰ=[5.0, 5.3, 4.7], ∫ϰ²/L=[5.0, 6.3, 6.4], C-C-Sep=0.20, ║∇J║=3.5e-06
-----On 14/20 Initial Guess Perturbations
Iteration 818/2500-----
J=1.2e-02, Jf=1.1e-03, ⟨B·n⟩=8.4e-03, Len=sum([4.7, 4.5, 4.2])=13.4, ϰ=[5.0, 5.3, 4.7], ∫ϰ²/L=[5.0, 6.3, 6.4], C-C-Sep=0.20, ║∇J║=2.7e-06
-----On 14/20 Initial Guess Perturbations
Iteration 819/2500-----
J=1.2e-02, Jf=1.1e-03, ⟨B·n⟩=8.4e-03, Len=sum([4.7, 4.5, 4.2])=13.4, ϰ=[5.0, 5.3, 4.7], ∫ϰ²/L=[5.0, 6.3, 6.4], C-C-Sep=0.20, ║∇J║=3.2e-06
-----On 14/20 Initial Guess Perturbations
Iteration 820/2500-----
J=1.2e-02, Jf=1.1e-03, ⟨B·n⟩=8.4e-03, Len=sum([4.7, 4.5, 4.2])=13.4, ϰ=[5.0, 5.3, 4.7], ∫ϰ²/L=[5.0, 6.3, 6.4], C-C-Sep=0.20, ║∇J║=5.6e-06
-----On 14/20 Initial Guess Perturbations
Iteration 821/2500-----
J=1.2e-02, Jf=1.1e-03, ⟨B·n⟩=8.4e-03, Len=sum([4.7, 4.5, 4.2])=13.4, ϰ=[5.0, 5.3, 4.7], ∫ϰ²/L=[5.0, 6.3, 6.4], C-C-Sep=0.20, ║∇J║=2.9e-06
-----On 14/20 Initial Guess Perturbations
Iteration 822/2500-----
J=1.2e-02, Jf=1.1e-03, ⟨B·n⟩=8.4e-03, Len=sum([4.7, 4.5, 4.2])=13.4, ϰ=[5.0, 5.3, 4.7], ∫ϰ²/L=[5.0, 6.3, 6.4], C-C-Sep=0.20, ║∇J║=2.5e-06
-----On 14/20 Initial Guess Perturbations
Iteration 823/2500-----
J=1.2e-02, Jf=1.1e-03, ⟨B·n⟩=8.4e-03, Len=sum([4.7, 4.5, 4.2])=13.4, ϰ=[5.0, 5.3, 4.7], ∫ϰ²/L=[5.0, 6.3, 6.4], C-C-Sep=0.20, ║∇J║=2.6e-06
-----On 14/20 Initial Guess Perturbations
Iteration 824/2500-----
J=1.2e-02, Jf=1.1e-03, ⟨B·n⟩=8.4e-03, Len=sum([4.7, 4.5, 4.2])=13.4, ϰ=[5.0, 5.3, 4.7], ∫ϰ²/L=[5.0, 6.3, 6.4], C-C-Sep=0.20, ║∇J║=2.9e-06
-----On 14/20 Initial Guess Perturbations
Iteration 825/2500-----
J=1.2e-02, Jf=1.1e-03, ⟨B·n⟩=8.4e-03, Len=sum([4.7, 4.5, 4.2])=13.4, ϰ=[5.0, 5.3, 4.7], ∫ϰ²/L=[5.0, 6.3, 6.4], C-C-Sep=0.20, ║∇J║=5.5e-06
-----On 14/20 Initial Guess Perturbations
Iteration 826/2500-----
J=1.2e-02, Jf=1.1e-03, ⟨B·n⟩=8.4e-03, Len=sum([4.7, 4.5, 4.2])=13.4, ϰ=[5.0, 5.3, 4.7], ∫ϰ²/L=[5.0, 6.3, 6.4], C-C-Sep=0.20, ║∇J║=2.4e-06
-----On 14/20 Initial Guess Perturbations
Iteration 827/2500-----
J=1.2e-02, Jf=1.1e-03, ⟨B·n⟩=8.4e-03, Len=sum([4.7, 4.5, 4.2])=13.4, ϰ=[5.0, 5.3, 4.7], ∫ϰ²/L=[5.0, 6.3, 6.4], C-C-Sep=0.20, ║∇J║=2.1e-06
-----On 14/20 Initial Guess Perturbations
Iteration 828/2500-----
J=1.2e-02, Jf=1.1e-03, ⟨B·n⟩=8.4e-03, Len=sum([4.7, 4.5, 4.2])=13.4, ϰ=[5.0, 5.3, 4.7], ∫ϰ²/L=[5.0, 6.3, 6.4], C-C-Sep=0.20, ║∇J║=2.4e-06
-----On 14/20 Initial Guess Perturbations
Iteration 829/2500-----
J=1.2e-02, Jf=1.1e-03, ⟨B·n⟩=8.4e-03, Len=sum([4.7, 4.5, 4.2])=13.4, ϰ=[5.0, 5.3, 4.7], ∫ϰ²/L=[5.0, 6.3, 6.4], C-C-Sep=0.20, ║∇J║=4.2e-06
-----On 14/20 Initial Guess Perturbations
Iteration 830/2500-----
J=1.2e-02, Jf=1.1e-03, ⟨B·n⟩=8.4e-03, Len=sum([4.7, 4.5, 4.2])=13.4, ϰ=[5.0, 5.3, 4.7], ∫ϰ²/L=[5.0, 6.3, 6.4], C-C-Sep=0.20, ║∇J║=2.3e-06
-----On 14/20 Initial Guess Perturbations
Iteration 831/2500-----
J=1.2e-02, Jf=1.1e-03, ⟨B·n⟩=8.4e-03, Len=sum([4.7, 4.5, 4.2])=13.4, ϰ=[5.0, 5.3, 4.7], ∫ϰ²/L=[5.0, 6.3, 6.4], C-C-Sep=0.20, ║∇J║=1.8e-06
-----On 14/20 Initial Guess Perturbations
Iteration 832/2500-----
J=1.2e-02, Jf=1.1e-03, ⟨B·n⟩=8.4e-03, Len=sum([4.7, 4.5, 4.2])=13.4, ϰ=[5.0, 5.3, 4.7], ∫ϰ²/L=[5.0, 6.3, 6.4], C-C-Sep=0.20, ║∇J║=2.1e-06
-----On 14/20 Initial Guess Perturbations
Iteration 833/2500-----
J=1.2e-02, Jf=1.1e-03, ⟨B·n⟩=8.4e-03, Len=sum([4.7, 4.5, 4.2])=13.4, ϰ=[5.0, 5.3, 4.7], ∫ϰ²/L=[5.0, 6.3, 6.4], C-C-Sep=0.20, ║∇J║=2.6e-06
-----On 14/20 Initial Guess Perturbations
Iteration 834/2500-----
J=1.2e-02, Jf=1.1e-03, ⟨B·n⟩=8.4e-03, Len=sum([4.7, 4.5, 4.2])=13.4, ϰ=[5.0, 5.3, 4.7], ∫ϰ²/L=[5.0, 6.3, 6.4], C-C-Sep=0.20, ║∇J║=2.1e-06
-----On 14/20 Initial Guess Perturbations
Iteration 835/2500-----
J=1.2e-02, Jf=1.1e-03, ⟨B·n⟩=8.4e-03, Len=sum([4.7, 4.5, 4.2])=13.4, ϰ=[5.0, 5.3, 4.7], ∫ϰ²/L=[5.0, 6.3, 6.4], C-C-Sep=0.20, ║∇J║=1.8e-06
-----On 14/20 Initial Guess Perturbations
Iteration 836/2500-----
J=1.2e-02, Jf=1.1e-03, ⟨B·n⟩=8.4e-03, Len=sum([4.7, 4.5, 4.2])=13.4, ϰ=[5.0, 5.3, 4.7], ∫ϰ²/L=[5.0, 6.3, 6.4], C-C-Sep=0.20, ║∇J║=1.9e-06
-----On 14/20 Initial Guess Perturbations
Iteration 837/2500-----
J=1.2e-02, Jf=1.1e-03, ⟨B·n⟩=8.4e-03, Len=sum([4.7, 4.5, 4.2])=13.4, ϰ=[5.0, 5.3, 4.7], ∫ϰ²/L=[5.0, 6.3, 6.4], C-C-Sep=0.20, ║∇J║=4.4e-06
-----On 14/20 Initial Guess Perturbations
Iteration 838/2500-----
J=1.2e-02, Jf=1.1e-03, ⟨B·n⟩=8.4e-03, Len=sum([4.7, 4.5, 4.2])=13.4, ϰ=[5.0, 5.3, 4.7], ∫ϰ²/L=[5.0, 6.3, 6.4], C-C-Sep=0.20, ║∇J║=1.8e-06
-----On 14/20 Initial Guess Perturbations
Iteration 839/2500-----
J=1.2e-02, Jf=1.1e-03, ⟨B·n⟩=8.4e-03, Len=sum([4.7, 4.5, 4.2])=13.4, ϰ=[5.0, 5.3, 4.7], ∫ϰ²/L=[5.0, 6.3, 6.4], C-C-Sep=0.20, ║∇J║=1.6e-06
-----On 14/20 Initial Guess Perturbations
Iteration 840/2500-----
J=1.2e-02, Jf=1.1e-03, ⟨B·n⟩=8.4e-03, Len=sum([4.7, 4.5, 4.2])=13.4, ϰ=[5.0, 5.3, 4.7], ∫ϰ²/L=[5.0, 6.3, 6.4], C-C-Sep=0.20, ║∇J║=2.0e-06
-----On 14/20 Initial Guess Perturbations
Iteration 841/2500-----
J=1.2e-02, Jf=1.1e-03, ⟨B·n⟩=8.4e-03, Len=sum([4.7, 4.5, 4.2])=13.4, ϰ=[5.0, 5.3, 4.7], ∫ϰ²/L=[5.0, 6.3, 6.4], C-C-Sep=0.20, ║∇J║=2.3e-06
-----On 14/20 Initial Guess Perturbations
Iteration 842/2500-----
J=1.2e-02, Jf=1.1e-03, ⟨B·n⟩=8.4e-03, Len=sum([4.7, 4.5, 4.2])=13.4, ϰ=[5.0, 5.3, 4.7], ∫ϰ²/L=[5.0, 6.3, 6.4], C-C-Sep=0.20, ║∇J║=7.2e-06
-----On 14/20 Initial Guess Perturbations
Iteration 843/2500-----
J=1.2e-02, Jf=1.1e-03, ⟨B·n⟩=8.4e-03, Len=sum([4.7, 4.5, 4.2])=13.4, ϰ=[5.0, 5.3, 4.7], ∫ϰ²/L=[5.0, 6.3, 6.4], C-C-Sep=0.20, ║∇J║=3.0e-06
-----On 14/20 Initial Guess Perturbations
Iteration 844/2500-----
J=1.2e-02, Jf=1.1e-03, ⟨B·n⟩=8.4e-03, Len=sum([4.7, 4.5, 4.2])=13.4, ϰ=[5.0, 5.3, 4.7], ∫ϰ²/L=[5.0, 6.3, 6.4], C-C-Sep=0.20, ║∇J║=1.4e-06
-----On 14/20 Initial Guess Perturbations
Iteration 845/2500-----
J=1.2e-02, Jf=1.1e-03, ⟨B·n⟩=8.4e-03, Len=sum([4.7, 4.5, 4.2])=13.4, ϰ=[5.0, 5.3, 4.7], ∫ϰ²/L=[5.0, 6.3, 6.4], C-C-Sep=0.20, ║∇J║=1.3e-06
-----On 14/20 Initial Guess Perturbations
Iteration 846/2500-----
J=1.2e-02, Jf=1.1e-03, ⟨B·n⟩=8.4e-03, Len=sum([4.7, 4.5, 4.2])=13.4, ϰ=[5.0, 5.3, 4.7], ∫ϰ²/L=[5.0, 6.3, 6.4], C-C-Sep=0.20, ║∇J║=1.8e-06
-----On 14/20 Initial Guess Perturbations
Iteration 847/2500-----
J=1.2e-02, Jf=1.1e-03, ⟨B·n⟩=8.4e-03, Len=sum([4.7, 4.5, 4.2])=13.4, ϰ=[5.0, 5.3, 4.7], ∫ϰ²/L=[5.0, 6.3, 6.4], C-C-Sep=0.20, ║∇J║=2.8e-06
-----On 14/20 Initial Guess Perturbations
Iteration 848/2500-----
J=1.2e-02, Jf=1.1e-03, ⟨B·n⟩=8.4e-03, Len=sum([4.7, 4.5, 4.2])=13.4, ϰ=[5.0, 5.3, 4.7], ∫ϰ²/L=[5.0, 6.3, 6.4], C-C-Sep=0.20, ║∇J║=1.5e-06
-----On 14/20 Initial Guess Perturbations
Iteration 849/2500-----
J=1.2e-02, Jf=1.1e-03, ⟨B·n⟩=8.4e-03, Len=sum([4.7, 4.5, 4.2])=13.4, ϰ=[5.0, 5.3, 4.7], ∫ϰ²/L=[5.0, 6.3, 6.4], C-C-Sep=0.20, ║∇J║=1.5e-06
-----On 14/20 Initial Guess Perturbations
Iteration 850/2500-----
J=1.2e-02, Jf=1.1e-03, ⟨B·n⟩=8.4e-03, Len=sum([4.7, 4.5, 4.2])=13.4, ϰ=[5.0, 5.3, 4.7], ∫ϰ²/L=[5.0, 6.3, 6.4], C-C-Sep=0.20, ║∇J║=1.7e-06
-----On 14/20 Initial Guess Perturbations
Iteration 851/2500-----
J=1.2e-02, Jf=1.1e-03, ⟨B·n⟩=8.4e-03, Len=sum([4.7, 4.5, 4.2])=13.4, ϰ=[5.0, 5.3, 4.7], ∫ϰ²/L=[5.0, 6.3, 6.4], C-C-Sep=0.20, ║∇J║=4.3e-06
-----On 14/20 Initial Guess Perturbations
Iteration 852/2500-----
J=1.2e-02, Jf=1.1e-03, ⟨B·n⟩=8.4e-03, Len=sum([4.7, 4.5, 4.2])=13.4, ϰ=[5.0, 5.3, 4.7], ∫ϰ²/L=[5.0, 6.3, 6.4], C-C-Sep=0.20, ║∇J║=1.4e-06
-----On 14/20 Initial Guess Perturbations
Iteration 853/2500-----
J=1.2e-02, Jf=1.1e-03, ⟨B·n⟩=8.4e-03, Len=sum([4.7, 4.5, 4.2])=13.4, ϰ=[5.0, 5.3, 4.7], ∫ϰ²/L=[5.0, 6.3, 6.4], C-C-Sep=0.20, ║∇J║=1.1e-06
-----On 14/20 Initial Guess Perturbations
Iteration 854/2500-----
J=1.2e-02, Jf=1.1e-03, ⟨B·n⟩=8.4e-03, Len=sum([4.7, 4.5, 4.2])=13.4, ϰ=[5.0, 5.3, 4.7], ∫ϰ²/L=[5.0, 6.3, 6.4], C-C-Sep=0.20, ║∇J║=1.3e-06
-----On 14/20 Initial Guess Perturbations
Iteration 855/2500-----
J=1.2e-02, Jf=1.1e-03, ⟨B·n⟩=8.4e-03, Len=sum([4.7, 4.5, 4.2])=13.4, ϰ=[5.0, 5.3, 4.7], ∫ϰ²/L=[5.0, 6.3, 6.4], C-C-Sep=0.20, ║∇J║=1.4e-06
-----On 14/20 Initial Guess Perturbations
Iteration 856/2500-----
J=1.2e-02, Jf=1.1e-03, ⟨B·n⟩=8.4e-03, Len=sum([4.7, 4.5, 4.2])=13.4, ϰ=[5.0, 5.3, 4.7], ∫ϰ²/L=[5.0, 6.3, 6.4], C-C-Sep=0.20, ║∇J║=4.4e-06
-----On 14/20 Initial Guess Perturbations
Iteration 857/2500-----
J=1.2e-02, Jf=1.1e-03, ⟨B·n⟩=8.4e-03, Len=sum([4.7, 4.5, 4.2])=13.4, ϰ=[5.0, 5.3, 4.7], ∫ϰ²/L=[5.0, 6.3, 6.4], C-C-Sep=0.20, ║∇J║=1.2e-06
-----On 14/20 Initial Guess Perturbations
Iteration 858/2500-----
J=1.2e-02, Jf=1.1e-03, ⟨B·n⟩=8.4e-03, Len=sum([4.7, 4.5, 4.2])=13.4, ϰ=[5.0, 5.3, 4.7], ∫ϰ²/L=[5.0, 6.3, 6.4], C-C-Sep=0.20, ║∇J║=9.2e-07
-----On 14/20 Initial Guess Perturbations
Iteration 859/2500-----
J=1.2e-02, Jf=1.1e-03, ⟨B·n⟩=8.4e-03, Len=sum([4.7, 4.5, 4.2])=13.4, ϰ=[5.0, 5.3, 4.7], ∫ϰ²/L=[5.0, 6.3, 6.4], C-C-Sep=0.20, ║∇J║=1.1e-06
-----On 14/20 Initial Guess Perturbations
Iteration 860/2500-----
J=1.2e-02, Jf=1.1e-03, ⟨B·n⟩=8.4e-03, Len=sum([4.7, 4.5, 4.2])=13.4, ϰ=[5.0, 5.3, 4.7], ∫ϰ²/L=[5.0, 6.3, 6.4], C-C-Sep=0.20, ║∇J║=1.1e-06
-----On 14/20 Initial Guess Perturbations
Iteration 861/2500-----
J=1.2e-02, Jf=1.1e-03, ⟨B·n⟩=8.4e-03, Len=sum([4.7, 4.5, 4.2])=13.4, ϰ=[5.0, 5.3, 4.7], ∫ϰ²/L=[5.0, 6.3, 6.4], C-C-Sep=0.20, ║∇J║=3.9e-06
-----On 14/20 Initial Guess Perturbations
Iteration 862/2500-----
J=1.2e-02, Jf=1.1e-03, ⟨B·n⟩=8.4e-03, Len=sum([4.7, 4.5, 4.2])=13.4, ϰ=[5.0, 5.3, 4.7], ∫ϰ²/L=[5.0, 6.3, 6.4], C-C-Sep=0.20, ║∇J║=1.8e-06
-----On 14/20 Initial Guess Perturbations
Iteration 863/2500-----
J=1.2e-02, Jf=1.1e-03, ⟨B·n⟩=8.4e-03, Len=sum([4.7, 4.5, 4.2])=13.4, ϰ=[5.0, 5.3, 4.7], ∫ϰ²/L=[5.0, 6.3, 6.4], C-C-Sep=0.20, ║∇J║=8.0e-07
-----On 14/20 Initial Guess Perturbations
Iteration 864/2500-----
J=1.2e-02, Jf=1.1e-03, ⟨B·n⟩=8.4e-03, Len=sum([4.7, 4.5, 4.2])=13.4, ϰ=[5.0, 5.3, 4.7], ∫ϰ²/L=[5.0, 6.3, 6.4], C-C-Sep=0.20, ║∇J║=7.6e-07
-----On 14/20 Initial Guess Perturbations
Iteration 865/2500-----
J=1.2e-02, Jf=1.1e-03, ⟨B·n⟩=8.4e-03, Len=sum([4.7, 4.5, 4.2])=13.4, ϰ=[5.0, 5.3, 4.7], ∫ϰ²/L=[5.0, 6.3, 6.4], C-C-Sep=0.20, ║∇J║=1.2e-06
-----On 14/20 Initial Guess Perturbations
Iteration 866/2500-----
J=1.2e-02, Jf=1.1e-03, ⟨B·n⟩=8.4e-03, Len=sum([4.7, 4.5, 4.2])=13.4, ϰ=[5.0, 5.3, 4.7], ∫ϰ²/L=[5.0, 6.3, 6.4], C-C-Sep=0.20, ║∇J║=1.2e-06
-----On 14/20 Initial Guess Perturbations
Iteration 867/2500-----
J=1.2e-02, Jf=1.1e-03, ⟨B·n⟩=8.4e-03, Len=sum([4.7, 4.5, 4.2])=13.4, ϰ=[5.0, 5.3, 4.7], ∫ϰ²/L=[5.0, 6.3, 6.4], C-C-Sep=0.20, ║∇J║=1.0e-06
-----On 14/20 Initial Guess Perturbations
Iteration 868/2500-----
J=1.2e-02, Jf=1.1e-03, ⟨B·n⟩=8.4e-03, Len=sum([4.7, 4.5, 4.2])=13.4, ϰ=[5.0, 5.3, 4.7], ∫ϰ²/L=[5.0, 6.3, 6.4], C-C-Sep=0.20, ║∇J║=1.9e-06
-----On 14/20 Initial Guess Perturbations
Iteration 869/2500-----
J=1.2e-02, Jf=1.1e-03, ⟨B·n⟩=8.4e-03, Len=sum([4.7, 4.5, 4.2])=13.4, ϰ=[5.0, 5.3, 4.7], ∫ϰ²/L=[5.0, 6.3, 6.4], C-C-Sep=0.20, ║∇J║=8.9e-07
-----On 14/20 Initial Guess Perturbations
Iteration 870/2500-----
J=1.2e-02, Jf=1.1e-03, ⟨B·n⟩=8.4e-03, Len=sum([4.7, 4.5, 4.2])=13.4, ϰ=[5.0, 5.3, 4.7], ∫ϰ²/L=[5.0, 6.3, 6.4], C-C-Sep=0.20, ║∇J║=7.1e-07
-----On 14/20 Initial Guess Perturbations
Iteration 871/2500-----
J=1.2e-02, Jf=1.1e-03, ⟨B·n⟩=8.4e-03, Len=sum([4.7, 4.5, 4.2])=13.4, ϰ=[5.0, 5.3, 4.7], ∫ϰ²/L=[5.0, 6.3, 6.4], C-C-Sep=0.20, ║∇J║=7.5e-07
-----On 14/20 Initial Guess Perturbations
Iteration 872/2500-----
J=1.2e-02, Jf=1.1e-03, ⟨B·n⟩=8.4e-03, Len=sum([4.7, 4.5, 4.2])=13.4, ϰ=[5.0, 5.3, 4.7], ∫ϰ²/L=[5.0, 6.3, 6.4], C-C-Sep=0.20, ║∇J║=1.3e-06
-----On 14/20 Initial Guess Perturbations
Iteration 873/2500-----
J=1.2e-02, Jf=1.1e-03, ⟨B·n⟩=8.4e-03, Len=sum([4.7, 4.5, 4.2])=13.4, ϰ=[5.0, 5.3, 4.7], ∫ϰ²/L=[5.0, 6.3, 6.4], C-C-Sep=0.20, ║∇J║=7.7e-07
-----On 14/20 Initial Guess Perturbations
Iteration 874/2500-----
J=1.2e-02, Jf=1.1e-03, ⟨B·n⟩=8.4e-03, Len=sum([4.7, 4.5, 4.2])=13.4, ϰ=[5.0, 5.3, 4.7], ∫ϰ²/L=[5.0, 6.3, 6.4], C-C-Sep=0.20, ║∇J║=5.8e-07
-----On 14/20 Initial Guess Perturbations
Iteration 875/2500-----
J=1.2e-02, Jf=1.1e-03, ⟨B·n⟩=8.4e-03, Len=sum([4.7, 4.5, 4.2])=13.4, ϰ=[5.0, 5.3, 4.7], ∫ϰ²/L=[5.0, 6.3, 6.4], C-C-Sep=0.20, ║∇J║=7.5e-07
-----On 14/20 Initial Guess Perturbations
Iteration 876/2500-----
J=1.2e-02, Jf=1.1e-03, ⟨B·n⟩=8.4e-03, Len=sum([4.7, 4.5, 4.2])=13.4, ϰ=[5.0, 5.3, 4.7], ∫ϰ²/L=[5.0, 6.3, 6.4], C-C-Sep=0.20, ║∇J║=1.3e-06
-----On 14/20 Initial Guess Perturbations
Iteration 877/2500-----
J=1.2e-02, Jf=1.1e-03, ⟨B·n⟩=8.4e-03, Len=sum([4.7, 4.5, 4.2])=13.4, ϰ=[5.0, 5.3, 4.7], ∫ϰ²/L=[5.0, 6.3, 6.4], C-C-Sep=0.20, ║∇J║=7.8e-07
-----On 14/20 Initial Guess Perturbations
Iteration 878/2500-----
J=1.2e-02, Jf=1.1e-03, ⟨B·n⟩=8.4e-03, Len=sum([4.7, 4.5, 4.2])=13.4, ϰ=[5.0, 5.3, 4.7], ∫ϰ²/L=[5.0, 6.3, 6.4], C-C-Sep=0.20, ║∇J║=5.6e-07
-----On 14/20 Initial Guess Perturbations
Iteration 879/2500-----
J=1.2e-02, Jf=1.1e-03, ⟨B·n⟩=8.4e-03, Len=sum([4.7, 4.5, 4.2])=13.4, ϰ=[5.0, 5.3, 4.7], ∫ϰ²/L=[5.0, 6.3, 6.4], C-C-Sep=0.20, ║∇J║=6.4e-07
-----On 14/20 Initial Guess Perturbations
Iteration 880/2500-----
J=1.2e-02, Jf=1.1e-03, ⟨B·n⟩=8.4e-03, Len=sum([4.7, 4.5, 4.2])=13.4, ϰ=[5.0, 5.3, 4.7], ∫ϰ²/L=[5.0, 6.3, 6.4], C-C-Sep=0.20, ║∇J║=9.5e-07
-----On 14/20 Initial Guess Perturbations
Iteration 881/2500-----
J=1.2e-02, Jf=1.1e-03, ⟨B·n⟩=8.4e-03, Len=sum([4.7, 4.5, 4.2])=13.4, ϰ=[5.0, 5.3, 4.7], ∫ϰ²/L=[5.0, 6.3, 6.4], C-C-Sep=0.20, ║∇J║=5.9e-07
-----On 14/20 Initial Guess Perturbations
Iteration 882/2500-----
J=1.2e-02, Jf=1.1e-03, ⟨B·n⟩=8.4e-03, Len=sum([4.7, 4.5, 4.2])=13.4, ϰ=[5.0, 5.3, 4.7], ∫ϰ²/L=[5.0, 6.3, 6.4], C-C-Sep=0.20, ║∇J║=4.7e-07
-----On 14/20 Initial Guess Perturbations
Iteration 883/2500-----
J=1.2e-02, Jf=1.1e-03, ⟨B·n⟩=8.4e-03, Len=sum([4.7, 4.5, 4.2])=13.4, ϰ=[5.0, 5.3, 4.7], ∫ϰ²/L=[5.0, 6.3, 6.4], C-C-Sep=0.20, ║∇J║=5.5e-07
-----On 14/20 Initial Guess Perturbations
Iteration 884/2500-----
J=1.2e-02, Jf=1.1e-03, ⟨B·n⟩=8.4e-03, Len=sum([4.7, 4.5, 4.2])=13.4, ϰ=[5.0, 5.3, 4.7], ∫ϰ²/L=[5.0, 6.3, 6.4], C-C-Sep=0.20, ║∇J║=9.1e-07
-----On 14/20 Initial Guess Perturbations
Iteration 885/2500-----
J=1.2e-02, Jf=1.1e-03, ⟨B·n⟩=8.4e-03, Len=sum([4.7, 4.5, 4.2])=13.4, ϰ=[5.0, 5.3, 4.7], ∫ϰ²/L=[5.0, 6.3, 6.4], C-C-Sep=0.20, ║∇J║=5.7e-07
-----On 14/20 Initial Guess Perturbations
Iteration 886/2500-----
J=1.2e-02, Jf=1.1e-03, ⟨B·n⟩=8.4e-03, Len=sum([4.7, 4.5, 4.2])=13.4, ϰ=[5.0, 5.3, 4.7], ∫ϰ²/L=[5.0, 6.3, 6.4], C-C-Sep=0.20, ║∇J║=4.2e-07
-----On 14/20 Initial Guess Perturbations
Iteration 887/2500-----
J=1.2e-02, Jf=1.1e-03, ⟨B·n⟩=8.4e-03, Len=sum([4.7, 4.5, 4.2])=13.4, ϰ=[5.0, 5.3, 4.7], ∫ϰ²/L=[5.0, 6.3, 6.4], C-C-Sep=0.20, ║∇J║=4.2e-07
-----On 14/20 Initial Guess Perturbations
Iteration 888/2500-----
J=1.2e-02, Jf=1.1e-03, ⟨B·n⟩=8.4e-03, Len=sum([4.7, 4.5, 4.2])=13.4, ϰ=[5.0, 5.3, 4.7], ∫ϰ²/L=[5.0, 6.3, 6.4], C-C-Sep=0.20, ║∇J║=5.8e-07
-----On 14/20 Initial Guess Perturbations
Iteration 889/2500-----
J=1.2e-02, Jf=1.1e-03, ⟨B·n⟩=8.4e-03, Len=sum([4.7, 4.5, 4.2])=13.4, ϰ=[5.0, 5.3, 4.7], ∫ϰ²/L=[5.0, 6.3, 6.4], C-C-Sep=0.20, ║∇J║=4.9e-07
-----On 14/20 Initial Guess Perturbations
Iteration 890/2500-----
J=1.2e-02, Jf=1.1e-03, ⟨B·n⟩=8.4e-03, Len=sum([4.7, 4.5, 4.2])=13.4, ϰ=[5.0, 5.3, 4.7], ∫ϰ²/L=[5.0, 6.3, 6.4], C-C-Sep=0.20, ║∇J║=4.4e-07
-----On 14/20 Initial Guess Perturbations
Iteration 891/2500-----
J=1.2e-02, Jf=1.1e-03, ⟨B·n⟩=8.4e-03, Len=sum([4.7, 4.5, 4.2])=13.4, ϰ=[5.0, 5.3, 4.7], ∫ϰ²/L=[5.0, 6.3, 6.4], C-C-Sep=0.20, ║∇J║=4.0e-07
-----On 14/20 Initial Guess Perturbations
Iteration 892/2500-----
J=1.2e-02, Jf=1.1e-03, ⟨B·n⟩=8.4e-03, Len=sum([4.7, 4.5, 4.2])=13.4, ϰ=[5.0, 5.3, 4.7], ∫ϰ²/L=[5.0, 6.3, 6.4], C-C-Sep=0.20, ║∇J║=4.7e-07
-----On 14/20 Initial Guess Perturbations
Iteration 893/2500-----
J=1.2e-02, Jf=1.1e-03, ⟨B·n⟩=8.4e-03, Len=sum([4.7, 4.5, 4.2])=13.4, ϰ=[5.0, 5.3, 4.7], ∫ϰ²/L=[5.0, 6.3, 6.4], C-C-Sep=0.20, ║∇J║=1.1e-06
-----On 14/20 Initial Guess Perturbations
Iteration 894/2500-----
J=1.2e-02, Jf=1.1e-03, ⟨B·n⟩=8.4e-03, Len=sum([4.7, 4.5, 4.2])=13.4, ϰ=[5.0, 5.3, 4.7], ∫ϰ²/L=[5.0, 6.3, 6.4], C-C-Sep=0.20, ║∇J║=3.5e-07
-----On 14/20 Initial Guess Perturbations
Iteration 895/2500-----
J=1.2e-02, Jf=1.1e-03, ⟨B·n⟩=8.4e-03, Len=sum([4.7, 4.5, 4.2])=13.4, ϰ=[5.0, 5.3, 4.7], ∫ϰ²/L=[5.0, 6.3, 6.4], C-C-Sep=0.20, ║∇J║=2.8e-07
-----On 14/20 Initial Guess Perturbations
Iteration 896/2500-----
J=1.2e-02, Jf=1.1e-03, ⟨B·n⟩=8.4e-03, Len=sum([4.7, 4.5, 4.2])=13.4, ϰ=[5.0, 5.3, 4.7], ∫ϰ²/L=[5.0, 6.3, 6.4], C-C-Sep=0.20, ║∇J║=3.4e-07
-----On 14/20 Initial Guess Perturbations
Iteration 897/2500-----
J=1.2e-02, Jf=1.1e-03, ⟨B·n⟩=8.4e-03, Len=sum([4.7, 4.5, 4.2])=13.4, ϰ=[5.0, 5.3, 4.7], ∫ϰ²/L=[5.0, 6.3, 6.4], C-C-Sep=0.20, ║∇J║=5.5e-07
-----On 14/20 Initial Guess Perturbations
Iteration 898/2500-----
J=1.2e-02, Jf=1.1e-03, ⟨B·n⟩=8.4e-03, Len=sum([4.7, 4.5, 4.2])=13.4, ϰ=[5.0, 5.3, 4.7], ∫ϰ²/L=[5.0, 6.3, 6.4], C-C-Sep=0.20, ║∇J║=3.9e-07
-----On 14/20 Initial Guess Perturbations
Iteration 899/2500-----
J=1.2e-02, Jf=1.1e-03, ⟨B·n⟩=8.4e-03, Len=sum([4.7, 4.5, 4.2])=13.4, ϰ=[5.0, 5.3, 4.7], ∫ϰ²/L=[5.0, 6.3, 6.4], C-C-Sep=0.20, ║∇J║=3.1e-07
-----On 14/20 Initial Guess Perturbations
Iteration 900/2500-----
J=1.2e-02, Jf=1.1e-03, ⟨B·n⟩=8.4e-03, Len=sum([4.7, 4.5, 4.2])=13.4, ϰ=[5.0, 5.3, 4.7], ∫ϰ²/L=[5.0, 6.3, 6.4], C-C-Sep=0.20, ║∇J║=5.1e-07
-----On 14/20 Initial Guess Perturbations
Iteration 901/2500-----
J=1.2e-02, Jf=1.1e-03, ⟨B·n⟩=8.4e-03, Len=sum([4.7, 4.5, 4.2])=13.4, ϰ=[5.0, 5.3, 4.7], ∫ϰ²/L=[5.0, 6.3, 6.4], C-C-Sep=0.20, ║∇J║=3.2e-07
-----On 14/20 Initial Guess Perturbations
Iteration 902/2500-----
J=1.2e-02, Jf=1.1e-03, ⟨B·n⟩=8.4e-03, Len=sum([4.7, 4.5, 4.2])=13.4, ϰ=[5.0, 5.3, 4.7], ∫ϰ²/L=[5.0, 6.3, 6.4], C-C-Sep=0.20, ║∇J║=3.2e-07
-----On 14/20 Initial Guess Perturbations
Iteration 903/2500-----
J=1.2e-02, Jf=1.1e-03, ⟨B·n⟩=8.4e-03, Len=sum([4.7, 4.5, 4.2])=13.4, ϰ=[5.0, 5.3, 4.7], ∫ϰ²/L=[5.0, 6.3, 6.4], C-C-Sep=0.20, ║∇J║=3.3e-07
-----On 14/20 Initial Guess Perturbations
Iteration 904/2500-----
J=1.2e-02, Jf=1.1e-03, ⟨B·n⟩=8.4e-03, Len=sum([4.7, 4.5, 4.2])=13.4, ϰ=[5.0, 5.3, 4.7], ∫ϰ²/L=[5.0, 6.3, 6.4], C-C-Sep=0.20, ║∇J║=3.9e-07
-----On 14/20 Initial Guess Perturbations
Iteration 905/2500-----
J=1.2e-02, Jf=1.1e-03, ⟨B·n⟩=8.4e-03, Len=sum([4.7, 4.5, 4.2])=13.4, ϰ=[5.0, 5.3, 4.7], ∫ϰ²/L=[5.0, 6.3, 6.4], C-C-Sep=0.20, ║∇J║=4.1e-07
-----On 14/20 Initial Guess Perturbations
Iteration 906/2500-----
J=1.2e-02, Jf=1.1e-03, ⟨B·n⟩=8.4e-03, Len=sum([4.7, 4.5, 4.2])=13.4, ϰ=[5.0, 5.3, 4.7], ∫ϰ²/L=[5.0, 6.3, 6.4], C-C-Sep=0.20, ║∇J║=2.7e-07
-----On 14/20 Initial Guess Perturbations
Iteration 907/2500-----
J=1.2e-02, Jf=1.1e-03, ⟨B·n⟩=8.4e-03, Len=sum([4.7, 4.5, 4.2])=13.4, ϰ=[5.0, 5.3, 4.7], ∫ϰ²/L=[5.0, 6.3, 6.4], C-C-Sep=0.20, ║∇J║=2.7e-07
-----On 14/20 Initial Guess Perturbations
Iteration 908/2500-----
J=1.2e-02, Jf=1.1e-03, ⟨B·n⟩=8.4e-03, Len=sum([4.7, 4.5, 4.2])=13.4, ϰ=[5.0, 5.3, 4.7], ∫ϰ²/L=[5.0, 6.3, 6.4], C-C-Sep=0.20, ║∇J║=2.8e-07
-----On 14/20 Initial Guess Perturbations
Iteration 909/2500-----
J=1.2e-02, Jf=1.1e-03, ⟨B·n⟩=8.4e-03, Len=sum([4.7, 4.5, 4.2])=13.4, ϰ=[5.0, 5.3, 4.7], ∫ϰ²/L=[5.0, 6.3, 6.4], C-C-Sep=0.20, ║∇J║=5.4e-07
-----On 14/20 Initial Guess Perturbations
Iteration 910/2500-----
J=1.2e-02, Jf=1.1e-03, ⟨B·n⟩=8.4e-03, Len=sum([4.7, 4.5, 4.2])=13.4, ϰ=[5.0, 5.3, 4.7], ∫ϰ²/L=[5.0, 6.3, 6.4], C-C-Sep=0.20, ║∇J║=2.5e-07
-----On 14/20 Initial Guess Perturbations
Iteration 911/2500-----
J=1.2e-02, Jf=1.1e-03, ⟨B·n⟩=8.4e-03, Len=sum([4.7, 4.5, 4.2])=13.4, ϰ=[5.0, 5.3, 4.7], ∫ϰ²/L=[5.0, 6.3, 6.4], C-C-Sep=0.20, ║∇J║=2.1e-07
-----On 14/20 Initial Guess Perturbations
-----------------Base current: []
-----------------Base current: [99999.99986135]
-----------------Base current: [99999.99979579]
Finished 100/1000 Out-of-Sample Evaluations
Finished 200/1000 Out-of-Sample Evaluations
Finished 300/1000 Out-of-Sample Evaluations
Finished 400/1000 Out-of-Sample Evaluations
Finished 500/1000 Out-of-Sample Evaluations
Finished 600/1000 Out-of-Sample Evaluations
Finished 700/1000 Out-of-Sample Evaluations
Finished 800/1000 Out-of-Sample Evaluations
Finished 900/1000 Out-of-Sample Evaluations
Finished 1000/1000 Out-of-Sample Evaluations
Flux Objective for exact coils coils      : 1.068e-03
Out-of-sample flux value                  : 1.390e-03
Objective Gradient (||∇J||)              : 2.101e-07
Took 279.59425711631775s
