Running initial guess perturbation 3
Coil 0: RMS error: 0.000001, Relative: 0.000000
Max point error: 0.000006, Min point error: 0.000000
Coil 1: RMS error: 0.000001, Relative: 0.000000
Max point error: 0.000007, Min point error: 0.000000
Coil 2: RMS error: 0.000002, Relative: 0.000001
Max point error: 0.000015, Min point error: 0.000000
Overall fit errors: [7.974215275758881e-07, 8.775556000416698e-07, 1.9151035398888327e-06]
Mean fit error: 0.000001

################################################################################
### Perform a Taylor test ######################################################
################################################################################

Iteration 1/1000-----
J=1.1e+00, Jf=7.4e-02, ⟨B·n⟩=6.8e-02, Len=sum([5.6, 5.7, 6.0])=17.4, ϰ=[4.0, 4.7, 8.2], ∫ϰ²/L=[2.2, 2.3, 2.5], C-C-Sep=0.01, ║∇J║=2.5e+01
-----On 4/20 Initial Guess Perturbations
Iteration 2/1000-----
J=1.1e+00, Jf=7.4e-02, ⟨B·n⟩=6.8e-02, Len=sum([5.6, 5.7, 6.0])=17.4, ϰ=[5.9, 15.2, 7.6], ∫ϰ²/L=[3.8, 5.1, 3.8], C-C-Sep=0.01, ║∇J║=2.5e+01
-----On 4/20 Initial Guess Perturbations
Iteration 3/1000-----
J=1.1e+00, Jf=7.4e-02, ⟨B·n⟩=6.8e-02, Len=sum([5.7, 5.7, 6.0])=17.4, ϰ=[6.5, 13.6, 9.8], ∫ϰ²/L=[3.7, 4.8, 3.8], C-C-Sep=0.02, ║∇J║=2.5e+01
-----On 4/20 Initial Guess Perturbations
err -0.16095467949130526
Iteration 4/1000-----
J=1.1e+00, Jf=7.4e-02, ⟨B·n⟩=6.8e-02, Len=sum([5.6, 5.7, 6.0])=17.4, ϰ=[4.1, 4.6, 8.1], ∫ϰ²/L=[2.2, 2.3, 2.5], C-C-Sep=0.01, ║∇J║=2.5e+01
-----On 4/20 Initial Guess Perturbations
Iteration 5/1000-----
J=1.1e+00, Jf=7.4e-02, ⟨B·n⟩=6.8e-02, Len=sum([5.6, 5.7, 6.0])=17.4, ϰ=[4.0, 4.7, 8.3], ∫ϰ²/L=[2.3, 2.3, 2.5], C-C-Sep=0.01, ║∇J║=2.5e+01
-----On 4/20 Initial Guess Perturbations
err -0.0017596850866619107
Iteration 6/1000-----
J=1.1e+00, Jf=7.4e-02, ⟨B·n⟩=6.8e-02, Len=sum([5.6, 5.7, 6.0])=17.4, ϰ=[4.0, 4.7, 8.2], ∫ϰ²/L=[2.2, 2.3, 2.5], C-C-Sep=0.01, ║∇J║=2.5e+01
-----On 4/20 Initial Guess Perturbations
Iteration 7/1000-----
J=1.1e+00, Jf=7.4e-02, ⟨B·n⟩=6.8e-02, Len=sum([5.6, 5.7, 6.0])=17.4, ϰ=[3.9, 4.7, 8.2], ∫ϰ²/L=[2.2, 2.3, 2.5], C-C-Sep=0.01, ║∇J║=2.5e+01
-----On 4/20 Initial Guess Perturbations
err -1.714196464375206e-05
Iteration 8/1000-----
J=1.1e+00, Jf=7.4e-02, ⟨B·n⟩=6.8e-02, Len=sum([5.6, 5.7, 6.0])=17.4, ϰ=[4.0, 4.7, 8.2], ∫ϰ²/L=[2.2, 2.3, 2.5], C-C-Sep=0.01, ║∇J║=2.5e+01
-----On 4/20 Initial Guess Perturbations
Iteration 9/1000-----
J=1.1e+00, Jf=7.4e-02, ⟨B·n⟩=6.8e-02, Len=sum([5.6, 5.7, 6.0])=17.4, ϰ=[4.0, 4.7, 8.2], ∫ϰ²/L=[2.2, 2.3, 2.5], C-C-Sep=0.01, ║∇J║=2.5e+01
-----On 4/20 Initial Guess Perturbations
err -1.7181713385383546e-07
Iteration 10/1000-----
J=1.1e+00, Jf=7.4e-02, ⟨B·n⟩=6.8e-02, Len=sum([5.6, 5.7, 6.0])=17.4, ϰ=[4.0, 4.7, 8.2], ∫ϰ²/L=[2.2, 2.3, 2.5], C-C-Sep=0.01, ║∇J║=2.5e+01
-----On 4/20 Initial Guess Perturbations
Iteration 11/1000-----
J=1.1e+00, Jf=7.4e-02, ⟨B·n⟩=6.8e-02, Len=sum([5.6, 5.7, 6.0])=17.4, ϰ=[4.0, 4.7, 8.2], ∫ϰ²/L=[2.2, 2.3, 2.5], C-C-Sep=0.01, ║∇J║=2.5e+01
-----On 4/20 Initial Guess Perturbations
err -8.947416141324993e-09

################################################################################
### Run the optimisation #######################################################
################################################################################

Iteration 1/1000-----
J=1.1e+00, Jf=7.4e-02, ⟨B·n⟩=6.8e-02, Len=sum([5.6, 5.7, 6.0])=17.4, ϰ=[4.0, 4.7, 8.2], ∫ϰ²/L=[2.2, 2.3, 2.5], C-C-Sep=0.01, ║∇J║=2.5e+01
-----On 4/20 Initial Guess Perturbations
Iteration 2/1000-----
J=4.2e+00, Jf=3.3e-01, ⟨B·n⟩=1.2e-01, Len=sum([15.8, 10.4, 8.8])=35.0, ϰ=[15.8, 97.6, 68.2], ∫ϰ²/L=[8.7, 53.2, 57.0], C-C-Sep=0.02, ║∇J║=5.3e+01
-----On 4/20 Initial Guess Perturbations
Iteration 3/1000-----
J=6.3e-01, Jf=7.9e-02, ⟨B·n⟩=7.0e-02, Len=sum([7.9, 6.5, 6.4])=20.8, ϰ=[9.3, 63.3, 23.1], ∫ϰ²/L=[14.7, 33.2, 22.9], C-C-Sep=0.02, ║∇J║=1.4e+01
-----On 4/20 Initial Guess Perturbations
Iteration 4/1000-----
J=4.1e-01, Jf=8.4e-02, ⟨B·n⟩=6.9e-02, Len=sum([8.6, 7.1, 6.4])=22.1, ϰ=[18.0, 176.2, 16.7], ∫ϰ²/L=[27.0, 98.4, 23.3], C-C-Sep=0.06, ║∇J║=8.4e+00
-----On 4/20 Initial Guess Perturbations
Iteration 5/1000-----
J=2.3e-01, Jf=7.7e-02, ⟨B·n⟩=6.7e-02, Len=sum([8.4, 6.9, 6.3])=21.7, ϰ=[26.1, 19.5, 15.2], ∫ϰ²/L=[30.9, 37.4, 20.4], C-C-Sep=0.14, ║∇J║=3.4e+00
-----On 4/20 Initial Guess Perturbations
Iteration 6/1000-----
J=1.7e-01, Jf=7.7e-02, ⟨B·n⟩=6.8e-02, Len=sum([8.2, 6.7, 6.2])=21.1, ϰ=[20.9, 26.2, 16.6], ∫ϰ²/L=[33.3, 31.9, 17.9], C-C-Sep=0.19, ║∇J║=1.8e+00
-----On 4/20 Initial Guess Perturbations
Iteration 7/1000-----
J=1.3e-01, Jf=7.4e-02, ⟨B·n⟩=6.7e-02, Len=sum([7.9, 6.4, 6.2])=20.5, ϰ=[36.8, 14.1, 20.4], ∫ϰ²/L=[43.1, 26.9, 18.2], C-C-Sep=0.20, ║∇J║=1.1e+00
-----On 4/20 Initial Guess Perturbations
Iteration 8/1000-----
J=1.1e-01, Jf=7.0e-02, ⟨B·n⟩=6.5e-02, Len=sum([7.9, 6.3, 6.2])=20.4, ϰ=[79.0, 16.3, 25.2], ∫ϰ²/L=[64.8, 30.9, 27.6], C-C-Sep=0.19, ║∇J║=9.6e-01
-----On 4/20 Initial Guess Perturbations
Iteration 9/1000-----
J=1.0e-01, Jf=6.6e-02, ⟨B·n⟩=6.4e-02, Len=sum([7.8, 6.3, 6.3])=20.4, ϰ=[41.9, 18.8, 27.3], ∫ϰ²/L=[62.5, 37.9, 35.0], C-C-Sep=0.18, ║∇J║=1.2e+00
-----On 4/20 Initial Guess Perturbations
Iteration 10/1000-----
J=9.7e-02, Jf=6.5e-02, ⟨B·n⟩=6.3e-02, Len=sum([7.8, 6.3, 6.3])=20.4, ϰ=[33.7, 19.5, 24.0], ∫ϰ²/L=[60.0, 39.1, 36.1], C-C-Sep=0.19, ║∇J║=6.7e-01
-----On 4/20 Initial Guess Perturbations
Iteration 11/1000-----
J=9.3e-02, Jf=6.4e-02, ⟨B·n⟩=6.2e-02, Len=sum([7.7, 6.3, 6.3])=20.3, ϰ=[29.4, 18.7, 21.2], ∫ϰ²/L=[58.3, 37.8, 36.7], C-C-Sep=0.19, ║∇J║=5.7e-01
-----On 4/20 Initial Guess Perturbations
Iteration 12/1000-----
J=8.8e-02, Jf=6.1e-02, ⟨B·n⟩=6.1e-02, Len=sum([7.7, 6.3, 6.4])=20.4, ϰ=[24.7, 17.3, 21.2], ∫ϰ²/L=[60.7, 35.2, 39.4], C-C-Sep=0.19, ║∇J║=5.8e-01
-----On 4/20 Initial Guess Perturbations
Iteration 13/1000-----
J=8.5e-02, Jf=5.9e-02, ⟨B·n⟩=6.0e-02, Len=sum([7.7, 6.3, 6.4])=20.3, ϰ=[23.5, 13.5, 18.9], ∫ϰ²/L=[56.3, 32.2, 36.6], C-C-Sep=0.20, ║∇J║=8.6e-01
-----On 4/20 Initial Guess Perturbations
Iteration 14/1000-----
J=8.7e-02, Jf=6.3e-02, ⟨B·n⟩=6.0e-02, Len=sum([7.6, 6.3, 6.4])=20.2, ϰ=[21.6, 12.4, 15.7], ∫ϰ²/L=[51.3, 31.0, 32.9], C-C-Sep=0.20, ║∇J║=6.5e+00
-----On 4/20 Initial Guess Perturbations
Iteration 15/1000-----
J=8.3e-02, Jf=5.9e-02, ⟨B·n⟩=6.0e-02, Len=sum([7.6, 6.3, 6.4])=20.3, ϰ=[22.7, 12.7, 17.3], ∫ϰ²/L=[53.8, 31.4, 34.8], C-C-Sep=0.20, ║∇J║=5.5e-01
-----On 4/20 Initial Guess Perturbations
Iteration 16/1000-----
J=8.1e-02, Jf=5.8e-02, ⟨B·n⟩=5.9e-02, Len=sum([7.6, 6.3, 6.4])=20.3, ϰ=[21.4, 12.7, 15.3], ∫ϰ²/L=[52.3, 32.2, 33.5], C-C-Sep=0.19, ║∇J║=1.4e+00
-----On 4/20 Initial Guess Perturbations
Iteration 17/1000-----
J=8.5e-02, Jf=5.9e-02, ⟨B·n⟩=5.9e-02, Len=sum([7.7, 6.4, 6.5])=20.5, ϰ=[21.7, 16.9, 15.4], ∫ϰ²/L=[52.6, 35.9, 33.2], C-C-Sep=0.18, ║∇J║=2.0e+00
-----On 4/20 Initial Guess Perturbations
Iteration 18/1000-----
J=8.0e-02, Jf=5.7e-02, ⟨B·n⟩=5.9e-02, Len=sum([7.6, 6.3, 6.4])=20.3, ϰ=[21.5, 12.9, 14.9], ∫ϰ²/L=[52.0, 32.6, 33.3], C-C-Sep=0.19, ║∇J║=6.7e-01
-----On 4/20 Initial Guess Perturbations
Iteration 19/1000-----
J=8.0e-02, Jf=5.6e-02, ⟨B·n⟩=5.8e-02, Len=sum([7.7, 6.3, 6.4])=20.4, ϰ=[23.0, 14.0, 15.8], ∫ϰ²/L=[54.6, 34.0, 34.8], C-C-Sep=0.18, ║∇J║=6.8e-01
-----On 4/20 Initial Guess Perturbations
Iteration 20/1000-----
J=7.9e-02, Jf=5.6e-02, ⟨B·n⟩=5.8e-02, Len=sum([7.7, 6.3, 6.4])=20.4, ϰ=[23.1, 13.5, 15.6], ∫ϰ²/L=[52.6, 33.0, 32.9], C-C-Sep=0.19, ║∇J║=4.8e-01
-----On 4/20 Initial Guess Perturbations
Iteration 21/1000-----
J=7.6e-02, Jf=5.5e-02, ⟨B·n⟩=5.8e-02, Len=sum([7.6, 6.3, 6.4])=20.4, ϰ=[23.9, 13.0, 15.2], ∫ϰ²/L=[50.3, 32.8, 30.1], C-C-Sep=0.19, ║∇J║=6.4e-01
-----On 4/20 Initial Guess Perturbations
Iteration 22/1000-----
J=7.5e-02, Jf=5.4e-02, ⟨B·n⟩=5.7e-02, Len=sum([7.6, 6.3, 6.4])=20.4, ϰ=[24.2, 11.9, 14.7], ∫ϰ²/L=[48.9, 32.6, 27.8], C-C-Sep=0.20, ║∇J║=5.1e-01
-----On 4/20 Initial Guess Perturbations
Iteration 23/1000-----
J=7.3e-02, Jf=5.2e-02, ⟨B·n⟩=5.6e-02, Len=sum([7.6, 6.4, 6.4])=20.4, ϰ=[23.8, 12.1, 13.9], ∫ϰ²/L=[47.5, 33.1, 26.2], C-C-Sep=0.20, ║∇J║=4.9e-01
-----On 4/20 Initial Guess Perturbations
Iteration 24/1000-----
J=7.0e-02, Jf=4.9e-02, ⟨B·n⟩=5.4e-02, Len=sum([7.6, 6.4, 6.5])=20.5, ϰ=[18.9, 13.4, 11.7], ∫ϰ²/L=[44.0, 32.7, 24.3], C-C-Sep=0.19, ║∇J║=6.0e-01
-----On 4/20 Initial Guess Perturbations
Iteration 25/1000-----
J=7.0e-02, Jf=5.0e-02, ⟨B·n⟩=5.4e-02, Len=sum([7.6, 6.4, 6.5])=20.5, ϰ=[16.2, 12.9, 11.0], ∫ϰ²/L=[41.8, 29.9, 23.0], C-C-Sep=0.19, ║∇J║=4.7e+00
-----On 4/20 Initial Guess Perturbations
Iteration 26/1000-----
J=6.9e-02, Jf=4.9e-02, ⟨B·n⟩=5.4e-02, Len=sum([7.6, 6.4, 6.5])=20.5, ϰ=[17.5, 13.2, 11.2], ∫ϰ²/L=[42.4, 31.1, 23.2], C-C-Sep=0.19, ║∇J║=1.9e+00
-----On 4/20 Initial Guess Perturbations
Iteration 27/1000-----
J=7.0e-02, Jf=4.7e-02, ⟨B·n⟩=5.3e-02, Len=sum([7.7, 6.4, 6.5])=20.6, ϰ=[18.1, 12.9, 11.4], ∫ϰ²/L=[42.6, 29.6, 23.4], C-C-Sep=0.18, ║∇J║=2.1e+00
-----On 4/20 Initial Guess Perturbations
Iteration 28/1000-----
J=6.8e-02, Jf=4.7e-02, ⟨B·n⟩=5.3e-02, Len=sum([7.6, 6.4, 6.5])=20.5, ϰ=[16.8, 12.4, 11.0], ∫ϰ²/L=[41.4, 30.0, 22.8], C-C-Sep=0.19, ║∇J║=5.1e-01
-----On 4/20 Initial Guess Perturbations
Iteration 29/1000-----
J=6.7e-02, Jf=4.7e-02, ⟨B·n⟩=5.3e-02, Len=sum([7.6, 6.3, 6.5])=20.4, ϰ=[17.5, 11.5, 11.0], ∫ϰ²/L=[40.5, 27.8, 21.5], C-C-Sep=0.19, ║∇J║=4.1e-01
-----On 4/20 Initial Guess Perturbations
Iteration 30/1000-----
J=6.6e-02, Jf=4.6e-02, ⟨B·n⟩=5.2e-02, Len=sum([7.6, 6.3, 6.5])=20.4, ϰ=[18.6, 10.9, 10.7], ∫ϰ²/L=[40.7, 26.5, 20.6], C-C-Sep=0.19, ║∇J║=8.8e-01
-----On 4/20 Initial Guess Perturbations
Iteration 31/1000-----
J=6.5e-02, Jf=4.5e-02, ⟨B·n⟩=5.2e-02, Len=sum([7.6, 6.3, 6.5])=20.4, ϰ=[17.9, 10.5, 10.9], ∫ϰ²/L=[40.7, 24.7, 19.0], C-C-Sep=0.19, ║∇J║=1.2e+00
-----On 4/20 Initial Guess Perturbations
Iteration 32/1000-----
J=6.5e-02, Jf=4.5e-02, ⟨B·n⟩=5.2e-02, Len=sum([7.6, 6.3, 6.5])=20.4, ϰ=[18.3, 10.8, 10.9], ∫ϰ²/L=[40.5, 24.9, 19.0], C-C-Sep=0.19, ║∇J║=5.4e-01
-----On 4/20 Initial Guess Perturbations
Iteration 33/1000-----
J=6.4e-02, Jf=4.4e-02, ⟨B·n⟩=5.1e-02, Len=sum([7.6, 6.3, 6.5])=20.5, ϰ=[18.6, 10.9, 11.0], ∫ϰ²/L=[40.7, 25.3, 19.1], C-C-Sep=0.19, ║∇J║=4.8e-01
-----On 4/20 Initial Guess Perturbations
Iteration 34/1000-----
J=6.3e-02, Jf=4.3e-02, ⟨B·n⟩=5.1e-02, Len=sum([7.7, 6.3, 6.5])=20.5, ϰ=[18.5, 10.6, 11.0], ∫ϰ²/L=[40.6, 25.4, 18.6], C-C-Sep=0.19, ║∇J║=7.9e-01
-----On 4/20 Initial Guess Perturbations
Iteration 35/1000-----
J=6.3e-02, Jf=4.3e-02, ⟨B·n⟩=5.0e-02, Len=sum([7.7, 6.3, 6.5])=20.5, ϰ=[17.8, 10.5, 10.7], ∫ϰ²/L=[40.3, 25.3, 18.1], C-C-Sep=0.19, ║∇J║=6.7e-01
-----On 4/20 Initial Guess Perturbations
Iteration 36/1000-----
J=6.1e-02, Jf=4.1e-02, ⟨B·n⟩=4.9e-02, Len=sum([7.7, 6.4, 6.5])=20.5, ϰ=[16.9, 10.4, 10.3], ∫ϰ²/L=[39.7, 25.4, 17.5], C-C-Sep=0.19, ║∇J║=5.7e-01
-----On 4/20 Initial Guess Perturbations
Iteration 37/1000-----
J=5.9e-02, Jf=3.8e-02, ⟨B·n⟩=4.7e-02, Len=sum([7.8, 6.4, 6.5])=20.7, ϰ=[15.3, 11.0, 9.7], ∫ϰ²/L=[40.0, 26.8, 18.2], C-C-Sep=0.18, ║∇J║=5.2e-01
-----On 4/20 Initial Guess Perturbations
Iteration 38/1000-----
J=5.8e-02, Jf=3.7e-02, ⟨B·n⟩=4.6e-02, Len=sum([7.7, 6.4, 6.5])=20.6, ϰ=[15.7, 11.6, 8.9], ∫ϰ²/L=[36.5, 26.7, 16.9], C-C-Sep=0.19, ║∇J║=2.2e+00
-----On 4/20 Initial Guess Perturbations
Iteration 39/1000-----
J=5.8e-02, Jf=3.7e-02, ⟨B·n⟩=4.6e-02, Len=sum([7.7, 6.4, 6.5])=20.6, ϰ=[15.7, 12.3, 8.9], ∫ϰ²/L=[36.2, 27.0, 17.9], C-C-Sep=0.19, ║∇J║=5.2e+00
-----On 4/20 Initial Guess Perturbations
Iteration 40/1000-----
J=5.7e-02, Jf=3.7e-02, ⟨B·n⟩=4.6e-02, Len=sum([7.7, 6.4, 6.5])=20.6, ϰ=[15.7, 11.8, 8.9], ∫ϰ²/L=[36.4, 26.7, 17.2], C-C-Sep=0.19, ║∇J║=1.8e+00
-----On 4/20 Initial Guess Perturbations
Iteration 41/1000-----
J=5.6e-02, Jf=3.5e-02, ⟨B·n⟩=4.5e-02, Len=sum([7.8, 6.4, 6.5])=20.7, ϰ=[15.7, 12.9, 9.1], ∫ϰ²/L=[37.2, 26.9, 19.1], C-C-Sep=0.18, ║∇J║=5.9e-01
-----On 4/20 Initial Guess Perturbations
Iteration 42/1000-----
J=5.6e-02, Jf=3.5e-02, ⟨B·n⟩=4.5e-02, Len=sum([7.8, 6.4, 6.5])=20.7, ϰ=[15.4, 12.6, 9.2], ∫ϰ²/L=[36.9, 26.7, 19.1], C-C-Sep=0.19, ║∇J║=5.6e-01
-----On 4/20 Initial Guess Perturbations
Iteration 43/1000-----
J=5.5e-02, Jf=3.3e-02, ⟨B·n⟩=4.4e-02, Len=sum([7.8, 6.5, 6.6])=20.9, ϰ=[15.0, 12.6, 9.5], ∫ϰ²/L=[36.1, 26.9, 21.1], C-C-Sep=0.19, ║∇J║=2.4e+00
-----On 4/20 Initial Guess Perturbations
Iteration 44/1000-----
J=5.5e-02, Jf=3.3e-02, ⟨B·n⟩=4.3e-02, Len=sum([7.8, 6.5, 6.6])=20.9, ϰ=[15.0, 12.7, 10.0], ∫ϰ²/L=[35.7, 26.8, 22.0], C-C-Sep=0.19, ║∇J║=3.7e+00
-----On 4/20 Initial Guess Perturbations
Iteration 45/1000-----
J=5.4e-02, Jf=3.3e-02, ⟨B·n⟩=4.3e-02, Len=sum([7.8, 6.5, 6.6])=20.9, ϰ=[15.0, 12.6, 9.6], ∫ϰ²/L=[35.9, 26.8, 21.4], C-C-Sep=0.19, ║∇J║=5.4e-01
-----On 4/20 Initial Guess Perturbations
Iteration 46/1000-----
J=5.4e-02, Jf=3.3e-02, ⟨B·n⟩=4.3e-02, Len=sum([7.8, 6.5, 6.6])=20.8, ϰ=[14.7, 12.1, 9.7], ∫ϰ²/L=[35.1, 26.3, 21.3], C-C-Sep=0.19, ║∇J║=4.8e-01
-----On 4/20 Initial Guess Perturbations
Iteration 47/1000-----
J=5.3e-02, Jf=3.2e-02, ⟨B·n⟩=4.2e-02, Len=sum([7.9, 6.5, 6.6])=20.9, ϰ=[14.8, 11.9, 11.1], ∫ϰ²/L=[34.6, 26.5, 23.3], C-C-Sep=0.19, ║∇J║=4.9e-01
-----On 4/20 Initial Guess Perturbations
Iteration 48/1000-----
J=5.1e-02, Jf=3.1e-02, ⟨B·n⟩=4.2e-02, Len=sum([7.9, 6.5, 6.6])=21.0, ϰ=[15.1, 11.4, 12.7], ∫ϰ²/L=[34.0, 26.0, 24.7], C-C-Sep=0.19, ║∇J║=3.9e+00
-----On 4/20 Initial Guess Perturbations
Iteration 49/1000-----
J=6.9e-02, Jf=4.7e-02, ⟨B·n⟩=4.2e-02, Len=sum([8.0, 6.6, 6.7])=21.2, ϰ=[15.6, 11.2, 16.0], ∫ϰ²/L=[34.2, 25.8, 26.7], C-C-Sep=0.19, ║∇J║=1.1e+02
-----On 4/20 Initial Guess Perturbations
Iteration 50/1000-----
J=5.1e-02, Jf=3.1e-02, ⟨B·n⟩=4.1e-02, Len=sum([7.9, 6.5, 6.6])=21.0, ϰ=[15.1, 11.4, 13.0], ∫ϰ²/L=[33.9, 25.9, 24.8], C-C-Sep=0.19, ║∇J║=5.4e-01
-----On 4/20 Initial Guess Perturbations
Iteration 51/1000-----
J=5.1e-02, Jf=2.9e-02, ⟨B·n⟩=4.0e-02, Len=sum([8.0, 6.6, 6.7])=21.3, ϰ=[15.8, 11.4, 15.8], ∫ϰ²/L=[34.4, 26.7, 27.9], C-C-Sep=0.19, ║∇J║=4.2e+01
-----On 4/20 Initial Guess Perturbations
Iteration 52/1000-----
J=5.1e-02, Jf=3.0e-02, ⟨B·n⟩=4.1e-02, Len=sum([7.9, 6.5, 6.6])=21.1, ϰ=[15.3, 11.4, 13.8], ∫ϰ²/L=[34.0, 26.1, 25.7], C-C-Sep=0.19, ║∇J║=3.9e+00
-----On 4/20 Initial Guess Perturbations
Iteration 53/1000-----
J=7.4e-02, Jf=5.3e-02, ⟨B·n⟩=4.2e-02, Len=sum([8.0, 6.6, 6.7])=21.3, ϰ=[16.1, 11.6, 16.2], ∫ϰ²/L=[34.7, 26.7, 28.1], C-C-Sep=0.19, ║∇J║=7.3e+02
-----On 4/20 Initial Guess Perturbations
Iteration 54/1000-----
J=5.1e-02, Jf=3.0e-02, ⟨B·n⟩=4.1e-02, Len=sum([8.0, 6.5, 6.6])=21.1, ϰ=[15.5, 11.4, 14.5], ∫ϰ²/L=[34.2, 26.3, 26.3], C-C-Sep=0.19, ║∇J║=5.3e+00
-----On 4/20 Initial Guess Perturbations
Iteration 55/1000-----
J=5.0e-02, Jf=2.9e-02, ⟨B·n⟩=4.0e-02, Len=sum([8.0, 6.6, 6.7])=21.2, ϰ=[15.6, 11.5, 15.2], ∫ϰ²/L=[34.3, 26.3, 26.7], C-C-Sep=0.19, ║∇J║=2.9e+00
-----On 4/20 Initial Guess Perturbations
Iteration 56/1000-----
J=5.0e-02, Jf=2.9e-02, ⟨B·n⟩=4.0e-02, Len=sum([8.0, 6.6, 6.7])=21.2, ϰ=[15.3, 11.5, 15.5], ∫ϰ²/L=[34.3, 26.6, 27.3], C-C-Sep=0.19, ║∇J║=2.9e+00
-----On 4/20 Initial Guess Perturbations
Iteration 57/1000-----
J=5.0e-02, Jf=2.9e-02, ⟨B·n⟩=4.0e-02, Len=sum([8.0, 6.6, 6.7])=21.3, ϰ=[14.6, 11.7, 15.5], ∫ϰ²/L=[34.1, 27.1, 28.2], C-C-Sep=0.19, ║∇J║=7.7e+00
-----On 4/20 Initial Guess Perturbations
Iteration 58/1000-----
J=5.1e-02, Jf=2.9e-02, ⟨B·n⟩=4.0e-02, Len=sum([8.1, 6.6, 6.7])=21.3, ϰ=[13.3, 12.2, 14.5], ∫ϰ²/L=[33.8, 27.5, 28.3], C-C-Sep=0.19, ║∇J║=2.9e+01
-----On 4/20 Initial Guess Perturbations
Iteration 59/1000-----
J=5.0e-02, Jf=2.9e-02, ⟨B·n⟩=4.0e-02, Len=sum([8.0, 6.6, 6.7])=21.3, ϰ=[14.4, 11.7, 15.4], ∫ϰ²/L=[34.1, 27.2, 28.2], C-C-Sep=0.19, ║∇J║=2.2e+01
-----On 4/20 Initial Guess Perturbations
Iteration 60/1000-----
J=5.0e-02, Jf=2.9e-02, ⟨B·n⟩=4.0e-02, Len=sum([8.0, 6.6, 6.7])=21.3, ϰ=[14.5, 11.7, 15.4], ∫ϰ²/L=[34.1, 27.1, 28.2], C-C-Sep=0.19, ║∇J║=5.7e+00
-----On 4/20 Initial Guess Perturbations
Iteration 61/1000-----
J=5.0e-02, Jf=2.8e-02, ⟨B·n⟩=4.0e-02, Len=sum([8.0, 6.6, 6.7])=21.3, ϰ=[14.0, 11.8, 15.1], ∫ϰ²/L=[33.8, 27.0, 28.1], C-C-Sep=0.19, ║∇J║=9.3e+00
-----On 4/20 Initial Guess Perturbations
Iteration 62/1000-----
J=5.0e-02, Jf=2.8e-02, ⟨B·n⟩=4.0e-02, Len=sum([8.1, 6.6, 6.7])=21.3, ϰ=[13.8, 11.9, 14.9], ∫ϰ²/L=[33.6, 26.8, 28.2], C-C-Sep=0.19, ║∇J║=6.8e+01
-----On 4/20 Initial Guess Perturbations
Iteration 63/1000-----
J=5.0e-02, Jf=2.8e-02, ⟨B·n⟩=4.0e-02, Len=sum([8.0, 6.6, 6.7])=21.3, ϰ=[13.9, 11.9, 15.0], ∫ϰ²/L=[33.7, 26.9, 28.2], C-C-Sep=0.19, ║∇J║=5.2e+00
-----On 4/20 Initial Guess Perturbations
Iteration 64/1000-----
J=4.9e-02, Jf=2.8e-02, ⟨B·n⟩=4.0e-02, Len=sum([8.1, 6.6, 6.7])=21.3, ϰ=[13.7, 12.1, 14.6], ∫ϰ²/L=[33.5, 26.7, 28.2], C-C-Sep=0.19, ║∇J║=5.7e+01
-----On 4/20 Initial Guess Perturbations
Iteration 65/1000-----
J=4.9e-02, Jf=2.8e-02, ⟨B·n⟩=4.0e-02, Len=sum([8.1, 6.6, 6.7])=21.3, ϰ=[13.8, 11.9, 14.8], ∫ϰ²/L=[33.6, 26.8, 28.2], C-C-Sep=0.19, ║∇J║=8.7e+00
-----On 4/20 Initial Guess Perturbations
Iteration 66/1000-----
J=5.0e-02, Jf=2.9e-02, ⟨B·n⟩=4.0e-02, Len=sum([8.1, 6.6, 6.7])=21.3, ϰ=[13.8, 12.1, 14.7], ∫ϰ²/L=[33.5, 26.7, 28.1], C-C-Sep=0.19, ║∇J║=2.7e+02
-----On 4/20 Initial Guess Perturbations
Iteration 67/1000-----
J=4.9e-02, Jf=2.8e-02, ⟨B·n⟩=4.0e-02, Len=sum([8.1, 6.6, 6.7])=21.3, ϰ=[13.8, 12.0, 14.7], ∫ϰ²/L=[33.6, 26.8, 28.1], C-C-Sep=0.19, ║∇J║=1.1e+01
-----On 4/20 Initial Guess Perturbations
Iteration 68/1000-----
J=4.9e-02, Jf=2.8e-02, ⟨B·n⟩=4.0e-02, Len=sum([8.1, 6.6, 6.7])=21.3, ϰ=[13.8, 12.2, 14.7], ∫ϰ²/L=[33.5, 26.8, 28.1], C-C-Sep=0.19, ║∇J║=3.4e+01
-----On 4/20 Initial Guess Perturbations
Iteration 69/1000-----
J=5.0e-02, Jf=2.9e-02, ⟨B·n⟩=4.0e-02, Len=sum([8.1, 6.6, 6.7])=21.3, ϰ=[13.8, 12.3, 14.8], ∫ϰ²/L=[33.5, 26.8, 28.1], C-C-Sep=0.19, ║∇J║=2.2e+02
-----On 4/20 Initial Guess Perturbations
Iteration 70/1000-----
J=4.9e-02, Jf=2.8e-02, ⟨B·n⟩=4.0e-02, Len=sum([8.1, 6.6, 6.7])=21.3, ϰ=[13.8, 12.2, 14.7], ∫ϰ²/L=[33.5, 26.8, 28.1], C-C-Sep=0.19, ║∇J║=5.1e-01
-----On 4/20 Initial Guess Perturbations
Iteration 71/1000-----
J=4.9e-02, Jf=2.8e-02, ⟨B·n⟩=4.0e-02, Len=sum([8.1, 6.6, 6.7])=21.3, ϰ=[13.7, 12.3, 14.8], ∫ϰ²/L=[33.4, 26.9, 28.3], C-C-Sep=0.19, ║∇J║=4.7e+01
-----On 4/20 Initial Guess Perturbations
Iteration 72/1000-----
J=4.9e-02, Jf=2.8e-02, ⟨B·n⟩=4.0e-02, Len=sum([8.1, 6.6, 6.7])=21.4, ϰ=[13.7, 12.5, 15.0], ∫ϰ²/L=[33.5, 27.5, 28.8], C-C-Sep=0.19, ║∇J║=3.2e+01
-----On 4/20 Initial Guess Perturbations
Iteration 73/1000-----
J=4.9e-02, Jf=2.8e-02, ⟨B·n⟩=4.0e-02, Len=sum([8.1, 6.6, 6.7])=21.4, ϰ=[13.7, 12.4, 14.7], ∫ϰ²/L=[33.5, 27.1, 28.5], C-C-Sep=0.19, ║∇J║=2.0e+01
-----On 4/20 Initial Guess Perturbations
Iteration 74/1000-----
J=4.9e-02, Jf=2.8e-02, ⟨B·n⟩=4.0e-02, Len=sum([8.1, 6.6, 6.7])=21.4, ϰ=[13.6, 12.5, 14.7], ∫ϰ²/L=[33.4, 27.1, 28.4], C-C-Sep=0.19, ║∇J║=3.3e+00
-----On 4/20 Initial Guess Perturbations
Iteration 75/1000-----
J=4.9e-02, Jf=2.8e-02, ⟨B·n⟩=4.0e-02, Len=sum([8.1, 6.6, 6.7])=21.4, ϰ=[13.2, 12.6, 14.9], ∫ϰ²/L=[33.2, 27.2, 28.5], C-C-Sep=0.19, ║∇J║=3.1e+00
-----On 4/20 Initial Guess Perturbations
Iteration 76/1000-----
J=4.9e-02, Jf=2.8e-02, ⟨B·n⟩=4.0e-02, Len=sum([8.1, 6.6, 6.7])=21.4, ϰ=[13.0, 12.7, 15.0], ∫ϰ²/L=[33.1, 27.3, 28.5], C-C-Sep=0.19, ║∇J║=3.2e+00
-----On 4/20 Initial Guess Perturbations
Iteration 77/1000-----
J=4.9e-02, Jf=2.8e-02, ⟨B·n⟩=4.0e-02, Len=sum([8.1, 6.6, 6.7])=21.4, ϰ=[12.8, 12.7, 15.0], ∫ϰ²/L=[33.0, 27.3, 28.5], C-C-Sep=0.19, ║∇J║=2.7e+01
-----On 4/20 Initial Guess Perturbations
Iteration 78/1000-----
J=4.9e-02, Jf=2.8e-02, ⟨B·n⟩=4.0e-02, Len=sum([8.1, 6.6, 6.7])=21.4, ϰ=[12.8, 12.6, 15.2], ∫ϰ²/L=[32.9, 27.3, 28.5], C-C-Sep=0.19, ║∇J║=3.8e+01
-----On 4/20 Initial Guess Perturbations
Iteration 79/1000-----
J=4.9e-02, Jf=2.8e-02, ⟨B·n⟩=4.0e-02, Len=sum([8.1, 6.6, 6.7])=21.4, ϰ=[12.8, 12.5, 15.1], ∫ϰ²/L=[32.9, 27.3, 28.5], C-C-Sep=0.19, ║∇J║=1.5e+00
-----On 4/20 Initial Guess Perturbations
Iteration 80/1000-----
J=4.9e-02, Jf=2.8e-02, ⟨B·n⟩=4.0e-02, Len=sum([8.1, 6.6, 6.7])=21.4, ϰ=[13.0, 12.3, 15.0], ∫ϰ²/L=[33.0, 27.2, 28.5], C-C-Sep=0.19, ║∇J║=1.3e+02
-----On 4/20 Initial Guess Perturbations
Iteration 81/1000-----
J=4.9e-02, Jf=2.8e-02, ⟨B·n⟩=4.0e-02, Len=sum([8.1, 6.6, 6.7])=21.4, ϰ=[12.9, 12.4, 15.0], ∫ϰ²/L=[33.0, 27.2, 28.5], C-C-Sep=0.19, ║∇J║=3.7e+01
-----On 4/20 Initial Guess Perturbations
Iteration 82/1000-----
J=4.9e-02, Jf=2.8e-02, ⟨B·n⟩=4.0e-02, Len=sum([8.1, 6.6, 6.7])=21.4, ϰ=[13.1, 12.2, 14.9], ∫ϰ²/L=[33.2, 27.2, 28.6], C-C-Sep=0.19, ║∇J║=2.6e+01
-----On 4/20 Initial Guess Perturbations
Iteration 83/1000-----
J=4.9e-02, Jf=2.8e-02, ⟨B·n⟩=4.0e-02, Len=sum([8.1, 6.6, 6.7])=21.4, ϰ=[13.1, 12.2, 15.0], ∫ϰ²/L=[33.2, 27.1, 28.6], C-C-Sep=0.19, ║∇J║=5.0e+00
-----On 4/20 Initial Guess Perturbations
Iteration 84/1000-----
J=4.9e-02, Jf=2.8e-02, ⟨B·n⟩=3.9e-02, Len=sum([8.1, 6.6, 6.7])=21.4, ϰ=[13.0, 12.1, 15.3], ∫ϰ²/L=[33.1, 27.1, 28.9], C-C-Sep=0.19, ║∇J║=8.4e+01
-----On 4/20 Initial Guess Perturbations
Iteration 85/1000-----
J=5.6e-02, Jf=3.5e-02, ⟨B·n⟩=4.0e-02, Len=sum([8.1, 6.6, 6.7])=21.5, ϰ=[13.0, 12.0, 16.0], ∫ϰ²/L=[33.2, 27.0, 29.4], C-C-Sep=0.19, ║∇J║=5.0e+03
-----On 4/20 Initial Guess Perturbations
Iteration 86/1000-----
J=4.9e-02, Jf=2.8e-02, ⟨B·n⟩=3.9e-02, Len=sum([8.1, 6.6, 6.7])=21.4, ϰ=[13.0, 12.1, 15.3], ∫ϰ²/L=[33.1, 27.1, 28.9], C-C-Sep=0.19, ║∇J║=6.0e+01
-----On 4/20 Initial Guess Perturbations
Iteration 87/1000-----
J=4.9e-02, Jf=2.8e-02, ⟨B·n⟩=3.9e-02, Len=sum([8.1, 6.6, 6.7])=21.4, ϰ=[13.0, 12.1, 15.4], ∫ϰ²/L=[33.1, 27.1, 29.0], C-C-Sep=0.19, ║∇J║=2.5e+02
-----On 4/20 Initial Guess Perturbations
Iteration 88/1000-----
J=4.9e-02, Jf=2.8e-02, ⟨B·n⟩=3.9e-02, Len=sum([8.1, 6.6, 6.7])=21.4, ϰ=[13.0, 12.1, 15.3], ∫ϰ²/L=[33.1, 27.1, 28.9], C-C-Sep=0.19, ║∇J║=3.1e+01
-----On 4/20 Initial Guess Perturbations
Iteration 89/1000-----
J=4.9e-02, Jf=2.8e-02, ⟨B·n⟩=3.9e-02, Len=sum([8.1, 6.6, 6.7])=21.4, ϰ=[13.0, 12.2, 15.3], ∫ϰ²/L=[33.1, 27.1, 28.9], C-C-Sep=0.19, ║∇J║=1.4e+01
-----On 4/20 Initial Guess Perturbations
Iteration 90/1000-----
J=4.9e-02, Jf=2.8e-02, ⟨B·n⟩=3.9e-02, Len=sum([8.1, 6.6, 6.7])=21.4, ϰ=[13.1, 12.3, 15.2], ∫ϰ²/L=[33.2, 27.0, 28.9], C-C-Sep=0.19, ║∇J║=1.6e+02
-----On 4/20 Initial Guess Perturbations
Iteration 91/1000-----
J=4.9e-02, Jf=2.8e-02, ⟨B·n⟩=4.0e-02, Len=sum([8.1, 6.6, 6.7])=21.4, ϰ=[13.0, 12.5, 15.3], ∫ϰ²/L=[33.3, 26.9, 28.8], C-C-Sep=0.19, ║∇J║=8.0e+02
-----On 4/20 Initial Guess Perturbations
Iteration 92/1000-----
J=4.9e-02, Jf=2.8e-02, ⟨B·n⟩=3.9e-02, Len=sum([8.1, 6.6, 6.7])=21.4, ϰ=[13.0, 12.3, 15.2], ∫ϰ²/L=[33.2, 27.0, 28.9], C-C-Sep=0.19, ║∇J║=3.5e+01
-----On 4/20 Initial Guess Perturbations
Iteration 93/1000-----
J=4.9e-02, Jf=2.8e-02, ⟨B·n⟩=3.9e-02, Len=sum([8.1, 6.6, 6.7])=21.4, ϰ=[13.0, 12.3, 15.2], ∫ϰ²/L=[33.3, 27.0, 28.9], C-C-Sep=0.19, ║∇J║=3.9e+01
-----On 4/20 Initial Guess Perturbations
Iteration 94/1000-----
J=4.9e-02, Jf=2.8e-02, ⟨B·n⟩=3.9e-02, Len=sum([8.1, 6.6, 6.7])=21.4, ϰ=[12.8, 12.4, 15.3], ∫ϰ²/L=[33.5, 27.0, 29.0], C-C-Sep=0.19, ║∇J║=2.7e+03
-----On 4/20 Initial Guess Perturbations
Iteration 95/1000-----
J=4.9e-02, Jf=2.8e-02, ⟨B·n⟩=3.9e-02, Len=sum([8.1, 6.6, 6.7])=21.4, ϰ=[12.8, 12.3, 15.3], ∫ϰ²/L=[33.4, 27.0, 28.9], C-C-Sep=0.19, ║∇J║=1.7e+02
-----On 4/20 Initial Guess Perturbations
Iteration 96/1000-----
J=5.0e-02, Jf=2.9e-02, ⟨B·n⟩=4.0e-02, Len=sum([8.1, 6.6, 6.7])=21.4, ϰ=[13.2, 12.4, 15.4], ∫ϰ²/L=[33.6, 27.0, 29.1], C-C-Sep=0.19, ║∇J║=1.0e+04
-----On 4/20 Initial Guess Perturbations
Iteration 97/1000-----
J=4.9e-02, Jf=2.8e-02, ⟨B·n⟩=3.9e-02, Len=sum([8.1, 6.6, 6.7])=21.4, ϰ=[12.7, 12.4, 15.3], ∫ϰ²/L=[33.4, 27.0, 29.0], C-C-Sep=0.19, ║∇J║=2.1e+02
-----On 4/20 Initial Guess Perturbations
Iteration 98/1000-----
J=4.9e-02, Jf=2.8e-02, ⟨B·n⟩=3.9e-02, Len=sum([8.1, 6.6, 6.7])=21.4, ϰ=[12.9, 12.4, 15.3], ∫ϰ²/L=[33.5, 27.0, 29.0], C-C-Sep=0.19, ║∇J║=2.7e+02
-----On 4/20 Initial Guess Perturbations
Iteration 99/1000-----
J=4.9e-02, Jf=2.8e-02, ⟨B·n⟩=3.9e-02, Len=sum([8.1, 6.6, 6.7])=21.4, ϰ=[12.8, 12.4, 15.3], ∫ϰ²/L=[33.4, 27.0, 29.0], C-C-Sep=0.19, ║∇J║=1.2e+01
-----On 4/20 Initial Guess Perturbations
Iteration 100/1000-----
J=4.9e-02, Jf=2.8e-02, ⟨B·n⟩=3.9e-02, Len=sum([8.1, 6.6, 6.7])=21.4, ϰ=[12.7, 12.4, 15.3], ∫ϰ²/L=[33.4, 27.0, 29.0], C-C-Sep=0.19, ║∇J║=2.4e+01
-----On 4/20 Initial Guess Perturbations
Iteration 101/1000-----
J=4.9e-02, Jf=2.8e-02, ⟨B·n⟩=3.9e-02, Len=sum([8.1, 6.6, 6.7])=21.4, ϰ=[12.7, 12.4, 15.4], ∫ϰ²/L=[33.4, 26.9, 29.1], C-C-Sep=0.19, ║∇J║=2.6e+01
-----On 4/20 Initial Guess Perturbations
Iteration 102/1000-----
J=4.9e-02, Jf=2.8e-02, ⟨B·n⟩=3.9e-02, Len=sum([8.1, 6.6, 6.7])=21.4, ϰ=[12.7, 12.3, 15.5], ∫ϰ²/L=[33.4, 26.9, 29.1], C-C-Sep=0.19, ║∇J║=5.9e+02
-----On 4/20 Initial Guess Perturbations
Iteration 103/1000-----
J=4.9e-02, Jf=2.8e-02, ⟨B·n⟩=3.9e-02, Len=sum([8.1, 6.6, 6.7])=21.4, ϰ=[12.7, 12.4, 15.4], ∫ϰ²/L=[33.4, 26.9, 29.1], C-C-Sep=0.19, ║∇J║=1.2e+02
-----On 4/20 Initial Guess Perturbations
Iteration 104/1000-----
J=4.9e-02, Jf=2.8e-02, ⟨B·n⟩=3.9e-02, Len=sum([8.1, 6.6, 6.7])=21.4, ϰ=[12.7, 12.2, 15.5], ∫ϰ²/L=[33.4, 26.8, 29.2], C-C-Sep=0.19, ║∇J║=4.2e+02
-----On 4/20 Initial Guess Perturbations
Iteration 105/1000-----
J=4.9e-02, Jf=2.8e-02, ⟨B·n⟩=3.9e-02, Len=sum([8.1, 6.6, 6.7])=21.4, ϰ=[12.7, 12.3, 15.5], ∫ϰ²/L=[33.4, 26.9, 29.1], C-C-Sep=0.19, ║∇J║=3.1e+01
-----On 4/20 Initial Guess Perturbations
Iteration 106/1000-----
J=4.9e-02, Jf=2.8e-02, ⟨B·n⟩=3.9e-02, Len=sum([8.1, 6.6, 6.7])=21.4, ϰ=[12.7, 12.3, 15.5], ∫ϰ²/L=[33.4, 26.9, 29.1], C-C-Sep=0.19, ║∇J║=9.4e+01
-----On 4/20 Initial Guess Perturbations
Iteration 107/1000-----
J=4.9e-02, Jf=2.8e-02, ⟨B·n⟩=3.9e-02, Len=sum([8.1, 6.6, 6.7])=21.4, ϰ=[12.8, 12.2, 15.4], ∫ϰ²/L=[33.4, 26.8, 29.0], C-C-Sep=0.19, ║∇J║=9.2e+01
-----On 4/20 Initial Guess Perturbations
Iteration 108/1000-----
J=4.9e-02, Jf=2.8e-02, ⟨B·n⟩=3.9e-02, Len=sum([8.1, 6.6, 6.7])=21.4, ϰ=[12.8, 12.3, 15.4], ∫ϰ²/L=[33.4, 26.8, 29.0], C-C-Sep=0.19, ║∇J║=5.1e+00
-----On 4/20 Initial Guess Perturbations
Iteration 109/1000-----
J=4.9e-02, Jf=2.8e-02, ⟨B·n⟩=3.9e-02, Len=sum([8.1, 6.6, 6.7])=21.4, ϰ=[12.8, 12.3, 15.4], ∫ϰ²/L=[33.3, 26.8, 28.9], C-C-Sep=0.19, ║∇J║=1.2e+02
-----On 4/20 Initial Guess Perturbations
Iteration 110/1000-----
J=4.9e-02, Jf=2.8e-02, ⟨B·n⟩=3.9e-02, Len=sum([8.1, 6.6, 6.7])=21.4, ϰ=[12.8, 12.4, 15.4], ∫ϰ²/L=[33.3, 26.8, 28.9], C-C-Sep=0.19, ║∇J║=1.8e+02
-----On 4/20 Initial Guess Perturbations
Iteration 111/1000-----
J=4.9e-02, Jf=2.8e-02, ⟨B·n⟩=3.9e-02, Len=sum([8.1, 6.6, 6.7])=21.4, ϰ=[12.9, 12.5, 15.5], ∫ϰ²/L=[33.3, 26.8, 28.9], C-C-Sep=0.19, ║∇J║=2.3e+03
-----On 4/20 Initial Guess Perturbations
Iteration 112/1000-----
J=4.9e-02, Jf=2.8e-02, ⟨B·n⟩=3.9e-02, Len=sum([8.1, 6.6, 6.7])=21.4, ϰ=[12.8, 12.4, 15.4], ∫ϰ²/L=[33.3, 26.8, 28.9], C-C-Sep=0.19, ║∇J║=6.8e+01
-----On 4/20 Initial Guess Perturbations
Iteration 113/1000-----
J=4.9e-02, Jf=2.8e-02, ⟨B·n⟩=3.9e-02, Len=sum([8.1, 6.6, 6.7])=21.4, ϰ=[12.9, 12.4, 15.5], ∫ϰ²/L=[33.3, 26.8, 28.9], C-C-Sep=0.19, ║∇J║=3.4e+02
-----On 4/20 Initial Guess Perturbations
Iteration 114/1000-----
J=4.9e-02, Jf=2.8e-02, ⟨B·n⟩=3.9e-02, Len=sum([8.1, 6.6, 6.7])=21.4, ϰ=[13.0, 12.4, 15.5], ∫ϰ²/L=[33.4, 26.8, 28.9], C-C-Sep=0.19, ║∇J║=3.7e+02
-----On 4/20 Initial Guess Perturbations
Iteration 115/1000-----
J=4.9e-02, Jf=2.8e-02, ⟨B·n⟩=3.9e-02, Len=sum([8.1, 6.6, 6.7])=21.4, ϰ=[13.0, 12.4, 15.5], ∫ϰ²/L=[33.4, 26.8, 29.0], C-C-Sep=0.19, ║∇J║=9.2e+01
-----On 4/20 Initial Guess Perturbations
Iteration 116/1000-----
J=4.9e-02, Jf=2.8e-02, ⟨B·n⟩=3.9e-02, Len=sum([8.1, 6.6, 6.7])=21.4, ϰ=[12.9, 12.3, 15.5], ∫ϰ²/L=[33.4, 26.9, 29.1], C-C-Sep=0.19, ║∇J║=1.9e+01
-----On 4/20 Initial Guess Perturbations
Iteration 117/1000-----
J=4.9e-02, Jf=2.8e-02, ⟨B·n⟩=3.9e-02, Len=sum([8.1, 6.6, 6.7])=21.5, ϰ=[12.9, 12.4, 15.6], ∫ϰ²/L=[33.4, 26.9, 29.2], C-C-Sep=0.19, ║∇J║=1.0e+02
-----On 4/20 Initial Guess Perturbations
Iteration 118/1000-----
J=4.9e-02, Jf=2.8e-02, ⟨B·n⟩=3.9e-02, Len=sum([8.1, 6.6, 6.7])=21.5, ϰ=[12.8, 12.4, 15.6], ∫ϰ²/L=[33.4, 27.0, 29.2], C-C-Sep=0.19, ║∇J║=1.3e+00
-----On 4/20 Initial Guess Perturbations
Iteration 119/1000-----
J=4.9e-02, Jf=2.8e-02, ⟨B·n⟩=3.9e-02, Len=sum([8.1, 6.6, 6.7])=21.5, ϰ=[12.9, 12.5, 15.6], ∫ϰ²/L=[33.4, 27.0, 29.2], C-C-Sep=0.19, ║∇J║=3.1e+01
-----On 4/20 Initial Guess Perturbations
Iteration 120/1000-----
J=4.9e-02, Jf=2.8e-02, ⟨B·n⟩=3.9e-02, Len=sum([8.1, 6.6, 6.7])=21.5, ϰ=[13.0, 12.5, 15.6], ∫ϰ²/L=[33.3, 27.1, 29.1], C-C-Sep=0.19, ║∇J║=2.8e+01
-----On 4/20 Initial Guess Perturbations
Iteration 121/1000-----
J=4.9e-02, Jf=2.8e-02, ⟨B·n⟩=3.9e-02, Len=sum([8.1, 6.6, 6.7])=21.4, ϰ=[13.1, 12.5, 15.6], ∫ϰ²/L=[33.3, 27.1, 29.1], C-C-Sep=0.19, ║∇J║=3.7e+01
-----On 4/20 Initial Guess Perturbations
Iteration 122/1000-----
J=4.9e-02, Jf=2.8e-02, ⟨B·n⟩=3.9e-02, Len=sum([8.1, 6.6, 6.7])=21.4, ϰ=[13.1, 12.6, 15.5], ∫ϰ²/L=[33.3, 27.1, 29.1], C-C-Sep=0.19, ║∇J║=3.0e+01
-----On 4/20 Initial Guess Perturbations
Iteration 123/1000-----
J=4.9e-02, Jf=2.8e-02, ⟨B·n⟩=3.9e-02, Len=sum([8.1, 6.6, 6.7])=21.4, ϰ=[13.1, 12.7, 15.5], ∫ϰ²/L=[33.3, 27.2, 29.1], C-C-Sep=0.19, ║∇J║=3.3e+01
-----On 4/20 Initial Guess Perturbations
Iteration 124/1000-----
J=4.9e-02, Jf=2.8e-02, ⟨B·n⟩=3.9e-02, Len=sum([8.1, 6.6, 6.7])=21.4, ϰ=[13.1, 12.7, 15.4], ∫ϰ²/L=[33.3, 27.2, 29.1], C-C-Sep=0.19, ║∇J║=2.8e+01
-----On 4/20 Initial Guess Perturbations
Iteration 125/1000-----
J=4.9e-02, Jf=2.8e-02, ⟨B·n⟩=3.9e-02, Len=sum([8.1, 6.6, 6.7])=21.4, ϰ=[13.1, 12.8, 15.5], ∫ϰ²/L=[33.3, 27.2, 29.0], C-C-Sep=0.19, ║∇J║=2.8e+01
-----On 4/20 Initial Guess Perturbations
Iteration 126/1000-----
J=4.9e-02, Jf=2.8e-02, ⟨B·n⟩=3.9e-02, Len=sum([8.1, 6.6, 6.7])=21.4, ϰ=[13.2, 12.8, 15.5], ∫ϰ²/L=[33.3, 27.3, 29.0], C-C-Sep=0.19, ║∇J║=2.5e+01
-----On 4/20 Initial Guess Perturbations
Iteration 127/1000-----
J=4.9e-02, Jf=2.8e-02, ⟨B·n⟩=3.9e-02, Len=sum([8.1, 6.6, 6.7])=21.5, ϰ=[13.3, 13.0, 15.7], ∫ϰ²/L=[33.4, 27.3, 28.7], C-C-Sep=0.19, ║∇J║=2.2e+01
-----On 4/20 Initial Guess Perturbations
Iteration 128/1000-----
J=4.8e-02, Jf=2.8e-02, ⟨B·n⟩=3.9e-02, Len=sum([8.1, 6.6, 6.7])=21.5, ϰ=[13.4, 13.2, 15.9], ∫ϰ²/L=[33.4, 27.3, 28.6], C-C-Sep=0.19, ║∇J║=1.8e+01
-----On 4/20 Initial Guess Perturbations
Iteration 129/1000-----
J=4.8e-02, Jf=2.7e-02, ⟨B·n⟩=3.9e-02, Len=sum([8.1, 6.6, 6.7])=21.5, ϰ=[13.4, 13.5, 16.1], ∫ϰ²/L=[33.3, 27.4, 28.7], C-C-Sep=0.19, ║∇J║=1.4e+01
-----On 4/20 Initial Guess Perturbations
Iteration 130/1000-----
J=4.8e-02, Jf=2.7e-02, ⟨B·n⟩=3.9e-02, Len=sum([8.2, 6.6, 6.7])=21.5, ϰ=[13.5, 13.7, 16.3], ∫ϰ²/L=[33.1, 27.4, 29.0], C-C-Sep=0.19, ║∇J║=1.1e+01
-----On 4/20 Initial Guess Perturbations
Iteration 131/1000-----
J=4.8e-02, Jf=2.7e-02, ⟨B·n⟩=3.9e-02, Len=sum([8.2, 6.6, 6.7])=21.5, ϰ=[13.5, 13.8, 16.4], ∫ϰ²/L=[32.8, 27.4, 29.5], C-C-Sep=0.19, ║∇J║=8.5e+00
-----On 4/20 Initial Guess Perturbations
Iteration 132/1000-----
J=4.8e-02, Jf=2.7e-02, ⟨B·n⟩=3.9e-02, Len=sum([8.2, 6.7, 6.7])=21.5, ϰ=[13.4, 13.7, 16.5], ∫ϰ²/L=[32.6, 27.3, 29.7], C-C-Sep=0.19, ║∇J║=7.5e+00
-----On 4/20 Initial Guess Perturbations
Iteration 133/1000-----
J=4.8e-02, Jf=2.7e-02, ⟨B·n⟩=3.8e-02, Len=sum([8.2, 6.7, 6.7])=21.6, ϰ=[13.4, 13.5, 16.8], ∫ϰ²/L=[32.3, 27.1, 29.9], C-C-Sep=0.19, ║∇J║=6.7e+00
-----On 4/20 Initial Guess Perturbations
Iteration 134/1000-----
J=4.7e-02, Jf=2.6e-02, ⟨B·n⟩=3.8e-02, Len=sum([8.2, 6.7, 6.7])=21.6, ϰ=[13.6, 13.4, 17.4], ∫ϰ²/L=[32.2, 27.1, 30.2], C-C-Sep=0.19, ║∇J║=5.7e+00
-----On 4/20 Initial Guess Perturbations
Iteration 135/1000-----
J=4.7e-02, Jf=2.6e-02, ⟨B·n⟩=3.8e-02, Len=sum([8.3, 6.7, 6.8])=21.7, ϰ=[14.0, 13.5, 18.2], ∫ϰ²/L=[32.3, 27.2, 30.6], C-C-Sep=0.19, ║∇J║=4.7e+00
-----On 4/20 Initial Guess Perturbations
Iteration 136/1000-----
J=4.7e-02, Jf=2.6e-02, ⟨B·n⟩=3.8e-02, Len=sum([8.3, 6.7, 6.8])=21.7, ϰ=[14.3, 13.7, 18.5], ∫ϰ²/L=[32.4, 27.3, 30.7], C-C-Sep=0.19, ║∇J║=4.2e+00
-----On 4/20 Initial Guess Perturbations
Iteration 137/1000-----
J=4.7e-02, Jf=2.6e-02, ⟨B·n⟩=3.8e-02, Len=sum([8.3, 6.7, 6.8])=21.7, ϰ=[14.6, 14.0, 18.7], ∫ϰ²/L=[32.4, 27.6, 30.7], C-C-Sep=0.19, ║∇J║=3.8e+00
-----On 4/20 Initial Guess Perturbations
Iteration 138/1000-----
J=4.7e-02, Jf=2.6e-02, ⟨B·n⟩=3.8e-02, Len=sum([8.3, 6.7, 6.8])=21.8, ϰ=[14.7, 14.4, 18.7], ∫ϰ²/L=[32.2, 27.8, 30.7], C-C-Sep=0.19, ║∇J║=3.4e+00
-----On 4/20 Initial Guess Perturbations
Iteration 139/1000-----
J=4.6e-02, Jf=2.5e-02, ⟨B·n⟩=3.7e-02, Len=sum([8.3, 6.7, 6.8])=21.9, ϰ=[14.8, 15.0, 18.7], ∫ϰ²/L=[31.8, 28.1, 31.0], C-C-Sep=0.19, ║∇J║=2.7e+00
-----On 4/20 Initial Guess Perturbations
Iteration 140/1000-----
J=4.6e-02, Jf=2.5e-02, ⟨B·n⟩=3.7e-02, Len=sum([8.4, 6.8, 6.8])=21.9, ϰ=[14.4, 15.1, 18.5], ∫ϰ²/L=[31.3, 28.1, 31.3], C-C-Sep=0.19, ║∇J║=2.1e+00
-----On 4/20 Initial Guess Perturbations
Iteration 141/1000-----
J=4.5e-02, Jf=2.4e-02, ⟨B·n⟩=3.6e-02, Len=sum([8.4, 6.8, 6.8])=22.0, ϰ=[13.6, 14.7, 18.2], ∫ϰ²/L=[30.9, 27.9, 31.5], C-C-Sep=0.19, ║∇J║=1.7e+00
-----On 4/20 Initial Guess Perturbations
Iteration 142/1000-----
J=4.5e-02, Jf=2.4e-02, ⟨B·n⟩=3.6e-02, Len=sum([8.5, 6.8, 6.8])=22.1, ϰ=[12.9, 14.0, 18.4], ∫ϰ²/L=[30.8, 27.6, 31.8], C-C-Sep=0.20, ║∇J║=1.4e+00
-----On 4/20 Initial Guess Perturbations
Iteration 143/1000-----
J=4.4e-02, Jf=2.3e-02, ⟨B·n⟩=3.6e-02, Len=sum([8.5, 6.8, 6.8])=22.1, ϰ=[12.1, 13.1, 18.6], ∫ϰ²/L=[31.0, 26.9, 31.5], C-C-Sep=0.20, ║∇J║=1.2e+00
-----On 4/20 Initial Guess Perturbations
Iteration 144/1000-----
J=4.4e-02, Jf=2.3e-02, ⟨B·n⟩=3.5e-02, Len=sum([8.6, 6.8, 6.8])=22.2, ϰ=[12.4, 12.5, 18.5], ∫ϰ²/L=[31.4, 26.3, 31.3], C-C-Sep=0.20, ║∇J║=9.3e-01
-----On 4/20 Initial Guess Perturbations
Iteration 145/1000-----
J=4.3e-02, Jf=2.2e-02, ⟨B·n⟩=3.4e-02, Len=sum([8.7, 6.8, 6.8])=22.3, ϰ=[13.1, 11.9, 17.7], ∫ϰ²/L=[32.0, 25.4, 30.8], C-C-Sep=0.20, ║∇J║=7.1e-01
-----On 4/20 Initial Guess Perturbations
Iteration 146/1000-----
J=4.2e-02, Jf=2.1e-02, ⟨B·n⟩=3.3e-02, Len=sum([8.8, 6.9, 6.9])=22.5, ϰ=[13.7, 11.5, 16.5], ∫ϰ²/L=[32.3, 24.7, 30.5], C-C-Sep=0.19, ║∇J║=5.5e-01
-----On 4/20 Initial Guess Perturbations
Iteration 147/1000-----
J=4.1e-02, Jf=1.9e-02, ⟨B·n⟩=3.2e-02, Len=sum([8.9, 6.9, 6.9])=22.7, ϰ=[13.3, 11.1, 15.3], ∫ϰ²/L=[32.4, 23.8, 30.6], C-C-Sep=0.20, ║∇J║=4.3e-01
-----On 4/20 Initial Guess Perturbations
Iteration 148/1000-----
J=4.0e-02, Jf=1.8e-02, ⟨B·n⟩=3.1e-02, Len=sum([9.1, 6.9, 7.0])=23.1, ϰ=[12.6, 11.8, 15.1], ∫ϰ²/L=[32.3, 23.4, 32.3], C-C-Sep=0.19, ║∇J║=4.2e-01
-----On 4/20 Initial Guess Perturbations
Iteration 149/1000-----
J=4.0e-02, Jf=1.6e-02, ⟨B·n⟩=2.9e-02, Len=sum([9.5, 7.0, 7.2])=23.7, ϰ=[13.6, 12.1, 15.7], ∫ϰ²/L=[32.3, 22.2, 36.4], C-C-Sep=0.18, ║∇J║=6.6e-01
-----On 4/20 Initial Guess Perturbations
Iteration 150/1000-----
J=3.9e-02, Jf=1.7e-02, ⟨B·n⟩=3.0e-02, Len=sum([9.3, 7.0, 7.1])=23.3, ϰ=[12.9, 11.9, 15.3], ∫ϰ²/L=[32.1, 22.6, 33.8], C-C-Sep=0.20, ║∇J║=3.7e-01
-----On 4/20 Initial Guess Perturbations
Iteration 151/1000-----
J=3.8e-02, Jf=1.7e-02, ⟨B·n⟩=3.0e-02, Len=sum([9.2, 7.0, 7.1])=23.3, ϰ=[12.3, 11.0, 14.5], ∫ϰ²/L=[31.2, 21.6, 33.4], C-C-Sep=0.19, ║∇J║=3.9e-01
-----On 4/20 Initial Guess Perturbations
Iteration 152/1000-----
J=3.8e-02, Jf=1.6e-02, ⟨B·n⟩=3.0e-02, Len=sum([9.3, 7.0, 7.1])=23.4, ϰ=[12.6, 10.7, 13.4], ∫ϰ²/L=[30.1, 21.8, 33.8], C-C-Sep=0.19, ║∇J║=4.7e-01
-----On 4/20 Initial Guess Perturbations
Iteration 153/1000-----
J=3.7e-02, Jf=1.6e-02, ⟨B·n⟩=2.9e-02, Len=sum([9.3, 7.0, 7.1])=23.3, ϰ=[12.7, 10.1, 13.3], ∫ϰ²/L=[30.5, 20.8, 33.3], C-C-Sep=0.20, ║∇J║=3.1e-01
-----On 4/20 Initial Guess Perturbations
Iteration 154/1000-----
J=3.6e-02, Jf=1.5e-02, ⟨B·n⟩=2.9e-02, Len=sum([9.4, 7.0, 7.2])=23.6, ϰ=[12.4, 9.8, 13.3], ∫ϰ²/L=[30.1, 20.6, 33.8], C-C-Sep=0.20, ║∇J║=2.1e-01
-----On 4/20 Initial Guess Perturbations
Iteration 155/1000-----
J=3.6e-02, Jf=1.5e-02, ⟨B·n⟩=2.8e-02, Len=sum([9.5, 7.0, 7.2])=23.7, ϰ=[11.8, 9.6, 12.8], ∫ϰ²/L=[30.0, 20.3, 33.9], C-C-Sep=0.19, ║∇J║=5.5e-01
-----On 4/20 Initial Guess Perturbations
Iteration 156/1000-----
J=3.6e-02, Jf=1.5e-02, ⟨B·n⟩=2.8e-02, Len=sum([9.3, 7.0, 7.1])=23.4, ϰ=[10.9, 9.8, 12.4], ∫ϰ²/L=[29.8, 20.0, 31.5], C-C-Sep=0.19, ║∇J║=3.1e-01
-----On 4/20 Initial Guess Perturbations
Iteration 157/1000-----
J=3.5e-02, Jf=1.4e-02, ⟨B·n⟩=2.8e-02, Len=sum([9.4, 7.0, 7.2])=23.6, ϰ=[11.4, 9.7, 12.4], ∫ϰ²/L=[29.5, 20.1, 32.7], C-C-Sep=0.19, ║∇J║=2.0e-01
-----On 4/20 Initial Guess Perturbations
Iteration 158/1000-----
J=3.5e-02, Jf=1.4e-02, ⟨B·n⟩=2.8e-02, Len=sum([9.4, 7.0, 7.2])=23.7, ϰ=[11.1, 9.4, 12.4], ∫ϰ²/L=[29.1, 20.0, 32.5], C-C-Sep=0.19, ║∇J║=1.8e-01
-----On 4/20 Initial Guess Perturbations
Iteration 159/1000-----
J=3.4e-02, Jf=1.3e-02, ⟨B·n⟩=2.7e-02, Len=sum([9.5, 7.0, 7.3])=23.8, ϰ=[10.4, 8.8, 12.7], ∫ϰ²/L=[28.9, 19.9, 32.5], C-C-Sep=0.19, ║∇J║=2.5e-01
-----On 4/20 Initial Guess Perturbations
Iteration 160/1000-----
J=3.4e-02, Jf=1.3e-02, ⟨B·n⟩=2.7e-02, Len=sum([9.5, 7.1, 7.3])=23.9, ϰ=[10.9, 9.0, 12.8], ∫ϰ²/L=[28.8, 19.8, 32.6], C-C-Sep=0.19, ║∇J║=5.2e-01
-----On 4/20 Initial Guess Perturbations
Iteration 161/1000-----
J=3.4e-02, Jf=1.2e-02, ⟨B·n⟩=2.6e-02, Len=sum([9.5, 7.1, 7.3])=23.9, ϰ=[10.8, 9.5, 12.9], ∫ϰ²/L=[28.8, 19.7, 32.6], C-C-Sep=0.19, ║∇J║=3.1e-01
-----On 4/20 Initial Guess Perturbations
Iteration 162/1000-----
J=3.4e-02, Jf=1.3e-02, ⟨B·n⟩=2.6e-02, Len=sum([9.4, 7.0, 7.3])=23.7, ϰ=[11.0, 10.1, 12.8], ∫ϰ²/L=[28.7, 19.6, 31.1], C-C-Sep=0.20, ║∇J║=5.5e-01
-----On 4/20 Initial Guess Perturbations
Iteration 163/1000-----
J=3.3e-02, Jf=1.3e-02, ⟨B·n⟩=2.6e-02, Len=sum([9.4, 7.0, 7.3])=23.7, ϰ=[10.7, 9.9, 13.0], ∫ϰ²/L=[28.5, 19.6, 30.9], C-C-Sep=0.20, ║∇J║=3.5e-01
-----On 4/20 Initial Guess Perturbations
Iteration 164/1000-----
J=3.3e-02, Jf=1.2e-02, ⟨B·n⟩=2.6e-02, Len=sum([9.5, 7.1, 7.4])=24.0, ϰ=[11.0, 10.3, 13.0], ∫ϰ²/L=[28.7, 20.0, 31.6], C-C-Sep=0.19, ║∇J║=3.5e-01
-----On 4/20 Initial Guess Perturbations
Iteration 165/1000-----
J=3.3e-02, Jf=1.1e-02, ⟨B·n⟩=2.5e-02, Len=sum([9.6, 7.1, 7.4])=24.0, ϰ=[10.6, 9.9, 12.9], ∫ϰ²/L=[28.7, 19.9, 31.1], C-C-Sep=0.19, ║∇J║=2.6e-01
-----On 4/20 Initial Guess Perturbations
Iteration 166/1000-----
J=3.2e-02, Jf=1.1e-02, ⟨B·n⟩=2.4e-02, Len=sum([9.6, 7.1, 7.4])=24.1, ϰ=[11.1, 9.6, 12.5], ∫ϰ²/L=[28.6, 19.8, 29.3], C-C-Sep=0.19, ║∇J║=2.2e-01
-----On 4/20 Initial Guess Perturbations
Iteration 167/1000-----
J=3.1e-02, Jf=1.0e-02, ⟨B·n⟩=2.4e-02, Len=sum([9.6, 7.1, 7.4])=24.1, ϰ=[11.4, 9.5, 12.1], ∫ϰ²/L=[28.6, 19.6, 27.7], C-C-Sep=0.19, ║∇J║=2.1e-01
-----On 4/20 Initial Guess Perturbations
Iteration 168/1000-----
J=3.1e-02, Jf=1.0e-02, ⟨B·n⟩=2.4e-02, Len=sum([9.5, 7.1, 7.4])=24.0, ϰ=[11.2, 10.1, 11.6], ∫ϰ²/L=[28.4, 19.1, 25.6], C-C-Sep=0.19, ║∇J║=2.7e-01
-----On 4/20 Initial Guess Perturbations
Iteration 169/1000-----
J=3.1e-02, Jf=1.0e-02, ⟨B·n⟩=2.4e-02, Len=sum([9.4, 7.0, 7.4])=23.8, ϰ=[11.0, 10.1, 11.6], ∫ϰ²/L=[28.5, 18.6, 24.4], C-C-Sep=0.19, ║∇J║=2.1e+00
-----On 4/20 Initial Guess Perturbations
Iteration 170/1000-----
J=3.1e-02, Jf=1.0e-02, ⟨B·n⟩=2.4e-02, Len=sum([9.4, 7.1, 7.4])=23.9, ϰ=[11.0, 10.1, 11.6], ∫ϰ²/L=[28.4, 18.9, 25.0], C-C-Sep=0.19, ║∇J║=1.8e-01
-----On 4/20 Initial Guess Perturbations
Iteration 171/1000-----
J=3.0e-02, Jf=1.0e-02, ⟨B·n⟩=2.4e-02, Len=sum([9.4, 7.0, 7.4])=23.8, ϰ=[11.2, 10.1, 11.6], ∫ϰ²/L=[28.6, 18.5, 23.9], C-C-Sep=0.19, ║∇J║=1.4e+00
-----On 4/20 Initial Guess Perturbations
Iteration 172/1000-----
J=3.3e-02, Jf=1.0e-02, ⟨B·n⟩=2.4e-02, Len=sum([9.3, 7.0, 7.4])=23.7, ϰ=[12.7, 11.8, 12.4], ∫ϰ²/L=[29.2, 18.5, 22.8], C-C-Sep=0.19, ║∇J║=9.3e-01
-----On 4/20 Initial Guess Perturbations
Iteration 173/1000-----
J=3.7e-02, Jf=1.7e-02, ⟨B·n⟩=2.5e-02, Len=sum([9.4, 7.0, 7.4])=23.8, ϰ=[11.3, 10.2, 11.6], ∫ϰ²/L=[28.6, 18.4, 23.7], C-C-Sep=0.19, ║∇J║=1.1e+02
-----On 4/20 Initial Guess Perturbations
Iteration 174/1000-----
J=3.0e-02, Jf=1.0e-02, ⟨B·n⟩=2.3e-02, Len=sum([9.4, 7.0, 7.4])=23.8, ϰ=[11.2, 10.1, 11.6], ∫ϰ²/L=[28.6, 18.5, 23.9], C-C-Sep=0.19, ║∇J║=6.8e-01
-----On 4/20 Initial Guess Perturbations
Iteration 175/1000-----
J=3.0e-02, Jf=1.0e-02, ⟨B·n⟩=2.4e-02, Len=sum([9.4, 7.0, 7.4])=23.8, ϰ=[11.1, 10.1, 11.5], ∫ϰ²/L=[28.5, 18.4, 23.9], C-C-Sep=0.19, ║∇J║=5.1e+00
-----On 4/20 Initial Guess Perturbations
Iteration 176/1000-----
J=3.1e-02, Jf=1.0e-02, ⟨B·n⟩=2.4e-02, Len=sum([9.3, 7.0, 7.3])=23.6, ϰ=[11.2, 9.9, 11.5], ∫ϰ²/L=[28.4, 18.0, 23.8], C-C-Sep=0.19, ║∇J║=3.7e-01
-----On 4/20 Initial Guess Perturbations
Iteration 177/1000-----
J=3.0e-02, Jf=1.0e-02, ⟨B·n⟩=2.4e-02, Len=sum([9.4, 7.0, 7.4])=23.7, ϰ=[11.1, 10.1, 11.4], ∫ϰ²/L=[28.4, 18.2, 23.8], C-C-Sep=0.19, ║∇J║=2.0e-01
-----On 4/20 Initial Guess Perturbations
Iteration 178/1000-----
J=3.0e-02, Jf=1.0e-02, ⟨B·n⟩=2.3e-02, Len=sum([9.4, 7.0, 7.4])=23.8, ϰ=[11.1, 10.2, 11.3], ∫ϰ²/L=[28.6, 18.3, 23.9], C-C-Sep=0.19, ║∇J║=6.8e-01
-----On 4/20 Initial Guess Perturbations
Iteration 179/1000-----
J=3.0e-02, Jf=1.0e-02, ⟨B·n⟩=2.3e-02, Len=sum([9.4, 7.0, 7.4])=23.8, ϰ=[11.1, 10.2, 11.4], ∫ϰ²/L=[28.6, 18.3, 23.7], C-C-Sep=0.19, ║∇J║=2.4e-01
-----On 4/20 Initial Guess Perturbations
Iteration 180/1000-----
J=3.0e-02, Jf=1.0e-02, ⟨B·n⟩=2.3e-02, Len=sum([9.4, 7.0, 7.4])=23.8, ϰ=[11.1, 10.2, 11.4], ∫ϰ²/L=[28.6, 18.2, 23.6], C-C-Sep=0.19, ║∇J║=7.3e-01
-----On 4/20 Initial Guess Perturbations
Iteration 181/1000-----
J=3.0e-02, Jf=1.0e-02, ⟨B·n⟩=2.3e-02, Len=sum([9.3, 7.0, 7.4])=23.7, ϰ=[11.0, 10.2, 11.3], ∫ϰ²/L=[28.6, 18.2, 23.5], C-C-Sep=0.19, ║∇J║=5.8e-01
-----On 4/20 Initial Guess Perturbations
Iteration 182/1000-----
J=3.0e-02, Jf=1.0e-02, ⟨B·n⟩=2.3e-02, Len=sum([9.3, 7.0, 7.4])=23.7, ϰ=[11.0, 10.1, 11.4], ∫ϰ²/L=[28.6, 18.2, 23.4], C-C-Sep=0.19, ║∇J║=2.8e-01
-----On 4/20 Initial Guess Perturbations
Iteration 183/1000-----
J=3.0e-02, Jf=1.0e-02, ⟨B·n⟩=2.3e-02, Len=sum([9.3, 7.0, 7.4])=23.7, ϰ=[11.0, 10.1, 11.4], ∫ϰ²/L=[28.6, 18.2, 23.4], C-C-Sep=0.20, ║∇J║=1.1e+00
-----On 4/20 Initial Guess Perturbations
Iteration 184/1000-----
J=3.0e-02, Jf=1.0e-02, ⟨B·n⟩=2.3e-02, Len=sum([9.4, 7.0, 7.4])=23.7, ϰ=[11.0, 10.1, 11.3], ∫ϰ²/L=[28.6, 18.2, 23.4], C-C-Sep=0.19, ║∇J║=2.2e-01
-----On 4/20 Initial Guess Perturbations
Iteration 185/1000-----
J=3.0e-02, Jf=1.0e-02, ⟨B·n⟩=2.3e-02, Len=sum([9.4, 7.0, 7.4])=23.7, ϰ=[11.0, 10.1, 11.3], ∫ϰ²/L=[28.6, 18.2, 23.4], C-C-Sep=0.19, ║∇J║=1.6e-01
-----On 4/20 Initial Guess Perturbations
Iteration 186/1000-----
J=3.0e-02, Jf=9.9e-03, ⟨B·n⟩=2.3e-02, Len=sum([9.4, 7.0, 7.4])=23.7, ϰ=[11.0, 10.2, 11.2], ∫ϰ²/L=[28.6, 18.2, 23.3], C-C-Sep=0.19, ║∇J║=3.1e-01
-----On 4/20 Initial Guess Perturbations
Iteration 187/1000-----
J=3.0e-02, Jf=9.9e-03, ⟨B·n⟩=2.3e-02, Len=sum([9.4, 7.0, 7.4])=23.7, ϰ=[11.0, 10.1, 11.2], ∫ϰ²/L=[28.5, 18.1, 23.2], C-C-Sep=0.19, ║∇J║=3.7e-01
-----On 4/20 Initial Guess Perturbations
Iteration 188/1000-----
J=3.0e-02, Jf=9.9e-03, ⟨B·n⟩=2.3e-02, Len=sum([9.3, 7.0, 7.4])=23.7, ϰ=[10.9, 10.0, 11.1], ∫ϰ²/L=[28.3, 17.9, 22.7], C-C-Sep=0.19, ║∇J║=5.1e-01
-----On 4/20 Initial Guess Perturbations
Iteration 189/1000-----
J=3.0e-02, Jf=9.8e-03, ⟨B·n⟩=2.3e-02, Len=sum([9.3, 7.0, 7.4])=23.7, ϰ=[10.9, 9.8, 10.9], ∫ϰ²/L=[28.2, 17.7, 22.3], C-C-Sep=0.19, ║∇J║=3.7e-01
-----On 4/20 Initial Guess Perturbations
Iteration 190/1000-----
J=3.0e-02, Jf=9.7e-03, ⟨B·n⟩=2.3e-02, Len=sum([9.3, 7.0, 7.4])=23.6, ϰ=[11.0, 9.7, 10.8], ∫ϰ²/L=[28.0, 17.5, 21.7], C-C-Sep=0.20, ║∇J║=1.5e+00
-----On 4/20 Initial Guess Perturbations
Iteration 191/1000-----
J=3.0e-02, Jf=1.0e-02, ⟨B·n⟩=2.3e-02, Len=sum([9.2, 6.9, 7.4])=23.5, ϰ=[11.3, 10.4, 10.7], ∫ϰ²/L=[28.0, 17.4, 21.3], C-C-Sep=0.19, ║∇J║=3.2e+01
-----On 4/20 Initial Guess Perturbations
Iteration 192/1000-----
J=3.0e-02, Jf=9.7e-03, ⟨B·n⟩=2.3e-02, Len=sum([9.3, 6.9, 7.4])=23.6, ϰ=[11.0, 9.8, 10.8], ∫ϰ²/L=[28.0, 17.5, 21.7], C-C-Sep=0.20, ║∇J║=1.0e+00
-----On 4/20 Initial Guess Perturbations
Iteration 193/1000-----
J=3.1e-02, Jf=1.1e-02, ⟨B·n⟩=2.4e-02, Len=sum([9.2, 6.9, 7.4])=23.5, ϰ=[11.4, 10.7, 10.7], ∫ϰ²/L=[28.0, 17.4, 21.2], C-C-Sep=0.19, ║∇J║=1.1e+02
-----On 4/20 Initial Guess Perturbations
Iteration 194/1000-----
J=3.0e-02, Jf=9.7e-03, ⟨B·n⟩=2.3e-02, Len=sum([9.3, 6.9, 7.4])=23.6, ϰ=[11.0, 9.8, 10.8], ∫ϰ²/L=[28.0, 17.5, 21.7], C-C-Sep=0.20, ║∇J║=1.0e+00
-----On 4/20 Initial Guess Perturbations
Iteration 195/1000-----
J=3.0e-02, Jf=1.0e-02, ⟨B·n⟩=2.3e-02, Len=sum([9.3, 6.9, 7.4])=23.6, ϰ=[11.2, 10.2, 10.7], ∫ϰ²/L=[28.0, 17.4, 21.4], C-C-Sep=0.19, ║∇J║=7.1e+01
-----On 4/20 Initial Guess Perturbations
Iteration 196/1000-----
J=3.0e-02, Jf=9.7e-03, ⟨B·n⟩=2.3e-02, Len=sum([9.3, 6.9, 7.4])=23.6, ϰ=[11.1, 9.9, 10.8], ∫ϰ²/L=[28.0, 17.5, 21.6], C-C-Sep=0.20, ║∇J║=1.2e+00
-----On 4/20 Initial Guess Perturbations
Iteration 197/1000-----
J=3.0e-02, Jf=9.6e-03, ⟨B·n⟩=2.3e-02, Len=sum([9.3, 6.9, 7.4])=23.6, ϰ=[11.2, 10.4, 10.8], ∫ϰ²/L=[28.0, 17.4, 21.2], C-C-Sep=0.19, ║∇J║=2.1e+01
-----On 4/20 Initial Guess Perturbations
Iteration 198/1000-----
J=1.0e-01, Jf=7.9e-02, ⟨B·n⟩=2.6e-02, Len=sum([9.3, 6.9, 7.4])=23.6, ϰ=[11.7, 11.4, 10.8], ∫ϰ²/L=[28.3, 17.8, 21.0], C-C-Sep=0.19, ║∇J║=9.9e+02
-----On 4/20 Initial Guess Perturbations
Iteration 199/1000-----
J=3.0e-02, Jf=9.6e-03, ⟨B·n⟩=2.3e-02, Len=sum([9.3, 6.9, 7.4])=23.6, ϰ=[11.2, 10.4, 10.8], ∫ϰ²/L=[28.0, 17.4, 21.2], C-C-Sep=0.19, ║∇J║=2.1e+01
-----On 4/20 Initial Guess Perturbations
Iteration 200/1000-----
J=3.0e-02, Jf=9.6e-03, ⟨B·n⟩=2.3e-02, Len=sum([9.3, 6.9, 7.4])=23.6, ϰ=[11.2, 10.4, 10.8], ∫ϰ²/L=[28.0, 17.4, 21.2], C-C-Sep=0.19, ║∇J║=2.1e+01
-----On 4/20 Initial Guess Perturbations
Iteration 201/1000-----
J=2.5e+00, Jf=2.5e+00, ⟨B·n⟩=4.5e-02, Len=sum([9.3, 6.9, 7.4])=23.6, ϰ=[11.5, 10.9, 10.8], ∫ϰ²/L=[28.1, 17.5, 21.0], C-C-Sep=0.19, ║∇J║=1.0e+05
-----On 4/20 Initial Guess Perturbations
Iteration 202/1000-----
J=3.0e-02, Jf=9.6e-03, ⟨B·n⟩=2.3e-02, Len=sum([9.3, 6.9, 7.4])=23.6, ϰ=[11.2, 10.4, 10.8], ∫ϰ²/L=[28.0, 17.4, 21.2], C-C-Sep=0.19, ║∇J║=2.1e+01
-----On 4/20 Initial Guess Perturbations
Iteration 203/1000-----
J=3.0e-02, Jf=9.6e-03, ⟨B·n⟩=2.3e-02, Len=sum([9.3, 6.9, 7.4])=23.6, ϰ=[11.2, 10.4, 10.8], ∫ϰ²/L=[28.0, 17.4, 21.2], C-C-Sep=0.19, ║∇J║=2.1e+01
-----On 4/20 Initial Guess Perturbations
Iteration 204/1000-----
J=5.8e-02, Jf=3.8e-02, ⟨B·n⟩=2.5e-02, Len=sum([9.3, 6.9, 7.4])=23.6, ϰ=[11.3, 10.6, 10.8], ∫ϰ²/L=[28.1, 17.4, 21.1], C-C-Sep=0.19, ║∇J║=3.1e+03
-----On 4/20 Initial Guess Perturbations
Iteration 205/1000-----
J=3.0e-02, Jf=9.6e-03, ⟨B·n⟩=2.3e-02, Len=sum([9.3, 6.9, 7.4])=23.6, ϰ=[11.3, 10.4, 10.8], ∫ϰ²/L=[28.0, 17.4, 21.2], C-C-Sep=0.19, ║∇J║=1.8e+01
-----On 4/20 Initial Guess Perturbations
Iteration 206/1000-----
J=3.0e-02, Jf=9.6e-03, ⟨B·n⟩=2.3e-02, Len=sum([9.3, 6.9, 7.4])=23.6, ϰ=[11.2, 10.4, 10.8], ∫ϰ²/L=[28.0, 17.4, 21.2], C-C-Sep=0.19, ║∇J║=1.5e+01
-----On 4/20 Initial Guess Perturbations
Iteration 207/1000-----
J=3.8e-02, Jf=9.7e-03, ⟨B·n⟩=2.3e-02, Len=sum([9.3, 6.9, 7.5])=23.7, ϰ=[12.6, 13.2, 11.0], ∫ϰ²/L=[29.3, 20.1, 22.5], C-C-Sep=0.18, ║∇J║=2.1e+00
-----On 4/20 Initial Guess Perturbations
Iteration 208/1000-----
J=4.2e-02, Jf=2.2e-02, ⟨B·n⟩=2.5e-02, Len=sum([9.2, 6.9, 7.4])=23.6, ϰ=[11.3, 10.6, 10.8], ∫ϰ²/L=[28.0, 17.4, 21.1], C-C-Sep=0.19, ║∇J║=2.0e+03
-----On 4/20 Initial Guess Perturbations
Iteration 209/1000-----
J=3.0e-02, Jf=9.6e-03, ⟨B·n⟩=2.3e-02, Len=sum([9.3, 6.9, 7.4])=23.6, ϰ=[11.3, 10.4, 10.8], ∫ϰ²/L=[28.0, 17.4, 21.2], C-C-Sep=0.19, ║∇J║=1.8e+01
-----On 4/20 Initial Guess Perturbations
Iteration 210/1000-----
J=3.0e-02, Jf=9.6e-03, ⟨B·n⟩=2.3e-02, Len=sum([9.3, 6.9, 7.4])=23.6, ϰ=[11.2, 10.4, 10.8], ∫ϰ²/L=[28.0, 17.4, 21.2], C-C-Sep=0.19, ║∇J║=4.9e+00
-----On 4/20 Initial Guess Perturbations
Iteration 211/1000-----
J=3.0e-02, Jf=9.6e-03, ⟨B·n⟩=2.3e-02, Len=sum([9.3, 6.9, 7.4])=23.6, ϰ=[11.2, 10.2, 10.8], ∫ϰ²/L=[28.0, 17.4, 21.3], C-C-Sep=0.19, ║∇J║=1.7e+00
-----On 4/20 Initial Guess Perturbations
Iteration 212/1000-----
J=3.0e-02, Jf=9.6e-03, ⟨B·n⟩=2.3e-02, Len=sum([9.3, 6.9, 7.4])=23.6, ϰ=[11.2, 9.9, 10.9], ∫ϰ²/L=[28.0, 17.4, 21.3], C-C-Sep=0.19, ║∇J║=2.4e+00
-----On 4/20 Initial Guess Perturbations
Iteration 213/1000-----
J=3.0e-02, Jf=9.6e-03, ⟨B·n⟩=2.3e-02, Len=sum([9.3, 6.9, 7.4])=23.6, ϰ=[11.2, 9.8, 10.9], ∫ϰ²/L=[28.0, 17.4, 21.2], C-C-Sep=0.19, ║∇J║=7.2e+00
-----On 4/20 Initial Guess Perturbations
Iteration 214/1000-----
J=2.9e-02, Jf=9.6e-03, ⟨B·n⟩=2.3e-02, Len=sum([9.3, 6.9, 7.4])=23.6, ϰ=[11.1, 9.8, 11.0], ∫ϰ²/L=[28.0, 17.4, 21.1], C-C-Sep=0.19, ║∇J║=1.0e+00
-----On 4/20 Initial Guess Perturbations
Iteration 215/1000-----
J=2.9e-02, Jf=9.6e-03, ⟨B·n⟩=2.3e-02, Len=sum([9.2, 6.9, 7.4])=23.6, ϰ=[11.2, 9.8, 11.0], ∫ϰ²/L=[28.0, 17.3, 21.0], C-C-Sep=0.19, ║∇J║=6.5e-01
-----On 4/20 Initial Guess Perturbations
Iteration 216/1000-----
J=2.9e-02, Jf=9.5e-03, ⟨B·n⟩=2.3e-02, Len=sum([9.2, 6.9, 7.4])=23.6, ϰ=[11.2, 9.8, 11.0], ∫ϰ²/L=[28.0, 17.3, 20.9], C-C-Sep=0.19, ║∇J║=1.4e+00
-----On 4/20 Initial Guess Perturbations
Iteration 217/1000-----
J=2.9e-02, Jf=9.5e-03, ⟨B·n⟩=2.3e-02, Len=sum([9.2, 6.9, 7.4])=23.5, ϰ=[11.3, 9.8, 11.0], ∫ϰ²/L=[27.9, 17.3, 20.8], C-C-Sep=0.19, ║∇J║=1.4e+00
-----On 4/20 Initial Guess Perturbations
Iteration 218/1000-----
J=2.9e-02, Jf=9.4e-03, ⟨B·n⟩=2.3e-02, Len=sum([9.2, 6.9, 7.4])=23.5, ϰ=[11.2, 9.6, 10.9], ∫ϰ²/L=[27.9, 17.1, 20.5], C-C-Sep=0.19, ║∇J║=1.5e+00
-----On 4/20 Initial Guess Perturbations
Iteration 219/1000-----
J=2.9e-02, Jf=9.3e-03, ⟨B·n⟩=2.3e-02, Len=sum([9.2, 6.9, 7.4])=23.5, ϰ=[11.1, 9.3, 10.6], ∫ϰ²/L=[27.7, 17.0, 20.3], C-C-Sep=0.20, ║∇J║=1.4e+00
-----On 4/20 Initial Guess Perturbations
Iteration 220/1000-----
J=2.9e-02, Jf=9.1e-03, ⟨B·n⟩=2.2e-02, Len=sum([9.2, 6.9, 7.4])=23.5, ϰ=[11.0, 9.2, 10.2], ∫ϰ²/L=[27.6, 16.7, 20.0], C-C-Sep=0.19, ║∇J║=6.6e-01
-----On 4/20 Initial Guess Perturbations
Iteration 221/1000-----
J=2.9e-02, Jf=8.9e-03, ⟨B·n⟩=2.2e-02, Len=sum([9.1, 6.9, 7.5])=23.5, ϰ=[11.0, 9.3, 9.8], ∫ϰ²/L=[27.3, 16.6, 19.9], C-C-Sep=0.19, ║∇J║=2.5e-01
-----On 4/20 Initial Guess Perturbations
Iteration 222/1000-----
J=2.9e-02, Jf=8.8e-03, ⟨B·n⟩=2.2e-02, Len=sum([9.1, 6.9, 7.5])=23.5, ϰ=[11.1, 9.2, 9.6], ∫ϰ²/L=[27.4, 16.6, 19.8], C-C-Sep=0.19, ║∇J║=1.6e-01
-----On 4/20 Initial Guess Perturbations
Iteration 223/1000-----
J=2.9e-02, Jf=8.8e-03, ⟨B·n⟩=2.2e-02, Len=sum([9.1, 6.9, 7.5])=23.5, ϰ=[11.0, 9.2, 9.5], ∫ϰ²/L=[27.3, 16.6, 19.7], C-C-Sep=0.20, ║∇J║=2.9e-01
-----On 4/20 Initial Guess Perturbations
Iteration 224/1000-----
J=2.8e-02, Jf=8.7e-03, ⟨B·n⟩=2.2e-02, Len=sum([9.1, 6.9, 7.5])=23.5, ϰ=[11.1, 9.2, 9.4], ∫ϰ²/L=[27.3, 16.6, 19.7], C-C-Sep=0.20, ║∇J║=5.5e-01
-----On 4/20 Initial Guess Perturbations
Iteration 225/1000-----
J=2.8e-02, Jf=8.6e-03, ⟨B·n⟩=2.2e-02, Len=sum([9.1, 6.9, 7.5])=23.5, ϰ=[11.1, 9.2, 9.2], ∫ϰ²/L=[27.2, 16.5, 19.6], C-C-Sep=0.20, ║∇J║=1.6e+00
-----On 4/20 Initial Guess Perturbations
Iteration 226/1000-----
J=2.8e-02, Jf=8.5e-03, ⟨B·n⟩=2.2e-02, Len=sum([9.1, 6.9, 7.5])=23.5, ϰ=[11.2, 9.3, 9.0], ∫ϰ²/L=[27.1, 16.6, 19.6], C-C-Sep=0.20, ║∇J║=2.4e+00
-----On 4/20 Initial Guess Perturbations
Iteration 227/1000-----
J=2.8e-02, Jf=8.4e-03, ⟨B·n⟩=2.2e-02, Len=sum([9.1, 6.9, 7.5])=23.5, ϰ=[11.2, 9.3, 8.9], ∫ϰ²/L=[27.0, 16.6, 19.6], C-C-Sep=0.20, ║∇J║=2.2e+00
-----On 4/20 Initial Guess Perturbations
Iteration 228/1000-----
J=2.8e-02, Jf=8.4e-03, ⟨B·n⟩=2.2e-02, Len=sum([9.1, 6.9, 7.5])=23.5, ϰ=[11.2, 9.4, 8.8], ∫ϰ²/L=[27.0, 16.6, 19.6], C-C-Sep=0.20, ║∇J║=1.2e+00
-----On 4/20 Initial Guess Perturbations
Iteration 229/1000-----
J=2.8e-02, Jf=8.3e-03, ⟨B·n⟩=2.1e-02, Len=sum([9.1, 6.9, 7.5])=23.5, ϰ=[11.3, 9.4, 8.8], ∫ϰ²/L=[26.9, 16.6, 19.6], C-C-Sep=0.20, ║∇J║=2.8e-01
-----On 4/20 Initial Guess Perturbations
Iteration 230/1000-----
J=2.8e-02, Jf=8.3e-03, ⟨B·n⟩=2.1e-02, Len=sum([9.1, 6.9, 7.5])=23.5, ϰ=[11.3, 9.4, 8.8], ∫ϰ²/L=[26.9, 16.6, 19.7], C-C-Sep=0.20, ║∇J║=1.2e+00
-----On 4/20 Initial Guess Perturbations
Iteration 231/1000-----
J=2.8e-02, Jf=8.2e-03, ⟨B·n⟩=2.1e-02, Len=sum([9.1, 6.9, 7.6])=23.5, ϰ=[11.2, 9.5, 8.9], ∫ϰ²/L=[26.8, 16.6, 19.7], C-C-Sep=0.19, ║∇J║=6.7e-01
-----On 4/20 Initial Guess Perturbations
Iteration 232/1000-----
J=2.8e-02, Jf=8.2e-03, ⟨B·n⟩=2.1e-02, Len=sum([9.1, 6.9, 7.6])=23.5, ϰ=[11.2, 9.5, 8.8], ∫ϰ²/L=[26.8, 16.7, 19.7], C-C-Sep=0.19, ║∇J║=8.4e-01
-----On 4/20 Initial Guess Perturbations
Iteration 233/1000-----
J=2.8e-02, Jf=8.1e-03, ⟨B·n⟩=2.1e-02, Len=sum([9.1, 6.9, 7.6])=23.5, ϰ=[11.2, 9.6, 8.8], ∫ϰ²/L=[26.8, 16.7, 19.8], C-C-Sep=0.19, ║∇J║=7.8e-01
-----On 4/20 Initial Guess Perturbations
Iteration 234/1000-----
J=2.8e-02, Jf=8.0e-03, ⟨B·n⟩=2.1e-02, Len=sum([9.1, 6.9, 7.6])=23.6, ϰ=[11.1, 9.6, 8.6], ∫ϰ²/L=[26.7, 16.8, 19.9], C-C-Sep=0.19, ║∇J║=5.5e-01
-----On 4/20 Initial Guess Perturbations
Iteration 235/1000-----
J=2.8e-02, Jf=7.8e-03, ⟨B·n⟩=2.1e-02, Len=sum([9.1, 6.9, 7.6])=23.6, ϰ=[11.1, 9.5, 8.5], ∫ϰ²/L=[26.6, 16.9, 20.0], C-C-Sep=0.19, ║∇J║=1.7e-01
-----On 4/20 Initial Guess Perturbations
Iteration 236/1000-----
J=2.8e-02, Jf=7.7e-03, ⟨B·n⟩=2.1e-02, Len=sum([9.1, 6.9, 7.7])=23.6, ϰ=[11.1, 9.4, 8.5], ∫ϰ²/L=[26.6, 17.0, 20.2], C-C-Sep=0.19, ║∇J║=6.0e-01
-----On 4/20 Initial Guess Perturbations
Iteration 237/1000-----
J=2.8e-02, Jf=7.7e-03, ⟨B·n⟩=2.1e-02, Len=sum([9.1, 6.9, 7.7])=23.6, ϰ=[11.3, 9.3, 8.5], ∫ϰ²/L=[26.6, 17.0, 20.1], C-C-Sep=0.19, ║∇J║=8.0e-01
-----On 4/20 Initial Guess Perturbations
Iteration 238/1000-----
J=2.8e-02, Jf=7.7e-03, ⟨B·n⟩=2.1e-02, Len=sum([9.1, 6.9, 7.7])=23.6, ϰ=[11.3, 9.3, 8.5], ∫ϰ²/L=[26.6, 17.0, 20.2], C-C-Sep=0.19, ║∇J║=6.3e-01
-----On 4/20 Initial Guess Perturbations
Iteration 239/1000-----
J=2.7e-02, Jf=7.6e-03, ⟨B·n⟩=2.0e-02, Len=sum([9.1, 6.8, 7.7])=23.6, ϰ=[11.4, 9.5, 8.5], ∫ϰ²/L=[26.5, 17.0, 20.2], C-C-Sep=0.20, ║∇J║=3.1e-01
-----On 4/20 Initial Guess Perturbations
Iteration 240/1000-----
J=2.7e-02, Jf=7.6e-03, ⟨B·n⟩=2.0e-02, Len=sum([9.1, 6.8, 7.7])=23.6, ϰ=[11.4, 9.5, 8.5], ∫ϰ²/L=[26.5, 17.0, 20.3], C-C-Sep=0.20, ║∇J║=1.9e-01
-----On 4/20 Initial Guess Perturbations
Iteration 241/1000-----
J=2.7e-02, Jf=7.5e-03, ⟨B·n⟩=2.0e-02, Len=sum([9.1, 6.8, 7.7])=23.6, ϰ=[11.4, 9.5, 8.4], ∫ϰ²/L=[26.4, 17.0, 20.3], C-C-Sep=0.20, ║∇J║=1.4e-01
-----On 4/20 Initial Guess Perturbations
Iteration 242/1000-----
J=2.7e-02, Jf=7.4e-03, ⟨B·n⟩=2.0e-02, Len=sum([9.0, 6.8, 7.7])=23.6, ϰ=[11.4, 9.5, 8.3], ∫ϰ²/L=[26.4, 17.1, 20.4], C-C-Sep=0.20, ║∇J║=4.4e-01
-----On 4/20 Initial Guess Perturbations
Iteration 243/1000-----
J=2.7e-02, Jf=7.3e-03, ⟨B·n⟩=2.0e-02, Len=sum([9.0, 6.8, 7.7])=23.6, ϰ=[11.4, 9.5, 8.2], ∫ϰ²/L=[26.3, 17.0, 20.3], C-C-Sep=0.20, ║∇J║=9.2e-01
-----On 4/20 Initial Guess Perturbations
Iteration 244/1000-----
J=2.7e-02, Jf=7.3e-03, ⟨B·n⟩=2.0e-02, Len=sum([9.0, 6.8, 7.8])=23.6, ϰ=[11.4, 9.5, 8.1], ∫ϰ²/L=[26.2, 17.0, 20.2], C-C-Sep=0.20, ║∇J║=1.0e+00
-----On 4/20 Initial Guess Perturbations
Iteration 245/1000-----
J=2.7e-02, Jf=7.2e-03, ⟨B·n⟩=2.0e-02, Len=sum([9.0, 6.8, 7.8])=23.6, ϰ=[11.3, 9.5, 8.1], ∫ϰ²/L=[26.1, 17.0, 20.1], C-C-Sep=0.20, ║∇J║=6.6e-01
-----On 4/20 Initial Guess Perturbations
Iteration 246/1000-----
J=2.7e-02, Jf=7.1e-03, ⟨B·n⟩=2.0e-02, Len=sum([9.0, 6.8, 7.8])=23.6, ϰ=[11.1, 9.4, 8.1], ∫ϰ²/L=[26.1, 16.9, 19.8], C-C-Sep=0.20, ║∇J║=1.5e-01
-----On 4/20 Initial Guess Perturbations
Iteration 247/1000-----
J=2.7e-02, Jf=7.0e-03, ⟨B·n⟩=1.9e-02, Len=sum([9.0, 6.8, 7.8])=23.6, ϰ=[11.1, 9.3, 8.0], ∫ϰ²/L=[26.0, 16.9, 19.7], C-C-Sep=0.20, ║∇J║=1.6e-01
-----On 4/20 Initial Guess Perturbations
Iteration 248/1000-----
J=2.7e-02, Jf=6.9e-03, ⟨B·n⟩=1.9e-02, Len=sum([9.0, 6.8, 7.8])=23.6, ϰ=[11.1, 9.3, 7.9], ∫ϰ²/L=[25.9, 16.8, 19.4], C-C-Sep=0.20, ║∇J║=2.0e-01
-----On 4/20 Initial Guess Perturbations
Iteration 249/1000-----
J=2.6e-02, Jf=6.8e-03, ⟨B·n⟩=1.9e-02, Len=sum([8.9, 6.8, 7.8])=23.6, ϰ=[11.3, 9.4, 7.6], ∫ϰ²/L=[25.7, 16.7, 18.9], C-C-Sep=0.20, ║∇J║=1.6e-01
-----On 4/20 Initial Guess Perturbations
Iteration 250/1000-----
J=2.6e-02, Jf=6.7e-03, ⟨B·n⟩=1.9e-02, Len=sum([8.9, 6.8, 7.9])=23.6, ϰ=[11.5, 9.5, 7.5], ∫ϰ²/L=[25.7, 16.7, 18.7], C-C-Sep=0.20, ║∇J║=1.6e-01
-----On 4/20 Initial Guess Perturbations
Iteration 251/1000-----
J=2.6e-02, Jf=6.6e-03, ⟨B·n⟩=1.9e-02, Len=sum([8.9, 6.8, 7.9])=23.6, ϰ=[11.6, 9.6, 7.4], ∫ϰ²/L=[25.6, 16.6, 18.4], C-C-Sep=0.20, ║∇J║=1.1e+00
-----On 4/20 Initial Guess Perturbations
Iteration 252/1000-----
J=2.6e-02, Jf=6.5e-03, ⟨B·n⟩=1.9e-02, Len=sum([8.9, 6.8, 7.9])=23.6, ϰ=[11.6, 9.7, 7.4], ∫ϰ²/L=[25.6, 16.5, 18.1], C-C-Sep=0.20, ║∇J║=7.1e+00
-----On 4/20 Initial Guess Perturbations
Iteration 253/1000-----
J=2.7e-02, Jf=6.7e-03, ⟨B·n⟩=1.9e-02, Len=sum([8.9, 6.8, 7.9])=23.6, ϰ=[11.6, 9.7, 7.5], ∫ϰ²/L=[25.5, 16.3, 17.6], C-C-Sep=0.19, ║∇J║=3.8e+01
-----On 4/20 Initial Guess Perturbations
Iteration 254/1000-----
J=2.6e-02, Jf=6.5e-03, ⟨B·n⟩=1.9e-02, Len=sum([8.9, 6.8, 7.9])=23.6, ϰ=[11.6, 9.7, 7.4], ∫ϰ²/L=[25.5, 16.4, 18.0], C-C-Sep=0.20, ║∇J║=1.8e+00
-----On 4/20 Initial Guess Perturbations
Iteration 255/1000-----
J=2.6e-02, Jf=6.5e-03, ⟨B·n⟩=1.9e-02, Len=sum([8.9, 6.8, 7.9])=23.6, ϰ=[11.5, 9.6, 7.3], ∫ϰ²/L=[25.5, 16.5, 18.0], C-C-Sep=0.20, ║∇J║=1.6e-01
-----On 4/20 Initial Guess Perturbations
Iteration 256/1000-----
J=2.6e-02, Jf=6.5e-03, ⟨B·n⟩=1.9e-02, Len=sum([8.9, 6.8, 7.9])=23.6, ϰ=[11.5, 9.6, 7.4], ∫ϰ²/L=[25.5, 16.3, 17.8], C-C-Sep=0.20, ║∇J║=6.9e-01
-----On 4/20 Initial Guess Perturbations
Iteration 257/1000-----
J=2.6e-02, Jf=6.5e-03, ⟨B·n⟩=1.9e-02, Len=sum([8.9, 6.8, 7.9])=23.6, ϰ=[11.5, 9.6, 7.3], ∫ϰ²/L=[25.5, 16.4, 17.9], C-C-Sep=0.20, ║∇J║=2.6e-01
-----On 4/20 Initial Guess Perturbations
Iteration 258/1000-----
J=2.6e-02, Jf=6.5e-03, ⟨B·n⟩=1.9e-02, Len=sum([8.9, 6.8, 7.9])=23.6, ϰ=[11.5, 9.6, 7.4], ∫ϰ²/L=[25.5, 16.4, 17.9], C-C-Sep=0.20, ║∇J║=1.8e-01
-----On 4/20 Initial Guess Perturbations
Iteration 259/1000-----
J=2.6e-02, Jf=6.5e-03, ⟨B·n⟩=1.9e-02, Len=sum([8.9, 6.8, 7.9])=23.6, ϰ=[11.6, 9.6, 7.4], ∫ϰ²/L=[25.5, 16.5, 17.8], C-C-Sep=0.20, ║∇J║=2.9e-01
-----On 4/20 Initial Guess Perturbations
Iteration 260/1000-----
J=2.6e-02, Jf=6.4e-03, ⟨B·n⟩=1.9e-02, Len=sum([8.9, 6.8, 7.9])=23.6, ϰ=[11.7, 9.7, 7.5], ∫ϰ²/L=[25.5, 16.4, 17.7], C-C-Sep=0.20, ║∇J║=1.6e-01
-----On 4/20 Initial Guess Perturbations
Iteration 261/1000-----
J=2.6e-02, Jf=6.4e-03, ⟨B·n⟩=1.9e-02, Len=sum([8.9, 6.8, 7.9])=23.6, ϰ=[11.7, 9.8, 7.6], ∫ϰ²/L=[25.6, 16.4, 17.5], C-C-Sep=0.20, ║∇J║=1.4e+00
-----On 4/20 Initial Guess Perturbations
Iteration 262/1000-----
J=2.6e-02, Jf=6.4e-03, ⟨B·n⟩=1.8e-02, Len=sum([8.9, 6.8, 7.9])=23.6, ϰ=[11.6, 9.8, 7.6], ∫ϰ²/L=[25.6, 16.3, 17.4], C-C-Sep=0.20, ║∇J║=1.7e+00
-----On 4/20 Initial Guess Perturbations
Iteration 263/1000-----
J=2.6e-02, Jf=6.5e-03, ⟨B·n⟩=1.9e-02, Len=sum([8.9, 6.8, 7.9])=23.6, ϰ=[11.6, 9.9, 7.6], ∫ϰ²/L=[25.7, 16.3, 17.2], C-C-Sep=0.20, ║∇J║=1.1e+02
-----On 4/20 Initial Guess Perturbations
Iteration 264/1000-----
J=2.6e-02, Jf=6.4e-03, ⟨B·n⟩=1.8e-02, Len=sum([8.9, 6.8, 7.9])=23.6, ϰ=[11.6, 9.8, 7.6], ∫ϰ²/L=[25.6, 16.3, 17.3], C-C-Sep=0.20, ║∇J║=6.3e+00
-----On 4/20 Initial Guess Perturbations
Iteration 265/1000-----
J=2.6e-02, Jf=6.3e-03, ⟨B·n⟩=1.8e-02, Len=sum([8.9, 6.8, 7.9])=23.6, ϰ=[11.7, 9.9, 7.6], ∫ϰ²/L=[25.7, 16.2, 17.2], C-C-Sep=0.20, ║∇J║=2.2e+01
-----On 4/20 Initial Guess Perturbations
Iteration 266/1000-----
J=2.6e-02, Jf=6.3e-03, ⟨B·n⟩=1.8e-02, Len=sum([8.9, 6.8, 7.9])=23.6, ϰ=[11.6, 9.8, 7.5], ∫ϰ²/L=[25.7, 16.2, 17.3], C-C-Sep=0.20, ║∇J║=4.4e+00
-----On 4/20 Initial Guess Perturbations
Iteration 267/1000-----
J=2.6e-02, Jf=6.3e-03, ⟨B·n⟩=1.8e-02, Len=sum([8.9, 6.8, 7.9])=23.6, ϰ=[11.6, 9.8, 7.5], ∫ϰ²/L=[25.7, 16.2, 17.3], C-C-Sep=0.20, ║∇J║=2.7e+00
-----On 4/20 Initial Guess Perturbations
Iteration 268/1000-----
J=2.6e-02, Jf=6.3e-03, ⟨B·n⟩=1.8e-02, Len=sum([8.9, 6.8, 7.9])=23.6, ϰ=[11.6, 9.8, 7.5], ∫ϰ²/L=[25.7, 16.2, 17.2], C-C-Sep=0.20, ║∇J║=1.5e+00
-----On 4/20 Initial Guess Perturbations
Iteration 269/1000-----
J=2.6e-02, Jf=6.3e-03, ⟨B·n⟩=1.8e-02, Len=sum([8.9, 6.8, 7.9])=23.6, ϰ=[11.6, 9.8, 7.4], ∫ϰ²/L=[25.7, 16.1, 17.2], C-C-Sep=0.20, ║∇J║=5.8e-01
-----On 4/20 Initial Guess Perturbations
Iteration 270/1000-----
J=2.6e-02, Jf=6.3e-03, ⟨B·n⟩=1.8e-02, Len=sum([8.9, 6.8, 7.9])=23.6, ϰ=[11.6, 9.9, 7.5], ∫ϰ²/L=[25.7, 16.1, 17.1], C-C-Sep=0.20, ║∇J║=1.4e-01
-----On 4/20 Initial Guess Perturbations
Iteration 271/1000-----
J=2.6e-02, Jf=6.3e-03, ⟨B·n⟩=1.8e-02, Len=sum([8.9, 6.8, 7.9])=23.6, ϰ=[11.6, 9.9, 7.5], ∫ϰ²/L=[25.7, 16.1, 17.0], C-C-Sep=0.20, ║∇J║=2.1e-01
-----On 4/20 Initial Guess Perturbations
Iteration 272/1000-----
J=2.6e-02, Jf=6.3e-03, ⟨B·n⟩=1.8e-02, Len=sum([8.9, 6.8, 7.9])=23.6, ϰ=[11.6, 10.0, 7.5], ∫ϰ²/L=[25.7, 16.1, 17.0], C-C-Sep=0.20, ║∇J║=2.3e-01
-----On 4/20 Initial Guess Perturbations
Iteration 273/1000-----
J=2.6e-02, Jf=6.2e-03, ⟨B·n⟩=1.8e-02, Len=sum([8.9, 6.8, 7.9])=23.6, ϰ=[11.6, 10.2, 7.6], ∫ϰ²/L=[25.7, 16.1, 16.8], C-C-Sep=0.20, ║∇J║=1.5e-01
-----On 4/20 Initial Guess Perturbations
Iteration 274/1000-----
J=2.6e-02, Jf=6.1e-03, ⟨B·n⟩=1.8e-02, Len=sum([8.9, 6.8, 7.9])=23.6, ϰ=[11.7, 10.5, 7.7], ∫ϰ²/L=[25.7, 15.9, 16.5], C-C-Sep=0.20, ║∇J║=1.5e-01
-----On 4/20 Initial Guess Perturbations
Iteration 275/1000-----
J=2.6e-02, Jf=6.0e-03, ⟨B·n⟩=1.8e-02, Len=sum([8.9, 6.8, 8.0])=23.6, ϰ=[11.9, 10.5, 7.7], ∫ϰ²/L=[25.8, 16.0, 16.4], C-C-Sep=0.19, ║∇J║=2.3e-01
-----On 4/20 Initial Guess Perturbations
Iteration 276/1000-----
J=2.6e-02, Jf=5.9e-03, ⟨B·n⟩=1.8e-02, Len=sum([8.8, 6.7, 8.0])=23.5, ϰ=[12.1, 10.3, 7.8], ∫ϰ²/L=[25.8, 15.8, 16.1], C-C-Sep=0.19, ║∇J║=1.6e-01
-----On 4/20 Initial Guess Perturbations
Iteration 277/1000-----
J=2.5e-02, Jf=5.9e-03, ⟨B·n⟩=1.8e-02, Len=sum([8.8, 6.7, 8.0])=23.5, ϰ=[12.0, 10.0, 7.6], ∫ϰ²/L=[25.8, 15.7, 15.9], C-C-Sep=0.20, ║∇J║=1.1e-01
-----On 4/20 Initial Guess Perturbations
Iteration 278/1000-----
J=2.5e-02, Jf=5.7e-03, ⟨B·n⟩=1.7e-02, Len=sum([8.8, 6.7, 8.0])=23.5, ϰ=[12.5, 9.5, 7.3], ∫ϰ²/L=[25.9, 15.6, 15.7], C-C-Sep=0.20, ║∇J║=1.1e-01
-----On 4/20 Initial Guess Perturbations
Iteration 279/1000-----
J=2.5e-02, Jf=5.5e-03, ⟨B·n⟩=1.7e-02, Len=sum([8.8, 6.7, 8.0])=23.5, ϰ=[12.5, 9.4, 7.4], ∫ϰ²/L=[25.8, 15.6, 15.5], C-C-Sep=0.19, ║∇J║=1.4e-01
-----On 4/20 Initial Guess Perturbations
Iteration 280/1000-----
J=2.5e-02, Jf=5.4e-03, ⟨B·n⟩=1.7e-02, Len=sum([8.7, 6.7, 8.1])=23.5, ϰ=[13.0, 9.2, 7.5], ∫ϰ²/L=[26.0, 15.4, 15.5], C-C-Sep=0.20, ║∇J║=1.4e-01
-----On 4/20 Initial Guess Perturbations
Iteration 281/1000-----
J=2.5e-02, Jf=5.4e-03, ⟨B·n⟩=1.7e-02, Len=sum([8.7, 6.7, 8.0])=23.4, ϰ=[12.9, 9.3, 7.3], ∫ϰ²/L=[25.9, 14.9, 15.2], C-C-Sep=0.19, ║∇J║=2.4e-01
-----On 4/20 Initial Guess Perturbations
Iteration 282/1000-----
J=2.5e-02, Jf=5.3e-03, ⟨B·n⟩=1.7e-02, Len=sum([8.7, 6.7, 8.0])=23.5, ϰ=[12.8, 9.9, 7.1], ∫ϰ²/L=[25.9, 14.8, 15.1], C-C-Sep=0.20, ║∇J║=1.7e-01
-----On 4/20 Initial Guess Perturbations
Iteration 283/1000-----
J=2.5e-02, Jf=5.3e-03, ⟨B·n⟩=1.7e-02, Len=sum([8.7, 6.7, 8.1])=23.5, ϰ=[12.6, 9.5, 7.2], ∫ϰ²/L=[25.8, 14.8, 15.2], C-C-Sep=0.20, ║∇J║=9.0e-02
-----On 4/20 Initial Guess Perturbations
Iteration 284/1000-----
J=2.5e-02, Jf=5.3e-03, ⟨B·n⟩=1.7e-02, Len=sum([8.7, 6.7, 8.1])=23.4, ϰ=[12.7, 9.4, 7.2], ∫ϰ²/L=[25.8, 14.6, 15.2], C-C-Sep=0.20, ║∇J║=8.8e-02
-----On 4/20 Initial Guess Perturbations
Iteration 285/1000-----
J=2.5e-02, Jf=5.1e-03, ⟨B·n⟩=1.7e-02, Len=sum([8.7, 6.6, 8.1])=23.4, ϰ=[12.7, 9.0, 7.3], ∫ϰ²/L=[25.7, 14.2, 15.2], C-C-Sep=0.19, ║∇J║=1.7e-01
-----On 4/20 Initial Guess Perturbations
Iteration 286/1000-----
J=2.4e-02, Jf=5.1e-03, ⟨B·n⟩=1.7e-02, Len=sum([8.6, 6.6, 8.1])=23.4, ϰ=[12.9, 8.9, 7.4], ∫ϰ²/L=[25.5, 14.0, 15.2], C-C-Sep=0.19, ║∇J║=1.7e-01
-----On 4/20 Initial Guess Perturbations
Iteration 287/1000-----
J=2.4e-02, Jf=5.1e-03, ⟨B·n⟩=1.7e-02, Len=sum([8.6, 6.6, 8.1])=23.4, ϰ=[12.7, 8.9, 7.2], ∫ϰ²/L=[25.5, 13.9, 15.1], C-C-Sep=0.20, ║∇J║=1.4e-01
-----On 4/20 Initial Guess Perturbations
Iteration 288/1000-----
J=2.4e-02, Jf=5.0e-03, ⟨B·n⟩=1.6e-02, Len=sum([8.6, 6.6, 8.1])=23.4, ϰ=[12.4, 8.9, 7.1], ∫ϰ²/L=[25.3, 13.8, 15.1], C-C-Sep=0.20, ║∇J║=1.4e-01
-----On 4/20 Initial Guess Perturbations
Iteration 289/1000-----
J=2.4e-02, Jf=4.9e-03, ⟨B·n⟩=1.6e-02, Len=sum([8.6, 6.6, 8.2])=23.4, ϰ=[12.4, 8.8, 7.0], ∫ϰ²/L=[25.1, 13.9, 15.4], C-C-Sep=0.19, ║∇J║=1.7e-01
-----On 4/20 Initial Guess Perturbations
Iteration 290/1000-----
J=2.4e-02, Jf=4.8e-03, ⟨B·n⟩=1.6e-02, Len=sum([8.6, 6.6, 8.2])=23.3, ϰ=[11.6, 8.7, 7.1], ∫ϰ²/L=[24.5, 13.8, 15.4], C-C-Sep=0.19, ║∇J║=2.9e-01
-----On 4/20 Initial Guess Perturbations
Iteration 291/1000-----
J=2.4e-02, Jf=4.9e-03, ⟨B·n⟩=1.6e-02, Len=sum([8.6, 6.6, 8.2])=23.3, ϰ=[12.0, 8.8, 7.0], ∫ϰ²/L=[24.8, 13.8, 15.4], C-C-Sep=0.19, ║∇J║=1.8e-01
-----On 4/20 Initial Guess Perturbations
Iteration 292/1000-----
J=2.4e-02, Jf=4.8e-03, ⟨B·n⟩=1.6e-02, Len=sum([8.6, 6.6, 8.2])=23.3, ϰ=[11.7, 8.9, 7.1], ∫ϰ²/L=[24.5, 13.6, 15.5], C-C-Sep=0.20, ║∇J║=1.7e-01
-----On 4/20 Initial Guess Perturbations
Iteration 293/1000-----
J=2.4e-02, Jf=4.7e-03, ⟨B·n⟩=1.6e-02, Len=sum([8.5, 6.5, 8.2])=23.2, ϰ=[11.6, 8.9, 7.5], ∫ϰ²/L=[24.3, 13.5, 15.6], C-C-Sep=0.19, ║∇J║=1.3e-01
-----On 4/20 Initial Guess Perturbations
Iteration 294/1000-----
J=2.4e-02, Jf=4.6e-03, ⟨B·n⟩=1.6e-02, Len=sum([8.5, 6.5, 8.2])=23.2, ϰ=[11.6, 8.9, 7.7], ∫ϰ²/L=[24.0, 13.4, 15.7], C-C-Sep=0.19, ║∇J║=1.0e-01
-----On 4/20 Initial Guess Perturbations
Iteration 295/1000-----
J=2.4e-02, Jf=4.6e-03, ⟨B·n⟩=1.6e-02, Len=sum([8.5, 6.5, 8.2])=23.2, ϰ=[11.2, 8.9, 7.8], ∫ϰ²/L=[23.6, 13.3, 15.7], C-C-Sep=0.19, ║∇J║=9.0e-02
-----On 4/20 Initial Guess Perturbations
Iteration 296/1000-----
J=2.4e-02, Jf=4.4e-03, ⟨B·n⟩=1.5e-02, Len=sum([8.5, 6.5, 8.2])=23.2, ϰ=[11.2, 9.0, 7.7], ∫ϰ²/L=[23.5, 13.5, 16.0], C-C-Sep=0.19, ║∇J║=1.3e-01
-----On 4/20 Initial Guess Perturbations
Iteration 297/1000-----
J=2.3e-02, Jf=4.4e-03, ⟨B·n⟩=1.6e-02, Len=sum([8.5, 6.5, 8.2])=23.2, ϰ=[11.4, 9.0, 7.6], ∫ϰ²/L=[23.4, 13.1, 15.6], C-C-Sep=0.19, ║∇J║=1.0e-01
-----On 4/20 Initial Guess Perturbations
Iteration 298/1000-----
J=2.3e-02, Jf=4.4e-03, ⟨B·n⟩=1.5e-02, Len=sum([8.5, 6.5, 8.2])=23.2, ϰ=[11.2, 9.2, 7.6], ∫ϰ²/L=[23.6, 13.3, 15.8], C-C-Sep=0.19, ║∇J║=9.8e-02
-----On 4/20 Initial Guess Perturbations
Iteration 299/1000-----
J=2.3e-02, Jf=4.3e-03, ⟨B·n⟩=1.5e-02, Len=sum([8.5, 6.5, 8.2])=23.1, ϰ=[11.3, 9.3, 7.6], ∫ϰ²/L=[23.6, 13.4, 15.8], C-C-Sep=0.19, ║∇J║=8.9e-02
-----On 4/20 Initial Guess Perturbations
Iteration 300/1000-----
J=2.3e-02, Jf=4.1e-03, ⟨B·n⟩=1.5e-02, Len=sum([8.5, 6.4, 8.2])=23.1, ϰ=[11.5, 9.3, 7.6], ∫ϰ²/L=[23.8, 13.6, 16.0], C-C-Sep=0.19, ║∇J║=1.1e-01
-----On 4/20 Initial Guess Perturbations
Iteration 301/1000-----
J=2.3e-02, Jf=4.0e-03, ⟨B·n⟩=1.5e-02, Len=sum([8.4, 6.4, 8.2])=23.1, ϰ=[11.6, 9.0, 7.8], ∫ϰ²/L=[23.8, 13.2, 15.6], C-C-Sep=0.19, ║∇J║=1.6e-01
-----On 4/20 Initial Guess Perturbations
Iteration 302/1000-----
J=2.3e-02, Jf=4.0e-03, ⟨B·n⟩=1.5e-02, Len=sum([8.4, 6.4, 8.2])=23.0, ϰ=[11.6, 8.8, 7.9], ∫ϰ²/L=[23.9, 12.9, 15.3], C-C-Sep=0.20, ║∇J║=1.3e-01
-----On 4/20 Initial Guess Perturbations
Iteration 303/1000-----
J=2.3e-02, Jf=3.8e-03, ⟨B·n⟩=1.4e-02, Len=sum([8.4, 6.4, 8.2])=23.0, ϰ=[11.8, 8.8, 8.3], ∫ϰ²/L=[24.1, 13.2, 15.7], C-C-Sep=0.19, ║∇J║=1.2e-01
-----On 4/20 Initial Guess Perturbations
Iteration 304/1000-----
J=2.3e-02, Jf=3.8e-03, ⟨B·n⟩=1.4e-02, Len=sum([8.4, 6.4, 8.2])=23.0, ϰ=[11.8, 8.8, 8.4], ∫ϰ²/L=[23.7, 12.6, 15.1], C-C-Sep=0.19, ║∇J║=1.3e-01
-----On 4/20 Initial Guess Perturbations
Iteration 305/1000-----
J=2.3e-02, Jf=3.8e-03, ⟨B·n⟩=1.4e-02, Len=sum([8.4, 6.4, 8.2])=23.0, ϰ=[11.8, 9.0, 8.2], ∫ϰ²/L=[23.7, 12.4, 14.8], C-C-Sep=0.19, ║∇J║=9.3e-02
-----On 4/20 Initial Guess Perturbations
Iteration 306/1000-----
J=2.2e-02, Jf=3.6e-03, ⟨B·n⟩=1.4e-02, Len=sum([8.4, 6.3, 8.2])=22.9, ϰ=[11.6, 9.3, 8.1], ∫ϰ²/L=[23.8, 12.4, 14.7], C-C-Sep=0.19, ║∇J║=1.1e-01
-----On 4/20 Initial Guess Perturbations
Iteration 307/1000-----
J=2.2e-02, Jf=3.5e-03, ⟨B·n⟩=1.4e-02, Len=sum([8.4, 6.3, 8.2])=22.9, ϰ=[11.8, 9.3, 8.0], ∫ϰ²/L=[24.0, 12.3, 14.6], C-C-Sep=0.19, ║∇J║=1.6e-01
-----On 4/20 Initial Guess Perturbations
Iteration 308/1000-----
J=2.2e-02, Jf=3.6e-03, ⟨B·n⟩=1.4e-02, Len=sum([8.3, 6.3, 8.1])=22.7, ϰ=[11.9, 9.4, 7.5], ∫ϰ²/L=[23.5, 11.6, 13.9], C-C-Sep=0.19, ║∇J║=2.0e-01
-----On 4/20 Initial Guess Perturbations
Iteration 309/1000-----
J=2.2e-02, Jf=3.6e-03, ⟨B·n⟩=1.4e-02, Len=sum([8.4, 6.3, 8.2])=22.8, ϰ=[11.8, 9.3, 7.8], ∫ϰ²/L=[23.8, 12.0, 14.2], C-C-Sep=0.20, ║∇J║=1.2e-01
-----On 4/20 Initial Guess Perturbations
Iteration 310/1000-----
J=2.2e-02, Jf=3.5e-03, ⟨B·n⟩=1.4e-02, Len=sum([8.4, 6.3, 8.2])=22.8, ϰ=[11.5, 9.1, 7.8], ∫ϰ²/L=[23.6, 11.9, 14.1], C-C-Sep=0.20, ║∇J║=9.2e-02
-----On 4/20 Initial Guess Perturbations
Iteration 311/1000-----
J=2.2e-02, Jf=3.5e-03, ⟨B·n⟩=1.4e-02, Len=sum([8.3, 6.3, 8.1])=22.7, ϰ=[11.7, 8.8, 7.9], ∫ϰ²/L=[23.7, 11.8, 14.0], C-C-Sep=0.20, ║∇J║=9.8e-02
-----On 4/20 Initial Guess Perturbations
Iteration 312/1000-----
J=2.2e-02, Jf=3.4e-03, ⟨B·n⟩=1.4e-02, Len=sum([8.3, 6.3, 8.1])=22.7, ϰ=[11.7, 8.8, 7.9], ∫ϰ²/L=[23.5, 11.7, 13.8], C-C-Sep=0.19, ║∇J║=1.0e-01
-----On 4/20 Initial Guess Perturbations
Iteration 313/1000-----
J=2.2e-02, Jf=3.3e-03, ⟨B·n⟩=1.4e-02, Len=sum([8.3, 6.2, 8.1])=22.6, ϰ=[11.7, 8.7, 7.8], ∫ϰ²/L=[23.2, 11.7, 13.6], C-C-Sep=0.19, ║∇J║=1.0e-01
-----On 4/20 Initial Guess Perturbations
Iteration 314/1000-----
J=2.2e-02, Jf=3.1e-03, ⟨B·n⟩=1.3e-02, Len=sum([8.3, 6.2, 8.0])=22.5, ϰ=[11.6, 8.6, 7.9], ∫ϰ²/L=[22.7, 11.7, 13.5], C-C-Sep=0.20, ║∇J║=1.4e-01
-----On 4/20 Initial Guess Perturbations
Iteration 315/1000-----
J=2.1e-02, Jf=3.1e-03, ⟨B·n⟩=1.3e-02, Len=sum([8.3, 6.2, 8.0])=22.5, ϰ=[11.4, 8.9, 7.7], ∫ϰ²/L=[22.3, 11.4, 13.2], C-C-Sep=0.20, ║∇J║=1.1e-01
-----On 4/20 Initial Guess Perturbations
Iteration 316/1000-----
J=2.1e-02, Jf=3.0e-03, ⟨B·n⟩=1.3e-02, Len=sum([8.2, 6.2, 8.0])=22.4, ϰ=[11.5, 9.0, 7.6], ∫ϰ²/L=[22.0, 11.2, 13.0], C-C-Sep=0.20, ║∇J║=9.2e-02
-----On 4/20 Initial Guess Perturbations
Iteration 317/1000-----
J=2.1e-02, Jf=2.9e-03, ⟨B·n⟩=1.3e-02, Len=sum([8.2, 6.1, 8.0])=22.3, ϰ=[11.4, 9.0, 7.5], ∫ϰ²/L=[21.6, 11.5, 13.0], C-C-Sep=0.18, ║∇J║=2.5e-01
-----On 4/20 Initial Guess Perturbations
Iteration 318/1000-----
J=2.1e-02, Jf=3.0e-03, ⟨B·n⟩=1.3e-02, Len=sum([8.2, 6.2, 8.0])=22.4, ϰ=[11.5, 9.0, 7.6], ∫ϰ²/L=[21.8, 11.2, 12.9], C-C-Sep=0.19, ║∇J║=1.0e-01
-----On 4/20 Initial Guess Perturbations
Iteration 319/1000-----
J=2.1e-02, Jf=2.9e-03, ⟨B·n⟩=1.3e-02, Len=sum([8.1, 6.1, 7.9])=22.2, ϰ=[11.6, 8.7, 7.5], ∫ϰ²/L=[20.9, 11.1, 12.8], C-C-Sep=0.19, ║∇J║=2.8e-01
-----On 4/20 Initial Guess Perturbations
Iteration 320/1000-----
J=2.1e-02, Jf=2.9e-03, ⟨B·n⟩=1.3e-02, Len=sum([8.2, 6.1, 8.0])=22.3, ϰ=[11.5, 8.9, 7.4], ∫ϰ²/L=[21.2, 10.8, 12.6], C-C-Sep=0.20, ║∇J║=1.2e-01
-----On 4/20 Initial Guess Perturbations
Iteration 321/1000-----
J=2.1e-02, Jf=2.8e-03, ⟨B·n⟩=1.3e-02, Len=sum([8.2, 6.1, 7.9])=22.2, ϰ=[11.5, 8.5, 7.5], ∫ϰ²/L=[21.1, 11.2, 12.8], C-C-Sep=0.19, ║∇J║=3.6e-01
-----On 4/20 Initial Guess Perturbations
Iteration 322/1000-----
J=2.1e-02, Jf=2.9e-03, ⟨B·n⟩=1.3e-02, Len=sum([8.2, 6.1, 8.0])=22.2, ϰ=[11.5, 8.7, 7.4], ∫ϰ²/L=[21.1, 10.9, 12.6], C-C-Sep=0.19, ║∇J║=1.1e-01
-----On 4/20 Initial Guess Perturbations
Iteration 323/1000-----
J=2.1e-02, Jf=2.8e-03, ⟨B·n⟩=1.3e-02, Len=sum([8.2, 6.1, 7.9])=22.2, ϰ=[11.5, 8.5, 7.5], ∫ϰ²/L=[20.9, 10.8, 12.6], C-C-Sep=0.20, ║∇J║=9.3e-02
-----On 4/20 Initial Guess Perturbations
Iteration 324/1000-----
J=2.1e-02, Jf=2.8e-03, ⟨B·n⟩=1.3e-02, Len=sum([8.1, 6.1, 7.9])=22.1, ϰ=[11.5, 8.5, 7.6], ∫ϰ²/L=[20.7, 10.5, 12.5], C-C-Sep=0.20, ║∇J║=1.0e-01
-----On 4/20 Initial Guess Perturbations
Iteration 325/1000-----
J=2.1e-02, Jf=2.8e-03, ⟨B·n⟩=1.3e-02, Len=sum([8.1, 6.1, 7.9])=22.0, ϰ=[11.3, 8.4, 7.5], ∫ϰ²/L=[20.5, 10.5, 12.5], C-C-Sep=0.20, ║∇J║=1.1e-01
-----On 4/20 Initial Guess Perturbations
Iteration 326/1000-----
J=2.1e-02, Jf=2.7e-03, ⟨B·n⟩=1.3e-02, Len=sum([8.1, 6.0, 7.8])=21.9, ϰ=[11.4, 8.2, 7.5], ∫ϰ²/L=[20.4, 10.4, 12.5], C-C-Sep=0.20, ║∇J║=9.6e-02
-----On 4/20 Initial Guess Perturbations
Iteration 327/1000-----
J=2.1e-02, Jf=2.7e-03, ⟨B·n⟩=1.2e-02, Len=sum([8.0, 6.0, 7.8])=21.8, ϰ=[11.1, 8.6, 7.4], ∫ϰ²/L=[20.8, 11.2, 13.2], C-C-Sep=0.19, ║∇J║=2.2e-01
-----On 4/20 Initial Guess Perturbations
Iteration 328/1000-----
J=2.1e-02, Jf=2.7e-03, ⟨B·n⟩=1.2e-02, Len=sum([8.0, 6.0, 7.8])=21.9, ϰ=[11.2, 8.2, 7.4], ∫ϰ²/L=[20.4, 10.6, 12.7], C-C-Sep=0.20, ║∇J║=9.7e-02
-----On 4/20 Initial Guess Perturbations
Iteration 329/1000-----
J=2.1e-02, Jf=2.7e-03, ⟨B·n⟩=1.2e-02, Len=sum([8.0, 6.0, 7.7])=21.7, ϰ=[10.6, 9.2, 7.4], ∫ϰ²/L=[20.7, 10.8, 12.9], C-C-Sep=0.19, ║∇J║=2.3e-01
-----On 4/20 Initial Guess Perturbations
Iteration 330/1000-----
J=2.0e-02, Jf=2.7e-03, ⟨B·n⟩=1.2e-02, Len=sum([8.0, 6.0, 7.8])=21.8, ϰ=[10.8, 8.7, 7.4], ∫ϰ²/L=[20.5, 10.6, 12.7], C-C-Sep=0.19, ║∇J║=1.1e-01
-----On 4/20 Initial Guess Perturbations
Iteration 331/1000-----
J=2.0e-02, Jf=2.6e-03, ⟨B·n⟩=1.2e-02, Len=sum([8.0, 6.0, 7.8])=21.8, ϰ=[10.4, 8.8, 7.4], ∫ϰ²/L=[20.6, 10.7, 12.8], C-C-Sep=0.20, ║∇J║=1.2e-01
-----On 4/20 Initial Guess Perturbations
Iteration 332/1000-----
J=2.0e-02, Jf=2.6e-03, ⟨B·n⟩=1.2e-02, Len=sum([8.0, 6.0, 7.8])=21.7, ϰ=[10.4, 8.6, 7.5], ∫ϰ²/L=[20.3, 10.4, 12.7], C-C-Sep=0.20, ║∇J║=1.1e-01
-----On 4/20 Initial Guess Perturbations
Iteration 333/1000-----
J=2.0e-02, Jf=2.6e-03, ⟨B·n⟩=1.2e-02, Len=sum([8.0, 6.0, 7.7])=21.7, ϰ=[10.5, 8.4, 7.5], ∫ϰ²/L=[20.1, 10.0, 12.6], C-C-Sep=0.20, ║∇J║=9.2e-02
-----On 4/20 Initial Guess Perturbations
Iteration 334/1000-----
J=2.0e-02, Jf=2.5e-03, ⟨B·n⟩=1.2e-02, Len=sum([7.9, 6.0, 7.7])=21.6, ϰ=[10.4, 8.2, 7.5], ∫ϰ²/L=[19.9, 9.6, 12.6], C-C-Sep=0.20, ║∇J║=1.1e-01
-----On 4/20 Initial Guess Perturbations
Iteration 335/1000-----
J=2.0e-02, Jf=2.5e-03, ⟨B·n⟩=1.2e-02, Len=sum([7.9, 5.9, 7.7])=21.5, ϰ=[10.5, 8.1, 7.8], ∫ϰ²/L=[19.3, 8.8, 11.9], C-C-Sep=0.20, ║∇J║=1.4e-01
-----On 4/20 Initial Guess Perturbations
Iteration 336/1000-----
J=2.0e-02, Jf=2.5e-03, ⟨B·n⟩=1.2e-02, Len=sum([7.9, 5.9, 7.6])=21.5, ϰ=[10.2, 7.5, 7.7], ∫ϰ²/L=[19.0, 8.9, 11.9], C-C-Sep=0.20, ║∇J║=1.2e-01
-----On 4/20 Initial Guess Perturbations
Iteration 337/1000-----
J=2.0e-02, Jf=2.5e-03, ⟨B·n⟩=1.2e-02, Len=sum([7.8, 5.9, 7.6])=21.4, ϰ=[10.2, 7.3, 7.8], ∫ϰ²/L=[18.8, 9.1, 11.9], C-C-Sep=0.20, ║∇J║=9.4e-02
-----On 4/20 Initial Guess Perturbations
Iteration 338/1000-----
J=2.0e-02, Jf=2.5e-03, ⟨B·n⟩=1.2e-02, Len=sum([7.8, 5.9, 7.6])=21.3, ϰ=[10.0, 7.0, 7.9], ∫ϰ²/L=[18.3, 9.1, 11.8], C-C-Sep=0.20, ║∇J║=9.7e-02
-----On 4/20 Initial Guess Perturbations
Iteration 339/1000-----
J=2.0e-02, Jf=2.4e-03, ⟨B·n⟩=1.2e-02, Len=sum([7.8, 5.9, 7.6])=21.2, ϰ=[10.0, 6.9, 8.1], ∫ϰ²/L=[17.9, 9.3, 11.6], C-C-Sep=0.20, ║∇J║=1.4e-01
-----On 4/20 Initial Guess Perturbations
Iteration 340/1000-----
J=2.0e-02, Jf=2.4e-03, ⟨B·n⟩=1.2e-02, Len=sum([7.7, 5.9, 7.6])=21.2, ϰ=[9.9, 6.6, 8.1], ∫ϰ²/L=[17.8, 9.8, 11.9], C-C-Sep=0.20, ║∇J║=1.2e-01
-----On 4/20 Initial Guess Perturbations
Iteration 341/1000-----
J=2.0e-02, Jf=2.4e-03, ⟨B·n⟩=1.2e-02, Len=sum([7.7, 5.9, 7.5])=21.1, ϰ=[9.9, 6.7, 8.2], ∫ϰ²/L=[17.7, 9.8, 11.9], C-C-Sep=0.19, ║∇J║=1.2e-01
-----On 4/20 Initial Guess Perturbations
Iteration 342/1000-----
J=1.9e-02, Jf=2.4e-03, ⟨B·n⟩=1.2e-02, Len=sum([7.7, 5.9, 7.5])=21.1, ϰ=[10.0, 6.8, 8.3], ∫ϰ²/L=[17.5, 9.2, 11.6], C-C-Sep=0.20, ║∇J║=1.0e-01
-----On 4/20 Initial Guess Perturbations
Iteration 343/1000-----
J=1.9e-02, Jf=2.3e-03, ⟨B·n⟩=1.1e-02, Len=sum([7.7, 5.9, 7.5])=21.1, ϰ=[9.9, 6.4, 8.4], ∫ϰ²/L=[17.7, 9.5, 11.8], C-C-Sep=0.20, ║∇J║=1.0e-01
-----On 4/20 Initial Guess Perturbations
Iteration 344/1000-----
J=1.9e-02, Jf=2.3e-03, ⟨B·n⟩=1.1e-02, Len=sum([7.7, 5.8, 7.5])=21.0, ϰ=[9.6, 6.4, 8.5], ∫ϰ²/L=[17.8, 9.4, 11.7], C-C-Sep=0.20, ║∇J║=1.2e-01
-----On 4/20 Initial Guess Perturbations
Iteration 345/1000-----
J=1.9e-02, Jf=2.3e-03, ⟨B·n⟩=1.1e-02, Len=sum([7.6, 5.8, 7.5])=21.0, ϰ=[9.5, 6.7, 8.5], ∫ϰ²/L=[17.8, 9.4, 11.9], C-C-Sep=0.20, ║∇J║=9.8e-02
-----On 4/20 Initial Guess Perturbations
Iteration 346/1000-----
J=1.9e-02, Jf=2.2e-03, ⟨B·n⟩=1.1e-02, Len=sum([7.6, 5.8, 7.5])=20.9, ϰ=[9.5, 6.6, 8.4], ∫ϰ²/L=[17.7, 9.1, 12.1], C-C-Sep=0.20, ║∇J║=1.2e-01
-----On 4/20 Initial Guess Perturbations
Iteration 347/1000-----
J=1.9e-02, Jf=2.2e-03, ⟨B·n⟩=1.1e-02, Len=sum([7.6, 5.8, 7.5])=20.9, ϰ=[9.6, 6.3, 8.3], ∫ϰ²/L=[17.4, 8.6, 12.0], C-C-Sep=0.20, ║∇J║=1.2e-01
-----On 4/20 Initial Guess Perturbations
Iteration 348/1000-----
J=1.9e-02, Jf=2.1e-03, ⟨B·n⟩=1.1e-02, Len=sum([7.5, 5.8, 7.4])=20.7, ϰ=[9.4, 6.3, 8.3], ∫ϰ²/L=[17.5, 8.9, 12.7], C-C-Sep=0.20, ║∇J║=1.6e-01
-----On 4/20 Initial Guess Perturbations
Iteration 349/1000-----
J=1.9e-02, Jf=2.1e-03, ⟨B·n⟩=1.1e-02, Len=sum([7.5, 5.8, 7.4])=20.7, ϰ=[9.3, 5.9, 8.4], ∫ϰ²/L=[17.2, 8.9, 13.0], C-C-Sep=0.20, ║∇J║=1.9e-01
-----On 4/20 Initial Guess Perturbations
Iteration 350/1000-----
J=1.9e-02, Jf=2.1e-03, ⟨B·n⟩=1.1e-02, Len=sum([7.5, 5.8, 7.4])=20.6, ϰ=[9.5, 6.0, 8.4], ∫ϰ²/L=[16.9, 8.9, 13.0], C-C-Sep=0.20, ║∇J║=1.7e-01
-----On 4/20 Initial Guess Perturbations
Iteration 351/1000-----
J=1.9e-02, Jf=2.1e-03, ⟨B·n⟩=1.1e-02, Len=sum([7.5, 5.8, 7.4])=20.6, ϰ=[9.5, 6.2, 8.5], ∫ϰ²/L=[17.0, 8.7, 12.9], C-C-Sep=0.20, ║∇J║=1.6e-01
-----On 4/20 Initial Guess Perturbations
Iteration 352/1000-----
J=1.9e-02, Jf=2.0e-03, ⟨B·n⟩=1.1e-02, Len=sum([7.4, 5.7, 7.4])=20.6, ϰ=[9.7, 6.7, 8.7], ∫ϰ²/L=[16.9, 8.8, 13.1], C-C-Sep=0.20, ║∇J║=1.8e-01
-----On 4/20 Initial Guess Perturbations
Iteration 353/1000-----
J=1.9e-02, Jf=2.0e-03, ⟨B·n⟩=1.1e-02, Len=sum([7.4, 5.7, 7.4])=20.5, ϰ=[9.8, 7.2, 9.2], ∫ϰ²/L=[16.6, 8.5, 12.8], C-C-Sep=0.20, ║∇J║=2.0e-01
-----On 4/20 Initial Guess Perturbations
Iteration 354/1000-----
J=1.9e-02, Jf=2.0e-03, ⟨B·n⟩=1.0e-02, Len=sum([7.4, 5.7, 7.3])=20.4, ϰ=[10.0, 7.7, 9.7], ∫ϰ²/L=[16.9, 9.2, 13.5], C-C-Sep=0.19, ║∇J║=3.1e-01
-----On 4/20 Initial Guess Perturbations
Iteration 355/1000-----
J=1.9e-02, Jf=2.0e-03, ⟨B·n⟩=1.0e-02, Len=sum([7.4, 5.7, 7.3])=20.4, ϰ=[9.7, 7.3, 9.6], ∫ϰ²/L=[16.5, 8.6, 12.8], C-C-Sep=0.20, ║∇J║=2.7e-01
-----On 4/20 Initial Guess Perturbations
Iteration 356/1000-----
J=1.8e-02, Jf=1.9e-03, ⟨B·n⟩=1.0e-02, Len=sum([7.4, 5.7, 7.3])=20.4, ϰ=[9.5, 7.0, 9.3], ∫ϰ²/L=[16.2, 8.9, 12.9], C-C-Sep=0.20, ║∇J║=3.1e-01
-----On 4/20 Initial Guess Perturbations
Iteration 357/1000-----
J=1.8e-02, Jf=1.9e-03, ⟨B·n⟩=1.0e-02, Len=sum([7.4, 5.7, 7.3])=20.4, ϰ=[9.4, 7.1, 9.2], ∫ϰ²/L=[16.2, 9.0, 12.9], C-C-Sep=0.20, ║∇J║=3.5e-01
-----On 4/20 Initial Guess Perturbations
Iteration 358/1000-----
J=1.8e-02, Jf=1.9e-03, ⟨B·n⟩=1.0e-02, Len=sum([7.3, 5.7, 7.3])=20.3, ϰ=[9.3, 7.2, 9.1], ∫ϰ²/L=[16.1, 9.4, 12.9], C-C-Sep=0.20, ║∇J║=3.5e-01
-----On 4/20 Initial Guess Perturbations
Iteration 359/1000-----
J=1.8e-02, Jf=1.9e-03, ⟨B·n⟩=9.9e-03, Len=sum([7.3, 5.7, 7.3])=20.2, ϰ=[9.5, 7.2, 8.8], ∫ϰ²/L=[16.1, 9.2, 12.8], C-C-Sep=0.20, ║∇J║=3.3e-01
-----On 4/20 Initial Guess Perturbations
Iteration 360/1000-----
J=1.8e-02, Jf=1.9e-03, ⟨B·n⟩=9.9e-03, Len=sum([7.3, 5.7, 7.3])=20.2, ϰ=[9.4, 7.0, 8.7], ∫ϰ²/L=[16.1, 9.1, 12.8], C-C-Sep=0.20, ║∇J║=2.5e-01
-----On 4/20 Initial Guess Perturbations
Iteration 361/1000-----
J=1.8e-02, Jf=1.9e-03, ⟨B·n⟩=9.9e-03, Len=sum([7.3, 5.7, 7.3])=20.2, ϰ=[9.1, 6.8, 8.7], ∫ϰ²/L=[16.0, 8.8, 12.5], C-C-Sep=0.20, ║∇J║=2.2e-01
-----On 4/20 Initial Guess Perturbations
Iteration 362/1000-----
J=1.8e-02, Jf=1.9e-03, ⟨B·n⟩=9.9e-03, Len=sum([7.2, 5.6, 7.2])=20.1, ϰ=[9.1, 6.8, 8.7], ∫ϰ²/L=[16.0, 8.7, 12.4], C-C-Sep=0.20, ║∇J║=2.0e-01
-----On 4/20 Initial Guess Perturbations
Iteration 363/1000-----
J=1.8e-02, Jf=1.8e-03, ⟨B·n⟩=9.9e-03, Len=sum([7.2, 5.6, 7.2])=20.1, ϰ=[9.1, 7.0, 8.6], ∫ϰ²/L=[15.8, 8.3, 12.1], C-C-Sep=0.20, ║∇J║=1.9e-01
-----On 4/20 Initial Guess Perturbations
Iteration 364/1000-----
J=1.8e-02, Jf=1.8e-03, ⟨B·n⟩=9.9e-03, Len=sum([7.2, 5.6, 7.2])=20.0, ϰ=[8.6, 7.5, 8.6], ∫ϰ²/L=[15.8, 8.6, 12.1], C-C-Sep=0.20, ║∇J║=2.4e-01
-----On 4/20 Initial Guess Perturbations
Iteration 365/1000-----
J=1.8e-02, Jf=1.8e-03, ⟨B·n⟩=9.9e-03, Len=sum([7.2, 5.6, 7.2])=20.0, ϰ=[8.9, 7.6, 8.5], ∫ϰ²/L=[15.6, 8.2, 11.9], C-C-Sep=0.20, ║∇J║=2.3e-01
-----On 4/20 Initial Guess Perturbations
Iteration 366/1000-----
J=1.8e-02, Jf=1.8e-03, ⟨B·n⟩=9.8e-03, Len=sum([7.2, 5.6, 7.2])=20.0, ϰ=[8.9, 7.6, 8.4], ∫ϰ²/L=[15.5, 8.1, 12.0], C-C-Sep=0.20, ║∇J║=2.4e-01
-----On 4/20 Initial Guess Perturbations
Iteration 367/1000-----
J=1.8e-02, Jf=1.8e-03, ⟨B·n⟩=9.8e-03, Len=sum([7.2, 5.6, 7.2])=19.9, ϰ=[9.0, 7.8, 8.4], ∫ϰ²/L=[15.3, 7.8, 11.9], C-C-Sep=0.20, ║∇J║=2.7e-01
-----On 4/20 Initial Guess Perturbations
Iteration 368/1000-----
J=1.8e-02, Jf=1.8e-03, ⟨B·n⟩=9.8e-03, Len=sum([7.1, 5.6, 7.1])=19.9, ϰ=[8.7, 7.8, 8.3], ∫ϰ²/L=[15.2, 7.7, 11.9], C-C-Sep=0.20, ║∇J║=2.7e-01
-----On 4/20 Initial Guess Perturbations
Iteration 369/1000-----
J=1.8e-02, Jf=1.8e-03, ⟨B·n⟩=9.8e-03, Len=sum([7.1, 5.6, 7.1])=19.8, ϰ=[8.5, 7.5, 8.4], ∫ϰ²/L=[14.9, 7.7, 11.9], C-C-Sep=0.20, ║∇J║=2.4e-01
-----On 4/20 Initial Guess Perturbations
Iteration 370/1000-----
J=1.8e-02, Jf=1.8e-03, ⟨B·n⟩=9.8e-03, Len=sum([7.1, 5.6, 7.1])=19.8, ϰ=[8.4, 7.1, 8.6], ∫ϰ²/L=[14.5, 7.6, 11.6], C-C-Sep=0.20, ║∇J║=1.9e-01
-----On 4/20 Initial Guess Perturbations
Iteration 371/1000-----
J=1.8e-02, Jf=1.8e-03, ⟨B·n⟩=9.8e-03, Len=sum([7.1, 5.6, 7.1])=19.7, ϰ=[8.2, 6.7, 8.9], ∫ϰ²/L=[14.4, 7.7, 11.4], C-C-Sep=0.20, ║∇J║=1.8e-01
-----On 4/20 Initial Guess Perturbations
Iteration 372/1000-----
J=1.8e-02, Jf=1.8e-03, ⟨B·n⟩=9.7e-03, Len=sum([7.1, 5.6, 7.1])=19.7, ϰ=[8.1, 6.7, 9.0], ∫ϰ²/L=[14.0, 7.5, 11.0], C-C-Sep=0.20, ║∇J║=1.6e-01
-----On 4/20 Initial Guess Perturbations
Iteration 373/1000-----
J=1.8e-02, Jf=1.8e-03, ⟨B·n⟩=9.7e-03, Len=sum([7.1, 5.6, 7.0])=19.7, ϰ=[8.1, 6.8, 9.0], ∫ϰ²/L=[13.8, 7.6, 10.7], C-C-Sep=0.20, ║∇J║=1.6e-01
-----On 4/20 Initial Guess Perturbations
Iteration 374/1000-----
J=1.8e-02, Jf=1.8e-03, ⟨B·n⟩=9.7e-03, Len=sum([7.0, 5.5, 7.0])=19.6, ϰ=[8.1, 6.9, 8.8], ∫ϰ²/L=[13.7, 8.1, 10.4], C-C-Sep=0.20, ║∇J║=1.6e-01
-----On 4/20 Initial Guess Perturbations
Iteration 375/1000-----
J=1.8e-02, Jf=1.8e-03, ⟨B·n⟩=9.8e-03, Len=sum([7.0, 5.5, 7.0])=19.5, ϰ=[8.1, 6.9, 8.7], ∫ϰ²/L=[13.6, 8.2, 10.3], C-C-Sep=0.20, ║∇J║=1.6e-01
-----On 4/20 Initial Guess Perturbations
Iteration 376/1000-----
J=1.7e-02, Jf=1.8e-03, ⟨B·n⟩=9.8e-03, Len=sum([7.0, 5.5, 7.0])=19.5, ϰ=[8.2, 7.0, 8.6], ∫ϰ²/L=[13.6, 8.3, 10.2], C-C-Sep=0.20, ║∇J║=1.6e-01
-----On 4/20 Initial Guess Perturbations
Iteration 377/1000-----
J=1.7e-02, Jf=1.8e-03, ⟨B·n⟩=9.8e-03, Len=sum([7.0, 5.5, 6.9])=19.4, ϰ=[8.1, 6.9, 8.6], ∫ϰ²/L=[13.5, 8.1, 10.3], C-C-Sep=0.20, ║∇J║=1.6e-01
-----On 4/20 Initial Guess Perturbations
Iteration 378/1000-----
J=1.7e-02, Jf=1.8e-03, ⟨B·n⟩=9.7e-03, Len=sum([7.0, 5.5, 6.9])=19.4, ϰ=[8.2, 7.0, 8.7], ∫ϰ²/L=[13.6, 8.4, 10.4], C-C-Sep=0.20, ║∇J║=1.5e-01
-----On 4/20 Initial Guess Perturbations
Iteration 379/1000-----
J=1.7e-02, Jf=1.7e-03, ⟨B·n⟩=9.7e-03, Len=sum([6.9, 5.5, 6.9])=19.4, ϰ=[8.1, 6.8, 8.8], ∫ϰ²/L=[13.2, 7.9, 10.5], C-C-Sep=0.20, ║∇J║=1.6e-01
-----On 4/20 Initial Guess Perturbations
Iteration 380/1000-----
J=1.7e-02, Jf=1.7e-03, ⟨B·n⟩=9.7e-03, Len=sum([6.9, 5.5, 6.9])=19.3, ϰ=[8.2, 7.4, 9.0], ∫ϰ²/L=[13.1, 8.1, 11.0], C-C-Sep=0.20, ║∇J║=1.6e-01
-----On 4/20 Initial Guess Perturbations
Iteration 381/1000-----
J=1.7e-02, Jf=1.7e-03, ⟨B·n⟩=9.7e-03, Len=sum([6.9, 5.5, 6.9])=19.3, ϰ=[8.2, 7.2, 8.8], ∫ϰ²/L=[12.7, 7.6, 10.7], C-C-Sep=0.20, ║∇J║=1.4e-01
-----On 4/20 Initial Guess Perturbations
Iteration 382/1000-----
J=1.7e-02, Jf=1.7e-03, ⟨B·n⟩=9.6e-03, Len=sum([6.9, 5.5, 6.9])=19.3, ϰ=[8.3, 7.3, 8.7], ∫ϰ²/L=[12.8, 7.7, 10.8], C-C-Sep=0.20, ║∇J║=1.5e-01
-----On 4/20 Initial Guess Perturbations
Iteration 383/1000-----
J=1.7e-02, Jf=1.7e-03, ⟨B·n⟩=9.6e-03, Len=sum([6.9, 5.5, 6.9])=19.2, ϰ=[8.4, 7.4, 8.6], ∫ϰ²/L=[12.5, 7.6, 10.9], C-C-Sep=0.20, ║∇J║=1.5e-01
-----On 4/20 Initial Guess Perturbations
Iteration 384/1000-----
J=1.7e-02, Jf=1.7e-03, ⟨B·n⟩=9.6e-03, Len=sum([6.9, 5.5, 6.8])=19.2, ϰ=[8.5, 7.6, 8.5], ∫ϰ²/L=[12.5, 8.0, 11.0], C-C-Sep=0.20, ║∇J║=1.6e-01
-----On 4/20 Initial Guess Perturbations
Iteration 385/1000-----
J=1.7e-02, Jf=1.7e-03, ⟨B·n⟩=9.5e-03, Len=sum([6.9, 5.5, 6.8])=19.1, ϰ=[8.5, 7.5, 8.6], ∫ϰ²/L=[12.3, 8.2, 10.8], C-C-Sep=0.20, ║∇J║=1.6e-01
-----On 4/20 Initial Guess Perturbations
Iteration 386/1000-----
J=1.7e-02, Jf=1.7e-03, ⟨B·n⟩=9.5e-03, Len=sum([6.8, 5.5, 6.8])=19.1, ϰ=[8.5, 7.6, 8.8], ∫ϰ²/L=[12.1, 8.3, 10.6], C-C-Sep=0.20, ║∇J║=1.6e-01
-----On 4/20 Initial Guess Perturbations
Iteration 387/1000-----
J=1.7e-02, Jf=1.6e-03, ⟨B·n⟩=9.5e-03, Len=sum([6.8, 5.5, 6.8])=19.0, ϰ=[8.5, 7.6, 8.9], ∫ϰ²/L=[11.9, 8.4, 10.5], C-C-Sep=0.20, ║∇J║=1.6e-01
-----On 4/20 Initial Guess Perturbations
Iteration 388/1000-----
J=1.7e-02, Jf=1.6e-03, ⟨B·n⟩=9.5e-03, Len=sum([6.8, 5.5, 6.7])=19.0, ϰ=[8.4, 7.3, 9.1], ∫ϰ²/L=[11.9, 8.2, 10.3], C-C-Sep=0.20, ║∇J║=1.5e-01
-----On 4/20 Initial Guess Perturbations
Iteration 389/1000-----
J=1.7e-02, Jf=1.6e-03, ⟨B·n⟩=9.4e-03, Len=sum([6.8, 5.4, 6.7])=19.0, ϰ=[8.4, 7.0, 9.3], ∫ϰ²/L=[11.8, 7.6, 10.2], C-C-Sep=0.20, ║∇J║=1.5e-01
-----On 4/20 Initial Guess Perturbations
Iteration 390/1000-----
J=1.7e-02, Jf=1.6e-03, ⟨B·n⟩=9.4e-03, Len=sum([6.8, 5.4, 6.7])=18.9, ϰ=[8.3, 6.4, 9.4], ∫ϰ²/L=[12.2, 7.5, 10.2], C-C-Sep=0.20, ║∇J║=2.0e-01
-----On 4/20 Initial Guess Perturbations
Iteration 391/1000-----
J=1.7e-02, Jf=1.6e-03, ⟨B·n⟩=9.4e-03, Len=sum([6.8, 5.4, 6.7])=18.9, ϰ=[8.2, 5.8, 9.3], ∫ϰ²/L=[12.0, 6.9, 9.9], C-C-Sep=0.20, ║∇J║=2.0e-01
-----On 4/20 Initial Guess Perturbations
Iteration 392/1000-----
J=1.7e-02, Jf=1.6e-03, ⟨B·n⟩=9.4e-03, Len=sum([6.8, 5.4, 6.7])=18.8, ϰ=[8.5, 5.8, 9.4], ∫ϰ²/L=[12.6, 7.2, 10.3], C-C-Sep=0.20, ║∇J║=2.0e-01
-----On 4/20 Initial Guess Perturbations
Iteration 393/1000-----
J=1.7e-02, Jf=1.6e-03, ⟨B·n⟩=9.4e-03, Len=sum([6.8, 5.4, 6.7])=18.9, ϰ=[8.2, 5.8, 9.3], ∫ϰ²/L=[12.2, 7.0, 10.0], C-C-Sep=0.20, ║∇J║=1.7e-01
-----On 4/20 Initial Guess Perturbations
Iteration 394/1000-----
J=1.7e-02, Jf=1.6e-03, ⟨B·n⟩=9.4e-03, Len=sum([6.8, 5.4, 6.7])=18.8, ϰ=[8.2, 6.0, 9.2], ∫ϰ²/L=[12.3, 7.1, 10.0], C-C-Sep=0.20, ║∇J║=1.6e-01
-----On 4/20 Initial Guess Perturbations
Iteration 395/1000-----
J=1.7e-02, Jf=1.6e-03, ⟨B·n⟩=9.3e-03, Len=sum([6.8, 5.4, 6.7])=18.8, ϰ=[8.2, 6.0, 8.9], ∫ϰ²/L=[12.2, 6.8, 9.9], C-C-Sep=0.20, ║∇J║=1.9e-01
-----On 4/20 Initial Guess Perturbations
Iteration 396/1000-----
J=1.7e-02, Jf=1.6e-03, ⟨B·n⟩=9.3e-03, Len=sum([6.7, 5.4, 6.6])=18.8, ϰ=[8.2, 5.7, 8.9], ∫ϰ²/L=[12.3, 7.0, 10.0], C-C-Sep=0.20, ║∇J║=1.8e-01
-----On 4/20 Initial Guess Perturbations
Iteration 397/1000-----
J=1.7e-02, Jf=1.5e-03, ⟨B·n⟩=9.3e-03, Len=sum([6.7, 5.4, 6.6])=18.8, ϰ=[8.1, 5.5, 8.8], ∫ϰ²/L=[12.5, 7.1, 10.3], C-C-Sep=0.20, ║∇J║=1.8e-01
-----On 4/20 Initial Guess Perturbations
Iteration 398/1000-----
J=1.7e-02, Jf=1.5e-03, ⟨B·n⟩=9.2e-03, Len=sum([6.7, 5.4, 6.6])=18.7, ϰ=[8.2, 5.3, 8.7], ∫ϰ²/L=[12.4, 7.5, 10.6], C-C-Sep=0.20, ║∇J║=1.6e-01
-----On 4/20 Initial Guess Perturbations
Iteration 399/1000-----
J=1.7e-02, Jf=1.5e-03, ⟨B·n⟩=9.2e-03, Len=sum([6.7, 5.4, 6.6])=18.7, ϰ=[8.1, 5.5, 8.7], ∫ϰ²/L=[12.5, 7.5, 10.6], C-C-Sep=0.20, ║∇J║=1.8e-01
-----On 4/20 Initial Guess Perturbations
Iteration 400/1000-----
J=1.7e-02, Jf=1.5e-03, ⟨B·n⟩=9.2e-03, Len=sum([6.7, 5.4, 6.6])=18.7, ϰ=[8.1, 5.7, 8.8], ∫ϰ²/L=[12.4, 7.2, 10.4], C-C-Sep=0.20, ║∇J║=2.2e-01
-----On 4/20 Initial Guess Perturbations
Iteration 401/1000-----
J=5.9e-02, Jf=2.2e-03, ⟨B·n⟩=9.7e-03, Len=sum([7.0, 5.5, 6.7])=19.2, ϰ=[27.2, 25.2, 21.1], ∫ϰ²/L=[42.7, 49.4, 37.4], C-C-Sep=0.16, ║∇J║=9.9e+00
-----On 4/20 Initial Guess Perturbations
Iteration 402/1000-----
J=1.7e-02, Jf=1.5e-03, ⟨B·n⟩=9.2e-03, Len=sum([6.7, 5.4, 6.6])=18.7, ϰ=[8.1, 5.7, 8.9], ∫ϰ²/L=[12.4, 7.2, 10.4], C-C-Sep=0.20, ║∇J║=2.3e-01
-----On 4/20 Initial Guess Perturbations
Iteration 403/1000-----
J=1.8e-02, Jf=1.5e-03, ⟨B·n⟩=9.2e-03, Len=sum([6.7, 5.4, 6.6])=18.7, ϰ=[8.2, 8.6, 10.4], ∫ϰ²/L=[12.9, 8.7, 11.0], C-C-Sep=0.20, ║∇J║=6.2e-01
-----On 4/20 Initial Guess Perturbations
Iteration 404/1000-----
J=1.7e-02, Jf=1.5e-03, ⟨B·n⟩=9.2e-03, Len=sum([6.7, 5.4, 6.6])=18.7, ϰ=[8.1, 5.7, 8.9], ∫ϰ²/L=[12.3, 7.2, 10.4], C-C-Sep=0.20, ║∇J║=2.2e-01
-----On 4/20 Initial Guess Perturbations
Iteration 405/1000-----
J=1.7e-02, Jf=1.5e-03, ⟨B·n⟩=9.2e-03, Len=sum([6.7, 5.4, 6.6])=18.7, ϰ=[8.1, 6.1, 9.0], ∫ϰ²/L=[12.5, 7.3, 10.5], C-C-Sep=0.20, ║∇J║=1.6e-01
-----On 4/20 Initial Guess Perturbations
Iteration 406/1000-----
J=1.8e-02, Jf=1.6e-03, ⟨B·n⟩=9.1e-03, Len=sum([6.7, 5.4, 6.5])=18.6, ϰ=[9.0, 7.6, 8.1], ∫ϰ²/L=[14.2, 11.1, 11.7], C-C-Sep=0.19, ║∇J║=2.3e+00
-----On 4/20 Initial Guess Perturbations
Iteration 407/1000-----
J=1.7e-02, Jf=1.5e-03, ⟨B·n⟩=9.1e-03, Len=sum([6.7, 5.4, 6.6])=18.7, ϰ=[8.1, 6.1, 8.9], ∫ϰ²/L=[12.5, 7.4, 10.5], C-C-Sep=0.20, ║∇J║=1.9e-01
-----On 4/20 Initial Guess Perturbations
Iteration 408/1000-----
J=1.7e-02, Jf=1.5e-03, ⟨B·n⟩=9.2e-03, Len=sum([6.7, 5.4, 6.6])=18.7, ϰ=[8.6, 5.8, 8.0], ∫ϰ²/L=[12.2, 7.6, 9.9], C-C-Sep=0.19, ║∇J║=6.5e-01
-----On 4/20 Initial Guess Perturbations
Iteration 409/1000-----
J=1.7e-02, Jf=1.5e-03, ⟨B·n⟩=9.1e-03, Len=sum([6.7, 5.4, 6.6])=18.7, ϰ=[8.1, 6.1, 8.9], ∫ϰ²/L=[12.5, 7.4, 10.5], C-C-Sep=0.20, ║∇J║=1.7e-01
-----On 4/20 Initial Guess Perturbations
Iteration 410/1000-----
J=1.7e-02, Jf=1.5e-03, ⟨B·n⟩=9.1e-03, Len=sum([6.7, 5.4, 6.6])=18.6, ϰ=[8.1, 5.8, 8.3], ∫ϰ²/L=[11.8, 7.4, 10.1], C-C-Sep=0.20, ║∇J║=3.2e-01
-----On 4/20 Initial Guess Perturbations
Iteration 411/1000-----
J=1.7e-02, Jf=1.5e-03, ⟨B·n⟩=9.1e-03, Len=sum([6.7, 5.4, 6.6])=18.7, ϰ=[8.1, 6.0, 8.7], ∫ϰ²/L=[12.2, 7.2, 10.3], C-C-Sep=0.20, ║∇J║=1.7e-01
-----On 4/20 Initial Guess Perturbations
Iteration 412/1000-----
J=1.7e-02, Jf=1.5e-03, ⟨B·n⟩=9.1e-03, Len=sum([6.7, 5.4, 6.6])=18.8, ϰ=[8.1, 7.9, 8.6], ∫ϰ²/L=[11.9, 7.6, 10.4], C-C-Sep=0.20, ║∇J║=9.7e-01
-----On 4/20 Initial Guess Perturbations
Iteration 413/1000-----
J=1.7e-02, Jf=1.5e-03, ⟨B·n⟩=9.1e-03, Len=sum([6.7, 5.4, 6.6])=18.7, ϰ=[8.1, 6.1, 8.7], ∫ϰ²/L=[12.1, 7.2, 10.3], C-C-Sep=0.20, ║∇J║=1.8e-01
-----On 4/20 Initial Guess Perturbations
Iteration 414/1000-----
J=1.9e-02, Jf=1.5e-03, ⟨B·n⟩=9.3e-03, Len=sum([6.7, 5.4, 6.6])=18.7, ϰ=[11.5, 7.4, 8.6], ∫ϰ²/L=[13.3, 9.3, 10.4], C-C-Sep=0.20, ║∇J║=8.9e-01
-----On 4/20 Initial Guess Perturbations
Iteration 415/1000-----
J=1.7e-02, Jf=1.5e-03, ⟨B·n⟩=9.1e-03, Len=sum([6.7, 5.4, 6.6])=18.7, ϰ=[8.1, 5.9, 8.7], ∫ϰ²/L=[12.1, 7.1, 10.2], C-C-Sep=0.20, ║∇J║=1.8e-01
-----On 4/20 Initial Guess Perturbations
Iteration 416/1000-----
J=1.7e-02, Jf=1.5e-03, ⟨B·n⟩=9.2e-03, Len=sum([6.7, 5.4, 6.6])=18.6, ϰ=[8.1, 5.4, 8.9], ∫ϰ²/L=[12.0, 7.4, 10.0], C-C-Sep=0.20, ║∇J║=4.6e-01
-----On 4/20 Initial Guess Perturbations
Iteration 417/1000-----
J=1.7e-02, Jf=1.5e-03, ⟨B·n⟩=9.1e-03, Len=sum([6.7, 5.4, 6.6])=18.7, ϰ=[8.1, 5.8, 8.7], ∫ϰ²/L=[12.0, 7.1, 10.2], C-C-Sep=0.20, ║∇J║=2.1e-01
-----On 4/20 Initial Guess Perturbations
Iteration 418/1000-----
J=1.8e-02, Jf=1.5e-03, ⟨B·n⟩=9.2e-03, Len=sum([6.7, 5.4, 6.5])=18.6, ϰ=[8.8, 8.5, 8.2], ∫ϰ²/L=[14.0, 9.9, 11.3], C-C-Sep=0.19, ║∇J║=7.0e-01
-----On 4/20 Initial Guess Perturbations
Iteration 419/1000-----
J=1.7e-02, Jf=1.5e-03, ⟨B·n⟩=9.1e-03, Len=sum([6.7, 5.4, 6.6])=18.7, ϰ=[8.1, 5.8, 8.7], ∫ϰ²/L=[12.0, 7.1, 10.2], C-C-Sep=0.20, ║∇J║=2.1e-01
-----On 4/20 Initial Guess Perturbations
Iteration 420/1000-----
J=2.8e+00, Jf=4.6e-02, ⟨B·n⟩=3.8e-02, Len=sum([12.8, 10.7, 10.9])=34.5, ϰ=[911.2, 388.0, 140.9], ∫ϰ²/L=[353.0, 402.7, 230.1], C-C-Sep=0.02, ║∇J║=1.0e+02
-----On 4/20 Initial Guess Perturbations
Iteration 421/1000-----
J=1.7e-02, Jf=1.5e-03, ⟨B·n⟩=9.1e-03, Len=sum([6.7, 5.4, 6.6])=18.7, ϰ=[8.1, 5.9, 8.7], ∫ϰ²/L=[12.0, 7.1, 10.2], C-C-Sep=0.20, ║∇J║=2.0e-01
-----On 4/20 Initial Guess Perturbations
Iteration 422/1000-----
J=8.1e+00, Jf=2.6e-01, ⟨B·n⟩=7.7e-02, Len=sum([24.9, 19.0, 21.0])=64.9, ϰ=[438.6, 227.6, 115.2], ∫ϰ²/L=[153.0, 148.7, 81.2], C-C-Sep=0.01, ║∇J║=1.1e+02
-----On 4/20 Initial Guess Perturbations
Iteration 423/1000-----
J=1.7e-02, Jf=1.5e-03, ⟨B·n⟩=9.1e-03, Len=sum([6.7, 5.4, 6.6])=18.7, ϰ=[8.1, 5.9, 8.7], ∫ϰ²/L=[12.0, 7.1, 10.2], C-C-Sep=0.20, ║∇J║=2.1e-01
-----On 4/20 Initial Guess Perturbations
Iteration 424/1000-----
J=3.5e-02, Jf=1.7e-03, ⟨B·n⟩=9.5e-03, Len=sum([7.0, 5.5, 6.6])=19.1, ϰ=[17.1, 15.3, 18.1], ∫ϰ²/L=[35.0, 26.9, 24.6], C-C-Sep=0.17, ║∇J║=3.1e+00
-----On 4/20 Initial Guess Perturbations
Iteration 425/1000-----
J=1.7e-02, Jf=1.5e-03, ⟨B·n⟩=9.1e-03, Len=sum([6.7, 5.4, 6.6])=18.6, ϰ=[8.2, 6.0, 8.7], ∫ϰ²/L=[12.1, 7.2, 10.2], C-C-Sep=0.20, ║∇J║=1.9e-01
-----On 4/20 Initial Guess Perturbations
Iteration 426/1000-----
J=6.1e-02, Jf=3.3e-02, ⟨B·n⟩=1.1e-02, Len=sum([6.9, 5.4, 6.6])=18.9, ϰ=[12.5, 8.8, 13.2], ∫ϰ²/L=[20.7, 20.5, 19.1], C-C-Sep=0.16, ║∇J║=1.3e+02
-----On 4/20 Initial Guess Perturbations
Iteration 427/1000-----
J=1.7e-02, Jf=1.5e-03, ⟨B·n⟩=9.1e-03, Len=sum([6.7, 5.4, 6.6])=18.6, ϰ=[8.2, 5.9, 8.8], ∫ϰ²/L=[12.4, 7.8, 10.6], C-C-Sep=0.20, ║∇J║=7.1e-01
-----On 4/20 Initial Guess Perturbations
Iteration 428/1000-----
J=1.7e-02, Jf=1.5e-03, ⟨B·n⟩=9.1e-03, Len=sum([6.7, 5.4, 6.6])=18.6, ϰ=[8.1, 6.0, 8.7], ∫ϰ²/L=[12.1, 7.3, 10.2], C-C-Sep=0.20, ║∇J║=2.5e-01
-----On 4/20 Initial Guess Perturbations
Iteration 429/1000-----
J=1.6e-02, Jf=1.5e-03, ⟨B·n⟩=9.1e-03, Len=sum([6.7, 5.4, 6.5])=18.6, ϰ=[8.1, 6.5, 8.7], ∫ϰ²/L=[11.9, 7.4, 10.1], C-C-Sep=0.20, ║∇J║=2.0e-01
-----On 4/20 Initial Guess Perturbations
Iteration 430/1000-----
J=1.6e-02, Jf=1.5e-03, ⟨B·n⟩=9.1e-03, Len=sum([6.7, 5.4, 6.5])=18.6, ϰ=[8.2, 6.7, 8.7], ∫ϰ²/L=[11.8, 7.4, 10.0], C-C-Sep=0.20, ║∇J║=2.0e-01
-----On 4/20 Initial Guess Perturbations
Iteration 431/1000-----
J=1.7e-02, Jf=1.5e-03, ⟨B·n⟩=9.1e-03, Len=sum([6.7, 5.4, 6.5])=18.6, ϰ=[8.3, 6.8, 8.9], ∫ϰ²/L=[11.7, 7.7, 9.6], C-C-Sep=0.20, ║∇J║=4.7e-01
-----On 4/20 Initial Guess Perturbations
Iteration 432/1000-----
J=1.6e-02, Jf=1.5e-03, ⟨B·n⟩=9.1e-03, Len=sum([6.7, 5.4, 6.5])=18.6, ϰ=[8.2, 6.7, 8.8], ∫ϰ²/L=[11.7, 7.4, 9.9], C-C-Sep=0.20, ║∇J║=1.6e-01
-----On 4/20 Initial Guess Perturbations
Iteration 433/1000-----
J=1.7e-02, Jf=1.4e-03, ⟨B·n⟩=9.1e-03, Len=sum([6.7, 5.4, 6.5])=18.6, ϰ=[8.1, 6.2, 9.1], ∫ϰ²/L=[12.4, 8.2, 10.1], C-C-Sep=0.19, ║∇J║=3.5e-01
-----On 4/20 Initial Guess Perturbations
Iteration 434/1000-----
J=1.6e-02, Jf=1.5e-03, ⟨B·n⟩=9.1e-03, Len=sum([6.7, 5.4, 6.5])=18.6, ϰ=[8.2, 6.6, 8.8], ∫ϰ²/L=[11.8, 7.4, 9.9], C-C-Sep=0.20, ║∇J║=1.6e-01
-----On 4/20 Initial Guess Perturbations
Iteration 435/1000-----
J=1.7e-02, Jf=1.4e-03, ⟨B·n⟩=9.1e-03, Len=sum([6.7, 5.4, 6.5])=18.6, ϰ=[7.9, 6.1, 8.6], ∫ϰ²/L=[12.7, 9.3, 10.8], C-C-Sep=0.19, ║∇J║=3.5e-01
-----On 4/20 Initial Guess Perturbations
Iteration 436/1000-----
J=1.6e-02, Jf=1.5e-03, ⟨B·n⟩=9.1e-03, Len=sum([6.7, 5.4, 6.5])=18.6, ϰ=[8.1, 6.5, 8.8], ∫ϰ²/L=[11.8, 7.5, 10.0], C-C-Sep=0.20, ║∇J║=1.6e-01
-----On 4/20 Initial Guess Perturbations
Iteration 437/1000-----
J=5.7e-01, Jf=2.0e-02, ⟨B·n⟩=1.7e-02, Len=sum([8.3, 6.5, 7.2])=22.0, ϰ=[46.6, 64.4, 42.8], ∫ϰ²/L=[87.3, 131.7, 101.0], C-C-Sep=0.03, ║∇J║=2.8e+01
-----On 4/20 Initial Guess Perturbations
Iteration 438/1000-----
J=1.6e-02, Jf=1.5e-03, ⟨B·n⟩=9.1e-03, Len=sum([6.7, 5.4, 6.5])=18.6, ϰ=[8.2, 6.5, 8.8], ∫ϰ²/L=[11.8, 7.5, 9.9], C-C-Sep=0.20, ║∇J║=1.7e-01
-----On 4/20 Initial Guess Perturbations
Iteration 439/1000-----
J=3.2e-02, Jf=5.5e-03, ⟨B·n⟩=1.1e-02, Len=sum([6.9, 5.5, 6.5])=18.8, ϰ=[12.2, 17.3, 15.6], ∫ϰ²/L=[27.7, 38.2, 29.0], C-C-Sep=0.17, ║∇J║=1.4e+01
-----On 4/20 Initial Guess Perturbations
Iteration 440/1000-----
J=1.6e-02, Jf=1.5e-03, ⟨B·n⟩=9.1e-03, Len=sum([6.7, 5.4, 6.5])=18.6, ϰ=[8.1, 6.6, 8.8], ∫ϰ²/L=[11.8, 7.5, 9.9], C-C-Sep=0.20, ║∇J║=1.9e-01
-----On 4/20 Initial Guess Perturbations
Iteration 441/1000-----
J=1.6e-02, Jf=1.5e-03, ⟨B·n⟩=9.1e-03, Len=sum([6.7, 5.4, 6.5])=18.5, ϰ=[8.1, 6.9, 8.6], ∫ϰ²/L=[11.6, 7.9, 9.7], C-C-Sep=0.20, ║∇J║=2.0e-01
-----On 4/20 Initial Guess Perturbations
Iteration 442/1000-----
J=1.6e-02, Jf=1.5e-03, ⟨B·n⟩=9.1e-03, Len=sum([6.7, 5.4, 6.5])=18.5, ϰ=[8.1, 6.7, 8.7], ∫ϰ²/L=[11.6, 7.5, 9.8], C-C-Sep=0.20, ║∇J║=1.8e-01
-----On 4/20 Initial Guess Perturbations
Iteration 443/1000-----
J=2.8e+00, Jf=3.4e-02, ⟨B·n⟩=2.6e-02, Len=sum([12.2, 10.8, 10.7])=33.8, ϰ=[523.9, 1218.9, 756.3], ∫ϰ²/L=[337.8, 625.6, 601.8], C-C-Sep=0.01, ║∇J║=3.6e+02
-----On 4/20 Initial Guess Perturbations
Iteration 444/1000-----
J=2.5e-02, Jf=1.5e-03, ⟨B·n⟩=9.2e-03, Len=sum([6.8, 5.4, 6.5])=18.8, ϰ=[10.5, 15.7, 9.6], ∫ϰ²/L=[20.2, 26.2, 17.6], C-C-Sep=0.17, ║∇J║=1.7e+00
-----On 4/20 Initial Guess Perturbations
Iteration 445/1000-----
J=1.6e-02, Jf=1.5e-03, ⟨B·n⟩=9.1e-03, Len=sum([6.7, 5.4, 6.5])=18.5, ϰ=[8.1, 6.7, 8.7], ∫ϰ²/L=[11.6, 7.5, 9.8], C-C-Sep=0.20, ║∇J║=1.8e-01
-----On 4/20 Initial Guess Perturbations
Iteration 446/1000-----
J=6.6e-02, Jf=2.2e-02, ⟨B·n⟩=1.2e-02, Len=sum([7.0, 5.5, 6.6])=19.2, ϰ=[19.0, 21.3, 19.8], ∫ϰ²/L=[49.7, 54.6, 35.1], C-C-Sep=0.15, ║∇J║=4.7e+01
-----On 4/20 Initial Guess Perturbations
Iteration 447/1000-----
J=1.6e-02, Jf=1.5e-03, ⟨B·n⟩=9.1e-03, Len=sum([6.7, 5.4, 6.5])=18.5, ϰ=[8.1, 6.6, 8.7], ∫ϰ²/L=[11.5, 7.6, 9.7], C-C-Sep=0.20, ║∇J║=1.7e-01
-----On 4/20 Initial Guess Perturbations
Iteration 448/1000-----
J=4.7e+00, Jf=7.3e-02, ⟨B·n⟩=3.8e-02, Len=sum([17.2, 14.4, 13.7])=45.3, ϰ=[176.4, 615.3, 988.2], ∫ϰ²/L=[144.2, 399.1, 692.2], C-C-Sep=0.00, ║∇J║=2.3e+02
-----On 4/20 Initial Guess Perturbations
Iteration 449/1000-----
J=1.6e-02, Jf=1.5e-03, ⟨B·n⟩=9.1e-03, Len=sum([6.7, 5.4, 6.5])=18.5, ϰ=[8.1, 6.6, 8.7], ∫ϰ²/L=[11.5, 7.6, 9.7], C-C-Sep=0.20, ║∇J║=1.7e-01
-----On 4/20 Initial Guess Perturbations
Iteration 450/1000-----
J=1.6e-02, Jf=1.5e-03, ⟨B·n⟩=9.1e-03, Len=sum([6.7, 5.3, 6.5])=18.5, ϰ=[8.0, 6.0, 8.7], ∫ϰ²/L=[11.8, 7.7, 9.7], C-C-Sep=0.20, ║∇J║=3.3e-01
-----On 4/20 Initial Guess Perturbations
Iteration 451/1000-----
J=1.9e-02, Jf=1.5e-03, ⟨B·n⟩=9.1e-03, Len=sum([6.7, 5.4, 6.5])=18.5, ϰ=[9.4, 9.3, 8.0], ∫ϰ²/L=[15.7, 13.9, 13.1], C-C-Sep=0.18, ║∇J║=1.0e+00
-----On 4/20 Initial Guess Perturbations
Iteration 452/1000-----
J=1.6e-02, Jf=1.5e-03, ⟨B·n⟩=9.1e-03, Len=sum([6.7, 5.3, 6.5])=18.5, ϰ=[8.0, 6.0, 8.7], ∫ϰ²/L=[11.8, 7.8, 9.7], C-C-Sep=0.20, ║∇J║=3.1e-01
-----On 4/20 Initial Guess Perturbations
Iteration 453/1000-----
J=7.0e-02, Jf=3.2e-03, ⟨B·n⟩=1.0e-02, Len=sum([7.3, 5.8, 6.8])=19.9, ϰ=[31.4, 37.5, 22.8], ∫ϰ²/L=[58.1, 83.9, 39.0], C-C-Sep=0.15, ║∇J║=5.7e+00
-----On 4/20 Initial Guess Perturbations
Iteration 454/1000-----
J=1.6e-02, Jf=1.5e-03, ⟨B·n⟩=9.1e-03, Len=sum([6.7, 5.3, 6.5])=18.5, ϰ=[8.0, 6.0, 8.7], ∫ϰ²/L=[11.8, 7.8, 9.7], C-C-Sep=0.20, ║∇J║=3.2e-01
-----On 4/20 Initial Guess Perturbations
Iteration 455/1000-----
J=1.6e-02, Jf=1.4e-03, ⟨B·n⟩=9.1e-03, Len=sum([6.7, 5.3, 6.5])=18.5, ϰ=[7.9, 6.1, 8.6], ∫ϰ²/L=[11.8, 8.2, 9.8], C-C-Sep=0.20, ║∇J║=5.7e-01
-----On 4/20 Initial Guess Perturbations
Iteration 456/1000-----
J=1.6e-02, Jf=1.4e-03, ⟨B·n⟩=9.1e-03, Len=sum([6.7, 5.3, 6.5])=18.5, ϰ=[7.9, 6.1, 8.6], ∫ϰ²/L=[11.8, 7.9, 9.7], C-C-Sep=0.20, ║∇J║=3.7e-01
-----On 4/20 Initial Guess Perturbations
Iteration 457/1000-----
J=4.7e-02, Jf=4.2e-03, ⟨B·n⟩=1.2e-02, Len=sum([7.3, 5.7, 6.9])=19.8, ϰ=[21.1, 25.5, 12.0], ∫ϰ²/L=[50.5, 46.4, 21.9], C-C-Sep=0.15, ║∇J║=5.5e+00
-----On 4/20 Initial Guess Perturbations
Iteration 458/1000-----
J=1.6e-02, Jf=1.4e-03, ⟨B·n⟩=9.1e-03, Len=sum([6.7, 5.3, 6.5])=18.5, ϰ=[8.0, 5.8, 8.7], ∫ϰ²/L=[11.8, 7.8, 9.6], C-C-Sep=0.20, ║∇J║=2.8e-01
-----On 4/20 Initial Guess Perturbations
Iteration 459/1000-----
J=2.0e+00, Jf=2.4e-02, ⟨B·n⟩=2.9e-02, Len=sum([12.9, 11.0, 12.7])=36.5, ϰ=[172.2, 194.3, 2004.9], ∫ϰ²/L=[140.0, 245.2, 546.0], C-C-Sep=0.01, ║∇J║=1.4e+03
-----On 4/20 Initial Guess Perturbations
Iteration 460/1000-----
J=1.6e-02, Jf=1.4e-03, ⟨B·n⟩=9.1e-03, Len=sum([6.7, 5.3, 6.5])=18.5, ϰ=[8.0, 5.8, 8.7], ∫ϰ²/L=[11.8, 7.7, 9.6], C-C-Sep=0.20, ║∇J║=2.8e-01
-----On 4/20 Initial Guess Perturbations
Iteration 461/1000-----
J=1.6e-02, Jf=1.4e-03, ⟨B·n⟩=9.1e-03, Len=sum([6.7, 5.3, 6.5])=18.5, ϰ=[8.0, 5.7, 8.7], ∫ϰ²/L=[11.7, 7.6, 9.6], C-C-Sep=0.20, ║∇J║=2.5e-01
-----On 4/20 Initial Guess Perturbations
Iteration 462/1000-----
J=1.6e-02, Jf=1.4e-03, ⟨B·n⟩=9.1e-03, Len=sum([6.7, 5.3, 6.5])=18.5, ϰ=[8.1, 6.0, 8.5], ∫ϰ²/L=[11.8, 7.7, 9.6], C-C-Sep=0.20, ║∇J║=2.3e-01
-----On 4/20 Initial Guess Perturbations
Iteration 463/1000-----
J=2.1e+02, Jf=6.8e-01, ⟨B·n⟩=1.7e-01, Len=sum([206.0, 132.0, 161.7])=499.6, ϰ=[38.2, 39.6, 15.9], ∫ϰ²/L=[2.3, 4.3, 1.9], C-C-Sep=0.05, ║∇J║=4.9e+02
-----On 4/20 Initial Guess Perturbations
Iteration 464/1000-----
J=1.6e-02, Jf=1.4e-03, ⟨B·n⟩=9.1e-03, Len=sum([6.7, 5.3, 6.5])=18.5, ϰ=[8.1, 5.9, 8.5], ∫ϰ²/L=[11.7, 7.7, 9.6], C-C-Sep=0.20, ║∇J║=2.1e-01
-----On 4/20 Initial Guess Perturbations
Iteration 465/1000-----
J=1.6e-02, Jf=1.4e-03, ⟨B·n⟩=9.0e-03, Len=sum([6.7, 5.3, 6.5])=18.5, ϰ=[8.2, 6.1, 8.4], ∫ϰ²/L=[11.7, 7.5, 9.5], C-C-Sep=0.20, ║∇J║=1.7e-01
-----On 4/20 Initial Guess Perturbations
Iteration 466/1000-----
J=1.6e-02, Jf=1.4e-03, ⟨B·n⟩=9.0e-03, Len=sum([6.7, 5.3, 6.4])=18.4, ϰ=[8.1, 5.4, 7.8], ∫ϰ²/L=[12.0, 7.6, 9.4], C-C-Sep=0.20, ║∇J║=2.7e-01
-----On 4/20 Initial Guess Perturbations
Iteration 467/1000-----
J=1.6e-02, Jf=1.4e-03, ⟨B·n⟩=9.0e-03, Len=sum([6.7, 5.3, 6.5])=18.5, ϰ=[8.2, 5.4, 8.0], ∫ϰ²/L=[11.8, 7.4, 9.4], C-C-Sep=0.20, ║∇J║=2.0e-01
-----On 4/20 Initial Guess Perturbations
Iteration 468/1000-----
J=4.0e+00, Jf=7.4e-02, ⟨B·n⟩=3.9e-02, Len=sum([17.3, 12.1, 14.8])=44.2, ϰ=[146.8, 1546.8, 165.7], ∫ϰ²/L=[151.7, 1064.8, 167.8], C-C-Sep=0.01, ║∇J║=8.4e+02
-----On 4/20 Initial Guess Perturbations
Iteration 469/1000-----
J=3.0e-02, Jf=1.6e-03, ⟨B·n⟩=9.4e-03, Len=sum([6.8, 5.4, 6.6])=18.9, ϰ=[14.5, 12.0, 10.6], ∫ϰ²/L=[27.4, 25.8, 21.9], C-C-Sep=0.16, ║∇J║=2.2e+00
-----On 4/20 Initial Guess Perturbations
Iteration 470/1000-----
J=1.6e-02, Jf=1.4e-03, ⟨B·n⟩=9.0e-03, Len=sum([6.7, 5.3, 6.5])=18.5, ϰ=[8.2, 5.4, 8.0], ∫ϰ²/L=[11.8, 7.4, 9.4], C-C-Sep=0.20, ║∇J║=2.0e-01
-----On 4/20 Initial Guess Perturbations
Iteration 471/1000-----
J=2.7e-01, Jf=7.1e-03, ⟨B·n⟩=1.2e-02, Len=sum([7.7, 6.3, 7.3])=21.3, ϰ=[61.1, 216.8, 61.3], ∫ϰ²/L=[89.5, 239.6, 96.2], C-C-Sep=0.09, ║∇J║=1.7e+01
-----On 4/20 Initial Guess Perturbations
Iteration 472/1000-----
J=1.6e-02, Jf=1.4e-03, ⟨B·n⟩=9.0e-03, Len=sum([6.7, 5.3, 6.5])=18.5, ϰ=[8.2, 5.3, 8.1], ∫ϰ²/L=[11.8, 7.4, 9.4], C-C-Sep=0.20, ║∇J║=2.0e-01
-----On 4/20 Initial Guess Perturbations
Iteration 473/1000-----
J=1.7e-02, Jf=1.5e-03, ⟨B·n⟩=9.2e-03, Len=sum([6.7, 5.3, 6.5])=18.5, ϰ=[7.9, 6.5, 8.0], ∫ϰ²/L=[12.6, 8.5, 9.8], C-C-Sep=0.20, ║∇J║=5.9e-01
-----On 4/20 Initial Guess Perturbations
Iteration 474/1000-----
J=1.6e-02, Jf=1.4e-03, ⟨B·n⟩=9.0e-03, Len=sum([6.7, 5.3, 6.5])=18.5, ϰ=[8.2, 5.3, 8.1], ∫ϰ²/L=[11.8, 7.4, 9.4], C-C-Sep=0.20, ║∇J║=2.0e-01
-----On 4/20 Initial Guess Perturbations
Iteration 475/1000-----
J=4.3e-02, Jf=1.8e-03, ⟨B·n⟩=9.9e-03, Len=sum([7.0, 5.5, 6.4])=19.0, ϰ=[14.5, 13.7, 14.9], ∫ϰ²/L=[35.7, 41.5, 25.4], C-C-Sep=0.15, ║∇J║=7.2e+00
-----On 4/20 Initial Guess Perturbations
Iteration 476/1000-----
J=1.6e-02, Jf=1.4e-03, ⟨B·n⟩=9.0e-03, Len=sum([6.7, 5.3, 6.4])=18.4, ϰ=[8.1, 5.3, 8.1], ∫ϰ²/L=[12.0, 7.7, 9.4], C-C-Sep=0.20, ║∇J║=2.4e-01
-----On 4/20 Initial Guess Perturbations
Iteration 477/1000-----
J=4.3e-01, Jf=2.1e-01, ⟨B·n⟩=1.8e-02, Len=sum([7.6, 6.3, 7.0])=20.8, ϰ=[25.0, 78.0, 43.2], ∫ϰ²/L=[66.5, 149.9, 87.9], C-C-Sep=0.07, ║∇J║=1.7e+03
-----On 4/20 Initial Guess Perturbations
Iteration 478/1000-----
J=4.3e+00, Jf=4.3e+00, ⟨B·n⟩=3.6e-02, Len=sum([6.8, 5.4, 6.4])=18.6, ϰ=[10.6, 12.2, 12.9], ∫ϰ²/L=[19.5, 30.6, 19.8], C-C-Sep=0.18, ║∇J║=7.4e+04
-----On 4/20 Initial Guess Perturbations
Iteration 479/1000-----
J=1.7e-02, Jf=1.4e-03, ⟨B·n⟩=9.0e-03, Len=sum([6.7, 5.3, 6.4])=18.4, ϰ=[8.8, 7.2, 9.4], ∫ϰ²/L=[12.9, 10.7, 10.9], C-C-Sep=0.19, ║∇J║=5.2e-01
-----On 4/20 Initial Guess Perturbations
Iteration 480/1000-----
J=1.6e-02, Jf=1.4e-03, ⟨B·n⟩=9.0e-03, Len=sum([6.7, 5.3, 6.4])=18.4, ϰ=[8.2, 5.3, 8.1], ∫ϰ²/L=[12.0, 7.7, 9.5], C-C-Sep=0.20, ║∇J║=2.3e-01
-----On 4/20 Initial Guess Perturbations
Iteration 481/1000-----
J=2.3e-02, Jf=6.9e-03, ⟨B·n⟩=1.0e-02, Len=sum([6.7, 5.3, 6.4])=18.4, ϰ=[8.6, 6.8, 9.1], ∫ϰ²/L=[14.3, 9.7, 11.9], C-C-Sep=0.19, ║∇J║=2.3e+01
-----On 4/20 Initial Guess Perturbations
Iteration 482/1000-----
J=1.6e-02, Jf=1.4e-03, ⟨B·n⟩=9.0e-03, Len=sum([6.7, 5.3, 6.4])=18.4, ϰ=[8.2, 5.3, 8.1], ∫ϰ²/L=[12.0, 7.7, 9.5], C-C-Sep=0.20, ║∇J║=2.3e-01
-----On 4/20 Initial Guess Perturbations
Iteration 483/1000-----
J=1.6e-02, Jf=1.4e-03, ⟨B·n⟩=9.0e-03, Len=sum([6.7, 5.3, 6.4])=18.4, ϰ=[8.2, 5.3, 8.1], ∫ϰ²/L=[12.1, 7.7, 9.5], C-C-Sep=0.20, ║∇J║=2.5e-01
-----On 4/20 Initial Guess Perturbations
Iteration 484/1000-----
J=1.6e-02, Jf=1.4e-03, ⟨B·n⟩=8.9e-03, Len=sum([6.7, 5.3, 6.4])=18.4, ϰ=[8.1, 5.1, 8.0], ∫ϰ²/L=[12.0, 7.5, 9.4], C-C-Sep=0.20, ║∇J║=2.6e-01
-----On 4/20 Initial Guess Perturbations
Iteration 485/1000-----
J=3.1e+00, Jf=2.6e-01, ⟨B·n⟩=5.2e-02, Len=sum([17.5, 13.0, 13.2])=43.7, ϰ=[304.6, 413.9, 540.3], ∫ϰ²/L=[208.2, 255.8, 253.5], C-C-Sep=0.03, ║∇J║=1.8e+03
-----On 4/20 Initial Guess Perturbations
Iteration 486/1000-----
J=1.7e-01, Jf=6.3e-03, ⟨B·n⟩=1.3e-02, Len=sum([8.1, 6.3, 7.2])=21.6, ϰ=[62.7, 56.3, 62.9], ∫ϰ²/L=[119.2, 133.9, 77.7], C-C-Sep=0.11, ║∇J║=9.1e+00
-----On 4/20 Initial Guess Perturbations
Iteration 487/1000-----
J=1.6e-02, Jf=1.4e-03, ⟨B·n⟩=8.9e-03, Len=sum([6.7, 5.3, 6.4])=18.4, ϰ=[8.2, 5.1, 8.0], ∫ϰ²/L=[12.0, 7.5, 9.4], C-C-Sep=0.20, ║∇J║=2.1e-01
-----On 4/20 Initial Guess Perturbations
Iteration 488/1000-----
J=2.7e-02, Jf=1.9e-03, ⟨B·n⟩=9.5e-03, Len=sum([6.8, 5.5, 6.5])=18.8, ϰ=[23.2, 16.0, 14.3], ∫ϰ²/L=[25.2, 35.2, 18.5], C-C-Sep=0.18, ║∇J║=1.6e+00
-----On 4/20 Initial Guess Perturbations
Iteration 489/1000-----
J=1.6e-02, Jf=1.4e-03, ⟨B·n⟩=8.9e-03, Len=sum([6.7, 5.3, 6.4])=18.4, ϰ=[8.2, 5.1, 8.0], ∫ϰ²/L=[12.0, 7.5, 9.4], C-C-Sep=0.20, ║∇J║=2.0e-01
-----On 4/20 Initial Guess Perturbations
Iteration 490/1000-----
J=2.2e-02, Jf=4.6e-03, ⟨B·n⟩=9.5e-03, Len=sum([6.7, 5.4, 6.4])=18.5, ϰ=[10.5, 9.9, 8.1], ∫ϰ²/L=[17.6, 19.8, 12.7], C-C-Sep=0.19, ║∇J║=1.7e+01
-----On 4/20 Initial Guess Perturbations
Iteration 491/1000-----
J=1.6e-02, Jf=1.4e-03, ⟨B·n⟩=8.9e-03, Len=sum([6.7, 5.3, 6.4])=18.4, ϰ=[8.2, 5.1, 8.0], ∫ϰ²/L=[12.0, 7.5, 9.4], C-C-Sep=0.20, ║∇J║=2.0e-01
-----On 4/20 Initial Guess Perturbations
Iteration 492/1000-----
J=5.1e-02, Jf=8.2e-03, ⟨B·n⟩=1.1e-02, Len=sum([7.1, 5.6, 6.8])=19.5, ϰ=[25.9, 21.7, 21.8], ∫ϰ²/L=[48.2, 52.5, 56.2], C-C-Sep=0.16, ║∇J║=2.5e+01
-----On 4/20 Initial Guess Perturbations
Iteration 493/1000-----
J=1.6e-02, Jf=1.4e-03, ⟨B·n⟩=8.9e-03, Len=sum([6.7, 5.3, 6.4])=18.4, ϰ=[8.2, 5.1, 8.0], ∫ϰ²/L=[12.0, 7.5, 9.4], C-C-Sep=0.20, ║∇J║=1.9e-01
-----On 4/20 Initial Guess Perturbations
Iteration 494/1000-----
J=1.6e-02, Jf=1.4e-03, ⟨B·n⟩=8.9e-03, Len=sum([6.7, 5.3, 6.4])=18.4, ϰ=[8.1, 5.2, 7.8], ∫ϰ²/L=[12.2, 7.5, 9.5], C-C-Sep=0.20, ║∇J║=3.3e-01
-----On 4/20 Initial Guess Perturbations
Iteration 495/1000-----
J=2.0e-02, Jf=1.3e-03, ⟨B·n⟩=8.9e-03, Len=sum([6.7, 5.3, 6.4])=18.4, ϰ=[8.7, 11.0, 8.8], ∫ϰ²/L=[18.2, 15.1, 16.8], C-C-Sep=0.18, ║∇J║=9.6e-01
-----On 4/20 Initial Guess Perturbations
Iteration 496/1000-----
J=1.6e-02, Jf=1.4e-03, ⟨B·n⟩=8.9e-03, Len=sum([6.7, 5.3, 6.4])=18.4, ϰ=[8.1, 5.2, 7.7], ∫ϰ²/L=[12.2, 7.5, 9.6], C-C-Sep=0.20, ║∇J║=2.1e-01
-----On 4/20 Initial Guess Perturbations
Iteration 497/1000-----
J=1.6e-02, Jf=1.4e-03, ⟨B·n⟩=8.9e-03, Len=sum([6.7, 5.3, 6.4])=18.4, ϰ=[8.0, 5.1, 7.7], ∫ϰ²/L=[12.2, 7.4, 9.5], C-C-Sep=0.20, ║∇J║=1.6e-01
-----On 4/20 Initial Guess Perturbations
Iteration 498/1000-----
J=1.7e-02, Jf=1.4e-03, ⟨B·n⟩=8.8e-03, Len=sum([6.7, 5.3, 6.4])=18.4, ϰ=[8.2, 6.8, 7.9], ∫ϰ²/L=[14.9, 10.6, 12.9], C-C-Sep=0.20, ║∇J║=4.5e-01
-----On 4/20 Initial Guess Perturbations
Iteration 499/1000-----
J=1.6e-02, Jf=1.4e-03, ⟨B·n⟩=8.8e-03, Len=sum([6.7, 5.3, 6.4])=18.4, ϰ=[8.0, 5.2, 7.6], ∫ϰ²/L=[12.2, 7.4, 9.6], C-C-Sep=0.20, ║∇J║=1.5e-01
-----On 4/20 Initial Guess Perturbations
Iteration 500/1000-----
J=1.6e-02, Jf=1.4e-03, ⟨B·n⟩=8.8e-03, Len=sum([6.7, 5.3, 6.4])=18.3, ϰ=[7.8, 5.3, 7.6], ∫ϰ²/L=[12.3, 7.3, 9.8], C-C-Sep=0.20, ║∇J║=4.7e-01
-----On 4/20 Initial Guess Perturbations
Iteration 501/1000-----
J=1.6e-02, Jf=1.4e-03, ⟨B·n⟩=8.8e-03, Len=sum([6.7, 5.3, 6.4])=18.3, ϰ=[7.9, 5.6, 7.6], ∫ϰ²/L=[12.3, 7.1, 9.8], C-C-Sep=0.20, ║∇J║=1.5e-01
-----On 4/20 Initial Guess Perturbations
Iteration 502/1000-----
J=1.6e-02, Jf=1.4e-03, ⟨B·n⟩=8.8e-03, Len=sum([6.6, 5.3, 6.4])=18.3, ϰ=[7.9, 5.5, 7.6], ∫ϰ²/L=[12.1, 6.9, 9.8], C-C-Sep=0.20, ║∇J║=2.2e-01
-----On 4/20 Initial Guess Perturbations
Iteration 503/1000-----
J=1.6e-02, Jf=1.3e-03, ⟨B·n⟩=8.8e-03, Len=sum([6.7, 5.3, 6.4])=18.3, ϰ=[7.8, 5.5, 7.6], ∫ϰ²/L=[12.2, 7.0, 9.8], C-C-Sep=0.20, ║∇J║=1.7e-01
-----On 4/20 Initial Guess Perturbations
Iteration 504/1000-----
J=1.6e-02, Jf=1.3e-03, ⟨B·n⟩=8.8e-03, Len=sum([6.7, 5.3, 6.4])=18.3, ϰ=[7.8, 5.5, 7.5], ∫ϰ²/L=[12.3, 7.1, 9.8], C-C-Sep=0.20, ║∇J║=1.6e-01
-----On 4/20 Initial Guess Perturbations
Iteration 505/1000-----
J=1.6e-02, Jf=1.3e-03, ⟨B·n⟩=8.8e-03, Len=sum([6.6, 5.3, 6.3])=18.3, ϰ=[7.8, 5.4, 7.4], ∫ϰ²/L=[12.4, 7.1, 9.9], C-C-Sep=0.20, ║∇J║=1.2e-01
-----On 4/20 Initial Guess Perturbations
Iteration 506/1000-----
J=1.6e-02, Jf=1.3e-03, ⟨B·n⟩=8.8e-03, Len=sum([6.6, 5.3, 6.3])=18.3, ϰ=[8.2, 5.1, 7.5], ∫ϰ²/L=[12.3, 7.1, 9.8], C-C-Sep=0.20, ║∇J║=1.0e-01
-----On 4/20 Initial Guess Perturbations
Iteration 507/1000-----
J=1.6e-02, Jf=1.3e-03, ⟨B·n⟩=8.8e-03, Len=sum([6.6, 5.3, 6.3])=18.2, ϰ=[8.4, 6.3, 6.8], ∫ϰ²/L=[13.3, 9.1, 10.3], C-C-Sep=0.19, ║∇J║=3.8e-01
-----On 4/20 Initial Guess Perturbations
Iteration 508/1000-----
J=1.6e-02, Jf=1.3e-03, ⟨B·n⟩=8.8e-03, Len=sum([6.6, 5.3, 6.3])=18.2, ϰ=[8.1, 5.1, 7.4], ∫ϰ²/L=[12.4, 7.1, 9.8], C-C-Sep=0.20, ║∇J║=2.5e-01
-----On 4/20 Initial Guess Perturbations
Iteration 509/1000-----
J=1.6e-02, Jf=1.3e-03, ⟨B·n⟩=8.8e-03, Len=sum([6.6, 5.3, 6.3])=18.2, ϰ=[8.2, 4.9, 7.4], ∫ϰ²/L=[12.4, 7.2, 9.7], C-C-Sep=0.20, ║∇J║=1.6e-01
-----On 4/20 Initial Guess Perturbations
Iteration 510/1000-----
J=1.6e-02, Jf=1.3e-03, ⟨B·n⟩=8.8e-03, Len=sum([6.6, 5.3, 6.3])=18.2, ϰ=[8.2, 4.8, 7.4], ∫ϰ²/L=[12.2, 7.2, 9.4], C-C-Sep=0.20, ║∇J║=1.2e-01
-----On 4/20 Initial Guess Perturbations
Iteration 511/1000-----
J=1.6e-02, Jf=1.3e-03, ⟨B·n⟩=8.7e-03, Len=sum([6.6, 5.3, 6.3])=18.2, ϰ=[8.2, 4.8, 7.4], ∫ϰ²/L=[12.3, 7.4, 9.5], C-C-Sep=0.20, ║∇J║=1.0e-01
-----On 4/20 Initial Guess Perturbations
Iteration 512/1000-----
J=1.6e-02, Jf=1.3e-03, ⟨B·n⟩=8.7e-03, Len=sum([6.6, 5.3, 6.3])=18.2, ϰ=[8.0, 4.7, 7.4], ∫ϰ²/L=[12.2, 7.7, 9.3], C-C-Sep=0.20, ║∇J║=1.7e-01
-----On 4/20 Initial Guess Perturbations
Iteration 513/1000-----
J=1.6e-02, Jf=1.3e-03, ⟨B·n⟩=8.7e-03, Len=sum([6.6, 5.3, 6.3])=18.2, ϰ=[8.1, 4.7, 7.3], ∫ϰ²/L=[12.1, 7.5, 9.1], C-C-Sep=0.20, ║∇J║=1.7e-01
-----On 4/20 Initial Guess Perturbations
Iteration 514/1000-----
J=1.6e-02, Jf=1.3e-03, ⟨B·n⟩=8.7e-03, Len=sum([6.6, 5.3, 6.3])=18.2, ϰ=[8.1, 4.9, 7.3], ∫ϰ²/L=[12.2, 7.4, 9.2], C-C-Sep=0.20, ║∇J║=1.9e-01
-----On 4/20 Initial Guess Perturbations
Iteration 515/1000-----
J=1.6e-02, Jf=1.3e-03, ⟨B·n⟩=8.7e-03, Len=sum([6.6, 5.3, 6.3])=18.2, ϰ=[8.1, 5.0, 7.2], ∫ϰ²/L=[12.3, 7.6, 9.2], C-C-Sep=0.20, ║∇J║=9.9e-02
-----On 4/20 Initial Guess Perturbations
Iteration 516/1000-----
J=1.6e-02, Jf=1.3e-03, ⟨B·n⟩=8.7e-03, Len=sum([6.6, 5.3, 6.3])=18.2, ϰ=[8.1, 5.1, 7.1], ∫ϰ²/L=[12.3, 7.7, 9.2], C-C-Sep=0.20, ║∇J║=9.8e-02
-----On 4/20 Initial Guess Perturbations
Iteration 517/1000-----
J=1.6e-02, Jf=1.3e-03, ⟨B·n⟩=8.7e-03, Len=sum([6.6, 5.3, 6.3])=18.1, ϰ=[8.0, 5.2, 6.9], ∫ϰ²/L=[12.4, 7.8, 9.2], C-C-Sep=0.20, ║∇J║=1.1e-01
-----On 4/20 Initial Guess Perturbations
Iteration 518/1000-----
J=1.6e-02, Jf=1.3e-03, ⟨B·n⟩=8.7e-03, Len=sum([6.6, 5.2, 6.2])=18.1, ϰ=[8.2, 5.1, 6.8], ∫ϰ²/L=[12.8, 7.9, 9.2], C-C-Sep=0.20, ║∇J║=1.9e-01
-----On 4/20 Initial Guess Perturbations
Iteration 519/1000-----
J=1.6e-02, Jf=1.3e-03, ⟨B·n⟩=8.7e-03, Len=sum([6.6, 5.2, 6.2])=18.1, ϰ=[8.2, 5.0, 6.7], ∫ϰ²/L=[12.6, 7.7, 9.1], C-C-Sep=0.20, ║∇J║=8.4e-02
-----On 4/20 Initial Guess Perturbations
Iteration 520/1000-----
J=1.6e-02, Jf=1.3e-03, ⟨B·n⟩=8.7e-03, Len=sum([6.6, 5.2, 6.2])=18.1, ϰ=[8.2, 5.1, 6.7], ∫ϰ²/L=[12.7, 7.8, 9.2], C-C-Sep=0.20, ║∇J║=8.3e-02
-----On 4/20 Initial Guess Perturbations
Iteration 521/1000-----
J=1.6e-02, Jf=1.2e-03, ⟨B·n⟩=8.7e-03, Len=sum([6.6, 5.2, 6.2])=18.1, ϰ=[8.2, 5.0, 6.8], ∫ϰ²/L=[12.8, 7.7, 9.2], C-C-Sep=0.20, ║∇J║=9.5e-02
-----On 4/20 Initial Guess Perturbations
Iteration 522/1000-----
J=1.6e-02, Jf=1.2e-03, ⟨B·n⟩=8.7e-03, Len=sum([6.6, 5.2, 6.2])=18.0, ϰ=[8.4, 5.4, 6.8], ∫ϰ²/L=[13.3, 7.9, 9.4], C-C-Sep=0.20, ║∇J║=8.7e-02
-----On 4/20 Initial Guess Perturbations
Iteration 523/1000-----
J=1.6e-02, Jf=1.2e-03, ⟨B·n⟩=8.7e-03, Len=sum([6.6, 5.2, 6.2])=18.0, ϰ=[7.9, 5.1, 7.1], ∫ϰ²/L=[13.6, 7.9, 9.6], C-C-Sep=0.20, ║∇J║=1.3e-01
-----On 4/20 Initial Guess Perturbations
Iteration 524/1000-----
J=1.6e-02, Jf=1.2e-03, ⟨B·n⟩=8.7e-03, Len=sum([6.6, 5.2, 6.2])=18.0, ϰ=[8.2, 5.3, 6.9], ∫ϰ²/L=[13.4, 7.9, 9.5], C-C-Sep=0.20, ║∇J║=9.6e-02
-----On 4/20 Initial Guess Perturbations
Iteration 525/1000-----
J=1.6e-02, Jf=1.2e-03, ⟨B·n⟩=8.7e-03, Len=sum([6.6, 5.2, 6.2])=18.0, ϰ=[8.2, 5.4, 6.9], ∫ϰ²/L=[13.1, 7.3, 9.4], C-C-Sep=0.20, ║∇J║=7.7e-01
-----On 4/20 Initial Guess Perturbations
Iteration 526/1000-----
J=1.6e-02, Jf=1.6e-03, ⟨B·n⟩=8.8e-03, Len=sum([6.6, 5.2, 6.2])=17.9, ϰ=[8.9, 5.9, 7.1], ∫ϰ²/L=[13.0, 6.7, 9.5], C-C-Sep=0.20, ║∇J║=4.7e+00
-----On 4/20 Initial Guess Perturbations
Iteration 527/1000-----
J=1.6e-02, Jf=1.2e-03, ⟨B·n⟩=8.6e-03, Len=sum([6.6, 5.2, 6.2])=18.0, ϰ=[8.3, 5.4, 6.9], ∫ϰ²/L=[13.1, 7.2, 9.4], C-C-Sep=0.20, ║∇J║=2.3e-01
-----On 4/20 Initial Guess Perturbations
Iteration 528/1000-----
J=1.6e-02, Jf=1.2e-03, ⟨B·n⟩=8.6e-03, Len=sum([6.6, 5.2, 6.2])=18.0, ϰ=[8.4, 5.5, 7.1], ∫ϰ²/L=[13.5, 7.5, 9.6], C-C-Sep=0.20, ║∇J║=1.3e-01
-----On 4/20 Initial Guess Perturbations
Iteration 529/1000-----
J=1.6e-02, Jf=1.2e-03, ⟨B·n⟩=8.6e-03, Len=sum([6.6, 5.2, 6.2])=18.0, ϰ=[8.3, 5.5, 7.1], ∫ϰ²/L=[13.4, 7.4, 9.5], C-C-Sep=0.20, ║∇J║=2.0e-01
-----On 4/20 Initial Guess Perturbations
Iteration 530/1000-----
J=1.6e-02, Jf=1.2e-03, ⟨B·n⟩=8.6e-03, Len=sum([6.6, 5.2, 6.2])=18.0, ϰ=[8.3, 5.4, 7.2], ∫ϰ²/L=[13.2, 7.2, 9.4], C-C-Sep=0.20, ║∇J║=1.0e-01
-----On 4/20 Initial Guess Perturbations
Iteration 531/1000-----
J=1.6e-02, Jf=1.2e-03, ⟨B·n⟩=8.6e-03, Len=sum([6.6, 5.2, 6.2])=18.0, ϰ=[8.1, 5.5, 7.4], ∫ϰ²/L=[13.2, 7.1, 9.5], C-C-Sep=0.20, ║∇J║=1.4e-01
-----On 4/20 Initial Guess Perturbations
Iteration 532/1000-----
J=1.6e-02, Jf=1.2e-03, ⟨B·n⟩=8.5e-03, Len=sum([6.6, 5.2, 6.2])=17.9, ϰ=[8.0, 5.6, 7.5], ∫ϰ²/L=[13.3, 7.2, 9.6], C-C-Sep=0.20, ║∇J║=9.3e-02
-----On 4/20 Initial Guess Perturbations
Iteration 533/1000-----
J=1.6e-02, Jf=1.2e-03, ⟨B·n⟩=8.5e-03, Len=sum([6.6, 5.2, 6.2])=17.9, ϰ=[7.8, 5.7, 7.5], ∫ϰ²/L=[13.3, 7.2, 9.9], C-C-Sep=0.20, ║∇J║=6.8e-02
-----On 4/20 Initial Guess Perturbations
Iteration 534/1000-----
J=1.6e-02, Jf=1.2e-03, ⟨B·n⟩=8.5e-03, Len=sum([6.6, 5.2, 6.2])=17.9, ϰ=[7.9, 5.7, 7.4], ∫ϰ²/L=[13.4, 7.2, 10.1], C-C-Sep=0.20, ║∇J║=7.1e-02
-----On 4/20 Initial Guess Perturbations
Iteration 535/1000-----
J=1.6e-02, Jf=1.2e-03, ⟨B·n⟩=8.5e-03, Len=sum([6.5, 5.2, 6.2])=17.9, ϰ=[8.1, 6.0, 7.0], ∫ϰ²/L=[13.2, 7.3, 10.3], C-C-Sep=0.20, ║∇J║=9.3e-02
-----On 4/20 Initial Guess Perturbations
Iteration 536/1000-----
J=1.6e-02, Jf=1.2e-03, ⟨B·n⟩=8.5e-03, Len=sum([6.5, 5.2, 6.1])=17.9, ϰ=[8.0, 5.9, 7.0], ∫ϰ²/L=[13.3, 7.2, 10.3], C-C-Sep=0.20, ║∇J║=7.3e-02
-----On 4/20 Initial Guess Perturbations
Iteration 537/1000-----
J=1.6e-02, Jf=1.2e-03, ⟨B·n⟩=8.5e-03, Len=sum([6.5, 5.2, 6.1])=17.8, ϰ=[8.0, 5.9, 7.0], ∫ϰ²/L=[13.2, 7.0, 10.3], C-C-Sep=0.20, ║∇J║=8.4e-02
-----On 4/20 Initial Guess Perturbations
Iteration 538/1000-----
J=1.6e-02, Jf=1.2e-03, ⟨B·n⟩=8.5e-03, Len=sum([6.5, 5.2, 6.1])=17.8, ϰ=[8.0, 6.0, 7.2], ∫ϰ²/L=[13.4, 7.2, 10.6], C-C-Sep=0.20, ║∇J║=1.3e-01
-----On 4/20 Initial Guess Perturbations
Iteration 539/1000-----
J=1.5e-02, Jf=1.2e-03, ⟨B·n⟩=8.4e-03, Len=sum([6.5, 5.2, 6.1])=17.7, ϰ=[8.3, 5.9, 7.3], ∫ϰ²/L=[13.2, 7.2, 10.4], C-C-Sep=0.20, ║∇J║=8.1e-02
-----On 4/20 Initial Guess Perturbations
Iteration 540/1000-----
J=1.5e-02, Jf=1.2e-03, ⟨B·n⟩=8.4e-03, Len=sum([6.5, 5.1, 6.1])=17.7, ϰ=[8.2, 6.0, 7.3], ∫ϰ²/L=[13.2, 7.3, 10.3], C-C-Sep=0.20, ║∇J║=3.2e-01
-----On 4/20 Initial Guess Perturbations
Iteration 541/1000-----
J=1.5e-02, Jf=1.2e-03, ⟨B·n⟩=8.4e-03, Len=sum([6.5, 5.1, 6.1])=17.7, ϰ=[8.3, 6.0, 7.3], ∫ϰ²/L=[13.2, 7.3, 10.3], C-C-Sep=0.20, ║∇J║=2.4e-01
-----On 4/20 Initial Guess Perturbations
Iteration 542/1000-----
J=1.5e-02, Jf=1.2e-03, ⟨B·n⟩=8.4e-03, Len=sum([6.5, 5.1, 6.1])=17.7, ϰ=[8.3, 6.0, 7.4], ∫ϰ²/L=[13.3, 7.2, 10.3], C-C-Sep=0.20, ║∇J║=8.5e-02
-----On 4/20 Initial Guess Perturbations
Iteration 543/1000-----
J=1.5e-02, Jf=1.2e-03, ⟨B·n⟩=8.4e-03, Len=sum([6.5, 5.1, 6.1])=17.7, ϰ=[8.3, 5.9, 7.4], ∫ϰ²/L=[13.1, 7.1, 10.3], C-C-Sep=0.20, ║∇J║=1.3e-01
-----On 4/20 Initial Guess Perturbations
Iteration 544/1000-----
J=1.5e-02, Jf=1.2e-03, ⟨B·n⟩=8.4e-03, Len=sum([6.5, 5.1, 6.1])=17.7, ϰ=[8.4, 6.0, 7.4], ∫ϰ²/L=[13.2, 7.3, 10.3], C-C-Sep=0.20, ║∇J║=8.6e-02
-----On 4/20 Initial Guess Perturbations
Iteration 545/1000-----
J=1.5e-02, Jf=1.2e-03, ⟨B·n⟩=8.4e-03, Len=sum([6.4, 5.1, 6.0])=17.6, ϰ=[9.0, 6.2, 7.5], ∫ϰ²/L=[13.8, 7.7, 10.6], C-C-Sep=0.20, ║∇J║=1.6e-01
-----On 4/20 Initial Guess Perturbations
Iteration 546/1000-----
J=1.5e-02, Jf=1.2e-03, ⟨B·n⟩=8.4e-03, Len=sum([6.4, 5.1, 6.0])=17.6, ϰ=[8.9, 6.1, 7.5], ∫ϰ²/L=[13.5, 7.3, 10.3], C-C-Sep=0.20, ║∇J║=5.6e-02
-----On 4/20 Initial Guess Perturbations
Iteration 547/1000-----
J=1.5e-02, Jf=1.2e-03, ⟨B·n⟩=8.4e-03, Len=sum([6.4, 5.1, 6.0])=17.6, ϰ=[8.9, 6.1, 7.5], ∫ϰ²/L=[13.6, 7.3, 10.5], C-C-Sep=0.20, ║∇J║=4.6e-02
-----On 4/20 Initial Guess Perturbations
Iteration 548/1000-----
J=1.5e-02, Jf=1.2e-03, ⟨B·n⟩=8.4e-03, Len=sum([6.4, 5.1, 6.0])=17.6, ϰ=[8.8, 6.0, 7.5], ∫ϰ²/L=[13.6, 7.2, 10.5], C-C-Sep=0.20, ║∇J║=7.4e-02
-----On 4/20 Initial Guess Perturbations
Iteration 549/1000-----
J=1.5e-02, Jf=1.2e-03, ⟨B·n⟩=8.4e-03, Len=sum([6.4, 5.1, 6.0])=17.6, ϰ=[8.8, 6.0, 7.4], ∫ϰ²/L=[13.8, 7.1, 10.6], C-C-Sep=0.20, ║∇J║=1.1e-01
-----On 4/20 Initial Guess Perturbations
Iteration 550/1000-----
J=1.5e-02, Jf=1.1e-03, ⟨B·n⟩=8.4e-03, Len=sum([6.4, 5.1, 6.0])=17.5, ϰ=[8.7, 5.7, 7.3], ∫ϰ²/L=[13.6, 6.9, 10.4], C-C-Sep=0.20, ║∇J║=4.9e-02
-----On 4/20 Initial Guess Perturbations
Iteration 551/1000-----
J=1.5e-02, Jf=1.1e-03, ⟨B·n⟩=8.4e-03, Len=sum([6.4, 5.1, 6.0])=17.5, ϰ=[8.6, 5.5, 7.3], ∫ϰ²/L=[13.6, 6.8, 10.4], C-C-Sep=0.20, ║∇J║=1.4e-01
-----On 4/20 Initial Guess Perturbations
Iteration 552/1000-----
J=1.5e-02, Jf=1.1e-03, ⟨B·n⟩=8.4e-03, Len=sum([6.4, 5.1, 6.0])=17.5, ϰ=[8.5, 5.3, 7.2], ∫ϰ²/L=[13.4, 6.5, 10.3], C-C-Sep=0.20, ║∇J║=3.3e-01
-----On 4/20 Initial Guess Perturbations
Iteration 553/1000-----
J=1.5e-02, Jf=1.1e-03, ⟨B·n⟩=8.4e-03, Len=sum([6.4, 5.1, 6.0])=17.5, ϰ=[8.7, 5.2, 7.2], ∫ϰ²/L=[13.5, 6.6, 10.4], C-C-Sep=0.20, ║∇J║=2.3e-01
-----On 4/20 Initial Guess Perturbations
Iteration 554/1000-----
J=1.5e-02, Jf=1.1e-03, ⟨B·n⟩=8.4e-03, Len=sum([6.4, 5.1, 6.0])=17.5, ϰ=[8.8, 5.2, 7.2], ∫ϰ²/L=[13.5, 6.6, 10.3], C-C-Sep=0.20, ║∇J║=1.3e-01
-----On 4/20 Initial Guess Perturbations
Iteration 555/1000-----
J=1.5e-02, Jf=1.1e-03, ⟨B·n⟩=8.4e-03, Len=sum([6.4, 5.1, 6.0])=17.5, ϰ=[8.8, 5.2, 7.1], ∫ϰ²/L=[13.5, 6.7, 10.3], C-C-Sep=0.20, ║∇J║=8.2e-02
-----On 4/20 Initial Guess Perturbations
Iteration 556/1000-----
J=1.5e-02, Jf=1.1e-03, ⟨B·n⟩=8.4e-03, Len=sum([6.4, 5.1, 6.0])=17.5, ϰ=[8.8, 5.2, 7.2], ∫ϰ²/L=[13.5, 6.7, 10.3], C-C-Sep=0.20, ║∇J║=1.0e-01
-----On 4/20 Initial Guess Perturbations
Iteration 557/1000-----
J=2.0e-02, Jf=1.6e-03, ⟨B·n⟩=9.0e-03, Len=sum([6.4, 5.2, 6.0])=17.6, ϰ=[9.7, 18.6, 10.7], ∫ϰ²/L=[21.8, 30.5, 18.8], C-C-Sep=0.18, ║∇J║=3.9e+00
-----On 4/20 Initial Guess Perturbations
Iteration 558/1000-----
J=1.5e-02, Jf=1.1e-03, ⟨B·n⟩=8.4e-03, Len=sum([6.4, 5.1, 6.0])=17.5, ϰ=[8.8, 5.2, 7.1], ∫ϰ²/L=[13.5, 6.7, 10.3], C-C-Sep=0.20, ║∇J║=4.5e-02
-----On 4/20 Initial Guess Perturbations
Iteration 559/1000-----
J=1.5e-02, Jf=1.1e-03, ⟨B·n⟩=8.4e-03, Len=sum([6.4, 5.1, 6.0])=17.5, ϰ=[8.9, 5.2, 7.0], ∫ϰ²/L=[13.5, 6.8, 10.3], C-C-Sep=0.20, ║∇J║=6.1e-02
-----On 4/20 Initial Guess Perturbations
Iteration 560/1000-----
J=1.5e-02, Jf=1.1e-03, ⟨B·n⟩=8.4e-03, Len=sum([6.4, 5.1, 6.0])=17.4, ϰ=[9.2, 5.5, 6.8], ∫ϰ²/L=[13.6, 7.3, 10.3], C-C-Sep=0.20, ║∇J║=6.5e-02
-----On 4/20 Initial Guess Perturbations
Iteration 561/1000-----
J=1.8e-02, Jf=1.2e-03, ⟨B·n⟩=8.7e-03, Len=sum([6.3, 5.1, 6.0])=17.4, ϰ=[10.3, 10.8, 9.0], ∫ϰ²/L=[19.1, 18.4, 15.7], C-C-Sep=0.18, ║∇J║=9.8e-01
-----On 4/20 Initial Guess Perturbations
Iteration 562/1000-----
J=1.5e-02, Jf=1.1e-03, ⟨B·n⟩=8.4e-03, Len=sum([6.4, 5.1, 6.0])=17.4, ϰ=[9.2, 5.6, 6.7], ∫ϰ²/L=[13.6, 7.4, 10.4], C-C-Sep=0.20, ║∇J║=5.5e-02
-----On 4/20 Initial Guess Perturbations
Iteration 563/1000-----
J=1.5e-02, Jf=1.1e-03, ⟨B·n⟩=8.4e-03, Len=sum([6.4, 5.1, 6.0])=17.4, ϰ=[9.3, 5.4, 6.8], ∫ϰ²/L=[13.7, 7.3, 10.3], C-C-Sep=0.20, ║∇J║=5.6e-02
-----On 4/20 Initial Guess Perturbations
Iteration 564/1000-----
J=1.5e-02, Jf=1.1e-03, ⟨B·n⟩=8.4e-03, Len=sum([6.4, 5.1, 6.0])=17.4, ϰ=[9.1, 5.1, 6.6], ∫ϰ²/L=[13.5, 7.1, 10.2], C-C-Sep=0.20, ║∇J║=6.4e-02
-----On 4/20 Initial Guess Perturbations
Iteration 565/1000-----
J=1.5e-02, Jf=1.1e-03, ⟨B·n⟩=8.4e-03, Len=sum([6.4, 5.1, 6.0])=17.4, ϰ=[9.2, 5.2, 6.7], ∫ϰ²/L=[13.6, 7.2, 10.3], C-C-Sep=0.20, ║∇J║=4.9e-02
-----On 4/20 Initial Guess Perturbations
Iteration 566/1000-----
J=1.5e-02, Jf=1.1e-03, ⟨B·n⟩=8.4e-03, Len=sum([6.4, 5.1, 6.0])=17.4, ϰ=[9.3, 5.3, 6.6], ∫ϰ²/L=[13.6, 7.3, 10.2], C-C-Sep=0.20, ║∇J║=7.4e-02
-----On 4/20 Initial Guess Perturbations
Iteration 567/1000-----
J=1.5e-02, Jf=1.1e-03, ⟨B·n⟩=8.4e-03, Len=sum([6.3, 5.1, 5.9])=17.4, ϰ=[9.1, 5.8, 7.0], ∫ϰ²/L=[13.6, 7.7, 10.2], C-C-Sep=0.20, ║∇J║=1.7e-01
-----On 4/20 Initial Guess Perturbations
Iteration 568/1000-----
J=1.5e-02, Jf=1.1e-03, ⟨B·n⟩=8.4e-03, Len=sum([6.4, 5.1, 6.0])=17.4, ϰ=[9.2, 5.2, 6.7], ∫ϰ²/L=[13.6, 7.4, 10.2], C-C-Sep=0.20, ║∇J║=6.1e-02
-----On 4/20 Initial Guess Perturbations
Iteration 569/1000-----
J=1.5e-02, Jf=1.1e-03, ⟨B·n⟩=8.4e-03, Len=sum([6.3, 5.1, 5.9])=17.4, ϰ=[9.2, 5.2, 6.8], ∫ϰ²/L=[13.6, 7.4, 10.2], C-C-Sep=0.20, ║∇J║=4.9e-02
-----On 4/20 Initial Guess Perturbations
Iteration 570/1000-----
J=1.5e-02, Jf=1.2e-03, ⟨B·n⟩=8.4e-03, Len=sum([6.3, 5.1, 5.9])=17.3, ϰ=[9.3, 5.1, 6.9], ∫ϰ²/L=[13.7, 7.5, 10.1], C-C-Sep=0.20, ║∇J║=4.9e-02
-----On 4/20 Initial Guess Perturbations
Iteration 571/1000-----
J=1.5e-02, Jf=1.2e-03, ⟨B·n⟩=8.5e-03, Len=sum([6.3, 5.1, 5.9])=17.3, ϰ=[9.3, 5.0, 6.9], ∫ϰ²/L=[13.8, 7.3, 10.2], C-C-Sep=0.20, ║∇J║=7.4e-02
-----On 4/20 Initial Guess Perturbations
Iteration 572/1000-----
J=1.5e-02, Jf=1.2e-03, ⟨B·n⟩=8.4e-03, Len=sum([6.3, 5.1, 5.9])=17.2, ϰ=[9.5, 5.2, 7.0], ∫ϰ²/L=[13.9, 7.1, 10.1], C-C-Sep=0.20, ║∇J║=7.4e-02
-----On 4/20 Initial Guess Perturbations
Iteration 573/1000-----
J=1.5e-02, Jf=1.2e-03, ⟨B·n⟩=8.4e-03, Len=sum([6.3, 5.0, 5.9])=17.2, ϰ=[9.6, 5.2, 6.9], ∫ϰ²/L=[14.0, 6.9, 10.2], C-C-Sep=0.20, ║∇J║=5.1e-02
-----On 4/20 Initial Guess Perturbations
Iteration 574/1000-----
J=1.5e-02, Jf=1.2e-03, ⟨B·n⟩=8.4e-03, Len=sum([6.3, 5.0, 5.9])=17.2, ϰ=[9.9, 5.1, 7.1], ∫ϰ²/L=[14.0, 6.8, 10.2], C-C-Sep=0.20, ║∇J║=2.5e-01
-----On 4/20 Initial Guess Perturbations
Iteration 575/1000-----
J=1.5e-02, Jf=1.1e-03, ⟨B·n⟩=8.4e-03, Len=sum([6.3, 5.0, 5.9])=17.2, ϰ=[9.7, 5.2, 7.0], ∫ϰ²/L=[14.0, 6.8, 10.2], C-C-Sep=0.20, ║∇J║=1.0e-01
-----On 4/20 Initial Guess Perturbations
Iteration 576/1000-----
J=1.5e-02, Jf=1.2e-03, ⟨B·n⟩=8.4e-03, Len=sum([6.3, 5.0, 5.9])=17.2, ϰ=[9.8, 5.5, 6.9], ∫ϰ²/L=[14.0, 6.6, 10.3], C-C-Sep=0.20, ║∇J║=8.3e-02
-----On 4/20 Initial Guess Perturbations
Iteration 577/1000-----
J=1.5e-02, Jf=1.2e-03, ⟨B·n⟩=8.4e-03, Len=sum([6.3, 5.0, 5.9])=17.2, ϰ=[9.7, 5.3, 7.0], ∫ϰ²/L=[14.0, 6.7, 10.2], C-C-Sep=0.20, ║∇J║=5.8e-02
-----On 4/20 Initial Guess Perturbations
Iteration 578/1000-----
J=9.1e-02, Jf=5.1e-02, ⟨B·n⟩=1.3e-02, Len=sum([6.5, 5.3, 6.1])=17.9, ϰ=[16.4, 40.0, 17.3], ∫ϰ²/L=[39.5, 67.5, 47.8], C-C-Sep=0.15, ║∇J║=4.2e+02
-----On 4/20 Initial Guess Perturbations
Iteration 579/1000-----
J=1.5e-02, Jf=1.2e-03, ⟨B·n⟩=8.4e-03, Len=sum([6.3, 5.0, 5.9])=17.2, ϰ=[9.7, 5.3, 7.0], ∫ϰ²/L=[14.0, 6.7, 10.2], C-C-Sep=0.20, ║∇J║=5.9e-02
-----On 4/20 Initial Guess Perturbations
Iteration 580/1000-----
J=1.5e-02, Jf=1.1e-03, ⟨B·n⟩=8.4e-03, Len=sum([6.3, 5.0, 5.9])=17.2, ϰ=[9.9, 5.2, 7.1], ∫ϰ²/L=[14.2, 6.8, 10.4], C-C-Sep=0.20, ║∇J║=1.5e-01
-----On 4/20 Initial Guess Perturbations
Iteration 581/1000-----
J=1.5e-02, Jf=1.1e-03, ⟨B·n⟩=8.4e-03, Len=sum([6.3, 5.0, 5.9])=17.2, ϰ=[9.5, 5.3, 7.0], ∫ϰ²/L=[14.2, 6.7, 10.3], C-C-Sep=0.20, ║∇J║=1.5e-01
-----On 4/20 Initial Guess Perturbations
Iteration 582/1000-----
J=1.5e-02, Jf=1.1e-03, ⟨B·n⟩=8.4e-03, Len=sum([6.3, 5.0, 5.9])=17.2, ϰ=[9.7, 5.2, 7.0], ∫ϰ²/L=[14.2, 6.7, 10.3], C-C-Sep=0.20, ║∇J║=5.5e-02
-----On 4/20 Initial Guess Perturbations
Iteration 583/1000-----
J=1.5e-02, Jf=1.1e-03, ⟨B·n⟩=8.4e-03, Len=sum([6.3, 5.0, 5.9])=17.2, ϰ=[9.6, 5.3, 7.0], ∫ϰ²/L=[14.1, 6.7, 10.3], C-C-Sep=0.20, ║∇J║=4.4e-02
-----On 4/20 Initial Guess Perturbations
Iteration 584/1000-----
J=1.6e-02, Jf=1.2e-03, ⟨B·n⟩=8.5e-03, Len=sum([6.3, 5.1, 5.9])=17.2, ϰ=[12.0, 7.1, 8.4], ∫ϰ²/L=[17.7, 9.3, 12.6], C-C-Sep=0.19, ║∇J║=1.2e+00
-----On 4/20 Initial Guess Perturbations
Iteration 585/1000-----
J=1.5e-02, Jf=1.1e-03, ⟨B·n⟩=8.4e-03, Len=sum([6.3, 5.0, 5.9])=17.2, ϰ=[9.7, 5.3, 7.0], ∫ϰ²/L=[14.2, 6.7, 10.3], C-C-Sep=0.20, ║∇J║=4.7e-02
-----On 4/20 Initial Guess Perturbations
Iteration 586/1000-----
J=2.3e-02, Jf=1.4e-03, ⟨B·n⟩=8.9e-03, Len=sum([6.4, 5.1, 5.9])=17.4, ϰ=[12.1, 11.4, 11.1], ∫ϰ²/L=[23.5, 18.9, 19.1], C-C-Sep=0.19, ║∇J║=3.4e+00
-----On 4/20 Initial Guess Perturbations
Iteration 587/1000-----
J=1.5e-02, Jf=1.1e-03, ⟨B·n⟩=8.4e-03, Len=sum([6.3, 5.0, 5.9])=17.2, ϰ=[9.6, 5.3, 7.0], ∫ϰ²/L=[14.1, 6.7, 10.3], C-C-Sep=0.20, ║∇J║=5.1e-02
-----On 4/20 Initial Guess Perturbations
Iteration 588/1000-----
J=2.7e-01, Jf=1.4e-02, ⟨B·n⟩=1.8e-02, Len=sum([7.3, 5.8, 6.6])=19.7, ϰ=[72.2, 83.9, 36.9], ∫ϰ²/L=[106.1, 150.9, 74.9], C-C-Sep=0.08, ║∇J║=1.8e+01
-----On 4/20 Initial Guess Perturbations
Iteration 589/1000-----
J=1.5e-02, Jf=1.1e-03, ⟨B·n⟩=8.4e-03, Len=sum([6.3, 5.0, 5.9])=17.2, ϰ=[9.7, 5.3, 7.0], ∫ϰ²/L=[14.2, 6.7, 10.3], C-C-Sep=0.20, ║∇J║=4.1e-02
-----On 4/20 Initial Guess Perturbations
Iteration 590/1000-----
J=1.5e-02, Jf=1.1e-03, ⟨B·n⟩=8.4e-03, Len=sum([6.3, 5.0, 5.9])=17.2, ϰ=[9.5, 5.5, 6.8], ∫ϰ²/L=[14.1, 6.9, 10.5], C-C-Sep=0.20, ║∇J║=1.1e-01
-----On 4/20 Initial Guess Perturbations
Iteration 591/1000-----
J=1.5e-02, Jf=1.1e-03, ⟨B·n⟩=8.4e-03, Len=sum([6.3, 5.0, 5.9])=17.2, ϰ=[9.7, 5.3, 7.0], ∫ϰ²/L=[14.1, 6.7, 10.4], C-C-Sep=0.20, ║∇J║=4.5e-02
-----On 4/20 Initial Guess Perturbations
Iteration 592/1000-----
J=1.5e-02, Jf=1.2e-03, ⟨B·n⟩=8.5e-03, Len=sum([6.3, 5.0, 5.8])=17.2, ϰ=[10.1, 6.0, 7.5], ∫ϰ²/L=[15.0, 7.4, 10.8], C-C-Sep=0.19, ║∇J║=3.8e-01
-----On 4/20 Initial Guess Perturbations
Iteration 593/1000-----
J=1.5e-02, Jf=1.1e-03, ⟨B·n⟩=8.4e-03, Len=sum([6.3, 5.0, 5.9])=17.2, ϰ=[9.7, 5.2, 7.0], ∫ϰ²/L=[14.1, 6.7, 10.3], C-C-Sep=0.20, ║∇J║=4.3e-02
-----On 4/20 Initial Guess Perturbations
Iteration 594/1000-----
J=1.5e-02, Jf=1.1e-03, ⟨B·n⟩=8.4e-03, Len=sum([6.3, 5.0, 5.9])=17.2, ϰ=[9.8, 5.2, 6.9], ∫ϰ²/L=[14.3, 6.7, 10.4], C-C-Sep=0.20, ║∇J║=9.4e-02
-----On 4/20 Initial Guess Perturbations
Iteration 595/1000-----
J=1.5e-02, Jf=1.1e-03, ⟨B·n⟩=8.4e-03, Len=sum([6.3, 5.0, 5.9])=17.2, ϰ=[9.8, 5.2, 6.9], ∫ϰ²/L=[14.1, 6.6, 10.4], C-C-Sep=0.20, ║∇J║=8.8e-02
-----On 4/20 Initial Guess Perturbations
Iteration 596/1000-----
J=1.5e-02, Jf=1.1e-03, ⟨B·n⟩=8.4e-03, Len=sum([6.3, 5.0, 5.9])=17.2, ϰ=[9.8, 5.3, 6.9], ∫ϰ²/L=[14.1, 6.7, 10.5], C-C-Sep=0.20, ║∇J║=3.3e-01
-----On 4/20 Initial Guess Perturbations
Iteration 597/1000-----
J=1.5e-02, Jf=1.1e-03, ⟨B·n⟩=8.4e-03, Len=sum([6.3, 5.0, 5.8])=17.2, ϰ=[9.9, 5.4, 7.0], ∫ϰ²/L=[14.0, 6.7, 10.5], C-C-Sep=0.20, ║∇J║=3.4e-01
-----On 4/20 Initial Guess Perturbations
Iteration 598/1000-----
J=1.5e-02, Jf=1.1e-03, ⟨B·n⟩=8.4e-03, Len=sum([6.3, 5.0, 5.8])=17.2, ϰ=[9.8, 5.4, 7.0], ∫ϰ²/L=[13.9, 6.7, 10.4], C-C-Sep=0.20, ║∇J║=3.4e-02
-----On 4/20 Initial Guess Perturbations
Iteration 599/1000-----
J=1.5e-02, Jf=1.1e-03, ⟨B·n⟩=8.4e-03, Len=sum([6.3, 5.0, 5.8])=17.1, ϰ=[9.8, 5.4, 7.0], ∫ϰ²/L=[14.0, 6.8, 10.5], C-C-Sep=0.20, ║∇J║=1.4e-01
-----On 4/20 Initial Guess Perturbations
Iteration 600/1000-----
J=1.5e-02, Jf=1.1e-03, ⟨B·n⟩=8.4e-03, Len=sum([6.3, 5.0, 5.8])=17.1, ϰ=[9.7, 5.4, 7.1], ∫ϰ²/L=[13.9, 6.8, 10.4], C-C-Sep=0.20, ║∇J║=1.4e-01
-----On 4/20 Initial Guess Perturbations
Iteration 601/1000-----
J=1.5e-02, Jf=1.1e-03, ⟨B·n⟩=8.4e-03, Len=sum([6.3, 5.0, 5.8])=17.1, ϰ=[9.7, 5.5, 7.3], ∫ϰ²/L=[13.8, 6.8, 10.4], C-C-Sep=0.20, ║∇J║=1.3e-01
-----On 4/20 Initial Guess Perturbations
Iteration 602/1000-----
J=1.5e-02, Jf=1.1e-03, ⟨B·n⟩=8.4e-03, Len=sum([6.3, 5.0, 5.8])=17.1, ϰ=[9.8, 5.4, 7.4], ∫ϰ²/L=[13.7, 6.8, 10.1], C-C-Sep=0.20, ║∇J║=6.1e-02
-----On 4/20 Initial Guess Perturbations
Iteration 603/1000-----
J=1.5e-02, Jf=1.1e-03, ⟨B·n⟩=8.3e-03, Len=sum([6.2, 5.0, 5.8])=17.1, ϰ=[9.7, 5.3, 7.4], ∫ϰ²/L=[13.6, 6.8, 10.0], C-C-Sep=0.20, ║∇J║=8.5e-02
-----On 4/20 Initial Guess Perturbations
Iteration 604/1000-----
J=1.5e-02, Jf=1.1e-03, ⟨B·n⟩=8.3e-03, Len=sum([6.2, 5.0, 5.8])=17.1, ϰ=[9.7, 5.3, 7.5], ∫ϰ²/L=[13.5, 6.8, 10.0], C-C-Sep=0.20, ║∇J║=5.2e-02
-----On 4/20 Initial Guess Perturbations
Iteration 605/1000-----
J=1.5e-02, Jf=1.1e-03, ⟨B·n⟩=8.3e-03, Len=sum([6.2, 5.0, 5.8])=17.1, ϰ=[9.8, 5.6, 7.5], ∫ϰ²/L=[13.5, 6.9, 9.9], C-C-Sep=0.20, ║∇J║=3.2e-01
-----On 4/20 Initial Guess Perturbations
Iteration 606/1000-----
J=1.5e-02, Jf=1.1e-03, ⟨B·n⟩=8.4e-03, Len=sum([6.2, 5.0, 5.8])=17.1, ϰ=[10.0, 6.1, 7.6], ∫ϰ²/L=[13.4, 7.1, 9.6], C-C-Sep=0.20, ║∇J║=1.1e+00
-----On 4/20 Initial Guess Perturbations
Iteration 607/1000-----
J=1.5e-02, Jf=1.1e-03, ⟨B·n⟩=8.3e-03, Len=sum([6.2, 5.0, 5.8])=17.1, ϰ=[9.9, 5.7, 7.5], ∫ϰ²/L=[13.5, 6.9, 9.8], C-C-Sep=0.20, ║∇J║=1.9e-01
-----On 4/20 Initial Guess Perturbations
Iteration 608/1000-----
J=1.5e-02, Jf=1.1e-03, ⟨B·n⟩=8.3e-03, Len=sum([6.2, 5.0, 5.8])=17.1, ϰ=[10.0, 5.9, 7.6], ∫ϰ²/L=[13.5, 7.2, 9.8], C-C-Sep=0.20, ║∇J║=4.7e-02
-----On 4/20 Initial Guess Perturbations
Iteration 609/1000-----
J=1.5e-02, Jf=1.1e-03, ⟨B·n⟩=8.3e-03, Len=sum([6.2, 5.0, 5.8])=17.0, ϰ=[10.0, 5.9, 7.7], ∫ϰ²/L=[13.5, 7.3, 9.7], C-C-Sep=0.20, ║∇J║=1.4e-01
-----On 4/20 Initial Guess Perturbations
Iteration 610/1000-----
J=1.5e-02, Jf=1.1e-03, ⟨B·n⟩=8.3e-03, Len=sum([6.2, 5.0, 5.8])=17.0, ϰ=[10.0, 5.9, 7.7], ∫ϰ²/L=[13.5, 7.3, 9.7], C-C-Sep=0.20, ║∇J║=5.8e-02
-----On 4/20 Initial Guess Perturbations
Iteration 611/1000-----
J=1.5e-02, Jf=1.1e-03, ⟨B·n⟩=8.3e-03, Len=sum([6.2, 5.0, 5.8])=17.0, ϰ=[10.1, 5.9, 7.7], ∫ϰ²/L=[13.5, 7.3, 9.7], C-C-Sep=0.20, ║∇J║=4.6e-02
-----On 4/20 Initial Guess Perturbations
Iteration 612/1000-----
J=1.5e-02, Jf=1.1e-03, ⟨B·n⟩=8.4e-03, Len=sum([6.2, 5.0, 5.8])=17.0, ϰ=[10.0, 5.6, 7.7], ∫ϰ²/L=[13.4, 7.2, 9.6], C-C-Sep=0.20, ║∇J║=8.1e-02
-----On 4/20 Initial Guess Perturbations
Iteration 613/1000-----
J=1.5e-02, Jf=1.1e-03, ⟨B·n⟩=8.4e-03, Len=sum([6.2, 5.0, 5.8])=17.0, ϰ=[10.1, 5.9, 7.7], ∫ϰ²/L=[13.3, 7.3, 9.8], C-C-Sep=0.20, ║∇J║=8.0e-02
-----On 4/20 Initial Guess Perturbations
Iteration 614/1000-----
J=1.5e-02, Jf=1.1e-03, ⟨B·n⟩=8.3e-03, Len=sum([6.2, 5.0, 5.8])=17.0, ϰ=[10.1, 5.8, 7.7], ∫ϰ²/L=[13.3, 7.2, 9.7], C-C-Sep=0.20, ║∇J║=4.5e-02
-----On 4/20 Initial Guess Perturbations
Iteration 615/1000-----
J=1.5e-02, Jf=1.1e-03, ⟨B·n⟩=8.3e-03, Len=sum([6.2, 5.0, 5.8])=17.0, ϰ=[10.2, 5.8, 7.7], ∫ϰ²/L=[13.4, 7.3, 9.7], C-C-Sep=0.20, ║∇J║=7.0e-02
-----On 4/20 Initial Guess Perturbations
Iteration 616/1000-----
J=1.5e-02, Jf=1.1e-03, ⟨B·n⟩=8.3e-03, Len=sum([6.2, 5.0, 5.8])=17.0, ϰ=[10.3, 5.7, 7.7], ∫ϰ²/L=[13.4, 7.2, 9.7], C-C-Sep=0.20, ║∇J║=4.0e-02
-----On 4/20 Initial Guess Perturbations
Iteration 617/1000-----
J=1.5e-02, Jf=1.1e-03, ⟨B·n⟩=8.3e-03, Len=sum([6.2, 5.0, 5.8])=17.0, ϰ=[10.4, 5.6, 7.8], ∫ϰ²/L=[13.4, 7.3, 9.9], C-C-Sep=0.20, ║∇J║=1.1e-01
-----On 4/20 Initial Guess Perturbations
Iteration 618/1000-----
J=1.5e-02, Jf=1.1e-03, ⟨B·n⟩=8.3e-03, Len=sum([6.2, 5.0, 5.7])=17.0, ϰ=[10.4, 5.2, 7.7], ∫ϰ²/L=[13.3, 7.3, 9.9], C-C-Sep=0.20, ║∇J║=9.1e-02
-----On 4/20 Initial Guess Perturbations
Iteration 619/1000-----
J=1.5e-02, Jf=1.1e-03, ⟨B·n⟩=8.3e-03, Len=sum([6.2, 5.0, 5.7])=17.0, ϰ=[10.4, 5.1, 7.7], ∫ϰ²/L=[13.3, 7.2, 9.9], C-C-Sep=0.20, ║∇J║=6.1e-02
-----On 4/20 Initial Guess Perturbations
Iteration 620/1000-----
J=1.5e-02, Jf=1.1e-03, ⟨B·n⟩=8.3e-03, Len=sum([6.2, 5.0, 5.7])=17.0, ϰ=[10.4, 5.2, 7.7], ∫ϰ²/L=[13.3, 7.2, 9.9], C-C-Sep=0.20, ║∇J║=2.6e-01
-----On 4/20 Initial Guess Perturbations
Iteration 621/1000-----
J=1.5e-02, Jf=1.1e-03, ⟨B·n⟩=8.3e-03, Len=sum([6.2, 5.0, 5.7])=16.9, ϰ=[10.4, 5.2, 7.5], ∫ϰ²/L=[13.2, 7.1, 9.7], C-C-Sep=0.20, ║∇J║=3.5e-01
-----On 4/20 Initial Guess Perturbations
Iteration 622/1000-----
J=1.5e-02, Jf=1.1e-03, ⟨B·n⟩=8.3e-03, Len=sum([6.2, 5.0, 5.7])=16.9, ϰ=[10.4, 5.3, 7.6], ∫ϰ²/L=[13.2, 7.2, 9.7], C-C-Sep=0.20, ║∇J║=3.7e-02
-----On 4/20 Initial Guess Perturbations
Iteration 623/1000-----
J=1.5e-02, Jf=1.1e-03, ⟨B·n⟩=8.3e-03, Len=sum([6.2, 5.0, 5.7])=16.9, ϰ=[10.4, 5.3, 7.7], ∫ϰ²/L=[13.2, 7.2, 9.7], C-C-Sep=0.20, ║∇J║=1.4e-01
-----On 4/20 Initial Guess Perturbations
Iteration 624/1000-----
J=1.5e-02, Jf=1.1e-03, ⟨B·n⟩=8.3e-03, Len=sum([6.2, 5.0, 5.7])=16.9, ϰ=[10.5, 5.3, 7.8], ∫ϰ²/L=[13.2, 7.2, 9.7], C-C-Sep=0.20, ║∇J║=1.0e-01
-----On 4/20 Initial Guess Perturbations
Iteration 625/1000-----
J=1.5e-02, Jf=1.1e-03, ⟨B·n⟩=8.3e-03, Len=sum([6.2, 5.0, 5.7])=16.9, ϰ=[10.5, 5.2, 7.8], ∫ϰ²/L=[13.3, 7.1, 9.7], C-C-Sep=0.20, ║∇J║=3.4e-02
-----On 4/20 Initial Guess Perturbations
Iteration 626/1000-----
J=1.5e-02, Jf=1.1e-03, ⟨B·n⟩=8.3e-03, Len=sum([6.2, 5.0, 5.7])=16.9, ϰ=[10.5, 5.2, 7.8], ∫ϰ²/L=[13.3, 7.0, 9.7], C-C-Sep=0.20, ║∇J║=9.0e-02
-----On 4/20 Initial Guess Perturbations
Iteration 627/1000-----
J=1.5e-02, Jf=1.1e-03, ⟨B·n⟩=8.3e-03, Len=sum([6.2, 5.0, 5.7])=16.9, ϰ=[10.5, 5.1, 7.7], ∫ϰ²/L=[13.4, 6.9, 9.7], C-C-Sep=0.20, ║∇J║=1.2e-01
-----On 4/20 Initial Guess Perturbations
Iteration 628/1000-----
J=1.5e-02, Jf=1.1e-03, ⟨B·n⟩=8.3e-03, Len=sum([6.2, 5.0, 5.7])=16.9, ϰ=[10.6, 5.1, 7.7], ∫ϰ²/L=[13.5, 7.0, 9.8], C-C-Sep=0.20, ║∇J║=4.6e-01
-----On 4/20 Initial Guess Perturbations
Iteration 629/1000-----
J=1.5e-02, Jf=1.1e-03, ⟨B·n⟩=8.3e-03, Len=sum([6.2, 5.0, 5.7])=16.9, ϰ=[10.5, 5.1, 7.6], ∫ϰ²/L=[13.5, 6.9, 9.7], C-C-Sep=0.20, ║∇J║=1.9e-01
-----On 4/20 Initial Guess Perturbations
Iteration 630/1000-----
J=1.5e-02, Jf=1.1e-03, ⟨B·n⟩=8.3e-03, Len=sum([6.2, 5.0, 5.7])=16.9, ϰ=[10.5, 5.1, 7.6], ∫ϰ²/L=[13.5, 6.9, 9.7], C-C-Sep=0.20, ║∇J║=1.3e-01
-----On 4/20 Initial Guess Perturbations
Iteration 631/1000-----
J=1.5e-02, Jf=1.1e-03, ⟨B·n⟩=8.3e-03, Len=sum([6.2, 5.0, 5.7])=16.9, ϰ=[10.5, 5.1, 7.7], ∫ϰ²/L=[13.5, 6.9, 9.8], C-C-Sep=0.20, ║∇J║=8.0e-02
-----On 4/20 Initial Guess Perturbations
Iteration 632/1000-----
J=1.5e-02, Jf=1.1e-03, ⟨B·n⟩=8.3e-03, Len=sum([6.2, 5.0, 5.7])=16.9, ϰ=[10.5, 5.1, 7.7], ∫ϰ²/L=[13.5, 6.9, 9.8], C-C-Sep=0.20, ║∇J║=1.5e-01
-----On 4/20 Initial Guess Perturbations
Iteration 633/1000-----
J=1.5e-02, Jf=1.2e-03, ⟨B·n⟩=8.4e-03, Len=sum([6.2, 5.0, 5.7])=16.9, ϰ=[10.5, 5.6, 8.2], ∫ϰ²/L=[13.7, 7.4, 10.0], C-C-Sep=0.20, ║∇J║=4.1e-01
-----On 4/20 Initial Guess Perturbations
Iteration 634/1000-----
J=1.5e-02, Jf=1.1e-03, ⟨B·n⟩=8.3e-03, Len=sum([6.2, 5.0, 5.7])=16.9, ϰ=[10.5, 5.2, 7.8], ∫ϰ²/L=[13.5, 6.9, 9.8], C-C-Sep=0.20, ║∇J║=1.7e-01
-----On 4/20 Initial Guess Perturbations
Iteration 635/1000-----
J=1.5e-02, Jf=1.2e-03, ⟨B·n⟩=8.3e-03, Len=sum([6.2, 5.0, 5.7])=16.9, ϰ=[10.3, 6.0, 7.4], ∫ϰ²/L=[13.4, 7.2, 9.8], C-C-Sep=0.20, ║∇J║=1.6e-01
-----On 4/20 Initial Guess Perturbations
Iteration 636/1000-----
J=1.5e-02, Jf=1.1e-03, ⟨B·n⟩=8.3e-03, Len=sum([6.2, 5.0, 5.7])=16.9, ϰ=[10.5, 5.2, 7.7], ∫ϰ²/L=[13.5, 6.9, 9.8], C-C-Sep=0.20, ║∇J║=1.5e-01
-----On 4/20 Initial Guess Perturbations
Iteration 637/1000-----
J=1.5e-02, Jf=1.1e-03, ⟨B·n⟩=8.3e-03, Len=sum([6.2, 5.0, 5.7])=16.9, ϰ=[10.4, 5.1, 7.8], ∫ϰ²/L=[13.5, 7.0, 9.8], C-C-Sep=0.20, ║∇J║=1.0e-01
-----On 4/20 Initial Guess Perturbations
Iteration 638/1000-----
J=1.5e-02, Jf=1.1e-03, ⟨B·n⟩=8.3e-03, Len=sum([6.2, 5.0, 5.7])=16.9, ϰ=[10.5, 5.1, 7.7], ∫ϰ²/L=[13.6, 7.0, 9.8], C-C-Sep=0.20, ║∇J║=4.0e-02
-----On 4/20 Initial Guess Perturbations
Iteration 639/1000-----
J=1.5e-02, Jf=1.1e-03, ⟨B·n⟩=8.3e-03, Len=sum([6.2, 5.0, 5.7])=16.9, ϰ=[10.6, 5.1, 7.6], ∫ϰ²/L=[13.6, 7.0, 9.8], C-C-Sep=0.20, ║∇J║=4.2e-02
-----On 4/20 Initial Guess Perturbations
Iteration 640/1000-----
J=1.5e-02, Jf=1.1e-03, ⟨B·n⟩=8.3e-03, Len=sum([6.2, 5.0, 5.7])=16.9, ϰ=[10.6, 5.1, 7.4], ∫ϰ²/L=[13.7, 7.2, 9.8], C-C-Sep=0.20, ║∇J║=5.0e-02
-----On 4/20 Initial Guess Perturbations
Iteration 641/1000-----
J=1.5e-02, Jf=1.1e-03, ⟨B·n⟩=8.3e-03, Len=sum([6.2, 5.0, 5.7])=16.9, ϰ=[10.5, 5.4, 7.4], ∫ϰ²/L=[13.6, 7.2, 9.7], C-C-Sep=0.20, ║∇J║=3.5e-02
-----On 4/20 Initial Guess Perturbations
Iteration 642/1000-----
J=1.5e-02, Jf=1.2e-03, ⟨B·n⟩=8.3e-03, Len=sum([6.2, 5.0, 5.7])=16.8, ϰ=[11.2, 5.8, 7.6], ∫ϰ²/L=[14.0, 7.2, 9.9], C-C-Sep=0.20, ║∇J║=2.0e-01
-----On 4/20 Initial Guess Perturbations
Iteration 643/1000-----
J=1.5e-02, Jf=1.1e-03, ⟨B·n⟩=8.3e-03, Len=sum([6.2, 5.0, 5.7])=16.9, ϰ=[10.6, 5.4, 7.4], ∫ϰ²/L=[13.6, 7.2, 9.7], C-C-Sep=0.20, ║∇J║=3.8e-02
-----On 4/20 Initial Guess Perturbations
Iteration 644/1000-----
J=1.5e-02, Jf=1.2e-03, ⟨B·n⟩=8.5e-03, Len=sum([6.2, 5.0, 5.7])=16.9, ϰ=[9.9, 8.5, 7.2], ∫ϰ²/L=[15.0, 8.5, 11.1], C-C-Sep=0.20, ║∇J║=5.6e-01
-----On 4/20 Initial Guess Perturbations
Iteration 645/1000-----
J=1.5e-02, Jf=1.1e-03, ⟨B·n⟩=8.3e-03, Len=sum([6.2, 5.0, 5.7])=16.9, ϰ=[10.5, 5.4, 7.4], ∫ϰ²/L=[13.6, 7.1, 9.7], C-C-Sep=0.20, ║∇J║=4.4e-02
-----On 4/20 Initial Guess Perturbations
Iteration 646/1000-----
J=3.1e-01, Jf=8.2e-03, ⟨B·n⟩=1.4e-02, Len=sum([7.7, 6.5, 7.0])=21.2, ϰ=[169.6, 165.7, 62.4], ∫ϰ²/L=[162.7, 233.5, 150.7], C-C-Sep=0.05, ║∇J║=1.7e+01
-----On 4/20 Initial Guess Perturbations
Iteration 647/1000-----
J=1.5e-02, Jf=1.1e-03, ⟨B·n⟩=8.3e-03, Len=sum([6.2, 5.0, 5.7])=16.9, ϰ=[10.5, 5.4, 7.4], ∫ϰ²/L=[13.7, 7.2, 9.7], C-C-Sep=0.20, ║∇J║=4.4e-02
-----On 4/20 Initial Guess Perturbations
Iteration 648/1000-----
J=3.8e-02, Jf=1.4e-03, ⟨B·n⟩=8.9e-03, Len=sum([6.3, 5.3, 5.7])=17.3, ϰ=[19.5, 31.7, 29.9], ∫ϰ²/L=[37.2, 69.9, 39.2], C-C-Sep=0.16, ║∇J║=2.3e+00
-----On 4/20 Initial Guess Perturbations
Iteration 649/1000-----
J=1.5e-02, Jf=1.1e-03, ⟨B·n⟩=8.3e-03, Len=sum([6.2, 5.0, 5.7])=16.9, ϰ=[10.4, 5.4, 7.4], ∫ϰ²/L=[13.7, 7.2, 9.6], C-C-Sep=0.20, ║∇J║=6.2e-02
-----On 4/20 Initial Guess Perturbations
Iteration 650/1000-----
J=1.2e-01, Jf=5.6e-03, ⟨B·n⟩=1.1e-02, Len=sum([6.9, 5.8, 6.4])=19.1, ϰ=[54.2, 47.9, 47.1], ∫ϰ²/L=[98.6, 131.8, 107.0], C-C-Sep=0.10, ║∇J║=8.9e+01
-----On 4/20 Initial Guess Perturbations
Iteration 651/1000-----
J=1.5e-02, Jf=1.1e-03, ⟨B·n⟩=8.3e-03, Len=sum([6.2, 5.0, 5.7])=16.9, ϰ=[10.5, 5.4, 7.4], ∫ϰ²/L=[13.7, 7.2, 9.6], C-C-Sep=0.20, ║∇J║=7.2e-02
-----On 4/20 Initial Guess Perturbations
Iteration 652/1000-----
J=1.5e-02, Jf=1.1e-03, ⟨B·n⟩=8.3e-03, Len=sum([6.2, 5.0, 5.7])=16.8, ϰ=[10.3, 5.5, 7.4], ∫ϰ²/L=[13.6, 7.2, 9.5], C-C-Sep=0.20, ║∇J║=9.7e-02
-----On 4/20 Initial Guess Perturbations
Iteration 653/1000-----
J=1.5e-02, Jf=1.1e-03, ⟨B·n⟩=8.3e-03, Len=sum([6.2, 5.0, 5.7])=16.8, ϰ=[10.2, 5.8, 7.4], ∫ϰ²/L=[13.6, 7.2, 9.4], C-C-Sep=0.20, ║∇J║=9.7e-02
-----On 4/20 Initial Guess Perturbations
Iteration 654/1000-----
J=1.5e-02, Jf=1.1e-03, ⟨B·n⟩=8.3e-03, Len=sum([6.2, 5.0, 5.6])=16.8, ϰ=[9.8, 5.9, 7.3], ∫ϰ²/L=[13.8, 7.4, 9.3], C-C-Sep=0.20, ║∇J║=7.7e-02
-----On 4/20 Initial Guess Perturbations
Iteration 655/1000-----
J=1.5e-02, Jf=1.2e-03, ⟨B·n⟩=8.3e-03, Len=sum([6.1, 5.0, 5.6])=16.8, ϰ=[9.8, 6.0, 7.3], ∫ϰ²/L=[14.0, 7.6, 9.3], C-C-Sep=0.20, ║∇J║=4.0e-02
-----On 4/20 Initial Guess Perturbations
Iteration 656/1000-----
J=1.5e-02, Jf=1.2e-03, ⟨B·n⟩=8.3e-03, Len=sum([6.1, 5.0, 5.6])=16.7, ϰ=[10.0, 6.0, 7.4], ∫ϰ²/L=[14.2, 7.5, 9.2], C-C-Sep=0.20, ║∇J║=4.5e-02
-----On 4/20 Initial Guess Perturbations
Iteration 657/1000-----
J=1.5e-02, Jf=1.2e-03, ⟨B·n⟩=8.3e-03, Len=sum([6.1, 5.0, 5.6])=16.7, ϰ=[10.1, 5.9, 7.5], ∫ϰ²/L=[14.4, 7.3, 9.2], C-C-Sep=0.20, ║∇J║=6.3e-02
-----On 4/20 Initial Guess Perturbations
Iteration 658/1000-----
J=1.5e-02, Jf=1.2e-03, ⟨B·n⟩=8.3e-03, Len=sum([6.1, 5.0, 5.6])=16.7, ϰ=[10.3, 5.9, 7.4], ∫ϰ²/L=[14.6, 7.3, 9.2], C-C-Sep=0.20, ║∇J║=4.9e-02
-----On 4/20 Initial Guess Perturbations
Iteration 659/1000-----
J=1.5e-02, Jf=1.2e-03, ⟨B·n⟩=8.3e-03, Len=sum([6.1, 5.0, 5.6])=16.6, ϰ=[10.3, 5.7, 7.4], ∫ϰ²/L=[14.6, 7.2, 9.1], C-C-Sep=0.20, ║∇J║=6.0e-02
-----On 4/20 Initial Guess Perturbations
Iteration 660/1000-----
J=1.5e-02, Jf=1.2e-03, ⟨B·n⟩=8.3e-03, Len=sum([6.1, 5.0, 5.5])=16.6, ϰ=[10.2, 5.6, 7.1], ∫ϰ²/L=[14.7, 7.3, 9.3], C-C-Sep=0.20, ║∇J║=6.4e-02
-----On 4/20 Initial Guess Perturbations
Iteration 661/1000-----
J=1.5e-02, Jf=1.2e-03, ⟨B·n⟩=8.3e-03, Len=sum([6.1, 5.0, 5.5])=16.6, ϰ=[10.2, 5.6, 6.9], ∫ϰ²/L=[14.5, 7.1, 9.0], C-C-Sep=0.20, ║∇J║=7.6e-02
-----On 4/20 Initial Guess Perturbations
Iteration 662/1000-----
J=1.4e-02, Jf=1.2e-03, ⟨B·n⟩=8.3e-03, Len=sum([6.1, 5.0, 5.5])=16.6, ϰ=[10.1, 5.9, 6.9], ∫ϰ²/L=[14.4, 7.2, 9.0], C-C-Sep=0.20, ║∇J║=1.1e-01
-----On 4/20 Initial Guess Perturbations
Iteration 663/1000-----
J=1.4e-02, Jf=1.1e-03, ⟨B·n⟩=8.3e-03, Len=sum([6.1, 5.0, 5.5])=16.5, ϰ=[10.1, 5.9, 7.0], ∫ϰ²/L=[14.2, 7.2, 8.9], C-C-Sep=0.20, ║∇J║=1.0e-01
-----On 4/20 Initial Guess Perturbations
Iteration 664/1000-----
J=1.4e-02, Jf=1.1e-03, ⟨B·n⟩=8.3e-03, Len=sum([6.1, 5.0, 5.5])=16.5, ϰ=[10.1, 5.5, 7.0], ∫ϰ²/L=[14.1, 7.0, 8.8], C-C-Sep=0.20, ║∇J║=9.8e-02
-----On 4/20 Initial Guess Perturbations
Iteration 665/1000-----
J=1.4e-02, Jf=1.1e-03, ⟨B·n⟩=8.3e-03, Len=sum([6.1, 4.9, 5.5])=16.5, ϰ=[10.2, 5.7, 7.1], ∫ϰ²/L=[14.1, 6.9, 8.9], C-C-Sep=0.20, ║∇J║=9.0e-02
-----On 4/20 Initial Guess Perturbations
Iteration 666/1000-----
J=1.4e-02, Jf=1.1e-03, ⟨B·n⟩=8.3e-03, Len=sum([6.1, 4.9, 5.5])=16.5, ϰ=[10.2, 5.5, 7.1], ∫ϰ²/L=[14.0, 6.9, 9.0], C-C-Sep=0.20, ║∇J║=7.8e-02
-----On 4/20 Initial Guess Perturbations
Iteration 667/1000-----
J=1.4e-02, Jf=1.2e-03, ⟨B·n⟩=8.3e-03, Len=sum([6.0, 4.9, 5.5])=16.4, ϰ=[10.3, 5.6, 7.2], ∫ϰ²/L=[14.0, 7.1, 9.2], C-C-Sep=0.20, ║∇J║=9.7e-02
-----On 4/20 Initial Guess Perturbations
Iteration 668/1000-----
J=1.4e-02, Jf=1.2e-03, ⟨B·n⟩=8.3e-03, Len=sum([6.0, 4.9, 5.5])=16.4, ϰ=[10.2, 5.6, 7.2], ∫ϰ²/L=[13.7, 6.7, 8.9], C-C-Sep=0.20, ║∇J║=6.0e-02
-----On 4/20 Initial Guess Perturbations
Iteration 669/1000-----
J=1.4e-02, Jf=1.2e-03, ⟨B·n⟩=8.4e-03, Len=sum([6.0, 4.9, 5.5])=16.4, ϰ=[10.1, 5.6, 7.1], ∫ϰ²/L=[13.8, 6.7, 8.9], C-C-Sep=0.20, ║∇J║=6.3e-02
-----On 4/20 Initial Guess Perturbations
Iteration 670/1000-----
J=1.4e-02, Jf=1.1e-03, ⟨B·n⟩=8.4e-03, Len=sum([6.0, 4.9, 5.4])=16.4, ϰ=[10.0, 5.4, 6.9], ∫ϰ²/L=[13.7, 6.5, 8.8], C-C-Sep=0.20, ║∇J║=5.9e-02
-----On 4/20 Initial Guess Perturbations
Iteration 671/1000-----
J=1.4e-02, Jf=1.2e-03, ⟨B·n⟩=8.4e-03, Len=sum([6.0, 4.9, 5.4])=16.4, ϰ=[10.0, 5.4, 6.9], ∫ϰ²/L=[13.8, 6.4, 8.8], C-C-Sep=0.20, ║∇J║=4.9e-02
-----On 4/20 Initial Guess Perturbations
Iteration 672/1000-----
J=1.4e-02, Jf=1.2e-03, ⟨B·n⟩=8.4e-03, Len=sum([6.0, 4.9, 5.4])=16.4, ϰ=[9.9, 5.7, 6.6], ∫ϰ²/L=[13.8, 6.4, 8.9], C-C-Sep=0.20, ║∇J║=3.5e-02
-----On 4/20 Initial Guess Perturbations
Iteration 673/1000-----
J=1.4e-02, Jf=1.2e-03, ⟨B·n⟩=8.4e-03, Len=sum([6.0, 4.9, 5.4])=16.4, ϰ=[10.0, 5.5, 6.6], ∫ϰ²/L=[13.8, 6.3, 8.9], C-C-Sep=0.20, ║∇J║=4.4e-02
-----On 4/20 Initial Guess Perturbations
Iteration 674/1000-----
J=1.4e-02, Jf=1.2e-03, ⟨B·n⟩=8.5e-03, Len=sum([6.0, 4.9, 5.4])=16.3, ϰ=[10.1, 5.5, 6.6], ∫ϰ²/L=[13.9, 6.3, 9.0], C-C-Sep=0.20, ║∇J║=3.0e-02
-----On 4/20 Initial Guess Perturbations
Iteration 675/1000-----
J=1.4e-02, Jf=1.2e-03, ⟨B·n⟩=8.5e-03, Len=sum([6.0, 4.9, 5.4])=16.3, ϰ=[10.1, 5.3, 6.6], ∫ϰ²/L=[13.9, 6.1, 9.0], C-C-Sep=0.20, ║∇J║=3.2e-02
-----On 4/20 Initial Guess Perturbations
Iteration 676/1000-----
J=1.4e-02, Jf=1.2e-03, ⟨B·n⟩=8.5e-03, Len=sum([6.0, 4.9, 5.4])=16.3, ϰ=[10.1, 5.2, 6.7], ∫ϰ²/L=[13.9, 6.0, 8.9], C-C-Sep=0.20, ║∇J║=3.7e-02
-----On 4/20 Initial Guess Perturbations
Iteration 677/1000-----
J=1.4e-02, Jf=1.2e-03, ⟨B·n⟩=8.5e-03, Len=sum([6.0, 4.9, 5.4])=16.3, ϰ=[10.0, 5.1, 6.8], ∫ϰ²/L=[13.9, 6.0, 8.9], C-C-Sep=0.20, ║∇J║=6.2e-02
-----On 4/20 Initial Guess Perturbations
Iteration 678/1000-----
J=1.4e-02, Jf=1.2e-03, ⟨B·n⟩=8.5e-03, Len=sum([6.0, 4.9, 5.4])=16.3, ϰ=[9.9, 5.1, 6.8], ∫ϰ²/L=[13.8, 5.9, 8.8], C-C-Sep=0.20, ║∇J║=5.9e-02
-----On 4/20 Initial Guess Perturbations
Iteration 679/1000-----
J=1.4e-02, Jf=1.2e-03, ⟨B·n⟩=8.5e-03, Len=sum([6.0, 4.9, 5.4])=16.3, ϰ=[10.0, 5.0, 6.8], ∫ϰ²/L=[13.8, 5.9, 8.8], C-C-Sep=0.20, ║∇J║=5.7e-02
-----On 4/20 Initial Guess Perturbations
Iteration 680/1000-----
J=1.4e-02, Jf=1.2e-03, ⟨B·n⟩=8.5e-03, Len=sum([6.0, 4.9, 5.4])=16.3, ϰ=[10.1, 5.0, 6.8], ∫ϰ²/L=[13.8, 6.0, 8.9], C-C-Sep=0.20, ║∇J║=5.7e-02
-----On 4/20 Initial Guess Perturbations
Iteration 681/1000-----
J=1.4e-02, Jf=1.2e-03, ⟨B·n⟩=8.5e-03, Len=sum([6.0, 4.9, 5.4])=16.3, ϰ=[10.2, 5.1, 6.8], ∫ϰ²/L=[13.8, 6.0, 8.8], C-C-Sep=0.20, ║∇J║=5.8e-02
-----On 4/20 Initial Guess Perturbations
Iteration 682/1000-----
J=1.4e-02, Jf=1.2e-03, ⟨B·n⟩=8.5e-03, Len=sum([6.0, 4.9, 5.4])=16.3, ϰ=[10.2, 5.2, 6.9], ∫ϰ²/L=[13.8, 6.1, 8.6], C-C-Sep=0.20, ║∇J║=5.2e-02
-----On 4/20 Initial Guess Perturbations
Iteration 683/1000-----
J=1.4e-02, Jf=1.2e-03, ⟨B·n⟩=8.5e-03, Len=sum([6.0, 4.9, 5.4])=16.2, ϰ=[10.1, 5.1, 6.7], ∫ϰ²/L=[13.8, 6.3, 8.6], C-C-Sep=0.20, ║∇J║=5.4e-02
-----On 4/20 Initial Guess Perturbations
Iteration 684/1000-----
J=1.4e-02, Jf=1.2e-03, ⟨B·n⟩=8.5e-03, Len=sum([6.0, 4.9, 5.4])=16.2, ϰ=[10.0, 5.1, 6.8], ∫ϰ²/L=[13.8, 6.2, 8.4], C-C-Sep=0.20, ║∇J║=4.1e-02
-----On 4/20 Initial Guess Perturbations
Iteration 685/1000-----
J=1.4e-02, Jf=1.2e-03, ⟨B·n⟩=8.5e-03, Len=sum([6.0, 4.9, 5.4])=16.2, ϰ=[10.0, 5.0, 6.6], ∫ϰ²/L=[13.8, 6.0, 8.4], C-C-Sep=0.20, ║∇J║=3.8e-02
-----On 4/20 Initial Guess Perturbations
Iteration 686/1000-----
J=1.4e-02, Jf=1.2e-03, ⟨B·n⟩=8.5e-03, Len=sum([6.0, 4.9, 5.4])=16.2, ϰ=[9.9, 5.2, 6.6], ∫ϰ²/L=[13.8, 6.0, 8.4], C-C-Sep=0.20, ║∇J║=3.9e-02
-----On 4/20 Initial Guess Perturbations
Iteration 687/1000-----
J=1.4e-02, Jf=1.2e-03, ⟨B·n⟩=8.5e-03, Len=sum([6.0, 4.9, 5.3])=16.2, ϰ=[9.9, 5.3, 6.8], ∫ϰ²/L=[13.8, 6.1, 8.6], C-C-Sep=0.20, ║∇J║=2.5e-02
-----On 4/20 Initial Guess Perturbations
Iteration 688/1000-----
J=1.4e-02, Jf=1.2e-03, ⟨B·n⟩=8.5e-03, Len=sum([6.0, 4.8, 5.3])=16.2, ϰ=[9.8, 5.3, 6.9], ∫ϰ²/L=[13.8, 6.2, 8.7], C-C-Sep=0.20, ║∇J║=2.8e-02
-----On 4/20 Initial Guess Perturbations
Iteration 689/1000-----
J=1.4e-02, Jf=1.2e-03, ⟨B·n⟩=8.5e-03, Len=sum([6.0, 4.8, 5.3])=16.2, ϰ=[9.8, 5.2, 6.9], ∫ϰ²/L=[13.9, 6.3, 8.8], C-C-Sep=0.20, ║∇J║=2.1e-02
-----On 4/20 Initial Guess Perturbations
Iteration 690/1000-----
J=1.4e-02, Jf=1.2e-03, ⟨B·n⟩=8.5e-03, Len=sum([6.0, 4.8, 5.3])=16.2, ϰ=[9.9, 5.1, 6.8], ∫ϰ²/L=[13.8, 6.4, 8.6], C-C-Sep=0.20, ║∇J║=2.5e-02
-----On 4/20 Initial Guess Perturbations
Iteration 691/1000-----
J=1.4e-02, Jf=1.2e-03, ⟨B·n⟩=8.5e-03, Len=sum([6.0, 4.8, 5.3])=16.2, ϰ=[9.8, 5.0, 6.7], ∫ϰ²/L=[13.8, 6.6, 8.6], C-C-Sep=0.20, ║∇J║=3.5e-02
-----On 4/20 Initial Guess Perturbations
Iteration 692/1000-----
J=1.4e-02, Jf=1.1e-03, ⟨B·n⟩=8.5e-03, Len=sum([6.0, 4.8, 5.3])=16.2, ϰ=[9.8, 5.0, 6.6], ∫ϰ²/L=[13.8, 6.6, 8.5], C-C-Sep=0.20, ║∇J║=3.1e-02
-----On 4/20 Initial Guess Perturbations
Iteration 693/1000-----
J=1.4e-02, Jf=1.2e-03, ⟨B·n⟩=8.5e-03, Len=sum([6.0, 4.8, 5.3])=16.2, ϰ=[9.8, 4.9, 6.5], ∫ϰ²/L=[13.8, 6.6, 8.5], C-C-Sep=0.20, ║∇J║=2.9e-02
-----On 4/20 Initial Guess Perturbations
Iteration 694/1000-----
J=1.4e-02, Jf=1.1e-03, ⟨B·n⟩=8.5e-03, Len=sum([6.0, 4.8, 5.3])=16.1, ϰ=[9.7, 4.9, 6.3], ∫ϰ²/L=[13.7, 6.5, 8.6], C-C-Sep=0.20, ║∇J║=3.0e-02
-----On 4/20 Initial Guess Perturbations
Iteration 695/1000-----
J=1.4e-02, Jf=1.1e-03, ⟨B·n⟩=8.5e-03, Len=sum([6.0, 4.8, 5.3])=16.1, ϰ=[9.7, 5.1, 6.3], ∫ϰ²/L=[13.8, 6.6, 8.8], C-C-Sep=0.20, ║∇J║=3.1e-02
-----On 4/20 Initial Guess Perturbations
Iteration 696/1000-----
J=1.4e-02, Jf=1.1e-03, ⟨B·n⟩=8.5e-03, Len=sum([6.0, 4.8, 5.3])=16.1, ϰ=[9.8, 5.2, 6.4], ∫ϰ²/L=[13.8, 6.6, 8.9], C-C-Sep=0.20, ║∇J║=2.5e-02
-----On 4/20 Initial Guess Perturbations
Iteration 697/1000-----
J=1.4e-02, Jf=1.1e-03, ⟨B·n⟩=8.4e-03, Len=sum([6.0, 4.8, 5.3])=16.1, ϰ=[9.8, 5.2, 6.5], ∫ϰ²/L=[13.9, 6.6, 9.0], C-C-Sep=0.20, ║∇J║=3.7e-02
-----On 4/20 Initial Guess Perturbations
Iteration 698/1000-----
J=1.4e-02, Jf=1.1e-03, ⟨B·n⟩=8.4e-03, Len=sum([6.0, 4.8, 5.3])=16.1, ϰ=[9.7, 5.3, 6.4], ∫ϰ²/L=[13.9, 6.5, 9.1], C-C-Sep=0.20, ║∇J║=7.7e-02
-----On 4/20 Initial Guess Perturbations
Iteration 699/1000-----
J=1.4e-02, Jf=1.1e-03, ⟨B·n⟩=8.4e-03, Len=sum([6.0, 4.8, 5.3])=16.1, ϰ=[9.8, 5.4, 6.3], ∫ϰ²/L=[13.9, 6.4, 9.1], C-C-Sep=0.20, ║∇J║=1.2e-01
-----On 4/20 Initial Guess Perturbations
Iteration 700/1000-----
J=1.4e-02, Jf=1.1e-03, ⟨B·n⟩=8.4e-03, Len=sum([6.0, 4.8, 5.3])=16.1, ϰ=[9.7, 5.4, 6.3], ∫ϰ²/L=[13.8, 6.4, 9.2], C-C-Sep=0.20, ║∇J║=3.1e-02
-----On 4/20 Initial Guess Perturbations
Iteration 701/1000-----
J=1.4e-02, Jf=1.1e-03, ⟨B·n⟩=8.4e-03, Len=sum([6.0, 4.8, 5.3])=16.1, ϰ=[9.6, 5.5, 6.1], ∫ϰ²/L=[13.8, 6.4, 9.2], C-C-Sep=0.20, ║∇J║=3.1e-02
-----On 4/20 Initial Guess Perturbations
Iteration 702/1000-----
J=1.4e-02, Jf=1.1e-03, ⟨B·n⟩=8.4e-03, Len=sum([6.0, 4.8, 5.3])=16.1, ϰ=[9.5, 5.6, 6.1], ∫ϰ²/L=[13.8, 6.3, 9.3], C-C-Sep=0.20, ║∇J║=2.5e-02
-----On 4/20 Initial Guess Perturbations
Iteration 703/1000-----
J=1.4e-02, Jf=1.1e-03, ⟨B·n⟩=8.4e-03, Len=sum([6.0, 4.8, 5.3])=16.1, ϰ=[9.5, 5.8, 5.9], ∫ϰ²/L=[13.9, 6.4, 9.6], C-C-Sep=0.20, ║∇J║=5.1e-02
-----On 4/20 Initial Guess Perturbations
Iteration 704/1000-----
J=1.4e-02, Jf=1.1e-03, ⟨B·n⟩=8.4e-03, Len=sum([6.0, 4.8, 5.3])=16.1, ϰ=[9.4, 5.7, 5.8], ∫ϰ²/L=[14.0, 6.3, 9.6], C-C-Sep=0.20, ║∇J║=5.7e-02
-----On 4/20 Initial Guess Perturbations
Iteration 705/1000-----
J=1.4e-02, Jf=1.1e-03, ⟨B·n⟩=8.4e-03, Len=sum([6.0, 4.8, 5.3])=16.1, ϰ=[9.5, 5.7, 5.8], ∫ϰ²/L=[14.0, 6.4, 9.8], C-C-Sep=0.20, ║∇J║=2.8e-02
-----On 4/20 Initial Guess Perturbations
Iteration 706/1000-----
J=1.4e-02, Jf=1.1e-03, ⟨B·n⟩=8.4e-03, Len=sum([6.0, 4.8, 5.3])=16.1, ϰ=[9.6, 5.9, 5.7], ∫ϰ²/L=[14.1, 6.5, 9.7], C-C-Sep=0.20, ║∇J║=2.9e-02
-----On 4/20 Initial Guess Perturbations
Iteration 707/1000-----
J=1.4e-02, Jf=1.1e-03, ⟨B·n⟩=8.4e-03, Len=sum([6.0, 4.8, 5.3])=16.0, ϰ=[9.6, 5.7, 5.7], ∫ϰ²/L=[14.0, 6.5, 9.7], C-C-Sep=0.20, ║∇J║=2.4e-02
-----On 4/20 Initial Guess Perturbations
Iteration 708/1000-----
J=1.4e-02, Jf=1.1e-03, ⟨B·n⟩=8.4e-03, Len=sum([6.0, 4.8, 5.3])=16.0, ϰ=[9.7, 5.7, 6.0], ∫ϰ²/L=[14.0, 6.6, 9.6], C-C-Sep=0.20, ║∇J║=3.1e-02
-----On 4/20 Initial Guess Perturbations
Iteration 709/1000-----
J=1.4e-02, Jf=1.1e-03, ⟨B·n⟩=8.4e-03, Len=sum([6.0, 4.7, 5.3])=16.0, ϰ=[9.7, 5.6, 6.0], ∫ϰ²/L=[13.9, 6.6, 9.7], C-C-Sep=0.20, ║∇J║=2.7e-02
-----On 4/20 Initial Guess Perturbations
Iteration 710/1000-----
J=1.4e-02, Jf=1.1e-03, ⟨B·n⟩=8.4e-03, Len=sum([6.0, 4.7, 5.3])=16.0, ϰ=[9.7, 5.7, 6.1], ∫ϰ²/L=[13.9, 6.6, 9.6], C-C-Sep=0.20, ║∇J║=2.4e-02
-----On 4/20 Initial Guess Perturbations
Iteration 711/1000-----
J=1.4e-02, Jf=1.1e-03, ⟨B·n⟩=8.4e-03, Len=sum([6.0, 4.7, 5.3])=16.0, ϰ=[9.6, 5.8, 6.3], ∫ϰ²/L=[13.9, 6.8, 9.8], C-C-Sep=0.20, ║∇J║=4.4e-02
-----On 4/20 Initial Guess Perturbations
Iteration 712/1000-----
J=1.4e-02, Jf=1.1e-03, ⟨B·n⟩=8.4e-03, Len=sum([6.0, 4.7, 5.3])=16.0, ϰ=[9.5, 5.9, 6.0], ∫ϰ²/L=[13.9, 6.8, 9.6], C-C-Sep=0.20, ║∇J║=1.6e-01
-----On 4/20 Initial Guess Perturbations
Iteration 713/1000-----
J=1.4e-02, Jf=1.1e-03, ⟨B·n⟩=8.4e-03, Len=sum([6.0, 4.7, 5.3])=16.0, ϰ=[9.4, 5.7, 6.1], ∫ϰ²/L=[13.9, 6.7, 9.7], C-C-Sep=0.20, ║∇J║=1.5e-01
-----On 4/20 Initial Guess Perturbations
Iteration 714/1000-----
J=1.4e-02, Jf=1.1e-03, ⟨B·n⟩=8.4e-03, Len=sum([6.0, 4.7, 5.3])=16.0, ϰ=[9.4, 5.7, 6.0], ∫ϰ²/L=[13.8, 6.6, 9.7], C-C-Sep=0.20, ║∇J║=7.6e-02
-----On 4/20 Initial Guess Perturbations
Iteration 715/1000-----
J=1.4e-02, Jf=1.1e-03, ⟨B·n⟩=8.4e-03, Len=sum([6.0, 4.7, 5.3])=16.0, ϰ=[9.4, 5.7, 6.0], ∫ϰ²/L=[13.8, 6.6, 9.7], C-C-Sep=0.20, ║∇J║=4.7e-02
-----On 4/20 Initial Guess Perturbations
Iteration 716/1000-----
J=1.4e-02, Jf=1.1e-03, ⟨B·n⟩=8.4e-03, Len=sum([6.0, 4.7, 5.3])=16.0, ϰ=[9.4, 5.8, 5.9], ∫ϰ²/L=[13.8, 6.6, 9.7], C-C-Sep=0.20, ║∇J║=2.9e-02
-----On 4/20 Initial Guess Perturbations
Iteration 717/1000-----
J=1.4e-02, Jf=1.1e-03, ⟨B·n⟩=8.5e-03, Len=sum([6.0, 4.7, 5.3])=15.9, ϰ=[9.3, 6.0, 5.9], ∫ϰ²/L=[13.8, 6.7, 9.9], C-C-Sep=0.20, ║∇J║=3.0e-02
-----On 4/20 Initial Guess Perturbations
Iteration 718/1000-----
J=1.4e-02, Jf=1.1e-03, ⟨B·n⟩=8.5e-03, Len=sum([6.0, 4.7, 5.3])=15.9, ϰ=[9.2, 6.0, 5.8], ∫ϰ²/L=[13.8, 6.7, 9.9], C-C-Sep=0.20, ║∇J║=3.5e-02
-----On 4/20 Initial Guess Perturbations
Iteration 719/1000-----
J=1.4e-02, Jf=1.1e-03, ⟨B·n⟩=8.5e-03, Len=sum([6.0, 4.7, 5.3])=15.9, ϰ=[9.2, 6.1, 5.7], ∫ϰ²/L=[13.8, 6.8, 9.9], C-C-Sep=0.20, ║∇J║=2.6e-02
-----On 4/20 Initial Guess Perturbations
Iteration 720/1000-----
J=1.4e-02, Jf=1.1e-03, ⟨B·n⟩=8.5e-03, Len=sum([6.0, 4.7, 5.3])=15.9, ϰ=[9.1, 6.0, 5.5], ∫ϰ²/L=[13.6, 6.5, 9.6], C-C-Sep=0.20, ║∇J║=2.7e-02
-----On 4/20 Initial Guess Perturbations
Iteration 721/1000-----
J=1.4e-02, Jf=1.1e-03, ⟨B·n⟩=8.5e-03, Len=sum([6.0, 4.7, 5.3])=15.9, ϰ=[9.1, 5.8, 5.4], ∫ϰ²/L=[13.6, 6.5, 9.6], C-C-Sep=0.20, ║∇J║=4.8e-02
-----On 4/20 Initial Guess Perturbations
Iteration 722/1000-----
J=1.4e-02, Jf=1.2e-03, ⟨B·n⟩=8.5e-03, Len=sum([6.0, 4.7, 5.3])=15.9, ϰ=[9.1, 5.8, 5.6], ∫ϰ²/L=[13.6, 6.5, 9.7], C-C-Sep=0.20, ║∇J║=2.8e-02
-----On 4/20 Initial Guess Perturbations
Iteration 723/1000-----
J=1.4e-02, Jf=1.2e-03, ⟨B·n⟩=8.5e-03, Len=sum([6.0, 4.7, 5.3])=15.9, ϰ=[9.1, 5.7, 5.5], ∫ϰ²/L=[13.5, 6.3, 9.5], C-C-Sep=0.20, ║∇J║=2.2e-02
-----On 4/20 Initial Guess Perturbations
Iteration 724/1000-----
J=1.4e-02, Jf=1.2e-03, ⟨B·n⟩=8.5e-03, Len=sum([6.0, 4.7, 5.3])=15.9, ϰ=[9.0, 5.6, 5.5], ∫ϰ²/L=[13.5, 6.2, 9.4], C-C-Sep=0.20, ║∇J║=6.6e-02
-----On 4/20 Initial Guess Perturbations
Iteration 725/1000-----
J=1.4e-02, Jf=1.2e-03, ⟨B·n⟩=8.5e-03, Len=sum([6.0, 4.7, 5.2])=15.9, ϰ=[8.9, 5.8, 5.5], ∫ϰ²/L=[13.4, 6.2, 9.5], C-C-Sep=0.20, ║∇J║=3.0e-02
-----On 4/20 Initial Guess Perturbations
Iteration 726/1000-----
J=1.4e-02, Jf=1.2e-03, ⟨B·n⟩=8.6e-03, Len=sum([6.0, 4.7, 5.2])=15.9, ϰ=[8.9, 5.8, 5.8], ∫ϰ²/L=[13.3, 6.3, 9.5], C-C-Sep=0.20, ║∇J║=3.1e-02
-----On 4/20 Initial Guess Perturbations
Iteration 727/1000-----
J=1.4e-02, Jf=1.2e-03, ⟨B·n⟩=8.6e-03, Len=sum([5.9, 4.7, 5.2])=15.8, ϰ=[8.8, 6.3, 5.8], ∫ϰ²/L=[13.3, 6.4, 9.6], C-C-Sep=0.20, ║∇J║=4.5e-02
-----On 4/20 Initial Guess Perturbations
Iteration 728/1000-----
J=1.4e-02, Jf=1.2e-03, ⟨B·n⟩=8.6e-03, Len=sum([5.9, 4.6, 5.2])=15.8, ϰ=[8.8, 6.5, 5.7], ∫ϰ²/L=[13.2, 6.4, 9.5], C-C-Sep=0.20, ║∇J║=3.4e-02
-----On 4/20 Initial Guess Perturbations
Iteration 729/1000-----
J=1.4e-02, Jf=1.2e-03, ⟨B·n⟩=8.6e-03, Len=sum([5.9, 4.6, 5.2])=15.8, ϰ=[8.8, 6.8, 5.8], ∫ϰ²/L=[13.2, 6.6, 9.5], C-C-Sep=0.20, ║∇J║=3.9e-02
-----On 4/20 Initial Guess Perturbations
Iteration 730/1000-----
J=1.4e-02, Jf=1.2e-03, ⟨B·n⟩=8.6e-03, Len=sum([5.9, 4.6, 5.2])=15.8, ϰ=[8.8, 6.8, 5.7], ∫ϰ²/L=[13.2, 6.7, 9.5], C-C-Sep=0.20, ║∇J║=4.2e-02
-----On 4/20 Initial Guess Perturbations
Iteration 731/1000-----
J=1.4e-02, Jf=1.2e-03, ⟨B·n⟩=8.6e-03, Len=sum([5.9, 4.6, 5.2])=15.8, ϰ=[8.9, 6.6, 5.6], ∫ϰ²/L=[13.1, 6.6, 9.4], C-C-Sep=0.20, ║∇J║=2.6e-02
-----On 4/20 Initial Guess Perturbations
Iteration 732/1000-----
J=1.4e-02, Jf=1.2e-03, ⟨B·n⟩=8.6e-03, Len=sum([5.9, 4.6, 5.2])=15.8, ϰ=[8.9, 6.4, 5.6], ∫ϰ²/L=[13.1, 6.6, 9.4], C-C-Sep=0.20, ║∇J║=2.5e-02
-----On 4/20 Initial Guess Perturbations
Iteration 733/1000-----
J=1.4e-02, Jf=1.2e-03, ⟨B·n⟩=8.6e-03, Len=sum([5.9, 4.6, 5.2])=15.8, ϰ=[8.9, 5.9, 5.7], ∫ϰ²/L=[13.1, 6.6, 9.4], C-C-Sep=0.20, ║∇J║=3.5e-02
-----On 4/20 Initial Guess Perturbations
Iteration 734/1000-----
J=1.4e-02, Jf=1.2e-03, ⟨B·n⟩=8.6e-03, Len=sum([5.9, 4.6, 5.2])=15.8, ϰ=[8.9, 6.1, 5.7], ∫ϰ²/L=[13.2, 6.6, 9.5], C-C-Sep=0.20, ║∇J║=7.8e-02
-----On 4/20 Initial Guess Perturbations
Iteration 735/1000-----
J=1.4e-02, Jf=1.2e-03, ⟨B·n⟩=8.6e-03, Len=sum([5.9, 4.6, 5.2])=15.8, ϰ=[8.9, 6.2, 5.9], ∫ϰ²/L=[13.1, 6.7, 9.6], C-C-Sep=0.20, ║∇J║=6.9e-02
-----On 4/20 Initial Guess Perturbations
Iteration 736/1000-----
J=1.4e-02, Jf=1.2e-03, ⟨B·n⟩=8.6e-03, Len=sum([5.9, 4.6, 5.2])=15.8, ϰ=[8.9, 6.2, 5.9], ∫ϰ²/L=[13.1, 6.6, 9.5], C-C-Sep=0.20, ║∇J║=1.6e-01
-----On 4/20 Initial Guess Perturbations
Iteration 737/1000-----
J=1.4e-02, Jf=1.2e-03, ⟨B·n⟩=8.6e-03, Len=sum([5.9, 4.6, 5.2])=15.7, ϰ=[8.9, 6.1, 5.9], ∫ϰ²/L=[13.0, 6.5, 9.5], C-C-Sep=0.20, ║∇J║=1.1e-01
-----On 4/20 Initial Guess Perturbations
Iteration 738/1000-----
J=1.4e-02, Jf=1.2e-03, ⟨B·n⟩=8.6e-03, Len=sum([5.9, 4.6, 5.2])=15.7, ϰ=[8.9, 6.1, 5.9], ∫ϰ²/L=[13.0, 6.5, 9.5], C-C-Sep=0.20, ║∇J║=2.6e-02
-----On 4/20 Initial Guess Perturbations
Iteration 739/1000-----
J=1.4e-02, Jf=1.2e-03, ⟨B·n⟩=8.6e-03, Len=sum([5.9, 4.6, 5.2])=15.7, ϰ=[8.9, 6.1, 5.8], ∫ϰ²/L=[13.0, 6.5, 9.4], C-C-Sep=0.20, ║∇J║=4.1e-02
-----On 4/20 Initial Guess Perturbations
Iteration 740/1000-----
J=1.4e-02, Jf=1.2e-03, ⟨B·n⟩=8.6e-03, Len=sum([5.9, 4.6, 5.2])=15.7, ϰ=[8.9, 6.2, 5.8], ∫ϰ²/L=[13.0, 6.4, 9.4], C-C-Sep=0.20, ║∇J║=5.1e-02
-----On 4/20 Initial Guess Perturbations
Iteration 741/1000-----
J=1.4e-02, Jf=1.2e-03, ⟨B·n⟩=8.6e-03, Len=sum([5.9, 4.6, 5.2])=15.7, ϰ=[9.0, 6.3, 5.9], ∫ϰ²/L=[13.0, 6.5, 9.5], C-C-Sep=0.20, ║∇J║=3.9e-02
-----On 4/20 Initial Guess Perturbations
Iteration 742/1000-----
J=1.4e-02, Jf=1.2e-03, ⟨B·n⟩=8.6e-03, Len=sum([5.9, 4.6, 5.2])=15.7, ϰ=[9.0, 6.3, 5.9], ∫ϰ²/L=[13.0, 6.4, 9.5], C-C-Sep=0.20, ║∇J║=7.4e-02
-----On 4/20 Initial Guess Perturbations
Iteration 743/1000-----
J=1.4e-02, Jf=1.2e-03, ⟨B·n⟩=8.6e-03, Len=sum([5.9, 4.6, 5.2])=15.7, ϰ=[9.0, 6.1, 5.8], ∫ϰ²/L=[13.0, 6.4, 9.5], C-C-Sep=0.20, ║∇J║=7.3e-02
-----On 4/20 Initial Guess Perturbations
Iteration 744/1000-----
J=1.4e-02, Jf=1.2e-03, ⟨B·n⟩=8.6e-03, Len=sum([5.9, 4.6, 5.2])=15.7, ϰ=[9.0, 5.9, 5.7], ∫ϰ²/L=[12.9, 6.4, 9.5], C-C-Sep=0.20, ║∇J║=2.6e-02
-----On 4/20 Initial Guess Perturbations
Iteration 745/1000-----
J=1.4e-02, Jf=1.2e-03, ⟨B·n⟩=8.6e-03, Len=sum([5.9, 4.6, 5.2])=15.7, ϰ=[9.0, 5.6, 5.6], ∫ϰ²/L=[12.9, 6.3, 9.5], C-C-Sep=0.20, ║∇J║=7.6e-02
-----On 4/20 Initial Guess Perturbations
Iteration 746/1000-----
J=1.4e-02, Jf=1.2e-03, ⟨B·n⟩=8.6e-03, Len=sum([5.9, 4.6, 5.2])=15.7, ϰ=[9.0, 5.6, 5.6], ∫ϰ²/L=[12.9, 6.2, 9.5], C-C-Sep=0.20, ║∇J║=5.5e-02
-----On 4/20 Initial Guess Perturbations
Iteration 747/1000-----
J=1.4e-02, Jf=1.2e-03, ⟨B·n⟩=8.6e-03, Len=sum([5.9, 4.6, 5.2])=15.7, ϰ=[9.0, 5.7, 5.7], ∫ϰ²/L=[12.9, 6.2, 9.6], C-C-Sep=0.20, ║∇J║=2.7e-02
-----On 4/20 Initial Guess Perturbations
Iteration 748/1000-----
J=1.4e-02, Jf=1.2e-03, ⟨B·n⟩=8.6e-03, Len=sum([5.9, 4.6, 5.2])=15.7, ϰ=[9.0, 5.7, 5.7], ∫ϰ²/L=[12.9, 6.2, 9.6], C-C-Sep=0.20, ║∇J║=5.7e-02
-----On 4/20 Initial Guess Perturbations
Iteration 749/1000-----
J=1.4e-02, Jf=1.2e-03, ⟨B·n⟩=8.6e-03, Len=sum([5.9, 4.6, 5.2])=15.7, ϰ=[9.0, 5.9, 5.8], ∫ϰ²/L=[13.0, 6.2, 9.7], C-C-Sep=0.20, ║∇J║=2.8e-02
-----On 4/20 Initial Guess Perturbations
Iteration 750/1000-----
J=1.4e-02, Jf=1.2e-03, ⟨B·n⟩=8.6e-03, Len=sum([5.9, 4.6, 5.2])=15.7, ϰ=[9.0, 5.8, 5.7], ∫ϰ²/L=[13.0, 6.2, 9.7], C-C-Sep=0.20, ║∇J║=4.5e-02
-----On 4/20 Initial Guess Perturbations
Iteration 751/1000-----
J=1.4e-02, Jf=1.2e-03, ⟨B·n⟩=8.6e-03, Len=sum([5.9, 4.6, 5.2])=15.7, ϰ=[9.0, 5.9, 5.6], ∫ϰ²/L=[13.0, 6.3, 9.7], C-C-Sep=0.20, ║∇J║=4.8e-02
-----On 4/20 Initial Guess Perturbations
Iteration 752/1000-----
J=1.4e-02, Jf=1.2e-03, ⟨B·n⟩=8.6e-03, Len=sum([5.9, 4.6, 5.2])=15.7, ϰ=[9.0, 6.0, 5.5], ∫ϰ²/L=[13.0, 6.3, 9.6], C-C-Sep=0.20, ║∇J║=8.0e-02
-----On 4/20 Initial Guess Perturbations
Iteration 753/1000-----
J=1.4e-02, Jf=1.2e-03, ⟨B·n⟩=8.6e-03, Len=sum([5.9, 4.6, 5.2])=15.7, ϰ=[9.0, 6.0, 5.5], ∫ϰ²/L=[12.9, 6.3, 9.6], C-C-Sep=0.20, ║∇J║=1.1e-01
-----On 4/20 Initial Guess Perturbations
Iteration 754/1000-----
J=1.4e-02, Jf=1.2e-03, ⟨B·n⟩=8.6e-03, Len=sum([5.9, 4.6, 5.2])=15.7, ϰ=[8.9, 5.9, 5.4], ∫ϰ²/L=[12.9, 6.3, 9.6], C-C-Sep=0.20, ║∇J║=2.9e-02
-----On 4/20 Initial Guess Perturbations
Iteration 755/1000-----
J=1.4e-02, Jf=1.2e-03, ⟨B·n⟩=8.6e-03, Len=sum([5.9, 4.6, 5.2])=15.7, ϰ=[8.8, 5.8, 5.5], ∫ϰ²/L=[12.8, 6.3, 9.6], C-C-Sep=0.20, ║∇J║=8.6e-02
-----On 4/20 Initial Guess Perturbations
Iteration 756/1000-----
J=1.4e-02, Jf=1.2e-03, ⟨B·n⟩=8.6e-03, Len=sum([5.9, 4.6, 5.2])=15.7, ϰ=[8.8, 5.7, 5.5], ∫ϰ²/L=[12.8, 6.3, 9.6], C-C-Sep=0.20, ║∇J║=6.4e-02
-----On 4/20 Initial Guess Perturbations
Iteration 757/1000-----
J=1.4e-02, Jf=1.2e-03, ⟨B·n⟩=8.6e-03, Len=sum([5.9, 4.6, 5.2])=15.7, ϰ=[8.8, 5.6, 5.5], ∫ϰ²/L=[12.8, 6.3, 9.6], C-C-Sep=0.20, ║∇J║=4.1e-02
-----On 4/20 Initial Guess Perturbations
Iteration 758/1000-----
J=1.4e-02, Jf=1.2e-03, ⟨B·n⟩=8.6e-03, Len=sum([5.9, 4.6, 5.2])=15.7, ϰ=[8.8, 5.5, 5.5], ∫ϰ²/L=[12.8, 6.3, 9.6], C-C-Sep=0.20, ║∇J║=5.8e-02
-----On 4/20 Initial Guess Perturbations
Iteration 759/1000-----
J=1.4e-02, Jf=1.2e-03, ⟨B·n⟩=8.6e-03, Len=sum([5.9, 4.6, 5.2])=15.7, ϰ=[8.8, 5.4, 5.5], ∫ϰ²/L=[12.7, 6.3, 9.6], C-C-Sep=0.20, ║∇J║=3.6e-02
-----On 4/20 Initial Guess Perturbations
Iteration 760/1000-----
J=1.4e-02, Jf=1.2e-03, ⟨B·n⟩=8.6e-03, Len=sum([5.9, 4.6, 5.2])=15.7, ϰ=[8.8, 5.4, 5.5], ∫ϰ²/L=[12.7, 6.3, 9.6], C-C-Sep=0.20, ║∇J║=4.4e-02
-----On 4/20 Initial Guess Perturbations
Iteration 761/1000-----
J=1.4e-02, Jf=1.2e-03, ⟨B·n⟩=8.7e-03, Len=sum([5.9, 4.6, 5.2])=15.7, ϰ=[8.8, 5.4, 5.4], ∫ϰ²/L=[12.7, 6.3, 9.6], C-C-Sep=0.20, ║∇J║=4.4e-02
-----On 4/20 Initial Guess Perturbations
Iteration 762/1000-----
J=1.4e-02, Jf=1.2e-03, ⟨B·n⟩=8.7e-03, Len=sum([5.9, 4.6, 5.2])=15.7, ϰ=[8.8, 5.5, 5.4], ∫ϰ²/L=[12.7, 6.3, 9.5], C-C-Sep=0.20, ║∇J║=2.9e-02
-----On 4/20 Initial Guess Perturbations
Iteration 763/1000-----
J=1.4e-02, Jf=1.2e-03, ⟨B·n⟩=8.7e-03, Len=sum([5.9, 4.6, 5.2])=15.7, ϰ=[8.8, 5.6, 5.5], ∫ϰ²/L=[12.7, 6.4, 9.5], C-C-Sep=0.20, ║∇J║=7.4e-02
-----On 4/20 Initial Guess Perturbations
Iteration 764/1000-----
J=1.4e-02, Jf=1.2e-03, ⟨B·n⟩=8.7e-03, Len=sum([5.9, 4.6, 5.2])=15.7, ϰ=[8.9, 5.5, 5.4], ∫ϰ²/L=[12.7, 6.3, 9.5], C-C-Sep=0.20, ║∇J║=9.2e-02
-----On 4/20 Initial Guess Perturbations
Iteration 765/1000-----
J=1.4e-02, Jf=1.2e-03, ⟨B·n⟩=8.7e-03, Len=sum([5.9, 4.6, 5.2])=15.6, ϰ=[8.9, 5.6, 5.4], ∫ϰ²/L=[12.8, 6.4, 9.5], C-C-Sep=0.20, ║∇J║=1.7e-01
-----On 4/20 Initial Guess Perturbations
Iteration 766/1000-----
J=1.4e-02, Jf=1.2e-03, ⟨B·n⟩=8.7e-03, Len=sum([5.9, 4.6, 5.2])=15.6, ϰ=[8.9, 5.5, 5.4], ∫ϰ²/L=[12.8, 6.4, 9.5], C-C-Sep=0.20, ║∇J║=5.3e-02
-----On 4/20 Initial Guess Perturbations
Iteration 767/1000-----
J=1.4e-02, Jf=1.2e-03, ⟨B·n⟩=8.7e-03, Len=sum([5.9, 4.6, 5.2])=15.6, ϰ=[8.9, 5.5, 5.4], ∫ϰ²/L=[12.7, 6.3, 9.4], C-C-Sep=0.20, ║∇J║=2.6e-02
-----On 4/20 Initial Guess Perturbations
Iteration 768/1000-----
J=1.4e-02, Jf=1.2e-03, ⟨B·n⟩=8.7e-03, Len=sum([5.9, 4.6, 5.2])=15.6, ϰ=[8.9, 5.5, 5.3], ∫ϰ²/L=[12.7, 6.3, 9.4], C-C-Sep=0.20, ║∇J║=2.2e-02
-----On 4/20 Initial Guess Perturbations
Iteration 769/1000-----
J=1.4e-02, Jf=1.2e-03, ⟨B·n⟩=8.7e-03, Len=sum([5.9, 4.6, 5.2])=15.6, ϰ=[8.8, 5.6, 5.3], ∫ϰ²/L=[12.7, 6.4, 9.4], C-C-Sep=0.20, ║∇J║=8.3e-02
-----On 4/20 Initial Guess Perturbations
Iteration 770/1000-----
J=1.4e-02, Jf=1.2e-03, ⟨B·n⟩=8.7e-03, Len=sum([5.9, 4.6, 5.2])=15.6, ϰ=[8.8, 5.6, 5.3], ∫ϰ²/L=[12.7, 6.4, 9.4], C-C-Sep=0.20, ║∇J║=9.7e-02
-----On 4/20 Initial Guess Perturbations
Iteration 771/1000-----
J=1.4e-02, Jf=1.2e-03, ⟨B·n⟩=8.7e-03, Len=sum([5.9, 4.6, 5.2])=15.6, ϰ=[8.7, 5.6, 5.3], ∫ϰ²/L=[12.7, 6.5, 9.4], C-C-Sep=0.20, ║∇J║=1.3e-01
-----On 4/20 Initial Guess Perturbations
Iteration 772/1000-----
J=1.4e-02, Jf=1.2e-03, ⟨B·n⟩=8.7e-03, Len=sum([5.9, 4.6, 5.2])=15.6, ϰ=[8.7, 5.6, 5.2], ∫ϰ²/L=[12.7, 6.6, 9.4], C-C-Sep=0.20, ║∇J║=1.9e-01
-----On 4/20 Initial Guess Perturbations
Iteration 773/1000-----
J=1.4e-02, Jf=1.2e-03, ⟨B·n⟩=8.7e-03, Len=sum([5.9, 4.5, 5.2])=15.6, ϰ=[8.7, 5.4, 5.2], ∫ϰ²/L=[12.7, 6.6, 9.4], C-C-Sep=0.20, ║∇J║=3.9e-01
-----On 4/20 Initial Guess Perturbations
Iteration 774/1000-----
J=1.4e-02, Jf=1.2e-03, ⟨B·n⟩=8.7e-03, Len=sum([5.9, 4.5, 5.2])=15.6, ϰ=[8.7, 5.5, 5.2], ∫ϰ²/L=[12.6, 6.6, 9.4], C-C-Sep=0.20, ║∇J║=5.0e-02
-----On 4/20 Initial Guess Perturbations
Iteration 775/1000-----
J=1.4e-02, Jf=1.2e-03, ⟨B·n⟩=8.7e-03, Len=sum([5.9, 4.5, 5.2])=15.6, ϰ=[8.8, 5.5, 5.2], ∫ϰ²/L=[12.6, 6.5, 9.4], C-C-Sep=0.20, ║∇J║=1.1e-01
-----On 4/20 Initial Guess Perturbations
Iteration 776/1000-----
J=1.4e-02, Jf=1.2e-03, ⟨B·n⟩=8.7e-03, Len=sum([5.9, 4.5, 5.2])=15.6, ϰ=[8.8, 5.4, 5.2], ∫ϰ²/L=[12.6, 6.5, 9.4], C-C-Sep=0.20, ║∇J║=6.2e-02
-----On 4/20 Initial Guess Perturbations
Iteration 777/1000-----
J=1.4e-02, Jf=1.2e-03, ⟨B·n⟩=8.7e-03, Len=sum([5.9, 4.5, 5.2])=15.6, ϰ=[8.8, 5.4, 5.2], ∫ϰ²/L=[12.6, 6.5, 9.4], C-C-Sep=0.20, ║∇J║=3.4e-02
-----On 4/20 Initial Guess Perturbations
Iteration 778/1000-----
J=1.4e-02, Jf=1.2e-03, ⟨B·n⟩=8.7e-03, Len=sum([5.9, 4.5, 5.2])=15.6, ϰ=[8.8, 5.3, 5.3], ∫ϰ²/L=[12.6, 6.5, 9.4], C-C-Sep=0.20, ║∇J║=3.1e-02
-----On 4/20 Initial Guess Perturbations
Iteration 779/1000-----
J=1.4e-02, Jf=1.2e-03, ⟨B·n⟩=8.7e-03, Len=sum([5.9, 4.5, 5.2])=15.6, ϰ=[8.8, 5.3, 5.4], ∫ϰ²/L=[12.6, 6.5, 9.4], C-C-Sep=0.20, ║∇J║=2.2e-02
-----On 4/20 Initial Guess Perturbations
Iteration 780/1000-----
J=1.4e-02, Jf=1.2e-03, ⟨B·n⟩=8.7e-03, Len=sum([5.9, 4.5, 5.2])=15.6, ϰ=[8.8, 5.3, 5.5], ∫ϰ²/L=[12.6, 6.5, 9.5], C-C-Sep=0.20, ║∇J║=7.7e-02
-----On 4/20 Initial Guess Perturbations
Iteration 781/1000-----
J=1.4e-02, Jf=1.2e-03, ⟨B·n⟩=8.7e-03, Len=sum([5.9, 4.5, 5.2])=15.6, ϰ=[8.8, 5.3, 5.5], ∫ϰ²/L=[12.6, 6.5, 9.5], C-C-Sep=0.20, ║∇J║=1.5e-01
-----On 4/20 Initial Guess Perturbations
Iteration 782/1000-----
J=1.4e-02, Jf=1.2e-03, ⟨B·n⟩=8.7e-03, Len=sum([5.9, 4.5, 5.2])=15.6, ϰ=[8.9, 5.3, 5.5], ∫ϰ²/L=[12.6, 6.3, 9.5], C-C-Sep=0.20, ║∇J║=1.3e-01
-----On 4/20 Initial Guess Perturbations
Iteration 783/1000-----
J=1.4e-02, Jf=1.2e-03, ⟨B·n⟩=8.7e-03, Len=sum([5.9, 4.5, 5.2])=15.6, ϰ=[8.9, 5.4, 5.5], ∫ϰ²/L=[12.6, 6.3, 9.5], C-C-Sep=0.20, ║∇J║=4.2e-02
-----On 4/20 Initial Guess Perturbations
Iteration 784/1000-----
J=1.4e-02, Jf=1.2e-03, ⟨B·n⟩=8.7e-03, Len=sum([5.9, 4.5, 5.2])=15.6, ϰ=[8.9, 5.5, 5.4], ∫ϰ²/L=[12.6, 6.2, 9.5], C-C-Sep=0.20, ║∇J║=1.3e-01
-----On 4/20 Initial Guess Perturbations
Iteration 785/1000-----
J=1.4e-02, Jf=1.2e-03, ⟨B·n⟩=8.7e-03, Len=sum([5.9, 4.5, 5.2])=15.6, ϰ=[8.9, 5.5, 5.4], ∫ϰ²/L=[12.6, 6.2, 9.5], C-C-Sep=0.20, ║∇J║=1.2e-01
-----On 4/20 Initial Guess Perturbations
Iteration 786/1000-----
J=1.4e-02, Jf=1.2e-03, ⟨B·n⟩=8.7e-03, Len=sum([5.9, 4.5, 5.2])=15.6, ϰ=[8.9, 5.6, 5.4], ∫ϰ²/L=[12.6, 6.2, 9.5], C-C-Sep=0.20, ║∇J║=4.9e-02
-----On 4/20 Initial Guess Perturbations
Iteration 787/1000-----
J=1.4e-02, Jf=1.2e-03, ⟨B·n⟩=8.7e-03, Len=sum([5.9, 4.5, 5.2])=15.6, ϰ=[8.8, 5.7, 5.4], ∫ϰ²/L=[12.6, 6.3, 9.5], C-C-Sep=0.20, ║∇J║=4.7e-02
-----On 4/20 Initial Guess Perturbations
Iteration 788/1000-----
J=1.4e-02, Jf=1.2e-03, ⟨B·n⟩=8.7e-03, Len=sum([5.9, 4.5, 5.2])=15.6, ϰ=[8.8, 5.7, 5.4], ∫ϰ²/L=[12.6, 6.3, 9.5], C-C-Sep=0.20, ║∇J║=7.7e-02
-----On 4/20 Initial Guess Perturbations
Iteration 789/1000-----
J=1.4e-02, Jf=1.2e-03, ⟨B·n⟩=8.7e-03, Len=sum([5.9, 4.5, 5.2])=15.6, ϰ=[8.8, 5.7, 5.4], ∫ϰ²/L=[12.6, 6.3, 9.4], C-C-Sep=0.20, ║∇J║=5.6e-02
-----On 4/20 Initial Guess Perturbations
Iteration 790/1000-----
J=1.4e-02, Jf=1.2e-03, ⟨B·n⟩=8.7e-03, Len=sum([5.9, 4.5, 5.2])=15.6, ϰ=[8.7, 5.5, 5.3], ∫ϰ²/L=[12.6, 6.2, 9.4], C-C-Sep=0.20, ║∇J║=3.9e-02
-----On 4/20 Initial Guess Perturbations
Iteration 791/1000-----
J=1.4e-02, Jf=1.2e-03, ⟨B·n⟩=8.7e-03, Len=sum([5.9, 4.5, 5.2])=15.6, ϰ=[8.7, 5.4, 5.3], ∫ϰ²/L=[12.6, 6.2, 9.3], C-C-Sep=0.20, ║∇J║=2.4e-02
-----On 4/20 Initial Guess Perturbations
Iteration 792/1000-----
J=1.4e-02, Jf=1.2e-03, ⟨B·n⟩=8.7e-03, Len=sum([5.9, 4.5, 5.2])=15.6, ϰ=[8.7, 5.2, 5.1], ∫ϰ²/L=[12.6, 6.3, 9.2], C-C-Sep=0.20, ║∇J║=3.6e-02
-----On 4/20 Initial Guess Perturbations
Iteration 793/1000-----
J=1.4e-02, Jf=1.2e-03, ⟨B·n⟩=8.7e-03, Len=sum([5.9, 4.5, 5.2])=15.6, ϰ=[8.7, 5.2, 5.1], ∫ϰ²/L=[12.6, 6.2, 9.2], C-C-Sep=0.20, ║∇J║=2.6e-02
-----On 4/20 Initial Guess Perturbations
Iteration 794/1000-----
J=1.4e-02, Jf=1.2e-03, ⟨B·n⟩=8.8e-03, Len=sum([5.9, 4.5, 5.2])=15.6, ϰ=[8.6, 5.1, 5.2], ∫ϰ²/L=[12.6, 6.1, 9.1], C-C-Sep=0.20, ║∇J║=2.1e-02
-----On 4/20 Initial Guess Perturbations
Iteration 795/1000-----
J=1.4e-02, Jf=1.2e-03, ⟨B·n⟩=8.8e-03, Len=sum([5.9, 4.5, 5.2])=15.6, ϰ=[8.6, 5.1, 5.2], ∫ϰ²/L=[12.6, 6.2, 9.0], C-C-Sep=0.20, ║∇J║=1.2e-01
-----On 4/20 Initial Guess Perturbations
Iteration 796/1000-----
J=1.4e-02, Jf=1.2e-03, ⟨B·n⟩=8.8e-03, Len=sum([5.9, 4.5, 5.2])=15.6, ϰ=[8.6, 5.1, 5.2], ∫ϰ²/L=[12.6, 6.1, 9.0], C-C-Sep=0.20, ║∇J║=3.4e-02
-----On 4/20 Initial Guess Perturbations
Iteration 797/1000-----
J=1.4e-02, Jf=1.2e-03, ⟨B·n⟩=8.8e-03, Len=sum([5.9, 4.5, 5.2])=15.5, ϰ=[8.6, 5.3, 5.2], ∫ϰ²/L=[12.6, 6.3, 9.1], C-C-Sep=0.20, ║∇J║=1.7e-01
-----On 4/20 Initial Guess Perturbations
Iteration 798/1000-----
J=1.4e-02, Jf=1.2e-03, ⟨B·n⟩=8.8e-03, Len=sum([5.9, 4.5, 5.2])=15.5, ϰ=[8.6, 5.2, 5.2], ∫ϰ²/L=[12.5, 6.1, 9.0], C-C-Sep=0.20, ║∇J║=1.9e-02
-----On 4/20 Initial Guess Perturbations
Iteration 799/1000-----
J=1.4e-02, Jf=1.2e-03, ⟨B·n⟩=8.8e-03, Len=sum([5.9, 4.5, 5.2])=15.5, ϰ=[8.6, 5.2, 5.1], ∫ϰ²/L=[12.5, 6.1, 9.0], C-C-Sep=0.20, ║∇J║=1.7e-02
-----On 4/20 Initial Guess Perturbations
Iteration 800/1000-----
J=1.4e-02, Jf=1.2e-03, ⟨B·n⟩=8.8e-03, Len=sum([5.8, 4.5, 5.2])=15.5, ϰ=[8.6, 5.3, 5.2], ∫ϰ²/L=[12.5, 6.2, 9.0], C-C-Sep=0.20, ║∇J║=3.4e-02
-----On 4/20 Initial Guess Perturbations
Iteration 801/1000-----
J=1.4e-02, Jf=1.2e-03, ⟨B·n⟩=8.8e-03, Len=sum([5.8, 4.5, 5.2])=15.5, ϰ=[8.6, 5.3, 5.2], ∫ϰ²/L=[12.4, 6.2, 8.9], C-C-Sep=0.20, ║∇J║=7.5e-02
-----On 4/20 Initial Guess Perturbations
Iteration 802/1000-----
J=1.4e-02, Jf=1.2e-03, ⟨B·n⟩=8.8e-03, Len=sum([5.8, 4.5, 5.2])=15.5, ϰ=[8.7, 5.3, 5.3], ∫ϰ²/L=[12.5, 6.1, 9.0], C-C-Sep=0.20, ║∇J║=4.8e-02
-----On 4/20 Initial Guess Perturbations
Iteration 803/1000-----
J=1.4e-02, Jf=1.2e-03, ⟨B·n⟩=8.8e-03, Len=sum([5.8, 4.5, 5.2])=15.5, ϰ=[8.7, 5.4, 5.5], ∫ϰ²/L=[12.5, 6.1, 9.0], C-C-Sep=0.20, ║∇J║=6.3e-02
-----On 4/20 Initial Guess Perturbations
Iteration 804/1000-----
J=1.4e-02, Jf=1.2e-03, ⟨B·n⟩=8.8e-03, Len=sum([5.8, 4.5, 5.2])=15.5, ϰ=[8.7, 5.3, 5.6], ∫ϰ²/L=[12.5, 6.0, 9.0], C-C-Sep=0.20, ║∇J║=4.3e-02
-----On 4/20 Initial Guess Perturbations
Iteration 805/1000-----
J=1.4e-02, Jf=1.2e-03, ⟨B·n⟩=8.8e-03, Len=sum([5.8, 4.5, 5.1])=15.5, ϰ=[8.7, 5.3, 5.6], ∫ϰ²/L=[12.5, 5.9, 9.0], C-C-Sep=0.20, ║∇J║=6.8e-02
-----On 4/20 Initial Guess Perturbations
Iteration 806/1000-----
J=1.4e-02, Jf=1.2e-03, ⟨B·n⟩=8.8e-03, Len=sum([5.8, 4.5, 5.1])=15.5, ϰ=[8.7, 5.2, 5.6], ∫ϰ²/L=[12.5, 5.8, 8.9], C-C-Sep=0.20, ║∇J║=6.5e-02
-----On 4/20 Initial Guess Perturbations
Iteration 807/1000-----
J=1.4e-02, Jf=1.2e-03, ⟨B·n⟩=8.8e-03, Len=sum([5.8, 4.5, 5.1])=15.5, ϰ=[8.7, 5.2, 5.7], ∫ϰ²/L=[12.5, 5.7, 8.9], C-C-Sep=0.20, ║∇J║=8.3e-02
-----On 4/20 Initial Guess Perturbations
Iteration 808/1000-----
J=1.4e-02, Jf=1.2e-03, ⟨B·n⟩=8.8e-03, Len=sum([5.8, 4.5, 5.1])=15.5, ϰ=[8.8, 5.4, 5.7], ∫ϰ²/L=[12.4, 5.7, 8.9], C-C-Sep=0.20, ║∇J║=9.5e-02
-----On 4/20 Initial Guess Perturbations
Iteration 809/1000-----
J=1.4e-02, Jf=1.2e-03, ⟨B·n⟩=8.8e-03, Len=sum([5.8, 4.5, 5.1])=15.5, ϰ=[8.8, 5.4, 5.8], ∫ϰ²/L=[12.4, 5.6, 8.9], C-C-Sep=0.20, ║∇J║=9.6e-02
-----On 4/20 Initial Guess Perturbations
Iteration 810/1000-----
J=1.4e-02, Jf=1.2e-03, ⟨B·n⟩=8.8e-03, Len=sum([5.8, 4.5, 5.1])=15.5, ϰ=[8.7, 5.6, 5.7], ∫ϰ²/L=[12.4, 5.6, 9.0], C-C-Sep=0.20, ║∇J║=8.6e-02
-----On 4/20 Initial Guess Perturbations
Iteration 811/1000-----
J=1.4e-02, Jf=1.2e-03, ⟨B·n⟩=8.8e-03, Len=sum([5.8, 4.5, 5.1])=15.5, ϰ=[8.6, 5.7, 5.7], ∫ϰ²/L=[12.4, 5.6, 9.0], C-C-Sep=0.20, ║∇J║=9.1e-02
-----On 4/20 Initial Guess Perturbations
Iteration 812/1000-----
J=1.4e-02, Jf=1.2e-03, ⟨B·n⟩=8.8e-03, Len=sum([5.8, 4.5, 5.1])=15.5, ϰ=[8.5, 5.4, 5.6], ∫ϰ²/L=[12.4, 5.4, 9.0], C-C-Sep=0.20, ║∇J║=7.2e-02
-----On 4/20 Initial Guess Perturbations
Iteration 813/1000-----
J=1.4e-02, Jf=1.2e-03, ⟨B·n⟩=8.8e-03, Len=sum([5.8, 4.5, 5.1])=15.5, ϰ=[8.5, 5.4, 5.6], ∫ϰ²/L=[12.4, 5.4, 9.0], C-C-Sep=0.20, ║∇J║=6.8e-02
-----On 4/20 Initial Guess Perturbations
Iteration 814/1000-----
J=1.4e-02, Jf=1.2e-03, ⟨B·n⟩=8.8e-03, Len=sum([5.8, 4.5, 5.1])=15.5, ϰ=[8.5, 5.4, 5.5], ∫ϰ²/L=[12.4, 5.3, 9.0], C-C-Sep=0.20, ║∇J║=6.3e-02
-----On 4/20 Initial Guess Perturbations
Iteration 815/1000-----
J=1.4e-02, Jf=1.2e-03, ⟨B·n⟩=8.8e-03, Len=sum([5.8, 4.5, 5.1])=15.5, ϰ=[8.5, 5.5, 5.6], ∫ϰ²/L=[12.4, 5.3, 9.0], C-C-Sep=0.20, ║∇J║=5.1e-02
-----On 4/20 Initial Guess Perturbations
Iteration 816/1000-----
J=1.4e-02, Jf=1.2e-03, ⟨B·n⟩=8.8e-03, Len=sum([5.8, 4.5, 5.1])=15.5, ϰ=[8.6, 5.5, 5.6], ∫ϰ²/L=[12.5, 5.3, 9.1], C-C-Sep=0.20, ║∇J║=4.9e-02
-----On 4/20 Initial Guess Perturbations
Iteration 817/1000-----
J=1.4e-02, Jf=1.2e-03, ⟨B·n⟩=8.8e-03, Len=sum([5.8, 4.5, 5.1])=15.5, ϰ=[8.6, 5.4, 5.6], ∫ϰ²/L=[12.5, 5.3, 9.1], C-C-Sep=0.20, ║∇J║=4.6e-02
-----On 4/20 Initial Guess Perturbations
Iteration 818/1000-----
J=1.4e-02, Jf=1.2e-03, ⟨B·n⟩=8.8e-03, Len=sum([5.8, 4.5, 5.1])=15.5, ϰ=[8.6, 5.4, 5.7], ∫ϰ²/L=[12.6, 5.4, 9.2], C-C-Sep=0.20, ║∇J║=4.3e-02
-----On 4/20 Initial Guess Perturbations
Iteration 819/1000-----
J=1.4e-02, Jf=1.2e-03, ⟨B·n⟩=8.8e-03, Len=sum([5.8, 4.5, 5.1])=15.5, ϰ=[8.6, 5.4, 5.7], ∫ϰ²/L=[12.7, 5.5, 9.2], C-C-Sep=0.20, ║∇J║=4.0e-02
-----On 4/20 Initial Guess Perturbations
Iteration 820/1000-----
J=1.4e-02, Jf=1.2e-03, ⟨B·n⟩=8.8e-03, Len=sum([5.8, 4.5, 5.1])=15.4, ϰ=[8.5, 5.5, 5.7], ∫ϰ²/L=[12.8, 5.6, 9.3], C-C-Sep=0.20, ║∇J║=3.7e-02
-----On 4/20 Initial Guess Perturbations
Iteration 821/1000-----
J=1.4e-02, Jf=1.2e-03, ⟨B·n⟩=8.8e-03, Len=sum([5.8, 4.5, 5.1])=15.4, ϰ=[8.5, 5.2, 5.9], ∫ϰ²/L=[12.8, 5.6, 9.4], C-C-Sep=0.20, ║∇J║=5.0e-02
-----On 4/20 Initial Guess Perturbations
Iteration 822/1000-----
J=1.4e-02, Jf=1.2e-03, ⟨B·n⟩=8.8e-03, Len=sum([5.8, 4.5, 5.1])=15.4, ϰ=[8.5, 5.4, 5.7], ∫ϰ²/L=[12.8, 5.6, 9.3], C-C-Sep=0.20, ║∇J║=3.7e-02
-----On 4/20 Initial Guess Perturbations
Iteration 823/1000-----
J=1.4e-02, Jf=1.2e-03, ⟨B·n⟩=8.8e-03, Len=sum([5.8, 4.5, 5.1])=15.4, ϰ=[8.4, 5.4, 5.7], ∫ϰ²/L=[12.8, 5.5, 9.2], C-C-Sep=0.20, ║∇J║=3.8e-02
-----On 4/20 Initial Guess Perturbations
Iteration 824/1000-----
J=1.4e-02, Jf=1.2e-03, ⟨B·n⟩=8.8e-03, Len=sum([5.8, 4.5, 5.1])=15.4, ϰ=[8.5, 5.4, 5.7], ∫ϰ²/L=[12.8, 5.5, 9.2], C-C-Sep=0.20, ║∇J║=3.3e-02
-----On 4/20 Initial Guess Perturbations
Iteration 825/1000-----
J=1.4e-02, Jf=1.2e-03, ⟨B·n⟩=8.8e-03, Len=sum([5.8, 4.5, 5.1])=15.4, ϰ=[8.5, 5.4, 5.6], ∫ϰ²/L=[12.8, 5.5, 9.2], C-C-Sep=0.20, ║∇J║=3.4e-02
-----On 4/20 Initial Guess Perturbations
Iteration 826/1000-----
J=1.4e-02, Jf=1.2e-03, ⟨B·n⟩=8.8e-03, Len=sum([5.8, 4.5, 5.1])=15.4, ϰ=[8.5, 5.3, 5.5], ∫ϰ²/L=[12.8, 5.5, 9.2], C-C-Sep=0.20, ║∇J║=4.5e-02
-----On 4/20 Initial Guess Perturbations
Iteration 827/1000-----
J=1.4e-02, Jf=1.2e-03, ⟨B·n⟩=8.8e-03, Len=sum([5.8, 4.5, 5.1])=15.4, ϰ=[8.5, 5.3, 5.6], ∫ϰ²/L=[12.8, 5.5, 9.2], C-C-Sep=0.20, ║∇J║=3.4e-02
-----On 4/20 Initial Guess Perturbations
Iteration 828/1000-----
J=1.4e-02, Jf=1.2e-03, ⟨B·n⟩=8.8e-03, Len=sum([5.8, 4.5, 5.1])=15.4, ϰ=[8.5, 5.4, 5.4], ∫ϰ²/L=[12.8, 5.5, 9.2], C-C-Sep=0.20, ║∇J║=3.5e-02
-----On 4/20 Initial Guess Perturbations
Iteration 829/1000-----
J=1.4e-02, Jf=1.2e-03, ⟨B·n⟩=8.8e-03, Len=sum([5.8, 4.5, 5.1])=15.4, ϰ=[8.5, 5.4, 5.6], ∫ϰ²/L=[12.8, 5.4, 9.2], C-C-Sep=0.20, ║∇J║=2.6e-02
-----On 4/20 Initial Guess Perturbations
Iteration 830/1000-----
J=1.4e-02, Jf=1.2e-03, ⟨B·n⟩=8.8e-03, Len=sum([5.8, 4.5, 5.1])=15.4, ϰ=[8.5, 5.3, 5.5], ∫ϰ²/L=[12.8, 5.4, 9.1], C-C-Sep=0.20, ║∇J║=2.2e-02
-----On 4/20 Initial Guess Perturbations
Iteration 831/1000-----
J=1.4e-02, Jf=1.2e-03, ⟨B·n⟩=8.7e-03, Len=sum([5.8, 4.5, 5.1])=15.4, ϰ=[8.5, 5.3, 5.4], ∫ϰ²/L=[12.8, 5.5, 9.1], C-C-Sep=0.20, ║∇J║=4.7e-02
-----On 4/20 Initial Guess Perturbations
Iteration 832/1000-----
J=1.4e-02, Jf=1.2e-03, ⟨B·n⟩=8.7e-03, Len=sum([5.8, 4.5, 5.1])=15.4, ϰ=[8.5, 5.3, 5.5], ∫ϰ²/L=[12.8, 5.4, 9.1], C-C-Sep=0.20, ║∇J║=2.4e-02
-----On 4/20 Initial Guess Perturbations
Iteration 833/1000-----
J=1.4e-02, Jf=1.2e-03, ⟨B·n⟩=8.7e-03, Len=sum([5.8, 4.5, 5.1])=15.4, ϰ=[8.5, 5.2, 5.5], ∫ϰ²/L=[12.8, 5.4, 9.1], C-C-Sep=0.20, ║∇J║=2.5e-02
-----On 4/20 Initial Guess Perturbations
Iteration 834/1000-----
J=1.4e-02, Jf=1.2e-03, ⟨B·n⟩=8.7e-03, Len=sum([5.8, 4.5, 5.1])=15.4, ϰ=[8.5, 5.2, 5.3], ∫ϰ²/L=[12.9, 5.4, 9.1], C-C-Sep=0.20, ║∇J║=1.5e-02
-----On 4/20 Initial Guess Perturbations
Iteration 835/1000-----
J=1.4e-02, Jf=1.2e-03, ⟨B·n⟩=8.7e-03, Len=sum([5.8, 4.5, 5.1])=15.4, ϰ=[8.6, 5.2, 5.3], ∫ϰ²/L=[12.9, 5.4, 9.1], C-C-Sep=0.20, ║∇J║=1.2e-02
-----On 4/20 Initial Guess Perturbations
Iteration 836/1000-----
J=1.4e-02, Jf=1.2e-03, ⟨B·n⟩=8.7e-03, Len=sum([5.8, 4.5, 5.1])=15.4, ϰ=[8.6, 5.3, 5.3], ∫ϰ²/L=[13.0, 5.3, 9.1], C-C-Sep=0.20, ║∇J║=1.2e-02
-----On 4/20 Initial Guess Perturbations
Iteration 837/1000-----
J=1.4e-02, Jf=1.2e-03, ⟨B·n⟩=8.7e-03, Len=sum([5.8, 4.5, 5.1])=15.4, ϰ=[8.7, 5.4, 5.3], ∫ϰ²/L=[13.1, 5.4, 9.2], C-C-Sep=0.20, ║∇J║=1.5e-02
-----On 4/20 Initial Guess Perturbations
Iteration 838/1000-----
J=1.4e-02, Jf=1.2e-03, ⟨B·n⟩=8.7e-03, Len=sum([5.8, 4.5, 5.1])=15.4, ϰ=[8.7, 5.4, 5.3], ∫ϰ²/L=[13.1, 5.4, 9.2], C-C-Sep=0.20, ║∇J║=1.9e-02
-----On 4/20 Initial Guess Perturbations
Iteration 839/1000-----
J=1.4e-02, Jf=1.2e-03, ⟨B·n⟩=8.8e-03, Len=sum([5.8, 4.5, 5.1])=15.4, ϰ=[9.7, 5.3, 5.8], ∫ϰ²/L=[13.4, 5.8, 9.4], C-C-Sep=0.20, ║∇J║=8.1e-02
-----On 4/20 Initial Guess Perturbations
Iteration 840/1000-----
J=1.4e-02, Jf=1.2e-03, ⟨B·n⟩=8.7e-03, Len=sum([5.8, 4.5, 5.1])=15.4, ϰ=[8.8, 5.4, 5.4], ∫ϰ²/L=[13.1, 5.4, 9.2], C-C-Sep=0.20, ║∇J║=1.8e-02
-----On 4/20 Initial Guess Perturbations
Iteration 841/1000-----
J=1.4e-02, Jf=1.2e-03, ⟨B·n⟩=8.7e-03, Len=sum([5.8, 4.5, 5.1])=15.4, ϰ=[8.8, 5.3, 5.4], ∫ϰ²/L=[13.1, 5.4, 9.2], C-C-Sep=0.20, ║∇J║=1.6e-02
-----On 4/20 Initial Guess Perturbations
Iteration 842/1000-----
J=1.4e-02, Jf=1.2e-03, ⟨B·n⟩=8.7e-03, Len=sum([5.8, 4.5, 5.1])=15.4, ϰ=[8.8, 5.3, 5.4], ∫ϰ²/L=[13.1, 5.3, 9.2], C-C-Sep=0.20, ║∇J║=1.5e-02
-----On 4/20 Initial Guess Perturbations
Iteration 843/1000-----
J=1.4e-02, Jf=1.2e-03, ⟨B·n⟩=8.7e-03, Len=sum([5.8, 4.5, 5.1])=15.4, ϰ=[8.8, 5.3, 5.4], ∫ϰ²/L=[13.1, 5.3, 9.2], C-C-Sep=0.20, ║∇J║=1.5e-02
-----On 4/20 Initial Guess Perturbations
Iteration 844/1000-----
J=1.4e-02, Jf=1.2e-03, ⟨B·n⟩=8.8e-03, Len=sum([5.8, 4.5, 5.1])=15.4, ϰ=[8.7, 5.2, 5.6], ∫ϰ²/L=[13.1, 5.4, 9.2], C-C-Sep=0.20, ║∇J║=3.1e-02
-----On 4/20 Initial Guess Perturbations
Iteration 845/1000-----
J=1.4e-02, Jf=1.2e-03, ⟨B·n⟩=8.8e-03, Len=sum([5.8, 4.5, 5.1])=15.4, ϰ=[8.8, 5.3, 5.5], ∫ϰ²/L=[13.1, 5.4, 9.2], C-C-Sep=0.20, ║∇J║=2.0e-02
-----On 4/20 Initial Guess Perturbations
Iteration 846/1000-----
J=1.4e-02, Jf=1.2e-03, ⟨B·n⟩=8.7e-03, Len=sum([5.8, 4.5, 5.1])=15.4, ϰ=[8.7, 5.5, 5.5], ∫ϰ²/L=[13.2, 5.6, 9.2], C-C-Sep=0.20, ║∇J║=4.9e-02
-----On 4/20 Initial Guess Perturbations
Iteration 847/1000-----
J=1.4e-02, Jf=1.2e-03, ⟨B·n⟩=8.8e-03, Len=sum([5.8, 4.5, 5.1])=15.4, ϰ=[8.8, 5.3, 5.5], ∫ϰ²/L=[13.1, 5.4, 9.2], C-C-Sep=0.20, ║∇J║=1.8e-02
-----On 4/20 Initial Guess Perturbations
Iteration 848/1000-----
J=1.4e-02, Jf=1.2e-03, ⟨B·n⟩=8.8e-03, Len=sum([5.8, 4.5, 5.1])=15.4, ϰ=[8.8, 5.4, 5.5], ∫ϰ²/L=[13.1, 5.4, 9.2], C-C-Sep=0.20, ║∇J║=2.0e-02
-----On 4/20 Initial Guess Perturbations
Iteration 849/1000-----
J=1.4e-02, Jf=1.2e-03, ⟨B·n⟩=8.8e-03, Len=sum([5.8, 4.5, 5.1])=15.4, ϰ=[8.8, 5.3, 5.4], ∫ϰ²/L=[13.1, 5.4, 9.2], C-C-Sep=0.20, ║∇J║=1.7e-02
-----On 4/20 Initial Guess Perturbations
Iteration 850/1000-----
J=1.4e-02, Jf=1.2e-03, ⟨B·n⟩=8.8e-03, Len=sum([5.8, 4.5, 5.1])=15.4, ϰ=[8.8, 5.3, 5.4], ∫ϰ²/L=[13.1, 5.4, 9.2], C-C-Sep=0.20, ║∇J║=1.3e-02
-----On 4/20 Initial Guess Perturbations
Iteration 851/1000-----
J=1.4e-02, Jf=1.2e-03, ⟨B·n⟩=8.8e-03, Len=sum([5.8, 4.5, 5.1])=15.4, ϰ=[8.8, 5.3, 5.4], ∫ϰ²/L=[13.1, 5.3, 9.3], C-C-Sep=0.20, ║∇J║=1.2e-02
-----On 4/20 Initial Guess Perturbations
Iteration 852/1000-----
J=1.4e-02, Jf=1.2e-03, ⟨B·n⟩=8.8e-03, Len=sum([5.8, 4.5, 5.1])=15.4, ϰ=[8.8, 5.3, 5.4], ∫ϰ²/L=[13.1, 5.3, 9.3], C-C-Sep=0.20, ║∇J║=1.2e-02
-----On 4/20 Initial Guess Perturbations
Iteration 853/1000-----
J=1.4e-02, Jf=1.2e-03, ⟨B·n⟩=8.8e-03, Len=sum([5.8, 4.5, 5.1])=15.4, ϰ=[8.8, 5.3, 5.5], ∫ϰ²/L=[13.1, 5.3, 9.4], C-C-Sep=0.20, ║∇J║=1.7e-02
-----On 4/20 Initial Guess Perturbations
Iteration 854/1000-----
J=1.4e-02, Jf=1.2e-03, ⟨B·n⟩=8.8e-03, Len=sum([5.8, 4.5, 5.1])=15.4, ϰ=[8.9, 5.4, 5.5], ∫ϰ²/L=[13.1, 5.3, 9.4], C-C-Sep=0.20, ║∇J║=1.5e-02
-----On 4/20 Initial Guess Perturbations
Iteration 855/1000-----
J=1.4e-02, Jf=1.2e-03, ⟨B·n⟩=8.8e-03, Len=sum([5.8, 4.5, 5.1])=15.4, ϰ=[8.9, 5.3, 5.6], ∫ϰ²/L=[13.1, 5.3, 9.4], C-C-Sep=0.20, ║∇J║=2.0e-02
-----On 4/20 Initial Guess Perturbations
Iteration 856/1000-----
J=1.4e-02, Jf=1.2e-03, ⟨B·n⟩=8.8e-03, Len=sum([5.8, 4.5, 5.1])=15.4, ϰ=[8.9, 5.4, 5.6], ∫ϰ²/L=[13.1, 5.3, 9.4], C-C-Sep=0.20, ║∇J║=1.4e-02
-----On 4/20 Initial Guess Perturbations
Iteration 857/1000-----
J=1.4e-02, Jf=1.2e-03, ⟨B·n⟩=8.8e-03, Len=sum([5.8, 4.5, 5.1])=15.4, ϰ=[8.9, 5.4, 5.5], ∫ϰ²/L=[13.1, 5.3, 9.4], C-C-Sep=0.20, ║∇J║=1.8e-02
-----On 4/20 Initial Guess Perturbations
Iteration 858/1000-----
J=1.4e-02, Jf=1.2e-03, ⟨B·n⟩=8.8e-03, Len=sum([5.8, 4.5, 5.1])=15.4, ϰ=[9.1, 5.4, 5.6], ∫ϰ²/L=[13.1, 5.4, 9.4], C-C-Sep=0.20, ║∇J║=4.6e-02
-----On 4/20 Initial Guess Perturbations
Iteration 859/1000-----
J=1.4e-02, Jf=1.2e-03, ⟨B·n⟩=8.8e-03, Len=sum([5.8, 4.5, 5.1])=15.4, ϰ=[8.9, 5.4, 5.5], ∫ϰ²/L=[13.1, 5.3, 9.4], C-C-Sep=0.20, ║∇J║=1.7e-02
-----On 4/20 Initial Guess Perturbations
Iteration 860/1000-----
J=1.4e-02, Jf=1.2e-03, ⟨B·n⟩=8.8e-03, Len=sum([5.8, 4.5, 5.1])=15.4, ϰ=[8.9, 5.3, 5.6], ∫ϰ²/L=[13.1, 5.4, 9.4], C-C-Sep=0.20, ║∇J║=4.1e-02
-----On 4/20 Initial Guess Perturbations
Iteration 861/1000-----
J=1.4e-02, Jf=1.2e-03, ⟨B·n⟩=8.8e-03, Len=sum([5.8, 4.5, 5.1])=15.4, ϰ=[8.9, 5.4, 5.5], ∫ϰ²/L=[13.1, 5.3, 9.4], C-C-Sep=0.20, ║∇J║=1.5e-02
-----On 4/20 Initial Guess Perturbations
Iteration 862/1000-----
J=1.4e-02, Jf=1.2e-03, ⟨B·n⟩=8.8e-03, Len=sum([5.8, 4.5, 5.1])=15.4, ϰ=[8.9, 5.4, 5.5], ∫ϰ²/L=[13.1, 5.3, 9.4], C-C-Sep=0.20, ║∇J║=1.2e-02
-----On 4/20 Initial Guess Perturbations
Iteration 863/1000-----
J=1.4e-02, Jf=1.2e-03, ⟨B·n⟩=8.8e-03, Len=sum([5.8, 4.5, 5.1])=15.4, ϰ=[8.9, 5.3, 5.8], ∫ϰ²/L=[13.1, 5.4, 9.4], C-C-Sep=0.20, ║∇J║=4.8e-02
-----On 4/20 Initial Guess Perturbations
Iteration 864/1000-----
J=1.4e-02, Jf=1.2e-03, ⟨B·n⟩=8.8e-03, Len=sum([5.8, 4.5, 5.1])=15.4, ϰ=[8.9, 5.3, 5.6], ∫ϰ²/L=[13.1, 5.3, 9.3], C-C-Sep=0.20, ║∇J║=1.2e-02
-----On 4/20 Initial Guess Perturbations
Iteration 865/1000-----
J=1.4e-02, Jf=1.2e-03, ⟨B·n⟩=8.8e-03, Len=sum([5.8, 4.5, 5.1])=15.4, ϰ=[8.9, 5.4, 5.5], ∫ϰ²/L=[13.1, 5.3, 9.3], C-C-Sep=0.20, ║∇J║=1.3e-02
-----On 4/20 Initial Guess Perturbations
Iteration 866/1000-----
J=1.4e-02, Jf=1.2e-03, ⟨B·n⟩=8.8e-03, Len=sum([5.8, 4.5, 5.1])=15.4, ϰ=[8.9, 5.3, 5.5], ∫ϰ²/L=[13.1, 5.3, 9.3], C-C-Sep=0.20, ║∇J║=1.2e-02
-----On 4/20 Initial Guess Perturbations
Iteration 867/1000-----
J=1.4e-02, Jf=1.2e-03, ⟨B·n⟩=8.8e-03, Len=sum([5.8, 4.5, 5.1])=15.4, ϰ=[9.0, 5.3, 5.4], ∫ϰ²/L=[13.1, 5.3, 9.3], C-C-Sep=0.20, ║∇J║=1.6e-02
-----On 4/20 Initial Guess Perturbations
Iteration 868/1000-----
J=1.4e-02, Jf=1.2e-03, ⟨B·n⟩=8.8e-03, Len=sum([5.8, 4.5, 5.1])=15.4, ϰ=[9.0, 5.2, 5.4], ∫ϰ²/L=[13.1, 5.3, 9.2], C-C-Sep=0.20, ║∇J║=1.6e-02
-----On 4/20 Initial Guess Perturbations
Iteration 869/1000-----
J=1.4e-02, Jf=1.2e-03, ⟨B·n⟩=8.8e-03, Len=sum([5.8, 4.5, 5.1])=15.3, ϰ=[9.0, 5.2, 5.4], ∫ϰ²/L=[13.1, 5.2, 9.2], C-C-Sep=0.20, ║∇J║=1.9e-02
-----On 4/20 Initial Guess Perturbations
Iteration 870/1000-----
J=1.4e-02, Jf=1.2e-03, ⟨B·n⟩=8.8e-03, Len=sum([5.8, 4.5, 5.1])=15.3, ϰ=[9.0, 5.2, 5.4], ∫ϰ²/L=[13.1, 5.2, 9.2], C-C-Sep=0.20, ║∇J║=1.7e-02
-----On 4/20 Initial Guess Perturbations
Iteration 871/1000-----
J=1.4e-02, Jf=1.3e-03, ⟨B·n⟩=8.8e-03, Len=sum([5.8, 4.5, 5.1])=15.3, ϰ=[9.0, 5.3, 5.4], ∫ϰ²/L=[13.1, 5.2, 9.2], C-C-Sep=0.20, ║∇J║=1.5e-02
-----On 4/20 Initial Guess Perturbations
Iteration 872/1000-----
J=1.4e-02, Jf=1.3e-03, ⟨B·n⟩=8.8e-03, Len=sum([5.8, 4.5, 5.1])=15.3, ϰ=[8.9, 5.3, 5.4], ∫ϰ²/L=[13.1, 5.2, 9.1], C-C-Sep=0.20, ║∇J║=1.4e-02
-----On 4/20 Initial Guess Perturbations
Iteration 873/1000-----
J=1.4e-02, Jf=1.3e-03, ⟨B·n⟩=8.8e-03, Len=sum([5.8, 4.5, 5.1])=15.3, ϰ=[8.9, 5.2, 5.4], ∫ϰ²/L=[13.1, 5.2, 9.1], C-C-Sep=0.20, ║∇J║=1.5e-02
-----On 4/20 Initial Guess Perturbations
Iteration 874/1000-----
J=1.4e-02, Jf=1.3e-03, ⟨B·n⟩=8.8e-03, Len=sum([5.8, 4.5, 5.1])=15.3, ϰ=[8.9, 5.2, 5.4], ∫ϰ²/L=[13.1, 5.3, 9.1], C-C-Sep=0.20, ║∇J║=1.7e-02
-----On 4/20 Initial Guess Perturbations
Iteration 875/1000-----
J=1.4e-02, Jf=1.3e-03, ⟨B·n⟩=8.8e-03, Len=sum([5.8, 4.5, 5.1])=15.3, ϰ=[8.9, 5.1, 5.3], ∫ϰ²/L=[13.0, 5.3, 9.2], C-C-Sep=0.20, ║∇J║=3.7e-02
-----On 4/20 Initial Guess Perturbations
Iteration 876/1000-----
J=1.4e-02, Jf=1.3e-03, ⟨B·n⟩=8.8e-03, Len=sum([5.8, 4.5, 5.1])=15.3, ϰ=[8.9, 5.2, 5.3], ∫ϰ²/L=[13.1, 5.2, 9.1], C-C-Sep=0.20, ║∇J║=1.8e-02
-----On 4/20 Initial Guess Perturbations
Iteration 877/1000-----
J=1.4e-02, Jf=1.3e-03, ⟨B·n⟩=8.8e-03, Len=sum([5.8, 4.5, 5.1])=15.3, ϰ=[8.9, 5.1, 5.4], ∫ϰ²/L=[13.0, 5.3, 9.1], C-C-Sep=0.20, ║∇J║=2.2e-02
-----On 4/20 Initial Guess Perturbations
Iteration 878/1000-----
J=1.4e-02, Jf=1.3e-03, ⟨B·n⟩=8.8e-03, Len=sum([5.8, 4.5, 5.1])=15.3, ϰ=[8.9, 5.2, 5.3], ∫ϰ²/L=[13.1, 5.3, 9.1], C-C-Sep=0.20, ║∇J║=1.7e-02
-----On 4/20 Initial Guess Perturbations
Iteration 879/1000-----
J=1.4e-02, Jf=1.3e-03, ⟨B·n⟩=8.8e-03, Len=sum([5.8, 4.5, 5.1])=15.3, ϰ=[8.9, 5.1, 5.4], ∫ϰ²/L=[13.0, 5.2, 9.1], C-C-Sep=0.20, ║∇J║=1.6e-02
-----On 4/20 Initial Guess Perturbations
Iteration 880/1000-----
J=1.4e-02, Jf=1.3e-03, ⟨B·n⟩=8.8e-03, Len=sum([5.8, 4.5, 5.1])=15.3, ϰ=[8.9, 5.1, 5.4], ∫ϰ²/L=[13.0, 5.2, 9.1], C-C-Sep=0.20, ║∇J║=1.8e-02
-----On 4/20 Initial Guess Perturbations
Iteration 881/1000-----
J=1.4e-02, Jf=1.3e-03, ⟨B·n⟩=8.9e-03, Len=sum([5.8, 4.5, 5.1])=15.3, ϰ=[8.8, 5.2, 5.5], ∫ϰ²/L=[13.0, 5.3, 9.1], C-C-Sep=0.20, ║∇J║=1.9e-02
-----On 4/20 Initial Guess Perturbations
Iteration 882/1000-----
J=1.4e-02, Jf=1.3e-03, ⟨B·n⟩=8.9e-03, Len=sum([5.8, 4.5, 5.1])=15.3, ϰ=[8.7, 5.3, 5.6], ∫ϰ²/L=[13.0, 5.2, 9.1], C-C-Sep=0.20, ║∇J║=2.2e-02
-----On 4/20 Initial Guess Perturbations
Iteration 883/1000-----
J=1.4e-02, Jf=1.3e-03, ⟨B·n⟩=8.9e-03, Len=sum([5.8, 4.5, 5.1])=15.3, ϰ=[8.6, 5.4, 5.7], ∫ϰ²/L=[13.0, 5.2, 9.0], C-C-Sep=0.20, ║∇J║=1.8e-02
-----On 4/20 Initial Guess Perturbations
Iteration 884/1000-----
J=1.4e-02, Jf=1.3e-03, ⟨B·n⟩=8.9e-03, Len=sum([5.8, 4.5, 5.1])=15.3, ϰ=[8.6, 5.4, 5.7], ∫ϰ²/L=[13.0, 5.2, 9.1], C-C-Sep=0.20, ║∇J║=1.7e-02
-----On 4/20 Initial Guess Perturbations
Iteration 885/1000-----
J=1.4e-02, Jf=1.3e-03, ⟨B·n⟩=8.9e-03, Len=sum([5.7, 4.5, 5.1])=15.3, ϰ=[8.6, 5.3, 5.7], ∫ϰ²/L=[13.0, 5.2, 9.1], C-C-Sep=0.20, ║∇J║=1.7e-02
-----On 4/20 Initial Guess Perturbations
Iteration 886/1000-----
J=1.4e-02, Jf=1.3e-03, ⟨B·n⟩=8.9e-03, Len=sum([5.7, 4.5, 5.1])=15.3, ϰ=[8.6, 5.3, 5.6], ∫ϰ²/L=[13.0, 5.2, 9.1], C-C-Sep=0.20, ║∇J║=1.6e-02
-----On 4/20 Initial Guess Perturbations
Iteration 887/1000-----
J=1.4e-02, Jf=1.3e-03, ⟨B·n⟩=8.9e-03, Len=sum([5.7, 4.5, 5.1])=15.3, ϰ=[8.6, 5.2, 5.6], ∫ϰ²/L=[13.0, 5.2, 9.1], C-C-Sep=0.20, ║∇J║=1.8e-02
-----On 4/20 Initial Guess Perturbations
Iteration 888/1000-----
J=1.4e-02, Jf=1.3e-03, ⟨B·n⟩=8.9e-03, Len=sum([5.7, 4.5, 5.0])=15.3, ϰ=[8.6, 5.2, 5.6], ∫ϰ²/L=[13.0, 5.2, 9.2], C-C-Sep=0.20, ║∇J║=3.6e-02
-----On 4/20 Initial Guess Perturbations
Iteration 889/1000-----
J=1.4e-02, Jf=1.3e-03, ⟨B·n⟩=8.9e-03, Len=sum([5.7, 4.5, 5.1])=15.3, ϰ=[8.6, 5.2, 5.6], ∫ϰ²/L=[13.0, 5.2, 9.1], C-C-Sep=0.20, ║∇J║=1.8e-02
-----On 4/20 Initial Guess Perturbations
Iteration 890/1000-----
J=1.4e-02, Jf=1.3e-03, ⟨B·n⟩=8.9e-03, Len=sum([5.7, 4.5, 5.0])=15.3, ϰ=[8.6, 5.2, 5.7], ∫ϰ²/L=[13.0, 5.2, 9.1], C-C-Sep=0.20, ║∇J║=1.7e-02
-----On 4/20 Initial Guess Perturbations
Iteration 891/1000-----
J=1.4e-02, Jf=1.3e-03, ⟨B·n⟩=8.9e-03, Len=sum([5.7, 4.5, 5.0])=15.3, ϰ=[8.5, 5.5, 5.9], ∫ϰ²/L=[13.0, 5.4, 9.1], C-C-Sep=0.20, ║∇J║=6.0e-02
-----On 4/20 Initial Guess Perturbations
Iteration 892/1000-----
J=1.4e-02, Jf=1.3e-03, ⟨B·n⟩=8.9e-03, Len=sum([5.7, 4.5, 5.0])=15.3, ϰ=[8.5, 5.2, 5.7], ∫ϰ²/L=[13.0, 5.2, 9.1], C-C-Sep=0.20, ║∇J║=1.5e-02
-----On 4/20 Initial Guess Perturbations
Iteration 893/1000-----
J=1.4e-02, Jf=1.3e-03, ⟨B·n⟩=8.9e-03, Len=sum([5.7, 4.5, 5.0])=15.3, ϰ=[8.6, 5.2, 5.7], ∫ϰ²/L=[13.0, 5.1, 9.1], C-C-Sep=0.20, ║∇J║=1.6e-02
-----On 4/20 Initial Guess Perturbations
Iteration 894/1000-----
J=1.4e-02, Jf=1.3e-03, ⟨B·n⟩=8.9e-03, Len=sum([5.7, 4.5, 5.0])=15.3, ϰ=[8.6, 5.2, 5.7], ∫ϰ²/L=[13.0, 5.2, 9.1], C-C-Sep=0.20, ║∇J║=1.8e-02
-----On 4/20 Initial Guess Perturbations
Iteration 895/1000-----
J=1.4e-02, Jf=1.3e-03, ⟨B·n⟩=8.9e-03, Len=sum([5.7, 4.5, 5.0])=15.3, ϰ=[8.6, 5.2, 5.7], ∫ϰ²/L=[13.0, 5.1, 9.1], C-C-Sep=0.20, ║∇J║=1.5e-02
-----On 4/20 Initial Guess Perturbations
Iteration 896/1000-----
J=1.4e-02, Jf=1.3e-03, ⟨B·n⟩=8.9e-03, Len=sum([5.7, 4.5, 5.0])=15.3, ϰ=[8.6, 5.2, 5.8], ∫ϰ²/L=[13.0, 5.2, 9.0], C-C-Sep=0.20, ║∇J║=1.5e-02
-----On 4/20 Initial Guess Perturbations
Iteration 897/1000-----
J=1.4e-02, Jf=1.3e-03, ⟨B·n⟩=8.9e-03, Len=sum([5.7, 4.5, 5.0])=15.3, ϰ=[8.6, 5.2, 5.7], ∫ϰ²/L=[13.0, 5.2, 9.0], C-C-Sep=0.20, ║∇J║=1.1e-02
-----On 4/20 Initial Guess Perturbations
Iteration 898/1000-----
J=1.4e-02, Jf=1.3e-03, ⟨B·n⟩=8.9e-03, Len=sum([5.7, 4.5, 5.0])=15.3, ϰ=[8.6, 5.3, 5.7], ∫ϰ²/L=[13.0, 5.2, 9.0], C-C-Sep=0.20, ║∇J║=1.1e-02
-----On 4/20 Initial Guess Perturbations
Iteration 899/1000-----
J=1.4e-02, Jf=1.3e-03, ⟨B·n⟩=8.9e-03, Len=sum([5.7, 4.5, 5.0])=15.3, ϰ=[8.6, 5.3, 5.7], ∫ϰ²/L=[13.0, 5.2, 9.0], C-C-Sep=0.20, ║∇J║=1.2e-02
-----On 4/20 Initial Guess Perturbations
Iteration 900/1000-----
J=1.4e-02, Jf=1.3e-03, ⟨B·n⟩=8.9e-03, Len=sum([5.7, 4.5, 5.0])=15.3, ϰ=[8.6, 5.4, 5.7], ∫ϰ²/L=[13.0, 5.2, 9.0], C-C-Sep=0.20, ║∇J║=1.2e-02
-----On 4/20 Initial Guess Perturbations
Iteration 901/1000-----
J=1.4e-02, Jf=1.3e-03, ⟨B·n⟩=8.9e-03, Len=sum([5.7, 4.5, 5.0])=15.3, ϰ=[8.6, 5.3, 5.6], ∫ϰ²/L=[13.1, 5.2, 9.0], C-C-Sep=0.20, ║∇J║=1.2e-02
-----On 4/20 Initial Guess Perturbations
Iteration 902/1000-----
J=1.4e-02, Jf=1.3e-03, ⟨B·n⟩=8.9e-03, Len=sum([5.7, 4.5, 5.0])=15.3, ϰ=[8.6, 5.3, 5.6], ∫ϰ²/L=[13.1, 5.2, 9.0], C-C-Sep=0.20, ║∇J║=1.4e-02
-----On 4/20 Initial Guess Perturbations
Iteration 903/1000-----
J=1.4e-02, Jf=1.3e-03, ⟨B·n⟩=8.9e-03, Len=sum([5.7, 4.5, 5.0])=15.3, ϰ=[8.6, 5.2, 5.6], ∫ϰ²/L=[13.1, 5.2, 9.0], C-C-Sep=0.20, ║∇J║=1.5e-02
-----On 4/20 Initial Guess Perturbations
Iteration 904/1000-----
J=1.4e-02, Jf=1.3e-03, ⟨B·n⟩=8.9e-03, Len=sum([5.7, 4.5, 5.0])=15.3, ϰ=[8.6, 5.2, 5.5], ∫ϰ²/L=[13.1, 5.2, 9.0], C-C-Sep=0.20, ║∇J║=1.4e-02
-----On 4/20 Initial Guess Perturbations
Iteration 905/1000-----
J=1.4e-02, Jf=1.3e-03, ⟨B·n⟩=8.8e-03, Len=sum([5.7, 4.5, 5.0])=15.3, ϰ=[8.6, 5.2, 5.4], ∫ϰ²/L=[13.1, 5.2, 9.0], C-C-Sep=0.20, ║∇J║=1.4e-02
-----On 4/20 Initial Guess Perturbations
Iteration 906/1000-----
J=1.4e-02, Jf=1.3e-03, ⟨B·n⟩=8.8e-03, Len=sum([5.7, 4.5, 5.0])=15.3, ϰ=[8.6, 5.2, 5.4], ∫ϰ²/L=[13.2, 5.2, 9.0], C-C-Sep=0.20, ║∇J║=1.4e-02
-----On 4/20 Initial Guess Perturbations
Iteration 907/1000-----
J=1.4e-02, Jf=1.3e-03, ⟨B·n⟩=8.8e-03, Len=sum([5.7, 4.5, 5.0])=15.3, ϰ=[8.7, 5.2, 5.3], ∫ϰ²/L=[13.2, 5.2, 9.0], C-C-Sep=0.20, ║∇J║=1.7e-02
-----On 4/20 Initial Guess Perturbations
Iteration 908/1000-----
J=1.4e-02, Jf=1.3e-03, ⟨B·n⟩=8.8e-03, Len=sum([5.7, 4.5, 5.0])=15.3, ϰ=[8.6, 5.3, 5.3], ∫ϰ²/L=[13.2, 5.2, 9.0], C-C-Sep=0.20, ║∇J║=1.6e-02
-----On 4/20 Initial Guess Perturbations
Iteration 909/1000-----
J=1.4e-02, Jf=1.3e-03, ⟨B·n⟩=8.8e-03, Len=sum([5.7, 4.5, 5.0])=15.3, ϰ=[8.7, 5.2, 5.4], ∫ϰ²/L=[13.2, 5.1, 9.0], C-C-Sep=0.20, ║∇J║=1.4e-02
-----On 4/20 Initial Guess Perturbations
Iteration 910/1000-----
J=1.4e-02, Jf=1.3e-03, ⟨B·n⟩=8.8e-03, Len=sum([5.7, 4.5, 5.0])=15.3, ϰ=[8.6, 5.2, 5.4], ∫ϰ²/L=[13.1, 5.1, 9.0], C-C-Sep=0.20, ║∇J║=2.1e-02
-----On 4/20 Initial Guess Perturbations
Iteration 911/1000-----
J=1.4e-02, Jf=1.3e-03, ⟨B·n⟩=8.8e-03, Len=sum([5.7, 4.5, 5.0])=15.3, ϰ=[8.7, 5.2, 5.4], ∫ϰ²/L=[13.2, 5.1, 9.0], C-C-Sep=0.20, ║∇J║=1.3e-02
-----On 4/20 Initial Guess Perturbations
Iteration 912/1000-----
J=1.4e-02, Jf=1.3e-03, ⟨B·n⟩=8.8e-03, Len=sum([5.7, 4.5, 5.0])=15.3, ϰ=[8.8, 5.1, 5.5], ∫ϰ²/L=[13.2, 5.2, 9.0], C-C-Sep=0.20, ║∇J║=1.6e-02
-----On 4/20 Initial Guess Perturbations
Iteration 913/1000-----
J=1.4e-02, Jf=1.3e-03, ⟨B·n⟩=8.8e-03, Len=sum([5.7, 4.5, 5.0])=15.3, ϰ=[8.7, 5.2, 5.4], ∫ϰ²/L=[13.2, 5.2, 9.0], C-C-Sep=0.20, ║∇J║=1.3e-02
-----On 4/20 Initial Guess Perturbations
Iteration 914/1000-----
J=1.4e-02, Jf=1.3e-03, ⟨B·n⟩=8.8e-03, Len=sum([5.7, 4.5, 5.0])=15.3, ϰ=[8.7, 5.2, 5.5], ∫ϰ²/L=[13.2, 5.2, 9.0], C-C-Sep=0.20, ║∇J║=1.8e-02
-----On 4/20 Initial Guess Perturbations
Iteration 915/1000-----
J=1.4e-02, Jf=1.3e-03, ⟨B·n⟩=8.8e-03, Len=sum([5.7, 4.5, 5.0])=15.3, ϰ=[8.7, 5.2, 5.5], ∫ϰ²/L=[13.2, 5.2, 9.0], C-C-Sep=0.20, ║∇J║=1.4e-02
-----On 4/20 Initial Guess Perturbations
Iteration 916/1000-----
J=1.4e-02, Jf=1.3e-03, ⟨B·n⟩=8.8e-03, Len=sum([5.7, 4.5, 5.0])=15.3, ϰ=[8.7, 5.2, 5.5], ∫ϰ²/L=[13.2, 5.2, 9.0], C-C-Sep=0.20, ║∇J║=1.4e-02
-----On 4/20 Initial Guess Perturbations
Iteration 917/1000-----
J=1.4e-02, Jf=1.3e-03, ⟨B·n⟩=8.8e-03, Len=sum([5.7, 4.5, 5.0])=15.3, ϰ=[8.8, 5.2, 5.5], ∫ϰ²/L=[13.2, 5.2, 9.0], C-C-Sep=0.20, ║∇J║=1.4e-02
-----On 4/20 Initial Guess Perturbations
Iteration 918/1000-----
J=1.4e-02, Jf=1.3e-03, ⟨B·n⟩=8.8e-03, Len=sum([5.7, 4.5, 5.0])=15.3, ϰ=[8.8, 5.3, 5.5], ∫ϰ²/L=[13.2, 5.2, 9.0], C-C-Sep=0.20, ║∇J║=1.4e-02
-----On 4/20 Initial Guess Perturbations
Iteration 919/1000-----
J=1.4e-02, Jf=1.3e-03, ⟨B·n⟩=8.8e-03, Len=sum([5.7, 4.5, 5.0])=15.3, ϰ=[8.8, 5.4, 5.5], ∫ϰ²/L=[13.2, 5.2, 9.0], C-C-Sep=0.20, ║∇J║=1.3e-02
-----On 4/20 Initial Guess Perturbations
Iteration 920/1000-----
J=1.4e-02, Jf=1.3e-03, ⟨B·n⟩=8.8e-03, Len=sum([5.7, 4.5, 5.0])=15.3, ϰ=[8.8, 5.4, 5.6], ∫ϰ²/L=[13.2, 5.2, 8.9], C-C-Sep=0.20, ║∇J║=1.3e-02
-----On 4/20 Initial Guess Perturbations
Iteration 921/1000-----
J=1.4e-02, Jf=1.3e-03, ⟨B·n⟩=8.8e-03, Len=sum([5.7, 4.5, 5.0])=15.3, ϰ=[8.8, 5.4, 5.6], ∫ϰ²/L=[13.2, 5.3, 8.9], C-C-Sep=0.20, ║∇J║=1.1e-02
-----On 4/20 Initial Guess Perturbations
Iteration 922/1000-----
J=1.4e-02, Jf=1.3e-03, ⟨B·n⟩=8.8e-03, Len=sum([5.7, 4.5, 5.0])=15.3, ϰ=[8.8, 5.4, 5.5], ∫ϰ²/L=[13.2, 5.3, 8.9], C-C-Sep=0.20, ║∇J║=1.3e-02
-----On 4/20 Initial Guess Perturbations
Iteration 923/1000-----
J=1.4e-02, Jf=1.3e-03, ⟨B·n⟩=8.8e-03, Len=sum([5.7, 4.5, 5.0])=15.3, ϰ=[8.8, 5.3, 5.5], ∫ϰ²/L=[13.2, 5.3, 8.9], C-C-Sep=0.20, ║∇J║=1.7e-02
-----On 4/20 Initial Guess Perturbations
Iteration 924/1000-----
J=1.4e-02, Jf=1.3e-03, ⟨B·n⟩=8.8e-03, Len=sum([5.7, 4.5, 5.0])=15.3, ϰ=[8.8, 5.3, 5.5], ∫ϰ²/L=[13.2, 5.3, 8.9], C-C-Sep=0.20, ║∇J║=1.2e-02
-----On 4/20 Initial Guess Perturbations
Iteration 925/1000-----
J=1.4e-02, Jf=1.3e-03, ⟨B·n⟩=8.8e-03, Len=sum([5.7, 4.5, 5.0])=15.3, ϰ=[9.0, 5.4, 5.7], ∫ϰ²/L=[13.5, 5.6, 9.1], C-C-Sep=0.20, ║∇J║=6.8e-02
-----On 4/20 Initial Guess Perturbations
Iteration 926/1000-----
J=1.4e-02, Jf=1.3e-03, ⟨B·n⟩=8.8e-03, Len=sum([5.7, 4.5, 5.0])=15.3, ϰ=[8.8, 5.3, 5.5], ∫ϰ²/L=[13.3, 5.3, 8.9], C-C-Sep=0.20, ║∇J║=1.2e-02
-----On 4/20 Initial Guess Perturbations
Iteration 927/1000-----
J=1.4e-02, Jf=1.3e-03, ⟨B·n⟩=8.8e-03, Len=sum([5.7, 4.5, 5.0])=15.3, ϰ=[8.9, 5.4, 5.5], ∫ϰ²/L=[13.3, 5.3, 8.9], C-C-Sep=0.20, ║∇J║=1.7e-02
-----On 4/20 Initial Guess Perturbations
Iteration 928/1000-----
J=1.4e-02, Jf=1.3e-03, ⟨B·n⟩=8.8e-03, Len=sum([5.7, 4.5, 5.0])=15.3, ϰ=[8.8, 5.3, 5.5], ∫ϰ²/L=[13.3, 5.3, 8.9], C-C-Sep=0.20, ║∇J║=1.2e-02
-----On 4/20 Initial Guess Perturbations
Iteration 929/1000-----
J=1.4e-02, Jf=1.3e-03, ⟨B·n⟩=8.8e-03, Len=sum([5.7, 4.5, 5.0])=15.3, ϰ=[8.8, 5.4, 5.4], ∫ϰ²/L=[13.3, 5.4, 8.9], C-C-Sep=0.20, ║∇J║=3.8e-02
-----On 4/20 Initial Guess Perturbations
Iteration 930/1000-----
J=1.4e-02, Jf=1.3e-03, ⟨B·n⟩=8.8e-03, Len=sum([5.7, 4.5, 5.0])=15.3, ϰ=[8.8, 5.4, 5.5], ∫ϰ²/L=[13.3, 5.3, 8.9], C-C-Sep=0.20, ║∇J║=1.2e-02
-----On 4/20 Initial Guess Perturbations
Iteration 931/1000-----
J=1.4e-02, Jf=1.3e-03, ⟨B·n⟩=8.8e-03, Len=sum([5.7, 4.5, 5.0])=15.3, ϰ=[8.8, 5.4, 5.5], ∫ϰ²/L=[13.3, 5.3, 8.9], C-C-Sep=0.20, ║∇J║=1.0e-02
-----On 4/20 Initial Guess Perturbations
Iteration 932/1000-----
J=1.4e-02, Jf=1.3e-03, ⟨B·n⟩=8.8e-03, Len=sum([5.7, 4.5, 5.0])=15.3, ϰ=[8.8, 5.4, 5.4], ∫ϰ²/L=[13.3, 5.3, 8.9], C-C-Sep=0.20, ║∇J║=1.1e-02
-----On 4/20 Initial Guess Perturbations
Iteration 933/1000-----
J=1.4e-02, Jf=1.3e-03, ⟨B·n⟩=8.8e-03, Len=sum([5.7, 4.5, 5.0])=15.3, ϰ=[8.8, 5.4, 5.4], ∫ϰ²/L=[13.3, 5.3, 8.9], C-C-Sep=0.20, ║∇J║=1.2e-02
-----On 4/20 Initial Guess Perturbations
Iteration 934/1000-----
J=1.4e-02, Jf=1.3e-03, ⟨B·n⟩=8.8e-03, Len=sum([5.7, 4.5, 5.0])=15.3, ϰ=[8.9, 5.4, 5.4], ∫ϰ²/L=[13.3, 5.3, 8.9], C-C-Sep=0.20, ║∇J║=1.3e-02
-----On 4/20 Initial Guess Perturbations
Iteration 935/1000-----
J=1.4e-02, Jf=1.3e-03, ⟨B·n⟩=8.9e-03, Len=sum([5.7, 4.5, 5.0])=15.3, ϰ=[8.9, 5.4, 5.4], ∫ϰ²/L=[13.3, 5.3, 8.9], C-C-Sep=0.20, ║∇J║=1.9e-02
-----On 4/20 Initial Guess Perturbations
Iteration 936/1000-----
J=1.4e-02, Jf=1.3e-03, ⟨B·n⟩=8.8e-03, Len=sum([5.7, 4.5, 5.0])=15.3, ϰ=[8.9, 5.4, 5.4], ∫ϰ²/L=[13.3, 5.3, 8.9], C-C-Sep=0.20, ║∇J║=1.3e-02
-----On 4/20 Initial Guess Perturbations
Iteration 937/1000-----
J=1.4e-02, Jf=1.3e-03, ⟨B·n⟩=8.8e-03, Len=sum([5.7, 4.5, 5.0])=15.3, ϰ=[8.9, 5.4, 5.4], ∫ϰ²/L=[13.3, 5.3, 8.9], C-C-Sep=0.20, ║∇J║=2.7e-02
-----On 4/20 Initial Guess Perturbations
Iteration 938/1000-----
J=1.4e-02, Jf=1.3e-03, ⟨B·n⟩=8.8e-03, Len=sum([5.7, 4.5, 5.0])=15.3, ϰ=[8.9, 5.4, 5.4], ∫ϰ²/L=[13.3, 5.3, 8.9], C-C-Sep=0.20, ║∇J║=1.3e-02
-----On 4/20 Initial Guess Perturbations
Iteration 939/1000-----
J=1.4e-02, Jf=1.3e-03, ⟨B·n⟩=8.8e-03, Len=sum([5.7, 4.5, 5.0])=15.3, ϰ=[8.9, 5.5, 5.3], ∫ϰ²/L=[13.3, 5.3, 8.9], C-C-Sep=0.20, ║∇J║=1.8e-02
-----On 4/20 Initial Guess Perturbations
Iteration 940/1000-----
J=1.4e-02, Jf=1.3e-03, ⟨B·n⟩=8.8e-03, Len=sum([5.7, 4.5, 5.0])=15.3, ϰ=[8.9, 5.4, 5.3], ∫ϰ²/L=[13.3, 5.3, 8.9], C-C-Sep=0.20, ║∇J║=1.2e-02
-----On 4/20 Initial Guess Perturbations
Iteration 941/1000-----
J=1.4e-02, Jf=1.3e-03, ⟨B·n⟩=8.8e-03, Len=sum([5.7, 4.5, 5.0])=15.3, ϰ=[8.9, 5.2, 5.6], ∫ϰ²/L=[13.4, 5.3, 8.9], C-C-Sep=0.20, ║∇J║=4.6e-02
-----On 4/20 Initial Guess Perturbations
Iteration 942/1000-----
J=1.4e-02, Jf=1.3e-03, ⟨B·n⟩=8.8e-03, Len=sum([5.7, 4.5, 5.0])=15.3, ϰ=[8.8, 5.4, 5.4], ∫ϰ²/L=[13.3, 5.3, 8.9], C-C-Sep=0.20, ║∇J║=1.2e-02
-----On 4/20 Initial Guess Perturbations
Iteration 943/1000-----
J=1.4e-02, Jf=1.3e-03, ⟨B·n⟩=8.8e-03, Len=sum([5.7, 4.5, 5.0])=15.3, ϰ=[8.8, 5.3, 5.3], ∫ϰ²/L=[13.3, 5.3, 8.9], C-C-Sep=0.20, ║∇J║=1.5e-02
-----On 4/20 Initial Guess Perturbations
Iteration 944/1000-----
J=1.4e-02, Jf=1.3e-03, ⟨B·n⟩=8.8e-03, Len=sum([5.7, 4.5, 5.0])=15.3, ϰ=[8.8, 5.4, 5.4], ∫ϰ²/L=[13.3, 5.3, 8.9], C-C-Sep=0.20, ║∇J║=1.2e-02
-----On 4/20 Initial Guess Perturbations
Iteration 945/1000-----
J=1.4e-02, Jf=1.3e-03, ⟨B·n⟩=8.8e-03, Len=sum([5.7, 4.5, 5.0])=15.3, ϰ=[8.9, 5.4, 5.3], ∫ϰ²/L=[13.3, 5.3, 8.9], C-C-Sep=0.20, ║∇J║=1.7e-02
-----On 4/20 Initial Guess Perturbations
Iteration 946/1000-----
J=1.4e-02, Jf=1.3e-03, ⟨B·n⟩=8.8e-03, Len=sum([5.7, 4.5, 5.0])=15.3, ϰ=[8.8, 5.4, 5.3], ∫ϰ²/L=[13.3, 5.3, 8.9], C-C-Sep=0.20, ║∇J║=1.2e-02
-----On 4/20 Initial Guess Perturbations
Iteration 947/1000-----
J=1.4e-02, Jf=1.3e-03, ⟨B·n⟩=8.8e-03, Len=sum([5.7, 4.5, 5.0])=15.3, ϰ=[8.9, 5.5, 5.3], ∫ϰ²/L=[13.3, 5.3, 8.9], C-C-Sep=0.20, ║∇J║=1.5e-02
-----On 4/20 Initial Guess Perturbations
Iteration 948/1000-----
J=1.4e-02, Jf=1.3e-03, ⟨B·n⟩=8.8e-03, Len=sum([5.7, 4.5, 5.0])=15.3, ϰ=[8.9, 5.4, 5.3], ∫ϰ²/L=[13.3, 5.3, 8.9], C-C-Sep=0.20, ║∇J║=1.2e-02
-----On 4/20 Initial Guess Perturbations
Iteration 949/1000-----
J=1.4e-02, Jf=1.3e-03, ⟨B·n⟩=8.8e-03, Len=sum([5.7, 4.5, 5.0])=15.3, ϰ=[8.9, 5.4, 5.3], ∫ϰ²/L=[13.3, 5.3, 8.9], C-C-Sep=0.20, ║∇J║=1.1e-02
-----On 4/20 Initial Guess Perturbations
Iteration 950/1000-----
J=1.4e-02, Jf=1.3e-03, ⟨B·n⟩=8.8e-03, Len=sum([5.7, 4.5, 5.0])=15.3, ϰ=[8.9, 5.3, 5.3], ∫ϰ²/L=[13.3, 5.3, 8.9], C-C-Sep=0.20, ║∇J║=1.1e-02
-----On 4/20 Initial Guess Perturbations
Iteration 951/1000-----
J=1.4e-02, Jf=1.3e-03, ⟨B·n⟩=8.8e-03, Len=sum([5.7, 4.5, 5.0])=15.3, ϰ=[9.0, 5.2, 5.4], ∫ϰ²/L=[13.4, 5.3, 8.9], C-C-Sep=0.20, ║∇J║=1.3e-02
-----On 4/20 Initial Guess Perturbations
Iteration 952/1000-----
J=1.4e-02, Jf=1.3e-03, ⟨B·n⟩=8.8e-03, Len=sum([5.7, 4.5, 5.0])=15.3, ϰ=[9.1, 5.2, 5.5], ∫ϰ²/L=[13.4, 5.3, 9.0], C-C-Sep=0.20, ║∇J║=2.3e-02
-----On 4/20 Initial Guess Perturbations
Iteration 953/1000-----
J=1.4e-02, Jf=1.3e-03, ⟨B·n⟩=8.8e-03, Len=sum([5.7, 4.5, 5.0])=15.3, ϰ=[9.0, 5.2, 5.4], ∫ϰ²/L=[13.4, 5.3, 8.9], C-C-Sep=0.20, ║∇J║=1.4e-02
-----On 4/20 Initial Guess Perturbations
Iteration 954/1000-----
J=1.4e-02, Jf=1.3e-03, ⟨B·n⟩=8.8e-03, Len=sum([5.7, 4.5, 5.0])=15.3, ϰ=[9.1, 5.0, 5.5], ∫ϰ²/L=[13.4, 5.3, 9.0], C-C-Sep=0.20, ║∇J║=2.6e-02
-----On 4/20 Initial Guess Perturbations
Iteration 955/1000-----
J=1.4e-02, Jf=1.3e-03, ⟨B·n⟩=8.8e-03, Len=sum([5.7, 4.5, 5.0])=15.3, ϰ=[9.0, 5.2, 5.4], ∫ϰ²/L=[13.4, 5.3, 8.9], C-C-Sep=0.20, ║∇J║=1.4e-02
-----On 4/20 Initial Guess Perturbations
Iteration 956/1000-----
J=1.4e-02, Jf=1.3e-03, ⟨B·n⟩=8.8e-03, Len=sum([5.7, 4.5, 5.0])=15.3, ϰ=[9.0, 5.2, 5.4], ∫ϰ²/L=[13.4, 5.3, 8.9], C-C-Sep=0.20, ║∇J║=1.3e-02
-----On 4/20 Initial Guess Perturbations
Iteration 957/1000-----
J=1.4e-02, Jf=1.3e-03, ⟨B·n⟩=8.8e-03, Len=sum([5.7, 4.5, 5.0])=15.3, ϰ=[9.4, 4.9, 5.6], ∫ϰ²/L=[13.4, 5.4, 9.0], C-C-Sep=0.20, ║∇J║=6.5e-02
-----On 4/20 Initial Guess Perturbations
Iteration 958/1000-----
J=1.4e-02, Jf=1.3e-03, ⟨B·n⟩=8.8e-03, Len=sum([5.7, 4.5, 5.0])=15.3, ϰ=[9.0, 5.2, 5.4], ∫ϰ²/L=[13.4, 5.3, 8.9], C-C-Sep=0.20, ║∇J║=1.4e-02
-----On 4/20 Initial Guess Perturbations
Iteration 959/1000-----
J=1.4e-02, Jf=1.3e-03, ⟨B·n⟩=8.9e-03, Len=sum([5.7, 4.5, 5.0])=15.3, ϰ=[9.5, 5.6, 5.3], ∫ϰ²/L=[13.6, 6.1, 9.4], C-C-Sep=0.20, ║∇J║=1.1e-01
-----On 4/20 Initial Guess Perturbations
Iteration 960/1000-----
J=1.4e-02, Jf=1.3e-03, ⟨B·n⟩=8.8e-03, Len=sum([5.7, 4.5, 5.0])=15.3, ϰ=[9.0, 5.2, 5.4], ∫ϰ²/L=[13.4, 5.3, 8.9], C-C-Sep=0.20, ║∇J║=1.3e-02
-----On 4/20 Initial Guess Perturbations
Iteration 961/1000-----
J=1.4e-02, Jf=1.3e-03, ⟨B·n⟩=8.9e-03, Len=sum([5.7, 4.5, 5.0])=15.3, ϰ=[9.1, 5.2, 5.5], ∫ϰ²/L=[13.4, 5.3, 8.9], C-C-Sep=0.20, ║∇J║=1.6e-02
-----On 4/20 Initial Guess Perturbations
Iteration 962/1000-----
J=1.4e-02, Jf=1.3e-03, ⟨B·n⟩=8.8e-03, Len=sum([5.7, 4.5, 5.0])=15.3, ϰ=[9.0, 5.2, 5.4], ∫ϰ²/L=[13.4, 5.3, 8.9], C-C-Sep=0.20, ║∇J║=1.4e-02
-----On 4/20 Initial Guess Perturbations
Iteration 963/1000-----
J=1.4e-02, Jf=1.3e-03, ⟨B·n⟩=8.9e-03, Len=sum([5.7, 4.5, 5.0])=15.3, ϰ=[9.4, 5.1, 5.5], ∫ϰ²/L=[13.6, 5.7, 9.1], C-C-Sep=0.20, ║∇J║=8.9e-02
-----On 4/20 Initial Guess Perturbations
Iteration 964/1000-----
J=1.4e-02, Jf=1.3e-03, ⟨B·n⟩=8.9e-03, Len=sum([5.7, 4.5, 5.0])=15.3, ϰ=[9.1, 5.2, 5.4], ∫ϰ²/L=[13.4, 5.3, 8.9], C-C-Sep=0.20, ║∇J║=1.3e-02
-----On 4/20 Initial Guess Perturbations
Iteration 965/1000-----
J=1.4e-02, Jf=1.3e-03, ⟨B·n⟩=8.9e-03, Len=sum([5.7, 4.5, 5.0])=15.3, ϰ=[9.1, 5.2, 5.5], ∫ϰ²/L=[13.4, 5.3, 8.9], C-C-Sep=0.20, ║∇J║=1.4e-02
-----On 4/20 Initial Guess Perturbations
Iteration 966/1000-----
J=1.4e-02, Jf=1.3e-03, ⟨B·n⟩=8.9e-03, Len=sum([5.7, 4.5, 5.0])=15.3, ϰ=[9.1, 5.1, 5.4], ∫ϰ²/L=[13.4, 5.3, 8.9], C-C-Sep=0.20, ║∇J║=1.5e-02
-----On 4/20 Initial Guess Perturbations
Iteration 967/1000-----
J=1.4e-02, Jf=1.3e-03, ⟨B·n⟩=8.9e-03, Len=sum([5.7, 4.5, 5.0])=15.3, ϰ=[9.2, 5.1, 5.5], ∫ϰ²/L=[13.4, 5.3, 8.9], C-C-Sep=0.20, ║∇J║=1.4e-02
-----On 4/20 Initial Guess Perturbations
Iteration 968/1000-----
J=1.4e-02, Jf=1.3e-03, ⟨B·n⟩=8.9e-03, Len=sum([5.7, 4.5, 5.0])=15.3, ϰ=[9.1, 5.1, 5.4], ∫ϰ²/L=[13.4, 5.3, 8.9], C-C-Sep=0.20, ║∇J║=1.3e-02
-----On 4/20 Initial Guess Perturbations
Iteration 969/1000-----
J=1.4e-02, Jf=1.3e-03, ⟨B·n⟩=8.9e-03, Len=sum([5.7, 4.5, 5.0])=15.3, ϰ=[9.2, 5.3, 6.1], ∫ϰ²/L=[13.6, 5.7, 9.1], C-C-Sep=0.20, ║∇J║=8.5e-02
-----On 4/20 Initial Guess Perturbations
Iteration 970/1000-----
J=1.4e-02, Jf=1.3e-03, ⟨B·n⟩=8.9e-03, Len=sum([5.7, 4.5, 5.0])=15.3, ϰ=[9.1, 5.1, 5.4], ∫ϰ²/L=[13.4, 5.3, 8.9], C-C-Sep=0.20, ║∇J║=1.3e-02
-----On 4/20 Initial Guess Perturbations
Iteration 971/1000-----
J=1.4e-02, Jf=1.3e-03, ⟨B·n⟩=8.8e-03, Len=sum([5.7, 4.5, 5.0])=15.3, ϰ=[9.4, 5.5, 5.6], ∫ϰ²/L=[13.6, 5.5, 9.1], C-C-Sep=0.20, ║∇J║=7.4e-02
-----On 4/20 Initial Guess Perturbations
Iteration 972/1000-----
J=1.4e-02, Jf=1.3e-03, ⟨B·n⟩=8.9e-03, Len=sum([5.7, 4.5, 5.0])=15.3, ϰ=[9.1, 5.1, 5.4], ∫ϰ²/L=[13.4, 5.2, 8.9], C-C-Sep=0.20, ║∇J║=1.3e-02
-----On 4/20 Initial Guess Perturbations
Iteration 973/1000-----
J=1.4e-02, Jf=1.3e-03, ⟨B·n⟩=8.9e-03, Len=sum([5.7, 4.5, 5.0])=15.3, ϰ=[9.1, 5.1, 5.4], ∫ϰ²/L=[13.4, 5.2, 8.9], C-C-Sep=0.20, ║∇J║=1.3e-02
-----On 4/20 Initial Guess Perturbations
Iteration 974/1000-----
J=1.4e-02, Jf=1.3e-03, ⟨B·n⟩=8.9e-03, Len=sum([5.7, 4.5, 5.0])=15.3, ϰ=[9.4, 5.2, 5.3], ∫ϰ²/L=[13.4, 5.3, 8.9], C-C-Sep=0.20, ║∇J║=3.5e-02
-----On 4/20 Initial Guess Perturbations
Iteration 975/1000-----
J=1.4e-02, Jf=1.3e-03, ⟨B·n⟩=8.9e-03, Len=sum([5.7, 4.5, 5.0])=15.3, ϰ=[9.1, 5.1, 5.4], ∫ϰ²/L=[13.4, 5.3, 8.9], C-C-Sep=0.20, ║∇J║=1.3e-02
-----On 4/20 Initial Guess Perturbations
Iteration 976/1000-----
J=1.4e-02, Jf=1.3e-03, ⟨B·n⟩=8.9e-03, Len=sum([5.7, 4.5, 5.0])=15.3, ϰ=[9.2, 5.1, 5.4], ∫ϰ²/L=[13.4, 5.3, 8.9], C-C-Sep=0.20, ║∇J║=1.3e-02
-----On 4/20 Initial Guess Perturbations
Iteration 977/1000-----
J=1.4e-02, Jf=1.3e-03, ⟨B·n⟩=8.9e-03, Len=sum([5.7, 4.5, 5.0])=15.2, ϰ=[9.3, 5.2, 5.4], ∫ϰ²/L=[13.4, 5.3, 8.9], C-C-Sep=0.20, ║∇J║=1.3e-02
-----On 4/20 Initial Guess Perturbations
Iteration 978/1000-----
J=1.4e-02, Jf=1.3e-03, ⟨B·n⟩=8.9e-03, Len=sum([5.7, 4.5, 5.0])=15.2, ϰ=[9.4, 5.1, 5.3], ∫ϰ²/L=[13.3, 5.4, 8.9], C-C-Sep=0.20, ║∇J║=2.6e-02
-----On 4/20 Initial Guess Perturbations
Iteration 979/1000-----
J=1.4e-02, Jf=1.3e-03, ⟨B·n⟩=8.9e-03, Len=sum([5.7, 4.5, 5.0])=15.2, ϰ=[9.3, 5.2, 5.4], ∫ϰ²/L=[13.4, 5.3, 8.9], C-C-Sep=0.20, ║∇J║=1.3e-02
-----On 4/20 Initial Guess Perturbations
Iteration 980/1000-----
J=1.4e-02, Jf=1.3e-03, ⟨B·n⟩=8.9e-03, Len=sum([5.7, 4.5, 5.0])=15.2, ϰ=[9.3, 5.3, 5.4], ∫ϰ²/L=[13.4, 5.3, 8.9], C-C-Sep=0.20, ║∇J║=1.3e-02
-----On 4/20 Initial Guess Perturbations
Iteration 981/1000-----
J=1.4e-02, Jf=1.3e-03, ⟨B·n⟩=8.9e-03, Len=sum([5.7, 4.5, 5.0])=15.2, ϰ=[9.3, 5.3, 5.4], ∫ϰ²/L=[13.4, 5.3, 8.9], C-C-Sep=0.20, ║∇J║=1.4e-02
-----On 4/20 Initial Guess Perturbations
Iteration 982/1000-----
J=1.4e-02, Jf=1.3e-03, ⟨B·n⟩=8.9e-03, Len=sum([5.7, 4.5, 5.0])=15.2, ϰ=[9.4, 5.3, 5.4], ∫ϰ²/L=[13.4, 5.3, 8.9], C-C-Sep=0.20, ║∇J║=1.4e-02
-----On 4/20 Initial Guess Perturbations
Iteration 983/1000-----
J=1.4e-02, Jf=1.3e-03, ⟨B·n⟩=8.9e-03, Len=sum([5.7, 4.5, 5.0])=15.2, ϰ=[9.4, 5.3, 5.4], ∫ϰ²/L=[13.4, 5.3, 8.9], C-C-Sep=0.20, ║∇J║=1.3e-02
-----On 4/20 Initial Guess Perturbations
Iteration 984/1000-----
J=1.4e-02, Jf=1.3e-03, ⟨B·n⟩=8.9e-03, Len=sum([5.7, 4.5, 5.0])=15.2, ϰ=[9.4, 5.3, 5.4], ∫ϰ²/L=[13.4, 5.3, 8.9], C-C-Sep=0.20, ║∇J║=1.5e-02
-----On 4/20 Initial Guess Perturbations
Iteration 985/1000-----
J=1.4e-02, Jf=1.3e-03, ⟨B·n⟩=8.9e-03, Len=sum([5.7, 4.5, 5.0])=15.2, ϰ=[9.4, 5.3, 5.4], ∫ϰ²/L=[13.4, 5.3, 8.8], C-C-Sep=0.20, ║∇J║=1.6e-02
-----On 4/20 Initial Guess Perturbations
Iteration 986/1000-----
J=1.4e-02, Jf=1.3e-03, ⟨B·n⟩=8.9e-03, Len=sum([5.7, 4.5, 5.0])=15.2, ϰ=[9.4, 5.2, 5.3], ∫ϰ²/L=[13.4, 5.3, 8.8], C-C-Sep=0.20, ║∇J║=1.8e-02
-----On 4/20 Initial Guess Perturbations
Iteration 987/1000-----
J=1.4e-02, Jf=1.3e-03, ⟨B·n⟩=8.9e-03, Len=sum([5.7, 4.5, 5.0])=15.2, ϰ=[9.4, 5.1, 5.2], ∫ϰ²/L=[13.4, 5.4, 8.8], C-C-Sep=0.20, ║∇J║=2.1e-02
-----On 4/20 Initial Guess Perturbations
Iteration 988/1000-----
J=1.4e-02, Jf=1.3e-03, ⟨B·n⟩=8.9e-03, Len=sum([5.7, 4.5, 5.0])=15.2, ϰ=[9.4, 5.0, 5.1], ∫ϰ²/L=[13.4, 5.4, 8.8], C-C-Sep=0.20, ║∇J║=2.0e-02
-----On 4/20 Initial Guess Perturbations
Iteration 989/1000-----
J=1.4e-02, Jf=1.3e-03, ⟨B·n⟩=8.9e-03, Len=sum([5.7, 4.5, 5.0])=15.2, ϰ=[9.4, 5.1, 5.2], ∫ϰ²/L=[13.4, 5.3, 8.8], C-C-Sep=0.20, ║∇J║=1.8e-02
-----On 4/20 Initial Guess Perturbations
Iteration 990/1000-----
J=1.4e-02, Jf=1.3e-03, ⟨B·n⟩=8.9e-03, Len=sum([5.7, 4.5, 5.0])=15.2, ϰ=[9.5, 5.1, 5.2], ∫ϰ²/L=[13.4, 5.4, 8.8], C-C-Sep=0.20, ║∇J║=1.8e-02
-----On 4/20 Initial Guess Perturbations
Iteration 991/1000-----
J=1.4e-02, Jf=1.3e-03, ⟨B·n⟩=8.9e-03, Len=sum([5.7, 4.5, 5.0])=15.2, ϰ=[9.5, 5.3, 5.2], ∫ϰ²/L=[13.4, 5.4, 8.8], C-C-Sep=0.20, ║∇J║=3.1e-02
-----On 4/20 Initial Guess Perturbations
Iteration 992/1000-----
J=1.4e-02, Jf=1.3e-03, ⟨B·n⟩=8.9e-03, Len=sum([5.7, 4.5, 5.0])=15.2, ϰ=[9.5, 5.2, 5.2], ∫ϰ²/L=[13.4, 5.4, 8.8], C-C-Sep=0.20, ║∇J║=2.2e-02
-----On 4/20 Initial Guess Perturbations
Iteration 993/1000-----
J=1.4e-02, Jf=1.3e-03, ⟨B·n⟩=8.9e-03, Len=sum([5.7, 4.5, 5.0])=15.2, ϰ=[9.5, 5.3, 5.2], ∫ϰ²/L=[13.4, 5.4, 8.8], C-C-Sep=0.20, ║∇J║=2.0e-02
-----On 4/20 Initial Guess Perturbations
Iteration 994/1000-----
J=1.4e-02, Jf=1.3e-03, ⟨B·n⟩=8.9e-03, Len=sum([5.7, 4.5, 5.0])=15.2, ϰ=[9.5, 5.3, 5.1], ∫ϰ²/L=[13.4, 5.4, 8.8], C-C-Sep=0.20, ║∇J║=1.8e-02
-----On 4/20 Initial Guess Perturbations
Iteration 995/1000-----
J=1.4e-02, Jf=1.3e-03, ⟨B·n⟩=8.9e-03, Len=sum([5.7, 4.5, 5.0])=15.2, ϰ=[9.6, 5.3, 5.2], ∫ϰ²/L=[13.4, 5.4, 8.8], C-C-Sep=0.20, ║∇J║=2.2e-02
-----On 4/20 Initial Guess Perturbations
Iteration 996/1000-----
J=1.4e-02, Jf=1.3e-03, ⟨B·n⟩=8.9e-03, Len=sum([5.7, 4.5, 5.0])=15.2, ϰ=[9.7, 5.3, 5.3], ∫ϰ²/L=[13.4, 5.4, 8.8], C-C-Sep=0.20, ║∇J║=2.2e-02
-----On 4/20 Initial Guess Perturbations
Iteration 997/1000-----
J=1.4e-02, Jf=1.3e-03, ⟨B·n⟩=8.9e-03, Len=sum([5.7, 4.5, 5.0])=15.2, ϰ=[9.7, 5.3, 5.3], ∫ϰ²/L=[13.4, 5.4, 8.7], C-C-Sep=0.20, ║∇J║=1.7e-02
-----On 4/20 Initial Guess Perturbations
Iteration 998/1000-----
J=1.4e-02, Jf=1.3e-03, ⟨B·n⟩=8.9e-03, Len=sum([5.7, 4.5, 5.0])=15.2, ϰ=[9.7, 5.3, 5.3], ∫ϰ²/L=[13.4, 5.3, 8.7], C-C-Sep=0.20, ║∇J║=2.0e-02
-----On 4/20 Initial Guess Perturbations
Iteration 999/1000-----
J=1.4e-02, Jf=1.3e-03, ⟨B·n⟩=9.0e-03, Len=sum([5.7, 4.5, 5.0])=15.2, ϰ=[9.7, 5.2, 5.3], ∫ϰ²/L=[13.4, 5.3, 8.7], C-C-Sep=0.20, ║∇J║=1.8e-02
-----On 4/20 Initial Guess Perturbations
Iteration 1000/1000-----
J=1.4e-02, Jf=1.3e-03, ⟨B·n⟩=9.0e-03, Len=sum([5.7, 4.5, 5.0])=15.2, ϰ=[9.7, 5.2, 5.3], ∫ϰ²/L=[13.4, 5.3, 8.7], C-C-Sep=0.20, ║∇J║=2.0e-02
-----On 4/20 Initial Guess Perturbations
Iteration 1001/1000-----
J=1.4e-02, Jf=1.3e-03, ⟨B·n⟩=9.0e-03, Len=sum([5.7, 4.5, 5.0])=15.2, ϰ=[9.7, 5.2, 5.2], ∫ϰ²/L=[13.4, 5.4, 8.7], C-C-Sep=0.20, ║∇J║=1.5e-02
-----On 4/20 Initial Guess Perturbations
Iteration 1002/1000-----
J=1.4e-02, Jf=1.3e-03, ⟨B·n⟩=9.0e-03, Len=sum([5.7, 4.5, 5.0])=15.2, ϰ=[9.8, 5.2, 5.2], ∫ϰ²/L=[13.5, 5.3, 8.7], C-C-Sep=0.20, ║∇J║=1.6e-02
-----On 4/20 Initial Guess Perturbations
Iteration 1003/1000-----
J=1.4e-02, Jf=1.3e-03, ⟨B·n⟩=9.0e-03, Len=sum([5.7, 4.5, 5.0])=15.2, ϰ=[9.8, 5.2, 5.3], ∫ϰ²/L=[13.6, 5.3, 8.7], C-C-Sep=0.20, ║∇J║=1.3e-02
-----On 4/20 Initial Guess Perturbations
Iteration 1004/1000-----
J=1.4e-02, Jf=1.3e-03, ⟨B·n⟩=9.0e-03, Len=sum([5.7, 4.5, 5.0])=15.2, ϰ=[9.8, 5.1, 5.3], ∫ϰ²/L=[13.6, 5.3, 8.7], C-C-Sep=0.20, ║∇J║=1.3e-02
-----On 4/20 Initial Guess Perturbations
Iteration 1005/1000-----
J=1.4e-02, Jf=1.3e-03, ⟨B·n⟩=9.0e-03, Len=sum([5.7, 4.5, 5.0])=15.2, ϰ=[10.0, 5.1, 5.4], ∫ϰ²/L=[13.7, 5.3, 8.7], C-C-Sep=0.20, ║∇J║=1.7e-02
-----On 4/20 Initial Guess Perturbations
Iteration 1006/1000-----
J=1.4e-02, Jf=1.3e-03, ⟨B·n⟩=9.0e-03, Len=sum([5.7, 4.5, 5.0])=15.2, ϰ=[9.9, 5.1, 5.4], ∫ϰ²/L=[13.7, 5.3, 8.7], C-C-Sep=0.20, ║∇J║=1.5e-02
-----On 4/20 Initial Guess Perturbations
Iteration 1007/1000-----
J=1.4e-02, Jf=1.3e-03, ⟨B·n⟩=9.0e-03, Len=sum([5.7, 4.5, 5.0])=15.2, ϰ=[9.9, 5.1, 5.4], ∫ϰ²/L=[13.7, 5.3, 8.7], C-C-Sep=0.20, ║∇J║=1.6e-02
-----On 4/20 Initial Guess Perturbations
Iteration 1008/1000-----
J=1.4e-02, Jf=1.3e-03, ⟨B·n⟩=9.0e-03, Len=sum([5.7, 4.5, 5.0])=15.2, ϰ=[10.0, 5.1, 5.4], ∫ϰ²/L=[13.7, 5.3, 8.6], C-C-Sep=0.20, ║∇J║=1.7e-02
-----On 4/20 Initial Guess Perturbations
Iteration 1009/1000-----
J=1.4e-02, Jf=1.3e-03, ⟨B·n⟩=9.0e-03, Len=sum([5.6, 4.5, 5.0])=15.1, ϰ=[10.0, 5.1, 5.5], ∫ϰ²/L=[13.8, 5.3, 8.6], C-C-Sep=0.20, ║∇J║=1.8e-02
-----On 4/20 Initial Guess Perturbations
Iteration 1010/1000-----
J=1.4e-02, Jf=1.3e-03, ⟨B·n⟩=9.0e-03, Len=sum([5.6, 4.5, 5.0])=15.1, ϰ=[10.0, 5.2, 5.5], ∫ϰ²/L=[13.8, 5.3, 8.6], C-C-Sep=0.20, ║∇J║=2.3e-02
-----On 4/20 Initial Guess Perturbations
Iteration 1011/1000-----
J=1.4e-02, Jf=1.3e-03, ⟨B·n⟩=9.1e-03, Len=sum([5.6, 4.5, 5.0])=15.1, ϰ=[10.0, 5.2, 5.5], ∫ϰ²/L=[13.8, 5.3, 8.6], C-C-Sep=0.20, ║∇J║=1.7e-02
-----On 4/20 Initial Guess Perturbations
Iteration 1012/1000-----
J=1.4e-02, Jf=1.4e-03, ⟨B·n⟩=9.1e-03, Len=sum([5.6, 4.5, 5.0])=15.1, ϰ=[10.0, 5.2, 5.4], ∫ϰ²/L=[13.8, 5.3, 8.6], C-C-Sep=0.20, ║∇J║=1.9e-02
-----On 4/20 Initial Guess Perturbations
Iteration 1013/1000-----
J=1.4e-02, Jf=1.4e-03, ⟨B·n⟩=9.1e-03, Len=sum([5.6, 4.5, 5.0])=15.1, ϰ=[10.0, 5.2, 5.4], ∫ϰ²/L=[13.9, 5.3, 8.6], C-C-Sep=0.20, ║∇J║=1.5e-02
-----On 4/20 Initial Guess Perturbations
Iteration 1014/1000-----
J=1.4e-02, Jf=1.4e-03, ⟨B·n⟩=9.1e-03, Len=sum([5.6, 4.5, 5.0])=15.1, ϰ=[10.0, 5.2, 5.4], ∫ϰ²/L=[13.9, 5.2, 8.6], C-C-Sep=0.20, ║∇J║=1.7e-02
-----On 4/20 Initial Guess Perturbations
Iteration 1015/1000-----
J=1.4e-02, Jf=1.4e-03, ⟨B·n⟩=9.1e-03, Len=sum([5.6, 4.5, 5.0])=15.1, ϰ=[10.0, 5.3, 5.5], ∫ϰ²/L=[13.9, 5.2, 8.6], C-C-Sep=0.20, ║∇J║=2.6e-02
-----On 4/20 Initial Guess Perturbations
Iteration 1016/1000-----
J=1.4e-02, Jf=1.4e-03, ⟨B·n⟩=9.1e-03, Len=sum([5.6, 4.5, 5.0])=15.1, ϰ=[10.1, 5.2, 5.5], ∫ϰ²/L=[14.0, 5.3, 8.6], C-C-Sep=0.20, ║∇J║=2.3e-02
-----On 4/20 Initial Guess Perturbations
Iteration 1017/1000-----
J=1.4e-02, Jf=1.4e-03, ⟨B·n⟩=9.1e-03, Len=sum([5.6, 4.5, 5.0])=15.1, ϰ=[10.1, 5.1, 5.5], ∫ϰ²/L=[14.0, 5.3, 8.6], C-C-Sep=0.20, ║∇J║=1.6e-02
-----On 4/20 Initial Guess Perturbations
Iteration 1018/1000-----
J=1.4e-02, Jf=1.4e-03, ⟨B·n⟩=9.1e-03, Len=sum([5.6, 4.5, 5.0])=15.1, ϰ=[10.1, 5.1, 5.5], ∫ϰ²/L=[14.0, 5.2, 8.5], C-C-Sep=0.20, ║∇J║=2.3e-02
-----On 4/20 Initial Guess Perturbations
Iteration 1019/1000-----
J=1.4e-02, Jf=1.4e-03, ⟨B·n⟩=9.1e-03, Len=sum([5.6, 4.5, 5.0])=15.1, ϰ=[10.1, 5.1, 5.5], ∫ϰ²/L=[14.0, 5.3, 8.5], C-C-Sep=0.20, ║∇J║=1.6e-02
-----On 4/20 Initial Guess Perturbations
Iteration 1020/1000-----
J=1.4e-02, Jf=1.4e-03, ⟨B·n⟩=9.1e-03, Len=sum([5.6, 4.5, 5.0])=15.1, ϰ=[10.2, 5.1, 5.5], ∫ϰ²/L=[14.1, 5.3, 8.5], C-C-Sep=0.20, ║∇J║=2.4e-02
-----On 4/20 Initial Guess Perturbations
Iteration 1021/1000-----
J=1.4e-02, Jf=1.4e-03, ⟨B·n⟩=9.1e-03, Len=sum([5.6, 4.5, 5.0])=15.1, ϰ=[10.2, 5.0, 5.6], ∫ϰ²/L=[14.1, 5.3, 8.5], C-C-Sep=0.20, ║∇J║=1.7e-02
-----On 4/20 Initial Guess Perturbations
Iteration 1022/1000-----
J=1.4e-02, Jf=1.4e-03, ⟨B·n⟩=9.1e-03, Len=sum([5.6, 4.5, 5.0])=15.1, ϰ=[10.3, 4.9, 5.6], ∫ϰ²/L=[14.2, 5.3, 8.5], C-C-Sep=0.20, ║∇J║=2.8e-02
-----On 4/20 Initial Guess Perturbations
Iteration 1023/1000-----
J=1.4e-02, Jf=1.4e-03, ⟨B·n⟩=9.1e-03, Len=sum([5.6, 4.5, 5.0])=15.1, ϰ=[10.2, 5.0, 5.6], ∫ϰ²/L=[14.1, 5.3, 8.5], C-C-Sep=0.20, ║∇J║=2.6e-02
-----On 4/20 Initial Guess Perturbations
Iteration 1024/1000-----
J=1.4e-02, Jf=1.4e-03, ⟨B·n⟩=9.1e-03, Len=sum([5.6, 4.5, 5.0])=15.1, ϰ=[10.2, 5.0, 5.6], ∫ϰ²/L=[14.1, 5.2, 8.5], C-C-Sep=0.20, ║∇J║=1.9e-02
-----On 4/20 Initial Guess Perturbations
Iteration 1025/1000-----
J=1.4e-02, Jf=1.4e-03, ⟨B·n⟩=9.1e-03, Len=sum([5.6, 4.5, 5.0])=15.1, ϰ=[10.2, 5.0, 5.6], ∫ϰ²/L=[14.1, 5.2, 8.5], C-C-Sep=0.20, ║∇J║=1.7e-02
-----On 4/20 Initial Guess Perturbations
Iteration 1026/1000-----
J=1.4e-02, Jf=1.4e-03, ⟨B·n⟩=9.1e-03, Len=sum([5.6, 4.5, 5.0])=15.1, ϰ=[10.2, 5.0, 5.5], ∫ϰ²/L=[14.2, 5.2, 8.5], C-C-Sep=0.20, ║∇J║=1.6e-02
-----On 4/20 Initial Guess Perturbations
Iteration 1027/1000-----
J=1.4e-02, Jf=1.4e-03, ⟨B·n⟩=9.1e-03, Len=sum([5.6, 4.5, 5.0])=15.1, ϰ=[10.2, 5.2, 5.5], ∫ϰ²/L=[14.2, 5.3, 8.6], C-C-Sep=0.20, ║∇J║=2.4e-02
-----On 4/20 Initial Guess Perturbations
Iteration 1028/1000-----
J=1.4e-02, Jf=1.4e-03, ⟨B·n⟩=9.1e-03, Len=sum([5.6, 4.5, 5.0])=15.1, ϰ=[10.2, 5.3, 5.4], ∫ϰ²/L=[14.2, 5.3, 8.6], C-C-Sep=0.20, ║∇J║=1.6e-02
-----On 4/20 Initial Guess Perturbations
Iteration 1029/1000-----
J=1.4e-02, Jf=1.4e-03, ⟨B·n⟩=9.1e-03, Len=sum([5.6, 4.5, 5.0])=15.1, ϰ=[10.1, 5.3, 5.3], ∫ϰ²/L=[14.2, 5.3, 8.6], C-C-Sep=0.20, ║∇J║=2.1e-02
-----On 4/20 Initial Guess Perturbations
Iteration 1030/1000-----
J=1.4e-02, Jf=1.4e-03, ⟨B·n⟩=9.1e-03, Len=sum([5.6, 4.5, 5.0])=15.1, ϰ=[10.1, 5.4, 5.3], ∫ϰ²/L=[14.2, 5.3, 8.6], C-C-Sep=0.20, ║∇J║=2.1e-02
-----On 4/20 Initial Guess Perturbations
Iteration 1031/1000-----
J=1.4e-02, Jf=1.4e-03, ⟨B·n⟩=9.1e-03, Len=sum([5.6, 4.5, 5.0])=15.1, ϰ=[10.2, 5.4, 5.3], ∫ϰ²/L=[14.3, 5.2, 8.6], C-C-Sep=0.20, ║∇J║=1.6e-02
-----On 4/20 Initial Guess Perturbations
Iteration 1032/1000-----
J=1.4e-02, Jf=1.4e-03, ⟨B·n⟩=9.1e-03, Len=sum([5.6, 4.5, 5.0])=15.1, ϰ=[10.3, 5.3, 5.4], ∫ϰ²/L=[14.3, 5.2, 8.6], C-C-Sep=0.20, ║∇J║=1.7e-02
-----On 4/20 Initial Guess Perturbations
Iteration 1033/1000-----
J=1.4e-02, Jf=1.4e-03, ⟨B·n⟩=9.1e-03, Len=sum([5.6, 4.5, 5.0])=15.1, ϰ=[10.3, 5.3, 5.5], ∫ϰ²/L=[14.3, 5.2, 8.6], C-C-Sep=0.20, ║∇J║=1.6e-02
-----On 4/20 Initial Guess Perturbations
Iteration 1034/1000-----
J=1.3e-02, Jf=1.4e-03, ⟨B·n⟩=9.1e-03, Len=sum([5.6, 4.5, 5.0])=15.1, ϰ=[10.3, 5.1, 5.5], ∫ϰ²/L=[14.4, 5.2, 8.6], C-C-Sep=0.20, ║∇J║=2.4e-02
-----On 4/20 Initial Guess Perturbations
Iteration 1035/1000-----
J=1.3e-02, Jf=1.4e-03, ⟨B·n⟩=9.1e-03, Len=sum([5.6, 4.5, 5.0])=15.1, ϰ=[10.3, 5.1, 5.5], ∫ϰ²/L=[14.4, 5.2, 8.6], C-C-Sep=0.20, ║∇J║=1.6e-02
-----On 4/20 Initial Guess Perturbations
Iteration 1036/1000-----
J=1.3e-02, Jf=1.4e-03, ⟨B·n⟩=9.1e-03, Len=sum([5.6, 4.5, 5.0])=15.1, ϰ=[10.3, 5.0, 5.5], ∫ϰ²/L=[14.4, 5.2, 8.6], C-C-Sep=0.20, ║∇J║=1.6e-02
-----On 4/20 Initial Guess Perturbations
Iteration 1037/1000-----
J=1.3e-02, Jf=1.4e-03, ⟨B·n⟩=9.1e-03, Len=sum([5.6, 4.5, 5.0])=15.1, ϰ=[10.3, 5.0, 5.4], ∫ϰ²/L=[14.5, 5.2, 8.6], C-C-Sep=0.20, ║∇J║=1.6e-02
-----On 4/20 Initial Guess Perturbations
Iteration 1038/1000-----
J=1.3e-02, Jf=1.4e-03, ⟨B·n⟩=9.1e-03, Len=sum([5.6, 4.5, 5.0])=15.1, ϰ=[10.2, 4.9, 5.4], ∫ϰ²/L=[14.5, 5.2, 8.6], C-C-Sep=0.20, ║∇J║=1.8e-02
-----On 4/20 Initial Guess Perturbations
Iteration 1039/1000-----
J=1.3e-02, Jf=1.4e-03, ⟨B·n⟩=9.1e-03, Len=sum([5.6, 4.5, 5.0])=15.1, ϰ=[10.3, 5.0, 5.4], ∫ϰ²/L=[14.5, 5.2, 8.6], C-C-Sep=0.20, ║∇J║=1.4e-02
-----On 4/20 Initial Guess Perturbations
Iteration 1040/1000-----
J=1.3e-02, Jf=1.4e-03, ⟨B·n⟩=9.1e-03, Len=sum([5.6, 4.5, 5.0])=15.1, ϰ=[10.3, 5.0, 5.4], ∫ϰ²/L=[14.5, 5.2, 8.6], C-C-Sep=0.20, ║∇J║=1.6e-02
-----On 4/20 Initial Guess Perturbations
Iteration 1041/1000-----
J=1.3e-02, Jf=1.4e-03, ⟨B·n⟩=9.1e-03, Len=sum([5.6, 4.5, 5.0])=15.1, ϰ=[10.3, 5.0, 5.5], ∫ϰ²/L=[14.6, 5.2, 8.6], C-C-Sep=0.20, ║∇J║=2.6e-02
-----On 4/20 Initial Guess Perturbations
Iteration 1042/1000-----
J=1.3e-02, Jf=1.4e-03, ⟨B·n⟩=9.1e-03, Len=sum([5.6, 4.5, 5.0])=15.1, ϰ=[10.3, 5.0, 5.5], ∫ϰ²/L=[14.6, 5.2, 8.6], C-C-Sep=0.20, ║∇J║=1.7e-02
-----On 4/20 Initial Guess Perturbations
Iteration 1043/1000-----
J=1.3e-02, Jf=1.4e-03, ⟨B·n⟩=9.1e-03, Len=sum([5.6, 4.5, 5.0])=15.1, ϰ=[10.3, 5.1, 5.5], ∫ϰ²/L=[14.5, 5.2, 8.6], C-C-Sep=0.20, ║∇J║=1.9e-02
-----On 4/20 Initial Guess Perturbations
Iteration 1044/1000-----
J=1.3e-02, Jf=1.4e-03, ⟨B·n⟩=9.1e-03, Len=sum([5.6, 4.5, 5.0])=15.1, ϰ=[10.4, 5.2, 5.5], ∫ϰ²/L=[14.6, 5.2, 8.6], C-C-Sep=0.20, ║∇J║=2.0e-02
-----On 4/20 Initial Guess Perturbations
Iteration 1045/1000-----
J=1.3e-02, Jf=1.4e-03, ⟨B·n⟩=9.1e-03, Len=sum([5.5, 4.5, 5.0])=15.1, ϰ=[10.4, 5.4, 5.5], ∫ϰ²/L=[14.5, 5.2, 8.5], C-C-Sep=0.20, ║∇J║=1.6e-02
-----On 4/20 Initial Guess Perturbations
Iteration 1046/1000-----
J=1.3e-02, Jf=1.4e-03, ⟨B·n⟩=9.1e-03, Len=sum([5.5, 4.5, 5.0])=15.1, ϰ=[10.4, 5.4, 5.6], ∫ϰ²/L=[14.7, 5.3, 8.5], C-C-Sep=0.20, ║∇J║=1.7e-02
-----On 4/20 Initial Guess Perturbations
Iteration 1047/1000-----
J=1.3e-02, Jf=1.4e-03, ⟨B·n⟩=9.1e-03, Len=sum([5.5, 4.5, 5.0])=15.1, ϰ=[10.3, 5.4, 5.6], ∫ϰ²/L=[14.6, 5.3, 8.5], C-C-Sep=0.20, ║∇J║=2.9e-02
-----On 4/20 Initial Guess Perturbations
Iteration 1048/1000-----
J=1.3e-02, Jf=1.4e-03, ⟨B·n⟩=9.1e-03, Len=sum([5.5, 4.5, 5.0])=15.1, ϰ=[10.3, 5.3, 5.5], ∫ϰ²/L=[14.6, 5.3, 8.5], C-C-Sep=0.20, ║∇J║=1.7e-02
-----On 4/20 Initial Guess Perturbations
Iteration 1049/1000-----
J=1.3e-02, Jf=1.4e-03, ⟨B·n⟩=9.1e-03, Len=sum([5.5, 4.5, 5.0])=15.1, ϰ=[10.3, 5.3, 5.5], ∫ϰ²/L=[14.7, 5.3, 8.5], C-C-Sep=0.20, ║∇J║=2.2e-02
-----On 4/20 Initial Guess Perturbations
Iteration 1050/1000-----
J=1.3e-02, Jf=1.4e-03, ⟨B·n⟩=9.1e-03, Len=sum([5.5, 4.5, 5.0])=15.1, ϰ=[10.3, 5.3, 5.5], ∫ϰ²/L=[14.7, 5.4, 8.5], C-C-Sep=0.20, ║∇J║=2.6e-02
-----On 4/20 Initial Guess Perturbations
Iteration 1051/1000-----
J=1.3e-02, Jf=1.4e-03, ⟨B·n⟩=9.1e-03, Len=sum([5.5, 4.5, 5.0])=15.0, ϰ=[10.3, 5.4, 5.6], ∫ϰ²/L=[14.7, 5.4, 8.5], C-C-Sep=0.20, ║∇J║=1.9e-02
-----On 4/20 Initial Guess Perturbations
Iteration 1052/1000-----
J=1.3e-02, Jf=1.4e-03, ⟨B·n⟩=9.1e-03, Len=sum([5.5, 4.5, 5.0])=15.0, ϰ=[10.4, 5.4, 5.6], ∫ϰ²/L=[14.7, 5.5, 8.5], C-C-Sep=0.20, ║∇J║=3.1e-02
-----On 4/20 Initial Guess Perturbations
Iteration 1053/1000-----
J=1.3e-02, Jf=1.4e-03, ⟨B·n⟩=9.1e-03, Len=sum([5.5, 4.5, 5.0])=15.0, ϰ=[10.4, 5.4, 5.7], ∫ϰ²/L=[14.7, 5.5, 8.5], C-C-Sep=0.20, ║∇J║=1.5e-02
-----On 4/20 Initial Guess Perturbations
slurmstepd: error: *** JOB 65237728 ON cm027 CANCELLED AT 2025-08-20T01:16:09 ***
