Running initial guess perturbation 0
Coil 0: RMS error: 0.000005, Relative: 0.000003
Max point error: 0.000023, Min point error: 0.000000
Coil 1: RMS error: 0.000005, Relative: 0.000003
Max point error: 0.000020, Min point error: 0.000000
Coil 2: RMS error: 0.000003, Relative: 0.000002
Max point error: 0.000019, Min point error: 0.000000
Overall fit errors: [4.657344288156769e-06, 4.619406882923161e-06, 3.111039491314821e-06]
Mean fit error: 0.000004

################################################################################
### Perform a Taylor test ######################################################
################################################################################

Iteration 1/3500-----
J=2.0e-01, ⟨Jf⟩=6.2e-02, ⟨B·n⟩=6.1e-02, Len=sum([5.5, 5.1, 5.2])=15.8, ϰ=[18.9, 31.6, 7.8], ∫ϰ²/L>=[7.3, 10.6, 3.9], C-C-Sep=0.07, ║∇J║=7.8e+00
-----On 1/20 Initial Guess Perturbations
Iteration 2/3500-----
J=2.1e-01, ⟨Jf⟩=6.2e-02, ⟨B·n⟩=6.1e-02, Len=sum([5.5, 5.1, 5.2])=15.8, ϰ=[20.1, 35.3, 9.9], ∫ϰ²/L>=[9.4, 15.0, 6.9], C-C-Sep=0.07, ║∇J║=7.9e+00
-----On 1/20 Initial Guess Perturbations
Iteration 3/3500-----
J=2.0e-01, ⟨Jf⟩=6.2e-02, ⟨B·n⟩=6.1e-02, Len=sum([5.5, 5.1, 5.2])=15.8, ϰ=[23.4, 28.5, 8.8], ∫ϰ²/L>=[9.7, 13.1, 6.3], C-C-Sep=0.07, ║∇J║=7.8e+00
-----On 1/20 Initial Guess Perturbations
err -0.17569765729093212
Iteration 4/3500-----
J=2.0e-01, ⟨Jf⟩=6.2e-02, ⟨B·n⟩=6.1e-02, Len=sum([5.5, 5.1, 5.2])=15.8, ϰ=[18.7, 32.0, 7.7], ∫ϰ²/L>=[7.3, 10.7, 4.0], C-C-Sep=0.07, ║∇J║=7.8e+00
-----On 1/20 Initial Guess Perturbations
Iteration 5/3500-----
J=2.0e-01, ⟨Jf⟩=6.2e-02, ⟨B·n⟩=6.1e-02, Len=sum([5.5, 5.1, 5.2])=15.8, ϰ=[19.2, 31.3, 7.9], ∫ϰ²/L>=[7.3, 10.5, 3.9], C-C-Sep=0.07, ║∇J║=7.8e+00
-----On 1/20 Initial Guess Perturbations
err -0.0018877740605574012
Iteration 6/3500-----
J=2.0e-01, ⟨Jf⟩=6.2e-02, ⟨B·n⟩=6.1e-02, Len=sum([5.5, 5.1, 5.2])=15.8, ϰ=[18.8, 31.7, 7.7], ∫ϰ²/L>=[7.3, 10.6, 3.9], C-C-Sep=0.07, ║∇J║=7.8e+00
-----On 1/20 Initial Guess Perturbations
Iteration 7/3500-----
J=2.0e-01, ⟨Jf⟩=6.2e-02, ⟨B·n⟩=6.1e-02, Len=sum([5.5, 5.1, 5.2])=15.8, ϰ=[18.9, 31.6, 7.8], ∫ϰ²/L>=[7.3, 10.6, 3.9], C-C-Sep=0.07, ║∇J║=7.8e+00
-----On 1/20 Initial Guess Perturbations
err -1.8817910854451725e-05
Iteration 8/3500-----
J=2.0e-01, ⟨Jf⟩=6.2e-02, ⟨B·n⟩=6.1e-02, Len=sum([5.5, 5.1, 5.2])=15.8, ϰ=[18.9, 31.6, 7.8], ∫ϰ²/L>=[7.3, 10.6, 3.9], C-C-Sep=0.07, ║∇J║=7.8e+00
-----On 1/20 Initial Guess Perturbations
Iteration 9/3500-----
J=2.0e-01, ⟨Jf⟩=6.2e-02, ⟨B·n⟩=6.1e-02, Len=sum([5.5, 5.1, 5.2])=15.8, ϰ=[18.9, 31.6, 7.8], ∫ϰ²/L>=[7.3, 10.6, 3.9], C-C-Sep=0.07, ║∇J║=7.8e+00
-----On 1/20 Initial Guess Perturbations
err -1.8779812394065232e-07
Iteration 10/3500-----
J=2.0e-01, ⟨Jf⟩=6.2e-02, ⟨B·n⟩=6.1e-02, Len=sum([5.5, 5.1, 5.2])=15.8, ϰ=[18.9, 31.6, 7.8], ∫ϰ²/L>=[7.3, 10.6, 3.9], C-C-Sep=0.07, ║∇J║=7.8e+00
-----On 1/20 Initial Guess Perturbations
Iteration 11/3500-----
J=2.0e-01, ⟨Jf⟩=6.2e-02, ⟨B·n⟩=6.1e-02, Len=sum([5.5, 5.1, 5.2])=15.8, ϰ=[18.9, 31.6, 7.8], ∫ϰ²/L>=[7.3, 10.6, 3.9], C-C-Sep=0.07, ║∇J║=7.8e+00
-----On 1/20 Initial Guess Perturbations
err -2.3353676770199172e-09

################################################################################
### Run the optimisation #######################################################
################################################################################

Iteration 1/3500-----
J=2.0e-01, ⟨Jf⟩=6.2e-02, ⟨B·n⟩=6.1e-02, Len=sum([5.5, 5.1, 5.2])=15.8, ϰ=[18.9, 31.6, 7.8], ∫ϰ²/L>=[7.3, 10.6, 3.9], C-C-Sep=0.07, ║∇J║=7.8e+00
-----On 1/20 Initial Guess Perturbations
Iteration 2/3500-----
J=2.0e+01, ⟨Jf⟩=2.6e-01, ⟨B·n⟩=8.8e-02, Len=sum([6.1, 11.0, 18.4])=35.6, ϰ=[497.0, 222.8, 646.3], ∫ϰ²/L>=[333.9, 178.9, 245.0], C-C-Sep=0.02, ║∇J║=1.2e+02
-----On 1/20 Initial Guess Perturbations
Iteration 3/3500-----
J=2.5e-01, ⟨Jf⟩=6.1e-02, ⟨B·n⟩=6.1e-02, Len=sum([5.5, 5.3, 5.9])=16.7, ϰ=[21.6, 32.3, 54.7], ∫ϰ²/L>=[10.4, 27.2, 31.4], C-C-Sep=0.08, ║∇J║=8.1e+00
-----On 1/20 Initial Guess Perturbations
Iteration 4/3500-----
J=1.2e-01, ⟨Jf⟩=6.2e-02, ⟨B·n⟩=6.1e-02, Len=sum([5.5, 5.1, 5.3])=15.9, ϰ=[20.3, 32.5, 14.9], ∫ϰ²/L>=[8.4, 15.5, 13.9], C-C-Sep=0.12, ║∇J║=3.2e+00
-----On 1/20 Initial Guess Perturbations
Iteration 5/3500-----
J=1.0e-01, ⟨Jf⟩=6.2e-02, ⟨B·n⟩=6.1e-02, Len=sum([5.5, 5.1, 5.3])=15.9, ϰ=[21.8, 30.3, 22.5], ∫ϰ²/L>=[9.7, 14.2, 13.2], C-C-Sep=0.16, ║∇J║=1.6e+00
-----On 1/20 Initial Guess Perturbations
Iteration 6/3500-----
J=9.3e-02, ⟨Jf⟩=6.1e-02, ⟨B·n⟩=6.1e-02, Len=sum([5.5, 5.1, 5.3])=15.9, ϰ=[24.1, 29.2, 17.9], ∫ϰ²/L>=[11.4, 13.6, 11.2], C-C-Sep=0.18, ║∇J║=9.4e-01
-----On 1/20 Initial Guess Perturbations
Iteration 7/3500-----
J=8.8e-02, ⟨Jf⟩=6.1e-02, ⟨B·n⟩=6.1e-02, Len=sum([5.5, 5.1, 5.3])=15.9, ϰ=[27.3, 27.1, 12.0], ∫ϰ²/L>=[13.7, 14.0, 9.6], C-C-Sep=0.18, ║∇J║=7.3e-01
-----On 1/20 Initial Guess Perturbations
Iteration 8/3500-----
J=8.2e-02, ⟨Jf⟩=6.0e-02, ⟨B·n⟩=6.0e-02, Len=sum([5.6, 5.2, 5.3])=16.0, ϰ=[28.3, 22.1, 12.9], ∫ϰ²/L>=[17.1, 13.9, 10.4], C-C-Sep=0.18, ║∇J║=9.8e-01
-----On 1/20 Initial Guess Perturbations
Iteration 9/3500-----
J=7.9e-02, ⟨Jf⟩=6.0e-02, ⟨B·n⟩=6.0e-02, Len=sum([5.6, 5.2, 5.3])=16.1, ϰ=[26.1, 19.4, 12.7], ∫ϰ²/L>=[16.9, 13.3, 13.3], C-C-Sep=0.18, ║∇J║=5.5e-01
-----On 1/20 Initial Guess Perturbations
Iteration 10/3500-----
J=7.8e-02, ⟨Jf⟩=5.9e-02, ⟨B·n⟩=6.0e-02, Len=sum([5.6, 5.2, 5.3])=16.1, ϰ=[24.2, 17.5, 12.9], ∫ϰ²/L>=[15.9, 12.8, 13.6], C-C-Sep=0.19, ║∇J║=4.4e-01
-----On 1/20 Initial Guess Perturbations
Iteration 11/3500-----
J=7.4e-02, ⟨Jf⟩=5.7e-02, ⟨B·n⟩=5.8e-02, Len=sum([5.6, 5.2, 5.3])=16.2, ϰ=[14.3, 13.7, 16.1], ∫ϰ²/L>=[13.6, 13.8, 15.7], C-C-Sep=0.19, ║∇J║=3.9e-01
-----On 1/20 Initial Guess Perturbations
Iteration 12/3500-----
J=7.2e-02, ⟨Jf⟩=5.5e-02, ⟨B·n⟩=5.7e-02, Len=sum([5.7, 5.2, 5.3])=16.2, ϰ=[14.9, 11.0, 17.3], ∫ϰ²/L>=[15.2, 15.1, 15.4], C-C-Sep=0.19, ║∇J║=7.7e-01
-----On 1/20 Initial Guess Perturbations
Iteration 13/3500-----
J=7.0e-02, ⟨Jf⟩=5.4e-02, ⟨B·n⟩=5.7e-02, Len=sum([5.7, 5.2, 5.3])=16.2, ϰ=[15.6, 11.8, 14.5], ∫ϰ²/L>=[15.6, 15.7, 14.3], C-C-Sep=0.19, ║∇J║=4.1e-01
-----On 1/20 Initial Guess Perturbations
Iteration 14/3500-----
J=6.8e-02, ⟨Jf⟩=5.3e-02, ⟨B·n⟩=5.5e-02, Len=sum([5.7, 5.3, 5.3])=16.3, ϰ=[16.2, 13.8, 11.2], ∫ϰ²/L>=[16.2, 17.4, 13.1], C-C-Sep=0.19, ║∇J║=3.5e-01
-----On 1/20 Initial Guess Perturbations
Iteration 15/3500-----
J=6.6e-02, ⟨Jf⟩=5.1e-02, ⟨B·n⟩=5.4e-02, Len=sum([5.7, 5.3, 5.3])=16.3, ϰ=[15.7, 14.3, 11.8], ∫ϰ²/L>=[16.1, 19.7, 12.9], C-C-Sep=0.20, ║∇J║=4.1e-01
-----On 1/20 Initial Guess Perturbations
Iteration 16/3500-----
J=6.2e-02, ⟨Jf⟩=4.6e-02, ⟨B·n⟩=5.1e-02, Len=sum([5.8, 5.4, 5.3])=16.5, ϰ=[12.3, 13.5, 12.2], ∫ϰ²/L>=[15.5, 25.0, 15.5], C-C-Sep=0.19, ║∇J║=5.3e-01
-----On 1/20 Initial Guess Perturbations
Iteration 17/3500-----
J=6.5e-02, ⟨Jf⟩=3.9e-02, ⟨B·n⟩=4.6e-02, Len=sum([6.0, 5.6, 5.4])=17.0, ϰ=[15.2, 18.9, 14.7], ∫ϰ²/L>=[20.5, 37.3, 27.5], C-C-Sep=0.17, ║∇J║=1.5e+00
-----On 1/20 Initial Guess Perturbations
Iteration 18/3500-----
J=6.1e-02, ⟨Jf⟩=4.3e-02, ⟨B·n⟩=4.9e-02, Len=sum([5.9, 5.5, 5.3])=16.7, ϰ=[12.7, 13.4, 11.5], ∫ϰ²/L>=[16.7, 28.3, 18.3], C-C-Sep=0.19, ║∇J║=5.6e-01
-----On 1/20 Initial Guess Perturbations
Iteration 19/3500-----
J=5.8e-02, ⟨Jf⟩=4.2e-02, ⟨B·n⟩=4.8e-02, Len=sum([5.9, 5.5, 5.3])=16.7, ϰ=[13.3, 13.9, 11.7], ∫ϰ²/L>=[17.3, 28.4, 18.0], C-C-Sep=0.19, ║∇J║=3.5e-01
-----On 1/20 Initial Guess Perturbations
Iteration 20/3500-----
J=5.6e-02, ⟨Jf⟩=3.9e-02, ⟨B·n⟩=4.6e-02, Len=sum([6.0, 5.6, 5.3])=16.8, ϰ=[13.3, 16.3, 12.8], ∫ϰ²/L>=[18.6, 30.2, 18.0], C-C-Sep=0.19, ║∇J║=3.8e-01
-----On 1/20 Initial Guess Perturbations
Iteration 21/3500-----
J=5.4e-02, ⟨Jf⟩=3.7e-02, ⟨B·n⟩=4.4e-02, Len=sum([6.0, 5.6, 5.3])=16.9, ϰ=[13.5, 18.8, 13.4], ∫ϰ²/L>=[19.5, 31.9, 18.4], C-C-Sep=0.19, ║∇J║=4.6e-01
-----On 1/20 Initial Guess Perturbations
Iteration 22/3500-----
J=5.2e-02, ⟨Jf⟩=3.4e-02, ⟨B·n⟩=4.2e-02, Len=sum([6.1, 5.7, 5.3])=17.1, ϰ=[12.0, 21.0, 16.2], ∫ϰ²/L>=[20.7, 32.9, 21.3], C-C-Sep=0.18, ║∇J║=4.6e-01
-----On 1/20 Initial Guess Perturbations
Iteration 23/3500-----
J=4.9e-02, ⟨Jf⟩=3.1e-02, ⟨B·n⟩=4.0e-02, Len=sum([6.2, 5.8, 5.3])=17.4, ϰ=[13.3, 20.7, 16.1], ∫ϰ²/L>=[21.7, 33.0, 26.2], C-C-Sep=0.19, ║∇J║=5.3e-01
-----On 1/20 Initial Guess Perturbations
Iteration 24/3500-----
J=4.7e-02, ⟨Jf⟩=2.9e-02, ⟨B·n⟩=3.9e-02, Len=sum([6.3, 5.8, 5.3])=17.5, ϰ=[13.0, 17.6, 13.7], ∫ϰ²/L>=[22.1, 33.2, 23.8], C-C-Sep=0.19, ║∇J║=4.0e-01
-----On 1/20 Initial Guess Perturbations
Iteration 25/3500-----
J=4.5e-02, ⟨Jf⟩=2.7e-02, ⟨B·n⟩=3.7e-02, Len=sum([6.4, 6.0, 5.4])=17.7, ϰ=[12.5, 17.8, 13.4], ∫ϰ²/L>=[23.1, 35.0, 22.0], C-C-Sep=0.19, ║∇J║=3.9e-01
-----On 1/20 Initial Guess Perturbations
Iteration 26/3500-----
J=4.4e-02, ⟨Jf⟩=2.5e-02, ⟨B·n⟩=3.4e-02, Len=sum([6.6, 6.1, 5.4])=18.1, ϰ=[12.9, 17.5, 18.5], ∫ϰ²/L>=[25.7, 41.0, 24.2], C-C-Sep=0.17, ║∇J║=6.3e-01
-----On 1/20 Initial Guess Perturbations
Iteration 27/3500-----
J=4.2e-02, ⟨Jf⟩=2.5e-02, ⟨B·n⟩=3.5e-02, Len=sum([6.5, 6.0, 5.3])=17.8, ϰ=[11.4, 14.2, 14.9], ∫ϰ²/L>=[22.5, 32.1, 19.9], C-C-Sep=0.19, ║∇J║=3.6e-01
-----On 1/20 Initial Guess Perturbations
Iteration 28/3500-----
J=4.1e-02, ⟨Jf⟩=2.4e-02, ⟨B·n⟩=3.4e-02, Len=sum([6.6, 6.1, 5.4])=18.1, ϰ=[11.3, 16.1, 13.7], ∫ϰ²/L>=[22.5, 31.1, 19.1], C-C-Sep=0.19, ║∇J║=2.7e-01
-----On 1/20 Initial Guess Perturbations
Iteration 29/3500-----
J=4.0e-02, ⟨Jf⟩=2.3e-02, ⟨B·n⟩=3.3e-02, Len=sum([6.7, 6.2, 5.4])=18.3, ϰ=[11.2, 16.3, 12.2], ∫ϰ²/L>=[22.5, 30.4, 19.7], C-C-Sep=0.18, ║∇J║=3.2e-01
-----On 1/20 Initial Guess Perturbations
Iteration 30/3500-----
J=3.9e-02, ⟨Jf⟩=2.2e-02, ⟨B·n⟩=3.2e-02, Len=sum([6.8, 6.2, 5.4])=18.4, ϰ=[10.6, 16.0, 13.5], ∫ϰ²/L>=[21.7, 28.4, 20.3], C-C-Sep=0.19, ║∇J║=3.3e-01
-----On 1/20 Initial Guess Perturbations
Iteration 31/3500-----
J=3.8e-02, ⟨Jf⟩=2.0e-02, ⟨B·n⟩=3.1e-02, Len=sum([7.1, 6.4, 5.5])=18.9, ϰ=[10.2, 14.8, 16.8], ∫ϰ²/L>=[22.0, 28.3, 24.7], C-C-Sep=0.18, ║∇J║=4.7e-01
-----On 1/20 Initial Guess Perturbations
Iteration 32/3500-----
J=3.6e-02, ⟨Jf⟩=1.9e-02, ⟨B·n⟩=3.0e-02, Len=sum([7.1, 6.4, 5.4])=18.9, ϰ=[9.8, 12.5, 16.5], ∫ϰ²/L>=[21.0, 27.3, 22.6], C-C-Sep=0.19, ║∇J║=3.1e-01
-----On 1/20 Initial Guess Perturbations
Iteration 33/3500-----
J=3.6e-02, ⟨Jf⟩=1.9e-02, ⟨B·n⟩=3.0e-02, Len=sum([7.1, 6.4, 5.4])=18.8, ϰ=[9.5, 12.4, 13.6], ∫ϰ²/L>=[20.4, 27.0, 18.4], C-C-Sep=0.19, ║∇J║=2.0e-01
-----On 1/20 Initial Guess Perturbations
Iteration 34/3500-----
J=3.5e-02, ⟨Jf⟩=1.9e-02, ⟨B·n⟩=3.0e-02, Len=sum([7.1, 6.4, 5.4])=18.9, ϰ=[9.1, 12.1, 11.8], ∫ϰ²/L>=[19.9, 27.2, 16.6], C-C-Sep=0.19, ║∇J║=2.3e-01
-----On 1/20 Initial Guess Perturbations
Iteration 35/3500-----
J=3.5e-02, ⟨Jf⟩=1.8e-02, ⟨B·n⟩=2.9e-02, Len=sum([7.1, 6.4, 5.4])=18.9, ϰ=[8.5, 12.8, 9.7], ∫ϰ²/L>=[18.9, 27.0, 14.0], C-C-Sep=0.19, ║∇J║=2.6e-01
-----On 1/20 Initial Guess Perturbations
Iteration 36/3500-----
J=3.4e-02, ⟨Jf⟩=1.7e-02, ⟨B·n⟩=2.9e-02, Len=sum([7.2, 6.5, 5.4])=19.2, ϰ=[8.6, 13.7, 12.1], ∫ϰ²/L>=[18.8, 27.4, 15.6], C-C-Sep=0.19, ║∇J║=2.5e-01
-----On 1/20 Initial Guess Perturbations
Iteration 37/3500-----
J=3.3e-02, ⟨Jf⟩=1.7e-02, ⟨B·n⟩=2.9e-02, Len=sum([7.3, 6.5, 5.5])=19.3, ϰ=[8.4, 13.4, 12.4], ∫ϰ²/L>=[18.6, 26.6, 15.9], C-C-Sep=0.18, ║∇J║=2.3e-01
-----On 1/20 Initial Guess Perturbations
Iteration 38/3500-----
J=3.3e-02, ⟨Jf⟩=1.6e-02, ⟨B·n⟩=2.9e-02, Len=sum([7.3, 6.5, 5.5])=19.3, ϰ=[8.4, 13.5, 12.2], ∫ϰ²/L>=[18.0, 25.7, 15.7], C-C-Sep=0.19, ║∇J║=2.1e-01
-----On 1/20 Initial Guess Perturbations
Iteration 39/3500-----
J=3.2e-02, ⟨Jf⟩=1.6e-02, ⟨B·n⟩=2.8e-02, Len=sum([7.3, 6.5, 5.5])=19.3, ϰ=[8.6, 12.6, 11.5], ∫ϰ²/L>=[17.7, 24.3, 15.0], C-C-Sep=0.19, ║∇J║=1.7e-01
-----On 1/20 Initial Guess Perturbations
Iteration 40/3500-----
J=3.2e-02, ⟨Jf⟩=1.5e-02, ⟨B·n⟩=2.8e-02, Len=sum([7.4, 6.6, 5.5])=19.5, ϰ=[8.6, 12.4, 11.7], ∫ϰ²/L>=[17.4, 23.8, 16.0], C-C-Sep=0.19, ║∇J║=2.6e-01
-----On 1/20 Initial Guess Perturbations
Iteration 41/3500-----
J=3.1e-02, ⟨Jf⟩=1.5e-02, ⟨B·n⟩=2.7e-02, Len=sum([7.4, 6.6, 5.5])=19.4, ϰ=[8.9, 12.5, 10.3], ∫ϰ²/L>=[17.0, 23.6, 15.8], C-C-Sep=0.19, ║∇J║=2.2e-01
-----On 1/20 Initial Guess Perturbations
Iteration 42/3500-----
J=3.1e-02, ⟨Jf⟩=1.4e-02, ⟨B·n⟩=2.7e-02, Len=sum([7.4, 6.6, 5.5])=19.5, ϰ=[8.7, 12.2, 10.2], ∫ϰ²/L>=[17.0, 23.3, 16.3], C-C-Sep=0.20, ║∇J║=1.8e-01
-----On 1/20 Initial Guess Perturbations
Iteration 43/3500-----
J=3.0e-02, ⟨Jf⟩=1.4e-02, ⟨B·n⟩=2.7e-02, Len=sum([7.4, 6.6, 5.5])=19.6, ϰ=[9.6, 12.2, 9.1], ∫ϰ²/L>=[17.1, 23.4, 17.0], C-C-Sep=0.19, ║∇J║=1.9e-01
-----On 1/20 Initial Guess Perturbations
Iteration 44/3500-----
J=3.0e-02, ⟨Jf⟩=1.3e-02, ⟨B·n⟩=2.6e-02, Len=sum([7.4, 6.6, 5.5])=19.6, ϰ=[10.1, 12.7, 8.8], ∫ϰ²/L>=[16.7, 23.4, 16.9], C-C-Sep=0.19, ║∇J║=2.1e-01
-----On 1/20 Initial Guess Perturbations
Iteration 45/3500-----
J=2.9e-02, ⟨Jf⟩=1.3e-02, ⟨B·n⟩=2.6e-02, Len=sum([7.4, 6.6, 5.5])=19.6, ϰ=[9.5, 11.8, 9.0], ∫ϰ²/L>=[15.9, 22.8, 15.9], C-C-Sep=0.20, ║∇J║=1.8e-01
-----On 1/20 Initial Guess Perturbations
Iteration 46/3500-----
J=2.9e-02, ⟨Jf⟩=1.2e-02, ⟨B·n⟩=2.6e-02, Len=sum([7.4, 6.7, 5.6])=19.7, ϰ=[9.8, 11.6, 9.8], ∫ϰ²/L>=[15.9, 23.1, 16.4], C-C-Sep=0.19, ║∇J║=1.8e-01
-----On 1/20 Initial Guess Perturbations
Iteration 47/3500-----
J=2.8e-02, ⟨Jf⟩=1.2e-02, ⟨B·n⟩=2.5e-02, Len=sum([7.4, 6.7, 5.6])=19.6, ϰ=[9.8, 11.8, 10.2], ∫ϰ²/L>=[15.3, 22.4, 16.0], C-C-Sep=0.20, ║∇J║=1.9e-01
-----On 1/20 Initial Guess Perturbations
Iteration 48/3500-----
J=2.8e-02, ⟨Jf⟩=1.1e-02, ⟨B·n⟩=2.5e-02, Len=sum([7.4, 6.7, 5.6])=19.7, ϰ=[9.9, 11.8, 10.1], ∫ϰ²/L>=[15.5, 22.9, 16.6], C-C-Sep=0.19, ║∇J║=1.8e-01
-----On 1/20 Initial Guess Perturbations
Iteration 49/3500-----
J=2.8e-02, ⟨Jf⟩=1.1e-02, ⟨B·n⟩=2.5e-02, Len=sum([7.4, 6.7, 5.6])=19.7, ϰ=[9.5, 10.0, 8.8], ∫ϰ²/L>=[14.9, 21.7, 15.1], C-C-Sep=0.20, ║∇J║=1.6e-01
-----On 1/20 Initial Guess Perturbations
Iteration 50/3500-----
J=2.7e-02, ⟨Jf⟩=1.1e-02, ⟨B·n⟩=2.4e-02, Len=sum([7.4, 6.8, 5.6])=19.7, ϰ=[9.5, 9.2, 7.6], ∫ϰ²/L>=[15.2, 21.7, 15.3], C-C-Sep=0.19, ║∇J║=2.3e-01
-----On 1/20 Initial Guess Perturbations
Iteration 51/3500-----
J=2.7e-02, ⟨Jf⟩=1.1e-02, ⟨B·n⟩=2.4e-02, Len=sum([7.3, 6.7, 5.6])=19.6, ϰ=[9.5, 8.5, 7.6], ∫ϰ²/L>=[14.4, 20.2, 14.7], C-C-Sep=0.20, ║∇J║=2.0e-01
-----On 1/20 Initial Guess Perturbations
Iteration 52/3500-----
J=2.7e-02, ⟨Jf⟩=1.0e-02, ⟨B·n⟩=2.3e-02, Len=sum([7.3, 6.7, 5.6])=19.6, ϰ=[9.8, 8.8, 7.6], ∫ϰ²/L>=[14.5, 20.0, 15.1], C-C-Sep=0.20, ║∇J║=1.8e-01
-----On 1/20 Initial Guess Perturbations
Iteration 53/3500-----
J=2.6e-02, ⟨Jf⟩=1.0e-02, ⟨B·n⟩=2.3e-02, Len=sum([7.3, 6.7, 5.6])=19.6, ϰ=[9.9, 9.6, 7.8], ∫ϰ²/L>=[14.5, 19.9, 15.3], C-C-Sep=0.20, ║∇J║=1.5e-01
-----On 1/20 Initial Guess Perturbations
Iteration 54/3500-----
J=2.6e-02, ⟨Jf⟩=9.2e-03, ⟨B·n⟩=2.2e-02, Len=sum([7.3, 6.8, 5.6])=19.7, ϰ=[10.7, 11.7, 8.0], ∫ϰ²/L>=[15.2, 20.5, 15.9], C-C-Sep=0.19, ║∇J║=2.6e-01
-----On 1/20 Initial Guess Perturbations
Iteration 55/3500-----
J=2.6e-02, ⟨Jf⟩=8.9e-03, ⟨B·n⟩=2.2e-02, Len=sum([7.3, 6.7, 5.6])=19.6, ϰ=[11.1, 14.0, 8.4], ∫ϰ²/L>=[14.1, 19.7, 15.1], C-C-Sep=0.19, ║∇J║=2.6e-01
-----On 1/20 Initial Guess Perturbations
Iteration 56/3500-----
J=2.5e-02, ⟨Jf⟩=8.9e-03, ⟨B·n⟩=2.2e-02, Len=sum([7.3, 6.7, 5.6])=19.6, ϰ=[10.2, 12.1, 7.8], ∫ϰ²/L>=[13.8, 19.2, 14.7], C-C-Sep=0.20, ║∇J║=1.6e-01
-----On 1/20 Initial Guess Perturbations
Iteration 57/3500-----
J=2.5e-02, ⟨Jf⟩=8.6e-03, ⟨B·n⟩=2.1e-02, Len=sum([7.3, 6.7, 5.6])=19.6, ϰ=[9.3, 10.7, 7.7], ∫ϰ²/L>=[13.9, 19.3, 14.7], C-C-Sep=0.20, ║∇J║=1.1e-01
-----On 1/20 Initial Guess Perturbations
Iteration 58/3500-----
J=2.4e-02, ⟨Jf⟩=8.0e-03, ⟨B·n⟩=2.1e-02, Len=sum([7.3, 6.8, 5.6])=19.7, ϰ=[9.1, 11.0, 7.5], ∫ϰ²/L>=[14.5, 20.2, 14.9], C-C-Sep=0.20, ║∇J║=1.5e-01
-----On 1/20 Initial Guess Perturbations
Iteration 59/3500-----
J=2.4e-02, ⟨Jf⟩=7.4e-03, ⟨B·n⟩=2.0e-02, Len=sum([7.3, 6.8, 5.6])=19.7, ϰ=[9.1, 11.0, 8.6], ∫ϰ²/L>=[14.8, 20.4, 15.1], C-C-Sep=0.19, ║∇J║=2.2e-01
-----On 1/20 Initial Guess Perturbations
Iteration 60/3500-----
J=2.4e-02, ⟨Jf⟩=7.2e-03, ⟨B·n⟩=1.9e-02, Len=sum([7.2, 6.8, 5.6])=19.7, ϰ=[9.3, 9.9, 8.7], ∫ϰ²/L>=[14.9, 19.3, 15.1], C-C-Sep=0.19, ║∇J║=1.6e-01
-----On 1/20 Initial Guess Perturbations
Iteration 61/3500-----
J=2.3e-02, ⟨Jf⟩=6.6e-03, ⟨B·n⟩=1.9e-02, Len=sum([7.2, 6.8, 5.6])=19.7, ϰ=[9.7, 10.0, 8.7], ∫ϰ²/L>=[16.8, 19.6, 16.0], C-C-Sep=0.19, ║∇J║=1.6e-01
-----On 1/20 Initial Guess Perturbations
Iteration 62/3500-----
J=2.3e-02, ⟨Jf⟩=6.3e-03, ⟨B·n⟩=1.8e-02, Len=sum([7.2, 6.8, 5.6])=19.7, ϰ=[9.8, 10.2, 8.3], ∫ϰ²/L>=[16.9, 18.9, 16.6], C-C-Sep=0.20, ║∇J║=2.4e-01
-----On 1/20 Initial Guess Perturbations
Iteration 63/3500-----
J=2.3e-02, ⟨Jf⟩=6.0e-03, ⟨B·n⟩=1.8e-02, Len=sum([7.2, 6.9, 5.6])=19.7, ϰ=[9.6, 9.6, 8.2], ∫ϰ²/L>=[17.5, 19.4, 16.7], C-C-Sep=0.20, ║∇J║=1.5e-01
-----On 1/20 Initial Guess Perturbations
Iteration 64/3500-----
J=2.2e-02, ⟨Jf⟩=5.7e-03, ⟨B·n⟩=1.7e-02, Len=sum([7.2, 6.9, 5.6])=19.7, ϰ=[9.7, 9.2, 8.6], ∫ϰ²/L>=[17.3, 19.6, 16.4], C-C-Sep=0.19, ║∇J║=1.3e-01
-----On 1/20 Initial Guess Perturbations
Iteration 65/3500-----
J=2.2e-02, ⟨Jf⟩=5.3e-03, ⟨B·n⟩=1.6e-02, Len=sum([7.1, 6.9, 5.7])=19.7, ϰ=[9.5, 9.4, 9.5], ∫ϰ²/L>=[17.5, 20.4, 16.8], C-C-Sep=0.20, ║∇J║=1.6e-01
-----On 1/20 Initial Guess Perturbations
Iteration 66/3500-----
J=2.2e-02, ⟨Jf⟩=4.8e-03, ⟨B·n⟩=1.6e-02, Len=sum([7.1, 7.0, 5.7])=19.7, ϰ=[8.2, 9.3, 10.8], ∫ϰ²/L>=[16.2, 21.3, 17.3], C-C-Sep=0.19, ║∇J║=3.7e-01
-----On 1/20 Initial Guess Perturbations
Iteration 67/3500-----
J=2.2e-02, ⟨Jf⟩=5.0e-03, ⟨B·n⟩=1.6e-02, Len=sum([7.1, 7.0, 5.7])=19.7, ϰ=[8.8, 9.3, 10.0], ∫ϰ²/L>=[16.6, 20.6, 16.8], C-C-Sep=0.19, ║∇J║=1.8e-01
-----On 1/20 Initial Guess Perturbations
Iteration 68/3500-----
J=2.1e-02, ⟨Jf⟩=4.9e-03, ⟨B·n⟩=1.6e-02, Len=sum([7.1, 7.0, 5.7])=19.7, ϰ=[7.3, 9.6, 9.8], ∫ϰ²/L>=[15.2, 20.2, 16.2], C-C-Sep=0.20, ║∇J║=1.4e-01
-----On 1/20 Initial Guess Perturbations
Iteration 69/3500-----
J=2.1e-02, ⟨Jf⟩=4.4e-03, ⟨B·n⟩=1.5e-02, Len=sum([7.0, 7.0, 5.7])=19.8, ϰ=[8.0, 8.9, 10.6], ∫ϰ²/L>=[15.3, 20.9, 17.2], C-C-Sep=0.19, ║∇J║=2.1e-01
-----On 1/20 Initial Guess Perturbations
Iteration 70/3500-----
J=2.1e-02, ⟨Jf⟩=4.5e-03, ⟨B·n⟩=1.5e-02, Len=sum([7.0, 7.0, 5.6])=19.6, ϰ=[8.4, 8.9, 10.4], ∫ϰ²/L>=[13.9, 19.5, 15.9], C-C-Sep=0.20, ║∇J║=1.5e-01
-----On 1/20 Initial Guess Perturbations
Iteration 71/3500-----
J=2.1e-02, ⟨Jf⟩=4.4e-03, ⟨B·n⟩=1.5e-02, Len=sum([7.0, 7.0, 5.7])=19.6, ϰ=[8.1, 8.4, 9.9], ∫ϰ²/L>=[14.1, 19.3, 15.8], C-C-Sep=0.20, ║∇J║=1.2e-01
-----On 1/20 Initial Guess Perturbations
Iteration 72/3500-----
J=2.0e-02, ⟨Jf⟩=4.3e-03, ⟨B·n⟩=1.5e-02, Len=sum([7.0, 7.0, 5.7])=19.6, ϰ=[8.1, 8.2, 9.8], ∫ϰ²/L>=[13.9, 19.1, 15.8], C-C-Sep=0.20, ║∇J║=9.3e-02
-----On 1/20 Initial Guess Perturbations
Iteration 73/3500-----
J=2.0e-02, ⟨Jf⟩=4.1e-03, ⟨B·n⟩=1.5e-02, Len=sum([6.9, 7.0, 5.7])=19.6, ϰ=[8.6, 7.7, 9.9], ∫ϰ²/L>=[14.1, 19.1, 15.8], C-C-Sep=0.20, ║∇J║=9.8e-02
-----On 1/20 Initial Guess Perturbations
Iteration 74/3500-----
J=2.0e-02, ⟨Jf⟩=4.0e-03, ⟨B·n⟩=1.5e-02, Len=sum([6.9, 7.0, 5.6])=19.5, ϰ=[8.7, 7.7, 9.6], ∫ϰ²/L>=[13.6, 18.5, 15.0], C-C-Sep=0.20, ║∇J║=1.4e-01
-----On 1/20 Initial Guess Perturbations
Iteration 75/3500-----
J=2.0e-02, ⟨Jf⟩=4.0e-03, ⟨B·n⟩=1.5e-02, Len=sum([6.9, 7.0, 5.6])=19.5, ϰ=[8.8, 7.6, 9.5], ∫ϰ²/L>=[13.4, 18.3, 14.7], C-C-Sep=0.20, ║∇J║=8.6e-02
-----On 1/20 Initial Guess Perturbations
Iteration 76/3500-----
J=2.0e-02, ⟨Jf⟩=3.9e-03, ⟨B·n⟩=1.4e-02, Len=sum([6.8, 7.0, 5.6])=19.5, ϰ=[8.9, 7.7, 9.4], ∫ϰ²/L>=[12.7, 17.6, 14.1], C-C-Sep=0.20, ║∇J║=8.7e-02
-----On 1/20 Initial Guess Perturbations
Iteration 77/3500-----
J=2.0e-02, ⟨Jf⟩=3.8e-03, ⟨B·n⟩=1.4e-02, Len=sum([6.8, 7.0, 5.6])=19.4, ϰ=[8.9, 7.7, 9.6], ∫ϰ²/L>=[12.3, 17.1, 13.8], C-C-Sep=0.20, ║∇J║=1.0e-01
-----On 1/20 Initial Guess Perturbations
Iteration 78/3500-----
J=1.9e-02, ⟨Jf⟩=3.6e-03, ⟨B·n⟩=1.4e-02, Len=sum([6.8, 7.0, 5.6])=19.4, ϰ=[8.5, 7.8, 10.1], ∫ϰ²/L>=[12.1, 16.4, 13.6], C-C-Sep=0.19, ║∇J║=1.1e-01
-----On 1/20 Initial Guess Perturbations
Iteration 79/3500-----
J=1.9e-02, ⟨Jf⟩=3.6e-03, ⟨B·n⟩=1.4e-02, Len=sum([6.8, 6.9, 5.6])=19.3, ϰ=[8.0, 7.9, 10.1], ∫ϰ²/L>=[11.7, 15.8, 13.3], C-C-Sep=0.20, ║∇J║=1.0e-01
-----On 1/20 Initial Guess Perturbations
Iteration 80/3500-----
J=1.9e-02, ⟨Jf⟩=3.5e-03, ⟨B·n⟩=1.4e-02, Len=sum([6.8, 6.9, 5.6])=19.3, ϰ=[8.1, 7.8, 10.1], ∫ϰ²/L>=[11.9, 15.7, 13.3], C-C-Sep=0.20, ║∇J║=8.0e-02
-----On 1/20 Initial Guess Perturbations
Iteration 81/3500-----
J=1.9e-02, ⟨Jf⟩=3.4e-03, ⟨B·n⟩=1.3e-02, Len=sum([6.7, 6.9, 5.6])=19.3, ϰ=[8.3, 7.6, 9.6], ∫ϰ²/L>=[12.0, 15.6, 13.3], C-C-Sep=0.20, ║∇J║=7.5e-02
-----On 1/20 Initial Guess Perturbations
Iteration 82/3500-----
J=1.9e-02, ⟨Jf⟩=3.3e-03, ⟨B·n⟩=1.3e-02, Len=sum([6.7, 6.9, 5.6])=19.2, ϰ=[8.2, 7.5, 9.8], ∫ϰ²/L>=[11.8, 15.6, 13.2], C-C-Sep=0.20, ║∇J║=9.6e-02
-----On 1/20 Initial Guess Perturbations
Iteration 83/3500-----
J=1.9e-02, ⟨Jf⟩=3.3e-03, ⟨B·n⟩=1.3e-02, Len=sum([6.7, 6.9, 5.6])=19.2, ϰ=[8.1, 7.6, 10.1], ∫ϰ²/L>=[11.4, 15.4, 12.9], C-C-Sep=0.20, ║∇J║=7.6e-02
-----On 1/20 Initial Guess Perturbations
Iteration 84/3500-----
J=1.9e-02, ⟨Jf⟩=3.2e-03, ⟨B·n⟩=1.3e-02, Len=sum([6.7, 6.9, 5.6])=19.2, ϰ=[7.7, 7.9, 10.3], ∫ϰ²/L>=[11.5, 15.7, 13.0], C-C-Sep=0.20, ║∇J║=8.4e-02
-----On 1/20 Initial Guess Perturbations
Iteration 85/3500-----
J=1.9e-02, ⟨Jf⟩=3.1e-03, ⟨B·n⟩=1.3e-02, Len=sum([6.7, 6.8, 5.6])=19.1, ϰ=[7.2, 8.3, 10.2], ∫ϰ²/L>=[11.2, 15.7, 13.0], C-C-Sep=0.19, ║∇J║=1.1e-01
-----On 1/20 Initial Guess Perturbations
Iteration 86/3500-----
J=1.9e-02, ⟨Jf⟩=3.1e-03, ⟨B·n⟩=1.3e-02, Len=sum([6.7, 6.8, 5.6])=19.1, ϰ=[7.2, 8.3, 10.1], ∫ϰ²/L>=[10.6, 15.3, 12.6], C-C-Sep=0.20, ║∇J║=7.2e-02
-----On 1/20 Initial Guess Perturbations
Iteration 87/3500-----
J=1.9e-02, ⟨Jf⟩=3.0e-03, ⟨B·n⟩=1.2e-02, Len=sum([6.6, 6.8, 5.6])=19.1, ϰ=[7.4, 8.3, 9.9], ∫ϰ²/L>=[10.5, 15.3, 12.8], C-C-Sep=0.20, ║∇J║=6.8e-02
-----On 1/20 Initial Guess Perturbations
Iteration 88/3500-----
J=1.8e-02, ⟨Jf⟩=2.9e-03, ⟨B·n⟩=1.2e-02, Len=sum([6.6, 6.8, 5.6])=19.1, ϰ=[7.6, 8.2, 9.5], ∫ϰ²/L>=[10.3, 15.4, 12.9], C-C-Sep=0.20, ║∇J║=8.8e-02
-----On 1/20 Initial Guess Perturbations
Iteration 89/3500-----
J=1.8e-02, ⟨Jf⟩=2.7e-03, ⟨B·n⟩=1.2e-02, Len=sum([6.6, 6.8, 5.7])=19.1, ϰ=[7.5, 8.0, 9.7], ∫ϰ²/L>=[10.9, 15.8, 13.4], C-C-Sep=0.20, ║∇J║=1.1e-01
-----On 1/20 Initial Guess Perturbations
Iteration 90/3500-----
J=1.8e-02, ⟨Jf⟩=2.6e-03, ⟨B·n⟩=1.2e-02, Len=sum([6.6, 6.8, 5.7])=19.0, ϰ=[7.3, 7.6, 9.9], ∫ϰ²/L>=[11.3, 15.8, 13.5], C-C-Sep=0.20, ║∇J║=8.4e-02
-----On 1/20 Initial Guess Perturbations
Iteration 91/3500-----
J=1.8e-02, ⟨Jf⟩=2.6e-03, ⟨B·n⟩=1.1e-02, Len=sum([6.6, 6.7, 5.7])=19.0, ϰ=[7.7, 7.4, 9.6], ∫ϰ²/L>=[11.4, 15.4, 13.1], C-C-Sep=0.20, ║∇J║=8.3e-02
-----On 1/20 Initial Guess Perturbations
Iteration 92/3500-----
J=1.8e-02, ⟨Jf⟩=2.5e-03, ⟨B·n⟩=1.1e-02, Len=sum([6.6, 6.7, 5.7])=18.9, ϰ=[7.8, 7.6, 10.1], ∫ϰ²/L>=[11.8, 15.6, 13.2], C-C-Sep=0.19, ║∇J║=1.0e-01
-----On 1/20 Initial Guess Perturbations
Iteration 93/3500-----
J=1.8e-02, ⟨Jf⟩=2.5e-03, ⟨B·n⟩=1.1e-02, Len=sum([6.6, 6.7, 5.7])=18.9, ϰ=[7.9, 7.5, 9.8], ∫ϰ²/L>=[11.6, 15.1, 12.8], C-C-Sep=0.20, ║∇J║=7.8e-02
-----On 1/20 Initial Guess Perturbations
Iteration 94/3500-----
J=1.8e-02, ⟨Jf⟩=2.4e-03, ⟨B·n⟩=1.1e-02, Len=sum([6.5, 6.7, 5.7])=18.9, ϰ=[7.7, 7.6, 9.2], ∫ϰ²/L>=[11.6, 15.2, 12.9], C-C-Sep=0.20, ║∇J║=9.2e-02
-----On 1/20 Initial Guess Perturbations
Iteration 95/3500-----
J=1.8e-02, ⟨Jf⟩=2.4e-03, ⟨B·n⟩=1.1e-02, Len=sum([6.5, 6.6, 5.7])=18.8, ϰ=[7.6, 7.5, 8.4], ∫ϰ²/L>=[11.4, 14.9, 12.9], C-C-Sep=0.20, ║∇J║=7.6e-02
-----On 1/20 Initial Guess Perturbations
Iteration 96/3500-----
J=1.8e-02, ⟨Jf⟩=2.3e-03, ⟨B·n⟩=1.0e-02, Len=sum([6.5, 6.6, 5.7])=18.8, ϰ=[7.6, 7.4, 7.9], ∫ϰ²/L>=[11.2, 14.9, 13.4], C-C-Sep=0.20, ║∇J║=8.6e-02
-----On 1/20 Initial Guess Perturbations
Iteration 97/3500-----
J=1.7e-02, ⟨Jf⟩=2.3e-03, ⟨B·n⟩=1.0e-02, Len=sum([6.5, 6.6, 5.7])=18.7, ϰ=[7.5, 7.4, 8.0], ∫ϰ²/L>=[10.9, 14.7, 13.7], C-C-Sep=0.20, ║∇J║=6.8e-02
-----On 1/20 Initial Guess Perturbations
Iteration 98/3500-----
J=1.7e-02, ⟨Jf⟩=2.2e-03, ⟨B·n⟩=1.0e-02, Len=sum([6.5, 6.6, 5.7])=18.7, ϰ=[7.6, 7.3, 8.2], ∫ϰ²/L>=[10.7, 14.7, 13.8], C-C-Sep=0.20, ║∇J║=8.0e-02
-----On 1/20 Initial Guess Perturbations
Iteration 99/3500-----
J=1.7e-02, ⟨Jf⟩=2.2e-03, ⟨B·n⟩=1.0e-02, Len=sum([6.5, 6.5, 5.7])=18.7, ϰ=[7.5, 7.1, 7.8], ∫ϰ²/L>=[10.3, 14.4, 13.4], C-C-Sep=0.20, ║∇J║=6.6e-02
-----On 1/20 Initial Guess Perturbations
Iteration 100/3500-----
J=1.7e-02, ⟨Jf⟩=2.2e-03, ⟨B·n⟩=1.0e-02, Len=sum([6.4, 6.5, 5.7])=18.7, ϰ=[7.9, 7.2, 7.5], ∫ϰ²/L>=[10.5, 14.4, 13.1], C-C-Sep=0.20, ║∇J║=6.8e-02
-----On 1/20 Initial Guess Perturbations
Iteration 101/3500-----
J=1.7e-02, ⟨Jf⟩=2.1e-03, ⟨B·n⟩=9.9e-03, Len=sum([6.4, 6.5, 5.7])=18.6, ϰ=[8.1, 7.2, 7.4], ∫ϰ²/L>=[10.6, 14.3, 12.6], C-C-Sep=0.20, ║∇J║=5.9e-02
-----On 1/20 Initial Guess Perturbations
Iteration 102/3500-----
J=1.7e-02, ⟨Jf⟩=2.1e-03, ⟨B·n⟩=9.9e-03, Len=sum([6.4, 6.5, 5.7])=18.6, ϰ=[8.4, 7.3, 7.1], ∫ϰ²/L>=[10.7, 14.0, 12.1], C-C-Sep=0.20, ║∇J║=6.8e-02
-----On 1/20 Initial Guess Perturbations
Iteration 103/3500-----
J=1.7e-02, ⟨Jf⟩=2.0e-03, ⟨B·n⟩=9.7e-03, Len=sum([6.4, 6.4, 5.7])=18.6, ϰ=[8.5, 7.9, 7.2], ∫ϰ²/L>=[11.2, 14.4, 12.0], C-C-Sep=0.20, ║∇J║=7.4e-02
-----On 1/20 Initial Guess Perturbations
Iteration 104/3500-----
J=1.7e-02, ⟨Jf⟩=2.1e-03, ⟨B·n⟩=9.7e-03, Len=sum([6.4, 6.4, 5.7])=18.5, ϰ=[8.9, 8.1, 6.8], ∫ϰ²/L>=[10.9, 13.9, 11.7], C-C-Sep=0.20, ║∇J║=7.2e-02
-----On 1/20 Initial Guess Perturbations
Iteration 105/3500-----
J=1.7e-02, ⟨Jf⟩=2.0e-03, ⟨B·n⟩=9.7e-03, Len=sum([6.4, 6.4, 5.7])=18.5, ϰ=[8.6, 8.2, 6.4], ∫ϰ²/L>=[10.8, 13.9, 11.5], C-C-Sep=0.20, ║∇J║=6.8e-02
-----On 1/20 Initial Guess Perturbations
Iteration 106/3500-----
J=1.7e-02, ⟨Jf⟩=2.0e-03, ⟨B·n⟩=9.7e-03, Len=sum([6.4, 6.4, 5.7])=18.4, ϰ=[8.5, 8.1, 6.3], ∫ϰ²/L>=[10.5, 13.6, 11.4], C-C-Sep=0.20, ║∇J║=5.4e-02
-----On 1/20 Initial Guess Perturbations
Iteration 107/3500-----
J=1.7e-02, ⟨Jf⟩=2.0e-03, ⟨B·n⟩=9.6e-03, Len=sum([6.4, 6.3, 5.7])=18.4, ϰ=[8.3, 8.1, 6.6], ∫ϰ²/L>=[10.4, 13.6, 11.3], C-C-Sep=0.20, ║∇J║=5.3e-02
-----On 1/20 Initial Guess Perturbations
Iteration 108/3500-----
J=1.7e-02, ⟨Jf⟩=2.0e-03, ⟨B·n⟩=9.5e-03, Len=sum([6.4, 6.3, 5.7])=18.3, ϰ=[8.4, 8.0, 6.9], ∫ϰ²/L>=[9.9, 13.4, 11.3], C-C-Sep=0.20, ║∇J║=8.6e-02
-----On 1/20 Initial Guess Perturbations
Iteration 109/3500-----
J=1.7e-02, ⟨Jf⟩=1.9e-03, ⟨B·n⟩=9.4e-03, Len=sum([6.3, 6.3, 5.7])=18.3, ϰ=[8.4, 8.1, 7.1], ∫ϰ²/L>=[10.2, 13.7, 11.3], C-C-Sep=0.20, ║∇J║=7.3e-02
-----On 1/20 Initial Guess Perturbations
Iteration 110/3500-----
J=1.7e-02, ⟨Jf⟩=1.9e-03, ⟨B·n⟩=9.4e-03, Len=sum([6.3, 6.3, 5.7])=18.3, ϰ=[8.4, 8.5, 7.0], ∫ϰ²/L>=[9.8, 13.3, 11.1], C-C-Sep=0.20, ║∇J║=9.3e-02
-----On 1/20 Initial Guess Perturbations
Iteration 111/3500-----
J=1.7e-02, ⟨Jf⟩=1.9e-03, ⟨B·n⟩=9.4e-03, Len=sum([6.3, 6.2, 5.7])=18.3, ϰ=[8.4, 8.6, 7.0], ∫ϰ²/L>=[9.9, 13.3, 11.0], C-C-Sep=0.20, ║∇J║=5.0e-02
-----On 1/20 Initial Guess Perturbations
Iteration 112/3500-----
J=1.7e-02, ⟨Jf⟩=1.9e-03, ⟨B·n⟩=9.3e-03, Len=sum([6.3, 6.2, 5.7])=18.2, ϰ=[8.6, 8.7, 7.0], ∫ϰ²/L>=[10.1, 13.4, 10.9], C-C-Sep=0.20, ║∇J║=4.8e-02
-----On 1/20 Initial Guess Perturbations
Iteration 113/3500-----
J=1.7e-02, ⟨Jf⟩=1.9e-03, ⟨B·n⟩=9.3e-03, Len=sum([6.3, 6.2, 5.7])=18.2, ϰ=[8.9, 8.6, 7.0], ∫ϰ²/L>=[10.4, 13.4, 10.8], C-C-Sep=0.20, ║∇J║=5.9e-02
-----On 1/20 Initial Guess Perturbations
Iteration 114/3500-----
J=1.7e-02, ⟨Jf⟩=1.8e-03, ⟨B·n⟩=9.2e-03, Len=sum([6.3, 6.2, 5.7])=18.1, ϰ=[9.1, 8.3, 7.6], ∫ϰ²/L>=[11.1, 13.4, 10.7], C-C-Sep=0.19, ║∇J║=9.9e-02
-----On 1/20 Initial Guess Perturbations
Iteration 115/3500-----
J=1.6e-02, ⟨Jf⟩=1.8e-03, ⟨B·n⟩=9.1e-03, Len=sum([6.3, 6.1, 5.7])=18.1, ϰ=[9.3, 8.2, 7.7], ∫ϰ²/L>=[11.0, 13.1, 10.6], C-C-Sep=0.20, ║∇J║=5.2e-02
-----On 1/20 Initial Guess Perturbations
Iteration 116/3500-----
J=1.6e-02, ⟨Jf⟩=1.8e-03, ⟨B·n⟩=9.1e-03, Len=sum([6.3, 6.1, 5.7])=18.1, ϰ=[9.3, 8.0, 7.7], ∫ϰ²/L>=[11.2, 13.1, 10.5], C-C-Sep=0.20, ║∇J║=5.7e-02
-----On 1/20 Initial Guess Perturbations
Iteration 117/3500-----
J=1.6e-02, ⟨Jf⟩=1.8e-03, ⟨B·n⟩=9.0e-03, Len=sum([6.3, 6.1, 5.7])=18.0, ϰ=[9.4, 7.9, 7.4], ∫ϰ²/L>=[11.1, 12.8, 10.4], C-C-Sep=0.20, ║∇J║=5.8e-02
-----On 1/20 Initial Guess Perturbations
Iteration 118/3500-----
J=1.6e-02, ⟨Jf⟩=1.8e-03, ⟨B·n⟩=9.0e-03, Len=sum([6.3, 6.1, 5.6])=18.0, ϰ=[9.3, 7.6, 7.0], ∫ϰ²/L>=[11.2, 12.6, 10.3], C-C-Sep=0.20, ║∇J║=6.4e-02
-----On 1/20 Initial Guess Perturbations
Iteration 119/3500-----
J=1.6e-02, ⟨Jf⟩=1.8e-03, ⟨B·n⟩=8.9e-03, Len=sum([6.3, 6.1, 5.6])=18.0, ϰ=[9.4, 7.8, 6.8], ∫ϰ²/L>=[11.6, 13.0, 10.5], C-C-Sep=0.20, ║∇J║=6.1e-02
-----On 1/20 Initial Guess Perturbations
Iteration 120/3500-----
J=1.6e-02, ⟨Jf⟩=1.7e-03, ⟨B·n⟩=8.9e-03, Len=sum([6.3, 6.1, 5.6])=18.0, ϰ=[8.9, 8.5, 6.1], ∫ϰ²/L>=[10.7, 12.4, 9.6], C-C-Sep=0.20, ║∇J║=9.0e-02
-----On 1/20 Initial Guess Perturbations
Iteration 121/3500-----
J=1.6e-02, ⟨Jf⟩=1.7e-03, ⟨B·n⟩=8.9e-03, Len=sum([6.3, 6.0, 5.6])=17.9, ϰ=[9.1, 8.3, 6.3], ∫ϰ²/L>=[10.8, 12.3, 9.6], C-C-Sep=0.20, ║∇J║=5.2e-02
-----On 1/20 Initial Guess Perturbations
Iteration 122/3500-----
J=1.6e-02, ⟨Jf⟩=1.7e-03, ⟨B·n⟩=8.8e-03, Len=sum([6.2, 6.0, 5.6])=17.9, ϰ=[9.2, 8.2, 6.4], ∫ϰ²/L>=[11.1, 12.7, 9.7], C-C-Sep=0.20, ║∇J║=5.5e-02
-----On 1/20 Initial Guess Perturbations
Iteration 123/3500-----
J=1.6e-02, ⟨Jf⟩=1.7e-03, ⟨B·n⟩=8.8e-03, Len=sum([6.2, 6.0, 5.6])=17.9, ϰ=[9.1, 8.2, 6.1], ∫ϰ²/L>=[11.2, 12.7, 9.7], C-C-Sep=0.20, ║∇J║=5.6e-02
-----On 1/20 Initial Guess Perturbations
Iteration 124/3500-----
J=1.6e-02, ⟨Jf⟩=1.7e-03, ⟨B·n⟩=8.7e-03, Len=sum([6.2, 6.0, 5.6])=17.8, ϰ=[9.0, 8.3, 6.2], ∫ϰ²/L>=[11.1, 13.0, 10.1], C-C-Sep=0.20, ║∇J║=5.2e-02
-----On 1/20 Initial Guess Perturbations
Iteration 125/3500-----
J=1.6e-02, ⟨Jf⟩=1.7e-03, ⟨B·n⟩=8.7e-03, Len=sum([6.2, 5.9, 5.6])=17.8, ϰ=[8.9, 7.9, 6.5], ∫ϰ²/L>=[11.2, 13.1, 10.5], C-C-Sep=0.20, ║∇J║=8.7e-02
-----On 1/20 Initial Guess Perturbations
Iteration 126/3500-----
J=1.6e-02, ⟨Jf⟩=1.7e-03, ⟨B·n⟩=8.7e-03, Len=sum([6.2, 5.9, 5.6])=17.8, ϰ=[8.7, 7.9, 6.3], ∫ϰ²/L>=[10.7, 12.4, 10.0], C-C-Sep=0.20, ║∇J║=4.9e-02
-----On 1/20 Initial Guess Perturbations
Iteration 127/3500-----
J=1.6e-02, ⟨Jf⟩=1.7e-03, ⟨B·n⟩=8.7e-03, Len=sum([6.2, 5.9, 5.6])=17.7, ϰ=[8.8, 7.7, 6.3], ∫ϰ²/L>=[10.8, 12.4, 10.1], C-C-Sep=0.20, ║∇J║=5.2e-02
-----On 1/20 Initial Guess Perturbations
Iteration 128/3500-----
J=1.6e-02, ⟨Jf⟩=1.6e-03, ⟨B·n⟩=8.7e-03, Len=sum([6.2, 5.9, 5.6])=17.7, ϰ=[8.7, 7.7, 6.3], ∫ϰ²/L>=[10.6, 12.0, 9.9], C-C-Sep=0.20, ║∇J║=4.5e-02
-----On 1/20 Initial Guess Perturbations
Iteration 129/3500-----
J=1.6e-02, ⟨Jf⟩=1.6e-03, ⟨B·n⟩=8.6e-03, Len=sum([6.2, 5.9, 5.6])=17.7, ϰ=[8.8, 7.5, 6.4], ∫ϰ²/L>=[10.7, 11.7, 10.0], C-C-Sep=0.20, ║∇J║=6.4e-02
-----On 1/20 Initial Guess Perturbations
Iteration 130/3500-----
J=1.6e-02, ⟨Jf⟩=1.6e-03, ⟨B·n⟩=8.6e-03, Len=sum([6.2, 5.8, 5.6])=17.6, ϰ=[9.2, 7.3, 6.2], ∫ϰ²/L>=[10.6, 11.8, 10.0], C-C-Sep=0.20, ║∇J║=7.4e-02
-----On 1/20 Initial Guess Perturbations
Iteration 131/3500-----
J=1.6e-02, ⟨Jf⟩=1.6e-03, ⟨B·n⟩=8.6e-03, Len=sum([6.2, 5.8, 5.6])=17.6, ϰ=[9.2, 7.3, 6.3], ∫ϰ²/L>=[10.6, 11.6, 9.7], C-C-Sep=0.20, ║∇J║=4.5e-02
-----On 1/20 Initial Guess Perturbations
Iteration 132/3500-----
J=1.6e-02, ⟨Jf⟩=1.6e-03, ⟨B·n⟩=8.6e-03, Len=sum([6.2, 5.8, 5.6])=17.6, ϰ=[9.1, 7.2, 6.3], ∫ϰ²/L>=[10.5, 11.6, 9.5], C-C-Sep=0.20, ║∇J║=4.3e-02
-----On 1/20 Initial Guess Perturbations
Iteration 133/3500-----
J=1.6e-02, ⟨Jf⟩=1.6e-03, ⟨B·n⟩=8.5e-03, Len=sum([6.1, 5.8, 5.6])=17.5, ϰ=[9.3, 7.1, 6.7], ∫ϰ²/L>=[10.6, 11.6, 9.4], C-C-Sep=0.20, ║∇J║=5.5e-02
-----On 1/20 Initial Guess Perturbations
Iteration 134/3500-----
J=1.6e-02, ⟨Jf⟩=1.6e-03, ⟨B·n⟩=8.4e-03, Len=sum([6.1, 5.8, 5.6])=17.5, ϰ=[9.4, 7.3, 6.7], ∫ϰ²/L>=[10.5, 11.8, 9.3], C-C-Sep=0.20, ║∇J║=5.8e-02
-----On 1/20 Initial Guess Perturbations
Iteration 135/3500-----
J=1.6e-02, ⟨Jf⟩=1.5e-03, ⟨B·n⟩=8.4e-03, Len=sum([6.1, 5.7, 5.6])=17.4, ϰ=[9.4, 7.7, 6.8], ∫ϰ²/L>=[10.7, 12.0, 9.6], C-C-Sep=0.20, ║∇J║=6.8e-02
-----On 1/20 Initial Guess Perturbations
Iteration 136/3500-----
J=1.6e-02, ⟨Jf⟩=1.5e-03, ⟨B·n⟩=8.4e-03, Len=sum([6.1, 5.7, 5.6])=17.4, ϰ=[9.5, 7.8, 6.9], ∫ϰ²/L>=[10.8, 12.1, 9.7], C-C-Sep=0.20, ║∇J║=4.1e-02
-----On 1/20 Initial Guess Perturbations
Iteration 137/3500-----
J=1.6e-02, ⟨Jf⟩=1.5e-03, ⟨B·n⟩=8.4e-03, Len=sum([6.1, 5.7, 5.6])=17.4, ϰ=[9.4, 7.5, 6.8], ∫ϰ²/L>=[10.6, 11.7, 9.5], C-C-Sep=0.20, ║∇J║=3.8e-02
-----On 1/20 Initial Guess Perturbations
Iteration 138/3500-----
J=1.6e-02, ⟨Jf⟩=1.5e-03, ⟨B·n⟩=8.3e-03, Len=sum([6.1, 5.7, 5.6])=17.4, ϰ=[9.3, 7.6, 6.8], ∫ϰ²/L>=[10.7, 11.8, 9.5], C-C-Sep=0.20, ║∇J║=4.8e-02
-----On 1/20 Initial Guess Perturbations
Iteration 139/3500-----
J=1.5e-02, ⟨Jf⟩=1.5e-03, ⟨B·n⟩=8.3e-03, Len=sum([6.1, 5.7, 5.6])=17.3, ϰ=[8.8, 7.3, 7.2], ∫ϰ²/L>=[10.7, 11.7, 9.7], C-C-Sep=0.20, ║∇J║=5.6e-02
-----On 1/20 Initial Guess Perturbations
Iteration 140/3500-----
J=1.5e-02, ⟨Jf⟩=1.5e-03, ⟨B·n⟩=8.2e-03, Len=sum([6.1, 5.6, 5.6])=17.3, ϰ=[8.9, 7.4, 7.3], ∫ϰ²/L>=[10.8, 11.7, 9.8], C-C-Sep=0.20, ║∇J║=5.5e-02
-----On 1/20 Initial Guess Perturbations
Iteration 141/3500-----
J=1.5e-02, ⟨Jf⟩=1.5e-03, ⟨B·n⟩=8.1e-03, Len=sum([6.1, 5.6, 5.6])=17.3, ϰ=[8.8, 7.6, 7.4], ∫ϰ²/L>=[10.8, 11.6, 10.0], C-C-Sep=0.20, ║∇J║=5.3e-02
-----On 1/20 Initial Guess Perturbations
Iteration 142/3500-----
J=1.5e-02, ⟨Jf⟩=1.5e-03, ⟨B·n⟩=8.1e-03, Len=sum([6.0, 5.6, 5.6])=17.2, ϰ=[8.9, 7.8, 7.3], ∫ϰ²/L>=[11.0, 11.6, 10.1], C-C-Sep=0.20, ║∇J║=4.4e-02
-----On 1/20 Initial Guess Perturbations
Iteration 143/3500-----
J=1.5e-02, ⟨Jf⟩=1.5e-03, ⟨B·n⟩=8.0e-03, Len=sum([6.0, 5.6, 5.6])=17.2, ϰ=[8.7, 8.1, 6.7], ∫ϰ²/L>=[10.7, 11.3, 9.8], C-C-Sep=0.20, ║∇J║=5.1e-02
-----On 1/20 Initial Guess Perturbations
Iteration 144/3500-----
J=1.5e-02, ⟨Jf⟩=1.4e-03, ⟨B·n⟩=8.0e-03, Len=sum([6.0, 5.5, 5.6])=17.2, ϰ=[8.6, 8.2, 6.6], ∫ϰ²/L>=[10.7, 11.4, 9.8], C-C-Sep=0.20, ║∇J║=5.3e-02
-----On 1/20 Initial Guess Perturbations
Iteration 145/3500-----
J=1.5e-02, ⟨Jf⟩=1.4e-03, ⟨B·n⟩=8.0e-03, Len=sum([6.0, 5.5, 5.6])=17.1, ϰ=[8.3, 8.5, 6.7], ∫ϰ²/L>=[10.6, 11.3, 9.8], C-C-Sep=0.20, ║∇J║=4.7e-02
-----On 1/20 Initial Guess Perturbations
Iteration 146/3500-----
J=1.5e-02, ⟨Jf⟩=1.4e-03, ⟨B·n⟩=8.0e-03, Len=sum([6.0, 5.5, 5.6])=17.1, ϰ=[8.2, 8.5, 6.7], ∫ϰ²/L>=[10.8, 11.5, 10.0], C-C-Sep=0.20, ║∇J║=4.8e-02
-----On 1/20 Initial Guess Perturbations
Iteration 147/3500-----
J=1.5e-02, ⟨Jf⟩=1.4e-03, ⟨B·n⟩=8.0e-03, Len=sum([6.0, 5.5, 5.6])=17.1, ϰ=[8.2, 8.2, 7.0], ∫ϰ²/L>=[10.8, 11.2, 10.1], C-C-Sep=0.20, ║∇J║=6.3e-02
-----On 1/20 Initial Guess Perturbations
Iteration 148/3500-----
J=1.5e-02, ⟨Jf⟩=1.4e-03, ⟨B·n⟩=7.9e-03, Len=sum([6.0, 5.4, 5.6])=17.0, ϰ=[8.3, 7.9, 7.3], ∫ϰ²/L>=[10.9, 11.1, 10.3], C-C-Sep=0.20, ║∇J║=4.9e-02
-----On 1/20 Initial Guess Perturbations
Iteration 149/3500-----
J=1.5e-02, ⟨Jf⟩=1.4e-03, ⟨B·n⟩=7.9e-03, Len=sum([6.0, 5.4, 5.6])=17.0, ϰ=[8.4, 7.7, 7.2], ∫ϰ²/L>=[10.9, 10.8, 10.2], C-C-Sep=0.20, ║∇J║=4.0e-02
-----On 1/20 Initial Guess Perturbations
Iteration 150/3500-----
J=1.5e-02, ⟨Jf⟩=1.4e-03, ⟨B·n⟩=7.9e-03, Len=sum([6.0, 5.4, 5.6])=17.0, ϰ=[8.4, 7.8, 7.3], ∫ϰ²/L>=[10.8, 10.6, 10.2], C-C-Sep=0.20, ║∇J║=3.7e-02
-----On 1/20 Initial Guess Perturbations
Iteration 151/3500-----
J=1.5e-02, ⟨Jf⟩=1.4e-03, ⟨B·n⟩=7.9e-03, Len=sum([5.9, 5.4, 5.6])=16.9, ϰ=[8.3, 8.0, 7.6], ∫ϰ²/L>=[10.9, 10.7, 10.4], C-C-Sep=0.20, ║∇J║=7.3e-02
-----On 1/20 Initial Guess Perturbations
Iteration 152/3500-----
J=1.5e-02, ⟨Jf⟩=1.4e-03, ⟨B·n⟩=7.9e-03, Len=sum([5.9, 5.4, 5.6])=16.9, ϰ=[8.3, 7.8, 7.4], ∫ϰ²/L>=[10.3, 11.0, 10.2], C-C-Sep=0.19, ║∇J║=1.0e-01
-----On 1/20 Initial Guess Perturbations
Iteration 153/3500-----
J=1.5e-02, ⟨Jf⟩=1.4e-03, ⟨B·n⟩=7.9e-03, Len=sum([5.9, 5.4, 5.6])=16.9, ϰ=[8.3, 8.0, 7.5], ∫ϰ²/L>=[10.7, 10.6, 10.3], C-C-Sep=0.20, ║∇J║=6.7e-02
-----On 1/20 Initial Guess Perturbations
Iteration 154/3500-----
J=1.5e-02, ⟨Jf⟩=1.4e-03, ⟨B·n⟩=7.9e-03, Len=sum([5.9, 5.4, 5.6])=16.9, ϰ=[8.1, 7.5, 7.6], ∫ϰ²/L>=[10.7, 10.4, 10.2], C-C-Sep=0.20, ║∇J║=5.9e-02
-----On 1/20 Initial Guess Perturbations
Iteration 155/3500-----
J=1.5e-02, ⟨Jf⟩=1.4e-03, ⟨B·n⟩=7.9e-03, Len=sum([5.9, 5.4, 5.6])=16.9, ϰ=[8.0, 7.5, 7.4], ∫ϰ²/L>=[10.5, 10.2, 9.9], C-C-Sep=0.20, ║∇J║=3.7e-02
-----On 1/20 Initial Guess Perturbations
Iteration 156/3500-----
J=1.5e-02, ⟨Jf⟩=1.4e-03, ⟨B·n⟩=7.9e-03, Len=sum([5.9, 5.3, 5.6])=16.9, ϰ=[8.0, 7.4, 7.4], ∫ϰ²/L>=[10.5, 10.2, 9.9], C-C-Sep=0.20, ║∇J║=3.5e-02
-----On 1/20 Initial Guess Perturbations
Iteration 157/3500-----
J=1.5e-02, ⟨Jf⟩=1.4e-03, ⟨B·n⟩=7.9e-03, Len=sum([5.9, 5.3, 5.6])=16.8, ϰ=[8.1, 7.5, 7.5], ∫ϰ²/L>=[10.5, 10.6, 9.8], C-C-Sep=0.20, ║∇J║=4.1e-02
-----On 1/20 Initial Guess Perturbations
Iteration 158/3500-----
J=1.5e-02, ⟨Jf⟩=1.4e-03, ⟨B·n⟩=7.8e-03, Len=sum([5.9, 5.3, 5.6])=16.8, ϰ=[8.3, 7.8, 7.1], ∫ϰ²/L>=[10.4, 11.4, 9.9], C-C-Sep=0.20, ║∇J║=8.3e-02
-----On 1/20 Initial Guess Perturbations
Iteration 159/3500-----
J=1.5e-02, ⟨Jf⟩=1.4e-03, ⟨B·n⟩=7.8e-03, Len=sum([5.9, 5.3, 5.6])=16.7, ϰ=[8.4, 7.9, 7.3], ∫ϰ²/L>=[10.3, 11.2, 9.9], C-C-Sep=0.20, ║∇J║=4.5e-02
-----On 1/20 Initial Guess Perturbations
Iteration 160/3500-----
J=1.5e-02, ⟨Jf⟩=1.4e-03, ⟨B·n⟩=7.8e-03, Len=sum([5.9, 5.3, 5.6])=16.7, ϰ=[8.5, 8.0, 7.1], ∫ϰ²/L>=[10.1, 10.8, 9.8], C-C-Sep=0.20, ║∇J║=3.9e-02
-----On 1/20 Initial Guess Perturbations
Iteration 161/3500-----
J=1.5e-02, ⟨Jf⟩=1.4e-03, ⟨B·n⟩=7.8e-03, Len=sum([5.8, 5.3, 5.6])=16.7, ϰ=[8.5, 8.0, 7.1], ∫ϰ²/L>=[10.0, 10.5, 9.9], C-C-Sep=0.20, ║∇J║=4.4e-02
-----On 1/20 Initial Guess Perturbations
Iteration 162/3500-----
J=1.5e-02, ⟨Jf⟩=1.4e-03, ⟨B·n⟩=7.8e-03, Len=sum([5.8, 5.2, 5.6])=16.6, ϰ=[8.5, 8.2, 7.0], ∫ϰ²/L>=[9.8, 10.3, 10.1], C-C-Sep=0.20, ║∇J║=7.4e-02
-----On 1/20 Initial Guess Perturbations
Iteration 163/3500-----
J=1.5e-02, ⟨Jf⟩=1.4e-03, ⟨B·n⟩=7.8e-03, Len=sum([5.8, 5.2, 5.6])=16.6, ϰ=[8.4, 8.2, 7.0], ∫ϰ²/L>=[9.7, 10.2, 9.9], C-C-Sep=0.20, ║∇J║=4.1e-02
-----On 1/20 Initial Guess Perturbations
Iteration 164/3500-----
J=1.5e-02, ⟨Jf⟩=1.4e-03, ⟨B·n⟩=7.8e-03, Len=sum([5.8, 5.2, 5.6])=16.6, ϰ=[8.4, 7.9, 7.0], ∫ϰ²/L>=[9.9, 10.4, 10.1], C-C-Sep=0.20, ║∇J║=5.2e-02
-----On 1/20 Initial Guess Perturbations
Iteration 165/3500-----
J=1.5e-02, ⟨Jf⟩=1.4e-03, ⟨B·n⟩=7.8e-03, Len=sum([5.8, 5.2, 5.6])=16.6, ϰ=[8.4, 7.8, 7.1], ∫ϰ²/L>=[9.7, 10.2, 9.9], C-C-Sep=0.20, ║∇J║=3.8e-02
-----On 1/20 Initial Guess Perturbations
Iteration 166/3500-----
J=1.5e-02, ⟨Jf⟩=1.4e-03, ⟨B·n⟩=7.8e-03, Len=sum([5.8, 5.2, 5.6])=16.6, ϰ=[8.3, 8.0, 7.1], ∫ϰ²/L>=[9.6, 10.5, 10.2], C-C-Sep=0.20, ║∇J║=5.1e-02
-----On 1/20 Initial Guess Perturbations
Iteration 167/3500-----
J=1.5e-02, ⟨Jf⟩=1.4e-03, ⟨B·n⟩=7.8e-03, Len=sum([5.8, 5.2, 5.6])=16.5, ϰ=[8.3, 7.7, 7.1], ∫ϰ²/L>=[9.4, 10.2, 10.0], C-C-Sep=0.20, ║∇J║=3.9e-02
-----On 1/20 Initial Guess Perturbations
Iteration 168/3500-----
J=1.5e-02, ⟨Jf⟩=1.4e-03, ⟨B·n⟩=7.8e-03, Len=sum([5.8, 5.2, 5.6])=16.5, ϰ=[8.2, 7.8, 7.0], ∫ϰ²/L>=[9.4, 10.3, 10.1], C-C-Sep=0.20, ║∇J║=4.1e-02
-----On 1/20 Initial Guess Perturbations
Iteration 169/3500-----
J=1.5e-02, ⟨Jf⟩=1.4e-03, ⟨B·n⟩=7.8e-03, Len=sum([5.8, 5.2, 5.5])=16.5, ϰ=[8.1, 8.0, 7.0], ∫ϰ²/L>=[9.4, 10.3, 10.1], C-C-Sep=0.20, ║∇J║=3.8e-02
-----On 1/20 Initial Guess Perturbations
Iteration 170/3500-----
J=1.5e-02, ⟨Jf⟩=1.4e-03, ⟨B·n⟩=7.8e-03, Len=sum([5.8, 5.1, 5.5])=16.4, ϰ=[8.2, 8.2, 7.1], ∫ϰ²/L>=[9.5, 10.4, 10.1], C-C-Sep=0.20, ║∇J║=4.3e-02
-----On 1/20 Initial Guess Perturbations
Iteration 171/3500-----
J=1.5e-02, ⟨Jf⟩=1.4e-03, ⟨B·n⟩=7.8e-03, Len=sum([5.7, 5.1, 5.5])=16.4, ϰ=[8.4, 8.3, 7.1], ∫ϰ²/L>=[9.9, 10.6, 10.2], C-C-Sep=0.20, ║∇J║=7.1e-02
-----On 1/20 Initial Guess Perturbations
Iteration 172/3500-----
J=1.5e-02, ⟨Jf⟩=1.3e-03, ⟨B·n⟩=7.7e-03, Len=sum([5.7, 5.1, 5.5])=16.4, ϰ=[8.4, 8.2, 6.9], ∫ϰ²/L>=[9.8, 10.4, 10.1], C-C-Sep=0.20, ║∇J║=6.1e-02
-----On 1/20 Initial Guess Perturbations
Iteration 173/3500-----
J=1.5e-02, ⟨Jf⟩=1.3e-03, ⟨B·n⟩=7.7e-03, Len=sum([5.7, 5.1, 5.5])=16.4, ϰ=[8.3, 8.0, 6.9], ∫ϰ²/L>=[9.7, 10.0, 10.2], C-C-Sep=0.20, ║∇J║=7.1e-02
-----On 1/20 Initial Guess Perturbations
Iteration 174/3500-----
J=1.4e-02, ⟨Jf⟩=1.4e-03, ⟨B·n⟩=7.7e-03, Len=sum([5.7, 5.1, 5.5])=16.3, ϰ=[8.4, 8.0, 7.0], ∫ϰ²/L>=[9.8, 10.1, 10.2], C-C-Sep=0.20, ║∇J║=3.2e-02
-----On 1/20 Initial Guess Perturbations
Iteration 175/3500-----
J=1.4e-02, ⟨Jf⟩=1.3e-03, ⟨B·n⟩=7.7e-03, Len=sum([5.7, 5.1, 5.5])=16.3, ϰ=[8.4, 8.0, 6.9], ∫ϰ²/L>=[10.0, 10.3, 10.2], C-C-Sep=0.20, ║∇J║=3.1e-02
-----On 1/20 Initial Guess Perturbations
Iteration 176/3500-----
J=1.4e-02, ⟨Jf⟩=1.4e-03, ⟨B·n⟩=7.8e-03, Len=sum([5.7, 5.1, 5.5])=16.3, ϰ=[8.3, 7.9, 7.0], ∫ϰ²/L>=[10.2, 10.5, 10.2], C-C-Sep=0.20, ║∇J║=4.0e-02
-----On 1/20 Initial Guess Perturbations
Iteration 177/3500-----
J=1.4e-02, ⟨Jf⟩=1.4e-03, ⟨B·n⟩=7.8e-03, Len=sum([5.7, 5.1, 5.5])=16.2, ϰ=[8.2, 7.7, 7.0], ∫ϰ²/L>=[10.3, 10.7, 10.2], C-C-Sep=0.20, ║∇J║=4.8e-02
-----On 1/20 Initial Guess Perturbations
Iteration 178/3500-----
J=1.4e-02, ⟨Jf⟩=1.3e-03, ⟨B·n⟩=7.7e-03, Len=sum([5.7, 5.1, 5.5])=16.2, ϰ=[8.3, 7.6, 7.1], ∫ϰ²/L>=[10.4, 10.7, 10.0], C-C-Sep=0.20, ║∇J║=4.3e-02
-----On 1/20 Initial Guess Perturbations
Iteration 179/3500-----
J=1.4e-02, ⟨Jf⟩=1.4e-03, ⟨B·n⟩=7.7e-03, Len=sum([5.7, 5.1, 5.4])=16.2, ϰ=[8.4, 7.7, 7.3], ∫ϰ²/L>=[10.4, 10.7, 10.0], C-C-Sep=0.20, ║∇J║=3.7e-02
-----On 1/20 Initial Guess Perturbations
Iteration 180/3500-----
J=1.4e-02, ⟨Jf⟩=1.3e-03, ⟨B·n⟩=7.7e-03, Len=sum([5.7, 5.0, 5.4])=16.2, ϰ=[8.3, 7.9, 7.3], ∫ϰ²/L>=[10.3, 10.4, 9.9], C-C-Sep=0.20, ║∇J║=3.9e-02
-----On 1/20 Initial Guess Perturbations
Iteration 181/3500-----
J=1.4e-02, ⟨Jf⟩=1.3e-03, ⟨B·n⟩=7.7e-03, Len=sum([5.7, 5.0, 5.4])=16.1, ϰ=[8.3, 8.1, 7.4], ∫ϰ²/L>=[10.4, 10.4, 9.9], C-C-Sep=0.20, ║∇J║=3.8e-02
-----On 1/20 Initial Guess Perturbations
Iteration 182/3500-----
J=1.4e-02, ⟨Jf⟩=1.3e-03, ⟨B·n⟩=7.7e-03, Len=sum([5.7, 5.0, 5.4])=16.1, ϰ=[8.2, 8.2, 7.6], ∫ϰ²/L>=[10.5, 10.4, 10.1], C-C-Sep=0.20, ║∇J║=3.9e-02
-----On 1/20 Initial Guess Perturbations
Iteration 183/3500-----
J=1.4e-02, ⟨Jf⟩=1.4e-03, ⟨B·n⟩=7.7e-03, Len=sum([5.6, 5.0, 5.4])=16.0, ϰ=[8.5, 8.2, 7.4], ∫ϰ²/L>=[10.7, 10.6, 10.3], C-C-Sep=0.20, ║∇J║=5.0e-02
-----On 1/20 Initial Guess Perturbations
Iteration 184/3500-----
J=1.4e-02, ⟨Jf⟩=1.3e-03, ⟨B·n⟩=7.7e-03, Len=sum([5.6, 5.0, 5.4])=16.0, ϰ=[8.5, 8.0, 7.5], ∫ϰ²/L>=[10.6, 10.6, 10.3], C-C-Sep=0.20, ║∇J║=4.7e-02
-----On 1/20 Initial Guess Perturbations
Iteration 185/3500-----
J=1.4e-02, ⟨Jf⟩=1.4e-03, ⟨B·n⟩=7.7e-03, Len=sum([5.6, 5.0, 5.4])=16.0, ϰ=[8.3, 7.8, 7.6], ∫ϰ²/L>=[10.6, 10.7, 10.4], C-C-Sep=0.20, ║∇J║=4.1e-02
-----On 1/20 Initial Guess Perturbations
Iteration 186/3500-----
J=1.4e-02, ⟨Jf⟩=1.4e-03, ⟨B·n⟩=7.8e-03, Len=sum([5.6, 5.0, 5.4])=15.9, ϰ=[8.4, 7.7, 7.7], ∫ϰ²/L>=[10.8, 10.8, 10.7], C-C-Sep=0.20, ║∇J║=3.8e-02
-----On 1/20 Initial Guess Perturbations
Iteration 187/3500-----
J=1.4e-02, ⟨Jf⟩=1.4e-03, ⟨B·n⟩=7.8e-03, Len=sum([5.6, 5.0, 5.4])=15.9, ϰ=[8.5, 7.7, 7.7], ∫ϰ²/L>=[10.6, 10.6, 10.5], C-C-Sep=0.20, ║∇J║=4.8e-02
-----On 1/20 Initial Guess Perturbations
Iteration 188/3500-----
J=1.4e-02, ⟨Jf⟩=1.4e-03, ⟨B·n⟩=7.8e-03, Len=sum([5.6, 5.0, 5.4])=15.9, ϰ=[8.4, 7.9, 7.9], ∫ϰ²/L>=[10.7, 10.6, 10.4], C-C-Sep=0.20, ║∇J║=3.8e-02
-----On 1/20 Initial Guess Perturbations
Iteration 189/3500-----
J=1.4e-02, ⟨Jf⟩=1.4e-03, ⟨B·n⟩=7.9e-03, Len=sum([5.6, 4.9, 5.3])=15.9, ϰ=[8.4, 8.1, 7.9], ∫ϰ²/L>=[10.7, 10.7, 10.4], C-C-Sep=0.20, ║∇J║=3.5e-02
-----On 1/20 Initial Guess Perturbations
Iteration 190/3500-----
J=1.4e-02, ⟨Jf⟩=1.4e-03, ⟨B·n⟩=7.9e-03, Len=sum([5.6, 4.9, 5.3])=15.8, ϰ=[8.5, 8.1, 7.8], ∫ϰ²/L>=[10.6, 10.6, 10.2], C-C-Sep=0.20, ║∇J║=4.0e-02
-----On 1/20 Initial Guess Perturbations
Iteration 191/3500-----
J=1.4e-02, ⟨Jf⟩=1.4e-03, ⟨B·n⟩=7.9e-03, Len=sum([5.5, 4.9, 5.3])=15.8, ϰ=[8.6, 7.8, 7.8], ∫ϰ²/L>=[10.7, 10.9, 10.2], C-C-Sep=0.20, ║∇J║=4.2e-02
-----On 1/20 Initial Guess Perturbations
Iteration 192/3500-----
J=1.4e-02, ⟨Jf⟩=1.4e-03, ⟨B·n⟩=7.9e-03, Len=sum([5.5, 4.9, 5.3])=15.7, ϰ=[8.8, 7.5, 7.8], ∫ϰ²/L>=[10.6, 10.8, 10.1], C-C-Sep=0.20, ║∇J║=3.5e-02
-----On 1/20 Initial Guess Perturbations
Iteration 193/3500-----
J=1.4e-02, ⟨Jf⟩=1.4e-03, ⟨B·n⟩=8.0e-03, Len=sum([5.5, 4.9, 5.3])=15.7, ϰ=[9.0, 7.3, 7.9], ∫ϰ²/L>=[10.5, 10.8, 10.0], C-C-Sep=0.20, ║∇J║=3.4e-02
-----On 1/20 Initial Guess Perturbations
Iteration 194/3500-----
J=1.4e-02, ⟨Jf⟩=1.4e-03, ⟨B·n⟩=8.0e-03, Len=sum([5.5, 4.9, 5.3])=15.7, ϰ=[9.0, 7.2, 7.9], ∫ϰ²/L>=[10.3, 10.3, 9.9], C-C-Sep=0.20, ║∇J║=3.2e-02
-----On 1/20 Initial Guess Perturbations
Iteration 195/3500-----
J=1.4e-02, ⟨Jf⟩=1.4e-03, ⟨B·n⟩=8.1e-03, Len=sum([5.5, 4.9, 5.3])=15.6, ϰ=[9.2, 7.2, 7.9], ∫ϰ²/L>=[10.4, 10.4, 10.1], C-C-Sep=0.19, ║∇J║=8.8e-02
-----On 1/20 Initial Guess Perturbations
Iteration 196/3500-----
J=1.4e-02, ⟨Jf⟩=1.4e-03, ⟨B·n⟩=8.0e-03, Len=sum([5.5, 4.9, 5.3])=15.7, ϰ=[9.1, 7.2, 7.9], ∫ϰ²/L>=[10.3, 10.3, 10.0], C-C-Sep=0.20, ║∇J║=3.3e-02
-----On 1/20 Initial Guess Perturbations
Iteration 197/3500-----
J=1.4e-02, ⟨Jf⟩=1.4e-03, ⟨B·n⟩=8.0e-03, Len=sum([5.5, 4.9, 5.3])=15.7, ϰ=[9.4, 7.2, 7.7], ∫ϰ²/L>=[10.0, 9.9, 9.5], C-C-Sep=0.20, ║∇J║=5.1e-02
-----On 1/20 Initial Guess Perturbations
Iteration 198/3500-----
J=1.4e-02, ⟨Jf⟩=1.4e-03, ⟨B·n⟩=8.0e-03, Len=sum([5.5, 4.9, 5.3])=15.6, ϰ=[9.3, 7.1, 7.7], ∫ϰ²/L>=[10.1, 9.9, 9.5], C-C-Sep=0.20, ║∇J║=3.0e-02
-----On 1/20 Initial Guess Perturbations
Iteration 199/3500-----
J=1.4e-02, ⟨Jf⟩=1.4e-03, ⟨B·n⟩=8.0e-03, Len=sum([5.5, 4.9, 5.3])=15.6, ϰ=[9.2, 7.1, 7.6], ∫ϰ²/L>=[10.0, 9.7, 9.4], C-C-Sep=0.20, ║∇J║=2.6e-02
-----On 1/20 Initial Guess Perturbations
Iteration 200/3500-----
J=1.4e-02, ⟨Jf⟩=1.4e-03, ⟨B·n⟩=8.0e-03, Len=sum([5.5, 4.9, 5.2])=15.6, ϰ=[9.2, 7.1, 7.5], ∫ϰ²/L>=[10.1, 9.6, 9.4], C-C-Sep=0.20, ║∇J║=3.0e-02
-----On 1/20 Initial Guess Perturbations
Iteration 201/3500-----
J=1.4e-02, ⟨Jf⟩=1.4e-03, ⟨B·n⟩=8.0e-03, Len=sum([5.5, 4.9, 5.2])=15.6, ϰ=[9.3, 7.2, 7.3], ∫ϰ²/L>=[10.2, 9.6, 9.3], C-C-Sep=0.20, ║∇J║=3.3e-02
-----On 1/20 Initial Guess Perturbations
Iteration 202/3500-----
J=1.4e-02, ⟨Jf⟩=1.4e-03, ⟨B·n⟩=8.1e-03, Len=sum([5.5, 4.9, 5.2])=15.6, ϰ=[9.2, 7.2, 7.3], ∫ϰ²/L>=[10.3, 9.6, 9.3], C-C-Sep=0.20, ║∇J║=3.1e-02
-----On 1/20 Initial Guess Perturbations
Iteration 203/3500-----
J=1.4e-02, ⟨Jf⟩=1.4e-03, ⟨B·n⟩=8.1e-03, Len=sum([5.5, 4.8, 5.2])=15.5, ϰ=[9.2, 7.2, 7.3], ∫ϰ²/L>=[10.2, 9.5, 9.3], C-C-Sep=0.20, ║∇J║=2.3e-02
-----On 1/20 Initial Guess Perturbations
Iteration 204/3500-----
J=1.4e-02, ⟨Jf⟩=1.4e-03, ⟨B·n⟩=8.1e-03, Len=sum([5.5, 4.8, 5.2])=15.5, ϰ=[9.3, 7.2, 7.6], ∫ϰ²/L>=[10.3, 9.5, 9.3], C-C-Sep=0.20, ║∇J║=2.6e-02
-----On 1/20 Initial Guess Perturbations
Iteration 205/3500-----
J=1.4e-02, ⟨Jf⟩=1.4e-03, ⟨B·n⟩=8.1e-03, Len=sum([5.4, 4.8, 5.2])=15.5, ϰ=[9.2, 7.3, 7.6], ∫ϰ²/L>=[10.3, 9.4, 9.3], C-C-Sep=0.20, ║∇J║=3.3e-02
-----On 1/20 Initial Guess Perturbations
Iteration 206/3500-----
J=1.4e-02, ⟨Jf⟩=1.4e-03, ⟨B·n⟩=8.1e-03, Len=sum([5.4, 4.8, 5.2])=15.5, ϰ=[9.2, 7.3, 7.6], ∫ϰ²/L>=[10.3, 9.3, 9.3], C-C-Sep=0.20, ║∇J║=2.6e-02
-----On 1/20 Initial Guess Perturbations
Iteration 207/3500-----
J=1.4e-02, ⟨Jf⟩=1.4e-03, ⟨B·n⟩=8.1e-03, Len=sum([5.4, 4.8, 5.2])=15.5, ϰ=[9.1, 7.3, 7.7], ∫ϰ²/L>=[10.3, 9.2, 9.3], C-C-Sep=0.20, ║∇J║=2.6e-02
-----On 1/20 Initial Guess Perturbations
Iteration 208/3500-----
J=1.4e-02, ⟨Jf⟩=1.5e-03, ⟨B·n⟩=8.2e-03, Len=sum([5.4, 4.8, 5.2])=15.4, ϰ=[8.9, 7.2, 7.7], ∫ϰ²/L>=[10.3, 9.2, 9.4], C-C-Sep=0.20, ║∇J║=2.8e-02
-----On 1/20 Initial Guess Perturbations
Iteration 209/3500-----
J=1.4e-02, ⟨Jf⟩=1.5e-03, ⟨B·n⟩=8.2e-03, Len=sum([5.4, 4.8, 5.2])=15.4, ϰ=[8.8, 7.1, 7.7], ∫ϰ²/L>=[10.2, 9.3, 9.5], C-C-Sep=0.20, ║∇J║=2.7e-02
-----On 1/20 Initial Guess Perturbations
Iteration 210/3500-----
J=1.4e-02, ⟨Jf⟩=1.5e-03, ⟨B·n⟩=8.2e-03, Len=sum([5.4, 4.8, 5.2])=15.4, ϰ=[8.8, 7.3, 8.0], ∫ϰ²/L>=[10.2, 9.3, 9.6], C-C-Sep=0.20, ║∇J║=2.7e-02
-----On 1/20 Initial Guess Perturbations
Iteration 211/3500-----
J=1.4e-02, ⟨Jf⟩=1.5e-03, ⟨B·n⟩=8.2e-03, Len=sum([5.4, 4.8, 5.2])=15.4, ϰ=[9.0, 7.5, 8.1], ∫ϰ²/L>=[10.2, 9.4, 9.7], C-C-Sep=0.20, ║∇J║=2.7e-02
-----On 1/20 Initial Guess Perturbations
Iteration 212/3500-----
J=1.4e-02, ⟨Jf⟩=1.5e-03, ⟨B·n⟩=8.3e-03, Len=sum([5.4, 4.8, 5.2])=15.3, ϰ=[9.0, 7.7, 8.2], ∫ϰ²/L>=[10.4, 9.5, 9.7], C-C-Sep=0.20, ║∇J║=3.2e-02
-----On 1/20 Initial Guess Perturbations
Iteration 213/3500-----
J=1.4e-02, ⟨Jf⟩=1.5e-03, ⟨B·n⟩=8.3e-03, Len=sum([5.4, 4.8, 5.2])=15.3, ϰ=[9.1, 7.8, 7.9], ∫ϰ²/L>=[10.4, 9.7, 9.6], C-C-Sep=0.20, ║∇J║=3.4e-02
-----On 1/20 Initial Guess Perturbations
Iteration 214/3500-----
J=1.4e-02, ⟨Jf⟩=1.5e-03, ⟨B·n⟩=8.3e-03, Len=sum([5.4, 4.8, 5.1])=15.3, ϰ=[9.0, 7.7, 7.9], ∫ϰ²/L>=[10.3, 9.6, 9.5], C-C-Sep=0.20, ║∇J║=2.6e-02
-----On 1/20 Initial Guess Perturbations
Iteration 215/3500-----
J=1.4e-02, ⟨Jf⟩=1.5e-03, ⟨B·n⟩=8.3e-03, Len=sum([5.4, 4.8, 5.1])=15.3, ϰ=[8.8, 7.7, 7.6], ∫ϰ²/L>=[10.2, 9.6, 9.5], C-C-Sep=0.20, ║∇J║=2.1e-02
-----On 1/20 Initial Guess Perturbations
Iteration 216/3500-----
J=1.4e-02, ⟨Jf⟩=1.5e-03, ⟨B·n⟩=8.4e-03, Len=sum([5.4, 4.8, 5.1])=15.3, ϰ=[8.7, 7.7, 7.4], ∫ϰ²/L>=[10.2, 9.7, 9.6], C-C-Sep=0.20, ║∇J║=2.2e-02
-----On 1/20 Initial Guess Perturbations
Iteration 217/3500-----
J=1.4e-02, ⟨Jf⟩=1.5e-03, ⟨B·n⟩=8.4e-03, Len=sum([5.4, 4.8, 5.1])=15.3, ϰ=[8.6, 7.9, 7.2], ∫ϰ²/L>=[10.1, 9.8, 9.6], C-C-Sep=0.20, ║∇J║=2.9e-02
-----On 1/20 Initial Guess Perturbations
Iteration 218/3500-----
J=1.4e-02, ⟨Jf⟩=1.5e-03, ⟨B·n⟩=8.4e-03, Len=sum([5.3, 4.8, 5.1])=15.2, ϰ=[8.5, 8.0, 7.1], ∫ϰ²/L>=[10.1, 9.8, 9.7], C-C-Sep=0.20, ║∇J║=2.4e-02
-----On 1/20 Initial Guess Perturbations
Iteration 219/3500-----
J=1.4e-02, ⟨Jf⟩=1.5e-03, ⟨B·n⟩=8.4e-03, Len=sum([5.3, 4.8, 5.1])=15.2, ϰ=[8.5, 8.0, 7.0], ∫ϰ²/L>=[10.0, 9.8, 9.7], C-C-Sep=0.20, ║∇J║=2.0e-02
-----On 1/20 Initial Guess Perturbations
Iteration 220/3500-----
J=1.4e-02, ⟨Jf⟩=1.5e-03, ⟨B·n⟩=8.4e-03, Len=sum([5.3, 4.8, 5.1])=15.2, ϰ=[8.4, 8.0, 7.1], ∫ϰ²/L>=[9.9, 9.7, 9.6], C-C-Sep=0.20, ║∇J║=2.3e-02
-----On 1/20 Initial Guess Perturbations
Iteration 221/3500-----
J=1.4e-02, ⟨Jf⟩=1.5e-03, ⟨B·n⟩=8.5e-03, Len=sum([5.3, 4.8, 5.1])=15.2, ϰ=[8.4, 7.9, 7.3], ∫ϰ²/L>=[9.9, 9.6, 9.6], C-C-Sep=0.20, ║∇J║=2.6e-02
-----On 1/20 Initial Guess Perturbations
Iteration 222/3500-----
J=1.4e-02, ⟨Jf⟩=1.5e-03, ⟨B·n⟩=8.5e-03, Len=sum([5.3, 4.8, 5.1])=15.2, ϰ=[8.4, 7.8, 7.3], ∫ϰ²/L>=[9.9, 9.6, 9.6], C-C-Sep=0.20, ║∇J║=2.1e-02
-----On 1/20 Initial Guess Perturbations
Iteration 223/3500-----
J=1.4e-02, ⟨Jf⟩=1.5e-03, ⟨B·n⟩=8.5e-03, Len=sum([5.3, 4.8, 5.1])=15.2, ϰ=[8.3, 7.7, 7.3], ∫ϰ²/L>=[10.0, 9.5, 9.6], C-C-Sep=0.20, ║∇J║=1.9e-02
-----On 1/20 Initial Guess Perturbations
Iteration 224/3500-----
J=1.4e-02, ⟨Jf⟩=1.5e-03, ⟨B·n⟩=8.5e-03, Len=sum([5.3, 4.8, 5.1])=15.2, ϰ=[8.2, 7.7, 7.5], ∫ϰ²/L>=[10.0, 9.5, 9.7], C-C-Sep=0.20, ║∇J║=2.4e-02
-----On 1/20 Initial Guess Perturbations
Iteration 225/3500-----
J=1.4e-02, ⟨Jf⟩=1.5e-03, ⟨B·n⟩=8.5e-03, Len=sum([5.3, 4.7, 5.1])=15.1, ϰ=[8.1, 7.7, 7.6], ∫ϰ²/L>=[10.0, 9.5, 9.8], C-C-Sep=0.20, ║∇J║=2.3e-02
-----On 1/20 Initial Guess Perturbations
Iteration 226/3500-----
J=1.4e-02, ⟨Jf⟩=1.5e-03, ⟨B·n⟩=8.5e-03, Len=sum([5.3, 4.7, 5.1])=15.1, ϰ=[8.0, 7.7, 7.6], ∫ϰ²/L>=[10.0, 9.4, 9.8], C-C-Sep=0.20, ║∇J║=2.2e-02
-----On 1/20 Initial Guess Perturbations
Iteration 227/3500-----
J=1.4e-02, ⟨Jf⟩=1.5e-03, ⟨B·n⟩=8.5e-03, Len=sum([5.3, 4.7, 5.1])=15.1, ϰ=[8.0, 7.8, 7.8], ∫ϰ²/L>=[10.0, 9.3, 9.8], C-C-Sep=0.20, ║∇J║=2.3e-02
-----On 1/20 Initial Guess Perturbations
Iteration 228/3500-----
J=1.4e-02, ⟨Jf⟩=1.5e-03, ⟨B·n⟩=8.5e-03, Len=sum([5.3, 4.7, 5.1])=15.1, ϰ=[8.0, 7.6, 7.9], ∫ϰ²/L>=[9.9, 9.4, 9.8], C-C-Sep=0.20, ║∇J║=2.0e-02
-----On 1/20 Initial Guess Perturbations
Iteration 229/3500-----
J=1.4e-02, ⟨Jf⟩=1.5e-03, ⟨B·n⟩=8.5e-03, Len=sum([5.3, 4.7, 5.1])=15.1, ϰ=[8.0, 7.4, 8.0], ∫ϰ²/L>=[9.9, 9.5, 9.8], C-C-Sep=0.20, ║∇J║=2.1e-02
-----On 1/20 Initial Guess Perturbations
Iteration 230/3500-----
J=1.4e-02, ⟨Jf⟩=1.5e-03, ⟨B·n⟩=8.5e-03, Len=sum([5.3, 4.7, 5.1])=15.1, ϰ=[8.1, 7.1, 8.0], ∫ϰ²/L>=[9.9, 9.6, 9.7], C-C-Sep=0.20, ║∇J║=2.4e-02
-----On 1/20 Initial Guess Perturbations
Iteration 231/3500-----
J=1.4e-02, ⟨Jf⟩=1.5e-03, ⟨B·n⟩=8.5e-03, Len=sum([5.3, 4.7, 5.1])=15.1, ϰ=[8.1, 7.1, 8.1], ∫ϰ²/L>=[9.9, 9.8, 9.8], C-C-Sep=0.20, ║∇J║=2.5e-02
-----On 1/20 Initial Guess Perturbations
Iteration 232/3500-----
J=1.4e-02, ⟨Jf⟩=1.5e-03, ⟨B·n⟩=8.6e-03, Len=sum([5.2, 4.7, 5.1])=15.0, ϰ=[8.1, 7.3, 8.0], ∫ϰ²/L>=[9.9, 9.8, 9.7], C-C-Sep=0.20, ║∇J║=2.2e-02
-----On 1/20 Initial Guess Perturbations
Iteration 233/3500-----
J=1.4e-02, ⟨Jf⟩=1.5e-03, ⟨B·n⟩=8.6e-03, Len=sum([5.2, 4.7, 5.1])=15.0, ϰ=[8.1, 7.5, 8.0], ∫ϰ²/L>=[9.8, 9.7, 9.7], C-C-Sep=0.20, ║∇J║=2.0e-02
-----On 1/20 Initial Guess Perturbations
Iteration 234/3500-----
J=1.4e-02, ⟨Jf⟩=1.5e-03, ⟨B·n⟩=8.6e-03, Len=sum([5.2, 4.7, 5.1])=15.0, ϰ=[8.1, 7.7, 8.1], ∫ϰ²/L>=[9.9, 9.7, 9.8], C-C-Sep=0.20, ║∇J║=2.2e-02
-----On 1/20 Initial Guess Perturbations
Iteration 235/3500-----
J=1.4e-02, ⟨Jf⟩=1.5e-03, ⟨B·n⟩=8.6e-03, Len=sum([5.2, 4.7, 5.1])=15.0, ϰ=[8.1, 7.8, 8.1], ∫ϰ²/L>=[9.9, 9.6, 9.8], C-C-Sep=0.20, ║∇J║=2.4e-02
-----On 1/20 Initial Guess Perturbations
Iteration 236/3500-----
J=1.4e-02, ⟨Jf⟩=1.5e-03, ⟨B·n⟩=8.6e-03, Len=sum([5.2, 4.7, 5.1])=15.0, ϰ=[8.2, 7.7, 8.1], ∫ϰ²/L>=[9.9, 9.6, 9.9], C-C-Sep=0.20, ║∇J║=2.0e-02
-----On 1/20 Initial Guess Perturbations
Iteration 237/3500-----
J=1.4e-02, ⟨Jf⟩=1.5e-03, ⟨B·n⟩=8.5e-03, Len=sum([5.2, 4.7, 5.1])=15.0, ϰ=[8.3, 7.7, 8.2], ∫ϰ²/L>=[9.9, 9.5, 10.0], C-C-Sep=0.20, ║∇J║=2.2e-02
-----On 1/20 Initial Guess Perturbations
Iteration 238/3500-----
J=1.4e-02, ⟨Jf⟩=1.5e-03, ⟨B·n⟩=8.5e-03, Len=sum([5.2, 4.7, 5.0])=15.0, ϰ=[8.2, 7.7, 8.2], ∫ϰ²/L>=[9.8, 9.5, 10.0], C-C-Sep=0.20, ║∇J║=2.1e-02
-----On 1/20 Initial Guess Perturbations
Iteration 239/3500-----
J=1.4e-02, ⟨Jf⟩=1.5e-03, ⟨B·n⟩=8.5e-03, Len=sum([5.2, 4.7, 5.0])=15.0, ϰ=[8.3, 7.8, 8.2], ∫ϰ²/L>=[9.8, 9.5, 10.0], C-C-Sep=0.20, ║∇J║=1.7e-02
-----On 1/20 Initial Guess Perturbations
Iteration 240/3500-----
J=1.4e-02, ⟨Jf⟩=1.5e-03, ⟨B·n⟩=8.5e-03, Len=sum([5.2, 4.7, 5.0])=15.0, ϰ=[8.4, 7.9, 8.2], ∫ϰ²/L>=[9.8, 9.4, 10.0], C-C-Sep=0.20, ║∇J║=1.9e-02
-----On 1/20 Initial Guess Perturbations
Iteration 241/3500-----
J=1.4e-02, ⟨Jf⟩=1.5e-03, ⟨B·n⟩=8.5e-03, Len=sum([5.2, 4.7, 5.0])=15.0, ϰ=[8.3, 8.1, 8.2], ∫ϰ²/L>=[9.8, 9.5, 10.1], C-C-Sep=0.20, ║∇J║=2.4e-02
-----On 1/20 Initial Guess Perturbations
Iteration 242/3500-----
J=1.4e-02, ⟨Jf⟩=1.5e-03, ⟨B·n⟩=8.4e-03, Len=sum([5.2, 4.7, 5.0])=15.0, ϰ=[8.2, 8.1, 8.2], ∫ϰ²/L>=[9.9, 9.5, 10.2], C-C-Sep=0.20, ║∇J║=2.1e-02
-----On 1/20 Initial Guess Perturbations
Iteration 243/3500-----
J=1.4e-02, ⟨Jf⟩=1.5e-03, ⟨B·n⟩=8.5e-03, Len=sum([5.2, 4.7, 5.0])=15.0, ϰ=[8.2, 7.9, 8.1], ∫ϰ²/L>=[9.9, 9.4, 10.3], C-C-Sep=0.20, ║∇J║=1.8e-02
-----On 1/20 Initial Guess Perturbations
Iteration 244/3500-----
J=1.4e-02, ⟨Jf⟩=1.5e-03, ⟨B·n⟩=8.4e-03, Len=sum([5.2, 4.7, 5.0])=15.0, ϰ=[8.1, 7.9, 8.0], ∫ϰ²/L>=[9.9, 9.3, 10.3], C-C-Sep=0.20, ║∇J║=2.1e-02
-----On 1/20 Initial Guess Perturbations
Iteration 245/3500-----
J=1.4e-02, ⟨Jf⟩=1.5e-03, ⟨B·n⟩=8.4e-03, Len=sum([5.2, 4.7, 5.0])=15.0, ϰ=[8.0, 8.0, 8.1], ∫ϰ²/L>=[9.9, 9.3, 10.4], C-C-Sep=0.20, ║∇J║=2.1e-02
-----On 1/20 Initial Guess Perturbations
Iteration 246/3500-----
J=1.4e-02, ⟨Jf⟩=1.5e-03, ⟨B·n⟩=8.5e-03, Len=sum([5.2, 4.7, 5.0])=14.9, ϰ=[8.0, 8.2, 8.2], ∫ϰ²/L>=[9.9, 9.3, 10.5], C-C-Sep=0.20, ║∇J║=1.8e-02
-----On 1/20 Initial Guess Perturbations
Iteration 247/3500-----
J=1.4e-02, ⟨Jf⟩=1.5e-03, ⟨B·n⟩=8.4e-03, Len=sum([5.2, 4.7, 5.0])=14.9, ϰ=[8.1, 8.5, 8.0], ∫ϰ²/L>=[9.9, 9.4, 10.4], C-C-Sep=0.20, ║∇J║=2.3e-02
-----On 1/20 Initial Guess Perturbations
Iteration 248/3500-----
J=1.3e-02, ⟨Jf⟩=1.5e-03, ⟨B·n⟩=8.4e-03, Len=sum([5.2, 4.7, 5.0])=14.9, ϰ=[8.1, 8.7, 8.0], ∫ϰ²/L>=[9.9, 9.6, 10.5], C-C-Sep=0.20, ║∇J║=2.3e-02
-----On 1/20 Initial Guess Perturbations
Iteration 249/3500-----
J=1.3e-02, ⟨Jf⟩=1.5e-03, ⟨B·n⟩=8.4e-03, Len=sum([5.2, 4.7, 5.0])=14.9, ϰ=[8.0, 8.6, 7.9], ∫ϰ²/L>=[9.8, 9.5, 10.4], C-C-Sep=0.20, ║∇J║=1.8e-02
-----On 1/20 Initial Guess Perturbations
Iteration 250/3500-----
J=1.3e-02, ⟨Jf⟩=1.5e-03, ⟨B·n⟩=8.4e-03, Len=sum([5.2, 4.7, 5.0])=14.9, ϰ=[8.0, 8.5, 7.8], ∫ϰ²/L>=[9.8, 9.5, 10.5], C-C-Sep=0.20, ║∇J║=1.7e-02
-----On 1/20 Initial Guess Perturbations
Iteration 251/3500-----
J=1.3e-02, ⟨Jf⟩=1.5e-03, ⟨B·n⟩=8.4e-03, Len=sum([5.2, 4.7, 5.0])=14.9, ϰ=[8.0, 8.4, 7.7], ∫ϰ²/L>=[9.9, 9.5, 10.4], C-C-Sep=0.20, ║∇J║=2.0e-02
-----On 1/20 Initial Guess Perturbations
Iteration 252/3500-----
J=1.3e-02, ⟨Jf⟩=1.5e-03, ⟨B·n⟩=8.4e-03, Len=sum([5.2, 4.7, 5.0])=14.9, ϰ=[8.0, 8.2, 7.7], ∫ϰ²/L>=[10.0, 9.6, 10.6], C-C-Sep=0.20, ║∇J║=2.0e-02
-----On 1/20 Initial Guess Perturbations
Iteration 253/3500-----
J=1.3e-02, ⟨Jf⟩=1.5e-03, ⟨B·n⟩=8.4e-03, Len=sum([5.2, 4.7, 5.0])=14.9, ϰ=[8.1, 8.1, 7.7], ∫ϰ²/L>=[10.0, 9.5, 10.6], C-C-Sep=0.20, ║∇J║=1.8e-02
-----On 1/20 Initial Guess Perturbations
Iteration 254/3500-----
J=1.3e-02, ⟨Jf⟩=1.5e-03, ⟨B·n⟩=8.4e-03, Len=sum([5.2, 4.7, 5.0])=14.9, ϰ=[8.1, 8.0, 7.7], ∫ϰ²/L>=[9.9, 9.3, 10.4], C-C-Sep=0.20, ║∇J║=1.7e-02
-----On 1/20 Initial Guess Perturbations
Iteration 255/3500-----
J=1.3e-02, ⟨Jf⟩=1.5e-03, ⟨B·n⟩=8.4e-03, Len=sum([5.2, 4.7, 5.0])=14.9, ϰ=[8.0, 8.0, 7.6], ∫ϰ²/L>=[10.0, 9.2, 10.4], C-C-Sep=0.20, ║∇J║=1.8e-02
-----On 1/20 Initial Guess Perturbations
Iteration 256/3500-----
J=1.3e-02, ⟨Jf⟩=1.5e-03, ⟨B·n⟩=8.4e-03, Len=sum([5.2, 4.7, 5.0])=14.9, ϰ=[7.9, 8.0, 7.6], ∫ϰ²/L>=[10.0, 9.2, 10.3], C-C-Sep=0.20, ║∇J║=1.6e-02
-----On 1/20 Initial Guess Perturbations
Iteration 257/3500-----
J=1.3e-02, ⟨Jf⟩=1.5e-03, ⟨B·n⟩=8.4e-03, Len=sum([5.2, 4.7, 5.0])=14.9, ϰ=[7.7, 7.9, 7.7], ∫ϰ²/L>=[10.1, 9.3, 10.3], C-C-Sep=0.20, ║∇J║=1.9e-02
-----On 1/20 Initial Guess Perturbations
Iteration 258/3500-----
J=1.3e-02, ⟨Jf⟩=1.5e-03, ⟨B·n⟩=8.4e-03, Len=sum([5.2, 4.7, 5.0])=14.9, ϰ=[7.7, 7.9, 7.8], ∫ϰ²/L>=[10.1, 9.3, 10.3], C-C-Sep=0.20, ║∇J║=1.6e-02
-----On 1/20 Initial Guess Perturbations
Iteration 259/3500-----
J=1.3e-02, ⟨Jf⟩=1.5e-03, ⟨B·n⟩=8.4e-03, Len=sum([5.2, 4.7, 5.0])=14.9, ϰ=[7.7, 8.0, 7.9], ∫ϰ²/L>=[10.0, 9.3, 10.3], C-C-Sep=0.20, ║∇J║=1.4e-02
-----On 1/20 Initial Guess Perturbations
Iteration 260/3500-----
J=1.3e-02, ⟨Jf⟩=1.5e-03, ⟨B·n⟩=8.4e-03, Len=sum([5.2, 4.7, 5.0])=14.9, ϰ=[7.8, 8.0, 7.8], ∫ϰ²/L>=[10.0, 9.3, 10.3], C-C-Sep=0.20, ║∇J║=1.6e-02
-----On 1/20 Initial Guess Perturbations
Iteration 261/3500-----
J=1.3e-02, ⟨Jf⟩=1.5e-03, ⟨B·n⟩=8.4e-03, Len=sum([5.2, 4.7, 5.0])=14.8, ϰ=[7.9, 8.0, 7.9], ∫ϰ²/L>=[10.0, 9.3, 10.2], C-C-Sep=0.20, ║∇J║=1.9e-02
-----On 1/20 Initial Guess Perturbations
Iteration 262/3500-----
J=1.3e-02, ⟨Jf⟩=1.5e-03, ⟨B·n⟩=8.4e-03, Len=sum([5.2, 4.7, 5.0])=14.8, ϰ=[7.9, 8.0, 8.0], ∫ϰ²/L>=[10.0, 9.4, 10.3], C-C-Sep=0.20, ║∇J║=1.7e-02
-----On 1/20 Initial Guess Perturbations
Iteration 263/3500-----
J=1.3e-02, ⟨Jf⟩=1.5e-03, ⟨B·n⟩=8.4e-03, Len=sum([5.2, 4.7, 5.0])=14.8, ϰ=[8.0, 8.0, 7.9], ∫ϰ²/L>=[9.9, 9.4, 10.2], C-C-Sep=0.20, ║∇J║=1.8e-02
-----On 1/20 Initial Guess Perturbations
Iteration 264/3500-----
J=1.3e-02, ⟨Jf⟩=1.5e-03, ⟨B·n⟩=8.3e-03, Len=sum([5.2, 4.7, 5.0])=14.8, ϰ=[8.0, 8.1, 8.0], ∫ϰ²/L>=[9.9, 9.4, 10.2], C-C-Sep=0.20, ║∇J║=2.0e-02
-----On 1/20 Initial Guess Perturbations
Iteration 265/3500-----
J=1.3e-02, ⟨Jf⟩=1.5e-03, ⟨B·n⟩=8.3e-03, Len=sum([5.2, 4.7, 4.9])=14.8, ϰ=[7.9, 8.2, 8.0], ∫ϰ²/L>=[9.9, 9.4, 10.2], C-C-Sep=0.20, ║∇J║=1.8e-02
-----On 1/20 Initial Guess Perturbations
Iteration 266/3500-----
J=1.3e-02, ⟨Jf⟩=1.5e-03, ⟨B·n⟩=8.3e-03, Len=sum([5.2, 4.7, 4.9])=14.8, ϰ=[7.8, 8.1, 8.0], ∫ϰ²/L>=[9.9, 9.3, 10.1], C-C-Sep=0.20, ║∇J║=1.6e-02
-----On 1/20 Initial Guess Perturbations
Iteration 267/3500-----
J=1.3e-02, ⟨Jf⟩=1.5e-03, ⟨B·n⟩=8.3e-03, Len=sum([5.2, 4.7, 4.9])=14.8, ϰ=[7.7, 8.1, 8.1], ∫ϰ²/L>=[10.0, 9.3, 10.2], C-C-Sep=0.20, ║∇J║=1.9e-02
-----On 1/20 Initial Guess Perturbations
Iteration 268/3500-----
J=1.3e-02, ⟨Jf⟩=1.5e-03, ⟨B·n⟩=8.3e-03, Len=sum([5.2, 4.7, 4.9])=14.8, ϰ=[7.7, 8.0, 8.3], ∫ϰ²/L>=[10.0, 9.4, 10.3], C-C-Sep=0.20, ║∇J║=2.0e-02
-----On 1/20 Initial Guess Perturbations
Iteration 269/3500-----
J=1.3e-02, ⟨Jf⟩=1.5e-03, ⟨B·n⟩=8.3e-03, Len=sum([5.2, 4.7, 4.9])=14.8, ϰ=[7.6, 8.1, 8.5], ∫ϰ²/L>=[10.1, 9.4, 10.3], C-C-Sep=0.20, ║∇J║=1.8e-02
-----On 1/20 Initial Guess Perturbations
Iteration 270/3500-----
J=1.3e-02, ⟨Jf⟩=1.5e-03, ⟨B·n⟩=8.3e-03, Len=sum([5.2, 4.7, 4.9])=14.8, ϰ=[7.6, 8.1, 8.6], ∫ϰ²/L>=[10.1, 9.4, 10.4], C-C-Sep=0.20, ║∇J║=2.0e-02
-----On 1/20 Initial Guess Perturbations
Iteration 271/3500-----
J=1.3e-02, ⟨Jf⟩=1.5e-03, ⟨B·n⟩=8.3e-03, Len=sum([5.2, 4.7, 4.9])=14.8, ϰ=[7.7, 8.1, 8.6], ∫ϰ²/L>=[10.0, 9.4, 10.4], C-C-Sep=0.20, ║∇J║=2.4e-02
-----On 1/20 Initial Guess Perturbations
Iteration 272/3500-----
J=1.3e-02, ⟨Jf⟩=1.5e-03, ⟨B·n⟩=8.3e-03, Len=sum([5.1, 4.7, 4.9])=14.8, ϰ=[7.6, 8.3, 8.5], ∫ϰ²/L>=[10.0, 9.6, 10.5], C-C-Sep=0.20, ║∇J║=2.3e-02
-----On 1/20 Initial Guess Perturbations
Iteration 273/3500-----
J=1.3e-02, ⟨Jf⟩=1.5e-03, ⟨B·n⟩=8.3e-03, Len=sum([5.1, 4.7, 4.9])=14.8, ϰ=[7.7, 8.4, 8.3], ∫ϰ²/L>=[9.9, 9.5, 10.4], C-C-Sep=0.20, ║∇J║=1.9e-02
-----On 1/20 Initial Guess Perturbations
Iteration 274/3500-----
J=1.3e-02, ⟨Jf⟩=1.5e-03, ⟨B·n⟩=8.3e-03, Len=sum([5.1, 4.7, 4.9])=14.8, ϰ=[7.6, 8.4, 8.2], ∫ϰ²/L>=[9.9, 9.5, 10.4], C-C-Sep=0.20, ║∇J║=1.6e-02
-----On 1/20 Initial Guess Perturbations
Iteration 275/3500-----
J=1.3e-02, ⟨Jf⟩=1.5e-03, ⟨B·n⟩=8.3e-03, Len=sum([5.1, 4.7, 4.9])=14.8, ϰ=[7.7, 8.4, 8.1], ∫ϰ²/L>=[9.9, 9.5, 10.5], C-C-Sep=0.20, ║∇J║=1.8e-02
-----On 1/20 Initial Guess Perturbations
Iteration 276/3500-----
J=1.3e-02, ⟨Jf⟩=1.5e-03, ⟨B·n⟩=8.3e-03, Len=sum([5.1, 4.7, 4.9])=14.7, ϰ=[7.8, 8.5, 7.9], ∫ϰ²/L>=[10.0, 9.7, 10.7], C-C-Sep=0.20, ║∇J║=2.2e-02
-----On 1/20 Initial Guess Perturbations
Iteration 277/3500-----
J=1.3e-02, ⟨Jf⟩=1.5e-03, ⟨B·n⟩=8.3e-03, Len=sum([5.1, 4.7, 4.9])=14.7, ϰ=[7.9, 8.4, 7.8], ∫ϰ²/L>=[10.0, 9.8, 10.7], C-C-Sep=0.20, ║∇J║=2.3e-02
-----On 1/20 Initial Guess Perturbations
Iteration 278/3500-----
J=1.3e-02, ⟨Jf⟩=1.5e-03, ⟨B·n⟩=8.3e-03, Len=sum([5.1, 4.7, 4.9])=14.7, ϰ=[8.0, 8.4, 7.5], ∫ϰ²/L>=[9.9, 9.7, 10.6], C-C-Sep=0.20, ║∇J║=1.9e-02
-----On 1/20 Initial Guess Perturbations
Iteration 279/3500-----
J=1.3e-02, ⟨Jf⟩=1.5e-03, ⟨B·n⟩=8.3e-03, Len=sum([5.1, 4.7, 4.9])=14.7, ϰ=[8.0, 8.3, 7.2], ∫ϰ²/L>=[9.8, 9.7, 10.4], C-C-Sep=0.20, ║∇J║=1.7e-02
-----On 1/20 Initial Guess Perturbations
Iteration 280/3500-----
J=1.3e-02, ⟨Jf⟩=1.5e-03, ⟨B·n⟩=8.3e-03, Len=sum([5.1, 4.7, 4.9])=14.7, ϰ=[8.0, 8.2, 7.1], ∫ϰ²/L>=[9.9, 9.8, 10.4], C-C-Sep=0.20, ║∇J║=2.0e-02
-----On 1/20 Initial Guess Perturbations
Iteration 281/3500-----
J=1.3e-02, ⟨Jf⟩=1.4e-03, ⟨B·n⟩=8.3e-03, Len=sum([5.1, 4.7, 4.9])=14.7, ϰ=[8.0, 8.3, 7.0], ∫ϰ²/L>=[9.8, 9.7, 10.3], C-C-Sep=0.20, ║∇J║=1.9e-02
-----On 1/20 Initial Guess Perturbations
Iteration 282/3500-----
J=1.3e-02, ⟨Jf⟩=1.4e-03, ⟨B·n⟩=8.3e-03, Len=sum([5.1, 4.7, 4.9])=14.7, ϰ=[8.0, 8.4, 7.1], ∫ϰ²/L>=[9.8, 9.7, 10.3], C-C-Sep=0.20, ║∇J║=1.9e-02
-----On 1/20 Initial Guess Perturbations
Iteration 283/3500-----
J=1.3e-02, ⟨Jf⟩=1.4e-03, ⟨B·n⟩=8.3e-03, Len=sum([5.1, 4.7, 4.9])=14.7, ϰ=[7.8, 8.3, 7.2], ∫ϰ²/L>=[9.9, 9.8, 10.3], C-C-Sep=0.20, ║∇J║=2.0e-02
-----On 1/20 Initial Guess Perturbations
Iteration 284/3500-----
J=1.3e-02, ⟨Jf⟩=1.4e-03, ⟨B·n⟩=8.3e-03, Len=sum([5.1, 4.7, 4.9])=14.7, ϰ=[7.7, 8.2, 7.3], ∫ϰ²/L>=[9.9, 9.8, 10.3], C-C-Sep=0.20, ║∇J║=1.7e-02
-----On 1/20 Initial Guess Perturbations
Iteration 285/3500-----
J=1.3e-02, ⟨Jf⟩=1.4e-03, ⟨B·n⟩=8.3e-03, Len=sum([5.1, 4.7, 4.9])=14.7, ϰ=[7.6, 7.9, 7.5], ∫ϰ²/L>=[9.8, 9.7, 10.2], C-C-Sep=0.20, ║∇J║=1.9e-02
-----On 1/20 Initial Guess Perturbations
Iteration 286/3500-----
J=1.3e-02, ⟨Jf⟩=1.4e-03, ⟨B·n⟩=8.3e-03, Len=sum([5.1, 4.7, 4.9])=14.7, ϰ=[7.9, 7.8, 7.7], ∫ϰ²/L>=[9.9, 9.7, 10.3], C-C-Sep=0.20, ║∇J║=1.8e-02
-----On 1/20 Initial Guess Perturbations
Iteration 287/3500-----
J=1.3e-02, ⟨Jf⟩=1.4e-03, ⟨B·n⟩=8.3e-03, Len=sum([5.1, 4.7, 4.9])=14.7, ϰ=[8.0, 7.7, 7.7], ∫ϰ²/L>=[9.9, 9.5, 10.2], C-C-Sep=0.20, ║∇J║=1.5e-02
-----On 1/20 Initial Guess Perturbations
Iteration 288/3500-----
J=1.3e-02, ⟨Jf⟩=1.4e-03, ⟨B·n⟩=8.3e-03, Len=sum([5.1, 4.7, 4.9])=14.7, ϰ=[8.0, 7.7, 7.6], ∫ϰ²/L>=[9.9, 9.4, 10.1], C-C-Sep=0.20, ║∇J║=1.6e-02
-----On 1/20 Initial Guess Perturbations
Iteration 289/3500-----
J=1.3e-02, ⟨Jf⟩=1.4e-03, ⟨B·n⟩=8.3e-03, Len=sum([5.2, 4.7, 4.8])=14.7, ϰ=[8.0, 7.7, 7.5], ∫ϰ²/L>=[9.9, 9.3, 10.1], C-C-Sep=0.20, ║∇J║=1.6e-02
-----On 1/20 Initial Guess Perturbations
Iteration 290/3500-----
J=1.3e-02, ⟨Jf⟩=1.4e-03, ⟨B·n⟩=8.3e-03, Len=sum([5.2, 4.7, 4.8])=14.7, ϰ=[8.0, 7.6, 7.5], ∫ϰ²/L>=[10.0, 9.3, 10.3], C-C-Sep=0.20, ║∇J║=1.8e-02
-----On 1/20 Initial Guess Perturbations
Iteration 291/3500-----
J=1.3e-02, ⟨Jf⟩=1.4e-03, ⟨B·n⟩=8.3e-03, Len=sum([5.2, 4.7, 4.8])=14.7, ϰ=[8.0, 7.5, 7.6], ∫ϰ²/L>=[10.0, 9.3, 10.3], C-C-Sep=0.20, ║∇J║=1.8e-02
-----On 1/20 Initial Guess Perturbations
Iteration 292/3500-----
J=1.3e-02, ⟨Jf⟩=1.4e-03, ⟨B·n⟩=8.3e-03, Len=sum([5.2, 4.7, 4.8])=14.7, ϰ=[7.9, 7.3, 7.6], ∫ϰ²/L>=[9.9, 9.3, 10.2], C-C-Sep=0.20, ║∇J║=1.7e-02
-----On 1/20 Initial Guess Perturbations
Iteration 293/3500-----
J=1.3e-02, ⟨Jf⟩=1.4e-03, ⟨B·n⟩=8.3e-03, Len=sum([5.2, 4.7, 4.8])=14.7, ϰ=[7.7, 7.2, 7.7], ∫ϰ²/L>=[9.9, 9.3, 10.2], C-C-Sep=0.20, ║∇J║=1.7e-02
-----On 1/20 Initial Guess Perturbations
Iteration 294/3500-----
J=1.3e-02, ⟨Jf⟩=1.4e-03, ⟨B·n⟩=8.3e-03, Len=sum([5.2, 4.7, 4.8])=14.7, ϰ=[7.9, 7.0, 7.8], ∫ϰ²/L>=[10.0, 9.3, 10.2], C-C-Sep=0.20, ║∇J║=1.8e-02
-----On 1/20 Initial Guess Perturbations
Iteration 295/3500-----
J=1.3e-02, ⟨Jf⟩=1.4e-03, ⟨B·n⟩=8.3e-03, Len=sum([5.2, 4.7, 4.8])=14.6, ϰ=[8.0, 7.0, 7.6], ∫ϰ²/L>=[10.0, 9.2, 10.0], C-C-Sep=0.20, ║∇J║=2.1e-02
-----On 1/20 Initial Guess Perturbations
Iteration 296/3500-----
J=1.3e-02, ⟨Jf⟩=1.4e-03, ⟨B·n⟩=8.3e-03, Len=sum([5.2, 4.7, 4.8])=14.6, ϰ=[8.1, 7.0, 7.5], ∫ϰ²/L>=[10.0, 9.2, 10.0], C-C-Sep=0.20, ║∇J║=1.7e-02
-----On 1/20 Initial Guess Perturbations
Iteration 297/3500-----
J=1.3e-02, ⟨Jf⟩=1.4e-03, ⟨B·n⟩=8.3e-03, Len=sum([5.2, 4.7, 4.8])=14.6, ϰ=[8.0, 7.1, 7.4], ∫ϰ²/L>=[10.0, 9.2, 9.9], C-C-Sep=0.20, ║∇J║=1.6e-02
-----On 1/20 Initial Guess Perturbations
Iteration 298/3500-----
J=1.3e-02, ⟨Jf⟩=1.4e-03, ⟨B·n⟩=8.3e-03, Len=sum([5.2, 4.7, 4.8])=14.6, ϰ=[8.0, 7.0, 7.2], ∫ϰ²/L>=[10.0, 9.2, 9.9], C-C-Sep=0.20, ║∇J║=1.4e-02
-----On 1/20 Initial Guess Perturbations
Iteration 299/3500-----
J=1.3e-02, ⟨Jf⟩=1.4e-03, ⟨B·n⟩=8.4e-03, Len=sum([5.1, 4.7, 4.8])=14.6, ϰ=[8.0, 7.0, 7.1], ∫ϰ²/L>=[10.1, 9.2, 9.8], C-C-Sep=0.20, ║∇J║=1.3e-02
-----On 1/20 Initial Guess Perturbations
Iteration 300/3500-----
J=1.3e-02, ⟨Jf⟩=1.4e-03, ⟨B·n⟩=8.4e-03, Len=sum([5.1, 4.7, 4.8])=14.6, ϰ=[8.0, 6.8, 7.2], ∫ϰ²/L>=[10.1, 9.2, 9.9], C-C-Sep=0.20, ║∇J║=1.7e-02
-----On 1/20 Initial Guess Perturbations
Iteration 301/3500-----
J=1.3e-02, ⟨Jf⟩=1.4e-03, ⟨B·n⟩=8.4e-03, Len=sum([5.1, 4.7, 4.8])=14.6, ϰ=[8.1, 6.7, 7.4], ∫ϰ²/L>=[10.1, 9.1, 9.9], C-C-Sep=0.20, ║∇J║=1.4e-02
-----On 1/20 Initial Guess Perturbations
Iteration 302/3500-----
J=1.3e-02, ⟨Jf⟩=1.4e-03, ⟨B·n⟩=8.4e-03, Len=sum([5.1, 4.7, 4.8])=14.6, ϰ=[8.3, 6.7, 7.5], ∫ϰ²/L>=[10.0, 9.1, 10.0], C-C-Sep=0.20, ║∇J║=1.6e-02
-----On 1/20 Initial Guess Perturbations
Iteration 303/3500-----
J=1.3e-02, ⟨Jf⟩=1.4e-03, ⟨B·n⟩=8.4e-03, Len=sum([5.1, 4.7, 4.8])=14.6, ϰ=[8.3, 6.7, 7.6], ∫ϰ²/L>=[10.0, 9.0, 10.0], C-C-Sep=0.20, ║∇J║=1.5e-02
-----On 1/20 Initial Guess Perturbations
Iteration 304/3500-----
J=1.3e-02, ⟨Jf⟩=1.4e-03, ⟨B·n⟩=8.4e-03, Len=sum([5.1, 4.7, 4.8])=14.6, ϰ=[8.3, 6.8, 7.6], ∫ϰ²/L>=[10.0, 9.0, 10.0], C-C-Sep=0.20, ║∇J║=1.5e-02
-----On 1/20 Initial Guess Perturbations
Iteration 305/3500-----
J=1.3e-02, ⟨Jf⟩=1.4e-03, ⟨B·n⟩=8.4e-03, Len=sum([5.1, 4.7, 4.8])=14.6, ϰ=[8.3, 7.0, 7.6], ∫ϰ²/L>=[9.9, 9.0, 10.0], C-C-Sep=0.20, ║∇J║=1.9e-02
-----On 1/20 Initial Guess Perturbations
Iteration 306/3500-----
J=1.3e-02, ⟨Jf⟩=1.4e-03, ⟨B·n⟩=8.5e-03, Len=sum([5.1, 4.7, 4.8])=14.6, ϰ=[8.4, 7.0, 7.7], ∫ϰ²/L>=[10.0, 9.1, 10.1], C-C-Sep=0.20, ║∇J║=1.9e-02
-----On 1/20 Initial Guess Perturbations
Iteration 307/3500-----
J=1.3e-02, ⟨Jf⟩=1.4e-03, ⟨B·n⟩=8.5e-03, Len=sum([5.1, 4.7, 4.8])=14.6, ϰ=[8.3, 7.0, 7.6], ∫ϰ²/L>=[10.0, 9.1, 9.9], C-C-Sep=0.20, ║∇J║=1.7e-02
-----On 1/20 Initial Guess Perturbations
Iteration 308/3500-----
J=1.3e-02, ⟨Jf⟩=1.4e-03, ⟨B·n⟩=8.5e-03, Len=sum([5.1, 4.7, 4.8])=14.6, ϰ=[8.3, 6.8, 7.6], ∫ϰ²/L>=[9.9, 9.2, 9.8], C-C-Sep=0.20, ║∇J║=1.5e-02
-----On 1/20 Initial Guess Perturbations
Iteration 309/3500-----
J=1.3e-02, ⟨Jf⟩=1.4e-03, ⟨B·n⟩=8.5e-03, Len=sum([5.1, 4.7, 4.8])=14.6, ϰ=[8.3, 6.8, 7.7], ∫ϰ²/L>=[9.9, 9.2, 9.8], C-C-Sep=0.20, ║∇J║=1.5e-02
-----On 1/20 Initial Guess Perturbations
Iteration 310/3500-----
J=1.3e-02, ⟨Jf⟩=1.4e-03, ⟨B·n⟩=8.5e-03, Len=sum([5.1, 4.7, 4.8])=14.6, ϰ=[8.3, 7.0, 7.7], ∫ϰ²/L>=[9.9, 9.3, 9.8], C-C-Sep=0.20, ║∇J║=1.4e-02
-----On 1/20 Initial Guess Perturbations
Iteration 311/3500-----
J=1.3e-02, ⟨Jf⟩=1.4e-03, ⟨B·n⟩=8.5e-03, Len=sum([5.1, 4.7, 4.8])=14.6, ϰ=[8.4, 7.2, 7.6], ∫ϰ²/L>=[9.9, 9.3, 9.8], C-C-Sep=0.20, ║∇J║=1.4e-02
-----On 1/20 Initial Guess Perturbations
Iteration 312/3500-----
J=1.3e-02, ⟨Jf⟩=1.4e-03, ⟨B·n⟩=8.5e-03, Len=sum([5.1, 4.7, 4.8])=14.6, ϰ=[8.4, 7.4, 7.5], ∫ϰ²/L>=[9.9, 9.3, 9.8], C-C-Sep=0.20, ║∇J║=1.6e-02
-----On 1/20 Initial Guess Perturbations
Iteration 313/3500-----
J=1.3e-02, ⟨Jf⟩=1.4e-03, ⟨B·n⟩=8.5e-03, Len=sum([5.1, 4.7, 4.8])=14.5, ϰ=[8.5, 7.8, 7.5], ∫ϰ²/L>=[9.9, 9.4, 9.9], C-C-Sep=0.20, ║∇J║=1.8e-02
-----On 1/20 Initial Guess Perturbations
Iteration 314/3500-----
J=1.3e-02, ⟨Jf⟩=1.4e-03, ⟨B·n⟩=8.5e-03, Len=sum([5.1, 4.7, 4.8])=14.5, ϰ=[8.5, 8.0, 7.5], ∫ϰ²/L>=[9.9, 9.4, 9.9], C-C-Sep=0.20, ║∇J║=1.6e-02
-----On 1/20 Initial Guess Perturbations
Iteration 315/3500-----
J=1.3e-02, ⟨Jf⟩=1.4e-03, ⟨B·n⟩=8.5e-03, Len=sum([5.1, 4.7, 4.8])=14.5, ϰ=[8.6, 8.0, 7.6], ∫ϰ²/L>=[9.9, 9.3, 9.8], C-C-Sep=0.20, ║∇J║=1.6e-02
-----On 1/20 Initial Guess Perturbations
Iteration 316/3500-----
J=1.3e-02, ⟨Jf⟩=1.4e-03, ⟨B·n⟩=8.5e-03, Len=sum([5.1, 4.7, 4.8])=14.5, ϰ=[8.6, 8.0, 7.6], ∫ϰ²/L>=[9.8, 9.3, 9.8], C-C-Sep=0.20, ║∇J║=1.6e-02
-----On 1/20 Initial Guess Perturbations
Iteration 317/3500-----
J=1.3e-02, ⟨Jf⟩=1.4e-03, ⟨B·n⟩=8.5e-03, Len=sum([5.1, 4.7, 4.8])=14.5, ϰ=[8.7, 8.1, 7.7], ∫ϰ²/L>=[9.9, 9.3, 9.8], C-C-Sep=0.20, ║∇J║=1.5e-02
-----On 1/20 Initial Guess Perturbations
Iteration 318/3500-----
J=1.3e-02, ⟨Jf⟩=1.4e-03, ⟨B·n⟩=8.5e-03, Len=sum([5.1, 4.7, 4.8])=14.5, ϰ=[8.7, 8.2, 7.7], ∫ϰ²/L>=[9.9, 9.2, 9.8], C-C-Sep=0.20, ║∇J║=1.5e-02
-----On 1/20 Initial Guess Perturbations
Iteration 319/3500-----
J=1.3e-02, ⟨Jf⟩=1.4e-03, ⟨B·n⟩=8.5e-03, Len=sum([5.1, 4.7, 4.8])=14.5, ϰ=[8.7, 8.1, 7.8], ∫ϰ²/L>=[9.9, 9.2, 9.9], C-C-Sep=0.20, ║∇J║=1.7e-02
-----On 1/20 Initial Guess Perturbations
Iteration 320/3500-----
J=1.3e-02, ⟨Jf⟩=1.4e-03, ⟨B·n⟩=8.5e-03, Len=sum([5.1, 4.7, 4.8])=14.5, ϰ=[8.7, 8.1, 7.8], ∫ϰ²/L>=[9.9, 9.1, 9.9], C-C-Sep=0.20, ║∇J║=1.5e-02
-----On 1/20 Initial Guess Perturbations
Iteration 321/3500-----
J=1.3e-02, ⟨Jf⟩=1.4e-03, ⟨B·n⟩=8.5e-03, Len=sum([5.1, 4.7, 4.8])=14.5, ϰ=[8.5, 7.9, 7.9], ∫ϰ²/L>=[9.9, 9.1, 9.9], C-C-Sep=0.20, ║∇J║=1.4e-02
-----On 1/20 Initial Guess Perturbations
Iteration 322/3500-----
J=1.3e-02, ⟨Jf⟩=1.4e-03, ⟨B·n⟩=8.5e-03, Len=sum([5.1, 4.7, 4.8])=14.5, ϰ=[8.5, 7.7, 7.9], ∫ϰ²/L>=[9.9, 9.2, 9.9], C-C-Sep=0.20, ║∇J║=1.5e-02
-----On 1/20 Initial Guess Perturbations
Iteration 323/3500-----
J=1.3e-02, ⟨Jf⟩=1.4e-03, ⟨B·n⟩=8.5e-03, Len=sum([5.1, 4.7, 4.8])=14.5, ϰ=[8.5, 7.5, 7.9], ∫ϰ²/L>=[9.8, 9.1, 9.9], C-C-Sep=0.20, ║∇J║=1.6e-02
-----On 1/20 Initial Guess Perturbations
Iteration 324/3500-----
J=1.3e-02, ⟨Jf⟩=1.4e-03, ⟨B·n⟩=8.5e-03, Len=sum([5.1, 4.7, 4.8])=14.5, ϰ=[8.7, 7.6, 8.0], ∫ϰ²/L>=[9.8, 9.2, 9.9], C-C-Sep=0.20, ║∇J║=1.6e-02
-----On 1/20 Initial Guess Perturbations
Iteration 325/3500-----
J=1.3e-02, ⟨Jf⟩=1.4e-03, ⟨B·n⟩=8.5e-03, Len=sum([5.1, 4.7, 4.8])=14.5, ϰ=[8.9, 7.7, 7.9], ∫ϰ²/L>=[9.7, 9.1, 9.8], C-C-Sep=0.20, ║∇J║=1.8e-02
-----On 1/20 Initial Guess Perturbations
Iteration 326/3500-----
J=1.3e-02, ⟨Jf⟩=1.4e-03, ⟨B·n⟩=8.5e-03, Len=sum([5.1, 4.7, 4.8])=14.5, ϰ=[8.9, 7.8, 7.8], ∫ϰ²/L>=[9.8, 9.2, 9.8], C-C-Sep=0.20, ║∇J║=1.4e-02
-----On 1/20 Initial Guess Perturbations
Iteration 327/3500-----
J=1.3e-02, ⟨Jf⟩=1.4e-03, ⟨B·n⟩=8.5e-03, Len=sum([5.1, 4.7, 4.8])=14.5, ϰ=[8.9, 8.0, 7.8], ∫ϰ²/L>=[9.7, 9.1, 9.8], C-C-Sep=0.20, ║∇J║=1.4e-02
-----On 1/20 Initial Guess Perturbations
Iteration 328/3500-----
J=1.3e-02, ⟨Jf⟩=1.4e-03, ⟨B·n⟩=8.5e-03, Len=sum([5.1, 4.7, 4.8])=14.5, ϰ=[8.9, 8.0, 7.6], ∫ϰ²/L>=[9.7, 9.2, 9.8], C-C-Sep=0.20, ║∇J║=1.7e-02
-----On 1/20 Initial Guess Perturbations
Iteration 329/3500-----
J=1.3e-02, ⟨Jf⟩=1.4e-03, ⟨B·n⟩=8.5e-03, Len=sum([5.1, 4.7, 4.8])=14.5, ϰ=[8.9, 8.0, 7.5], ∫ϰ²/L>=[9.7, 9.2, 9.7], C-C-Sep=0.20, ║∇J║=2.1e-02
-----On 1/20 Initial Guess Perturbations
Iteration 330/3500-----
J=1.3e-02, ⟨Jf⟩=1.4e-03, ⟨B·n⟩=8.5e-03, Len=sum([5.1, 4.7, 4.8])=14.5, ϰ=[8.9, 7.9, 7.5], ∫ϰ²/L>=[9.7, 9.3, 9.8], C-C-Sep=0.20, ║∇J║=1.8e-02
-----On 1/20 Initial Guess Perturbations
Iteration 331/3500-----
J=1.3e-02, ⟨Jf⟩=1.4e-03, ⟨B·n⟩=8.4e-03, Len=sum([5.0, 4.7, 4.8])=14.5, ϰ=[8.8, 7.8, 7.6], ∫ϰ²/L>=[9.6, 9.2, 9.9], C-C-Sep=0.20, ║∇J║=1.9e-02
-----On 1/20 Initial Guess Perturbations
Iteration 332/3500-----
J=1.3e-02, ⟨Jf⟩=1.4e-03, ⟨B·n⟩=8.4e-03, Len=sum([5.0, 4.7, 4.8])=14.5, ϰ=[8.8, 7.8, 7.7], ∫ϰ²/L>=[9.6, 9.2, 9.9], C-C-Sep=0.20, ║∇J║=1.6e-02
-----On 1/20 Initial Guess Perturbations
Iteration 333/3500-----
J=1.3e-02, ⟨Jf⟩=1.4e-03, ⟨B·n⟩=8.4e-03, Len=sum([5.0, 4.7, 4.8])=14.5, ϰ=[8.7, 7.9, 7.9], ∫ϰ²/L>=[9.5, 9.1, 9.9], C-C-Sep=0.20, ║∇J║=1.5e-02
-----On 1/20 Initial Guess Perturbations
Iteration 334/3500-----
J=1.3e-02, ⟨Jf⟩=1.4e-03, ⟨B·n⟩=8.4e-03, Len=sum([5.0, 4.7, 4.8])=14.5, ϰ=[8.7, 8.0, 8.0], ∫ϰ²/L>=[9.5, 9.1, 10.0], C-C-Sep=0.20, ║∇J║=1.9e-02
-----On 1/20 Initial Guess Perturbations
Iteration 335/3500-----
J=1.3e-02, ⟨Jf⟩=1.4e-03, ⟨B·n⟩=8.4e-03, Len=sum([5.0, 4.7, 4.8])=14.5, ϰ=[8.8, 7.9, 8.1], ∫ϰ²/L>=[9.5, 9.1, 10.1], C-C-Sep=0.20, ║∇J║=1.9e-02
-----On 1/20 Initial Guess Perturbations
Iteration 336/3500-----
J=1.3e-02, ⟨Jf⟩=1.3e-03, ⟨B·n⟩=8.4e-03, Len=sum([5.0, 4.7, 4.8])=14.5, ϰ=[8.9, 7.9, 8.1], ∫ϰ²/L>=[9.5, 9.1, 10.2], C-C-Sep=0.20, ║∇J║=2.1e-02
-----On 1/20 Initial Guess Perturbations
Iteration 337/3500-----
J=1.3e-02, ⟨Jf⟩=1.3e-03, ⟨B·n⟩=8.4e-03, Len=sum([5.0, 4.7, 4.8])=14.5, ϰ=[8.9, 7.9, 7.9], ∫ϰ²/L>=[9.4, 9.0, 9.9], C-C-Sep=0.20, ║∇J║=2.5e-02
-----On 1/20 Initial Guess Perturbations
Iteration 338/3500-----
J=1.3e-02, ⟨Jf⟩=1.3e-03, ⟨B·n⟩=8.4e-03, Len=sum([5.0, 4.7, 4.8])=14.5, ϰ=[8.9, 7.8, 7.9], ∫ϰ²/L>=[9.4, 9.0, 9.9], C-C-Sep=0.20, ║∇J║=2.0e-02
-----On 1/20 Initial Guess Perturbations
Iteration 339/3500-----
J=1.3e-02, ⟨Jf⟩=1.3e-03, ⟨B·n⟩=8.4e-03, Len=sum([5.0, 4.7, 4.8])=14.4, ϰ=[8.9, 7.8, 8.0], ∫ϰ²/L>=[9.3, 8.8, 9.8], C-C-Sep=0.20, ║∇J║=1.7e-02
-----On 1/20 Initial Guess Perturbations
Iteration 340/3500-----
J=1.3e-02, ⟨Jf⟩=1.3e-03, ⟨B·n⟩=8.4e-03, Len=sum([5.0, 4.7, 4.8])=14.4, ϰ=[8.8, 7.7, 8.0], ∫ϰ²/L>=[9.3, 8.8, 9.8], C-C-Sep=0.20, ║∇J║=1.6e-02
-----On 1/20 Initial Guess Perturbations
Iteration 341/3500-----
J=1.3e-02, ⟨Jf⟩=1.3e-03, ⟨B·n⟩=8.4e-03, Len=sum([5.0, 4.7, 4.8])=14.4, ϰ=[8.9, 7.5, 7.9], ∫ϰ²/L>=[9.3, 8.7, 9.9], C-C-Sep=0.20, ║∇J║=1.6e-02
-----On 1/20 Initial Guess Perturbations
Iteration 342/3500-----
J=1.3e-02, ⟨Jf⟩=1.3e-03, ⟨B·n⟩=8.3e-03, Len=sum([5.0, 4.7, 4.8])=14.4, ϰ=[9.0, 7.4, 7.9], ∫ϰ²/L>=[9.2, 8.7, 9.9], C-C-Sep=0.20, ║∇J║=1.9e-02
-----On 1/20 Initial Guess Perturbations
Iteration 343/3500-----
J=1.3e-02, ⟨Jf⟩=1.3e-03, ⟨B·n⟩=8.3e-03, Len=sum([5.0, 4.7, 4.8])=14.4, ϰ=[9.1, 7.3, 7.8], ∫ϰ²/L>=[9.2, 8.8, 10.0], C-C-Sep=0.20, ║∇J║=1.9e-02
-----On 1/20 Initial Guess Perturbations
Iteration 344/3500-----
J=1.3e-02, ⟨Jf⟩=1.3e-03, ⟨B·n⟩=8.3e-03, Len=sum([5.0, 4.6, 4.8])=14.4, ϰ=[9.0, 7.0, 7.5], ∫ϰ²/L>=[9.0, 8.7, 9.8], C-C-Sep=0.20, ║∇J║=2.6e-02
-----On 1/20 Initial Guess Perturbations
Iteration 345/3500-----
J=1.3e-02, ⟨Jf⟩=1.3e-03, ⟨B·n⟩=8.3e-03, Len=sum([5.0, 4.6, 4.8])=14.4, ϰ=[9.0, 7.0, 7.6], ∫ϰ²/L>=[9.1, 8.7, 9.9], C-C-Sep=0.20, ║∇J║=2.3e-02
-----On 1/20 Initial Guess Perturbations
Iteration 346/3500-----
J=1.3e-02, ⟨Jf⟩=1.3e-03, ⟨B·n⟩=8.3e-03, Len=sum([5.0, 4.6, 4.8])=14.4, ϰ=[8.9, 7.1, 7.5], ∫ϰ²/L>=[9.0, 8.5, 9.8], C-C-Sep=0.20, ║∇J║=2.2e-02
-----On 1/20 Initial Guess Perturbations
Iteration 347/3500-----
J=1.3e-02, ⟨Jf⟩=1.3e-03, ⟨B·n⟩=8.3e-03, Len=sum([5.0, 4.6, 4.8])=14.4, ϰ=[8.7, 7.0, 7.4], ∫ϰ²/L>=[8.9, 8.4, 9.7], C-C-Sep=0.20, ║∇J║=1.9e-02
-----On 1/20 Initial Guess Perturbations
Iteration 348/3500-----
J=1.3e-02, ⟨Jf⟩=1.3e-03, ⟨B·n⟩=8.3e-03, Len=sum([5.0, 4.6, 4.8])=14.4, ϰ=[8.5, 6.8, 7.1], ∫ϰ²/L>=[8.8, 8.4, 9.7], C-C-Sep=0.20, ║∇J║=2.4e-02
-----On 1/20 Initial Guess Perturbations
Iteration 349/3500-----
J=1.3e-02, ⟨Jf⟩=1.3e-03, ⟨B·n⟩=8.3e-03, Len=sum([5.0, 4.6, 4.8])=14.4, ϰ=[8.5, 6.5, 6.8], ∫ϰ²/L>=[8.7, 8.5, 9.8], C-C-Sep=0.20, ║∇J║=2.4e-02
-----On 1/20 Initial Guess Perturbations
Iteration 350/3500-----
J=1.3e-02, ⟨Jf⟩=1.3e-03, ⟨B·n⟩=8.2e-03, Len=sum([5.0, 4.6, 4.8])=14.4, ϰ=[8.6, 6.3, 6.5], ∫ϰ²/L>=[8.5, 8.5, 9.8], C-C-Sep=0.20, ║∇J║=1.9e-02
-----On 1/20 Initial Guess Perturbations
Iteration 351/3500-----
J=1.3e-02, ⟨Jf⟩=1.3e-03, ⟨B·n⟩=8.2e-03, Len=sum([5.0, 4.6, 4.8])=14.4, ϰ=[8.6, 6.4, 6.4], ∫ϰ²/L>=[8.4, 8.5, 9.7], C-C-Sep=0.20, ║∇J║=2.0e-02
-----On 1/20 Initial Guess Perturbations
Iteration 352/3500-----
J=1.3e-02, ⟨Jf⟩=1.3e-03, ⟨B·n⟩=8.2e-03, Len=sum([5.0, 4.6, 4.8])=14.4, ϰ=[8.4, 6.4, 6.5], ∫ϰ²/L>=[8.2, 8.4, 9.6], C-C-Sep=0.20, ║∇J║=2.2e-02
-----On 1/20 Initial Guess Perturbations
Iteration 353/3500-----
J=1.3e-02, ⟨Jf⟩=1.3e-03, ⟨B·n⟩=8.2e-03, Len=sum([4.9, 4.6, 4.8])=14.4, ϰ=[8.1, 6.4, 6.9], ∫ϰ²/L>=[8.4, 8.7, 9.9], C-C-Sep=0.20, ║∇J║=3.9e-02
-----On 1/20 Initial Guess Perturbations
Iteration 354/3500-----
J=1.3e-02, ⟨Jf⟩=1.3e-03, ⟨B·n⟩=8.2e-03, Len=sum([5.0, 4.6, 4.8])=14.4, ϰ=[8.3, 6.4, 6.7], ∫ϰ²/L>=[8.2, 8.5, 9.7], C-C-Sep=0.20, ║∇J║=2.2e-02
-----On 1/20 Initial Guess Perturbations
Iteration 355/3500-----
J=1.3e-02, ⟨Jf⟩=1.3e-03, ⟨B·n⟩=8.2e-03, Len=sum([4.9, 4.6, 4.8])=14.4, ϰ=[8.1, 6.2, 6.8], ∫ϰ²/L>=[8.1, 8.3, 9.7], C-C-Sep=0.20, ║∇J║=2.0e-02
-----On 1/20 Initial Guess Perturbations
Iteration 356/3500-----
J=1.3e-02, ⟨Jf⟩=1.3e-03, ⟨B·n⟩=8.2e-03, Len=sum([4.9, 4.6, 4.8])=14.4, ϰ=[7.9, 6.0, 7.0], ∫ϰ²/L>=[8.1, 8.1, 9.7], C-C-Sep=0.20, ║∇J║=1.6e-02
-----On 1/20 Initial Guess Perturbations
Iteration 357/3500-----
J=1.3e-02, ⟨Jf⟩=1.3e-03, ⟨B·n⟩=8.2e-03, Len=sum([4.9, 4.6, 4.8])=14.4, ϰ=[7.9, 6.1, 7.2], ∫ϰ²/L>=[8.1, 8.0, 9.7], C-C-Sep=0.20, ║∇J║=1.6e-02
-----On 1/20 Initial Guess Perturbations
Iteration 358/3500-----
J=1.3e-02, ⟨Jf⟩=1.3e-03, ⟨B·n⟩=8.2e-03, Len=sum([4.9, 4.6, 4.8])=14.4, ϰ=[7.9, 6.2, 7.4], ∫ϰ²/L>=[8.1, 7.9, 9.7], C-C-Sep=0.20, ║∇J║=1.9e-02
-----On 1/20 Initial Guess Perturbations
Iteration 359/3500-----
J=1.3e-02, ⟨Jf⟩=1.3e-03, ⟨B·n⟩=8.2e-03, Len=sum([4.9, 4.6, 4.8])=14.4, ϰ=[8.1, 6.3, 7.4], ∫ϰ²/L>=[8.1, 7.9, 9.6], C-C-Sep=0.20, ║∇J║=2.7e-02
-----On 1/20 Initial Guess Perturbations
Iteration 360/3500-----
J=1.3e-02, ⟨Jf⟩=1.3e-03, ⟨B·n⟩=8.2e-03, Len=sum([4.9, 4.6, 4.8])=14.4, ϰ=[8.0, 6.4, 7.4], ∫ϰ²/L>=[8.0, 7.8, 9.6], C-C-Sep=0.20, ║∇J║=2.1e-02
-----On 1/20 Initial Guess Perturbations
Iteration 361/3500-----
J=1.3e-02, ⟨Jf⟩=1.3e-03, ⟨B·n⟩=8.2e-03, Len=sum([4.9, 4.6, 4.8])=14.4, ϰ=[8.0, 6.2, 7.5], ∫ϰ²/L>=[8.0, 7.7, 9.6], C-C-Sep=0.20, ║∇J║=1.7e-02
-----On 1/20 Initial Guess Perturbations
Iteration 362/3500-----
J=1.3e-02, ⟨Jf⟩=1.3e-03, ⟨B·n⟩=8.1e-03, Len=sum([4.9, 4.6, 4.8])=14.3, ϰ=[8.0, 6.0, 7.4], ∫ϰ²/L>=[7.8, 7.6, 9.5], C-C-Sep=0.20, ║∇J║=1.7e-02
-----On 1/20 Initial Guess Perturbations
Iteration 363/3500-----
J=1.3e-02, ⟨Jf⟩=1.3e-03, ⟨B·n⟩=8.1e-03, Len=sum([4.9, 4.6, 4.8])=14.3, ϰ=[7.9, 6.0, 7.5], ∫ϰ²/L>=[7.9, 7.7, 9.6], C-C-Sep=0.20, ║∇J║=1.8e-02
-----On 1/20 Initial Guess Perturbations
Iteration 364/3500-----
J=1.3e-02, ⟨Jf⟩=1.3e-03, ⟨B·n⟩=8.1e-03, Len=sum([4.9, 4.6, 4.8])=14.3, ϰ=[7.7, 5.9, 7.5], ∫ϰ²/L>=[7.8, 7.7, 9.6], C-C-Sep=0.20, ║∇J║=1.6e-02
-----On 1/20 Initial Guess Perturbations
Iteration 365/3500-----
J=1.3e-02, ⟨Jf⟩=1.3e-03, ⟨B·n⟩=8.1e-03, Len=sum([4.9, 4.6, 4.8])=14.3, ϰ=[7.6, 5.9, 7.5], ∫ϰ²/L>=[7.7, 7.6, 9.6], C-C-Sep=0.20, ║∇J║=1.4e-02
-----On 1/20 Initial Guess Perturbations
Iteration 366/3500-----
J=1.3e-02, ⟨Jf⟩=1.3e-03, ⟨B·n⟩=8.1e-03, Len=sum([4.9, 4.6, 4.8])=14.3, ϰ=[7.6, 5.8, 7.5], ∫ϰ²/L>=[7.7, 7.6, 9.6], C-C-Sep=0.20, ║∇J║=1.6e-02
-----On 1/20 Initial Guess Perturbations
Iteration 367/3500-----
J=1.3e-02, ⟨Jf⟩=1.3e-03, ⟨B·n⟩=8.1e-03, Len=sum([4.9, 4.6, 4.8])=14.3, ϰ=[7.9, 5.9, 7.4], ∫ϰ²/L>=[7.7, 7.5, 9.6], C-C-Sep=0.20, ║∇J║=1.7e-02
-----On 1/20 Initial Guess Perturbations
Iteration 368/3500-----
J=1.3e-02, ⟨Jf⟩=1.3e-03, ⟨B·n⟩=8.1e-03, Len=sum([4.9, 4.6, 4.8])=14.3, ϰ=[7.9, 6.1, 7.3], ∫ϰ²/L>=[7.7, 7.4, 9.5], C-C-Sep=0.20, ║∇J║=1.5e-02
-----On 1/20 Initial Guess Perturbations
Iteration 369/3500-----
J=1.3e-02, ⟨Jf⟩=1.3e-03, ⟨B·n⟩=8.1e-03, Len=sum([4.9, 4.6, 4.8])=14.3, ϰ=[8.4, 6.1, 7.2], ∫ϰ²/L>=[7.8, 7.4, 9.4], C-C-Sep=0.20, ║∇J║=1.6e-02
-----On 1/20 Initial Guess Perturbations
Iteration 370/3500-----
J=1.3e-02, ⟨Jf⟩=1.3e-03, ⟨B·n⟩=8.1e-03, Len=sum([4.9, 4.6, 4.8])=14.3, ϰ=[8.2, 5.9, 7.0], ∫ϰ²/L>=[7.5, 7.3, 9.3], C-C-Sep=0.20, ║∇J║=2.0e-02
-----On 1/20 Initial Guess Perturbations
Iteration 371/3500-----
J=1.3e-02, ⟨Jf⟩=1.3e-03, ⟨B·n⟩=8.0e-03, Len=sum([4.9, 4.6, 4.8])=14.3, ϰ=[8.4, 5.8, 7.0], ∫ϰ²/L>=[7.5, 7.2, 9.3], C-C-Sep=0.20, ║∇J║=1.3e-02
-----On 1/20 Initial Guess Perturbations
Iteration 372/3500-----
J=1.3e-02, ⟨Jf⟩=1.3e-03, ⟨B·n⟩=8.0e-03, Len=sum([4.9, 4.6, 4.8])=14.3, ϰ=[8.5, 5.8, 7.0], ∫ϰ²/L>=[7.5, 7.2, 9.2], C-C-Sep=0.20, ║∇J║=1.2e-02
-----On 1/20 Initial Guess Perturbations
Iteration 373/3500-----
J=1.3e-02, ⟨Jf⟩=1.3e-03, ⟨B·n⟩=8.0e-03, Len=sum([4.9, 4.6, 4.8])=14.3, ϰ=[8.7, 5.8, 7.0], ∫ϰ²/L>=[7.5, 7.2, 9.2], C-C-Sep=0.20, ║∇J║=1.4e-02
-----On 1/20 Initial Guess Perturbations
Iteration 374/3500-----
J=1.3e-02, ⟨Jf⟩=1.3e-03, ⟨B·n⟩=8.0e-03, Len=sum([4.9, 4.6, 4.8])=14.3, ϰ=[8.6, 5.7, 6.9], ∫ϰ²/L>=[7.4, 7.1, 9.2], C-C-Sep=0.20, ║∇J║=1.3e-02
-----On 1/20 Initial Guess Perturbations
Iteration 375/3500-----
J=1.3e-02, ⟨Jf⟩=1.3e-03, ⟨B·n⟩=8.0e-03, Len=sum([4.9, 4.6, 4.8])=14.3, ϰ=[8.5, 5.7, 6.7], ∫ϰ²/L>=[7.4, 7.1, 9.1], C-C-Sep=0.20, ║∇J║=1.1e-02
-----On 1/20 Initial Guess Perturbations
Iteration 376/3500-----
J=1.3e-02, ⟨Jf⟩=1.3e-03, ⟨B·n⟩=8.0e-03, Len=sum([4.9, 4.6, 4.8])=14.3, ϰ=[8.5, 5.8, 6.6], ∫ϰ²/L>=[7.5, 7.1, 9.1], C-C-Sep=0.20, ║∇J║=1.6e-02
-----On 1/20 Initial Guess Perturbations
Iteration 377/3500-----
J=1.3e-02, ⟨Jf⟩=1.3e-03, ⟨B·n⟩=8.0e-03, Len=sum([4.9, 4.6, 4.8])=14.3, ϰ=[8.1, 5.8, 6.6], ∫ϰ²/L>=[7.3, 7.0, 9.0], C-C-Sep=0.20, ║∇J║=1.4e-02
-----On 1/20 Initial Guess Perturbations
Iteration 378/3500-----
J=1.3e-02, ⟨Jf⟩=1.3e-03, ⟨B·n⟩=8.0e-03, Len=sum([4.9, 4.6, 4.8])=14.3, ϰ=[8.1, 5.7, 6.6], ∫ϰ²/L>=[7.2, 7.0, 9.0], C-C-Sep=0.20, ║∇J║=1.1e-02
-----On 1/20 Initial Guess Perturbations
Iteration 379/3500-----
J=1.3e-02, ⟨Jf⟩=1.3e-03, ⟨B·n⟩=8.0e-03, Len=sum([4.9, 4.6, 4.8])=14.3, ϰ=[8.2, 5.6, 6.6], ∫ϰ²/L>=[7.2, 6.9, 9.0], C-C-Sep=0.20, ║∇J║=1.0e-02
-----On 1/20 Initial Guess Perturbations
Iteration 380/3500-----
J=1.3e-02, ⟨Jf⟩=1.3e-03, ⟨B·n⟩=8.0e-03, Len=sum([4.9, 4.6, 4.8])=14.3, ϰ=[8.2, 5.5, 6.5], ∫ϰ²/L>=[7.1, 6.9, 9.1], C-C-Sep=0.20, ║∇J║=1.2e-02
-----On 1/20 Initial Guess Perturbations
Iteration 381/3500-----
J=1.3e-02, ⟨Jf⟩=1.3e-03, ⟨B·n⟩=8.0e-03, Len=sum([4.9, 4.6, 4.8])=14.3, ϰ=[8.1, 5.6, 6.4], ∫ϰ²/L>=[7.0, 6.9, 9.1], C-C-Sep=0.20, ║∇J║=1.1e-02
-----On 1/20 Initial Guess Perturbations
Iteration 382/3500-----
J=1.3e-02, ⟨Jf⟩=1.3e-03, ⟨B·n⟩=8.0e-03, Len=sum([4.8, 4.6, 4.8])=14.3, ϰ=[8.0, 5.7, 6.4], ∫ϰ²/L>=[7.0, 6.8, 9.1], C-C-Sep=0.20, ║∇J║=9.9e-03
-----On 1/20 Initial Guess Perturbations
Iteration 383/3500-----
J=1.3e-02, ⟨Jf⟩=1.3e-03, ⟨B·n⟩=8.0e-03, Len=sum([4.8, 4.6, 4.8])=14.3, ϰ=[7.9, 5.8, 6.5], ∫ϰ²/L>=[6.9, 6.8, 9.1], C-C-Sep=0.20, ║∇J║=9.5e-03
-----On 1/20 Initial Guess Perturbations
Iteration 384/3500-----
J=1.3e-02, ⟨Jf⟩=1.3e-03, ⟨B·n⟩=8.1e-03, Len=sum([4.8, 4.6, 4.8])=14.3, ϰ=[7.8, 5.9, 6.6], ∫ϰ²/L>=[6.8, 6.8, 9.1], C-C-Sep=0.20, ║∇J║=9.5e-03
-----On 1/20 Initial Guess Perturbations
Iteration 385/3500-----
J=1.3e-02, ⟨Jf⟩=1.3e-03, ⟨B·n⟩=8.1e-03, Len=sum([4.8, 4.6, 4.8])=14.3, ϰ=[7.7, 5.9, 6.8], ∫ϰ²/L>=[6.7, 6.7, 9.1], C-C-Sep=0.20, ║∇J║=9.0e-03
-----On 1/20 Initial Guess Perturbations
Iteration 386/3500-----
J=1.3e-02, ⟨Jf⟩=1.3e-03, ⟨B·n⟩=8.1e-03, Len=sum([4.8, 4.6, 4.8])=14.3, ϰ=[7.7, 5.9, 6.9], ∫ϰ²/L>=[6.6, 6.7, 9.1], C-C-Sep=0.20, ║∇J║=9.2e-03
-----On 1/20 Initial Guess Perturbations
Iteration 387/3500-----
J=1.3e-02, ⟨Jf⟩=1.3e-03, ⟨B·n⟩=8.1e-03, Len=sum([4.8, 4.6, 4.8])=14.3, ϰ=[7.5, 5.9, 6.9], ∫ϰ²/L>=[6.5, 6.7, 9.2], C-C-Sep=0.20, ║∇J║=7.9e-03
-----On 1/20 Initial Guess Perturbations
Iteration 388/3500-----
J=1.3e-02, ⟨Jf⟩=1.3e-03, ⟨B·n⟩=8.1e-03, Len=sum([4.8, 4.6, 4.8])=14.3, ϰ=[7.5, 6.0, 6.9], ∫ϰ²/L>=[6.4, 6.7, 9.2], C-C-Sep=0.20, ║∇J║=8.0e-03
-----On 1/20 Initial Guess Perturbations
Iteration 389/3500-----
J=1.3e-02, ⟨Jf⟩=1.3e-03, ⟨B·n⟩=8.1e-03, Len=sum([4.8, 4.6, 4.8])=14.2, ϰ=[7.4, 6.2, 6.8], ∫ϰ²/L>=[6.2, 6.7, 9.2], C-C-Sep=0.20, ║∇J║=8.4e-03
-----On 1/20 Initial Guess Perturbations
Iteration 390/3500-----
J=1.3e-02, ⟨Jf⟩=1.3e-03, ⟨B·n⟩=8.1e-03, Len=sum([4.8, 4.6, 4.8])=14.2, ϰ=[7.5, 6.3, 6.9], ∫ϰ²/L>=[6.2, 6.7, 9.1], C-C-Sep=0.20, ║∇J║=8.7e-03
-----On 1/20 Initial Guess Perturbations
Iteration 391/3500-----
J=1.3e-02, ⟨Jf⟩=1.3e-03, ⟨B·n⟩=8.1e-03, Len=sum([4.8, 4.6, 4.8])=14.2, ϰ=[7.4, 6.4, 6.9], ∫ϰ²/L>=[6.1, 6.7, 9.1], C-C-Sep=0.20, ║∇J║=7.4e-03
-----On 1/20 Initial Guess Perturbations
Iteration 392/3500-----
J=1.3e-02, ⟨Jf⟩=1.3e-03, ⟨B·n⟩=8.1e-03, Len=sum([4.8, 4.6, 4.8])=14.2, ϰ=[7.4, 6.4, 6.9], ∫ϰ²/L>=[6.1, 6.7, 9.1], C-C-Sep=0.20, ║∇J║=6.2e-03
-----On 1/20 Initial Guess Perturbations
Iteration 393/3500-----
J=1.3e-02, ⟨Jf⟩=1.3e-03, ⟨B·n⟩=8.1e-03, Len=sum([4.8, 4.6, 4.8])=14.2, ϰ=[7.3, 6.3, 6.8], ∫ϰ²/L>=[6.0, 6.7, 9.1], C-C-Sep=0.20, ║∇J║=6.2e-03
-----On 1/20 Initial Guess Perturbations
Iteration 394/3500-----
J=1.3e-02, ⟨Jf⟩=1.3e-03, ⟨B·n⟩=8.1e-03, Len=sum([4.8, 4.6, 4.8])=14.2, ϰ=[7.2, 6.2, 6.8], ∫ϰ²/L>=[6.0, 6.7, 9.1], C-C-Sep=0.20, ║∇J║=6.4e-03
-----On 1/20 Initial Guess Perturbations
Iteration 395/3500-----
J=1.3e-02, ⟨Jf⟩=1.3e-03, ⟨B·n⟩=8.1e-03, Len=sum([4.8, 4.6, 4.8])=14.2, ϰ=[7.1, 6.0, 6.8], ∫ϰ²/L>=[6.0, 6.7, 9.2], C-C-Sep=0.20, ║∇J║=6.6e-03
-----On 1/20 Initial Guess Perturbations
Iteration 396/3500-----
J=1.3e-02, ⟨Jf⟩=1.3e-03, ⟨B·n⟩=8.1e-03, Len=sum([4.8, 4.6, 4.8])=14.2, ϰ=[7.0, 5.9, 6.7], ∫ϰ²/L>=[5.9, 6.8, 9.2], C-C-Sep=0.20, ║∇J║=6.4e-03
-----On 1/20 Initial Guess Perturbations
Iteration 397/3500-----
J=1.3e-02, ⟨Jf⟩=1.3e-03, ⟨B·n⟩=8.1e-03, Len=sum([4.8, 4.6, 4.8])=14.2, ϰ=[6.9, 5.8, 6.7], ∫ϰ²/L>=[5.9, 6.8, 9.1], C-C-Sep=0.20, ║∇J║=6.2e-03
-----On 1/20 Initial Guess Perturbations
Iteration 398/3500-----
J=1.3e-02, ⟨Jf⟩=1.3e-03, ⟨B·n⟩=8.1e-03, Len=sum([4.8, 4.6, 4.8])=14.2, ϰ=[6.7, 5.8, 6.7], ∫ϰ²/L>=[5.9, 6.8, 9.1], C-C-Sep=0.20, ║∇J║=6.7e-03
-----On 1/20 Initial Guess Perturbations
Iteration 399/3500-----
J=1.3e-02, ⟨Jf⟩=1.3e-03, ⟨B·n⟩=8.1e-03, Len=sum([4.8, 4.6, 4.8])=14.2, ϰ=[6.6, 5.7, 6.7], ∫ϰ²/L>=[5.9, 6.8, 9.1], C-C-Sep=0.20, ║∇J║=5.4e-03
-----On 1/20 Initial Guess Perturbations
Iteration 400/3500-----
J=1.3e-02, ⟨Jf⟩=1.3e-03, ⟨B·n⟩=8.1e-03, Len=sum([4.8, 4.6, 4.8])=14.2, ϰ=[6.6, 5.7, 6.8], ∫ϰ²/L>=[5.8, 6.8, 9.1], C-C-Sep=0.20, ║∇J║=5.2e-03
-----On 1/20 Initial Guess Perturbations
Iteration 401/3500-----
J=1.3e-02, ⟨Jf⟩=1.3e-03, ⟨B·n⟩=8.1e-03, Len=sum([4.8, 4.6, 4.8])=14.2, ϰ=[6.5, 5.6, 6.8], ∫ϰ²/L>=[5.8, 6.8, 9.1], C-C-Sep=0.20, ║∇J║=5.7e-03
-----On 1/20 Initial Guess Perturbations
Iteration 402/3500-----
J=1.3e-02, ⟨Jf⟩=1.3e-03, ⟨B·n⟩=8.1e-03, Len=sum([4.8, 4.6, 4.8])=14.2, ϰ=[6.4, 5.6, 6.8], ∫ϰ²/L>=[5.7, 6.8, 9.1], C-C-Sep=0.20, ║∇J║=6.5e-03
-----On 1/20 Initial Guess Perturbations
Iteration 403/3500-----
J=1.3e-02, ⟨Jf⟩=1.3e-03, ⟨B·n⟩=8.1e-03, Len=sum([4.8, 4.6, 4.8])=14.2, ϰ=[6.4, 5.6, 6.8], ∫ϰ²/L>=[5.6, 6.8, 9.1], C-C-Sep=0.20, ║∇J║=5.0e-03
-----On 1/20 Initial Guess Perturbations
Iteration 404/3500-----
J=1.3e-02, ⟨Jf⟩=1.3e-03, ⟨B·n⟩=8.1e-03, Len=sum([4.8, 4.6, 4.8])=14.2, ϰ=[6.4, 5.7, 6.7], ∫ϰ²/L>=[5.6, 6.8, 9.0], C-C-Sep=0.20, ║∇J║=5.3e-03
-----On 1/20 Initial Guess Perturbations
Iteration 405/3500-----
J=1.3e-02, ⟨Jf⟩=1.3e-03, ⟨B·n⟩=8.1e-03, Len=sum([4.8, 4.6, 4.8])=14.2, ϰ=[6.4, 5.8, 6.7], ∫ϰ²/L>=[5.5, 6.8, 9.0], C-C-Sep=0.20, ║∇J║=6.9e-03
-----On 1/20 Initial Guess Perturbations
Iteration 406/3500-----
J=1.3e-02, ⟨Jf⟩=1.3e-03, ⟨B·n⟩=8.1e-03, Len=sum([4.8, 4.6, 4.8])=14.2, ϰ=[6.4, 5.9, 6.6], ∫ϰ²/L>=[5.5, 6.9, 9.0], C-C-Sep=0.20, ║∇J║=5.0e-03
-----On 1/20 Initial Guess Perturbations
Iteration 407/3500-----
J=1.3e-02, ⟨Jf⟩=1.3e-03, ⟨B·n⟩=8.1e-03, Len=sum([4.8, 4.6, 4.8])=14.2, ϰ=[6.4, 6.0, 6.6], ∫ϰ²/L>=[5.5, 6.9, 9.0], C-C-Sep=0.20, ║∇J║=4.3e-03
-----On 1/20 Initial Guess Perturbations
Iteration 408/3500-----
J=1.3e-02, ⟨Jf⟩=1.3e-03, ⟨B·n⟩=8.1e-03, Len=sum([4.8, 4.6, 4.8])=14.2, ϰ=[6.4, 6.0, 6.6], ∫ϰ²/L>=[5.4, 6.9, 9.0], C-C-Sep=0.20, ║∇J║=4.8e-03
-----On 1/20 Initial Guess Perturbations
Iteration 409/3500-----
J=1.3e-02, ⟨Jf⟩=1.3e-03, ⟨B·n⟩=8.1e-03, Len=sum([4.8, 4.6, 4.8])=14.2, ϰ=[6.3, 6.0, 6.6], ∫ϰ²/L>=[5.4, 6.9, 9.1], C-C-Sep=0.20, ║∇J║=6.1e-03
-----On 1/20 Initial Guess Perturbations
Iteration 410/3500-----
J=1.3e-02, ⟨Jf⟩=1.3e-03, ⟨B·n⟩=8.1e-03, Len=sum([4.8, 4.6, 4.8])=14.2, ϰ=[6.4, 6.0, 6.6], ∫ϰ²/L>=[5.4, 6.9, 9.1], C-C-Sep=0.20, ║∇J║=5.2e-03
-----On 1/20 Initial Guess Perturbations
Iteration 411/3500-----
J=1.3e-02, ⟨Jf⟩=1.3e-03, ⟨B·n⟩=8.1e-03, Len=sum([4.8, 4.6, 4.8])=14.2, ϰ=[6.3, 6.0, 6.6], ∫ϰ²/L>=[5.4, 6.9, 9.1], C-C-Sep=0.20, ║∇J║=4.9e-03
-----On 1/20 Initial Guess Perturbations
Iteration 412/3500-----
J=1.3e-02, ⟨Jf⟩=1.3e-03, ⟨B·n⟩=8.1e-03, Len=sum([4.8, 4.6, 4.8])=14.2, ϰ=[6.3, 5.9, 6.6], ∫ϰ²/L>=[5.4, 6.9, 9.1], C-C-Sep=0.20, ║∇J║=4.6e-03
-----On 1/20 Initial Guess Perturbations
Iteration 413/3500-----
J=1.3e-02, ⟨Jf⟩=1.3e-03, ⟨B·n⟩=8.1e-03, Len=sum([4.8, 4.6, 4.8])=14.2, ϰ=[6.2, 5.9, 6.6], ∫ϰ²/L>=[5.4, 6.9, 9.1], C-C-Sep=0.20, ║∇J║=4.1e-03
-----On 1/20 Initial Guess Perturbations
Iteration 414/3500-----
J=1.3e-02, ⟨Jf⟩=1.3e-03, ⟨B·n⟩=8.1e-03, Len=sum([4.8, 4.6, 4.8])=14.2, ϰ=[6.2, 5.9, 6.7], ∫ϰ²/L>=[5.4, 6.9, 9.0], C-C-Sep=0.20, ║∇J║=3.7e-03
-----On 1/20 Initial Guess Perturbations
Iteration 415/3500-----
J=1.3e-02, ⟨Jf⟩=1.3e-03, ⟨B·n⟩=8.1e-03, Len=sum([4.8, 4.6, 4.8])=14.2, ϰ=[6.2, 5.8, 6.7], ∫ϰ²/L>=[5.4, 6.9, 9.1], C-C-Sep=0.20, ║∇J║=3.7e-03
-----On 1/20 Initial Guess Perturbations
Iteration 416/3500-----
J=1.3e-02, ⟨Jf⟩=1.3e-03, ⟨B·n⟩=8.1e-03, Len=sum([4.8, 4.6, 4.8])=14.2, ϰ=[6.3, 5.8, 6.7], ∫ϰ²/L>=[5.4, 6.9, 9.0], C-C-Sep=0.20, ║∇J║=3.4e-03
-----On 1/20 Initial Guess Perturbations
Iteration 417/3500-----
J=1.3e-02, ⟨Jf⟩=1.3e-03, ⟨B·n⟩=8.1e-03, Len=sum([4.8, 4.6, 4.8])=14.2, ϰ=[6.3, 5.8, 6.7], ∫ϰ²/L>=[5.4, 6.9, 9.0], C-C-Sep=0.20, ║∇J║=4.6e-03
-----On 1/20 Initial Guess Perturbations
Iteration 418/3500-----
J=1.3e-02, ⟨Jf⟩=1.3e-03, ⟨B·n⟩=8.1e-03, Len=sum([4.8, 4.6, 4.8])=14.2, ϰ=[6.4, 5.7, 6.7], ∫ϰ²/L>=[5.4, 6.9, 9.0], C-C-Sep=0.20, ║∇J║=3.3e-03
-----On 1/20 Initial Guess Perturbations
Iteration 419/3500-----
J=1.3e-02, ⟨Jf⟩=1.3e-03, ⟨B·n⟩=8.1e-03, Len=sum([4.8, 4.6, 4.8])=14.2, ϰ=[6.4, 5.7, 6.7], ∫ϰ²/L>=[5.4, 6.9, 9.0], C-C-Sep=0.20, ║∇J║=3.0e-03
-----On 1/20 Initial Guess Perturbations
Iteration 420/3500-----
J=1.3e-02, ⟨Jf⟩=1.3e-03, ⟨B·n⟩=8.1e-03, Len=sum([4.8, 4.6, 4.8])=14.2, ϰ=[6.4, 5.7, 6.7], ∫ϰ²/L>=[5.4, 6.9, 9.0], C-C-Sep=0.20, ║∇J║=3.7e-03
-----On 1/20 Initial Guess Perturbations
Iteration 421/3500-----
J=1.3e-02, ⟨Jf⟩=1.3e-03, ⟨B·n⟩=8.1e-03, Len=sum([4.8, 4.6, 4.8])=14.2, ϰ=[6.5, 5.7, 6.7], ∫ϰ²/L>=[5.4, 6.9, 9.1], C-C-Sep=0.20, ║∇J║=4.5e-03
-----On 1/20 Initial Guess Perturbations
Iteration 422/3500-----
J=1.3e-02, ⟨Jf⟩=1.3e-03, ⟨B·n⟩=8.2e-03, Len=sum([4.8, 4.6, 4.8])=14.2, ϰ=[6.5, 5.7, 6.7], ∫ϰ²/L>=[5.4, 6.9, 9.1], C-C-Sep=0.20, ║∇J║=2.8e-03
-----On 1/20 Initial Guess Perturbations
Iteration 423/3500-----
J=1.3e-02, ⟨Jf⟩=1.3e-03, ⟨B·n⟩=8.2e-03, Len=sum([4.8, 4.6, 4.8])=14.2, ϰ=[6.5, 5.7, 6.8], ∫ϰ²/L>=[5.4, 6.9, 9.1], C-C-Sep=0.20, ║∇J║=2.7e-03
-----On 1/20 Initial Guess Perturbations
Iteration 424/3500-----
J=1.3e-02, ⟨Jf⟩=1.3e-03, ⟨B·n⟩=8.2e-03, Len=sum([4.8, 4.6, 4.8])=14.2, ϰ=[6.5, 5.7, 6.8], ∫ϰ²/L>=[5.4, 6.9, 9.1], C-C-Sep=0.20, ║∇J║=4.0e-03
-----On 1/20 Initial Guess Perturbations
Iteration 425/3500-----
J=1.3e-02, ⟨Jf⟩=1.3e-03, ⟨B·n⟩=8.2e-03, Len=sum([4.8, 4.6, 4.8])=14.2, ϰ=[6.4, 5.8, 6.7], ∫ϰ²/L>=[5.4, 6.9, 9.1], C-C-Sep=0.20, ║∇J║=2.9e-03
-----On 1/20 Initial Guess Perturbations
Iteration 426/3500-----
J=1.3e-02, ⟨Jf⟩=1.3e-03, ⟨B·n⟩=8.2e-03, Len=sum([4.8, 4.6, 4.8])=14.2, ϰ=[6.3, 5.8, 6.7], ∫ϰ²/L>=[5.4, 6.9, 9.1], C-C-Sep=0.20, ║∇J║=2.7e-03
-----On 1/20 Initial Guess Perturbations
Iteration 427/3500-----
J=1.3e-02, ⟨Jf⟩=1.3e-03, ⟨B·n⟩=8.2e-03, Len=sum([4.8, 4.6, 4.8])=14.2, ϰ=[6.2, 5.9, 6.7], ∫ϰ²/L>=[5.4, 6.9, 9.1], C-C-Sep=0.20, ║∇J║=3.2e-03
-----On 1/20 Initial Guess Perturbations
Iteration 428/3500-----
J=1.3e-02, ⟨Jf⟩=1.3e-03, ⟨B·n⟩=8.2e-03, Len=sum([4.8, 4.6, 4.8])=14.2, ϰ=[6.2, 6.0, 6.7], ∫ϰ²/L>=[5.4, 6.9, 9.1], C-C-Sep=0.20, ║∇J║=2.7e-03
-----On 1/20 Initial Guess Perturbations
Iteration 429/3500-----
J=1.3e-02, ⟨Jf⟩=1.3e-03, ⟨B·n⟩=8.2e-03, Len=sum([4.8, 4.6, 4.8])=14.2, ϰ=[6.1, 6.0, 6.7], ∫ϰ²/L>=[5.3, 6.9, 9.1], C-C-Sep=0.20, ║∇J║=2.5e-03
-----On 1/20 Initial Guess Perturbations
Iteration 430/3500-----
J=1.3e-02, ⟨Jf⟩=1.3e-03, ⟨B·n⟩=8.2e-03, Len=sum([4.8, 4.6, 4.8])=14.2, ϰ=[6.2, 5.9, 6.7], ∫ϰ²/L>=[5.3, 6.9, 9.1], C-C-Sep=0.20, ║∇J║=3.1e-03
-----On 1/20 Initial Guess Perturbations
Iteration 431/3500-----
J=1.3e-02, ⟨Jf⟩=1.3e-03, ⟨B·n⟩=8.2e-03, Len=sum([4.8, 4.6, 4.8])=14.2, ϰ=[6.2, 5.9, 6.8], ∫ϰ²/L>=[5.3, 6.8, 9.1], C-C-Sep=0.20, ║∇J║=2.6e-03
-----On 1/20 Initial Guess Perturbations
Iteration 432/3500-----
J=1.3e-02, ⟨Jf⟩=1.3e-03, ⟨B·n⟩=8.2e-03, Len=sum([4.8, 4.6, 4.8])=14.2, ϰ=[6.3, 5.9, 6.8], ∫ϰ²/L>=[5.3, 6.8, 9.1], C-C-Sep=0.20, ║∇J║=2.4e-03
-----On 1/20 Initial Guess Perturbations
Iteration 433/3500-----
J=1.3e-02, ⟨Jf⟩=1.3e-03, ⟨B·n⟩=8.2e-03, Len=sum([4.8, 4.6, 4.8])=14.2, ϰ=[6.3, 5.9, 6.9], ∫ϰ²/L>=[5.3, 6.8, 9.1], C-C-Sep=0.20, ║∇J║=3.6e-03
-----On 1/20 Initial Guess Perturbations
Iteration 434/3500-----
J=1.3e-02, ⟨Jf⟩=1.3e-03, ⟨B·n⟩=8.2e-03, Len=sum([4.8, 4.6, 4.8])=14.2, ϰ=[6.3, 6.0, 6.9], ∫ϰ²/L>=[5.3, 6.8, 9.1], C-C-Sep=0.20, ║∇J║=2.0e-03
-----On 1/20 Initial Guess Perturbations
Iteration 435/3500-----
J=1.3e-02, ⟨Jf⟩=1.3e-03, ⟨B·n⟩=8.2e-03, Len=sum([4.8, 4.6, 4.8])=14.2, ϰ=[6.3, 6.0, 6.9], ∫ϰ²/L>=[5.3, 6.9, 9.1], C-C-Sep=0.20, ║∇J║=2.1e-03
-----On 1/20 Initial Guess Perturbations
Iteration 436/3500-----
J=1.3e-02, ⟨Jf⟩=1.3e-03, ⟨B·n⟩=8.2e-03, Len=sum([4.8, 4.6, 4.8])=14.2, ϰ=[6.3, 6.0, 6.9], ∫ϰ²/L>=[5.3, 6.9, 9.1], C-C-Sep=0.20, ║∇J║=2.4e-03
-----On 1/20 Initial Guess Perturbations
Iteration 437/3500-----
J=1.3e-02, ⟨Jf⟩=1.3e-03, ⟨B·n⟩=8.2e-03, Len=sum([4.8, 4.6, 4.8])=14.1, ϰ=[6.2, 6.0, 6.9], ∫ϰ²/L>=[5.2, 6.9, 9.2], C-C-Sep=0.20, ║∇J║=3.1e-03
-----On 1/20 Initial Guess Perturbations
Iteration 438/3500-----
J=1.3e-02, ⟨Jf⟩=1.3e-03, ⟨B·n⟩=8.2e-03, Len=sum([4.8, 4.6, 4.8])=14.1, ϰ=[6.2, 6.0, 6.9], ∫ϰ²/L>=[5.2, 6.9, 9.2], C-C-Sep=0.20, ║∇J║=2.0e-03
-----On 1/20 Initial Guess Perturbations
Iteration 439/3500-----
J=1.3e-02, ⟨Jf⟩=1.3e-03, ⟨B·n⟩=8.2e-03, Len=sum([4.8, 4.6, 4.8])=14.1, ϰ=[6.2, 6.0, 6.9], ∫ϰ²/L>=[5.2, 6.9, 9.2], C-C-Sep=0.20, ║∇J║=1.8e-03
-----On 1/20 Initial Guess Perturbations
Iteration 440/3500-----
J=1.3e-02, ⟨Jf⟩=1.3e-03, ⟨B·n⟩=8.2e-03, Len=sum([4.8, 4.6, 4.8])=14.1, ϰ=[6.2, 6.0, 6.8], ∫ϰ²/L>=[5.2, 6.9, 9.2], C-C-Sep=0.20, ║∇J║=2.3e-03
-----On 1/20 Initial Guess Perturbations
Iteration 441/3500-----
J=1.3e-02, ⟨Jf⟩=1.3e-03, ⟨B·n⟩=8.2e-03, Len=sum([4.8, 4.6, 4.8])=14.1, ϰ=[6.2, 5.9, 6.8], ∫ϰ²/L>=[5.2, 6.9, 9.2], C-C-Sep=0.20, ║∇J║=2.4e-03
-----On 1/20 Initial Guess Perturbations
Iteration 442/3500-----
J=1.3e-02, ⟨Jf⟩=1.3e-03, ⟨B·n⟩=8.2e-03, Len=sum([4.8, 4.6, 4.8])=14.1, ϰ=[6.2, 5.9, 6.8], ∫ϰ²/L>=[5.2, 6.9, 9.2], C-C-Sep=0.20, ║∇J║=2.8e-03
-----On 1/20 Initial Guess Perturbations
Iteration 443/3500-----
J=1.3e-02, ⟨Jf⟩=1.3e-03, ⟨B·n⟩=8.2e-03, Len=sum([4.8, 4.6, 4.8])=14.1, ϰ=[6.2, 5.9, 6.8], ∫ϰ²/L>=[5.2, 6.9, 9.2], C-C-Sep=0.20, ║∇J║=1.8e-03
-----On 1/20 Initial Guess Perturbations
Iteration 444/3500-----
J=1.3e-02, ⟨Jf⟩=1.3e-03, ⟨B·n⟩=8.2e-03, Len=sum([4.8, 4.6, 4.8])=14.1, ϰ=[6.2, 5.9, 6.8], ∫ϰ²/L>=[5.2, 6.9, 9.2], C-C-Sep=0.20, ║∇J║=1.8e-03
-----On 1/20 Initial Guess Perturbations
Iteration 445/3500-----
J=1.3e-02, ⟨Jf⟩=1.3e-03, ⟨B·n⟩=8.2e-03, Len=sum([4.8, 4.6, 4.8])=14.1, ϰ=[6.2, 5.9, 6.8], ∫ϰ²/L>=[5.2, 6.9, 9.2], C-C-Sep=0.20, ║∇J║=2.0e-03
-----On 1/20 Initial Guess Perturbations
Iteration 446/3500-----
J=1.3e-02, ⟨Jf⟩=1.3e-03, ⟨B·n⟩=8.2e-03, Len=sum([4.8, 4.6, 4.7])=14.1, ϰ=[6.2, 5.9, 6.8], ∫ϰ²/L>=[5.2, 6.9, 9.2], C-C-Sep=0.20, ║∇J║=3.0e-03
-----On 1/20 Initial Guess Perturbations
Iteration 447/3500-----
J=1.3e-02, ⟨Jf⟩=1.3e-03, ⟨B·n⟩=8.2e-03, Len=sum([4.8, 4.6, 4.7])=14.1, ϰ=[6.2, 5.8, 6.8], ∫ϰ²/L>=[5.2, 7.0, 9.2], C-C-Sep=0.20, ║∇J║=1.9e-03
-----On 1/20 Initial Guess Perturbations
Iteration 448/3500-----
J=1.3e-02, ⟨Jf⟩=1.3e-03, ⟨B·n⟩=8.2e-03, Len=sum([4.8, 4.6, 4.7])=14.1, ϰ=[6.2, 5.8, 6.8], ∫ϰ²/L>=[5.2, 7.0, 9.2], C-C-Sep=0.20, ║∇J║=1.6e-03
-----On 1/20 Initial Guess Perturbations
Iteration 449/3500-----
J=1.3e-02, ⟨Jf⟩=1.3e-03, ⟨B·n⟩=8.2e-03, Len=sum([4.8, 4.6, 4.7])=14.1, ϰ=[6.2, 5.8, 6.8], ∫ϰ²/L>=[5.2, 7.0, 9.2], C-C-Sep=0.20, ║∇J║=2.0e-03
-----On 1/20 Initial Guess Perturbations
Iteration 450/3500-----
J=1.3e-02, ⟨Jf⟩=1.3e-03, ⟨B·n⟩=8.2e-03, Len=sum([4.8, 4.6, 4.7])=14.1, ϰ=[6.2, 5.8, 6.8], ∫ϰ²/L>=[5.2, 7.0, 9.2], C-C-Sep=0.20, ║∇J║=2.1e-03
-----On 1/20 Initial Guess Perturbations
Iteration 451/3500-----
J=1.3e-02, ⟨Jf⟩=1.3e-03, ⟨B·n⟩=8.2e-03, Len=sum([4.8, 4.6, 4.7])=14.1, ϰ=[6.2, 5.8, 6.9], ∫ϰ²/L>=[5.2, 7.0, 9.2], C-C-Sep=0.20, ║∇J║=2.0e-03
-----On 1/20 Initial Guess Perturbations
Iteration 452/3500-----
J=1.3e-02, ⟨Jf⟩=1.3e-03, ⟨B·n⟩=8.2e-03, Len=sum([4.8, 4.6, 4.7])=14.1, ϰ=[6.1, 5.9, 6.9], ∫ϰ²/L>=[5.2, 7.0, 9.2], C-C-Sep=0.20, ║∇J║=2.4e-03
-----On 1/20 Initial Guess Perturbations
Iteration 453/3500-----
J=1.3e-02, ⟨Jf⟩=1.3e-03, ⟨B·n⟩=8.2e-03, Len=sum([4.8, 4.6, 4.7])=14.1, ϰ=[6.1, 5.9, 6.9], ∫ϰ²/L>=[5.2, 7.0, 9.2], C-C-Sep=0.20, ║∇J║=2.2e-03
-----On 1/20 Initial Guess Perturbations
Iteration 454/3500-----
J=1.3e-02, ⟨Jf⟩=1.3e-03, ⟨B·n⟩=8.2e-03, Len=sum([4.8, 4.6, 4.7])=14.1, ϰ=[6.1, 5.9, 6.9], ∫ϰ²/L>=[5.2, 7.0, 9.2], C-C-Sep=0.20, ║∇J║=1.8e-03
-----On 1/20 Initial Guess Perturbations
Iteration 455/3500-----
J=1.3e-02, ⟨Jf⟩=1.3e-03, ⟨B·n⟩=8.2e-03, Len=sum([4.8, 4.6, 4.7])=14.1, ϰ=[6.1, 5.9, 6.9], ∫ϰ²/L>=[5.2, 7.0, 9.2], C-C-Sep=0.20, ║∇J║=2.0e-03
-----On 1/20 Initial Guess Perturbations
Iteration 456/3500-----
J=1.3e-02, ⟨Jf⟩=1.3e-03, ⟨B·n⟩=8.2e-03, Len=sum([4.8, 4.6, 4.7])=14.1, ϰ=[6.1, 6.0, 7.0], ∫ϰ²/L>=[5.2, 7.0, 9.2], C-C-Sep=0.20, ║∇J║=2.3e-03
-----On 1/20 Initial Guess Perturbations
Iteration 457/3500-----
J=1.3e-02, ⟨Jf⟩=1.3e-03, ⟨B·n⟩=8.2e-03, Len=sum([4.8, 4.6, 4.7])=14.1, ϰ=[6.1, 6.0, 7.0], ∫ϰ²/L>=[5.2, 7.1, 9.2], C-C-Sep=0.20, ║∇J║=2.0e-03
-----On 1/20 Initial Guess Perturbations
Iteration 458/3500-----
J=1.3e-02, ⟨Jf⟩=1.3e-03, ⟨B·n⟩=8.2e-03, Len=sum([4.8, 4.6, 4.7])=14.1, ϰ=[6.2, 6.1, 7.0], ∫ϰ²/L>=[5.2, 7.1, 9.3], C-C-Sep=0.20, ║∇J║=2.3e-03
-----On 1/20 Initial Guess Perturbations
Iteration 459/3500-----
J=1.3e-02, ⟨Jf⟩=1.3e-03, ⟨B·n⟩=8.2e-03, Len=sum([4.8, 4.6, 4.7])=14.1, ϰ=[6.2, 6.1, 7.0], ∫ϰ²/L>=[5.2, 7.1, 9.3], C-C-Sep=0.20, ║∇J║=2.2e-03
-----On 1/20 Initial Guess Perturbations
Iteration 460/3500-----
J=1.3e-02, ⟨Jf⟩=1.3e-03, ⟨B·n⟩=8.2e-03, Len=sum([4.8, 4.6, 4.7])=14.1, ϰ=[6.2, 6.1, 7.0], ∫ϰ²/L>=[5.2, 7.1, 9.3], C-C-Sep=0.20, ║∇J║=2.0e-03
-----On 1/20 Initial Guess Perturbations
Iteration 461/3500-----
J=1.3e-02, ⟨Jf⟩=1.3e-03, ⟨B·n⟩=8.2e-03, Len=sum([4.8, 4.6, 4.7])=14.1, ϰ=[6.2, 6.1, 7.0], ∫ϰ²/L>=[5.2, 7.1, 9.3], C-C-Sep=0.20, ║∇J║=2.7e-03
-----On 1/20 Initial Guess Perturbations
Iteration 462/3500-----
J=1.3e-02, ⟨Jf⟩=1.3e-03, ⟨B·n⟩=8.2e-03, Len=sum([4.8, 4.6, 4.7])=14.1, ϰ=[6.2, 6.1, 7.1], ∫ϰ²/L>=[5.2, 7.1, 9.3], C-C-Sep=0.20, ║∇J║=2.7e-03
-----On 1/20 Initial Guess Perturbations
Iteration 463/3500-----
J=1.3e-02, ⟨Jf⟩=1.3e-03, ⟨B·n⟩=8.2e-03, Len=sum([4.8, 4.6, 4.7])=14.1, ϰ=[6.2, 6.1, 7.1], ∫ϰ²/L>=[5.2, 7.1, 9.3], C-C-Sep=0.20, ║∇J║=1.9e-03
-----On 1/20 Initial Guess Perturbations
Iteration 464/3500-----
J=1.3e-02, ⟨Jf⟩=1.3e-03, ⟨B·n⟩=8.2e-03, Len=sum([4.8, 4.6, 4.7])=14.1, ϰ=[6.2, 6.1, 7.1], ∫ϰ²/L>=[5.2, 7.2, 9.3], C-C-Sep=0.20, ║∇J║=2.2e-03
-----On 1/20 Initial Guess Perturbations
Iteration 465/3500-----
J=1.3e-02, ⟨Jf⟩=1.3e-03, ⟨B·n⟩=8.2e-03, Len=sum([4.8, 4.6, 4.7])=14.1, ϰ=[6.2, 6.1, 7.1], ∫ϰ²/L>=[5.2, 7.1, 9.3], C-C-Sep=0.20, ║∇J║=2.6e-03
-----On 1/20 Initial Guess Perturbations
Iteration 466/3500-----
J=1.3e-02, ⟨Jf⟩=1.3e-03, ⟨B·n⟩=8.2e-03, Len=sum([4.8, 4.6, 4.7])=14.1, ϰ=[6.2, 6.1, 7.2], ∫ϰ²/L>=[5.2, 7.2, 9.4], C-C-Sep=0.20, ║∇J║=2.5e-03
-----On 1/20 Initial Guess Perturbations
Iteration 467/3500-----
J=1.3e-02, ⟨Jf⟩=1.3e-03, ⟨B·n⟩=8.2e-03, Len=sum([4.8, 4.6, 4.7])=14.1, ϰ=[6.2, 6.1, 7.2], ∫ϰ²/L>=[5.2, 7.2, 9.4], C-C-Sep=0.20, ║∇J║=2.6e-03
-----On 1/20 Initial Guess Perturbations
Iteration 468/3500-----
J=1.3e-02, ⟨Jf⟩=1.3e-03, ⟨B·n⟩=8.2e-03, Len=sum([4.8, 4.6, 4.7])=14.1, ϰ=[6.3, 6.1, 7.3], ∫ϰ²/L>=[5.2, 7.2, 9.5], C-C-Sep=0.20, ║∇J║=2.8e-03
-----On 1/20 Initial Guess Perturbations
Iteration 469/3500-----
J=1.3e-02, ⟨Jf⟩=1.3e-03, ⟨B·n⟩=8.2e-03, Len=sum([4.8, 4.6, 4.7])=14.1, ϰ=[6.3, 6.1, 7.3], ∫ϰ²/L>=[5.2, 7.2, 9.5], C-C-Sep=0.20, ║∇J║=2.2e-03
-----On 1/20 Initial Guess Perturbations
Iteration 470/3500-----
J=1.3e-02, ⟨Jf⟩=1.3e-03, ⟨B·n⟩=8.2e-03, Len=sum([4.8, 4.6, 4.7])=14.1, ϰ=[6.3, 6.1, 7.3], ∫ϰ²/L>=[5.2, 7.2, 9.5], C-C-Sep=0.20, ║∇J║=2.4e-03
-----On 1/20 Initial Guess Perturbations
Iteration 471/3500-----
J=1.3e-02, ⟨Jf⟩=1.3e-03, ⟨B·n⟩=8.2e-03, Len=sum([4.8, 4.6, 4.7])=14.1, ϰ=[6.2, 6.1, 7.4], ∫ϰ²/L>=[5.2, 7.2, 9.5], C-C-Sep=0.20, ║∇J║=2.8e-03
-----On 1/20 Initial Guess Perturbations
Iteration 472/3500-----
J=1.3e-02, ⟨Jf⟩=1.3e-03, ⟨B·n⟩=8.2e-03, Len=sum([4.8, 4.6, 4.7])=14.1, ϰ=[6.2, 6.1, 7.4], ∫ϰ²/L>=[5.2, 7.2, 9.6], C-C-Sep=0.20, ║∇J║=3.0e-03
-----On 1/20 Initial Guess Perturbations
Iteration 473/3500-----
J=1.3e-02, ⟨Jf⟩=1.3e-03, ⟨B·n⟩=8.2e-03, Len=sum([4.8, 4.6, 4.7])=14.1, ϰ=[6.1, 6.1, 7.5], ∫ϰ²/L>=[5.2, 7.2, 9.6], C-C-Sep=0.20, ║∇J║=2.8e-03
-----On 1/20 Initial Guess Perturbations
Iteration 474/3500-----
J=1.3e-02, ⟨Jf⟩=1.3e-03, ⟨B·n⟩=8.2e-03, Len=sum([4.8, 4.6, 4.7])=14.1, ϰ=[6.1, 6.0, 7.6], ∫ϰ²/L>=[5.2, 7.2, 9.6], C-C-Sep=0.20, ║∇J║=2.7e-03
-----On 1/20 Initial Guess Perturbations
Iteration 475/3500-----
J=1.3e-02, ⟨Jf⟩=1.3e-03, ⟨B·n⟩=8.2e-03, Len=sum([4.8, 4.6, 4.7])=14.1, ϰ=[6.1, 6.0, 7.6], ∫ϰ²/L>=[5.2, 7.2, 9.7], C-C-Sep=0.20, ║∇J║=3.4e-03
-----On 1/20 Initial Guess Perturbations
Iteration 476/3500-----
J=1.3e-02, ⟨Jf⟩=1.3e-03, ⟨B·n⟩=8.2e-03, Len=sum([4.8, 4.6, 4.7])=14.1, ϰ=[6.1, 6.0, 7.7], ∫ϰ²/L>=[5.2, 7.2, 9.7], C-C-Sep=0.20, ║∇J║=2.5e-03
-----On 1/20 Initial Guess Perturbations
Iteration 477/3500-----
J=1.3e-02, ⟨Jf⟩=1.3e-03, ⟨B·n⟩=8.2e-03, Len=sum([4.8, 4.6, 4.7])=14.1, ϰ=[6.1, 6.0, 7.7], ∫ϰ²/L>=[5.2, 7.2, 9.7], C-C-Sep=0.20, ║∇J║=2.3e-03
-----On 1/20 Initial Guess Perturbations
Iteration 478/3500-----
J=1.3e-02, ⟨Jf⟩=1.3e-03, ⟨B·n⟩=8.2e-03, Len=sum([4.8, 4.6, 4.7])=14.1, ϰ=[6.1, 6.0, 7.8], ∫ϰ²/L>=[5.2, 7.3, 9.7], C-C-Sep=0.20, ║∇J║=2.8e-03
-----On 1/20 Initial Guess Perturbations
Iteration 479/3500-----
J=1.3e-02, ⟨Jf⟩=1.3e-03, ⟨B·n⟩=8.2e-03, Len=sum([4.8, 4.6, 4.7])=14.1, ϰ=[6.1, 6.0, 7.8], ∫ϰ²/L>=[5.2, 7.3, 9.7], C-C-Sep=0.20, ║∇J║=3.2e-03
-----On 1/20 Initial Guess Perturbations
Iteration 480/3500-----
J=1.3e-02, ⟨Jf⟩=1.3e-03, ⟨B·n⟩=8.2e-03, Len=sum([4.8, 4.6, 4.7])=14.1, ϰ=[6.1, 6.1, 8.0], ∫ϰ²/L>=[5.3, 7.3, 9.8], C-C-Sep=0.20, ║∇J║=4.5e-03
-----On 1/20 Initial Guess Perturbations
Iteration 481/3500-----
J=1.3e-02, ⟨Jf⟩=1.3e-03, ⟨B·n⟩=8.2e-03, Len=sum([4.8, 4.6, 4.7])=14.1, ϰ=[6.1, 6.1, 8.0], ∫ϰ²/L>=[5.3, 7.3, 9.8], C-C-Sep=0.20, ║∇J║=3.0e-03
-----On 1/20 Initial Guess Perturbations
Iteration 482/3500-----
J=1.3e-02, ⟨Jf⟩=1.3e-03, ⟨B·n⟩=8.2e-03, Len=sum([4.8, 4.6, 4.7])=14.1, ϰ=[6.1, 6.1, 8.1], ∫ϰ²/L>=[5.3, 7.3, 9.8], C-C-Sep=0.20, ║∇J║=2.9e-03
-----On 1/20 Initial Guess Perturbations
Iteration 483/3500-----
J=1.3e-02, ⟨Jf⟩=1.3e-03, ⟨B·n⟩=8.2e-03, Len=sum([4.8, 4.6, 4.7])=14.1, ϰ=[6.1, 6.2, 8.1], ∫ϰ²/L>=[5.3, 7.3, 9.9], C-C-Sep=0.20, ║∇J║=3.5e-03
-----On 1/20 Initial Guess Perturbations
Iteration 484/3500-----
J=1.3e-02, ⟨Jf⟩=1.3e-03, ⟨B·n⟩=8.2e-03, Len=sum([4.8, 4.6, 4.7])=14.1, ϰ=[6.1, 6.2, 8.2], ∫ϰ²/L>=[5.3, 7.4, 10.0], C-C-Sep=0.20, ║∇J║=4.7e-03
-----On 1/20 Initial Guess Perturbations
Iteration 485/3500-----
J=1.3e-02, ⟨Jf⟩=1.3e-03, ⟨B·n⟩=8.2e-03, Len=sum([4.8, 4.6, 4.7])=14.1, ϰ=[6.1, 6.3, 8.3], ∫ϰ²/L>=[5.3, 7.4, 10.0], C-C-Sep=0.20, ║∇J║=3.8e-03
-----On 1/20 Initial Guess Perturbations
Iteration 486/3500-----
J=1.3e-02, ⟨Jf⟩=1.3e-03, ⟨B·n⟩=8.2e-03, Len=sum([4.8, 4.6, 4.7])=14.1, ϰ=[6.1, 6.2, 8.3], ∫ϰ²/L>=[5.3, 7.4, 10.0], C-C-Sep=0.20, ║∇J║=6.7e-03
-----On 1/20 Initial Guess Perturbations
Iteration 487/3500-----
J=1.3e-02, ⟨Jf⟩=1.3e-03, ⟨B·n⟩=8.2e-03, Len=sum([4.8, 4.6, 4.7])=14.1, ϰ=[6.0, 6.2, 8.4], ∫ϰ²/L>=[5.3, 7.4, 10.0], C-C-Sep=0.20, ║∇J║=3.8e-03
-----On 1/20 Initial Guess Perturbations
Iteration 488/3500-----
J=1.3e-02, ⟨Jf⟩=1.3e-03, ⟨B·n⟩=8.1e-03, Len=sum([4.8, 4.6, 4.7])=14.1, ϰ=[6.0, 6.1, 8.4], ∫ϰ²/L>=[5.3, 7.4, 10.1], C-C-Sep=0.20, ║∇J║=4.2e-03
-----On 1/20 Initial Guess Perturbations
Iteration 489/3500-----
J=1.3e-02, ⟨Jf⟩=1.3e-03, ⟨B·n⟩=8.1e-03, Len=sum([4.8, 4.6, 4.7])=14.1, ϰ=[6.0, 6.1, 8.4], ∫ϰ²/L>=[5.3, 7.4, 10.0], C-C-Sep=0.20, ║∇J║=4.2e-03
-----On 1/20 Initial Guess Perturbations
Iteration 490/3500-----
J=1.3e-02, ⟨Jf⟩=1.3e-03, ⟨B·n⟩=8.1e-03, Len=sum([4.8, 4.6, 4.7])=14.1, ϰ=[5.9, 6.0, 8.6], ∫ϰ²/L>=[5.3, 7.4, 10.1], C-C-Sep=0.20, ║∇J║=3.6e-03
-----On 1/20 Initial Guess Perturbations
Iteration 491/3500-----
J=1.3e-02, ⟨Jf⟩=1.3e-03, ⟨B·n⟩=8.1e-03, Len=sum([4.8, 4.6, 4.7])=14.1, ϰ=[5.9, 5.9, 8.6], ∫ϰ²/L>=[5.3, 7.4, 10.1], C-C-Sep=0.20, ║∇J║=4.3e-03
-----On 1/20 Initial Guess Perturbations
Iteration 492/3500-----
J=1.3e-02, ⟨Jf⟩=1.3e-03, ⟨B·n⟩=8.1e-03, Len=sum([4.8, 4.6, 4.7])=14.1, ϰ=[5.9, 5.9, 8.7], ∫ϰ²/L>=[5.3, 7.4, 10.1], C-C-Sep=0.20, ║∇J║=3.1e-03
-----On 1/20 Initial Guess Perturbations
Iteration 493/3500-----
J=1.3e-02, ⟨Jf⟩=1.3e-03, ⟨B·n⟩=8.1e-03, Len=sum([4.8, 4.6, 4.7])=14.1, ϰ=[5.9, 5.9, 8.8], ∫ϰ²/L>=[5.3, 7.4, 10.1], C-C-Sep=0.20, ║∇J║=3.4e-03
-----On 1/20 Initial Guess Perturbations
Iteration 494/3500-----
J=1.3e-02, ⟨Jf⟩=1.3e-03, ⟨B·n⟩=8.1e-03, Len=sum([4.8, 4.6, 4.7])=14.1, ϰ=[5.9, 5.8, 8.9], ∫ϰ²/L>=[5.3, 7.4, 10.2], C-C-Sep=0.20, ║∇J║=3.8e-03
-----On 1/20 Initial Guess Perturbations
Iteration 495/3500-----
J=1.3e-02, ⟨Jf⟩=1.3e-03, ⟨B·n⟩=8.1e-03, Len=sum([4.8, 4.6, 4.7])=14.1, ϰ=[5.9, 5.8, 9.2], ∫ϰ²/L>=[5.3, 7.4, 10.3], C-C-Sep=0.20, ║∇J║=5.6e-03
-----On 1/20 Initial Guess Perturbations
Iteration 496/3500-----
J=1.3e-02, ⟨Jf⟩=1.3e-03, ⟨B·n⟩=8.1e-03, Len=sum([4.8, 4.6, 4.7])=14.1, ϰ=[5.9, 5.8, 9.2], ∫ϰ²/L>=[5.3, 7.4, 10.2], C-C-Sep=0.20, ║∇J║=4.2e-03
-----On 1/20 Initial Guess Perturbations
Iteration 497/3500-----
J=1.3e-02, ⟨Jf⟩=1.3e-03, ⟨B·n⟩=8.1e-03, Len=sum([4.8, 4.6, 4.7])=14.1, ϰ=[5.9, 5.8, 9.2], ∫ϰ²/L>=[5.3, 7.4, 10.2], C-C-Sep=0.20, ║∇J║=3.2e-03
-----On 1/20 Initial Guess Perturbations
Iteration 498/3500-----
J=1.3e-02, ⟨Jf⟩=1.3e-03, ⟨B·n⟩=8.1e-03, Len=sum([4.8, 4.6, 4.7])=14.1, ϰ=[5.9, 5.9, 9.3], ∫ϰ²/L>=[5.3, 7.4, 10.3], C-C-Sep=0.20, ║∇J║=3.5e-03
-----On 1/20 Initial Guess Perturbations
Iteration 499/3500-----
J=1.3e-02, ⟨Jf⟩=1.3e-03, ⟨B·n⟩=8.1e-03, Len=sum([4.8, 4.6, 4.7])=14.1, ϰ=[5.9, 5.9, 9.4], ∫ϰ²/L>=[5.3, 7.5, 10.3], C-C-Sep=0.20, ║∇J║=4.9e-03
-----On 1/20 Initial Guess Perturbations
Iteration 500/3500-----
J=1.3e-02, ⟨Jf⟩=1.3e-03, ⟨B·n⟩=8.1e-03, Len=sum([4.8, 4.6, 4.7])=14.1, ϰ=[5.9, 6.0, 9.4], ∫ϰ²/L>=[5.3, 7.5, 10.3], C-C-Sep=0.20, ║∇J║=3.9e-03
-----On 1/20 Initial Guess Perturbations
Iteration 501/3500-----
J=1.3e-02, ⟨Jf⟩=1.3e-03, ⟨B·n⟩=8.1e-03, Len=sum([4.8, 4.6, 4.7])=14.1, ϰ=[5.9, 6.0, 9.5], ∫ϰ²/L>=[5.3, 7.5, 10.4], C-C-Sep=0.20, ║∇J║=4.0e-03
-----On 1/20 Initial Guess Perturbations
Iteration 502/3500-----
J=1.3e-02, ⟨Jf⟩=1.3e-03, ⟨B·n⟩=8.1e-03, Len=sum([4.8, 4.6, 4.7])=14.1, ϰ=[5.9, 6.0, 9.6], ∫ϰ²/L>=[5.3, 7.6, 10.4], C-C-Sep=0.20, ║∇J║=3.6e-03
-----On 1/20 Initial Guess Perturbations
Iteration 503/3500-----
J=1.3e-02, ⟨Jf⟩=1.3e-03, ⟨B·n⟩=8.1e-03, Len=sum([4.8, 4.6, 4.7])=14.1, ϰ=[5.9, 6.0, 9.6], ∫ϰ²/L>=[5.3, 7.6, 10.4], C-C-Sep=0.20, ║∇J║=3.5e-03
-----On 1/20 Initial Guess Perturbations
Iteration 504/3500-----
J=1.3e-02, ⟨Jf⟩=1.3e-03, ⟨B·n⟩=8.1e-03, Len=sum([4.8, 4.6, 4.7])=14.1, ϰ=[5.8, 6.1, 9.6], ∫ϰ²/L>=[5.3, 7.6, 10.5], C-C-Sep=0.20, ║∇J║=5.3e-03
-----On 1/20 Initial Guess Perturbations
Iteration 505/3500-----
J=1.3e-02, ⟨Jf⟩=1.3e-03, ⟨B·n⟩=8.1e-03, Len=sum([4.8, 4.6, 4.7])=14.1, ϰ=[5.8, 6.1, 9.5], ∫ϰ²/L>=[5.2, 7.6, 10.4], C-C-Sep=0.20, ║∇J║=5.0e-03
-----On 1/20 Initial Guess Perturbations
Iteration 506/3500-----
J=1.3e-02, ⟨Jf⟩=1.3e-03, ⟨B·n⟩=8.1e-03, Len=sum([4.8, 4.6, 4.7])=14.1, ϰ=[5.9, 6.1, 9.6], ∫ϰ²/L>=[5.3, 7.6, 10.4], C-C-Sep=0.20, ║∇J║=4.2e-03
-----On 1/20 Initial Guess Perturbations
Iteration 507/3500-----
J=1.3e-02, ⟨Jf⟩=1.3e-03, ⟨B·n⟩=8.1e-03, Len=sum([4.8, 4.6, 4.7])=14.1, ϰ=[5.9, 6.1, 9.6], ∫ϰ²/L>=[5.3, 7.6, 10.5], C-C-Sep=0.20, ║∇J║=5.0e-03
-----On 1/20 Initial Guess Perturbations
Iteration 508/3500-----
J=1.3e-02, ⟨Jf⟩=1.3e-03, ⟨B·n⟩=8.1e-03, Len=sum([4.8, 4.6, 4.7])=14.1, ϰ=[6.0, 6.1, 9.7], ∫ϰ²/L>=[5.3, 7.6, 10.5], C-C-Sep=0.20, ║∇J║=4.5e-03
-----On 1/20 Initial Guess Perturbations
Iteration 509/3500-----
J=1.3e-02, ⟨Jf⟩=1.3e-03, ⟨B·n⟩=8.1e-03, Len=sum([4.8, 4.6, 4.7])=14.1, ϰ=[6.0, 6.1, 9.8], ∫ϰ²/L>=[5.3, 7.6, 10.5], C-C-Sep=0.20, ║∇J║=3.6e-03
-----On 1/20 Initial Guess Perturbations
Iteration 510/3500-----
J=1.3e-02, ⟨Jf⟩=1.3e-03, ⟨B·n⟩=8.1e-03, Len=sum([4.8, 4.6, 4.7])=14.1, ϰ=[6.1, 6.1, 9.8], ∫ϰ²/L>=[5.3, 7.6, 10.5], C-C-Sep=0.20, ║∇J║=3.3e-03
-----On 1/20 Initial Guess Perturbations
Iteration 511/3500-----
J=1.3e-02, ⟨Jf⟩=1.3e-03, ⟨B·n⟩=8.1e-03, Len=sum([4.8, 4.6, 4.7])=14.1, ϰ=[6.0, 6.1, 9.9], ∫ϰ²/L>=[5.3, 7.6, 10.5], C-C-Sep=0.20, ║∇J║=4.0e-03
-----On 1/20 Initial Guess Perturbations
Iteration 512/3500-----
J=1.3e-02, ⟨Jf⟩=1.3e-03, ⟨B·n⟩=8.1e-03, Len=sum([4.8, 4.6, 4.7])=14.1, ϰ=[6.1, 6.1, 10.0], ∫ϰ²/L>=[5.2, 7.6, 10.5], C-C-Sep=0.20, ║∇J║=5.1e-03
-----On 1/20 Initial Guess Perturbations
Iteration 513/3500-----
J=1.3e-02, ⟨Jf⟩=1.3e-03, ⟨B·n⟩=8.1e-03, Len=sum([4.8, 4.7, 4.7])=14.1, ϰ=[6.1, 6.1, 10.0], ∫ϰ²/L>=[5.3, 7.6, 10.6], C-C-Sep=0.20, ║∇J║=3.2e-03
-----On 1/20 Initial Guess Perturbations
Iteration 514/3500-----
J=1.3e-02, ⟨Jf⟩=1.3e-03, ⟨B·n⟩=8.1e-03, Len=sum([4.8, 4.7, 4.7])=14.1, ϰ=[6.1, 6.1, 10.1], ∫ϰ²/L>=[5.3, 7.6, 10.6], C-C-Sep=0.20, ║∇J║=2.8e-03
-----On 1/20 Initial Guess Perturbations
Iteration 515/3500-----
J=1.3e-02, ⟨Jf⟩=1.3e-03, ⟨B·n⟩=8.1e-03, Len=sum([4.8, 4.7, 4.7])=14.1, ϰ=[6.1, 6.1, 10.1], ∫ϰ²/L>=[5.3, 7.6, 10.6], C-C-Sep=0.20, ║∇J║=3.3e-03
-----On 1/20 Initial Guess Perturbations
Iteration 516/3500-----
J=1.3e-02, ⟨Jf⟩=1.3e-03, ⟨B·n⟩=8.1e-03, Len=sum([4.8, 4.7, 4.7])=14.1, ϰ=[6.1, 6.1, 10.2], ∫ϰ²/L>=[5.3, 7.6, 10.7], C-C-Sep=0.20, ║∇J║=4.1e-03
-----On 1/20 Initial Guess Perturbations
Iteration 517/3500-----
J=1.3e-02, ⟨Jf⟩=1.3e-03, ⟨B·n⟩=8.1e-03, Len=sum([4.8, 4.7, 4.7])=14.1, ϰ=[6.0, 6.0, 10.3], ∫ϰ²/L>=[5.3, 7.6, 10.7], C-C-Sep=0.20, ║∇J║=3.9e-03
-----On 1/20 Initial Guess Perturbations
Iteration 518/3500-----
J=1.3e-02, ⟨Jf⟩=1.3e-03, ⟨B·n⟩=8.1e-03, Len=sum([4.8, 4.7, 4.7])=14.1, ϰ=[6.0, 6.0, 10.3], ∫ϰ²/L>=[5.3, 7.5, 10.7], C-C-Sep=0.20, ║∇J║=3.8e-03
-----On 1/20 Initial Guess Perturbations
Iteration 519/3500-----
J=1.3e-02, ⟨Jf⟩=1.3e-03, ⟨B·n⟩=8.1e-03, Len=sum([4.8, 4.7, 4.7])=14.1, ϰ=[6.1, 5.9, 10.4], ∫ϰ²/L>=[5.3, 7.6, 10.7], C-C-Sep=0.20, ║∇J║=3.7e-03
-----On 1/20 Initial Guess Perturbations
Iteration 520/3500-----
J=1.3e-02, ⟨Jf⟩=1.3e-03, ⟨B·n⟩=8.1e-03, Len=sum([4.8, 4.7, 4.7])=14.1, ϰ=[6.1, 5.9, 10.4], ∫ϰ²/L>=[5.3, 7.5, 10.7], C-C-Sep=0.20, ║∇J║=5.0e-03
-----On 1/20 Initial Guess Perturbations
Iteration 521/3500-----
J=1.3e-02, ⟨Jf⟩=1.3e-03, ⟨B·n⟩=8.1e-03, Len=sum([4.8, 4.7, 4.7])=14.1, ϰ=[6.1, 5.9, 10.4], ∫ϰ²/L>=[5.3, 7.6, 10.7], C-C-Sep=0.20, ║∇J║=3.9e-03
-----On 1/20 Initial Guess Perturbations
Iteration 522/3500-----
J=1.3e-02, ⟨Jf⟩=1.3e-03, ⟨B·n⟩=8.2e-03, Len=sum([4.8, 4.7, 4.7])=14.1, ϰ=[6.1, 5.9, 10.4], ∫ϰ²/L>=[5.3, 7.6, 10.7], C-C-Sep=0.20, ║∇J║=3.2e-03
-----On 1/20 Initial Guess Perturbations
Iteration 523/3500-----
J=1.3e-02, ⟨Jf⟩=1.3e-03, ⟨B·n⟩=8.2e-03, Len=sum([4.8, 4.7, 4.7])=14.1, ϰ=[6.1, 5.9, 10.5], ∫ϰ²/L>=[5.3, 7.6, 10.8], C-C-Sep=0.20, ║∇J║=3.1e-03
-----On 1/20 Initial Guess Perturbations
Iteration 524/3500-----
J=1.3e-02, ⟨Jf⟩=1.3e-03, ⟨B·n⟩=8.2e-03, Len=sum([4.8, 4.7, 4.7])=14.1, ϰ=[6.1, 5.9, 10.5], ∫ϰ²/L>=[5.3, 7.6, 10.8], C-C-Sep=0.20, ║∇J║=4.0e-03
-----On 1/20 Initial Guess Perturbations
Iteration 525/3500-----
J=1.3e-02, ⟨Jf⟩=1.3e-03, ⟨B·n⟩=8.2e-03, Len=sum([4.8, 4.7, 4.7])=14.1, ϰ=[6.1, 5.9, 10.5], ∫ϰ²/L>=[5.3, 7.7, 10.8], C-C-Sep=0.20, ║∇J║=3.4e-03
-----On 1/20 Initial Guess Perturbations
Iteration 526/3500-----
J=1.3e-02, ⟨Jf⟩=1.3e-03, ⟨B·n⟩=8.2e-03, Len=sum([4.8, 4.7, 4.7])=14.1, ϰ=[6.1, 5.8, 10.6], ∫ϰ²/L>=[5.3, 7.7, 10.8], C-C-Sep=0.20, ║∇J║=4.0e-03
-----On 1/20 Initial Guess Perturbations
Iteration 527/3500-----
J=1.3e-02, ⟨Jf⟩=1.3e-03, ⟨B·n⟩=8.2e-03, Len=sum([4.8, 4.7, 4.7])=14.1, ϰ=[6.1, 5.9, 10.7], ∫ϰ²/L>=[5.3, 7.7, 10.9], C-C-Sep=0.20, ║∇J║=4.6e-03
-----On 1/20 Initial Guess Perturbations
Iteration 528/3500-----
J=1.3e-02, ⟨Jf⟩=1.3e-03, ⟨B·n⟩=8.2e-03, Len=sum([4.8, 4.7, 4.7])=14.1, ϰ=[6.1, 5.9, 10.6], ∫ϰ²/L>=[5.3, 7.7, 10.9], C-C-Sep=0.20, ║∇J║=4.4e-03
-----On 1/20 Initial Guess Perturbations
Iteration 529/3500-----
J=1.3e-02, ⟨Jf⟩=1.3e-03, ⟨B·n⟩=8.2e-03, Len=sum([4.8, 4.7, 4.7])=14.1, ϰ=[6.1, 5.9, 10.7], ∫ϰ²/L>=[5.3, 7.7, 10.9], C-C-Sep=0.20, ║∇J║=3.8e-03
-----On 1/20 Initial Guess Perturbations
Iteration 530/3500-----
J=1.3e-02, ⟨Jf⟩=1.3e-03, ⟨B·n⟩=8.2e-03, Len=sum([4.8, 4.7, 4.6])=14.1, ϰ=[6.1, 5.9, 10.7], ∫ϰ²/L>=[5.3, 7.7, 10.9], C-C-Sep=0.20, ║∇J║=3.5e-03
-----On 1/20 Initial Guess Perturbations
Iteration 531/3500-----
J=1.3e-02, ⟨Jf⟩=1.3e-03, ⟨B·n⟩=8.2e-03, Len=sum([4.8, 4.7, 4.6])=14.1, ϰ=[6.2, 5.9, 10.8], ∫ϰ²/L>=[5.3, 7.7, 10.9], C-C-Sep=0.20, ║∇J║=3.7e-03
-----On 1/20 Initial Guess Perturbations
Iteration 532/3500-----
J=1.3e-02, ⟨Jf⟩=1.3e-03, ⟨B·n⟩=8.2e-03, Len=sum([4.8, 4.7, 4.6])=14.1, ϰ=[6.2, 5.8, 10.8], ∫ϰ²/L>=[5.3, 7.7, 11.0], C-C-Sep=0.20, ║∇J║=3.3e-03
-----On 1/20 Initial Guess Perturbations
Iteration 533/3500-----
J=1.3e-02, ⟨Jf⟩=1.3e-03, ⟨B·n⟩=8.2e-03, Len=sum([4.8, 4.7, 4.6])=14.1, ϰ=[6.2, 5.9, 10.8], ∫ϰ²/L>=[5.3, 7.7, 11.0], C-C-Sep=0.20, ║∇J║=3.4e-03
-----On 1/20 Initial Guess Perturbations
Iteration 534/3500-----
J=1.3e-02, ⟨Jf⟩=1.3e-03, ⟨B·n⟩=8.2e-03, Len=sum([4.8, 4.7, 4.6])=14.1, ϰ=[6.3, 5.9, 10.8], ∫ϰ²/L>=[5.3, 7.7, 11.0], C-C-Sep=0.20, ║∇J║=3.7e-03
-----On 1/20 Initial Guess Perturbations
Iteration 535/3500-----
J=1.3e-02, ⟨Jf⟩=1.3e-03, ⟨B·n⟩=8.2e-03, Len=sum([4.8, 4.7, 4.6])=14.1, ϰ=[6.3, 5.9, 10.8], ∫ϰ²/L>=[5.3, 7.7, 11.0], C-C-Sep=0.20, ║∇J║=3.8e-03
-----On 1/20 Initial Guess Perturbations
Iteration 536/3500-----
J=1.3e-02, ⟨Jf⟩=1.3e-03, ⟨B·n⟩=8.3e-03, Len=sum([4.8, 4.7, 4.6])=14.1, ϰ=[6.3, 6.0, 10.9], ∫ϰ²/L>=[5.3, 7.7, 11.0], C-C-Sep=0.20, ║∇J║=5.7e-03
-----On 1/20 Initial Guess Perturbations
Iteration 537/3500-----
J=1.3e-02, ⟨Jf⟩=1.3e-03, ⟨B·n⟩=8.3e-03, Len=sum([4.8, 4.7, 4.6])=14.1, ϰ=[6.3, 6.0, 10.9], ∫ϰ²/L>=[5.4, 7.8, 11.0], C-C-Sep=0.20, ║∇J║=4.8e-03
-----On 1/20 Initial Guess Perturbations
Iteration 538/3500-----
J=1.3e-02, ⟨Jf⟩=1.3e-03, ⟨B·n⟩=8.3e-03, Len=sum([4.8, 4.7, 4.6])=14.1, ϰ=[6.3, 5.9, 10.9], ∫ϰ²/L>=[5.3, 7.8, 11.0], C-C-Sep=0.20, ║∇J║=3.8e-03
-----On 1/20 Initial Guess Perturbations
Iteration 539/3500-----
J=1.3e-02, ⟨Jf⟩=1.3e-03, ⟨B·n⟩=8.3e-03, Len=sum([4.8, 4.7, 4.6])=14.1, ϰ=[6.3, 5.8, 10.9], ∫ϰ²/L>=[5.3, 7.8, 11.0], C-C-Sep=0.20, ║∇J║=4.2e-03
-----On 1/20 Initial Guess Perturbations
Iteration 540/3500-----
J=1.3e-02, ⟨Jf⟩=1.3e-03, ⟨B·n⟩=8.3e-03, Len=sum([4.8, 4.7, 4.6])=14.1, ϰ=[6.3, 5.8, 11.0], ∫ϰ²/L>=[5.4, 7.8, 11.0], C-C-Sep=0.20, ║∇J║=4.7e-03
-----On 1/20 Initial Guess Perturbations
Iteration 541/3500-----
J=1.3e-02, ⟨Jf⟩=1.3e-03, ⟨B·n⟩=8.3e-03, Len=sum([4.8, 4.7, 4.6])=14.1, ϰ=[6.3, 5.8, 11.0], ∫ϰ²/L>=[5.3, 7.8, 11.0], C-C-Sep=0.20, ║∇J║=3.6e-03
-----On 1/20 Initial Guess Perturbations
Iteration 542/3500-----
J=1.3e-02, ⟨Jf⟩=1.3e-03, ⟨B·n⟩=8.3e-03, Len=sum([4.8, 4.7, 4.6])=14.1, ϰ=[6.4, 5.8, 11.0], ∫ϰ²/L>=[5.4, 7.8, 11.0], C-C-Sep=0.20, ║∇J║=2.9e-03
-----On 1/20 Initial Guess Perturbations
Iteration 543/3500-----
J=1.3e-02, ⟨Jf⟩=1.3e-03, ⟨B·n⟩=8.3e-03, Len=sum([4.8, 4.7, 4.6])=14.1, ϰ=[6.4, 5.8, 11.0], ∫ϰ²/L>=[5.4, 7.8, 11.0], C-C-Sep=0.20, ║∇J║=3.3e-03
-----On 1/20 Initial Guess Perturbations
Iteration 544/3500-----
J=1.3e-02, ⟨Jf⟩=1.3e-03, ⟨B·n⟩=8.3e-03, Len=sum([4.8, 4.7, 4.6])=14.1, ϰ=[6.6, 5.7, 11.1], ∫ϰ²/L>=[5.4, 7.9, 11.0], C-C-Sep=0.20, ║∇J║=4.1e-03
-----On 1/20 Initial Guess Perturbations
Iteration 545/3500-----
J=1.3e-02, ⟨Jf⟩=1.4e-03, ⟨B·n⟩=8.3e-03, Len=sum([4.8, 4.7, 4.6])=14.1, ϰ=[6.6, 5.7, 11.1], ∫ϰ²/L>=[5.4, 7.9, 11.0], C-C-Sep=0.20, ║∇J║=3.8e-03
-----On 1/20 Initial Guess Perturbations
Iteration 546/3500-----
J=1.3e-02, ⟨Jf⟩=1.4e-03, ⟨B·n⟩=8.3e-03, Len=sum([4.8, 4.7, 4.6])=14.1, ϰ=[6.6, 5.7, 11.1], ∫ϰ²/L>=[5.4, 7.9, 11.0], C-C-Sep=0.20, ║∇J║=4.4e-03
-----On 1/20 Initial Guess Perturbations
Iteration 547/3500-----
J=1.3e-02, ⟨Jf⟩=1.4e-03, ⟨B·n⟩=8.3e-03, Len=sum([4.8, 4.7, 4.6])=14.0, ϰ=[6.6, 5.7, 11.1], ∫ϰ²/L>=[5.4, 7.9, 11.0], C-C-Sep=0.20, ║∇J║=3.7e-03
-----On 1/20 Initial Guess Perturbations
Iteration 548/3500-----
J=1.3e-02, ⟨Jf⟩=1.4e-03, ⟨B·n⟩=8.3e-03, Len=sum([4.8, 4.7, 4.6])=14.0, ϰ=[6.6, 5.7, 11.0], ∫ϰ²/L>=[5.4, 7.9, 11.0], C-C-Sep=0.20, ║∇J║=3.6e-03
-----On 1/20 Initial Guess Perturbations
Iteration 549/3500-----
J=1.3e-02, ⟨Jf⟩=1.4e-03, ⟨B·n⟩=8.3e-03, Len=sum([4.8, 4.7, 4.6])=14.0, ϰ=[6.5, 5.7, 11.0], ∫ϰ²/L>=[5.4, 8.0, 11.0], C-C-Sep=0.20, ║∇J║=3.3e-03
-----On 1/20 Initial Guess Perturbations
Iteration 550/3500-----
J=1.3e-02, ⟨Jf⟩=1.4e-03, ⟨B·n⟩=8.3e-03, Len=sum([4.8, 4.7, 4.6])=14.0, ϰ=[6.5, 5.7, 11.0], ∫ϰ²/L>=[5.4, 8.0, 10.9], C-C-Sep=0.20, ║∇J║=3.8e-03
-----On 1/20 Initial Guess Perturbations
Iteration 551/3500-----
J=1.3e-02, ⟨Jf⟩=1.4e-03, ⟨B·n⟩=8.3e-03, Len=sum([4.8, 4.7, 4.6])=14.0, ϰ=[6.5, 5.7, 11.1], ∫ϰ²/L>=[5.4, 8.0, 10.9], C-C-Sep=0.20, ║∇J║=3.5e-03
-----On 1/20 Initial Guess Perturbations
Iteration 552/3500-----
J=1.3e-02, ⟨Jf⟩=1.4e-03, ⟨B·n⟩=8.3e-03, Len=sum([4.8, 4.7, 4.6])=14.0, ϰ=[6.4, 5.7, 11.1], ∫ϰ²/L>=[5.4, 8.1, 10.9], C-C-Sep=0.20, ║∇J║=4.4e-03
-----On 1/20 Initial Guess Perturbations
Iteration 553/3500-----
J=1.3e-02, ⟨Jf⟩=1.4e-03, ⟨B·n⟩=8.3e-03, Len=sum([4.8, 4.7, 4.6])=14.0, ϰ=[6.4, 5.7, 11.1], ∫ϰ²/L>=[5.5, 8.1, 10.9], C-C-Sep=0.20, ║∇J║=4.4e-03
-----On 1/20 Initial Guess Perturbations
Iteration 554/3500-----
J=1.3e-02, ⟨Jf⟩=1.4e-03, ⟨B·n⟩=8.3e-03, Len=sum([4.8, 4.7, 4.6])=14.0, ϰ=[6.3, 5.7, 11.0], ∫ϰ²/L>=[5.4, 8.1, 10.8], C-C-Sep=0.20, ║∇J║=4.7e-03
-----On 1/20 Initial Guess Perturbations
Iteration 555/3500-----
J=1.3e-02, ⟨Jf⟩=1.4e-03, ⟨B·n⟩=8.3e-03, Len=sum([4.8, 4.7, 4.6])=14.0, ϰ=[6.4, 5.7, 11.1], ∫ϰ²/L>=[5.5, 8.2, 10.8], C-C-Sep=0.20, ║∇J║=6.2e-03
-----On 1/20 Initial Guess Perturbations
Iteration 556/3500-----
J=1.3e-02, ⟨Jf⟩=1.4e-03, ⟨B·n⟩=8.3e-03, Len=sum([4.8, 4.7, 4.6])=14.0, ϰ=[6.4, 5.8, 11.0], ∫ϰ²/L>=[5.4, 8.1, 10.8], C-C-Sep=0.20, ║∇J║=3.4e-03
-----On 1/20 Initial Guess Perturbations
Iteration 557/3500-----
J=1.3e-02, ⟨Jf⟩=1.4e-03, ⟨B·n⟩=8.3e-03, Len=sum([4.8, 4.7, 4.6])=14.0, ϰ=[6.4, 5.8, 11.0], ∫ϰ²/L>=[5.4, 8.1, 10.8], C-C-Sep=0.20, ║∇J║=3.0e-03
-----On 1/20 Initial Guess Perturbations
Iteration 558/3500-----
J=1.3e-02, ⟨Jf⟩=1.4e-03, ⟨B·n⟩=8.3e-03, Len=sum([4.8, 4.7, 4.6])=14.0, ϰ=[6.4, 5.8, 11.0], ∫ϰ²/L>=[5.5, 8.2, 10.8], C-C-Sep=0.20, ║∇J║=3.7e-03
-----On 1/20 Initial Guess Perturbations
Iteration 559/3500-----
J=1.3e-02, ⟨Jf⟩=1.4e-03, ⟨B·n⟩=8.3e-03, Len=sum([4.8, 4.7, 4.6])=14.0, ϰ=[6.5, 5.9, 11.0], ∫ϰ²/L>=[5.5, 8.2, 10.8], C-C-Sep=0.20, ║∇J║=4.4e-03
-----On 1/20 Initial Guess Perturbations
Iteration 560/3500-----
J=1.3e-02, ⟨Jf⟩=1.4e-03, ⟨B·n⟩=8.3e-03, Len=sum([4.8, 4.7, 4.6])=14.0, ϰ=[6.5, 5.9, 11.1], ∫ϰ²/L>=[5.5, 8.2, 10.8], C-C-Sep=0.20, ║∇J║=4.0e-03
-----On 1/20 Initial Guess Perturbations
Iteration 561/3500-----
J=1.3e-02, ⟨Jf⟩=1.4e-03, ⟨B·n⟩=8.3e-03, Len=sum([4.8, 4.7, 4.6])=14.0, ϰ=[6.6, 5.9, 11.0], ∫ϰ²/L>=[5.5, 8.2, 10.8], C-C-Sep=0.20, ║∇J║=3.8e-03
-----On 1/20 Initial Guess Perturbations
Iteration 562/3500-----
J=1.3e-02, ⟨Jf⟩=1.4e-03, ⟨B·n⟩=8.4e-03, Len=sum([4.8, 4.7, 4.6])=14.0, ϰ=[6.7, 5.8, 11.1], ∫ϰ²/L>=[5.5, 8.2, 10.8], C-C-Sep=0.20, ║∇J║=4.0e-03
-----On 1/20 Initial Guess Perturbations
Iteration 563/3500-----
J=1.3e-02, ⟨Jf⟩=1.4e-03, ⟨B·n⟩=8.4e-03, Len=sum([4.8, 4.7, 4.6])=14.0, ϰ=[6.7, 5.9, 11.0], ∫ϰ²/L>=[5.5, 8.2, 10.8], C-C-Sep=0.20, ║∇J║=3.7e-03
-----On 1/20 Initial Guess Perturbations
Iteration 564/3500-----
J=1.3e-02, ⟨Jf⟩=1.4e-03, ⟨B·n⟩=8.4e-03, Len=sum([4.8, 4.7, 4.6])=14.0, ϰ=[6.7, 5.9, 11.0], ∫ϰ²/L>=[5.6, 8.3, 10.7], C-C-Sep=0.20, ║∇J║=3.2e-03
-----On 1/20 Initial Guess Perturbations
Iteration 565/3500-----
J=1.3e-02, ⟨Jf⟩=1.4e-03, ⟨B·n⟩=8.4e-03, Len=sum([4.8, 4.7, 4.5])=14.0, ϰ=[6.7, 5.8, 10.9], ∫ϰ²/L>=[5.5, 8.3, 10.7], C-C-Sep=0.20, ║∇J║=3.6e-03
-----On 1/20 Initial Guess Perturbations
Iteration 566/3500-----
J=1.3e-02, ⟨Jf⟩=1.4e-03, ⟨B·n⟩=8.4e-03, Len=sum([4.8, 4.7, 4.5])=14.0, ϰ=[6.7, 5.8, 10.9], ∫ϰ²/L>=[5.5, 8.3, 10.7], C-C-Sep=0.20, ║∇J║=4.1e-03
-----On 1/20 Initial Guess Perturbations
Iteration 567/3500-----
J=1.3e-02, ⟨Jf⟩=1.4e-03, ⟨B·n⟩=8.4e-03, Len=sum([4.8, 4.7, 4.5])=14.0, ϰ=[6.7, 5.8, 10.9], ∫ϰ²/L>=[5.6, 8.4, 10.6], C-C-Sep=0.20, ║∇J║=4.4e-03
-----On 1/20 Initial Guess Perturbations
Iteration 568/3500-----
J=1.3e-02, ⟨Jf⟩=1.4e-03, ⟨B·n⟩=8.4e-03, Len=sum([4.8, 4.7, 4.5])=14.0, ϰ=[6.7, 5.7, 10.9], ∫ϰ²/L>=[5.6, 8.4, 10.6], C-C-Sep=0.20, ║∇J║=4.5e-03
-----On 1/20 Initial Guess Perturbations
Iteration 569/3500-----
J=1.3e-02, ⟨Jf⟩=1.4e-03, ⟨B·n⟩=8.4e-03, Len=sum([4.8, 4.7, 4.5])=14.0, ϰ=[6.8, 5.7, 10.9], ∫ϰ²/L>=[5.6, 8.4, 10.6], C-C-Sep=0.20, ║∇J║=3.5e-03
-----On 1/20 Initial Guess Perturbations
Iteration 570/3500-----
J=1.3e-02, ⟨Jf⟩=1.4e-03, ⟨B·n⟩=8.4e-03, Len=sum([4.8, 4.7, 4.5])=14.0, ϰ=[6.8, 5.7, 10.9], ∫ϰ²/L>=[5.6, 8.4, 10.6], C-C-Sep=0.20, ║∇J║=3.9e-03
-----On 1/20 Initial Guess Perturbations
Iteration 571/3500-----
J=1.3e-02, ⟨Jf⟩=1.4e-03, ⟨B·n⟩=8.4e-03, Len=sum([4.8, 4.7, 4.5])=14.0, ϰ=[6.8, 5.7, 10.8], ∫ϰ²/L>=[5.6, 8.4, 10.5], C-C-Sep=0.20, ║∇J║=4.9e-03
-----On 1/20 Initial Guess Perturbations
Iteration 572/3500-----
J=1.3e-02, ⟨Jf⟩=1.4e-03, ⟨B·n⟩=8.4e-03, Len=sum([4.8, 4.7, 4.5])=14.0, ϰ=[6.8, 5.6, 10.7], ∫ϰ²/L>=[5.7, 8.4, 10.5], C-C-Sep=0.20, ║∇J║=6.4e-03
-----On 1/20 Initial Guess Perturbations
Iteration 573/3500-----
J=1.3e-02, ⟨Jf⟩=1.4e-03, ⟨B·n⟩=8.4e-03, Len=sum([4.8, 4.7, 4.5])=14.0, ϰ=[6.8, 5.6, 10.6], ∫ϰ²/L>=[5.7, 8.5, 10.4], C-C-Sep=0.20, ║∇J║=6.1e-03
-----On 1/20 Initial Guess Perturbations
Iteration 574/3500-----
J=1.3e-02, ⟨Jf⟩=1.4e-03, ⟨B·n⟩=8.4e-03, Len=sum([4.8, 4.7, 4.5])=14.0, ϰ=[6.8, 5.6, 10.6], ∫ϰ²/L>=[5.6, 8.4, 10.4], C-C-Sep=0.20, ║∇J║=4.9e-03
-----On 1/20 Initial Guess Perturbations
Iteration 575/3500-----
J=1.3e-02, ⟨Jf⟩=1.4e-03, ⟨B·n⟩=8.4e-03, Len=sum([4.8, 4.7, 4.5])=14.0, ϰ=[6.8, 5.6, 10.6], ∫ϰ²/L>=[5.6, 8.4, 10.4], C-C-Sep=0.20, ║∇J║=3.6e-03
-----On 1/20 Initial Guess Perturbations
Iteration 576/3500-----
J=1.3e-02, ⟨Jf⟩=1.4e-03, ⟨B·n⟩=8.4e-03, Len=sum([4.8, 4.7, 4.5])=14.0, ϰ=[6.8, 5.6, 10.6], ∫ϰ²/L>=[5.6, 8.4, 10.4], C-C-Sep=0.20, ║∇J║=4.1e-03
-----On 1/20 Initial Guess Perturbations
Iteration 577/3500-----
J=1.3e-02, ⟨Jf⟩=1.4e-03, ⟨B·n⟩=8.4e-03, Len=sum([4.8, 4.7, 4.5])=14.0, ϰ=[6.9, 5.6, 10.5], ∫ϰ²/L>=[5.7, 8.4, 10.3], C-C-Sep=0.20, ║∇J║=3.4e-03
-----On 1/20 Initial Guess Perturbations
Iteration 578/3500-----
J=1.3e-02, ⟨Jf⟩=1.4e-03, ⟨B·n⟩=8.5e-03, Len=sum([4.8, 4.7, 4.5])=14.0, ϰ=[6.9, 5.6, 10.4], ∫ϰ²/L>=[5.7, 8.5, 10.3], C-C-Sep=0.20, ║∇J║=4.0e-03
-----On 1/20 Initial Guess Perturbations
Iteration 579/3500-----
J=1.3e-02, ⟨Jf⟩=1.4e-03, ⟨B·n⟩=8.5e-03, Len=sum([4.8, 4.7, 4.5])=14.0, ϰ=[6.9, 5.6, 10.4], ∫ϰ²/L>=[5.7, 8.5, 10.2], C-C-Sep=0.20, ║∇J║=4.9e-03
-----On 1/20 Initial Guess Perturbations
Iteration 580/3500-----
J=1.3e-02, ⟨Jf⟩=1.4e-03, ⟨B·n⟩=8.5e-03, Len=sum([4.8, 4.7, 4.5])=14.0, ϰ=[6.9, 5.6, 10.4], ∫ϰ²/L>=[5.7, 8.5, 10.2], C-C-Sep=0.20, ║∇J║=3.9e-03
-----On 1/20 Initial Guess Perturbations
Iteration 581/3500-----
J=1.3e-02, ⟨Jf⟩=1.4e-03, ⟨B·n⟩=8.5e-03, Len=sum([4.8, 4.7, 4.5])=14.0, ϰ=[6.8, 5.6, 10.4], ∫ϰ²/L>=[5.7, 8.5, 10.2], C-C-Sep=0.20, ║∇J║=4.0e-03
-----On 1/20 Initial Guess Perturbations
Iteration 582/3500-----
J=1.3e-02, ⟨Jf⟩=1.4e-03, ⟨B·n⟩=8.5e-03, Len=sum([4.8, 4.7, 4.5])=14.0, ϰ=[6.8, 5.7, 10.3], ∫ϰ²/L>=[5.7, 8.5, 10.1], C-C-Sep=0.20, ║∇J║=4.1e-03
-----On 1/20 Initial Guess Perturbations
Iteration 583/3500-----
J=1.3e-02, ⟨Jf⟩=1.4e-03, ⟨B·n⟩=8.5e-03, Len=sum([4.8, 4.7, 4.5])=14.0, ϰ=[6.8, 5.7, 10.3], ∫ϰ²/L>=[5.8, 8.6, 10.1], C-C-Sep=0.20, ║∇J║=4.1e-03
-----On 1/20 Initial Guess Perturbations
Iteration 584/3500-----
J=1.3e-02, ⟨Jf⟩=1.4e-03, ⟨B·n⟩=8.5e-03, Len=sum([4.8, 4.7, 4.5])=14.0, ϰ=[6.9, 5.7, 10.2], ∫ϰ²/L>=[5.8, 8.6, 10.0], C-C-Sep=0.20, ║∇J║=5.7e-03
-----On 1/20 Initial Guess Perturbations
Iteration 585/3500-----
J=1.3e-02, ⟨Jf⟩=1.4e-03, ⟨B·n⟩=8.5e-03, Len=sum([4.8, 4.7, 4.5])=14.0, ϰ=[6.9, 5.8, 10.1], ∫ϰ²/L>=[5.9, 8.7, 9.9], C-C-Sep=0.20, ║∇J║=7.9e-03
-----On 1/20 Initial Guess Perturbations
Iteration 586/3500-----
J=1.3e-02, ⟨Jf⟩=1.4e-03, ⟨B·n⟩=8.5e-03, Len=sum([4.8, 4.7, 4.5])=14.0, ϰ=[6.9, 5.8, 10.1], ∫ϰ²/L>=[5.8, 8.6, 9.9], C-C-Sep=0.20, ║∇J║=4.7e-03
-----On 1/20 Initial Guess Perturbations
Iteration 587/3500-----
J=1.3e-02, ⟨Jf⟩=1.4e-03, ⟨B·n⟩=8.5e-03, Len=sum([4.8, 4.7, 4.5])=14.0, ϰ=[6.9, 5.8, 10.1], ∫ϰ²/L>=[5.8, 8.6, 9.9], C-C-Sep=0.20, ║∇J║=6.2e-03
-----On 1/20 Initial Guess Perturbations
Iteration 588/3500-----
J=1.3e-02, ⟨Jf⟩=1.4e-03, ⟨B·n⟩=8.5e-03, Len=sum([4.8, 4.7, 4.5])=14.0, ϰ=[6.9, 5.8, 10.2], ∫ϰ²/L>=[5.8, 8.6, 9.9], C-C-Sep=0.20, ║∇J║=5.6e-03
-----On 1/20 Initial Guess Perturbations
Iteration 589/3500-----
J=1.3e-02, ⟨Jf⟩=1.4e-03, ⟨B·n⟩=8.5e-03, Len=sum([4.8, 4.7, 4.5])=14.0, ϰ=[6.8, 5.8, 10.2], ∫ϰ²/L>=[5.8, 8.6, 9.9], C-C-Sep=0.20, ║∇J║=4.8e-03
-----On 1/20 Initial Guess Perturbations
Iteration 590/3500-----
J=1.3e-02, ⟨Jf⟩=1.4e-03, ⟨B·n⟩=8.5e-03, Len=sum([4.8, 4.7, 4.5])=13.9, ϰ=[6.7, 5.8, 10.2], ∫ϰ²/L>=[5.8, 8.6, 9.9], C-C-Sep=0.20, ║∇J║=5.5e-03
-----On 1/20 Initial Guess Perturbations
Iteration 591/3500-----
J=1.3e-02, ⟨Jf⟩=1.4e-03, ⟨B·n⟩=8.5e-03, Len=sum([4.8, 4.7, 4.5])=13.9, ϰ=[6.6, 5.8, 10.1], ∫ϰ²/L>=[5.8, 8.6, 9.8], C-C-Sep=0.20, ║∇J║=5.6e-03
-----On 1/20 Initial Guess Perturbations
Iteration 592/3500-----
J=1.3e-02, ⟨Jf⟩=1.4e-03, ⟨B·n⟩=8.5e-03, Len=sum([4.8, 4.7, 4.4])=13.9, ϰ=[6.6, 5.9, 10.0], ∫ϰ²/L>=[5.8, 8.7, 9.7], C-C-Sep=0.20, ║∇J║=7.3e-03
-----On 1/20 Initial Guess Perturbations
Iteration 593/3500-----
J=1.3e-02, ⟨Jf⟩=1.4e-03, ⟨B·n⟩=8.5e-03, Len=sum([4.8, 4.7, 4.4])=13.9, ϰ=[6.5, 5.9, 9.9], ∫ϰ²/L>=[5.9, 8.7, 9.6], C-C-Sep=0.20, ║∇J║=8.0e-03
-----On 1/20 Initial Guess Perturbations
Iteration 594/3500-----
J=1.3e-02, ⟨Jf⟩=1.4e-03, ⟨B·n⟩=8.5e-03, Len=sum([4.8, 4.7, 4.4])=13.9, ϰ=[6.6, 5.9, 9.8], ∫ϰ²/L>=[5.9, 8.7, 9.5], C-C-Sep=0.20, ║∇J║=8.9e-03
-----On 1/20 Initial Guess Perturbations
Iteration 595/3500-----
J=1.3e-02, ⟨Jf⟩=1.4e-03, ⟨B·n⟩=8.5e-03, Len=sum([4.8, 4.7, 4.4])=13.9, ϰ=[6.7, 5.8, 9.8], ∫ϰ²/L>=[5.9, 8.7, 9.5], C-C-Sep=0.20, ║∇J║=9.6e-03
-----On 1/20 Initial Guess Perturbations
Iteration 596/3500-----
J=1.3e-02, ⟨Jf⟩=1.4e-03, ⟨B·n⟩=8.6e-03, Len=sum([4.8, 4.7, 4.4])=13.9, ϰ=[6.7, 5.8, 9.7], ∫ϰ²/L>=[6.0, 8.7, 9.4], C-C-Sep=0.20, ║∇J║=6.9e-03
-----On 1/20 Initial Guess Perturbations
Iteration 597/3500-----
J=1.3e-02, ⟨Jf⟩=1.4e-03, ⟨B·n⟩=8.6e-03, Len=sum([4.8, 4.7, 4.4])=13.9, ϰ=[6.7, 5.8, 9.7], ∫ϰ²/L>=[6.0, 8.8, 9.4], C-C-Sep=0.20, ║∇J║=6.7e-03
-----On 1/20 Initial Guess Perturbations
Iteration 598/3500-----
J=1.3e-02, ⟨Jf⟩=1.4e-03, ⟨B·n⟩=8.6e-03, Len=sum([4.8, 4.7, 4.4])=13.9, ϰ=[6.8, 5.8, 9.7], ∫ϰ²/L>=[6.1, 8.8, 9.3], C-C-Sep=0.20, ║∇J║=7.1e-03
-----On 1/20 Initial Guess Perturbations
Iteration 599/3500-----
J=1.3e-02, ⟨Jf⟩=1.4e-03, ⟨B·n⟩=8.6e-03, Len=sum([4.8, 4.7, 4.4])=13.9, ϰ=[6.8, 5.9, 9.6], ∫ϰ²/L>=[6.2, 8.9, 9.2], C-C-Sep=0.20, ║∇J║=9.1e-03
-----On 1/20 Initial Guess Perturbations
Iteration 600/3500-----
J=1.3e-02, ⟨Jf⟩=1.5e-03, ⟨B·n⟩=8.6e-03, Len=sum([4.8, 4.7, 4.4])=13.9, ϰ=[6.8, 6.1, 9.5], ∫ϰ²/L>=[6.3, 9.0, 9.1], C-C-Sep=0.20, ║∇J║=1.3e-02
-----On 1/20 Initial Guess Perturbations
Iteration 601/3500-----
J=1.3e-02, ⟨Jf⟩=1.5e-03, ⟨B·n⟩=8.6e-03, Len=sum([4.8, 4.7, 4.4])=13.9, ϰ=[6.8, 6.2, 9.4], ∫ϰ²/L>=[6.3, 9.1, 9.0], C-C-Sep=0.20, ║∇J║=1.0e-02
-----On 1/20 Initial Guess Perturbations
Iteration 602/3500-----
J=1.3e-02, ⟨Jf⟩=1.5e-03, ⟨B·n⟩=8.6e-03, Len=sum([4.8, 4.7, 4.4])=13.9, ϰ=[6.7, 6.6, 9.3], ∫ϰ²/L>=[6.4, 9.3, 8.9], C-C-Sep=0.20, ║∇J║=1.7e-02
-----On 1/20 Initial Guess Perturbations
Iteration 603/3500-----
J=1.3e-02, ⟨Jf⟩=1.5e-03, ⟨B·n⟩=8.6e-03, Len=sum([4.8, 4.7, 4.4])=13.9, ϰ=[6.5, 6.3, 9.1], ∫ϰ²/L>=[6.3, 9.2, 8.9], C-C-Sep=0.20, ║∇J║=2.6e-02
-----On 1/20 Initial Guess Perturbations
Iteration 604/3500-----
J=1.3e-02, ⟨Jf⟩=1.5e-03, ⟨B·n⟩=8.6e-03, Len=sum([4.8, 4.7, 4.4])=13.9, ϰ=[6.6, 6.4, 9.2], ∫ϰ²/L>=[6.4, 9.2, 8.9], C-C-Sep=0.20, ║∇J║=1.5e-02
-----On 1/20 Initial Guess Perturbations
Iteration 605/3500-----
J=1.3e-02, ⟨Jf⟩=1.5e-03, ⟨B·n⟩=8.6e-03, Len=sum([4.8, 4.7, 4.4])=13.9, ϰ=[6.5, 6.6, 9.3], ∫ϰ²/L>=[6.4, 9.2, 8.8], C-C-Sep=0.20, ║∇J║=1.4e-02
-----On 1/20 Initial Guess Perturbations
Iteration 606/3500-----
J=1.3e-02, ⟨Jf⟩=1.5e-03, ⟨B·n⟩=8.6e-03, Len=sum([4.8, 4.7, 4.4])=13.9, ϰ=[6.5, 6.7, 9.2], ∫ϰ²/L>=[6.4, 9.2, 8.7], C-C-Sep=0.20, ║∇J║=1.1e-02
-----On 1/20 Initial Guess Perturbations
Iteration 607/3500-----
J=1.3e-02, ⟨Jf⟩=1.5e-03, ⟨B·n⟩=8.6e-03, Len=sum([4.8, 4.7, 4.4])=13.9, ϰ=[6.6, 7.1, 9.1], ∫ϰ²/L>=[6.6, 9.5, 8.5], C-C-Sep=0.20, ║∇J║=1.6e-02
-----On 1/20 Initial Guess Perturbations
Iteration 608/3500-----
J=1.3e-02, ⟨Jf⟩=1.5e-03, ⟨B·n⟩=8.6e-03, Len=sum([4.8, 4.7, 4.3])=13.9, ϰ=[6.6, 7.1, 9.0], ∫ϰ²/L>=[6.5, 9.5, 8.4], C-C-Sep=0.20, ║∇J║=1.5e-02
-----On 1/20 Initial Guess Perturbations
Iteration 609/3500-----
J=1.3e-02, ⟨Jf⟩=1.5e-03, ⟨B·n⟩=8.6e-03, Len=sum([4.8, 4.7, 4.3])=13.8, ϰ=[6.6, 7.2, 8.7], ∫ϰ²/L>=[6.7, 9.7, 8.3], C-C-Sep=0.20, ║∇J║=1.6e-02
-----On 1/20 Initial Guess Perturbations
Iteration 610/3500-----
J=1.3e-02, ⟨Jf⟩=1.5e-03, ⟨B·n⟩=8.7e-03, Len=sum([4.8, 4.7, 4.3])=13.8, ϰ=[7.1, 7.2, 8.5], ∫ϰ²/L>=[6.9, 9.8, 8.2], C-C-Sep=0.20, ║∇J║=1.7e-02
-----On 1/20 Initial Guess Perturbations
Iteration 611/3500-----
J=1.3e-02, ⟨Jf⟩=1.5e-03, ⟨B·n⟩=8.7e-03, Len=sum([4.8, 4.7, 4.3])=13.8, ϰ=[6.9, 7.4, 8.3], ∫ϰ²/L>=[6.9, 9.9, 8.2], C-C-Sep=0.20, ║∇J║=1.9e-02
-----On 1/20 Initial Guess Perturbations
Iteration 612/3500-----
J=1.3e-02, ⟨Jf⟩=1.5e-03, ⟨B·n⟩=8.7e-03, Len=sum([4.8, 4.7, 4.3])=13.8, ϰ=[6.8, 7.4, 8.1], ∫ϰ²/L>=[6.7, 9.8, 8.1], C-C-Sep=0.20, ║∇J║=1.7e-02
-----On 1/20 Initial Guess Perturbations
Iteration 613/3500-----
J=1.3e-02, ⟨Jf⟩=1.5e-03, ⟨B·n⟩=8.7e-03, Len=sum([4.8, 4.7, 4.3])=13.8, ϰ=[6.8, 7.5, 7.8], ∫ϰ²/L>=[6.9, 10.2, 8.1], C-C-Sep=0.20, ║∇J║=2.4e-02
-----On 1/20 Initial Guess Perturbations
Iteration 614/3500-----
J=1.3e-02, ⟨Jf⟩=1.5e-03, ⟨B·n⟩=8.7e-03, Len=sum([4.8, 4.7, 4.3])=13.8, ϰ=[6.8, 7.3, 7.5], ∫ϰ²/L>=[6.9, 9.9, 8.0], C-C-Sep=0.20, ║∇J║=2.4e-02
-----On 1/20 Initial Guess Perturbations
Iteration 615/3500-----
J=1.3e-02, ⟨Jf⟩=1.5e-03, ⟨B·n⟩=8.6e-03, Len=sum([4.8, 4.7, 4.3])=13.8, ϰ=[6.6, 7.3, 7.6], ∫ϰ²/L>=[6.8, 9.9, 7.9], C-C-Sep=0.20, ║∇J║=1.8e-02
-----On 1/20 Initial Guess Perturbations
Iteration 616/3500-----
J=1.3e-02, ⟨Jf⟩=1.5e-03, ⟨B·n⟩=8.6e-03, Len=sum([4.8, 4.7, 4.3])=13.8, ϰ=[6.4, 7.1, 7.6], ∫ϰ²/L>=[7.0, 10.0, 7.9], C-C-Sep=0.20, ║∇J║=1.7e-02
-----On 1/20 Initial Guess Perturbations
Iteration 617/3500-----
J=1.3e-02, ⟨Jf⟩=1.5e-03, ⟨B·n⟩=8.6e-03, Len=sum([4.8, 4.7, 4.3])=13.8, ϰ=[6.2, 7.1, 7.4], ∫ϰ²/L>=[7.2, 10.0, 8.1], C-C-Sep=0.20, ║∇J║=1.9e-02
-----On 1/20 Initial Guess Perturbations
Iteration 618/3500-----
J=1.3e-02, ⟨Jf⟩=1.5e-03, ⟨B·n⟩=8.6e-03, Len=sum([4.8, 4.7, 4.3])=13.8, ϰ=[6.2, 7.0, 7.3], ∫ϰ²/L>=[7.3, 9.9, 8.0], C-C-Sep=0.20, ║∇J║=2.1e-02
-----On 1/20 Initial Guess Perturbations
Iteration 619/3500-----
J=1.3e-02, ⟨Jf⟩=1.5e-03, ⟨B·n⟩=8.6e-03, Len=sum([4.8, 4.7, 4.3])=13.8, ϰ=[6.4, 7.2, 6.9], ∫ϰ²/L>=[7.7, 10.1, 8.1], C-C-Sep=0.20, ║∇J║=2.5e-02
-----On 1/20 Initial Guess Perturbations
Iteration 620/3500-----
J=1.3e-02, ⟨Jf⟩=1.5e-03, ⟨B·n⟩=8.6e-03, Len=sum([4.8, 4.7, 4.3])=13.8, ϰ=[6.5, 6.9, 6.8], ∫ϰ²/L>=[7.3, 9.8, 8.0], C-C-Sep=0.20, ║∇J║=3.0e-02
-----On 1/20 Initial Guess Perturbations
Iteration 621/3500-----
J=1.3e-02, ⟨Jf⟩=1.5e-03, ⟨B·n⟩=8.6e-03, Len=sum([4.8, 4.7, 4.3])=13.8, ϰ=[6.1, 7.3, 6.7], ∫ϰ²/L>=[7.1, 9.8, 7.9], C-C-Sep=0.20, ║∇J║=2.6e-02
-----On 1/20 Initial Guess Perturbations
Iteration 622/3500-----
J=1.2e-02, ⟨Jf⟩=1.5e-03, ⟨B·n⟩=8.6e-03, Len=sum([4.8, 4.7, 4.3])=13.8, ϰ=[6.0, 7.1, 6.6], ∫ϰ²/L>=[7.1, 9.9, 7.8], C-C-Sep=0.20, ║∇J║=2.1e-02
-----On 1/20 Initial Guess Perturbations
Iteration 623/3500-----
J=1.2e-02, ⟨Jf⟩=1.4e-03, ⟨B·n⟩=8.6e-03, Len=sum([4.8, 4.7, 4.3])=13.8, ϰ=[6.1, 7.3, 6.6], ∫ϰ²/L>=[7.3, 10.0, 7.8], C-C-Sep=0.20, ║∇J║=2.0e-02
-----On 1/20 Initial Guess Perturbations
Iteration 624/3500-----
J=1.2e-02, ⟨Jf⟩=1.4e-03, ⟨B·n⟩=8.6e-03, Len=sum([4.8, 4.7, 4.3])=13.8, ϰ=[5.9, 7.6, 6.2], ∫ϰ²/L>=[7.2, 10.1, 7.9], C-C-Sep=0.20, ║∇J║=2.0e-02
-----On 1/20 Initial Guess Perturbations
Iteration 625/3500-----
J=1.2e-02, ⟨Jf⟩=1.4e-03, ⟨B·n⟩=8.6e-03, Len=sum([4.8, 4.7, 4.3])=13.8, ϰ=[5.7, 7.9, 6.1], ∫ϰ²/L>=[7.0, 10.3, 8.0], C-C-Sep=0.20, ║∇J║=2.4e-02
-----On 1/20 Initial Guess Perturbations
Iteration 626/3500-----
J=1.2e-02, ⟨Jf⟩=1.5e-03, ⟨B·n⟩=8.6e-03, Len=sum([4.8, 4.7, 4.3])=13.7, ϰ=[5.3, 8.3, 5.5], ∫ϰ²/L>=[7.1, 10.5, 8.1], C-C-Sep=0.20, ║∇J║=2.4e-02
-----On 1/20 Initial Guess Perturbations
Iteration 627/3500-----
J=1.2e-02, ⟨Jf⟩=1.5e-03, ⟨B·n⟩=8.6e-03, Len=sum([4.8, 4.7, 4.3])=13.7, ϰ=[5.2, 7.9, 5.4], ∫ϰ²/L>=[6.7, 10.2, 7.8], C-C-Sep=0.20, ║∇J║=2.5e-02
-----On 1/20 Initial Guess Perturbations
Iteration 628/3500-----
J=1.2e-02, ⟨Jf⟩=1.4e-03, ⟨B·n⟩=8.6e-03, Len=sum([4.8, 4.7, 4.3])=13.7, ϰ=[5.5, 8.1, 5.8], ∫ϰ²/L>=[7.0, 10.6, 7.7], C-C-Sep=0.20, ║∇J║=3.7e-02
-----On 1/20 Initial Guess Perturbations
Iteration 629/3500-----
J=1.2e-02, ⟨Jf⟩=1.4e-03, ⟨B·n⟩=8.6e-03, Len=sum([4.8, 4.7, 4.3])=13.7, ϰ=[5.4, 7.9, 5.5], ∫ϰ²/L>=[6.8, 10.3, 7.6], C-C-Sep=0.20, ║∇J║=1.8e-02
-----On 1/20 Initial Guess Perturbations
Iteration 630/3500-----
J=1.2e-02, ⟨Jf⟩=1.5e-03, ⟨B·n⟩=8.6e-03, Len=sum([4.8, 4.7, 4.3])=13.7, ϰ=[5.2, 8.0, 5.5], ∫ϰ²/L>=[6.8, 10.3, 7.5], C-C-Sep=0.20, ║∇J║=2.2e-02
-----On 1/20 Initial Guess Perturbations
Iteration 631/3500-----
J=1.2e-02, ⟨Jf⟩=1.5e-03, ⟨B·n⟩=8.6e-03, Len=sum([4.8, 4.7, 4.3])=13.7, ϰ=[5.2, 8.0, 5.7], ∫ϰ²/L>=[6.7, 10.3, 7.5], C-C-Sep=0.20, ║∇J║=1.4e-02
-----On 1/20 Initial Guess Perturbations
Iteration 632/3500-----
J=1.2e-02, ⟨Jf⟩=1.4e-03, ⟨B·n⟩=8.6e-03, Len=sum([4.8, 4.7, 4.2])=13.7, ϰ=[5.3, 8.1, 6.1], ∫ϰ²/L>=[6.7, 10.4, 7.6], C-C-Sep=0.20, ║∇J║=1.8e-02
-----On 1/20 Initial Guess Perturbations
Iteration 633/3500-----
J=1.2e-02, ⟨Jf⟩=1.4e-03, ⟨B·n⟩=8.6e-03, Len=sum([4.8, 4.7, 4.2])=13.7, ϰ=[5.4, 8.1, 6.2], ∫ϰ²/L>=[6.7, 10.4, 7.8], C-C-Sep=0.20, ║∇J║=1.9e-02
-----On 1/20 Initial Guess Perturbations
Iteration 634/3500-----
J=1.2e-02, ⟨Jf⟩=1.4e-03, ⟨B·n⟩=8.6e-03, Len=sum([4.8, 4.7, 4.2])=13.7, ϰ=[5.3, 8.2, 6.2], ∫ϰ²/L>=[6.6, 10.4, 7.8], C-C-Sep=0.20, ║∇J║=1.6e-02
-----On 1/20 Initial Guess Perturbations
Iteration 635/3500-----
J=1.2e-02, ⟨Jf⟩=1.4e-03, ⟨B·n⟩=8.5e-03, Len=sum([4.8, 4.7, 4.2])=13.7, ϰ=[5.2, 8.4, 6.1], ∫ϰ²/L>=[6.5, 10.4, 7.6], C-C-Sep=0.20, ║∇J║=1.8e-02
-----On 1/20 Initial Guess Perturbations
Iteration 636/3500-----
J=1.2e-02, ⟨Jf⟩=1.4e-03, ⟨B·n⟩=8.5e-03, Len=sum([4.8, 4.7, 4.2])=13.7, ϰ=[5.5, 8.9, 6.2], ∫ϰ²/L>=[6.4, 10.6, 7.6], C-C-Sep=0.20, ║∇J║=2.2e-02
-----On 1/20 Initial Guess Perturbations
Iteration 637/3500-----
J=1.2e-02, ⟨Jf⟩=1.4e-03, ⟨B·n⟩=8.5e-03, Len=sum([4.8, 4.7, 4.2])=13.7, ϰ=[5.6, 8.9, 6.2], ∫ϰ²/L>=[6.3, 10.4, 7.5], C-C-Sep=0.20, ║∇J║=1.5e-02
-----On 1/20 Initial Guess Perturbations
Iteration 638/3500-----
J=1.2e-02, ⟨Jf⟩=1.4e-03, ⟨B·n⟩=8.5e-03, Len=sum([4.8, 4.7, 4.2])=13.7, ϰ=[5.8, 8.9, 6.2], ∫ϰ²/L>=[6.2, 10.4, 7.4], C-C-Sep=0.20, ║∇J║=1.6e-02
-----On 1/20 Initial Guess Perturbations
Iteration 639/3500-----
J=1.2e-02, ⟨Jf⟩=1.4e-03, ⟨B·n⟩=8.5e-03, Len=sum([4.8, 4.7, 4.2])=13.7, ϰ=[5.9, 8.8, 6.1], ∫ϰ²/L>=[6.1, 10.4, 7.4], C-C-Sep=0.20, ║∇J║=1.5e-02
-----On 1/20 Initial Guess Perturbations
Iteration 640/3500-----
J=1.2e-02, ⟨Jf⟩=1.4e-03, ⟨B·n⟩=8.5e-03, Len=sum([4.8, 4.7, 4.2])=13.7, ϰ=[5.9, 8.8, 5.9], ∫ϰ²/L>=[6.1, 10.4, 7.3], C-C-Sep=0.20, ║∇J║=1.8e-02
-----On 1/20 Initial Guess Perturbations
Iteration 641/3500-----
J=1.2e-02, ⟨Jf⟩=1.4e-03, ⟨B·n⟩=8.5e-03, Len=sum([4.8, 4.7, 4.2])=13.7, ϰ=[5.9, 8.5, 5.6], ∫ϰ²/L>=[6.1, 10.4, 7.3], C-C-Sep=0.20, ║∇J║=2.0e-02
-----On 1/20 Initial Guess Perturbations
Iteration 642/3500-----
J=1.2e-02, ⟨Jf⟩=1.4e-03, ⟨B·n⟩=8.5e-03, Len=sum([4.8, 4.7, 4.2])=13.7, ϰ=[5.8, 8.3, 5.6], ∫ϰ²/L>=[6.1, 10.2, 7.3], C-C-Sep=0.20, ║∇J║=1.6e-02
-----On 1/20 Initial Guess Perturbations
Iteration 643/3500-----
J=1.2e-02, ⟨Jf⟩=1.4e-03, ⟨B·n⟩=8.5e-03, Len=sum([4.8, 4.7, 4.2])=13.7, ϰ=[5.5, 8.5, 5.5], ∫ϰ²/L>=[6.3, 10.3, 7.3], C-C-Sep=0.20, ║∇J║=2.2e-02
-----On 1/20 Initial Guess Perturbations
Iteration 644/3500-----
J=1.2e-02, ⟨Jf⟩=1.4e-03, ⟨B·n⟩=8.5e-03, Len=sum([4.8, 4.6, 4.2])=13.7, ϰ=[5.4, 8.1, 5.4], ∫ϰ²/L>=[6.1, 9.9, 7.2], C-C-Sep=0.20, ║∇J║=2.5e-02
-----On 1/20 Initial Guess Perturbations
Iteration 645/3500-----
J=1.2e-02, ⟨Jf⟩=1.4e-03, ⟨B·n⟩=8.5e-03, Len=sum([4.8, 4.6, 4.2])=13.7, ϰ=[5.4, 8.3, 5.6], ∫ϰ²/L>=[6.0, 10.0, 7.1], C-C-Sep=0.20, ║∇J║=1.8e-02
-----On 1/20 Initial Guess Perturbations
Iteration 646/3500-----
J=1.2e-02, ⟨Jf⟩=1.4e-03, ⟨B·n⟩=8.5e-03, Len=sum([4.8, 4.6, 4.2])=13.7, ϰ=[5.3, 8.5, 5.8], ∫ϰ²/L>=[6.0, 10.0, 7.1], C-C-Sep=0.20, ║∇J║=1.5e-02
-----On 1/20 Initial Guess Perturbations
Iteration 647/3500-----
J=1.2e-02, ⟨Jf⟩=1.4e-03, ⟨B·n⟩=8.5e-03, Len=sum([4.8, 4.6, 4.2])=13.7, ϰ=[5.2, 8.5, 5.9], ∫ϰ²/L>=[5.9, 10.0, 7.1], C-C-Sep=0.20, ║∇J║=1.6e-02
-----On 1/20 Initial Guess Perturbations
Iteration 648/3500-----
J=1.2e-02, ⟨Jf⟩=1.4e-03, ⟨B·n⟩=8.4e-03, Len=sum([4.8, 4.6, 4.2])=13.7, ϰ=[4.8, 8.5, 6.1], ∫ϰ²/L>=[5.9, 10.0, 7.2], C-C-Sep=0.20, ║∇J║=2.0e-02
-----On 1/20 Initial Guess Perturbations
Iteration 649/3500-----
J=1.2e-02, ⟨Jf⟩=1.4e-03, ⟨B·n⟩=8.4e-03, Len=sum([4.8, 4.6, 4.2])=13.7, ϰ=[4.9, 8.5, 5.9], ∫ϰ²/L>=[5.8, 10.0, 7.2], C-C-Sep=0.20, ║∇J║=2.1e-02
-----On 1/20 Initial Guess Perturbations
Iteration 650/3500-----
J=1.2e-02, ⟨Jf⟩=1.4e-03, ⟨B·n⟩=8.4e-03, Len=sum([4.8, 4.6, 4.2])=13.7, ϰ=[4.9, 8.2, 5.7], ∫ϰ²/L>=[5.8, 9.8, 7.1], C-C-Sep=0.20, ║∇J║=1.5e-02
-----On 1/20 Initial Guess Perturbations
Iteration 651/3500-----
J=1.2e-02, ⟨Jf⟩=1.4e-03, ⟨B·n⟩=8.4e-03, Len=sum([4.8, 4.6, 4.2])=13.7, ϰ=[5.0, 8.3, 5.6], ∫ϰ²/L>=[5.9, 10.0, 7.0], C-C-Sep=0.20, ║∇J║=2.4e-02
-----On 1/20 Initial Guess Perturbations
Iteration 652/3500-----
J=1.2e-02, ⟨Jf⟩=1.4e-03, ⟨B·n⟩=8.4e-03, Len=sum([4.8, 4.6, 4.2])=13.7, ϰ=[5.1, 8.0, 5.2], ∫ϰ²/L>=[5.8, 9.9, 6.9], C-C-Sep=0.20, ║∇J║=2.1e-02
-----On 1/20 Initial Guess Perturbations
Iteration 653/3500-----
J=1.2e-02, ⟨Jf⟩=1.4e-03, ⟨B·n⟩=8.4e-03, Len=sum([4.8, 4.6, 4.2])=13.7, ϰ=[5.2, 7.8, 5.3], ∫ϰ²/L>=[5.7, 9.7, 6.9], C-C-Sep=0.20, ║∇J║=1.7e-02
-----On 1/20 Initial Guess Perturbations
Iteration 654/3500-----
J=1.2e-02, ⟨Jf⟩=1.4e-03, ⟨B·n⟩=8.4e-03, Len=sum([4.8, 4.6, 4.2])=13.7, ϰ=[5.2, 7.7, 5.2], ∫ϰ²/L>=[5.7, 9.6, 6.8], C-C-Sep=0.20, ║∇J║=1.3e-02
-----On 1/20 Initial Guess Perturbations
Iteration 655/3500-----
J=1.2e-02, ⟨Jf⟩=1.4e-03, ⟨B·n⟩=8.3e-03, Len=sum([4.8, 4.6, 4.2])=13.6, ϰ=[5.2, 7.8, 5.6], ∫ϰ²/L>=[5.7, 9.7, 6.9], C-C-Sep=0.20, ║∇J║=1.7e-02
-----On 1/20 Initial Guess Perturbations
Iteration 656/3500-----
J=1.2e-02, ⟨Jf⟩=1.4e-03, ⟨B·n⟩=8.3e-03, Len=sum([4.8, 4.6, 4.2])=13.6, ϰ=[5.0, 7.6, 5.9], ∫ϰ²/L>=[5.7, 9.5, 7.2], C-C-Sep=0.20, ║∇J║=1.9e-02
-----On 1/20 Initial Guess Perturbations
Iteration 657/3500-----
J=1.2e-02, ⟨Jf⟩=1.4e-03, ⟨B·n⟩=8.3e-03, Len=sum([4.8, 4.6, 4.2])=13.6, ϰ=[4.7, 7.3, 5.9], ∫ϰ²/L>=[5.7, 9.4, 7.2], C-C-Sep=0.20, ║∇J║=1.5e-02
-----On 1/20 Initial Guess Perturbations
Iteration 658/3500-----
J=1.2e-02, ⟨Jf⟩=1.4e-03, ⟨B·n⟩=8.3e-03, Len=sum([4.8, 4.6, 4.2])=13.6, ϰ=[4.8, 7.0, 5.5], ∫ϰ²/L>=[5.8, 9.5, 7.3], C-C-Sep=0.20, ║∇J║=1.8e-02
-----On 1/20 Initial Guess Perturbations
Iteration 659/3500-----
J=1.2e-02, ⟨Jf⟩=1.4e-03, ⟨B·n⟩=8.4e-03, Len=sum([4.8, 4.6, 4.2])=13.6, ϰ=[4.7, 6.6, 5.0], ∫ϰ²/L>=[5.7, 9.2, 7.0], C-C-Sep=0.20, ║∇J║=2.1e-02
-----On 1/20 Initial Guess Perturbations
Iteration 660/3500-----
J=1.2e-02, ⟨Jf⟩=1.4e-03, ⟨B·n⟩=8.3e-03, Len=sum([4.8, 4.6, 4.2])=13.6, ϰ=[4.9, 6.8, 4.9], ∫ϰ²/L>=[5.8, 9.1, 7.0], C-C-Sep=0.20, ║∇J║=2.3e-02
-----On 1/20 Initial Guess Perturbations
Iteration 661/3500-----
J=1.2e-02, ⟨Jf⟩=1.4e-03, ⟨B·n⟩=8.3e-03, Len=sum([4.8, 4.6, 4.2])=13.6, ϰ=[4.7, 6.6, 4.9], ∫ϰ²/L>=[5.7, 9.1, 7.0], C-C-Sep=0.20, ║∇J║=1.8e-02
-----On 1/20 Initial Guess Perturbations
Iteration 662/3500-----
J=1.2e-02, ⟨Jf⟩=1.4e-03, ⟨B·n⟩=8.3e-03, Len=sum([4.8, 4.6, 4.2])=13.6, ϰ=[4.9, 6.7, 4.9], ∫ϰ²/L>=[5.6, 9.0, 7.0], C-C-Sep=0.20, ║∇J║=1.6e-02
-----On 1/20 Initial Guess Perturbations
Iteration 663/3500-----
J=1.2e-02, ⟨Jf⟩=1.4e-03, ⟨B·n⟩=8.3e-03, Len=sum([4.8, 4.6, 4.2])=13.6, ϰ=[5.3, 6.7, 4.8], ∫ϰ²/L>=[5.6, 8.9, 7.0], C-C-Sep=0.20, ║∇J║=1.7e-02
-----On 1/20 Initial Guess Perturbations
Iteration 664/3500-----
J=1.2e-02, ⟨Jf⟩=1.4e-03, ⟨B·n⟩=8.3e-03, Len=sum([4.8, 4.6, 4.2])=13.6, ϰ=[5.8, 6.7, 5.1], ∫ϰ²/L>=[5.8, 8.8, 7.2], C-C-Sep=0.20, ║∇J║=1.7e-02
-----On 1/20 Initial Guess Perturbations
Iteration 665/3500-----
J=1.2e-02, ⟨Jf⟩=1.4e-03, ⟨B·n⟩=8.2e-03, Len=sum([4.8, 4.6, 4.2])=13.6, ϰ=[6.1, 6.7, 5.1], ∫ϰ²/L>=[5.7, 8.8, 7.3], C-C-Sep=0.20, ║∇J║=1.7e-02
-----On 1/20 Initial Guess Perturbations
Iteration 666/3500-----
J=1.2e-02, ⟨Jf⟩=1.4e-03, ⟨B·n⟩=8.2e-03, Len=sum([4.8, 4.6, 4.2])=13.6, ϰ=[5.9, 7.2, 4.9], ∫ϰ²/L>=[5.7, 8.7, 7.1], C-C-Sep=0.20, ║∇J║=1.8e-02
-----On 1/20 Initial Guess Perturbations
Iteration 667/3500-----
J=1.2e-02, ⟨Jf⟩=1.4e-03, ⟨B·n⟩=8.2e-03, Len=sum([4.8, 4.6, 4.2])=13.6, ϰ=[5.5, 7.2, 4.9], ∫ϰ²/L>=[5.6, 8.5, 7.0], C-C-Sep=0.20, ║∇J║=1.9e-02
-----On 1/20 Initial Guess Perturbations
Iteration 668/3500-----
J=1.2e-02, ⟨Jf⟩=1.4e-03, ⟨B·n⟩=8.2e-03, Len=sum([4.8, 4.6, 4.2])=13.6, ϰ=[5.4, 7.6, 5.1], ∫ϰ²/L>=[5.7, 8.6, 7.0], C-C-Sep=0.20, ║∇J║=2.1e-02
-----On 1/20 Initial Guess Perturbations
Iteration 669/3500-----
J=1.2e-02, ⟨Jf⟩=1.4e-03, ⟨B·n⟩=8.2e-03, Len=sum([4.8, 4.6, 4.2])=13.6, ϰ=[5.3, 7.2, 5.1], ∫ϰ²/L>=[5.5, 8.4, 6.9], C-C-Sep=0.20, ║∇J║=1.8e-02
-----On 1/20 Initial Guess Perturbations
Iteration 670/3500-----
J=1.2e-02, ⟨Jf⟩=1.4e-03, ⟨B·n⟩=8.2e-03, Len=sum([4.8, 4.6, 4.2])=13.6, ϰ=[5.4, 7.3, 5.0], ∫ϰ²/L>=[5.4, 8.3, 6.8], C-C-Sep=0.20, ║∇J║=1.3e-02
-----On 1/20 Initial Guess Perturbations
Iteration 671/3500-----
J=1.2e-02, ⟨Jf⟩=1.4e-03, ⟨B·n⟩=8.2e-03, Len=sum([4.8, 4.6, 4.2])=13.6, ϰ=[5.5, 7.3, 5.1], ∫ϰ²/L>=[5.5, 8.2, 6.9], C-C-Sep=0.20, ║∇J║=1.4e-02
-----On 1/20 Initial Guess Perturbations
Iteration 672/3500-----
J=1.2e-02, ⟨Jf⟩=1.3e-03, ⟨B·n⟩=8.2e-03, Len=sum([4.8, 4.6, 4.2])=13.6, ϰ=[5.5, 7.4, 5.4], ∫ϰ²/L>=[5.6, 8.1, 7.0], C-C-Sep=0.20, ║∇J║=1.5e-02
-----On 1/20 Initial Guess Perturbations
Iteration 673/3500-----
J=1.2e-02, ⟨Jf⟩=1.3e-03, ⟨B·n⟩=8.1e-03, Len=sum([4.8, 4.6, 4.2])=13.6, ϰ=[5.3, 7.3, 5.4], ∫ϰ²/L>=[5.6, 8.1, 6.9], C-C-Sep=0.20, ║∇J║=1.8e-02
-----On 1/20 Initial Guess Perturbations
Iteration 674/3500-----
J=1.2e-02, ⟨Jf⟩=1.3e-03, ⟨B·n⟩=8.1e-03, Len=sum([4.8, 4.6, 4.2])=13.6, ϰ=[5.2, 6.9, 5.4], ∫ϰ²/L>=[5.5, 7.8, 6.8], C-C-Sep=0.20, ║∇J║=1.6e-02
-----On 1/20 Initial Guess Perturbations
Iteration 675/3500-----
J=1.2e-02, ⟨Jf⟩=1.3e-03, ⟨B·n⟩=8.1e-03, Len=sum([4.8, 4.6, 4.2])=13.6, ϰ=[5.4, 7.0, 5.5], ∫ϰ²/L>=[5.6, 7.7, 6.7], C-C-Sep=0.20, ║∇J║=1.6e-02
-----On 1/20 Initial Guess Perturbations
Iteration 676/3500-----
J=1.2e-02, ⟨Jf⟩=1.3e-03, ⟨B·n⟩=8.1e-03, Len=sum([4.8, 4.6, 4.2])=13.6, ϰ=[5.3, 6.5, 5.1], ∫ϰ²/L>=[5.5, 7.5, 6.6], C-C-Sep=0.20, ║∇J║=1.5e-02
-----On 1/20 Initial Guess Perturbations
Iteration 677/3500-----
J=1.2e-02, ⟨Jf⟩=1.3e-03, ⟨B·n⟩=8.1e-03, Len=sum([4.8, 4.6, 4.2])=13.6, ϰ=[5.2, 6.3, 4.9], ∫ϰ²/L>=[5.5, 7.4, 6.6], C-C-Sep=0.20, ║∇J║=1.3e-02
-----On 1/20 Initial Guess Perturbations
Iteration 678/3500-----
J=1.2e-02, ⟨Jf⟩=1.3e-03, ⟨B·n⟩=8.1e-03, Len=sum([4.8, 4.6, 4.2])=13.6, ϰ=[5.3, 6.3, 5.0], ∫ϰ²/L>=[5.4, 7.4, 6.6], C-C-Sep=0.20, ║∇J║=9.3e-03
-----On 1/20 Initial Guess Perturbations
Iteration 679/3500-----
J=1.2e-02, ⟨Jf⟩=1.3e-03, ⟨B·n⟩=8.1e-03, Len=sum([4.8, 4.6, 4.2])=13.6, ϰ=[5.4, 6.2, 5.0], ∫ϰ²/L>=[5.4, 7.3, 6.6], C-C-Sep=0.20, ║∇J║=1.0e-02
-----On 1/20 Initial Guess Perturbations
Iteration 680/3500-----
J=1.2e-02, ⟨Jf⟩=1.3e-03, ⟨B·n⟩=8.1e-03, Len=sum([4.8, 4.6, 4.2])=13.6, ϰ=[5.4, 6.0, 5.1], ∫ϰ²/L>=[5.3, 7.2, 6.6], C-C-Sep=0.20, ║∇J║=1.3e-02
-----On 1/20 Initial Guess Perturbations
Iteration 681/3500-----
J=1.2e-02, ⟨Jf⟩=1.3e-03, ⟨B·n⟩=8.1e-03, Len=sum([4.8, 4.6, 4.2])=13.6, ϰ=[5.3, 5.7, 5.1], ∫ϰ²/L>=[5.3, 7.1, 6.7], C-C-Sep=0.20, ║∇J║=1.1e-02
-----On 1/20 Initial Guess Perturbations
Iteration 682/3500-----
J=1.2e-02, ⟨Jf⟩=1.3e-03, ⟨B·n⟩=8.1e-03, Len=sum([4.8, 4.6, 4.2])=13.6, ϰ=[5.2, 5.5, 5.0], ∫ϰ²/L>=[5.2, 7.1, 6.6], C-C-Sep=0.20, ║∇J║=1.1e-02
-----On 1/20 Initial Guess Perturbations
Iteration 683/3500-----
J=1.2e-02, ⟨Jf⟩=1.3e-03, ⟨B·n⟩=8.1e-03, Len=sum([4.8, 4.6, 4.2])=13.6, ϰ=[5.1, 5.4, 5.1], ∫ϰ²/L>=[5.1, 7.0, 6.6], C-C-Sep=0.20, ║∇J║=1.0e-02
-----On 1/20 Initial Guess Perturbations
Iteration 684/3500-----
J=1.2e-02, ⟨Jf⟩=1.3e-03, ⟨B·n⟩=8.1e-03, Len=sum([4.8, 4.6, 4.2])=13.6, ϰ=[5.1, 5.2, 5.1], ∫ϰ²/L>=[5.1, 7.0, 6.5], C-C-Sep=0.20, ║∇J║=1.0e-02
-----On 1/20 Initial Guess Perturbations
Iteration 685/3500-----
J=1.2e-02, ⟨Jf⟩=1.3e-03, ⟨B·n⟩=8.1e-03, Len=sum([4.8, 4.6, 4.2])=13.6, ϰ=[5.1, 5.1, 5.1], ∫ϰ²/L>=[5.1, 6.9, 6.5], C-C-Sep=0.20, ║∇J║=1.0e-02
-----On 1/20 Initial Guess Perturbations
Iteration 686/3500-----
J=1.2e-02, ⟨Jf⟩=1.3e-03, ⟨B·n⟩=8.1e-03, Len=sum([4.8, 4.6, 4.2])=13.6, ϰ=[5.1, 5.0, 5.1], ∫ϰ²/L>=[5.1, 6.8, 6.5], C-C-Sep=0.20, ║∇J║=8.8e-03
-----On 1/20 Initial Guess Perturbations
Iteration 687/3500-----
J=1.2e-02, ⟨Jf⟩=1.3e-03, ⟨B·n⟩=8.1e-03, Len=sum([4.8, 4.6, 4.2])=13.6, ϰ=[5.0, 5.0, 5.1], ∫ϰ²/L>=[5.1, 6.7, 6.5], C-C-Sep=0.20, ║∇J║=8.2e-03
-----On 1/20 Initial Guess Perturbations
Iteration 688/3500-----
J=1.2e-02, ⟨Jf⟩=1.3e-03, ⟨B·n⟩=8.1e-03, Len=sum([4.8, 4.6, 4.2])=13.6, ϰ=[4.8, 5.1, 5.2], ∫ϰ²/L>=[5.1, 6.7, 6.5], C-C-Sep=0.20, ║∇J║=9.5e-03
-----On 1/20 Initial Guess Perturbations
Iteration 689/3500-----
J=1.2e-02, ⟨Jf⟩=1.3e-03, ⟨B·n⟩=8.1e-03, Len=sum([4.8, 4.6, 4.2])=13.6, ϰ=[4.5, 5.0, 5.4], ∫ϰ²/L>=[5.1, 6.6, 6.6], C-C-Sep=0.20, ║∇J║=1.1e-02
-----On 1/20 Initial Guess Perturbations
Iteration 690/3500-----
J=1.2e-02, ⟨Jf⟩=1.3e-03, ⟨B·n⟩=8.1e-03, Len=sum([4.8, 4.6, 4.2])=13.6, ϰ=[4.5, 5.0, 5.3], ∫ϰ²/L>=[5.1, 6.6, 6.6], C-C-Sep=0.20, ║∇J║=7.3e-03
-----On 1/20 Initial Guess Perturbations
Iteration 691/3500-----
J=1.2e-02, ⟨Jf⟩=1.3e-03, ⟨B·n⟩=8.1e-03, Len=sum([4.8, 4.6, 4.2])=13.6, ϰ=[4.6, 5.0, 5.2], ∫ϰ²/L>=[5.0, 6.5, 6.6], C-C-Sep=0.20, ║∇J║=6.8e-03
-----On 1/20 Initial Guess Perturbations
Iteration 692/3500-----
J=1.2e-02, ⟨Jf⟩=1.3e-03, ⟨B·n⟩=8.1e-03, Len=sum([4.8, 4.6, 4.2])=13.6, ϰ=[4.7, 5.1, 5.2], ∫ϰ²/L>=[4.9, 6.5, 6.6], C-C-Sep=0.20, ║∇J║=8.4e-03
-----On 1/20 Initial Guess Perturbations
Iteration 693/3500-----
J=1.2e-02, ⟨Jf⟩=1.3e-03, ⟨B·n⟩=8.1e-03, Len=sum([4.8, 4.6, 4.2])=13.6, ϰ=[4.6, 5.1, 5.2], ∫ϰ²/L>=[4.9, 6.5, 6.7], C-C-Sep=0.20, ║∇J║=7.9e-03
-----On 1/20 Initial Guess Perturbations
Iteration 694/3500-----
J=1.2e-02, ⟨Jf⟩=1.3e-03, ⟨B·n⟩=8.1e-03, Len=sum([4.8, 4.6, 4.2])=13.6, ϰ=[4.7, 5.2, 5.2], ∫ϰ²/L>=[4.9, 6.5, 6.7], C-C-Sep=0.20, ║∇J║=8.8e-03
-----On 1/20 Initial Guess Perturbations
Iteration 695/3500-----
J=1.2e-02, ⟨Jf⟩=1.3e-03, ⟨B·n⟩=8.1e-03, Len=sum([4.8, 4.6, 4.2])=13.6, ϰ=[4.8, 5.2, 5.1], ∫ϰ²/L>=[4.9, 6.5, 6.6], C-C-Sep=0.20, ║∇J║=8.2e-03
-----On 1/20 Initial Guess Perturbations
Iteration 696/3500-----
J=1.2e-02, ⟨Jf⟩=1.3e-03, ⟨B·n⟩=8.1e-03, Len=sum([4.8, 4.6, 4.2])=13.6, ϰ=[4.8, 5.2, 5.0], ∫ϰ²/L>=[4.9, 6.4, 6.5], C-C-Sep=0.20, ║∇J║=7.3e-03
-----On 1/20 Initial Guess Perturbations
Iteration 697/3500-----
J=1.2e-02, ⟨Jf⟩=1.3e-03, ⟨B·n⟩=8.1e-03, Len=sum([4.8, 4.6, 4.2])=13.6, ϰ=[4.8, 5.1, 4.8], ∫ϰ²/L>=[4.8, 6.4, 6.5], C-C-Sep=0.20, ║∇J║=5.9e-03
-----On 1/20 Initial Guess Perturbations
Iteration 698/3500-----
J=1.2e-02, ⟨Jf⟩=1.3e-03, ⟨B·n⟩=8.1e-03, Len=sum([4.8, 4.6, 4.2])=13.6, ϰ=[4.8, 5.0, 4.8], ∫ϰ²/L>=[4.8, 6.4, 6.5], C-C-Sep=0.20, ║∇J║=6.2e-03
-----On 1/20 Initial Guess Perturbations
Iteration 699/3500-----
J=1.2e-02, ⟨Jf⟩=1.3e-03, ⟨B·n⟩=8.1e-03, Len=sum([4.8, 4.6, 4.2])=13.6, ϰ=[4.8, 5.1, 4.8], ∫ϰ²/L>=[4.8, 6.4, 6.5], C-C-Sep=0.20, ║∇J║=5.4e-03
-----On 1/20 Initial Guess Perturbations
Iteration 700/3500-----
J=1.2e-02, ⟨Jf⟩=1.3e-03, ⟨B·n⟩=8.1e-03, Len=sum([4.8, 4.6, 4.2])=13.6, ϰ=[4.7, 5.2, 4.8], ∫ϰ²/L>=[4.8, 6.3, 6.5], C-C-Sep=0.20, ║∇J║=6.6e-03
-----On 1/20 Initial Guess Perturbations
Iteration 701/3500-----
J=1.2e-02, ⟨Jf⟩=1.3e-03, ⟨B·n⟩=8.1e-03, Len=sum([4.8, 4.6, 4.2])=13.6, ϰ=[4.9, 5.2, 4.7], ∫ϰ²/L>=[4.8, 6.3, 6.4], C-C-Sep=0.20, ║∇J║=5.2e-03
-----On 1/20 Initial Guess Perturbations
Iteration 702/3500-----
J=1.2e-02, ⟨Jf⟩=1.3e-03, ⟨B·n⟩=8.1e-03, Len=sum([4.8, 4.6, 4.2])=13.6, ϰ=[4.9, 5.2, 4.6], ∫ϰ²/L>=[4.8, 6.3, 6.4], C-C-Sep=0.20, ║∇J║=4.6e-03
-----On 1/20 Initial Guess Perturbations
Iteration 703/3500-----
J=1.2e-02, ⟨Jf⟩=1.3e-03, ⟨B·n⟩=8.1e-03, Len=sum([4.8, 4.6, 4.2])=13.6, ϰ=[4.8, 5.2, 4.6], ∫ϰ²/L>=[4.7, 6.3, 6.4], C-C-Sep=0.20, ║∇J║=5.4e-03
-----On 1/20 Initial Guess Perturbations
Iteration 704/3500-----
J=1.2e-02, ⟨Jf⟩=1.3e-03, ⟨B·n⟩=8.1e-03, Len=sum([4.8, 4.6, 4.2])=13.6, ϰ=[4.7, 5.1, 4.6], ∫ϰ²/L>=[4.7, 6.3, 6.4], C-C-Sep=0.20, ║∇J║=4.3e-03
-----On 1/20 Initial Guess Perturbations
Iteration 705/3500-----
J=1.2e-02, ⟨Jf⟩=1.3e-03, ⟨B·n⟩=8.1e-03, Len=sum([4.8, 4.6, 4.2])=13.6, ϰ=[4.7, 5.1, 4.5], ∫ϰ²/L>=[4.7, 6.3, 6.4], C-C-Sep=0.20, ║∇J║=4.0e-03
-----On 1/20 Initial Guess Perturbations
Iteration 706/3500-----
J=1.2e-02, ⟨Jf⟩=1.3e-03, ⟨B·n⟩=8.1e-03, Len=sum([4.8, 4.6, 4.2])=13.6, ϰ=[4.7, 5.0, 4.6], ∫ϰ²/L>=[4.7, 6.3, 6.4], C-C-Sep=0.20, ║∇J║=4.4e-03
-----On 1/20 Initial Guess Perturbations
Iteration 707/3500-----
J=1.2e-02, ⟨Jf⟩=1.3e-03, ⟨B·n⟩=8.1e-03, Len=sum([4.8, 4.6, 4.2])=13.6, ϰ=[4.8, 5.0, 4.6], ∫ϰ²/L>=[4.7, 6.3, 6.4], C-C-Sep=0.20, ║∇J║=5.3e-03
-----On 1/20 Initial Guess Perturbations
Iteration 708/3500-----
J=1.2e-02, ⟨Jf⟩=1.3e-03, ⟨B·n⟩=8.1e-03, Len=sum([4.8, 4.6, 4.2])=13.6, ϰ=[4.9, 5.1, 4.6], ∫ϰ²/L>=[4.7, 6.2, 6.4], C-C-Sep=0.20, ║∇J║=3.7e-03
-----On 1/20 Initial Guess Perturbations
Iteration 709/3500-----
J=1.2e-02, ⟨Jf⟩=1.3e-03, ⟨B·n⟩=8.1e-03, Len=sum([4.8, 4.6, 4.2])=13.6, ϰ=[5.0, 5.2, 4.6], ∫ϰ²/L>=[4.7, 6.2, 6.4], C-C-Sep=0.20, ║∇J║=3.6e-03
-----On 1/20 Initial Guess Perturbations
Iteration 710/3500-----
J=1.2e-02, ⟨Jf⟩=1.3e-03, ⟨B·n⟩=8.1e-03, Len=sum([4.8, 4.6, 4.2])=13.6, ϰ=[5.0, 5.2, 4.7], ∫ϰ²/L>=[4.7, 6.2, 6.4], C-C-Sep=0.20, ║∇J║=4.7e-03
-----On 1/20 Initial Guess Perturbations
Iteration 711/3500-----
J=1.2e-02, ⟨Jf⟩=1.3e-03, ⟨B·n⟩=8.1e-03, Len=sum([4.8, 4.6, 4.2])=13.6, ϰ=[5.0, 5.3, 4.7], ∫ϰ²/L>=[4.7, 6.2, 6.4], C-C-Sep=0.20, ║∇J║=3.9e-03
-----On 1/20 Initial Guess Perturbations
Iteration 712/3500-----
J=1.2e-02, ⟨Jf⟩=1.3e-03, ⟨B·n⟩=8.1e-03, Len=sum([4.8, 4.6, 4.2])=13.6, ϰ=[4.9, 5.3, 4.6], ∫ϰ²/L>=[4.7, 6.2, 6.4], C-C-Sep=0.20, ║∇J║=3.8e-03
-----On 1/20 Initial Guess Perturbations
Iteration 713/3500-----
J=1.2e-02, ⟨Jf⟩=1.3e-03, ⟨B·n⟩=8.1e-03, Len=sum([4.8, 4.6, 4.2])=13.6, ϰ=[4.9, 5.2, 4.6], ∫ϰ²/L>=[4.7, 6.2, 6.4], C-C-Sep=0.20, ║∇J║=4.8e-03
-----On 1/20 Initial Guess Perturbations
Iteration 714/3500-----
J=1.2e-02, ⟨Jf⟩=1.3e-03, ⟨B·n⟩=8.1e-03, Len=sum([4.8, 4.6, 4.2])=13.6, ϰ=[4.9, 5.2, 4.6], ∫ϰ²/L>=[4.7, 6.2, 6.4], C-C-Sep=0.20, ║∇J║=3.3e-03
-----On 1/20 Initial Guess Perturbations
Iteration 715/3500-----
J=1.2e-02, ⟨Jf⟩=1.3e-03, ⟨B·n⟩=8.1e-03, Len=sum([4.8, 4.6, 4.2])=13.6, ϰ=[4.9, 5.3, 4.5], ∫ϰ²/L>=[4.7, 6.2, 6.4], C-C-Sep=0.20, ║∇J║=3.2e-03
-----On 1/20 Initial Guess Perturbations
Iteration 716/3500-----
J=1.2e-02, ⟨Jf⟩=1.3e-03, ⟨B·n⟩=8.1e-03, Len=sum([4.8, 4.6, 4.2])=13.6, ϰ=[5.0, 5.3, 4.5], ∫ϰ²/L>=[4.7, 6.2, 6.3], C-C-Sep=0.20, ║∇J║=3.9e-03
-----On 1/20 Initial Guess Perturbations
Iteration 717/3500-----
J=1.2e-02, ⟨Jf⟩=1.3e-03, ⟨B·n⟩=8.1e-03, Len=sum([4.8, 4.6, 4.2])=13.6, ϰ=[4.9, 5.3, 4.7], ∫ϰ²/L>=[4.7, 6.2, 6.3], C-C-Sep=0.20, ║∇J║=3.3e-03
-----On 1/20 Initial Guess Perturbations
Iteration 718/3500-----
J=1.2e-02, ⟨Jf⟩=1.3e-03, ⟨B·n⟩=8.1e-03, Len=sum([4.8, 4.6, 4.2])=13.6, ϰ=[4.8, 5.3, 4.7], ∫ϰ²/L>=[4.7, 6.2, 6.3], C-C-Sep=0.20, ║∇J║=3.4e-03
-----On 1/20 Initial Guess Perturbations
Iteration 719/3500-----
J=1.2e-02, ⟨Jf⟩=1.3e-03, ⟨B·n⟩=8.1e-03, Len=sum([4.8, 4.6, 4.2])=13.6, ϰ=[4.8, 5.3, 4.7], ∫ϰ²/L>=[4.7, 6.2, 6.3], C-C-Sep=0.20, ║∇J║=3.6e-03
-----On 1/20 Initial Guess Perturbations
Iteration 720/3500-----
J=1.2e-02, ⟨Jf⟩=1.3e-03, ⟨B·n⟩=8.1e-03, Len=sum([4.8, 4.6, 4.2])=13.6, ϰ=[4.7, 5.3, 4.6], ∫ϰ²/L>=[4.7, 6.2, 6.3], C-C-Sep=0.20, ║∇J║=3.0e-03
-----On 1/20 Initial Guess Perturbations
Iteration 721/3500-----
J=1.2e-02, ⟨Jf⟩=1.3e-03, ⟨B·n⟩=8.1e-03, Len=sum([4.8, 4.6, 4.2])=13.6, ϰ=[4.7, 5.3, 4.6], ∫ϰ²/L>=[4.7, 6.1, 6.3], C-C-Sep=0.20, ║∇J║=3.1e-03
-----On 1/20 Initial Guess Perturbations
Iteration 722/3500-----
J=1.2e-02, ⟨Jf⟩=1.3e-03, ⟨B·n⟩=8.1e-03, Len=sum([4.8, 4.6, 4.2])=13.6, ϰ=[4.8, 5.3, 4.6], ∫ϰ²/L>=[4.7, 6.1, 6.3], C-C-Sep=0.20, ║∇J║=3.7e-03
-----On 1/20 Initial Guess Perturbations
Iteration 723/3500-----
J=1.2e-02, ⟨Jf⟩=1.3e-03, ⟨B·n⟩=8.1e-03, Len=sum([4.8, 4.6, 4.2])=13.6, ϰ=[4.8, 5.3, 4.6], ∫ϰ²/L>=[4.7, 6.1, 6.3], C-C-Sep=0.20, ║∇J║=2.7e-03
-----On 1/20 Initial Guess Perturbations
Iteration 724/3500-----
J=1.2e-02, ⟨Jf⟩=1.3e-03, ⟨B·n⟩=8.1e-03, Len=sum([4.8, 4.6, 4.2])=13.6, ϰ=[4.9, 5.2, 4.6], ∫ϰ²/L>=[4.7, 6.1, 6.3], C-C-Sep=0.20, ║∇J║=2.2e-03
-----On 1/20 Initial Guess Perturbations
Iteration 725/3500-----
J=1.2e-02, ⟨Jf⟩=1.3e-03, ⟨B·n⟩=8.1e-03, Len=sum([4.8, 4.6, 4.2])=13.6, ϰ=[4.9, 5.2, 4.6], ∫ϰ²/L>=[4.7, 6.1, 6.3], C-C-Sep=0.20, ║∇J║=2.6e-03
-----On 1/20 Initial Guess Perturbations
Iteration 726/3500-----
J=1.2e-02, ⟨Jf⟩=1.3e-03, ⟨B·n⟩=8.1e-03, Len=sum([4.8, 4.6, 4.2])=13.6, ϰ=[4.8, 5.2, 4.6], ∫ϰ²/L>=[4.7, 6.1, 6.2], C-C-Sep=0.20, ║∇J║=2.1e-03
-----On 1/20 Initial Guess Perturbations
Iteration 727/3500-----
J=1.2e-02, ⟨Jf⟩=1.3e-03, ⟨B·n⟩=8.1e-03, Len=sum([4.8, 4.6, 4.2])=13.6, ϰ=[4.8, 5.1, 4.6], ∫ϰ²/L>=[4.7, 6.1, 6.2], C-C-Sep=0.20, ║∇J║=2.7e-03
-----On 1/20 Initial Guess Perturbations
Iteration 728/3500-----
J=1.2e-02, ⟨Jf⟩=1.3e-03, ⟨B·n⟩=8.1e-03, Len=sum([4.8, 4.6, 4.2])=13.6, ϰ=[4.7, 5.1, 4.6], ∫ϰ²/L>=[4.7, 6.1, 6.2], C-C-Sep=0.20, ║∇J║=3.1e-03
-----On 1/20 Initial Guess Perturbations
Iteration 729/3500-----
J=1.2e-02, ⟨Jf⟩=1.3e-03, ⟨B·n⟩=8.1e-03, Len=sum([4.8, 4.6, 4.2])=13.6, ϰ=[4.7, 5.1, 4.6], ∫ϰ²/L>=[4.7, 6.1, 6.2], C-C-Sep=0.20, ║∇J║=2.0e-03
-----On 1/20 Initial Guess Perturbations
Iteration 730/3500-----
J=1.2e-02, ⟨Jf⟩=1.3e-03, ⟨B·n⟩=8.1e-03, Len=sum([4.8, 4.6, 4.2])=13.6, ϰ=[4.7, 5.1, 4.7], ∫ϰ²/L>=[4.7, 6.1, 6.2], C-C-Sep=0.20, ║∇J║=1.9e-03
-----On 1/20 Initial Guess Perturbations
Iteration 731/3500-----
J=1.2e-02, ⟨Jf⟩=1.3e-03, ⟨B·n⟩=8.1e-03, Len=sum([4.8, 4.6, 4.2])=13.6, ϰ=[4.7, 5.1, 4.7], ∫ϰ²/L>=[4.7, 6.1, 6.2], C-C-Sep=0.20, ║∇J║=2.4e-03
-----On 1/20 Initial Guess Perturbations
Iteration 732/3500-----
J=1.2e-02, ⟨Jf⟩=1.3e-03, ⟨B·n⟩=8.1e-03, Len=sum([4.8, 4.6, 4.2])=13.6, ϰ=[4.7, 5.1, 4.7], ∫ϰ²/L>=[4.7, 6.1, 6.2], C-C-Sep=0.20, ║∇J║=2.0e-03
-----On 1/20 Initial Guess Perturbations
Iteration 733/3500-----
J=1.2e-02, ⟨Jf⟩=1.3e-03, ⟨B·n⟩=8.1e-03, Len=sum([4.8, 4.6, 4.2])=13.6, ϰ=[4.7, 5.2, 4.7], ∫ϰ²/L>=[4.7, 6.1, 6.2], C-C-Sep=0.20, ║∇J║=2.4e-03
-----On 1/20 Initial Guess Perturbations
Iteration 734/3500-----
J=1.2e-02, ⟨Jf⟩=1.3e-03, ⟨B·n⟩=8.1e-03, Len=sum([4.8, 4.6, 4.2])=13.6, ϰ=[4.7, 5.2, 4.7], ∫ϰ²/L>=[4.7, 6.1, 6.2], C-C-Sep=0.20, ║∇J║=2.2e-03
-----On 1/20 Initial Guess Perturbations
Iteration 735/3500-----
J=1.2e-02, ⟨Jf⟩=1.3e-03, ⟨B·n⟩=8.1e-03, Len=sum([4.8, 4.6, 4.2])=13.6, ϰ=[4.7, 5.2, 4.6], ∫ϰ²/L>=[4.7, 6.1, 6.2], C-C-Sep=0.20, ║∇J║=1.7e-03
-----On 1/20 Initial Guess Perturbations
Iteration 736/3500-----
J=1.2e-02, ⟨Jf⟩=1.3e-03, ⟨B·n⟩=8.1e-03, Len=sum([4.8, 4.6, 4.2])=13.6, ϰ=[4.7, 5.2, 4.6], ∫ϰ²/L>=[4.7, 6.1, 6.2], C-C-Sep=0.20, ║∇J║=1.8e-03
-----On 1/20 Initial Guess Perturbations
Iteration 737/3500-----
J=1.2e-02, ⟨Jf⟩=1.3e-03, ⟨B·n⟩=8.1e-03, Len=sum([4.8, 4.6, 4.2])=13.6, ϰ=[4.7, 5.3, 4.6], ∫ϰ²/L>=[4.7, 6.1, 6.2], C-C-Sep=0.20, ║∇J║=2.1e-03
-----On 1/20 Initial Guess Perturbations
Iteration 738/3500-----
J=1.2e-02, ⟨Jf⟩=1.3e-03, ⟨B·n⟩=8.1e-03, Len=sum([4.8, 4.6, 4.2])=13.6, ϰ=[4.7, 5.3, 4.5], ∫ϰ²/L>=[4.7, 6.1, 6.2], C-C-Sep=0.20, ║∇J║=1.7e-03
-----On 1/20 Initial Guess Perturbations
Iteration 739/3500-----
J=1.2e-02, ⟨Jf⟩=1.3e-03, ⟨B·n⟩=8.1e-03, Len=sum([4.8, 4.6, 4.2])=13.6, ϰ=[4.8, 5.3, 4.5], ∫ϰ²/L>=[4.7, 6.1, 6.2], C-C-Sep=0.20, ║∇J║=1.6e-03
-----On 1/20 Initial Guess Perturbations
Iteration 740/3500-----
J=1.2e-02, ⟨Jf⟩=1.3e-03, ⟨B·n⟩=8.1e-03, Len=sum([4.8, 4.6, 4.2])=13.6, ϰ=[4.8, 5.3, 4.5], ∫ϰ²/L>=[4.7, 6.1, 6.2], C-C-Sep=0.20, ║∇J║=1.9e-03
-----On 1/20 Initial Guess Perturbations
Iteration 741/3500-----
J=1.2e-02, ⟨Jf⟩=1.3e-03, ⟨B·n⟩=8.1e-03, Len=sum([4.8, 4.6, 4.2])=13.6, ϰ=[4.8, 5.3, 4.5], ∫ϰ²/L>=[4.7, 6.1, 6.2], C-C-Sep=0.20, ║∇J║=1.5e-03
-----On 1/20 Initial Guess Perturbations
Iteration 742/3500-----
J=1.2e-02, ⟨Jf⟩=1.3e-03, ⟨B·n⟩=8.1e-03, Len=sum([4.8, 4.6, 4.2])=13.6, ϰ=[4.9, 5.3, 4.5], ∫ϰ²/L>=[4.7, 6.1, 6.2], C-C-Sep=0.20, ║∇J║=1.7e-03
-----On 1/20 Initial Guess Perturbations
Iteration 743/3500-----
J=1.2e-02, ⟨Jf⟩=1.3e-03, ⟨B·n⟩=8.1e-03, Len=sum([4.8, 4.6, 4.2])=13.6, ϰ=[4.9, 5.3, 4.5], ∫ϰ²/L>=[4.7, 6.1, 6.2], C-C-Sep=0.20, ║∇J║=2.6e-03
-----On 1/20 Initial Guess Perturbations
Iteration 744/3500-----
J=1.2e-02, ⟨Jf⟩=1.3e-03, ⟨B·n⟩=8.1e-03, Len=sum([4.8, 4.6, 4.2])=13.6, ϰ=[4.9, 5.3, 4.5], ∫ϰ²/L>=[4.7, 6.1, 6.2], C-C-Sep=0.20, ║∇J║=1.7e-03
-----On 1/20 Initial Guess Perturbations
Iteration 745/3500-----
J=1.2e-02, ⟨Jf⟩=1.3e-03, ⟨B·n⟩=8.1e-03, Len=sum([4.8, 4.6, 4.2])=13.6, ϰ=[4.9, 5.3, 4.5], ∫ϰ²/L>=[4.7, 6.1, 6.2], C-C-Sep=0.20, ║∇J║=1.2e-03
-----On 1/20 Initial Guess Perturbations
Iteration 746/3500-----
J=1.2e-02, ⟨Jf⟩=1.3e-03, ⟨B·n⟩=8.1e-03, Len=sum([4.8, 4.6, 4.2])=13.6, ϰ=[4.8, 5.3, 4.5], ∫ϰ²/L>=[4.7, 6.1, 6.2], C-C-Sep=0.20, ║∇J║=1.5e-03
-----On 1/20 Initial Guess Perturbations
Iteration 747/3500-----
J=1.2e-02, ⟨Jf⟩=1.3e-03, ⟨B·n⟩=8.1e-03, Len=sum([4.8, 4.6, 4.2])=13.6, ϰ=[4.8, 5.3, 4.5], ∫ϰ²/L>=[4.7, 6.1, 6.2], C-C-Sep=0.20, ║∇J║=1.4e-03
-----On 1/20 Initial Guess Perturbations
Iteration 748/3500-----
J=1.2e-02, ⟨Jf⟩=1.3e-03, ⟨B·n⟩=8.1e-03, Len=sum([4.8, 4.6, 4.2])=13.6, ϰ=[4.8, 5.3, 4.5], ∫ϰ²/L>=[4.7, 6.1, 6.2], C-C-Sep=0.20, ║∇J║=2.4e-03
-----On 1/20 Initial Guess Perturbations
Iteration 749/3500-----
J=1.2e-02, ⟨Jf⟩=1.3e-03, ⟨B·n⟩=8.1e-03, Len=sum([4.8, 4.6, 4.2])=13.6, ϰ=[4.8, 5.2, 4.5], ∫ϰ²/L>=[4.6, 6.1, 6.2], C-C-Sep=0.20, ║∇J║=1.2e-03
-----On 1/20 Initial Guess Perturbations
Iteration 750/3500-----
J=1.2e-02, ⟨Jf⟩=1.3e-03, ⟨B·n⟩=8.1e-03, Len=sum([4.8, 4.6, 4.2])=13.6, ϰ=[4.8, 5.2, 4.5], ∫ϰ²/L>=[4.6, 6.1, 6.2], C-C-Sep=0.20, ║∇J║=1.1e-03
-----On 1/20 Initial Guess Perturbations
Iteration 751/3500-----
J=1.2e-02, ⟨Jf⟩=1.3e-03, ⟨B·n⟩=8.1e-03, Len=sum([4.8, 4.6, 4.2])=13.6, ϰ=[4.8, 5.2, 4.5], ∫ϰ²/L>=[4.6, 6.1, 6.2], C-C-Sep=0.20, ║∇J║=1.2e-03
-----On 1/20 Initial Guess Perturbations
Iteration 752/3500-----
J=1.2e-02, ⟨Jf⟩=1.3e-03, ⟨B·n⟩=8.0e-03, Len=sum([4.8, 4.6, 4.2])=13.6, ϰ=[4.7, 5.2, 4.5], ∫ϰ²/L>=[4.6, 6.1, 6.2], C-C-Sep=0.20, ║∇J║=2.5e-03
-----On 1/20 Initial Guess Perturbations
Iteration 753/3500-----
J=1.2e-02, ⟨Jf⟩=1.3e-03, ⟨B·n⟩=8.0e-03, Len=sum([4.8, 4.6, 4.2])=13.6, ϰ=[4.7, 5.2, 4.6], ∫ϰ²/L>=[4.6, 6.1, 6.2], C-C-Sep=0.20, ║∇J║=1.3e-03
-----On 1/20 Initial Guess Perturbations
Iteration 754/3500-----
J=1.2e-02, ⟨Jf⟩=1.3e-03, ⟨B·n⟩=8.0e-03, Len=sum([4.8, 4.6, 4.2])=13.6, ϰ=[4.7, 5.2, 4.6], ∫ϰ²/L>=[4.6, 6.1, 6.2], C-C-Sep=0.20, ║∇J║=1.1e-03
-----On 1/20 Initial Guess Perturbations
Iteration 755/3500-----
J=1.2e-02, ⟨Jf⟩=1.3e-03, ⟨B·n⟩=8.0e-03, Len=sum([4.8, 4.6, 4.2])=13.6, ϰ=[4.7, 5.2, 4.6], ∫ϰ²/L>=[4.7, 6.1, 6.2], C-C-Sep=0.20, ║∇J║=1.2e-03
-----On 1/20 Initial Guess Perturbations
Iteration 756/3500-----
J=1.2e-02, ⟨Jf⟩=1.3e-03, ⟨B·n⟩=8.0e-03, Len=sum([4.8, 4.6, 4.2])=13.6, ϰ=[4.8, 5.2, 4.6], ∫ϰ²/L>=[4.7, 6.1, 6.2], C-C-Sep=0.20, ║∇J║=2.3e-03
-----On 1/20 Initial Guess Perturbations
Iteration 757/3500-----
J=1.2e-02, ⟨Jf⟩=1.3e-03, ⟨B·n⟩=8.0e-03, Len=sum([4.8, 4.6, 4.2])=13.6, ϰ=[4.8, 5.2, 4.6], ∫ϰ²/L>=[4.7, 6.1, 6.2], C-C-Sep=0.20, ║∇J║=1.0e-03
-----On 1/20 Initial Guess Perturbations
Iteration 758/3500-----
J=1.2e-02, ⟨Jf⟩=1.3e-03, ⟨B·n⟩=8.0e-03, Len=sum([4.8, 4.6, 4.2])=13.6, ϰ=[4.8, 5.2, 4.6], ∫ϰ²/L>=[4.7, 6.1, 6.2], C-C-Sep=0.20, ║∇J║=8.9e-04
-----On 1/20 Initial Guess Perturbations
Iteration 759/3500-----
J=1.2e-02, ⟨Jf⟩=1.3e-03, ⟨B·n⟩=8.0e-03, Len=sum([4.8, 4.6, 4.2])=13.6, ϰ=[4.8, 5.2, 4.6], ∫ϰ²/L>=[4.7, 6.1, 6.2], C-C-Sep=0.20, ║∇J║=9.9e-04
-----On 1/20 Initial Guess Perturbations
Iteration 760/3500-----
J=1.2e-02, ⟨Jf⟩=1.3e-03, ⟨B·n⟩=8.0e-03, Len=sum([4.8, 4.6, 4.2])=13.6, ϰ=[4.8, 5.2, 4.5], ∫ϰ²/L>=[4.7, 6.1, 6.2], C-C-Sep=0.20, ║∇J║=1.1e-03
-----On 1/20 Initial Guess Perturbations
Iteration 761/3500-----
J=1.2e-02, ⟨Jf⟩=1.3e-03, ⟨B·n⟩=8.0e-03, Len=sum([4.8, 4.6, 4.2])=13.6, ϰ=[4.8, 5.3, 4.5], ∫ϰ²/L>=[4.7, 6.1, 6.2], C-C-Sep=0.20, ║∇J║=1.2e-03
-----On 1/20 Initial Guess Perturbations
Iteration 762/3500-----
J=1.2e-02, ⟨Jf⟩=1.3e-03, ⟨B·n⟩=8.0e-03, Len=sum([4.8, 4.6, 4.2])=13.6, ϰ=[4.8, 5.3, 4.5], ∫ϰ²/L>=[4.7, 6.1, 6.2], C-C-Sep=0.20, ║∇J║=8.6e-04
-----On 1/20 Initial Guess Perturbations
Iteration 763/3500-----
J=1.2e-02, ⟨Jf⟩=1.3e-03, ⟨B·n⟩=8.0e-03, Len=sum([4.8, 4.6, 4.2])=13.6, ϰ=[4.8, 5.3, 4.5], ∫ϰ²/L>=[4.7, 6.1, 6.2], C-C-Sep=0.20, ║∇J║=8.9e-04
-----On 1/20 Initial Guess Perturbations
Iteration 764/3500-----
J=1.2e-02, ⟨Jf⟩=1.3e-03, ⟨B·n⟩=8.0e-03, Len=sum([4.8, 4.6, 4.2])=13.6, ϰ=[4.8, 5.3, 4.6], ∫ϰ²/L>=[4.7, 6.1, 6.2], C-C-Sep=0.20, ║∇J║=1.1e-03
-----On 1/20 Initial Guess Perturbations
Iteration 765/3500-----
J=1.2e-02, ⟨Jf⟩=1.3e-03, ⟨B·n⟩=8.0e-03, Len=sum([4.8, 4.6, 4.2])=13.6, ϰ=[4.8, 5.3, 4.6], ∫ϰ²/L>=[4.7, 6.1, 6.2], C-C-Sep=0.20, ║∇J║=5.9e-04
-----On 1/20 Initial Guess Perturbations
Iteration 766/3500-----
J=1.2e-02, ⟨Jf⟩=1.3e-03, ⟨B·n⟩=8.0e-03, Len=sum([4.8, 4.6, 4.2])=13.6, ϰ=[4.8, 5.2, 4.5], ∫ϰ²/L>=[4.7, 6.1, 6.2], C-C-Sep=0.20, ║∇J║=6.5e-04
-----On 1/20 Initial Guess Perturbations
Iteration 767/3500-----
J=1.2e-02, ⟨Jf⟩=1.3e-03, ⟨B·n⟩=8.0e-03, Len=sum([4.8, 4.6, 4.2])=13.6, ϰ=[4.8, 5.2, 4.5], ∫ϰ²/L>=[4.7, 6.1, 6.2], C-C-Sep=0.20, ║∇J║=8.9e-04
-----On 1/20 Initial Guess Perturbations
Iteration 768/3500-----
J=1.2e-02, ⟨Jf⟩=1.3e-03, ⟨B·n⟩=8.0e-03, Len=sum([4.8, 4.6, 4.2])=13.6, ϰ=[4.8, 5.2, 4.5], ∫ϰ²/L>=[4.7, 6.1, 6.2], C-C-Sep=0.20, ║∇J║=9.1e-04
-----On 1/20 Initial Guess Perturbations
Iteration 769/3500-----
J=1.2e-02, ⟨Jf⟩=1.3e-03, ⟨B·n⟩=8.0e-03, Len=sum([4.8, 4.6, 4.2])=13.6, ϰ=[4.8, 5.2, 4.5], ∫ϰ²/L>=[4.7, 6.1, 6.2], C-C-Sep=0.20, ║∇J║=6.2e-04
-----On 1/20 Initial Guess Perturbations
Iteration 770/3500-----
J=1.2e-02, ⟨Jf⟩=1.3e-03, ⟨B·n⟩=8.0e-03, Len=sum([4.8, 4.6, 4.2])=13.6, ϰ=[4.8, 5.3, 4.5], ∫ϰ²/L>=[4.7, 6.1, 6.2], C-C-Sep=0.20, ║∇J║=7.4e-04
-----On 1/20 Initial Guess Perturbations
Iteration 771/3500-----
J=1.2e-02, ⟨Jf⟩=1.3e-03, ⟨B·n⟩=8.0e-03, Len=sum([4.8, 4.6, 4.2])=13.6, ϰ=[4.8, 5.3, 4.5], ∫ϰ²/L>=[4.7, 6.1, 6.2], C-C-Sep=0.20, ║∇J║=1.2e-03
-----On 1/20 Initial Guess Perturbations
Iteration 772/3500-----
J=1.2e-02, ⟨Jf⟩=1.3e-03, ⟨B·n⟩=8.0e-03, Len=sum([4.8, 4.6, 4.2])=13.6, ϰ=[4.8, 5.3, 4.5], ∫ϰ²/L>=[4.7, 6.1, 6.2], C-C-Sep=0.20, ║∇J║=7.0e-04
-----On 1/20 Initial Guess Perturbations
Iteration 773/3500-----
J=1.2e-02, ⟨Jf⟩=1.3e-03, ⟨B·n⟩=8.0e-03, Len=sum([4.8, 4.6, 4.2])=13.6, ϰ=[4.8, 5.3, 4.5], ∫ϰ²/L>=[4.7, 6.1, 6.2], C-C-Sep=0.20, ║∇J║=5.3e-04
-----On 1/20 Initial Guess Perturbations
Iteration 774/3500-----
J=1.2e-02, ⟨Jf⟩=1.3e-03, ⟨B·n⟩=8.0e-03, Len=sum([4.8, 4.6, 4.2])=13.6, ϰ=[4.8, 5.2, 4.5], ∫ϰ²/L>=[4.7, 6.1, 6.2], C-C-Sep=0.20, ║∇J║=6.7e-04
-----On 1/20 Initial Guess Perturbations
Iteration 775/3500-----
J=1.2e-02, ⟨Jf⟩=1.3e-03, ⟨B·n⟩=8.0e-03, Len=sum([4.8, 4.6, 4.2])=13.6, ϰ=[4.8, 5.2, 4.5], ∫ϰ²/L>=[4.7, 6.1, 6.2], C-C-Sep=0.20, ║∇J║=7.3e-04
-----On 1/20 Initial Guess Perturbations
Iteration 776/3500-----
J=1.2e-02, ⟨Jf⟩=1.3e-03, ⟨B·n⟩=8.0e-03, Len=sum([4.8, 4.6, 4.2])=13.6, ϰ=[4.8, 5.2, 4.5], ∫ϰ²/L>=[4.7, 6.1, 6.2], C-C-Sep=0.20, ║∇J║=7.4e-04
-----On 1/20 Initial Guess Perturbations
Iteration 777/3500-----
J=1.2e-02, ⟨Jf⟩=1.3e-03, ⟨B·n⟩=8.0e-03, Len=sum([4.8, 4.6, 4.2])=13.6, ϰ=[4.8, 5.2, 4.5], ∫ϰ²/L>=[4.7, 6.1, 6.2], C-C-Sep=0.20, ║∇J║=6.0e-04
-----On 1/20 Initial Guess Perturbations
Iteration 778/3500-----
J=1.2e-02, ⟨Jf⟩=1.3e-03, ⟨B·n⟩=8.0e-03, Len=sum([4.8, 4.6, 4.2])=13.6, ϰ=[4.8, 5.2, 4.5], ∫ϰ²/L>=[4.7, 6.1, 6.2], C-C-Sep=0.20, ║∇J║=5.6e-04
-----On 1/20 Initial Guess Perturbations
Iteration 779/3500-----
J=1.2e-02, ⟨Jf⟩=1.3e-03, ⟨B·n⟩=8.0e-03, Len=sum([4.8, 4.6, 4.2])=13.6, ϰ=[4.8, 5.2, 4.5], ∫ϰ²/L>=[4.7, 6.1, 6.2], C-C-Sep=0.20, ║∇J║=5.8e-04
-----On 1/20 Initial Guess Perturbations
Iteration 780/3500-----
J=1.2e-02, ⟨Jf⟩=1.3e-03, ⟨B·n⟩=8.0e-03, Len=sum([4.8, 4.6, 4.2])=13.6, ϰ=[4.8, 5.2, 4.5], ∫ϰ²/L>=[4.7, 6.1, 6.2], C-C-Sep=0.20, ║∇J║=5.6e-04
-----On 1/20 Initial Guess Perturbations
Iteration 781/3500-----
J=1.2e-02, ⟨Jf⟩=1.3e-03, ⟨B·n⟩=8.0e-03, Len=sum([4.8, 4.6, 4.2])=13.6, ϰ=[4.8, 5.2, 4.5], ∫ϰ²/L>=[4.7, 6.1, 6.2], C-C-Sep=0.20, ║∇J║=6.2e-04
-----On 1/20 Initial Guess Perturbations
Iteration 782/3500-----
J=1.2e-02, ⟨Jf⟩=1.3e-03, ⟨B·n⟩=8.0e-03, Len=sum([4.8, 4.6, 4.2])=13.6, ϰ=[4.8, 5.2, 4.5], ∫ϰ²/L>=[4.7, 6.1, 6.2], C-C-Sep=0.20, ║∇J║=4.9e-04
-----On 1/20 Initial Guess Perturbations
Iteration 783/3500-----
J=1.2e-02, ⟨Jf⟩=1.3e-03, ⟨B·n⟩=8.0e-03, Len=sum([4.8, 4.6, 4.2])=13.6, ϰ=[4.8, 5.2, 4.5], ∫ϰ²/L>=[4.7, 6.1, 6.2], C-C-Sep=0.20, ║∇J║=4.7e-04
-----On 1/20 Initial Guess Perturbations
Iteration 784/3500-----
J=1.2e-02, ⟨Jf⟩=1.3e-03, ⟨B·n⟩=8.0e-03, Len=sum([4.8, 4.6, 4.2])=13.6, ϰ=[4.8, 5.3, 4.5], ∫ϰ²/L>=[4.7, 6.1, 6.2], C-C-Sep=0.20, ║∇J║=5.1e-04
-----On 1/20 Initial Guess Perturbations
Iteration 785/3500-----
J=1.2e-02, ⟨Jf⟩=1.3e-03, ⟨B·n⟩=8.0e-03, Len=sum([4.8, 4.6, 4.2])=13.6, ϰ=[4.8, 5.3, 4.5], ∫ϰ²/L>=[4.7, 6.1, 6.2], C-C-Sep=0.20, ║∇J║=5.0e-04
-----On 1/20 Initial Guess Perturbations
Iteration 786/3500-----
J=1.2e-02, ⟨Jf⟩=1.3e-03, ⟨B·n⟩=8.0e-03, Len=sum([4.8, 4.6, 4.2])=13.6, ϰ=[4.8, 5.3, 4.5], ∫ϰ²/L>=[4.7, 6.1, 6.2], C-C-Sep=0.20, ║∇J║=4.4e-04
-----On 1/20 Initial Guess Perturbations
Iteration 787/3500-----
J=1.2e-02, ⟨Jf⟩=1.3e-03, ⟨B·n⟩=8.0e-03, Len=sum([4.8, 4.6, 4.2])=13.6, ϰ=[4.8, 5.3, 4.5], ∫ϰ²/L>=[4.7, 6.1, 6.2], C-C-Sep=0.20, ║∇J║=4.2e-04
-----On 1/20 Initial Guess Perturbations
Iteration 788/3500-----
J=1.2e-02, ⟨Jf⟩=1.3e-03, ⟨B·n⟩=8.0e-03, Len=sum([4.8, 4.6, 4.2])=13.6, ϰ=[4.8, 5.2, 4.5], ∫ϰ²/L>=[4.7, 6.1, 6.2], C-C-Sep=0.20, ║∇J║=3.1e-04
-----On 1/20 Initial Guess Perturbations
Iteration 789/3500-----
J=1.2e-02, ⟨Jf⟩=1.3e-03, ⟨B·n⟩=8.0e-03, Len=sum([4.8, 4.6, 4.2])=13.6, ϰ=[4.8, 5.2, 4.5], ∫ϰ²/L>=[4.7, 6.1, 6.2], C-C-Sep=0.20, ║∇J║=3.1e-04
-----On 1/20 Initial Guess Perturbations
Iteration 790/3500-----
J=1.2e-02, ⟨Jf⟩=1.3e-03, ⟨B·n⟩=8.0e-03, Len=sum([4.8, 4.6, 4.2])=13.6, ϰ=[4.8, 5.2, 4.5], ∫ϰ²/L>=[4.7, 6.1, 6.2], C-C-Sep=0.20, ║∇J║=4.3e-04
-----On 1/20 Initial Guess Perturbations
Iteration 791/3500-----
J=1.2e-02, ⟨Jf⟩=1.3e-03, ⟨B·n⟩=8.0e-03, Len=sum([4.8, 4.6, 4.2])=13.6, ϰ=[4.8, 5.2, 4.5], ∫ϰ²/L>=[4.7, 6.1, 6.2], C-C-Sep=0.20, ║∇J║=4.3e-04
-----On 1/20 Initial Guess Perturbations
Iteration 792/3500-----
J=1.2e-02, ⟨Jf⟩=1.3e-03, ⟨B·n⟩=8.0e-03, Len=sum([4.8, 4.6, 4.2])=13.6, ϰ=[4.8, 5.2, 4.5], ∫ϰ²/L>=[4.7, 6.1, 6.2], C-C-Sep=0.20, ║∇J║=3.2e-04
-----On 1/20 Initial Guess Perturbations
Iteration 793/3500-----
J=1.2e-02, ⟨Jf⟩=1.3e-03, ⟨B·n⟩=8.0e-03, Len=sum([4.8, 4.6, 4.2])=13.6, ϰ=[4.8, 5.2, 4.5], ∫ϰ²/L>=[4.7, 6.1, 6.2], C-C-Sep=0.20, ║∇J║=3.0e-04
-----On 1/20 Initial Guess Perturbations
Iteration 794/3500-----
J=1.2e-02, ⟨Jf⟩=1.3e-03, ⟨B·n⟩=8.0e-03, Len=sum([4.8, 4.6, 4.2])=13.6, ϰ=[4.8, 5.2, 4.5], ∫ϰ²/L>=[4.7, 6.1, 6.2], C-C-Sep=0.20, ║∇J║=4.0e-04
-----On 1/20 Initial Guess Perturbations
Iteration 795/3500-----
J=1.2e-02, ⟨Jf⟩=1.3e-03, ⟨B·n⟩=8.0e-03, Len=sum([4.8, 4.6, 4.2])=13.6, ϰ=[4.8, 5.2, 4.5], ∫ϰ²/L>=[4.7, 6.1, 6.2], C-C-Sep=0.20, ║∇J║=3.4e-04
-----On 1/20 Initial Guess Perturbations
Iteration 796/3500-----
J=1.2e-02, ⟨Jf⟩=1.3e-03, ⟨B·n⟩=8.0e-03, Len=sum([4.8, 4.6, 4.2])=13.6, ϰ=[4.8, 5.2, 4.5], ∫ϰ²/L>=[4.7, 6.1, 6.2], C-C-Sep=0.20, ║∇J║=2.7e-04
-----On 1/20 Initial Guess Perturbations
Iteration 797/3500-----
J=1.2e-02, ⟨Jf⟩=1.3e-03, ⟨B·n⟩=8.0e-03, Len=sum([4.8, 4.6, 4.2])=13.6, ϰ=[4.8, 5.2, 4.5], ∫ϰ²/L>=[4.7, 6.1, 6.2], C-C-Sep=0.20, ║∇J║=2.8e-04
-----On 1/20 Initial Guess Perturbations
Iteration 798/3500-----
J=1.2e-02, ⟨Jf⟩=1.3e-03, ⟨B·n⟩=8.0e-03, Len=sum([4.8, 4.6, 4.2])=13.6, ϰ=[4.8, 5.2, 4.5], ∫ϰ²/L>=[4.7, 6.1, 6.2], C-C-Sep=0.20, ║∇J║=3.0e-04
-----On 1/20 Initial Guess Perturbations
Iteration 799/3500-----
J=1.2e-02, ⟨Jf⟩=1.3e-03, ⟨B·n⟩=8.0e-03, Len=sum([4.8, 4.6, 4.2])=13.6, ϰ=[4.8, 5.2, 4.5], ∫ϰ²/L>=[4.7, 6.1, 6.2], C-C-Sep=0.20, ║∇J║=2.6e-04
-----On 1/20 Initial Guess Perturbations
Iteration 800/3500-----
J=1.2e-02, ⟨Jf⟩=1.3e-03, ⟨B·n⟩=8.0e-03, Len=sum([4.8, 4.6, 4.2])=13.6, ϰ=[4.8, 5.2, 4.5], ∫ϰ²/L>=[4.7, 6.1, 6.2], C-C-Sep=0.20, ║∇J║=4.9e-04
-----On 1/20 Initial Guess Perturbations
Iteration 801/3500-----
J=1.2e-02, ⟨Jf⟩=1.3e-03, ⟨B·n⟩=8.0e-03, Len=sum([4.8, 4.6, 4.2])=13.6, ϰ=[4.8, 5.3, 4.5], ∫ϰ²/L>=[4.7, 6.1, 6.2], C-C-Sep=0.20, ║∇J║=2.5e-04
-----On 1/20 Initial Guess Perturbations
Iteration 802/3500-----
J=1.2e-02, ⟨Jf⟩=1.3e-03, ⟨B·n⟩=8.0e-03, Len=sum([4.8, 4.6, 4.2])=13.6, ϰ=[4.8, 5.3, 4.5], ∫ϰ²/L>=[4.7, 6.1, 6.2], C-C-Sep=0.20, ║∇J║=2.3e-04
-----On 1/20 Initial Guess Perturbations
Iteration 803/3500-----
J=1.2e-02, ⟨Jf⟩=1.3e-03, ⟨B·n⟩=8.0e-03, Len=sum([4.8, 4.6, 4.2])=13.6, ϰ=[4.8, 5.3, 4.5], ∫ϰ²/L>=[4.7, 6.1, 6.2], C-C-Sep=0.20, ║∇J║=2.7e-04
-----On 1/20 Initial Guess Perturbations
Iteration 804/3500-----
J=1.2e-02, ⟨Jf⟩=1.3e-03, ⟨B·n⟩=8.0e-03, Len=sum([4.8, 4.6, 4.2])=13.6, ϰ=[4.8, 5.3, 4.5], ∫ϰ²/L>=[4.7, 6.1, 6.2], C-C-Sep=0.20, ║∇J║=6.3e-04
-----On 1/20 Initial Guess Perturbations
Iteration 805/3500-----
J=1.2e-02, ⟨Jf⟩=1.3e-03, ⟨B·n⟩=8.0e-03, Len=sum([4.8, 4.6, 4.2])=13.6, ϰ=[4.8, 5.3, 4.5], ∫ϰ²/L>=[4.7, 6.1, 6.2], C-C-Sep=0.20, ║∇J║=2.7e-04
-----On 1/20 Initial Guess Perturbations
Iteration 806/3500-----
J=1.2e-02, ⟨Jf⟩=1.3e-03, ⟨B·n⟩=8.0e-03, Len=sum([4.8, 4.6, 4.2])=13.6, ϰ=[4.8, 5.3, 4.5], ∫ϰ²/L>=[4.7, 6.1, 6.2], C-C-Sep=0.20, ║∇J║=2.0e-04
-----On 1/20 Initial Guess Perturbations
Iteration 807/3500-----
J=1.2e-02, ⟨Jf⟩=1.3e-03, ⟨B·n⟩=8.0e-03, Len=sum([4.8, 4.6, 4.2])=13.6, ϰ=[4.8, 5.3, 4.5], ∫ϰ²/L>=[4.7, 6.1, 6.2], C-C-Sep=0.20, ║∇J║=2.3e-04
-----On 1/20 Initial Guess Perturbations
Iteration 808/3500-----
J=1.2e-02, ⟨Jf⟩=1.3e-03, ⟨B·n⟩=8.0e-03, Len=sum([4.8, 4.6, 4.2])=13.6, ϰ=[4.8, 5.3, 4.5], ∫ϰ²/L>=[4.7, 6.1, 6.2], C-C-Sep=0.20, ║∇J║=2.2e-04
-----On 1/20 Initial Guess Perturbations
Iteration 809/3500-----
J=1.2e-02, ⟨Jf⟩=1.3e-03, ⟨B·n⟩=8.0e-03, Len=sum([4.8, 4.6, 4.2])=13.6, ϰ=[4.8, 5.3, 4.5], ∫ϰ²/L>=[4.7, 6.1, 6.2], C-C-Sep=0.20, ║∇J║=5.4e-04
-----On 1/20 Initial Guess Perturbations
Iteration 810/3500-----
J=1.2e-02, ⟨Jf⟩=1.3e-03, ⟨B·n⟩=8.0e-03, Len=sum([4.8, 4.6, 4.2])=13.6, ϰ=[4.8, 5.3, 4.5], ∫ϰ²/L>=[4.7, 6.1, 6.2], C-C-Sep=0.20, ║∇J║=1.8e-04
-----On 1/20 Initial Guess Perturbations
Iteration 811/3500-----
J=1.2e-02, ⟨Jf⟩=1.3e-03, ⟨B·n⟩=8.0e-03, Len=sum([4.8, 4.6, 4.2])=13.6, ϰ=[4.8, 5.3, 4.5], ∫ϰ²/L>=[4.7, 6.1, 6.2], C-C-Sep=0.20, ║∇J║=1.8e-04
-----On 1/20 Initial Guess Perturbations
Iteration 812/3500-----
J=1.2e-02, ⟨Jf⟩=1.3e-03, ⟨B·n⟩=8.0e-03, Len=sum([4.8, 4.6, 4.2])=13.6, ϰ=[4.8, 5.2, 4.5], ∫ϰ²/L>=[4.7, 6.1, 6.2], C-C-Sep=0.20, ║∇J║=2.1e-04
-----On 1/20 Initial Guess Perturbations
Iteration 813/3500-----
J=1.2e-02, ⟨Jf⟩=1.3e-03, ⟨B·n⟩=8.0e-03, Len=sum([4.8, 4.6, 4.2])=13.6, ϰ=[4.8, 5.2, 4.5], ∫ϰ²/L>=[4.7, 6.1, 6.2], C-C-Sep=0.20, ║∇J║=3.2e-04
-----On 1/20 Initial Guess Perturbations
Iteration 814/3500-----
J=1.2e-02, ⟨Jf⟩=1.3e-03, ⟨B·n⟩=8.0e-03, Len=sum([4.8, 4.6, 4.2])=13.6, ϰ=[4.8, 5.2, 4.5], ∫ϰ²/L>=[4.7, 6.1, 6.2], C-C-Sep=0.20, ║∇J║=1.8e-04
-----On 1/20 Initial Guess Perturbations
Iteration 815/3500-----
J=1.2e-02, ⟨Jf⟩=1.3e-03, ⟨B·n⟩=8.0e-03, Len=sum([4.8, 4.6, 4.2])=13.6, ϰ=[4.8, 5.2, 4.5], ∫ϰ²/L>=[4.7, 6.1, 6.2], C-C-Sep=0.20, ║∇J║=1.7e-04
-----On 1/20 Initial Guess Perturbations
Iteration 816/3500-----
J=1.2e-02, ⟨Jf⟩=1.3e-03, ⟨B·n⟩=8.0e-03, Len=sum([4.8, 4.6, 4.2])=13.6, ϰ=[4.8, 5.2, 4.5], ∫ϰ²/L>=[4.7, 6.1, 6.2], C-C-Sep=0.20, ║∇J║=2.2e-04
-----On 1/20 Initial Guess Perturbations
Iteration 817/3500-----
J=1.2e-02, ⟨Jf⟩=1.3e-03, ⟨B·n⟩=8.0e-03, Len=sum([4.8, 4.6, 4.2])=13.6, ϰ=[4.8, 5.2, 4.5], ∫ϰ²/L>=[4.7, 6.1, 6.2], C-C-Sep=0.20, ║∇J║=2.3e-04
-----On 1/20 Initial Guess Perturbations
Iteration 818/3500-----
J=1.2e-02, ⟨Jf⟩=1.3e-03, ⟨B·n⟩=8.0e-03, Len=sum([4.8, 4.6, 4.2])=13.6, ϰ=[4.8, 5.3, 4.5], ∫ϰ²/L>=[4.7, 6.1, 6.2], C-C-Sep=0.20, ║∇J║=1.8e-04
-----On 1/20 Initial Guess Perturbations
Iteration 819/3500-----
J=1.2e-02, ⟨Jf⟩=1.3e-03, ⟨B·n⟩=8.0e-03, Len=sum([4.8, 4.6, 4.2])=13.6, ϰ=[4.8, 5.3, 4.5], ∫ϰ²/L>=[4.7, 6.1, 6.2], C-C-Sep=0.20, ║∇J║=2.2e-04
-----On 1/20 Initial Guess Perturbations
Iteration 820/3500-----
J=1.2e-02, ⟨Jf⟩=1.3e-03, ⟨B·n⟩=8.0e-03, Len=sum([4.8, 4.6, 4.2])=13.6, ϰ=[4.8, 5.3, 4.5], ∫ϰ²/L>=[4.7, 6.1, 6.2], C-C-Sep=0.20, ║∇J║=2.9e-04
-----On 1/20 Initial Guess Perturbations
Iteration 821/3500-----
J=1.2e-02, ⟨Jf⟩=1.3e-03, ⟨B·n⟩=8.0e-03, Len=sum([4.8, 4.6, 4.2])=13.6, ϰ=[4.8, 5.3, 4.5], ∫ϰ²/L>=[4.7, 6.1, 6.2], C-C-Sep=0.20, ║∇J║=1.9e-04
-----On 1/20 Initial Guess Perturbations
Iteration 822/3500-----
J=1.2e-02, ⟨Jf⟩=1.3e-03, ⟨B·n⟩=8.0e-03, Len=sum([4.8, 4.6, 4.2])=13.6, ϰ=[4.8, 5.3, 4.5], ∫ϰ²/L>=[4.7, 6.1, 6.2], C-C-Sep=0.20, ║∇J║=1.5e-04
-----On 1/20 Initial Guess Perturbations
Iteration 823/3500-----
J=1.2e-02, ⟨Jf⟩=1.3e-03, ⟨B·n⟩=8.0e-03, Len=sum([4.8, 4.6, 4.2])=13.6, ϰ=[4.8, 5.3, 4.5], ∫ϰ²/L>=[4.7, 6.1, 6.2], C-C-Sep=0.20, ║∇J║=1.7e-04
-----On 1/20 Initial Guess Perturbations
Iteration 824/3500-----
J=1.2e-02, ⟨Jf⟩=1.3e-03, ⟨B·n⟩=8.0e-03, Len=sum([4.8, 4.6, 4.2])=13.6, ϰ=[4.8, 5.3, 4.5], ∫ϰ²/L>=[4.7, 6.1, 6.2], C-C-Sep=0.20, ║∇J║=2.4e-04
-----On 1/20 Initial Guess Perturbations
Iteration 825/3500-----
J=1.2e-02, ⟨Jf⟩=1.3e-03, ⟨B·n⟩=8.0e-03, Len=sum([4.8, 4.6, 4.2])=13.6, ϰ=[4.8, 5.3, 4.5], ∫ϰ²/L>=[4.7, 6.1, 6.2], C-C-Sep=0.20, ║∇J║=1.5e-04
-----On 1/20 Initial Guess Perturbations
Iteration 826/3500-----
J=1.2e-02, ⟨Jf⟩=1.3e-03, ⟨B·n⟩=8.0e-03, Len=sum([4.8, 4.6, 4.2])=13.6, ϰ=[4.8, 5.3, 4.5], ∫ϰ²/L>=[4.7, 6.1, 6.2], C-C-Sep=0.20, ║∇J║=1.5e-04
-----On 1/20 Initial Guess Perturbations
Iteration 827/3500-----
J=1.2e-02, ⟨Jf⟩=1.3e-03, ⟨B·n⟩=8.0e-03, Len=sum([4.8, 4.6, 4.2])=13.6, ϰ=[4.8, 5.3, 4.5], ∫ϰ²/L>=[4.7, 6.1, 6.2], C-C-Sep=0.20, ║∇J║=2.2e-04
-----On 1/20 Initial Guess Perturbations
Iteration 828/3500-----
J=1.2e-02, ⟨Jf⟩=1.3e-03, ⟨B·n⟩=8.0e-03, Len=sum([4.8, 4.6, 4.2])=13.6, ϰ=[4.8, 5.3, 4.5], ∫ϰ²/L>=[4.7, 6.1, 6.2], C-C-Sep=0.20, ║∇J║=2.9e-04
-----On 1/20 Initial Guess Perturbations
Iteration 829/3500-----
J=1.2e-02, ⟨Jf⟩=1.3e-03, ⟨B·n⟩=8.0e-03, Len=sum([4.8, 4.6, 4.2])=13.6, ϰ=[4.8, 5.3, 4.5], ∫ϰ²/L>=[4.7, 6.1, 6.2], C-C-Sep=0.20, ║∇J║=1.5e-04
-----On 1/20 Initial Guess Perturbations
Iteration 830/3500-----
J=1.2e-02, ⟨Jf⟩=1.3e-03, ⟨B·n⟩=8.0e-03, Len=sum([4.8, 4.6, 4.2])=13.6, ϰ=[4.8, 5.3, 4.5], ∫ϰ²/L>=[4.7, 6.1, 6.2], C-C-Sep=0.20, ║∇J║=1.7e-04
-----On 1/20 Initial Guess Perturbations
Iteration 831/3500-----
J=1.2e-02, ⟨Jf⟩=1.3e-03, ⟨B·n⟩=8.0e-03, Len=sum([4.8, 4.6, 4.2])=13.6, ϰ=[4.8, 5.3, 4.5], ∫ϰ²/L>=[4.7, 6.1, 6.2], C-C-Sep=0.20, ║∇J║=1.9e-04
-----On 1/20 Initial Guess Perturbations
Iteration 832/3500-----
J=1.2e-02, ⟨Jf⟩=1.3e-03, ⟨B·n⟩=8.0e-03, Len=sum([4.8, 4.6, 4.2])=13.6, ϰ=[4.8, 5.3, 4.5], ∫ϰ²/L>=[4.7, 6.1, 6.2], C-C-Sep=0.20, ║∇J║=5.2e-04
-----On 1/20 Initial Guess Perturbations
Iteration 833/3500-----
J=1.2e-02, ⟨Jf⟩=1.3e-03, ⟨B·n⟩=8.0e-03, Len=sum([4.8, 4.6, 4.2])=13.6, ϰ=[4.8, 5.3, 4.5], ∫ϰ²/L>=[4.7, 6.1, 6.2], C-C-Sep=0.20, ║∇J║=1.5e-04
-----On 1/20 Initial Guess Perturbations
Iteration 834/3500-----
J=1.2e-02, ⟨Jf⟩=1.3e-03, ⟨B·n⟩=8.0e-03, Len=sum([4.8, 4.6, 4.2])=13.6, ϰ=[4.8, 5.3, 4.5], ∫ϰ²/L>=[4.7, 6.1, 6.2], C-C-Sep=0.20, ║∇J║=1.1e-04
-----On 1/20 Initial Guess Perturbations
Iteration 835/3500-----
J=1.2e-02, ⟨Jf⟩=1.3e-03, ⟨B·n⟩=8.0e-03, Len=sum([4.8, 4.6, 4.2])=13.6, ϰ=[4.8, 5.3, 4.5], ∫ϰ²/L>=[4.7, 6.1, 6.2], C-C-Sep=0.20, ║∇J║=1.7e-04
-----On 1/20 Initial Guess Perturbations
Iteration 836/3500-----
J=1.2e-02, ⟨Jf⟩=1.3e-03, ⟨B·n⟩=8.0e-03, Len=sum([4.8, 4.6, 4.2])=13.6, ϰ=[4.8, 5.3, 4.5], ∫ϰ²/L>=[4.7, 6.1, 6.2], C-C-Sep=0.20, ║∇J║=2.0e-04
-----On 1/20 Initial Guess Perturbations
Iteration 837/3500-----
J=1.2e-02, ⟨Jf⟩=1.3e-03, ⟨B·n⟩=8.0e-03, Len=sum([4.8, 4.6, 4.2])=13.6, ϰ=[4.8, 5.3, 4.5], ∫ϰ²/L>=[4.7, 6.1, 6.2], C-C-Sep=0.20, ║∇J║=4.2e-04
-----On 1/20 Initial Guess Perturbations
Iteration 838/3500-----
J=1.2e-02, ⟨Jf⟩=1.3e-03, ⟨B·n⟩=8.0e-03, Len=sum([4.8, 4.6, 4.2])=13.6, ϰ=[4.8, 5.3, 4.5], ∫ϰ²/L>=[4.7, 6.1, 6.2], C-C-Sep=0.20, ║∇J║=1.5e-04
-----On 1/20 Initial Guess Perturbations
Iteration 839/3500-----
J=1.2e-02, ⟨Jf⟩=1.3e-03, ⟨B·n⟩=8.0e-03, Len=sum([4.8, 4.6, 4.2])=13.6, ϰ=[4.8, 5.3, 4.5], ∫ϰ²/L>=[4.7, 6.1, 6.2], C-C-Sep=0.20, ║∇J║=1.5e-04
-----On 1/20 Initial Guess Perturbations
Iteration 840/3500-----
J=1.2e-02, ⟨Jf⟩=1.3e-03, ⟨B·n⟩=8.0e-03, Len=sum([4.8, 4.6, 4.2])=13.6, ϰ=[4.8, 5.3, 4.5], ∫ϰ²/L>=[4.7, 6.1, 6.2], C-C-Sep=0.20, ║∇J║=1.6e-04
-----On 1/20 Initial Guess Perturbations
Iteration 841/3500-----
J=1.2e-02, ⟨Jf⟩=1.3e-03, ⟨B·n⟩=8.0e-03, Len=sum([4.8, 4.6, 4.2])=13.6, ϰ=[4.8, 5.3, 4.5], ∫ϰ²/L>=[4.7, 6.1, 6.2], C-C-Sep=0.20, ║∇J║=2.1e-04
-----On 1/20 Initial Guess Perturbations
Iteration 842/3500-----
J=1.2e-02, ⟨Jf⟩=1.3e-03, ⟨B·n⟩=8.0e-03, Len=sum([4.8, 4.6, 4.2])=13.6, ϰ=[4.8, 5.3, 4.5], ∫ϰ²/L>=[4.7, 6.1, 6.2], C-C-Sep=0.20, ║∇J║=2.4e-04
-----On 1/20 Initial Guess Perturbations
Iteration 843/3500-----
J=1.2e-02, ⟨Jf⟩=1.3e-03, ⟨B·n⟩=8.0e-03, Len=sum([4.8, 4.6, 4.2])=13.6, ϰ=[4.8, 5.3, 4.5], ∫ϰ²/L>=[4.7, 6.1, 6.2], C-C-Sep=0.20, ║∇J║=1.7e-04
-----On 1/20 Initial Guess Perturbations
Iteration 844/3500-----
J=1.2e-02, ⟨Jf⟩=1.3e-03, ⟨B·n⟩=8.0e-03, Len=sum([4.8, 4.6, 4.2])=13.6, ϰ=[4.8, 5.3, 4.5], ∫ϰ²/L>=[4.7, 6.1, 6.2], C-C-Sep=0.20, ║∇J║=1.7e-04
-----On 1/20 Initial Guess Perturbations
Iteration 845/3500-----
J=1.2e-02, ⟨Jf⟩=1.3e-03, ⟨B·n⟩=8.0e-03, Len=sum([4.8, 4.6, 4.2])=13.6, ϰ=[4.8, 5.3, 4.5], ∫ϰ²/L>=[4.7, 6.1, 6.2], C-C-Sep=0.20, ║∇J║=1.8e-04
-----On 1/20 Initial Guess Perturbations
Iteration 846/3500-----
J=1.2e-02, ⟨Jf⟩=1.3e-03, ⟨B·n⟩=8.0e-03, Len=sum([4.8, 4.6, 4.2])=13.6, ϰ=[4.8, 5.3, 4.5], ∫ϰ²/L>=[4.7, 6.1, 6.2], C-C-Sep=0.20, ║∇J║=2.5e-04
-----On 1/20 Initial Guess Perturbations
Iteration 847/3500-----
J=1.2e-02, ⟨Jf⟩=1.3e-03, ⟨B·n⟩=8.0e-03, Len=sum([4.8, 4.6, 4.2])=13.6, ϰ=[4.8, 5.3, 4.5], ∫ϰ²/L>=[4.7, 6.1, 6.2], C-C-Sep=0.20, ║∇J║=1.8e-04
-----On 1/20 Initial Guess Perturbations
Iteration 848/3500-----
J=1.2e-02, ⟨Jf⟩=1.3e-03, ⟨B·n⟩=8.0e-03, Len=sum([4.8, 4.6, 4.2])=13.6, ϰ=[4.8, 5.3, 4.5], ∫ϰ²/L>=[4.7, 6.1, 6.2], C-C-Sep=0.20, ║∇J║=1.9e-04
-----On 1/20 Initial Guess Perturbations
Iteration 849/3500-----
J=1.2e-02, ⟨Jf⟩=1.3e-03, ⟨B·n⟩=8.0e-03, Len=sum([4.8, 4.6, 4.2])=13.6, ϰ=[4.8, 5.3, 4.5], ∫ϰ²/L>=[4.7, 6.1, 6.2], C-C-Sep=0.20, ║∇J║=2.7e-04
-----On 1/20 Initial Guess Perturbations
Iteration 850/3500-----
J=1.2e-02, ⟨Jf⟩=1.3e-03, ⟨B·n⟩=8.0e-03, Len=sum([4.8, 4.6, 4.2])=13.6, ϰ=[4.8, 5.3, 4.5], ∫ϰ²/L>=[4.7, 6.1, 6.2], C-C-Sep=0.20, ║∇J║=2.9e-04
-----On 1/20 Initial Guess Perturbations
Iteration 851/3500-----
J=1.2e-02, ⟨Jf⟩=1.3e-03, ⟨B·n⟩=8.0e-03, Len=sum([4.8, 4.6, 4.2])=13.6, ϰ=[4.8, 5.3, 4.5], ∫ϰ²/L>=[4.7, 6.1, 6.2], C-C-Sep=0.20, ║∇J║=1.7e-04
-----On 1/20 Initial Guess Perturbations
Iteration 852/3500-----
J=1.2e-02, ⟨Jf⟩=1.3e-03, ⟨B·n⟩=8.0e-03, Len=sum([4.8, 4.6, 4.2])=13.6, ϰ=[4.8, 5.3, 4.5], ∫ϰ²/L>=[4.7, 6.1, 6.2], C-C-Sep=0.20, ║∇J║=1.8e-04
-----On 1/20 Initial Guess Perturbations
Iteration 853/3500-----
J=1.2e-02, ⟨Jf⟩=1.3e-03, ⟨B·n⟩=8.0e-03, Len=sum([4.8, 4.6, 4.2])=13.6, ϰ=[4.8, 5.3, 4.5], ∫ϰ²/L>=[4.7, 6.1, 6.2], C-C-Sep=0.20, ║∇J║=2.0e-04
-----On 1/20 Initial Guess Perturbations
Iteration 854/3500-----
J=1.2e-02, ⟨Jf⟩=1.3e-03, ⟨B·n⟩=8.0e-03, Len=sum([4.8, 4.6, 4.2])=13.6, ϰ=[4.8, 5.2, 4.5], ∫ϰ²/L>=[4.7, 6.1, 6.2], C-C-Sep=0.20, ║∇J║=3.5e-04
-----On 1/20 Initial Guess Perturbations
Iteration 855/3500-----
J=1.2e-02, ⟨Jf⟩=1.3e-03, ⟨B·n⟩=8.0e-03, Len=sum([4.8, 4.6, 4.2])=13.6, ϰ=[4.8, 5.2, 4.5], ∫ϰ²/L>=[4.7, 6.1, 6.2], C-C-Sep=0.20, ║∇J║=2.4e-04
-----On 1/20 Initial Guess Perturbations
Iteration 856/3500-----
J=1.2e-02, ⟨Jf⟩=1.3e-03, ⟨B·n⟩=8.0e-03, Len=sum([4.8, 4.6, 4.2])=13.6, ϰ=[4.8, 5.2, 4.5], ∫ϰ²/L>=[4.7, 6.1, 6.2], C-C-Sep=0.20, ║∇J║=2.4e-04
-----On 1/20 Initial Guess Perturbations
Iteration 857/3500-----
J=1.2e-02, ⟨Jf⟩=1.3e-03, ⟨B·n⟩=8.0e-03, Len=sum([4.8, 4.6, 4.2])=13.6, ϰ=[4.8, 5.2, 4.5], ∫ϰ²/L>=[4.7, 6.1, 6.2], C-C-Sep=0.20, ║∇J║=3.0e-04
-----On 1/20 Initial Guess Perturbations
Iteration 858/3500-----
J=1.2e-02, ⟨Jf⟩=1.3e-03, ⟨B·n⟩=8.0e-03, Len=sum([4.8, 4.6, 4.2])=13.6, ϰ=[4.8, 5.2, 4.5], ∫ϰ²/L>=[4.7, 6.1, 6.2], C-C-Sep=0.20, ║∇J║=4.9e-04
-----On 1/20 Initial Guess Perturbations
Iteration 859/3500-----
J=1.2e-02, ⟨Jf⟩=1.3e-03, ⟨B·n⟩=8.0e-03, Len=sum([4.8, 4.6, 4.2])=13.6, ϰ=[4.8, 5.3, 4.5], ∫ϰ²/L>=[4.7, 6.1, 6.2], C-C-Sep=0.20, ║∇J║=2.6e-04
-----On 1/20 Initial Guess Perturbations
Iteration 860/3500-----
J=1.2e-02, ⟨Jf⟩=1.3e-03, ⟨B·n⟩=8.0e-03, Len=sum([4.8, 4.6, 4.2])=13.6, ϰ=[4.8, 5.3, 4.5], ∫ϰ²/L>=[4.7, 6.1, 6.2], C-C-Sep=0.20, ║∇J║=2.5e-04
-----On 1/20 Initial Guess Perturbations
Iteration 861/3500-----
J=1.2e-02, ⟨Jf⟩=1.3e-03, ⟨B·n⟩=8.0e-03, Len=sum([4.8, 4.6, 4.2])=13.6, ϰ=[4.8, 5.2, 4.5], ∫ϰ²/L>=[4.7, 6.1, 6.2], C-C-Sep=0.20, ║∇J║=3.1e-04
-----On 1/20 Initial Guess Perturbations
Iteration 862/3500-----
J=1.2e-02, ⟨Jf⟩=1.3e-03, ⟨B·n⟩=8.0e-03, Len=sum([4.8, 4.6, 4.2])=13.6, ϰ=[4.8, 5.2, 4.5], ∫ϰ²/L>=[4.7, 6.1, 6.2], C-C-Sep=0.20, ║∇J║=5.1e-04
-----On 1/20 Initial Guess Perturbations
Iteration 863/3500-----
J=1.2e-02, ⟨Jf⟩=1.3e-03, ⟨B·n⟩=8.0e-03, Len=sum([4.8, 4.6, 4.2])=13.6, ϰ=[4.8, 5.2, 4.5], ∫ϰ²/L>=[4.7, 6.1, 6.2], C-C-Sep=0.20, ║∇J║=3.9e-04
-----On 1/20 Initial Guess Perturbations
Iteration 864/3500-----
J=1.2e-02, ⟨Jf⟩=1.3e-03, ⟨B·n⟩=8.0e-03, Len=sum([4.8, 4.6, 4.2])=13.6, ϰ=[4.8, 5.2, 4.5], ∫ϰ²/L>=[4.7, 6.1, 6.2], C-C-Sep=0.20, ║∇J║=3.1e-04
-----On 1/20 Initial Guess Perturbations
Iteration 865/3500-----
J=1.2e-02, ⟨Jf⟩=1.3e-03, ⟨B·n⟩=8.0e-03, Len=sum([4.8, 4.6, 4.2])=13.6, ϰ=[4.8, 5.2, 4.5], ∫ϰ²/L>=[4.7, 6.1, 6.2], C-C-Sep=0.20, ║∇J║=5.1e-04
-----On 1/20 Initial Guess Perturbations
Iteration 866/3500-----
J=1.2e-02, ⟨Jf⟩=1.3e-03, ⟨B·n⟩=8.0e-03, Len=sum([4.8, 4.6, 4.2])=13.6, ϰ=[4.8, 5.2, 4.5], ∫ϰ²/L>=[4.7, 6.1, 6.2], C-C-Sep=0.20, ║∇J║=7.7e-04
-----On 1/20 Initial Guess Perturbations
Iteration 867/3500-----
J=1.2e-02, ⟨Jf⟩=1.3e-03, ⟨B·n⟩=8.0e-03, Len=sum([4.8, 4.6, 4.2])=13.6, ϰ=[4.8, 5.2, 4.5], ∫ϰ²/L>=[4.7, 6.1, 6.2], C-C-Sep=0.20, ║∇J║=3.9e-04
-----On 1/20 Initial Guess Perturbations
Iteration 868/3500-----
J=1.2e-02, ⟨Jf⟩=1.3e-03, ⟨B·n⟩=8.0e-03, Len=sum([4.8, 4.6, 4.2])=13.6, ϰ=[4.8, 5.3, 4.5], ∫ϰ²/L>=[4.7, 6.1, 6.2], C-C-Sep=0.20, ║∇J║=3.4e-04
-----On 1/20 Initial Guess Perturbations
Iteration 869/3500-----
J=1.2e-02, ⟨Jf⟩=1.3e-03, ⟨B·n⟩=8.0e-03, Len=sum([4.8, 4.6, 4.2])=13.6, ϰ=[4.8, 5.3, 4.5], ∫ϰ²/L>=[4.7, 6.1, 6.2], C-C-Sep=0.20, ║∇J║=4.1e-04
-----On 1/20 Initial Guess Perturbations
Iteration 870/3500-----
J=1.2e-02, ⟨Jf⟩=1.3e-03, ⟨B·n⟩=8.0e-03, Len=sum([4.8, 4.6, 4.2])=13.6, ϰ=[4.8, 5.3, 4.5], ∫ϰ²/L>=[4.7, 6.1, 6.2], C-C-Sep=0.20, ║∇J║=4.6e-04
-----On 1/20 Initial Guess Perturbations
Iteration 871/3500-----
J=1.2e-02, ⟨Jf⟩=1.3e-03, ⟨B·n⟩=8.0e-03, Len=sum([4.8, 4.6, 4.2])=13.6, ϰ=[4.8, 5.3, 4.5], ∫ϰ²/L>=[4.7, 6.1, 6.2], C-C-Sep=0.20, ║∇J║=8.0e-04
-----On 1/20 Initial Guess Perturbations
Iteration 872/3500-----
J=1.2e-02, ⟨Jf⟩=1.3e-03, ⟨B·n⟩=8.0e-03, Len=sum([4.8, 4.6, 4.2])=13.6, ϰ=[4.8, 5.3, 4.5], ∫ϰ²/L>=[4.7, 6.1, 6.2], C-C-Sep=0.20, ║∇J║=6.1e-04
-----On 1/20 Initial Guess Perturbations
Iteration 873/3500-----
J=1.2e-02, ⟨Jf⟩=1.3e-03, ⟨B·n⟩=8.0e-03, Len=sum([4.8, 4.6, 4.2])=13.6, ϰ=[4.8, 5.3, 4.5], ∫ϰ²/L>=[4.7, 6.1, 6.2], C-C-Sep=0.20, ║∇J║=5.0e-04
-----On 1/20 Initial Guess Perturbations
Iteration 874/3500-----
J=1.2e-02, ⟨Jf⟩=1.3e-03, ⟨B·n⟩=8.0e-03, Len=sum([4.8, 4.6, 4.2])=13.6, ϰ=[4.8, 5.3, 4.5], ∫ϰ²/L>=[4.7, 6.1, 6.2], C-C-Sep=0.20, ║∇J║=5.6e-04
-----On 1/20 Initial Guess Perturbations
Iteration 875/3500-----
J=1.2e-02, ⟨Jf⟩=1.3e-03, ⟨B·n⟩=8.0e-03, Len=sum([4.8, 4.6, 4.2])=13.6, ϰ=[4.8, 5.3, 4.5], ∫ϰ²/L>=[4.7, 6.1, 6.2], C-C-Sep=0.20, ║∇J║=1.3e-03
-----On 1/20 Initial Guess Perturbations
Iteration 876/3500-----
J=1.2e-02, ⟨Jf⟩=1.3e-03, ⟨B·n⟩=8.0e-03, Len=sum([4.8, 4.6, 4.2])=13.6, ϰ=[4.8, 5.3, 4.5], ∫ϰ²/L>=[4.7, 6.1, 6.2], C-C-Sep=0.20, ║∇J║=6.9e-04
-----On 1/20 Initial Guess Perturbations
Iteration 877/3500-----
J=1.2e-02, ⟨Jf⟩=1.3e-03, ⟨B·n⟩=8.0e-03, Len=sum([4.8, 4.6, 4.2])=13.6, ϰ=[4.8, 5.3, 4.5], ∫ϰ²/L>=[4.7, 6.1, 6.2], C-C-Sep=0.20, ║∇J║=4.9e-04
-----On 1/20 Initial Guess Perturbations
Iteration 878/3500-----
J=1.2e-02, ⟨Jf⟩=1.3e-03, ⟨B·n⟩=8.0e-03, Len=sum([4.8, 4.6, 4.2])=13.6, ϰ=[4.8, 5.2, 4.5], ∫ϰ²/L>=[4.7, 6.1, 6.2], C-C-Sep=0.20, ║∇J║=6.8e-04
-----On 1/20 Initial Guess Perturbations
Iteration 879/3500-----
J=1.2e-02, ⟨Jf⟩=1.3e-03, ⟨B·n⟩=8.0e-03, Len=sum([4.8, 4.6, 4.2])=13.6, ϰ=[4.8, 5.2, 4.5], ∫ϰ²/L>=[4.7, 6.1, 6.2], C-C-Sep=0.20, ║∇J║=7.5e-04
-----On 1/20 Initial Guess Perturbations
Iteration 880/3500-----
J=1.2e-02, ⟨Jf⟩=1.3e-03, ⟨B·n⟩=8.0e-03, Len=sum([4.8, 4.6, 4.2])=13.6, ϰ=[4.8, 5.2, 4.5], ∫ϰ²/L>=[4.7, 6.1, 6.2], C-C-Sep=0.20, ║∇J║=2.0e-03
-----On 1/20 Initial Guess Perturbations
Iteration 881/3500-----
J=1.2e-02, ⟨Jf⟩=1.3e-03, ⟨B·n⟩=8.0e-03, Len=sum([4.8, 4.6, 4.2])=13.6, ϰ=[4.8, 5.2, 4.5], ∫ϰ²/L>=[4.7, 6.1, 6.2], C-C-Sep=0.20, ║∇J║=6.6e-04
-----On 1/20 Initial Guess Perturbations
Iteration 882/3500-----
J=1.2e-02, ⟨Jf⟩=1.3e-03, ⟨B·n⟩=8.0e-03, Len=sum([4.8, 4.6, 4.2])=13.6, ϰ=[4.8, 5.3, 4.5], ∫ϰ²/L>=[4.7, 6.1, 6.2], C-C-Sep=0.20, ║∇J║=6.1e-04
-----On 1/20 Initial Guess Perturbations
Iteration 883/3500-----
J=1.2e-02, ⟨Jf⟩=1.3e-03, ⟨B·n⟩=8.0e-03, Len=sum([4.8, 4.6, 4.2])=13.6, ϰ=[4.8, 5.3, 4.5], ∫ϰ²/L>=[4.7, 6.1, 6.2], C-C-Sep=0.20, ║∇J║=8.0e-04
-----On 1/20 Initial Guess Perturbations
Iteration 884/3500-----
J=1.2e-02, ⟨Jf⟩=1.3e-03, ⟨B·n⟩=8.0e-03, Len=sum([4.8, 4.6, 4.2])=13.6, ϰ=[4.8, 5.3, 4.5], ∫ϰ²/L>=[4.7, 6.1, 6.2], C-C-Sep=0.20, ║∇J║=8.6e-04
-----On 1/20 Initial Guess Perturbations
Iteration 885/3500-----
J=1.2e-02, ⟨Jf⟩=1.3e-03, ⟨B·n⟩=8.0e-03, Len=sum([4.8, 4.6, 4.2])=13.6, ϰ=[4.8, 5.3, 4.5], ∫ϰ²/L>=[4.7, 6.1, 6.2], C-C-Sep=0.20, ║∇J║=2.0e-03
-----On 1/20 Initial Guess Perturbations
Iteration 886/3500-----
J=1.2e-02, ⟨Jf⟩=1.3e-03, ⟨B·n⟩=8.0e-03, Len=sum([4.8, 4.6, 4.2])=13.6, ϰ=[4.8, 5.3, 4.6], ∫ϰ²/L>=[4.7, 6.1, 6.2], C-C-Sep=0.20, ║∇J║=8.3e-04
-----On 1/20 Initial Guess Perturbations
Iteration 887/3500-----
J=1.2e-02, ⟨Jf⟩=1.3e-03, ⟨B·n⟩=8.0e-03, Len=sum([4.8, 4.6, 4.2])=13.6, ϰ=[4.8, 5.2, 4.6], ∫ϰ²/L>=[4.7, 6.1, 6.2], C-C-Sep=0.20, ║∇J║=1.0e-03
-----On 1/20 Initial Guess Perturbations
Iteration 888/3500-----
J=1.2e-02, ⟨Jf⟩=1.3e-03, ⟨B·n⟩=8.0e-03, Len=sum([4.8, 4.6, 4.2])=13.6, ϰ=[4.8, 5.2, 4.6], ∫ϰ²/L>=[4.7, 6.1, 6.2], C-C-Sep=0.20, ║∇J║=1.1e-03
-----On 1/20 Initial Guess Perturbations
Iteration 889/3500-----
J=1.2e-02, ⟨Jf⟩=1.3e-03, ⟨B·n⟩=8.0e-03, Len=sum([4.8, 4.6, 4.2])=13.6, ϰ=[4.8, 5.2, 4.6], ∫ϰ²/L>=[4.7, 6.1, 6.2], C-C-Sep=0.20, ║∇J║=1.3e-03
-----On 1/20 Initial Guess Perturbations
Iteration 890/3500-----
J=1.2e-02, ⟨Jf⟩=1.3e-03, ⟨B·n⟩=8.0e-03, Len=sum([4.8, 4.6, 4.2])=13.6, ϰ=[4.8, 5.1, 4.7], ∫ϰ²/L>=[4.7, 6.1, 6.2], C-C-Sep=0.20, ║∇J║=1.5e-03
-----On 1/20 Initial Guess Perturbations
Iteration 891/3500-----
J=1.2e-02, ⟨Jf⟩=1.3e-03, ⟨B·n⟩=8.0e-03, Len=sum([4.8, 4.6, 4.2])=13.6, ϰ=[4.8, 5.2, 4.6], ∫ϰ²/L>=[4.7, 6.1, 6.2], C-C-Sep=0.20, ║∇J║=1.2e-03
-----On 1/20 Initial Guess Perturbations
Iteration 892/3500-----
J=1.2e-02, ⟨Jf⟩=1.3e-03, ⟨B·n⟩=8.0e-03, Len=sum([4.8, 4.6, 4.2])=13.6, ϰ=[4.7, 5.2, 4.6], ∫ϰ²/L>=[4.7, 6.1, 6.2], C-C-Sep=0.20, ║∇J║=1.6e-03
-----On 1/20 Initial Guess Perturbations
Iteration 893/3500-----
J=1.2e-02, ⟨Jf⟩=1.3e-03, ⟨B·n⟩=8.0e-03, Len=sum([4.8, 4.6, 4.2])=13.6, ϰ=[4.7, 5.2, 4.6], ∫ϰ²/L>=[4.7, 6.1, 6.2], C-C-Sep=0.20, ║∇J║=2.0e-03
-----On 1/20 Initial Guess Perturbations
Iteration 894/3500-----
J=1.2e-02, ⟨Jf⟩=1.3e-03, ⟨B·n⟩=8.0e-03, Len=sum([4.8, 4.6, 4.2])=13.6, ϰ=[4.7, 5.2, 4.6], ∫ϰ²/L>=[4.7, 6.1, 6.2], C-C-Sep=0.20, ║∇J║=1.6e-03
-----On 1/20 Initial Guess Perturbations
Iteration 895/3500-----
J=1.2e-02, ⟨Jf⟩=1.3e-03, ⟨B·n⟩=8.0e-03, Len=sum([4.8, 4.6, 4.2])=13.6, ϰ=[4.7, 5.2, 4.6], ∫ϰ²/L>=[4.7, 6.1, 6.2], C-C-Sep=0.20, ║∇J║=3.8e-03
-----On 1/20 Initial Guess Perturbations
Iteration 896/3500-----
J=1.2e-02, ⟨Jf⟩=1.3e-03, ⟨B·n⟩=8.0e-03, Len=sum([4.8, 4.6, 4.2])=13.6, ϰ=[4.7, 5.2, 4.6], ∫ϰ²/L>=[4.7, 6.1, 6.2], C-C-Sep=0.20, ║∇J║=1.4e-03
-----On 1/20 Initial Guess Perturbations
Iteration 897/3500-----
J=1.2e-02, ⟨Jf⟩=1.3e-03, ⟨B·n⟩=8.0e-03, Len=sum([4.8, 4.6, 4.2])=13.6, ϰ=[4.7, 5.2, 4.6], ∫ϰ²/L>=[4.7, 6.1, 6.2], C-C-Sep=0.20, ║∇J║=1.2e-03
-----On 1/20 Initial Guess Perturbations
Iteration 898/3500-----
J=1.2e-02, ⟨Jf⟩=1.3e-03, ⟨B·n⟩=8.0e-03, Len=sum([4.8, 4.6, 4.2])=13.6, ϰ=[4.7, 5.2, 4.7], ∫ϰ²/L>=[4.7, 6.1, 6.2], C-C-Sep=0.20, ║∇J║=1.7e-03
-----On 1/20 Initial Guess Perturbations
Iteration 899/3500-----
J=1.2e-02, ⟨Jf⟩=1.3e-03, ⟨B·n⟩=8.0e-03, Len=sum([4.8, 4.6, 4.2])=13.6, ϰ=[4.7, 5.2, 4.6], ∫ϰ²/L>=[4.7, 6.1, 6.2], C-C-Sep=0.20, ║∇J║=1.9e-03
-----On 1/20 Initial Guess Perturbations
Iteration 900/3500-----
J=1.2e-02, ⟨Jf⟩=1.3e-03, ⟨B·n⟩=8.0e-03, Len=sum([4.8, 4.6, 4.2])=13.6, ϰ=[4.7, 5.2, 4.6], ∫ϰ²/L>=[4.7, 6.1, 6.2], C-C-Sep=0.20, ║∇J║=1.8e-03
-----On 1/20 Initial Guess Perturbations
Iteration 901/3500-----
J=1.2e-02, ⟨Jf⟩=1.3e-03, ⟨B·n⟩=8.0e-03, Len=sum([4.8, 4.6, 4.2])=13.6, ϰ=[4.7, 5.2, 4.6], ∫ϰ²/L>=[4.7, 6.1, 6.2], C-C-Sep=0.20, ║∇J║=1.9e-03
-----On 1/20 Initial Guess Perturbations
Iteration 902/3500-----
J=1.2e-02, ⟨Jf⟩=1.3e-03, ⟨B·n⟩=8.0e-03, Len=sum([4.8, 4.6, 4.2])=13.6, ϰ=[4.7, 5.2, 4.6], ∫ϰ²/L>=[4.7, 6.1, 6.2], C-C-Sep=0.20, ║∇J║=2.0e-03
-----On 1/20 Initial Guess Perturbations
Iteration 903/3500-----
J=1.2e-02, ⟨Jf⟩=1.3e-03, ⟨B·n⟩=8.0e-03, Len=sum([4.8, 4.6, 4.2])=13.6, ϰ=[4.7, 5.2, 4.6], ∫ϰ²/L>=[4.7, 6.1, 6.3], C-C-Sep=0.20, ║∇J║=2.3e-03
-----On 1/20 Initial Guess Perturbations
Iteration 904/3500-----
J=1.2e-02, ⟨Jf⟩=1.3e-03, ⟨B·n⟩=8.0e-03, Len=sum([4.8, 4.6, 4.2])=13.6, ϰ=[4.8, 5.1, 4.6], ∫ϰ²/L>=[4.7, 6.1, 6.2], C-C-Sep=0.20, ║∇J║=1.7e-03
-----On 1/20 Initial Guess Perturbations
Iteration 905/3500-----
J=1.2e-02, ⟨Jf⟩=1.3e-03, ⟨B·n⟩=8.0e-03, Len=sum([4.8, 4.6, 4.2])=13.6, ϰ=[4.8, 5.1, 4.6], ∫ϰ²/L>=[4.7, 6.1, 6.2], C-C-Sep=0.20, ║∇J║=1.7e-03
-----On 1/20 Initial Guess Perturbations
Iteration 906/3500-----
J=1.2e-02, ⟨Jf⟩=1.3e-03, ⟨B·n⟩=8.0e-03, Len=sum([4.8, 4.6, 4.2])=13.6, ϰ=[4.8, 5.2, 4.6], ∫ϰ²/L>=[4.7, 6.1, 6.2], C-C-Sep=0.20, ║∇J║=1.8e-03
-----On 1/20 Initial Guess Perturbations
Iteration 907/3500-----
J=1.2e-02, ⟨Jf⟩=1.3e-03, ⟨B·n⟩=8.0e-03, Len=sum([4.8, 4.6, 4.2])=13.6, ϰ=[4.8, 5.2, 4.6], ∫ϰ²/L>=[4.7, 6.1, 6.3], C-C-Sep=0.20, ║∇J║=2.1e-03
-----On 1/20 Initial Guess Perturbations
Iteration 908/3500-----
J=1.2e-02, ⟨Jf⟩=1.3e-03, ⟨B·n⟩=8.0e-03, Len=sum([4.8, 4.6, 4.2])=13.6, ϰ=[4.8, 5.3, 4.7], ∫ϰ²/L>=[4.7, 6.1, 6.3], C-C-Sep=0.20, ║∇J║=2.8e-03
-----On 1/20 Initial Guess Perturbations
Iteration 909/3500-----
J=1.2e-02, ⟨Jf⟩=1.3e-03, ⟨B·n⟩=8.0e-03, Len=sum([4.8, 4.6, 4.2])=13.6, ϰ=[4.8, 5.3, 4.7], ∫ϰ²/L>=[4.7, 6.1, 6.3], C-C-Sep=0.20, ║∇J║=1.8e-03
-----On 1/20 Initial Guess Perturbations
Iteration 910/3500-----
J=1.2e-02, ⟨Jf⟩=1.3e-03, ⟨B·n⟩=8.0e-03, Len=sum([4.8, 4.6, 4.2])=13.6, ϰ=[4.7, 5.3, 4.8], ∫ϰ²/L>=[4.7, 6.1, 6.3], C-C-Sep=0.20, ║∇J║=2.0e-03
-----On 1/20 Initial Guess Perturbations
Iteration 911/3500-----
J=1.2e-02, ⟨Jf⟩=1.3e-03, ⟨B·n⟩=8.0e-03, Len=sum([4.8, 4.6, 4.2])=13.6, ϰ=[4.7, 5.3, 4.8], ∫ϰ²/L>=[4.7, 6.1, 6.3], C-C-Sep=0.20, ║∇J║=2.2e-03
-----On 1/20 Initial Guess Perturbations
Iteration 912/3500-----
J=1.2e-02, ⟨Jf⟩=1.3e-03, ⟨B·n⟩=8.0e-03, Len=sum([4.8, 4.6, 4.2])=13.6, ϰ=[4.7, 5.3, 4.8], ∫ϰ²/L>=[4.7, 6.1, 6.3], C-C-Sep=0.20, ║∇J║=2.0e-03
-----On 1/20 Initial Guess Perturbations
Iteration 913/3500-----
J=1.2e-02, ⟨Jf⟩=1.3e-03, ⟨B·n⟩=8.0e-03, Len=sum([4.8, 4.6, 4.2])=13.6, ϰ=[4.7, 5.3, 4.7], ∫ϰ²/L>=[4.7, 6.1, 6.3], C-C-Sep=0.20, ║∇J║=2.3e-03
-----On 1/20 Initial Guess Perturbations
Iteration 914/3500-----
J=1.2e-02, ⟨Jf⟩=1.3e-03, ⟨B·n⟩=8.0e-03, Len=sum([4.8, 4.6, 4.2])=13.6, ϰ=[4.7, 5.3, 4.6], ∫ϰ²/L>=[4.7, 6.1, 6.3], C-C-Sep=0.20, ║∇J║=2.6e-03
-----On 1/20 Initial Guess Perturbations
Iteration 915/3500-----
J=1.2e-02, ⟨Jf⟩=1.3e-03, ⟨B·n⟩=8.0e-03, Len=sum([4.8, 4.6, 4.2])=13.6, ϰ=[4.8, 5.3, 4.5], ∫ϰ²/L>=[4.7, 6.1, 6.3], C-C-Sep=0.20, ║∇J║=2.2e-03
-----On 1/20 Initial Guess Perturbations
Iteration 916/3500-----
J=1.2e-02, ⟨Jf⟩=1.3e-03, ⟨B·n⟩=8.0e-03, Len=sum([4.8, 4.6, 4.2])=13.6, ϰ=[4.7, 5.3, 4.5], ∫ϰ²/L>=[4.7, 6.1, 6.3], C-C-Sep=0.20, ║∇J║=2.7e-03
-----On 1/20 Initial Guess Perturbations
Iteration 917/3500-----
J=1.2e-02, ⟨Jf⟩=1.3e-03, ⟨B·n⟩=8.0e-03, Len=sum([4.8, 4.6, 4.2])=13.6, ϰ=[4.8, 5.3, 4.5], ∫ϰ²/L>=[4.7, 6.1, 6.3], C-C-Sep=0.20, ║∇J║=2.0e-03
-----On 1/20 Initial Guess Perturbations
Iteration 918/3500-----
J=1.2e-02, ⟨Jf⟩=1.3e-03, ⟨B·n⟩=8.0e-03, Len=sum([4.8, 4.6, 4.2])=13.6, ϰ=[4.7, 5.3, 4.5], ∫ϰ²/L>=[4.7, 6.1, 6.3], C-C-Sep=0.20, ║∇J║=1.9e-03
-----On 1/20 Initial Guess Perturbations
Iteration 919/3500-----
J=1.2e-02, ⟨Jf⟩=1.3e-03, ⟨B·n⟩=8.0e-03, Len=sum([4.8, 4.6, 4.2])=13.6, ϰ=[4.7, 5.3, 4.6], ∫ϰ²/L>=[4.7, 6.1, 6.3], C-C-Sep=0.20, ║∇J║=2.3e-03
-----On 1/20 Initial Guess Perturbations
Iteration 920/3500-----
J=1.2e-02, ⟨Jf⟩=1.3e-03, ⟨B·n⟩=8.0e-03, Len=sum([4.8, 4.6, 4.2])=13.6, ϰ=[4.7, 5.2, 4.6], ∫ϰ²/L>=[4.7, 6.1, 6.3], C-C-Sep=0.20, ║∇J║=2.6e-03
-----On 1/20 Initial Guess Perturbations
Iteration 921/3500-----
J=1.2e-02, ⟨Jf⟩=1.3e-03, ⟨B·n⟩=8.0e-03, Len=sum([4.8, 4.6, 4.2])=13.6, ϰ=[4.7, 5.2, 4.6], ∫ϰ²/L>=[4.7, 6.1, 6.3], C-C-Sep=0.20, ║∇J║=1.8e-03
-----On 1/20 Initial Guess Perturbations
Iteration 922/3500-----
J=1.2e-02, ⟨Jf⟩=1.3e-03, ⟨B·n⟩=8.0e-03, Len=sum([4.8, 4.6, 4.2])=13.6, ϰ=[4.8, 5.3, 4.6], ∫ϰ²/L>=[4.7, 6.1, 6.3], C-C-Sep=0.20, ║∇J║=2.2e-03
-----On 1/20 Initial Guess Perturbations
Iteration 923/3500-----
J=1.2e-02, ⟨Jf⟩=1.3e-03, ⟨B·n⟩=8.0e-03, Len=sum([4.8, 4.6, 4.2])=13.6, ϰ=[4.8, 5.2, 4.6], ∫ϰ²/L>=[4.7, 6.1, 6.3], C-C-Sep=0.20, ║∇J║=1.9e-03
-----On 1/20 Initial Guess Perturbations
Iteration 924/3500-----
J=1.2e-02, ⟨Jf⟩=1.3e-03, ⟨B·n⟩=8.0e-03, Len=sum([4.8, 4.6, 4.2])=13.6, ϰ=[4.8, 5.2, 4.6], ∫ϰ²/L>=[4.7, 6.1, 6.3], C-C-Sep=0.20, ║∇J║=1.9e-03
-----On 1/20 Initial Guess Perturbations
Iteration 925/3500-----
J=1.2e-02, ⟨Jf⟩=1.3e-03, ⟨B·n⟩=8.0e-03, Len=sum([4.8, 4.6, 4.2])=13.6, ϰ=[4.9, 5.2, 4.6], ∫ϰ²/L>=[4.7, 6.1, 6.3], C-C-Sep=0.20, ║∇J║=1.9e-03
-----On 1/20 Initial Guess Perturbations
Iteration 926/3500-----
J=1.2e-02, ⟨Jf⟩=1.3e-03, ⟨B·n⟩=8.0e-03, Len=sum([4.8, 4.6, 4.2])=13.6, ϰ=[4.9, 5.2, 4.6], ∫ϰ²/L>=[4.7, 6.1, 6.3], C-C-Sep=0.20, ║∇J║=2.0e-03
-----On 1/20 Initial Guess Perturbations
Iteration 927/3500-----
J=1.2e-02, ⟨Jf⟩=1.3e-03, ⟨B·n⟩=8.0e-03, Len=sum([4.8, 4.6, 4.2])=13.6, ϰ=[4.9, 5.2, 4.6], ∫ϰ²/L>=[4.8, 6.1, 6.3], C-C-Sep=0.20, ║∇J║=2.1e-03
-----On 1/20 Initial Guess Perturbations
Iteration 928/3500-----
J=1.2e-02, ⟨Jf⟩=1.3e-03, ⟨B·n⟩=8.0e-03, Len=sum([4.8, 4.6, 4.2])=13.6, ϰ=[4.9, 5.2, 4.6], ∫ϰ²/L>=[4.7, 6.1, 6.3], C-C-Sep=0.20, ║∇J║=2.2e-03
-----On 1/20 Initial Guess Perturbations
Iteration 929/3500-----
J=1.2e-02, ⟨Jf⟩=1.3e-03, ⟨B·n⟩=7.9e-03, Len=sum([4.8, 4.6, 4.2])=13.6, ϰ=[4.9, 5.2, 4.6], ∫ϰ²/L>=[4.7, 6.1, 6.3], C-C-Sep=0.20, ║∇J║=2.3e-03
-----On 1/20 Initial Guess Perturbations
Iteration 930/3500-----
J=1.2e-02, ⟨Jf⟩=1.3e-03, ⟨B·n⟩=7.9e-03, Len=sum([4.8, 4.6, 4.2])=13.6, ϰ=[4.9, 5.2, 4.5], ∫ϰ²/L>=[4.7, 6.1, 6.3], C-C-Sep=0.20, ║∇J║=2.4e-03
-----On 1/20 Initial Guess Perturbations
Iteration 931/3500-----
J=1.2e-02, ⟨Jf⟩=1.3e-03, ⟨B·n⟩=7.9e-03, Len=sum([4.8, 4.6, 4.2])=13.6, ϰ=[4.9, 5.2, 4.6], ∫ϰ²/L>=[4.7, 6.1, 6.3], C-C-Sep=0.20, ║∇J║=2.3e-03
-----On 1/20 Initial Guess Perturbations
Iteration 932/3500-----
J=1.2e-02, ⟨Jf⟩=1.3e-03, ⟨B·n⟩=7.9e-03, Len=sum([4.8, 4.6, 4.2])=13.6, ϰ=[4.9, 5.2, 4.6], ∫ϰ²/L>=[4.7, 6.1, 6.3], C-C-Sep=0.20, ║∇J║=2.2e-03
-----On 1/20 Initial Guess Perturbations
Iteration 933/3500-----
J=1.2e-02, ⟨Jf⟩=1.3e-03, ⟨B·n⟩=7.9e-03, Len=sum([4.8, 4.6, 4.2])=13.6, ϰ=[4.9, 5.2, 4.6], ∫ϰ²/L>=[4.7, 6.1, 6.3], C-C-Sep=0.20, ║∇J║=1.9e-03
-----On 1/20 Initial Guess Perturbations
Iteration 934/3500-----
J=1.2e-02, ⟨Jf⟩=1.3e-03, ⟨B·n⟩=7.9e-03, Len=sum([4.8, 4.6, 4.2])=13.6, ϰ=[4.9, 5.3, 4.6], ∫ϰ²/L>=[4.7, 6.1, 6.3], C-C-Sep=0.20, ║∇J║=2.0e-03
-----On 1/20 Initial Guess Perturbations
Iteration 935/3500-----
J=1.2e-02, ⟨Jf⟩=1.3e-03, ⟨B·n⟩=7.9e-03, Len=sum([4.8, 4.6, 4.2])=13.6, ϰ=[4.8, 5.3, 4.6], ∫ϰ²/L>=[4.7, 6.1, 6.3], C-C-Sep=0.20, ║∇J║=2.3e-03
-----On 1/20 Initial Guess Perturbations
Iteration 936/3500-----
J=1.2e-02, ⟨Jf⟩=1.3e-03, ⟨B·n⟩=7.9e-03, Len=sum([4.8, 4.6, 4.2])=13.6, ϰ=[4.9, 5.3, 4.6], ∫ϰ²/L>=[4.7, 6.1, 6.3], C-C-Sep=0.20, ║∇J║=2.6e-03
-----On 1/20 Initial Guess Perturbations
Iteration 937/3500-----
J=1.2e-02, ⟨Jf⟩=1.3e-03, ⟨B·n⟩=7.9e-03, Len=sum([4.8, 4.6, 4.2])=13.6, ϰ=[4.9, 5.4, 4.6], ∫ϰ²/L>=[4.7, 6.1, 6.3], C-C-Sep=0.20, ║∇J║=2.5e-03
-----On 1/20 Initial Guess Perturbations
Iteration 938/3500-----
J=1.2e-02, ⟨Jf⟩=1.3e-03, ⟨B·n⟩=7.9e-03, Len=sum([4.8, 4.6, 4.2])=13.6, ϰ=[4.9, 5.4, 4.6], ∫ϰ²/L>=[4.7, 6.1, 6.3], C-C-Sep=0.20, ║∇J║=2.4e-03
-----On 1/20 Initial Guess Perturbations
Iteration 939/3500-----
J=1.2e-02, ⟨Jf⟩=1.3e-03, ⟨B·n⟩=7.9e-03, Len=sum([4.8, 4.6, 4.2])=13.6, ϰ=[4.9, 5.4, 4.6], ∫ϰ²/L>=[4.7, 6.1, 6.3], C-C-Sep=0.20, ║∇J║=2.2e-03
-----On 1/20 Initial Guess Perturbations
Iteration 940/3500-----
J=1.2e-02, ⟨Jf⟩=1.3e-03, ⟨B·n⟩=7.9e-03, Len=sum([4.8, 4.6, 4.2])=13.6, ϰ=[4.9, 5.4, 4.6], ∫ϰ²/L>=[4.7, 6.1, 6.3], C-C-Sep=0.20, ║∇J║=2.3e-03
-----On 1/20 Initial Guess Perturbations
Iteration 941/3500-----
J=1.2e-02, ⟨Jf⟩=1.3e-03, ⟨B·n⟩=7.9e-03, Len=sum([4.8, 4.6, 4.2])=13.6, ϰ=[4.9, 5.4, 4.6], ∫ϰ²/L>=[4.7, 6.1, 6.3], C-C-Sep=0.20, ║∇J║=2.1e-03
-----On 1/20 Initial Guess Perturbations
Iteration 942/3500-----
J=1.2e-02, ⟨Jf⟩=1.3e-03, ⟨B·n⟩=7.9e-03, Len=sum([4.8, 4.6, 4.2])=13.6, ϰ=[4.9, 5.5, 4.5], ∫ϰ²/L>=[4.7, 6.1, 6.3], C-C-Sep=0.20, ║∇J║=1.8e-03
-----On 1/20 Initial Guess Perturbations
Iteration 943/3500-----
J=1.2e-02, ⟨Jf⟩=1.3e-03, ⟨B·n⟩=8.0e-03, Len=sum([4.8, 4.6, 4.2])=13.6, ϰ=[4.9, 5.4, 4.5], ∫ϰ²/L>=[4.7, 6.1, 6.3], C-C-Sep=0.20, ║∇J║=2.1e-03
-----On 1/20 Initial Guess Perturbations
Iteration 944/3500-----
J=1.2e-02, ⟨Jf⟩=1.3e-03, ⟨B·n⟩=8.0e-03, Len=sum([4.8, 4.6, 4.2])=13.6, ϰ=[4.8, 5.5, 4.5], ∫ϰ²/L>=[4.7, 6.1, 6.3], C-C-Sep=0.20, ║∇J║=2.0e-03
-----On 1/20 Initial Guess Perturbations
Iteration 945/3500-----
J=1.2e-02, ⟨Jf⟩=1.3e-03, ⟨B·n⟩=8.0e-03, Len=sum([4.8, 4.6, 4.2])=13.6, ϰ=[4.8, 5.5, 4.6], ∫ϰ²/L>=[4.7, 6.1, 6.3], C-C-Sep=0.20, ║∇J║=1.9e-03
-----On 1/20 Initial Guess Perturbations
Iteration 946/3500-----
J=1.2e-02, ⟨Jf⟩=1.3e-03, ⟨B·n⟩=8.0e-03, Len=sum([4.8, 4.6, 4.2])=13.6, ϰ=[4.8, 5.4, 4.6], ∫ϰ²/L>=[4.7, 6.1, 6.3], C-C-Sep=0.20, ║∇J║=2.4e-03
-----On 1/20 Initial Guess Perturbations
Iteration 947/3500-----
J=1.2e-02, ⟨Jf⟩=1.3e-03, ⟨B·n⟩=8.0e-03, Len=sum([4.8, 4.6, 4.2])=13.6, ϰ=[4.8, 5.4, 4.7], ∫ϰ²/L>=[4.7, 6.1, 6.3], C-C-Sep=0.20, ║∇J║=2.7e-03
-----On 1/20 Initial Guess Perturbations
Iteration 948/3500-----
J=1.2e-02, ⟨Jf⟩=1.3e-03, ⟨B·n⟩=8.0e-03, Len=sum([4.8, 4.6, 4.2])=13.6, ϰ=[4.8, 5.3, 4.7], ∫ϰ²/L>=[4.7, 6.1, 6.3], C-C-Sep=0.20, ║∇J║=2.9e-03
-----On 1/20 Initial Guess Perturbations
Iteration 949/3500-----
J=1.2e-02, ⟨Jf⟩=1.3e-03, ⟨B·n⟩=8.0e-03, Len=sum([4.8, 4.6, 4.2])=13.6, ϰ=[4.8, 5.4, 4.7], ∫ϰ²/L>=[4.7, 6.1, 6.3], C-C-Sep=0.20, ║∇J║=2.2e-03
-----On 1/20 Initial Guess Perturbations
Iteration 950/3500-----
J=1.2e-02, ⟨Jf⟩=1.3e-03, ⟨B·n⟩=8.0e-03, Len=sum([4.8, 4.6, 4.2])=13.6, ϰ=[4.8, 5.3, 4.7], ∫ϰ²/L>=[4.7, 6.1, 6.3], C-C-Sep=0.20, ║∇J║=2.6e-03
-----On 1/20 Initial Guess Perturbations
Iteration 951/3500-----
J=1.2e-02, ⟨Jf⟩=1.3e-03, ⟨B·n⟩=8.0e-03, Len=sum([4.8, 4.6, 4.2])=13.6, ϰ=[4.8, 5.3, 4.7], ∫ϰ²/L>=[4.7, 6.2, 6.3], C-C-Sep=0.20, ║∇J║=2.1e-03
-----On 1/20 Initial Guess Perturbations
Iteration 952/3500-----
J=1.2e-02, ⟨Jf⟩=1.3e-03, ⟨B·n⟩=8.0e-03, Len=sum([4.8, 4.6, 4.2])=13.6, ϰ=[4.8, 5.3, 4.7], ∫ϰ²/L>=[4.7, 6.2, 6.3], C-C-Sep=0.20, ║∇J║=2.2e-03
-----On 1/20 Initial Guess Perturbations
Iteration 953/3500-----
J=1.2e-02, ⟨Jf⟩=1.3e-03, ⟨B·n⟩=8.0e-03, Len=sum([4.8, 4.6, 4.2])=13.6, ϰ=[4.8, 5.3, 4.7], ∫ϰ²/L>=[4.7, 6.2, 6.3], C-C-Sep=0.20, ║∇J║=1.8e-03
-----On 1/20 Initial Guess Perturbations
Iteration 954/3500-----
J=1.2e-02, ⟨Jf⟩=1.3e-03, ⟨B·n⟩=8.0e-03, Len=sum([4.8, 4.6, 4.2])=13.6, ϰ=[4.8, 5.3, 4.6], ∫ϰ²/L>=[4.7, 6.2, 6.3], C-C-Sep=0.20, ║∇J║=1.8e-03
-----On 1/20 Initial Guess Perturbations
Iteration 955/3500-----
J=1.2e-02, ⟨Jf⟩=1.3e-03, ⟨B·n⟩=8.0e-03, Len=sum([4.8, 4.6, 4.2])=13.6, ϰ=[4.8, 5.3, 4.6], ∫ϰ²/L>=[4.7, 6.2, 6.3], C-C-Sep=0.20, ║∇J║=1.9e-03
-----On 1/20 Initial Guess Perturbations
Iteration 956/3500-----
J=1.2e-02, ⟨Jf⟩=1.3e-03, ⟨B·n⟩=8.0e-03, Len=sum([4.8, 4.6, 4.2])=13.6, ϰ=[4.8, 5.3, 4.6], ∫ϰ²/L>=[4.7, 6.2, 6.3], C-C-Sep=0.20, ║∇J║=2.4e-03
-----On 1/20 Initial Guess Perturbations
Iteration 957/3500-----
J=1.2e-02, ⟨Jf⟩=1.3e-03, ⟨B·n⟩=8.0e-03, Len=sum([4.8, 4.6, 4.2])=13.6, ϰ=[4.8, 5.3, 4.6], ∫ϰ²/L>=[4.7, 6.2, 6.3], C-C-Sep=0.20, ║∇J║=2.1e-03
-----On 1/20 Initial Guess Perturbations
Iteration 958/3500-----
J=1.2e-02, ⟨Jf⟩=1.3e-03, ⟨B·n⟩=8.0e-03, Len=sum([4.8, 4.6, 4.2])=13.6, ϰ=[4.8, 5.3, 4.6], ∫ϰ²/L>=[4.7, 6.2, 6.3], C-C-Sep=0.20, ║∇J║=2.6e-03
-----On 1/20 Initial Guess Perturbations
Iteration 959/3500-----
J=1.2e-02, ⟨Jf⟩=1.3e-03, ⟨B·n⟩=8.0e-03, Len=sum([4.8, 4.6, 4.2])=13.6, ϰ=[4.8, 5.3, 4.5], ∫ϰ²/L>=[4.7, 6.2, 6.3], C-C-Sep=0.20, ║∇J║=3.1e-03
-----On 1/20 Initial Guess Perturbations
Iteration 960/3500-----
J=1.2e-02, ⟨Jf⟩=1.3e-03, ⟨B·n⟩=8.0e-03, Len=sum([4.8, 4.6, 4.2])=13.6, ϰ=[4.8, 5.3, 4.6], ∫ϰ²/L>=[4.7, 6.2, 6.3], C-C-Sep=0.20, ║∇J║=2.6e-03
-----On 1/20 Initial Guess Perturbations
Iteration 961/3500-----
J=1.2e-02, ⟨Jf⟩=1.3e-03, ⟨B·n⟩=8.0e-03, Len=sum([4.8, 4.6, 4.2])=13.6, ϰ=[4.8, 5.3, 4.6], ∫ϰ²/L>=[4.7, 6.2, 6.3], C-C-Sep=0.20, ║∇J║=2.2e-03
-----On 1/20 Initial Guess Perturbations
Iteration 962/3500-----
J=1.2e-02, ⟨Jf⟩=1.3e-03, ⟨B·n⟩=8.0e-03, Len=sum([4.8, 4.6, 4.2])=13.6, ϰ=[4.8, 5.3, 4.6], ∫ϰ²/L>=[4.7, 6.2, 6.3], C-C-Sep=0.20, ║∇J║=1.6e-03
-----On 1/20 Initial Guess Perturbations
Iteration 963/3500-----
J=1.2e-02, ⟨Jf⟩=1.3e-03, ⟨B·n⟩=8.0e-03, Len=sum([4.8, 4.6, 4.2])=13.6, ϰ=[4.8, 5.3, 4.7], ∫ϰ²/L>=[4.7, 6.2, 6.3], C-C-Sep=0.20, ║∇J║=1.9e-03
-----On 1/20 Initial Guess Perturbations
Iteration 964/3500-----
J=1.2e-02, ⟨Jf⟩=1.3e-03, ⟨B·n⟩=8.0e-03, Len=sum([4.8, 4.6, 4.2])=13.6, ϰ=[4.8, 5.3, 4.7], ∫ϰ²/L>=[4.7, 6.2, 6.3], C-C-Sep=0.20, ║∇J║=2.1e-03
-----On 1/20 Initial Guess Perturbations
Iteration 965/3500-----
J=1.2e-02, ⟨Jf⟩=1.3e-03, ⟨B·n⟩=8.0e-03, Len=sum([4.8, 4.6, 4.2])=13.6, ϰ=[4.8, 5.3, 4.8], ∫ϰ²/L>=[4.7, 6.2, 6.3], C-C-Sep=0.20, ║∇J║=1.9e-03
-----On 1/20 Initial Guess Perturbations
Iteration 966/3500-----
J=1.2e-02, ⟨Jf⟩=1.3e-03, ⟨B·n⟩=8.0e-03, Len=sum([4.8, 4.6, 4.2])=13.6, ϰ=[4.8, 5.2, 4.8], ∫ϰ²/L>=[4.7, 6.2, 6.3], C-C-Sep=0.20, ║∇J║=2.3e-03
-----On 1/20 Initial Guess Perturbations
Iteration 967/3500-----
J=1.2e-02, ⟨Jf⟩=1.3e-03, ⟨B·n⟩=8.0e-03, Len=sum([4.8, 4.6, 4.2])=13.6, ϰ=[4.9, 5.2, 4.8], ∫ϰ²/L>=[4.7, 6.2, 6.3], C-C-Sep=0.20, ║∇J║=2.2e-03
-----On 1/20 Initial Guess Perturbations
Iteration 968/3500-----
J=1.2e-02, ⟨Jf⟩=1.3e-03, ⟨B·n⟩=8.0e-03, Len=sum([4.8, 4.6, 4.2])=13.6, ϰ=[4.9, 5.2, 4.8], ∫ϰ²/L>=[4.7, 6.2, 6.3], C-C-Sep=0.20, ║∇J║=3.1e-03
-----On 1/20 Initial Guess Perturbations
Iteration 969/3500-----
J=1.2e-02, ⟨Jf⟩=1.3e-03, ⟨B·n⟩=8.0e-03, Len=sum([4.8, 4.6, 4.2])=13.6, ϰ=[4.9, 5.2, 4.7], ∫ϰ²/L>=[4.7, 6.2, 6.2], C-C-Sep=0.20, ║∇J║=2.4e-03
-----On 1/20 Initial Guess Perturbations
Iteration 970/3500-----
J=1.2e-02, ⟨Jf⟩=1.3e-03, ⟨B·n⟩=8.0e-03, Len=sum([4.8, 4.6, 4.2])=13.6, ϰ=[4.9, 5.2, 4.7], ∫ϰ²/L>=[4.7, 6.2, 6.2], C-C-Sep=0.20, ║∇J║=2.4e-03
-----On 1/20 Initial Guess Perturbations
Iteration 971/3500-----
J=1.2e-02, ⟨Jf⟩=1.3e-03, ⟨B·n⟩=8.0e-03, Len=sum([4.8, 4.6, 4.2])=13.6, ϰ=[4.9, 5.2, 4.8], ∫ϰ²/L>=[4.7, 6.2, 6.2], C-C-Sep=0.20, ║∇J║=2.2e-03
-----On 1/20 Initial Guess Perturbations
Iteration 972/3500-----
J=1.2e-02, ⟨Jf⟩=1.3e-03, ⟨B·n⟩=8.0e-03, Len=sum([4.8, 4.6, 4.2])=13.6, ϰ=[4.9, 5.2, 4.8], ∫ϰ²/L>=[4.7, 6.2, 6.3], C-C-Sep=0.20, ║∇J║=2.5e-03
-----On 1/20 Initial Guess Perturbations
Iteration 973/3500-----
J=1.2e-02, ⟨Jf⟩=1.3e-03, ⟨B·n⟩=8.0e-03, Len=sum([4.8, 4.6, 4.2])=13.6, ϰ=[4.9, 5.2, 4.8], ∫ϰ²/L>=[4.7, 6.2, 6.3], C-C-Sep=0.20, ║∇J║=3.2e-03
-----On 1/20 Initial Guess Perturbations
Iteration 974/3500-----
J=1.2e-02, ⟨Jf⟩=1.3e-03, ⟨B·n⟩=8.0e-03, Len=sum([4.8, 4.6, 4.2])=13.6, ϰ=[4.9, 5.2, 4.8], ∫ϰ²/L>=[4.7, 6.2, 6.3], C-C-Sep=0.20, ║∇J║=2.2e-03
-----On 1/20 Initial Guess Perturbations
Iteration 975/3500-----
J=1.2e-02, ⟨Jf⟩=1.3e-03, ⟨B·n⟩=8.0e-03, Len=sum([4.8, 4.6, 4.2])=13.6, ϰ=[4.9, 5.2, 4.7], ∫ϰ²/L>=[4.7, 6.2, 6.2], C-C-Sep=0.20, ║∇J║=2.3e-03
-----On 1/20 Initial Guess Perturbations
Iteration 976/3500-----
J=1.2e-02, ⟨Jf⟩=1.3e-03, ⟨B·n⟩=8.0e-03, Len=sum([4.8, 4.6, 4.2])=13.6, ϰ=[4.9, 5.3, 4.7], ∫ϰ²/L>=[4.7, 6.2, 6.2], C-C-Sep=0.20, ║∇J║=2.0e-03
-----On 1/20 Initial Guess Perturbations
Iteration 977/3500-----
J=1.2e-02, ⟨Jf⟩=1.3e-03, ⟨B·n⟩=8.0e-03, Len=sum([4.8, 4.6, 4.2])=13.6, ϰ=[4.8, 5.3, 4.6], ∫ϰ²/L>=[4.7, 6.2, 6.3], C-C-Sep=0.20, ║∇J║=2.2e-03
-----On 1/20 Initial Guess Perturbations
Iteration 978/3500-----
J=1.2e-02, ⟨Jf⟩=1.3e-03, ⟨B·n⟩=8.0e-03, Len=sum([4.8, 4.6, 4.2])=13.6, ϰ=[4.8, 5.3, 4.6], ∫ϰ²/L>=[4.7, 6.2, 6.3], C-C-Sep=0.20, ║∇J║=2.9e-03
-----On 1/20 Initial Guess Perturbations
Iteration 979/3500-----
J=1.2e-02, ⟨Jf⟩=1.3e-03, ⟨B·n⟩=8.0e-03, Len=sum([4.8, 4.6, 4.2])=13.6, ϰ=[4.8, 5.4, 4.6], ∫ϰ²/L>=[4.7, 6.2, 6.2], C-C-Sep=0.20, ║∇J║=3.5e-03
-----On 1/20 Initial Guess Perturbations
Iteration 980/3500-----
J=1.2e-02, ⟨Jf⟩=1.3e-03, ⟨B·n⟩=8.0e-03, Len=sum([4.8, 4.6, 4.2])=13.6, ϰ=[4.8, 5.3, 4.6], ∫ϰ²/L>=[4.7, 6.2, 6.2], C-C-Sep=0.20, ║∇J║=2.4e-03
-----On 1/20 Initial Guess Perturbations
Iteration 981/3500-----
J=1.2e-02, ⟨Jf⟩=1.3e-03, ⟨B·n⟩=8.0e-03, Len=sum([4.8, 4.6, 4.2])=13.6, ϰ=[4.8, 5.4, 4.5], ∫ϰ²/L>=[4.7, 6.2, 6.2], C-C-Sep=0.20, ║∇J║=2.5e-03
-----On 1/20 Initial Guess Perturbations
Iteration 982/3500-----
J=1.2e-02, ⟨Jf⟩=1.3e-03, ⟨B·n⟩=8.0e-03, Len=sum([4.8, 4.6, 4.2])=13.6, ϰ=[4.8, 5.4, 4.5], ∫ϰ²/L>=[4.7, 6.2, 6.2], C-C-Sep=0.20, ║∇J║=2.2e-03
-----On 1/20 Initial Guess Perturbations
Iteration 983/3500-----
J=1.2e-02, ⟨Jf⟩=1.3e-03, ⟨B·n⟩=8.0e-03, Len=sum([4.8, 4.6, 4.2])=13.6, ϰ=[4.7, 5.4, 4.5], ∫ϰ²/L>=[4.7, 6.2, 6.2], C-C-Sep=0.20, ║∇J║=2.6e-03
-----On 1/20 Initial Guess Perturbations
Iteration 984/3500-----
J=1.2e-02, ⟨Jf⟩=1.3e-03, ⟨B·n⟩=8.0e-03, Len=sum([4.8, 4.6, 4.2])=13.6, ϰ=[4.8, 5.4, 4.5], ∫ϰ²/L>=[4.7, 6.2, 6.2], C-C-Sep=0.20, ║∇J║=2.5e-03
-----On 1/20 Initial Guess Perturbations
Iteration 985/3500-----
J=1.2e-02, ⟨Jf⟩=1.3e-03, ⟨B·n⟩=8.0e-03, Len=sum([4.8, 4.6, 4.2])=13.6, ϰ=[4.8, 5.4, 4.4], ∫ϰ²/L>=[4.7, 6.2, 6.2], C-C-Sep=0.20, ║∇J║=2.2e-03
-----On 1/20 Initial Guess Perturbations
Iteration 986/3500-----
J=1.2e-02, ⟨Jf⟩=1.3e-03, ⟨B·n⟩=8.0e-03, Len=sum([4.8, 4.6, 4.2])=13.6, ϰ=[4.8, 5.4, 4.5], ∫ϰ²/L>=[4.7, 6.2, 6.2], C-C-Sep=0.20, ║∇J║=2.4e-03
-----On 1/20 Initial Guess Perturbations
Iteration 987/3500-----
J=1.2e-02, ⟨Jf⟩=1.3e-03, ⟨B·n⟩=8.0e-03, Len=sum([4.8, 4.6, 4.2])=13.6, ϰ=[4.8, 5.4, 4.5], ∫ϰ²/L>=[4.7, 6.2, 6.2], C-C-Sep=0.20, ║∇J║=2.3e-03
-----On 1/20 Initial Guess Perturbations
Iteration 988/3500-----
J=1.2e-02, ⟨Jf⟩=1.3e-03, ⟨B·n⟩=8.0e-03, Len=sum([4.8, 4.6, 4.2])=13.6, ϰ=[4.8, 5.4, 4.5], ∫ϰ²/L>=[4.7, 6.2, 6.2], C-C-Sep=0.20, ║∇J║=2.2e-03
-----On 1/20 Initial Guess Perturbations
Iteration 989/3500-----
J=1.2e-02, ⟨Jf⟩=1.3e-03, ⟨B·n⟩=8.0e-03, Len=sum([4.8, 4.6, 4.2])=13.6, ϰ=[4.8, 5.3, 4.5], ∫ϰ²/L>=[4.7, 6.2, 6.2], C-C-Sep=0.20, ║∇J║=2.2e-03
-----On 1/20 Initial Guess Perturbations
Iteration 990/3500-----
J=1.2e-02, ⟨Jf⟩=1.3e-03, ⟨B·n⟩=8.0e-03, Len=sum([4.8, 4.6, 4.2])=13.6, ϰ=[4.9, 5.4, 4.5], ∫ϰ²/L>=[4.7, 6.2, 6.2], C-C-Sep=0.20, ║∇J║=2.5e-03
-----On 1/20 Initial Guess Perturbations
Iteration 991/3500-----
J=1.2e-02, ⟨Jf⟩=1.3e-03, ⟨B·n⟩=8.0e-03, Len=sum([4.8, 4.6, 4.2])=13.6, ϰ=[4.9, 5.3, 4.5], ∫ϰ²/L>=[4.7, 6.2, 6.2], C-C-Sep=0.20, ║∇J║=2.7e-03
-----On 1/20 Initial Guess Perturbations
Iteration 992/3500-----
J=1.2e-02, ⟨Jf⟩=1.3e-03, ⟨B·n⟩=8.0e-03, Len=sum([4.8, 4.6, 4.2])=13.6, ϰ=[4.9, 5.3, 4.5], ∫ϰ²/L>=[4.7, 6.2, 6.2], C-C-Sep=0.20, ║∇J║=2.2e-03
-----On 1/20 Initial Guess Perturbations
Iteration 993/3500-----
J=1.2e-02, ⟨Jf⟩=1.3e-03, ⟨B·n⟩=8.0e-03, Len=sum([4.8, 4.6, 4.2])=13.6, ϰ=[4.9, 5.3, 4.6], ∫ϰ²/L>=[4.7, 6.2, 6.2], C-C-Sep=0.20, ║∇J║=2.9e-03
-----On 1/20 Initial Guess Perturbations
Iteration 994/3500-----
J=1.2e-02, ⟨Jf⟩=1.3e-03, ⟨B·n⟩=8.0e-03, Len=sum([4.8, 4.6, 4.2])=13.6, ϰ=[4.9, 5.3, 4.6], ∫ϰ²/L>=[4.7, 6.2, 6.2], C-C-Sep=0.20, ║∇J║=2.7e-03
-----On 1/20 Initial Guess Perturbations
Iteration 995/3500-----
J=1.2e-02, ⟨Jf⟩=1.3e-03, ⟨B·n⟩=8.0e-03, Len=sum([4.8, 4.6, 4.2])=13.6, ϰ=[4.9, 5.3, 4.6], ∫ϰ²/L>=[4.7, 6.2, 6.2], C-C-Sep=0.20, ║∇J║=3.0e-03
-----On 1/20 Initial Guess Perturbations
Iteration 996/3500-----
J=1.2e-02, ⟨Jf⟩=1.3e-03, ⟨B·n⟩=8.0e-03, Len=sum([4.8, 4.6, 4.2])=13.6, ϰ=[5.0, 5.3, 4.6], ∫ϰ²/L>=[4.7, 6.2, 6.2], C-C-Sep=0.20, ║∇J║=2.7e-03
-----On 1/20 Initial Guess Perturbations
Iteration 997/3500-----
J=1.2e-02, ⟨Jf⟩=1.3e-03, ⟨B·n⟩=8.0e-03, Len=sum([4.8, 4.6, 4.2])=13.6, ϰ=[5.0, 5.3, 4.6], ∫ϰ²/L>=[4.7, 6.2, 6.2], C-C-Sep=0.20, ║∇J║=2.8e-03
-----On 1/20 Initial Guess Perturbations
Iteration 998/3500-----
J=1.2e-02, ⟨Jf⟩=1.3e-03, ⟨B·n⟩=8.0e-03, Len=sum([4.8, 4.6, 4.2])=13.6, ϰ=[5.0, 5.3, 4.6], ∫ϰ²/L>=[4.7, 6.2, 6.2], C-C-Sep=0.20, ║∇J║=2.9e-03
-----On 1/20 Initial Guess Perturbations
Iteration 999/3500-----
J=1.2e-02, ⟨Jf⟩=1.3e-03, ⟨B·n⟩=8.0e-03, Len=sum([4.8, 4.6, 4.2])=13.6, ϰ=[5.0, 5.4, 4.6], ∫ϰ²/L>=[4.7, 6.2, 6.2], C-C-Sep=0.20, ║∇J║=2.3e-03
-----On 1/20 Initial Guess Perturbations
Iteration 1000/3500-----
J=1.2e-02, ⟨Jf⟩=1.3e-03, ⟨B·n⟩=8.0e-03, Len=sum([4.8, 4.6, 4.2])=13.6, ϰ=[5.0, 5.4, 4.6], ∫ϰ²/L>=[4.7, 6.2, 6.2], C-C-Sep=0.20, ║∇J║=2.8e-03
-----On 1/20 Initial Guess Perturbations
Iteration 1001/3500-----
J=1.2e-02, ⟨Jf⟩=1.3e-03, ⟨B·n⟩=8.0e-03, Len=sum([4.8, 4.6, 4.2])=13.6, ϰ=[5.0, 5.4, 4.6], ∫ϰ²/L>=[4.7, 6.2, 6.2], C-C-Sep=0.20, ║∇J║=2.3e-03
-----On 1/20 Initial Guess Perturbations
Iteration 1002/3500-----
J=1.2e-02, ⟨Jf⟩=1.3e-03, ⟨B·n⟩=8.0e-03, Len=sum([4.8, 4.6, 4.2])=13.6, ϰ=[5.0, 5.4, 4.6], ∫ϰ²/L>=[4.7, 6.2, 6.2], C-C-Sep=0.20, ║∇J║=2.6e-03
-----On 1/20 Initial Guess Perturbations
Iteration 1003/3500-----
J=1.2e-02, ⟨Jf⟩=1.3e-03, ⟨B·n⟩=8.0e-03, Len=sum([4.8, 4.6, 4.2])=13.6, ϰ=[5.0, 5.4, 4.6], ∫ϰ²/L>=[4.7, 6.2, 6.2], C-C-Sep=0.20, ║∇J║=2.6e-03
-----On 1/20 Initial Guess Perturbations
Iteration 1004/3500-----
J=1.2e-02, ⟨Jf⟩=1.3e-03, ⟨B·n⟩=8.0e-03, Len=sum([4.8, 4.6, 4.2])=13.6, ϰ=[5.0, 5.5, 4.6], ∫ϰ²/L>=[4.7, 6.2, 6.2], C-C-Sep=0.20, ║∇J║=2.5e-03
-----On 1/20 Initial Guess Perturbations
Iteration 1005/3500-----
J=1.2e-02, ⟨Jf⟩=1.3e-03, ⟨B·n⟩=8.0e-03, Len=sum([4.8, 4.6, 4.2])=13.6, ϰ=[4.9, 5.5, 4.6], ∫ϰ²/L>=[4.7, 6.2, 6.2], C-C-Sep=0.20, ║∇J║=2.5e-03
-----On 1/20 Initial Guess Perturbations
Iteration 1006/3500-----
J=1.2e-02, ⟨Jf⟩=1.3e-03, ⟨B·n⟩=8.0e-03, Len=sum([4.8, 4.6, 4.2])=13.6, ϰ=[4.9, 5.4, 4.6], ∫ϰ²/L>=[4.7, 6.2, 6.2], C-C-Sep=0.20, ║∇J║=2.6e-03
-----On 1/20 Initial Guess Perturbations
Iteration 1007/3500-----
J=1.2e-02, ⟨Jf⟩=1.3e-03, ⟨B·n⟩=8.0e-03, Len=sum([4.8, 4.6, 4.2])=13.6, ϰ=[4.9, 5.4, 4.6], ∫ϰ²/L>=[4.7, 6.2, 6.2], C-C-Sep=0.20, ║∇J║=2.7e-03
-----On 1/20 Initial Guess Perturbations
Iteration 1008/3500-----
J=1.2e-02, ⟨Jf⟩=1.3e-03, ⟨B·n⟩=8.0e-03, Len=sum([4.8, 4.6, 4.2])=13.6, ϰ=[4.9, 5.4, 4.6], ∫ϰ²/L>=[4.7, 6.2, 6.2], C-C-Sep=0.20, ║∇J║=2.9e-03
-----On 1/20 Initial Guess Perturbations
Iteration 1009/3500-----
J=1.2e-02, ⟨Jf⟩=1.3e-03, ⟨B·n⟩=8.0e-03, Len=sum([4.8, 4.6, 4.2])=13.6, ϰ=[4.8, 5.4, 4.5], ∫ϰ²/L>=[4.7, 6.2, 6.2], C-C-Sep=0.20, ║∇J║=3.0e-03
-----On 1/20 Initial Guess Perturbations
Iteration 1010/3500-----
J=1.2e-02, ⟨Jf⟩=1.3e-03, ⟨B·n⟩=8.0e-03, Len=sum([4.8, 4.6, 4.2])=13.6, ϰ=[4.8, 5.4, 4.5], ∫ϰ²/L>=[4.7, 6.2, 6.2], C-C-Sep=0.20, ║∇J║=2.8e-03
-----On 1/20 Initial Guess Perturbations
Iteration 1011/3500-----
J=1.2e-02, ⟨Jf⟩=1.3e-03, ⟨B·n⟩=8.0e-03, Len=sum([4.8, 4.6, 4.2])=13.6, ϰ=[4.8, 5.4, 4.5], ∫ϰ²/L>=[4.7, 6.2, 6.2], C-C-Sep=0.20, ║∇J║=3.7e-03
-----On 1/20 Initial Guess Perturbations
Iteration 1012/3500-----
J=1.2e-02, ⟨Jf⟩=1.3e-03, ⟨B·n⟩=8.0e-03, Len=sum([4.8, 4.6, 4.2])=13.6, ϰ=[4.8, 5.4, 4.5], ∫ϰ²/L>=[4.7, 6.2, 6.2], C-C-Sep=0.20, ║∇J║=3.7e-03
-----On 1/20 Initial Guess Perturbations
Iteration 1013/3500-----
J=1.2e-02, ⟨Jf⟩=1.3e-03, ⟨B·n⟩=8.0e-03, Len=sum([4.8, 4.6, 4.2])=13.6, ϰ=[4.8, 5.4, 4.6], ∫ϰ²/L>=[4.7, 6.2, 6.2], C-C-Sep=0.20, ║∇J║=2.8e-03
-----On 1/20 Initial Guess Perturbations
Iteration 1014/3500-----
J=1.2e-02, ⟨Jf⟩=1.3e-03, ⟨B·n⟩=8.0e-03, Len=sum([4.8, 4.6, 4.2])=13.6, ϰ=[4.8, 5.4, 4.6], ∫ϰ²/L>=[4.7, 6.2, 6.2], C-C-Sep=0.20, ║∇J║=2.2e-03
-----On 1/20 Initial Guess Perturbations
Iteration 1015/3500-----
J=1.2e-02, ⟨Jf⟩=1.3e-03, ⟨B·n⟩=8.0e-03, Len=sum([4.8, 4.6, 4.2])=13.6, ϰ=[4.7, 5.4, 4.5], ∫ϰ²/L>=[4.7, 6.2, 6.2], C-C-Sep=0.20, ║∇J║=2.4e-03
-----On 1/20 Initial Guess Perturbations
Iteration 1016/3500-----
J=1.2e-02, ⟨Jf⟩=1.3e-03, ⟨B·n⟩=8.0e-03, Len=sum([4.8, 4.6, 4.2])=13.6, ϰ=[4.7, 5.4, 4.5], ∫ϰ²/L>=[4.7, 6.2, 6.2], C-C-Sep=0.20, ║∇J║=3.7e-03
-----On 1/20 Initial Guess Perturbations
Iteration 1017/3500-----
J=1.2e-02, ⟨Jf⟩=1.3e-03, ⟨B·n⟩=8.0e-03, Len=sum([4.8, 4.6, 4.2])=13.6, ϰ=[4.8, 5.4, 4.5], ∫ϰ²/L>=[4.7, 6.2, 6.2], C-C-Sep=0.20, ║∇J║=2.8e-03
-----On 1/20 Initial Guess Perturbations
Iteration 1018/3500-----
J=1.2e-02, ⟨Jf⟩=1.3e-03, ⟨B·n⟩=8.0e-03, Len=sum([4.8, 4.6, 4.2])=13.6, ϰ=[4.7, 5.3, 4.5], ∫ϰ²/L>=[4.7, 6.2, 6.2], C-C-Sep=0.20, ║∇J║=2.5e-03
-----On 1/20 Initial Guess Perturbations
Iteration 1019/3500-----
J=1.2e-02, ⟨Jf⟩=1.3e-03, ⟨B·n⟩=8.0e-03, Len=sum([4.8, 4.6, 4.2])=13.6, ϰ=[4.8, 5.3, 4.5], ∫ϰ²/L>=[4.7, 6.2, 6.2], C-C-Sep=0.20, ║∇J║=2.5e-03
-----On 1/20 Initial Guess Perturbations
Iteration 1020/3500-----
J=1.2e-02, ⟨Jf⟩=1.3e-03, ⟨B·n⟩=8.0e-03, Len=sum([4.8, 4.6, 4.2])=13.6, ϰ=[4.8, 5.3, 4.4], ∫ϰ²/L>=[4.7, 6.2, 6.2], C-C-Sep=0.20, ║∇J║=2.8e-03
-----On 1/20 Initial Guess Perturbations
Iteration 1021/3500-----
J=1.2e-02, ⟨Jf⟩=1.3e-03, ⟨B·n⟩=8.0e-03, Len=sum([4.8, 4.6, 4.2])=13.6, ϰ=[4.8, 5.3, 4.3], ∫ϰ²/L>=[4.8, 6.1, 6.2], C-C-Sep=0.20, ║∇J║=3.3e-03
-----On 1/20 Initial Guess Perturbations
Iteration 1022/3500-----
J=1.2e-02, ⟨Jf⟩=1.3e-03, ⟨B·n⟩=8.0e-03, Len=sum([4.8, 4.6, 4.2])=13.6, ϰ=[4.8, 5.3, 4.3], ∫ϰ²/L>=[4.8, 6.2, 6.2], C-C-Sep=0.20, ║∇J║=2.8e-03
-----On 1/20 Initial Guess Perturbations
Iteration 1023/3500-----
J=1.2e-02, ⟨Jf⟩=1.3e-03, ⟨B·n⟩=8.0e-03, Len=sum([4.8, 4.6, 4.2])=13.6, ϰ=[4.8, 5.3, 4.3], ∫ϰ²/L>=[4.8, 6.1, 6.2], C-C-Sep=0.20, ║∇J║=4.9e-03
-----On 1/20 Initial Guess Perturbations
Iteration 1024/3500-----
J=1.2e-02, ⟨Jf⟩=1.3e-03, ⟨B·n⟩=8.0e-03, Len=sum([4.8, 4.6, 4.2])=13.6, ϰ=[4.8, 5.3, 4.3], ∫ϰ²/L>=[4.8, 6.1, 6.2], C-C-Sep=0.20, ║∇J║=2.9e-03
-----On 1/20 Initial Guess Perturbations
Iteration 1025/3500-----
J=1.2e-02, ⟨Jf⟩=1.3e-03, ⟨B·n⟩=8.0e-03, Len=sum([4.8, 4.6, 4.2])=13.6, ϰ=[4.8, 5.3, 4.3], ∫ϰ²/L>=[4.8, 6.1, 6.2], C-C-Sep=0.20, ║∇J║=3.8e-03
-----On 1/20 Initial Guess Perturbations
Iteration 1026/3500-----
J=1.2e-02, ⟨Jf⟩=1.3e-03, ⟨B·n⟩=8.0e-03, Len=sum([4.8, 4.6, 4.2])=13.6, ϰ=[4.8, 5.3, 4.3], ∫ϰ²/L>=[4.8, 6.1, 6.2], C-C-Sep=0.20, ║∇J║=3.5e-03
-----On 1/20 Initial Guess Perturbations
Iteration 1027/3500-----
J=1.2e-02, ⟨Jf⟩=1.3e-03, ⟨B·n⟩=8.0e-03, Len=sum([4.8, 4.6, 4.2])=13.6, ϰ=[4.8, 5.3, 4.2], ∫ϰ²/L>=[4.8, 6.1, 6.2], C-C-Sep=0.20, ║∇J║=2.5e-03
-----On 1/20 Initial Guess Perturbations
Iteration 1028/3500-----
J=1.2e-02, ⟨Jf⟩=1.3e-03, ⟨B·n⟩=8.0e-03, Len=sum([4.8, 4.6, 4.2])=13.6, ϰ=[4.8, 5.3, 4.2], ∫ϰ²/L>=[4.8, 6.1, 6.2], C-C-Sep=0.20, ║∇J║=3.2e-03
-----On 1/20 Initial Guess Perturbations
Iteration 1029/3500-----
J=1.2e-02, ⟨Jf⟩=1.3e-03, ⟨B·n⟩=8.0e-03, Len=sum([4.8, 4.6, 4.2])=13.6, ϰ=[4.8, 5.4, 4.2], ∫ϰ²/L>=[4.8, 6.1, 6.2], C-C-Sep=0.20, ║∇J║=3.2e-03
-----On 1/20 Initial Guess Perturbations
Iteration 1030/3500-----
J=1.2e-02, ⟨Jf⟩=1.3e-03, ⟨B·n⟩=8.0e-03, Len=sum([4.8, 4.6, 4.2])=13.6, ϰ=[4.8, 5.3, 4.3], ∫ϰ²/L>=[4.8, 6.1, 6.2], C-C-Sep=0.20, ║∇J║=3.3e-03
-----On 1/20 Initial Guess Perturbations
Iteration 1031/3500-----
J=1.2e-02, ⟨Jf⟩=1.3e-03, ⟨B·n⟩=8.0e-03, Len=sum([4.8, 4.6, 4.2])=13.6, ϰ=[4.8, 5.4, 4.3], ∫ϰ²/L>=[4.8, 6.1, 6.2], C-C-Sep=0.20, ║∇J║=3.3e-03
-----On 1/20 Initial Guess Perturbations
Iteration 1032/3500-----
J=1.2e-02, ⟨Jf⟩=1.3e-03, ⟨B·n⟩=8.0e-03, Len=sum([4.8, 4.6, 4.2])=13.6, ϰ=[4.8, 5.4, 4.2], ∫ϰ²/L>=[4.8, 6.1, 6.1], C-C-Sep=0.20, ║∇J║=3.3e-03
-----On 1/20 Initial Guess Perturbations
Iteration 1033/3500-----
J=1.2e-02, ⟨Jf⟩=1.3e-03, ⟨B·n⟩=8.0e-03, Len=sum([4.8, 4.6, 4.2])=13.6, ϰ=[4.8, 5.4, 4.3], ∫ϰ²/L>=[4.8, 6.1, 6.2], C-C-Sep=0.20, ║∇J║=4.2e-03
-----On 1/20 Initial Guess Perturbations
Iteration 1034/3500-----
J=1.2e-02, ⟨Jf⟩=1.3e-03, ⟨B·n⟩=8.0e-03, Len=sum([4.8, 4.6, 4.2])=13.6, ϰ=[4.8, 5.4, 4.3], ∫ϰ²/L>=[4.8, 6.1, 6.2], C-C-Sep=0.20, ║∇J║=2.9e-03
-----On 1/20 Initial Guess Perturbations
Iteration 1035/3500-----
J=1.2e-02, ⟨Jf⟩=1.3e-03, ⟨B·n⟩=8.0e-03, Len=sum([4.8, 4.6, 4.2])=13.6, ϰ=[4.8, 5.4, 4.4], ∫ϰ²/L>=[4.8, 6.1, 6.1], C-C-Sep=0.20, ║∇J║=3.4e-03
-----On 1/20 Initial Guess Perturbations
Iteration 1036/3500-----
J=1.2e-02, ⟨Jf⟩=1.3e-03, ⟨B·n⟩=8.0e-03, Len=sum([4.8, 4.6, 4.2])=13.6, ϰ=[4.7, 5.4, 4.4], ∫ϰ²/L>=[4.8, 6.2, 6.1], C-C-Sep=0.20, ║∇J║=3.0e-03
-----On 1/20 Initial Guess Perturbations
Iteration 1037/3500-----
J=1.2e-02, ⟨Jf⟩=1.3e-03, ⟨B·n⟩=8.0e-03, Len=sum([4.8, 4.6, 4.2])=13.6, ϰ=[4.7, 5.4, 4.4], ∫ϰ²/L>=[4.8, 6.1, 6.1], C-C-Sep=0.20, ║∇J║=3.6e-03
-----On 1/20 Initial Guess Perturbations
Iteration 1038/3500-----
J=1.2e-02, ⟨Jf⟩=1.3e-03, ⟨B·n⟩=8.0e-03, Len=sum([4.8, 4.6, 4.2])=13.6, ϰ=[4.7, 5.4, 4.4], ∫ϰ²/L>=[4.8, 6.1, 6.1], C-C-Sep=0.20, ║∇J║=2.7e-03
-----On 1/20 Initial Guess Perturbations
Iteration 1039/3500-----
J=1.2e-02, ⟨Jf⟩=1.3e-03, ⟨B·n⟩=8.0e-03, Len=sum([4.8, 4.6, 4.2])=13.6, ϰ=[4.8, 5.4, 4.5], ∫ϰ²/L>=[4.8, 6.1, 6.1], C-C-Sep=0.20, ║∇J║=3.3e-03
-----On 1/20 Initial Guess Perturbations
Iteration 1040/3500-----
J=1.2e-02, ⟨Jf⟩=1.3e-03, ⟨B·n⟩=8.0e-03, Len=sum([4.8, 4.6, 4.2])=13.6, ϰ=[4.8, 5.4, 4.5], ∫ϰ²/L>=[4.8, 6.1, 6.1], C-C-Sep=0.20, ║∇J║=3.7e-03
-----On 1/20 Initial Guess Perturbations
Iteration 1041/3500-----
J=1.2e-02, ⟨Jf⟩=1.3e-03, ⟨B·n⟩=8.0e-03, Len=sum([4.8, 4.6, 4.2])=13.6, ϰ=[4.7, 5.4, 4.6], ∫ϰ²/L>=[4.8, 6.1, 6.1], C-C-Sep=0.20, ║∇J║=3.1e-03
-----On 1/20 Initial Guess Perturbations
Iteration 1042/3500-----
J=1.2e-02, ⟨Jf⟩=1.3e-03, ⟨B·n⟩=8.0e-03, Len=sum([4.8, 4.6, 4.2])=13.6, ϰ=[4.7, 5.4, 4.6], ∫ϰ²/L>=[4.8, 6.1, 6.1], C-C-Sep=0.20, ║∇J║=3.1e-03
-----On 1/20 Initial Guess Perturbations
Iteration 1043/3500-----
J=1.2e-02, ⟨Jf⟩=1.3e-03, ⟨B·n⟩=8.0e-03, Len=sum([4.8, 4.6, 4.2])=13.6, ϰ=[4.7, 5.4, 4.5], ∫ϰ²/L>=[4.8, 6.1, 6.1], C-C-Sep=0.20, ║∇J║=2.7e-03
-----On 1/20 Initial Guess Perturbations
Iteration 1044/3500-----
J=1.2e-02, ⟨Jf⟩=1.3e-03, ⟨B·n⟩=8.0e-03, Len=sum([4.8, 4.6, 4.2])=13.6, ϰ=[4.8, 5.3, 4.5], ∫ϰ²/L>=[4.8, 6.1, 6.1], C-C-Sep=0.20, ║∇J║=3.0e-03
-----On 1/20 Initial Guess Perturbations
Iteration 1045/3500-----
J=1.2e-02, ⟨Jf⟩=1.3e-03, ⟨B·n⟩=8.0e-03, Len=sum([4.8, 4.6, 4.2])=13.6, ϰ=[4.8, 5.3, 4.6], ∫ϰ²/L>=[4.8, 6.1, 6.1], C-C-Sep=0.20, ║∇J║=2.9e-03
-----On 1/20 Initial Guess Perturbations
Iteration 1046/3500-----
J=1.2e-02, ⟨Jf⟩=1.3e-03, ⟨B·n⟩=8.0e-03, Len=sum([4.8, 4.6, 4.2])=13.6, ϰ=[4.8, 5.3, 4.6], ∫ϰ²/L>=[4.8, 6.1, 6.1], C-C-Sep=0.20, ║∇J║=3.5e-03
-----On 1/20 Initial Guess Perturbations
Iteration 1047/3500-----
J=1.2e-02, ⟨Jf⟩=1.3e-03, ⟨B·n⟩=8.0e-03, Len=sum([4.8, 4.6, 4.2])=13.6, ϰ=[4.8, 5.3, 4.6], ∫ϰ²/L>=[4.8, 6.1, 6.1], C-C-Sep=0.20, ║∇J║=4.3e-03
-----On 1/20 Initial Guess Perturbations
Iteration 1048/3500-----
J=1.2e-02, ⟨Jf⟩=1.3e-03, ⟨B·n⟩=8.0e-03, Len=sum([4.8, 4.6, 4.2])=13.6, ϰ=[4.8, 5.3, 4.6], ∫ϰ²/L>=[4.8, 6.1, 6.1], C-C-Sep=0.20, ║∇J║=3.4e-03
-----On 1/20 Initial Guess Perturbations
Iteration 1049/3500-----
J=1.2e-02, ⟨Jf⟩=1.3e-03, ⟨B·n⟩=8.0e-03, Len=sum([4.8, 4.6, 4.2])=13.6, ϰ=[4.9, 5.3, 4.6], ∫ϰ²/L>=[4.8, 6.1, 6.1], C-C-Sep=0.20, ║∇J║=3.3e-03
-----On 1/20 Initial Guess Perturbations
Iteration 1050/3500-----
J=1.2e-02, ⟨Jf⟩=1.3e-03, ⟨B·n⟩=8.0e-03, Len=sum([4.8, 4.6, 4.2])=13.6, ϰ=[4.9, 5.3, 4.6], ∫ϰ²/L>=[4.8, 6.1, 6.1], C-C-Sep=0.20, ║∇J║=2.8e-03
-----On 1/20 Initial Guess Perturbations
Iteration 1051/3500-----
J=1.2e-02, ⟨Jf⟩=1.3e-03, ⟨B·n⟩=8.0e-03, Len=sum([4.8, 4.6, 4.2])=13.6, ϰ=[4.9, 5.2, 4.6], ∫ϰ²/L>=[4.8, 6.1, 6.1], C-C-Sep=0.20, ║∇J║=3.4e-03
-----On 1/20 Initial Guess Perturbations
Iteration 1052/3500-----
J=1.2e-02, ⟨Jf⟩=1.3e-03, ⟨B·n⟩=8.0e-03, Len=sum([4.8, 4.6, 4.2])=13.6, ϰ=[4.9, 5.2, 4.6], ∫ϰ²/L>=[4.8, 6.1, 6.1], C-C-Sep=0.20, ║∇J║=3.1e-03
-----On 1/20 Initial Guess Perturbations
Iteration 1053/3500-----
J=1.2e-02, ⟨Jf⟩=1.3e-03, ⟨B·n⟩=8.0e-03, Len=sum([4.8, 4.6, 4.2])=13.6, ϰ=[4.9, 5.2, 4.6], ∫ϰ²/L>=[4.8, 6.1, 6.2], C-C-Sep=0.20, ║∇J║=3.6e-03
-----On 1/20 Initial Guess Perturbations
Iteration 1054/3500-----
J=1.2e-02, ⟨Jf⟩=1.3e-03, ⟨B·n⟩=8.0e-03, Len=sum([4.8, 4.6, 4.2])=13.6, ϰ=[4.9, 5.2, 4.5], ∫ϰ²/L>=[4.7, 6.1, 6.2], C-C-Sep=0.20, ║∇J║=3.3e-03
-----On 1/20 Initial Guess Perturbations
Iteration 1055/3500-----
J=1.2e-02, ⟨Jf⟩=1.3e-03, ⟨B·n⟩=8.0e-03, Len=sum([4.8, 4.6, 4.2])=13.6, ϰ=[4.9, 5.1, 4.5], ∫ϰ²/L>=[4.8, 6.1, 6.2], C-C-Sep=0.20, ║∇J║=4.0e-03
-----On 1/20 Initial Guess Perturbations
Iteration 1056/3500-----
J=1.2e-02, ⟨Jf⟩=1.3e-03, ⟨B·n⟩=8.0e-03, Len=sum([4.8, 4.6, 4.2])=13.6, ϰ=[4.9, 5.1, 4.5], ∫ϰ²/L>=[4.7, 6.1, 6.1], C-C-Sep=0.20, ║∇J║=3.7e-03
-----On 1/20 Initial Guess Perturbations
Iteration 1057/3500-----
J=1.2e-02, ⟨Jf⟩=1.3e-03, ⟨B·n⟩=8.0e-03, Len=sum([4.8, 4.6, 4.2])=13.6, ϰ=[4.9, 5.1, 4.5], ∫ϰ²/L>=[4.8, 6.1, 6.1], C-C-Sep=0.20, ║∇J║=4.5e-03
-----On 1/20 Initial Guess Perturbations
Iteration 1058/3500-----
J=1.2e-02, ⟨Jf⟩=1.3e-03, ⟨B·n⟩=8.0e-03, Len=sum([4.8, 4.6, 4.2])=13.6, ϰ=[4.9, 5.1, 4.4], ∫ϰ²/L>=[4.7, 6.1, 6.1], C-C-Sep=0.20, ║∇J║=3.3e-03
-----On 1/20 Initial Guess Perturbations
Iteration 1059/3500-----
J=1.2e-02, ⟨Jf⟩=1.3e-03, ⟨B·n⟩=8.0e-03, Len=sum([4.8, 4.6, 4.2])=13.6, ϰ=[4.9, 5.1, 4.4], ∫ϰ²/L>=[4.7, 6.1, 6.1], C-C-Sep=0.20, ║∇J║=3.3e-03
-----On 1/20 Initial Guess Perturbations
Iteration 1060/3500-----
J=1.2e-02, ⟨Jf⟩=1.3e-03, ⟨B·n⟩=8.0e-03, Len=sum([4.8, 4.6, 4.2])=13.6, ϰ=[4.9, 5.1, 4.5], ∫ϰ²/L>=[4.7, 6.1, 6.1], C-C-Sep=0.20, ║∇J║=2.6e-03
-----On 1/20 Initial Guess Perturbations
Iteration 1061/3500-----
J=1.2e-02, ⟨Jf⟩=1.3e-03, ⟨B·n⟩=8.0e-03, Len=sum([4.8, 4.6, 4.2])=13.6, ϰ=[4.9, 5.1, 4.5], ∫ϰ²/L>=[4.7, 6.1, 6.1], C-C-Sep=0.20, ║∇J║=3.2e-03
-----On 1/20 Initial Guess Perturbations
Iteration 1062/3500-----
J=1.2e-02, ⟨Jf⟩=1.3e-03, ⟨B·n⟩=8.0e-03, Len=sum([4.8, 4.6, 4.2])=13.6, ϰ=[4.9, 5.0, 4.5], ∫ϰ²/L>=[4.7, 6.1, 6.1], C-C-Sep=0.20, ║∇J║=2.8e-03
-----On 1/20 Initial Guess Perturbations
Iteration 1063/3500-----
J=1.2e-02, ⟨Jf⟩=1.3e-03, ⟨B·n⟩=8.0e-03, Len=sum([4.8, 4.6, 4.2])=13.6, ϰ=[4.9, 5.0, 4.5], ∫ϰ²/L>=[4.7, 6.1, 6.2], C-C-Sep=0.20, ║∇J║=3.3e-03
-----On 1/20 Initial Guess Perturbations
Iteration 1064/3500-----
J=1.2e-02, ⟨Jf⟩=1.3e-03, ⟨B·n⟩=8.0e-03, Len=sum([4.8, 4.6, 4.2])=13.6, ϰ=[4.9, 5.0, 4.5], ∫ϰ²/L>=[4.7, 6.1, 6.2], C-C-Sep=0.20, ║∇J║=3.1e-03
-----On 1/20 Initial Guess Perturbations
Iteration 1065/3500-----
J=1.2e-02, ⟨Jf⟩=1.3e-03, ⟨B·n⟩=8.0e-03, Len=sum([4.8, 4.6, 4.2])=13.6, ϰ=[4.9, 5.0, 4.5], ∫ϰ²/L>=[4.7, 6.1, 6.2], C-C-Sep=0.20, ║∇J║=2.9e-03
-----On 1/20 Initial Guess Perturbations
Iteration 1066/3500-----
J=1.2e-02, ⟨Jf⟩=1.3e-03, ⟨B·n⟩=8.0e-03, Len=sum([4.8, 4.6, 4.2])=13.6, ϰ=[4.9, 5.1, 4.5], ∫ϰ²/L>=[4.8, 6.1, 6.1], C-C-Sep=0.20, ║∇J║=3.9e-03
-----On 1/20 Initial Guess Perturbations
Iteration 1067/3500-----
J=1.2e-02, ⟨Jf⟩=1.3e-03, ⟨B·n⟩=8.0e-03, Len=sum([4.8, 4.6, 4.2])=13.6, ϰ=[4.9, 5.1, 4.4], ∫ϰ²/L>=[4.8, 6.1, 6.1], C-C-Sep=0.20, ║∇J║=3.8e-03
-----On 1/20 Initial Guess Perturbations
Iteration 1068/3500-----
J=1.2e-02, ⟨Jf⟩=1.3e-03, ⟨B·n⟩=8.0e-03, Len=sum([4.8, 4.6, 4.2])=13.6, ϰ=[5.0, 5.1, 4.4], ∫ϰ²/L>=[4.8, 6.1, 6.2], C-C-Sep=0.20, ║∇J║=3.6e-03
-----On 1/20 Initial Guess Perturbations
Iteration 1069/3500-----
J=1.2e-02, ⟨Jf⟩=1.3e-03, ⟨B·n⟩=8.0e-03, Len=sum([4.8, 4.6, 4.2])=13.6, ϰ=[5.0, 5.1, 4.4], ∫ϰ²/L>=[4.8, 6.1, 6.2], C-C-Sep=0.20, ║∇J║=3.9e-03
-----On 1/20 Initial Guess Perturbations
Iteration 1070/3500-----
J=1.2e-02, ⟨Jf⟩=1.3e-03, ⟨B·n⟩=8.0e-03, Len=sum([4.8, 4.6, 4.2])=13.6, ϰ=[4.9, 5.1, 4.4], ∫ϰ²/L>=[4.8, 6.1, 6.2], C-C-Sep=0.20, ║∇J║=3.3e-03
-----On 1/20 Initial Guess Perturbations
Iteration 1071/3500-----
J=1.2e-02, ⟨Jf⟩=1.3e-03, ⟨B·n⟩=8.0e-03, Len=sum([4.8, 4.6, 4.2])=13.6, ϰ=[4.9, 5.1, 4.4], ∫ϰ²/L>=[4.8, 6.1, 6.2], C-C-Sep=0.20, ║∇J║=3.5e-03
-----On 1/20 Initial Guess Perturbations
Iteration 1072/3500-----
J=1.2e-02, ⟨Jf⟩=1.3e-03, ⟨B·n⟩=8.0e-03, Len=sum([4.8, 4.6, 4.2])=13.6, ϰ=[4.9, 5.1, 4.4], ∫ϰ²/L>=[4.8, 6.1, 6.2], C-C-Sep=0.20, ║∇J║=4.3e-03
-----On 1/20 Initial Guess Perturbations
Iteration 1073/3500-----
J=1.2e-02, ⟨Jf⟩=1.3e-03, ⟨B·n⟩=8.0e-03, Len=sum([4.8, 4.6, 4.2])=13.6, ϰ=[4.9, 5.2, 4.4], ∫ϰ²/L>=[4.8, 6.1, 6.2], C-C-Sep=0.20, ║∇J║=3.7e-03
-----On 1/20 Initial Guess Perturbations
Iteration 1074/3500-----
J=1.2e-02, ⟨Jf⟩=1.3e-03, ⟨B·n⟩=8.0e-03, Len=sum([4.8, 4.6, 4.2])=13.6, ϰ=[4.9, 5.2, 4.4], ∫ϰ²/L>=[4.8, 6.1, 6.2], C-C-Sep=0.20, ║∇J║=3.3e-03
-----On 1/20 Initial Guess Perturbations
Iteration 1075/3500-----
J=1.2e-02, ⟨Jf⟩=1.3e-03, ⟨B·n⟩=8.0e-03, Len=sum([4.8, 4.6, 4.2])=13.6, ϰ=[4.9, 5.2, 4.4], ∫ϰ²/L>=[4.8, 6.1, 6.2], C-C-Sep=0.20, ║∇J║=3.3e-03
-----On 1/20 Initial Guess Perturbations
Iteration 1076/3500-----
J=1.2e-02, ⟨Jf⟩=1.3e-03, ⟨B·n⟩=8.0e-03, Len=sum([4.8, 4.6, 4.2])=13.6, ϰ=[4.9, 5.2, 4.4], ∫ϰ²/L>=[4.8, 6.1, 6.2], C-C-Sep=0.20, ║∇J║=3.7e-03
-----On 1/20 Initial Guess Perturbations
Iteration 1077/3500-----
J=1.2e-02, ⟨Jf⟩=1.3e-03, ⟨B·n⟩=8.0e-03, Len=sum([4.8, 4.6, 4.2])=13.6, ϰ=[4.9, 5.2, 4.4], ∫ϰ²/L>=[4.8, 6.1, 6.2], C-C-Sep=0.20, ║∇J║=4.1e-03
-----On 1/20 Initial Guess Perturbations
Iteration 1078/3500-----
J=1.2e-02, ⟨Jf⟩=1.3e-03, ⟨B·n⟩=8.0e-03, Len=sum([4.8, 4.6, 4.2])=13.6, ϰ=[4.9, 5.2, 4.4], ∫ϰ²/L>=[4.8, 6.1, 6.2], C-C-Sep=0.20, ║∇J║=3.4e-03
-----On 1/20 Initial Guess Perturbations
Iteration 1079/3500-----
J=1.2e-02, ⟨Jf⟩=1.3e-03, ⟨B·n⟩=8.0e-03, Len=sum([4.8, 4.6, 4.2])=13.6, ϰ=[4.9, 5.2, 4.4], ∫ϰ²/L>=[4.8, 6.1, 6.2], C-C-Sep=0.20, ║∇J║=4.1e-03
-----On 1/20 Initial Guess Perturbations
Iteration 1080/3500-----
J=1.2e-02, ⟨Jf⟩=1.3e-03, ⟨B·n⟩=8.0e-03, Len=sum([4.8, 4.6, 4.2])=13.6, ϰ=[4.9, 5.2, 4.5], ∫ϰ²/L>=[4.8, 6.1, 6.2], C-C-Sep=0.20, ║∇J║=2.9e-03
-----On 1/20 Initial Guess Perturbations
Iteration 1081/3500-----
J=1.2e-02, ⟨Jf⟩=1.3e-03, ⟨B·n⟩=8.0e-03, Len=sum([4.8, 4.6, 4.2])=13.6, ϰ=[4.9, 5.2, 4.4], ∫ϰ²/L>=[4.8, 6.1, 6.2], C-C-Sep=0.20, ║∇J║=2.9e-03
-----On 1/20 Initial Guess Perturbations
Iteration 1082/3500-----
J=1.2e-02, ⟨Jf⟩=1.3e-03, ⟨B·n⟩=8.0e-03, Len=sum([4.8, 4.6, 4.2])=13.6, ϰ=[4.9, 5.3, 4.4], ∫ϰ²/L>=[4.8, 6.1, 6.2], C-C-Sep=0.20, ║∇J║=3.4e-03
-----On 1/20 Initial Guess Perturbations
Iteration 1083/3500-----
J=1.2e-02, ⟨Jf⟩=1.3e-03, ⟨B·n⟩=8.0e-03, Len=sum([4.8, 4.6, 4.2])=13.6, ϰ=[4.9, 5.3, 4.5], ∫ϰ²/L>=[4.8, 6.1, 6.2], C-C-Sep=0.20, ║∇J║=3.5e-03
-----On 1/20 Initial Guess Perturbations
Iteration 1084/3500-----
J=1.2e-02, ⟨Jf⟩=1.3e-03, ⟨B·n⟩=8.0e-03, Len=sum([4.8, 4.6, 4.2])=13.6, ϰ=[4.9, 5.3, 4.5], ∫ϰ²/L>=[4.8, 6.1, 6.2], C-C-Sep=0.20, ║∇J║=3.4e-03
-----On 1/20 Initial Guess Perturbations
Iteration 1085/3500-----
J=1.2e-02, ⟨Jf⟩=1.3e-03, ⟨B·n⟩=8.0e-03, Len=sum([4.8, 4.6, 4.2])=13.6, ϰ=[4.9, 5.4, 4.5], ∫ϰ²/L>=[4.8, 6.1, 6.2], C-C-Sep=0.20, ║∇J║=3.1e-03
-----On 1/20 Initial Guess Perturbations
Iteration 1086/3500-----
J=1.2e-02, ⟨Jf⟩=1.3e-03, ⟨B·n⟩=8.0e-03, Len=sum([4.8, 4.6, 4.2])=13.6, ϰ=[4.8, 5.4, 4.6], ∫ϰ²/L>=[4.7, 6.2, 6.2], C-C-Sep=0.20, ║∇J║=3.3e-03
-----On 1/20 Initial Guess Perturbations
Iteration 1087/3500-----
J=1.2e-02, ⟨Jf⟩=1.3e-03, ⟨B·n⟩=8.0e-03, Len=sum([4.8, 4.6, 4.2])=13.6, ϰ=[4.8, 5.4, 4.6], ∫ϰ²/L>=[4.7, 6.2, 6.2], C-C-Sep=0.20, ║∇J║=2.8e-03
-----On 1/20 Initial Guess Perturbations
Iteration 1088/3500-----
J=1.2e-02, ⟨Jf⟩=1.3e-03, ⟨B·n⟩=8.0e-03, Len=sum([4.8, 4.6, 4.2])=13.6, ϰ=[4.8, 5.4, 4.6], ∫ϰ²/L>=[4.7, 6.2, 6.2], C-C-Sep=0.20, ║∇J║=2.8e-03
-----On 1/20 Initial Guess Perturbations
Iteration 1089/3500-----
J=1.2e-02, ⟨Jf⟩=1.3e-03, ⟨B·n⟩=8.0e-03, Len=sum([4.8, 4.6, 4.2])=13.6, ϰ=[4.8, 5.4, 4.7], ∫ϰ²/L>=[4.7, 6.2, 6.2], C-C-Sep=0.20, ║∇J║=3.4e-03
-----On 1/20 Initial Guess Perturbations
Iteration 1090/3500-----
J=1.2e-02, ⟨Jf⟩=1.3e-03, ⟨B·n⟩=8.0e-03, Len=sum([4.8, 4.6, 4.2])=13.6, ϰ=[4.8, 5.4, 4.8], ∫ϰ²/L>=[4.7, 6.2, 6.2], C-C-Sep=0.20, ║∇J║=3.4e-03
-----On 1/20 Initial Guess Perturbations
Iteration 1091/3500-----
J=1.2e-02, ⟨Jf⟩=1.3e-03, ⟨B·n⟩=8.0e-03, Len=sum([4.8, 4.6, 4.2])=13.6, ϰ=[4.8, 5.4, 4.8], ∫ϰ²/L>=[4.7, 6.2, 6.2], C-C-Sep=0.20, ║∇J║=3.6e-03
-----On 1/20 Initial Guess Perturbations
Iteration 1092/3500-----
J=1.2e-02, ⟨Jf⟩=1.3e-03, ⟨B·n⟩=8.0e-03, Len=sum([4.8, 4.6, 4.2])=13.6, ϰ=[4.7, 5.4, 4.8], ∫ϰ²/L>=[4.7, 6.2, 6.2], C-C-Sep=0.20, ║∇J║=4.3e-03
-----On 1/20 Initial Guess Perturbations
Iteration 1093/3500-----
J=1.2e-02, ⟨Jf⟩=1.3e-03, ⟨B·n⟩=8.0e-03, Len=sum([4.8, 4.6, 4.2])=13.6, ϰ=[4.7, 5.4, 4.8], ∫ϰ²/L>=[4.7, 6.1, 6.2], C-C-Sep=0.20, ║∇J║=3.7e-03
-----On 1/20 Initial Guess Perturbations
Iteration 1094/3500-----
J=1.2e-02, ⟨Jf⟩=1.3e-03, ⟨B·n⟩=8.0e-03, Len=sum([4.8, 4.6, 4.2])=13.6, ϰ=[4.7, 5.4, 4.9], ∫ϰ²/L>=[4.7, 6.2, 6.2], C-C-Sep=0.20, ║∇J║=3.9e-03
-----On 1/20 Initial Guess Perturbations
Iteration 1095/3500-----
J=1.2e-02, ⟨Jf⟩=1.3e-03, ⟨B·n⟩=8.0e-03, Len=sum([4.8, 4.6, 4.2])=13.6, ϰ=[4.7, 5.4, 4.8], ∫ϰ²/L>=[4.7, 6.2, 6.2], C-C-Sep=0.20, ║∇J║=4.5e-03
-----On 1/20 Initial Guess Perturbations
Iteration 1096/3500-----
J=1.2e-02, ⟨Jf⟩=1.3e-03, ⟨B·n⟩=8.0e-03, Len=sum([4.8, 4.6, 4.2])=13.6, ϰ=[4.7, 5.4, 4.8], ∫ϰ²/L>=[4.7, 6.2, 6.2], C-C-Sep=0.20, ║∇J║=3.0e-03
-----On 1/20 Initial Guess Perturbations
Iteration 1097/3500-----
J=1.2e-02, ⟨Jf⟩=1.3e-03, ⟨B·n⟩=8.0e-03, Len=sum([4.8, 4.6, 4.2])=13.6, ϰ=[4.7, 5.4, 4.8], ∫ϰ²/L>=[4.7, 6.2, 6.2], C-C-Sep=0.20, ║∇J║=3.4e-03
-----On 1/20 Initial Guess Perturbations
Iteration 1098/3500-----
J=1.2e-02, ⟨Jf⟩=1.3e-03, ⟨B·n⟩=8.0e-03, Len=sum([4.8, 4.6, 4.2])=13.6, ϰ=[4.7, 5.4, 4.8], ∫ϰ²/L>=[4.7, 6.2, 6.2], C-C-Sep=0.20, ║∇J║=3.3e-03
-----On 1/20 Initial Guess Perturbations
Iteration 1099/3500-----
J=1.2e-02, ⟨Jf⟩=1.3e-03, ⟨B·n⟩=8.0e-03, Len=sum([4.8, 4.6, 4.2])=13.6, ϰ=[4.7, 5.4, 4.8], ∫ϰ²/L>=[4.7, 6.2, 6.2], C-C-Sep=0.20, ║∇J║=3.6e-03
-----On 1/20 Initial Guess Perturbations
Iteration 1100/3500-----
J=1.2e-02, ⟨Jf⟩=1.3e-03, ⟨B·n⟩=8.0e-03, Len=sum([4.8, 4.6, 4.2])=13.6, ϰ=[4.7, 5.4, 4.7], ∫ϰ²/L>=[4.7, 6.2, 6.2], C-C-Sep=0.20, ║∇J║=3.2e-03
-----On 1/20 Initial Guess Perturbations
Iteration 1101/3500-----
J=1.2e-02, ⟨Jf⟩=1.3e-03, ⟨B·n⟩=8.0e-03, Len=sum([4.8, 4.6, 4.2])=13.6, ϰ=[4.7, 5.4, 4.7], ∫ϰ²/L>=[4.7, 6.2, 6.2], C-C-Sep=0.20, ║∇J║=3.5e-03
-----On 1/20 Initial Guess Perturbations
Iteration 1102/3500-----
J=1.2e-02, ⟨Jf⟩=1.3e-03, ⟨B·n⟩=8.0e-03, Len=sum([4.8, 4.6, 4.2])=13.6, ϰ=[4.7, 5.4, 4.7], ∫ϰ²/L>=[4.7, 6.2, 6.2], C-C-Sep=0.20, ║∇J║=4.1e-03
-----On 1/20 Initial Guess Perturbations
Iteration 1103/3500-----
J=1.2e-02, ⟨Jf⟩=1.3e-03, ⟨B·n⟩=8.0e-03, Len=sum([4.8, 4.6, 4.2])=13.6, ϰ=[4.7, 5.4, 4.7], ∫ϰ²/L>=[4.7, 6.2, 6.2], C-C-Sep=0.20, ║∇J║=3.6e-03
-----On 1/20 Initial Guess Perturbations
Iteration 1104/3500-----
J=1.2e-02, ⟨Jf⟩=1.3e-03, ⟨B·n⟩=8.0e-03, Len=sum([4.8, 4.6, 4.2])=13.6, ϰ=[4.8, 5.5, 4.7], ∫ϰ²/L>=[4.7, 6.2, 6.2], C-C-Sep=0.20, ║∇J║=4.1e-03
-----On 1/20 Initial Guess Perturbations
Iteration 1105/3500-----
J=1.2e-02, ⟨Jf⟩=1.3e-03, ⟨B·n⟩=8.0e-03, Len=sum([4.8, 4.6, 4.2])=13.6, ϰ=[4.8, 5.4, 4.7], ∫ϰ²/L>=[4.7, 6.2, 6.2], C-C-Sep=0.20, ║∇J║=3.0e-03
-----On 1/20 Initial Guess Perturbations
Iteration 1106/3500-----
J=1.2e-02, ⟨Jf⟩=1.3e-03, ⟨B·n⟩=8.0e-03, Len=sum([4.8, 4.6, 4.2])=13.6, ϰ=[4.8, 5.5, 4.7], ∫ϰ²/L>=[4.7, 6.2, 6.2], C-C-Sep=0.20, ║∇J║=2.8e-03
-----On 1/20 Initial Guess Perturbations
Iteration 1107/3500-----
J=1.2e-02, ⟨Jf⟩=1.3e-03, ⟨B·n⟩=8.0e-03, Len=sum([4.8, 4.6, 4.2])=13.6, ϰ=[4.8, 5.5, 4.7], ∫ϰ²/L>=[4.7, 6.2, 6.2], C-C-Sep=0.20, ║∇J║=2.9e-03
-----On 1/20 Initial Guess Perturbations
Iteration 1108/3500-----
J=1.2e-02, ⟨Jf⟩=1.3e-03, ⟨B·n⟩=8.0e-03, Len=sum([4.8, 4.6, 4.2])=13.6, ϰ=[4.8, 5.5, 4.8], ∫ϰ²/L>=[4.7, 6.2, 6.2], C-C-Sep=0.20, ║∇J║=3.3e-03
-----On 1/20 Initial Guess Perturbations
Iteration 1109/3500-----
J=1.2e-02, ⟨Jf⟩=1.3e-03, ⟨B·n⟩=8.0e-03, Len=sum([4.8, 4.6, 4.2])=13.6, ϰ=[4.8, 5.5, 4.7], ∫ϰ²/L>=[4.7, 6.2, 6.2], C-C-Sep=0.20, ║∇J║=3.4e-03
-----On 1/20 Initial Guess Perturbations
Iteration 1110/3500-----
J=1.2e-02, ⟨Jf⟩=1.3e-03, ⟨B·n⟩=8.0e-03, Len=sum([4.8, 4.6, 4.2])=13.6, ϰ=[4.8, 5.5, 4.7], ∫ϰ²/L>=[4.7, 6.2, 6.2], C-C-Sep=0.20, ║∇J║=2.9e-03
-----On 1/20 Initial Guess Perturbations
Iteration 1111/3500-----
J=1.2e-02, ⟨Jf⟩=1.3e-03, ⟨B·n⟩=8.0e-03, Len=sum([4.8, 4.6, 4.2])=13.6, ϰ=[4.7, 5.4, 4.7], ∫ϰ²/L>=[4.7, 6.2, 6.2], C-C-Sep=0.20, ║∇J║=3.1e-03
-----On 1/20 Initial Guess Perturbations
Iteration 1112/3500-----
J=1.2e-02, ⟨Jf⟩=1.3e-03, ⟨B·n⟩=8.0e-03, Len=sum([4.8, 4.6, 4.2])=13.6, ϰ=[4.7, 5.4, 4.7], ∫ϰ²/L>=[4.7, 6.2, 6.2], C-C-Sep=0.20, ║∇J║=3.0e-03
-----On 1/20 Initial Guess Perturbations
Iteration 1113/3500-----
J=1.2e-02, ⟨Jf⟩=1.3e-03, ⟨B·n⟩=8.0e-03, Len=sum([4.8, 4.6, 4.2])=13.6, ϰ=[4.7, 5.4, 4.6], ∫ϰ²/L>=[4.7, 6.2, 6.2], C-C-Sep=0.20, ║∇J║=4.2e-03
-----On 1/20 Initial Guess Perturbations
Iteration 1114/3500-----
J=1.2e-02, ⟨Jf⟩=1.3e-03, ⟨B·n⟩=8.0e-03, Len=sum([4.8, 4.6, 4.2])=13.6, ϰ=[4.7, 5.4, 4.6], ∫ϰ²/L>=[4.7, 6.2, 6.2], C-C-Sep=0.20, ║∇J║=3.4e-03
-----On 1/20 Initial Guess Perturbations
Iteration 1115/3500-----
J=1.2e-02, ⟨Jf⟩=1.3e-03, ⟨B·n⟩=8.0e-03, Len=sum([4.8, 4.6, 4.2])=13.6, ϰ=[4.8, 5.4, 4.5], ∫ϰ²/L>=[4.7, 6.2, 6.2], C-C-Sep=0.20, ║∇J║=2.7e-03
-----On 1/20 Initial Guess Perturbations
Iteration 1116/3500-----
J=1.2e-02, ⟨Jf⟩=1.3e-03, ⟨B·n⟩=8.0e-03, Len=sum([4.8, 4.6, 4.2])=13.6, ϰ=[4.7, 5.4, 4.5], ∫ϰ²/L>=[4.7, 6.2, 6.2], C-C-Sep=0.20, ║∇J║=3.4e-03
-----On 1/20 Initial Guess Perturbations
Iteration 1117/3500-----
J=1.2e-02, ⟨Jf⟩=1.3e-03, ⟨B·n⟩=8.0e-03, Len=sum([4.8, 4.6, 4.2])=13.6, ϰ=[4.8, 5.3, 4.5], ∫ϰ²/L>=[4.7, 6.2, 6.2], C-C-Sep=0.20, ║∇J║=2.7e-03
-----On 1/20 Initial Guess Perturbations
Iteration 1118/3500-----
J=1.2e-02, ⟨Jf⟩=1.3e-03, ⟨B·n⟩=8.0e-03, Len=sum([4.8, 4.6, 4.2])=13.6, ϰ=[4.8, 5.3, 4.5], ∫ϰ²/L>=[4.7, 6.2, 6.2], C-C-Sep=0.20, ║∇J║=3.2e-03
-----On 1/20 Initial Guess Perturbations
Iteration 1119/3500-----
J=1.2e-02, ⟨Jf⟩=1.3e-03, ⟨B·n⟩=8.0e-03, Len=sum([4.8, 4.6, 4.2])=13.6, ϰ=[4.8, 5.3, 4.4], ∫ϰ²/L>=[4.7, 6.2, 6.2], C-C-Sep=0.20, ║∇J║=2.8e-03
-----On 1/20 Initial Guess Perturbations
Iteration 1120/3500-----
J=1.2e-02, ⟨Jf⟩=1.3e-03, ⟨B·n⟩=8.0e-03, Len=sum([4.8, 4.6, 4.2])=13.6, ϰ=[4.8, 5.3, 4.5], ∫ϰ²/L>=[4.7, 6.2, 6.2], C-C-Sep=0.20, ║∇J║=3.0e-03
-----On 1/20 Initial Guess Perturbations
Iteration 1121/3500-----
J=1.2e-02, ⟨Jf⟩=1.3e-03, ⟨B·n⟩=8.0e-03, Len=sum([4.8, 4.6, 4.2])=13.6, ϰ=[4.8, 5.3, 4.5], ∫ϰ²/L>=[4.7, 6.2, 6.2], C-C-Sep=0.20, ║∇J║=3.0e-03
-----On 1/20 Initial Guess Perturbations
Iteration 1122/3500-----
J=1.2e-02, ⟨Jf⟩=1.3e-03, ⟨B·n⟩=8.0e-03, Len=sum([4.8, 4.6, 4.2])=13.6, ϰ=[4.8, 5.3, 4.5], ∫ϰ²/L>=[4.7, 6.2, 6.2], C-C-Sep=0.20, ║∇J║=2.8e-03
-----On 1/20 Initial Guess Perturbations
Iteration 1123/3500-----
J=1.2e-02, ⟨Jf⟩=1.3e-03, ⟨B·n⟩=8.0e-03, Len=sum([4.8, 4.6, 4.2])=13.6, ϰ=[4.8, 5.3, 4.5], ∫ϰ²/L>=[4.7, 6.2, 6.2], C-C-Sep=0.20, ║∇J║=3.5e-03
-----On 1/20 Initial Guess Perturbations
Iteration 1124/3500-----
J=1.2e-02, ⟨Jf⟩=1.3e-03, ⟨B·n⟩=8.0e-03, Len=sum([4.8, 4.6, 4.2])=13.6, ϰ=[4.8, 5.3, 4.6], ∫ϰ²/L>=[4.7, 6.2, 6.2], C-C-Sep=0.20, ║∇J║=3.0e-03
-----On 1/20 Initial Guess Perturbations
Iteration 1125/3500-----
J=1.2e-02, ⟨Jf⟩=1.3e-03, ⟨B·n⟩=8.0e-03, Len=sum([4.8, 4.6, 4.2])=13.6, ϰ=[4.8, 5.3, 4.6], ∫ϰ²/L>=[4.7, 6.2, 6.2], C-C-Sep=0.20, ║∇J║=3.5e-03
-----On 1/20 Initial Guess Perturbations
Iteration 1126/3500-----
J=1.2e-02, ⟨Jf⟩=1.3e-03, ⟨B·n⟩=8.0e-03, Len=sum([4.8, 4.6, 4.2])=13.6, ϰ=[4.9, 5.3, 4.6], ∫ϰ²/L>=[4.7, 6.2, 6.2], C-C-Sep=0.20, ║∇J║=3.1e-03
-----On 1/20 Initial Guess Perturbations
Iteration 1127/3500-----
J=1.2e-02, ⟨Jf⟩=1.3e-03, ⟨B·n⟩=8.0e-03, Len=sum([4.8, 4.6, 4.2])=13.6, ϰ=[4.9, 5.3, 4.5], ∫ϰ²/L>=[4.7, 6.2, 6.2], C-C-Sep=0.20, ║∇J║=3.3e-03
-----On 1/20 Initial Guess Perturbations
Iteration 1128/3500-----
J=1.2e-02, ⟨Jf⟩=1.3e-03, ⟨B·n⟩=8.0e-03, Len=sum([4.8, 4.6, 4.2])=13.6, ϰ=[4.9, 5.2, 4.5], ∫ϰ²/L>=[4.7, 6.2, 6.2], C-C-Sep=0.20, ║∇J║=3.1e-03
-----On 1/20 Initial Guess Perturbations
Iteration 1129/3500-----
J=1.2e-02, ⟨Jf⟩=1.3e-03, ⟨B·n⟩=8.0e-03, Len=sum([4.8, 4.6, 4.2])=13.6, ϰ=[4.9, 5.3, 4.6], ∫ϰ²/L>=[4.7, 6.2, 6.3], C-C-Sep=0.20, ║∇J║=3.2e-03
-----On 1/20 Initial Guess Perturbations
Iteration 1130/3500-----
J=1.2e-02, ⟨Jf⟩=1.3e-03, ⟨B·n⟩=8.0e-03, Len=sum([4.8, 4.6, 4.2])=13.6, ϰ=[4.9, 5.3, 4.5], ∫ϰ²/L>=[4.7, 6.2, 6.3], C-C-Sep=0.20, ║∇J║=2.9e-03
-----On 1/20 Initial Guess Perturbations
Iteration 1131/3500-----
J=1.2e-02, ⟨Jf⟩=1.3e-03, ⟨B·n⟩=8.0e-03, Len=sum([4.8, 4.6, 4.2])=13.6, ϰ=[4.9, 5.2, 4.6], ∫ϰ²/L>=[4.7, 6.2, 6.3], C-C-Sep=0.20, ║∇J║=2.8e-03
-----On 1/20 Initial Guess Perturbations
Iteration 1132/3500-----
J=1.2e-02, ⟨Jf⟩=1.3e-03, ⟨B·n⟩=8.0e-03, Len=sum([4.8, 4.6, 4.2])=13.6, ϰ=[5.0, 5.3, 4.6], ∫ϰ²/L>=[4.7, 6.2, 6.3], C-C-Sep=0.20, ║∇J║=3.4e-03
-----On 1/20 Initial Guess Perturbations
Iteration 1133/3500-----
J=1.2e-02, ⟨Jf⟩=1.3e-03, ⟨B·n⟩=8.0e-03, Len=sum([4.8, 4.6, 4.2])=13.6, ϰ=[5.0, 5.3, 4.6], ∫ϰ²/L>=[4.7, 6.2, 6.3], C-C-Sep=0.20, ║∇J║=3.0e-03
-----On 1/20 Initial Guess Perturbations
Iteration 1134/3500-----
J=1.2e-02, ⟨Jf⟩=1.3e-03, ⟨B·n⟩=8.0e-03, Len=sum([4.8, 4.6, 4.2])=13.6, ϰ=[5.0, 5.3, 4.7], ∫ϰ²/L>=[4.8, 6.2, 6.3], C-C-Sep=0.20, ║∇J║=2.8e-03
-----On 1/20 Initial Guess Perturbations
Iteration 1135/3500-----
J=1.2e-02, ⟨Jf⟩=1.3e-03, ⟨B·n⟩=8.0e-03, Len=sum([4.8, 4.6, 4.2])=13.6, ϰ=[5.0, 5.3, 4.7], ∫ϰ²/L>=[4.8, 6.2, 6.3], C-C-Sep=0.20, ║∇J║=2.8e-03
-----On 1/20 Initial Guess Perturbations
Iteration 1136/3500-----
J=1.2e-02, ⟨Jf⟩=1.3e-03, ⟨B·n⟩=8.0e-03, Len=sum([4.8, 4.6, 4.2])=13.6, ϰ=[5.0, 5.3, 4.7], ∫ϰ²/L>=[4.8, 6.2, 6.3], C-C-Sep=0.20, ║∇J║=2.8e-03
-----On 1/20 Initial Guess Perturbations
Iteration 1137/3500-----
J=1.2e-02, ⟨Jf⟩=1.3e-03, ⟨B·n⟩=8.0e-03, Len=sum([4.8, 4.6, 4.2])=13.6, ϰ=[5.0, 5.4, 4.7], ∫ϰ²/L>=[4.8, 6.2, 6.3], C-C-Sep=0.20, ║∇J║=3.1e-03
-----On 1/20 Initial Guess Perturbations
Iteration 1138/3500-----
J=1.2e-02, ⟨Jf⟩=1.3e-03, ⟨B·n⟩=8.0e-03, Len=sum([4.8, 4.6, 4.2])=13.6, ϰ=[5.0, 5.4, 4.7], ∫ϰ²/L>=[4.8, 6.2, 6.3], C-C-Sep=0.20, ║∇J║=3.2e-03
-----On 1/20 Initial Guess Perturbations
Iteration 1139/3500-----
J=1.2e-02, ⟨Jf⟩=1.3e-03, ⟨B·n⟩=8.0e-03, Len=sum([4.8, 4.6, 4.2])=13.6, ϰ=[5.0, 5.4, 4.7], ∫ϰ²/L>=[4.8, 6.2, 6.3], C-C-Sep=0.20, ║∇J║=3.1e-03
-----On 1/20 Initial Guess Perturbations
Iteration 1140/3500-----
J=1.2e-02, ⟨Jf⟩=1.3e-03, ⟨B·n⟩=8.0e-03, Len=sum([4.8, 4.6, 4.2])=13.6, ϰ=[5.0, 5.4, 4.7], ∫ϰ²/L>=[4.8, 6.2, 6.3], C-C-Sep=0.20, ║∇J║=3.2e-03
-----On 1/20 Initial Guess Perturbations
Iteration 1141/3500-----
J=1.2e-02, ⟨Jf⟩=1.3e-03, ⟨B·n⟩=8.0e-03, Len=sum([4.8, 4.6, 4.2])=13.6, ϰ=[5.0, 5.4, 4.7], ∫ϰ²/L>=[4.8, 6.2, 6.3], C-C-Sep=0.20, ║∇J║=2.8e-03
-----On 1/20 Initial Guess Perturbations
Iteration 1142/3500-----
J=1.2e-02, ⟨Jf⟩=1.3e-03, ⟨B·n⟩=8.0e-03, Len=sum([4.8, 4.6, 4.2])=13.6, ϰ=[5.0, 5.4, 4.7], ∫ϰ²/L>=[4.8, 6.2, 6.3], C-C-Sep=0.20, ║∇J║=2.8e-03
-----On 1/20 Initial Guess Perturbations
Iteration 1143/3500-----
J=1.2e-02, ⟨Jf⟩=1.3e-03, ⟨B·n⟩=8.0e-03, Len=sum([4.8, 4.6, 4.2])=13.6, ϰ=[5.0, 5.4, 4.6], ∫ϰ²/L>=[4.8, 6.2, 6.3], C-C-Sep=0.20, ║∇J║=3.7e-03
-----On 1/20 Initial Guess Perturbations
Iteration 1144/3500-----
J=1.2e-02, ⟨Jf⟩=1.3e-03, ⟨B·n⟩=8.0e-03, Len=sum([4.8, 4.6, 4.2])=13.6, ϰ=[4.9, 5.4, 4.6], ∫ϰ²/L>=[4.8, 6.2, 6.3], C-C-Sep=0.20, ║∇J║=3.4e-03
-----On 1/20 Initial Guess Perturbations
Iteration 1145/3500-----
J=1.2e-02, ⟨Jf⟩=1.3e-03, ⟨B·n⟩=8.0e-03, Len=sum([4.8, 4.6, 4.2])=13.6, ϰ=[5.0, 5.4, 4.6], ∫ϰ²/L>=[4.8, 6.2, 6.3], C-C-Sep=0.20, ║∇J║=3.4e-03
-----On 1/20 Initial Guess Perturbations
Iteration 1146/3500-----
J=1.2e-02, ⟨Jf⟩=1.3e-03, ⟨B·n⟩=8.0e-03, Len=sum([4.8, 4.6, 4.2])=13.6, ϰ=[4.9, 5.4, 4.6], ∫ϰ²/L>=[4.8, 6.2, 6.3], C-C-Sep=0.20, ║∇J║=3.2e-03
-----On 1/20 Initial Guess Perturbations
Iteration 1147/3500-----
J=1.2e-02, ⟨Jf⟩=1.3e-03, ⟨B·n⟩=8.0e-03, Len=sum([4.8, 4.6, 4.2])=13.6, ϰ=[4.9, 5.4, 4.6], ∫ϰ²/L>=[4.8, 6.2, 6.3], C-C-Sep=0.20, ║∇J║=3.6e-03
-----On 1/20 Initial Guess Perturbations
Iteration 1148/3500-----
J=1.2e-02, ⟨Jf⟩=1.3e-03, ⟨B·n⟩=8.0e-03, Len=sum([4.8, 4.6, 4.2])=13.6, ϰ=[4.9, 5.4, 4.6], ∫ϰ²/L>=[4.8, 6.2, 6.3], C-C-Sep=0.20, ║∇J║=3.2e-03
-----On 1/20 Initial Guess Perturbations
Iteration 1149/3500-----
J=1.2e-02, ⟨Jf⟩=1.3e-03, ⟨B·n⟩=8.0e-03, Len=sum([4.8, 4.6, 4.2])=13.6, ϰ=[4.9, 5.4, 4.6], ∫ϰ²/L>=[4.8, 6.2, 6.3], C-C-Sep=0.20, ║∇J║=3.7e-03
-----On 1/20 Initial Guess Perturbations
Iteration 1150/3500-----
J=1.2e-02, ⟨Jf⟩=1.3e-03, ⟨B·n⟩=8.0e-03, Len=sum([4.8, 4.6, 4.2])=13.6, ϰ=[4.9, 5.4, 4.5], ∫ϰ²/L>=[4.8, 6.2, 6.3], C-C-Sep=0.20, ║∇J║=4.1e-03
-----On 1/20 Initial Guess Perturbations
Iteration 1151/3500-----
J=1.2e-02, ⟨Jf⟩=1.3e-03, ⟨B·n⟩=8.0e-03, Len=sum([4.8, 4.6, 4.2])=13.6, ϰ=[4.9, 5.4, 4.6], ∫ϰ²/L>=[4.8, 6.2, 6.3], C-C-Sep=0.20, ║∇J║=3.1e-03
-----On 1/20 Initial Guess Perturbations
Iteration 1152/3500-----
J=1.2e-02, ⟨Jf⟩=1.3e-03, ⟨B·n⟩=8.0e-03, Len=sum([4.8, 4.6, 4.2])=13.6, ϰ=[4.9, 5.4, 4.6], ∫ϰ²/L>=[4.8, 6.2, 6.3], C-C-Sep=0.20, ║∇J║=2.3e-03
-----On 1/20 Initial Guess Perturbations
Iteration 1153/3500-----
J=1.2e-02, ⟨Jf⟩=1.3e-03, ⟨B·n⟩=8.0e-03, Len=sum([4.8, 4.6, 4.2])=13.6, ϰ=[4.9, 5.4, 4.5], ∫ϰ²/L>=[4.8, 6.2, 6.3], C-C-Sep=0.20, ║∇J║=2.3e-03
-----On 1/20 Initial Guess Perturbations
Iteration 1154/3500-----
J=1.2e-02, ⟨Jf⟩=1.3e-03, ⟨B·n⟩=8.0e-03, Len=sum([4.8, 4.6, 4.2])=13.6, ϰ=[4.9, 5.4, 4.5], ∫ϰ²/L>=[4.8, 6.2, 6.3], C-C-Sep=0.20, ║∇J║=2.7e-03
-----On 1/20 Initial Guess Perturbations
Iteration 1155/3500-----
J=1.2e-02, ⟨Jf⟩=1.3e-03, ⟨B·n⟩=8.0e-03, Len=sum([4.8, 4.6, 4.2])=13.6, ϰ=[5.0, 5.4, 4.5], ∫ϰ²/L>=[4.8, 6.2, 6.3], C-C-Sep=0.20, ║∇J║=2.6e-03
-----On 1/20 Initial Guess Perturbations
Iteration 1156/3500-----
J=1.2e-02, ⟨Jf⟩=1.3e-03, ⟨B·n⟩=8.0e-03, Len=sum([4.8, 4.6, 4.2])=13.6, ϰ=[5.0, 5.4, 4.6], ∫ϰ²/L>=[4.8, 6.2, 6.3], C-C-Sep=0.20, ║∇J║=3.1e-03
-----On 1/20 Initial Guess Perturbations
Iteration 1157/3500-----
J=1.2e-02, ⟨Jf⟩=1.3e-03, ⟨B·n⟩=8.0e-03, Len=sum([4.8, 4.6, 4.2])=13.6, ϰ=[5.0, 5.3, 4.6], ∫ϰ²/L>=[4.8, 6.2, 6.3], C-C-Sep=0.20, ║∇J║=3.0e-03
-----On 1/20 Initial Guess Perturbations
Iteration 1158/3500-----
J=1.2e-02, ⟨Jf⟩=1.3e-03, ⟨B·n⟩=8.0e-03, Len=sum([4.8, 4.6, 4.2])=13.6, ϰ=[5.0, 5.3, 4.6], ∫ϰ²/L>=[4.8, 6.2, 6.3], C-C-Sep=0.20, ║∇J║=3.1e-03
-----On 1/20 Initial Guess Perturbations
Iteration 1159/3500-----
J=1.2e-02, ⟨Jf⟩=1.3e-03, ⟨B·n⟩=8.0e-03, Len=sum([4.8, 4.6, 4.2])=13.6, ϰ=[5.0, 5.3, 4.6], ∫ϰ²/L>=[4.8, 6.2, 6.3], C-C-Sep=0.20, ║∇J║=3.1e-03
-----On 1/20 Initial Guess Perturbations
Iteration 1160/3500-----
J=1.2e-02, ⟨Jf⟩=1.3e-03, ⟨B·n⟩=8.0e-03, Len=sum([4.8, 4.6, 4.2])=13.6, ϰ=[5.0, 5.3, 4.7], ∫ϰ²/L>=[4.8, 6.2, 6.3], C-C-Sep=0.20, ║∇J║=2.6e-03
-----On 1/20 Initial Guess Perturbations
Iteration 1161/3500-----
J=1.2e-02, ⟨Jf⟩=1.3e-03, ⟨B·n⟩=8.0e-03, Len=sum([4.8, 4.6, 4.2])=13.6, ϰ=[5.0, 5.3, 4.7], ∫ϰ²/L>=[4.8, 6.2, 6.3], C-C-Sep=0.20, ║∇J║=2.8e-03
-----On 1/20 Initial Guess Perturbations
Iteration 1162/3500-----
J=1.2e-02, ⟨Jf⟩=1.3e-03, ⟨B·n⟩=8.0e-03, Len=sum([4.8, 4.6, 4.2])=13.6, ϰ=[5.0, 5.3, 4.6], ∫ϰ²/L>=[4.8, 6.2, 6.3], C-C-Sep=0.20, ║∇J║=2.3e-03
-----On 1/20 Initial Guess Perturbations
Iteration 1163/3500-----
J=1.2e-02, ⟨Jf⟩=1.3e-03, ⟨B·n⟩=8.0e-03, Len=sum([4.8, 4.6, 4.2])=13.6, ϰ=[5.0, 5.3, 4.6], ∫ϰ²/L>=[4.8, 6.2, 6.3], C-C-Sep=0.20, ║∇J║=3.0e-03
-----On 1/20 Initial Guess Perturbations
Iteration 1164/3500-----
J=1.2e-02, ⟨Jf⟩=1.3e-03, ⟨B·n⟩=8.0e-03, Len=sum([4.8, 4.6, 4.2])=13.6, ϰ=[5.0, 5.2, 4.6], ∫ϰ²/L>=[4.8, 6.2, 6.3], C-C-Sep=0.20, ║∇J║=3.1e-03
-----On 1/20 Initial Guess Perturbations
Iteration 1165/3500-----
J=1.2e-02, ⟨Jf⟩=1.3e-03, ⟨B·n⟩=8.0e-03, Len=sum([4.8, 4.6, 4.2])=13.6, ϰ=[5.0, 5.2, 4.7], ∫ϰ²/L>=[4.8, 6.2, 6.3], C-C-Sep=0.20, ║∇J║=3.2e-03
-----On 1/20 Initial Guess Perturbations
Iteration 1166/3500-----
J=1.2e-02, ⟨Jf⟩=1.3e-03, ⟨B·n⟩=8.0e-03, Len=sum([4.8, 4.6, 4.2])=13.6, ϰ=[5.0, 5.2, 4.7], ∫ϰ²/L>=[4.8, 6.2, 6.3], C-C-Sep=0.20, ║∇J║=3.2e-03
-----On 1/20 Initial Guess Perturbations
Iteration 1167/3500-----
J=1.2e-02, ⟨Jf⟩=1.3e-03, ⟨B·n⟩=8.0e-03, Len=sum([4.8, 4.6, 4.2])=13.6, ϰ=[5.1, 5.2, 4.7], ∫ϰ²/L>=[4.8, 6.2, 6.3], C-C-Sep=0.20, ║∇J║=3.6e-03
-----On 1/20 Initial Guess Perturbations
Iteration 1168/3500-----
J=1.2e-02, ⟨Jf⟩=1.3e-03, ⟨B·n⟩=8.0e-03, Len=sum([4.8, 4.6, 4.2])=13.6, ϰ=[5.1, 5.2, 4.6], ∫ϰ²/L>=[4.8, 6.2, 6.3], C-C-Sep=0.20, ║∇J║=3.0e-03
-----On 1/20 Initial Guess Perturbations
Iteration 1169/3500-----
J=1.2e-02, ⟨Jf⟩=1.3e-03, ⟨B·n⟩=8.0e-03, Len=sum([4.8, 4.6, 4.2])=13.6, ϰ=[5.1, 5.2, 4.6], ∫ϰ²/L>=[4.8, 6.2, 6.3], C-C-Sep=0.20, ║∇J║=3.0e-03
-----On 1/20 Initial Guess Perturbations
Iteration 1170/3500-----
J=1.2e-02, ⟨Jf⟩=1.3e-03, ⟨B·n⟩=8.0e-03, Len=sum([4.8, 4.6, 4.2])=13.6, ϰ=[5.0, 5.2, 4.6], ∫ϰ²/L>=[4.8, 6.2, 6.3], C-C-Sep=0.20, ║∇J║=2.9e-03
-----On 1/20 Initial Guess Perturbations
Iteration 1171/3500-----
J=1.2e-02, ⟨Jf⟩=1.3e-03, ⟨B·n⟩=8.0e-03, Len=sum([4.8, 4.6, 4.2])=13.6, ϰ=[5.0, 5.1, 4.6], ∫ϰ²/L>=[4.8, 6.2, 6.3], C-C-Sep=0.20, ║∇J║=3.3e-03
-----On 1/20 Initial Guess Perturbations
Iteration 1172/3500-----
J=1.2e-02, ⟨Jf⟩=1.3e-03, ⟨B·n⟩=8.0e-03, Len=sum([4.8, 4.6, 4.2])=13.6, ϰ=[5.0, 5.2, 4.6], ∫ϰ²/L>=[4.8, 6.2, 6.3], C-C-Sep=0.20, ║∇J║=3.1e-03
-----On 1/20 Initial Guess Perturbations
Iteration 1173/3500-----
J=1.2e-02, ⟨Jf⟩=1.3e-03, ⟨B·n⟩=8.0e-03, Len=sum([4.8, 4.6, 4.2])=13.6, ϰ=[5.0, 5.2, 4.6], ∫ϰ²/L>=[4.8, 6.2, 6.3], C-C-Sep=0.20, ║∇J║=2.7e-03
-----On 1/20 Initial Guess Perturbations
Iteration 1174/3500-----
J=1.2e-02, ⟨Jf⟩=1.3e-03, ⟨B·n⟩=8.0e-03, Len=sum([4.8, 4.6, 4.2])=13.6, ϰ=[5.0, 5.2, 4.6], ∫ϰ²/L>=[4.8, 6.2, 6.3], C-C-Sep=0.20, ║∇J║=2.7e-03
-----On 1/20 Initial Guess Perturbations
Iteration 1175/3500-----
J=1.2e-02, ⟨Jf⟩=1.3e-03, ⟨B·n⟩=8.0e-03, Len=sum([4.8, 4.6, 4.2])=13.6, ϰ=[5.0, 5.2, 4.7], ∫ϰ²/L>=[4.8, 6.2, 6.3], C-C-Sep=0.20, ║∇J║=3.4e-03
-----On 1/20 Initial Guess Perturbations
Iteration 1176/3500-----
J=1.2e-02, ⟨Jf⟩=1.3e-03, ⟨B·n⟩=8.0e-03, Len=sum([4.8, 4.6, 4.2])=13.6, ϰ=[5.0, 5.2, 4.7], ∫ϰ²/L>=[4.8, 6.2, 6.4], C-C-Sep=0.20, ║∇J║=3.1e-03
-----On 1/20 Initial Guess Perturbations
Iteration 1177/3500-----
J=1.2e-02, ⟨Jf⟩=1.3e-03, ⟨B·n⟩=8.0e-03, Len=sum([4.8, 4.6, 4.2])=13.6, ϰ=[5.0, 5.2, 4.6], ∫ϰ²/L>=[4.8, 6.2, 6.3], C-C-Sep=0.20, ║∇J║=3.9e-03
-----On 1/20 Initial Guess Perturbations
Iteration 1178/3500-----
J=1.2e-02, ⟨Jf⟩=1.3e-03, ⟨B·n⟩=8.0e-03, Len=sum([4.8, 4.6, 4.2])=13.6, ϰ=[5.0, 5.2, 4.6], ∫ϰ²/L>=[4.8, 6.2, 6.3], C-C-Sep=0.20, ║∇J║=3.3e-03
-----On 1/20 Initial Guess Perturbations
Iteration 1179/3500-----
J=1.2e-02, ⟨Jf⟩=1.3e-03, ⟨B·n⟩=8.0e-03, Len=sum([4.8, 4.6, 4.2])=13.6, ϰ=[5.0, 5.2, 4.6], ∫ϰ²/L>=[4.8, 6.2, 6.3], C-C-Sep=0.20, ║∇J║=2.4e-03
-----On 1/20 Initial Guess Perturbations
Iteration 1180/3500-----
J=1.2e-02, ⟨Jf⟩=1.3e-03, ⟨B·n⟩=8.0e-03, Len=sum([4.8, 4.6, 4.2])=13.6, ϰ=[5.0, 5.2, 4.7], ∫ϰ²/L>=[4.8, 6.2, 6.3], C-C-Sep=0.20, ║∇J║=2.8e-03
-----On 1/20 Initial Guess Perturbations
Iteration 1181/3500-----
J=1.2e-02, ⟨Jf⟩=1.3e-03, ⟨B·n⟩=8.0e-03, Len=sum([4.8, 4.6, 4.2])=13.6, ϰ=[4.9, 5.2, 4.7], ∫ϰ²/L>=[4.8, 6.2, 6.3], C-C-Sep=0.20, ║∇J║=3.2e-03
-----On 1/20 Initial Guess Perturbations
Iteration 1182/3500-----
J=1.2e-02, ⟨Jf⟩=1.3e-03, ⟨B·n⟩=8.0e-03, Len=sum([4.8, 4.6, 4.2])=13.6, ϰ=[4.9, 5.2, 4.7], ∫ϰ²/L>=[4.8, 6.2, 6.3], C-C-Sep=0.20, ║∇J║=2.6e-03
-----On 1/20 Initial Guess Perturbations
Iteration 1183/3500-----
J=1.2e-02, ⟨Jf⟩=1.3e-03, ⟨B·n⟩=8.0e-03, Len=sum([4.8, 4.6, 4.2])=13.6, ϰ=[4.9, 5.2, 4.7], ∫ϰ²/L>=[4.8, 6.2, 6.3], C-C-Sep=0.20, ║∇J║=2.7e-03
-----On 1/20 Initial Guess Perturbations
Iteration 1184/3500-----
J=1.2e-02, ⟨Jf⟩=1.3e-03, ⟨B·n⟩=8.0e-03, Len=sum([4.8, 4.6, 4.2])=13.6, ϰ=[4.8, 5.2, 4.7], ∫ϰ²/L>=[4.8, 6.2, 6.4], C-C-Sep=0.20, ║∇J║=3.8e-03
-----On 1/20 Initial Guess Perturbations
Iteration 1185/3500-----
J=1.2e-02, ⟨Jf⟩=1.3e-03, ⟨B·n⟩=8.0e-03, Len=sum([4.8, 4.6, 4.2])=13.6, ϰ=[4.8, 5.2, 4.7], ∫ϰ²/L>=[4.8, 6.2, 6.4], C-C-Sep=0.20, ║∇J║=3.5e-03
-----On 1/20 Initial Guess Perturbations
Iteration 1186/3500-----
J=1.2e-02, ⟨Jf⟩=1.3e-03, ⟨B·n⟩=8.0e-03, Len=sum([4.8, 4.6, 4.2])=13.6, ϰ=[4.8, 5.2, 4.7], ∫ϰ²/L>=[4.8, 6.2, 6.4], C-C-Sep=0.20, ║∇J║=2.6e-03
-----On 1/20 Initial Guess Perturbations
Iteration 1187/3500-----
J=1.2e-02, ⟨Jf⟩=1.3e-03, ⟨B·n⟩=8.0e-03, Len=sum([4.8, 4.6, 4.2])=13.6, ϰ=[4.8, 5.2, 4.7], ∫ϰ²/L>=[4.8, 6.2, 6.3], C-C-Sep=0.20, ║∇J║=2.3e-03
-----On 1/20 Initial Guess Perturbations
Iteration 1188/3500-----
J=1.2e-02, ⟨Jf⟩=1.3e-03, ⟨B·n⟩=8.0e-03, Len=sum([4.8, 4.6, 4.2])=13.6, ϰ=[4.7, 5.2, 4.7], ∫ϰ²/L>=[4.8, 6.2, 6.4], C-C-Sep=0.20, ║∇J║=2.5e-03
-----On 1/20 Initial Guess Perturbations
Iteration 1189/3500-----
J=1.2e-02, ⟨Jf⟩=1.3e-03, ⟨B·n⟩=8.0e-03, Len=sum([4.8, 4.6, 4.2])=13.6, ϰ=[4.7, 5.2, 4.7], ∫ϰ²/L>=[4.8, 6.2, 6.4], C-C-Sep=0.20, ║∇J║=3.4e-03
-----On 1/20 Initial Guess Perturbations
Iteration 1190/3500-----
J=1.2e-02, ⟨Jf⟩=1.3e-03, ⟨B·n⟩=8.0e-03, Len=sum([4.8, 4.6, 4.2])=13.6, ϰ=[4.7, 5.2, 4.7], ∫ϰ²/L>=[4.8, 6.2, 6.4], C-C-Sep=0.20, ║∇J║=3.2e-03
-----On 1/20 Initial Guess Perturbations
Iteration 1191/3500-----
J=1.2e-02, ⟨Jf⟩=1.3e-03, ⟨B·n⟩=8.0e-03, Len=sum([4.8, 4.6, 4.2])=13.6, ϰ=[4.7, 5.2, 4.8], ∫ϰ²/L>=[4.8, 6.1, 6.3], C-C-Sep=0.20, ║∇J║=3.5e-03
-----On 1/20 Initial Guess Perturbations
Iteration 1192/3500-----
J=1.2e-02, ⟨Jf⟩=1.3e-03, ⟨B·n⟩=8.0e-03, Len=sum([4.8, 4.6, 4.2])=13.6, ϰ=[4.7, 5.2, 4.8], ∫ϰ²/L>=[4.8, 6.2, 6.4], C-C-Sep=0.20, ║∇J║=4.0e-03
-----On 1/20 Initial Guess Perturbations
Iteration 1193/3500-----
J=1.2e-02, ⟨Jf⟩=1.3e-03, ⟨B·n⟩=8.0e-03, Len=sum([4.8, 4.6, 4.2])=13.6, ϰ=[4.8, 5.2, 4.8], ∫ϰ²/L>=[4.8, 6.1, 6.4], C-C-Sep=0.20, ║∇J║=4.1e-03
-----On 1/20 Initial Guess Perturbations
Iteration 1194/3500-----
J=1.2e-02, ⟨Jf⟩=1.3e-03, ⟨B·n⟩=8.0e-03, Len=sum([4.8, 4.6, 4.2])=13.6, ϰ=[4.7, 5.2, 4.8], ∫ϰ²/L>=[4.8, 6.1, 6.4], C-C-Sep=0.20, ║∇J║=3.2e-03
-----On 1/20 Initial Guess Perturbations
Iteration 1195/3500-----
J=1.2e-02, ⟨Jf⟩=1.3e-03, ⟨B·n⟩=8.0e-03, Len=sum([4.8, 4.6, 4.2])=13.6, ϰ=[4.7, 5.2, 4.8], ∫ϰ²/L>=[4.8, 6.1, 6.4], C-C-Sep=0.20, ║∇J║=2.3e-03
-----On 1/20 Initial Guess Perturbations
Iteration 1196/3500-----
J=1.2e-02, ⟨Jf⟩=1.3e-03, ⟨B·n⟩=8.0e-03, Len=sum([4.8, 4.6, 4.2])=13.6, ϰ=[4.8, 5.2, 4.8], ∫ϰ²/L>=[4.8, 6.1, 6.4], C-C-Sep=0.20, ║∇J║=2.8e-03
-----On 1/20 Initial Guess Perturbations
Iteration 1197/3500-----
J=1.2e-02, ⟨Jf⟩=1.3e-03, ⟨B·n⟩=8.0e-03, Len=sum([4.8, 4.6, 4.2])=13.6, ϰ=[4.8, 5.2, 4.8], ∫ϰ²/L>=[4.8, 6.2, 6.4], C-C-Sep=0.20, ║∇J║=3.4e-03
-----On 1/20 Initial Guess Perturbations
Iteration 1198/3500-----
J=1.2e-02, ⟨Jf⟩=1.3e-03, ⟨B·n⟩=8.0e-03, Len=sum([4.8, 4.6, 4.2])=13.6, ϰ=[4.8, 5.2, 4.8], ∫ϰ²/L>=[4.8, 6.2, 6.4], C-C-Sep=0.20, ║∇J║=3.7e-03
-----On 1/20 Initial Guess Perturbations
Iteration 1199/3500-----
J=1.2e-02, ⟨Jf⟩=1.3e-03, ⟨B·n⟩=8.0e-03, Len=sum([4.8, 4.6, 4.2])=13.6, ϰ=[4.7, 5.2, 4.8], ∫ϰ²/L>=[4.8, 6.2, 6.3], C-C-Sep=0.20, ║∇J║=2.9e-03
-----On 1/20 Initial Guess Perturbations
Iteration 1200/3500-----
J=1.2e-02, ⟨Jf⟩=1.3e-03, ⟨B·n⟩=8.0e-03, Len=sum([4.8, 4.6, 4.2])=13.6, ϰ=[4.7, 5.2, 4.8], ∫ϰ²/L>=[4.8, 6.2, 6.3], C-C-Sep=0.20, ║∇J║=3.0e-03
-----On 1/20 Initial Guess Perturbations
Iteration 1201/3500-----
J=1.2e-02, ⟨Jf⟩=1.3e-03, ⟨B·n⟩=8.0e-03, Len=sum([4.8, 4.6, 4.2])=13.6, ϰ=[4.7, 5.2, 4.8], ∫ϰ²/L>=[4.8, 6.2, 6.3], C-C-Sep=0.20, ║∇J║=2.7e-03
-----On 1/20 Initial Guess Perturbations
Iteration 1202/3500-----
J=1.2e-02, ⟨Jf⟩=1.3e-03, ⟨B·n⟩=8.0e-03, Len=sum([4.8, 4.6, 4.2])=13.6, ϰ=[4.7, 5.2, 4.8], ∫ϰ²/L>=[4.8, 6.2, 6.3], C-C-Sep=0.20, ║∇J║=3.3e-03
-----On 1/20 Initial Guess Perturbations
Iteration 1203/3500-----
J=1.2e-02, ⟨Jf⟩=1.3e-03, ⟨B·n⟩=8.0e-03, Len=sum([4.8, 4.6, 4.2])=13.6, ϰ=[4.7, 5.2, 4.8], ∫ϰ²/L>=[4.8, 6.2, 6.3], C-C-Sep=0.20, ║∇J║=3.2e-03
-----On 1/20 Initial Guess Perturbations
Iteration 1204/3500-----
J=1.2e-02, ⟨Jf⟩=1.3e-03, ⟨B·n⟩=8.0e-03, Len=sum([4.8, 4.6, 4.2])=13.6, ϰ=[4.7, 5.2, 4.8], ∫ϰ²/L>=[4.8, 6.2, 6.3], C-C-Sep=0.20, ║∇J║=3.1e-03
-----On 1/20 Initial Guess Perturbations
Iteration 1205/3500-----
J=1.2e-02, ⟨Jf⟩=1.3e-03, ⟨B·n⟩=8.0e-03, Len=sum([4.8, 4.6, 4.2])=13.6, ϰ=[4.7, 5.3, 4.8], ∫ϰ²/L>=[4.8, 6.2, 6.3], C-C-Sep=0.20, ║∇J║=3.7e-03
-----On 1/20 Initial Guess Perturbations
Iteration 1206/3500-----
J=1.2e-02, ⟨Jf⟩=1.3e-03, ⟨B·n⟩=8.0e-03, Len=sum([4.8, 4.6, 4.2])=13.6, ϰ=[4.7, 5.2, 4.7], ∫ϰ²/L>=[4.8, 6.1, 6.3], C-C-Sep=0.20, ║∇J║=4.3e-03
-----On 1/20 Initial Guess Perturbations
Iteration 1207/3500-----
J=1.2e-02, ⟨Jf⟩=1.3e-03, ⟨B·n⟩=8.0e-03, Len=sum([4.8, 4.6, 4.2])=13.6, ϰ=[4.7, 5.3, 4.8], ∫ϰ²/L>=[4.8, 6.2, 6.3], C-C-Sep=0.20, ║∇J║=4.1e-03
-----On 1/20 Initial Guess Perturbations
Iteration 1208/3500-----
J=1.2e-02, ⟨Jf⟩=1.3e-03, ⟨B·n⟩=8.0e-03, Len=sum([4.8, 4.6, 4.2])=13.6, ϰ=[4.7, 5.3, 4.7], ∫ϰ²/L>=[4.8, 6.2, 6.3], C-C-Sep=0.20, ║∇J║=2.9e-03
-----On 1/20 Initial Guess Perturbations
Iteration 1209/3500-----
J=1.2e-02, ⟨Jf⟩=1.3e-03, ⟨B·n⟩=8.0e-03, Len=sum([4.8, 4.6, 4.2])=13.6, ϰ=[4.7, 5.3, 4.7], ∫ϰ²/L>=[4.8, 6.2, 6.3], C-C-Sep=0.20, ║∇J║=2.4e-03
-----On 1/20 Initial Guess Perturbations
Iteration 1210/3500-----
J=1.2e-02, ⟨Jf⟩=1.3e-03, ⟨B·n⟩=8.0e-03, Len=sum([4.8, 4.6, 4.2])=13.6, ϰ=[4.8, 5.3, 4.7], ∫ϰ²/L>=[4.8, 6.2, 6.3], C-C-Sep=0.20, ║∇J║=2.9e-03
-----On 1/20 Initial Guess Perturbations
Iteration 1211/3500-----
J=1.2e-02, ⟨Jf⟩=1.3e-03, ⟨B·n⟩=8.0e-03, Len=sum([4.8, 4.6, 4.2])=13.6, ϰ=[4.8, 5.3, 4.6], ∫ϰ²/L>=[4.8, 6.2, 6.3], C-C-Sep=0.20, ║∇J║=3.3e-03
-----On 1/20 Initial Guess Perturbations
Iteration 1212/3500-----
J=1.2e-02, ⟨Jf⟩=1.3e-03, ⟨B·n⟩=8.0e-03, Len=sum([4.8, 4.6, 4.2])=13.6, ϰ=[4.8, 5.3, 4.6], ∫ϰ²/L>=[4.8, 6.2, 6.3], C-C-Sep=0.20, ║∇J║=3.3e-03
-----On 1/20 Initial Guess Perturbations
Iteration 1213/3500-----
J=1.2e-02, ⟨Jf⟩=1.3e-03, ⟨B·n⟩=8.0e-03, Len=sum([4.8, 4.6, 4.2])=13.6, ϰ=[4.8, 5.3, 4.6], ∫ϰ²/L>=[4.8, 6.1, 6.3], C-C-Sep=0.20, ║∇J║=3.2e-03
-----On 1/20 Initial Guess Perturbations
Iteration 1214/3500-----
J=1.2e-02, ⟨Jf⟩=1.3e-03, ⟨B·n⟩=8.0e-03, Len=sum([4.8, 4.6, 4.2])=13.6, ϰ=[4.8, 5.2, 4.6], ∫ϰ²/L>=[4.8, 6.1, 6.3], C-C-Sep=0.20, ║∇J║=2.7e-03
-----On 1/20 Initial Guess Perturbations
Iteration 1215/3500-----
J=1.2e-02, ⟨Jf⟩=1.3e-03, ⟨B·n⟩=8.0e-03, Len=sum([4.8, 4.6, 4.2])=13.6, ϰ=[4.8, 5.2, 4.6], ∫ϰ²/L>=[4.8, 6.1, 6.3], C-C-Sep=0.20, ║∇J║=2.9e-03
-----On 1/20 Initial Guess Perturbations
Iteration 1216/3500-----
J=1.2e-02, ⟨Jf⟩=1.3e-03, ⟨B·n⟩=8.0e-03, Len=sum([4.8, 4.6, 4.2])=13.6, ϰ=[4.8, 5.2, 4.6], ∫ϰ²/L>=[4.8, 6.1, 6.3], C-C-Sep=0.20, ║∇J║=2.9e-03
-----On 1/20 Initial Guess Perturbations
Iteration 1217/3500-----
J=1.2e-02, ⟨Jf⟩=1.3e-03, ⟨B·n⟩=8.0e-03, Len=sum([4.8, 4.6, 4.2])=13.6, ϰ=[4.8, 5.2, 4.6], ∫ϰ²/L>=[4.8, 6.1, 6.3], C-C-Sep=0.20, ║∇J║=3.1e-03
-----On 1/20 Initial Guess Perturbations
Iteration 1218/3500-----
J=1.2e-02, ⟨Jf⟩=1.3e-03, ⟨B·n⟩=8.0e-03, Len=sum([4.8, 4.6, 4.2])=13.6, ϰ=[4.8, 5.2, 4.6], ∫ϰ²/L>=[4.8, 6.2, 6.3], C-C-Sep=0.20, ║∇J║=4.4e-03
-----On 1/20 Initial Guess Perturbations
Iteration 1219/3500-----
J=1.2e-02, ⟨Jf⟩=1.3e-03, ⟨B·n⟩=8.1e-03, Len=sum([4.8, 4.6, 4.2])=13.6, ϰ=[4.8, 5.2, 4.5], ∫ϰ²/L>=[4.8, 6.1, 6.3], C-C-Sep=0.20, ║∇J║=3.7e-03
-----On 1/20 Initial Guess Perturbations
Iteration 1220/3500-----
J=1.2e-02, ⟨Jf⟩=1.3e-03, ⟨B·n⟩=8.1e-03, Len=sum([4.8, 4.6, 4.2])=13.6, ϰ=[4.8, 5.2, 4.6], ∫ϰ²/L>=[4.8, 6.1, 6.3], C-C-Sep=0.20, ║∇J║=4.0e-03
-----On 1/20 Initial Guess Perturbations
Iteration 1221/3500-----
J=1.2e-02, ⟨Jf⟩=1.3e-03, ⟨B·n⟩=8.1e-03, Len=sum([4.8, 4.6, 4.2])=13.6, ϰ=[4.8, 5.2, 4.6], ∫ϰ²/L>=[4.8, 6.1, 6.3], C-C-Sep=0.20, ║∇J║=2.7e-03
-----On 1/20 Initial Guess Perturbations
Iteration 1222/3500-----
J=1.2e-02, ⟨Jf⟩=1.3e-03, ⟨B·n⟩=8.0e-03, Len=sum([4.8, 4.6, 4.2])=13.6, ϰ=[4.9, 5.2, 4.6], ∫ϰ²/L>=[4.8, 6.1, 6.3], C-C-Sep=0.20, ║∇J║=2.7e-03
-----On 1/20 Initial Guess Perturbations
Iteration 1223/3500-----
J=1.2e-02, ⟨Jf⟩=1.3e-03, ⟨B·n⟩=8.0e-03, Len=sum([4.8, 4.6, 4.2])=13.6, ϰ=[4.9, 5.2, 4.6], ∫ϰ²/L>=[4.8, 6.1, 6.3], C-C-Sep=0.20, ║∇J║=3.2e-03
-----On 1/20 Initial Guess Perturbations
Iteration 1224/3500-----
J=1.2e-02, ⟨Jf⟩=1.3e-03, ⟨B·n⟩=8.1e-03, Len=sum([4.8, 4.6, 4.2])=13.6, ϰ=[4.9, 5.2, 4.5], ∫ϰ²/L>=[4.8, 6.1, 6.3], C-C-Sep=0.20, ║∇J║=3.0e-03
-----On 1/20 Initial Guess Perturbations
Iteration 1225/3500-----
J=1.2e-02, ⟨Jf⟩=1.3e-03, ⟨B·n⟩=8.1e-03, Len=sum([4.8, 4.6, 4.2])=13.6, ϰ=[4.9, 5.2, 4.6], ∫ϰ²/L>=[4.8, 6.1, 6.3], C-C-Sep=0.20, ║∇J║=3.9e-03
-----On 1/20 Initial Guess Perturbations
Iteration 1226/3500-----
J=1.2e-02, ⟨Jf⟩=1.3e-03, ⟨B·n⟩=8.1e-03, Len=sum([4.8, 4.6, 4.2])=13.6, ϰ=[4.9, 5.2, 4.6], ∫ϰ²/L>=[4.8, 6.1, 6.3], C-C-Sep=0.20, ║∇J║=3.4e-03
-----On 1/20 Initial Guess Perturbations
Iteration 1227/3500-----
J=1.2e-02, ⟨Jf⟩=1.3e-03, ⟨B·n⟩=8.0e-03, Len=sum([4.8, 4.6, 4.2])=13.6, ϰ=[4.9, 5.2, 4.6], ∫ϰ²/L>=[4.8, 6.2, 6.3], C-C-Sep=0.20, ║∇J║=3.3e-03
-----On 1/20 Initial Guess Perturbations
Iteration 1228/3500-----
J=1.2e-02, ⟨Jf⟩=1.3e-03, ⟨B·n⟩=8.0e-03, Len=sum([4.8, 4.6, 4.2])=13.6, ϰ=[4.9, 5.2, 4.6], ∫ϰ²/L>=[4.8, 6.2, 6.3], C-C-Sep=0.20, ║∇J║=3.5e-03
-----On 1/20 Initial Guess Perturbations
Iteration 1229/3500-----
J=1.2e-02, ⟨Jf⟩=1.3e-03, ⟨B·n⟩=8.0e-03, Len=sum([4.8, 4.6, 4.2])=13.6, ϰ=[4.9, 5.2, 4.6], ∫ϰ²/L>=[4.8, 6.2, 6.3], C-C-Sep=0.20, ║∇J║=3.0e-03
-----On 1/20 Initial Guess Perturbations
Iteration 1230/3500-----
J=1.2e-02, ⟨Jf⟩=1.3e-03, ⟨B·n⟩=8.0e-03, Len=sum([4.8, 4.6, 4.2])=13.6, ϰ=[4.9, 5.2, 4.6], ∫ϰ²/L>=[4.8, 6.2, 6.3], C-C-Sep=0.20, ║∇J║=3.8e-03
-----On 1/20 Initial Guess Perturbations
Iteration 1231/3500-----
J=1.2e-02, ⟨Jf⟩=1.3e-03, ⟨B·n⟩=8.0e-03, Len=sum([4.8, 4.6, 4.2])=13.6, ϰ=[4.9, 5.2, 4.6], ∫ϰ²/L>=[4.8, 6.2, 6.3], C-C-Sep=0.20, ║∇J║=4.0e-03
-----On 1/20 Initial Guess Perturbations
Iteration 1232/3500-----
J=1.2e-02, ⟨Jf⟩=1.3e-03, ⟨B·n⟩=8.0e-03, Len=sum([4.8, 4.6, 4.2])=13.6, ϰ=[5.0, 5.2, 4.6], ∫ϰ²/L>=[4.8, 6.2, 6.3], C-C-Sep=0.20, ║∇J║=4.3e-03
-----On 1/20 Initial Guess Perturbations
Iteration 1233/3500-----
J=1.2e-02, ⟨Jf⟩=1.3e-03, ⟨B·n⟩=8.0e-03, Len=sum([4.8, 4.6, 4.2])=13.6, ϰ=[4.9, 5.2, 4.6], ∫ϰ²/L>=[4.8, 6.2, 6.3], C-C-Sep=0.20, ║∇J║=4.7e-03
-----On 1/20 Initial Guess Perturbations
Iteration 1234/3500-----
J=1.2e-02, ⟨Jf⟩=1.3e-03, ⟨B·n⟩=8.0e-03, Len=sum([4.8, 4.6, 4.2])=13.6, ϰ=[4.9, 5.2, 4.5], ∫ϰ²/L>=[4.8, 6.2, 6.3], C-C-Sep=0.20, ║∇J║=3.2e-03
-----On 1/20 Initial Guess Perturbations
Iteration 1235/3500-----
J=1.2e-02, ⟨Jf⟩=1.3e-03, ⟨B·n⟩=8.0e-03, Len=sum([4.8, 4.6, 4.2])=13.6, ϰ=[5.0, 5.2, 4.5], ∫ϰ²/L>=[4.8, 6.2, 6.3], C-C-Sep=0.20, ║∇J║=3.5e-03
-----On 1/20 Initial Guess Perturbations
Iteration 1236/3500-----
J=1.2e-02, ⟨Jf⟩=1.3e-03, ⟨B·n⟩=8.0e-03, Len=sum([4.8, 4.6, 4.2])=13.6, ϰ=[5.0, 5.3, 4.5], ∫ϰ²/L>=[4.8, 6.2, 6.3], C-C-Sep=0.20, ║∇J║=3.5e-03
-----On 1/20 Initial Guess Perturbations
Iteration 1237/3500-----
J=1.2e-02, ⟨Jf⟩=1.3e-03, ⟨B·n⟩=8.0e-03, Len=sum([4.8, 4.6, 4.2])=13.6, ϰ=[5.0, 5.3, 4.6], ∫ϰ²/L>=[4.8, 6.2, 6.3], C-C-Sep=0.20, ║∇J║=3.6e-03
-----On 1/20 Initial Guess Perturbations
Iteration 1238/3500-----
J=1.2e-02, ⟨Jf⟩=1.3e-03, ⟨B·n⟩=8.0e-03, Len=sum([4.8, 4.6, 4.2])=13.6, ϰ=[5.0, 5.3, 4.6], ∫ϰ²/L>=[4.8, 6.2, 6.3], C-C-Sep=0.20, ║∇J║=2.9e-03
-----On 1/20 Initial Guess Perturbations
Iteration 1239/3500-----
J=1.2e-02, ⟨Jf⟩=1.3e-03, ⟨B·n⟩=8.0e-03, Len=sum([4.8, 4.6, 4.2])=13.6, ϰ=[5.0, 5.3, 4.6], ∫ϰ²/L>=[4.8, 6.2, 6.3], C-C-Sep=0.20, ║∇J║=3.3e-03
-----On 1/20 Initial Guess Perturbations
Iteration 1240/3500-----
J=1.2e-02, ⟨Jf⟩=1.3e-03, ⟨B·n⟩=8.0e-03, Len=sum([4.8, 4.6, 4.2])=13.6, ϰ=[4.9, 5.4, 4.6], ∫ϰ²/L>=[4.8, 6.2, 6.3], C-C-Sep=0.20, ║∇J║=3.2e-03
-----On 1/20 Initial Guess Perturbations
Iteration 1241/3500-----
J=1.2e-02, ⟨Jf⟩=1.3e-03, ⟨B·n⟩=8.0e-03, Len=sum([4.8, 4.6, 4.2])=13.6, ϰ=[4.9, 5.4, 4.6], ∫ϰ²/L>=[4.8, 6.2, 6.3], C-C-Sep=0.20, ║∇J║=3.4e-03
-----On 1/20 Initial Guess Perturbations
Iteration 1242/3500-----
J=1.2e-02, ⟨Jf⟩=1.3e-03, ⟨B·n⟩=8.0e-03, Len=sum([4.8, 4.6, 4.2])=13.6, ϰ=[4.9, 5.4, 4.6], ∫ϰ²/L>=[4.8, 6.2, 6.3], C-C-Sep=0.20, ║∇J║=2.7e-03
-----On 1/20 Initial Guess Perturbations
Iteration 1243/3500-----
J=1.2e-02, ⟨Jf⟩=1.3e-03, ⟨B·n⟩=8.0e-03, Len=sum([4.8, 4.6, 4.2])=13.6, ϰ=[4.9, 5.4, 4.6], ∫ϰ²/L>=[4.8, 6.2, 6.3], C-C-Sep=0.20, ║∇J║=3.2e-03
-----On 1/20 Initial Guess Perturbations
Iteration 1244/3500-----
J=1.2e-02, ⟨Jf⟩=1.3e-03, ⟨B·n⟩=8.0e-03, Len=sum([4.8, 4.6, 4.2])=13.6, ϰ=[4.9, 5.4, 4.6], ∫ϰ²/L>=[4.8, 6.2, 6.3], C-C-Sep=0.20, ║∇J║=2.9e-03
-----On 1/20 Initial Guess Perturbations
Iteration 1245/3500-----
J=1.2e-02, ⟨Jf⟩=1.3e-03, ⟨B·n⟩=8.0e-03, Len=sum([4.8, 4.6, 4.2])=13.6, ϰ=[4.9, 5.4, 4.6], ∫ϰ²/L>=[4.8, 6.2, 6.3], C-C-Sep=0.20, ║∇J║=3.0e-03
-----On 1/20 Initial Guess Perturbations
Iteration 1246/3500-----
J=1.2e-02, ⟨Jf⟩=1.3e-03, ⟨B·n⟩=8.0e-03, Len=sum([4.8, 4.6, 4.2])=13.6, ϰ=[4.9, 5.4, 4.6], ∫ϰ²/L>=[4.8, 6.2, 6.3], C-C-Sep=0.20, ║∇J║=3.0e-03
-----On 1/20 Initial Guess Perturbations
Iteration 1247/3500-----
J=1.2e-02, ⟨Jf⟩=1.3e-03, ⟨B·n⟩=8.0e-03, Len=sum([4.8, 4.6, 4.2])=13.6, ϰ=[4.9, 5.4, 4.6], ∫ϰ²/L>=[4.8, 6.2, 6.3], C-C-Sep=0.20, ║∇J║=3.2e-03
-----On 1/20 Initial Guess Perturbations
Iteration 1248/3500-----
J=1.2e-02, ⟨Jf⟩=1.3e-03, ⟨B·n⟩=8.0e-03, Len=sum([4.8, 4.6, 4.2])=13.6, ϰ=[4.9, 5.4, 4.6], ∫ϰ²/L>=[4.8, 6.2, 6.3], C-C-Sep=0.20, ║∇J║=4.3e-03
-----On 1/20 Initial Guess Perturbations
Iteration 1249/3500-----
J=1.2e-02, ⟨Jf⟩=1.3e-03, ⟨B·n⟩=8.0e-03, Len=sum([4.8, 4.6, 4.2])=13.6, ϰ=[4.9, 5.4, 4.5], ∫ϰ²/L>=[4.8, 6.2, 6.3], C-C-Sep=0.20, ║∇J║=3.9e-03
-----On 1/20 Initial Guess Perturbations
Iteration 1250/3500-----
J=1.2e-02, ⟨Jf⟩=1.3e-03, ⟨B·n⟩=8.0e-03, Len=sum([4.8, 4.6, 4.2])=13.6, ϰ=[5.0, 5.4, 4.5], ∫ϰ²/L>=[4.8, 6.2, 6.3], C-C-Sep=0.20, ║∇J║=3.0e-03
-----On 1/20 Initial Guess Perturbations
Iteration 1251/3500-----
J=1.2e-02, ⟨Jf⟩=1.3e-03, ⟨B·n⟩=8.0e-03, Len=sum([4.8, 4.6, 4.2])=13.6, ϰ=[4.9, 5.4, 4.5], ∫ϰ²/L>=[4.8, 6.2, 6.3], C-C-Sep=0.20, ║∇J║=2.9e-03
-----On 1/20 Initial Guess Perturbations
Iteration 1252/3500-----
J=1.2e-02, ⟨Jf⟩=1.3e-03, ⟨B·n⟩=8.0e-03, Len=sum([4.8, 4.6, 4.2])=13.6, ϰ=[4.9, 5.4, 4.5], ∫ϰ²/L>=[4.8, 6.2, 6.3], C-C-Sep=0.20, ║∇J║=2.7e-03
-----On 1/20 Initial Guess Perturbations
Iteration 1253/3500-----
J=1.2e-02, ⟨Jf⟩=1.3e-03, ⟨B·n⟩=8.0e-03, Len=sum([4.8, 4.6, 4.2])=13.6, ϰ=[4.9, 5.4, 4.5], ∫ϰ²/L>=[4.8, 6.2, 6.3], C-C-Sep=0.20, ║∇J║=3.0e-03
-----On 1/20 Initial Guess Perturbations
Iteration 1254/3500-----
J=1.2e-02, ⟨Jf⟩=1.3e-03, ⟨B·n⟩=8.0e-03, Len=sum([4.8, 4.6, 4.2])=13.6, ϰ=[4.9, 5.3, 4.5], ∫ϰ²/L>=[4.8, 6.2, 6.3], C-C-Sep=0.20, ║∇J║=3.5e-03
-----On 1/20 Initial Guess Perturbations
Iteration 1255/3500-----
J=1.2e-02, ⟨Jf⟩=1.3e-03, ⟨B·n⟩=8.0e-03, Len=sum([4.8, 4.6, 4.2])=13.6, ϰ=[4.9, 5.3, 4.5], ∫ϰ²/L>=[4.8, 6.2, 6.3], C-C-Sep=0.20, ║∇J║=2.8e-03
-----On 1/20 Initial Guess Perturbations
Iteration 1256/3500-----
J=1.2e-02, ⟨Jf⟩=1.3e-03, ⟨B·n⟩=8.0e-03, Len=sum([4.8, 4.6, 4.2])=13.6, ϰ=[4.9, 5.3, 4.5], ∫ϰ²/L>=[4.8, 6.2, 6.3], C-C-Sep=0.20, ║∇J║=2.9e-03
-----On 1/20 Initial Guess Perturbations
Iteration 1257/3500-----
J=1.2e-02, ⟨Jf⟩=1.3e-03, ⟨B·n⟩=8.0e-03, Len=sum([4.8, 4.6, 4.2])=13.6, ϰ=[4.9, 5.3, 4.6], ∫ϰ²/L>=[4.8, 6.2, 6.3], C-C-Sep=0.20, ║∇J║=2.9e-03
-----On 1/20 Initial Guess Perturbations
Iteration 1258/3500-----
J=1.2e-02, ⟨Jf⟩=1.3e-03, ⟨B·n⟩=8.0e-03, Len=sum([4.8, 4.6, 4.2])=13.6, ϰ=[4.9, 5.3, 4.6], ∫ϰ²/L>=[4.8, 6.2, 6.3], C-C-Sep=0.20, ║∇J║=2.8e-03
-----On 1/20 Initial Guess Perturbations
Iteration 1259/3500-----
J=1.2e-02, ⟨Jf⟩=1.3e-03, ⟨B·n⟩=8.0e-03, Len=sum([4.8, 4.6, 4.2])=13.6, ϰ=[4.8, 5.3, 4.6], ∫ϰ²/L>=[4.8, 6.2, 6.3], C-C-Sep=0.20, ║∇J║=2.8e-03
-----On 1/20 Initial Guess Perturbations
Iteration 1260/3500-----
J=1.2e-02, ⟨Jf⟩=1.3e-03, ⟨B·n⟩=8.0e-03, Len=sum([4.8, 4.6, 4.2])=13.6, ϰ=[4.8, 5.3, 4.6], ∫ϰ²/L>=[4.8, 6.2, 6.3], C-C-Sep=0.20, ║∇J║=3.0e-03
-----On 1/20 Initial Guess Perturbations
Iteration 1261/3500-----
J=1.2e-02, ⟨Jf⟩=1.3e-03, ⟨B·n⟩=8.0e-03, Len=sum([4.8, 4.6, 4.2])=13.6, ϰ=[4.8, 5.3, 4.7], ∫ϰ²/L>=[4.8, 6.2, 6.3], C-C-Sep=0.20, ║∇J║=3.1e-03
-----On 1/20 Initial Guess Perturbations
Iteration 1262/3500-----
J=1.2e-02, ⟨Jf⟩=1.3e-03, ⟨B·n⟩=8.0e-03, Len=sum([4.8, 4.6, 4.2])=13.6, ϰ=[4.8, 5.3, 4.7], ∫ϰ²/L>=[4.7, 6.2, 6.3], C-C-Sep=0.20, ║∇J║=3.3e-03
-----On 1/20 Initial Guess Perturbations
Iteration 1263/3500-----
J=1.2e-02, ⟨Jf⟩=1.3e-03, ⟨B·n⟩=8.0e-03, Len=sum([4.8, 4.6, 4.2])=13.6, ϰ=[4.8, 5.3, 4.7], ∫ϰ²/L>=[4.7, 6.2, 6.3], C-C-Sep=0.20, ║∇J║=2.9e-03
-----On 1/20 Initial Guess Perturbations
Iteration 1264/3500-----
J=1.2e-02, ⟨Jf⟩=1.3e-03, ⟨B·n⟩=8.0e-03, Len=sum([4.8, 4.6, 4.2])=13.6, ϰ=[4.7, 5.3, 4.7], ∫ϰ²/L>=[4.7, 6.2, 6.3], C-C-Sep=0.20, ║∇J║=3.3e-03
-----On 1/20 Initial Guess Perturbations
Iteration 1265/3500-----
J=1.2e-02, ⟨Jf⟩=1.3e-03, ⟨B·n⟩=8.0e-03, Len=sum([4.8, 4.6, 4.2])=13.6, ϰ=[4.7, 5.3, 4.7], ∫ϰ²/L>=[4.7, 6.2, 6.3], C-C-Sep=0.20, ║∇J║=3.7e-03
-----On 1/20 Initial Guess Perturbations
Iteration 1266/3500-----
J=1.2e-02, ⟨Jf⟩=1.3e-03, ⟨B·n⟩=8.0e-03, Len=sum([4.8, 4.6, 4.2])=13.6, ϰ=[4.7, 5.3, 4.7], ∫ϰ²/L>=[4.7, 6.2, 6.3], C-C-Sep=0.20, ║∇J║=3.3e-03
-----On 1/20 Initial Guess Perturbations
Iteration 1267/3500-----
J=1.2e-02, ⟨Jf⟩=1.3e-03, ⟨B·n⟩=8.0e-03, Len=sum([4.8, 4.6, 4.2])=13.6, ϰ=[4.7, 5.2, 4.7], ∫ϰ²/L>=[4.7, 6.2, 6.3], C-C-Sep=0.20, ║∇J║=3.3e-03
-----On 1/20 Initial Guess Perturbations
Iteration 1268/3500-----
J=1.2e-02, ⟨Jf⟩=1.3e-03, ⟨B·n⟩=8.0e-03, Len=sum([4.8, 4.6, 4.2])=13.6, ϰ=[4.7, 5.2, 4.7], ∫ϰ²/L>=[4.7, 6.2, 6.3], C-C-Sep=0.20, ║∇J║=2.7e-03
-----On 1/20 Initial Guess Perturbations
Iteration 1269/3500-----
J=1.2e-02, ⟨Jf⟩=1.3e-03, ⟨B·n⟩=8.0e-03, Len=sum([4.8, 4.6, 4.2])=13.6, ϰ=[4.7, 5.2, 4.7], ∫ϰ²/L>=[4.7, 6.2, 6.3], C-C-Sep=0.20, ║∇J║=3.5e-03
-----On 1/20 Initial Guess Perturbations
Iteration 1270/3500-----
J=1.2e-02, ⟨Jf⟩=1.3e-03, ⟨B·n⟩=8.0e-03, Len=sum([4.8, 4.6, 4.2])=13.6, ϰ=[4.7, 5.2, 4.6], ∫ϰ²/L>=[4.7, 6.2, 6.3], C-C-Sep=0.20, ║∇J║=4.0e-03
-----On 1/20 Initial Guess Perturbations
Iteration 1271/3500-----
J=1.2e-02, ⟨Jf⟩=1.3e-03, ⟨B·n⟩=8.0e-03, Len=sum([4.8, 4.6, 4.2])=13.6, ϰ=[4.7, 5.2, 4.6], ∫ϰ²/L>=[4.7, 6.2, 6.3], C-C-Sep=0.20, ║∇J║=3.2e-03
-----On 1/20 Initial Guess Perturbations
Iteration 1272/3500-----
J=1.2e-02, ⟨Jf⟩=1.3e-03, ⟨B·n⟩=8.0e-03, Len=sum([4.8, 4.6, 4.2])=13.6, ϰ=[4.8, 5.2, 4.6], ∫ϰ²/L>=[4.7, 6.2, 6.3], C-C-Sep=0.20, ║∇J║=2.7e-03
-----On 1/20 Initial Guess Perturbations
Iteration 1273/3500-----
J=1.2e-02, ⟨Jf⟩=1.3e-03, ⟨B·n⟩=8.0e-03, Len=sum([4.8, 4.6, 4.2])=13.6, ϰ=[4.7, 5.2, 4.6], ∫ϰ²/L>=[4.7, 6.2, 6.3], C-C-Sep=0.20, ║∇J║=2.2e-03
-----On 1/20 Initial Guess Perturbations
Iteration 1274/3500-----
J=1.2e-02, ⟨Jf⟩=1.3e-03, ⟨B·n⟩=8.0e-03, Len=sum([4.8, 4.6, 4.2])=13.6, ϰ=[4.8, 5.2, 4.6], ∫ϰ²/L>=[4.7, 6.2, 6.3], C-C-Sep=0.20, ║∇J║=2.6e-03
-----On 1/20 Initial Guess Perturbations
Iteration 1275/3500-----
J=1.2e-02, ⟨Jf⟩=1.3e-03, ⟨B·n⟩=8.0e-03, Len=sum([4.8, 4.6, 4.2])=13.6, ϰ=[4.8, 5.1, 4.5], ∫ϰ²/L>=[4.7, 6.2, 6.3], C-C-Sep=0.20, ║∇J║=3.5e-03
-----On 1/20 Initial Guess Perturbations
Iteration 1276/3500-----
J=1.2e-02, ⟨Jf⟩=1.3e-03, ⟨B·n⟩=8.0e-03, Len=sum([4.8, 4.6, 4.2])=13.6, ϰ=[4.8, 5.1, 4.5], ∫ϰ²/L>=[4.7, 6.2, 6.2], C-C-Sep=0.20, ║∇J║=3.3e-03
-----On 1/20 Initial Guess Perturbations
Iteration 1277/3500-----
J=1.2e-02, ⟨Jf⟩=1.3e-03, ⟨B·n⟩=8.0e-03, Len=sum([4.8, 4.6, 4.2])=13.6, ϰ=[4.7, 5.1, 4.5], ∫ϰ²/L>=[4.7, 6.2, 6.2], C-C-Sep=0.20, ║∇J║=3.0e-03
-----On 1/20 Initial Guess Perturbations
Iteration 1278/3500-----
J=1.2e-02, ⟨Jf⟩=1.3e-03, ⟨B·n⟩=8.0e-03, Len=sum([4.8, 4.6, 4.2])=13.6, ϰ=[4.8, 5.1, 4.5], ∫ϰ²/L>=[4.7, 6.2, 6.2], C-C-Sep=0.20, ║∇J║=2.6e-03
-----On 1/20 Initial Guess Perturbations
Iteration 1279/3500-----
J=1.2e-02, ⟨Jf⟩=1.3e-03, ⟨B·n⟩=8.0e-03, Len=sum([4.8, 4.6, 4.2])=13.6, ϰ=[4.8, 5.2, 4.5], ∫ϰ²/L>=[4.7, 6.2, 6.2], C-C-Sep=0.20, ║∇J║=2.4e-03
-----On 1/20 Initial Guess Perturbations
Iteration 1280/3500-----
J=1.2e-02, ⟨Jf⟩=1.3e-03, ⟨B·n⟩=8.0e-03, Len=sum([4.8, 4.6, 4.2])=13.6, ϰ=[4.8, 5.2, 4.4], ∫ϰ²/L>=[4.7, 6.2, 6.2], C-C-Sep=0.20, ║∇J║=3.0e-03
-----On 1/20 Initial Guess Perturbations
Iteration 1281/3500-----
J=1.2e-02, ⟨Jf⟩=1.3e-03, ⟨B·n⟩=8.0e-03, Len=sum([4.8, 4.6, 4.2])=13.6, ϰ=[4.8, 5.2, 4.4], ∫ϰ²/L>=[4.7, 6.2, 6.2], C-C-Sep=0.20, ║∇J║=2.8e-03
-----On 1/20 Initial Guess Perturbations
Iteration 1282/3500-----
J=1.2e-02, ⟨Jf⟩=1.3e-03, ⟨B·n⟩=8.0e-03, Len=sum([4.8, 4.6, 4.2])=13.6, ϰ=[4.8, 5.2, 4.4], ∫ϰ²/L>=[4.7, 6.2, 6.2], C-C-Sep=0.20, ║∇J║=2.7e-03
-----On 1/20 Initial Guess Perturbations
Iteration 1283/3500-----
J=1.2e-02, ⟨Jf⟩=1.3e-03, ⟨B·n⟩=8.0e-03, Len=sum([4.8, 4.6, 4.2])=13.6, ϰ=[4.9, 5.2, 4.4], ∫ϰ²/L>=[4.7, 6.2, 6.2], C-C-Sep=0.20, ║∇J║=2.8e-03
-----On 1/20 Initial Guess Perturbations
Iteration 1284/3500-----
J=1.2e-02, ⟨Jf⟩=1.3e-03, ⟨B·n⟩=8.0e-03, Len=sum([4.8, 4.6, 4.2])=13.6, ϰ=[4.9, 5.3, 4.4], ∫ϰ²/L>=[4.7, 6.2, 6.2], C-C-Sep=0.20, ║∇J║=2.5e-03
-----On 1/20 Initial Guess Perturbations
Iteration 1285/3500-----
J=1.2e-02, ⟨Jf⟩=1.3e-03, ⟨B·n⟩=8.0e-03, Len=sum([4.8, 4.6, 4.2])=13.6, ϰ=[4.9, 5.3, 4.4], ∫ϰ²/L>=[4.7, 6.2, 6.2], C-C-Sep=0.20, ║∇J║=2.8e-03
-----On 1/20 Initial Guess Perturbations
Iteration 1286/3500-----
J=1.2e-02, ⟨Jf⟩=1.3e-03, ⟨B·n⟩=8.0e-03, Len=sum([4.8, 4.6, 4.2])=13.6, ϰ=[4.9, 5.3, 4.4], ∫ϰ²/L>=[4.7, 6.2, 6.2], C-C-Sep=0.20, ║∇J║=2.5e-03
-----On 1/20 Initial Guess Perturbations
Iteration 1287/3500-----
J=1.2e-02, ⟨Jf⟩=1.3e-03, ⟨B·n⟩=8.0e-03, Len=sum([4.8, 4.6, 4.2])=13.6, ϰ=[4.9, 5.3, 4.5], ∫ϰ²/L>=[4.7, 6.2, 6.2], C-C-Sep=0.20, ║∇J║=2.7e-03
-----On 1/20 Initial Guess Perturbations
Iteration 1288/3500-----
J=1.2e-02, ⟨Jf⟩=1.3e-03, ⟨B·n⟩=8.0e-03, Len=sum([4.8, 4.6, 4.2])=13.6, ϰ=[4.9, 5.4, 4.5], ∫ϰ²/L>=[4.7, 6.2, 6.2], C-C-Sep=0.20, ║∇J║=3.2e-03
-----On 1/20 Initial Guess Perturbations
Iteration 1289/3500-----
J=1.2e-02, ⟨Jf⟩=1.3e-03, ⟨B·n⟩=8.0e-03, Len=sum([4.8, 4.6, 4.2])=13.6, ϰ=[4.9, 5.4, 4.5], ∫ϰ²/L>=[4.7, 6.2, 6.2], C-C-Sep=0.20, ║∇J║=3.2e-03
-----On 1/20 Initial Guess Perturbations
Iteration 1290/3500-----
J=1.2e-02, ⟨Jf⟩=1.3e-03, ⟨B·n⟩=8.0e-03, Len=sum([4.8, 4.6, 4.2])=13.6, ϰ=[4.9, 5.4, 4.5], ∫ϰ²/L>=[4.7, 6.2, 6.2], C-C-Sep=0.20, ║∇J║=3.4e-03
-----On 1/20 Initial Guess Perturbations
Iteration 1291/3500-----
J=1.2e-02, ⟨Jf⟩=1.3e-03, ⟨B·n⟩=8.0e-03, Len=sum([4.8, 4.6, 4.2])=13.6, ϰ=[4.9, 5.4, 4.5], ∫ϰ²/L>=[4.7, 6.2, 6.2], C-C-Sep=0.20, ║∇J║=2.5e-03
-----On 1/20 Initial Guess Perturbations
Iteration 1292/3500-----
J=1.2e-02, ⟨Jf⟩=1.3e-03, ⟨B·n⟩=8.0e-03, Len=sum([4.8, 4.6, 4.2])=13.6, ϰ=[5.0, 5.4, 4.5], ∫ϰ²/L>=[4.7, 6.2, 6.2], C-C-Sep=0.20, ║∇J║=2.7e-03
-----On 1/20 Initial Guess Perturbations
Iteration 1293/3500-----
J=1.2e-02, ⟨Jf⟩=1.3e-03, ⟨B·n⟩=8.0e-03, Len=sum([4.8, 4.6, 4.2])=13.6, ϰ=[5.0, 5.5, 4.6], ∫ϰ²/L>=[4.7, 6.2, 6.2], C-C-Sep=0.20, ║∇J║=2.8e-03
-----On 1/20 Initial Guess Perturbations
Iteration 1294/3500-----
J=1.2e-02, ⟨Jf⟩=1.3e-03, ⟨B·n⟩=8.0e-03, Len=sum([4.8, 4.6, 4.2])=13.6, ϰ=[5.0, 5.5, 4.6], ∫ϰ²/L>=[4.7, 6.2, 6.2], C-C-Sep=0.20, ║∇J║=2.1e-03
-----On 1/20 Initial Guess Perturbations
Iteration 1295/3500-----
J=1.2e-02, ⟨Jf⟩=1.3e-03, ⟨B·n⟩=8.0e-03, Len=sum([4.8, 4.6, 4.2])=13.6, ϰ=[5.0, 5.4, 4.6], ∫ϰ²/L>=[4.7, 6.2, 6.2], C-C-Sep=0.20, ║∇J║=2.6e-03
-----On 1/20 Initial Guess Perturbations
Iteration 1296/3500-----
J=1.2e-02, ⟨Jf⟩=1.3e-03, ⟨B·n⟩=8.0e-03, Len=sum([4.8, 4.6, 4.2])=13.6, ϰ=[5.0, 5.4, 4.6], ∫ϰ²/L>=[4.7, 6.2, 6.2], C-C-Sep=0.20, ║∇J║=2.7e-03
-----On 1/20 Initial Guess Perturbations
Iteration 1297/3500-----
J=1.2e-02, ⟨Jf⟩=1.3e-03, ⟨B·n⟩=8.0e-03, Len=sum([4.8, 4.6, 4.2])=13.6, ϰ=[5.0, 5.4, 4.6], ∫ϰ²/L>=[4.7, 6.2, 6.2], C-C-Sep=0.20, ║∇J║=2.6e-03
-----On 1/20 Initial Guess Perturbations
Iteration 1298/3500-----
J=1.2e-02, ⟨Jf⟩=1.3e-03, ⟨B·n⟩=8.0e-03, Len=sum([4.8, 4.6, 4.2])=13.6, ϰ=[5.0, 5.4, 4.6], ∫ϰ²/L>=[4.8, 6.2, 6.2], C-C-Sep=0.20, ║∇J║=2.9e-03
-----On 1/20 Initial Guess Perturbations
Iteration 1299/3500-----
J=1.2e-02, ⟨Jf⟩=1.3e-03, ⟨B·n⟩=8.0e-03, Len=sum([4.8, 4.6, 4.2])=13.6, ϰ=[5.0, 5.4, 4.7], ∫ϰ²/L>=[4.8, 6.2, 6.2], C-C-Sep=0.20, ║∇J║=3.9e-03
-----On 1/20 Initial Guess Perturbations
Iteration 1300/3500-----
J=1.2e-02, ⟨Jf⟩=1.3e-03, ⟨B·n⟩=8.0e-03, Len=sum([4.8, 4.6, 4.2])=13.6, ϰ=[5.0, 5.4, 4.7], ∫ϰ²/L>=[4.8, 6.2, 6.2], C-C-Sep=0.20, ║∇J║=3.4e-03
-----On 1/20 Initial Guess Perturbations
Iteration 1301/3500-----
J=1.2e-02, ⟨Jf⟩=1.3e-03, ⟨B·n⟩=8.0e-03, Len=sum([4.8, 4.6, 4.2])=13.6, ϰ=[5.0, 5.4, 4.7], ∫ϰ²/L>=[4.8, 6.2, 6.2], C-C-Sep=0.20, ║∇J║=4.1e-03
-----On 1/20 Initial Guess Perturbations
Iteration 1302/3500-----
J=1.2e-02, ⟨Jf⟩=1.3e-03, ⟨B·n⟩=8.0e-03, Len=sum([4.8, 4.6, 4.2])=13.6, ϰ=[4.9, 5.4, 4.7], ∫ϰ²/L>=[4.7, 6.2, 6.2], C-C-Sep=0.20, ║∇J║=5.0e-03
-----On 1/20 Initial Guess Perturbations
Iteration 1303/3500-----
J=1.2e-02, ⟨Jf⟩=1.3e-03, ⟨B·n⟩=8.0e-03, Len=sum([4.8, 4.6, 4.2])=13.6, ϰ=[5.0, 5.3, 4.7], ∫ϰ²/L>=[4.7, 6.2, 6.2], C-C-Sep=0.20, ║∇J║=4.5e-03
-----On 1/20 Initial Guess Perturbations
Iteration 1304/3500-----
J=1.2e-02, ⟨Jf⟩=1.3e-03, ⟨B·n⟩=8.0e-03, Len=sum([4.8, 4.6, 4.2])=13.6, ϰ=[5.0, 5.3, 4.7], ∫ϰ²/L>=[4.8, 6.2, 6.2], C-C-Sep=0.20, ║∇J║=2.7e-03
-----On 1/20 Initial Guess Perturbations
Iteration 1305/3500-----
J=1.2e-02, ⟨Jf⟩=1.3e-03, ⟨B·n⟩=8.0e-03, Len=sum([4.8, 4.6, 4.2])=13.6, ϰ=[4.9, 5.3, 4.7], ∫ϰ²/L>=[4.8, 6.2, 6.2], C-C-Sep=0.20, ║∇J║=2.6e-03
-----On 1/20 Initial Guess Perturbations
Iteration 1306/3500-----
J=1.2e-02, ⟨Jf⟩=1.3e-03, ⟨B·n⟩=8.0e-03, Len=sum([4.8, 4.6, 4.2])=13.6, ϰ=[4.9, 5.3, 4.7], ∫ϰ²/L>=[4.8, 6.2, 6.2], C-C-Sep=0.20, ║∇J║=2.6e-03
-----On 1/20 Initial Guess Perturbations
Iteration 1307/3500-----
J=1.2e-02, ⟨Jf⟩=1.3e-03, ⟨B·n⟩=8.0e-03, Len=sum([4.8, 4.6, 4.2])=13.6, ϰ=[4.9, 5.3, 4.8], ∫ϰ²/L>=[4.8, 6.2, 6.2], C-C-Sep=0.20, ║∇J║=2.8e-03
-----On 1/20 Initial Guess Perturbations
Iteration 1308/3500-----
J=1.2e-02, ⟨Jf⟩=1.3e-03, ⟨B·n⟩=8.0e-03, Len=sum([4.8, 4.6, 4.2])=13.6, ϰ=[4.9, 5.3, 4.8], ∫ϰ²/L>=[4.8, 6.2, 6.2], C-C-Sep=0.20, ║∇J║=2.9e-03
-----On 1/20 Initial Guess Perturbations
Iteration 1309/3500-----
J=1.2e-02, ⟨Jf⟩=1.3e-03, ⟨B·n⟩=8.0e-03, Len=sum([4.8, 4.6, 4.2])=13.6, ϰ=[4.9, 5.3, 4.9], ∫ϰ²/L>=[4.8, 6.2, 6.2], C-C-Sep=0.20, ║∇J║=2.9e-03
-----On 1/20 Initial Guess Perturbations
Iteration 1310/3500-----
J=1.2e-02, ⟨Jf⟩=1.3e-03, ⟨B·n⟩=8.0e-03, Len=sum([4.8, 4.6, 4.2])=13.6, ϰ=[4.8, 5.3, 4.9], ∫ϰ²/L>=[4.8, 6.2, 6.2], C-C-Sep=0.20, ║∇J║=2.7e-03
-----On 1/20 Initial Guess Perturbations
Iteration 1311/3500-----
J=1.2e-02, ⟨Jf⟩=1.3e-03, ⟨B·n⟩=8.0e-03, Len=sum([4.8, 4.6, 4.2])=13.6, ϰ=[4.8, 5.3, 4.9], ∫ϰ²/L>=[4.8, 6.2, 6.2], C-C-Sep=0.20, ║∇J║=3.0e-03
-----On 1/20 Initial Guess Perturbations
Iteration 1312/3500-----
J=1.2e-02, ⟨Jf⟩=1.3e-03, ⟨B·n⟩=8.0e-03, Len=sum([4.8, 4.6, 4.2])=13.6, ϰ=[4.8, 5.3, 4.8], ∫ϰ²/L>=[4.8, 6.2, 6.2], C-C-Sep=0.20, ║∇J║=3.0e-03
-----On 1/20 Initial Guess Perturbations
Iteration 1313/3500-----
J=1.2e-02, ⟨Jf⟩=1.3e-03, ⟨B·n⟩=8.0e-03, Len=sum([4.8, 4.6, 4.2])=13.6, ϰ=[4.8, 5.3, 4.8], ∫ϰ²/L>=[4.8, 6.2, 6.2], C-C-Sep=0.20, ║∇J║=3.2e-03
-----On 1/20 Initial Guess Perturbations
Iteration 1314/3500-----
J=1.2e-02, ⟨Jf⟩=1.3e-03, ⟨B·n⟩=8.0e-03, Len=sum([4.8, 4.6, 4.2])=13.6, ϰ=[4.8, 5.3, 4.8], ∫ϰ²/L>=[4.7, 6.2, 6.2], C-C-Sep=0.20, ║∇J║=3.2e-03
-----On 1/20 Initial Guess Perturbations
Iteration 1315/3500-----
J=1.2e-02, ⟨Jf⟩=1.3e-03, ⟨B·n⟩=8.0e-03, Len=sum([4.8, 4.6, 4.2])=13.6, ϰ=[4.8, 5.3, 4.8], ∫ϰ²/L>=[4.8, 6.2, 6.2], C-C-Sep=0.20, ║∇J║=3.2e-03
-----On 1/20 Initial Guess Perturbations
Iteration 1316/3500-----
J=1.2e-02, ⟨Jf⟩=1.3e-03, ⟨B·n⟩=8.0e-03, Len=sum([4.8, 4.6, 4.2])=13.6, ϰ=[4.8, 5.3, 4.8], ∫ϰ²/L>=[4.8, 6.2, 6.2], C-C-Sep=0.20, ║∇J║=3.1e-03
-----On 1/20 Initial Guess Perturbations
Iteration 1317/3500-----
J=1.2e-02, ⟨Jf⟩=1.3e-03, ⟨B·n⟩=8.0e-03, Len=sum([4.8, 4.6, 4.2])=13.6, ϰ=[4.8, 5.3, 4.8], ∫ϰ²/L>=[4.8, 6.2, 6.2], C-C-Sep=0.20, ║∇J║=3.1e-03
-----On 1/20 Initial Guess Perturbations
Iteration 1318/3500-----
J=1.2e-02, ⟨Jf⟩=1.3e-03, ⟨B·n⟩=8.0e-03, Len=sum([4.8, 4.6, 4.2])=13.6, ϰ=[4.8, 5.3, 4.7], ∫ϰ²/L>=[4.7, 6.2, 6.2], C-C-Sep=0.20, ║∇J║=3.1e-03
-----On 1/20 Initial Guess Perturbations
Iteration 1319/3500-----
J=1.2e-02, ⟨Jf⟩=1.3e-03, ⟨B·n⟩=8.0e-03, Len=sum([4.8, 4.6, 4.2])=13.6, ϰ=[4.8, 5.4, 4.7], ∫ϰ²/L>=[4.8, 6.2, 6.2], C-C-Sep=0.20, ║∇J║=3.7e-03
-----On 1/20 Initial Guess Perturbations
Iteration 1320/3500-----
J=1.2e-02, ⟨Jf⟩=1.3e-03, ⟨B·n⟩=8.0e-03, Len=sum([4.8, 4.6, 4.2])=13.6, ϰ=[4.8, 5.3, 4.8], ∫ϰ²/L>=[4.8, 6.2, 6.2], C-C-Sep=0.20, ║∇J║=3.2e-03
-----On 1/20 Initial Guess Perturbations
Iteration 1321/3500-----
J=1.2e-02, ⟨Jf⟩=1.3e-03, ⟨B·n⟩=8.0e-03, Len=sum([4.8, 4.6, 4.2])=13.6, ϰ=[4.7, 5.4, 4.8], ∫ϰ²/L>=[4.8, 6.2, 6.2], C-C-Sep=0.20, ║∇J║=4.0e-03
-----On 1/20 Initial Guess Perturbations
Iteration 1322/3500-----
J=1.2e-02, ⟨Jf⟩=1.3e-03, ⟨B·n⟩=8.0e-03, Len=sum([4.8, 4.6, 4.2])=13.6, ϰ=[4.7, 5.4, 4.8], ∫ϰ²/L>=[4.8, 6.2, 6.2], C-C-Sep=0.20, ║∇J║=2.8e-03
-----On 1/20 Initial Guess Perturbations
Iteration 1323/3500-----
J=1.2e-02, ⟨Jf⟩=1.3e-03, ⟨B·n⟩=8.0e-03, Len=sum([4.8, 4.6, 4.2])=13.6, ϰ=[4.7, 5.3, 4.7], ∫ϰ²/L>=[4.8, 6.2, 6.2], C-C-Sep=0.20, ║∇J║=3.4e-03
-----On 1/20 Initial Guess Perturbations
Iteration 1324/3500-----
J=1.2e-02, ⟨Jf⟩=1.3e-03, ⟨B·n⟩=8.0e-03, Len=sum([4.8, 4.6, 4.2])=13.6, ϰ=[4.7, 5.4, 4.7], ∫ϰ²/L>=[4.8, 6.1, 6.2], C-C-Sep=0.20, ║∇J║=2.8e-03
-----On 1/20 Initial Guess Perturbations
Iteration 1325/3500-----
J=1.2e-02, ⟨Jf⟩=1.3e-03, ⟨B·n⟩=8.0e-03, Len=sum([4.8, 4.6, 4.2])=13.6, ϰ=[4.7, 5.4, 4.7], ∫ϰ²/L>=[4.8, 6.1, 6.2], C-C-Sep=0.20, ║∇J║=3.0e-03
-----On 1/20 Initial Guess Perturbations
Iteration 1326/3500-----
J=1.2e-02, ⟨Jf⟩=1.3e-03, ⟨B·n⟩=8.0e-03, Len=sum([4.8, 4.6, 4.2])=13.6, ϰ=[4.8, 5.4, 4.6], ∫ϰ²/L>=[4.8, 6.2, 6.2], C-C-Sep=0.20, ║∇J║=3.3e-03
-----On 1/20 Initial Guess Perturbations
Iteration 1327/3500-----
J=1.2e-02, ⟨Jf⟩=1.3e-03, ⟨B·n⟩=8.0e-03, Len=sum([4.8, 4.6, 4.2])=13.6, ϰ=[4.8, 5.4, 4.6], ∫ϰ²/L>=[4.8, 6.2, 6.2], C-C-Sep=0.20, ║∇J║=3.3e-03
-----On 1/20 Initial Guess Perturbations
Iteration 1328/3500-----
J=1.2e-02, ⟨Jf⟩=1.3e-03, ⟨B·n⟩=8.0e-03, Len=sum([4.8, 4.6, 4.2])=13.6, ϰ=[4.8, 5.3, 4.5], ∫ϰ²/L>=[4.8, 6.2, 6.2], C-C-Sep=0.20, ║∇J║=3.0e-03
-----On 1/20 Initial Guess Perturbations
Iteration 1329/3500-----
J=1.2e-02, ⟨Jf⟩=1.3e-03, ⟨B·n⟩=8.0e-03, Len=sum([4.8, 4.6, 4.2])=13.6, ϰ=[4.8, 5.4, 4.5], ∫ϰ²/L>=[4.8, 6.2, 6.2], C-C-Sep=0.20, ║∇J║=3.1e-03
-----On 1/20 Initial Guess Perturbations
Iteration 1330/3500-----
J=1.2e-02, ⟨Jf⟩=1.3e-03, ⟨B·n⟩=8.1e-03, Len=sum([4.8, 4.6, 4.2])=13.6, ϰ=[4.8, 5.4, 4.5], ∫ϰ²/L>=[4.8, 6.2, 6.2], C-C-Sep=0.20, ║∇J║=3.5e-03
-----On 1/20 Initial Guess Perturbations
Iteration 1331/3500-----
J=1.2e-02, ⟨Jf⟩=1.3e-03, ⟨B·n⟩=8.1e-03, Len=sum([4.8, 4.6, 4.2])=13.6, ϰ=[4.8, 5.4, 4.4], ∫ϰ²/L>=[4.8, 6.2, 6.2], C-C-Sep=0.20, ║∇J║=3.8e-03
-----On 1/20 Initial Guess Perturbations
Iteration 1332/3500-----
J=1.2e-02, ⟨Jf⟩=1.3e-03, ⟨B·n⟩=8.1e-03, Len=sum([4.8, 4.6, 4.2])=13.6, ϰ=[4.8, 5.3, 4.4], ∫ϰ²/L>=[4.8, 6.2, 6.2], C-C-Sep=0.20, ║∇J║=4.3e-03
-----On 1/20 Initial Guess Perturbations
Iteration 1333/3500-----
J=1.2e-02, ⟨Jf⟩=1.3e-03, ⟨B·n⟩=8.1e-03, Len=sum([4.8, 4.6, 4.2])=13.6, ϰ=[4.8, 5.3, 4.4], ∫ϰ²/L>=[4.8, 6.1, 6.2], C-C-Sep=0.20, ║∇J║=3.9e-03
-----On 1/20 Initial Guess Perturbations
Iteration 1334/3500-----
J=1.2e-02, ⟨Jf⟩=1.3e-03, ⟨B·n⟩=8.1e-03, Len=sum([4.8, 4.6, 4.2])=13.6, ϰ=[4.8, 5.3, 4.4], ∫ϰ²/L>=[4.8, 6.1, 6.2], C-C-Sep=0.20, ║∇J║=2.5e-03
-----On 1/20 Initial Guess Perturbations
Iteration 1335/3500-----
J=1.2e-02, ⟨Jf⟩=1.3e-03, ⟨B·n⟩=8.1e-03, Len=sum([4.8, 4.6, 4.2])=13.6, ϰ=[4.8, 5.3, 4.4], ∫ϰ²/L>=[4.8, 6.2, 6.2], C-C-Sep=0.20, ║∇J║=2.9e-03
-----On 1/20 Initial Guess Perturbations
Iteration 1336/3500-----
J=1.2e-02, ⟨Jf⟩=1.3e-03, ⟨B·n⟩=8.1e-03, Len=sum([4.8, 4.6, 4.2])=13.6, ϰ=[4.8, 5.3, 4.5], ∫ϰ²/L>=[4.8, 6.2, 6.2], C-C-Sep=0.20, ║∇J║=2.8e-03
-----On 1/20 Initial Guess Perturbations
Iteration 1337/3500-----
J=1.2e-02, ⟨Jf⟩=1.3e-03, ⟨B·n⟩=8.1e-03, Len=sum([4.8, 4.6, 4.2])=13.6, ϰ=[4.8, 5.3, 4.5], ∫ϰ²/L>=[4.8, 6.1, 6.2], C-C-Sep=0.20, ║∇J║=3.3e-03
-----On 1/20 Initial Guess Perturbations
Iteration 1338/3500-----
J=1.2e-02, ⟨Jf⟩=1.3e-03, ⟨B·n⟩=8.1e-03, Len=sum([4.8, 4.6, 4.2])=13.6, ϰ=[4.8, 5.3, 4.5], ∫ϰ²/L>=[4.8, 6.1, 6.2], C-C-Sep=0.20, ║∇J║=3.8e-03
-----On 1/20 Initial Guess Perturbations
Iteration 1339/3500-----
J=1.2e-02, ⟨Jf⟩=1.3e-03, ⟨B·n⟩=8.1e-03, Len=sum([4.8, 4.6, 4.2])=13.6, ϰ=[4.8, 5.3, 4.5], ∫ϰ²/L>=[4.8, 6.1, 6.2], C-C-Sep=0.20, ║∇J║=3.1e-03
-----On 1/20 Initial Guess Perturbations
Iteration 1340/3500-----
J=1.2e-02, ⟨Jf⟩=1.3e-03, ⟨B·n⟩=8.1e-03, Len=sum([4.8, 4.6, 4.2])=13.6, ϰ=[4.8, 5.3, 4.5], ∫ϰ²/L>=[4.8, 6.1, 6.2], C-C-Sep=0.20, ║∇J║=3.5e-03
-----On 1/20 Initial Guess Perturbations
Iteration 1341/3500-----
J=1.2e-02, ⟨Jf⟩=1.3e-03, ⟨B·n⟩=8.1e-03, Len=sum([4.8, 4.6, 4.2])=13.6, ϰ=[4.8, 5.3, 4.5], ∫ϰ²/L>=[4.8, 6.2, 6.2], C-C-Sep=0.20, ║∇J║=3.3e-03
-----On 1/20 Initial Guess Perturbations
Iteration 1342/3500-----
J=1.2e-02, ⟨Jf⟩=1.3e-03, ⟨B·n⟩=8.1e-03, Len=sum([4.8, 4.6, 4.2])=13.6, ϰ=[4.8, 5.3, 4.5], ∫ϰ²/L>=[4.8, 6.2, 6.2], C-C-Sep=0.20, ║∇J║=3.0e-03
-----On 1/20 Initial Guess Perturbations
Iteration 1343/3500-----
J=1.2e-02, ⟨Jf⟩=1.3e-03, ⟨B·n⟩=8.1e-03, Len=sum([4.8, 4.6, 4.2])=13.6, ϰ=[4.9, 5.3, 4.6], ∫ϰ²/L>=[4.8, 6.2, 6.2], C-C-Sep=0.20, ║∇J║=3.5e-03
-----On 1/20 Initial Guess Perturbations
Iteration 1344/3500-----
J=1.2e-02, ⟨Jf⟩=1.3e-03, ⟨B·n⟩=8.1e-03, Len=sum([4.8, 4.6, 4.2])=13.6, ϰ=[4.9, 5.3, 4.6], ∫ϰ²/L>=[4.8, 6.2, 6.2], C-C-Sep=0.20, ║∇J║=4.5e-03
-----On 1/20 Initial Guess Perturbations
Iteration 1345/3500-----
J=1.2e-02, ⟨Jf⟩=1.3e-03, ⟨B·n⟩=8.1e-03, Len=sum([4.8, 4.6, 4.2])=13.6, ϰ=[4.9, 5.3, 4.6], ∫ϰ²/L>=[4.8, 6.2, 6.2], C-C-Sep=0.20, ║∇J║=3.8e-03
-----On 1/20 Initial Guess Perturbations
Iteration 1346/3500-----
J=1.2e-02, ⟨Jf⟩=1.3e-03, ⟨B·n⟩=8.1e-03, Len=sum([4.8, 4.6, 4.2])=13.6, ϰ=[4.9, 5.2, 4.6], ∫ϰ²/L>=[4.8, 6.2, 6.2], C-C-Sep=0.20, ║∇J║=3.7e-03
-----On 1/20 Initial Guess Perturbations
Iteration 1347/3500-----
J=1.2e-02, ⟨Jf⟩=1.3e-03, ⟨B·n⟩=8.1e-03, Len=sum([4.8, 4.6, 4.2])=13.6, ϰ=[4.9, 5.3, 4.6], ∫ϰ²/L>=[4.8, 6.2, 6.2], C-C-Sep=0.20, ║∇J║=2.3e-03
-----On 1/20 Initial Guess Perturbations
Iteration 1348/3500-----
J=1.2e-02, ⟨Jf⟩=1.3e-03, ⟨B·n⟩=8.1e-03, Len=sum([4.8, 4.6, 4.2])=13.6, ϰ=[4.9, 5.2, 4.6], ∫ϰ²/L>=[4.8, 6.2, 6.2], C-C-Sep=0.20, ║∇J║=3.0e-03
-----On 1/20 Initial Guess Perturbations
Iteration 1349/3500-----
J=1.2e-02, ⟨Jf⟩=1.3e-03, ⟨B·n⟩=8.1e-03, Len=sum([4.8, 4.6, 4.2])=13.6, ϰ=[4.9, 5.2, 4.6], ∫ϰ²/L>=[4.8, 6.2, 6.2], C-C-Sep=0.20, ║∇J║=4.1e-03
-----On 1/20 Initial Guess Perturbations
Iteration 1350/3500-----
J=1.2e-02, ⟨Jf⟩=1.3e-03, ⟨B·n⟩=8.0e-03, Len=sum([4.8, 4.6, 4.2])=13.6, ϰ=[4.9, 5.2, 4.6], ∫ϰ²/L>=[4.8, 6.2, 6.2], C-C-Sep=0.20, ║∇J║=3.8e-03
-----On 1/20 Initial Guess Perturbations
Iteration 1351/3500-----
J=1.2e-02, ⟨Jf⟩=1.3e-03, ⟨B·n⟩=8.0e-03, Len=sum([4.8, 4.6, 4.2])=13.6, ϰ=[4.9, 5.2, 4.6], ∫ϰ²/L>=[4.8, 6.2, 6.2], C-C-Sep=0.20, ║∇J║=2.9e-03
-----On 1/20 Initial Guess Perturbations
Iteration 1352/3500-----
J=1.2e-02, ⟨Jf⟩=1.3e-03, ⟨B·n⟩=8.0e-03, Len=sum([4.8, 4.6, 4.2])=13.6, ϰ=[4.9, 5.2, 4.6], ∫ϰ²/L>=[4.8, 6.2, 6.2], C-C-Sep=0.20, ║∇J║=3.0e-03
-----On 1/20 Initial Guess Perturbations
Iteration 1353/3500-----
J=1.2e-02, ⟨Jf⟩=1.3e-03, ⟨B·n⟩=8.0e-03, Len=sum([4.8, 4.6, 4.2])=13.6, ϰ=[4.9, 5.1, 4.7], ∫ϰ²/L>=[4.8, 6.2, 6.2], C-C-Sep=0.20, ║∇J║=3.0e-03
-----On 1/20 Initial Guess Perturbations
Iteration 1354/3500-----
J=1.2e-02, ⟨Jf⟩=1.3e-03, ⟨B·n⟩=8.0e-03, Len=sum([4.8, 4.6, 4.2])=13.6, ϰ=[5.0, 5.1, 4.7], ∫ϰ²/L>=[4.8, 6.2, 6.2], C-C-Sep=0.20, ║∇J║=4.1e-03
-----On 1/20 Initial Guess Perturbations
Iteration 1355/3500-----
J=1.2e-02, ⟨Jf⟩=1.3e-03, ⟨B·n⟩=8.1e-03, Len=sum([4.8, 4.6, 4.2])=13.6, ϰ=[5.0, 5.1, 4.7], ∫ϰ²/L>=[4.8, 6.2, 6.2], C-C-Sep=0.20, ║∇J║=3.9e-03
-----On 1/20 Initial Guess Perturbations
Iteration 1356/3500-----
J=1.2e-02, ⟨Jf⟩=1.3e-03, ⟨B·n⟩=8.1e-03, Len=sum([4.8, 4.6, 4.2])=13.6, ϰ=[5.0, 5.2, 4.7], ∫ϰ²/L>=[4.8, 6.2, 6.2], C-C-Sep=0.20, ║∇J║=4.7e-03
-----On 1/20 Initial Guess Perturbations
Iteration 1357/3500-----
J=1.2e-02, ⟨Jf⟩=1.3e-03, ⟨B·n⟩=8.1e-03, Len=sum([4.8, 4.6, 4.2])=13.6, ϰ=[5.0, 5.1, 4.7], ∫ϰ²/L>=[4.8, 6.2, 6.2], C-C-Sep=0.20, ║∇J║=3.5e-03
-----On 1/20 Initial Guess Perturbations
Iteration 1358/3500-----
J=1.2e-02, ⟨Jf⟩=1.3e-03, ⟨B·n⟩=8.1e-03, Len=sum([4.8, 4.6, 4.2])=13.6, ϰ=[5.0, 5.1, 4.7], ∫ϰ²/L>=[4.8, 6.2, 6.2], C-C-Sep=0.20, ║∇J║=2.7e-03
-----On 1/20 Initial Guess Perturbations
Iteration 1359/3500-----
J=1.2e-02, ⟨Jf⟩=1.3e-03, ⟨B·n⟩=8.1e-03, Len=sum([4.8, 4.6, 4.2])=13.6, ϰ=[5.0, 5.1, 4.7], ∫ϰ²/L>=[4.8, 6.2, 6.2], C-C-Sep=0.20, ║∇J║=2.7e-03
-----On 1/20 Initial Guess Perturbations
Iteration 1360/3500-----
J=1.2e-02, ⟨Jf⟩=1.3e-03, ⟨B·n⟩=8.1e-03, Len=sum([4.8, 4.6, 4.2])=13.6, ϰ=[5.0, 5.1, 4.7], ∫ϰ²/L>=[4.8, 6.2, 6.2], C-C-Sep=0.20, ║∇J║=2.9e-03
-----On 1/20 Initial Guess Perturbations
Iteration 1361/3500-----
J=1.2e-02, ⟨Jf⟩=1.3e-03, ⟨B·n⟩=8.1e-03, Len=sum([4.8, 4.6, 4.2])=13.6, ϰ=[5.1, 5.1, 4.6], ∫ϰ²/L>=[4.8, 6.2, 6.2], C-C-Sep=0.20, ║∇J║=3.0e-03
-----On 1/20 Initial Guess Perturbations
Iteration 1362/3500-----
J=1.2e-02, ⟨Jf⟩=1.3e-03, ⟨B·n⟩=8.0e-03, Len=sum([4.8, 4.6, 4.2])=13.6, ϰ=[5.1, 5.1, 4.6], ∫ϰ²/L>=[4.8, 6.2, 6.2], C-C-Sep=0.20, ║∇J║=3.2e-03
-----On 1/20 Initial Guess Perturbations
Iteration 1363/3500-----
J=1.2e-02, ⟨Jf⟩=1.3e-03, ⟨B·n⟩=8.0e-03, Len=sum([4.8, 4.6, 4.2])=13.6, ϰ=[5.1, 5.1, 4.6], ∫ϰ²/L>=[4.8, 6.2, 6.2], C-C-Sep=0.20, ║∇J║=3.0e-03
-----On 1/20 Initial Guess Perturbations
Iteration 1364/3500-----
J=1.2e-02, ⟨Jf⟩=1.3e-03, ⟨B·n⟩=8.1e-03, Len=sum([4.8, 4.6, 4.2])=13.6, ϰ=[5.1, 5.1, 4.5], ∫ϰ²/L>=[4.8, 6.2, 6.2], C-C-Sep=0.20, ║∇J║=3.5e-03
-----On 1/20 Initial Guess Perturbations
Iteration 1365/3500-----
J=1.2e-02, ⟨Jf⟩=1.3e-03, ⟨B·n⟩=8.1e-03, Len=sum([4.8, 4.6, 4.2])=13.6, ϰ=[5.1, 5.1, 4.6], ∫ϰ²/L>=[4.8, 6.2, 6.2], C-C-Sep=0.20, ║∇J║=2.8e-03
-----On 1/20 Initial Guess Perturbations
Iteration 1366/3500-----
J=1.2e-02, ⟨Jf⟩=1.3e-03, ⟨B·n⟩=8.1e-03, Len=sum([4.8, 4.6, 4.2])=13.6, ϰ=[5.1, 5.1, 4.6], ∫ϰ²/L>=[4.8, 6.2, 6.2], C-C-Sep=0.20, ║∇J║=2.7e-03
-----On 1/20 Initial Guess Perturbations
Iteration 1367/3500-----
J=1.2e-02, ⟨Jf⟩=1.3e-03, ⟨B·n⟩=8.1e-03, Len=sum([4.8, 4.6, 4.2])=13.6, ϰ=[5.1, 5.1, 4.6], ∫ϰ²/L>=[4.8, 6.2, 6.2], C-C-Sep=0.20, ║∇J║=2.5e-03
-----On 1/20 Initial Guess Perturbations
Iteration 1368/3500-----
J=1.2e-02, ⟨Jf⟩=1.3e-03, ⟨B·n⟩=8.1e-03, Len=sum([4.8, 4.6, 4.2])=13.6, ϰ=[5.1, 5.0, 4.6], ∫ϰ²/L>=[4.8, 6.2, 6.2], C-C-Sep=0.20, ║∇J║=3.8e-03
-----On 1/20 Initial Guess Perturbations
Iteration 1369/3500-----
J=1.2e-02, ⟨Jf⟩=1.3e-03, ⟨B·n⟩=8.1e-03, Len=sum([4.8, 4.6, 4.2])=13.6, ϰ=[5.1, 5.0, 4.6], ∫ϰ²/L>=[4.8, 6.2, 6.2], C-C-Sep=0.20, ║∇J║=3.1e-03
-----On 1/20 Initial Guess Perturbations
Iteration 1370/3500-----
J=1.2e-02, ⟨Jf⟩=1.3e-03, ⟨B·n⟩=8.1e-03, Len=sum([4.8, 4.6, 4.2])=13.6, ϰ=[5.1, 5.1, 4.6], ∫ϰ²/L>=[4.8, 6.1, 6.2], C-C-Sep=0.20, ║∇J║=3.5e-03
-----On 1/20 Initial Guess Perturbations
Iteration 1371/3500-----
J=1.2e-02, ⟨Jf⟩=1.3e-03, ⟨B·n⟩=8.0e-03, Len=sum([4.8, 4.6, 4.2])=13.6, ϰ=[5.1, 5.1, 4.6], ∫ϰ²/L>=[4.8, 6.1, 6.2], C-C-Sep=0.20, ║∇J║=3.2e-03
-----On 1/20 Initial Guess Perturbations
Iteration 1372/3500-----
J=1.2e-02, ⟨Jf⟩=1.3e-03, ⟨B·n⟩=8.1e-03, Len=sum([4.8, 4.6, 4.2])=13.6, ϰ=[5.1, 5.1, 4.6], ∫ϰ²/L>=[4.8, 6.1, 6.2], C-C-Sep=0.20, ║∇J║=2.6e-03
-----On 1/20 Initial Guess Perturbations
Iteration 1373/3500-----
J=1.2e-02, ⟨Jf⟩=1.3e-03, ⟨B·n⟩=8.1e-03, Len=sum([4.8, 4.6, 4.2])=13.6, ϰ=[5.1, 5.1, 4.5], ∫ϰ²/L>=[4.8, 6.1, 6.2], C-C-Sep=0.20, ║∇J║=2.6e-03
-----On 1/20 Initial Guess Perturbations
Iteration 1374/3500-----
J=1.2e-02, ⟨Jf⟩=1.3e-03, ⟨B·n⟩=8.1e-03, Len=sum([4.8, 4.6, 4.2])=13.6, ϰ=[5.1, 5.1, 4.5], ∫ϰ²/L>=[4.8, 6.1, 6.2], C-C-Sep=0.20, ║∇J║=2.5e-03
-----On 1/20 Initial Guess Perturbations
Iteration 1375/3500-----
J=1.2e-02, ⟨Jf⟩=1.3e-03, ⟨B·n⟩=8.1e-03, Len=sum([4.8, 4.6, 4.2])=13.6, ϰ=[5.1, 5.2, 4.5], ∫ϰ²/L>=[4.8, 6.1, 6.2], C-C-Sep=0.20, ║∇J║=3.3e-03
-----On 1/20 Initial Guess Perturbations
Iteration 1376/3500-----
J=1.2e-02, ⟨Jf⟩=1.3e-03, ⟨B·n⟩=8.1e-03, Len=sum([4.8, 4.6, 4.2])=13.6, ϰ=[5.0, 5.2, 4.5], ∫ϰ²/L>=[4.8, 6.1, 6.2], C-C-Sep=0.20, ║∇J║=3.6e-03
-----On 1/20 Initial Guess Perturbations
Iteration 1377/3500-----
J=1.2e-02, ⟨Jf⟩=1.3e-03, ⟨B·n⟩=8.1e-03, Len=sum([4.8, 4.6, 4.2])=13.6, ϰ=[5.0, 5.2, 4.5], ∫ϰ²/L>=[4.8, 6.1, 6.2], C-C-Sep=0.20, ║∇J║=3.0e-03
-----On 1/20 Initial Guess Perturbations
Iteration 1378/3500-----
J=1.2e-02, ⟨Jf⟩=1.3e-03, ⟨B·n⟩=8.1e-03, Len=sum([4.8, 4.6, 4.2])=13.6, ϰ=[5.0, 5.2, 4.5], ∫ϰ²/L>=[4.8, 6.1, 6.2], C-C-Sep=0.20, ║∇J║=3.8e-03
-----On 1/20 Initial Guess Perturbations
Iteration 1379/3500-----
J=1.2e-02, ⟨Jf⟩=1.3e-03, ⟨B·n⟩=8.1e-03, Len=sum([4.8, 4.6, 4.2])=13.6, ϰ=[5.0, 5.2, 4.5], ∫ϰ²/L>=[4.8, 6.2, 6.2], C-C-Sep=0.20, ║∇J║=3.1e-03
-----On 1/20 Initial Guess Perturbations
Iteration 1380/3500-----
J=1.2e-02, ⟨Jf⟩=1.3e-03, ⟨B·n⟩=8.1e-03, Len=sum([4.8, 4.6, 4.2])=13.6, ϰ=[5.0, 5.3, 4.5], ∫ϰ²/L>=[4.8, 6.2, 6.2], C-C-Sep=0.20, ║∇J║=3.1e-03
-----On 1/20 Initial Guess Perturbations
Iteration 1381/3500-----
J=1.2e-02, ⟨Jf⟩=1.3e-03, ⟨B·n⟩=8.1e-03, Len=sum([4.8, 4.6, 4.2])=13.6, ϰ=[5.0, 5.3, 4.5], ∫ϰ²/L>=[4.8, 6.2, 6.2], C-C-Sep=0.20, ║∇J║=2.7e-03
-----On 1/20 Initial Guess Perturbations
Iteration 1382/3500-----
J=1.2e-02, ⟨Jf⟩=1.3e-03, ⟨B·n⟩=8.1e-03, Len=sum([4.8, 4.6, 4.2])=13.6, ϰ=[4.9, 5.3, 4.6], ∫ϰ²/L>=[4.8, 6.2, 6.2], C-C-Sep=0.20, ║∇J║=3.3e-03
-----On 1/20 Initial Guess Perturbations
Iteration 1383/3500-----
J=1.2e-02, ⟨Jf⟩=1.3e-03, ⟨B·n⟩=8.1e-03, Len=sum([4.8, 4.6, 4.2])=13.6, ϰ=[4.9, 5.3, 4.6], ∫ϰ²/L>=[4.8, 6.2, 6.2], C-C-Sep=0.20, ║∇J║=3.0e-03
-----On 1/20 Initial Guess Perturbations
Iteration 1384/3500-----
J=1.2e-02, ⟨Jf⟩=1.3e-03, ⟨B·n⟩=8.1e-03, Len=sum([4.8, 4.6, 4.2])=13.6, ϰ=[4.9, 5.3, 4.6], ∫ϰ²/L>=[4.8, 6.2, 6.2], C-C-Sep=0.20, ║∇J║=3.1e-03
-----On 1/20 Initial Guess Perturbations
Iteration 1385/3500-----
J=1.2e-02, ⟨Jf⟩=1.3e-03, ⟨B·n⟩=8.1e-03, Len=sum([4.8, 4.6, 4.2])=13.6, ϰ=[4.9, 5.3, 4.6], ∫ϰ²/L>=[4.8, 6.2, 6.2], C-C-Sep=0.20, ║∇J║=2.7e-03
-----On 1/20 Initial Guess Perturbations
Iteration 1386/3500-----
J=1.2e-02, ⟨Jf⟩=1.3e-03, ⟨B·n⟩=8.1e-03, Len=sum([4.8, 4.6, 4.2])=13.6, ϰ=[4.9, 5.3, 4.6], ∫ϰ²/L>=[4.8, 6.2, 6.2], C-C-Sep=0.20, ║∇J║=3.1e-03
-----On 1/20 Initial Guess Perturbations
Iteration 1387/3500-----
J=1.2e-02, ⟨Jf⟩=1.3e-03, ⟨B·n⟩=8.1e-03, Len=sum([4.8, 4.6, 4.2])=13.6, ϰ=[4.9, 5.4, 4.7], ∫ϰ²/L>=[4.8, 6.2, 6.2], C-C-Sep=0.20, ║∇J║=2.8e-03
-----On 1/20 Initial Guess Perturbations
Iteration 1388/3500-----
J=1.2e-02, ⟨Jf⟩=1.3e-03, ⟨B·n⟩=8.1e-03, Len=sum([4.8, 4.6, 4.2])=13.6, ϰ=[4.9, 5.4, 4.7], ∫ϰ²/L>=[4.8, 6.2, 6.2], C-C-Sep=0.20, ║∇J║=3.0e-03
-----On 1/20 Initial Guess Perturbations
Iteration 1389/3500-----
J=1.2e-02, ⟨Jf⟩=1.3e-03, ⟨B·n⟩=8.1e-03, Len=sum([4.8, 4.6, 4.2])=13.6, ϰ=[4.9, 5.4, 4.7], ∫ϰ²/L>=[4.8, 6.2, 6.2], C-C-Sep=0.20, ║∇J║=3.1e-03
-----On 1/20 Initial Guess Perturbations
Iteration 1390/3500-----
J=1.2e-02, ⟨Jf⟩=1.3e-03, ⟨B·n⟩=8.1e-03, Len=sum([4.8, 4.6, 4.2])=13.6, ϰ=[4.9, 5.3, 4.7], ∫ϰ²/L>=[4.8, 6.2, 6.2], C-C-Sep=0.20, ║∇J║=3.2e-03
-----On 1/20 Initial Guess Perturbations
Iteration 1391/3500-----
J=1.2e-02, ⟨Jf⟩=1.3e-03, ⟨B·n⟩=8.1e-03, Len=sum([4.8, 4.6, 4.2])=13.6, ϰ=[4.9, 5.3, 4.7], ∫ϰ²/L>=[4.8, 6.2, 6.2], C-C-Sep=0.20, ║∇J║=3.7e-03
-----On 1/20 Initial Guess Perturbations
Iteration 1392/3500-----
J=1.2e-02, ⟨Jf⟩=1.3e-03, ⟨B·n⟩=8.1e-03, Len=sum([4.8, 4.6, 4.2])=13.6, ϰ=[4.9, 5.4, 4.7], ∫ϰ²/L>=[4.8, 6.2, 6.2], C-C-Sep=0.20, ║∇J║=5.3e-03
-----On 1/20 Initial Guess Perturbations
Iteration 1393/3500-----
J=1.2e-02, ⟨Jf⟩=1.3e-03, ⟨B·n⟩=8.1e-03, Len=sum([4.8, 4.6, 4.2])=13.6, ϰ=[4.9, 5.3, 4.7], ∫ϰ²/L>=[4.8, 6.2, 6.2], C-C-Sep=0.20, ║∇J║=3.4e-03
-----On 1/20 Initial Guess Perturbations
Iteration 1394/3500-----
J=1.2e-02, ⟨Jf⟩=1.3e-03, ⟨B·n⟩=8.1e-03, Len=sum([4.8, 4.6, 4.2])=13.6, ϰ=[4.9, 5.4, 4.7], ∫ϰ²/L>=[4.8, 6.2, 6.2], C-C-Sep=0.20, ║∇J║=3.3e-03
-----On 1/20 Initial Guess Perturbations
Iteration 1395/3500-----
J=1.2e-02, ⟨Jf⟩=1.3e-03, ⟨B·n⟩=8.1e-03, Len=sum([4.8, 4.6, 4.2])=13.6, ϰ=[4.9, 5.3, 4.7], ∫ϰ²/L>=[4.8, 6.2, 6.2], C-C-Sep=0.20, ║∇J║=2.7e-03
-----On 1/20 Initial Guess Perturbations
Iteration 1396/3500-----
J=1.2e-02, ⟨Jf⟩=1.2e-03, ⟨B·n⟩=8.1e-03, Len=sum([4.8, 4.6, 4.2])=13.6, ϰ=[4.9, 5.4, 4.7], ∫ϰ²/L>=[4.8, 6.2, 6.3], C-C-Sep=0.20, ║∇J║=3.0e-03
-----On 1/20 Initial Guess Perturbations
Iteration 1397/3500-----
J=1.2e-02, ⟨Jf⟩=1.2e-03, ⟨B·n⟩=8.1e-03, Len=sum([4.8, 4.6, 4.2])=13.6, ϰ=[4.9, 5.3, 4.7], ∫ϰ²/L>=[4.7, 6.2, 6.3], C-C-Sep=0.20, ║∇J║=3.3e-03
-----On 1/20 Initial Guess Perturbations
Iteration 1398/3500-----
J=1.2e-02, ⟨Jf⟩=1.2e-03, ⟨B·n⟩=8.1e-03, Len=sum([4.8, 4.6, 4.2])=13.6, ϰ=[4.9, 5.4, 4.7], ∫ϰ²/L>=[4.7, 6.2, 6.3], C-C-Sep=0.20, ║∇J║=3.1e-03
-----On 1/20 Initial Guess Perturbations
Iteration 1399/3500-----
J=1.2e-02, ⟨Jf⟩=1.3e-03, ⟨B·n⟩=8.1e-03, Len=sum([4.8, 4.6, 4.2])=13.6, ϰ=[4.9, 5.4, 4.7], ∫ϰ²/L>=[4.7, 6.2, 6.3], C-C-Sep=0.20, ║∇J║=3.3e-03
-----On 1/20 Initial Guess Perturbations
Iteration 1400/3500-----
J=1.2e-02, ⟨Jf⟩=1.3e-03, ⟨B·n⟩=8.1e-03, Len=sum([4.8, 4.6, 4.2])=13.6, ϰ=[4.9, 5.4, 4.7], ∫ϰ²/L>=[4.7, 6.2, 6.3], C-C-Sep=0.20, ║∇J║=3.1e-03
-----On 1/20 Initial Guess Perturbations
Iteration 1401/3500-----
J=1.2e-02, ⟨Jf⟩=1.3e-03, ⟨B·n⟩=8.1e-03, Len=sum([4.8, 4.6, 4.2])=13.6, ϰ=[4.9, 5.4, 4.8], ∫ϰ²/L>=[4.7, 6.2, 6.3], C-C-Sep=0.20, ║∇J║=3.1e-03
-----On 1/20 Initial Guess Perturbations
Iteration 1402/3500-----
J=1.2e-02, ⟨Jf⟩=1.3e-03, ⟨B·n⟩=8.1e-03, Len=sum([4.8, 4.6, 4.2])=13.6, ϰ=[4.9, 5.4, 4.8], ∫ϰ²/L>=[4.7, 6.2, 6.3], C-C-Sep=0.20, ║∇J║=3.2e-03
-----On 1/20 Initial Guess Perturbations
Iteration 1403/3500-----
J=1.2e-02, ⟨Jf⟩=1.3e-03, ⟨B·n⟩=8.1e-03, Len=sum([4.8, 4.6, 4.2])=13.6, ϰ=[4.9, 5.3, 4.8], ∫ϰ²/L>=[4.7, 6.2, 6.3], C-C-Sep=0.20, ║∇J║=2.9e-03
-----On 1/20 Initial Guess Perturbations
Iteration 1404/3500-----
J=1.2e-02, ⟨Jf⟩=1.3e-03, ⟨B·n⟩=8.1e-03, Len=sum([4.8, 4.6, 4.2])=13.6, ϰ=[4.9, 5.3, 4.8], ∫ϰ²/L>=[4.7, 6.2, 6.3], C-C-Sep=0.20, ║∇J║=3.1e-03
-----On 1/20 Initial Guess Perturbations
Iteration 1405/3500-----
J=1.2e-02, ⟨Jf⟩=1.2e-03, ⟨B·n⟩=8.1e-03, Len=sum([4.8, 4.6, 4.2])=13.6, ϰ=[4.9, 5.4, 4.8], ∫ϰ²/L>=[4.7, 6.2, 6.3], C-C-Sep=0.20, ║∇J║=3.8e-03
-----On 1/20 Initial Guess Perturbations
Iteration 1406/3500-----
J=1.2e-02, ⟨Jf⟩=1.3e-03, ⟨B·n⟩=8.1e-03, Len=sum([4.8, 4.6, 4.2])=13.6, ϰ=[4.9, 5.3, 4.7], ∫ϰ²/L>=[4.7, 6.2, 6.3], C-C-Sep=0.20, ║∇J║=4.1e-03
-----On 1/20 Initial Guess Perturbations
Iteration 1407/3500-----
J=1.2e-02, ⟨Jf⟩=1.2e-03, ⟨B·n⟩=8.1e-03, Len=sum([4.8, 4.6, 4.2])=13.6, ϰ=[4.9, 5.3, 4.8], ∫ϰ²/L>=[4.7, 6.2, 6.3], C-C-Sep=0.20, ║∇J║=4.2e-03
-----On 1/20 Initial Guess Perturbations
Iteration 1408/3500-----
J=1.2e-02, ⟨Jf⟩=1.3e-03, ⟨B·n⟩=8.1e-03, Len=sum([4.8, 4.6, 4.2])=13.6, ϰ=[4.9, 5.3, 4.8], ∫ϰ²/L>=[4.7, 6.2, 6.3], C-C-Sep=0.20, ║∇J║=4.6e-03
-----On 1/20 Initial Guess Perturbations
Iteration 1409/3500-----
J=1.2e-02, ⟨Jf⟩=1.2e-03, ⟨B·n⟩=8.1e-03, Len=sum([4.8, 4.6, 4.2])=13.6, ϰ=[4.9, 5.4, 4.8], ∫ϰ²/L>=[4.7, 6.2, 6.3], C-C-Sep=0.20, ║∇J║=3.6e-03
-----On 1/20 Initial Guess Perturbations
Iteration 1410/3500-----
J=1.2e-02, ⟨Jf⟩=1.2e-03, ⟨B·n⟩=8.1e-03, Len=sum([4.8, 4.6, 4.2])=13.6, ϰ=[4.9, 5.4, 4.8], ∫ϰ²/L>=[4.7, 6.2, 6.3], C-C-Sep=0.20, ║∇J║=3.2e-03
-----On 1/20 Initial Guess Perturbations
Iteration 1411/3500-----
J=1.2e-02, ⟨Jf⟩=1.2e-03, ⟨B·n⟩=8.1e-03, Len=sum([4.8, 4.6, 4.2])=13.6, ϰ=[4.9, 5.4, 4.8], ∫ϰ²/L>=[4.7, 6.2, 6.3], C-C-Sep=0.20, ║∇J║=3.0e-03
-----On 1/20 Initial Guess Perturbations
Iteration 1412/3500-----
J=1.2e-02, ⟨Jf⟩=1.2e-03, ⟨B·n⟩=8.1e-03, Len=sum([4.8, 4.6, 4.2])=13.6, ϰ=[4.9, 5.4, 4.8], ∫ϰ²/L>=[4.7, 6.2, 6.3], C-C-Sep=0.20, ║∇J║=2.8e-03
-----On 1/20 Initial Guess Perturbations
Iteration 1413/3500-----
J=1.2e-02, ⟨Jf⟩=1.2e-03, ⟨B·n⟩=8.1e-03, Len=sum([4.8, 4.6, 4.2])=13.6, ϰ=[4.9, 5.4, 4.8], ∫ϰ²/L>=[4.7, 6.2, 6.3], C-C-Sep=0.20, ║∇J║=2.9e-03
-----On 1/20 Initial Guess Perturbations
Iteration 1414/3500-----
J=1.2e-02, ⟨Jf⟩=1.2e-03, ⟨B·n⟩=8.1e-03, Len=sum([4.8, 4.6, 4.2])=13.6, ϰ=[4.9, 5.4, 4.7], ∫ϰ²/L>=[4.7, 6.2, 6.3], C-C-Sep=0.20, ║∇J║=2.8e-03
-----On 1/20 Initial Guess Perturbations
Iteration 1415/3500-----
J=1.2e-02, ⟨Jf⟩=1.2e-03, ⟨B·n⟩=8.1e-03, Len=sum([4.8, 4.6, 4.2])=13.6, ϰ=[4.9, 5.4, 4.7], ∫ϰ²/L>=[4.7, 6.2, 6.3], C-C-Sep=0.20, ║∇J║=2.7e-03
-----On 1/20 Initial Guess Perturbations
Iteration 1416/3500-----
J=1.2e-02, ⟨Jf⟩=1.2e-03, ⟨B·n⟩=8.1e-03, Len=sum([4.8, 4.6, 4.2])=13.6, ϰ=[4.9, 5.4, 4.7], ∫ϰ²/L>=[4.7, 6.2, 6.3], C-C-Sep=0.20, ║∇J║=2.7e-03
-----On 1/20 Initial Guess Perturbations
Iteration 1417/3500-----
J=1.2e-02, ⟨Jf⟩=1.2e-03, ⟨B·n⟩=8.1e-03, Len=sum([4.8, 4.6, 4.2])=13.6, ϰ=[4.8, 5.3, 4.7], ∫ϰ²/L>=[4.7, 6.2, 6.3], C-C-Sep=0.20, ║∇J║=3.4e-03
-----On 1/20 Initial Guess Perturbations
Iteration 1418/3500-----
J=1.2e-02, ⟨Jf⟩=1.2e-03, ⟨B·n⟩=8.1e-03, Len=sum([4.8, 4.6, 4.2])=13.6, ϰ=[4.8, 5.3, 4.7], ∫ϰ²/L>=[4.7, 6.2, 6.3], C-C-Sep=0.20, ║∇J║=2.9e-03
-----On 1/20 Initial Guess Perturbations
Iteration 1419/3500-----
J=1.2e-02, ⟨Jf⟩=1.2e-03, ⟨B·n⟩=8.1e-03, Len=sum([4.8, 4.6, 4.2])=13.6, ϰ=[4.8, 5.3, 4.7], ∫ϰ²/L>=[4.7, 6.2, 6.3], C-C-Sep=0.20, ║∇J║=3.3e-03
-----On 1/20 Initial Guess Perturbations
Iteration 1420/3500-----
J=1.2e-02, ⟨Jf⟩=1.2e-03, ⟨B·n⟩=8.0e-03, Len=sum([4.8, 4.6, 4.2])=13.6, ϰ=[4.8, 5.3, 4.7], ∫ϰ²/L>=[4.7, 6.3, 6.3], C-C-Sep=0.20, ║∇J║=4.1e-03
-----On 1/20 Initial Guess Perturbations
Iteration 1421/3500-----
J=1.2e-02, ⟨Jf⟩=1.2e-03, ⟨B·n⟩=8.1e-03, Len=sum([4.8, 4.6, 4.2])=13.6, ϰ=[4.8, 5.3, 4.7], ∫ϰ²/L>=[4.7, 6.2, 6.3], C-C-Sep=0.20, ║∇J║=4.1e-03
-----On 1/20 Initial Guess Perturbations
Iteration 1422/3500-----
J=1.2e-02, ⟨Jf⟩=1.2e-03, ⟨B·n⟩=8.1e-03, Len=sum([4.8, 4.6, 4.2])=13.6, ϰ=[4.8, 5.3, 4.6], ∫ϰ²/L>=[4.7, 6.2, 6.3], C-C-Sep=0.20, ║∇J║=2.9e-03
-----On 1/20 Initial Guess Perturbations
Iteration 1423/3500-----
J=1.2e-02, ⟨Jf⟩=1.2e-03, ⟨B·n⟩=8.1e-03, Len=sum([4.8, 4.6, 4.2])=13.6, ϰ=[4.8, 5.3, 4.6], ∫ϰ²/L>=[4.7, 6.2, 6.3], C-C-Sep=0.20, ║∇J║=2.4e-03
-----On 1/20 Initial Guess Perturbations
Iteration 1424/3500-----
J=1.2e-02, ⟨Jf⟩=1.2e-03, ⟨B·n⟩=8.1e-03, Len=sum([4.8, 4.6, 4.2])=13.6, ϰ=[4.8, 5.2, 4.6], ∫ϰ²/L>=[4.7, 6.2, 6.3], C-C-Sep=0.20, ║∇J║=2.9e-03
-----On 1/20 Initial Guess Perturbations
Iteration 1425/3500-----
J=1.2e-02, ⟨Jf⟩=1.2e-03, ⟨B·n⟩=8.1e-03, Len=sum([4.8, 4.6, 4.2])=13.6, ϰ=[4.9, 5.3, 4.6], ∫ϰ²/L>=[4.7, 6.2, 6.3], C-C-Sep=0.20, ║∇J║=3.5e-03
-----On 1/20 Initial Guess Perturbations
Iteration 1426/3500-----
J=1.2e-02, ⟨Jf⟩=1.2e-03, ⟨B·n⟩=8.1e-03, Len=sum([4.8, 4.6, 4.2])=13.6, ϰ=[4.8, 5.3, 4.6], ∫ϰ²/L>=[4.7, 6.3, 6.3], C-C-Sep=0.20, ║∇J║=2.8e-03
-----On 1/20 Initial Guess Perturbations
Iteration 1427/3500-----
J=1.2e-02, ⟨Jf⟩=1.2e-03, ⟨B·n⟩=8.1e-03, Len=sum([4.8, 4.6, 4.2])=13.6, ϰ=[4.8, 5.2, 4.6], ∫ϰ²/L>=[4.7, 6.2, 6.3], C-C-Sep=0.20, ║∇J║=3.3e-03
-----On 1/20 Initial Guess Perturbations
Iteration 1428/3500-----
J=1.2e-02, ⟨Jf⟩=1.2e-03, ⟨B·n⟩=8.1e-03, Len=sum([4.8, 4.6, 4.2])=13.6, ϰ=[4.8, 5.3, 4.6], ∫ϰ²/L>=[4.7, 6.2, 6.3], C-C-Sep=0.20, ║∇J║=2.6e-03
-----On 1/20 Initial Guess Perturbations
Iteration 1429/3500-----
J=1.2e-02, ⟨Jf⟩=1.2e-03, ⟨B·n⟩=8.1e-03, Len=sum([4.8, 4.6, 4.2])=13.6, ϰ=[4.8, 5.3, 4.5], ∫ϰ²/L>=[4.7, 6.2, 6.3], C-C-Sep=0.20, ║∇J║=3.7e-03
-----On 1/20 Initial Guess Perturbations
Iteration 1430/3500-----
J=1.2e-02, ⟨Jf⟩=1.2e-03, ⟨B·n⟩=8.1e-03, Len=sum([4.8, 4.6, 4.2])=13.6, ϰ=[4.8, 5.3, 4.5], ∫ϰ²/L>=[4.7, 6.2, 6.3], C-C-Sep=0.20, ║∇J║=3.4e-03
-----On 1/20 Initial Guess Perturbations
Iteration 1431/3500-----
J=1.2e-02, ⟨Jf⟩=1.2e-03, ⟨B·n⟩=8.1e-03, Len=sum([4.8, 4.6, 4.2])=13.6, ϰ=[4.8, 5.3, 4.5], ∫ϰ²/L>=[4.7, 6.2, 6.3], C-C-Sep=0.20, ║∇J║=2.7e-03
-----On 1/20 Initial Guess Perturbations
Iteration 1432/3500-----
J=1.2e-02, ⟨Jf⟩=1.2e-03, ⟨B·n⟩=8.1e-03, Len=sum([4.8, 4.6, 4.2])=13.6, ϰ=[4.8, 5.2, 4.5], ∫ϰ²/L>=[4.7, 6.2, 6.3], C-C-Sep=0.20, ║∇J║=3.0e-03
-----On 1/20 Initial Guess Perturbations
Iteration 1433/3500-----
J=1.2e-02, ⟨Jf⟩=1.2e-03, ⟨B·n⟩=8.1e-03, Len=sum([4.8, 4.6, 4.2])=13.6, ϰ=[4.7, 5.2, 4.5], ∫ϰ²/L>=[4.7, 6.2, 6.3], C-C-Sep=0.20, ║∇J║=3.1e-03
-----On 1/20 Initial Guess Perturbations
Iteration 1434/3500-----
J=1.2e-02, ⟨Jf⟩=1.2e-03, ⟨B·n⟩=8.1e-03, Len=sum([4.8, 4.6, 4.2])=13.6, ϰ=[4.7, 5.2, 4.5], ∫ϰ²/L>=[4.7, 6.2, 6.3], C-C-Sep=0.20, ║∇J║=2.5e-03
-----On 1/20 Initial Guess Perturbations
Iteration 1435/3500-----
J=1.2e-02, ⟨Jf⟩=1.2e-03, ⟨B·n⟩=8.1e-03, Len=sum([4.8, 4.6, 4.2])=13.6, ϰ=[4.7, 5.3, 4.5], ∫ϰ²/L>=[4.7, 6.2, 6.3], C-C-Sep=0.20, ║∇J║=3.2e-03
-----On 1/20 Initial Guess Perturbations
Iteration 1436/3500-----
J=1.2e-02, ⟨Jf⟩=1.2e-03, ⟨B·n⟩=8.1e-03, Len=sum([4.8, 4.6, 4.2])=13.6, ϰ=[4.8, 5.3, 4.5], ∫ϰ²/L>=[4.7, 6.2, 6.3], C-C-Sep=0.20, ║∇J║=3.3e-03
-----On 1/20 Initial Guess Perturbations
Iteration 1437/3500-----
J=1.2e-02, ⟨Jf⟩=1.2e-03, ⟨B·n⟩=8.1e-03, Len=sum([4.8, 4.6, 4.2])=13.6, ϰ=[4.8, 5.3, 4.6], ∫ϰ²/L>=[4.7, 6.2, 6.3], C-C-Sep=0.20, ║∇J║=3.0e-03
-----On 1/20 Initial Guess Perturbations
Iteration 1438/3500-----
J=1.2e-02, ⟨Jf⟩=1.2e-03, ⟨B·n⟩=8.1e-03, Len=sum([4.8, 4.6, 4.2])=13.6, ϰ=[4.8, 5.3, 4.6], ∫ϰ²/L>=[4.7, 6.2, 6.3], C-C-Sep=0.20, ║∇J║=4.8e-03
-----On 1/20 Initial Guess Perturbations
Iteration 1439/3500-----
J=1.2e-02, ⟨Jf⟩=1.2e-03, ⟨B·n⟩=8.1e-03, Len=sum([4.8, 4.6, 4.2])=13.6, ϰ=[4.8, 5.3, 4.6], ∫ϰ²/L>=[4.7, 6.2, 6.3], C-C-Sep=0.20, ║∇J║=2.8e-03
-----On 1/20 Initial Guess Perturbations
Iteration 1440/3500-----
J=1.2e-02, ⟨Jf⟩=1.2e-03, ⟨B·n⟩=8.1e-03, Len=sum([4.8, 4.6, 4.2])=13.6, ϰ=[4.8, 5.3, 4.6], ∫ϰ²/L>=[4.7, 6.2, 6.3], C-C-Sep=0.20, ║∇J║=2.9e-03
-----On 1/20 Initial Guess Perturbations
Iteration 1441/3500-----
J=1.2e-02, ⟨Jf⟩=1.2e-03, ⟨B·n⟩=8.1e-03, Len=sum([4.8, 4.6, 4.2])=13.6, ϰ=[4.7, 5.3, 4.5], ∫ϰ²/L>=[4.7, 6.2, 6.3], C-C-Sep=0.20, ║∇J║=2.7e-03
-----On 1/20 Initial Guess Perturbations
Iteration 1442/3500-----
J=1.2e-02, ⟨Jf⟩=1.2e-03, ⟨B·n⟩=8.1e-03, Len=sum([4.8, 4.6, 4.2])=13.6, ϰ=[4.7, 5.3, 4.5], ∫ϰ²/L>=[4.7, 6.2, 6.3], C-C-Sep=0.20, ║∇J║=3.3e-03
-----On 1/20 Initial Guess Perturbations
Iteration 1443/3500-----
J=1.2e-02, ⟨Jf⟩=1.2e-03, ⟨B·n⟩=8.1e-03, Len=sum([4.8, 4.6, 4.2])=13.6, ϰ=[4.7, 5.3, 4.5], ∫ϰ²/L>=[4.8, 6.2, 6.3], C-C-Sep=0.20, ║∇J║=3.7e-03
-----On 1/20 Initial Guess Perturbations
Iteration 1444/3500-----
J=1.2e-02, ⟨Jf⟩=1.2e-03, ⟨B·n⟩=8.1e-03, Len=sum([4.8, 4.6, 4.2])=13.6, ϰ=[4.7, 5.3, 4.5], ∫ϰ²/L>=[4.8, 6.2, 6.3], C-C-Sep=0.20, ║∇J║=3.0e-03
-----On 1/20 Initial Guess Perturbations
Iteration 1445/3500-----
J=1.2e-02, ⟨Jf⟩=1.2e-03, ⟨B·n⟩=8.1e-03, Len=sum([4.8, 4.6, 4.2])=13.6, ϰ=[4.7, 5.3, 4.5], ∫ϰ²/L>=[4.7, 6.2, 6.3], C-C-Sep=0.20, ║∇J║=2.8e-03
-----On 1/20 Initial Guess Perturbations
Iteration 1446/3500-----
J=1.2e-02, ⟨Jf⟩=1.2e-03, ⟨B·n⟩=8.1e-03, Len=sum([4.8, 4.6, 4.2])=13.6, ϰ=[4.7, 5.3, 4.5], ∫ϰ²/L>=[4.8, 6.2, 6.3], C-C-Sep=0.20, ║∇J║=2.5e-03
-----On 1/20 Initial Guess Perturbations
Iteration 1447/3500-----
J=1.2e-02, ⟨Jf⟩=1.2e-03, ⟨B·n⟩=8.1e-03, Len=sum([4.8, 4.6, 4.2])=13.6, ϰ=[4.7, 5.3, 4.5], ∫ϰ²/L>=[4.8, 6.2, 6.3], C-C-Sep=0.20, ║∇J║=2.7e-03
-----On 1/20 Initial Guess Perturbations
Iteration 1448/3500-----
J=1.2e-02, ⟨Jf⟩=1.2e-03, ⟨B·n⟩=8.1e-03, Len=sum([4.8, 4.6, 4.2])=13.6, ϰ=[4.7, 5.3, 4.4], ∫ϰ²/L>=[4.8, 6.2, 6.3], C-C-Sep=0.20, ║∇J║=3.1e-03
-----On 1/20 Initial Guess Perturbations
Iteration 1449/3500-----
J=1.2e-02, ⟨Jf⟩=1.2e-03, ⟨B·n⟩=8.1e-03, Len=sum([4.8, 4.6, 4.2])=13.6, ϰ=[4.7, 5.3, 4.5], ∫ϰ²/L>=[4.8, 6.2, 6.3], C-C-Sep=0.20, ║∇J║=2.5e-03
-----On 1/20 Initial Guess Perturbations
Iteration 1450/3500-----
J=1.2e-02, ⟨Jf⟩=1.2e-03, ⟨B·n⟩=8.1e-03, Len=sum([4.8, 4.6, 4.2])=13.6, ϰ=[4.8, 5.3, 4.4], ∫ϰ²/L>=[4.7, 6.2, 6.3], C-C-Sep=0.20, ║∇J║=4.1e-03
-----On 1/20 Initial Guess Perturbations
Iteration 1451/3500-----
J=1.2e-02, ⟨Jf⟩=1.2e-03, ⟨B·n⟩=8.1e-03, Len=sum([4.8, 4.6, 4.2])=13.6, ϰ=[4.7, 5.3, 4.4], ∫ϰ²/L>=[4.8, 6.2, 6.3], C-C-Sep=0.20, ║∇J║=3.4e-03
-----On 1/20 Initial Guess Perturbations
Iteration 1452/3500-----
J=1.2e-02, ⟨Jf⟩=1.2e-03, ⟨B·n⟩=8.1e-03, Len=sum([4.8, 4.6, 4.2])=13.6, ϰ=[4.7, 5.2, 4.5], ∫ϰ²/L>=[4.7, 6.2, 6.3], C-C-Sep=0.20, ║∇J║=4.3e-03
-----On 1/20 Initial Guess Perturbations
Iteration 1453/3500-----
J=1.2e-02, ⟨Jf⟩=1.2e-03, ⟨B·n⟩=8.1e-03, Len=sum([4.8, 4.6, 4.2])=13.6, ϰ=[4.7, 5.3, 4.4], ∫ϰ²/L>=[4.7, 6.2, 6.3], C-C-Sep=0.20, ║∇J║=2.8e-03
-----On 1/20 Initial Guess Perturbations
Iteration 1454/3500-----
J=1.2e-02, ⟨Jf⟩=1.2e-03, ⟨B·n⟩=8.1e-03, Len=sum([4.8, 4.6, 4.2])=13.6, ϰ=[4.7, 5.3, 4.4], ∫ϰ²/L>=[4.7, 6.2, 6.3], C-C-Sep=0.20, ║∇J║=2.6e-03
-----On 1/20 Initial Guess Perturbations
Iteration 1455/3500-----
J=1.2e-02, ⟨Jf⟩=1.2e-03, ⟨B·n⟩=8.1e-03, Len=sum([4.8, 4.6, 4.2])=13.6, ϰ=[4.7, 5.2, 4.4], ∫ϰ²/L>=[4.8, 6.2, 6.3], C-C-Sep=0.20, ║∇J║=2.6e-03
-----On 1/20 Initial Guess Perturbations
Iteration 1456/3500-----
J=1.2e-02, ⟨Jf⟩=1.2e-03, ⟨B·n⟩=8.1e-03, Len=sum([4.8, 4.6, 4.2])=13.6, ϰ=[4.8, 5.2, 4.5], ∫ϰ²/L>=[4.8, 6.2, 6.3], C-C-Sep=0.20, ║∇J║=2.4e-03
-----On 1/20 Initial Guess Perturbations
Iteration 1457/3500-----
J=1.2e-02, ⟨Jf⟩=1.2e-03, ⟨B·n⟩=8.1e-03, Len=sum([4.8, 4.6, 4.2])=13.6, ϰ=[4.8, 5.2, 4.5], ∫ϰ²/L>=[4.8, 6.2, 6.3], C-C-Sep=0.20, ║∇J║=2.8e-03
-----On 1/20 Initial Guess Perturbations
Iteration 1458/3500-----
J=1.2e-02, ⟨Jf⟩=1.2e-03, ⟨B·n⟩=8.1e-03, Len=sum([4.8, 4.6, 4.2])=13.6, ϰ=[4.9, 5.1, 4.5], ∫ϰ²/L>=[4.8, 6.2, 6.3], C-C-Sep=0.20, ║∇J║=3.7e-03
-----On 1/20 Initial Guess Perturbations
Iteration 1459/3500-----
J=1.2e-02, ⟨Jf⟩=1.2e-03, ⟨B·n⟩=8.1e-03, Len=sum([4.8, 4.6, 4.2])=13.6, ϰ=[4.9, 5.2, 4.5], ∫ϰ²/L>=[4.8, 6.2, 6.3], C-C-Sep=0.20, ║∇J║=3.6e-03
-----On 1/20 Initial Guess Perturbations
Iteration 1460/3500-----
J=1.2e-02, ⟨Jf⟩=1.2e-03, ⟨B·n⟩=8.1e-03, Len=sum([4.8, 4.6, 4.2])=13.6, ϰ=[4.9, 5.2, 4.5], ∫ϰ²/L>=[4.8, 6.2, 6.3], C-C-Sep=0.20, ║∇J║=3.0e-03
-----On 1/20 Initial Guess Perturbations
Iteration 1461/3500-----
J=1.2e-02, ⟨Jf⟩=1.2e-03, ⟨B·n⟩=8.1e-03, Len=sum([4.8, 4.6, 4.2])=13.6, ϰ=[4.9, 5.2, 4.5], ∫ϰ²/L>=[4.8, 6.2, 6.3], C-C-Sep=0.20, ║∇J║=3.0e-03
-----On 1/20 Initial Guess Perturbations
Iteration 1462/3500-----
J=1.2e-02, ⟨Jf⟩=1.2e-03, ⟨B·n⟩=8.1e-03, Len=sum([4.8, 4.6, 4.2])=13.6, ϰ=[4.9, 5.2, 4.5], ∫ϰ²/L>=[4.8, 6.2, 6.3], C-C-Sep=0.20, ║∇J║=2.8e-03
-----On 1/20 Initial Guess Perturbations
Iteration 1463/3500-----
J=1.2e-02, ⟨Jf⟩=1.2e-03, ⟨B·n⟩=8.1e-03, Len=sum([4.8, 4.6, 4.2])=13.6, ϰ=[4.9, 5.2, 4.4], ∫ϰ²/L>=[4.8, 6.2, 6.3], C-C-Sep=0.20, ║∇J║=2.5e-03
-----On 1/20 Initial Guess Perturbations
Iteration 1464/3500-----
J=1.2e-02, ⟨Jf⟩=1.2e-03, ⟨B·n⟩=8.1e-03, Len=sum([4.8, 4.6, 4.2])=13.6, ϰ=[5.0, 5.2, 4.5], ∫ϰ²/L>=[4.8, 6.2, 6.3], C-C-Sep=0.20, ║∇J║=2.6e-03
-----On 1/20 Initial Guess Perturbations
Iteration 1465/3500-----
J=1.2e-02, ⟨Jf⟩=1.2e-03, ⟨B·n⟩=8.1e-03, Len=sum([4.8, 4.6, 4.2])=13.6, ϰ=[5.0, 5.2, 4.5], ∫ϰ²/L>=[4.8, 6.2, 6.3], C-C-Sep=0.20, ║∇J║=2.8e-03
-----On 1/20 Initial Guess Perturbations
Iteration 1466/3500-----
J=1.2e-02, ⟨Jf⟩=1.3e-03, ⟨B·n⟩=8.1e-03, Len=sum([4.8, 4.6, 4.2])=13.6, ϰ=[5.0, 5.3, 4.6], ∫ϰ²/L>=[4.8, 6.2, 6.3], C-C-Sep=0.20, ║∇J║=2.4e-03
-----On 1/20 Initial Guess Perturbations
Iteration 1467/3500-----
J=1.2e-02, ⟨Jf⟩=1.2e-03, ⟨B·n⟩=8.1e-03, Len=sum([4.8, 4.6, 4.2])=13.6, ϰ=[5.0, 5.2, 4.6], ∫ϰ²/L>=[4.8, 6.2, 6.3], C-C-Sep=0.20, ║∇J║=3.2e-03
-----On 1/20 Initial Guess Perturbations
Iteration 1468/3500-----
J=1.2e-02, ⟨Jf⟩=1.2e-03, ⟨B·n⟩=8.1e-03, Len=sum([4.8, 4.6, 4.2])=13.6, ϰ=[5.0, 5.2, 4.6], ∫ϰ²/L>=[4.8, 6.2, 6.3], C-C-Sep=0.20, ║∇J║=2.7e-03
-----On 1/20 Initial Guess Perturbations
Iteration 1469/3500-----
J=1.2e-02, ⟨Jf⟩=1.2e-03, ⟨B·n⟩=8.1e-03, Len=sum([4.8, 4.6, 4.2])=13.6, ϰ=[5.0, 5.3, 4.6], ∫ϰ²/L>=[4.8, 6.2, 6.3], C-C-Sep=0.20, ║∇J║=2.8e-03
-----On 1/20 Initial Guess Perturbations
Iteration 1470/3500-----
J=1.2e-02, ⟨Jf⟩=1.3e-03, ⟨B·n⟩=8.1e-03, Len=sum([4.8, 4.6, 4.2])=13.6, ϰ=[5.0, 5.3, 4.5], ∫ϰ²/L>=[4.8, 6.2, 6.3], C-C-Sep=0.20, ║∇J║=3.1e-03
-----On 1/20 Initial Guess Perturbations
Iteration 1471/3500-----
J=1.2e-02, ⟨Jf⟩=1.3e-03, ⟨B·n⟩=8.1e-03, Len=sum([4.8, 4.6, 4.2])=13.6, ϰ=[5.0, 5.3, 4.5], ∫ϰ²/L>=[4.8, 6.2, 6.3], C-C-Sep=0.20, ║∇J║=2.4e-03
-----On 1/20 Initial Guess Perturbations
Iteration 1472/3500-----
J=1.2e-02, ⟨Jf⟩=1.3e-03, ⟨B·n⟩=8.1e-03, Len=sum([4.8, 4.6, 4.2])=13.6, ϰ=[5.0, 5.2, 4.5], ∫ϰ²/L>=[4.8, 6.2, 6.3], C-C-Sep=0.20, ║∇J║=2.5e-03
-----On 1/20 Initial Guess Perturbations
Iteration 1473/3500-----
J=1.2e-02, ⟨Jf⟩=1.2e-03, ⟨B·n⟩=8.1e-03, Len=sum([4.8, 4.6, 4.2])=13.6, ϰ=[5.1, 5.2, 4.6], ∫ϰ²/L>=[4.8, 6.2, 6.3], C-C-Sep=0.20, ║∇J║=3.0e-03
-----On 1/20 Initial Guess Perturbations
Iteration 1474/3500-----
J=1.2e-02, ⟨Jf⟩=1.3e-03, ⟨B·n⟩=8.1e-03, Len=sum([4.8, 4.6, 4.2])=13.6, ϰ=[5.1, 5.2, 4.5], ∫ϰ²/L>=[4.8, 6.2, 6.3], C-C-Sep=0.20, ║∇J║=2.9e-03
-----On 1/20 Initial Guess Perturbations
Iteration 1475/3500-----
J=1.2e-02, ⟨Jf⟩=1.3e-03, ⟨B·n⟩=8.1e-03, Len=sum([4.8, 4.6, 4.2])=13.6, ϰ=[5.1, 5.2, 4.5], ∫ϰ²/L>=[4.8, 6.2, 6.3], C-C-Sep=0.20, ║∇J║=3.1e-03
-----On 1/20 Initial Guess Perturbations
Iteration 1476/3500-----
J=1.2e-02, ⟨Jf⟩=1.2e-03, ⟨B·n⟩=8.1e-03, Len=sum([4.8, 4.6, 4.2])=13.6, ϰ=[5.1, 5.2, 4.6], ∫ϰ²/L>=[4.8, 6.2, 6.3], C-C-Sep=0.20, ║∇J║=3.0e-03
-----On 1/20 Initial Guess Perturbations
Iteration 1477/3500-----
J=1.2e-02, ⟨Jf⟩=1.2e-03, ⟨B·n⟩=8.1e-03, Len=sum([4.8, 4.6, 4.2])=13.6, ϰ=[5.0, 5.2, 4.5], ∫ϰ²/L>=[4.8, 6.2, 6.3], C-C-Sep=0.20, ║∇J║=2.9e-03
-----On 1/20 Initial Guess Perturbations
Iteration 1478/3500-----
J=1.2e-02, ⟨Jf⟩=1.2e-03, ⟨B·n⟩=8.1e-03, Len=sum([4.8, 4.6, 4.2])=13.6, ϰ=[5.0, 5.2, 4.5], ∫ϰ²/L>=[4.8, 6.2, 6.3], C-C-Sep=0.20, ║∇J║=3.1e-03
-----On 1/20 Initial Guess Perturbations
Iteration 1479/3500-----
J=1.2e-02, ⟨Jf⟩=1.3e-03, ⟨B·n⟩=8.1e-03, Len=sum([4.8, 4.6, 4.2])=13.6, ϰ=[5.0, 5.2, 4.6], ∫ϰ²/L>=[4.8, 6.2, 6.3], C-C-Sep=0.20, ║∇J║=3.4e-03
-----On 1/20 Initial Guess Perturbations
Iteration 1480/3500-----
J=1.2e-02, ⟨Jf⟩=1.2e-03, ⟨B·n⟩=8.1e-03, Len=sum([4.8, 4.6, 4.2])=13.6, ϰ=[5.0, 5.1, 4.6], ∫ϰ²/L>=[4.8, 6.2, 6.3], C-C-Sep=0.20, ║∇J║=3.3e-03
-----On 1/20 Initial Guess Perturbations
Iteration 1481/3500-----
J=1.2e-02, ⟨Jf⟩=1.2e-03, ⟨B·n⟩=8.1e-03, Len=sum([4.8, 4.6, 4.2])=13.6, ϰ=[5.0, 5.1, 4.6], ∫ϰ²/L>=[4.8, 6.2, 6.3], C-C-Sep=0.20, ║∇J║=2.8e-03
-----On 1/20 Initial Guess Perturbations
Iteration 1482/3500-----
J=1.2e-02, ⟨Jf⟩=1.2e-03, ⟨B·n⟩=8.1e-03, Len=sum([4.8, 4.6, 4.2])=13.6, ϰ=[5.0, 5.1, 4.6], ∫ϰ²/L>=[4.8, 6.2, 6.3], C-C-Sep=0.20, ║∇J║=2.6e-03
-----On 1/20 Initial Guess Perturbations
Iteration 1483/3500-----
J=1.2e-02, ⟨Jf⟩=1.2e-03, ⟨B·n⟩=8.1e-03, Len=sum([4.8, 4.6, 4.2])=13.6, ϰ=[5.0, 5.1, 4.6], ∫ϰ²/L>=[4.8, 6.2, 6.3], C-C-Sep=0.20, ║∇J║=2.4e-03
-----On 1/20 Initial Guess Perturbations
Iteration 1484/3500-----
J=1.2e-02, ⟨Jf⟩=1.2e-03, ⟨B·n⟩=8.1e-03, Len=sum([4.8, 4.6, 4.2])=13.6, ϰ=[4.9, 5.1, 4.6], ∫ϰ²/L>=[4.8, 6.2, 6.3], C-C-Sep=0.20, ║∇J║=2.8e-03
-----On 1/20 Initial Guess Perturbations
Iteration 1485/3500-----
J=1.2e-02, ⟨Jf⟩=1.2e-03, ⟨B·n⟩=8.1e-03, Len=sum([4.8, 4.6, 4.2])=13.6, ϰ=[4.9, 5.1, 4.6], ∫ϰ²/L>=[4.8, 6.2, 6.3], C-C-Sep=0.20, ║∇J║=3.1e-03
-----On 1/20 Initial Guess Perturbations
Iteration 1486/3500-----
J=1.2e-02, ⟨Jf⟩=1.2e-03, ⟨B·n⟩=8.1e-03, Len=sum([4.8, 4.6, 4.2])=13.6, ϰ=[4.9, 5.1, 4.6], ∫ϰ²/L>=[4.8, 6.2, 6.3], C-C-Sep=0.20, ║∇J║=2.8e-03
-----On 1/20 Initial Guess Perturbations
Iteration 1487/3500-----
J=1.2e-02, ⟨Jf⟩=1.2e-03, ⟨B·n⟩=8.1e-03, Len=sum([4.8, 4.6, 4.2])=13.6, ϰ=[4.9, 5.1, 4.6], ∫ϰ²/L>=[4.8, 6.2, 6.3], C-C-Sep=0.20, ║∇J║=2.4e-03
-----On 1/20 Initial Guess Perturbations
Iteration 1488/3500-----
J=1.2e-02, ⟨Jf⟩=1.2e-03, ⟨B·n⟩=8.1e-03, Len=sum([4.8, 4.6, 4.2])=13.6, ϰ=[4.8, 5.2, 4.6], ∫ϰ²/L>=[4.8, 6.2, 6.3], C-C-Sep=0.20, ║∇J║=3.0e-03
-----On 1/20 Initial Guess Perturbations
Iteration 1489/3500-----
J=1.2e-02, ⟨Jf⟩=1.2e-03, ⟨B·n⟩=8.1e-03, Len=sum([4.8, 4.6, 4.2])=13.6, ϰ=[4.8, 5.2, 4.6], ∫ϰ²/L>=[4.8, 6.2, 6.3], C-C-Sep=0.20, ║∇J║=2.9e-03
-----On 1/20 Initial Guess Perturbations
Iteration 1490/3500-----
J=1.2e-02, ⟨Jf⟩=1.2e-03, ⟨B·n⟩=8.1e-03, Len=sum([4.8, 4.6, 4.2])=13.6, ϰ=[4.8, 5.2, 4.6], ∫ϰ²/L>=[4.8, 6.2, 6.3], C-C-Sep=0.20, ║∇J║=3.2e-03
-----On 1/20 Initial Guess Perturbations
Iteration 1491/3500-----
J=1.2e-02, ⟨Jf⟩=1.2e-03, ⟨B·n⟩=8.1e-03, Len=sum([4.8, 4.6, 4.2])=13.6, ϰ=[4.8, 5.1, 4.6], ∫ϰ²/L>=[4.8, 6.2, 6.3], C-C-Sep=0.20, ║∇J║=2.6e-03
-----On 1/20 Initial Guess Perturbations
Iteration 1492/3500-----
J=1.2e-02, ⟨Jf⟩=1.2e-03, ⟨B·n⟩=8.1e-03, Len=sum([4.8, 4.6, 4.2])=13.6, ϰ=[4.7, 5.2, 4.6], ∫ϰ²/L>=[4.8, 6.2, 6.3], C-C-Sep=0.20, ║∇J║=3.2e-03
-----On 1/20 Initial Guess Perturbations
Iteration 1493/3500-----
J=1.2e-02, ⟨Jf⟩=1.2e-03, ⟨B·n⟩=8.1e-03, Len=sum([4.8, 4.6, 4.2])=13.6, ϰ=[4.7, 5.2, 4.7], ∫ϰ²/L>=[4.8, 6.2, 6.3], C-C-Sep=0.20, ║∇J║=3.1e-03
-----On 1/20 Initial Guess Perturbations
Iteration 1494/3500-----
J=1.2e-02, ⟨Jf⟩=1.3e-03, ⟨B·n⟩=8.1e-03, Len=sum([4.8, 4.6, 4.2])=13.6, ϰ=[4.8, 5.2, 4.6], ∫ϰ²/L>=[4.8, 6.2, 6.3], C-C-Sep=0.20, ║∇J║=3.2e-03
-----On 1/20 Initial Guess Perturbations
Iteration 1495/3500-----
J=1.2e-02, ⟨Jf⟩=1.2e-03, ⟨B·n⟩=8.1e-03, Len=sum([4.8, 4.6, 4.2])=13.6, ϰ=[4.8, 5.3, 4.6], ∫ϰ²/L>=[4.8, 6.2, 6.3], C-C-Sep=0.20, ║∇J║=3.4e-03
-----On 1/20 Initial Guess Perturbations
Iteration 1496/3500-----
J=1.2e-02, ⟨Jf⟩=1.3e-03, ⟨B·n⟩=8.1e-03, Len=sum([4.8, 4.6, 4.2])=13.6, ϰ=[4.8, 5.3, 4.7], ∫ϰ²/L>=[4.8, 6.2, 6.3], C-C-Sep=0.20, ║∇J║=3.7e-03
-----On 1/20 Initial Guess Perturbations
Iteration 1497/3500-----
J=1.2e-02, ⟨Jf⟩=1.2e-03, ⟨B·n⟩=8.1e-03, Len=sum([4.8, 4.6, 4.2])=13.6, ϰ=[4.8, 5.3, 4.7], ∫ϰ²/L>=[4.8, 6.2, 6.3], C-C-Sep=0.20, ║∇J║=3.3e-03
-----On 1/20 Initial Guess Perturbations
Iteration 1498/3500-----
J=1.2e-02, ⟨Jf⟩=1.2e-03, ⟨B·n⟩=8.1e-03, Len=sum([4.8, 4.6, 4.2])=13.6, ϰ=[4.8, 5.3, 4.7], ∫ϰ²/L>=[4.8, 6.2, 6.3], C-C-Sep=0.20, ║∇J║=2.6e-03
-----On 1/20 Initial Guess Perturbations
Iteration 1499/3500-----
J=1.2e-02, ⟨Jf⟩=1.2e-03, ⟨B·n⟩=8.1e-03, Len=sum([4.8, 4.6, 4.2])=13.6, ϰ=[4.8, 5.4, 4.7], ∫ϰ²/L>=[4.8, 6.2, 6.3], C-C-Sep=0.20, ║∇J║=2.5e-03
-----On 1/20 Initial Guess Perturbations
Iteration 1500/3500-----
J=1.2e-02, ⟨Jf⟩=1.2e-03, ⟨B·n⟩=8.1e-03, Len=sum([4.8, 4.6, 4.2])=13.6, ϰ=[4.8, 5.4, 4.7], ∫ϰ²/L>=[4.8, 6.2, 6.3], C-C-Sep=0.20, ║∇J║=2.9e-03
-----On 1/20 Initial Guess Perturbations
Iteration 1501/3500-----
J=1.2e-02, ⟨Jf⟩=1.2e-03, ⟨B·n⟩=8.1e-03, Len=sum([4.8, 4.6, 4.2])=13.6, ϰ=[4.8, 5.4, 4.7], ∫ϰ²/L>=[4.8, 6.2, 6.3], C-C-Sep=0.20, ║∇J║=3.0e-03
-----On 1/20 Initial Guess Perturbations
Iteration 1502/3500-----
J=1.2e-02, ⟨Jf⟩=1.2e-03, ⟨B·n⟩=8.1e-03, Len=sum([4.8, 4.6, 4.2])=13.6, ϰ=[4.9, 5.4, 4.7], ∫ϰ²/L>=[4.8, 6.2, 6.3], C-C-Sep=0.20, ║∇J║=2.5e-03
-----On 1/20 Initial Guess Perturbations
Iteration 1503/3500-----
J=1.2e-02, ⟨Jf⟩=1.2e-03, ⟨B·n⟩=8.1e-03, Len=sum([4.8, 4.6, 4.2])=13.6, ϰ=[4.9, 5.4, 4.6], ∫ϰ²/L>=[4.8, 6.2, 6.3], C-C-Sep=0.20, ║∇J║=3.2e-03
-----On 1/20 Initial Guess Perturbations
Iteration 1504/3500-----
J=1.2e-02, ⟨Jf⟩=1.2e-03, ⟨B·n⟩=8.1e-03, Len=sum([4.8, 4.6, 4.2])=13.6, ϰ=[4.9, 5.4, 4.6], ∫ϰ²/L>=[4.8, 6.2, 6.3], C-C-Sep=0.20, ║∇J║=3.3e-03
-----On 1/20 Initial Guess Perturbations
Iteration 1505/3500-----
J=1.2e-02, ⟨Jf⟩=1.2e-03, ⟨B·n⟩=8.1e-03, Len=sum([4.8, 4.6, 4.2])=13.6, ϰ=[4.9, 5.5, 4.6], ∫ϰ²/L>=[4.8, 6.2, 6.3], C-C-Sep=0.20, ║∇J║=4.2e-03
-----On 1/20 Initial Guess Perturbations
Iteration 1506/3500-----
J=1.2e-02, ⟨Jf⟩=1.2e-03, ⟨B·n⟩=8.1e-03, Len=sum([4.8, 4.6, 4.2])=13.6, ϰ=[4.9, 5.5, 4.6], ∫ϰ²/L>=[4.8, 6.2, 6.3], C-C-Sep=0.20, ║∇J║=3.9e-03
-----On 1/20 Initial Guess Perturbations
Iteration 1507/3500-----
J=1.2e-02, ⟨Jf⟩=1.2e-03, ⟨B·n⟩=8.1e-03, Len=sum([4.8, 4.6, 4.2])=13.6, ϰ=[4.9, 5.5, 4.6], ∫ϰ²/L>=[4.8, 6.2, 6.3], C-C-Sep=0.20, ║∇J║=2.8e-03
-----On 1/20 Initial Guess Perturbations
Iteration 1508/3500-----
J=1.2e-02, ⟨Jf⟩=1.2e-03, ⟨B·n⟩=8.1e-03, Len=sum([4.8, 4.6, 4.2])=13.6, ϰ=[4.9, 5.5, 4.6], ∫ϰ²/L>=[4.8, 6.2, 6.3], C-C-Sep=0.20, ║∇J║=3.0e-03
-----On 1/20 Initial Guess Perturbations
Iteration 1509/3500-----
J=1.2e-02, ⟨Jf⟩=1.2e-03, ⟨B·n⟩=8.1e-03, Len=sum([4.8, 4.6, 4.2])=13.6, ϰ=[5.0, 5.5, 4.6], ∫ϰ²/L>=[4.8, 6.2, 6.3], C-C-Sep=0.20, ║∇J║=3.5e-03
-----On 1/20 Initial Guess Perturbations
Iteration 1510/3500-----
J=1.2e-02, ⟨Jf⟩=1.2e-03, ⟨B·n⟩=8.1e-03, Len=sum([4.8, 4.6, 4.2])=13.6, ϰ=[5.0, 5.5, 4.6], ∫ϰ²/L>=[4.8, 6.2, 6.3], C-C-Sep=0.20, ║∇J║=3.0e-03
-----On 1/20 Initial Guess Perturbations
Iteration 1511/3500-----
J=1.2e-02, ⟨Jf⟩=1.2e-03, ⟨B·n⟩=8.1e-03, Len=sum([4.8, 4.6, 4.2])=13.6, ϰ=[5.0, 5.5, 4.6], ∫ϰ²/L>=[4.8, 6.2, 6.3], C-C-Sep=0.20, ║∇J║=3.3e-03
-----On 1/20 Initial Guess Perturbations
Iteration 1512/3500-----
J=1.2e-02, ⟨Jf⟩=1.2e-03, ⟨B·n⟩=8.1e-03, Len=sum([4.8, 4.6, 4.2])=13.6, ϰ=[5.0, 5.5, 4.6], ∫ϰ²/L>=[4.8, 6.2, 6.2], C-C-Sep=0.20, ║∇J║=2.9e-03
-----On 1/20 Initial Guess Perturbations
Iteration 1513/3500-----
J=1.2e-02, ⟨Jf⟩=1.2e-03, ⟨B·n⟩=8.1e-03, Len=sum([4.8, 4.6, 4.2])=13.6, ϰ=[5.0, 5.5, 4.6], ∫ϰ²/L>=[4.8, 6.2, 6.2], C-C-Sep=0.20, ║∇J║=2.9e-03
-----On 1/20 Initial Guess Perturbations
Iteration 1514/3500-----
J=1.2e-02, ⟨Jf⟩=1.2e-03, ⟨B·n⟩=8.1e-03, Len=sum([4.8, 4.6, 4.2])=13.6, ϰ=[5.0, 5.4, 4.6], ∫ϰ²/L>=[4.8, 6.2, 6.2], C-C-Sep=0.20, ║∇J║=2.5e-03
-----On 1/20 Initial Guess Perturbations
Iteration 1515/3500-----
J=1.2e-02, ⟨Jf⟩=1.2e-03, ⟨B·n⟩=8.1e-03, Len=sum([4.8, 4.6, 4.2])=13.6, ϰ=[5.1, 5.4, 4.6], ∫ϰ²/L>=[4.8, 6.2, 6.3], C-C-Sep=0.20, ║∇J║=2.2e-03
-----On 1/20 Initial Guess Perturbations
Iteration 1516/3500-----
J=1.2e-02, ⟨Jf⟩=1.2e-03, ⟨B·n⟩=8.1e-03, Len=sum([4.8, 4.6, 4.2])=13.6, ϰ=[5.1, 5.4, 4.6], ∫ϰ²/L>=[4.8, 6.2, 6.3], C-C-Sep=0.20, ║∇J║=2.6e-03
-----On 1/20 Initial Guess Perturbations
Iteration 1517/3500-----
J=1.2e-02, ⟨Jf⟩=1.2e-03, ⟨B·n⟩=8.1e-03, Len=sum([4.8, 4.6, 4.2])=13.6, ϰ=[5.1, 5.4, 4.6], ∫ϰ²/L>=[4.8, 6.2, 6.3], C-C-Sep=0.20, ║∇J║=3.0e-03
-----On 1/20 Initial Guess Perturbations
Iteration 1518/3500-----
J=1.2e-02, ⟨Jf⟩=1.2e-03, ⟨B·n⟩=8.1e-03, Len=sum([4.8, 4.6, 4.2])=13.6, ϰ=[5.0, 5.4, 4.6], ∫ϰ²/L>=[4.8, 6.2, 6.3], C-C-Sep=0.20, ║∇J║=2.4e-03
-----On 1/20 Initial Guess Perturbations
Iteration 1519/3500-----
J=1.2e-02, ⟨Jf⟩=1.2e-03, ⟨B·n⟩=8.1e-03, Len=sum([4.8, 4.6, 4.2])=13.6, ϰ=[5.0, 5.4, 4.6], ∫ϰ²/L>=[4.8, 6.2, 6.3], C-C-Sep=0.20, ║∇J║=2.7e-03
-----On 1/20 Initial Guess Perturbations
Iteration 1520/3500-----
J=1.2e-02, ⟨Jf⟩=1.3e-03, ⟨B·n⟩=8.1e-03, Len=sum([4.8, 4.6, 4.2])=13.6, ϰ=[5.0, 5.3, 4.6], ∫ϰ²/L>=[4.8, 6.2, 6.3], C-C-Sep=0.20, ║∇J║=3.8e-03
-----On 1/20 Initial Guess Perturbations
Iteration 1521/3500-----
J=1.2e-02, ⟨Jf⟩=1.2e-03, ⟨B·n⟩=8.1e-03, Len=sum([4.8, 4.6, 4.2])=13.6, ϰ=[5.0, 5.4, 4.7], ∫ϰ²/L>=[4.8, 6.2, 6.3], C-C-Sep=0.20, ║∇J║=3.3e-03
-----On 1/20 Initial Guess Perturbations
Iteration 1522/3500-----
J=1.2e-02, ⟨Jf⟩=1.2e-03, ⟨B·n⟩=8.1e-03, Len=sum([4.8, 4.6, 4.2])=13.6, ϰ=[4.9, 5.3, 4.7], ∫ϰ²/L>=[4.8, 6.2, 6.2], C-C-Sep=0.20, ║∇J║=3.8e-03
-----On 1/20 Initial Guess Perturbations
Iteration 1523/3500-----
J=1.2e-02, ⟨Jf⟩=1.2e-03, ⟨B·n⟩=8.1e-03, Len=sum([4.8, 4.6, 4.2])=13.6, ϰ=[4.9, 5.3, 4.7], ∫ϰ²/L>=[4.8, 6.2, 6.2], C-C-Sep=0.20, ║∇J║=3.3e-03
-----On 1/20 Initial Guess Perturbations
Iteration 1524/3500-----
J=1.2e-02, ⟨Jf⟩=1.2e-03, ⟨B·n⟩=8.1e-03, Len=sum([4.8, 4.6, 4.2])=13.6, ϰ=[5.0, 5.4, 4.7], ∫ϰ²/L>=[4.8, 6.2, 6.2], C-C-Sep=0.20, ║∇J║=2.3e-03
-----On 1/20 Initial Guess Perturbations
Iteration 1525/3500-----
J=1.2e-02, ⟨Jf⟩=1.2e-03, ⟨B·n⟩=8.1e-03, Len=sum([4.8, 4.6, 4.2])=13.6, ϰ=[4.9, 5.4, 4.6], ∫ϰ²/L>=[4.8, 6.2, 6.2], C-C-Sep=0.20, ║∇J║=2.3e-03
-----On 1/20 Initial Guess Perturbations
Iteration 1526/3500-----
J=1.2e-02, ⟨Jf⟩=1.2e-03, ⟨B·n⟩=8.1e-03, Len=sum([4.8, 4.6, 4.2])=13.6, ϰ=[4.9, 5.4, 4.7], ∫ϰ²/L>=[4.8, 6.2, 6.2], C-C-Sep=0.20, ║∇J║=2.7e-03
-----On 1/20 Initial Guess Perturbations
Iteration 1527/3500-----
J=1.2e-02, ⟨Jf⟩=1.2e-03, ⟨B·n⟩=8.1e-03, Len=sum([4.8, 4.6, 4.2])=13.6, ϰ=[4.9, 5.4, 4.6], ∫ϰ²/L>=[4.8, 6.2, 6.2], C-C-Sep=0.20, ║∇J║=3.1e-03
-----On 1/20 Initial Guess Perturbations
Iteration 1528/3500-----
J=1.2e-02, ⟨Jf⟩=1.2e-03, ⟨B·n⟩=8.1e-03, Len=sum([4.8, 4.6, 4.2])=13.6, ϰ=[4.9, 5.4, 4.6], ∫ϰ²/L>=[4.8, 6.2, 6.2], C-C-Sep=0.20, ║∇J║=2.9e-03
-----On 1/20 Initial Guess Perturbations
Iteration 1529/3500-----
J=1.2e-02, ⟨Jf⟩=1.2e-03, ⟨B·n⟩=8.1e-03, Len=sum([4.8, 4.6, 4.2])=13.6, ϰ=[4.9, 5.4, 4.6], ∫ϰ²/L>=[4.8, 6.2, 6.2], C-C-Sep=0.20, ║∇J║=2.7e-03
-----On 1/20 Initial Guess Perturbations
Iteration 1530/3500-----
J=1.2e-02, ⟨Jf⟩=1.2e-03, ⟨B·n⟩=8.1e-03, Len=sum([4.8, 4.6, 4.2])=13.6, ϰ=[5.0, 5.4, 4.6], ∫ϰ²/L>=[4.8, 6.2, 6.2], C-C-Sep=0.20, ║∇J║=2.5e-03
-----On 1/20 Initial Guess Perturbations
Iteration 1531/3500-----
J=1.2e-02, ⟨Jf⟩=1.2e-03, ⟨B·n⟩=8.1e-03, Len=sum([4.8, 4.6, 4.2])=13.6, ϰ=[5.0, 5.4, 4.5], ∫ϰ²/L>=[4.8, 6.2, 6.2], C-C-Sep=0.20, ║∇J║=3.0e-03
-----On 1/20 Initial Guess Perturbations
Iteration 1532/3500-----
J=1.2e-02, ⟨Jf⟩=1.2e-03, ⟨B·n⟩=8.1e-03, Len=sum([4.8, 4.6, 4.2])=13.6, ϰ=[4.9, 5.3, 4.5], ∫ϰ²/L>=[4.8, 6.2, 6.2], C-C-Sep=0.20, ║∇J║=2.8e-03
-----On 1/20 Initial Guess Perturbations
Iteration 1533/3500-----
J=1.2e-02, ⟨Jf⟩=1.2e-03, ⟨B·n⟩=8.1e-03, Len=sum([4.8, 4.6, 4.2])=13.6, ϰ=[4.9, 5.4, 4.6], ∫ϰ²/L>=[4.8, 6.2, 6.2], C-C-Sep=0.20, ║∇J║=3.0e-03
-----On 1/20 Initial Guess Perturbations
Iteration 1534/3500-----
J=1.2e-02, ⟨Jf⟩=1.2e-03, ⟨B·n⟩=8.1e-03, Len=sum([4.8, 4.6, 4.2])=13.6, ϰ=[4.9, 5.4, 4.6], ∫ϰ²/L>=[4.8, 6.2, 6.2], C-C-Sep=0.20, ║∇J║=2.5e-03
-----On 1/20 Initial Guess Perturbations
Iteration 1535/3500-----
J=1.2e-02, ⟨Jf⟩=1.2e-03, ⟨B·n⟩=8.1e-03, Len=sum([4.8, 4.6, 4.2])=13.6, ϰ=[4.9, 5.4, 4.6], ∫ϰ²/L>=[4.8, 6.2, 6.2], C-C-Sep=0.20, ║∇J║=2.9e-03
-----On 1/20 Initial Guess Perturbations
Iteration 1536/3500-----
J=1.2e-02, ⟨Jf⟩=1.2e-03, ⟨B·n⟩=8.1e-03, Len=sum([4.8, 4.6, 4.2])=13.6, ϰ=[4.9, 5.3, 4.6], ∫ϰ²/L>=[4.8, 6.2, 6.2], C-C-Sep=0.20, ║∇J║=3.0e-03
-----On 1/20 Initial Guess Perturbations
Iteration 1537/3500-----
J=1.2e-02, ⟨Jf⟩=1.2e-03, ⟨B·n⟩=8.1e-03, Len=sum([4.8, 4.6, 4.2])=13.6, ϰ=[4.9, 5.3, 4.6], ∫ϰ²/L>=[4.8, 6.2, 6.2], C-C-Sep=0.20, ║∇J║=3.0e-03
-----On 1/20 Initial Guess Perturbations
Iteration 1538/3500-----
J=1.2e-02, ⟨Jf⟩=1.2e-03, ⟨B·n⟩=8.1e-03, Len=sum([4.8, 4.6, 4.2])=13.6, ϰ=[4.9, 5.3, 4.6], ∫ϰ²/L>=[4.8, 6.2, 6.2], C-C-Sep=0.20, ║∇J║=3.1e-03
-----On 1/20 Initial Guess Perturbations
Iteration 1539/3500-----
J=1.2e-02, ⟨Jf⟩=1.2e-03, ⟨B·n⟩=8.1e-03, Len=sum([4.8, 4.6, 4.2])=13.6, ϰ=[4.9, 5.3, 4.6], ∫ϰ²/L>=[4.8, 6.2, 6.2], C-C-Sep=0.20, ║∇J║=2.3e-03
-----On 1/20 Initial Guess Perturbations
Iteration 1540/3500-----
J=1.2e-02, ⟨Jf⟩=1.2e-03, ⟨B·n⟩=8.1e-03, Len=sum([4.8, 4.6, 4.2])=13.6, ϰ=[4.9, 5.3, 4.6], ∫ϰ²/L>=[4.8, 6.2, 6.2], C-C-Sep=0.20, ║∇J║=2.4e-03
-----On 1/20 Initial Guess Perturbations
Iteration 1541/3500-----
J=1.2e-02, ⟨Jf⟩=1.2e-03, ⟨B·n⟩=8.1e-03, Len=sum([4.8, 4.6, 4.2])=13.6, ϰ=[4.9, 5.3, 4.6], ∫ϰ²/L>=[4.8, 6.2, 6.2], C-C-Sep=0.20, ║∇J║=2.6e-03
-----On 1/20 Initial Guess Perturbations
Iteration 1542/3500-----
J=1.2e-02, ⟨Jf⟩=1.2e-03, ⟨B·n⟩=8.1e-03, Len=sum([4.8, 4.6, 4.2])=13.6, ϰ=[5.0, 5.3, 4.5], ∫ϰ²/L>=[4.8, 6.2, 6.2], C-C-Sep=0.20, ║∇J║=2.8e-03
-----On 1/20 Initial Guess Perturbations
Iteration 1543/3500-----
J=1.2e-02, ⟨Jf⟩=1.2e-03, ⟨B·n⟩=8.1e-03, Len=sum([4.8, 4.6, 4.2])=13.6, ϰ=[4.9, 5.3, 4.5], ∫ϰ²/L>=[4.8, 6.2, 6.2], C-C-Sep=0.20, ║∇J║=2.6e-03
-----On 1/20 Initial Guess Perturbations
Iteration 1544/3500-----
J=1.2e-02, ⟨Jf⟩=1.2e-03, ⟨B·n⟩=8.1e-03, Len=sum([4.8, 4.6, 4.2])=13.6, ϰ=[4.9, 5.3, 4.5], ∫ϰ²/L>=[4.8, 6.2, 6.2], C-C-Sep=0.20, ║∇J║=3.2e-03
-----On 1/20 Initial Guess Perturbations
Iteration 1545/3500-----
J=1.2e-02, ⟨Jf⟩=1.2e-03, ⟨B·n⟩=8.1e-03, Len=sum([4.8, 4.6, 4.2])=13.6, ϰ=[4.9, 5.3, 4.5], ∫ϰ²/L>=[4.8, 6.2, 6.2], C-C-Sep=0.20, ║∇J║=3.4e-03
-----On 1/20 Initial Guess Perturbations
Iteration 1546/3500-----
J=1.2e-02, ⟨Jf⟩=1.2e-03, ⟨B·n⟩=8.1e-03, Len=sum([4.8, 4.6, 4.2])=13.6, ϰ=[4.9, 5.3, 4.6], ∫ϰ²/L>=[4.8, 6.2, 6.2], C-C-Sep=0.20, ║∇J║=3.2e-03
-----On 1/20 Initial Guess Perturbations
Iteration 1547/3500-----
J=1.2e-02, ⟨Jf⟩=1.2e-03, ⟨B·n⟩=8.1e-03, Len=sum([4.8, 4.6, 4.2])=13.6, ϰ=[4.9, 5.3, 4.5], ∫ϰ²/L>=[4.8, 6.2, 6.2], C-C-Sep=0.20, ║∇J║=2.4e-03
-----On 1/20 Initial Guess Perturbations
Iteration 1548/3500-----
J=1.2e-02, ⟨Jf⟩=1.2e-03, ⟨B·n⟩=8.1e-03, Len=sum([4.8, 4.6, 4.2])=13.6, ϰ=[4.9, 5.2, 4.6], ∫ϰ²/L>=[4.8, 6.2, 6.2], C-C-Sep=0.20, ║∇J║=2.3e-03
-----On 1/20 Initial Guess Perturbations
Iteration 1549/3500-----
J=1.2e-02, ⟨Jf⟩=1.2e-03, ⟨B·n⟩=8.1e-03, Len=sum([4.8, 4.6, 4.2])=13.6, ϰ=[4.9, 5.2, 4.6], ∫ϰ²/L>=[4.8, 6.2, 6.2], C-C-Sep=0.20, ║∇J║=2.5e-03
-----On 1/20 Initial Guess Perturbations
Iteration 1550/3500-----
J=1.2e-02, ⟨Jf⟩=1.2e-03, ⟨B·n⟩=8.1e-03, Len=sum([4.8, 4.6, 4.2])=13.6, ϰ=[4.8, 5.2, 4.6], ∫ϰ²/L>=[4.8, 6.2, 6.2], C-C-Sep=0.20, ║∇J║=2.7e-03
-----On 1/20 Initial Guess Perturbations
Iteration 1551/3500-----
J=1.2e-02, ⟨Jf⟩=1.2e-03, ⟨B·n⟩=8.1e-03, Len=sum([4.8, 4.6, 4.2])=13.6, ϰ=[4.8, 5.2, 4.6], ∫ϰ²/L>=[4.8, 6.2, 6.2], C-C-Sep=0.20, ║∇J║=2.7e-03
-----On 1/20 Initial Guess Perturbations
Iteration 1552/3500-----
J=1.2e-02, ⟨Jf⟩=1.2e-03, ⟨B·n⟩=8.1e-03, Len=sum([4.8, 4.6, 4.2])=13.6, ϰ=[4.8, 5.2, 4.6], ∫ϰ²/L>=[4.8, 6.2, 6.2], C-C-Sep=0.20, ║∇J║=3.6e-03
-----On 1/20 Initial Guess Perturbations
Iteration 1553/3500-----
J=1.2e-02, ⟨Jf⟩=1.2e-03, ⟨B·n⟩=8.1e-03, Len=sum([4.8, 4.6, 4.2])=13.6, ϰ=[4.8, 5.2, 4.6], ∫ϰ²/L>=[4.8, 6.2, 6.2], C-C-Sep=0.20, ║∇J║=3.3e-03
-----On 1/20 Initial Guess Perturbations
Iteration 1554/3500-----
J=1.2e-02, ⟨Jf⟩=1.2e-03, ⟨B·n⟩=8.1e-03, Len=sum([4.8, 4.6, 4.2])=13.6, ϰ=[4.9, 5.2, 4.6], ∫ϰ²/L>=[4.8, 6.2, 6.2], C-C-Sep=0.20, ║∇J║=3.2e-03
-----On 1/20 Initial Guess Perturbations
Iteration 1555/3500-----
J=1.2e-02, ⟨Jf⟩=1.2e-03, ⟨B·n⟩=8.1e-03, Len=sum([4.8, 4.6, 4.2])=13.6, ϰ=[4.8, 5.2, 4.7], ∫ϰ²/L>=[4.8, 6.2, 6.2], C-C-Sep=0.20, ║∇J║=2.4e-03
-----On 1/20 Initial Guess Perturbations
Iteration 1556/3500-----
J=1.2e-02, ⟨Jf⟩=1.2e-03, ⟨B·n⟩=8.1e-03, Len=sum([4.8, 4.6, 4.2])=13.6, ϰ=[4.8, 5.2, 4.7], ∫ϰ²/L>=[4.8, 6.2, 6.2], C-C-Sep=0.20, ║∇J║=2.5e-03
-----On 1/20 Initial Guess Perturbations
Iteration 1557/3500-----
J=1.2e-02, ⟨Jf⟩=1.2e-03, ⟨B·n⟩=8.1e-03, Len=sum([4.8, 4.6, 4.2])=13.6, ϰ=[4.8, 5.2, 4.7], ∫ϰ²/L>=[4.8, 6.2, 6.2], C-C-Sep=0.20, ║∇J║=2.7e-03
-----On 1/20 Initial Guess Perturbations
Iteration 1558/3500-----
J=1.2e-02, ⟨Jf⟩=1.2e-03, ⟨B·n⟩=8.1e-03, Len=sum([4.8, 4.6, 4.2])=13.6, ϰ=[4.8, 5.1, 4.7], ∫ϰ²/L>=[4.8, 6.2, 6.2], C-C-Sep=0.20, ║∇J║=2.6e-03
-----On 1/20 Initial Guess Perturbations
Iteration 1559/3500-----
J=1.2e-02, ⟨Jf⟩=1.2e-03, ⟨B·n⟩=8.1e-03, Len=sum([4.8, 4.6, 4.2])=13.6, ϰ=[4.8, 5.2, 4.7], ∫ϰ²/L>=[4.8, 6.1, 6.2], C-C-Sep=0.20, ║∇J║=2.7e-03
-----On 1/20 Initial Guess Perturbations
Iteration 1560/3500-----
J=1.2e-02, ⟨Jf⟩=1.2e-03, ⟨B·n⟩=8.1e-03, Len=sum([4.8, 4.6, 4.2])=13.6, ϰ=[4.8, 5.2, 4.7], ∫ϰ²/L>=[4.8, 6.1, 6.2], C-C-Sep=0.20, ║∇J║=2.9e-03
-----On 1/20 Initial Guess Perturbations
Iteration 1561/3500-----
J=1.2e-02, ⟨Jf⟩=1.2e-03, ⟨B·n⟩=8.1e-03, Len=sum([4.8, 4.6, 4.2])=13.6, ϰ=[4.8, 5.2, 4.7], ∫ϰ²/L>=[4.8, 6.1, 6.2], C-C-Sep=0.20, ║∇J║=2.6e-03
-----On 1/20 Initial Guess Perturbations
Iteration 1562/3500-----
J=1.2e-02, ⟨Jf⟩=1.2e-03, ⟨B·n⟩=8.1e-03, Len=sum([4.8, 4.6, 4.2])=13.6, ϰ=[4.8, 5.1, 4.7], ∫ϰ²/L>=[4.8, 6.1, 6.2], C-C-Sep=0.20, ║∇J║=2.6e-03
-----On 1/20 Initial Guess Perturbations
Iteration 1563/3500-----
J=1.2e-02, ⟨Jf⟩=1.2e-03, ⟨B·n⟩=8.1e-03, Len=sum([4.8, 4.6, 4.2])=13.6, ϰ=[4.8, 5.1, 4.7], ∫ϰ²/L>=[4.8, 6.1, 6.2], C-C-Sep=0.20, ║∇J║=2.2e-03
-----On 1/20 Initial Guess Perturbations
Iteration 1564/3500-----
J=1.2e-02, ⟨Jf⟩=1.2e-03, ⟨B·n⟩=8.1e-03, Len=sum([4.8, 4.6, 4.2])=13.6, ϰ=[4.8, 5.1, 4.7], ∫ϰ²/L>=[4.8, 6.1, 6.2], C-C-Sep=0.20, ║∇J║=2.4e-03
-----On 1/20 Initial Guess Perturbations
Iteration 1565/3500-----
J=1.2e-02, ⟨Jf⟩=1.2e-03, ⟨B·n⟩=8.1e-03, Len=sum([4.8, 4.6, 4.2])=13.6, ϰ=[4.8, 5.2, 4.6], ∫ϰ²/L>=[4.8, 6.1, 6.2], C-C-Sep=0.20, ║∇J║=2.8e-03
-----On 1/20 Initial Guess Perturbations
Iteration 1566/3500-----
J=1.2e-02, ⟨Jf⟩=1.2e-03, ⟨B·n⟩=8.1e-03, Len=sum([4.8, 4.6, 4.2])=13.6, ϰ=[4.8, 5.2, 4.7], ∫ϰ²/L>=[4.8, 6.1, 6.2], C-C-Sep=0.20, ║∇J║=3.4e-03
-----On 1/20 Initial Guess Perturbations
Iteration 1567/3500-----
J=1.2e-02, ⟨Jf⟩=1.2e-03, ⟨B·n⟩=8.1e-03, Len=sum([4.8, 4.6, 4.2])=13.6, ϰ=[4.8, 5.1, 4.7], ∫ϰ²/L>=[4.8, 6.1, 6.2], C-C-Sep=0.20, ║∇J║=3.8e-03
-----On 1/20 Initial Guess Perturbations
Iteration 1568/3500-----
J=1.2e-02, ⟨Jf⟩=1.2e-03, ⟨B·n⟩=8.1e-03, Len=sum([4.8, 4.6, 4.2])=13.6, ϰ=[4.8, 5.1, 4.7], ∫ϰ²/L>=[4.8, 6.1, 6.2], C-C-Sep=0.20, ║∇J║=3.4e-03
-----On 1/20 Initial Guess Perturbations
Iteration 1569/3500-----
J=1.2e-02, ⟨Jf⟩=1.2e-03, ⟨B·n⟩=8.1e-03, Len=sum([4.8, 4.6, 4.2])=13.6, ϰ=[4.8, 5.1, 4.6], ∫ϰ²/L>=[4.8, 6.1, 6.2], C-C-Sep=0.20, ║∇J║=3.0e-03
-----On 1/20 Initial Guess Perturbations
Iteration 1570/3500-----
J=1.2e-02, ⟨Jf⟩=1.2e-03, ⟨B·n⟩=8.1e-03, Len=sum([4.8, 4.6, 4.2])=13.6, ϰ=[4.8, 5.1, 4.7], ∫ϰ²/L>=[4.8, 6.1, 6.2], C-C-Sep=0.20, ║∇J║=3.0e-03
-----On 1/20 Initial Guess Perturbations
Iteration 1571/3500-----
J=1.2e-02, ⟨Jf⟩=1.2e-03, ⟨B·n⟩=8.1e-03, Len=sum([4.8, 4.6, 4.2])=13.6, ϰ=[4.8, 5.2, 4.7], ∫ϰ²/L>=[4.8, 6.1, 6.2], C-C-Sep=0.20, ║∇J║=2.6e-03
-----On 1/20 Initial Guess Perturbations
Iteration 1572/3500-----
J=1.2e-02, ⟨Jf⟩=1.2e-03, ⟨B·n⟩=8.1e-03, Len=sum([4.8, 4.6, 4.2])=13.6, ϰ=[4.8, 5.2, 4.7], ∫ϰ²/L>=[4.8, 6.1, 6.2], C-C-Sep=0.20, ║∇J║=2.3e-03
-----On 1/20 Initial Guess Perturbations
Iteration 1573/3500-----
J=1.2e-02, ⟨Jf⟩=1.2e-03, ⟨B·n⟩=8.1e-03, Len=sum([4.8, 4.6, 4.2])=13.6, ϰ=[4.8, 5.2, 4.7], ∫ϰ²/L>=[4.8, 6.1, 6.2], C-C-Sep=0.20, ║∇J║=2.3e-03
-----On 1/20 Initial Guess Perturbations
Iteration 1574/3500-----
J=1.2e-02, ⟨Jf⟩=1.2e-03, ⟨B·n⟩=8.1e-03, Len=sum([4.8, 4.6, 4.2])=13.6, ϰ=[4.8, 5.2, 4.7], ∫ϰ²/L>=[4.8, 6.1, 6.2], C-C-Sep=0.20, ║∇J║=2.3e-03
-----On 1/20 Initial Guess Perturbations
Iteration 1575/3500-----
J=1.2e-02, ⟨Jf⟩=1.2e-03, ⟨B·n⟩=8.1e-03, Len=sum([4.8, 4.6, 4.2])=13.6, ϰ=[4.8, 5.2, 4.7], ∫ϰ²/L>=[4.8, 6.1, 6.2], C-C-Sep=0.20, ║∇J║=2.7e-03
-----On 1/20 Initial Guess Perturbations
Iteration 1576/3500-----
J=1.2e-02, ⟨Jf⟩=1.2e-03, ⟨B·n⟩=8.1e-03, Len=sum([4.8, 4.6, 4.2])=13.6, ϰ=[4.8, 5.3, 4.7], ∫ϰ²/L>=[4.8, 6.2, 6.2], C-C-Sep=0.20, ║∇J║=3.1e-03
-----On 1/20 Initial Guess Perturbations
Iteration 1577/3500-----
J=1.2e-02, ⟨Jf⟩=1.2e-03, ⟨B·n⟩=8.1e-03, Len=sum([4.8, 4.6, 4.2])=13.6, ϰ=[4.8, 5.3, 4.7], ∫ϰ²/L>=[4.8, 6.1, 6.2], C-C-Sep=0.20, ║∇J║=3.8e-03
-----On 1/20 Initial Guess Perturbations
Iteration 1578/3500-----
J=1.2e-02, ⟨Jf⟩=1.2e-03, ⟨B·n⟩=8.1e-03, Len=sum([4.8, 4.6, 4.2])=13.6, ϰ=[4.8, 5.3, 4.7], ∫ϰ²/L>=[4.7, 6.1, 6.2], C-C-Sep=0.20, ║∇J║=3.1e-03
-----On 1/20 Initial Guess Perturbations
Iteration 1579/3500-----
J=1.2e-02, ⟨Jf⟩=1.2e-03, ⟨B·n⟩=8.1e-03, Len=sum([4.8, 4.6, 4.2])=13.6, ϰ=[4.8, 5.3, 4.7], ∫ϰ²/L>=[4.7, 6.1, 6.2], C-C-Sep=0.20, ║∇J║=3.0e-03
-----On 1/20 Initial Guess Perturbations
Iteration 1580/3500-----
J=1.2e-02, ⟨Jf⟩=1.2e-03, ⟨B·n⟩=8.1e-03, Len=sum([4.8, 4.6, 4.2])=13.6, ϰ=[4.8, 5.3, 4.6], ∫ϰ²/L>=[4.7, 6.1, 6.2], C-C-Sep=0.20, ║∇J║=2.0e-03
-----On 1/20 Initial Guess Perturbations
Iteration 1581/3500-----
J=1.2e-02, ⟨Jf⟩=1.2e-03, ⟨B·n⟩=8.1e-03, Len=sum([4.8, 4.6, 4.2])=13.6, ϰ=[4.8, 5.3, 4.6], ∫ϰ²/L>=[4.7, 6.1, 6.2], C-C-Sep=0.20, ║∇J║=2.4e-03
-----On 1/20 Initial Guess Perturbations
Iteration 1582/3500-----
J=1.2e-02, ⟨Jf⟩=1.2e-03, ⟨B·n⟩=8.1e-03, Len=sum([4.8, 4.6, 4.2])=13.6, ϰ=[4.8, 5.3, 4.6], ∫ϰ²/L>=[4.8, 6.1, 6.2], C-C-Sep=0.20, ║∇J║=2.5e-03
-----On 1/20 Initial Guess Perturbations
Iteration 1583/3500-----
J=1.2e-02, ⟨Jf⟩=1.2e-03, ⟨B·n⟩=8.1e-03, Len=sum([4.8, 4.6, 4.2])=13.6, ϰ=[4.8, 5.3, 4.5], ∫ϰ²/L>=[4.8, 6.1, 6.2], C-C-Sep=0.20, ║∇J║=2.3e-03
-----On 1/20 Initial Guess Perturbations
Iteration 1584/3500-----
J=1.2e-02, ⟨Jf⟩=1.2e-03, ⟨B·n⟩=8.1e-03, Len=sum([4.8, 4.6, 4.2])=13.6, ϰ=[4.8, 5.2, 4.5], ∫ϰ²/L>=[4.8, 6.1, 6.2], C-C-Sep=0.20, ║∇J║=2.2e-03
-----On 1/20 Initial Guess Perturbations
Iteration 1585/3500-----
J=1.2e-02, ⟨Jf⟩=1.2e-03, ⟨B·n⟩=8.1e-03, Len=sum([4.8, 4.6, 4.2])=13.6, ϰ=[4.8, 5.2, 4.5], ∫ϰ²/L>=[4.8, 6.1, 6.2], C-C-Sep=0.20, ║∇J║=2.5e-03
-----On 1/20 Initial Guess Perturbations
Iteration 1586/3500-----
J=1.2e-02, ⟨Jf⟩=1.2e-03, ⟨B·n⟩=8.1e-03, Len=sum([4.8, 4.6, 4.2])=13.6, ϰ=[4.8, 5.2, 4.5], ∫ϰ²/L>=[4.8, 6.1, 6.2], C-C-Sep=0.20, ║∇J║=2.5e-03
-----On 1/20 Initial Guess Perturbations
Iteration 1587/3500-----
J=1.2e-02, ⟨Jf⟩=1.2e-03, ⟨B·n⟩=8.1e-03, Len=sum([4.8, 4.6, 4.2])=13.6, ϰ=[4.8, 5.2, 4.5], ∫ϰ²/L>=[4.8, 6.1, 6.2], C-C-Sep=0.20, ║∇J║=2.5e-03
-----On 1/20 Initial Guess Perturbations
Iteration 1588/3500-----
J=1.2e-02, ⟨Jf⟩=1.2e-03, ⟨B·n⟩=8.1e-03, Len=sum([4.8, 4.6, 4.2])=13.6, ϰ=[4.8, 5.2, 4.5], ∫ϰ²/L>=[4.7, 6.1, 6.2], C-C-Sep=0.20, ║∇J║=2.4e-03
-----On 1/20 Initial Guess Perturbations
Iteration 1589/3500-----
J=1.2e-02, ⟨Jf⟩=1.2e-03, ⟨B·n⟩=8.1e-03, Len=sum([4.8, 4.6, 4.2])=13.6, ϰ=[4.8, 5.2, 4.5], ∫ϰ²/L>=[4.7, 6.2, 6.2], C-C-Sep=0.20, ║∇J║=2.3e-03
-----On 1/20 Initial Guess Perturbations
Iteration 1590/3500-----
J=1.2e-02, ⟨Jf⟩=1.2e-03, ⟨B·n⟩=8.1e-03, Len=sum([4.8, 4.6, 4.2])=13.6, ϰ=[4.7, 5.2, 4.6], ∫ϰ²/L>=[4.8, 6.2, 6.2], C-C-Sep=0.20, ║∇J║=2.4e-03
-----On 1/20 Initial Guess Perturbations
Iteration 1591/3500-----
J=1.2e-02, ⟨Jf⟩=1.2e-03, ⟨B·n⟩=8.1e-03, Len=sum([4.8, 4.6, 4.2])=13.6, ϰ=[4.7, 5.2, 4.6], ∫ϰ²/L>=[4.8, 6.2, 6.2], C-C-Sep=0.20, ║∇J║=3.0e-03
-----On 1/20 Initial Guess Perturbations
Iteration 1592/3500-----
J=1.2e-02, ⟨Jf⟩=1.2e-03, ⟨B·n⟩=8.1e-03, Len=sum([4.8, 4.6, 4.2])=13.6, ϰ=[4.7, 5.2, 4.5], ∫ϰ²/L>=[4.8, 6.2, 6.2], C-C-Sep=0.20, ║∇J║=3.0e-03
-----On 1/20 Initial Guess Perturbations
Iteration 1593/3500-----
J=1.2e-02, ⟨Jf⟩=1.2e-03, ⟨B·n⟩=8.1e-03, Len=sum([4.8, 4.6, 4.2])=13.6, ϰ=[4.7, 5.2, 4.5], ∫ϰ²/L>=[4.7, 6.2, 6.2], C-C-Sep=0.20, ║∇J║=2.9e-03
-----On 1/20 Initial Guess Perturbations
Iteration 1594/3500-----
J=1.2e-02, ⟨Jf⟩=1.2e-03, ⟨B·n⟩=8.1e-03, Len=sum([4.8, 4.6, 4.2])=13.6, ϰ=[4.8, 5.2, 4.5], ∫ϰ²/L>=[4.8, 6.2, 6.2], C-C-Sep=0.20, ║∇J║=2.4e-03
-----On 1/20 Initial Guess Perturbations
Iteration 1595/3500-----
J=1.2e-02, ⟨Jf⟩=1.2e-03, ⟨B·n⟩=8.1e-03, Len=sum([4.8, 4.6, 4.2])=13.6, ϰ=[4.8, 5.2, 4.5], ∫ϰ²/L>=[4.8, 6.2, 6.2], C-C-Sep=0.20, ║∇J║=2.9e-03
-----On 1/20 Initial Guess Perturbations
Iteration 1596/3500-----
J=1.2e-02, ⟨Jf⟩=1.2e-03, ⟨B·n⟩=8.1e-03, Len=sum([4.8, 4.6, 4.2])=13.6, ϰ=[4.8, 5.2, 4.5], ∫ϰ²/L>=[4.8, 6.2, 6.2], C-C-Sep=0.20, ║∇J║=3.1e-03
-----On 1/20 Initial Guess Perturbations
Iteration 1597/3500-----
J=1.2e-02, ⟨Jf⟩=1.2e-03, ⟨B·n⟩=8.1e-03, Len=sum([4.8, 4.6, 4.2])=13.6, ϰ=[4.8, 5.2, 4.5], ∫ϰ²/L>=[4.8, 6.2, 6.2], C-C-Sep=0.20, ║∇J║=2.6e-03
-----On 1/20 Initial Guess Perturbations
Iteration 1598/3500-----
J=1.2e-02, ⟨Jf⟩=1.2e-03, ⟨B·n⟩=8.1e-03, Len=sum([4.8, 4.6, 4.2])=13.6, ϰ=[4.8, 5.2, 4.5], ∫ϰ²/L>=[4.8, 6.2, 6.2], C-C-Sep=0.20, ║∇J║=2.5e-03
-----On 1/20 Initial Guess Perturbations
Iteration 1599/3500-----
J=1.2e-02, ⟨Jf⟩=1.2e-03, ⟨B·n⟩=8.1e-03, Len=sum([4.8, 4.6, 4.2])=13.6, ϰ=[4.8, 5.2, 4.5], ∫ϰ²/L>=[4.8, 6.2, 6.2], C-C-Sep=0.20, ║∇J║=2.8e-03
-----On 1/20 Initial Guess Perturbations
Iteration 1600/3500-----
J=1.2e-02, ⟨Jf⟩=1.2e-03, ⟨B·n⟩=8.1e-03, Len=sum([4.8, 4.6, 4.2])=13.6, ϰ=[4.8, 5.2, 4.4], ∫ϰ²/L>=[4.8, 6.2, 6.2], C-C-Sep=0.20, ║∇J║=2.3e-03
-----On 1/20 Initial Guess Perturbations
Iteration 1601/3500-----
J=1.2e-02, ⟨Jf⟩=1.2e-03, ⟨B·n⟩=8.1e-03, Len=sum([4.8, 4.6, 4.2])=13.6, ϰ=[4.8, 5.2, 4.4], ∫ϰ²/L>=[4.8, 6.2, 6.2], C-C-Sep=0.20, ║∇J║=3.3e-03
-----On 1/20 Initial Guess Perturbations
Iteration 1602/3500-----
J=1.2e-02, ⟨Jf⟩=1.2e-03, ⟨B·n⟩=8.1e-03, Len=sum([4.8, 4.6, 4.2])=13.6, ϰ=[4.8, 5.2, 4.4], ∫ϰ²/L>=[4.7, 6.2, 6.2], C-C-Sep=0.20, ║∇J║=3.3e-03
-----On 1/20 Initial Guess Perturbations
Iteration 1603/3500-----
J=1.2e-02, ⟨Jf⟩=1.2e-03, ⟨B·n⟩=8.1e-03, Len=sum([4.8, 4.6, 4.2])=13.6, ϰ=[4.8, 5.2, 4.3], ∫ϰ²/L>=[4.7, 6.2, 6.2], C-C-Sep=0.20, ║∇J║=3.0e-03
-----On 1/20 Initial Guess Perturbations
Iteration 1604/3500-----
J=1.2e-02, ⟨Jf⟩=1.2e-03, ⟨B·n⟩=8.1e-03, Len=sum([4.8, 4.6, 4.2])=13.6, ϰ=[4.8, 5.2, 4.3], ∫ϰ²/L>=[4.8, 6.2, 6.2], C-C-Sep=0.20, ║∇J║=2.7e-03
-----On 1/20 Initial Guess Perturbations
Iteration 1605/3500-----
J=1.2e-02, ⟨Jf⟩=1.2e-03, ⟨B·n⟩=8.1e-03, Len=sum([4.8, 4.6, 4.2])=13.6, ϰ=[4.8, 5.2, 4.3], ∫ϰ²/L>=[4.8, 6.2, 6.2], C-C-Sep=0.20, ║∇J║=2.6e-03
-----On 1/20 Initial Guess Perturbations
Iteration 1606/3500-----
J=1.2e-02, ⟨Jf⟩=1.2e-03, ⟨B·n⟩=8.1e-03, Len=sum([4.8, 4.6, 4.2])=13.6, ϰ=[4.9, 5.3, 4.3], ∫ϰ²/L>=[4.8, 6.2, 6.2], C-C-Sep=0.20, ║∇J║=2.4e-03
-----On 1/20 Initial Guess Perturbations
Iteration 1607/3500-----
J=1.2e-02, ⟨Jf⟩=1.2e-03, ⟨B·n⟩=8.1e-03, Len=sum([4.8, 4.6, 4.2])=13.6, ϰ=[4.8, 5.3, 4.3], ∫ϰ²/L>=[4.8, 6.2, 6.2], C-C-Sep=0.20, ║∇J║=2.6e-03
-----On 1/20 Initial Guess Perturbations
Iteration 1608/3500-----
J=1.2e-02, ⟨Jf⟩=1.2e-03, ⟨B·n⟩=8.1e-03, Len=sum([4.8, 4.6, 4.2])=13.6, ϰ=[4.8, 5.3, 4.3], ∫ϰ²/L>=[4.8, 6.2, 6.2], C-C-Sep=0.20, ║∇J║=2.6e-03
-----On 1/20 Initial Guess Perturbations
Iteration 1609/3500-----
J=1.2e-02, ⟨Jf⟩=1.2e-03, ⟨B·n⟩=8.1e-03, Len=sum([4.8, 4.6, 4.2])=13.6, ϰ=[4.8, 5.3, 4.3], ∫ϰ²/L>=[4.8, 6.2, 6.2], C-C-Sep=0.20, ║∇J║=2.6e-03
-----On 1/20 Initial Guess Perturbations
Iteration 1610/3500-----
J=1.2e-02, ⟨Jf⟩=1.2e-03, ⟨B·n⟩=8.1e-03, Len=sum([4.8, 4.6, 4.2])=13.6, ϰ=[4.8, 5.3, 4.4], ∫ϰ²/L>=[4.8, 6.2, 6.2], C-C-Sep=0.20, ║∇J║=2.2e-03
-----On 1/20 Initial Guess Perturbations
Iteration 1611/3500-----
J=1.2e-02, ⟨Jf⟩=1.2e-03, ⟨B·n⟩=8.1e-03, Len=sum([4.8, 4.6, 4.2])=13.6, ϰ=[4.9, 5.3, 4.4], ∫ϰ²/L>=[4.8, 6.2, 6.2], C-C-Sep=0.20, ║∇J║=2.3e-03
-----On 1/20 Initial Guess Perturbations
Iteration 1612/3500-----
J=1.2e-02, ⟨Jf⟩=1.2e-03, ⟨B·n⟩=8.1e-03, Len=sum([4.8, 4.6, 4.2])=13.6, ϰ=[4.9, 5.3, 4.4], ∫ϰ²/L>=[4.8, 6.2, 6.2], C-C-Sep=0.20, ║∇J║=3.0e-03
-----On 1/20 Initial Guess Perturbations
Iteration 1613/3500-----
J=1.2e-02, ⟨Jf⟩=1.2e-03, ⟨B·n⟩=8.1e-03, Len=sum([4.8, 4.6, 4.2])=13.6, ϰ=[4.9, 5.3, 4.5], ∫ϰ²/L>=[4.8, 6.2, 6.2], C-C-Sep=0.20, ║∇J║=2.7e-03
-----On 1/20 Initial Guess Perturbations
Iteration 1614/3500-----
J=1.2e-02, ⟨Jf⟩=1.2e-03, ⟨B·n⟩=8.1e-03, Len=sum([4.8, 4.6, 4.2])=13.6, ϰ=[4.9, 5.3, 4.5], ∫ϰ²/L>=[4.8, 6.2, 6.2], C-C-Sep=0.20, ║∇J║=2.4e-03
-----On 1/20 Initial Guess Perturbations
Iteration 1615/3500-----
J=1.2e-02, ⟨Jf⟩=1.2e-03, ⟨B·n⟩=8.1e-03, Len=sum([4.8, 4.6, 4.2])=13.6, ϰ=[4.9, 5.3, 4.5], ∫ϰ²/L>=[4.8, 6.2, 6.2], C-C-Sep=0.20, ║∇J║=2.3e-03
-----On 1/20 Initial Guess Perturbations
Iteration 1616/3500-----
J=1.2e-02, ⟨Jf⟩=1.2e-03, ⟨B·n⟩=8.1e-03, Len=sum([4.8, 4.6, 4.2])=13.6, ϰ=[4.9, 5.3, 4.5], ∫ϰ²/L>=[4.8, 6.2, 6.2], C-C-Sep=0.20, ║∇J║=2.3e-03
-----On 1/20 Initial Guess Perturbations
Iteration 1617/3500-----
J=1.2e-02, ⟨Jf⟩=1.2e-03, ⟨B·n⟩=8.1e-03, Len=sum([4.8, 4.6, 4.2])=13.6, ϰ=[4.9, 5.3, 4.5], ∫ϰ²/L>=[4.8, 6.2, 6.2], C-C-Sep=0.20, ║∇J║=2.1e-03
-----On 1/20 Initial Guess Perturbations
Iteration 1618/3500-----
J=1.2e-02, ⟨Jf⟩=1.2e-03, ⟨B·n⟩=8.1e-03, Len=sum([4.8, 4.6, 4.2])=13.6, ϰ=[4.9, 5.3, 4.5], ∫ϰ²/L>=[4.8, 6.2, 6.2], C-C-Sep=0.20, ║∇J║=2.0e-03
-----On 1/20 Initial Guess Perturbations
Iteration 1619/3500-----
J=1.2e-02, ⟨Jf⟩=1.2e-03, ⟨B·n⟩=8.1e-03, Len=sum([4.8, 4.6, 4.2])=13.6, ϰ=[4.9, 5.3, 4.6], ∫ϰ²/L>=[4.8, 6.2, 6.2], C-C-Sep=0.20, ║∇J║=2.3e-03
-----On 1/20 Initial Guess Perturbations
Iteration 1620/3500-----
J=1.2e-02, ⟨Jf⟩=1.2e-03, ⟨B·n⟩=8.1e-03, Len=sum([4.8, 4.6, 4.2])=13.6, ϰ=[4.9, 5.3, 4.6], ∫ϰ²/L>=[4.8, 6.2, 6.2], C-C-Sep=0.20, ║∇J║=2.5e-03
-----On 1/20 Initial Guess Perturbations
Iteration 1621/3500-----
J=1.2e-02, ⟨Jf⟩=1.2e-03, ⟨B·n⟩=8.1e-03, Len=sum([4.8, 4.6, 4.2])=13.6, ϰ=[4.9, 5.3, 4.6], ∫ϰ²/L>=[4.8, 6.2, 6.2], C-C-Sep=0.20, ║∇J║=2.5e-03
-----On 1/20 Initial Guess Perturbations
Iteration 1622/3500-----
J=1.2e-02, ⟨Jf⟩=1.2e-03, ⟨B·n⟩=8.1e-03, Len=sum([4.8, 4.6, 4.2])=13.6, ϰ=[4.9, 5.2, 4.6], ∫ϰ²/L>=[4.8, 6.2, 6.2], C-C-Sep=0.20, ║∇J║=2.9e-03
-----On 1/20 Initial Guess Perturbations
Iteration 1623/3500-----
J=1.2e-02, ⟨Jf⟩=1.2e-03, ⟨B·n⟩=8.1e-03, Len=sum([4.8, 4.6, 4.2])=13.6, ϰ=[4.9, 5.2, 4.6], ∫ϰ²/L>=[4.8, 6.2, 6.2], C-C-Sep=0.20, ║∇J║=3.4e-03
-----On 1/20 Initial Guess Perturbations
Iteration 1624/3500-----
J=1.2e-02, ⟨Jf⟩=1.2e-03, ⟨B·n⟩=8.1e-03, Len=sum([4.8, 4.6, 4.2])=13.6, ϰ=[4.9, 5.3, 4.6], ∫ϰ²/L>=[4.8, 6.2, 6.2], C-C-Sep=0.20, ║∇J║=2.3e-03
-----On 1/20 Initial Guess Perturbations
Iteration 1625/3500-----
J=1.2e-02, ⟨Jf⟩=1.2e-03, ⟨B·n⟩=8.1e-03, Len=sum([4.8, 4.6, 4.2])=13.6, ϰ=[4.9, 5.3, 4.6], ∫ϰ²/L>=[4.8, 6.2, 6.2], C-C-Sep=0.20, ║∇J║=2.3e-03
-----On 1/20 Initial Guess Perturbations
Iteration 1626/3500-----
J=1.2e-02, ⟨Jf⟩=1.2e-03, ⟨B·n⟩=8.1e-03, Len=sum([4.8, 4.6, 4.2])=13.6, ϰ=[4.9, 5.3, 4.6], ∫ϰ²/L>=[4.8, 6.2, 6.2], C-C-Sep=0.20, ║∇J║=1.9e-03
-----On 1/20 Initial Guess Perturbations
Iteration 1627/3500-----
J=1.2e-02, ⟨Jf⟩=1.2e-03, ⟨B·n⟩=8.1e-03, Len=sum([4.8, 4.6, 4.2])=13.6, ϰ=[4.9, 5.2, 4.6], ∫ϰ²/L>=[4.8, 6.2, 6.2], C-C-Sep=0.20, ║∇J║=2.2e-03
-----On 1/20 Initial Guess Perturbations
Iteration 1628/3500-----
J=1.2e-02, ⟨Jf⟩=1.2e-03, ⟨B·n⟩=8.1e-03, Len=sum([4.8, 4.6, 4.2])=13.6, ϰ=[4.9, 5.2, 4.6], ∫ϰ²/L>=[4.8, 6.2, 6.2], C-C-Sep=0.20, ║∇J║=2.4e-03
-----On 1/20 Initial Guess Perturbations
Iteration 1629/3500-----
J=1.2e-02, ⟨Jf⟩=1.2e-03, ⟨B·n⟩=8.1e-03, Len=sum([4.8, 4.6, 4.2])=13.6, ϰ=[4.9, 5.3, 4.6], ∫ϰ²/L>=[4.8, 6.2, 6.2], C-C-Sep=0.20, ║∇J║=2.3e-03
-----On 1/20 Initial Guess Perturbations
Iteration 1630/3500-----
J=1.2e-02, ⟨Jf⟩=1.2e-03, ⟨B·n⟩=8.1e-03, Len=sum([4.8, 4.6, 4.2])=13.6, ϰ=[4.9, 5.3, 4.6], ∫ϰ²/L>=[4.8, 6.2, 6.2], C-C-Sep=0.20, ║∇J║=3.0e-03
-----On 1/20 Initial Guess Perturbations
Iteration 1631/3500-----
J=1.2e-02, ⟨Jf⟩=1.2e-03, ⟨B·n⟩=8.1e-03, Len=sum([4.8, 4.6, 4.2])=13.6, ϰ=[4.9, 5.3, 4.5], ∫ϰ²/L>=[4.8, 6.2, 6.2], C-C-Sep=0.20, ║∇J║=3.1e-03
-----On 1/20 Initial Guess Perturbations
Iteration 1632/3500-----
J=1.2e-02, ⟨Jf⟩=1.2e-03, ⟨B·n⟩=8.1e-03, Len=sum([4.8, 4.6, 4.2])=13.6, ϰ=[4.9, 5.3, 4.5], ∫ϰ²/L>=[4.8, 6.2, 6.2], C-C-Sep=0.20, ║∇J║=3.0e-03
-----On 1/20 Initial Guess Perturbations
Iteration 1633/3500-----
J=1.2e-02, ⟨Jf⟩=1.2e-03, ⟨B·n⟩=8.1e-03, Len=sum([4.8, 4.6, 4.2])=13.6, ϰ=[4.9, 5.3, 4.5], ∫ϰ²/L>=[4.8, 6.2, 6.2], C-C-Sep=0.20, ║∇J║=2.0e-03
-----On 1/20 Initial Guess Perturbations
Iteration 1634/3500-----
J=1.2e-02, ⟨Jf⟩=1.2e-03, ⟨B·n⟩=8.1e-03, Len=sum([4.8, 4.6, 4.2])=13.6, ϰ=[4.9, 5.3, 4.5], ∫ϰ²/L>=[4.8, 6.2, 6.2], C-C-Sep=0.20, ║∇J║=2.2e-03
-----On 1/20 Initial Guess Perturbations
Iteration 1635/3500-----
J=1.2e-02, ⟨Jf⟩=1.2e-03, ⟨B·n⟩=8.1e-03, Len=sum([4.8, 4.6, 4.2])=13.6, ϰ=[4.9, 5.4, 4.5], ∫ϰ²/L>=[4.8, 6.2, 6.3], C-C-Sep=0.20, ║∇J║=2.5e-03
-----On 1/20 Initial Guess Perturbations
Iteration 1636/3500-----
J=1.2e-02, ⟨Jf⟩=1.2e-03, ⟨B·n⟩=8.1e-03, Len=sum([4.8, 4.6, 4.2])=13.6, ϰ=[4.9, 5.4, 4.5], ∫ϰ²/L>=[4.8, 6.2, 6.3], C-C-Sep=0.20, ║∇J║=2.5e-03
-----On 1/20 Initial Guess Perturbations
Iteration 1637/3500-----
J=1.2e-02, ⟨Jf⟩=1.2e-03, ⟨B·n⟩=8.1e-03, Len=sum([4.8, 4.6, 4.2])=13.6, ϰ=[4.9, 5.3, 4.5], ∫ϰ²/L>=[4.8, 6.2, 6.3], C-C-Sep=0.20, ║∇J║=2.2e-03
-----On 1/20 Initial Guess Perturbations
Iteration 1638/3500-----
J=1.2e-02, ⟨Jf⟩=1.2e-03, ⟨B·n⟩=8.1e-03, Len=sum([4.8, 4.6, 4.2])=13.6, ϰ=[4.9, 5.3, 4.5], ∫ϰ²/L>=[4.8, 6.2, 6.3], C-C-Sep=0.20, ║∇J║=3.0e-03
-----On 1/20 Initial Guess Perturbations
Iteration 1639/3500-----
J=1.2e-02, ⟨Jf⟩=1.2e-03, ⟨B·n⟩=8.1e-03, Len=sum([4.8, 4.6, 4.2])=13.6, ϰ=[4.9, 5.3, 4.5], ∫ϰ²/L>=[4.8, 6.2, 6.2], C-C-Sep=0.20, ║∇J║=2.9e-03
-----On 1/20 Initial Guess Perturbations
Iteration 1640/3500-----
J=1.2e-02, ⟨Jf⟩=1.2e-03, ⟨B·n⟩=8.1e-03, Len=sum([4.8, 4.6, 4.2])=13.6, ϰ=[4.9, 5.3, 4.5], ∫ϰ²/L>=[4.8, 6.2, 6.3], C-C-Sep=0.20, ║∇J║=2.9e-03
-----On 1/20 Initial Guess Perturbations
Iteration 1641/3500-----
J=1.2e-02, ⟨Jf⟩=1.2e-03, ⟨B·n⟩=8.1e-03, Len=sum([4.8, 4.6, 4.2])=13.6, ϰ=[4.9, 5.3, 4.5], ∫ϰ²/L>=[4.8, 6.2, 6.3], C-C-Sep=0.20, ║∇J║=2.2e-03
-----On 1/20 Initial Guess Perturbations
Iteration 1642/3500-----
J=1.2e-02, ⟨Jf⟩=1.2e-03, ⟨B·n⟩=8.1e-03, Len=sum([4.8, 4.6, 4.2])=13.6, ϰ=[4.9, 5.3, 4.5], ∫ϰ²/L>=[4.8, 6.2, 6.3], C-C-Sep=0.20, ║∇J║=2.1e-03
-----On 1/20 Initial Guess Perturbations
Iteration 1643/3500-----
J=1.2e-02, ⟨Jf⟩=1.2e-03, ⟨B·n⟩=8.1e-03, Len=sum([4.8, 4.6, 4.2])=13.6, ϰ=[4.9, 5.3, 4.5], ∫ϰ²/L>=[4.8, 6.2, 6.3], C-C-Sep=0.20, ║∇J║=2.3e-03
-----On 1/20 Initial Guess Perturbations
Iteration 1644/3500-----
J=1.2e-02, ⟨Jf⟩=1.2e-03, ⟨B·n⟩=8.1e-03, Len=sum([4.8, 4.6, 4.2])=13.6, ϰ=[5.0, 5.3, 4.5], ∫ϰ²/L>=[4.8, 6.2, 6.3], C-C-Sep=0.20, ║∇J║=2.6e-03
-----On 1/20 Initial Guess Perturbations
Iteration 1645/3500-----
J=1.2e-02, ⟨Jf⟩=1.2e-03, ⟨B·n⟩=8.1e-03, Len=sum([4.8, 4.6, 4.2])=13.6, ϰ=[5.0, 5.3, 4.5], ∫ϰ²/L>=[4.8, 6.2, 6.3], C-C-Sep=0.20, ║∇J║=3.0e-03
-----On 1/20 Initial Guess Perturbations
Iteration 1646/3500-----
J=1.2e-02, ⟨Jf⟩=1.2e-03, ⟨B·n⟩=8.1e-03, Len=sum([4.8, 4.6, 4.2])=13.6, ϰ=[5.0, 5.3, 4.5], ∫ϰ²/L>=[4.8, 6.2, 6.3], C-C-Sep=0.20, ║∇J║=2.2e-03
-----On 1/20 Initial Guess Perturbations
Iteration 1647/3500-----
J=1.2e-02, ⟨Jf⟩=1.2e-03, ⟨B·n⟩=8.1e-03, Len=sum([4.8, 4.6, 4.2])=13.6, ϰ=[5.0, 5.3, 4.6], ∫ϰ²/L>=[4.8, 6.2, 6.3], C-C-Sep=0.20, ║∇J║=2.8e-03
-----On 1/20 Initial Guess Perturbations
Iteration 1648/3500-----
J=1.2e-02, ⟨Jf⟩=1.2e-03, ⟨B·n⟩=8.1e-03, Len=sum([4.8, 4.6, 4.2])=13.6, ϰ=[5.0, 5.3, 4.6], ∫ϰ²/L>=[4.8, 6.2, 6.3], C-C-Sep=0.20, ║∇J║=3.2e-03
-----On 1/20 Initial Guess Perturbations
Iteration 1649/3500-----
J=1.2e-02, ⟨Jf⟩=1.2e-03, ⟨B·n⟩=8.1e-03, Len=sum([4.8, 4.6, 4.2])=13.6, ϰ=[5.0, 5.3, 4.6], ∫ϰ²/L>=[4.8, 6.2, 6.3], C-C-Sep=0.20, ║∇J║=2.3e-03
-----On 1/20 Initial Guess Perturbations
Iteration 1650/3500-----
J=1.2e-02, ⟨Jf⟩=1.2e-03, ⟨B·n⟩=8.1e-03, Len=sum([4.8, 4.6, 4.2])=13.6, ϰ=[5.0, 5.3, 4.5], ∫ϰ²/L>=[4.8, 6.2, 6.3], C-C-Sep=0.20, ║∇J║=1.8e-03
-----On 1/20 Initial Guess Perturbations
Iteration 1651/3500-----
J=1.2e-02, ⟨Jf⟩=1.2e-03, ⟨B·n⟩=8.1e-03, Len=sum([4.8, 4.6, 4.2])=13.6, ϰ=[5.0, 5.3, 4.5], ∫ϰ²/L>=[4.8, 6.2, 6.3], C-C-Sep=0.20, ║∇J║=2.1e-03
-----On 1/20 Initial Guess Perturbations
Iteration 1652/3500-----
J=1.2e-02, ⟨Jf⟩=1.2e-03, ⟨B·n⟩=8.1e-03, Len=sum([4.8, 4.6, 4.2])=13.6, ϰ=[5.0, 5.3, 4.5], ∫ϰ²/L>=[4.8, 6.2, 6.3], C-C-Sep=0.20, ║∇J║=2.4e-03
-----On 1/20 Initial Guess Perturbations
Iteration 1653/3500-----
J=1.2e-02, ⟨Jf⟩=1.2e-03, ⟨B·n⟩=8.1e-03, Len=sum([4.8, 4.6, 4.2])=13.6, ϰ=[5.0, 5.3, 4.5], ∫ϰ²/L>=[4.8, 6.2, 6.3], C-C-Sep=0.20, ║∇J║=2.8e-03
-----On 1/20 Initial Guess Perturbations
Iteration 1654/3500-----
J=1.2e-02, ⟨Jf⟩=1.2e-03, ⟨B·n⟩=8.1e-03, Len=sum([4.8, 4.6, 4.2])=13.6, ϰ=[5.0, 5.3, 4.6], ∫ϰ²/L>=[4.8, 6.2, 6.3], C-C-Sep=0.20, ║∇J║=2.2e-03
-----On 1/20 Initial Guess Perturbations
Iteration 1655/3500-----
J=1.2e-02, ⟨Jf⟩=1.2e-03, ⟨B·n⟩=8.1e-03, Len=sum([4.8, 4.6, 4.2])=13.6, ϰ=[5.0, 5.3, 4.6], ∫ϰ²/L>=[4.8, 6.2, 6.3], C-C-Sep=0.20, ║∇J║=2.5e-03
-----On 1/20 Initial Guess Perturbations
Iteration 1656/3500-----
J=1.2e-02, ⟨Jf⟩=1.2e-03, ⟨B·n⟩=8.1e-03, Len=sum([4.8, 4.6, 4.2])=13.6, ϰ=[4.9, 5.3, 4.6], ∫ϰ²/L>=[4.8, 6.2, 6.3], C-C-Sep=0.20, ║∇J║=2.7e-03
-----On 1/20 Initial Guess Perturbations
Iteration 1657/3500-----
J=1.2e-02, ⟨Jf⟩=1.2e-03, ⟨B·n⟩=8.1e-03, Len=sum([4.8, 4.6, 4.2])=13.6, ϰ=[4.9, 5.2, 4.6], ∫ϰ²/L>=[4.8, 6.2, 6.3], C-C-Sep=0.20, ║∇J║=2.5e-03
-----On 1/20 Initial Guess Perturbations
Iteration 1658/3500-----
J=1.2e-02, ⟨Jf⟩=1.2e-03, ⟨B·n⟩=8.1e-03, Len=sum([4.8, 4.6, 4.2])=13.6, ϰ=[4.9, 5.2, 4.6], ∫ϰ²/L>=[4.8, 6.2, 6.3], C-C-Sep=0.20, ║∇J║=2.3e-03
-----On 1/20 Initial Guess Perturbations
Iteration 1659/3500-----
J=1.2e-02, ⟨Jf⟩=1.2e-03, ⟨B·n⟩=8.1e-03, Len=sum([4.8, 4.6, 4.2])=13.6, ϰ=[4.9, 5.2, 4.6], ∫ϰ²/L>=[4.8, 6.2, 6.3], C-C-Sep=0.20, ║∇J║=2.0e-03
-----On 1/20 Initial Guess Perturbations
Iteration 1660/3500-----
J=1.2e-02, ⟨Jf⟩=1.2e-03, ⟨B·n⟩=8.1e-03, Len=sum([4.8, 4.6, 4.2])=13.6, ϰ=[4.9, 5.2, 4.6], ∫ϰ²/L>=[4.8, 6.2, 6.3], C-C-Sep=0.20, ║∇J║=2.0e-03
-----On 1/20 Initial Guess Perturbations
Iteration 1661/3500-----
J=1.2e-02, ⟨Jf⟩=1.2e-03, ⟨B·n⟩=8.1e-03, Len=sum([4.8, 4.6, 4.2])=13.6, ϰ=[4.9, 5.2, 4.6], ∫ϰ²/L>=[4.8, 6.2, 6.3], C-C-Sep=0.20, ║∇J║=2.3e-03
-----On 1/20 Initial Guess Perturbations
Iteration 1662/3500-----
J=1.2e-02, ⟨Jf⟩=1.2e-03, ⟨B·n⟩=8.1e-03, Len=sum([4.8, 4.6, 4.2])=13.6, ϰ=[4.9, 5.2, 4.6], ∫ϰ²/L>=[4.8, 6.2, 6.3], C-C-Sep=0.20, ║∇J║=2.4e-03
-----On 1/20 Initial Guess Perturbations
Iteration 1663/3500-----
J=1.2e-02, ⟨Jf⟩=1.2e-03, ⟨B·n⟩=8.1e-03, Len=sum([4.8, 4.6, 4.2])=13.6, ϰ=[4.9, 5.2, 4.6], ∫ϰ²/L>=[4.8, 6.2, 6.3], C-C-Sep=0.20, ║∇J║=2.9e-03
-----On 1/20 Initial Guess Perturbations
Iteration 1664/3500-----
J=1.2e-02, ⟨Jf⟩=1.2e-03, ⟨B·n⟩=8.1e-03, Len=sum([4.8, 4.6, 4.2])=13.6, ϰ=[4.9, 5.2, 4.6], ∫ϰ²/L>=[4.8, 6.2, 6.3], C-C-Sep=0.20, ║∇J║=3.2e-03
-----On 1/20 Initial Guess Perturbations
Iteration 1665/3500-----
J=1.2e-02, ⟨Jf⟩=1.2e-03, ⟨B·n⟩=8.1e-03, Len=sum([4.8, 4.6, 4.2])=13.6, ϰ=[4.9, 5.2, 4.6], ∫ϰ²/L>=[4.8, 6.2, 6.3], C-C-Sep=0.20, ║∇J║=3.7e-03
-----On 1/20 Initial Guess Perturbations
Iteration 1666/3500-----
J=1.2e-02, ⟨Jf⟩=1.2e-03, ⟨B·n⟩=8.1e-03, Len=sum([4.8, 4.6, 4.2])=13.6, ϰ=[4.9, 5.2, 4.6], ∫ϰ²/L>=[4.8, 6.2, 6.3], C-C-Sep=0.20, ║∇J║=2.6e-03
-----On 1/20 Initial Guess Perturbations
Iteration 1667/3500-----
J=1.2e-02, ⟨Jf⟩=1.2e-03, ⟨B·n⟩=8.1e-03, Len=sum([4.8, 4.6, 4.2])=13.6, ϰ=[4.9, 5.2, 4.5], ∫ϰ²/L>=[4.8, 6.2, 6.3], C-C-Sep=0.20, ║∇J║=2.0e-03
-----On 1/20 Initial Guess Perturbations
Iteration 1668/3500-----
J=1.2e-02, ⟨Jf⟩=1.2e-03, ⟨B·n⟩=8.1e-03, Len=sum([4.8, 4.6, 4.2])=13.6, ϰ=[4.9, 5.2, 4.5], ∫ϰ²/L>=[4.8, 6.2, 6.3], C-C-Sep=0.20, ║∇J║=1.8e-03
-----On 1/20 Initial Guess Perturbations
Iteration 1669/3500-----
J=1.2e-02, ⟨Jf⟩=1.2e-03, ⟨B·n⟩=8.1e-03, Len=sum([4.8, 4.6, 4.2])=13.6, ϰ=[5.0, 5.3, 4.5], ∫ϰ²/L>=[4.8, 6.2, 6.3], C-C-Sep=0.20, ║∇J║=2.2e-03
-----On 1/20 Initial Guess Perturbations
Iteration 1670/3500-----
J=1.2e-02, ⟨Jf⟩=1.2e-03, ⟨B·n⟩=8.1e-03, Len=sum([4.8, 4.6, 4.2])=13.6, ϰ=[5.0, 5.3, 4.5], ∫ϰ²/L>=[4.8, 6.2, 6.3], C-C-Sep=0.20, ║∇J║=2.4e-03
-----On 1/20 Initial Guess Perturbations
Iteration 1671/3500-----
J=1.2e-02, ⟨Jf⟩=1.2e-03, ⟨B·n⟩=8.1e-03, Len=sum([4.8, 4.6, 4.2])=13.6, ϰ=[4.9, 5.3, 4.5], ∫ϰ²/L>=[4.8, 6.2, 6.3], C-C-Sep=0.20, ║∇J║=2.2e-03
-----On 1/20 Initial Guess Perturbations
Iteration 1672/3500-----
J=1.2e-02, ⟨Jf⟩=1.2e-03, ⟨B·n⟩=8.1e-03, Len=sum([4.8, 4.6, 4.2])=13.6, ϰ=[5.0, 5.3, 4.6], ∫ϰ²/L>=[4.8, 6.2, 6.3], C-C-Sep=0.20, ║∇J║=2.2e-03
-----On 1/20 Initial Guess Perturbations
Iteration 1673/3500-----
J=1.2e-02, ⟨Jf⟩=1.2e-03, ⟨B·n⟩=8.1e-03, Len=sum([4.8, 4.6, 4.2])=13.6, ϰ=[5.0, 5.3, 4.6], ∫ϰ²/L>=[4.8, 6.2, 6.3], C-C-Sep=0.20, ║∇J║=2.4e-03
-----On 1/20 Initial Guess Perturbations
Iteration 1674/3500-----
J=1.2e-02, ⟨Jf⟩=1.2e-03, ⟨B·n⟩=8.1e-03, Len=sum([4.8, 4.6, 4.2])=13.6, ϰ=[5.0, 5.3, 4.6], ∫ϰ²/L>=[4.8, 6.2, 6.3], C-C-Sep=0.20, ║∇J║=2.4e-03
-----On 1/20 Initial Guess Perturbations
Iteration 1675/3500-----
J=1.2e-02, ⟨Jf⟩=1.2e-03, ⟨B·n⟩=8.1e-03, Len=sum([4.8, 4.6, 4.2])=13.6, ϰ=[5.0, 5.3, 4.7], ∫ϰ²/L>=[4.8, 6.2, 6.3], C-C-Sep=0.20, ║∇J║=2.5e-03
-----On 1/20 Initial Guess Perturbations
Iteration 1676/3500-----
J=1.2e-02, ⟨Jf⟩=1.2e-03, ⟨B·n⟩=8.1e-03, Len=sum([4.8, 4.6, 4.2])=13.6, ϰ=[5.0, 5.3, 4.7], ∫ϰ²/L>=[4.8, 6.2, 6.3], C-C-Sep=0.20, ║∇J║=2.3e-03
-----On 1/20 Initial Guess Perturbations
Iteration 1677/3500-----
J=1.2e-02, ⟨Jf⟩=1.2e-03, ⟨B·n⟩=8.1e-03, Len=sum([4.8, 4.6, 4.2])=13.6, ϰ=[5.0, 5.3, 4.7], ∫ϰ²/L>=[4.8, 6.2, 6.3], C-C-Sep=0.20, ║∇J║=2.6e-03
-----On 1/20 Initial Guess Perturbations
Iteration 1678/3500-----
J=1.2e-02, ⟨Jf⟩=1.2e-03, ⟨B·n⟩=8.1e-03, Len=sum([4.8, 4.6, 4.2])=13.6, ϰ=[5.0, 5.3, 4.7], ∫ϰ²/L>=[4.8, 6.2, 6.3], C-C-Sep=0.20, ║∇J║=2.5e-03
-----On 1/20 Initial Guess Perturbations
Iteration 1679/3500-----
J=1.2e-02, ⟨Jf⟩=1.2e-03, ⟨B·n⟩=8.1e-03, Len=sum([4.8, 4.6, 4.2])=13.6, ϰ=[5.0, 5.2, 4.7], ∫ϰ²/L>=[4.8, 6.2, 6.3], C-C-Sep=0.20, ║∇J║=2.4e-03
-----On 1/20 Initial Guess Perturbations
Iteration 1680/3500-----
J=1.2e-02, ⟨Jf⟩=1.2e-03, ⟨B·n⟩=8.1e-03, Len=sum([4.8, 4.6, 4.2])=13.6, ϰ=[5.0, 5.2, 4.7], ∫ϰ²/L>=[4.8, 6.2, 6.3], C-C-Sep=0.20, ║∇J║=2.0e-03
-----On 1/20 Initial Guess Perturbations
Iteration 1681/3500-----
J=1.2e-02, ⟨Jf⟩=1.2e-03, ⟨B·n⟩=8.1e-03, Len=sum([4.8, 4.6, 4.2])=13.6, ϰ=[5.0, 5.2, 4.6], ∫ϰ²/L>=[4.8, 6.1, 6.3], C-C-Sep=0.20, ║∇J║=2.0e-03
-----On 1/20 Initial Guess Perturbations
Iteration 1682/3500-----
J=1.2e-02, ⟨Jf⟩=1.2e-03, ⟨B·n⟩=8.1e-03, Len=sum([4.8, 4.6, 4.2])=13.6, ϰ=[5.0, 5.2, 4.6], ∫ϰ²/L>=[4.8, 6.2, 6.3], C-C-Sep=0.20, ║∇J║=2.5e-03
-----On 1/20 Initial Guess Perturbations
Iteration 1683/3500-----
J=1.2e-02, ⟨Jf⟩=1.2e-03, ⟨B·n⟩=8.1e-03, Len=sum([4.8, 4.6, 4.2])=13.6, ϰ=[5.0, 5.2, 4.6], ∫ϰ²/L>=[4.8, 6.2, 6.3], C-C-Sep=0.20, ║∇J║=2.4e-03
-----On 1/20 Initial Guess Perturbations
Iteration 1684/3500-----
J=1.2e-02, ⟨Jf⟩=1.2e-03, ⟨B·n⟩=8.1e-03, Len=sum([4.8, 4.6, 4.2])=13.6, ϰ=[5.0, 5.2, 4.6], ∫ϰ²/L>=[4.8, 6.2, 6.3], C-C-Sep=0.20, ║∇J║=2.4e-03
-----On 1/20 Initial Guess Perturbations
Iteration 1685/3500-----
J=1.2e-02, ⟨Jf⟩=1.2e-03, ⟨B·n⟩=8.1e-03, Len=sum([4.8, 4.6, 4.2])=13.6, ϰ=[4.9, 5.2, 4.6], ∫ϰ²/L>=[4.8, 6.2, 6.3], C-C-Sep=0.20, ║∇J║=1.9e-03
-----On 1/20 Initial Guess Perturbations
Iteration 1686/3500-----
J=1.2e-02, ⟨Jf⟩=1.2e-03, ⟨B·n⟩=8.1e-03, Len=sum([4.8, 4.6, 4.2])=13.6, ϰ=[4.9, 5.2, 4.6], ∫ϰ²/L>=[4.8, 6.2, 6.3], C-C-Sep=0.20, ║∇J║=1.7e-03
-----On 1/20 Initial Guess Perturbations
Iteration 1687/3500-----
J=1.2e-02, ⟨Jf⟩=1.2e-03, ⟨B·n⟩=8.1e-03, Len=sum([4.8, 4.6, 4.2])=13.6, ϰ=[4.9, 5.2, 4.5], ∫ϰ²/L>=[4.8, 6.2, 6.3], C-C-Sep=0.20, ║∇J║=2.6e-03
-----On 1/20 Initial Guess Perturbations
Iteration 1688/3500-----
J=1.2e-02, ⟨Jf⟩=1.2e-03, ⟨B·n⟩=8.1e-03, Len=sum([4.8, 4.6, 4.2])=13.6, ϰ=[4.9, 5.2, 4.6], ∫ϰ²/L>=[4.8, 6.2, 6.3], C-C-Sep=0.20, ║∇J║=2.5e-03
-----On 1/20 Initial Guess Perturbations
Iteration 1689/3500-----
J=1.2e-02, ⟨Jf⟩=1.2e-03, ⟨B·n⟩=8.1e-03, Len=sum([4.8, 4.6, 4.2])=13.6, ϰ=[4.9, 5.2, 4.6], ∫ϰ²/L>=[4.8, 6.2, 6.3], C-C-Sep=0.20, ║∇J║=1.9e-03
-----On 1/20 Initial Guess Perturbations
Iteration 1690/3500-----
J=1.2e-02, ⟨Jf⟩=1.2e-03, ⟨B·n⟩=8.1e-03, Len=sum([4.8, 4.6, 4.2])=13.6, ϰ=[4.9, 5.2, 4.6], ∫ϰ²/L>=[4.8, 6.2, 6.3], C-C-Sep=0.20, ║∇J║=2.5e-03
-----On 1/20 Initial Guess Perturbations
Iteration 1691/3500-----
J=1.2e-02, ⟨Jf⟩=1.2e-03, ⟨B·n⟩=8.1e-03, Len=sum([4.8, 4.6, 4.2])=13.6, ϰ=[4.9, 5.2, 4.6], ∫ϰ²/L>=[4.8, 6.2, 6.3], C-C-Sep=0.20, ║∇J║=2.1e-03
-----On 1/20 Initial Guess Perturbations
Iteration 1692/3500-----
J=1.2e-02, ⟨Jf⟩=1.2e-03, ⟨B·n⟩=8.1e-03, Len=sum([4.8, 4.6, 4.2])=13.6, ϰ=[4.9, 5.2, 4.6], ∫ϰ²/L>=[4.8, 6.2, 6.3], C-C-Sep=0.20, ║∇J║=2.5e-03
-----On 1/20 Initial Guess Perturbations
Iteration 1693/3500-----
J=1.2e-02, ⟨Jf⟩=1.2e-03, ⟨B·n⟩=8.1e-03, Len=sum([4.8, 4.6, 4.2])=13.6, ϰ=[4.9, 5.2, 4.6], ∫ϰ²/L>=[4.8, 6.2, 6.3], C-C-Sep=0.20, ║∇J║=2.9e-03
-----On 1/20 Initial Guess Perturbations
Iteration 1694/3500-----
J=1.2e-02, ⟨Jf⟩=1.2e-03, ⟨B·n⟩=8.1e-03, Len=sum([4.8, 4.6, 4.2])=13.6, ϰ=[4.9, 5.2, 4.6], ∫ϰ²/L>=[4.8, 6.2, 6.3], C-C-Sep=0.20, ║∇J║=2.5e-03
-----On 1/20 Initial Guess Perturbations
Iteration 1695/3500-----
J=1.2e-02, ⟨Jf⟩=1.2e-03, ⟨B·n⟩=8.1e-03, Len=sum([4.8, 4.6, 4.2])=13.6, ϰ=[4.9, 5.2, 4.6], ∫ϰ²/L>=[4.8, 6.2, 6.3], C-C-Sep=0.20, ║∇J║=2.4e-03
-----On 1/20 Initial Guess Perturbations
Iteration 1696/3500-----
J=1.2e-02, ⟨Jf⟩=1.2e-03, ⟨B·n⟩=8.1e-03, Len=sum([4.8, 4.6, 4.2])=13.6, ϰ=[4.9, 5.2, 4.6], ∫ϰ²/L>=[4.8, 6.2, 6.3], C-C-Sep=0.20, ║∇J║=2.1e-03
-----On 1/20 Initial Guess Perturbations
Iteration 1697/3500-----
J=1.2e-02, ⟨Jf⟩=1.2e-03, ⟨B·n⟩=8.1e-03, Len=sum([4.8, 4.6, 4.2])=13.6, ϰ=[4.9, 5.2, 4.6], ∫ϰ²/L>=[4.8, 6.2, 6.3], C-C-Sep=0.20, ║∇J║=1.7e-03
-----On 1/20 Initial Guess Perturbations
Iteration 1698/3500-----
J=1.2e-02, ⟨Jf⟩=1.2e-03, ⟨B·n⟩=8.1e-03, Len=sum([4.8, 4.6, 4.2])=13.6, ϰ=[4.9, 5.2, 4.6], ∫ϰ²/L>=[4.8, 6.2, 6.3], C-C-Sep=0.20, ║∇J║=1.9e-03
-----On 1/20 Initial Guess Perturbations
Iteration 1699/3500-----
J=1.2e-02, ⟨Jf⟩=1.2e-03, ⟨B·n⟩=8.1e-03, Len=sum([4.8, 4.6, 4.2])=13.6, ϰ=[4.9, 5.2, 4.6], ∫ϰ²/L>=[4.8, 6.2, 6.3], C-C-Sep=0.20, ║∇J║=2.3e-03
-----On 1/20 Initial Guess Perturbations
Iteration 1700/3500-----
J=1.2e-02, ⟨Jf⟩=1.2e-03, ⟨B·n⟩=8.1e-03, Len=sum([4.8, 4.6, 4.2])=13.6, ϰ=[4.9, 5.2, 4.6], ∫ϰ²/L>=[4.8, 6.2, 6.3], C-C-Sep=0.20, ║∇J║=2.4e-03
-----On 1/20 Initial Guess Perturbations
Iteration 1701/3500-----
J=1.2e-02, ⟨Jf⟩=1.2e-03, ⟨B·n⟩=8.1e-03, Len=sum([4.8, 4.6, 4.2])=13.6, ϰ=[4.9, 5.2, 4.6], ∫ϰ²/L>=[4.8, 6.2, 6.3], C-C-Sep=0.20, ║∇J║=1.9e-03
-----On 1/20 Initial Guess Perturbations
Iteration 1702/3500-----
J=1.2e-02, ⟨Jf⟩=1.2e-03, ⟨B·n⟩=8.1e-03, Len=sum([4.8, 4.6, 4.2])=13.6, ϰ=[4.9, 5.2, 4.6], ∫ϰ²/L>=[4.8, 6.2, 6.3], C-C-Sep=0.20, ║∇J║=2.3e-03
-----On 1/20 Initial Guess Perturbations
Iteration 1703/3500-----
J=1.2e-02, ⟨Jf⟩=1.2e-03, ⟨B·n⟩=8.1e-03, Len=sum([4.8, 4.6, 4.2])=13.6, ϰ=[4.9, 5.2, 4.5], ∫ϰ²/L>=[4.8, 6.2, 6.3], C-C-Sep=0.20, ║∇J║=1.8e-03
-----On 1/20 Initial Guess Perturbations
Iteration 1704/3500-----
J=1.2e-02, ⟨Jf⟩=1.2e-03, ⟨B·n⟩=8.1e-03, Len=sum([4.8, 4.6, 4.2])=13.6, ϰ=[4.9, 5.2, 4.5], ∫ϰ²/L>=[4.8, 6.2, 6.3], C-C-Sep=0.20, ║∇J║=2.2e-03
-----On 1/20 Initial Guess Perturbations
Iteration 1705/3500-----
J=1.2e-02, ⟨Jf⟩=1.2e-03, ⟨B·n⟩=8.1e-03, Len=sum([4.8, 4.6, 4.2])=13.6, ϰ=[4.9, 5.2, 4.5], ∫ϰ²/L>=[4.8, 6.2, 6.3], C-C-Sep=0.20, ║∇J║=2.0e-03
-----On 1/20 Initial Guess Perturbations
Iteration 1706/3500-----
J=1.2e-02, ⟨Jf⟩=1.2e-03, ⟨B·n⟩=8.1e-03, Len=sum([4.8, 4.6, 4.2])=13.6, ϰ=[4.9, 5.2, 4.6], ∫ϰ²/L>=[4.8, 6.2, 6.3], C-C-Sep=0.20, ║∇J║=2.0e-03
-----On 1/20 Initial Guess Perturbations
Iteration 1707/3500-----
J=1.2e-02, ⟨Jf⟩=1.2e-03, ⟨B·n⟩=8.1e-03, Len=sum([4.8, 4.6, 4.2])=13.6, ϰ=[4.9, 5.2, 4.6], ∫ϰ²/L>=[4.8, 6.2, 6.3], C-C-Sep=0.20, ║∇J║=2.0e-03
-----On 1/20 Initial Guess Perturbations
Iteration 1708/3500-----
J=1.2e-02, ⟨Jf⟩=1.2e-03, ⟨B·n⟩=8.1e-03, Len=sum([4.8, 4.6, 4.2])=13.6, ϰ=[4.9, 5.2, 4.6], ∫ϰ²/L>=[4.8, 6.2, 6.3], C-C-Sep=0.20, ║∇J║=2.0e-03
-----On 1/20 Initial Guess Perturbations
Iteration 1709/3500-----
J=1.2e-02, ⟨Jf⟩=1.2e-03, ⟨B·n⟩=8.1e-03, Len=sum([4.8, 4.6, 4.2])=13.6, ϰ=[4.9, 5.2, 4.6], ∫ϰ²/L>=[4.8, 6.2, 6.4], C-C-Sep=0.20, ║∇J║=2.0e-03
-----On 1/20 Initial Guess Perturbations
Iteration 1710/3500-----
J=1.2e-02, ⟨Jf⟩=1.2e-03, ⟨B·n⟩=8.1e-03, Len=sum([4.8, 4.6, 4.2])=13.6, ϰ=[4.9, 5.2, 4.7], ∫ϰ²/L>=[4.8, 6.2, 6.4], C-C-Sep=0.20, ║∇J║=2.4e-03
-----On 1/20 Initial Guess Perturbations
Iteration 1711/3500-----
J=1.2e-02, ⟨Jf⟩=1.2e-03, ⟨B·n⟩=8.1e-03, Len=sum([4.8, 4.6, 4.2])=13.6, ϰ=[4.9, 5.2, 4.7], ∫ϰ²/L>=[4.8, 6.2, 6.3], C-C-Sep=0.20, ║∇J║=2.0e-03
-----On 1/20 Initial Guess Perturbations
Iteration 1712/3500-----
J=1.2e-02, ⟨Jf⟩=1.2e-03, ⟨B·n⟩=8.1e-03, Len=sum([4.8, 4.6, 4.2])=13.6, ϰ=[4.9, 5.3, 4.7], ∫ϰ²/L>=[4.8, 6.2, 6.3], C-C-Sep=0.20, ║∇J║=2.1e-03
-----On 1/20 Initial Guess Perturbations
Iteration 1713/3500-----
J=1.2e-02, ⟨Jf⟩=1.2e-03, ⟨B·n⟩=8.1e-03, Len=sum([4.8, 4.6, 4.2])=13.6, ϰ=[4.9, 5.2, 4.8], ∫ϰ²/L>=[4.7, 6.2, 6.3], C-C-Sep=0.20, ║∇J║=2.4e-03
-----On 1/20 Initial Guess Perturbations
Iteration 1714/3500-----
J=1.2e-02, ⟨Jf⟩=1.2e-03, ⟨B·n⟩=8.1e-03, Len=sum([4.8, 4.6, 4.2])=13.6, ϰ=[4.9, 5.3, 4.8], ∫ϰ²/L>=[4.7, 6.2, 6.3], C-C-Sep=0.20, ║∇J║=1.8e-03
-----On 1/20 Initial Guess Perturbations
Iteration 1715/3500-----
J=1.2e-02, ⟨Jf⟩=1.2e-03, ⟨B·n⟩=8.1e-03, Len=sum([4.8, 4.6, 4.2])=13.6, ϰ=[4.9, 5.3, 4.8], ∫ϰ²/L>=[4.7, 6.2, 6.3], C-C-Sep=0.20, ║∇J║=2.0e-03
-----On 1/20 Initial Guess Perturbations
Iteration 1716/3500-----
J=1.2e-02, ⟨Jf⟩=1.2e-03, ⟨B·n⟩=8.1e-03, Len=sum([4.8, 4.6, 4.2])=13.6, ϰ=[4.9, 5.2, 4.8], ∫ϰ²/L>=[4.7, 6.2, 6.3], C-C-Sep=0.20, ║∇J║=1.9e-03
-----On 1/20 Initial Guess Perturbations
Iteration 1717/3500-----
J=1.2e-02, ⟨Jf⟩=1.2e-03, ⟨B·n⟩=8.1e-03, Len=sum([4.8, 4.6, 4.2])=13.6, ϰ=[4.9, 5.2, 4.8], ∫ϰ²/L>=[4.7, 6.2, 6.3], C-C-Sep=0.20, ║∇J║=1.7e-03
-----On 1/20 Initial Guess Perturbations
Iteration 1718/3500-----
J=1.2e-02, ⟨Jf⟩=1.2e-03, ⟨B·n⟩=8.1e-03, Len=sum([4.8, 4.6, 4.2])=13.6, ϰ=[4.9, 5.2, 4.8], ∫ϰ²/L>=[4.7, 6.2, 6.3], C-C-Sep=0.20, ║∇J║=2.0e-03
-----On 1/20 Initial Guess Perturbations
Iteration 1719/3500-----
J=1.2e-02, ⟨Jf⟩=1.2e-03, ⟨B·n⟩=8.1e-03, Len=sum([4.8, 4.6, 4.2])=13.6, ϰ=[4.9, 5.3, 4.8], ∫ϰ²/L>=[4.7, 6.2, 6.3], C-C-Sep=0.20, ║∇J║=1.9e-03
-----On 1/20 Initial Guess Perturbations
Iteration 1720/3500-----
J=1.2e-02, ⟨Jf⟩=1.2e-03, ⟨B·n⟩=8.1e-03, Len=sum([4.8, 4.6, 4.2])=13.6, ϰ=[4.9, 5.3, 4.7], ∫ϰ²/L>=[4.7, 6.2, 6.3], C-C-Sep=0.20, ║∇J║=1.9e-03
-----On 1/20 Initial Guess Perturbations
Iteration 1721/3500-----
J=1.2e-02, ⟨Jf⟩=1.2e-03, ⟨B·n⟩=8.1e-03, Len=sum([4.8, 4.6, 4.2])=13.6, ϰ=[4.9, 5.3, 4.7], ∫ϰ²/L>=[4.7, 6.2, 6.3], C-C-Sep=0.20, ║∇J║=1.9e-03
-----On 1/20 Initial Guess Perturbations
Iteration 1722/3500-----
J=1.2e-02, ⟨Jf⟩=1.2e-03, ⟨B·n⟩=8.1e-03, Len=sum([4.8, 4.6, 4.2])=13.6, ϰ=[4.8, 5.3, 4.7], ∫ϰ²/L>=[4.7, 6.2, 6.3], C-C-Sep=0.20, ║∇J║=2.0e-03
-----On 1/20 Initial Guess Perturbations
Iteration 1723/3500-----
J=1.2e-02, ⟨Jf⟩=1.2e-03, ⟨B·n⟩=8.1e-03, Len=sum([4.8, 4.6, 4.2])=13.6, ϰ=[4.9, 5.3, 4.7], ∫ϰ²/L>=[4.7, 6.2, 6.3], C-C-Sep=0.20, ║∇J║=1.9e-03
-----On 1/20 Initial Guess Perturbations
Iteration 1724/3500-----
J=1.2e-02, ⟨Jf⟩=1.2e-03, ⟨B·n⟩=8.1e-03, Len=sum([4.8, 4.6, 4.2])=13.6, ϰ=[4.8, 5.3, 4.7], ∫ϰ²/L>=[4.7, 6.2, 6.3], C-C-Sep=0.20, ║∇J║=1.6e-03
-----On 1/20 Initial Guess Perturbations
Iteration 1725/3500-----
J=1.2e-02, ⟨Jf⟩=1.2e-03, ⟨B·n⟩=8.1e-03, Len=sum([4.8, 4.6, 4.2])=13.6, ϰ=[4.8, 5.3, 4.7], ∫ϰ²/L>=[4.7, 6.2, 6.3], C-C-Sep=0.20, ║∇J║=1.5e-03
-----On 1/20 Initial Guess Perturbations
Iteration 1726/3500-----
J=1.2e-02, ⟨Jf⟩=1.2e-03, ⟨B·n⟩=8.1e-03, Len=sum([4.8, 4.6, 4.2])=13.6, ϰ=[4.8, 5.3, 4.7], ∫ϰ²/L>=[4.8, 6.2, 6.3], C-C-Sep=0.20, ║∇J║=2.2e-03
-----On 1/20 Initial Guess Perturbations
Iteration 1727/3500-----
J=1.2e-02, ⟨Jf⟩=1.2e-03, ⟨B·n⟩=8.1e-03, Len=sum([4.8, 4.6, 4.2])=13.6, ϰ=[4.8, 5.3, 4.7], ∫ϰ²/L>=[4.8, 6.2, 6.3], C-C-Sep=0.20, ║∇J║=1.9e-03
-----On 1/20 Initial Guess Perturbations
Iteration 1728/3500-----
J=1.2e-02, ⟨Jf⟩=1.2e-03, ⟨B·n⟩=8.1e-03, Len=sum([4.8, 4.6, 4.2])=13.6, ϰ=[4.8, 5.3, 4.7], ∫ϰ²/L>=[4.7, 6.2, 6.3], C-C-Sep=0.20, ║∇J║=1.9e-03
-----On 1/20 Initial Guess Perturbations
Iteration 1729/3500-----
J=1.2e-02, ⟨Jf⟩=1.2e-03, ⟨B·n⟩=8.1e-03, Len=sum([4.8, 4.6, 4.2])=13.6, ϰ=[4.9, 5.3, 4.7], ∫ϰ²/L>=[4.7, 6.2, 6.3], C-C-Sep=0.20, ║∇J║=2.0e-03
-----On 1/20 Initial Guess Perturbations
Iteration 1730/3500-----
J=1.2e-02, ⟨Jf⟩=1.2e-03, ⟨B·n⟩=8.1e-03, Len=sum([4.8, 4.6, 4.2])=13.6, ϰ=[4.9, 5.3, 4.7], ∫ϰ²/L>=[4.7, 6.2, 6.3], C-C-Sep=0.20, ║∇J║=1.7e-03
-----On 1/20 Initial Guess Perturbations
Iteration 1731/3500-----
J=1.2e-02, ⟨Jf⟩=1.2e-03, ⟨B·n⟩=8.1e-03, Len=sum([4.8, 4.6, 4.2])=13.6, ϰ=[4.9, 5.3, 4.7], ∫ϰ²/L>=[4.7, 6.2, 6.3], C-C-Sep=0.20, ║∇J║=1.8e-03
-----On 1/20 Initial Guess Perturbations
Iteration 1732/3500-----
J=1.2e-02, ⟨Jf⟩=1.2e-03, ⟨B·n⟩=8.1e-03, Len=sum([4.8, 4.6, 4.2])=13.6, ϰ=[4.9, 5.3, 4.7], ∫ϰ²/L>=[4.7, 6.2, 6.3], C-C-Sep=0.20, ║∇J║=1.8e-03
-----On 1/20 Initial Guess Perturbations
Iteration 1733/3500-----
J=1.2e-02, ⟨Jf⟩=1.2e-03, ⟨B·n⟩=8.1e-03, Len=sum([4.8, 4.6, 4.2])=13.6, ϰ=[4.9, 5.3, 4.6], ∫ϰ²/L>=[4.8, 6.2, 6.3], C-C-Sep=0.20, ║∇J║=1.7e-03
-----On 1/20 Initial Guess Perturbations
Iteration 1734/3500-----
J=1.2e-02, ⟨Jf⟩=1.2e-03, ⟨B·n⟩=8.1e-03, Len=sum([4.8, 4.6, 4.2])=13.6, ϰ=[4.9, 5.3, 4.6], ∫ϰ²/L>=[4.7, 6.2, 6.3], C-C-Sep=0.20, ║∇J║=2.2e-03
-----On 1/20 Initial Guess Perturbations
Iteration 1735/3500-----
J=1.2e-02, ⟨Jf⟩=1.2e-03, ⟨B·n⟩=8.1e-03, Len=sum([4.8, 4.6, 4.2])=13.6, ϰ=[4.9, 5.3, 4.6], ∫ϰ²/L>=[4.7, 6.2, 6.3], C-C-Sep=0.20, ║∇J║=2.9e-03
-----On 1/20 Initial Guess Perturbations
Iteration 1736/3500-----
J=1.2e-02, ⟨Jf⟩=1.2e-03, ⟨B·n⟩=8.1e-03, Len=sum([4.8, 4.6, 4.2])=13.6, ϰ=[4.9, 5.3, 4.6], ∫ϰ²/L>=[4.7, 6.2, 6.3], C-C-Sep=0.20, ║∇J║=2.4e-03
-----On 1/20 Initial Guess Perturbations
Iteration 1737/3500-----
J=1.2e-02, ⟨Jf⟩=1.2e-03, ⟨B·n⟩=8.1e-03, Len=sum([4.8, 4.6, 4.2])=13.6, ϰ=[4.9, 5.3, 4.6], ∫ϰ²/L>=[4.7, 6.2, 6.3], C-C-Sep=0.20, ║∇J║=1.7e-03
-----On 1/20 Initial Guess Perturbations
Iteration 1738/3500-----
J=1.2e-02, ⟨Jf⟩=1.2e-03, ⟨B·n⟩=8.1e-03, Len=sum([4.8, 4.6, 4.2])=13.6, ϰ=[4.9, 5.3, 4.6], ∫ϰ²/L>=[4.7, 6.2, 6.3], C-C-Sep=0.20, ║∇J║=1.7e-03
-----On 1/20 Initial Guess Perturbations
Iteration 1739/3500-----
J=1.2e-02, ⟨Jf⟩=1.2e-03, ⟨B·n⟩=8.1e-03, Len=sum([4.8, 4.6, 4.2])=13.6, ϰ=[4.8, 5.3, 4.6], ∫ϰ²/L>=[4.7, 6.2, 6.3], C-C-Sep=0.20, ║∇J║=2.1e-03
-----On 1/20 Initial Guess Perturbations
Iteration 1740/3500-----
J=1.2e-02, ⟨Jf⟩=1.2e-03, ⟨B·n⟩=8.1e-03, Len=sum([4.8, 4.6, 4.2])=13.6, ϰ=[4.8, 5.3, 4.6], ∫ϰ²/L>=[4.7, 6.2, 6.3], C-C-Sep=0.20, ║∇J║=1.8e-03
-----On 1/20 Initial Guess Perturbations
Iteration 1741/3500-----
J=1.2e-02, ⟨Jf⟩=1.2e-03, ⟨B·n⟩=8.1e-03, Len=sum([4.8, 4.6, 4.2])=13.6, ϰ=[4.9, 5.2, 4.7], ∫ϰ²/L>=[4.8, 6.2, 6.3], C-C-Sep=0.20, ║∇J║=2.0e-03
-----On 1/20 Initial Guess Perturbations
Iteration 1742/3500-----
J=1.2e-02, ⟨Jf⟩=1.2e-03, ⟨B·n⟩=8.1e-03, Len=sum([4.8, 4.6, 4.2])=13.6, ϰ=[4.9, 5.2, 4.7], ∫ϰ²/L>=[4.8, 6.2, 6.3], C-C-Sep=0.20, ║∇J║=2.5e-03
-----On 1/20 Initial Guess Perturbations
Iteration 1743/3500-----
J=1.2e-02, ⟨Jf⟩=1.2e-03, ⟨B·n⟩=8.1e-03, Len=sum([4.8, 4.6, 4.2])=13.6, ϰ=[4.9, 5.2, 4.7], ∫ϰ²/L>=[4.8, 6.2, 6.3], C-C-Sep=0.20, ║∇J║=2.6e-03
-----On 1/20 Initial Guess Perturbations
Iteration 1744/3500-----
J=1.2e-02, ⟨Jf⟩=1.2e-03, ⟨B·n⟩=8.1e-03, Len=sum([4.8, 4.6, 4.2])=13.6, ϰ=[4.9, 5.2, 4.7], ∫ϰ²/L>=[4.8, 6.2, 6.3], C-C-Sep=0.20, ║∇J║=2.4e-03
-----On 1/20 Initial Guess Perturbations
Iteration 1745/3500-----
J=1.2e-02, ⟨Jf⟩=1.2e-03, ⟨B·n⟩=8.1e-03, Len=sum([4.8, 4.6, 4.2])=13.6, ϰ=[4.9, 5.2, 4.7], ∫ϰ²/L>=[4.8, 6.2, 6.3], C-C-Sep=0.20, ║∇J║=2.1e-03
-----On 1/20 Initial Guess Perturbations
Iteration 1746/3500-----
J=1.2e-02, ⟨Jf⟩=1.2e-03, ⟨B·n⟩=8.1e-03, Len=sum([4.8, 4.6, 4.2])=13.6, ϰ=[4.9, 5.2, 4.7], ∫ϰ²/L>=[4.7, 6.2, 6.3], C-C-Sep=0.20, ║∇J║=2.2e-03
-----On 1/20 Initial Guess Perturbations
Iteration 1747/3500-----
J=1.2e-02, ⟨Jf⟩=1.2e-03, ⟨B·n⟩=8.1e-03, Len=sum([4.8, 4.6, 4.2])=13.6, ϰ=[4.9, 5.2, 4.7], ∫ϰ²/L>=[4.7, 6.2, 6.3], C-C-Sep=0.20, ║∇J║=2.1e-03
-----On 1/20 Initial Guess Perturbations
Iteration 1748/3500-----
J=1.2e-02, ⟨Jf⟩=1.2e-03, ⟨B·n⟩=8.1e-03, Len=sum([4.8, 4.6, 4.2])=13.6, ϰ=[4.9, 5.2, 4.8], ∫ϰ²/L>=[4.7, 6.2, 6.2], C-C-Sep=0.20, ║∇J║=2.4e-03
-----On 1/20 Initial Guess Perturbations
Iteration 1749/3500-----
J=1.2e-02, ⟨Jf⟩=1.2e-03, ⟨B·n⟩=8.1e-03, Len=sum([4.8, 4.6, 4.2])=13.6, ϰ=[4.9, 5.2, 4.8], ∫ϰ²/L>=[4.7, 6.2, 6.2], C-C-Sep=0.20, ║∇J║=2.8e-03
-----On 1/20 Initial Guess Perturbations
Iteration 1750/3500-----
J=1.2e-02, ⟨Jf⟩=1.2e-03, ⟨B·n⟩=8.1e-03, Len=sum([4.8, 4.6, 4.2])=13.6, ϰ=[4.9, 5.2, 4.8], ∫ϰ²/L>=[4.7, 6.2, 6.2], C-C-Sep=0.20, ║∇J║=2.6e-03
-----On 1/20 Initial Guess Perturbations
Iteration 1751/3500-----
J=1.2e-02, ⟨Jf⟩=1.2e-03, ⟨B·n⟩=8.1e-03, Len=sum([4.8, 4.6, 4.2])=13.6, ϰ=[4.9, 5.2, 4.7], ∫ϰ²/L>=[4.7, 6.2, 6.2], C-C-Sep=0.20, ║∇J║=2.1e-03
-----On 1/20 Initial Guess Perturbations
Iteration 1752/3500-----
J=1.2e-02, ⟨Jf⟩=1.2e-03, ⟨B·n⟩=8.1e-03, Len=sum([4.8, 4.6, 4.2])=13.6, ϰ=[4.8, 5.2, 4.7], ∫ϰ²/L>=[4.7, 6.2, 6.2], C-C-Sep=0.20, ║∇J║=1.9e-03
-----On 1/20 Initial Guess Perturbations
Iteration 1753/3500-----
J=1.2e-02, ⟨Jf⟩=1.2e-03, ⟨B·n⟩=8.1e-03, Len=sum([4.8, 4.6, 4.2])=13.6, ϰ=[4.8, 5.3, 4.7], ∫ϰ²/L>=[4.7, 6.2, 6.2], C-C-Sep=0.20, ║∇J║=1.6e-03
-----On 1/20 Initial Guess Perturbations
Iteration 1754/3500-----
J=1.2e-02, ⟨Jf⟩=1.2e-03, ⟨B·n⟩=8.1e-03, Len=sum([4.8, 4.6, 4.2])=13.6, ϰ=[4.8, 5.3, 4.7], ∫ϰ²/L>=[4.7, 6.2, 6.2], C-C-Sep=0.20, ║∇J║=2.2e-03
-----On 1/20 Initial Guess Perturbations
Iteration 1755/3500-----
J=1.2e-02, ⟨Jf⟩=1.2e-03, ⟨B·n⟩=8.1e-03, Len=sum([4.8, 4.6, 4.2])=13.6, ϰ=[4.8, 5.2, 4.6], ∫ϰ²/L>=[4.7, 6.2, 6.2], C-C-Sep=0.20, ║∇J║=1.9e-03
-----On 1/20 Initial Guess Perturbations
Iteration 1756/3500-----
J=1.2e-02, ⟨Jf⟩=1.2e-03, ⟨B·n⟩=8.1e-03, Len=sum([4.8, 4.6, 4.2])=13.6, ϰ=[4.8, 5.2, 4.6], ∫ϰ²/L>=[4.7, 6.2, 6.2], C-C-Sep=0.20, ║∇J║=2.1e-03
-----On 1/20 Initial Guess Perturbations
Iteration 1757/3500-----
J=1.2e-02, ⟨Jf⟩=1.2e-03, ⟨B·n⟩=8.1e-03, Len=sum([4.8, 4.6, 4.2])=13.6, ϰ=[4.8, 5.2, 4.7], ∫ϰ²/L>=[4.7, 6.2, 6.2], C-C-Sep=0.20, ║∇J║=2.3e-03
-----On 1/20 Initial Guess Perturbations
Iteration 1758/3500-----
J=1.2e-02, ⟨Jf⟩=1.2e-03, ⟨B·n⟩=8.1e-03, Len=sum([4.8, 4.6, 4.2])=13.6, ϰ=[4.8, 5.3, 4.7], ∫ϰ²/L>=[4.7, 6.2, 6.2], C-C-Sep=0.20, ║∇J║=2.6e-03
-----On 1/20 Initial Guess Perturbations
Iteration 1759/3500-----
J=1.2e-02, ⟨Jf⟩=1.2e-03, ⟨B·n⟩=8.1e-03, Len=sum([4.8, 4.6, 4.2])=13.6, ϰ=[4.8, 5.3, 4.6], ∫ϰ²/L>=[4.7, 6.2, 6.2], C-C-Sep=0.20, ║∇J║=2.0e-03
-----On 1/20 Initial Guess Perturbations
Iteration 1760/3500-----
J=1.2e-02, ⟨Jf⟩=1.2e-03, ⟨B·n⟩=8.1e-03, Len=sum([4.8, 4.6, 4.2])=13.6, ϰ=[4.8, 5.3, 4.6], ∫ϰ²/L>=[4.7, 6.2, 6.2], C-C-Sep=0.20, ║∇J║=2.0e-03
-----On 1/20 Initial Guess Perturbations
Iteration 1761/3500-----
J=1.2e-02, ⟨Jf⟩=1.2e-03, ⟨B·n⟩=8.1e-03, Len=sum([4.8, 4.6, 4.2])=13.6, ϰ=[4.8, 5.3, 4.6], ∫ϰ²/L>=[4.7, 6.2, 6.2], C-C-Sep=0.20, ║∇J║=2.6e-03
-----On 1/20 Initial Guess Perturbations
Iteration 1762/3500-----
J=1.2e-02, ⟨Jf⟩=1.2e-03, ⟨B·n⟩=8.1e-03, Len=sum([4.8, 4.6, 4.2])=13.6, ϰ=[4.8, 5.3, 4.6], ∫ϰ²/L>=[4.7, 6.2, 6.2], C-C-Sep=0.20, ║∇J║=2.2e-03
-----On 1/20 Initial Guess Perturbations
Iteration 1763/3500-----
J=1.2e-02, ⟨Jf⟩=1.2e-03, ⟨B·n⟩=8.1e-03, Len=sum([4.8, 4.6, 4.2])=13.6, ϰ=[4.8, 5.3, 4.6], ∫ϰ²/L>=[4.8, 6.2, 6.2], C-C-Sep=0.20, ║∇J║=2.2e-03
-----On 1/20 Initial Guess Perturbations
Iteration 1764/3500-----
J=1.2e-02, ⟨Jf⟩=1.2e-03, ⟨B·n⟩=8.1e-03, Len=sum([4.8, 4.6, 4.2])=13.6, ϰ=[4.8, 5.3, 4.6], ∫ϰ²/L>=[4.8, 6.2, 6.2], C-C-Sep=0.20, ║∇J║=1.8e-03
-----On 1/20 Initial Guess Perturbations
Iteration 1765/3500-----
J=1.2e-02, ⟨Jf⟩=1.2e-03, ⟨B·n⟩=8.1e-03, Len=sum([4.8, 4.6, 4.2])=13.6, ϰ=[4.8, 5.4, 4.6], ∫ϰ²/L>=[4.8, 6.2, 6.2], C-C-Sep=0.20, ║∇J║=1.9e-03
-----On 1/20 Initial Guess Perturbations
Iteration 1766/3500-----
J=1.2e-02, ⟨Jf⟩=1.2e-03, ⟨B·n⟩=8.2e-03, Len=sum([4.8, 4.6, 4.2])=13.6, ϰ=[4.8, 5.4, 4.6], ∫ϰ²/L>=[4.8, 6.2, 6.2], C-C-Sep=0.20, ║∇J║=1.9e-03
-----On 1/20 Initial Guess Perturbations
Iteration 1767/3500-----
J=1.2e-02, ⟨Jf⟩=1.2e-03, ⟨B·n⟩=8.2e-03, Len=sum([4.8, 4.6, 4.2])=13.6, ϰ=[4.8, 5.3, 4.5], ∫ϰ²/L>=[4.8, 6.2, 6.2], C-C-Sep=0.20, ║∇J║=2.0e-03
-----On 1/20 Initial Guess Perturbations
Iteration 1768/3500-----
J=1.2e-02, ⟨Jf⟩=1.2e-03, ⟨B·n⟩=8.2e-03, Len=sum([4.8, 4.6, 4.2])=13.6, ϰ=[4.8, 5.3, 4.5], ∫ϰ²/L>=[4.8, 6.2, 6.2], C-C-Sep=0.20, ║∇J║=2.3e-03
-----On 1/20 Initial Guess Perturbations
Iteration 1769/3500-----
J=1.2e-02, ⟨Jf⟩=1.2e-03, ⟨B·n⟩=8.2e-03, Len=sum([4.8, 4.6, 4.2])=13.6, ϰ=[4.8, 5.3, 4.5], ∫ϰ²/L>=[4.8, 6.2, 6.2], C-C-Sep=0.20, ║∇J║=2.1e-03
-----On 1/20 Initial Guess Perturbations
Iteration 1770/3500-----
J=1.2e-02, ⟨Jf⟩=1.2e-03, ⟨B·n⟩=8.2e-03, Len=sum([4.8, 4.6, 4.2])=13.6, ϰ=[4.8, 5.2, 4.5], ∫ϰ²/L>=[4.8, 6.2, 6.2], C-C-Sep=0.20, ║∇J║=2.0e-03
-----On 1/20 Initial Guess Perturbations
Iteration 1771/3500-----
J=1.2e-02, ⟨Jf⟩=1.2e-03, ⟨B·n⟩=8.2e-03, Len=sum([4.8, 4.6, 4.2])=13.6, ϰ=[4.9, 5.2, 4.5], ∫ϰ²/L>=[4.8, 6.2, 6.2], C-C-Sep=0.20, ║∇J║=2.0e-03
-----On 1/20 Initial Guess Perturbations
Iteration 1772/3500-----
J=1.2e-02, ⟨Jf⟩=1.2e-03, ⟨B·n⟩=8.2e-03, Len=sum([4.8, 4.6, 4.2])=13.5, ϰ=[4.9, 5.2, 4.5], ∫ϰ²/L>=[4.8, 6.2, 6.2], C-C-Sep=0.20, ║∇J║=2.3e-03
-----On 1/20 Initial Guess Perturbations
Iteration 1773/3500-----
J=1.2e-02, ⟨Jf⟩=1.2e-03, ⟨B·n⟩=8.2e-03, Len=sum([4.8, 4.6, 4.2])=13.5, ϰ=[4.9, 5.2, 4.5], ∫ϰ²/L>=[4.8, 6.2, 6.1], C-C-Sep=0.20, ║∇J║=2.1e-03
-----On 1/20 Initial Guess Perturbations
Iteration 1774/3500-----
J=1.2e-02, ⟨Jf⟩=1.2e-03, ⟨B·n⟩=8.2e-03, Len=sum([4.8, 4.6, 4.2])=13.5, ϰ=[4.9, 5.2, 4.5], ∫ϰ²/L>=[4.8, 6.2, 6.1], C-C-Sep=0.20, ║∇J║=1.7e-03
-----On 1/20 Initial Guess Perturbations
Iteration 1775/3500-----
J=1.2e-02, ⟨Jf⟩=1.2e-03, ⟨B·n⟩=8.2e-03, Len=sum([4.8, 4.6, 4.2])=13.5, ϰ=[4.9, 5.2, 4.5], ∫ϰ²/L>=[4.8, 6.2, 6.1], C-C-Sep=0.20, ║∇J║=1.8e-03
-----On 1/20 Initial Guess Perturbations
Iteration 1776/3500-----
J=1.2e-02, ⟨Jf⟩=1.2e-03, ⟨B·n⟩=8.2e-03, Len=sum([4.8, 4.6, 4.2])=13.5, ϰ=[4.9, 5.1, 4.5], ∫ϰ²/L>=[4.8, 6.2, 6.1], C-C-Sep=0.20, ║∇J║=1.9e-03
-----On 1/20 Initial Guess Perturbations
Iteration 1777/3500-----
J=1.2e-02, ⟨Jf⟩=1.2e-03, ⟨B·n⟩=8.2e-03, Len=sum([4.8, 4.6, 4.2])=13.5, ϰ=[4.9, 5.1, 4.5], ∫ϰ²/L>=[4.8, 6.2, 6.1], C-C-Sep=0.20, ║∇J║=1.8e-03
-----On 1/20 Initial Guess Perturbations
Iteration 1778/3500-----
J=1.2e-02, ⟨Jf⟩=1.2e-03, ⟨B·n⟩=8.2e-03, Len=sum([4.8, 4.6, 4.2])=13.5, ϰ=[4.9, 5.1, 4.5], ∫ϰ²/L>=[4.8, 6.2, 6.1], C-C-Sep=0.20, ║∇J║=1.8e-03
-----On 1/20 Initial Guess Perturbations
Iteration 1779/3500-----
J=1.2e-02, ⟨Jf⟩=1.2e-03, ⟨B·n⟩=8.2e-03, Len=sum([4.8, 4.6, 4.2])=13.5, ϰ=[4.9, 5.1, 4.5], ∫ϰ²/L>=[4.8, 6.2, 6.1], C-C-Sep=0.20, ║∇J║=2.1e-03
-----On 1/20 Initial Guess Perturbations
Iteration 1780/3500-----
J=1.2e-02, ⟨Jf⟩=1.2e-03, ⟨B·n⟩=8.2e-03, Len=sum([4.8, 4.6, 4.2])=13.5, ϰ=[4.9, 5.1, 4.4], ∫ϰ²/L>=[4.8, 6.2, 6.1], C-C-Sep=0.20, ║∇J║=2.1e-03
-----On 1/20 Initial Guess Perturbations
Iteration 1781/3500-----
J=1.2e-02, ⟨Jf⟩=1.2e-03, ⟨B·n⟩=8.2e-03, Len=sum([4.8, 4.6, 4.2])=13.5, ϰ=[4.9, 5.0, 4.4], ∫ϰ²/L>=[4.8, 6.2, 6.1], C-C-Sep=0.20, ║∇J║=2.3e-03
-----On 1/20 Initial Guess Perturbations
Iteration 1782/3500-----
J=1.2e-02, ⟨Jf⟩=1.3e-03, ⟨B·n⟩=8.2e-03, Len=sum([4.8, 4.6, 4.2])=13.5, ϰ=[4.9, 5.1, 4.4], ∫ϰ²/L>=[4.8, 6.2, 6.1], C-C-Sep=0.20, ║∇J║=2.1e-03
-----On 1/20 Initial Guess Perturbations
Iteration 1783/3500-----
J=1.2e-02, ⟨Jf⟩=1.2e-03, ⟨B·n⟩=8.2e-03, Len=sum([4.8, 4.6, 4.2])=13.5, ϰ=[4.9, 5.1, 4.4], ∫ϰ²/L>=[4.8, 6.2, 6.1], C-C-Sep=0.20, ║∇J║=2.3e-03
-----On 1/20 Initial Guess Perturbations
Iteration 1784/3500-----
J=1.2e-02, ⟨Jf⟩=1.3e-03, ⟨B·n⟩=8.2e-03, Len=sum([4.8, 4.6, 4.2])=13.5, ϰ=[4.9, 5.1, 4.4], ∫ϰ²/L>=[4.8, 6.2, 6.1], C-C-Sep=0.20, ║∇J║=2.2e-03
-----On 1/20 Initial Guess Perturbations
Iteration 1785/3500-----
J=1.2e-02, ⟨Jf⟩=1.3e-03, ⟨B·n⟩=8.2e-03, Len=sum([4.8, 4.6, 4.2])=13.5, ϰ=[4.9, 5.1, 4.4], ∫ϰ²/L>=[4.8, 6.2, 6.1], C-C-Sep=0.20, ║∇J║=1.8e-03
-----On 1/20 Initial Guess Perturbations
Iteration 1786/3500-----
J=1.2e-02, ⟨Jf⟩=1.3e-03, ⟨B·n⟩=8.2e-03, Len=sum([4.8, 4.6, 4.2])=13.5, ϰ=[5.0, 5.1, 4.4], ∫ϰ²/L>=[4.8, 6.2, 6.1], C-C-Sep=0.20, ║∇J║=1.9e-03
-----On 1/20 Initial Guess Perturbations
Iteration 1787/3500-----
J=1.2e-02, ⟨Jf⟩=1.3e-03, ⟨B·n⟩=8.2e-03, Len=sum([4.8, 4.6, 4.2])=13.5, ϰ=[4.9, 5.1, 4.4], ∫ϰ²/L>=[4.8, 6.2, 6.1], C-C-Sep=0.20, ║∇J║=1.9e-03
-----On 1/20 Initial Guess Perturbations
Iteration 1788/3500-----
J=1.2e-02, ⟨Jf⟩=1.3e-03, ⟨B·n⟩=8.2e-03, Len=sum([4.8, 4.6, 4.2])=13.5, ϰ=[5.0, 5.1, 4.4], ∫ϰ²/L>=[4.8, 6.2, 6.1], C-C-Sep=0.20, ║∇J║=1.8e-03
-----On 1/20 Initial Guess Perturbations
Iteration 1789/3500-----
J=1.2e-02, ⟨Jf⟩=1.3e-03, ⟨B·n⟩=8.2e-03, Len=sum([4.8, 4.6, 4.2])=13.5, ϰ=[5.0, 5.1, 4.4], ∫ϰ²/L>=[4.8, 6.2, 6.1], C-C-Sep=0.20, ║∇J║=2.0e-03
-----On 1/20 Initial Guess Perturbations
Iteration 1790/3500-----
J=1.2e-02, ⟨Jf⟩=1.3e-03, ⟨B·n⟩=8.2e-03, Len=sum([4.8, 4.6, 4.2])=13.5, ϰ=[5.0, 5.1, 4.4], ∫ϰ²/L>=[4.8, 6.2, 6.1], C-C-Sep=0.20, ║∇J║=2.6e-03
-----On 1/20 Initial Guess Perturbations
Iteration 1791/3500-----
J=1.2e-02, ⟨Jf⟩=1.3e-03, ⟨B·n⟩=8.2e-03, Len=sum([4.8, 4.6, 4.2])=13.5, ϰ=[5.0, 5.1, 4.4], ∫ϰ²/L>=[4.8, 6.2, 6.1], C-C-Sep=0.20, ║∇J║=1.8e-03
-----On 1/20 Initial Guess Perturbations
Iteration 1792/3500-----
J=1.2e-02, ⟨Jf⟩=1.3e-03, ⟨B·n⟩=8.2e-03, Len=sum([4.8, 4.6, 4.2])=13.5, ϰ=[5.0, 5.1, 4.4], ∫ϰ²/L>=[4.8, 6.2, 6.1], C-C-Sep=0.20, ║∇J║=1.9e-03
-----On 1/20 Initial Guess Perturbations
Iteration 1793/3500-----
J=1.2e-02, ⟨Jf⟩=1.3e-03, ⟨B·n⟩=8.2e-03, Len=sum([4.8, 4.6, 4.2])=13.5, ϰ=[5.0, 5.2, 4.4], ∫ϰ²/L>=[4.8, 6.1, 6.1], C-C-Sep=0.20, ║∇J║=2.2e-03
-----On 1/20 Initial Guess Perturbations
Iteration 1794/3500-----
J=1.2e-02, ⟨Jf⟩=1.2e-03, ⟨B·n⟩=8.2e-03, Len=sum([4.8, 4.6, 4.2])=13.5, ϰ=[5.0, 5.2, 4.4], ∫ϰ²/L>=[4.8, 6.1, 6.1], C-C-Sep=0.20, ║∇J║=2.0e-03
-----On 1/20 Initial Guess Perturbations
Iteration 1795/3500-----
J=1.2e-02, ⟨Jf⟩=1.2e-03, ⟨B·n⟩=8.2e-03, Len=sum([4.8, 4.6, 4.2])=13.5, ϰ=[5.0, 5.2, 4.4], ∫ϰ²/L>=[4.8, 6.1, 6.1], C-C-Sep=0.20, ║∇J║=1.8e-03
-----On 1/20 Initial Guess Perturbations
Iteration 1796/3500-----
J=1.2e-02, ⟨Jf⟩=1.2e-03, ⟨B·n⟩=8.2e-03, Len=sum([4.8, 4.6, 4.2])=13.5, ϰ=[5.0, 5.2, 4.4], ∫ϰ²/L>=[4.8, 6.1, 6.1], C-C-Sep=0.20, ║∇J║=2.2e-03
-----On 1/20 Initial Guess Perturbations
Iteration 1797/3500-----
J=1.2e-02, ⟨Jf⟩=1.2e-03, ⟨B·n⟩=8.2e-03, Len=sum([4.8, 4.6, 4.2])=13.5, ϰ=[5.0, 5.2, 4.5], ∫ϰ²/L>=[4.8, 6.1, 6.1], C-C-Sep=0.20, ║∇J║=2.2e-03
-----On 1/20 Initial Guess Perturbations
Iteration 1798/3500-----
J=1.2e-02, ⟨Jf⟩=1.2e-03, ⟨B·n⟩=8.2e-03, Len=sum([4.8, 4.6, 4.2])=13.5, ϰ=[5.0, 5.2, 4.5], ∫ϰ²/L>=[4.8, 6.1, 6.1], C-C-Sep=0.20, ║∇J║=1.9e-03
-----On 1/20 Initial Guess Perturbations
Iteration 1799/3500-----
J=1.2e-02, ⟨Jf⟩=1.2e-03, ⟨B·n⟩=8.2e-03, Len=sum([4.8, 4.6, 4.2])=13.5, ϰ=[5.0, 5.2, 4.4], ∫ϰ²/L>=[4.8, 6.1, 6.1], C-C-Sep=0.20, ║∇J║=1.8e-03
-----On 1/20 Initial Guess Perturbations
Iteration 1800/3500-----
J=1.2e-02, ⟨Jf⟩=1.2e-03, ⟨B·n⟩=8.2e-03, Len=sum([4.8, 4.6, 4.2])=13.5, ϰ=[5.0, 5.2, 4.5], ∫ϰ²/L>=[4.8, 6.1, 6.1], C-C-Sep=0.20, ║∇J║=1.7e-03
-----On 1/20 Initial Guess Perturbations
Iteration 1801/3500-----
J=1.2e-02, ⟨Jf⟩=1.2e-03, ⟨B·n⟩=8.2e-03, Len=sum([4.8, 4.6, 4.2])=13.5, ϰ=[5.0, 5.2, 4.5], ∫ϰ²/L>=[4.8, 6.1, 6.1], C-C-Sep=0.20, ║∇J║=2.0e-03
-----On 1/20 Initial Guess Perturbations
Iteration 1802/3500-----
J=1.2e-02, ⟨Jf⟩=1.2e-03, ⟨B·n⟩=8.2e-03, Len=sum([4.8, 4.6, 4.2])=13.5, ϰ=[5.0, 5.2, 4.5], ∫ϰ²/L>=[4.8, 6.1, 6.1], C-C-Sep=0.20, ║∇J║=1.7e-03
-----On 1/20 Initial Guess Perturbations
Iteration 1803/3500-----
J=1.2e-02, ⟨Jf⟩=1.2e-03, ⟨B·n⟩=8.2e-03, Len=sum([4.8, 4.6, 4.2])=13.5, ϰ=[5.0, 5.2, 4.5], ∫ϰ²/L>=[4.8, 6.1, 6.1], C-C-Sep=0.20, ║∇J║=1.8e-03
-----On 1/20 Initial Guess Perturbations
Iteration 1804/3500-----
J=1.2e-02, ⟨Jf⟩=1.2e-03, ⟨B·n⟩=8.2e-03, Len=sum([4.8, 4.6, 4.2])=13.5, ϰ=[5.0, 5.2, 4.5], ∫ϰ²/L>=[4.8, 6.1, 6.1], C-C-Sep=0.20, ║∇J║=2.1e-03
-----On 1/20 Initial Guess Perturbations
Iteration 1805/3500-----
J=1.2e-02, ⟨Jf⟩=1.2e-03, ⟨B·n⟩=8.2e-03, Len=sum([4.8, 4.6, 4.2])=13.5, ϰ=[5.0, 5.2, 4.5], ∫ϰ²/L>=[4.8, 6.1, 6.2], C-C-Sep=0.20, ║∇J║=2.1e-03
-----On 1/20 Initial Guess Perturbations
Iteration 1806/3500-----
J=1.2e-02, ⟨Jf⟩=1.2e-03, ⟨B·n⟩=8.2e-03, Len=sum([4.8, 4.6, 4.2])=13.5, ϰ=[5.0, 5.3, 4.5], ∫ϰ²/L>=[4.8, 6.1, 6.2], C-C-Sep=0.20, ║∇J║=1.8e-03
-----On 1/20 Initial Guess Perturbations
Iteration 1807/3500-----
J=1.2e-02, ⟨Jf⟩=1.3e-03, ⟨B·n⟩=8.2e-03, Len=sum([4.8, 4.6, 4.2])=13.5, ϰ=[4.9, 5.3, 4.5], ∫ϰ²/L>=[4.8, 6.1, 6.2], C-C-Sep=0.20, ║∇J║=2.0e-03
-----On 1/20 Initial Guess Perturbations
Iteration 1808/3500-----
J=1.2e-02, ⟨Jf⟩=1.3e-03, ⟨B·n⟩=8.2e-03, Len=sum([4.8, 4.6, 4.2])=13.5, ϰ=[4.9, 5.3, 4.5], ∫ϰ²/L>=[4.8, 6.1, 6.2], C-C-Sep=0.20, ║∇J║=1.5e-03
-----On 1/20 Initial Guess Perturbations
Iteration 1809/3500-----
J=1.2e-02, ⟨Jf⟩=1.3e-03, ⟨B·n⟩=8.2e-03, Len=sum([4.8, 4.6, 4.2])=13.5, ϰ=[5.0, 5.3, 4.5], ∫ϰ²/L>=[4.8, 6.1, 6.2], C-C-Sep=0.20, ║∇J║=1.9e-03
-----On 1/20 Initial Guess Perturbations
Iteration 1810/3500-----
J=1.2e-02, ⟨Jf⟩=1.3e-03, ⟨B·n⟩=8.2e-03, Len=sum([4.8, 4.6, 4.2])=13.5, ϰ=[5.0, 5.3, 4.5], ∫ϰ²/L>=[4.8, 6.1, 6.2], C-C-Sep=0.20, ║∇J║=1.9e-03
-----On 1/20 Initial Guess Perturbations
Iteration 1811/3500-----
J=1.2e-02, ⟨Jf⟩=1.3e-03, ⟨B·n⟩=8.2e-03, Len=sum([4.8, 4.6, 4.2])=13.5, ϰ=[5.0, 5.3, 4.5], ∫ϰ²/L>=[4.8, 6.1, 6.2], C-C-Sep=0.20, ║∇J║=2.1e-03
-----On 1/20 Initial Guess Perturbations
Iteration 1812/3500-----
J=1.2e-02, ⟨Jf⟩=1.2e-03, ⟨B·n⟩=8.2e-03, Len=sum([4.8, 4.6, 4.2])=13.5, ϰ=[5.0, 5.3, 4.5], ∫ϰ²/L>=[4.8, 6.1, 6.2], C-C-Sep=0.20, ║∇J║=2.8e-03
-----On 1/20 Initial Guess Perturbations
Iteration 1813/3500-----
J=1.2e-02, ⟨Jf⟩=1.2e-03, ⟨B·n⟩=8.2e-03, Len=sum([4.8, 4.6, 4.2])=13.5, ϰ=[4.9, 5.3, 4.5], ∫ϰ²/L>=[4.8, 6.1, 6.2], C-C-Sep=0.20, ║∇J║=2.7e-03
-----On 1/20 Initial Guess Perturbations
Iteration 1814/3500-----
J=1.2e-02, ⟨Jf⟩=1.2e-03, ⟨B·n⟩=8.2e-03, Len=sum([4.8, 4.6, 4.2])=13.5, ϰ=[4.9, 5.3, 4.5], ∫ϰ²/L>=[4.8, 6.1, 6.2], C-C-Sep=0.20, ║∇J║=1.9e-03
-----On 1/20 Initial Guess Perturbations
Iteration 1815/3500-----
J=1.2e-02, ⟨Jf⟩=1.2e-03, ⟨B·n⟩=8.2e-03, Len=sum([4.8, 4.6, 4.2])=13.5, ϰ=[5.0, 5.3, 4.5], ∫ϰ²/L>=[4.8, 6.1, 6.2], C-C-Sep=0.20, ║∇J║=2.2e-03
-----On 1/20 Initial Guess Perturbations
Iteration 1816/3500-----
J=1.2e-02, ⟨Jf⟩=1.2e-03, ⟨B·n⟩=8.2e-03, Len=sum([4.8, 4.6, 4.2])=13.5, ϰ=[5.0, 5.3, 4.5], ∫ϰ²/L>=[4.8, 6.1, 6.2], C-C-Sep=0.20, ║∇J║=1.9e-03
-----On 1/20 Initial Guess Perturbations
Iteration 1817/3500-----
J=1.2e-02, ⟨Jf⟩=1.2e-03, ⟨B·n⟩=8.2e-03, Len=sum([4.8, 4.6, 4.2])=13.5, ϰ=[5.0, 5.3, 4.5], ∫ϰ²/L>=[4.8, 6.1, 6.2], C-C-Sep=0.20, ║∇J║=1.9e-03
-----On 1/20 Initial Guess Perturbations
Iteration 1818/3500-----
J=1.2e-02, ⟨Jf⟩=1.2e-03, ⟨B·n⟩=8.2e-03, Len=sum([4.8, 4.6, 4.2])=13.5, ϰ=[5.0, 5.3, 4.5], ∫ϰ²/L>=[4.8, 6.1, 6.2], C-C-Sep=0.20, ║∇J║=1.9e-03
-----On 1/20 Initial Guess Perturbations
Iteration 1819/3500-----
J=1.2e-02, ⟨Jf⟩=1.2e-03, ⟨B·n⟩=8.2e-03, Len=sum([4.8, 4.6, 4.2])=13.5, ϰ=[5.0, 5.3, 4.5], ∫ϰ²/L>=[4.8, 6.1, 6.2], C-C-Sep=0.20, ║∇J║=1.9e-03
-----On 1/20 Initial Guess Perturbations
Iteration 1820/3500-----
J=1.2e-02, ⟨Jf⟩=1.2e-03, ⟨B·n⟩=8.2e-03, Len=sum([4.8, 4.6, 4.2])=13.5, ϰ=[5.0, 5.4, 4.5], ∫ϰ²/L>=[4.8, 6.1, 6.2], C-C-Sep=0.20, ║∇J║=1.9e-03
-----On 1/20 Initial Guess Perturbations
Iteration 1821/3500-----
J=1.2e-02, ⟨Jf⟩=1.2e-03, ⟨B·n⟩=8.2e-03, Len=sum([4.8, 4.6, 4.2])=13.5, ϰ=[5.0, 5.3, 4.5], ∫ϰ²/L>=[4.8, 6.1, 6.2], C-C-Sep=0.20, ║∇J║=1.7e-03
-----On 1/20 Initial Guess Perturbations
Iteration 1822/3500-----
J=1.2e-02, ⟨Jf⟩=1.2e-03, ⟨B·n⟩=8.2e-03, Len=sum([4.8, 4.6, 4.2])=13.5, ϰ=[5.0, 5.3, 4.5], ∫ϰ²/L>=[4.8, 6.2, 6.2], C-C-Sep=0.20, ║∇J║=1.7e-03
-----On 1/20 Initial Guess Perturbations
Iteration 1823/3500-----
J=1.2e-02, ⟨Jf⟩=1.2e-03, ⟨B·n⟩=8.2e-03, Len=sum([4.8, 4.6, 4.2])=13.5, ϰ=[5.0, 5.3, 4.5], ∫ϰ²/L>=[4.8, 6.2, 6.2], C-C-Sep=0.20, ║∇J║=1.9e-03
-----On 1/20 Initial Guess Perturbations
Iteration 1824/3500-----
J=1.2e-02, ⟨Jf⟩=1.2e-03, ⟨B·n⟩=8.2e-03, Len=sum([4.8, 4.6, 4.2])=13.5, ϰ=[5.0, 5.3, 4.6], ∫ϰ²/L>=[4.8, 6.2, 6.3], C-C-Sep=0.20, ║∇J║=2.2e-03
-----On 1/20 Initial Guess Perturbations
Iteration 1825/3500-----
J=1.2e-02, ⟨Jf⟩=1.2e-03, ⟨B·n⟩=8.2e-03, Len=sum([4.8, 4.6, 4.2])=13.5, ϰ=[5.0, 5.3, 4.6], ∫ϰ²/L>=[4.8, 6.2, 6.3], C-C-Sep=0.20, ║∇J║=2.8e-03
-----On 1/20 Initial Guess Perturbations
Iteration 1826/3500-----
J=1.2e-02, ⟨Jf⟩=1.2e-03, ⟨B·n⟩=8.2e-03, Len=sum([4.8, 4.6, 4.2])=13.5, ϰ=[4.9, 5.3, 4.6], ∫ϰ²/L>=[4.8, 6.2, 6.3], C-C-Sep=0.20, ║∇J║=2.0e-03
-----On 1/20 Initial Guess Perturbations
Iteration 1827/3500-----
J=1.2e-02, ⟨Jf⟩=1.2e-03, ⟨B·n⟩=8.2e-03, Len=sum([4.8, 4.6, 4.2])=13.5, ϰ=[4.9, 5.3, 4.6], ∫ϰ²/L>=[4.8, 6.2, 6.3], C-C-Sep=0.20, ║∇J║=1.9e-03
-----On 1/20 Initial Guess Perturbations
Iteration 1828/3500-----
J=1.2e-02, ⟨Jf⟩=1.2e-03, ⟨B·n⟩=8.2e-03, Len=sum([4.8, 4.6, 4.2])=13.5, ϰ=[4.9, 5.3, 4.7], ∫ϰ²/L>=[4.8, 6.2, 6.3], C-C-Sep=0.20, ║∇J║=1.9e-03
-----On 1/20 Initial Guess Perturbations
Iteration 1829/3500-----
J=1.2e-02, ⟨Jf⟩=1.2e-03, ⟨B·n⟩=8.2e-03, Len=sum([4.8, 4.6, 4.2])=13.5, ϰ=[4.9, 5.3, 4.7], ∫ϰ²/L>=[4.8, 6.2, 6.3], C-C-Sep=0.20, ║∇J║=1.5e-03
-----On 1/20 Initial Guess Perturbations
Iteration 1830/3500-----
J=1.2e-02, ⟨Jf⟩=1.2e-03, ⟨B·n⟩=8.2e-03, Len=sum([4.8, 4.6, 4.2])=13.5, ϰ=[4.9, 5.3, 4.7], ∫ϰ²/L>=[4.8, 6.2, 6.3], C-C-Sep=0.20, ║∇J║=1.9e-03
-----On 1/20 Initial Guess Perturbations
Iteration 1831/3500-----
J=1.2e-02, ⟨Jf⟩=1.2e-03, ⟨B·n⟩=8.2e-03, Len=sum([4.8, 4.6, 4.2])=13.5, ϰ=[4.9, 5.3, 4.7], ∫ϰ²/L>=[4.8, 6.2, 6.3], C-C-Sep=0.20, ║∇J║=1.8e-03
-----On 1/20 Initial Guess Perturbations
Iteration 1832/3500-----
J=1.2e-02, ⟨Jf⟩=1.2e-03, ⟨B·n⟩=8.2e-03, Len=sum([4.8, 4.6, 4.2])=13.6, ϰ=[4.9, 5.3, 4.7], ∫ϰ²/L>=[4.8, 6.2, 6.3], C-C-Sep=0.20, ║∇J║=1.8e-03
-----On 1/20 Initial Guess Perturbations
Iteration 1833/3500-----
J=1.2e-02, ⟨Jf⟩=1.2e-03, ⟨B·n⟩=8.2e-03, Len=sum([4.8, 4.6, 4.2])=13.6, ϰ=[4.9, 5.3, 4.7], ∫ϰ²/L>=[4.8, 6.2, 6.3], C-C-Sep=0.20, ║∇J║=1.7e-03
-----On 1/20 Initial Guess Perturbations
Iteration 1834/3500-----
J=1.2e-02, ⟨Jf⟩=1.2e-03, ⟨B·n⟩=8.2e-03, Len=sum([4.8, 4.6, 4.2])=13.6, ϰ=[4.9, 5.3, 4.7], ∫ϰ²/L>=[4.8, 6.2, 6.3], C-C-Sep=0.20, ║∇J║=1.7e-03
-----On 1/20 Initial Guess Perturbations
Iteration 1835/3500-----
J=1.2e-02, ⟨Jf⟩=1.2e-03, ⟨B·n⟩=8.2e-03, Len=sum([4.8, 4.6, 4.2])=13.6, ϰ=[4.9, 5.3, 4.7], ∫ϰ²/L>=[4.8, 6.2, 6.3], C-C-Sep=0.20, ║∇J║=1.8e-03
-----On 1/20 Initial Guess Perturbations
Iteration 1836/3500-----
J=1.2e-02, ⟨Jf⟩=1.2e-03, ⟨B·n⟩=8.2e-03, Len=sum([4.8, 4.6, 4.2])=13.6, ϰ=[4.9, 5.3, 4.7], ∫ϰ²/L>=[4.8, 6.2, 6.3], C-C-Sep=0.20, ║∇J║=2.5e-03
-----On 1/20 Initial Guess Perturbations
Iteration 1837/3500-----
J=1.2e-02, ⟨Jf⟩=1.2e-03, ⟨B·n⟩=8.2e-03, Len=sum([4.8, 4.6, 4.2])=13.6, ϰ=[4.9, 5.3, 4.6], ∫ϰ²/L>=[4.8, 6.2, 6.3], C-C-Sep=0.20, ║∇J║=1.9e-03
-----On 1/20 Initial Guess Perturbations
Iteration 1838/3500-----
J=1.2e-02, ⟨Jf⟩=1.2e-03, ⟨B·n⟩=8.2e-03, Len=sum([4.8, 4.6, 4.2])=13.6, ϰ=[4.8, 5.3, 4.6], ∫ϰ²/L>=[4.8, 6.2, 6.3], C-C-Sep=0.20, ║∇J║=1.7e-03
-----On 1/20 Initial Guess Perturbations
Iteration 1839/3500-----
J=1.2e-02, ⟨Jf⟩=1.2e-03, ⟨B·n⟩=8.2e-03, Len=sum([4.8, 4.6, 4.2])=13.6, ϰ=[4.9, 5.3, 4.6], ∫ϰ²/L>=[4.8, 6.2, 6.3], C-C-Sep=0.20, ║∇J║=1.7e-03
-----On 1/20 Initial Guess Perturbations
Iteration 1840/3500-----
J=1.2e-02, ⟨Jf⟩=1.2e-03, ⟨B·n⟩=8.2e-03, Len=sum([4.8, 4.6, 4.2])=13.6, ϰ=[4.8, 5.3, 4.5], ∫ϰ²/L>=[4.7, 6.2, 6.3], C-C-Sep=0.20, ║∇J║=1.6e-03
-----On 1/20 Initial Guess Perturbations
Iteration 1841/3500-----
J=1.2e-02, ⟨Jf⟩=1.2e-03, ⟨B·n⟩=8.2e-03, Len=sum([4.8, 4.6, 4.2])=13.6, ϰ=[4.8, 5.3, 4.5], ∫ϰ²/L>=[4.7, 6.2, 6.3], C-C-Sep=0.20, ║∇J║=1.5e-03
-----On 1/20 Initial Guess Perturbations
Iteration 1842/3500-----
J=1.2e-02, ⟨Jf⟩=1.2e-03, ⟨B·n⟩=8.2e-03, Len=sum([4.8, 4.6, 4.2])=13.6, ϰ=[4.8, 5.3, 4.6], ∫ϰ²/L>=[4.7, 6.2, 6.3], C-C-Sep=0.20, ║∇J║=1.7e-03
-----On 1/20 Initial Guess Perturbations
Iteration 1843/3500-----
J=1.2e-02, ⟨Jf⟩=1.2e-03, ⟨B·n⟩=8.2e-03, Len=sum([4.8, 4.6, 4.2])=13.5, ϰ=[4.8, 5.3, 4.5], ∫ϰ²/L>=[4.7, 6.1, 6.3], C-C-Sep=0.20, ║∇J║=2.0e-03
-----On 1/20 Initial Guess Perturbations
Iteration 1844/3500-----
J=1.2e-02, ⟨Jf⟩=1.2e-03, ⟨B·n⟩=8.2e-03, Len=sum([4.8, 4.6, 4.2])=13.6, ϰ=[4.8, 5.3, 4.6], ∫ϰ²/L>=[4.7, 6.2, 6.3], C-C-Sep=0.20, ║∇J║=2.0e-03
-----On 1/20 Initial Guess Perturbations
Iteration 1845/3500-----
J=1.2e-02, ⟨Jf⟩=1.2e-03, ⟨B·n⟩=8.2e-03, Len=sum([4.8, 4.6, 4.2])=13.6, ϰ=[4.8, 5.3, 4.6], ∫ϰ²/L>=[4.7, 6.1, 6.3], C-C-Sep=0.20, ║∇J║=2.2e-03
-----On 1/20 Initial Guess Perturbations
Iteration 1846/3500-----
J=1.2e-02, ⟨Jf⟩=1.2e-03, ⟨B·n⟩=8.2e-03, Len=sum([4.8, 4.6, 4.2])=13.6, ϰ=[4.8, 5.3, 4.6], ∫ϰ²/L>=[4.7, 6.1, 6.3], C-C-Sep=0.20, ║∇J║=1.5e-03
-----On 1/20 Initial Guess Perturbations
Iteration 1847/3500-----
J=1.2e-02, ⟨Jf⟩=1.2e-03, ⟨B·n⟩=8.2e-03, Len=sum([4.8, 4.6, 4.2])=13.6, ϰ=[4.8, 5.2, 4.6], ∫ϰ²/L>=[4.7, 6.1, 6.3], C-C-Sep=0.20, ║∇J║=1.7e-03
-----On 1/20 Initial Guess Perturbations
Iteration 1848/3500-----
J=1.2e-02, ⟨Jf⟩=1.2e-03, ⟨B·n⟩=8.2e-03, Len=sum([4.8, 4.6, 4.2])=13.6, ϰ=[4.8, 5.2, 4.6], ∫ϰ²/L>=[4.7, 6.1, 6.3], C-C-Sep=0.20, ║∇J║=1.6e-03
-----On 1/20 Initial Guess Perturbations
Iteration 1849/3500-----
J=1.2e-02, ⟨Jf⟩=1.2e-03, ⟨B·n⟩=8.2e-03, Len=sum([4.8, 4.6, 4.2])=13.6, ϰ=[4.8, 5.2, 4.6], ∫ϰ²/L>=[4.7, 6.1, 6.3], C-C-Sep=0.20, ║∇J║=1.8e-03
-----On 1/20 Initial Guess Perturbations
Iteration 1850/3500-----
J=1.2e-02, ⟨Jf⟩=1.2e-03, ⟨B·n⟩=8.2e-03, Len=sum([4.8, 4.6, 4.2])=13.6, ϰ=[4.8, 5.2, 4.6], ∫ϰ²/L>=[4.7, 6.1, 6.3], C-C-Sep=0.20, ║∇J║=1.8e-03
-----On 1/20 Initial Guess Perturbations
Iteration 1851/3500-----
J=1.2e-02, ⟨Jf⟩=1.2e-03, ⟨B·n⟩=8.2e-03, Len=sum([4.8, 4.6, 4.2])=13.6, ϰ=[4.8, 5.2, 4.6], ∫ϰ²/L>=[4.7, 6.1, 6.3], C-C-Sep=0.20, ║∇J║=2.1e-03
-----On 1/20 Initial Guess Perturbations
Iteration 1852/3500-----
J=1.2e-02, ⟨Jf⟩=1.2e-03, ⟨B·n⟩=8.2e-03, Len=sum([4.8, 4.6, 4.2])=13.6, ϰ=[4.9, 5.2, 4.6], ∫ϰ²/L>=[4.7, 6.1, 6.3], C-C-Sep=0.20, ║∇J║=1.7e-03
-----On 1/20 Initial Guess Perturbations
Iteration 1853/3500-----
J=1.2e-02, ⟨Jf⟩=1.2e-03, ⟨B·n⟩=8.2e-03, Len=sum([4.8, 4.6, 4.2])=13.6, ϰ=[4.9, 5.2, 4.6], ∫ϰ²/L>=[4.7, 6.1, 6.3], C-C-Sep=0.20, ║∇J║=1.7e-03
-----On 1/20 Initial Guess Perturbations
Iteration 1854/3500-----
J=1.2e-02, ⟨Jf⟩=1.2e-03, ⟨B·n⟩=8.2e-03, Len=sum([4.8, 4.6, 4.2])=13.6, ϰ=[4.9, 5.2, 4.6], ∫ϰ²/L>=[4.7, 6.1, 6.3], C-C-Sep=0.20, ║∇J║=2.2e-03
-----On 1/20 Initial Guess Perturbations
Iteration 1855/3500-----
J=1.2e-02, ⟨Jf⟩=1.2e-03, ⟨B·n⟩=8.2e-03, Len=sum([4.8, 4.6, 4.2])=13.6, ϰ=[4.9, 5.2, 4.7], ∫ϰ²/L>=[4.7, 6.1, 6.3], C-C-Sep=0.20, ║∇J║=2.2e-03
-----On 1/20 Initial Guess Perturbations
Iteration 1856/3500-----
J=1.2e-02, ⟨Jf⟩=1.2e-03, ⟨B·n⟩=8.2e-03, Len=sum([4.8, 4.6, 4.2])=13.6, ϰ=[4.9, 5.1, 4.7], ∫ϰ²/L>=[4.7, 6.2, 6.3], C-C-Sep=0.20, ║∇J║=2.0e-03
-----On 1/20 Initial Guess Perturbations
Iteration 1857/3500-----
J=1.2e-02, ⟨Jf⟩=1.2e-03, ⟨B·n⟩=8.2e-03, Len=sum([4.8, 4.6, 4.2])=13.6, ϰ=[4.9, 5.1, 4.7], ∫ϰ²/L>=[4.7, 6.2, 6.3], C-C-Sep=0.20, ║∇J║=2.0e-03
-----On 1/20 Initial Guess Perturbations
Iteration 1858/3500-----
J=1.2e-02, ⟨Jf⟩=1.2e-03, ⟨B·n⟩=8.2e-03, Len=sum([4.8, 4.6, 4.2])=13.6, ϰ=[4.9, 5.1, 4.7], ∫ϰ²/L>=[4.7, 6.2, 6.3], C-C-Sep=0.20, ║∇J║=1.6e-03
-----On 1/20 Initial Guess Perturbations
Iteration 1859/3500-----
J=1.2e-02, ⟨Jf⟩=1.2e-03, ⟨B·n⟩=8.2e-03, Len=sum([4.8, 4.6, 4.2])=13.6, ϰ=[4.9, 5.1, 4.7], ∫ϰ²/L>=[4.7, 6.2, 6.3], C-C-Sep=0.20, ║∇J║=1.5e-03
-----On 1/20 Initial Guess Perturbations
Iteration 1860/3500-----
J=1.2e-02, ⟨Jf⟩=1.2e-03, ⟨B·n⟩=8.2e-03, Len=sum([4.8, 4.6, 4.2])=13.6, ϰ=[4.9, 5.1, 4.7], ∫ϰ²/L>=[4.7, 6.2, 6.3], C-C-Sep=0.20, ║∇J║=1.7e-03
-----On 1/20 Initial Guess Perturbations
Iteration 1861/3500-----
J=1.2e-02, ⟨Jf⟩=1.2e-03, ⟨B·n⟩=8.2e-03, Len=sum([4.8, 4.6, 4.2])=13.6, ϰ=[4.9, 5.1, 4.7], ∫ϰ²/L>=[4.7, 6.2, 6.3], C-C-Sep=0.20, ║∇J║=1.6e-03
-----On 1/20 Initial Guess Perturbations
Iteration 1862/3500-----
J=1.2e-02, ⟨Jf⟩=1.2e-03, ⟨B·n⟩=8.2e-03, Len=sum([4.8, 4.6, 4.2])=13.6, ϰ=[4.9, 5.1, 4.7], ∫ϰ²/L>=[4.7, 6.2, 6.3], C-C-Sep=0.20, ║∇J║=1.7e-03
-----On 1/20 Initial Guess Perturbations
Iteration 1863/3500-----
J=1.2e-02, ⟨Jf⟩=1.2e-03, ⟨B·n⟩=8.2e-03, Len=sum([4.8, 4.6, 4.2])=13.6, ϰ=[4.9, 5.1, 4.7], ∫ϰ²/L>=[4.7, 6.2, 6.3], C-C-Sep=0.20, ║∇J║=1.8e-03
-----On 1/20 Initial Guess Perturbations
Iteration 1864/3500-----
J=1.2e-02, ⟨Jf⟩=1.2e-03, ⟨B·n⟩=8.2e-03, Len=sum([4.8, 4.6, 4.2])=13.6, ϰ=[4.9, 5.1, 4.7], ∫ϰ²/L>=[4.7, 6.1, 6.3], C-C-Sep=0.20, ║∇J║=2.4e-03
-----On 1/20 Initial Guess Perturbations
Iteration 1865/3500-----
J=1.2e-02, ⟨Jf⟩=1.2e-03, ⟨B·n⟩=8.2e-03, Len=sum([4.8, 4.6, 4.2])=13.6, ϰ=[4.8, 5.1, 4.8], ∫ϰ²/L>=[4.7, 6.1, 6.3], C-C-Sep=0.20, ║∇J║=2.2e-03
-----On 1/20 Initial Guess Perturbations
Iteration 1866/3500-----
J=1.2e-02, ⟨Jf⟩=1.2e-03, ⟨B·n⟩=8.2e-03, Len=sum([4.8, 4.6, 4.2])=13.6, ϰ=[4.8, 5.2, 4.8], ∫ϰ²/L>=[4.7, 6.1, 6.3], C-C-Sep=0.20, ║∇J║=2.4e-03
-----On 1/20 Initial Guess Perturbations
Iteration 1867/3500-----
J=1.2e-02, ⟨Jf⟩=1.2e-03, ⟨B·n⟩=8.2e-03, Len=sum([4.8, 4.6, 4.2])=13.6, ϰ=[4.8, 5.2, 4.7], ∫ϰ²/L>=[4.7, 6.1, 6.3], C-C-Sep=0.20, ║∇J║=1.8e-03
-----On 1/20 Initial Guess Perturbations
Iteration 1868/3500-----
J=1.2e-02, ⟨Jf⟩=1.2e-03, ⟨B·n⟩=8.2e-03, Len=sum([4.8, 4.6, 4.2])=13.6, ϰ=[4.8, 5.1, 4.7], ∫ϰ²/L>=[4.7, 6.1, 6.3], C-C-Sep=0.20, ║∇J║=1.8e-03
-----On 1/20 Initial Guess Perturbations
Iteration 1869/3500-----
J=1.2e-02, ⟨Jf⟩=1.2e-03, ⟨B·n⟩=8.2e-03, Len=sum([4.8, 4.6, 4.2])=13.6, ϰ=[4.8, 5.2, 4.8], ∫ϰ²/L>=[4.7, 6.1, 6.3], C-C-Sep=0.20, ║∇J║=1.7e-03
-----On 1/20 Initial Guess Perturbations
Iteration 1870/3500-----
J=1.2e-02, ⟨Jf⟩=1.2e-03, ⟨B·n⟩=8.2e-03, Len=sum([4.8, 4.6, 4.2])=13.6, ϰ=[4.8, 5.2, 4.8], ∫ϰ²/L>=[4.7, 6.1, 6.3], C-C-Sep=0.20, ║∇J║=1.8e-03
-----On 1/20 Initial Guess Perturbations
Iteration 1871/3500-----
J=1.2e-02, ⟨Jf⟩=1.2e-03, ⟨B·n⟩=8.2e-03, Len=sum([4.8, 4.6, 4.2])=13.6, ϰ=[4.8, 5.2, 4.7], ∫ϰ²/L>=[4.7, 6.2, 6.3], C-C-Sep=0.20, ║∇J║=2.1e-03
-----On 1/20 Initial Guess Perturbations
Iteration 1872/3500-----
J=1.2e-02, ⟨Jf⟩=1.2e-03, ⟨B·n⟩=8.2e-03, Len=sum([4.8, 4.6, 4.2])=13.6, ϰ=[4.8, 5.2, 4.7], ∫ϰ²/L>=[4.7, 6.2, 6.3], C-C-Sep=0.20, ║∇J║=2.1e-03
-----On 1/20 Initial Guess Perturbations
Iteration 1873/3500-----
J=1.2e-02, ⟨Jf⟩=1.2e-03, ⟨B·n⟩=8.2e-03, Len=sum([4.8, 4.6, 4.2])=13.6, ϰ=[4.8, 5.2, 4.7], ∫ϰ²/L>=[4.7, 6.2, 6.3], C-C-Sep=0.20, ║∇J║=1.8e-03
-----On 1/20 Initial Guess Perturbations
Iteration 1874/3500-----
J=1.2e-02, ⟨Jf⟩=1.2e-03, ⟨B·n⟩=8.2e-03, Len=sum([4.8, 4.6, 4.2])=13.6, ϰ=[4.8, 5.2, 4.7], ∫ϰ²/L>=[4.7, 6.2, 6.3], C-C-Sep=0.20, ║∇J║=2.0e-03
-----On 1/20 Initial Guess Perturbations
Iteration 1875/3500-----
J=1.2e-02, ⟨Jf⟩=1.2e-03, ⟨B·n⟩=8.2e-03, Len=sum([4.8, 4.6, 4.2])=13.6, ϰ=[4.8, 5.2, 4.7], ∫ϰ²/L>=[4.7, 6.2, 6.3], C-C-Sep=0.20, ║∇J║=1.7e-03
-----On 1/20 Initial Guess Perturbations
Iteration 1876/3500-----
J=1.2e-02, ⟨Jf⟩=1.2e-03, ⟨B·n⟩=8.2e-03, Len=sum([4.8, 4.6, 4.2])=13.6, ϰ=[4.8, 5.2, 4.7], ∫ϰ²/L>=[4.7, 6.2, 6.3], C-C-Sep=0.20, ║∇J║=1.7e-03
-----On 1/20 Initial Guess Perturbations
Iteration 1877/3500-----
J=1.2e-02, ⟨Jf⟩=1.2e-03, ⟨B·n⟩=8.2e-03, Len=sum([4.8, 4.6, 4.2])=13.6, ϰ=[4.8, 5.3, 4.7], ∫ϰ²/L>=[4.7, 6.2, 6.3], C-C-Sep=0.20, ║∇J║=1.8e-03
-----On 1/20 Initial Guess Perturbations
Iteration 1878/3500-----
J=1.2e-02, ⟨Jf⟩=1.2e-03, ⟨B·n⟩=8.2e-03, Len=sum([4.8, 4.6, 4.2])=13.6, ϰ=[4.8, 5.3, 4.7], ∫ϰ²/L>=[4.7, 6.2, 6.3], C-C-Sep=0.20, ║∇J║=2.2e-03
-----On 1/20 Initial Guess Perturbations
Iteration 1879/3500-----
J=1.2e-02, ⟨Jf⟩=1.2e-03, ⟨B·n⟩=8.2e-03, Len=sum([4.8, 4.6, 4.2])=13.6, ϰ=[4.8, 5.3, 4.7], ∫ϰ²/L>=[4.7, 6.2, 6.3], C-C-Sep=0.20, ║∇J║=2.4e-03
-----On 1/20 Initial Guess Perturbations
Iteration 1880/3500-----
J=1.2e-02, ⟨Jf⟩=1.2e-03, ⟨B·n⟩=8.2e-03, Len=sum([4.8, 4.6, 4.2])=13.6, ϰ=[4.8, 5.3, 4.6], ∫ϰ²/L>=[4.7, 6.2, 6.3], C-C-Sep=0.20, ║∇J║=1.7e-03
-----On 1/20 Initial Guess Perturbations
Iteration 1881/3500-----
J=1.2e-02, ⟨Jf⟩=1.2e-03, ⟨B·n⟩=8.2e-03, Len=sum([4.8, 4.6, 4.2])=13.6, ϰ=[4.8, 5.3, 4.6], ∫ϰ²/L>=[4.7, 6.2, 6.3], C-C-Sep=0.20, ║∇J║=1.6e-03
-----On 1/20 Initial Guess Perturbations
Iteration 1882/3500-----
J=1.2e-02, ⟨Jf⟩=1.2e-03, ⟨B·n⟩=8.2e-03, Len=sum([4.8, 4.6, 4.2])=13.6, ϰ=[4.8, 5.2, 4.6], ∫ϰ²/L>=[4.7, 6.2, 6.3], C-C-Sep=0.20, ║∇J║=1.5e-03
-----On 1/20 Initial Guess Perturbations
Iteration 1883/3500-----
J=1.2e-02, ⟨Jf⟩=1.2e-03, ⟨B·n⟩=8.2e-03, Len=sum([4.8, 4.6, 4.2])=13.6, ϰ=[4.9, 5.2, 4.6], ∫ϰ²/L>=[4.7, 6.2, 6.3], C-C-Sep=0.20, ║∇J║=1.8e-03
-----On 1/20 Initial Guess Perturbations
Iteration 1884/3500-----
J=1.2e-02, ⟨Jf⟩=1.2e-03, ⟨B·n⟩=8.2e-03, Len=sum([4.8, 4.6, 4.2])=13.6, ϰ=[4.9, 5.2, 4.6], ∫ϰ²/L>=[4.7, 6.2, 6.3], C-C-Sep=0.20, ║∇J║=1.9e-03
-----On 1/20 Initial Guess Perturbations
Iteration 1885/3500-----
J=1.2e-02, ⟨Jf⟩=1.2e-03, ⟨B·n⟩=8.2e-03, Len=sum([4.8, 4.6, 4.2])=13.6, ϰ=[4.9, 5.2, 4.6], ∫ϰ²/L>=[4.7, 6.2, 6.3], C-C-Sep=0.20, ║∇J║=2.0e-03
-----On 1/20 Initial Guess Perturbations
Iteration 1886/3500-----
J=1.2e-02, ⟨Jf⟩=1.2e-03, ⟨B·n⟩=8.2e-03, Len=sum([4.8, 4.6, 4.2])=13.6, ϰ=[4.9, 5.2, 4.6], ∫ϰ²/L>=[4.7, 6.2, 6.3], C-C-Sep=0.20, ║∇J║=1.7e-03
-----On 1/20 Initial Guess Perturbations
Iteration 1887/3500-----
J=1.2e-02, ⟨Jf⟩=1.2e-03, ⟨B·n⟩=8.2e-03, Len=sum([4.8, 4.6, 4.2])=13.6, ϰ=[4.9, 5.3, 4.6], ∫ϰ²/L>=[4.7, 6.2, 6.3], C-C-Sep=0.20, ║∇J║=1.6e-03
-----On 1/20 Initial Guess Perturbations
Iteration 1888/3500-----
J=1.2e-02, ⟨Jf⟩=1.2e-03, ⟨B·n⟩=8.2e-03, Len=sum([4.8, 4.6, 4.2])=13.6, ϰ=[4.9, 5.3, 4.6], ∫ϰ²/L>=[4.7, 6.2, 6.3], C-C-Sep=0.20, ║∇J║=1.6e-03
-----On 1/20 Initial Guess Perturbations
Iteration 1889/3500-----
J=1.2e-02, ⟨Jf⟩=1.2e-03, ⟨B·n⟩=8.2e-03, Len=sum([4.8, 4.6, 4.2])=13.6, ϰ=[4.8, 5.3, 4.6], ∫ϰ²/L>=[4.7, 6.2, 6.3], C-C-Sep=0.20, ║∇J║=1.6e-03
-----On 1/20 Initial Guess Perturbations
Iteration 1890/3500-----
J=1.2e-02, ⟨Jf⟩=1.2e-03, ⟨B·n⟩=8.2e-03, Len=sum([4.8, 4.6, 4.2])=13.6, ϰ=[4.8, 5.3, 4.6], ∫ϰ²/L>=[4.7, 6.2, 6.3], C-C-Sep=0.20, ║∇J║=1.8e-03
-----On 1/20 Initial Guess Perturbations
Iteration 1891/3500-----
J=1.2e-02, ⟨Jf⟩=1.2e-03, ⟨B·n⟩=8.2e-03, Len=sum([4.8, 4.6, 4.2])=13.6, ϰ=[4.9, 5.3, 4.6], ∫ϰ²/L>=[4.7, 6.2, 6.3], C-C-Sep=0.20, ║∇J║=1.7e-03
-----On 1/20 Initial Guess Perturbations
Iteration 1892/3500-----
J=1.2e-02, ⟨Jf⟩=1.2e-03, ⟨B·n⟩=8.2e-03, Len=sum([4.8, 4.6, 4.2])=13.6, ϰ=[4.9, 5.3, 4.6], ∫ϰ²/L>=[4.7, 6.2, 6.3], C-C-Sep=0.20, ║∇J║=1.7e-03
-----On 1/20 Initial Guess Perturbations
Iteration 1893/3500-----
J=1.2e-02, ⟨Jf⟩=1.2e-03, ⟨B·n⟩=8.2e-03, Len=sum([4.8, 4.6, 4.2])=13.6, ϰ=[4.9, 5.3, 4.6], ∫ϰ²/L>=[4.7, 6.2, 6.3], C-C-Sep=0.20, ║∇J║=1.7e-03
-----On 1/20 Initial Guess Perturbations
Iteration 1894/3500-----
J=1.2e-02, ⟨Jf⟩=1.2e-03, ⟨B·n⟩=8.2e-03, Len=sum([4.8, 4.6, 4.2])=13.6, ϰ=[4.9, 5.3, 4.6], ∫ϰ²/L>=[4.7, 6.2, 6.3], C-C-Sep=0.20, ║∇J║=1.7e-03
-----On 1/20 Initial Guess Perturbations
Iteration 1895/3500-----
J=1.2e-02, ⟨Jf⟩=1.2e-03, ⟨B·n⟩=8.2e-03, Len=sum([4.8, 4.6, 4.2])=13.6, ϰ=[4.9, 5.3, 4.6], ∫ϰ²/L>=[4.7, 6.2, 6.3], C-C-Sep=0.20, ║∇J║=1.5e-03
-----On 1/20 Initial Guess Perturbations
Iteration 1896/3500-----
J=1.2e-02, ⟨Jf⟩=1.2e-03, ⟨B·n⟩=8.2e-03, Len=sum([4.8, 4.6, 4.2])=13.6, ϰ=[4.9, 5.3, 4.6], ∫ϰ²/L>=[4.7, 6.2, 6.3], C-C-Sep=0.20, ║∇J║=1.3e-03
-----On 1/20 Initial Guess Perturbations
Iteration 1897/3500-----
J=1.2e-02, ⟨Jf⟩=1.2e-03, ⟨B·n⟩=8.2e-03, Len=sum([4.8, 4.6, 4.2])=13.6, ϰ=[4.9, 5.3, 4.6], ∫ϰ²/L>=[4.7, 6.2, 6.3], C-C-Sep=0.20, ║∇J║=1.4e-03
-----On 1/20 Initial Guess Perturbations
Iteration 1898/3500-----
J=1.2e-02, ⟨Jf⟩=1.2e-03, ⟨B·n⟩=8.2e-03, Len=sum([4.8, 4.6, 4.2])=13.6, ϰ=[4.9, 5.3, 4.6], ∫ϰ²/L>=[4.7, 6.2, 6.2], C-C-Sep=0.20, ║∇J║=1.8e-03
-----On 1/20 Initial Guess Perturbations
Iteration 1899/3500-----
J=1.2e-02, ⟨Jf⟩=1.2e-03, ⟨B·n⟩=8.2e-03, Len=sum([4.8, 4.6, 4.2])=13.6, ϰ=[4.9, 5.2, 4.6], ∫ϰ²/L>=[4.7, 6.2, 6.2], C-C-Sep=0.20, ║∇J║=1.8e-03
-----On 1/20 Initial Guess Perturbations
Iteration 1900/3500-----
J=1.2e-02, ⟨Jf⟩=1.2e-03, ⟨B·n⟩=8.2e-03, Len=sum([4.8, 4.6, 4.2])=13.6, ϰ=[4.9, 5.2, 4.6], ∫ϰ²/L>=[4.7, 6.2, 6.3], C-C-Sep=0.20, ║∇J║=1.7e-03
-----On 1/20 Initial Guess Perturbations
Iteration 1901/3500-----
J=1.2e-02, ⟨Jf⟩=1.2e-03, ⟨B·n⟩=8.2e-03, Len=sum([4.8, 4.6, 4.2])=13.6, ϰ=[4.9, 5.2, 4.6], ∫ϰ²/L>=[4.7, 6.2, 6.3], C-C-Sep=0.20, ║∇J║=1.4e-03
-----On 1/20 Initial Guess Perturbations
Iteration 1902/3500-----
J=1.2e-02, ⟨Jf⟩=1.2e-03, ⟨B·n⟩=8.2e-03, Len=sum([4.8, 4.6, 4.2])=13.6, ϰ=[4.9, 5.2, 4.6], ∫ϰ²/L>=[4.7, 6.2, 6.3], C-C-Sep=0.20, ║∇J║=1.5e-03
-----On 1/20 Initial Guess Perturbations
Iteration 1903/3500-----
J=1.2e-02, ⟨Jf⟩=1.2e-03, ⟨B·n⟩=8.2e-03, Len=sum([4.8, 4.6, 4.2])=13.6, ϰ=[4.9, 5.3, 4.6], ∫ϰ²/L>=[4.7, 6.2, 6.3], C-C-Sep=0.20, ║∇J║=1.6e-03
-----On 1/20 Initial Guess Perturbations
Iteration 1904/3500-----
J=1.2e-02, ⟨Jf⟩=1.2e-03, ⟨B·n⟩=8.2e-03, Len=sum([4.8, 4.6, 4.2])=13.6, ϰ=[4.9, 5.2, 4.6], ∫ϰ²/L>=[4.7, 6.2, 6.3], C-C-Sep=0.20, ║∇J║=1.4e-03
-----On 1/20 Initial Guess Perturbations
Iteration 1905/3500-----
J=1.2e-02, ⟨Jf⟩=1.2e-03, ⟨B·n⟩=8.2e-03, Len=sum([4.8, 4.6, 4.2])=13.6, ϰ=[4.9, 5.3, 4.5], ∫ϰ²/L>=[4.7, 6.2, 6.3], C-C-Sep=0.20, ║∇J║=1.4e-03
-----On 1/20 Initial Guess Perturbations
Iteration 1906/3500-----
J=1.2e-02, ⟨Jf⟩=1.2e-03, ⟨B·n⟩=8.2e-03, Len=sum([4.8, 4.6, 4.2])=13.6, ϰ=[4.9, 5.3, 4.5], ∫ϰ²/L>=[4.7, 6.2, 6.3], C-C-Sep=0.20, ║∇J║=1.7e-03
-----On 1/20 Initial Guess Perturbations
Iteration 1907/3500-----
J=1.2e-02, ⟨Jf⟩=1.2e-03, ⟨B·n⟩=8.2e-03, Len=sum([4.8, 4.6, 4.2])=13.6, ϰ=[4.9, 5.2, 4.5], ∫ϰ²/L>=[4.7, 6.2, 6.3], C-C-Sep=0.20, ║∇J║=1.7e-03
-----On 1/20 Initial Guess Perturbations
Iteration 1908/3500-----
J=1.2e-02, ⟨Jf⟩=1.2e-03, ⟨B·n⟩=8.2e-03, Len=sum([4.8, 4.6, 4.2])=13.6, ϰ=[4.9, 5.3, 4.5], ∫ϰ²/L>=[4.7, 6.2, 6.3], C-C-Sep=0.20, ║∇J║=1.5e-03
-----On 1/20 Initial Guess Perturbations
Iteration 1909/3500-----
J=1.2e-02, ⟨Jf⟩=1.2e-03, ⟨B·n⟩=8.2e-03, Len=sum([4.8, 4.6, 4.2])=13.6, ϰ=[4.9, 5.3, 4.6], ∫ϰ²/L>=[4.8, 6.2, 6.3], C-C-Sep=0.20, ║∇J║=1.6e-03
-----On 1/20 Initial Guess Perturbations
Iteration 1910/3500-----
J=1.2e-02, ⟨Jf⟩=1.2e-03, ⟨B·n⟩=8.2e-03, Len=sum([4.8, 4.6, 4.2])=13.6, ϰ=[4.9, 5.2, 4.6], ∫ϰ²/L>=[4.8, 6.2, 6.3], C-C-Sep=0.20, ║∇J║=1.7e-03
-----On 1/20 Initial Guess Perturbations
Iteration 1911/3500-----
J=1.2e-02, ⟨Jf⟩=1.2e-03, ⟨B·n⟩=8.2e-03, Len=sum([4.8, 4.6, 4.2])=13.6, ϰ=[4.9, 5.2, 4.6], ∫ϰ²/L>=[4.8, 6.2, 6.3], C-C-Sep=0.20, ║∇J║=1.7e-03
-----On 1/20 Initial Guess Perturbations
Iteration 1912/3500-----
J=1.2e-02, ⟨Jf⟩=1.2e-03, ⟨B·n⟩=8.2e-03, Len=sum([4.8, 4.6, 4.2])=13.6, ϰ=[5.0, 5.2, 4.6], ∫ϰ²/L>=[4.8, 6.2, 6.3], C-C-Sep=0.20, ║∇J║=1.6e-03
-----On 1/20 Initial Guess Perturbations
Iteration 1913/3500-----
J=1.2e-02, ⟨Jf⟩=1.2e-03, ⟨B·n⟩=8.2e-03, Len=sum([4.8, 4.6, 4.2])=13.6, ϰ=[5.0, 5.2, 4.6], ∫ϰ²/L>=[4.8, 6.2, 6.3], C-C-Sep=0.20, ║∇J║=1.7e-03
-----On 1/20 Initial Guess Perturbations
Iteration 1914/3500-----
J=1.2e-02, ⟨Jf⟩=1.2e-03, ⟨B·n⟩=8.2e-03, Len=sum([4.8, 4.6, 4.2])=13.6, ϰ=[5.0, 5.2, 4.6], ∫ϰ²/L>=[4.8, 6.2, 6.3], C-C-Sep=0.20, ║∇J║=1.7e-03
-----On 1/20 Initial Guess Perturbations
Iteration 1915/3500-----
J=1.2e-02, ⟨Jf⟩=1.2e-03, ⟨B·n⟩=8.2e-03, Len=sum([4.8, 4.6, 4.2])=13.6, ϰ=[4.9, 5.2, 4.7], ∫ϰ²/L>=[4.8, 6.2, 6.3], C-C-Sep=0.20, ║∇J║=1.5e-03
-----On 1/20 Initial Guess Perturbations
Iteration 1916/3500-----
J=1.2e-02, ⟨Jf⟩=1.2e-03, ⟨B·n⟩=8.2e-03, Len=sum([4.8, 4.6, 4.2])=13.6, ϰ=[5.0, 5.2, 4.7], ∫ϰ²/L>=[4.8, 6.2, 6.3], C-C-Sep=0.20, ║∇J║=1.5e-03
-----On 1/20 Initial Guess Perturbations
Iteration 1917/3500-----
J=1.2e-02, ⟨Jf⟩=1.2e-03, ⟨B·n⟩=8.2e-03, Len=sum([4.8, 4.6, 4.2])=13.6, ϰ=[5.0, 5.2, 4.7], ∫ϰ²/L>=[4.8, 6.2, 6.3], C-C-Sep=0.20, ║∇J║=1.6e-03
-----On 1/20 Initial Guess Perturbations
Iteration 1918/3500-----
J=1.2e-02, ⟨Jf⟩=1.2e-03, ⟨B·n⟩=8.2e-03, Len=sum([4.8, 4.6, 4.2])=13.6, ϰ=[5.0, 5.2, 4.6], ∫ϰ²/L>=[4.8, 6.2, 6.3], C-C-Sep=0.20, ║∇J║=1.7e-03
-----On 1/20 Initial Guess Perturbations
Iteration 1919/3500-----
J=1.2e-02, ⟨Jf⟩=1.2e-03, ⟨B·n⟩=8.2e-03, Len=sum([4.8, 4.6, 4.2])=13.6, ϰ=[5.0, 5.3, 4.6], ∫ϰ²/L>=[4.8, 6.2, 6.3], C-C-Sep=0.20, ║∇J║=1.6e-03
-----On 1/20 Initial Guess Perturbations
Iteration 1920/3500-----
J=1.2e-02, ⟨Jf⟩=1.2e-03, ⟨B·n⟩=8.2e-03, Len=sum([4.8, 4.6, 4.2])=13.6, ϰ=[5.0, 5.3, 4.6], ∫ϰ²/L>=[4.8, 6.2, 6.3], C-C-Sep=0.20, ║∇J║=1.5e-03
-----On 1/20 Initial Guess Perturbations
Iteration 1921/3500-----
J=1.2e-02, ⟨Jf⟩=1.2e-03, ⟨B·n⟩=8.2e-03, Len=sum([4.8, 4.6, 4.2])=13.6, ϰ=[5.0, 5.3, 4.6], ∫ϰ²/L>=[4.8, 6.2, 6.3], C-C-Sep=0.20, ║∇J║=1.3e-03
-----On 1/20 Initial Guess Perturbations
Iteration 1922/3500-----
J=1.2e-02, ⟨Jf⟩=1.2e-03, ⟨B·n⟩=8.2e-03, Len=sum([4.8, 4.6, 4.2])=13.6, ϰ=[5.0, 5.3, 4.6], ∫ϰ²/L>=[4.8, 6.2, 6.3], C-C-Sep=0.20, ║∇J║=1.5e-03
-----On 1/20 Initial Guess Perturbations
Iteration 1923/3500-----
J=1.2e-02, ⟨Jf⟩=1.2e-03, ⟨B·n⟩=8.2e-03, Len=sum([4.8, 4.6, 4.2])=13.6, ϰ=[5.0, 5.3, 4.6], ∫ϰ²/L>=[4.8, 6.2, 6.3], C-C-Sep=0.20, ║∇J║=1.8e-03
-----On 1/20 Initial Guess Perturbations
Iteration 1924/3500-----
J=1.2e-02, ⟨Jf⟩=1.2e-03, ⟨B·n⟩=8.2e-03, Len=sum([4.8, 4.6, 4.2])=13.6, ϰ=[5.0, 5.3, 4.6], ∫ϰ²/L>=[4.8, 6.2, 6.3], C-C-Sep=0.20, ║∇J║=1.6e-03
-----On 1/20 Initial Guess Perturbations
Iteration 1925/3500-----
J=1.2e-02, ⟨Jf⟩=1.2e-03, ⟨B·n⟩=8.2e-03, Len=sum([4.8, 4.6, 4.2])=13.6, ϰ=[4.9, 5.3, 4.6], ∫ϰ²/L>=[4.8, 6.2, 6.3], C-C-Sep=0.20, ║∇J║=1.7e-03
-----On 1/20 Initial Guess Perturbations
Iteration 1926/3500-----
J=1.2e-02, ⟨Jf⟩=1.2e-03, ⟨B·n⟩=8.2e-03, Len=sum([4.8, 4.6, 4.2])=13.6, ϰ=[4.9, 5.3, 4.6], ∫ϰ²/L>=[4.8, 6.2, 6.3], C-C-Sep=0.20, ║∇J║=1.6e-03
-----On 1/20 Initial Guess Perturbations
Iteration 1927/3500-----
J=1.2e-02, ⟨Jf⟩=1.2e-03, ⟨B·n⟩=8.2e-03, Len=sum([4.8, 4.6, 4.2])=13.6, ϰ=[4.9, 5.3, 4.5], ∫ϰ²/L>=[4.8, 6.2, 6.3], C-C-Sep=0.20, ║∇J║=1.5e-03
-----On 1/20 Initial Guess Perturbations
Iteration 1928/3500-----
J=1.2e-02, ⟨Jf⟩=1.2e-03, ⟨B·n⟩=8.2e-03, Len=sum([4.8, 4.6, 4.2])=13.6, ϰ=[4.9, 5.3, 4.5], ∫ϰ²/L>=[4.8, 6.2, 6.3], C-C-Sep=0.20, ║∇J║=1.3e-03
-----On 1/20 Initial Guess Perturbations
Iteration 1929/3500-----
J=1.2e-02, ⟨Jf⟩=1.2e-03, ⟨B·n⟩=8.2e-03, Len=sum([4.8, 4.6, 4.2])=13.6, ϰ=[4.9, 5.3, 4.5], ∫ϰ²/L>=[4.8, 6.2, 6.3], C-C-Sep=0.20, ║∇J║=1.5e-03
-----On 1/20 Initial Guess Perturbations
Iteration 1930/3500-----
J=1.2e-02, ⟨Jf⟩=1.2e-03, ⟨B·n⟩=8.2e-03, Len=sum([4.8, 4.6, 4.2])=13.6, ϰ=[5.0, 5.3, 4.5], ∫ϰ²/L>=[4.8, 6.2, 6.3], C-C-Sep=0.20, ║∇J║=1.5e-03
-----On 1/20 Initial Guess Perturbations
Iteration 1931/3500-----
J=1.2e-02, ⟨Jf⟩=1.2e-03, ⟨B·n⟩=8.2e-03, Len=sum([4.8, 4.6, 4.2])=13.6, ϰ=[5.0, 5.3, 4.5], ∫ϰ²/L>=[4.8, 6.2, 6.3], C-C-Sep=0.20, ║∇J║=1.8e-03
-----On 1/20 Initial Guess Perturbations
Iteration 1932/3500-----
J=1.2e-02, ⟨Jf⟩=1.2e-03, ⟨B·n⟩=8.2e-03, Len=sum([4.8, 4.6, 4.2])=13.6, ϰ=[5.0, 5.3, 4.5], ∫ϰ²/L>=[4.8, 6.2, 6.3], C-C-Sep=0.20, ║∇J║=1.6e-03
-----On 1/20 Initial Guess Perturbations
Iteration 1933/3500-----
J=1.2e-02, ⟨Jf⟩=1.2e-03, ⟨B·n⟩=8.2e-03, Len=sum([4.8, 4.6, 4.2])=13.6, ϰ=[5.0, 5.3, 4.5], ∫ϰ²/L>=[4.8, 6.2, 6.3], C-C-Sep=0.20, ║∇J║=1.6e-03
-----On 1/20 Initial Guess Perturbations
Iteration 1934/3500-----
J=1.2e-02, ⟨Jf⟩=1.2e-03, ⟨B·n⟩=8.2e-03, Len=sum([4.8, 4.6, 4.2])=13.6, ϰ=[5.0, 5.3, 4.5], ∫ϰ²/L>=[4.8, 6.2, 6.2], C-C-Sep=0.20, ║∇J║=1.4e-03
-----On 1/20 Initial Guess Perturbations
Iteration 1935/3500-----
J=1.2e-02, ⟨Jf⟩=1.2e-03, ⟨B·n⟩=8.2e-03, Len=sum([4.8, 4.6, 4.2])=13.6, ϰ=[5.0, 5.3, 4.5], ∫ϰ²/L>=[4.8, 6.2, 6.2], C-C-Sep=0.20, ║∇J║=1.7e-03
-----On 1/20 Initial Guess Perturbations
Iteration 1936/3500-----
J=1.2e-02, ⟨Jf⟩=1.2e-03, ⟨B·n⟩=8.2e-03, Len=sum([4.8, 4.6, 4.2])=13.5, ϰ=[5.0, 5.3, 4.5], ∫ϰ²/L>=[4.8, 6.2, 6.2], C-C-Sep=0.20, ║∇J║=1.6e-03
-----On 1/20 Initial Guess Perturbations
Iteration 1937/3500-----
J=1.2e-02, ⟨Jf⟩=1.2e-03, ⟨B·n⟩=8.2e-03, Len=sum([4.8, 4.6, 4.2])=13.5, ϰ=[5.0, 5.3, 4.5], ∫ϰ²/L>=[4.8, 6.2, 6.2], C-C-Sep=0.20, ║∇J║=1.7e-03
-----On 1/20 Initial Guess Perturbations
Iteration 1938/3500-----
J=1.2e-02, ⟨Jf⟩=1.2e-03, ⟨B·n⟩=8.2e-03, Len=sum([4.8, 4.6, 4.2])=13.5, ϰ=[5.0, 5.3, 4.6], ∫ϰ²/L>=[4.8, 6.2, 6.2], C-C-Sep=0.20, ║∇J║=1.5e-03
-----On 1/20 Initial Guess Perturbations
Iteration 1939/3500-----
J=1.2e-02, ⟨Jf⟩=1.2e-03, ⟨B·n⟩=8.2e-03, Len=sum([4.8, 4.6, 4.2])=13.5, ϰ=[5.0, 5.3, 4.6], ∫ϰ²/L>=[4.8, 6.2, 6.2], C-C-Sep=0.20, ║∇J║=1.8e-03
-----On 1/20 Initial Guess Perturbations
Iteration 1940/3500-----
J=1.2e-02, ⟨Jf⟩=1.2e-03, ⟨B·n⟩=8.2e-03, Len=sum([4.8, 4.6, 4.2])=13.5, ϰ=[4.9, 5.3, 4.6], ∫ϰ²/L>=[4.8, 6.2, 6.2], C-C-Sep=0.20, ║∇J║=1.7e-03
-----On 1/20 Initial Guess Perturbations
Iteration 1941/3500-----
J=1.2e-02, ⟨Jf⟩=1.2e-03, ⟨B·n⟩=8.2e-03, Len=sum([4.8, 4.6, 4.2])=13.5, ϰ=[4.9, 5.3, 4.6], ∫ϰ²/L>=[4.8, 6.2, 6.2], C-C-Sep=0.20, ║∇J║=1.6e-03
-----On 1/20 Initial Guess Perturbations
Iteration 1942/3500-----
J=1.2e-02, ⟨Jf⟩=1.2e-03, ⟨B·n⟩=8.2e-03, Len=sum([4.8, 4.6, 4.2])=13.5, ϰ=[5.0, 5.3, 4.6], ∫ϰ²/L>=[4.8, 6.2, 6.2], C-C-Sep=0.20, ║∇J║=1.6e-03
-----On 1/20 Initial Guess Perturbations
Iteration 1943/3500-----
J=1.2e-02, ⟨Jf⟩=1.2e-03, ⟨B·n⟩=8.2e-03, Len=sum([4.8, 4.6, 4.2])=13.5, ϰ=[5.0, 5.3, 4.6], ∫ϰ²/L>=[4.8, 6.2, 6.2], C-C-Sep=0.20, ║∇J║=1.7e-03
-----On 1/20 Initial Guess Perturbations
Iteration 1944/3500-----
J=1.2e-02, ⟨Jf⟩=1.2e-03, ⟨B·n⟩=8.2e-03, Len=sum([4.8, 4.6, 4.2])=13.5, ϰ=[5.0, 5.3, 4.6], ∫ϰ²/L>=[4.8, 6.2, 6.2], C-C-Sep=0.20, ║∇J║=2.0e-03
-----On 1/20 Initial Guess Perturbations
Iteration 1945/3500-----
J=1.2e-02, ⟨Jf⟩=1.2e-03, ⟨B·n⟩=8.2e-03, Len=sum([4.8, 4.6, 4.2])=13.5, ϰ=[5.0, 5.3, 4.6], ∫ϰ²/L>=[4.8, 6.2, 6.2], C-C-Sep=0.20, ║∇J║=1.9e-03
-----On 1/20 Initial Guess Perturbations
Iteration 1946/3500-----
J=1.2e-02, ⟨Jf⟩=1.2e-03, ⟨B·n⟩=8.2e-03, Len=sum([4.8, 4.6, 4.2])=13.5, ϰ=[5.0, 5.3, 4.6], ∫ϰ²/L>=[4.8, 6.2, 6.2], C-C-Sep=0.20, ║∇J║=1.8e-03
-----On 1/20 Initial Guess Perturbations
Iteration 1947/3500-----
J=1.2e-02, ⟨Jf⟩=1.2e-03, ⟨B·n⟩=8.2e-03, Len=sum([4.8, 4.6, 4.2])=13.5, ϰ=[5.0, 5.3, 4.6], ∫ϰ²/L>=[4.8, 6.2, 6.2], C-C-Sep=0.20, ║∇J║=1.5e-03
-----On 1/20 Initial Guess Perturbations
Iteration 1948/3500-----
J=1.2e-02, ⟨Jf⟩=1.2e-03, ⟨B·n⟩=8.2e-03, Len=sum([4.8, 4.6, 4.2])=13.5, ϰ=[4.9, 5.3, 4.6], ∫ϰ²/L>=[4.8, 6.2, 6.2], C-C-Sep=0.20, ║∇J║=1.7e-03
-----On 1/20 Initial Guess Perturbations
Iteration 1949/3500-----
J=1.2e-02, ⟨Jf⟩=1.2e-03, ⟨B·n⟩=8.2e-03, Len=sum([4.8, 4.6, 4.2])=13.5, ϰ=[4.9, 5.3, 4.6], ∫ϰ²/L>=[4.8, 6.2, 6.3], C-C-Sep=0.20, ║∇J║=1.8e-03
-----On 1/20 Initial Guess Perturbations
Iteration 1950/3500-----
J=1.2e-02, ⟨Jf⟩=1.2e-03, ⟨B·n⟩=8.2e-03, Len=sum([4.8, 4.6, 4.2])=13.5, ϰ=[4.9, 5.3, 4.6], ∫ϰ²/L>=[4.8, 6.2, 6.2], C-C-Sep=0.20, ║∇J║=1.8e-03
-----On 1/20 Initial Guess Perturbations
Iteration 1951/3500-----
J=1.2e-02, ⟨Jf⟩=1.2e-03, ⟨B·n⟩=8.2e-03, Len=sum([4.8, 4.6, 4.2])=13.5, ϰ=[4.9, 5.3, 4.6], ∫ϰ²/L>=[4.8, 6.2, 6.2], C-C-Sep=0.20, ║∇J║=2.1e-03
-----On 1/20 Initial Guess Perturbations
Iteration 1952/3500-----
J=1.2e-02, ⟨Jf⟩=1.2e-03, ⟨B·n⟩=8.2e-03, Len=sum([4.8, 4.6, 4.2])=13.5, ϰ=[4.9, 5.3, 4.6], ∫ϰ²/L>=[4.8, 6.1, 6.2], C-C-Sep=0.20, ║∇J║=2.4e-03
-----On 1/20 Initial Guess Perturbations
Iteration 1953/3500-----
J=1.2e-02, ⟨Jf⟩=1.2e-03, ⟨B·n⟩=8.2e-03, Len=sum([4.8, 4.6, 4.2])=13.5, ϰ=[4.9, 5.3, 4.6], ∫ϰ²/L>=[4.8, 6.2, 6.2], C-C-Sep=0.20, ║∇J║=1.6e-03
-----On 1/20 Initial Guess Perturbations
Iteration 1954/3500-----
J=1.2e-02, ⟨Jf⟩=1.2e-03, ⟨B·n⟩=8.2e-03, Len=sum([4.8, 4.6, 4.2])=13.5, ϰ=[4.9, 5.3, 4.6], ∫ϰ²/L>=[4.8, 6.2, 6.2], C-C-Sep=0.20, ║∇J║=1.6e-03
-----On 1/20 Initial Guess Perturbations
Iteration 1955/3500-----
J=1.2e-02, ⟨Jf⟩=1.2e-03, ⟨B·n⟩=8.2e-03, Len=sum([4.8, 4.6, 4.2])=13.5, ϰ=[4.9, 5.3, 4.6], ∫ϰ²/L>=[4.8, 6.2, 6.2], C-C-Sep=0.20, ║∇J║=1.5e-03
-----On 1/20 Initial Guess Perturbations
Iteration 1956/3500-----
J=1.2e-02, ⟨Jf⟩=1.2e-03, ⟨B·n⟩=8.2e-03, Len=sum([4.8, 4.6, 4.2])=13.5, ϰ=[4.9, 5.3, 4.6], ∫ϰ²/L>=[4.8, 6.2, 6.2], C-C-Sep=0.20, ║∇J║=1.6e-03
-----On 1/20 Initial Guess Perturbations
Iteration 1957/3500-----
J=1.2e-02, ⟨Jf⟩=1.2e-03, ⟨B·n⟩=8.2e-03, Len=sum([4.8, 4.6, 4.2])=13.5, ϰ=[4.9, 5.2, 4.6], ∫ϰ²/L>=[4.8, 6.1, 6.2], C-C-Sep=0.20, ║∇J║=1.7e-03
-----On 1/20 Initial Guess Perturbations
Iteration 1958/3500-----
J=1.2e-02, ⟨Jf⟩=1.2e-03, ⟨B·n⟩=8.2e-03, Len=sum([4.8, 4.6, 4.2])=13.5, ϰ=[4.9, 5.2, 4.6], ∫ϰ²/L>=[4.8, 6.1, 6.2], C-C-Sep=0.20, ║∇J║=1.7e-03
-----On 1/20 Initial Guess Perturbations
Iteration 1959/3500-----
J=1.2e-02, ⟨Jf⟩=1.2e-03, ⟨B·n⟩=8.2e-03, Len=sum([4.8, 4.6, 4.2])=13.5, ϰ=[4.9, 5.2, 4.6], ∫ϰ²/L>=[4.8, 6.1, 6.2], C-C-Sep=0.20, ║∇J║=2.1e-03
-----On 1/20 Initial Guess Perturbations
Iteration 1960/3500-----
J=1.2e-02, ⟨Jf⟩=1.2e-03, ⟨B·n⟩=8.2e-03, Len=sum([4.8, 4.6, 4.2])=13.5, ϰ=[4.9, 5.2, 4.6], ∫ϰ²/L>=[4.8, 6.1, 6.2], C-C-Sep=0.20, ║∇J║=1.7e-03
-----On 1/20 Initial Guess Perturbations
Iteration 1961/3500-----
J=1.2e-02, ⟨Jf⟩=1.2e-03, ⟨B·n⟩=8.2e-03, Len=sum([4.8, 4.6, 4.2])=13.5, ϰ=[4.9, 5.2, 4.6], ∫ϰ²/L>=[4.8, 6.1, 6.2], C-C-Sep=0.20, ║∇J║=1.5e-03
-----On 1/20 Initial Guess Perturbations
Iteration 1962/3500-----
J=1.2e-02, ⟨Jf⟩=1.2e-03, ⟨B·n⟩=8.2e-03, Len=sum([4.8, 4.6, 4.2])=13.5, ϰ=[5.0, 5.2, 4.6], ∫ϰ²/L>=[4.8, 6.1, 6.2], C-C-Sep=0.20, ║∇J║=1.7e-03
-----On 1/20 Initial Guess Perturbations
Iteration 1963/3500-----
J=1.2e-02, ⟨Jf⟩=1.2e-03, ⟨B·n⟩=8.2e-03, Len=sum([4.8, 4.6, 4.2])=13.5, ϰ=[5.0, 5.2, 4.6], ∫ϰ²/L>=[4.8, 6.1, 6.2], C-C-Sep=0.20, ║∇J║=1.6e-03
-----On 1/20 Initial Guess Perturbations
Iteration 1964/3500-----
J=1.2e-02, ⟨Jf⟩=1.2e-03, ⟨B·n⟩=8.2e-03, Len=sum([4.8, 4.6, 4.2])=13.5, ϰ=[5.0, 5.2, 4.6], ∫ϰ²/L>=[4.8, 6.1, 6.2], C-C-Sep=0.20, ║∇J║=1.7e-03
-----On 1/20 Initial Guess Perturbations
Iteration 1965/3500-----
J=1.2e-02, ⟨Jf⟩=1.2e-03, ⟨B·n⟩=8.2e-03, Len=sum([4.8, 4.6, 4.2])=13.5, ϰ=[5.0, 5.2, 4.6], ∫ϰ²/L>=[4.8, 6.1, 6.2], C-C-Sep=0.20, ║∇J║=1.5e-03
-----On 1/20 Initial Guess Perturbations
Iteration 1966/3500-----
J=1.2e-02, ⟨Jf⟩=1.2e-03, ⟨B·n⟩=8.2e-03, Len=sum([4.8, 4.6, 4.2])=13.5, ϰ=[5.0, 5.2, 4.6], ∫ϰ²/L>=[4.8, 6.1, 6.2], C-C-Sep=0.20, ║∇J║=1.4e-03
-----On 1/20 Initial Guess Perturbations
Iteration 1967/3500-----
J=1.2e-02, ⟨Jf⟩=1.2e-03, ⟨B·n⟩=8.2e-03, Len=sum([4.8, 4.6, 4.2])=13.5, ϰ=[5.0, 5.2, 4.6], ∫ϰ²/L>=[4.8, 6.1, 6.2], C-C-Sep=0.20, ║∇J║=1.8e-03
-----On 1/20 Initial Guess Perturbations
Iteration 1968/3500-----
J=1.2e-02, ⟨Jf⟩=1.2e-03, ⟨B·n⟩=8.2e-03, Len=sum([4.8, 4.6, 4.2])=13.5, ϰ=[5.0, 5.2, 4.6], ∫ϰ²/L>=[4.8, 6.1, 6.2], C-C-Sep=0.20, ║∇J║=1.6e-03
-----On 1/20 Initial Guess Perturbations
Iteration 1969/3500-----
J=1.2e-02, ⟨Jf⟩=1.2e-03, ⟨B·n⟩=8.2e-03, Len=sum([4.8, 4.6, 4.2])=13.5, ϰ=[5.0, 5.2, 4.5], ∫ϰ²/L>=[4.8, 6.1, 6.2], C-C-Sep=0.20, ║∇J║=1.6e-03
-----On 1/20 Initial Guess Perturbations
Iteration 1970/3500-----
J=1.2e-02, ⟨Jf⟩=1.2e-03, ⟨B·n⟩=8.2e-03, Len=sum([4.8, 4.6, 4.2])=13.5, ϰ=[5.0, 5.2, 4.6], ∫ϰ²/L>=[4.8, 6.1, 6.2], C-C-Sep=0.20, ║∇J║=1.8e-03
-----On 1/20 Initial Guess Perturbations
Iteration 1971/3500-----
J=1.2e-02, ⟨Jf⟩=1.2e-03, ⟨B·n⟩=8.2e-03, Len=sum([4.8, 4.6, 4.2])=13.5, ϰ=[5.0, 5.1, 4.6], ∫ϰ²/L>=[4.8, 6.1, 6.2], C-C-Sep=0.20, ║∇J║=1.7e-03
-----On 1/20 Initial Guess Perturbations
Iteration 1972/3500-----
J=1.2e-02, ⟨Jf⟩=1.2e-03, ⟨B·n⟩=8.2e-03, Len=sum([4.8, 4.6, 4.2])=13.5, ϰ=[5.0, 5.1, 4.6], ∫ϰ²/L>=[4.8, 6.1, 6.2], C-C-Sep=0.20, ║∇J║=1.8e-03
-----On 1/20 Initial Guess Perturbations
Iteration 1973/3500-----
J=1.2e-02, ⟨Jf⟩=1.2e-03, ⟨B·n⟩=8.2e-03, Len=sum([4.8, 4.6, 4.2])=13.5, ϰ=[5.0, 5.1, 4.5], ∫ϰ²/L>=[4.8, 6.1, 6.2], C-C-Sep=0.20, ║∇J║=1.4e-03
-----On 1/20 Initial Guess Perturbations
Iteration 1974/3500-----
J=1.2e-02, ⟨Jf⟩=1.2e-03, ⟨B·n⟩=8.2e-03, Len=sum([4.8, 4.6, 4.2])=13.5, ϰ=[5.0, 5.1, 4.5], ∫ϰ²/L>=[4.8, 6.1, 6.2], C-C-Sep=0.20, ║∇J║=1.3e-03
-----On 1/20 Initial Guess Perturbations
Iteration 1975/3500-----
J=1.2e-02, ⟨Jf⟩=1.2e-03, ⟨B·n⟩=8.2e-03, Len=sum([4.8, 4.6, 4.2])=13.5, ϰ=[5.0, 5.1, 4.5], ∫ϰ²/L>=[4.8, 6.1, 6.2], C-C-Sep=0.20, ║∇J║=1.3e-03
-----On 1/20 Initial Guess Perturbations
Iteration 1976/3500-----
J=1.2e-02, ⟨Jf⟩=1.2e-03, ⟨B·n⟩=8.2e-03, Len=sum([4.8, 4.6, 4.2])=13.5, ϰ=[5.0, 5.1, 4.5], ∫ϰ²/L>=[4.8, 6.1, 6.2], C-C-Sep=0.20, ║∇J║=1.5e-03
-----On 1/20 Initial Guess Perturbations
Iteration 1977/3500-----
J=1.2e-02, ⟨Jf⟩=1.2e-03, ⟨B·n⟩=8.2e-03, Len=sum([4.8, 4.6, 4.2])=13.5, ϰ=[5.0, 5.1, 4.5], ∫ϰ²/L>=[4.8, 6.2, 6.2], C-C-Sep=0.20, ║∇J║=1.9e-03
-----On 1/20 Initial Guess Perturbations
Iteration 1978/3500-----
J=1.2e-02, ⟨Jf⟩=1.2e-03, ⟨B·n⟩=8.2e-03, Len=sum([4.8, 4.6, 4.2])=13.5, ϰ=[5.0, 5.1, 4.6], ∫ϰ²/L>=[4.8, 6.1, 6.2], C-C-Sep=0.20, ║∇J║=1.5e-03
-----On 1/20 Initial Guess Perturbations
Iteration 1979/3500-----
J=1.2e-02, ⟨Jf⟩=1.2e-03, ⟨B·n⟩=8.2e-03, Len=sum([4.8, 4.6, 4.2])=13.5, ϰ=[5.0, 5.1, 4.6], ∫ϰ²/L>=[4.8, 6.1, 6.2], C-C-Sep=0.20, ║∇J║=1.5e-03
-----On 1/20 Initial Guess Perturbations
Iteration 1980/3500-----
J=1.2e-02, ⟨Jf⟩=1.2e-03, ⟨B·n⟩=8.2e-03, Len=sum([4.8, 4.6, 4.2])=13.5, ϰ=[4.9, 5.1, 4.6], ∫ϰ²/L>=[4.8, 6.1, 6.2], C-C-Sep=0.20, ║∇J║=1.4e-03
-----On 1/20 Initial Guess Perturbations
Iteration 1981/3500-----
J=1.2e-02, ⟨Jf⟩=1.2e-03, ⟨B·n⟩=8.2e-03, Len=sum([4.8, 4.6, 4.2])=13.5, ϰ=[4.9, 5.1, 4.5], ∫ϰ²/L>=[4.8, 6.1, 6.2], C-C-Sep=0.20, ║∇J║=1.5e-03
-----On 1/20 Initial Guess Perturbations
Iteration 1982/3500-----
J=1.2e-02, ⟨Jf⟩=1.2e-03, ⟨B·n⟩=8.2e-03, Len=sum([4.8, 4.6, 4.2])=13.5, ϰ=[4.9, 5.1, 4.5], ∫ϰ²/L>=[4.8, 6.1, 6.2], C-C-Sep=0.20, ║∇J║=1.3e-03
-----On 1/20 Initial Guess Perturbations
Iteration 1983/3500-----
J=1.2e-02, ⟨Jf⟩=1.2e-03, ⟨B·n⟩=8.2e-03, Len=sum([4.8, 4.6, 4.2])=13.5, ϰ=[4.9, 5.1, 4.5], ∫ϰ²/L>=[4.8, 6.1, 6.2], C-C-Sep=0.20, ║∇J║=1.4e-03
-----On 1/20 Initial Guess Perturbations
Iteration 1984/3500-----
J=1.2e-02, ⟨Jf⟩=1.2e-03, ⟨B·n⟩=8.2e-03, Len=sum([4.8, 4.6, 4.2])=13.5, ϰ=[4.9, 5.1, 4.5], ∫ϰ²/L>=[4.8, 6.1, 6.2], C-C-Sep=0.20, ║∇J║=1.6e-03
-----On 1/20 Initial Guess Perturbations
Iteration 1985/3500-----
J=1.2e-02, ⟨Jf⟩=1.2e-03, ⟨B·n⟩=8.2e-03, Len=sum([4.8, 4.6, 4.2])=13.5, ϰ=[4.8, 5.1, 4.5], ∫ϰ²/L>=[4.8, 6.2, 6.2], C-C-Sep=0.20, ║∇J║=1.5e-03
-----On 1/20 Initial Guess Perturbations
Iteration 1986/3500-----
J=1.2e-02, ⟨Jf⟩=1.2e-03, ⟨B·n⟩=8.2e-03, Len=sum([4.8, 4.6, 4.2])=13.5, ϰ=[4.8, 5.2, 4.5], ∫ϰ²/L>=[4.8, 6.1, 6.2], C-C-Sep=0.20, ║∇J║=1.7e-03
-----On 1/20 Initial Guess Perturbations
Iteration 1987/3500-----
J=1.2e-02, ⟨Jf⟩=1.2e-03, ⟨B·n⟩=8.2e-03, Len=sum([4.8, 4.6, 4.2])=13.5, ϰ=[4.8, 5.2, 4.4], ∫ϰ²/L>=[4.8, 6.2, 6.2], C-C-Sep=0.20, ║∇J║=1.4e-03
-----On 1/20 Initial Guess Perturbations
Iteration 1988/3500-----
J=1.2e-02, ⟨Jf⟩=1.2e-03, ⟨B·n⟩=8.2e-03, Len=sum([4.8, 4.6, 4.2])=13.5, ϰ=[4.8, 5.2, 4.4], ∫ϰ²/L>=[4.8, 6.1, 6.2], C-C-Sep=0.20, ║∇J║=1.5e-03
-----On 1/20 Initial Guess Perturbations
Iteration 1989/3500-----
J=1.2e-02, ⟨Jf⟩=1.2e-03, ⟨B·n⟩=8.2e-03, Len=sum([4.8, 4.6, 4.2])=13.5, ϰ=[4.8, 5.2, 4.4], ∫ϰ²/L>=[4.8, 6.1, 6.2], C-C-Sep=0.20, ║∇J║=1.3e-03
-----On 1/20 Initial Guess Perturbations
Iteration 1990/3500-----
J=1.2e-02, ⟨Jf⟩=1.2e-03, ⟨B·n⟩=8.2e-03, Len=sum([4.8, 4.6, 4.2])=13.5, ϰ=[4.8, 5.2, 4.4], ∫ϰ²/L>=[4.7, 6.1, 6.2], C-C-Sep=0.20, ║∇J║=1.3e-03
-----On 1/20 Initial Guess Perturbations
Iteration 1991/3500-----
J=1.2e-02, ⟨Jf⟩=1.2e-03, ⟨B·n⟩=8.2e-03, Len=sum([4.8, 4.6, 4.2])=13.5, ϰ=[4.8, 5.2, 4.4], ∫ϰ²/L>=[4.7, 6.2, 6.2], C-C-Sep=0.20, ║∇J║=1.6e-03
-----On 1/20 Initial Guess Perturbations
Iteration 1992/3500-----
J=1.2e-02, ⟨Jf⟩=1.2e-03, ⟨B·n⟩=8.2e-03, Len=sum([4.8, 4.6, 4.2])=13.5, ϰ=[4.8, 5.2, 4.4], ∫ϰ²/L>=[4.7, 6.2, 6.2], C-C-Sep=0.20, ║∇J║=1.2e-03
-----On 1/20 Initial Guess Perturbations
Iteration 1993/3500-----
J=1.2e-02, ⟨Jf⟩=1.2e-03, ⟨B·n⟩=8.2e-03, Len=sum([4.8, 4.6, 4.2])=13.5, ϰ=[4.8, 5.2, 4.4], ∫ϰ²/L>=[4.7, 6.2, 6.2], C-C-Sep=0.20, ║∇J║=1.5e-03
-----On 1/20 Initial Guess Perturbations
Iteration 1994/3500-----
J=1.2e-02, ⟨Jf⟩=1.2e-03, ⟨B·n⟩=8.2e-03, Len=sum([4.8, 4.6, 4.2])=13.5, ϰ=[4.8, 5.2, 4.4], ∫ϰ²/L>=[4.7, 6.2, 6.2], C-C-Sep=0.20, ║∇J║=1.4e-03
-----On 1/20 Initial Guess Perturbations
Iteration 1995/3500-----
J=1.2e-02, ⟨Jf⟩=1.2e-03, ⟨B·n⟩=8.2e-03, Len=sum([4.8, 4.6, 4.2])=13.5, ϰ=[4.8, 5.2, 4.4], ∫ϰ²/L>=[4.7, 6.2, 6.2], C-C-Sep=0.20, ║∇J║=1.3e-03
-----On 1/20 Initial Guess Perturbations
Iteration 1996/3500-----
J=1.2e-02, ⟨Jf⟩=1.2e-03, ⟨B·n⟩=8.2e-03, Len=sum([4.8, 4.6, 4.2])=13.5, ϰ=[4.8, 5.3, 4.5], ∫ϰ²/L>=[4.7, 6.2, 6.2], C-C-Sep=0.20, ║∇J║=1.4e-03
-----On 1/20 Initial Guess Perturbations
Iteration 1997/3500-----
J=1.2e-02, ⟨Jf⟩=1.2e-03, ⟨B·n⟩=8.2e-03, Len=sum([4.8, 4.6, 4.2])=13.5, ϰ=[4.8, 5.3, 4.5], ∫ϰ²/L>=[4.7, 6.2, 6.2], C-C-Sep=0.20, ║∇J║=1.5e-03
-----On 1/20 Initial Guess Perturbations
Iteration 1998/3500-----
J=1.2e-02, ⟨Jf⟩=1.2e-03, ⟨B·n⟩=8.2e-03, Len=sum([4.8, 4.6, 4.2])=13.5, ϰ=[4.8, 5.3, 4.5], ∫ϰ²/L>=[4.7, 6.2, 6.2], C-C-Sep=0.20, ║∇J║=1.3e-03
-----On 1/20 Initial Guess Perturbations
Iteration 1999/3500-----
J=1.2e-02, ⟨Jf⟩=1.2e-03, ⟨B·n⟩=8.2e-03, Len=sum([4.8, 4.6, 4.2])=13.5, ϰ=[4.8, 5.3, 4.5], ∫ϰ²/L>=[4.7, 6.2, 6.2], C-C-Sep=0.20, ║∇J║=1.2e-03
-----On 1/20 Initial Guess Perturbations
Iteration 2000/3500-----
J=1.2e-02, ⟨Jf⟩=1.2e-03, ⟨B·n⟩=8.2e-03, Len=sum([4.8, 4.6, 4.2])=13.5, ϰ=[4.8, 5.3, 4.6], ∫ϰ²/L>=[4.7, 6.2, 6.2], C-C-Sep=0.20, ║∇J║=1.2e-03
-----On 1/20 Initial Guess Perturbations
Iteration 2001/3500-----
J=1.2e-02, ⟨Jf⟩=1.2e-03, ⟨B·n⟩=8.2e-03, Len=sum([4.8, 4.6, 4.2])=13.5, ϰ=[4.8, 5.2, 4.6], ∫ϰ²/L>=[4.7, 6.2, 6.2], C-C-Sep=0.20, ║∇J║=1.4e-03
-----On 1/20 Initial Guess Perturbations
Iteration 2002/3500-----
J=1.2e-02, ⟨Jf⟩=1.2e-03, ⟨B·n⟩=8.2e-03, Len=sum([4.8, 4.6, 4.2])=13.5, ϰ=[4.8, 5.2, 4.6], ∫ϰ²/L>=[4.7, 6.2, 6.2], C-C-Sep=0.20, ║∇J║=1.5e-03
-----On 1/20 Initial Guess Perturbations
Iteration 2003/3500-----
J=1.2e-02, ⟨Jf⟩=1.2e-03, ⟨B·n⟩=8.2e-03, Len=sum([4.8, 4.6, 4.2])=13.5, ϰ=[4.8, 5.2, 4.6], ∫ϰ²/L>=[4.7, 6.2, 6.2], C-C-Sep=0.20, ║∇J║=1.6e-03
-----On 1/20 Initial Guess Perturbations
Iteration 2004/3500-----
J=1.2e-02, ⟨Jf⟩=1.2e-03, ⟨B·n⟩=8.2e-03, Len=sum([4.8, 4.6, 4.2])=13.5, ϰ=[4.8, 5.2, 4.6], ∫ϰ²/L>=[4.7, 6.2, 6.2], C-C-Sep=0.20, ║∇J║=2.0e-03
-----On 1/20 Initial Guess Perturbations
Iteration 2005/3500-----
J=1.2e-02, ⟨Jf⟩=1.2e-03, ⟨B·n⟩=8.2e-03, Len=sum([4.8, 4.6, 4.2])=13.5, ϰ=[4.8, 5.2, 4.6], ∫ϰ²/L>=[4.7, 6.2, 6.2], C-C-Sep=0.20, ║∇J║=1.7e-03
-----On 1/20 Initial Guess Perturbations
Iteration 2006/3500-----
J=1.2e-02, ⟨Jf⟩=1.2e-03, ⟨B·n⟩=8.2e-03, Len=sum([4.8, 4.6, 4.2])=13.5, ϰ=[4.8, 5.2, 4.6], ∫ϰ²/L>=[4.7, 6.2, 6.2], C-C-Sep=0.20, ║∇J║=1.4e-03
-----On 1/20 Initial Guess Perturbations
Iteration 2007/3500-----
J=1.2e-02, ⟨Jf⟩=1.2e-03, ⟨B·n⟩=8.2e-03, Len=sum([4.8, 4.6, 4.2])=13.5, ϰ=[4.8, 5.2, 4.6], ∫ϰ²/L>=[4.7, 6.2, 6.2], C-C-Sep=0.20, ║∇J║=1.4e-03
-----On 1/20 Initial Guess Perturbations
Iteration 2008/3500-----
J=1.2e-02, ⟨Jf⟩=1.2e-03, ⟨B·n⟩=8.2e-03, Len=sum([4.8, 4.6, 4.2])=13.5, ϰ=[4.8, 5.2, 4.6], ∫ϰ²/L>=[4.7, 6.2, 6.2], C-C-Sep=0.20, ║∇J║=1.5e-03
-----On 1/20 Initial Guess Perturbations
Iteration 2009/3500-----
J=1.2e-02, ⟨Jf⟩=1.2e-03, ⟨B·n⟩=8.2e-03, Len=sum([4.8, 4.6, 4.2])=13.5, ϰ=[4.9, 5.2, 4.6], ∫ϰ²/L>=[4.7, 6.2, 6.2], C-C-Sep=0.20, ║∇J║=1.7e-03
-----On 1/20 Initial Guess Perturbations
Iteration 2010/3500-----
J=1.2e-02, ⟨Jf⟩=1.2e-03, ⟨B·n⟩=8.2e-03, Len=sum([4.8, 4.6, 4.2])=13.5, ϰ=[4.9, 5.2, 4.6], ∫ϰ²/L>=[4.7, 6.2, 6.2], C-C-Sep=0.20, ║∇J║=1.3e-03
-----On 1/20 Initial Guess Perturbations
Iteration 2011/3500-----
J=1.2e-02, ⟨Jf⟩=1.2e-03, ⟨B·n⟩=8.2e-03, Len=sum([4.8, 4.6, 4.2])=13.5, ϰ=[4.9, 5.2, 4.6], ∫ϰ²/L>=[4.7, 6.2, 6.2], C-C-Sep=0.20, ║∇J║=1.4e-03
-----On 1/20 Initial Guess Perturbations
Iteration 2012/3500-----
J=1.2e-02, ⟨Jf⟩=1.2e-03, ⟨B·n⟩=8.2e-03, Len=sum([4.8, 4.6, 4.2])=13.5, ϰ=[4.8, 5.2, 4.6], ∫ϰ²/L>=[4.7, 6.2, 6.2], C-C-Sep=0.20, ║∇J║=1.3e-03
-----On 1/20 Initial Guess Perturbations
Iteration 2013/3500-----
J=1.2e-02, ⟨Jf⟩=1.2e-03, ⟨B·n⟩=8.2e-03, Len=sum([4.8, 4.6, 4.2])=13.5, ϰ=[4.8, 5.2, 4.6], ∫ϰ²/L>=[4.7, 6.2, 6.2], C-C-Sep=0.20, ║∇J║=1.5e-03
-----On 1/20 Initial Guess Perturbations
Iteration 2014/3500-----
J=1.2e-02, ⟨Jf⟩=1.2e-03, ⟨B·n⟩=8.2e-03, Len=sum([4.8, 4.6, 4.2])=13.5, ϰ=[4.8, 5.2, 4.5], ∫ϰ²/L>=[4.7, 6.2, 6.2], C-C-Sep=0.20, ║∇J║=1.5e-03
-----On 1/20 Initial Guess Perturbations
Iteration 2015/3500-----
J=1.2e-02, ⟨Jf⟩=1.2e-03, ⟨B·n⟩=8.2e-03, Len=sum([4.8, 4.6, 4.2])=13.5, ϰ=[4.9, 5.2, 4.6], ∫ϰ²/L>=[4.7, 6.2, 6.2], C-C-Sep=0.20, ║∇J║=1.6e-03
-----On 1/20 Initial Guess Perturbations
Iteration 2016/3500-----
J=1.2e-02, ⟨Jf⟩=1.2e-03, ⟨B·n⟩=8.2e-03, Len=sum([4.8, 4.6, 4.2])=13.5, ϰ=[4.9, 5.2, 4.6], ∫ϰ²/L>=[4.7, 6.2, 6.2], C-C-Sep=0.20, ║∇J║=1.4e-03
-----On 1/20 Initial Guess Perturbations
Iteration 2017/3500-----
J=1.2e-02, ⟨Jf⟩=1.2e-03, ⟨B·n⟩=8.2e-03, Len=sum([4.8, 4.6, 4.2])=13.5, ϰ=[4.9, 5.2, 4.6], ∫ϰ²/L>=[4.7, 6.2, 6.2], C-C-Sep=0.20, ║∇J║=1.2e-03
-----On 1/20 Initial Guess Perturbations
Iteration 2018/3500-----
J=1.2e-02, ⟨Jf⟩=1.2e-03, ⟨B·n⟩=8.2e-03, Len=sum([4.8, 4.6, 4.2])=13.5, ϰ=[4.9, 5.2, 4.6], ∫ϰ²/L>=[4.7, 6.2, 6.2], C-C-Sep=0.20, ║∇J║=1.5e-03
-----On 1/20 Initial Guess Perturbations
Iteration 2019/3500-----
J=1.2e-02, ⟨Jf⟩=1.2e-03, ⟨B·n⟩=8.2e-03, Len=sum([4.8, 4.6, 4.2])=13.5, ϰ=[4.9, 5.2, 4.6], ∫ϰ²/L>=[4.7, 6.2, 6.2], C-C-Sep=0.20, ║∇J║=1.4e-03
-----On 1/20 Initial Guess Perturbations
Iteration 2020/3500-----
J=1.2e-02, ⟨Jf⟩=1.2e-03, ⟨B·n⟩=8.2e-03, Len=sum([4.8, 4.6, 4.2])=13.5, ϰ=[4.9, 5.2, 4.6], ∫ϰ²/L>=[4.7, 6.2, 6.2], C-C-Sep=0.20, ║∇J║=1.3e-03
-----On 1/20 Initial Guess Perturbations
Iteration 2021/3500-----
J=1.2e-02, ⟨Jf⟩=1.2e-03, ⟨B·n⟩=8.2e-03, Len=sum([4.8, 4.6, 4.2])=13.5, ϰ=[4.9, 5.2, 4.6], ∫ϰ²/L>=[4.7, 6.2, 6.2], C-C-Sep=0.20, ║∇J║=1.2e-03
-----On 1/20 Initial Guess Perturbations
Iteration 2022/3500-----
J=1.2e-02, ⟨Jf⟩=1.2e-03, ⟨B·n⟩=8.2e-03, Len=sum([4.8, 4.6, 4.2])=13.5, ϰ=[4.9, 5.2, 4.6], ∫ϰ²/L>=[4.7, 6.2, 6.2], C-C-Sep=0.20, ║∇J║=1.4e-03
-----On 1/20 Initial Guess Perturbations
Iteration 2023/3500-----
J=1.2e-02, ⟨Jf⟩=1.2e-03, ⟨B·n⟩=8.2e-03, Len=sum([4.8, 4.6, 4.2])=13.5, ϰ=[4.9, 5.2, 4.6], ∫ϰ²/L>=[4.7, 6.2, 6.2], C-C-Sep=0.20, ║∇J║=1.2e-03
-----On 1/20 Initial Guess Perturbations
Iteration 2024/3500-----
J=1.2e-02, ⟨Jf⟩=1.2e-03, ⟨B·n⟩=8.2e-03, Len=sum([4.8, 4.6, 4.2])=13.5, ϰ=[4.9, 5.2, 4.6], ∫ϰ²/L>=[4.7, 6.2, 6.2], C-C-Sep=0.20, ║∇J║=1.2e-03
-----On 1/20 Initial Guess Perturbations
Iteration 2025/3500-----
J=1.2e-02, ⟨Jf⟩=1.2e-03, ⟨B·n⟩=8.2e-03, Len=sum([4.8, 4.6, 4.2])=13.5, ϰ=[4.9, 5.2, 4.6], ∫ϰ²/L>=[4.7, 6.2, 6.2], C-C-Sep=0.20, ║∇J║=1.6e-03
-----On 1/20 Initial Guess Perturbations
Iteration 2026/3500-----
J=1.2e-02, ⟨Jf⟩=1.2e-03, ⟨B·n⟩=8.2e-03, Len=sum([4.8, 4.6, 4.2])=13.5, ϰ=[4.9, 5.2, 4.6], ∫ϰ²/L>=[4.7, 6.2, 6.2], C-C-Sep=0.20, ║∇J║=1.5e-03
-----On 1/20 Initial Guess Perturbations
Iteration 2027/3500-----
J=1.2e-02, ⟨Jf⟩=1.2e-03, ⟨B·n⟩=8.2e-03, Len=sum([4.8, 4.6, 4.2])=13.5, ϰ=[4.9, 5.2, 4.6], ∫ϰ²/L>=[4.7, 6.2, 6.2], C-C-Sep=0.20, ║∇J║=1.5e-03
-----On 1/20 Initial Guess Perturbations
Iteration 2028/3500-----
J=1.2e-02, ⟨Jf⟩=1.2e-03, ⟨B·n⟩=8.2e-03, Len=sum([4.8, 4.6, 4.2])=13.5, ϰ=[4.9, 5.2, 4.6], ∫ϰ²/L>=[4.7, 6.2, 6.2], C-C-Sep=0.20, ║∇J║=1.2e-03
-----On 1/20 Initial Guess Perturbations
Iteration 2029/3500-----
J=1.2e-02, ⟨Jf⟩=1.2e-03, ⟨B·n⟩=8.2e-03, Len=sum([4.8, 4.6, 4.2])=13.5, ϰ=[4.8, 5.3, 4.6], ∫ϰ²/L>=[4.7, 6.2, 6.2], C-C-Sep=0.20, ║∇J║=1.4e-03
-----On 1/20 Initial Guess Perturbations
Iteration 2030/3500-----
J=1.2e-02, ⟨Jf⟩=1.2e-03, ⟨B·n⟩=8.2e-03, Len=sum([4.8, 4.6, 4.2])=13.5, ϰ=[4.8, 5.3, 4.6], ∫ϰ²/L>=[4.7, 6.2, 6.2], C-C-Sep=0.20, ║∇J║=1.8e-03
-----On 1/20 Initial Guess Perturbations
Iteration 2031/3500-----
J=1.2e-02, ⟨Jf⟩=1.2e-03, ⟨B·n⟩=8.2e-03, Len=sum([4.8, 4.6, 4.2])=13.5, ϰ=[4.8, 5.3, 4.6], ∫ϰ²/L>=[4.7, 6.2, 6.2], C-C-Sep=0.20, ║∇J║=1.5e-03
-----On 1/20 Initial Guess Perturbations
Iteration 2032/3500-----
J=1.2e-02, ⟨Jf⟩=1.2e-03, ⟨B·n⟩=8.2e-03, Len=sum([4.8, 4.6, 4.2])=13.5, ϰ=[4.8, 5.3, 4.5], ∫ϰ²/L>=[4.7, 6.2, 6.2], C-C-Sep=0.20, ║∇J║=2.0e-03
-----On 1/20 Initial Guess Perturbations
Iteration 2033/3500-----
J=1.2e-02, ⟨Jf⟩=1.2e-03, ⟨B·n⟩=8.2e-03, Len=sum([4.8, 4.6, 4.2])=13.5, ϰ=[4.8, 5.3, 4.6], ∫ϰ²/L>=[4.7, 6.2, 6.2], C-C-Sep=0.20, ║∇J║=1.7e-03
-----On 1/20 Initial Guess Perturbations
Iteration 2034/3500-----
J=1.2e-02, ⟨Jf⟩=1.2e-03, ⟨B·n⟩=8.2e-03, Len=sum([4.8, 4.6, 4.2])=13.5, ϰ=[4.8, 5.3, 4.5], ∫ϰ²/L>=[4.7, 6.2, 6.2], C-C-Sep=0.20, ║∇J║=1.4e-03
-----On 1/20 Initial Guess Perturbations
Iteration 2035/3500-----
J=1.2e-02, ⟨Jf⟩=1.2e-03, ⟨B·n⟩=8.2e-03, Len=sum([4.8, 4.6, 4.2])=13.5, ϰ=[4.8, 5.3, 4.5], ∫ϰ²/L>=[4.7, 6.2, 6.2], C-C-Sep=0.20, ║∇J║=1.8e-03
-----On 1/20 Initial Guess Perturbations
Iteration 2036/3500-----
J=1.2e-02, ⟨Jf⟩=1.2e-03, ⟨B·n⟩=8.2e-03, Len=sum([4.8, 4.6, 4.2])=13.5, ϰ=[4.8, 5.3, 4.5], ∫ϰ²/L>=[4.7, 6.2, 6.3], C-C-Sep=0.20, ║∇J║=1.9e-03
-----On 1/20 Initial Guess Perturbations
Iteration 2037/3500-----
J=1.2e-02, ⟨Jf⟩=1.2e-03, ⟨B·n⟩=8.2e-03, Len=sum([4.8, 4.6, 4.2])=13.5, ϰ=[4.8, 5.3, 4.5], ∫ϰ²/L>=[4.7, 6.2, 6.3], C-C-Sep=0.20, ║∇J║=1.5e-03
-----On 1/20 Initial Guess Perturbations
Iteration 2038/3500-----
J=1.2e-02, ⟨Jf⟩=1.2e-03, ⟨B·n⟩=8.2e-03, Len=sum([4.8, 4.6, 4.2])=13.5, ϰ=[4.8, 5.3, 4.5], ∫ϰ²/L>=[4.7, 6.2, 6.2], C-C-Sep=0.20, ║∇J║=1.7e-03
-----On 1/20 Initial Guess Perturbations
Iteration 2039/3500-----
J=1.2e-02, ⟨Jf⟩=1.2e-03, ⟨B·n⟩=8.2e-03, Len=sum([4.8, 4.6, 4.2])=13.5, ϰ=[4.8, 5.3, 4.5], ∫ϰ²/L>=[4.7, 6.2, 6.3], C-C-Sep=0.20, ║∇J║=1.7e-03
-----On 1/20 Initial Guess Perturbations
Iteration 2040/3500-----
J=1.2e-02, ⟨Jf⟩=1.2e-03, ⟨B·n⟩=8.2e-03, Len=sum([4.8, 4.6, 4.2])=13.5, ϰ=[4.9, 5.3, 4.5], ∫ϰ²/L>=[4.7, 6.2, 6.2], C-C-Sep=0.20, ║∇J║=1.8e-03
-----On 1/20 Initial Guess Perturbations
Iteration 2041/3500-----
J=1.2e-02, ⟨Jf⟩=1.2e-03, ⟨B·n⟩=8.2e-03, Len=sum([4.8, 4.6, 4.2])=13.5, ϰ=[4.9, 5.3, 4.5], ∫ϰ²/L>=[4.7, 6.2, 6.2], C-C-Sep=0.20, ║∇J║=2.0e-03
-----On 1/20 Initial Guess Perturbations
Iteration 2042/3500-----
J=1.2e-02, ⟨Jf⟩=1.2e-03, ⟨B·n⟩=8.2e-03, Len=sum([4.8, 4.6, 4.2])=13.5, ϰ=[4.9, 5.3, 4.5], ∫ϰ²/L>=[4.7, 6.2, 6.2], C-C-Sep=0.20, ║∇J║=1.4e-03
-----On 1/20 Initial Guess Perturbations
Iteration 2043/3500-----
J=1.2e-02, ⟨Jf⟩=1.2e-03, ⟨B·n⟩=8.2e-03, Len=sum([4.8, 4.6, 4.2])=13.5, ϰ=[4.9, 5.3, 4.5], ∫ϰ²/L>=[4.7, 6.2, 6.2], C-C-Sep=0.20, ║∇J║=1.5e-03
-----On 1/20 Initial Guess Perturbations
Iteration 2044/3500-----
J=1.2e-02, ⟨Jf⟩=1.2e-03, ⟨B·n⟩=8.2e-03, Len=sum([4.8, 4.6, 4.2])=13.5, ϰ=[4.9, 5.3, 4.5], ∫ϰ²/L>=[4.8, 6.2, 6.2], C-C-Sep=0.20, ║∇J║=1.7e-03
-----On 1/20 Initial Guess Perturbations
Iteration 2045/3500-----
J=1.2e-02, ⟨Jf⟩=1.2e-03, ⟨B·n⟩=8.2e-03, Len=sum([4.8, 4.6, 4.2])=13.5, ϰ=[4.9, 5.3, 4.5], ∫ϰ²/L>=[4.8, 6.2, 6.2], C-C-Sep=0.20, ║∇J║=1.4e-03
-----On 1/20 Initial Guess Perturbations
Iteration 2046/3500-----
J=1.2e-02, ⟨Jf⟩=1.2e-03, ⟨B·n⟩=8.2e-03, Len=sum([4.8, 4.6, 4.2])=13.5, ϰ=[4.9, 5.3, 4.6], ∫ϰ²/L>=[4.8, 6.2, 6.2], C-C-Sep=0.20, ║∇J║=1.6e-03
-----On 1/20 Initial Guess Perturbations
Iteration 2047/3500-----
J=1.2e-02, ⟨Jf⟩=1.2e-03, ⟨B·n⟩=8.2e-03, Len=sum([4.8, 4.6, 4.2])=13.5, ϰ=[4.9, 5.3, 4.6], ∫ϰ²/L>=[4.8, 6.2, 6.2], C-C-Sep=0.20, ║∇J║=1.3e-03
-----On 1/20 Initial Guess Perturbations
Iteration 2048/3500-----
J=1.2e-02, ⟨Jf⟩=1.2e-03, ⟨B·n⟩=8.2e-03, Len=sum([4.8, 4.6, 4.2])=13.5, ϰ=[4.9, 5.3, 4.6], ∫ϰ²/L>=[4.8, 6.2, 6.3], C-C-Sep=0.20, ║∇J║=1.4e-03
-----On 1/20 Initial Guess Perturbations
Iteration 2049/3500-----
J=1.2e-02, ⟨Jf⟩=1.2e-03, ⟨B·n⟩=8.2e-03, Len=sum([4.8, 4.6, 4.2])=13.5, ϰ=[4.9, 5.3, 4.6], ∫ϰ²/L>=[4.8, 6.2, 6.3], C-C-Sep=0.20, ║∇J║=1.7e-03
-----On 1/20 Initial Guess Perturbations
Iteration 2050/3500-----
J=1.2e-02, ⟨Jf⟩=1.2e-03, ⟨B·n⟩=8.2e-03, Len=sum([4.8, 4.6, 4.2])=13.5, ϰ=[4.9, 5.3, 4.6], ∫ϰ²/L>=[4.8, 6.2, 6.3], C-C-Sep=0.20, ║∇J║=1.8e-03
-----On 1/20 Initial Guess Perturbations
Iteration 2051/3500-----
J=1.2e-02, ⟨Jf⟩=1.2e-03, ⟨B·n⟩=8.2e-03, Len=sum([4.8, 4.6, 4.2])=13.5, ϰ=[4.9, 5.3, 4.6], ∫ϰ²/L>=[4.8, 6.2, 6.2], C-C-Sep=0.20, ║∇J║=1.7e-03
-----On 1/20 Initial Guess Perturbations
Iteration 2052/3500-----
J=1.2e-02, ⟨Jf⟩=1.2e-03, ⟨B·n⟩=8.2e-03, Len=sum([4.8, 4.6, 4.2])=13.5, ϰ=[4.9, 5.3, 4.6], ∫ϰ²/L>=[4.8, 6.2, 6.2], C-C-Sep=0.20, ║∇J║=1.2e-03
-----On 1/20 Initial Guess Perturbations
Iteration 2053/3500-----
J=1.2e-02, ⟨Jf⟩=1.2e-03, ⟨B·n⟩=8.2e-03, Len=sum([4.8, 4.6, 4.2])=13.5, ϰ=[4.9, 5.3, 4.6], ∫ϰ²/L>=[4.8, 6.2, 6.2], C-C-Sep=0.20, ║∇J║=1.3e-03
-----On 1/20 Initial Guess Perturbations
Iteration 2054/3500-----
J=1.2e-02, ⟨Jf⟩=1.2e-03, ⟨B·n⟩=8.2e-03, Len=sum([4.8, 4.6, 4.2])=13.5, ϰ=[4.9, 5.2, 4.6], ∫ϰ²/L>=[4.8, 6.2, 6.2], C-C-Sep=0.20, ║∇J║=1.7e-03
-----On 1/20 Initial Guess Perturbations
Iteration 2055/3500-----
J=1.2e-02, ⟨Jf⟩=1.2e-03, ⟨B·n⟩=8.2e-03, Len=sum([4.8, 4.6, 4.2])=13.5, ϰ=[4.9, 5.2, 4.6], ∫ϰ²/L>=[4.8, 6.2, 6.2], C-C-Sep=0.20, ║∇J║=1.4e-03
-----On 1/20 Initial Guess Perturbations
Iteration 2056/3500-----
J=1.2e-02, ⟨Jf⟩=1.2e-03, ⟨B·n⟩=8.2e-03, Len=sum([4.8, 4.6, 4.2])=13.5, ϰ=[4.9, 5.2, 4.6], ∫ϰ²/L>=[4.8, 6.2, 6.2], C-C-Sep=0.20, ║∇J║=1.5e-03
-----On 1/20 Initial Guess Perturbations
Iteration 2057/3500-----
J=1.2e-02, ⟨Jf⟩=1.2e-03, ⟨B·n⟩=8.2e-03, Len=sum([4.8, 4.6, 4.2])=13.5, ϰ=[4.9, 5.2, 4.6], ∫ϰ²/L>=[4.8, 6.2, 6.2], C-C-Sep=0.20, ║∇J║=1.5e-03
-----On 1/20 Initial Guess Perturbations
Iteration 2058/3500-----
J=1.2e-02, ⟨Jf⟩=1.2e-03, ⟨B·n⟩=8.2e-03, Len=sum([4.8, 4.6, 4.2])=13.5, ϰ=[4.9, 5.2, 4.7], ∫ϰ²/L>=[4.8, 6.2, 6.2], C-C-Sep=0.20, ║∇J║=1.7e-03
-----On 1/20 Initial Guess Perturbations
Iteration 2059/3500-----
J=1.2e-02, ⟨Jf⟩=1.2e-03, ⟨B·n⟩=8.2e-03, Len=sum([4.8, 4.6, 4.2])=13.5, ϰ=[4.9, 5.2, 4.7], ∫ϰ²/L>=[4.8, 6.2, 6.2], C-C-Sep=0.20, ║∇J║=1.8e-03
-----On 1/20 Initial Guess Perturbations
Iteration 2060/3500-----
J=1.2e-02, ⟨Jf⟩=1.2e-03, ⟨B·n⟩=8.2e-03, Len=sum([4.8, 4.6, 4.2])=13.5, ϰ=[4.9, 5.2, 4.7], ∫ϰ²/L>=[4.8, 6.2, 6.2], C-C-Sep=0.20, ║∇J║=1.3e-03
-----On 1/20 Initial Guess Perturbations
Iteration 2061/3500-----
J=1.2e-02, ⟨Jf⟩=1.2e-03, ⟨B·n⟩=8.2e-03, Len=sum([4.8, 4.6, 4.2])=13.5, ϰ=[4.9, 5.2, 4.7], ∫ϰ²/L>=[4.8, 6.2, 6.2], C-C-Sep=0.20, ║∇J║=1.3e-03
-----On 1/20 Initial Guess Perturbations
Iteration 2062/3500-----
J=1.2e-02, ⟨Jf⟩=1.2e-03, ⟨B·n⟩=8.2e-03, Len=sum([4.8, 4.6, 4.2])=13.5, ϰ=[4.9, 5.2, 4.7], ∫ϰ²/L>=[4.8, 6.2, 6.2], C-C-Sep=0.20, ║∇J║=1.2e-03
-----On 1/20 Initial Guess Perturbations
Iteration 2063/3500-----
J=1.2e-02, ⟨Jf⟩=1.2e-03, ⟨B·n⟩=8.2e-03, Len=sum([4.8, 4.6, 4.2])=13.5, ϰ=[4.9, 5.2, 4.7], ∫ϰ²/L>=[4.8, 6.2, 6.2], C-C-Sep=0.20, ║∇J║=1.3e-03
-----On 1/20 Initial Guess Perturbations
Iteration 2064/3500-----
J=1.2e-02, ⟨Jf⟩=1.2e-03, ⟨B·n⟩=8.2e-03, Len=sum([4.8, 4.6, 4.2])=13.5, ϰ=[4.9, 5.2, 4.7], ∫ϰ²/L>=[4.8, 6.2, 6.2], C-C-Sep=0.20, ║∇J║=1.4e-03
-----On 1/20 Initial Guess Perturbations
Iteration 2065/3500-----
J=1.2e-02, ⟨Jf⟩=1.2e-03, ⟨B·n⟩=8.2e-03, Len=sum([4.8, 4.6, 4.2])=13.5, ϰ=[4.9, 5.2, 4.7], ∫ϰ²/L>=[4.8, 6.2, 6.2], C-C-Sep=0.20, ║∇J║=1.5e-03
-----On 1/20 Initial Guess Perturbations
Iteration 2066/3500-----
J=1.2e-02, ⟨Jf⟩=1.2e-03, ⟨B·n⟩=8.2e-03, Len=sum([4.8, 4.6, 4.2])=13.5, ϰ=[4.9, 5.2, 4.7], ∫ϰ²/L>=[4.8, 6.2, 6.2], C-C-Sep=0.20, ║∇J║=1.4e-03
-----On 1/20 Initial Guess Perturbations
Iteration 2067/3500-----
J=1.2e-02, ⟨Jf⟩=1.2e-03, ⟨B·n⟩=8.2e-03, Len=sum([4.8, 4.6, 4.2])=13.5, ϰ=[4.9, 5.2, 4.7], ∫ϰ²/L>=[4.8, 6.2, 6.2], C-C-Sep=0.20, ║∇J║=1.2e-03
-----On 1/20 Initial Guess Perturbations
Iteration 2068/3500-----
J=1.2e-02, ⟨Jf⟩=1.2e-03, ⟨B·n⟩=8.2e-03, Len=sum([4.8, 4.6, 4.2])=13.5, ϰ=[4.9, 5.2, 4.7], ∫ϰ²/L>=[4.8, 6.2, 6.2], C-C-Sep=0.20, ║∇J║=1.2e-03
-----On 1/20 Initial Guess Perturbations
Iteration 2069/3500-----
J=1.2e-02, ⟨Jf⟩=1.2e-03, ⟨B·n⟩=8.2e-03, Len=sum([4.8, 4.6, 4.2])=13.5, ϰ=[4.9, 5.2, 4.7], ∫ϰ²/L>=[4.8, 6.2, 6.2], C-C-Sep=0.20, ║∇J║=1.4e-03
-----On 1/20 Initial Guess Perturbations
Iteration 2070/3500-----
J=1.2e-02, ⟨Jf⟩=1.2e-03, ⟨B·n⟩=8.2e-03, Len=sum([4.8, 4.6, 4.2])=13.5, ϰ=[4.9, 5.3, 4.7], ∫ϰ²/L>=[4.8, 6.2, 6.2], C-C-Sep=0.20, ║∇J║=1.5e-03
-----On 1/20 Initial Guess Perturbations
Iteration 2071/3500-----
J=1.2e-02, ⟨Jf⟩=1.2e-03, ⟨B·n⟩=8.2e-03, Len=sum([4.8, 4.6, 4.2])=13.5, ϰ=[4.9, 5.3, 4.7], ∫ϰ²/L>=[4.8, 6.2, 6.3], C-C-Sep=0.20, ║∇J║=1.8e-03
-----On 1/20 Initial Guess Perturbations
Iteration 2072/3500-----
J=1.2e-02, ⟨Jf⟩=1.2e-03, ⟨B·n⟩=8.2e-03, Len=sum([4.8, 4.6, 4.2])=13.5, ϰ=[4.9, 5.3, 4.7], ∫ϰ²/L>=[4.8, 6.2, 6.3], C-C-Sep=0.20, ║∇J║=1.2e-03
-----On 1/20 Initial Guess Perturbations
Iteration 2073/3500-----
J=1.2e-02, ⟨Jf⟩=1.2e-03, ⟨B·n⟩=8.2e-03, Len=sum([4.8, 4.6, 4.2])=13.5, ϰ=[4.9, 5.3, 4.7], ∫ϰ²/L>=[4.8, 6.2, 6.3], C-C-Sep=0.20, ║∇J║=1.1e-03
-----On 1/20 Initial Guess Perturbations
Iteration 2074/3500-----
J=1.2e-02, ⟨Jf⟩=1.2e-03, ⟨B·n⟩=8.2e-03, Len=sum([4.8, 4.6, 4.2])=13.5, ϰ=[4.9, 5.3, 4.6], ∫ϰ²/L>=[4.8, 6.2, 6.3], C-C-Sep=0.20, ║∇J║=1.1e-03
-----On 1/20 Initial Guess Perturbations
Iteration 2075/3500-----
J=1.2e-02, ⟨Jf⟩=1.2e-03, ⟨B·n⟩=8.2e-03, Len=sum([4.8, 4.6, 4.2])=13.5, ϰ=[4.9, 5.3, 4.6], ∫ϰ²/L>=[4.8, 6.2, 6.3], C-C-Sep=0.20, ║∇J║=1.5e-03
-----On 1/20 Initial Guess Perturbations
Iteration 2076/3500-----
J=1.2e-02, ⟨Jf⟩=1.2e-03, ⟨B·n⟩=8.2e-03, Len=sum([4.8, 4.6, 4.2])=13.5, ϰ=[4.9, 5.3, 4.6], ∫ϰ²/L>=[4.8, 6.2, 6.3], C-C-Sep=0.20, ║∇J║=1.2e-03
-----On 1/20 Initial Guess Perturbations
Iteration 2077/3500-----
J=1.2e-02, ⟨Jf⟩=1.2e-03, ⟨B·n⟩=8.2e-03, Len=sum([4.8, 4.6, 4.2])=13.5, ϰ=[4.8, 5.3, 4.6], ∫ϰ²/L>=[4.8, 6.2, 6.3], C-C-Sep=0.20, ║∇J║=1.5e-03
-----On 1/20 Initial Guess Perturbations
Iteration 2078/3500-----
J=1.2e-02, ⟨Jf⟩=1.2e-03, ⟨B·n⟩=8.2e-03, Len=sum([4.8, 4.6, 4.2])=13.5, ϰ=[4.8, 5.3, 4.6], ∫ϰ²/L>=[4.8, 6.2, 6.3], C-C-Sep=0.20, ║∇J║=1.3e-03
-----On 1/20 Initial Guess Perturbations
Iteration 2079/3500-----
J=1.2e-02, ⟨Jf⟩=1.2e-03, ⟨B·n⟩=8.2e-03, Len=sum([4.8, 4.6, 4.2])=13.5, ϰ=[4.8, 5.3, 4.6], ∫ϰ²/L>=[4.8, 6.2, 6.3], C-C-Sep=0.20, ║∇J║=1.2e-03
-----On 1/20 Initial Guess Perturbations
Iteration 2080/3500-----
J=1.2e-02, ⟨Jf⟩=1.2e-03, ⟨B·n⟩=8.2e-03, Len=sum([4.8, 4.6, 4.2])=13.5, ϰ=[4.8, 5.3, 4.6], ∫ϰ²/L>=[4.8, 6.2, 6.3], C-C-Sep=0.20, ║∇J║=1.2e-03
-----On 1/20 Initial Guess Perturbations
Iteration 2081/3500-----
J=1.2e-02, ⟨Jf⟩=1.2e-03, ⟨B·n⟩=8.2e-03, Len=sum([4.8, 4.6, 4.2])=13.5, ϰ=[4.8, 5.2, 4.6], ∫ϰ²/L>=[4.8, 6.2, 6.3], C-C-Sep=0.20, ║∇J║=1.3e-03
-----On 1/20 Initial Guess Perturbations
Iteration 2082/3500-----
J=1.2e-02, ⟨Jf⟩=1.2e-03, ⟨B·n⟩=8.2e-03, Len=sum([4.8, 4.6, 4.2])=13.5, ϰ=[4.8, 5.2, 4.6], ∫ϰ²/L>=[4.8, 6.2, 6.3], C-C-Sep=0.20, ║∇J║=1.4e-03
-----On 1/20 Initial Guess Perturbations
Iteration 2083/3500-----
J=1.2e-02, ⟨Jf⟩=1.2e-03, ⟨B·n⟩=8.2e-03, Len=sum([4.8, 4.6, 4.2])=13.5, ϰ=[4.8, 5.2, 4.6], ∫ϰ²/L>=[4.8, 6.2, 6.3], C-C-Sep=0.20, ║∇J║=1.3e-03
-----On 1/20 Initial Guess Perturbations
Iteration 2084/3500-----
J=1.2e-02, ⟨Jf⟩=1.2e-03, ⟨B·n⟩=8.2e-03, Len=sum([4.8, 4.6, 4.2])=13.5, ϰ=[4.9, 5.2, 4.6], ∫ϰ²/L>=[4.8, 6.2, 6.3], C-C-Sep=0.20, ║∇J║=1.7e-03
-----On 1/20 Initial Guess Perturbations
Iteration 2085/3500-----
J=1.2e-02, ⟨Jf⟩=1.2e-03, ⟨B·n⟩=8.2e-03, Len=sum([4.8, 4.6, 4.2])=13.5, ϰ=[4.9, 5.2, 4.6], ∫ϰ²/L>=[4.8, 6.2, 6.3], C-C-Sep=0.20, ║∇J║=1.2e-03
-----On 1/20 Initial Guess Perturbations
Iteration 2086/3500-----
J=1.2e-02, ⟨Jf⟩=1.2e-03, ⟨B·n⟩=8.2e-03, Len=sum([4.8, 4.6, 4.2])=13.5, ϰ=[4.9, 5.2, 4.6], ∫ϰ²/L>=[4.8, 6.2, 6.3], C-C-Sep=0.20, ║∇J║=1.1e-03
-----On 1/20 Initial Guess Perturbations
Iteration 2087/3500-----
J=1.2e-02, ⟨Jf⟩=1.2e-03, ⟨B·n⟩=8.2e-03, Len=sum([4.8, 4.6, 4.2])=13.5, ϰ=[4.9, 5.2, 4.6], ∫ϰ²/L>=[4.8, 6.2, 6.3], C-C-Sep=0.20, ║∇J║=1.2e-03
-----On 1/20 Initial Guess Perturbations
Iteration 2088/3500-----
J=1.2e-02, ⟨Jf⟩=1.2e-03, ⟨B·n⟩=8.2e-03, Len=sum([4.8, 4.6, 4.2])=13.5, ϰ=[5.0, 5.2, 4.6], ∫ϰ²/L>=[4.8, 6.2, 6.3], C-C-Sep=0.20, ║∇J║=1.5e-03
-----On 1/20 Initial Guess Perturbations
Iteration 2089/3500-----
J=1.2e-02, ⟨Jf⟩=1.2e-03, ⟨B·n⟩=8.2e-03, Len=sum([4.8, 4.6, 4.2])=13.5, ϰ=[5.0, 5.2, 4.6], ∫ϰ²/L>=[4.8, 6.2, 6.3], C-C-Sep=0.20, ║∇J║=1.2e-03
-----On 1/20 Initial Guess Perturbations
Iteration 2090/3500-----
J=1.2e-02, ⟨Jf⟩=1.2e-03, ⟨B·n⟩=8.2e-03, Len=sum([4.8, 4.6, 4.2])=13.5, ϰ=[5.0, 5.2, 4.6], ∫ϰ²/L>=[4.8, 6.2, 6.3], C-C-Sep=0.20, ║∇J║=1.3e-03
-----On 1/20 Initial Guess Perturbations
Iteration 2091/3500-----
J=1.2e-02, ⟨Jf⟩=1.2e-03, ⟨B·n⟩=8.2e-03, Len=sum([4.8, 4.6, 4.2])=13.5, ϰ=[5.0, 5.2, 4.6], ∫ϰ²/L>=[4.8, 6.2, 6.3], C-C-Sep=0.20, ║∇J║=1.4e-03
-----On 1/20 Initial Guess Perturbations
Iteration 2092/3500-----
J=1.2e-02, ⟨Jf⟩=1.2e-03, ⟨B·n⟩=8.2e-03, Len=sum([4.8, 4.6, 4.2])=13.5, ϰ=[5.0, 5.2, 4.6], ∫ϰ²/L>=[4.8, 6.2, 6.3], C-C-Sep=0.20, ║∇J║=1.2e-03
-----On 1/20 Initial Guess Perturbations
Iteration 2093/3500-----
J=1.2e-02, ⟨Jf⟩=1.2e-03, ⟨B·n⟩=8.2e-03, Len=sum([4.8, 4.6, 4.2])=13.5, ϰ=[5.0, 5.2, 4.6], ∫ϰ²/L>=[4.8, 6.2, 6.3], C-C-Sep=0.20, ║∇J║=1.4e-03
-----On 1/20 Initial Guess Perturbations
Iteration 2094/3500-----
J=1.2e-02, ⟨Jf⟩=1.2e-03, ⟨B·n⟩=8.2e-03, Len=sum([4.8, 4.6, 4.2])=13.5, ϰ=[5.0, 5.2, 4.6], ∫ϰ²/L>=[4.8, 6.2, 6.3], C-C-Sep=0.20, ║∇J║=1.2e-03
-----On 1/20 Initial Guess Perturbations
Iteration 2095/3500-----
J=1.2e-02, ⟨Jf⟩=1.2e-03, ⟨B·n⟩=8.2e-03, Len=sum([4.8, 4.6, 4.2])=13.5, ϰ=[5.0, 5.2, 4.6], ∫ϰ²/L>=[4.8, 6.2, 6.3], C-C-Sep=0.20, ║∇J║=1.8e-03
-----On 1/20 Initial Guess Perturbations
Iteration 2096/3500-----
J=1.2e-02, ⟨Jf⟩=1.2e-03, ⟨B·n⟩=8.2e-03, Len=sum([4.8, 4.6, 4.2])=13.5, ϰ=[5.0, 5.2, 4.6], ∫ϰ²/L>=[4.8, 6.2, 6.3], C-C-Sep=0.20, ║∇J║=1.3e-03
-----On 1/20 Initial Guess Perturbations
Iteration 2097/3500-----
J=1.2e-02, ⟨Jf⟩=1.2e-03, ⟨B·n⟩=8.2e-03, Len=sum([4.8, 4.6, 4.2])=13.5, ϰ=[5.0, 5.2, 4.6], ∫ϰ²/L>=[4.8, 6.2, 6.3], C-C-Sep=0.20, ║∇J║=1.1e-03
-----On 1/20 Initial Guess Perturbations
Iteration 2098/3500-----
J=1.2e-02, ⟨Jf⟩=1.2e-03, ⟨B·n⟩=8.2e-03, Len=sum([4.8, 4.6, 4.2])=13.5, ϰ=[5.0, 5.2, 4.6], ∫ϰ²/L>=[4.8, 6.2, 6.3], C-C-Sep=0.20, ║∇J║=9.9e-04
-----On 1/20 Initial Guess Perturbations
Iteration 2099/3500-----
J=1.2e-02, ⟨Jf⟩=1.2e-03, ⟨B·n⟩=8.2e-03, Len=sum([4.8, 4.6, 4.2])=13.5, ϰ=[5.0, 5.2, 4.7], ∫ϰ²/L>=[4.8, 6.2, 6.3], C-C-Sep=0.20, ║∇J║=1.3e-03
-----On 1/20 Initial Guess Perturbations
Iteration 2100/3500-----
J=1.2e-02, ⟨Jf⟩=1.2e-03, ⟨B·n⟩=8.2e-03, Len=sum([4.8, 4.6, 4.2])=13.5, ϰ=[5.0, 5.2, 4.7], ∫ϰ²/L>=[4.8, 6.2, 6.3], C-C-Sep=0.20, ║∇J║=1.6e-03
-----On 1/20 Initial Guess Perturbations
Iteration 2101/3500-----
J=1.2e-02, ⟨Jf⟩=1.2e-03, ⟨B·n⟩=8.2e-03, Len=sum([4.8, 4.6, 4.2])=13.5, ϰ=[5.0, 5.2, 4.7], ∫ϰ²/L>=[4.8, 6.2, 6.3], C-C-Sep=0.20, ║∇J║=1.4e-03
-----On 1/20 Initial Guess Perturbations
Iteration 2102/3500-----
J=1.2e-02, ⟨Jf⟩=1.2e-03, ⟨B·n⟩=8.2e-03, Len=sum([4.8, 4.6, 4.2])=13.5, ϰ=[5.0, 5.2, 4.7], ∫ϰ²/L>=[4.8, 6.2, 6.3], C-C-Sep=0.20, ║∇J║=1.1e-03
-----On 1/20 Initial Guess Perturbations
Iteration 2103/3500-----
J=1.2e-02, ⟨Jf⟩=1.2e-03, ⟨B·n⟩=8.2e-03, Len=sum([4.8, 4.6, 4.2])=13.5, ϰ=[5.0, 5.2, 4.6], ∫ϰ²/L>=[4.8, 6.2, 6.3], C-C-Sep=0.20, ║∇J║=1.2e-03
-----On 1/20 Initial Guess Perturbations
Iteration 2104/3500-----
J=1.2e-02, ⟨Jf⟩=1.2e-03, ⟨B·n⟩=8.2e-03, Len=sum([4.8, 4.6, 4.2])=13.5, ϰ=[5.0, 5.2, 4.6], ∫ϰ²/L>=[4.8, 6.2, 6.3], C-C-Sep=0.20, ║∇J║=1.1e-03
-----On 1/20 Initial Guess Perturbations
Iteration 2105/3500-----
J=1.2e-02, ⟨Jf⟩=1.2e-03, ⟨B·n⟩=8.2e-03, Len=sum([4.8, 4.6, 4.2])=13.5, ϰ=[5.0, 5.3, 4.6], ∫ϰ²/L>=[4.8, 6.2, 6.3], C-C-Sep=0.20, ║∇J║=1.1e-03
-----On 1/20 Initial Guess Perturbations
Iteration 2106/3500-----
J=1.2e-02, ⟨Jf⟩=1.2e-03, ⟨B·n⟩=8.2e-03, Len=sum([4.8, 4.6, 4.2])=13.5, ϰ=[4.9, 5.3, 4.6], ∫ϰ²/L>=[4.8, 6.2, 6.3], C-C-Sep=0.20, ║∇J║=1.3e-03
-----On 1/20 Initial Guess Perturbations
Iteration 2107/3500-----
J=1.2e-02, ⟨Jf⟩=1.2e-03, ⟨B·n⟩=8.2e-03, Len=sum([4.8, 4.6, 4.2])=13.5, ϰ=[4.9, 5.3, 4.6], ∫ϰ²/L>=[4.8, 6.2, 6.3], C-C-Sep=0.20, ║∇J║=1.5e-03
-----On 1/20 Initial Guess Perturbations
Iteration 2108/3500-----
J=1.2e-02, ⟨Jf⟩=1.2e-03, ⟨B·n⟩=8.2e-03, Len=sum([4.8, 4.6, 4.2])=13.5, ϰ=[5.0, 5.3, 4.6], ∫ϰ²/L>=[4.8, 6.2, 6.3], C-C-Sep=0.20, ║∇J║=1.1e-03
-----On 1/20 Initial Guess Perturbations
Iteration 2109/3500-----
J=1.2e-02, ⟨Jf⟩=1.2e-03, ⟨B·n⟩=8.2e-03, Len=sum([4.8, 4.6, 4.2])=13.5, ϰ=[5.0, 5.3, 4.6], ∫ϰ²/L>=[4.8, 6.2, 6.3], C-C-Sep=0.20, ║∇J║=1.0e-03
-----On 1/20 Initial Guess Perturbations
Iteration 2110/3500-----
J=1.2e-02, ⟨Jf⟩=1.2e-03, ⟨B·n⟩=8.2e-03, Len=sum([4.8, 4.6, 4.2])=13.5, ϰ=[4.9, 5.3, 4.6], ∫ϰ²/L>=[4.8, 6.2, 6.3], C-C-Sep=0.20, ║∇J║=9.0e-04
-----On 1/20 Initial Guess Perturbations
Iteration 2111/3500-----
J=1.2e-02, ⟨Jf⟩=1.2e-03, ⟨B·n⟩=8.2e-03, Len=sum([4.8, 4.6, 4.2])=13.5, ϰ=[4.9, 5.3, 4.6], ∫ϰ²/L>=[4.8, 6.2, 6.3], C-C-Sep=0.20, ║∇J║=1.0e-03
-----On 1/20 Initial Guess Perturbations
Iteration 2112/3500-----
J=1.2e-02, ⟨Jf⟩=1.2e-03, ⟨B·n⟩=8.2e-03, Len=sum([4.8, 4.6, 4.2])=13.5, ϰ=[4.9, 5.3, 4.6], ∫ϰ²/L>=[4.8, 6.2, 6.3], C-C-Sep=0.20, ║∇J║=1.3e-03
-----On 1/20 Initial Guess Perturbations
Iteration 2113/3500-----
J=1.2e-02, ⟨Jf⟩=1.2e-03, ⟨B·n⟩=8.2e-03, Len=sum([4.8, 4.6, 4.2])=13.5, ϰ=[4.9, 5.3, 4.6], ∫ϰ²/L>=[4.8, 6.2, 6.3], C-C-Sep=0.20, ║∇J║=1.0e-03
-----On 1/20 Initial Guess Perturbations
Iteration 2114/3500-----
J=1.2e-02, ⟨Jf⟩=1.2e-03, ⟨B·n⟩=8.2e-03, Len=sum([4.8, 4.6, 4.2])=13.5, ϰ=[4.9, 5.3, 4.6], ∫ϰ²/L>=[4.8, 6.2, 6.3], C-C-Sep=0.20, ║∇J║=1.0e-03
-----On 1/20 Initial Guess Perturbations
Iteration 2115/3500-----
J=1.2e-02, ⟨Jf⟩=1.2e-03, ⟨B·n⟩=8.2e-03, Len=sum([4.8, 4.6, 4.2])=13.5, ϰ=[4.9, 5.3, 4.6], ∫ϰ²/L>=[4.8, 6.2, 6.3], C-C-Sep=0.20, ║∇J║=1.2e-03
-----On 1/20 Initial Guess Perturbations
Iteration 2116/3500-----
J=1.2e-02, ⟨Jf⟩=1.2e-03, ⟨B·n⟩=8.2e-03, Len=sum([4.8, 4.6, 4.2])=13.5, ϰ=[4.9, 5.3, 4.6], ∫ϰ²/L>=[4.8, 6.2, 6.3], C-C-Sep=0.20, ║∇J║=1.2e-03
-----On 1/20 Initial Guess Perturbations
Iteration 2117/3500-----
J=1.2e-02, ⟨Jf⟩=1.2e-03, ⟨B·n⟩=8.2e-03, Len=sum([4.8, 4.6, 4.2])=13.5, ϰ=[4.9, 5.3, 4.6], ∫ϰ²/L>=[4.8, 6.2, 6.3], C-C-Sep=0.20, ║∇J║=1.1e-03
-----On 1/20 Initial Guess Perturbations
Iteration 2118/3500-----
J=1.2e-02, ⟨Jf⟩=1.2e-03, ⟨B·n⟩=8.2e-03, Len=sum([4.8, 4.6, 4.2])=13.5, ϰ=[4.9, 5.3, 4.6], ∫ϰ²/L>=[4.8, 6.2, 6.3], C-C-Sep=0.20, ║∇J║=1.2e-03
-----On 1/20 Initial Guess Perturbations
Iteration 2119/3500-----
J=1.2e-02, ⟨Jf⟩=1.2e-03, ⟨B·n⟩=8.2e-03, Len=sum([4.8, 4.6, 4.2])=13.5, ϰ=[4.9, 5.3, 4.6], ∫ϰ²/L>=[4.8, 6.2, 6.3], C-C-Sep=0.20, ║∇J║=1.0e-03
-----On 1/20 Initial Guess Perturbations
Iteration 2120/3500-----
J=1.2e-02, ⟨Jf⟩=1.2e-03, ⟨B·n⟩=8.2e-03, Len=sum([4.8, 4.6, 4.2])=13.5, ϰ=[4.9, 5.3, 4.6], ∫ϰ²/L>=[4.8, 6.2, 6.3], C-C-Sep=0.20, ║∇J║=1.3e-03
-----On 1/20 Initial Guess Perturbations
Iteration 2121/3500-----
J=1.2e-02, ⟨Jf⟩=1.2e-03, ⟨B·n⟩=8.2e-03, Len=sum([4.8, 4.6, 4.2])=13.5, ϰ=[4.9, 5.3, 4.6], ∫ϰ²/L>=[4.8, 6.2, 6.3], C-C-Sep=0.20, ║∇J║=1.1e-03
-----On 1/20 Initial Guess Perturbations
Iteration 2122/3500-----
J=1.2e-02, ⟨Jf⟩=1.2e-03, ⟨B·n⟩=8.2e-03, Len=sum([4.8, 4.6, 4.2])=13.5, ϰ=[4.9, 5.3, 4.6], ∫ϰ²/L>=[4.8, 6.2, 6.3], C-C-Sep=0.20, ║∇J║=1.2e-03
-----On 1/20 Initial Guess Perturbations
Iteration 2123/3500-----
J=1.2e-02, ⟨Jf⟩=1.2e-03, ⟨B·n⟩=8.2e-03, Len=sum([4.8, 4.6, 4.2])=13.5, ϰ=[4.9, 5.3, 4.6], ∫ϰ²/L>=[4.8, 6.2, 6.3], C-C-Sep=0.20, ║∇J║=1.0e-03
-----On 1/20 Initial Guess Perturbations
Iteration 2124/3500-----
J=1.2e-02, ⟨Jf⟩=1.2e-03, ⟨B·n⟩=8.2e-03, Len=sum([4.8, 4.6, 4.2])=13.5, ϰ=[4.9, 5.3, 4.6], ∫ϰ²/L>=[4.8, 6.2, 6.3], C-C-Sep=0.20, ║∇J║=1.0e-03
-----On 1/20 Initial Guess Perturbations
Iteration 2125/3500-----
J=1.2e-02, ⟨Jf⟩=1.2e-03, ⟨B·n⟩=8.2e-03, Len=sum([4.8, 4.6, 4.2])=13.5, ϰ=[4.9, 5.3, 4.6], ∫ϰ²/L>=[4.8, 6.2, 6.3], C-C-Sep=0.20, ║∇J║=1.3e-03
-----On 1/20 Initial Guess Perturbations
Iteration 2126/3500-----
J=1.2e-02, ⟨Jf⟩=1.2e-03, ⟨B·n⟩=8.2e-03, Len=sum([4.8, 4.6, 4.2])=13.5, ϰ=[4.9, 5.3, 4.6], ∫ϰ²/L>=[4.8, 6.2, 6.3], C-C-Sep=0.20, ║∇J║=9.1e-04
-----On 1/20 Initial Guess Perturbations
Iteration 2127/3500-----
J=1.2e-02, ⟨Jf⟩=1.2e-03, ⟨B·n⟩=8.2e-03, Len=sum([4.8, 4.6, 4.2])=13.5, ϰ=[4.9, 5.3, 4.6], ∫ϰ²/L>=[4.8, 6.2, 6.3], C-C-Sep=0.20, ║∇J║=1.2e-03
-----On 1/20 Initial Guess Perturbations
Iteration 2128/3500-----
J=1.2e-02, ⟨Jf⟩=1.2e-03, ⟨B·n⟩=8.2e-03, Len=sum([4.8, 4.6, 4.2])=13.5, ϰ=[4.8, 5.3, 4.7], ∫ϰ²/L>=[4.8, 6.2, 6.3], C-C-Sep=0.20, ║∇J║=1.2e-03
-----On 1/20 Initial Guess Perturbations
Iteration 2129/3500-----
J=1.2e-02, ⟨Jf⟩=1.2e-03, ⟨B·n⟩=8.2e-03, Len=sum([4.8, 4.6, 4.2])=13.5, ϰ=[4.8, 5.3, 4.7], ∫ϰ²/L>=[4.8, 6.2, 6.3], C-C-Sep=0.20, ║∇J║=1.1e-03
-----On 1/20 Initial Guess Perturbations
Iteration 2130/3500-----
J=1.2e-02, ⟨Jf⟩=1.2e-03, ⟨B·n⟩=8.2e-03, Len=sum([4.8, 4.6, 4.2])=13.5, ϰ=[4.9, 5.3, 4.7], ∫ϰ²/L>=[4.8, 6.2, 6.3], C-C-Sep=0.20, ║∇J║=1.2e-03
-----On 1/20 Initial Guess Perturbations
Iteration 2131/3500-----
J=1.2e-02, ⟨Jf⟩=1.2e-03, ⟨B·n⟩=8.2e-03, Len=sum([4.8, 4.6, 4.2])=13.5, ϰ=[4.9, 5.3, 4.6], ∫ϰ²/L>=[4.8, 6.2, 6.3], C-C-Sep=0.20, ║∇J║=1.2e-03
-----On 1/20 Initial Guess Perturbations
Iteration 2132/3500-----
J=1.2e-02, ⟨Jf⟩=1.2e-03, ⟨B·n⟩=8.2e-03, Len=sum([4.8, 4.6, 4.2])=13.5, ϰ=[4.9, 5.2, 4.6], ∫ϰ²/L>=[4.8, 6.2, 6.3], C-C-Sep=0.20, ║∇J║=1.3e-03
-----On 1/20 Initial Guess Perturbations
Iteration 2133/3500-----
J=1.2e-02, ⟨Jf⟩=1.2e-03, ⟨B·n⟩=8.2e-03, Len=sum([4.8, 4.6, 4.2])=13.5, ϰ=[4.8, 5.2, 4.6], ∫ϰ²/L>=[4.8, 6.2, 6.3], C-C-Sep=0.20, ║∇J║=1.6e-03
-----On 1/20 Initial Guess Perturbations
Iteration 2134/3500-----
J=1.2e-02, ⟨Jf⟩=1.2e-03, ⟨B·n⟩=8.2e-03, Len=sum([4.8, 4.6, 4.2])=13.5, ϰ=[4.8, 5.2, 4.6], ∫ϰ²/L>=[4.8, 6.2, 6.3], C-C-Sep=0.20, ║∇J║=1.6e-03
-----On 1/20 Initial Guess Perturbations
Iteration 2135/3500-----
J=1.2e-02, ⟨Jf⟩=1.2e-03, ⟨B·n⟩=8.2e-03, Len=sum([4.8, 4.6, 4.2])=13.5, ϰ=[4.9, 5.2, 4.6], ∫ϰ²/L>=[4.8, 6.2, 6.3], C-C-Sep=0.20, ║∇J║=9.5e-04
-----On 1/20 Initial Guess Perturbations
Iteration 2136/3500-----
J=1.2e-02, ⟨Jf⟩=1.2e-03, ⟨B·n⟩=8.2e-03, Len=sum([4.8, 4.6, 4.2])=13.5, ϰ=[4.9, 5.2, 4.6], ∫ϰ²/L>=[4.8, 6.2, 6.3], C-C-Sep=0.20, ║∇J║=8.5e-04
-----On 1/20 Initial Guess Perturbations
Iteration 2137/3500-----
J=1.2e-02, ⟨Jf⟩=1.2e-03, ⟨B·n⟩=8.2e-03, Len=sum([4.8, 4.6, 4.2])=13.5, ϰ=[4.8, 5.2, 4.6], ∫ϰ²/L>=[4.8, 6.2, 6.3], C-C-Sep=0.20, ║∇J║=9.5e-04
-----On 1/20 Initial Guess Perturbations
Iteration 2138/3500-----
J=1.2e-02, ⟨Jf⟩=1.2e-03, ⟨B·n⟩=8.2e-03, Len=sum([4.8, 4.6, 4.2])=13.5, ϰ=[4.9, 5.2, 4.6], ∫ϰ²/L>=[4.8, 6.2, 6.3], C-C-Sep=0.20, ║∇J║=1.1e-03
-----On 1/20 Initial Guess Perturbations
Iteration 2139/3500-----
J=1.2e-02, ⟨Jf⟩=1.2e-03, ⟨B·n⟩=8.2e-03, Len=sum([4.8, 4.6, 4.2])=13.5, ϰ=[4.9, 5.2, 4.6], ∫ϰ²/L>=[4.8, 6.2, 6.3], C-C-Sep=0.20, ║∇J║=1.1e-03
-----On 1/20 Initial Guess Perturbations
Iteration 2140/3500-----
J=1.2e-02, ⟨Jf⟩=1.2e-03, ⟨B·n⟩=8.2e-03, Len=sum([4.8, 4.6, 4.2])=13.5, ϰ=[4.9, 5.3, 4.6], ∫ϰ²/L>=[4.8, 6.2, 6.3], C-C-Sep=0.20, ║∇J║=1.2e-03
-----On 1/20 Initial Guess Perturbations
Iteration 2141/3500-----
J=1.2e-02, ⟨Jf⟩=1.2e-03, ⟨B·n⟩=8.2e-03, Len=sum([4.8, 4.6, 4.2])=13.5, ϰ=[4.9, 5.3, 4.6], ∫ϰ²/L>=[4.8, 6.2, 6.3], C-C-Sep=0.20, ║∇J║=1.2e-03
-----On 1/20 Initial Guess Perturbations
Iteration 2142/3500-----
J=1.2e-02, ⟨Jf⟩=1.2e-03, ⟨B·n⟩=8.2e-03, Len=sum([4.8, 4.6, 4.2])=13.5, ϰ=[4.9, 5.3, 4.6], ∫ϰ²/L>=[4.8, 6.2, 6.3], C-C-Sep=0.20, ║∇J║=1.1e-03
-----On 1/20 Initial Guess Perturbations
Iteration 2143/3500-----
J=1.2e-02, ⟨Jf⟩=1.2e-03, ⟨B·n⟩=8.2e-03, Len=sum([4.8, 4.6, 4.2])=13.5, ϰ=[4.9, 5.3, 4.6], ∫ϰ²/L>=[4.8, 6.2, 6.3], C-C-Sep=0.20, ║∇J║=1.3e-03
-----On 1/20 Initial Guess Perturbations
Iteration 2144/3500-----
J=1.2e-02, ⟨Jf⟩=1.2e-03, ⟨B·n⟩=8.2e-03, Len=sum([4.8, 4.6, 4.2])=13.5, ϰ=[4.9, 5.3, 4.6], ∫ϰ²/L>=[4.8, 6.2, 6.3], C-C-Sep=0.20, ║∇J║=1.2e-03
-----On 1/20 Initial Guess Perturbations
Iteration 2145/3500-----
J=1.2e-02, ⟨Jf⟩=1.2e-03, ⟨B·n⟩=8.2e-03, Len=sum([4.8, 4.6, 4.2])=13.5, ϰ=[4.9, 5.3, 4.5], ∫ϰ²/L>=[4.8, 6.2, 6.3], C-C-Sep=0.20, ║∇J║=1.2e-03
-----On 1/20 Initial Guess Perturbations
Iteration 2146/3500-----
J=1.2e-02, ⟨Jf⟩=1.2e-03, ⟨B·n⟩=8.2e-03, Len=sum([4.8, 4.6, 4.2])=13.5, ϰ=[4.8, 5.3, 4.6], ∫ϰ²/L>=[4.8, 6.2, 6.3], C-C-Sep=0.20, ║∇J║=1.2e-03
-----On 1/20 Initial Guess Perturbations
Iteration 2147/3500-----
J=1.2e-02, ⟨Jf⟩=1.2e-03, ⟨B·n⟩=8.2e-03, Len=sum([4.8, 4.6, 4.2])=13.5, ϰ=[4.9, 5.3, 4.6], ∫ϰ²/L>=[4.8, 6.2, 6.3], C-C-Sep=0.20, ║∇J║=1.5e-03
-----On 1/20 Initial Guess Perturbations
Iteration 2148/3500-----
J=1.2e-02, ⟨Jf⟩=1.2e-03, ⟨B·n⟩=8.2e-03, Len=sum([4.8, 4.6, 4.2])=13.5, ϰ=[4.9, 5.3, 4.5], ∫ϰ²/L>=[4.8, 6.2, 6.3], C-C-Sep=0.20, ║∇J║=1.6e-03
-----On 1/20 Initial Guess Perturbations
Iteration 2149/3500-----
J=1.2e-02, ⟨Jf⟩=1.2e-03, ⟨B·n⟩=8.2e-03, Len=sum([4.8, 4.6, 4.2])=13.5, ϰ=[4.9, 5.3, 4.5], ∫ϰ²/L>=[4.8, 6.2, 6.3], C-C-Sep=0.20, ║∇J║=1.2e-03
-----On 1/20 Initial Guess Perturbations
Iteration 2150/3500-----
J=1.2e-02, ⟨Jf⟩=1.2e-03, ⟨B·n⟩=8.2e-03, Len=sum([4.8, 4.6, 4.2])=13.5, ϰ=[4.9, 5.3, 4.5], ∫ϰ²/L>=[4.8, 6.2, 6.3], C-C-Sep=0.20, ║∇J║=1.2e-03
-----On 1/20 Initial Guess Perturbations
Iteration 2151/3500-----
J=1.2e-02, ⟨Jf⟩=1.2e-03, ⟨B·n⟩=8.2e-03, Len=sum([4.8, 4.6, 4.2])=13.5, ϰ=[4.9, 5.3, 4.5], ∫ϰ²/L>=[4.8, 6.2, 6.3], C-C-Sep=0.20, ║∇J║=1.4e-03
-----On 1/20 Initial Guess Perturbations
Iteration 2152/3500-----
J=1.2e-02, ⟨Jf⟩=1.2e-03, ⟨B·n⟩=8.2e-03, Len=sum([4.8, 4.6, 4.2])=13.5, ϰ=[4.9, 5.2, 4.5], ∫ϰ²/L>=[4.8, 6.2, 6.3], C-C-Sep=0.20, ║∇J║=1.2e-03
-----On 1/20 Initial Guess Perturbations
Iteration 2153/3500-----
J=1.2e-02, ⟨Jf⟩=1.2e-03, ⟨B·n⟩=8.2e-03, Len=sum([4.8, 4.6, 4.2])=13.5, ϰ=[4.9, 5.2, 4.5], ∫ϰ²/L>=[4.8, 6.2, 6.3], C-C-Sep=0.20, ║∇J║=1.1e-03
-----On 1/20 Initial Guess Perturbations
Iteration 2154/3500-----
J=1.2e-02, ⟨Jf⟩=1.2e-03, ⟨B·n⟩=8.2e-03, Len=sum([4.8, 4.6, 4.2])=13.5, ϰ=[4.9, 5.3, 4.6], ∫ϰ²/L>=[4.8, 6.2, 6.3], C-C-Sep=0.20, ║∇J║=1.2e-03
-----On 1/20 Initial Guess Perturbations
Iteration 2155/3500-----
J=1.2e-02, ⟨Jf⟩=1.2e-03, ⟨B·n⟩=8.2e-03, Len=sum([4.8, 4.6, 4.2])=13.5, ϰ=[4.9, 5.3, 4.6], ∫ϰ²/L>=[4.8, 6.1, 6.3], C-C-Sep=0.20, ║∇J║=1.4e-03
-----On 1/20 Initial Guess Perturbations
Iteration 2156/3500-----
J=1.2e-02, ⟨Jf⟩=1.2e-03, ⟨B·n⟩=8.2e-03, Len=sum([4.8, 4.6, 4.2])=13.5, ϰ=[4.9, 5.3, 4.6], ∫ϰ²/L>=[4.8, 6.1, 6.3], C-C-Sep=0.20, ║∇J║=1.2e-03
-----On 1/20 Initial Guess Perturbations
Iteration 2157/3500-----
J=1.2e-02, ⟨Jf⟩=1.2e-03, ⟨B·n⟩=8.2e-03, Len=sum([4.8, 4.6, 4.2])=13.5, ϰ=[4.9, 5.2, 4.6], ∫ϰ²/L>=[4.8, 6.1, 6.3], C-C-Sep=0.20, ║∇J║=1.5e-03
-----On 1/20 Initial Guess Perturbations
Iteration 2158/3500-----
J=1.2e-02, ⟨Jf⟩=1.2e-03, ⟨B·n⟩=8.2e-03, Len=sum([4.8, 4.6, 4.2])=13.5, ϰ=[4.9, 5.3, 4.6], ∫ϰ²/L>=[4.8, 6.1, 6.3], C-C-Sep=0.20, ║∇J║=1.4e-03
-----On 1/20 Initial Guess Perturbations
Iteration 2159/3500-----
J=1.2e-02, ⟨Jf⟩=1.2e-03, ⟨B·n⟩=8.2e-03, Len=sum([4.8, 4.6, 4.2])=13.5, ϰ=[4.9, 5.3, 4.6], ∫ϰ²/L>=[4.8, 6.1, 6.3], C-C-Sep=0.20, ║∇J║=1.2e-03
-----On 1/20 Initial Guess Perturbations
Iteration 2160/3500-----
J=1.2e-02, ⟨Jf⟩=1.2e-03, ⟨B·n⟩=8.2e-03, Len=sum([4.8, 4.6, 4.2])=13.5, ϰ=[4.9, 5.3, 4.6], ∫ϰ²/L>=[4.8, 6.1, 6.3], C-C-Sep=0.20, ║∇J║=1.1e-03
-----On 1/20 Initial Guess Perturbations
Iteration 2161/3500-----
J=1.2e-02, ⟨Jf⟩=1.2e-03, ⟨B·n⟩=8.2e-03, Len=sum([4.8, 4.6, 4.2])=13.5, ϰ=[4.9, 5.3, 4.6], ∫ϰ²/L>=[4.8, 6.1, 6.2], C-C-Sep=0.20, ║∇J║=1.0e-03
-----On 1/20 Initial Guess Perturbations
Iteration 2162/3500-----
J=1.2e-02, ⟨Jf⟩=1.2e-03, ⟨B·n⟩=8.2e-03, Len=sum([4.8, 4.6, 4.2])=13.5, ϰ=[4.8, 5.3, 4.5], ∫ϰ²/L>=[4.8, 6.1, 6.2], C-C-Sep=0.20, ║∇J║=1.1e-03
-----On 1/20 Initial Guess Perturbations
Iteration 2163/3500-----
J=1.2e-02, ⟨Jf⟩=1.2e-03, ⟨B·n⟩=8.2e-03, Len=sum([4.8, 4.6, 4.2])=13.5, ϰ=[4.8, 5.3, 4.5], ∫ϰ²/L>=[4.8, 6.1, 6.2], C-C-Sep=0.20, ║∇J║=1.3e-03
-----On 1/20 Initial Guess Perturbations
Iteration 2164/3500-----
J=1.2e-02, ⟨Jf⟩=1.2e-03, ⟨B·n⟩=8.2e-03, Len=sum([4.8, 4.6, 4.2])=13.5, ϰ=[4.9, 5.3, 4.5], ∫ϰ²/L>=[4.8, 6.1, 6.2], C-C-Sep=0.20, ║∇J║=1.2e-03
-----On 1/20 Initial Guess Perturbations
Iteration 2165/3500-----
J=1.2e-02, ⟨Jf⟩=1.2e-03, ⟨B·n⟩=8.2e-03, Len=sum([4.8, 4.6, 4.2])=13.5, ϰ=[4.9, 5.3, 4.5], ∫ϰ²/L>=[4.8, 6.1, 6.2], C-C-Sep=0.20, ║∇J║=1.2e-03
-----On 1/20 Initial Guess Perturbations
Iteration 2166/3500-----
J=1.2e-02, ⟨Jf⟩=1.2e-03, ⟨B·n⟩=8.2e-03, Len=sum([4.8, 4.6, 4.2])=13.5, ϰ=[4.9, 5.3, 4.5], ∫ϰ²/L>=[4.8, 6.1, 6.2], C-C-Sep=0.20, ║∇J║=1.2e-03
-----On 1/20 Initial Guess Perturbations
Iteration 2167/3500-----
J=1.2e-02, ⟨Jf⟩=1.2e-03, ⟨B·n⟩=8.2e-03, Len=sum([4.8, 4.6, 4.2])=13.5, ϰ=[4.9, 5.3, 4.5], ∫ϰ²/L>=[4.8, 6.1, 6.2], C-C-Sep=0.20, ║∇J║=1.3e-03
-----On 1/20 Initial Guess Perturbations
Iteration 2168/3500-----
J=1.2e-02, ⟨Jf⟩=1.2e-03, ⟨B·n⟩=8.2e-03, Len=sum([4.8, 4.6, 4.2])=13.5, ϰ=[4.9, 5.2, 4.5], ∫ϰ²/L>=[4.8, 6.1, 6.2], C-C-Sep=0.20, ║∇J║=1.4e-03
-----On 1/20 Initial Guess Perturbations
Iteration 2169/3500-----
J=1.2e-02, ⟨Jf⟩=1.2e-03, ⟨B·n⟩=8.2e-03, Len=sum([4.8, 4.6, 4.2])=13.5, ϰ=[4.9, 5.2, 4.5], ∫ϰ²/L>=[4.8, 6.1, 6.2], C-C-Sep=0.20, ║∇J║=1.2e-03
-----On 1/20 Initial Guess Perturbations
Iteration 2170/3500-----
J=1.2e-02, ⟨Jf⟩=1.2e-03, ⟨B·n⟩=8.2e-03, Len=sum([4.8, 4.6, 4.2])=13.5, ϰ=[4.9, 5.2, 4.5], ∫ϰ²/L>=[4.8, 6.1, 6.2], C-C-Sep=0.20, ║∇J║=1.1e-03
-----On 1/20 Initial Guess Perturbations
Iteration 2171/3500-----
J=1.2e-02, ⟨Jf⟩=1.2e-03, ⟨B·n⟩=8.2e-03, Len=sum([4.8, 4.6, 4.2])=13.5, ϰ=[4.9, 5.2, 4.5], ∫ϰ²/L>=[4.8, 6.1, 6.2], C-C-Sep=0.20, ║∇J║=1.5e-03
-----On 1/20 Initial Guess Perturbations
Iteration 2172/3500-----
J=1.2e-02, ⟨Jf⟩=1.2e-03, ⟨B·n⟩=8.2e-03, Len=sum([4.8, 4.6, 4.2])=13.5, ϰ=[4.9, 5.2, 4.5], ∫ϰ²/L>=[4.8, 6.1, 6.2], C-C-Sep=0.20, ║∇J║=1.5e-03
-----On 1/20 Initial Guess Perturbations
Iteration 2173/3500-----
J=1.2e-02, ⟨Jf⟩=1.2e-03, ⟨B·n⟩=8.2e-03, Len=sum([4.8, 4.6, 4.2])=13.5, ϰ=[4.9, 5.2, 4.5], ∫ϰ²/L>=[4.8, 6.1, 6.2], C-C-Sep=0.20, ║∇J║=1.4e-03
-----On 1/20 Initial Guess Perturbations
Iteration 2174/3500-----
J=1.2e-02, ⟨Jf⟩=1.2e-03, ⟨B·n⟩=8.2e-03, Len=sum([4.8, 4.6, 4.2])=13.5, ϰ=[4.9, 5.2, 4.5], ∫ϰ²/L>=[4.8, 6.1, 6.2], C-C-Sep=0.20, ║∇J║=1.1e-03
-----On 1/20 Initial Guess Perturbations
Iteration 2175/3500-----
J=1.2e-02, ⟨Jf⟩=1.2e-03, ⟨B·n⟩=8.2e-03, Len=sum([4.8, 4.6, 4.2])=13.5, ϰ=[5.0, 5.2, 4.6], ∫ϰ²/L>=[4.8, 6.1, 6.2], C-C-Sep=0.20, ║∇J║=1.1e-03
-----On 1/20 Initial Guess Perturbations
Iteration 2176/3500-----
J=1.2e-02, ⟨Jf⟩=1.2e-03, ⟨B·n⟩=8.2e-03, Len=sum([4.8, 4.6, 4.2])=13.5, ϰ=[5.0, 5.2, 4.6], ∫ϰ²/L>=[4.8, 6.1, 6.2], C-C-Sep=0.20, ║∇J║=1.4e-03
-----On 1/20 Initial Guess Perturbations
Iteration 2177/3500-----
J=1.2e-02, ⟨Jf⟩=1.2e-03, ⟨B·n⟩=8.2e-03, Len=sum([4.8, 4.6, 4.2])=13.5, ϰ=[5.0, 5.2, 4.6], ∫ϰ²/L>=[4.8, 6.1, 6.2], C-C-Sep=0.20, ║∇J║=1.0e-03
-----On 1/20 Initial Guess Perturbations
Iteration 2178/3500-----
J=1.2e-02, ⟨Jf⟩=1.2e-03, ⟨B·n⟩=8.2e-03, Len=sum([4.8, 4.6, 4.2])=13.5, ϰ=[5.0, 5.2, 4.6], ∫ϰ²/L>=[4.8, 6.1, 6.2], C-C-Sep=0.20, ║∇J║=1.1e-03
-----On 1/20 Initial Guess Perturbations
Iteration 2179/3500-----
J=1.2e-02, ⟨Jf⟩=1.2e-03, ⟨B·n⟩=8.2e-03, Len=sum([4.8, 4.6, 4.2])=13.5, ϰ=[5.0, 5.2, 4.6], ∫ϰ²/L>=[4.8, 6.1, 6.2], C-C-Sep=0.20, ║∇J║=1.1e-03
-----On 1/20 Initial Guess Perturbations
Iteration 2180/3500-----
J=1.2e-02, ⟨Jf⟩=1.2e-03, ⟨B·n⟩=8.2e-03, Len=sum([4.8, 4.6, 4.2])=13.5, ϰ=[4.9, 5.2, 4.7], ∫ϰ²/L>=[4.8, 6.1, 6.2], C-C-Sep=0.20, ║∇J║=1.1e-03
-----On 1/20 Initial Guess Perturbations
Iteration 2181/3500-----
J=1.2e-02, ⟨Jf⟩=1.2e-03, ⟨B·n⟩=8.2e-03, Len=sum([4.8, 4.6, 4.2])=13.5, ϰ=[4.9, 5.2, 4.6], ∫ϰ²/L>=[4.8, 6.1, 6.2], C-C-Sep=0.20, ║∇J║=1.1e-03
-----On 1/20 Initial Guess Perturbations
Iteration 2182/3500-----
J=1.2e-02, ⟨Jf⟩=1.2e-03, ⟨B·n⟩=8.2e-03, Len=sum([4.8, 4.6, 4.2])=13.5, ϰ=[4.9, 5.2, 4.6], ∫ϰ²/L>=[4.8, 6.1, 6.2], C-C-Sep=0.20, ║∇J║=1.0e-03
-----On 1/20 Initial Guess Perturbations
Iteration 2183/3500-----
J=1.2e-02, ⟨Jf⟩=1.2e-03, ⟨B·n⟩=8.2e-03, Len=sum([4.8, 4.6, 4.2])=13.5, ϰ=[4.9, 5.2, 4.6], ∫ϰ²/L>=[4.8, 6.1, 6.2], C-C-Sep=0.20, ║∇J║=1.0e-03
-----On 1/20 Initial Guess Perturbations
Iteration 2184/3500-----
J=1.2e-02, ⟨Jf⟩=1.2e-03, ⟨B·n⟩=8.2e-03, Len=sum([4.8, 4.6, 4.2])=13.5, ϰ=[4.9, 5.2, 4.6], ∫ϰ²/L>=[4.8, 6.1, 6.2], C-C-Sep=0.20, ║∇J║=1.2e-03
-----On 1/20 Initial Guess Perturbations
Iteration 2185/3500-----
J=1.2e-02, ⟨Jf⟩=1.2e-03, ⟨B·n⟩=8.2e-03, Len=sum([4.8, 4.6, 4.2])=13.5, ϰ=[4.9, 5.2, 4.6], ∫ϰ²/L>=[4.8, 6.2, 6.2], C-C-Sep=0.20, ║∇J║=1.3e-03
-----On 1/20 Initial Guess Perturbations
Iteration 2186/3500-----
J=1.2e-02, ⟨Jf⟩=1.2e-03, ⟨B·n⟩=8.2e-03, Len=sum([4.8, 4.6, 4.2])=13.5, ϰ=[4.9, 5.2, 4.7], ∫ϰ²/L>=[4.8, 6.1, 6.2], C-C-Sep=0.20, ║∇J║=1.6e-03
-----On 1/20 Initial Guess Perturbations
Iteration 2187/3500-----
J=1.2e-02, ⟨Jf⟩=1.2e-03, ⟨B·n⟩=8.2e-03, Len=sum([4.8, 4.6, 4.2])=13.5, ϰ=[4.9, 5.2, 4.7], ∫ϰ²/L>=[4.8, 6.1, 6.2], C-C-Sep=0.20, ║∇J║=1.3e-03
-----On 1/20 Initial Guess Perturbations
Iteration 2188/3500-----
J=1.2e-02, ⟨Jf⟩=1.2e-03, ⟨B·n⟩=8.2e-03, Len=sum([4.8, 4.6, 4.2])=13.5, ϰ=[4.9, 5.3, 4.7], ∫ϰ²/L>=[4.8, 6.2, 6.2], C-C-Sep=0.20, ║∇J║=1.0e-03
-----On 1/20 Initial Guess Perturbations
Iteration 2189/3500-----
J=1.2e-02, ⟨Jf⟩=1.2e-03, ⟨B·n⟩=8.2e-03, Len=sum([4.8, 4.6, 4.2])=13.5, ϰ=[4.9, 5.3, 4.7], ∫ϰ²/L>=[4.8, 6.2, 6.2], C-C-Sep=0.20, ║∇J║=8.8e-04
-----On 1/20 Initial Guess Perturbations
Iteration 2190/3500-----
J=1.2e-02, ⟨Jf⟩=1.2e-03, ⟨B·n⟩=8.2e-03, Len=sum([4.8, 4.6, 4.2])=13.5, ϰ=[4.9, 5.3, 4.7], ∫ϰ²/L>=[4.8, 6.2, 6.2], C-C-Sep=0.20, ║∇J║=8.5e-04
-----On 1/20 Initial Guess Perturbations
Iteration 2191/3500-----
J=1.2e-02, ⟨Jf⟩=1.2e-03, ⟨B·n⟩=8.2e-03, Len=sum([4.8, 4.6, 4.2])=13.5, ϰ=[4.9, 5.3, 4.7], ∫ϰ²/L>=[4.8, 6.2, 6.2], C-C-Sep=0.20, ║∇J║=1.1e-03
-----On 1/20 Initial Guess Perturbations
Iteration 2192/3500-----
J=1.2e-02, ⟨Jf⟩=1.2e-03, ⟨B·n⟩=8.2e-03, Len=sum([4.8, 4.6, 4.2])=13.5, ϰ=[4.9, 5.3, 4.7], ∫ϰ²/L>=[4.8, 6.2, 6.2], C-C-Sep=0.20, ║∇J║=1.1e-03
-----On 1/20 Initial Guess Perturbations
Iteration 2193/3500-----
J=1.2e-02, ⟨Jf⟩=1.2e-03, ⟨B·n⟩=8.2e-03, Len=sum([4.8, 4.6, 4.2])=13.5, ϰ=[4.9, 5.3, 4.7], ∫ϰ²/L>=[4.8, 6.2, 6.2], C-C-Sep=0.20, ║∇J║=1.2e-03
-----On 1/20 Initial Guess Perturbations
Iteration 2194/3500-----
J=1.2e-02, ⟨Jf⟩=1.2e-03, ⟨B·n⟩=8.2e-03, Len=sum([4.8, 4.6, 4.2])=13.5, ϰ=[4.9, 5.3, 4.6], ∫ϰ²/L>=[4.8, 6.2, 6.2], C-C-Sep=0.20, ║∇J║=1.2e-03
-----On 1/20 Initial Guess Perturbations
Iteration 2195/3500-----
J=1.2e-02, ⟨Jf⟩=1.2e-03, ⟨B·n⟩=8.2e-03, Len=sum([4.8, 4.6, 4.2])=13.5, ϰ=[4.9, 5.3, 4.6], ∫ϰ²/L>=[4.8, 6.2, 6.2], C-C-Sep=0.20, ║∇J║=1.2e-03
-----On 1/20 Initial Guess Perturbations
Iteration 2196/3500-----
J=1.2e-02, ⟨Jf⟩=1.2e-03, ⟨B·n⟩=8.2e-03, Len=sum([4.8, 4.6, 4.2])=13.5, ϰ=[4.9, 5.2, 4.6], ∫ϰ²/L>=[4.8, 6.2, 6.2], C-C-Sep=0.20, ║∇J║=9.9e-04
-----On 1/20 Initial Guess Perturbations
Iteration 2197/3500-----
J=1.2e-02, ⟨Jf⟩=1.2e-03, ⟨B·n⟩=8.2e-03, Len=sum([4.8, 4.6, 4.2])=13.5, ϰ=[4.9, 5.3, 4.6], ∫ϰ²/L>=[4.8, 6.2, 6.2], C-C-Sep=0.20, ║∇J║=9.7e-04
-----On 1/20 Initial Guess Perturbations
Iteration 2198/3500-----
J=1.2e-02, ⟨Jf⟩=1.2e-03, ⟨B·n⟩=8.2e-03, Len=sum([4.8, 4.6, 4.2])=13.5, ϰ=[4.9, 5.2, 4.6], ∫ϰ²/L>=[4.8, 6.2, 6.2], C-C-Sep=0.20, ║∇J║=1.3e-03
-----On 1/20 Initial Guess Perturbations
Iteration 2199/3500-----
J=1.2e-02, ⟨Jf⟩=1.2e-03, ⟨B·n⟩=8.2e-03, Len=sum([4.8, 4.6, 4.2])=13.5, ϰ=[4.9, 5.2, 4.5], ∫ϰ²/L>=[4.8, 6.2, 6.2], C-C-Sep=0.20, ║∇J║=1.2e-03
-----On 1/20 Initial Guess Perturbations
Iteration 2200/3500-----
J=1.2e-02, ⟨Jf⟩=1.2e-03, ⟨B·n⟩=8.3e-03, Len=sum([4.8, 4.6, 4.2])=13.5, ϰ=[4.9, 5.2, 4.5], ∫ϰ²/L>=[4.8, 6.2, 6.2], C-C-Sep=0.20, ║∇J║=1.1e-03
-----On 1/20 Initial Guess Perturbations
Iteration 2201/3500-----
J=1.2e-02, ⟨Jf⟩=1.2e-03, ⟨B·n⟩=8.3e-03, Len=sum([4.8, 4.6, 4.2])=13.5, ϰ=[4.9, 5.2, 4.5], ∫ϰ²/L>=[4.8, 6.2, 6.2], C-C-Sep=0.20, ║∇J║=1.2e-03
-----On 1/20 Initial Guess Perturbations
Iteration 2202/3500-----
J=1.2e-02, ⟨Jf⟩=1.2e-03, ⟨B·n⟩=8.3e-03, Len=sum([4.8, 4.6, 4.2])=13.5, ϰ=[4.9, 5.2, 4.5], ∫ϰ²/L>=[4.8, 6.2, 6.2], C-C-Sep=0.20, ║∇J║=7.8e-04
-----On 1/20 Initial Guess Perturbations
Iteration 2203/3500-----
J=1.2e-02, ⟨Jf⟩=1.2e-03, ⟨B·n⟩=8.3e-03, Len=sum([4.8, 4.6, 4.2])=13.5, ϰ=[4.9, 5.2, 4.5], ∫ϰ²/L>=[4.8, 6.2, 6.2], C-C-Sep=0.20, ║∇J║=7.4e-04
-----On 1/20 Initial Guess Perturbations
Iteration 2204/3500-----
J=1.2e-02, ⟨Jf⟩=1.2e-03, ⟨B·n⟩=8.3e-03, Len=sum([4.8, 4.6, 4.2])=13.5, ϰ=[4.9, 5.2, 4.5], ∫ϰ²/L>=[4.8, 6.2, 6.2], C-C-Sep=0.20, ║∇J║=9.5e-04
-----On 1/20 Initial Guess Perturbations
Iteration 2205/3500-----
J=1.2e-02, ⟨Jf⟩=1.2e-03, ⟨B·n⟩=8.3e-03, Len=sum([4.8, 4.6, 4.2])=13.5, ϰ=[4.9, 5.2, 4.5], ∫ϰ²/L>=[4.8, 6.2, 6.2], C-C-Sep=0.20, ║∇J║=9.7e-04
-----On 1/20 Initial Guess Perturbations
Iteration 2206/3500-----
J=1.2e-02, ⟨Jf⟩=1.2e-03, ⟨B·n⟩=8.2e-03, Len=sum([4.8, 4.6, 4.2])=13.5, ϰ=[4.9, 5.2, 4.5], ∫ϰ²/L>=[4.8, 6.2, 6.2], C-C-Sep=0.20, ║∇J║=8.9e-04
-----On 1/20 Initial Guess Perturbations
Iteration 2207/3500-----
J=1.2e-02, ⟨Jf⟩=1.2e-03, ⟨B·n⟩=8.3e-03, Len=sum([4.8, 4.6, 4.2])=13.5, ϰ=[4.9, 5.2, 4.5], ∫ϰ²/L>=[4.8, 6.2, 6.2], C-C-Sep=0.20, ║∇J║=1.0e-03
-----On 1/20 Initial Guess Perturbations
Iteration 2208/3500-----
J=1.2e-02, ⟨Jf⟩=1.2e-03, ⟨B·n⟩=8.3e-03, Len=sum([4.8, 4.6, 4.2])=13.5, ϰ=[4.9, 5.2, 4.6], ∫ϰ²/L>=[4.8, 6.2, 6.2], C-C-Sep=0.20, ║∇J║=8.4e-04
-----On 1/20 Initial Guess Perturbations
Iteration 2209/3500-----
J=1.2e-02, ⟨Jf⟩=1.2e-03, ⟨B·n⟩=8.3e-03, Len=sum([4.8, 4.6, 4.2])=13.5, ϰ=[4.9, 5.2, 4.6], ∫ϰ²/L>=[4.8, 6.2, 6.2], C-C-Sep=0.20, ║∇J║=9.0e-04
-----On 1/20 Initial Guess Perturbations
Iteration 2210/3500-----
J=1.2e-02, ⟨Jf⟩=1.2e-03, ⟨B·n⟩=8.3e-03, Len=sum([4.8, 4.6, 4.2])=13.5, ϰ=[4.9, 5.2, 4.6], ∫ϰ²/L>=[4.8, 6.2, 6.2], C-C-Sep=0.20, ║∇J║=9.6e-04
-----On 1/20 Initial Guess Perturbations
Iteration 2211/3500-----
J=1.2e-02, ⟨Jf⟩=1.2e-03, ⟨B·n⟩=8.3e-03, Len=sum([4.8, 4.6, 4.2])=13.5, ϰ=[4.9, 5.2, 4.6], ∫ϰ²/L>=[4.8, 6.2, 6.2], C-C-Sep=0.20, ║∇J║=8.8e-04
-----On 1/20 Initial Guess Perturbations
Iteration 2212/3500-----
J=1.2e-02, ⟨Jf⟩=1.2e-03, ⟨B·n⟩=8.3e-03, Len=sum([4.8, 4.6, 4.2])=13.5, ϰ=[4.9, 5.2, 4.6], ∫ϰ²/L>=[4.8, 6.1, 6.2], C-C-Sep=0.20, ║∇J║=9.3e-04
-----On 1/20 Initial Guess Perturbations
Iteration 2213/3500-----
J=1.2e-02, ⟨Jf⟩=1.2e-03, ⟨B·n⟩=8.2e-03, Len=sum([4.8, 4.6, 4.2])=13.5, ϰ=[4.9, 5.2, 4.6], ∫ϰ²/L>=[4.8, 6.2, 6.2], C-C-Sep=0.20, ║∇J║=1.6e-03
-----On 1/20 Initial Guess Perturbations
Iteration 2214/3500-----
J=1.2e-02, ⟨Jf⟩=1.2e-03, ⟨B·n⟩=8.3e-03, Len=sum([4.8, 4.6, 4.2])=13.5, ϰ=[4.9, 5.2, 4.6], ∫ϰ²/L>=[4.8, 6.1, 6.2], C-C-Sep=0.20, ║∇J║=1.2e-03
-----On 1/20 Initial Guess Perturbations
Iteration 2215/3500-----
J=1.2e-02, ⟨Jf⟩=1.2e-03, ⟨B·n⟩=8.3e-03, Len=sum([4.8, 4.6, 4.2])=13.5, ϰ=[4.9, 5.2, 4.6], ∫ϰ²/L>=[4.8, 6.1, 6.2], C-C-Sep=0.20, ║∇J║=1.1e-03
-----On 1/20 Initial Guess Perturbations
Iteration 2216/3500-----
J=1.2e-02, ⟨Jf⟩=1.2e-03, ⟨B·n⟩=8.3e-03, Len=sum([4.8, 4.6, 4.2])=13.5, ϰ=[4.9, 5.2, 4.6], ∫ϰ²/L>=[4.8, 6.1, 6.2], C-C-Sep=0.20, ║∇J║=7.7e-04
-----On 1/20 Initial Guess Perturbations
Iteration 2217/3500-----
J=1.2e-02, ⟨Jf⟩=1.2e-03, ⟨B·n⟩=8.3e-03, Len=sum([4.8, 4.6, 4.2])=13.5, ϰ=[4.9, 5.2, 4.6], ∫ϰ²/L>=[4.8, 6.1, 6.2], C-C-Sep=0.20, ║∇J║=8.5e-04
-----On 1/20 Initial Guess Perturbations
Iteration 2218/3500-----
J=1.2e-02, ⟨Jf⟩=1.2e-03, ⟨B·n⟩=8.3e-03, Len=sum([4.8, 4.6, 4.2])=13.5, ϰ=[4.9, 5.2, 4.6], ∫ϰ²/L>=[4.8, 6.1, 6.2], C-C-Sep=0.20, ║∇J║=9.4e-04
-----On 1/20 Initial Guess Perturbations
Iteration 2219/3500-----
J=1.2e-02, ⟨Jf⟩=1.2e-03, ⟨B·n⟩=8.3e-03, Len=sum([4.8, 4.6, 4.2])=13.5, ϰ=[4.9, 5.2, 4.6], ∫ϰ²/L>=[4.8, 6.1, 6.2], C-C-Sep=0.20, ║∇J║=8.3e-04
-----On 1/20 Initial Guess Perturbations
Iteration 2220/3500-----
J=1.2e-02, ⟨Jf⟩=1.2e-03, ⟨B·n⟩=8.3e-03, Len=sum([4.8, 4.6, 4.2])=13.5, ϰ=[4.9, 5.2, 4.5], ∫ϰ²/L>=[4.8, 6.1, 6.2], C-C-Sep=0.20, ║∇J║=9.1e-04
-----On 1/20 Initial Guess Perturbations
Iteration 2221/3500-----
J=1.2e-02, ⟨Jf⟩=1.2e-03, ⟨B·n⟩=8.3e-03, Len=sum([4.8, 4.6, 4.2])=13.5, ϰ=[4.9, 5.2, 4.5], ∫ϰ²/L>=[4.8, 6.1, 6.2], C-C-Sep=0.20, ║∇J║=1.0e-03
-----On 1/20 Initial Guess Perturbations
Iteration 2222/3500-----
J=1.2e-02, ⟨Jf⟩=1.2e-03, ⟨B·n⟩=8.3e-03, Len=sum([4.8, 4.6, 4.2])=13.5, ϰ=[4.9, 5.2, 4.5], ∫ϰ²/L>=[4.8, 6.1, 6.2], C-C-Sep=0.20, ║∇J║=1.2e-03
-----On 1/20 Initial Guess Perturbations
Iteration 2223/3500-----
J=1.2e-02, ⟨Jf⟩=1.2e-03, ⟨B·n⟩=8.3e-03, Len=sum([4.8, 4.6, 4.2])=13.5, ϰ=[4.9, 5.2, 4.5], ∫ϰ²/L>=[4.8, 6.1, 6.2], C-C-Sep=0.20, ║∇J║=9.4e-04
-----On 1/20 Initial Guess Perturbations
Iteration 2224/3500-----
J=1.2e-02, ⟨Jf⟩=1.2e-03, ⟨B·n⟩=8.3e-03, Len=sum([4.8, 4.6, 4.2])=13.5, ϰ=[4.9, 5.2, 4.5], ∫ϰ²/L>=[4.8, 6.1, 6.2], C-C-Sep=0.20, ║∇J║=9.8e-04
-----On 1/20 Initial Guess Perturbations
Iteration 2225/3500-----
J=1.2e-02, ⟨Jf⟩=1.2e-03, ⟨B·n⟩=8.3e-03, Len=sum([4.8, 4.6, 4.2])=13.5, ϰ=[4.9, 5.2, 4.5], ∫ϰ²/L>=[4.8, 6.1, 6.2], C-C-Sep=0.20, ║∇J║=8.9e-04
-----On 1/20 Initial Guess Perturbations
Iteration 2226/3500-----
J=1.2e-02, ⟨Jf⟩=1.2e-03, ⟨B·n⟩=8.3e-03, Len=sum([4.8, 4.6, 4.2])=13.5, ϰ=[4.9, 5.2, 4.5], ∫ϰ²/L>=[4.8, 6.2, 6.2], C-C-Sep=0.20, ║∇J║=9.0e-04
-----On 1/20 Initial Guess Perturbations
Iteration 2227/3500-----
J=1.2e-02, ⟨Jf⟩=1.2e-03, ⟨B·n⟩=8.3e-03, Len=sum([4.8, 4.6, 4.2])=13.5, ϰ=[4.9, 5.2, 4.5], ∫ϰ²/L>=[4.8, 6.1, 6.2], C-C-Sep=0.20, ║∇J║=1.2e-03
-----On 1/20 Initial Guess Perturbations
Iteration 2228/3500-----
J=1.2e-02, ⟨Jf⟩=1.2e-03, ⟨B·n⟩=8.3e-03, Len=sum([4.8, 4.6, 4.2])=13.5, ϰ=[4.9, 5.2, 4.5], ∫ϰ²/L>=[4.8, 6.2, 6.2], C-C-Sep=0.20, ║∇J║=1.3e-03
-----On 1/20 Initial Guess Perturbations
Iteration 2229/3500-----
J=1.2e-02, ⟨Jf⟩=1.2e-03, ⟨B·n⟩=8.3e-03, Len=sum([4.8, 4.6, 4.2])=13.5, ϰ=[4.9, 5.2, 4.5], ∫ϰ²/L>=[4.8, 6.2, 6.2], C-C-Sep=0.20, ║∇J║=8.0e-04
-----On 1/20 Initial Guess Perturbations
Iteration 2230/3500-----
J=1.2e-02, ⟨Jf⟩=1.2e-03, ⟨B·n⟩=8.3e-03, Len=sum([4.8, 4.6, 4.2])=13.5, ϰ=[4.9, 5.2, 4.5], ∫ϰ²/L>=[4.8, 6.2, 6.2], C-C-Sep=0.20, ║∇J║=6.8e-04
-----On 1/20 Initial Guess Perturbations
Iteration 2231/3500-----
J=1.2e-02, ⟨Jf⟩=1.2e-03, ⟨B·n⟩=8.3e-03, Len=sum([4.8, 4.6, 4.2])=13.5, ϰ=[4.9, 5.2, 4.5], ∫ϰ²/L>=[4.8, 6.2, 6.2], C-C-Sep=0.20, ║∇J║=8.8e-04
-----On 1/20 Initial Guess Perturbations
Iteration 2232/3500-----
J=1.2e-02, ⟨Jf⟩=1.2e-03, ⟨B·n⟩=8.3e-03, Len=sum([4.8, 4.6, 4.2])=13.5, ϰ=[4.9, 5.3, 4.5], ∫ϰ²/L>=[4.8, 6.2, 6.2], C-C-Sep=0.20, ║∇J║=9.9e-04
-----On 1/20 Initial Guess Perturbations
Iteration 2233/3500-----
J=1.2e-02, ⟨Jf⟩=1.2e-03, ⟨B·n⟩=8.3e-03, Len=sum([4.8, 4.6, 4.2])=13.5, ϰ=[4.8, 5.3, 4.5], ∫ϰ²/L>=[4.8, 6.2, 6.2], C-C-Sep=0.20, ║∇J║=9.4e-04
-----On 1/20 Initial Guess Perturbations
Iteration 2234/3500-----
J=1.2e-02, ⟨Jf⟩=1.2e-03, ⟨B·n⟩=8.3e-03, Len=sum([4.8, 4.6, 4.2])=13.5, ϰ=[4.8, 5.3, 4.5], ∫ϰ²/L>=[4.8, 6.2, 6.2], C-C-Sep=0.20, ║∇J║=9.8e-04
-----On 1/20 Initial Guess Perturbations
Iteration 2235/3500-----
J=1.2e-02, ⟨Jf⟩=1.2e-03, ⟨B·n⟩=8.3e-03, Len=sum([4.8, 4.6, 4.2])=13.5, ϰ=[4.8, 5.3, 4.5], ∫ϰ²/L>=[4.8, 6.2, 6.2], C-C-Sep=0.20, ║∇J║=1.1e-03
-----On 1/20 Initial Guess Perturbations
Iteration 2236/3500-----
J=1.2e-02, ⟨Jf⟩=1.2e-03, ⟨B·n⟩=8.3e-03, Len=sum([4.8, 4.6, 4.2])=13.5, ϰ=[4.9, 5.3, 4.6], ∫ϰ²/L>=[4.8, 6.2, 6.2], C-C-Sep=0.20, ║∇J║=8.9e-04
-----On 1/20 Initial Guess Perturbations
Iteration 2237/3500-----
J=1.2e-02, ⟨Jf⟩=1.2e-03, ⟨B·n⟩=8.3e-03, Len=sum([4.8, 4.6, 4.2])=13.5, ϰ=[4.9, 5.3, 4.6], ∫ϰ²/L>=[4.8, 6.2, 6.2], C-C-Sep=0.20, ║∇J║=9.6e-04
-----On 1/20 Initial Guess Perturbations
Iteration 2238/3500-----
J=1.2e-02, ⟨Jf⟩=1.2e-03, ⟨B·n⟩=8.3e-03, Len=sum([4.8, 4.6, 4.2])=13.5, ϰ=[4.9, 5.3, 4.6], ∫ϰ²/L>=[4.8, 6.2, 6.2], C-C-Sep=0.20, ║∇J║=1.1e-03
-----On 1/20 Initial Guess Perturbations
Iteration 2239/3500-----
J=1.2e-02, ⟨Jf⟩=1.2e-03, ⟨B·n⟩=8.3e-03, Len=sum([4.8, 4.6, 4.2])=13.5, ϰ=[4.9, 5.3, 4.6], ∫ϰ²/L>=[4.8, 6.2, 6.3], C-C-Sep=0.20, ║∇J║=9.8e-04
-----On 1/20 Initial Guess Perturbations
Iteration 2240/3500-----
J=1.2e-02, ⟨Jf⟩=1.2e-03, ⟨B·n⟩=8.3e-03, Len=sum([4.8, 4.6, 4.2])=13.5, ϰ=[4.9, 5.3, 4.6], ∫ϰ²/L>=[4.8, 6.2, 6.3], C-C-Sep=0.20, ║∇J║=9.8e-04
-----On 1/20 Initial Guess Perturbations
Iteration 2241/3500-----
J=1.2e-02, ⟨Jf⟩=1.2e-03, ⟨B·n⟩=8.3e-03, Len=sum([4.8, 4.6, 4.2])=13.5, ϰ=[4.9, 5.3, 4.6], ∫ϰ²/L>=[4.8, 6.2, 6.3], C-C-Sep=0.20, ║∇J║=8.8e-04
-----On 1/20 Initial Guess Perturbations
Iteration 2242/3500-----
J=1.2e-02, ⟨Jf⟩=1.2e-03, ⟨B·n⟩=8.3e-03, Len=sum([4.8, 4.6, 4.2])=13.5, ϰ=[4.9, 5.3, 4.6], ∫ϰ²/L>=[4.8, 6.1, 6.3], C-C-Sep=0.20, ║∇J║=8.7e-04
-----On 1/20 Initial Guess Perturbations
Iteration 2243/3500-----
J=1.2e-02, ⟨Jf⟩=1.2e-03, ⟨B·n⟩=8.3e-03, Len=sum([4.8, 4.6, 4.2])=13.5, ϰ=[4.9, 5.3, 4.6], ∫ϰ²/L>=[4.8, 6.2, 6.3], C-C-Sep=0.20, ║∇J║=1.1e-03
-----On 1/20 Initial Guess Perturbations
Iteration 2244/3500-----
J=1.2e-02, ⟨Jf⟩=1.2e-03, ⟨B·n⟩=8.3e-03, Len=sum([4.8, 4.6, 4.2])=13.5, ϰ=[4.9, 5.2, 4.6], ∫ϰ²/L>=[4.8, 6.2, 6.3], C-C-Sep=0.20, ║∇J║=1.0e-03
-----On 1/20 Initial Guess Perturbations
Iteration 2245/3500-----
J=1.2e-02, ⟨Jf⟩=1.2e-03, ⟨B·n⟩=8.3e-03, Len=sum([4.8, 4.6, 4.2])=13.5, ϰ=[4.9, 5.2, 4.6], ∫ϰ²/L>=[4.8, 6.2, 6.3], C-C-Sep=0.20, ║∇J║=1.0e-03
-----On 1/20 Initial Guess Perturbations
Iteration 2246/3500-----
J=1.2e-02, ⟨Jf⟩=1.2e-03, ⟨B·n⟩=8.3e-03, Len=sum([4.8, 4.6, 4.2])=13.5, ϰ=[4.9, 5.2, 4.6], ∫ϰ²/L>=[4.8, 6.2, 6.3], C-C-Sep=0.20, ║∇J║=8.3e-04
-----On 1/20 Initial Guess Perturbations
Iteration 2247/3500-----
J=1.2e-02, ⟨Jf⟩=1.2e-03, ⟨B·n⟩=8.3e-03, Len=sum([4.8, 4.6, 4.2])=13.5, ϰ=[4.9, 5.2, 4.6], ∫ϰ²/L>=[4.8, 6.2, 6.3], C-C-Sep=0.20, ║∇J║=9.4e-04
-----On 1/20 Initial Guess Perturbations
Iteration 2248/3500-----
J=1.2e-02, ⟨Jf⟩=1.2e-03, ⟨B·n⟩=8.3e-03, Len=sum([4.8, 4.6, 4.2])=13.5, ϰ=[4.9, 5.2, 4.6], ∫ϰ²/L>=[4.8, 6.1, 6.3], C-C-Sep=0.20, ║∇J║=1.2e-03
-----On 1/20 Initial Guess Perturbations
Iteration 2249/3500-----
J=1.2e-02, ⟨Jf⟩=1.2e-03, ⟨B·n⟩=8.3e-03, Len=sum([4.8, 4.6, 4.2])=13.5, ϰ=[4.9, 5.2, 4.6], ∫ϰ²/L>=[4.8, 6.2, 6.3], C-C-Sep=0.20, ║∇J║=1.2e-03
-----On 1/20 Initial Guess Perturbations
Iteration 2250/3500-----
J=1.2e-02, ⟨Jf⟩=1.2e-03, ⟨B·n⟩=8.3e-03, Len=sum([4.8, 4.6, 4.2])=13.5, ϰ=[4.9, 5.2, 4.6], ∫ϰ²/L>=[4.8, 6.2, 6.3], C-C-Sep=0.20, ║∇J║=9.4e-04
-----On 1/20 Initial Guess Perturbations
Iteration 2251/3500-----
J=1.2e-02, ⟨Jf⟩=1.2e-03, ⟨B·n⟩=8.3e-03, Len=sum([4.8, 4.6, 4.2])=13.5, ϰ=[4.9, 5.2, 4.6], ∫ϰ²/L>=[4.8, 6.2, 6.3], C-C-Sep=0.20, ║∇J║=8.0e-04
-----On 1/20 Initial Guess Perturbations
Iteration 2252/3500-----
J=1.2e-02, ⟨Jf⟩=1.2e-03, ⟨B·n⟩=8.3e-03, Len=sum([4.8, 4.6, 4.2])=13.5, ϰ=[4.9, 5.2, 4.6], ∫ϰ²/L>=[4.8, 6.1, 6.3], C-C-Sep=0.20, ║∇J║=9.3e-04
-----On 1/20 Initial Guess Perturbations
Iteration 2253/3500-----
J=1.2e-02, ⟨Jf⟩=1.2e-03, ⟨B·n⟩=8.3e-03, Len=sum([4.8, 4.6, 4.2])=13.5, ϰ=[4.9, 5.2, 4.6], ∫ϰ²/L>=[4.8, 6.1, 6.3], C-C-Sep=0.20, ║∇J║=1.1e-03
-----On 1/20 Initial Guess Perturbations
Iteration 2254/3500-----
J=1.2e-02, ⟨Jf⟩=1.2e-03, ⟨B·n⟩=8.3e-03, Len=sum([4.8, 4.6, 4.2])=13.5, ϰ=[4.9, 5.2, 4.6], ∫ϰ²/L>=[4.8, 6.1, 6.3], C-C-Sep=0.20, ║∇J║=8.4e-04
-----On 1/20 Initial Guess Perturbations
Iteration 2255/3500-----
J=1.2e-02, ⟨Jf⟩=1.2e-03, ⟨B·n⟩=8.3e-03, Len=sum([4.8, 4.6, 4.2])=13.5, ϰ=[4.9, 5.2, 4.6], ∫ϰ²/L>=[4.8, 6.1, 6.3], C-C-Sep=0.20, ║∇J║=8.6e-04
-----On 1/20 Initial Guess Perturbations
Iteration 2256/3500-----
J=1.2e-02, ⟨Jf⟩=1.2e-03, ⟨B·n⟩=8.3e-03, Len=sum([4.8, 4.6, 4.2])=13.5, ϰ=[4.9, 5.2, 4.6], ∫ϰ²/L>=[4.8, 6.1, 6.3], C-C-Sep=0.20, ║∇J║=8.0e-04
-----On 1/20 Initial Guess Perturbations
Iteration 2257/3500-----
J=1.2e-02, ⟨Jf⟩=1.2e-03, ⟨B·n⟩=8.3e-03, Len=sum([4.8, 4.6, 4.2])=13.5, ϰ=[4.9, 5.2, 4.6], ∫ϰ²/L>=[4.8, 6.1, 6.3], C-C-Sep=0.20, ║∇J║=8.8e-04
-----On 1/20 Initial Guess Perturbations
Iteration 2258/3500-----
J=1.2e-02, ⟨Jf⟩=1.2e-03, ⟨B·n⟩=8.3e-03, Len=sum([4.8, 4.6, 4.2])=13.5, ϰ=[4.9, 5.2, 4.6], ∫ϰ²/L>=[4.8, 6.1, 6.3], C-C-Sep=0.20, ║∇J║=9.7e-04
-----On 1/20 Initial Guess Perturbations
Iteration 2259/3500-----
J=1.2e-02, ⟨Jf⟩=1.2e-03, ⟨B·n⟩=8.3e-03, Len=sum([4.8, 4.6, 4.2])=13.5, ϰ=[4.9, 5.2, 4.6], ∫ϰ²/L>=[4.8, 6.1, 6.3], C-C-Sep=0.20, ║∇J║=9.0e-04
-----On 1/20 Initial Guess Perturbations
Iteration 2260/3500-----
J=1.2e-02, ⟨Jf⟩=1.2e-03, ⟨B·n⟩=8.3e-03, Len=sum([4.8, 4.6, 4.2])=13.5, ϰ=[4.9, 5.2, 4.6], ∫ϰ²/L>=[4.8, 6.1, 6.3], C-C-Sep=0.20, ║∇J║=9.9e-04
-----On 1/20 Initial Guess Perturbations
Iteration 2261/3500-----
J=1.2e-02, ⟨Jf⟩=1.2e-03, ⟨B·n⟩=8.3e-03, Len=sum([4.8, 4.6, 4.2])=13.5, ϰ=[4.9, 5.2, 4.6], ∫ϰ²/L>=[4.8, 6.1, 6.3], C-C-Sep=0.20, ║∇J║=1.1e-03
-----On 1/20 Initial Guess Perturbations
Iteration 2262/3500-----
J=1.2e-02, ⟨Jf⟩=1.2e-03, ⟨B·n⟩=8.3e-03, Len=sum([4.8, 4.6, 4.2])=13.5, ϰ=[4.9, 5.3, 4.6], ∫ϰ²/L>=[4.8, 6.1, 6.3], C-C-Sep=0.20, ║∇J║=1.0e-03
-----On 1/20 Initial Guess Perturbations
Iteration 2263/3500-----
J=1.2e-02, ⟨Jf⟩=1.2e-03, ⟨B·n⟩=8.3e-03, Len=sum([4.8, 4.6, 4.2])=13.5, ϰ=[4.9, 5.3, 4.6], ∫ϰ²/L>=[4.8, 6.1, 6.3], C-C-Sep=0.20, ║∇J║=1.3e-03
-----On 1/20 Initial Guess Perturbations
Iteration 2264/3500-----
J=1.2e-02, ⟨Jf⟩=1.2e-03, ⟨B·n⟩=8.3e-03, Len=sum([4.8, 4.6, 4.2])=13.5, ϰ=[4.9, 5.3, 4.6], ∫ϰ²/L>=[4.8, 6.2, 6.3], C-C-Sep=0.20, ║∇J║=7.9e-04
-----On 1/20 Initial Guess Perturbations
Iteration 2265/3500-----
J=1.2e-02, ⟨Jf⟩=1.2e-03, ⟨B·n⟩=8.3e-03, Len=sum([4.8, 4.6, 4.2])=13.5, ϰ=[4.9, 5.3, 4.6], ∫ϰ²/L>=[4.8, 6.2, 6.3], C-C-Sep=0.20, ║∇J║=7.4e-04
-----On 1/20 Initial Guess Perturbations
Iteration 2266/3500-----
J=1.2e-02, ⟨Jf⟩=1.2e-03, ⟨B·n⟩=8.3e-03, Len=sum([4.8, 4.6, 4.2])=13.5, ϰ=[4.9, 5.3, 4.6], ∫ϰ²/L>=[4.8, 6.2, 6.3], C-C-Sep=0.20, ║∇J║=7.4e-04
-----On 1/20 Initial Guess Perturbations
Iteration 2267/3500-----
J=1.2e-02, ⟨Jf⟩=1.2e-03, ⟨B·n⟩=8.3e-03, Len=sum([4.8, 4.6, 4.2])=13.5, ϰ=[4.9, 5.3, 4.6], ∫ϰ²/L>=[4.8, 6.2, 6.3], C-C-Sep=0.20, ║∇J║=9.5e-04
-----On 1/20 Initial Guess Perturbations
Iteration 2268/3500-----
J=1.2e-02, ⟨Jf⟩=1.2e-03, ⟨B·n⟩=8.3e-03, Len=sum([4.8, 4.6, 4.2])=13.5, ϰ=[4.9, 5.3, 4.5], ∫ϰ²/L>=[4.8, 6.2, 6.3], C-C-Sep=0.20, ║∇J║=8.9e-04
-----On 1/20 Initial Guess Perturbations
Iteration 2269/3500-----
J=1.2e-02, ⟨Jf⟩=1.2e-03, ⟨B·n⟩=8.3e-03, Len=sum([4.8, 4.6, 4.2])=13.5, ϰ=[4.9, 5.3, 4.6], ∫ϰ²/L>=[4.8, 6.2, 6.3], C-C-Sep=0.20, ║∇J║=8.8e-04
-----On 1/20 Initial Guess Perturbations
Iteration 2270/3500-----
J=1.2e-02, ⟨Jf⟩=1.2e-03, ⟨B·n⟩=8.3e-03, Len=sum([4.8, 4.6, 4.2])=13.5, ϰ=[4.9, 5.3, 4.6], ∫ϰ²/L>=[4.8, 6.2, 6.3], C-C-Sep=0.20, ║∇J║=9.6e-04
-----On 1/20 Initial Guess Perturbations
Iteration 2271/3500-----
J=1.2e-02, ⟨Jf⟩=1.2e-03, ⟨B·n⟩=8.3e-03, Len=sum([4.8, 4.6, 4.2])=13.5, ϰ=[4.9, 5.3, 4.6], ∫ϰ²/L>=[4.8, 6.2, 6.3], C-C-Sep=0.20, ║∇J║=8.6e-04
-----On 1/20 Initial Guess Perturbations
Iteration 2272/3500-----
J=1.2e-02, ⟨Jf⟩=1.2e-03, ⟨B·n⟩=8.3e-03, Len=sum([4.8, 4.6, 4.2])=13.5, ϰ=[4.9, 5.3, 4.6], ∫ϰ²/L>=[4.8, 6.2, 6.3], C-C-Sep=0.20, ║∇J║=7.8e-04
-----On 1/20 Initial Guess Perturbations
Iteration 2273/3500-----
J=1.2e-02, ⟨Jf⟩=1.2e-03, ⟨B·n⟩=8.3e-03, Len=sum([4.8, 4.6, 4.2])=13.5, ϰ=[4.9, 5.3, 4.6], ∫ϰ²/L>=[4.8, 6.2, 6.3], C-C-Sep=0.20, ║∇J║=7.9e-04
-----On 1/20 Initial Guess Perturbations
Iteration 2274/3500-----
J=1.2e-02, ⟨Jf⟩=1.2e-03, ⟨B·n⟩=8.3e-03, Len=sum([4.8, 4.6, 4.2])=13.5, ϰ=[4.9, 5.3, 4.6], ∫ϰ²/L>=[4.8, 6.2, 6.3], C-C-Sep=0.20, ║∇J║=1.0e-03
-----On 1/20 Initial Guess Perturbations
Iteration 2275/3500-----
J=1.2e-02, ⟨Jf⟩=1.2e-03, ⟨B·n⟩=8.3e-03, Len=sum([4.8, 4.6, 4.2])=13.5, ϰ=[4.9, 5.2, 4.6], ∫ϰ²/L>=[4.8, 6.2, 6.3], C-C-Sep=0.20, ║∇J║=1.4e-03
-----On 1/20 Initial Guess Perturbations
Iteration 2276/3500-----
J=1.2e-02, ⟨Jf⟩=1.2e-03, ⟨B·n⟩=8.3e-03, Len=sum([4.8, 4.6, 4.2])=13.5, ϰ=[4.9, 5.2, 4.6], ∫ϰ²/L>=[4.8, 6.2, 6.3], C-C-Sep=0.20, ║∇J║=1.1e-03
-----On 1/20 Initial Guess Perturbations
Iteration 2277/3500-----
J=1.2e-02, ⟨Jf⟩=1.2e-03, ⟨B·n⟩=8.3e-03, Len=sum([4.8, 4.6, 4.2])=13.5, ϰ=[4.9, 5.2, 4.6], ∫ϰ²/L>=[4.8, 6.2, 6.3], C-C-Sep=0.20, ║∇J║=8.5e-04
-----On 1/20 Initial Guess Perturbations
Iteration 2278/3500-----
J=1.2e-02, ⟨Jf⟩=1.2e-03, ⟨B·n⟩=8.3e-03, Len=sum([4.8, 4.6, 4.2])=13.5, ϰ=[4.9, 5.2, 4.6], ∫ϰ²/L>=[4.8, 6.2, 6.3], C-C-Sep=0.20, ║∇J║=6.2e-04
-----On 1/20 Initial Guess Perturbations
Iteration 2279/3500-----
J=1.2e-02, ⟨Jf⟩=1.2e-03, ⟨B·n⟩=8.3e-03, Len=sum([4.8, 4.6, 4.2])=13.5, ϰ=[4.9, 5.2, 4.6], ∫ϰ²/L>=[4.8, 6.2, 6.3], C-C-Sep=0.20, ║∇J║=6.4e-04
-----On 1/20 Initial Guess Perturbations
Iteration 2280/3500-----
J=1.2e-02, ⟨Jf⟩=1.2e-03, ⟨B·n⟩=8.3e-03, Len=sum([4.8, 4.6, 4.2])=13.5, ϰ=[4.9, 5.2, 4.6], ∫ϰ²/L>=[4.8, 6.2, 6.3], C-C-Sep=0.20, ║∇J║=7.6e-04
-----On 1/20 Initial Guess Perturbations
Iteration 2281/3500-----
J=1.2e-02, ⟨Jf⟩=1.2e-03, ⟨B·n⟩=8.3e-03, Len=sum([4.8, 4.6, 4.2])=13.5, ϰ=[4.9, 5.2, 4.6], ∫ϰ²/L>=[4.8, 6.2, 6.3], C-C-Sep=0.20, ║∇J║=8.2e-04
-----On 1/20 Initial Guess Perturbations
Iteration 2282/3500-----
J=1.2e-02, ⟨Jf⟩=1.2e-03, ⟨B·n⟩=8.3e-03, Len=sum([4.8, 4.6, 4.2])=13.5, ϰ=[4.9, 5.2, 4.6], ∫ϰ²/L>=[4.8, 6.2, 6.3], C-C-Sep=0.20, ║∇J║=9.4e-04
-----On 1/20 Initial Guess Perturbations
Iteration 2283/3500-----
J=1.2e-02, ⟨Jf⟩=1.2e-03, ⟨B·n⟩=8.3e-03, Len=sum([4.8, 4.6, 4.2])=13.5, ϰ=[4.9, 5.2, 4.6], ∫ϰ²/L>=[4.8, 6.2, 6.3], C-C-Sep=0.20, ║∇J║=8.7e-04
-----On 1/20 Initial Guess Perturbations
Iteration 2284/3500-----
J=1.2e-02, ⟨Jf⟩=1.2e-03, ⟨B·n⟩=8.3e-03, Len=sum([4.8, 4.6, 4.2])=13.5, ϰ=[4.9, 5.2, 4.6], ∫ϰ²/L>=[4.8, 6.2, 6.3], C-C-Sep=0.20, ║∇J║=7.5e-04
-----On 1/20 Initial Guess Perturbations
Iteration 2285/3500-----
J=1.2e-02, ⟨Jf⟩=1.2e-03, ⟨B·n⟩=8.3e-03, Len=sum([4.8, 4.6, 4.2])=13.5, ϰ=[4.9, 5.2, 4.6], ∫ϰ²/L>=[4.8, 6.2, 6.3], C-C-Sep=0.20, ║∇J║=8.0e-04
-----On 1/20 Initial Guess Perturbations
Iteration 2286/3500-----
J=1.2e-02, ⟨Jf⟩=1.2e-03, ⟨B·n⟩=8.3e-03, Len=sum([4.8, 4.6, 4.2])=13.5, ϰ=[4.9, 5.2, 4.6], ∫ϰ²/L>=[4.8, 6.2, 6.3], C-C-Sep=0.20, ║∇J║=8.0e-04
-----On 1/20 Initial Guess Perturbations
Iteration 2287/3500-----
J=1.2e-02, ⟨Jf⟩=1.2e-03, ⟨B·n⟩=8.3e-03, Len=sum([4.8, 4.6, 4.2])=13.5, ϰ=[4.9, 5.2, 4.6], ∫ϰ²/L>=[4.8, 6.2, 6.3], C-C-Sep=0.20, ║∇J║=9.0e-04
-----On 1/20 Initial Guess Perturbations
Iteration 2288/3500-----
J=1.2e-02, ⟨Jf⟩=1.2e-03, ⟨B·n⟩=8.3e-03, Len=sum([4.8, 4.6, 4.2])=13.5, ϰ=[4.9, 5.2, 4.6], ∫ϰ²/L>=[4.8, 6.2, 6.3], C-C-Sep=0.20, ║∇J║=8.8e-04
-----On 1/20 Initial Guess Perturbations
Iteration 2289/3500-----
J=1.2e-02, ⟨Jf⟩=1.2e-03, ⟨B·n⟩=8.3e-03, Len=sum([4.8, 4.6, 4.2])=13.5, ϰ=[4.9, 5.2, 4.6], ∫ϰ²/L>=[4.8, 6.2, 6.3], C-C-Sep=0.20, ║∇J║=1.4e-03
-----On 1/20 Initial Guess Perturbations
Iteration 2290/3500-----
J=1.2e-02, ⟨Jf⟩=1.2e-03, ⟨B·n⟩=8.3e-03, Len=sum([4.8, 4.6, 4.2])=13.5, ϰ=[4.9, 5.2, 4.6], ∫ϰ²/L>=[4.8, 6.2, 6.3], C-C-Sep=0.20, ║∇J║=9.4e-04
-----On 1/20 Initial Guess Perturbations
Iteration 2291/3500-----
J=1.2e-02, ⟨Jf⟩=1.2e-03, ⟨B·n⟩=8.3e-03, Len=sum([4.8, 4.6, 4.2])=13.5, ϰ=[4.9, 5.2, 4.6], ∫ϰ²/L>=[4.8, 6.2, 6.3], C-C-Sep=0.20, ║∇J║=1.0e-03
-----On 1/20 Initial Guess Perturbations
Iteration 2292/3500-----
J=1.2e-02, ⟨Jf⟩=1.2e-03, ⟨B·n⟩=8.3e-03, Len=sum([4.8, 4.6, 4.2])=13.5, ϰ=[4.9, 5.2, 4.6], ∫ϰ²/L>=[4.8, 6.2, 6.3], C-C-Sep=0.20, ║∇J║=7.0e-04
-----On 1/20 Initial Guess Perturbations
Iteration 2293/3500-----
J=1.2e-02, ⟨Jf⟩=1.2e-03, ⟨B·n⟩=8.3e-03, Len=sum([4.8, 4.6, 4.2])=13.5, ϰ=[4.9, 5.2, 4.6], ∫ϰ²/L>=[4.8, 6.2, 6.3], C-C-Sep=0.20, ║∇J║=7.3e-04
-----On 1/20 Initial Guess Perturbations
Iteration 2294/3500-----
J=1.2e-02, ⟨Jf⟩=1.2e-03, ⟨B·n⟩=8.3e-03, Len=sum([4.8, 4.6, 4.2])=13.5, ϰ=[4.9, 5.2, 4.6], ∫ϰ²/L>=[4.8, 6.2, 6.3], C-C-Sep=0.20, ║∇J║=9.4e-04
-----On 1/20 Initial Guess Perturbations
Iteration 2295/3500-----
J=1.2e-02, ⟨Jf⟩=1.2e-03, ⟨B·n⟩=8.3e-03, Len=sum([4.8, 4.6, 4.2])=13.5, ϰ=[4.9, 5.2, 4.6], ∫ϰ²/L>=[4.8, 6.2, 6.3], C-C-Sep=0.20, ║∇J║=7.5e-04
-----On 1/20 Initial Guess Perturbations
Iteration 2296/3500-----
J=1.2e-02, ⟨Jf⟩=1.2e-03, ⟨B·n⟩=8.3e-03, Len=sum([4.8, 4.6, 4.2])=13.5, ϰ=[4.9, 5.2, 4.6], ∫ϰ²/L>=[4.8, 6.2, 6.3], C-C-Sep=0.20, ║∇J║=7.9e-04
-----On 1/20 Initial Guess Perturbations
Iteration 2297/3500-----
J=1.2e-02, ⟨Jf⟩=1.2e-03, ⟨B·n⟩=8.3e-03, Len=sum([4.8, 4.6, 4.2])=13.5, ϰ=[4.9, 5.2, 4.6], ∫ϰ²/L>=[4.8, 6.2, 6.3], C-C-Sep=0.20, ║∇J║=6.9e-04
-----On 1/20 Initial Guess Perturbations
Iteration 2298/3500-----
J=1.2e-02, ⟨Jf⟩=1.2e-03, ⟨B·n⟩=8.3e-03, Len=sum([4.8, 4.6, 4.2])=13.5, ϰ=[4.9, 5.2, 4.6], ∫ϰ²/L>=[4.8, 6.2, 6.3], C-C-Sep=0.20, ║∇J║=7.4e-04
-----On 1/20 Initial Guess Perturbations
Iteration 2299/3500-----
J=1.2e-02, ⟨Jf⟩=1.2e-03, ⟨B·n⟩=8.3e-03, Len=sum([4.8, 4.6, 4.2])=13.5, ϰ=[4.9, 5.2, 4.6], ∫ϰ²/L>=[4.8, 6.2, 6.3], C-C-Sep=0.20, ║∇J║=8.1e-04
-----On 1/20 Initial Guess Perturbations
Iteration 2300/3500-----
J=1.2e-02, ⟨Jf⟩=1.2e-03, ⟨B·n⟩=8.3e-03, Len=sum([4.8, 4.6, 4.2])=13.5, ϰ=[4.9, 5.3, 4.6], ∫ϰ²/L>=[4.8, 6.2, 6.3], C-C-Sep=0.20, ║∇J║=8.3e-04
-----On 1/20 Initial Guess Perturbations
Iteration 2301/3500-----
J=1.2e-02, ⟨Jf⟩=1.2e-03, ⟨B·n⟩=8.3e-03, Len=sum([4.8, 4.6, 4.2])=13.5, ϰ=[4.9, 5.3, 4.6], ∫ϰ²/L>=[4.8, 6.2, 6.3], C-C-Sep=0.20, ║∇J║=8.8e-04
-----On 1/20 Initial Guess Perturbations
Iteration 2302/3500-----
J=1.2e-02, ⟨Jf⟩=1.2e-03, ⟨B·n⟩=8.3e-03, Len=sum([4.8, 4.6, 4.2])=13.5, ϰ=[4.9, 5.3, 4.6], ∫ϰ²/L>=[4.8, 6.2, 6.3], C-C-Sep=0.20, ║∇J║=8.5e-04
-----On 1/20 Initial Guess Perturbations
Iteration 2303/3500-----
J=1.2e-02, ⟨Jf⟩=1.2e-03, ⟨B·n⟩=8.3e-03, Len=sum([4.8, 4.6, 4.2])=13.5, ϰ=[4.9, 5.3, 4.6], ∫ϰ²/L>=[4.8, 6.2, 6.3], C-C-Sep=0.20, ║∇J║=1.3e-03
-----On 1/20 Initial Guess Perturbations
Iteration 2304/3500-----
J=1.2e-02, ⟨Jf⟩=1.2e-03, ⟨B·n⟩=8.3e-03, Len=sum([4.8, 4.6, 4.2])=13.5, ϰ=[4.9, 5.3, 4.6], ∫ϰ²/L>=[4.8, 6.2, 6.3], C-C-Sep=0.20, ║∇J║=1.1e-03
-----On 1/20 Initial Guess Perturbations
Iteration 2305/3500-----
J=1.2e-02, ⟨Jf⟩=1.2e-03, ⟨B·n⟩=8.3e-03, Len=sum([4.8, 4.6, 4.2])=13.5, ϰ=[4.9, 5.3, 4.6], ∫ϰ²/L>=[4.8, 6.2, 6.3], C-C-Sep=0.20, ║∇J║=1.1e-03
-----On 1/20 Initial Guess Perturbations
Iteration 2306/3500-----
J=1.2e-02, ⟨Jf⟩=1.2e-03, ⟨B·n⟩=8.3e-03, Len=sum([4.8, 4.6, 4.2])=13.5, ϰ=[4.9, 5.3, 4.6], ∫ϰ²/L>=[4.8, 6.2, 6.3], C-C-Sep=0.20, ║∇J║=6.4e-04
-----On 1/20 Initial Guess Perturbations
Iteration 2307/3500-----
J=1.2e-02, ⟨Jf⟩=1.2e-03, ⟨B·n⟩=8.3e-03, Len=sum([4.8, 4.6, 4.2])=13.5, ϰ=[4.9, 5.3, 4.6], ∫ϰ²/L>=[4.8, 6.2, 6.3], C-C-Sep=0.20, ║∇J║=7.9e-04
-----On 1/20 Initial Guess Perturbations
Iteration 2308/3500-----
J=1.2e-02, ⟨Jf⟩=1.2e-03, ⟨B·n⟩=8.3e-03, Len=sum([4.8, 4.6, 4.2])=13.5, ϰ=[4.9, 5.3, 4.6], ∫ϰ²/L>=[4.8, 6.2, 6.3], C-C-Sep=0.20, ║∇J║=8.2e-04
-----On 1/20 Initial Guess Perturbations
Iteration 2309/3500-----
J=1.2e-02, ⟨Jf⟩=1.2e-03, ⟨B·n⟩=8.3e-03, Len=sum([4.8, 4.6, 4.2])=13.5, ϰ=[4.9, 5.3, 4.6], ∫ϰ²/L>=[4.8, 6.2, 6.3], C-C-Sep=0.20, ║∇J║=8.2e-04
-----On 1/20 Initial Guess Perturbations
Iteration 2310/3500-----
J=1.2e-02, ⟨Jf⟩=1.2e-03, ⟨B·n⟩=8.3e-03, Len=sum([4.8, 4.6, 4.2])=13.5, ϰ=[4.9, 5.3, 4.6], ∫ϰ²/L>=[4.8, 6.2, 6.3], C-C-Sep=0.20, ║∇J║=9.6e-04
-----On 1/20 Initial Guess Perturbations
Iteration 2311/3500-----
J=1.2e-02, ⟨Jf⟩=1.2e-03, ⟨B·n⟩=8.3e-03, Len=sum([4.8, 4.6, 4.2])=13.5, ϰ=[4.9, 5.3, 4.6], ∫ϰ²/L>=[4.8, 6.2, 6.3], C-C-Sep=0.20, ║∇J║=9.5e-04
-----On 1/20 Initial Guess Perturbations
Iteration 2312/3500-----
J=1.2e-02, ⟨Jf⟩=1.2e-03, ⟨B·n⟩=8.3e-03, Len=sum([4.8, 4.6, 4.2])=13.5, ϰ=[4.9, 5.3, 4.6], ∫ϰ²/L>=[4.8, 6.2, 6.3], C-C-Sep=0.20, ║∇J║=8.7e-04
-----On 1/20 Initial Guess Perturbations
Iteration 2313/3500-----
J=1.2e-02, ⟨Jf⟩=1.2e-03, ⟨B·n⟩=8.3e-03, Len=sum([4.8, 4.6, 4.2])=13.5, ϰ=[4.9, 5.3, 4.6], ∫ϰ²/L>=[4.8, 6.2, 6.3], C-C-Sep=0.20, ║∇J║=1.1e-03
-----On 1/20 Initial Guess Perturbations
Iteration 2314/3500-----
J=1.2e-02, ⟨Jf⟩=1.2e-03, ⟨B·n⟩=8.3e-03, Len=sum([4.8, 4.6, 4.2])=13.5, ϰ=[4.9, 5.3, 4.6], ∫ϰ²/L>=[4.8, 6.2, 6.3], C-C-Sep=0.20, ║∇J║=8.1e-04
-----On 1/20 Initial Guess Perturbations
Iteration 2315/3500-----
J=1.2e-02, ⟨Jf⟩=1.2e-03, ⟨B·n⟩=8.3e-03, Len=sum([4.8, 4.6, 4.2])=13.5, ϰ=[4.9, 5.3, 4.6], ∫ϰ²/L>=[4.8, 6.2, 6.3], C-C-Sep=0.20, ║∇J║=6.9e-04
-----On 1/20 Initial Guess Perturbations
Iteration 2316/3500-----
J=1.2e-02, ⟨Jf⟩=1.2e-03, ⟨B·n⟩=8.3e-03, Len=sum([4.8, 4.6, 4.2])=13.5, ϰ=[4.9, 5.3, 4.7], ∫ϰ²/L>=[4.8, 6.2, 6.3], C-C-Sep=0.20, ║∇J║=7.1e-04
-----On 1/20 Initial Guess Perturbations
Iteration 2317/3500-----
J=1.2e-02, ⟨Jf⟩=1.2e-03, ⟨B·n⟩=8.3e-03, Len=sum([4.8, 4.6, 4.2])=13.5, ϰ=[4.9, 5.3, 4.7], ∫ϰ²/L>=[4.8, 6.2, 6.3], C-C-Sep=0.20, ║∇J║=9.2e-04
-----On 1/20 Initial Guess Perturbations
Iteration 2318/3500-----
J=1.2e-02, ⟨Jf⟩=1.2e-03, ⟨B·n⟩=8.3e-03, Len=sum([4.8, 4.6, 4.2])=13.5, ϰ=[4.9, 5.3, 4.7], ∫ϰ²/L>=[4.8, 6.2, 6.3], C-C-Sep=0.20, ║∇J║=8.2e-04
-----On 1/20 Initial Guess Perturbations
Iteration 2319/3500-----
J=1.2e-02, ⟨Jf⟩=1.2e-03, ⟨B·n⟩=8.3e-03, Len=sum([4.8, 4.6, 4.2])=13.5, ϰ=[4.9, 5.3, 4.7], ∫ϰ²/L>=[4.8, 6.2, 6.3], C-C-Sep=0.20, ║∇J║=1.1e-03
-----On 1/20 Initial Guess Perturbations
Iteration 2320/3500-----
J=1.2e-02, ⟨Jf⟩=1.2e-03, ⟨B·n⟩=8.3e-03, Len=sum([4.8, 4.6, 4.2])=13.5, ϰ=[4.9, 5.3, 4.7], ∫ϰ²/L>=[4.8, 6.2, 6.3], C-C-Sep=0.20, ║∇J║=7.1e-04
-----On 1/20 Initial Guess Perturbations
Iteration 2321/3500-----
J=1.2e-02, ⟨Jf⟩=1.2e-03, ⟨B·n⟩=8.3e-03, Len=sum([4.8, 4.6, 4.2])=13.5, ϰ=[4.9, 5.3, 4.7], ∫ϰ²/L>=[4.8, 6.2, 6.3], C-C-Sep=0.20, ║∇J║=7.2e-04
-----On 1/20 Initial Guess Perturbations
Iteration 2322/3500-----
J=1.2e-02, ⟨Jf⟩=1.2e-03, ⟨B·n⟩=8.3e-03, Len=sum([4.8, 4.6, 4.2])=13.5, ϰ=[4.9, 5.3, 4.7], ∫ϰ²/L>=[4.8, 6.2, 6.3], C-C-Sep=0.20, ║∇J║=8.6e-04
-----On 1/20 Initial Guess Perturbations
Iteration 2323/3500-----
J=1.2e-02, ⟨Jf⟩=1.2e-03, ⟨B·n⟩=8.3e-03, Len=sum([4.8, 4.6, 4.2])=13.5, ϰ=[4.9, 5.3, 4.7], ∫ϰ²/L>=[4.8, 6.2, 6.3], C-C-Sep=0.20, ║∇J║=7.5e-04
-----On 1/20 Initial Guess Perturbations
Iteration 2324/3500-----
J=1.2e-02, ⟨Jf⟩=1.2e-03, ⟨B·n⟩=8.3e-03, Len=sum([4.8, 4.6, 4.2])=13.5, ϰ=[4.9, 5.3, 4.7], ∫ϰ²/L>=[4.8, 6.2, 6.3], C-C-Sep=0.20, ║∇J║=7.6e-04
-----On 1/20 Initial Guess Perturbations
Iteration 2325/3500-----
J=1.2e-02, ⟨Jf⟩=1.2e-03, ⟨B·n⟩=8.3e-03, Len=sum([4.8, 4.6, 4.2])=13.5, ϰ=[4.9, 5.3, 4.7], ∫ϰ²/L>=[4.8, 6.2, 6.3], C-C-Sep=0.20, ║∇J║=7.4e-04
-----On 1/20 Initial Guess Perturbations
Iteration 2326/3500-----
J=1.2e-02, ⟨Jf⟩=1.2e-03, ⟨B·n⟩=8.3e-03, Len=sum([4.8, 4.6, 4.2])=13.5, ϰ=[4.9, 5.3, 4.7], ∫ϰ²/L>=[4.8, 6.2, 6.3], C-C-Sep=0.20, ║∇J║=8.3e-04
-----On 1/20 Initial Guess Perturbations
Iteration 2327/3500-----
J=1.2e-02, ⟨Jf⟩=1.2e-03, ⟨B·n⟩=8.3e-03, Len=sum([4.8, 4.6, 4.2])=13.5, ϰ=[4.9, 5.3, 4.7], ∫ϰ²/L>=[4.8, 6.2, 6.3], C-C-Sep=0.20, ║∇J║=9.2e-04
-----On 1/20 Initial Guess Perturbations
Iteration 2328/3500-----
J=1.2e-02, ⟨Jf⟩=1.2e-03, ⟨B·n⟩=8.3e-03, Len=sum([4.8, 4.6, 4.2])=13.5, ϰ=[4.9, 5.3, 4.7], ∫ϰ²/L>=[4.8, 6.2, 6.3], C-C-Sep=0.20, ║∇J║=1.2e-03
-----On 1/20 Initial Guess Perturbations
Iteration 2329/3500-----
J=1.2e-02, ⟨Jf⟩=1.2e-03, ⟨B·n⟩=8.3e-03, Len=sum([4.8, 4.6, 4.2])=13.5, ϰ=[4.9, 5.3, 4.6], ∫ϰ²/L>=[4.8, 6.2, 6.3], C-C-Sep=0.20, ║∇J║=6.7e-04
-----On 1/20 Initial Guess Perturbations
Iteration 2330/3500-----
J=1.2e-02, ⟨Jf⟩=1.2e-03, ⟨B·n⟩=8.3e-03, Len=sum([4.8, 4.6, 4.2])=13.5, ϰ=[4.9, 5.3, 4.6], ∫ϰ²/L>=[4.8, 6.2, 6.3], C-C-Sep=0.20, ║∇J║=6.6e-04
-----On 1/20 Initial Guess Perturbations
Iteration 2331/3500-----
J=1.2e-02, ⟨Jf⟩=1.2e-03, ⟨B·n⟩=8.3e-03, Len=sum([4.8, 4.6, 4.2])=13.5, ϰ=[4.9, 5.3, 4.6], ∫ϰ²/L>=[4.8, 6.2, 6.3], C-C-Sep=0.20, ║∇J║=7.6e-04
-----On 1/20 Initial Guess Perturbations
Iteration 2332/3500-----
J=1.2e-02, ⟨Jf⟩=1.2e-03, ⟨B·n⟩=8.3e-03, Len=sum([4.8, 4.6, 4.2])=13.5, ϰ=[4.9, 5.3, 4.6], ∫ϰ²/L>=[4.8, 6.2, 6.3], C-C-Sep=0.20, ║∇J║=7.8e-04
-----On 1/20 Initial Guess Perturbations
Iteration 2333/3500-----
J=1.2e-02, ⟨Jf⟩=1.2e-03, ⟨B·n⟩=8.3e-03, Len=sum([4.8, 4.6, 4.2])=13.5, ϰ=[4.9, 5.3, 4.6], ∫ϰ²/L>=[4.8, 6.2, 6.3], C-C-Sep=0.20, ║∇J║=9.2e-04
-----On 1/20 Initial Guess Perturbations
Iteration 2334/3500-----
J=1.2e-02, ⟨Jf⟩=1.2e-03, ⟨B·n⟩=8.3e-03, Len=sum([4.8, 4.6, 4.2])=13.5, ϰ=[4.9, 5.3, 4.6], ∫ϰ²/L>=[4.8, 6.2, 6.3], C-C-Sep=0.20, ║∇J║=8.0e-04
-----On 1/20 Initial Guess Perturbations
Iteration 2335/3500-----
J=1.2e-02, ⟨Jf⟩=1.2e-03, ⟨B·n⟩=8.3e-03, Len=sum([4.8, 4.6, 4.2])=13.5, ϰ=[4.9, 5.3, 4.6], ∫ϰ²/L>=[4.8, 6.2, 6.3], C-C-Sep=0.20, ║∇J║=9.0e-04
-----On 1/20 Initial Guess Perturbations
Iteration 2336/3500-----
J=1.2e-02, ⟨Jf⟩=1.2e-03, ⟨B·n⟩=8.3e-03, Len=sum([4.8, 4.6, 4.2])=13.5, ϰ=[4.9, 5.3, 4.6], ∫ϰ²/L>=[4.8, 6.2, 6.3], C-C-Sep=0.20, ║∇J║=7.6e-04
-----On 1/20 Initial Guess Perturbations
Iteration 2337/3500-----
J=1.2e-02, ⟨Jf⟩=1.2e-03, ⟨B·n⟩=8.3e-03, Len=sum([4.8, 4.6, 4.2])=13.5, ϰ=[4.9, 5.3, 4.6], ∫ϰ²/L>=[4.8, 6.2, 6.3], C-C-Sep=0.20, ║∇J║=7.6e-04
-----On 1/20 Initial Guess Perturbations
Iteration 2338/3500-----
J=1.2e-02, ⟨Jf⟩=1.2e-03, ⟨B·n⟩=8.3e-03, Len=sum([4.8, 4.6, 4.2])=13.5, ϰ=[4.9, 5.3, 4.6], ∫ϰ²/L>=[4.8, 6.2, 6.3], C-C-Sep=0.20, ║∇J║=7.0e-04
-----On 1/20 Initial Guess Perturbations
Iteration 2339/3500-----
J=1.2e-02, ⟨Jf⟩=1.2e-03, ⟨B·n⟩=8.3e-03, Len=sum([4.8, 4.6, 4.2])=13.5, ϰ=[4.9, 5.3, 4.6], ∫ϰ²/L>=[4.8, 6.2, 6.3], C-C-Sep=0.20, ║∇J║=6.8e-04
-----On 1/20 Initial Guess Perturbations
Iteration 2340/3500-----
J=1.2e-02, ⟨Jf⟩=1.2e-03, ⟨B·n⟩=8.3e-03, Len=sum([4.8, 4.6, 4.2])=13.5, ϰ=[4.9, 5.3, 4.6], ∫ϰ²/L>=[4.8, 6.2, 6.3], C-C-Sep=0.20, ║∇J║=8.2e-04
-----On 1/20 Initial Guess Perturbations
Iteration 2341/3500-----
J=1.2e-02, ⟨Jf⟩=1.2e-03, ⟨B·n⟩=8.3e-03, Len=sum([4.8, 4.6, 4.2])=13.5, ϰ=[4.9, 5.3, 4.6], ∫ϰ²/L>=[4.8, 6.1, 6.3], C-C-Sep=0.20, ║∇J║=7.4e-04
-----On 1/20 Initial Guess Perturbations
Iteration 2342/3500-----
J=1.2e-02, ⟨Jf⟩=1.2e-03, ⟨B·n⟩=8.3e-03, Len=sum([4.8, 4.6, 4.2])=13.5, ϰ=[4.9, 5.3, 4.6], ∫ϰ²/L>=[4.8, 6.1, 6.3], C-C-Sep=0.20, ║∇J║=7.0e-04
-----On 1/20 Initial Guess Perturbations
Iteration 2343/3500-----
J=1.2e-02, ⟨Jf⟩=1.2e-03, ⟨B·n⟩=8.3e-03, Len=sum([4.8, 4.6, 4.2])=13.5, ϰ=[4.9, 5.3, 4.6], ∫ϰ²/L>=[4.8, 6.1, 6.3], C-C-Sep=0.20, ║∇J║=7.2e-04
-----On 1/20 Initial Guess Perturbations
Iteration 2344/3500-----
J=1.2e-02, ⟨Jf⟩=1.2e-03, ⟨B·n⟩=8.3e-03, Len=sum([4.8, 4.6, 4.2])=13.5, ϰ=[4.9, 5.3, 4.6], ∫ϰ²/L>=[4.8, 6.1, 6.3], C-C-Sep=0.20, ║∇J║=8.6e-04
-----On 1/20 Initial Guess Perturbations
Iteration 2345/3500-----
J=1.2e-02, ⟨Jf⟩=1.2e-03, ⟨B·n⟩=8.3e-03, Len=sum([4.8, 4.6, 4.2])=13.5, ϰ=[4.9, 5.3, 4.5], ∫ϰ²/L>=[4.8, 6.1, 6.3], C-C-Sep=0.20, ║∇J║=1.1e-03
-----On 1/20 Initial Guess Perturbations
Iteration 2346/3500-----
J=1.2e-02, ⟨Jf⟩=1.2e-03, ⟨B·n⟩=8.3e-03, Len=sum([4.8, 4.6, 4.2])=13.5, ϰ=[4.9, 5.3, 4.6], ∫ϰ²/L>=[4.8, 6.1, 6.3], C-C-Sep=0.20, ║∇J║=7.3e-04
-----On 1/20 Initial Guess Perturbations
Iteration 2347/3500-----
J=1.2e-02, ⟨Jf⟩=1.2e-03, ⟨B·n⟩=8.3e-03, Len=sum([4.8, 4.6, 4.2])=13.5, ϰ=[4.9, 5.3, 4.6], ∫ϰ²/L>=[4.8, 6.1, 6.3], C-C-Sep=0.20, ║∇J║=5.9e-04
-----On 1/20 Initial Guess Perturbations
Iteration 2348/3500-----
J=1.2e-02, ⟨Jf⟩=1.2e-03, ⟨B·n⟩=8.3e-03, Len=sum([4.8, 4.6, 4.2])=13.5, ϰ=[4.9, 5.3, 4.6], ∫ϰ²/L>=[4.8, 6.1, 6.3], C-C-Sep=0.20, ║∇J║=6.4e-04
-----On 1/20 Initial Guess Perturbations
Iteration 2349/3500-----
J=1.2e-02, ⟨Jf⟩=1.2e-03, ⟨B·n⟩=8.3e-03, Len=sum([4.8, 4.6, 4.2])=13.5, ϰ=[4.9, 5.3, 4.6], ∫ϰ²/L>=[4.8, 6.1, 6.3], C-C-Sep=0.20, ║∇J║=6.5e-04
-----On 1/20 Initial Guess Perturbations
Iteration 2350/3500-----
J=1.2e-02, ⟨Jf⟩=1.2e-03, ⟨B·n⟩=8.3e-03, Len=sum([4.8, 4.6, 4.2])=13.5, ϰ=[4.9, 5.3, 4.6], ∫ϰ²/L>=[4.8, 6.1, 6.2], C-C-Sep=0.20, ║∇J║=5.6e-04
-----On 1/20 Initial Guess Perturbations
Iteration 2351/3500-----
J=1.2e-02, ⟨Jf⟩=1.2e-03, ⟨B·n⟩=8.3e-03, Len=sum([4.8, 4.6, 4.2])=13.5, ϰ=[4.9, 5.3, 4.6], ∫ϰ²/L>=[4.8, 6.1, 6.2], C-C-Sep=0.20, ║∇J║=7.0e-04
-----On 1/20 Initial Guess Perturbations
Iteration 2352/3500-----
J=1.2e-02, ⟨Jf⟩=1.2e-03, ⟨B·n⟩=8.3e-03, Len=sum([4.8, 4.6, 4.2])=13.5, ϰ=[4.9, 5.3, 4.6], ∫ϰ²/L>=[4.8, 6.1, 6.2], C-C-Sep=0.20, ║∇J║=8.7e-04
-----On 1/20 Initial Guess Perturbations
Iteration 2353/3500-----
J=1.2e-02, ⟨Jf⟩=1.2e-03, ⟨B·n⟩=8.3e-03, Len=sum([4.8, 4.6, 4.2])=13.5, ϰ=[4.9, 5.3, 4.6], ∫ϰ²/L>=[4.8, 6.1, 6.2], C-C-Sep=0.20, ║∇J║=5.9e-04
-----On 1/20 Initial Guess Perturbations
Iteration 2354/3500-----
J=1.2e-02, ⟨Jf⟩=1.2e-03, ⟨B·n⟩=8.3e-03, Len=sum([4.8, 4.6, 4.2])=13.5, ϰ=[4.9, 5.3, 4.6], ∫ϰ²/L>=[4.8, 6.1, 6.2], C-C-Sep=0.20, ║∇J║=6.7e-04
-----On 1/20 Initial Guess Perturbations
Iteration 2355/3500-----
J=1.2e-02, ⟨Jf⟩=1.2e-03, ⟨B·n⟩=8.3e-03, Len=sum([4.8, 4.6, 4.2])=13.5, ϰ=[4.9, 5.3, 4.6], ∫ϰ²/L>=[4.8, 6.1, 6.2], C-C-Sep=0.20, ║∇J║=6.6e-04
-----On 1/20 Initial Guess Perturbations
Iteration 2356/3500-----
J=1.2e-02, ⟨Jf⟩=1.2e-03, ⟨B·n⟩=8.3e-03, Len=sum([4.8, 4.6, 4.2])=13.5, ϰ=[4.9, 5.3, 4.6], ∫ϰ²/L>=[4.8, 6.1, 6.2], C-C-Sep=0.20, ║∇J║=7.9e-04
-----On 1/20 Initial Guess Perturbations
Iteration 2357/3500-----
J=1.2e-02, ⟨Jf⟩=1.2e-03, ⟨B·n⟩=8.3e-03, Len=sum([4.8, 4.6, 4.2])=13.5, ϰ=[4.9, 5.3, 4.6], ∫ϰ²/L>=[4.8, 6.1, 6.2], C-C-Sep=0.20, ║∇J║=7.8e-04
-----On 1/20 Initial Guess Perturbations
Iteration 2358/3500-----
J=1.2e-02, ⟨Jf⟩=1.2e-03, ⟨B·n⟩=8.3e-03, Len=sum([4.8, 4.6, 4.2])=13.5, ϰ=[4.9, 5.3, 4.6], ∫ϰ²/L>=[4.8, 6.1, 6.2], C-C-Sep=0.20, ║∇J║=7.5e-04
-----On 1/20 Initial Guess Perturbations
Iteration 2359/3500-----
J=1.2e-02, ⟨Jf⟩=1.2e-03, ⟨B·n⟩=8.3e-03, Len=sum([4.8, 4.6, 4.2])=13.5, ϰ=[4.9, 5.3, 4.6], ∫ϰ²/L>=[4.8, 6.1, 6.2], C-C-Sep=0.20, ║∇J║=7.0e-04
-----On 1/20 Initial Guess Perturbations
Iteration 2360/3500-----
J=1.2e-02, ⟨Jf⟩=1.2e-03, ⟨B·n⟩=8.3e-03, Len=sum([4.8, 4.6, 4.2])=13.5, ϰ=[4.9, 5.3, 4.5], ∫ϰ²/L>=[4.8, 6.1, 6.2], C-C-Sep=0.20, ║∇J║=6.4e-04
-----On 1/20 Initial Guess Perturbations
Iteration 2361/3500-----
J=1.2e-02, ⟨Jf⟩=1.2e-03, ⟨B·n⟩=8.3e-03, Len=sum([4.8, 4.6, 4.2])=13.5, ϰ=[4.9, 5.2, 4.5], ∫ϰ²/L>=[4.8, 6.1, 6.2], C-C-Sep=0.20, ║∇J║=5.5e-04
-----On 1/20 Initial Guess Perturbations
Iteration 2362/3500-----
J=1.2e-02, ⟨Jf⟩=1.2e-03, ⟨B·n⟩=8.3e-03, Len=sum([4.8, 4.6, 4.2])=13.5, ϰ=[4.9, 5.2, 4.5], ∫ϰ²/L>=[4.8, 6.1, 6.2], C-C-Sep=0.20, ║∇J║=6.1e-04
-----On 1/20 Initial Guess Perturbations
Iteration 2363/3500-----
J=1.2e-02, ⟨Jf⟩=1.2e-03, ⟨B·n⟩=8.3e-03, Len=sum([4.8, 4.6, 4.2])=13.5, ϰ=[4.9, 5.2, 4.6], ∫ϰ²/L>=[4.8, 6.1, 6.2], C-C-Sep=0.20, ║∇J║=5.8e-04
-----On 1/20 Initial Guess Perturbations
Iteration 2364/3500-----
J=1.2e-02, ⟨Jf⟩=1.2e-03, ⟨B·n⟩=8.3e-03, Len=sum([4.8, 4.6, 4.2])=13.5, ϰ=[4.9, 5.2, 4.6], ∫ϰ²/L>=[4.8, 6.1, 6.2], C-C-Sep=0.20, ║∇J║=7.1e-04
-----On 1/20 Initial Guess Perturbations
Iteration 2365/3500-----
J=1.2e-02, ⟨Jf⟩=1.2e-03, ⟨B·n⟩=8.3e-03, Len=sum([4.8, 4.6, 4.2])=13.5, ϰ=[4.9, 5.2, 4.6], ∫ϰ²/L>=[4.8, 6.1, 6.2], C-C-Sep=0.20, ║∇J║=6.7e-04
-----On 1/20 Initial Guess Perturbations
Iteration 2366/3500-----
J=1.2e-02, ⟨Jf⟩=1.2e-03, ⟨B·n⟩=8.3e-03, Len=sum([4.8, 4.6, 4.2])=13.5, ϰ=[4.9, 5.2, 4.6], ∫ϰ²/L>=[4.8, 6.1, 6.2], C-C-Sep=0.20, ║∇J║=8.4e-04
-----On 1/20 Initial Guess Perturbations
Iteration 2367/3500-----
J=1.2e-02, ⟨Jf⟩=1.2e-03, ⟨B·n⟩=8.3e-03, Len=sum([4.8, 4.6, 4.2])=13.5, ϰ=[4.9, 5.2, 4.6], ∫ϰ²/L>=[4.8, 6.1, 6.2], C-C-Sep=0.20, ║∇J║=7.0e-04
-----On 1/20 Initial Guess Perturbations
Iteration 2368/3500-----
J=1.2e-02, ⟨Jf⟩=1.2e-03, ⟨B·n⟩=8.3e-03, Len=sum([4.8, 4.6, 4.2])=13.5, ϰ=[4.9, 5.2, 4.6], ∫ϰ²/L>=[4.8, 6.1, 6.2], C-C-Sep=0.20, ║∇J║=6.4e-04
-----On 1/20 Initial Guess Perturbations
Iteration 2369/3500-----
J=1.2e-02, ⟨Jf⟩=1.2e-03, ⟨B·n⟩=8.3e-03, Len=sum([4.8, 4.6, 4.2])=13.5, ϰ=[4.9, 5.2, 4.6], ∫ϰ²/L>=[4.8, 6.1, 6.2], C-C-Sep=0.20, ║∇J║=6.7e-04
-----On 1/20 Initial Guess Perturbations
Iteration 2370/3500-----
J=1.2e-02, ⟨Jf⟩=1.2e-03, ⟨B·n⟩=8.3e-03, Len=sum([4.8, 4.6, 4.2])=13.5, ϰ=[4.9, 5.2, 4.6], ∫ϰ²/L>=[4.8, 6.1, 6.2], C-C-Sep=0.20, ║∇J║=6.7e-04
-----On 1/20 Initial Guess Perturbations
Iteration 2371/3500-----
J=1.2e-02, ⟨Jf⟩=1.2e-03, ⟨B·n⟩=8.3e-03, Len=sum([4.8, 4.6, 4.2])=13.5, ϰ=[4.9, 5.2, 4.6], ∫ϰ²/L>=[4.8, 6.1, 6.2], C-C-Sep=0.20, ║∇J║=6.2e-04
-----On 1/20 Initial Guess Perturbations
Iteration 2372/3500-----
J=1.2e-02, ⟨Jf⟩=1.2e-03, ⟨B·n⟩=8.3e-03, Len=sum([4.8, 4.6, 4.2])=13.5, ϰ=[4.9, 5.2, 4.6], ∫ϰ²/L>=[4.8, 6.1, 6.2], C-C-Sep=0.20, ║∇J║=7.5e-04
-----On 1/20 Initial Guess Perturbations
Iteration 2373/3500-----
J=1.2e-02, ⟨Jf⟩=1.2e-03, ⟨B·n⟩=8.3e-03, Len=sum([4.8, 4.6, 4.2])=13.5, ϰ=[4.9, 5.2, 4.6], ∫ϰ²/L>=[4.8, 6.1, 6.2], C-C-Sep=0.20, ║∇J║=7.1e-04
-----On 1/20 Initial Guess Perturbations
Iteration 2374/3500-----
J=1.2e-02, ⟨Jf⟩=1.2e-03, ⟨B·n⟩=8.3e-03, Len=sum([4.8, 4.6, 4.2])=13.5, ϰ=[4.9, 5.2, 4.6], ∫ϰ²/L>=[4.8, 6.1, 6.2], C-C-Sep=0.20, ║∇J║=9.3e-04
-----On 1/20 Initial Guess Perturbations
Iteration 2375/3500-----
J=1.2e-02, ⟨Jf⟩=1.2e-03, ⟨B·n⟩=8.3e-03, Len=sum([4.8, 4.6, 4.2])=13.5, ϰ=[4.9, 5.2, 4.5], ∫ϰ²/L>=[4.8, 6.1, 6.2], C-C-Sep=0.20, ║∇J║=6.6e-04
-----On 1/20 Initial Guess Perturbations
Iteration 2376/3500-----
J=1.2e-02, ⟨Jf⟩=1.2e-03, ⟨B·n⟩=8.3e-03, Len=sum([4.8, 4.6, 4.2])=13.5, ϰ=[4.9, 5.2, 4.6], ∫ϰ²/L>=[4.8, 6.1, 6.2], C-C-Sep=0.20, ║∇J║=6.2e-04
-----On 1/20 Initial Guess Perturbations
Iteration 2377/3500-----
J=1.2e-02, ⟨Jf⟩=1.2e-03, ⟨B·n⟩=8.3e-03, Len=sum([4.8, 4.6, 4.2])=13.5, ϰ=[4.9, 5.2, 4.5], ∫ϰ²/L>=[4.8, 6.1, 6.2], C-C-Sep=0.20, ║∇J║=5.8e-04
-----On 1/20 Initial Guess Perturbations
Iteration 2378/3500-----
J=1.2e-02, ⟨Jf⟩=1.2e-03, ⟨B·n⟩=8.3e-03, Len=sum([4.8, 4.6, 4.2])=13.5, ϰ=[4.9, 5.2, 4.6], ∫ϰ²/L>=[4.8, 6.1, 6.2], C-C-Sep=0.20, ║∇J║=6.2e-04
-----On 1/20 Initial Guess Perturbations
Iteration 2379/3500-----
J=1.2e-02, ⟨Jf⟩=1.2e-03, ⟨B·n⟩=8.3e-03, Len=sum([4.8, 4.6, 4.2])=13.5, ϰ=[4.9, 5.2, 4.5], ∫ϰ²/L>=[4.8, 6.1, 6.2], C-C-Sep=0.20, ║∇J║=5.8e-04
-----On 1/20 Initial Guess Perturbations
Iteration 2380/3500-----
J=1.2e-02, ⟨Jf⟩=1.2e-03, ⟨B·n⟩=8.3e-03, Len=sum([4.8, 4.6, 4.2])=13.5, ϰ=[4.8, 5.2, 4.5], ∫ϰ²/L>=[4.8, 6.1, 6.2], C-C-Sep=0.20, ║∇J║=6.0e-04
-----On 1/20 Initial Guess Perturbations
Iteration 2381/3500-----
J=1.2e-02, ⟨Jf⟩=1.2e-03, ⟨B·n⟩=8.3e-03, Len=sum([4.8, 4.6, 4.2])=13.5, ϰ=[4.9, 5.2, 4.5], ∫ϰ²/L>=[4.8, 6.1, 6.2], C-C-Sep=0.20, ║∇J║=6.2e-04
-----On 1/20 Initial Guess Perturbations
Iteration 2382/3500-----
J=1.2e-02, ⟨Jf⟩=1.2e-03, ⟨B·n⟩=8.3e-03, Len=sum([4.8, 4.6, 4.2])=13.5, ϰ=[4.9, 5.2, 4.6], ∫ϰ²/L>=[4.8, 6.1, 6.2], C-C-Sep=0.20, ║∇J║=7.9e-04
-----On 1/20 Initial Guess Perturbations
Iteration 2383/3500-----
J=1.2e-02, ⟨Jf⟩=1.2e-03, ⟨B·n⟩=8.3e-03, Len=sum([4.8, 4.6, 4.2])=13.5, ϰ=[4.9, 5.2, 4.6], ∫ϰ²/L>=[4.8, 6.1, 6.2], C-C-Sep=0.20, ║∇J║=6.3e-04
-----On 1/20 Initial Guess Perturbations
Iteration 2384/3500-----
J=1.2e-02, ⟨Jf⟩=1.2e-03, ⟨B·n⟩=8.3e-03, Len=sum([4.8, 4.6, 4.2])=13.5, ϰ=[4.9, 5.2, 4.6], ∫ϰ²/L>=[4.8, 6.1, 6.2], C-C-Sep=0.20, ║∇J║=6.6e-04
-----On 1/20 Initial Guess Perturbations
Iteration 2385/3500-----
J=1.2e-02, ⟨Jf⟩=1.2e-03, ⟨B·n⟩=8.3e-03, Len=sum([4.8, 4.6, 4.2])=13.5, ϰ=[4.9, 5.2, 4.6], ∫ϰ²/L>=[4.8, 6.1, 6.2], C-C-Sep=0.20, ║∇J║=6.1e-04
-----On 1/20 Initial Guess Perturbations
Iteration 2386/3500-----
J=1.2e-02, ⟨Jf⟩=1.2e-03, ⟨B·n⟩=8.3e-03, Len=sum([4.8, 4.6, 4.2])=13.5, ϰ=[4.9, 5.2, 4.6], ∫ϰ²/L>=[4.8, 6.1, 6.2], C-C-Sep=0.20, ║∇J║=8.6e-04
-----On 1/20 Initial Guess Perturbations
Iteration 2387/3500-----
J=1.2e-02, ⟨Jf⟩=1.2e-03, ⟨B·n⟩=8.3e-03, Len=sum([4.8, 4.6, 4.2])=13.5, ϰ=[4.9, 5.2, 4.6], ∫ϰ²/L>=[4.8, 6.1, 6.2], C-C-Sep=0.20, ║∇J║=6.5e-04
-----On 1/20 Initial Guess Perturbations
Iteration 2388/3500-----
J=1.2e-02, ⟨Jf⟩=1.2e-03, ⟨B·n⟩=8.3e-03, Len=sum([4.8, 4.6, 4.2])=13.5, ϰ=[4.9, 5.2, 4.6], ∫ϰ²/L>=[4.8, 6.1, 6.2], C-C-Sep=0.20, ║∇J║=6.0e-04
-----On 1/20 Initial Guess Perturbations
Iteration 2389/3500-----
J=1.2e-02, ⟨Jf⟩=1.2e-03, ⟨B·n⟩=8.3e-03, Len=sum([4.8, 4.6, 4.2])=13.5, ϰ=[4.9, 5.2, 4.6], ∫ϰ²/L>=[4.8, 6.1, 6.2], C-C-Sep=0.20, ║∇J║=5.5e-04
-----On 1/20 Initial Guess Perturbations
Iteration 2390/3500-----
J=1.2e-02, ⟨Jf⟩=1.2e-03, ⟨B·n⟩=8.3e-03, Len=sum([4.8, 4.6, 4.2])=13.5, ϰ=[4.9, 5.2, 4.6], ∫ϰ²/L>=[4.8, 6.1, 6.2], C-C-Sep=0.20, ║∇J║=7.6e-04
-----On 1/20 Initial Guess Perturbations
Iteration 2391/3500-----
J=1.2e-02, ⟨Jf⟩=1.2e-03, ⟨B·n⟩=8.3e-03, Len=sum([4.8, 4.6, 4.2])=13.5, ϰ=[4.9, 5.2, 4.6], ∫ϰ²/L>=[4.8, 6.1, 6.2], C-C-Sep=0.20, ║∇J║=7.3e-04
-----On 1/20 Initial Guess Perturbations
Iteration 2392/3500-----
J=1.2e-02, ⟨Jf⟩=1.2e-03, ⟨B·n⟩=8.3e-03, Len=sum([4.8, 4.6, 4.2])=13.5, ϰ=[4.9, 5.2, 4.6], ∫ϰ²/L>=[4.8, 6.1, 6.2], C-C-Sep=0.20, ║∇J║=6.9e-04
-----On 1/20 Initial Guess Perturbations
Iteration 2393/3500-----
J=1.2e-02, ⟨Jf⟩=1.2e-03, ⟨B·n⟩=8.3e-03, Len=sum([4.8, 4.6, 4.2])=13.5, ϰ=[4.9, 5.2, 4.6], ∫ϰ²/L>=[4.8, 6.1, 6.2], C-C-Sep=0.20, ║∇J║=6.7e-04
-----On 1/20 Initial Guess Perturbations
Iteration 2394/3500-----
J=1.2e-02, ⟨Jf⟩=1.2e-03, ⟨B·n⟩=8.3e-03, Len=sum([4.8, 4.6, 4.2])=13.5, ϰ=[4.9, 5.2, 4.6], ∫ϰ²/L>=[4.8, 6.1, 6.2], C-C-Sep=0.20, ║∇J║=7.3e-04
-----On 1/20 Initial Guess Perturbations
Iteration 2395/3500-----
J=1.2e-02, ⟨Jf⟩=1.2e-03, ⟨B·n⟩=8.3e-03, Len=sum([4.8, 4.6, 4.2])=13.5, ϰ=[4.9, 5.2, 4.5], ∫ϰ²/L>=[4.8, 6.1, 6.2], C-C-Sep=0.20, ║∇J║=6.6e-04
-----On 1/20 Initial Guess Perturbations
Iteration 2396/3500-----
J=1.2e-02, ⟨Jf⟩=1.2e-03, ⟨B·n⟩=8.3e-03, Len=sum([4.8, 4.6, 4.2])=13.5, ϰ=[4.9, 5.2, 4.5], ∫ϰ²/L>=[4.8, 6.1, 6.2], C-C-Sep=0.20, ║∇J║=5.8e-04
-----On 1/20 Initial Guess Perturbations
Iteration 2397/3500-----
J=1.2e-02, ⟨Jf⟩=1.2e-03, ⟨B·n⟩=8.3e-03, Len=sum([4.8, 4.6, 4.2])=13.5, ϰ=[4.9, 5.2, 4.5], ∫ϰ²/L>=[4.8, 6.1, 6.2], C-C-Sep=0.20, ║∇J║=6.0e-04
-----On 1/20 Initial Guess Perturbations
Iteration 2398/3500-----
J=1.2e-02, ⟨Jf⟩=1.2e-03, ⟨B·n⟩=8.3e-03, Len=sum([4.8, 4.6, 4.2])=13.5, ϰ=[4.9, 5.2, 4.5], ∫ϰ²/L>=[4.8, 6.1, 6.2], C-C-Sep=0.20, ║∇J║=8.4e-04
-----On 1/20 Initial Guess Perturbations
Iteration 2399/3500-----
J=1.2e-02, ⟨Jf⟩=1.2e-03, ⟨B·n⟩=8.3e-03, Len=sum([4.8, 4.6, 4.2])=13.5, ϰ=[5.0, 5.2, 4.5], ∫ϰ²/L>=[4.8, 6.1, 6.2], C-C-Sep=0.20, ║∇J║=1.4e-03
-----On 1/20 Initial Guess Perturbations
Iteration 2400/3500-----
J=1.2e-02, ⟨Jf⟩=1.2e-03, ⟨B·n⟩=8.3e-03, Len=sum([4.8, 4.6, 4.2])=13.5, ϰ=[5.0, 5.2, 4.5], ∫ϰ²/L>=[4.8, 6.1, 6.2], C-C-Sep=0.20, ║∇J║=8.2e-04
-----On 1/20 Initial Guess Perturbations
Iteration 2401/3500-----
J=1.2e-02, ⟨Jf⟩=1.2e-03, ⟨B·n⟩=8.3e-03, Len=sum([4.8, 4.6, 4.2])=13.5, ϰ=[5.0, 5.2, 4.5], ∫ϰ²/L>=[4.8, 6.1, 6.2], C-C-Sep=0.20, ║∇J║=7.9e-04
-----On 1/20 Initial Guess Perturbations
Iteration 2402/3500-----
J=1.2e-02, ⟨Jf⟩=1.2e-03, ⟨B·n⟩=8.3e-03, Len=sum([4.8, 4.6, 4.2])=13.5, ϰ=[4.9, 5.2, 4.5], ∫ϰ²/L>=[4.8, 6.1, 6.2], C-C-Sep=0.20, ║∇J║=5.5e-04
-----On 1/20 Initial Guess Perturbations
Iteration 2403/3500-----
J=1.2e-02, ⟨Jf⟩=1.2e-03, ⟨B·n⟩=8.3e-03, Len=sum([4.8, 4.6, 4.2])=13.5, ϰ=[4.9, 5.2, 4.5], ∫ϰ²/L>=[4.8, 6.1, 6.2], C-C-Sep=0.20, ║∇J║=5.9e-04
-----On 1/20 Initial Guess Perturbations
Iteration 2404/3500-----
J=1.2e-02, ⟨Jf⟩=1.2e-03, ⟨B·n⟩=8.3e-03, Len=sum([4.8, 4.6, 4.2])=13.5, ϰ=[4.9, 5.2, 4.5], ∫ϰ²/L>=[4.8, 6.1, 6.2], C-C-Sep=0.20, ║∇J║=5.3e-04
-----On 1/20 Initial Guess Perturbations
Iteration 2405/3500-----
J=1.2e-02, ⟨Jf⟩=1.2e-03, ⟨B·n⟩=8.3e-03, Len=sum([4.8, 4.6, 4.2])=13.5, ϰ=[5.0, 5.2, 4.5], ∫ϰ²/L>=[4.8, 6.1, 6.2], C-C-Sep=0.20, ║∇J║=5.4e-04
-----On 1/20 Initial Guess Perturbations
Iteration 2406/3500-----
J=1.2e-02, ⟨Jf⟩=1.2e-03, ⟨B·n⟩=8.3e-03, Len=sum([4.8, 4.6, 4.2])=13.5, ϰ=[5.0, 5.2, 4.5], ∫ϰ²/L>=[4.8, 6.1, 6.2], C-C-Sep=0.20, ║∇J║=5.3e-04
-----On 1/20 Initial Guess Perturbations
Iteration 2407/3500-----
J=1.2e-02, ⟨Jf⟩=1.2e-03, ⟨B·n⟩=8.3e-03, Len=sum([4.8, 4.6, 4.2])=13.5, ϰ=[5.0, 5.2, 4.5], ∫ϰ²/L>=[4.8, 6.1, 6.2], C-C-Sep=0.20, ║∇J║=5.3e-04
-----On 1/20 Initial Guess Perturbations
Iteration 2408/3500-----
J=1.2e-02, ⟨Jf⟩=1.2e-03, ⟨B·n⟩=8.3e-03, Len=sum([4.8, 4.6, 4.2])=13.5, ϰ=[5.0, 5.2, 4.5], ∫ϰ²/L>=[4.8, 6.1, 6.2], C-C-Sep=0.20, ║∇J║=6.2e-04
-----On 1/20 Initial Guess Perturbations
Iteration 2409/3500-----
J=1.2e-02, ⟨Jf⟩=1.2e-03, ⟨B·n⟩=8.3e-03, Len=sum([4.8, 4.6, 4.2])=13.5, ϰ=[4.9, 5.2, 4.5], ∫ϰ²/L>=[4.8, 6.1, 6.2], C-C-Sep=0.20, ║∇J║=6.8e-04
-----On 1/20 Initial Guess Perturbations
Iteration 2410/3500-----
J=1.2e-02, ⟨Jf⟩=1.2e-03, ⟨B·n⟩=8.3e-03, Len=sum([4.8, 4.6, 4.2])=13.5, ϰ=[4.9, 5.2, 4.5], ∫ϰ²/L>=[4.8, 6.1, 6.2], C-C-Sep=0.20, ║∇J║=6.7e-04
-----On 1/20 Initial Guess Perturbations
Iteration 2411/3500-----
J=1.2e-02, ⟨Jf⟩=1.2e-03, ⟨B·n⟩=8.3e-03, Len=sum([4.8, 4.6, 4.2])=13.5, ϰ=[4.9, 5.2, 4.5], ∫ϰ²/L>=[4.8, 6.1, 6.2], C-C-Sep=0.20, ║∇J║=6.3e-04
-----On 1/20 Initial Guess Perturbations
Iteration 2412/3500-----
J=1.2e-02, ⟨Jf⟩=1.2e-03, ⟨B·n⟩=8.3e-03, Len=sum([4.8, 4.6, 4.2])=13.5, ϰ=[4.9, 5.2, 4.5], ∫ϰ²/L>=[4.8, 6.1, 6.2], C-C-Sep=0.20, ║∇J║=4.9e-04
-----On 1/20 Initial Guess Perturbations
Iteration 2413/3500-----
J=1.2e-02, ⟨Jf⟩=1.2e-03, ⟨B·n⟩=8.3e-03, Len=sum([4.8, 4.6, 4.2])=13.5, ϰ=[4.9, 5.2, 4.6], ∫ϰ²/L>=[4.8, 6.1, 6.2], C-C-Sep=0.20, ║∇J║=5.3e-04
-----On 1/20 Initial Guess Perturbations
Iteration 2414/3500-----
J=1.2e-02, ⟨Jf⟩=1.2e-03, ⟨B·n⟩=8.3e-03, Len=sum([4.8, 4.6, 4.2])=13.5, ϰ=[4.9, 5.2, 4.6], ∫ϰ²/L>=[4.8, 6.1, 6.2], C-C-Sep=0.20, ║∇J║=4.8e-04
-----On 1/20 Initial Guess Perturbations
Iteration 2415/3500-----
J=1.2e-02, ⟨Jf⟩=1.2e-03, ⟨B·n⟩=8.3e-03, Len=sum([4.8, 4.6, 4.2])=13.5, ϰ=[4.9, 5.2, 4.6], ∫ϰ²/L>=[4.8, 6.1, 6.2], C-C-Sep=0.20, ║∇J║=6.3e-04
-----On 1/20 Initial Guess Perturbations
Iteration 2416/3500-----
J=1.2e-02, ⟨Jf⟩=1.2e-03, ⟨B·n⟩=8.3e-03, Len=sum([4.8, 4.6, 4.2])=13.5, ϰ=[4.9, 5.2, 4.6], ∫ϰ²/L>=[4.8, 6.2, 6.2], C-C-Sep=0.20, ║∇J║=5.8e-04
-----On 1/20 Initial Guess Perturbations
Iteration 2417/3500-----
J=1.2e-02, ⟨Jf⟩=1.2e-03, ⟨B·n⟩=8.3e-03, Len=sum([4.8, 4.6, 4.2])=13.5, ϰ=[4.9, 5.3, 4.6], ∫ϰ²/L>=[4.8, 6.2, 6.2], C-C-Sep=0.20, ║∇J║=6.1e-04
-----On 1/20 Initial Guess Perturbations
Iteration 2418/3500-----
J=1.2e-02, ⟨Jf⟩=1.2e-03, ⟨B·n⟩=8.3e-03, Len=sum([4.8, 4.6, 4.2])=13.5, ϰ=[4.9, 5.3, 4.6], ∫ϰ²/L>=[4.8, 6.2, 6.2], C-C-Sep=0.20, ║∇J║=6.9e-04
-----On 1/20 Initial Guess Perturbations
Iteration 2419/3500-----
J=1.2e-02, ⟨Jf⟩=1.2e-03, ⟨B·n⟩=8.3e-03, Len=sum([4.8, 4.6, 4.2])=13.5, ϰ=[4.9, 5.3, 4.6], ∫ϰ²/L>=[4.8, 6.2, 6.2], C-C-Sep=0.20, ║∇J║=7.6e-04
-----On 1/20 Initial Guess Perturbations
Iteration 2420/3500-----
J=1.2e-02, ⟨Jf⟩=1.2e-03, ⟨B·n⟩=8.3e-03, Len=sum([4.8, 4.6, 4.2])=13.5, ϰ=[4.9, 5.3, 4.6], ∫ϰ²/L>=[4.8, 6.2, 6.2], C-C-Sep=0.20, ║∇J║=7.1e-04
-----On 1/20 Initial Guess Perturbations
Iteration 2421/3500-----
J=1.2e-02, ⟨Jf⟩=1.2e-03, ⟨B·n⟩=8.3e-03, Len=sum([4.8, 4.6, 4.2])=13.5, ϰ=[4.9, 5.2, 4.6], ∫ϰ²/L>=[4.8, 6.2, 6.2], C-C-Sep=0.20, ║∇J║=6.3e-04
-----On 1/20 Initial Guess Perturbations
Iteration 2422/3500-----
J=1.2e-02, ⟨Jf⟩=1.2e-03, ⟨B·n⟩=8.3e-03, Len=sum([4.8, 4.6, 4.2])=13.5, ϰ=[4.9, 5.2, 4.6], ∫ϰ²/L>=[4.8, 6.2, 6.2], C-C-Sep=0.20, ║∇J║=4.9e-04
-----On 1/20 Initial Guess Perturbations
Iteration 2423/3500-----
J=1.2e-02, ⟨Jf⟩=1.2e-03, ⟨B·n⟩=8.3e-03, Len=sum([4.8, 4.6, 4.2])=13.5, ϰ=[4.9, 5.2, 4.6], ∫ϰ²/L>=[4.8, 6.2, 6.2], C-C-Sep=0.20, ║∇J║=5.9e-04
-----On 1/20 Initial Guess Perturbations
Iteration 2424/3500-----
J=1.2e-02, ⟨Jf⟩=1.2e-03, ⟨B·n⟩=8.3e-03, Len=sum([4.8, 4.6, 4.2])=13.5, ϰ=[4.9, 5.3, 4.6], ∫ϰ²/L>=[4.8, 6.2, 6.2], C-C-Sep=0.20, ║∇J║=5.7e-04
-----On 1/20 Initial Guess Perturbations
Iteration 2425/3500-----
J=1.2e-02, ⟨Jf⟩=1.2e-03, ⟨B·n⟩=8.3e-03, Len=sum([4.8, 4.6, 4.2])=13.5, ϰ=[4.9, 5.3, 4.5], ∫ϰ²/L>=[4.8, 6.2, 6.2], C-C-Sep=0.20, ║∇J║=5.1e-04
-----On 1/20 Initial Guess Perturbations
Iteration 2426/3500-----
J=1.2e-02, ⟨Jf⟩=1.2e-03, ⟨B·n⟩=8.3e-03, Len=sum([4.8, 4.6, 4.2])=13.5, ϰ=[4.9, 5.3, 4.5], ∫ϰ²/L>=[4.8, 6.2, 6.3], C-C-Sep=0.20, ║∇J║=5.2e-04
-----On 1/20 Initial Guess Perturbations
Iteration 2427/3500-----
J=1.2e-02, ⟨Jf⟩=1.2e-03, ⟨B·n⟩=8.3e-03, Len=sum([4.8, 4.6, 4.2])=13.5, ϰ=[4.9, 5.3, 4.5], ∫ϰ²/L>=[4.8, 6.2, 6.3], C-C-Sep=0.20, ║∇J║=5.4e-04
-----On 1/20 Initial Guess Perturbations
Iteration 2428/3500-----
J=1.2e-02, ⟨Jf⟩=1.2e-03, ⟨B·n⟩=8.3e-03, Len=sum([4.8, 4.6, 4.2])=13.5, ϰ=[4.9, 5.3, 4.5], ∫ϰ²/L>=[4.8, 6.2, 6.3], C-C-Sep=0.20, ║∇J║=6.8e-04
-----On 1/20 Initial Guess Perturbations
Iteration 2429/3500-----
J=1.2e-02, ⟨Jf⟩=1.2e-03, ⟨B·n⟩=8.3e-03, Len=sum([4.8, 4.6, 4.2])=13.5, ϰ=[4.9, 5.3, 4.5], ∫ϰ²/L>=[4.8, 6.2, 6.3], C-C-Sep=0.20, ║∇J║=7.1e-04
-----On 1/20 Initial Guess Perturbations
Iteration 2430/3500-----
J=1.2e-02, ⟨Jf⟩=1.2e-03, ⟨B·n⟩=8.3e-03, Len=sum([4.8, 4.6, 4.2])=13.5, ϰ=[4.9, 5.3, 4.5], ∫ϰ²/L>=[4.8, 6.2, 6.3], C-C-Sep=0.20, ║∇J║=6.9e-04
-----On 1/20 Initial Guess Perturbations
Iteration 2431/3500-----
J=1.2e-02, ⟨Jf⟩=1.2e-03, ⟨B·n⟩=8.3e-03, Len=sum([4.8, 4.6, 4.2])=13.5, ϰ=[4.9, 5.3, 4.6], ∫ϰ²/L>=[4.8, 6.2, 6.3], C-C-Sep=0.20, ║∇J║=6.8e-04
-----On 1/20 Initial Guess Perturbations
Iteration 2432/3500-----
J=1.2e-02, ⟨Jf⟩=1.2e-03, ⟨B·n⟩=8.3e-03, Len=sum([4.8, 4.6, 4.2])=13.5, ϰ=[4.9, 5.3, 4.6], ∫ϰ²/L>=[4.8, 6.2, 6.3], C-C-Sep=0.20, ║∇J║=6.2e-04
-----On 1/20 Initial Guess Perturbations
Iteration 2433/3500-----
J=1.2e-02, ⟨Jf⟩=1.2e-03, ⟨B·n⟩=8.3e-03, Len=sum([4.8, 4.6, 4.2])=13.5, ϰ=[4.9, 5.3, 4.6], ∫ϰ²/L>=[4.8, 6.2, 6.3], C-C-Sep=0.20, ║∇J║=4.5e-04
-----On 1/20 Initial Guess Perturbations
Iteration 2434/3500-----
J=1.2e-02, ⟨Jf⟩=1.2e-03, ⟨B·n⟩=8.3e-03, Len=sum([4.8, 4.6, 4.2])=13.5, ϰ=[4.9, 5.3, 4.6], ∫ϰ²/L>=[4.8, 6.2, 6.3], C-C-Sep=0.20, ║∇J║=5.4e-04
-----On 1/20 Initial Guess Perturbations
Iteration 2435/3500-----
J=1.2e-02, ⟨Jf⟩=1.2e-03, ⟨B·n⟩=8.3e-03, Len=sum([4.8, 4.6, 4.2])=13.5, ϰ=[4.9, 5.3, 4.6], ∫ϰ²/L>=[4.8, 6.2, 6.3], C-C-Sep=0.20, ║∇J║=5.4e-04
-----On 1/20 Initial Guess Perturbations
Iteration 2436/3500-----
J=1.2e-02, ⟨Jf⟩=1.2e-03, ⟨B·n⟩=8.3e-03, Len=sum([4.8, 4.6, 4.2])=13.5, ϰ=[4.9, 5.3, 4.6], ∫ϰ²/L>=[4.8, 6.2, 6.3], C-C-Sep=0.20, ║∇J║=6.1e-04
-----On 1/20 Initial Guess Perturbations
Iteration 2437/3500-----
J=1.2e-02, ⟨Jf⟩=1.2e-03, ⟨B·n⟩=8.3e-03, Len=sum([4.8, 4.6, 4.2])=13.5, ϰ=[4.9, 5.3, 4.6], ∫ϰ²/L>=[4.8, 6.2, 6.3], C-C-Sep=0.20, ║∇J║=5.9e-04
-----On 1/20 Initial Guess Perturbations
Iteration 2438/3500-----
J=1.2e-02, ⟨Jf⟩=1.2e-03, ⟨B·n⟩=8.3e-03, Len=sum([4.8, 4.6, 4.2])=13.5, ϰ=[4.9, 5.3, 4.6], ∫ϰ²/L>=[4.8, 6.2, 6.3], C-C-Sep=0.20, ║∇J║=5.5e-04
-----On 1/20 Initial Guess Perturbations
Iteration 2439/3500-----
J=1.2e-02, ⟨Jf⟩=1.2e-03, ⟨B·n⟩=8.3e-03, Len=sum([4.8, 4.6, 4.2])=13.5, ϰ=[4.9, 5.3, 4.6], ∫ϰ²/L>=[4.8, 6.2, 6.3], C-C-Sep=0.20, ║∇J║=5.7e-04
-----On 1/20 Initial Guess Perturbations
Iteration 2440/3500-----
J=1.2e-02, ⟨Jf⟩=1.2e-03, ⟨B·n⟩=8.3e-03, Len=sum([4.8, 4.6, 4.2])=13.5, ϰ=[4.9, 5.3, 4.6], ∫ϰ²/L>=[4.8, 6.2, 6.3], C-C-Sep=0.20, ║∇J║=5.5e-04
-----On 1/20 Initial Guess Perturbations
Iteration 2441/3500-----
J=1.2e-02, ⟨Jf⟩=1.2e-03, ⟨B·n⟩=8.3e-03, Len=sum([4.8, 4.6, 4.2])=13.5, ϰ=[4.9, 5.3, 4.6], ∫ϰ²/L>=[4.8, 6.2, 6.3], C-C-Sep=0.20, ║∇J║=5.2e-04
-----On 1/20 Initial Guess Perturbations
Iteration 2442/3500-----
J=1.2e-02, ⟨Jf⟩=1.2e-03, ⟨B·n⟩=8.3e-03, Len=sum([4.8, 4.6, 4.2])=13.5, ϰ=[4.9, 5.3, 4.6], ∫ϰ²/L>=[4.8, 6.1, 6.3], C-C-Sep=0.20, ║∇J║=6.0e-04
-----On 1/20 Initial Guess Perturbations
Iteration 2443/3500-----
J=1.2e-02, ⟨Jf⟩=1.2e-03, ⟨B·n⟩=8.3e-03, Len=sum([4.8, 4.6, 4.2])=13.5, ϰ=[4.9, 5.3, 4.6], ∫ϰ²/L>=[4.8, 6.1, 6.3], C-C-Sep=0.20, ║∇J║=5.0e-04
-----On 1/20 Initial Guess Perturbations
Iteration 2444/3500-----
J=1.2e-02, ⟨Jf⟩=1.2e-03, ⟨B·n⟩=8.3e-03, Len=sum([4.8, 4.6, 4.2])=13.5, ϰ=[4.9, 5.3, 4.6], ∫ϰ²/L>=[4.8, 6.1, 6.3], C-C-Sep=0.20, ║∇J║=4.3e-04
-----On 1/20 Initial Guess Perturbations
Iteration 2445/3500-----
J=1.2e-02, ⟨Jf⟩=1.2e-03, ⟨B·n⟩=8.3e-03, Len=sum([4.8, 4.6, 4.2])=13.5, ϰ=[4.9, 5.3, 4.6], ∫ϰ²/L>=[4.8, 6.1, 6.3], C-C-Sep=0.20, ║∇J║=5.2e-04
-----On 1/20 Initial Guess Perturbations
Iteration 2446/3500-----
J=1.2e-02, ⟨Jf⟩=1.2e-03, ⟨B·n⟩=8.3e-03, Len=sum([4.8, 4.6, 4.2])=13.5, ϰ=[4.9, 5.3, 4.6], ∫ϰ²/L>=[4.8, 6.1, 6.3], C-C-Sep=0.20, ║∇J║=5.1e-04
-----On 1/20 Initial Guess Perturbations
Iteration 2447/3500-----
J=1.2e-02, ⟨Jf⟩=1.2e-03, ⟨B·n⟩=8.3e-03, Len=sum([4.8, 4.6, 4.2])=13.5, ϰ=[4.9, 5.3, 4.5], ∫ϰ²/L>=[4.8, 6.2, 6.3], C-C-Sep=0.20, ║∇J║=5.2e-04
-----On 1/20 Initial Guess Perturbations
Iteration 2448/3500-----
J=1.2e-02, ⟨Jf⟩=1.2e-03, ⟨B·n⟩=8.3e-03, Len=sum([4.8, 4.6, 4.2])=13.5, ϰ=[4.9, 5.3, 4.5], ∫ϰ²/L>=[4.8, 6.2, 6.3], C-C-Sep=0.20, ║∇J║=5.4e-04
-----On 1/20 Initial Guess Perturbations
Iteration 2449/3500-----
J=1.2e-02, ⟨Jf⟩=1.2e-03, ⟨B·n⟩=8.3e-03, Len=sum([4.8, 4.6, 4.2])=13.5, ϰ=[4.9, 5.3, 4.5], ∫ϰ²/L>=[4.8, 6.2, 6.3], C-C-Sep=0.20, ║∇J║=5.8e-04
-----On 1/20 Initial Guess Perturbations
Iteration 2450/3500-----
J=1.2e-02, ⟨Jf⟩=1.2e-03, ⟨B·n⟩=8.3e-03, Len=sum([4.8, 4.6, 4.2])=13.5, ϰ=[4.9, 5.3, 4.5], ∫ϰ²/L>=[4.8, 6.2, 6.3], C-C-Sep=0.20, ║∇J║=5.9e-04
-----On 1/20 Initial Guess Perturbations
Iteration 2451/3500-----
J=1.2e-02, ⟨Jf⟩=1.2e-03, ⟨B·n⟩=8.3e-03, Len=sum([4.8, 4.6, 4.2])=13.5, ϰ=[4.9, 5.3, 4.6], ∫ϰ²/L>=[4.8, 6.2, 6.3], C-C-Sep=0.20, ║∇J║=5.4e-04
-----On 1/20 Initial Guess Perturbations
Iteration 2452/3500-----
J=1.2e-02, ⟨Jf⟩=1.2e-03, ⟨B·n⟩=8.3e-03, Len=sum([4.8, 4.6, 4.2])=13.5, ϰ=[4.9, 5.3, 4.6], ∫ϰ²/L>=[4.8, 6.2, 6.3], C-C-Sep=0.20, ║∇J║=5.0e-04
-----On 1/20 Initial Guess Perturbations
Iteration 2453/3500-----
J=1.2e-02, ⟨Jf⟩=1.2e-03, ⟨B·n⟩=8.3e-03, Len=sum([4.8, 4.6, 4.2])=13.5, ϰ=[4.9, 5.3, 4.6], ∫ϰ²/L>=[4.8, 6.2, 6.3], C-C-Sep=0.20, ║∇J║=4.8e-04
-----On 1/20 Initial Guess Perturbations
Iteration 2454/3500-----
J=1.2e-02, ⟨Jf⟩=1.2e-03, ⟨B·n⟩=8.3e-03, Len=sum([4.8, 4.6, 4.2])=13.5, ϰ=[4.9, 5.3, 4.6], ∫ϰ²/L>=[4.8, 6.2, 6.3], C-C-Sep=0.20, ║∇J║=6.6e-04
-----On 1/20 Initial Guess Perturbations
Iteration 2455/3500-----
J=1.2e-02, ⟨Jf⟩=1.2e-03, ⟨B·n⟩=8.3e-03, Len=sum([4.8, 4.6, 4.2])=13.5, ϰ=[4.9, 5.3, 4.6], ∫ϰ²/L>=[4.8, 6.2, 6.3], C-C-Sep=0.20, ║∇J║=6.1e-04
-----On 1/20 Initial Guess Perturbations
Iteration 2456/3500-----
J=1.2e-02, ⟨Jf⟩=1.2e-03, ⟨B·n⟩=8.3e-03, Len=sum([4.8, 4.6, 4.2])=13.5, ϰ=[4.9, 5.3, 4.6], ∫ϰ²/L>=[4.8, 6.2, 6.3], C-C-Sep=0.20, ║∇J║=4.6e-04
-----On 1/20 Initial Guess Perturbations
Iteration 2457/3500-----
J=1.2e-02, ⟨Jf⟩=1.2e-03, ⟨B·n⟩=8.3e-03, Len=sum([4.8, 4.6, 4.2])=13.5, ϰ=[4.9, 5.2, 4.6], ∫ϰ²/L>=[4.8, 6.2, 6.3], C-C-Sep=0.20, ║∇J║=4.7e-04
-----On 1/20 Initial Guess Perturbations
Iteration 2458/3500-----
J=1.2e-02, ⟨Jf⟩=1.2e-03, ⟨B·n⟩=8.3e-03, Len=sum([4.8, 4.6, 4.2])=13.5, ϰ=[4.9, 5.2, 4.6], ∫ϰ²/L>=[4.8, 6.2, 6.3], C-C-Sep=0.20, ║∇J║=5.6e-04
-----On 1/20 Initial Guess Perturbations
Iteration 2459/3500-----
J=1.2e-02, ⟨Jf⟩=1.2e-03, ⟨B·n⟩=8.3e-03, Len=sum([4.8, 4.6, 4.2])=13.5, ϰ=[4.9, 5.2, 4.6], ∫ϰ²/L>=[4.8, 6.2, 6.3], C-C-Sep=0.20, ║∇J║=6.4e-04
-----On 1/20 Initial Guess Perturbations
Iteration 2460/3500-----
J=1.2e-02, ⟨Jf⟩=1.2e-03, ⟨B·n⟩=8.3e-03, Len=sum([4.8, 4.6, 4.2])=13.5, ϰ=[4.9, 5.2, 4.6], ∫ϰ²/L>=[4.8, 6.2, 6.3], C-C-Sep=0.20, ║∇J║=6.8e-04
-----On 1/20 Initial Guess Perturbations
Iteration 2461/3500-----
J=1.2e-02, ⟨Jf⟩=1.2e-03, ⟨B·n⟩=8.3e-03, Len=sum([4.8, 4.6, 4.2])=13.5, ϰ=[4.9, 5.2, 4.6], ∫ϰ²/L>=[4.8, 6.2, 6.3], C-C-Sep=0.20, ║∇J║=5.6e-04
-----On 1/20 Initial Guess Perturbations
Iteration 2462/3500-----
J=1.2e-02, ⟨Jf⟩=1.2e-03, ⟨B·n⟩=8.3e-03, Len=sum([4.8, 4.6, 4.2])=13.5, ϰ=[4.9, 5.2, 4.6], ∫ϰ²/L>=[4.8, 6.2, 6.3], C-C-Sep=0.20, ║∇J║=6.5e-04
-----On 1/20 Initial Guess Perturbations
Iteration 2463/3500-----
J=1.2e-02, ⟨Jf⟩=1.2e-03, ⟨B·n⟩=8.3e-03, Len=sum([4.8, 4.6, 4.2])=13.5, ϰ=[4.9, 5.3, 4.6], ∫ϰ²/L>=[4.8, 6.2, 6.3], C-C-Sep=0.20, ║∇J║=6.4e-04
-----On 1/20 Initial Guess Perturbations
Iteration 2464/3500-----
J=1.2e-02, ⟨Jf⟩=1.2e-03, ⟨B·n⟩=8.3e-03, Len=sum([4.8, 4.6, 4.2])=13.5, ϰ=[4.9, 5.3, 4.6], ∫ϰ²/L>=[4.8, 6.2, 6.3], C-C-Sep=0.20, ║∇J║=6.7e-04
-----On 1/20 Initial Guess Perturbations
Iteration 2465/3500-----
J=1.2e-02, ⟨Jf⟩=1.2e-03, ⟨B·n⟩=8.3e-03, Len=sum([4.8, 4.6, 4.2])=13.5, ϰ=[4.9, 5.3, 4.6], ∫ϰ²/L>=[4.8, 6.2, 6.3], C-C-Sep=0.20, ║∇J║=5.2e-04
-----On 1/20 Initial Guess Perturbations
Iteration 2466/3500-----
J=1.2e-02, ⟨Jf⟩=1.2e-03, ⟨B·n⟩=8.3e-03, Len=sum([4.8, 4.6, 4.2])=13.5, ϰ=[4.9, 5.3, 4.6], ∫ϰ²/L>=[4.8, 6.2, 6.3], C-C-Sep=0.20, ║∇J║=4.9e-04
-----On 1/20 Initial Guess Perturbations
Iteration 2467/3500-----
J=1.2e-02, ⟨Jf⟩=1.2e-03, ⟨B·n⟩=8.3e-03, Len=sum([4.8, 4.6, 4.2])=13.5, ϰ=[4.9, 5.3, 4.6], ∫ϰ²/L>=[4.8, 6.2, 6.3], C-C-Sep=0.20, ║∇J║=5.0e-04
-----On 1/20 Initial Guess Perturbations
Iteration 2468/3500-----
J=1.2e-02, ⟨Jf⟩=1.2e-03, ⟨B·n⟩=8.3e-03, Len=sum([4.8, 4.6, 4.2])=13.5, ϰ=[4.9, 5.3, 4.6], ∫ϰ²/L>=[4.8, 6.2, 6.3], C-C-Sep=0.20, ║∇J║=6.6e-04
-----On 1/20 Initial Guess Perturbations
Iteration 2469/3500-----
J=1.2e-02, ⟨Jf⟩=1.2e-03, ⟨B·n⟩=8.3e-03, Len=sum([4.8, 4.6, 4.2])=13.5, ϰ=[4.9, 5.3, 4.6], ∫ϰ²/L>=[4.8, 6.2, 6.3], C-C-Sep=0.20, ║∇J║=6.1e-04
-----On 1/20 Initial Guess Perturbations
Iteration 2470/3500-----
J=1.2e-02, ⟨Jf⟩=1.2e-03, ⟨B·n⟩=8.3e-03, Len=sum([4.8, 4.6, 4.2])=13.5, ϰ=[4.9, 5.3, 4.6], ∫ϰ²/L>=[4.8, 6.2, 6.3], C-C-Sep=0.20, ║∇J║=9.3e-04
-----On 1/20 Initial Guess Perturbations
Iteration 2471/3500-----
J=1.2e-02, ⟨Jf⟩=1.2e-03, ⟨B·n⟩=8.3e-03, Len=sum([4.8, 4.6, 4.2])=13.5, ϰ=[4.9, 5.3, 4.6], ∫ϰ²/L>=[4.8, 6.2, 6.3], C-C-Sep=0.20, ║∇J║=5.2e-04
-----On 1/20 Initial Guess Perturbations
Iteration 2472/3500-----
J=1.2e-02, ⟨Jf⟩=1.2e-03, ⟨B·n⟩=8.3e-03, Len=sum([4.8, 4.6, 4.2])=13.5, ϰ=[4.9, 5.3, 4.6], ∫ϰ²/L>=[4.8, 6.2, 6.3], C-C-Sep=0.20, ║∇J║=4.7e-04
-----On 1/20 Initial Guess Perturbations
Iteration 2473/3500-----
J=1.2e-02, ⟨Jf⟩=1.2e-03, ⟨B·n⟩=8.3e-03, Len=sum([4.8, 4.6, 4.2])=13.5, ϰ=[4.9, 5.3, 4.6], ∫ϰ²/L>=[4.8, 6.2, 6.3], C-C-Sep=0.20, ║∇J║=4.7e-04
-----On 1/20 Initial Guess Perturbations
Iteration 2474/3500-----
J=1.2e-02, ⟨Jf⟩=1.2e-03, ⟨B·n⟩=8.3e-03, Len=sum([4.8, 4.6, 4.2])=13.5, ϰ=[4.9, 5.3, 4.6], ∫ϰ²/L>=[4.8, 6.2, 6.3], C-C-Sep=0.20, ║∇J║=6.6e-04
-----On 1/20 Initial Guess Perturbations
Iteration 2475/3500-----
J=1.2e-02, ⟨Jf⟩=1.2e-03, ⟨B·n⟩=8.3e-03, Len=sum([4.8, 4.6, 4.2])=13.5, ϰ=[4.9, 5.3, 4.6], ∫ϰ²/L>=[4.8, 6.2, 6.3], C-C-Sep=0.20, ║∇J║=7.5e-04
-----On 1/20 Initial Guess Perturbations
Iteration 2476/3500-----
J=1.2e-02, ⟨Jf⟩=1.2e-03, ⟨B·n⟩=8.3e-03, Len=sum([4.8, 4.6, 4.2])=13.5, ϰ=[4.9, 5.3, 4.6], ∫ϰ²/L>=[4.8, 6.2, 6.3], C-C-Sep=0.20, ║∇J║=5.6e-04
-----On 1/20 Initial Guess Perturbations
Iteration 2477/3500-----
J=1.2e-02, ⟨Jf⟩=1.2e-03, ⟨B·n⟩=8.3e-03, Len=sum([4.8, 4.6, 4.2])=13.5, ϰ=[4.9, 5.3, 4.6], ∫ϰ²/L>=[4.8, 6.2, 6.3], C-C-Sep=0.20, ║∇J║=5.1e-04
-----On 1/20 Initial Guess Perturbations
Iteration 2478/3500-----
J=1.2e-02, ⟨Jf⟩=1.2e-03, ⟨B·n⟩=8.3e-03, Len=sum([4.8, 4.6, 4.2])=13.5, ϰ=[4.9, 5.3, 4.6], ∫ϰ²/L>=[4.8, 6.2, 6.3], C-C-Sep=0.20, ║∇J║=5.4e-04
-----On 1/20 Initial Guess Perturbations
Iteration 2479/3500-----
J=1.2e-02, ⟨Jf⟩=1.2e-03, ⟨B·n⟩=8.3e-03, Len=sum([4.8, 4.6, 4.2])=13.5, ϰ=[4.9, 5.3, 4.6], ∫ϰ²/L>=[4.8, 6.2, 6.3], C-C-Sep=0.20, ║∇J║=5.4e-04
-----On 1/20 Initial Guess Perturbations
Iteration 2480/3500-----
J=1.2e-02, ⟨Jf⟩=1.2e-03, ⟨B·n⟩=8.3e-03, Len=sum([4.8, 4.6, 4.2])=13.5, ϰ=[4.9, 5.3, 4.6], ∫ϰ²/L>=[4.8, 6.1, 6.3], C-C-Sep=0.20, ║∇J║=8.3e-04
-----On 1/20 Initial Guess Perturbations
Iteration 2481/3500-----
J=1.2e-02, ⟨Jf⟩=1.2e-03, ⟨B·n⟩=8.3e-03, Len=sum([4.8, 4.6, 4.2])=13.5, ϰ=[4.9, 5.3, 4.6], ∫ϰ²/L>=[4.8, 6.2, 6.3], C-C-Sep=0.20, ║∇J║=6.0e-04
-----On 1/20 Initial Guess Perturbations
Iteration 2482/3500-----
J=1.2e-02, ⟨Jf⟩=1.2e-03, ⟨B·n⟩=8.3e-03, Len=sum([4.8, 4.6, 4.2])=13.5, ϰ=[4.9, 5.3, 4.6], ∫ϰ²/L>=[4.8, 6.2, 6.3], C-C-Sep=0.20, ║∇J║=5.8e-04
-----On 1/20 Initial Guess Perturbations
Iteration 2483/3500-----
J=1.2e-02, ⟨Jf⟩=1.2e-03, ⟨B·n⟩=8.3e-03, Len=sum([4.8, 4.6, 4.2])=13.5, ϰ=[4.9, 5.3, 4.6], ∫ϰ²/L>=[4.8, 6.2, 6.3], C-C-Sep=0.20, ║∇J║=4.5e-04
-----On 1/20 Initial Guess Perturbations
Iteration 2484/3500-----
J=1.2e-02, ⟨Jf⟩=1.2e-03, ⟨B·n⟩=8.3e-03, Len=sum([4.8, 4.6, 4.2])=13.5, ϰ=[4.9, 5.3, 4.6], ∫ϰ²/L>=[4.8, 6.1, 6.3], C-C-Sep=0.20, ║∇J║=5.6e-04
-----On 1/20 Initial Guess Perturbations
Iteration 2485/3500-----
J=1.2e-02, ⟨Jf⟩=1.2e-03, ⟨B·n⟩=8.3e-03, Len=sum([4.8, 4.6, 4.2])=13.5, ϰ=[4.9, 5.3, 4.6], ∫ϰ²/L>=[4.8, 6.1, 6.3], C-C-Sep=0.20, ║∇J║=7.5e-04
-----On 1/20 Initial Guess Perturbations
Iteration 2486/3500-----
J=1.2e-02, ⟨Jf⟩=1.2e-03, ⟨B·n⟩=8.3e-03, Len=sum([4.8, 4.6, 4.2])=13.5, ϰ=[4.9, 5.3, 4.6], ∫ϰ²/L>=[4.8, 6.1, 6.3], C-C-Sep=0.20, ║∇J║=5.6e-04
-----On 1/20 Initial Guess Perturbations
Iteration 2487/3500-----
J=1.2e-02, ⟨Jf⟩=1.2e-03, ⟨B·n⟩=8.3e-03, Len=sum([4.8, 4.6, 4.2])=13.5, ϰ=[4.9, 5.3, 4.6], ∫ϰ²/L>=[4.8, 6.1, 6.3], C-C-Sep=0.20, ║∇J║=5.8e-04
-----On 1/20 Initial Guess Perturbations
Iteration 2488/3500-----
J=1.2e-02, ⟨Jf⟩=1.2e-03, ⟨B·n⟩=8.3e-03, Len=sum([4.8, 4.6, 4.2])=13.5, ϰ=[4.9, 5.3, 4.6], ∫ϰ²/L>=[4.8, 6.1, 6.3], C-C-Sep=0.20, ║∇J║=6.0e-04
-----On 1/20 Initial Guess Perturbations
Iteration 2489/3500-----
J=1.2e-02, ⟨Jf⟩=1.2e-03, ⟨B·n⟩=8.3e-03, Len=sum([4.8, 4.6, 4.2])=13.5, ϰ=[4.9, 5.3, 4.6], ∫ϰ²/L>=[4.8, 6.1, 6.3], C-C-Sep=0.20, ║∇J║=5.9e-04
-----On 1/20 Initial Guess Perturbations
Iteration 2490/3500-----
J=1.2e-02, ⟨Jf⟩=1.2e-03, ⟨B·n⟩=8.3e-03, Len=sum([4.8, 4.6, 4.2])=13.5, ϰ=[4.9, 5.3, 4.6], ∫ϰ²/L>=[4.8, 6.1, 6.3], C-C-Sep=0.20, ║∇J║=6.6e-04
-----On 1/20 Initial Guess Perturbations
Iteration 2491/3500-----
J=1.2e-02, ⟨Jf⟩=1.2e-03, ⟨B·n⟩=8.3e-03, Len=sum([4.8, 4.6, 4.2])=13.5, ϰ=[4.9, 5.3, 4.6], ∫ϰ²/L>=[4.8, 6.1, 6.3], C-C-Sep=0.20, ║∇J║=5.3e-04
-----On 1/20 Initial Guess Perturbations
Iteration 2492/3500-----
J=1.2e-02, ⟨Jf⟩=1.2e-03, ⟨B·n⟩=8.3e-03, Len=sum([4.8, 4.6, 4.2])=13.5, ϰ=[4.9, 5.3, 4.6], ∫ϰ²/L>=[4.8, 6.1, 6.3], C-C-Sep=0.20, ║∇J║=4.3e-04
-----On 1/20 Initial Guess Perturbations
Iteration 2493/3500-----
J=1.2e-02, ⟨Jf⟩=1.2e-03, ⟨B·n⟩=8.3e-03, Len=sum([4.8, 4.6, 4.2])=13.5, ϰ=[4.9, 5.3, 4.6], ∫ϰ²/L>=[4.8, 6.1, 6.3], C-C-Sep=0.20, ║∇J║=4.9e-04
-----On 1/20 Initial Guess Perturbations
Iteration 2494/3500-----
J=1.2e-02, ⟨Jf⟩=1.2e-03, ⟨B·n⟩=8.3e-03, Len=sum([4.8, 4.6, 4.2])=13.5, ϰ=[4.9, 5.3, 4.6], ∫ϰ²/L>=[4.8, 6.1, 6.3], C-C-Sep=0.20, ║∇J║=5.6e-04
-----On 1/20 Initial Guess Perturbations
Iteration 2495/3500-----
J=1.2e-02, ⟨Jf⟩=1.2e-03, ⟨B·n⟩=8.3e-03, Len=sum([4.8, 4.6, 4.2])=13.5, ϰ=[4.9, 5.3, 4.6], ∫ϰ²/L>=[4.8, 6.1, 6.3], C-C-Sep=0.20, ║∇J║=4.5e-04
-----On 1/20 Initial Guess Perturbations
Iteration 2496/3500-----
J=1.2e-02, ⟨Jf⟩=1.2e-03, ⟨B·n⟩=8.3e-03, Len=sum([4.8, 4.6, 4.2])=13.5, ϰ=[4.9, 5.2, 4.6], ∫ϰ²/L>=[4.8, 6.1, 6.3], C-C-Sep=0.20, ║∇J║=4.6e-04
-----On 1/20 Initial Guess Perturbations
Iteration 2497/3500-----
J=1.2e-02, ⟨Jf⟩=1.2e-03, ⟨B·n⟩=8.3e-03, Len=sum([4.8, 4.6, 4.2])=13.5, ϰ=[4.9, 5.2, 4.6], ∫ϰ²/L>=[4.8, 6.1, 6.3], C-C-Sep=0.20, ║∇J║=5.6e-04
-----On 1/20 Initial Guess Perturbations
Iteration 2498/3500-----
J=1.2e-02, ⟨Jf⟩=1.2e-03, ⟨B·n⟩=8.3e-03, Len=sum([4.8, 4.6, 4.2])=13.5, ϰ=[4.9, 5.2, 4.6], ∫ϰ²/L>=[4.8, 6.1, 6.3], C-C-Sep=0.20, ║∇J║=5.2e-04
-----On 1/20 Initial Guess Perturbations
Iteration 2499/3500-----
J=1.2e-02, ⟨Jf⟩=1.2e-03, ⟨B·n⟩=8.3e-03, Len=sum([4.8, 4.6, 4.2])=13.5, ϰ=[4.9, 5.2, 4.6], ∫ϰ²/L>=[4.8, 6.1, 6.3], C-C-Sep=0.20, ║∇J║=6.2e-04
-----On 1/20 Initial Guess Perturbations
Iteration 2500/3500-----
J=1.2e-02, ⟨Jf⟩=1.2e-03, ⟨B·n⟩=8.3e-03, Len=sum([4.8, 4.6, 4.2])=13.5, ϰ=[4.9, 5.2, 4.6], ∫ϰ²/L>=[4.8, 6.1, 6.3], C-C-Sep=0.20, ║∇J║=8.1e-04
-----On 1/20 Initial Guess Perturbations
Iteration 2501/3500-----
J=1.2e-02, ⟨Jf⟩=1.2e-03, ⟨B·n⟩=8.3e-03, Len=sum([4.8, 4.6, 4.2])=13.5, ϰ=[4.9, 5.2, 4.6], ∫ϰ²/L>=[4.8, 6.1, 6.3], C-C-Sep=0.20, ║∇J║=6.9e-04
-----On 1/20 Initial Guess Perturbations
Iteration 2502/3500-----
J=1.2e-02, ⟨Jf⟩=1.2e-03, ⟨B·n⟩=8.3e-03, Len=sum([4.8, 4.6, 4.2])=13.5, ϰ=[4.9, 5.2, 4.6], ∫ϰ²/L>=[4.8, 6.1, 6.3], C-C-Sep=0.20, ║∇J║=7.1e-04
-----On 1/20 Initial Guess Perturbations
Iteration 2503/3500-----
J=1.2e-02, ⟨Jf⟩=1.2e-03, ⟨B·n⟩=8.3e-03, Len=sum([4.8, 4.6, 4.2])=13.5, ϰ=[4.9, 5.2, 4.6], ∫ϰ²/L>=[4.8, 6.1, 6.3], C-C-Sep=0.20, ║∇J║=4.2e-04
-----On 1/20 Initial Guess Perturbations
Iteration 2504/3500-----
J=1.2e-02, ⟨Jf⟩=1.2e-03, ⟨B·n⟩=8.3e-03, Len=sum([4.8, 4.6, 4.2])=13.5, ϰ=[4.9, 5.2, 4.6], ∫ϰ²/L>=[4.8, 6.1, 6.3], C-C-Sep=0.20, ║∇J║=5.5e-04
-----On 1/20 Initial Guess Perturbations
Iteration 2505/3500-----
J=1.2e-02, ⟨Jf⟩=1.2e-03, ⟨B·n⟩=8.3e-03, Len=sum([4.8, 4.6, 4.2])=13.5, ϰ=[4.9, 5.2, 4.6], ∫ϰ²/L>=[4.8, 6.1, 6.3], C-C-Sep=0.20, ║∇J║=5.3e-04
-----On 1/20 Initial Guess Perturbations
Iteration 2506/3500-----
J=1.2e-02, ⟨Jf⟩=1.2e-03, ⟨B·n⟩=8.3e-03, Len=sum([4.8, 4.6, 4.2])=13.5, ϰ=[4.9, 5.2, 4.6], ∫ϰ²/L>=[4.8, 6.1, 6.3], C-C-Sep=0.20, ║∇J║=5.4e-04
-----On 1/20 Initial Guess Perturbations
Iteration 2507/3500-----
J=1.2e-02, ⟨Jf⟩=1.2e-03, ⟨B·n⟩=8.3e-03, Len=sum([4.8, 4.6, 4.2])=13.5, ϰ=[4.9, 5.2, 4.6], ∫ϰ²/L>=[4.8, 6.1, 6.3], C-C-Sep=0.20, ║∇J║=4.8e-04
-----On 1/20 Initial Guess Perturbations
Iteration 2508/3500-----
J=1.2e-02, ⟨Jf⟩=1.2e-03, ⟨B·n⟩=8.3e-03, Len=sum([4.8, 4.6, 4.2])=13.5, ϰ=[4.9, 5.2, 4.6], ∫ϰ²/L>=[4.8, 6.1, 6.3], C-C-Sep=0.20, ║∇J║=5.4e-04
-----On 1/20 Initial Guess Perturbations
Iteration 2509/3500-----
J=1.2e-02, ⟨Jf⟩=1.2e-03, ⟨B·n⟩=8.3e-03, Len=sum([4.8, 4.6, 4.2])=13.5, ϰ=[4.9, 5.2, 4.6], ∫ϰ²/L>=[4.8, 6.1, 6.3], C-C-Sep=0.20, ║∇J║=5.8e-04
-----On 1/20 Initial Guess Perturbations
Iteration 2510/3500-----
J=1.2e-02, ⟨Jf⟩=1.2e-03, ⟨B·n⟩=8.3e-03, Len=sum([4.8, 4.6, 4.2])=13.5, ϰ=[4.9, 5.2, 4.6], ∫ϰ²/L>=[4.8, 6.1, 6.3], C-C-Sep=0.20, ║∇J║=6.0e-04
-----On 1/20 Initial Guess Perturbations
Iteration 2511/3500-----
J=1.2e-02, ⟨Jf⟩=1.2e-03, ⟨B·n⟩=8.3e-03, Len=sum([4.8, 4.6, 4.2])=13.5, ϰ=[4.9, 5.2, 4.6], ∫ϰ²/L>=[4.8, 6.1, 6.3], C-C-Sep=0.20, ║∇J║=6.5e-04
-----On 1/20 Initial Guess Perturbations
Iteration 2512/3500-----
J=1.2e-02, ⟨Jf⟩=1.2e-03, ⟨B·n⟩=8.3e-03, Len=sum([4.8, 4.6, 4.2])=13.5, ϰ=[4.9, 5.3, 4.6], ∫ϰ²/L>=[4.8, 6.1, 6.3], C-C-Sep=0.20, ║∇J║=7.3e-04
-----On 1/20 Initial Guess Perturbations
Iteration 2513/3500-----
J=1.2e-02, ⟨Jf⟩=1.2e-03, ⟨B·n⟩=8.3e-03, Len=sum([4.8, 4.6, 4.2])=13.5, ϰ=[4.9, 5.3, 4.6], ∫ϰ²/L>=[4.8, 6.1, 6.3], C-C-Sep=0.20, ║∇J║=7.4e-04
-----On 1/20 Initial Guess Perturbations
Iteration 2514/3500-----
J=1.2e-02, ⟨Jf⟩=1.2e-03, ⟨B·n⟩=8.3e-03, Len=sum([4.8, 4.6, 4.2])=13.5, ϰ=[4.9, 5.3, 4.6], ∫ϰ²/L>=[4.8, 6.1, 6.3], C-C-Sep=0.20, ║∇J║=6.6e-04
-----On 1/20 Initial Guess Perturbations
Iteration 2515/3500-----
J=1.2e-02, ⟨Jf⟩=1.2e-03, ⟨B·n⟩=8.3e-03, Len=sum([4.8, 4.6, 4.2])=13.5, ϰ=[4.9, 5.3, 4.6], ∫ϰ²/L>=[4.8, 6.1, 6.3], C-C-Sep=0.20, ║∇J║=4.8e-04
-----On 1/20 Initial Guess Perturbations
Iteration 2516/3500-----
J=1.2e-02, ⟨Jf⟩=1.2e-03, ⟨B·n⟩=8.3e-03, Len=sum([4.8, 4.6, 4.2])=13.5, ϰ=[4.9, 5.3, 4.6], ∫ϰ²/L>=[4.8, 6.1, 6.3], C-C-Sep=0.20, ║∇J║=5.6e-04
-----On 1/20 Initial Guess Perturbations
Iteration 2517/3500-----
J=1.2e-02, ⟨Jf⟩=1.2e-03, ⟨B·n⟩=8.3e-03, Len=sum([4.8, 4.6, 4.2])=13.5, ϰ=[4.9, 5.3, 4.6], ∫ϰ²/L>=[4.8, 6.1, 6.3], C-C-Sep=0.20, ║∇J║=5.4e-04
-----On 1/20 Initial Guess Perturbations
Iteration 2518/3500-----
J=1.2e-02, ⟨Jf⟩=1.2e-03, ⟨B·n⟩=8.3e-03, Len=sum([4.8, 4.6, 4.2])=13.5, ϰ=[4.9, 5.3, 4.6], ∫ϰ²/L>=[4.8, 6.1, 6.3], C-C-Sep=0.20, ║∇J║=4.9e-04
-----On 1/20 Initial Guess Perturbations
Iteration 2519/3500-----
J=1.2e-02, ⟨Jf⟩=1.2e-03, ⟨B·n⟩=8.3e-03, Len=sum([4.8, 4.6, 4.2])=13.5, ϰ=[4.9, 5.3, 4.6], ∫ϰ²/L>=[4.8, 6.1, 6.3], C-C-Sep=0.20, ║∇J║=5.4e-04
-----On 1/20 Initial Guess Perturbations
Iteration 2520/3500-----
J=1.2e-02, ⟨Jf⟩=1.2e-03, ⟨B·n⟩=8.3e-03, Len=sum([4.8, 4.6, 4.2])=13.5, ϰ=[4.9, 5.3, 4.6], ∫ϰ²/L>=[4.8, 6.1, 6.3], C-C-Sep=0.20, ║∇J║=5.6e-04
-----On 1/20 Initial Guess Perturbations
Iteration 2521/3500-----
J=1.2e-02, ⟨Jf⟩=1.2e-03, ⟨B·n⟩=8.3e-03, Len=sum([4.8, 4.6, 4.2])=13.5, ϰ=[4.9, 5.3, 4.6], ∫ϰ²/L>=[4.8, 6.1, 6.3], C-C-Sep=0.20, ║∇J║=5.7e-04
-----On 1/20 Initial Guess Perturbations
Iteration 2522/3500-----
J=1.2e-02, ⟨Jf⟩=1.2e-03, ⟨B·n⟩=8.3e-03, Len=sum([4.8, 4.6, 4.2])=13.5, ϰ=[4.9, 5.3, 4.6], ∫ϰ²/L>=[4.8, 6.1, 6.3], C-C-Sep=0.20, ║∇J║=6.4e-04
-----On 1/20 Initial Guess Perturbations
Iteration 2523/3500-----
J=1.2e-02, ⟨Jf⟩=1.2e-03, ⟨B·n⟩=8.3e-03, Len=sum([4.8, 4.6, 4.2])=13.5, ϰ=[4.9, 5.3, 4.6], ∫ϰ²/L>=[4.8, 6.1, 6.3], C-C-Sep=0.20, ║∇J║=7.2e-04
-----On 1/20 Initial Guess Perturbations
Iteration 2524/3500-----
J=1.2e-02, ⟨Jf⟩=1.2e-03, ⟨B·n⟩=8.3e-03, Len=sum([4.8, 4.6, 4.2])=13.5, ϰ=[4.9, 5.3, 4.6], ∫ϰ²/L>=[4.8, 6.1, 6.3], C-C-Sep=0.20, ║∇J║=6.4e-04
-----On 1/20 Initial Guess Perturbations
Iteration 2525/3500-----
J=1.2e-02, ⟨Jf⟩=1.2e-03, ⟨B·n⟩=8.3e-03, Len=sum([4.8, 4.6, 4.2])=13.5, ϰ=[4.9, 5.3, 4.6], ∫ϰ²/L>=[4.8, 6.1, 6.3], C-C-Sep=0.20, ║∇J║=6.0e-04
-----On 1/20 Initial Guess Perturbations
Iteration 2526/3500-----
J=1.2e-02, ⟨Jf⟩=1.2e-03, ⟨B·n⟩=8.3e-03, Len=sum([4.8, 4.6, 4.2])=13.5, ϰ=[4.9, 5.2, 4.6], ∫ϰ²/L>=[4.8, 6.1, 6.3], C-C-Sep=0.20, ║∇J║=5.6e-04
-----On 1/20 Initial Guess Perturbations
Iteration 2527/3500-----
J=1.2e-02, ⟨Jf⟩=1.2e-03, ⟨B·n⟩=8.3e-03, Len=sum([4.8, 4.6, 4.2])=13.5, ϰ=[4.9, 5.2, 4.6], ∫ϰ²/L>=[4.8, 6.1, 6.3], C-C-Sep=0.20, ║∇J║=6.7e-04
-----On 1/20 Initial Guess Perturbations
Iteration 2528/3500-----
J=1.2e-02, ⟨Jf⟩=1.2e-03, ⟨B·n⟩=8.3e-03, Len=sum([4.8, 4.6, 4.2])=13.5, ϰ=[4.9, 5.2, 4.6], ∫ϰ²/L>=[4.8, 6.1, 6.3], C-C-Sep=0.20, ║∇J║=6.9e-04
-----On 1/20 Initial Guess Perturbations
Iteration 2529/3500-----
J=1.2e-02, ⟨Jf⟩=1.2e-03, ⟨B·n⟩=8.3e-03, Len=sum([4.8, 4.6, 4.2])=13.5, ϰ=[4.9, 5.2, 4.6], ∫ϰ²/L>=[4.8, 6.1, 6.3], C-C-Sep=0.20, ║∇J║=6.3e-04
-----On 1/20 Initial Guess Perturbations
Iteration 2530/3500-----
J=1.2e-02, ⟨Jf⟩=1.2e-03, ⟨B·n⟩=8.3e-03, Len=sum([4.8, 4.6, 4.2])=13.5, ϰ=[4.9, 5.2, 4.6], ∫ϰ²/L>=[4.8, 6.1, 6.3], C-C-Sep=0.20, ║∇J║=5.5e-04
-----On 1/20 Initial Guess Perturbations
Iteration 2531/3500-----
J=1.2e-02, ⟨Jf⟩=1.2e-03, ⟨B·n⟩=8.3e-03, Len=sum([4.8, 4.6, 4.2])=13.5, ϰ=[4.9, 5.2, 4.6], ∫ϰ²/L>=[4.8, 6.1, 6.3], C-C-Sep=0.20, ║∇J║=5.9e-04
-----On 1/20 Initial Guess Perturbations
Iteration 2532/3500-----
J=1.2e-02, ⟨Jf⟩=1.2e-03, ⟨B·n⟩=8.3e-03, Len=sum([4.8, 4.6, 4.2])=13.5, ϰ=[4.9, 5.2, 4.6], ∫ϰ²/L>=[4.8, 6.1, 6.3], C-C-Sep=0.20, ║∇J║=5.8e-04
-----On 1/20 Initial Guess Perturbations
Iteration 2533/3500-----
J=1.2e-02, ⟨Jf⟩=1.2e-03, ⟨B·n⟩=8.3e-03, Len=sum([4.8, 4.6, 4.2])=13.5, ϰ=[4.9, 5.2, 4.6], ∫ϰ²/L>=[4.8, 6.1, 6.3], C-C-Sep=0.20, ║∇J║=5.2e-04
-----On 1/20 Initial Guess Perturbations
Iteration 2534/3500-----
J=1.2e-02, ⟨Jf⟩=1.2e-03, ⟨B·n⟩=8.3e-03, Len=sum([4.8, 4.6, 4.2])=13.5, ϰ=[4.9, 5.2, 4.6], ∫ϰ²/L>=[4.8, 6.1, 6.3], C-C-Sep=0.20, ║∇J║=5.4e-04
-----On 1/20 Initial Guess Perturbations
Iteration 2535/3500-----
J=1.2e-02, ⟨Jf⟩=1.2e-03, ⟨B·n⟩=8.3e-03, Len=sum([4.8, 4.6, 4.2])=13.5, ϰ=[4.9, 5.2, 4.6], ∫ϰ²/L>=[4.8, 6.1, 6.3], C-C-Sep=0.20, ║∇J║=4.7e-04
-----On 1/20 Initial Guess Perturbations
Iteration 2536/3500-----
J=1.2e-02, ⟨Jf⟩=1.3e-03, ⟨B·n⟩=8.3e-03, Len=sum([4.8, 4.6, 4.2])=13.5, ϰ=[4.9, 5.2, 4.6], ∫ϰ²/L>=[4.8, 6.1, 6.3], C-C-Sep=0.20, ║∇J║=5.3e-04
-----On 1/20 Initial Guess Perturbations
Iteration 2537/3500-----
J=1.2e-02, ⟨Jf⟩=1.2e-03, ⟨B·n⟩=8.3e-03, Len=sum([4.8, 4.6, 4.2])=13.5, ϰ=[4.9, 5.2, 4.6], ∫ϰ²/L>=[4.8, 6.1, 6.3], C-C-Sep=0.20, ║∇J║=7.8e-04
-----On 1/20 Initial Guess Perturbations
Iteration 2538/3500-----
J=1.2e-02, ⟨Jf⟩=1.2e-03, ⟨B·n⟩=8.3e-03, Len=sum([4.8, 4.6, 4.2])=13.5, ϰ=[4.9, 5.2, 4.6], ∫ϰ²/L>=[4.8, 6.1, 6.3], C-C-Sep=0.20, ║∇J║=5.4e-04
-----On 1/20 Initial Guess Perturbations
Iteration 2539/3500-----
J=1.2e-02, ⟨Jf⟩=1.3e-03, ⟨B·n⟩=8.3e-03, Len=sum([4.8, 4.6, 4.2])=13.5, ϰ=[4.9, 5.2, 4.6], ∫ϰ²/L>=[4.8, 6.1, 6.3], C-C-Sep=0.20, ║∇J║=8.0e-04
-----On 1/20 Initial Guess Perturbations
Iteration 2540/3500-----
J=1.2e-02, ⟨Jf⟩=1.2e-03, ⟨B·n⟩=8.3e-03, Len=sum([4.8, 4.6, 4.2])=13.5, ϰ=[4.9, 5.2, 4.6], ∫ϰ²/L>=[4.8, 6.1, 6.3], C-C-Sep=0.20, ║∇J║=5.0e-04
-----On 1/20 Initial Guess Perturbations
Iteration 2541/3500-----
J=1.2e-02, ⟨Jf⟩=1.2e-03, ⟨B·n⟩=8.3e-03, Len=sum([4.8, 4.6, 4.2])=13.5, ϰ=[4.9, 5.2, 4.6], ∫ϰ²/L>=[4.8, 6.1, 6.3], C-C-Sep=0.20, ║∇J║=4.8e-04
-----On 1/20 Initial Guess Perturbations
Iteration 2542/3500-----
J=1.2e-02, ⟨Jf⟩=1.2e-03, ⟨B·n⟩=8.3e-03, Len=sum([4.8, 4.6, 4.2])=13.5, ϰ=[4.9, 5.2, 4.6], ∫ϰ²/L>=[4.8, 6.1, 6.3], C-C-Sep=0.20, ║∇J║=4.8e-04
-----On 1/20 Initial Guess Perturbations
Iteration 2543/3500-----
J=1.2e-02, ⟨Jf⟩=1.2e-03, ⟨B·n⟩=8.3e-03, Len=sum([4.8, 4.6, 4.2])=13.5, ϰ=[4.9, 5.2, 4.6], ∫ϰ²/L>=[4.8, 6.1, 6.3], C-C-Sep=0.20, ║∇J║=4.5e-04
-----On 1/20 Initial Guess Perturbations
Iteration 2544/3500-----
J=1.2e-02, ⟨Jf⟩=1.2e-03, ⟨B·n⟩=8.3e-03, Len=sum([4.8, 4.6, 4.2])=13.5, ϰ=[4.9, 5.2, 4.6], ∫ϰ²/L>=[4.8, 6.1, 6.3], C-C-Sep=0.20, ║∇J║=4.7e-04
-----On 1/20 Initial Guess Perturbations
Iteration 2545/3500-----
J=1.2e-02, ⟨Jf⟩=1.2e-03, ⟨B·n⟩=8.3e-03, Len=sum([4.8, 4.6, 4.2])=13.5, ϰ=[4.9, 5.2, 4.6], ∫ϰ²/L>=[4.8, 6.1, 6.3], C-C-Sep=0.20, ║∇J║=5.0e-04
-----On 1/20 Initial Guess Perturbations
Iteration 2546/3500-----
J=1.2e-02, ⟨Jf⟩=1.2e-03, ⟨B·n⟩=8.3e-03, Len=sum([4.8, 4.6, 4.2])=13.5, ϰ=[4.9, 5.2, 4.6], ∫ϰ²/L>=[4.8, 6.1, 6.3], C-C-Sep=0.20, ║∇J║=4.8e-04
-----On 1/20 Initial Guess Perturbations
Iteration 2547/3500-----
J=1.2e-02, ⟨Jf⟩=1.2e-03, ⟨B·n⟩=8.3e-03, Len=sum([4.8, 4.6, 4.2])=13.5, ϰ=[4.9, 5.2, 4.6], ∫ϰ²/L>=[4.8, 6.1, 6.3], C-C-Sep=0.20, ║∇J║=4.6e-04
-----On 1/20 Initial Guess Perturbations
Iteration 2548/3500-----
J=1.2e-02, ⟨Jf⟩=1.2e-03, ⟨B·n⟩=8.3e-03, Len=sum([4.8, 4.6, 4.2])=13.5, ϰ=[4.9, 5.2, 4.6], ∫ϰ²/L>=[4.8, 6.1, 6.3], C-C-Sep=0.20, ║∇J║=4.5e-04
-----On 1/20 Initial Guess Perturbations
Iteration 2549/3500-----
J=1.2e-02, ⟨Jf⟩=1.3e-03, ⟨B·n⟩=8.3e-03, Len=sum([4.8, 4.6, 4.2])=13.5, ϰ=[4.9, 5.2, 4.6], ∫ϰ²/L>=[4.8, 6.1, 6.3], C-C-Sep=0.20, ║∇J║=5.0e-04
-----On 1/20 Initial Guess Perturbations
Iteration 2550/3500-----
J=1.2e-02, ⟨Jf⟩=1.2e-03, ⟨B·n⟩=8.3e-03, Len=sum([4.8, 4.6, 4.2])=13.5, ϰ=[4.9, 5.2, 4.6], ∫ϰ²/L>=[4.8, 6.1, 6.3], C-C-Sep=0.20, ║∇J║=5.6e-04
-----On 1/20 Initial Guess Perturbations
Iteration 2551/3500-----
J=1.2e-02, ⟨Jf⟩=1.2e-03, ⟨B·n⟩=8.3e-03, Len=sum([4.8, 4.6, 4.2])=13.5, ϰ=[4.9, 5.2, 4.6], ∫ϰ²/L>=[4.8, 6.1, 6.3], C-C-Sep=0.20, ║∇J║=5.7e-04
-----On 1/20 Initial Guess Perturbations
Iteration 2552/3500-----
J=1.2e-02, ⟨Jf⟩=1.2e-03, ⟨B·n⟩=8.3e-03, Len=sum([4.8, 4.6, 4.2])=13.5, ϰ=[4.9, 5.2, 4.6], ∫ϰ²/L>=[4.8, 6.1, 6.3], C-C-Sep=0.20, ║∇J║=4.3e-04
-----On 1/20 Initial Guess Perturbations
Iteration 2553/3500-----
J=1.2e-02, ⟨Jf⟩=1.2e-03, ⟨B·n⟩=8.3e-03, Len=sum([4.8, 4.6, 4.2])=13.5, ϰ=[4.9, 5.2, 4.6], ∫ϰ²/L>=[4.8, 6.1, 6.3], C-C-Sep=0.20, ║∇J║=4.5e-04
-----On 1/20 Initial Guess Perturbations
Iteration 2554/3500-----
J=1.2e-02, ⟨Jf⟩=1.2e-03, ⟨B·n⟩=8.3e-03, Len=sum([4.8, 4.6, 4.2])=13.5, ϰ=[4.9, 5.2, 4.6], ∫ϰ²/L>=[4.8, 6.1, 6.3], C-C-Sep=0.20, ║∇J║=6.2e-04
-----On 1/20 Initial Guess Perturbations
Iteration 2555/3500-----
J=1.2e-02, ⟨Jf⟩=1.2e-03, ⟨B·n⟩=8.3e-03, Len=sum([4.8, 4.6, 4.2])=13.5, ϰ=[4.9, 5.2, 4.6], ∫ϰ²/L>=[4.8, 6.1, 6.3], C-C-Sep=0.20, ║∇J║=6.2e-04
-----On 1/20 Initial Guess Perturbations
Iteration 2556/3500-----
J=1.2e-02, ⟨Jf⟩=1.2e-03, ⟨B·n⟩=8.3e-03, Len=sum([4.8, 4.6, 4.2])=13.5, ϰ=[4.9, 5.2, 4.6], ∫ϰ²/L>=[4.8, 6.1, 6.3], C-C-Sep=0.20, ║∇J║=5.7e-04
-----On 1/20 Initial Guess Perturbations
Iteration 2557/3500-----
J=1.2e-02, ⟨Jf⟩=1.2e-03, ⟨B·n⟩=8.3e-03, Len=sum([4.8, 4.6, 4.2])=13.5, ϰ=[4.9, 5.2, 4.6], ∫ϰ²/L>=[4.8, 6.1, 6.3], C-C-Sep=0.20, ║∇J║=4.9e-04
-----On 1/20 Initial Guess Perturbations
Iteration 2558/3500-----
J=1.2e-02, ⟨Jf⟩=1.2e-03, ⟨B·n⟩=8.3e-03, Len=sum([4.8, 4.6, 4.2])=13.5, ϰ=[4.9, 5.2, 4.6], ∫ϰ²/L>=[4.8, 6.1, 6.3], C-C-Sep=0.20, ║∇J║=4.7e-04
-----On 1/20 Initial Guess Perturbations
Iteration 2559/3500-----
J=1.2e-02, ⟨Jf⟩=1.2e-03, ⟨B·n⟩=8.3e-03, Len=sum([4.8, 4.6, 4.2])=13.5, ϰ=[4.9, 5.2, 4.6], ∫ϰ²/L>=[4.8, 6.1, 6.3], C-C-Sep=0.20, ║∇J║=5.1e-04
-----On 1/20 Initial Guess Perturbations
Iteration 2560/3500-----
J=1.2e-02, ⟨Jf⟩=1.2e-03, ⟨B·n⟩=8.3e-03, Len=sum([4.8, 4.6, 4.2])=13.5, ϰ=[4.9, 5.2, 4.6], ∫ϰ²/L>=[4.8, 6.1, 6.3], C-C-Sep=0.20, ║∇J║=5.0e-04
-----On 1/20 Initial Guess Perturbations
Iteration 2561/3500-----
J=1.2e-02, ⟨Jf⟩=1.3e-03, ⟨B·n⟩=8.3e-03, Len=sum([4.8, 4.6, 4.2])=13.5, ϰ=[4.9, 5.2, 4.6], ∫ϰ²/L>=[4.8, 6.1, 6.3], C-C-Sep=0.20, ║∇J║=5.4e-04
-----On 1/20 Initial Guess Perturbations
Iteration 2562/3500-----
J=1.2e-02, ⟨Jf⟩=1.3e-03, ⟨B·n⟩=8.3e-03, Len=sum([4.8, 4.6, 4.2])=13.5, ϰ=[4.9, 5.2, 4.6], ∫ϰ²/L>=[4.8, 6.1, 6.3], C-C-Sep=0.20, ║∇J║=5.0e-04
-----On 1/20 Initial Guess Perturbations
Iteration 2563/3500-----
J=1.2e-02, ⟨Jf⟩=1.3e-03, ⟨B·n⟩=8.3e-03, Len=sum([4.8, 4.6, 4.2])=13.5, ϰ=[4.9, 5.2, 4.6], ∫ϰ²/L>=[4.8, 6.1, 6.3], C-C-Sep=0.20, ║∇J║=5.0e-04
-----On 1/20 Initial Guess Perturbations
Iteration 2564/3500-----
J=1.2e-02, ⟨Jf⟩=1.3e-03, ⟨B·n⟩=8.3e-03, Len=sum([4.8, 4.6, 4.2])=13.5, ϰ=[4.9, 5.2, 4.6], ∫ϰ²/L>=[4.8, 6.1, 6.3], C-C-Sep=0.20, ║∇J║=5.4e-04
-----On 1/20 Initial Guess Perturbations
Iteration 2565/3500-----
J=1.2e-02, ⟨Jf⟩=1.2e-03, ⟨B·n⟩=8.3e-03, Len=sum([4.8, 4.6, 4.2])=13.5, ϰ=[4.9, 5.2, 4.6], ∫ϰ²/L>=[4.8, 6.1, 6.3], C-C-Sep=0.20, ║∇J║=4.9e-04
-----On 1/20 Initial Guess Perturbations
Iteration 2566/3500-----
J=1.2e-02, ⟨Jf⟩=1.2e-03, ⟨B·n⟩=8.3e-03, Len=sum([4.8, 4.6, 4.2])=13.5, ϰ=[4.9, 5.2, 4.6], ∫ϰ²/L>=[4.8, 6.1, 6.3], C-C-Sep=0.20, ║∇J║=8.4e-04
-----On 1/20 Initial Guess Perturbations
Iteration 2567/3500-----
J=1.2e-02, ⟨Jf⟩=1.2e-03, ⟨B·n⟩=8.3e-03, Len=sum([4.8, 4.6, 4.2])=13.5, ϰ=[4.9, 5.2, 4.6], ∫ϰ²/L>=[4.8, 6.1, 6.3], C-C-Sep=0.20, ║∇J║=6.1e-04
-----On 1/20 Initial Guess Perturbations
Iteration 2568/3500-----
J=1.2e-02, ⟨Jf⟩=1.2e-03, ⟨B·n⟩=8.3e-03, Len=sum([4.8, 4.6, 4.2])=13.5, ϰ=[4.9, 5.2, 4.6], ∫ϰ²/L>=[4.8, 6.1, 6.3], C-C-Sep=0.20, ║∇J║=4.5e-04
-----On 1/20 Initial Guess Perturbations
Iteration 2569/3500-----
J=1.2e-02, ⟨Jf⟩=1.2e-03, ⟨B·n⟩=8.3e-03, Len=sum([4.8, 4.6, 4.2])=13.5, ϰ=[4.9, 5.2, 4.6], ∫ϰ²/L>=[4.8, 6.1, 6.3], C-C-Sep=0.20, ║∇J║=4.1e-04
-----On 1/20 Initial Guess Perturbations
Iteration 2570/3500-----
J=1.2e-02, ⟨Jf⟩=1.2e-03, ⟨B·n⟩=8.3e-03, Len=sum([4.8, 4.6, 4.2])=13.5, ϰ=[4.9, 5.2, 4.6], ∫ϰ²/L>=[4.8, 6.1, 6.3], C-C-Sep=0.20, ║∇J║=4.4e-04
-----On 1/20 Initial Guess Perturbations
Iteration 2571/3500-----
J=1.2e-02, ⟨Jf⟩=1.3e-03, ⟨B·n⟩=8.3e-03, Len=sum([4.8, 4.6, 4.2])=13.5, ϰ=[4.9, 5.2, 4.6], ∫ϰ²/L>=[4.8, 6.1, 6.3], C-C-Sep=0.20, ║∇J║=6.1e-04
-----On 1/20 Initial Guess Perturbations
Iteration 2572/3500-----
J=1.2e-02, ⟨Jf⟩=1.2e-03, ⟨B·n⟩=8.3e-03, Len=sum([4.8, 4.6, 4.2])=13.5, ϰ=[4.9, 5.2, 4.6], ∫ϰ²/L>=[4.8, 6.1, 6.3], C-C-Sep=0.20, ║∇J║=5.6e-04
-----On 1/20 Initial Guess Perturbations
Iteration 2573/3500-----
J=1.2e-02, ⟨Jf⟩=1.2e-03, ⟨B·n⟩=8.3e-03, Len=sum([4.8, 4.6, 4.2])=13.5, ϰ=[4.9, 5.2, 4.6], ∫ϰ²/L>=[4.8, 6.1, 6.3], C-C-Sep=0.20, ║∇J║=5.5e-04
-----On 1/20 Initial Guess Perturbations
Iteration 2574/3500-----
J=1.2e-02, ⟨Jf⟩=1.2e-03, ⟨B·n⟩=8.3e-03, Len=sum([4.8, 4.6, 4.2])=13.5, ϰ=[4.9, 5.2, 4.6], ∫ϰ²/L>=[4.8, 6.1, 6.3], C-C-Sep=0.20, ║∇J║=7.0e-04
-----On 1/20 Initial Guess Perturbations
Iteration 2575/3500-----
J=1.2e-02, ⟨Jf⟩=1.2e-03, ⟨B·n⟩=8.3e-03, Len=sum([4.8, 4.6, 4.2])=13.5, ϰ=[4.9, 5.2, 4.6], ∫ϰ²/L>=[4.8, 6.1, 6.3], C-C-Sep=0.20, ║∇J║=5.8e-04
-----On 1/20 Initial Guess Perturbations
Iteration 2576/3500-----
J=1.2e-02, ⟨Jf⟩=1.2e-03, ⟨B·n⟩=8.3e-03, Len=sum([4.8, 4.6, 4.2])=13.5, ϰ=[4.9, 5.2, 4.6], ∫ϰ²/L>=[4.8, 6.1, 6.3], C-C-Sep=0.20, ║∇J║=6.1e-04
-----On 1/20 Initial Guess Perturbations
Iteration 2577/3500-----
J=1.2e-02, ⟨Jf⟩=1.2e-03, ⟨B·n⟩=8.3e-03, Len=sum([4.8, 4.6, 4.2])=13.5, ϰ=[4.9, 5.2, 4.6], ∫ϰ²/L>=[4.8, 6.1, 6.3], C-C-Sep=0.20, ║∇J║=5.7e-04
-----On 1/20 Initial Guess Perturbations
Iteration 2578/3500-----
J=1.2e-02, ⟨Jf⟩=1.2e-03, ⟨B·n⟩=8.3e-03, Len=sum([4.8, 4.6, 4.2])=13.5, ϰ=[4.9, 5.2, 4.6], ∫ϰ²/L>=[4.8, 6.1, 6.3], C-C-Sep=0.20, ║∇J║=6.1e-04
-----On 1/20 Initial Guess Perturbations
Iteration 2579/3500-----
J=1.2e-02, ⟨Jf⟩=1.2e-03, ⟨B·n⟩=8.3e-03, Len=sum([4.8, 4.6, 4.2])=13.5, ϰ=[4.9, 5.2, 4.6], ∫ϰ²/L>=[4.8, 6.1, 6.3], C-C-Sep=0.20, ║∇J║=5.1e-04
-----On 1/20 Initial Guess Perturbations
Iteration 2580/3500-----
J=1.2e-02, ⟨Jf⟩=1.2e-03, ⟨B·n⟩=8.3e-03, Len=sum([4.8, 4.6, 4.2])=13.5, ϰ=[4.9, 5.2, 4.6], ∫ϰ²/L>=[4.8, 6.1, 6.3], C-C-Sep=0.20, ║∇J║=4.1e-04
-----On 1/20 Initial Guess Perturbations
Iteration 2581/3500-----
J=1.2e-02, ⟨Jf⟩=1.2e-03, ⟨B·n⟩=8.3e-03, Len=sum([4.8, 4.6, 4.2])=13.5, ϰ=[4.9, 5.2, 4.6], ∫ϰ²/L>=[4.8, 6.1, 6.3], C-C-Sep=0.20, ║∇J║=5.1e-04
-----On 1/20 Initial Guess Perturbations
Iteration 2582/3500-----
J=1.2e-02, ⟨Jf⟩=1.2e-03, ⟨B·n⟩=8.3e-03, Len=sum([4.8, 4.6, 4.2])=13.5, ϰ=[4.9, 5.2, 4.6], ∫ϰ²/L>=[4.8, 6.1, 6.3], C-C-Sep=0.20, ║∇J║=6.4e-04
-----On 1/20 Initial Guess Perturbations
Iteration 2583/3500-----
J=1.2e-02, ⟨Jf⟩=1.2e-03, ⟨B·n⟩=8.3e-03, Len=sum([4.8, 4.6, 4.2])=13.5, ϰ=[4.9, 5.2, 4.6], ∫ϰ²/L>=[4.8, 6.1, 6.3], C-C-Sep=0.20, ║∇J║=4.6e-04
-----On 1/20 Initial Guess Perturbations
Iteration 2584/3500-----
J=1.2e-02, ⟨Jf⟩=1.2e-03, ⟨B·n⟩=8.3e-03, Len=sum([4.8, 4.6, 4.2])=13.5, ϰ=[4.9, 5.2, 4.6], ∫ϰ²/L>=[4.8, 6.1, 6.3], C-C-Sep=0.20, ║∇J║=6.0e-04
-----On 1/20 Initial Guess Perturbations
Iteration 2585/3500-----
J=1.2e-02, ⟨Jf⟩=1.2e-03, ⟨B·n⟩=8.3e-03, Len=sum([4.8, 4.6, 4.2])=13.5, ϰ=[4.9, 5.3, 4.6], ∫ϰ²/L>=[4.8, 6.1, 6.3], C-C-Sep=0.20, ║∇J║=5.6e-04
-----On 1/20 Initial Guess Perturbations
Iteration 2586/3500-----
J=1.2e-02, ⟨Jf⟩=1.2e-03, ⟨B·n⟩=8.3e-03, Len=sum([4.8, 4.6, 4.2])=13.5, ϰ=[4.9, 5.3, 4.6], ∫ϰ²/L>=[4.8, 6.1, 6.3], C-C-Sep=0.20, ║∇J║=4.9e-04
-----On 1/20 Initial Guess Perturbations
Iteration 2587/3500-----
J=1.2e-02, ⟨Jf⟩=1.2e-03, ⟨B·n⟩=8.3e-03, Len=sum([4.8, 4.6, 4.2])=13.5, ϰ=[4.9, 5.3, 4.6], ∫ϰ²/L>=[4.8, 6.1, 6.3], C-C-Sep=0.20, ║∇J║=5.7e-04
-----On 1/20 Initial Guess Perturbations
Iteration 2588/3500-----
J=1.2e-02, ⟨Jf⟩=1.2e-03, ⟨B·n⟩=8.3e-03, Len=sum([4.8, 4.6, 4.2])=13.5, ϰ=[4.9, 5.3, 4.6], ∫ϰ²/L>=[4.8, 6.1, 6.3], C-C-Sep=0.20, ║∇J║=5.5e-04
-----On 1/20 Initial Guess Perturbations
Iteration 2589/3500-----
J=1.2e-02, ⟨Jf⟩=1.2e-03, ⟨B·n⟩=8.3e-03, Len=sum([4.8, 4.6, 4.2])=13.5, ϰ=[4.9, 5.3, 4.6], ∫ϰ²/L>=[4.8, 6.1, 6.3], C-C-Sep=0.20, ║∇J║=5.3e-04
-----On 1/20 Initial Guess Perturbations
Iteration 2590/3500-----
J=1.2e-02, ⟨Jf⟩=1.2e-03, ⟨B·n⟩=8.3e-03, Len=sum([4.8, 4.6, 4.2])=13.5, ϰ=[4.9, 5.3, 4.6], ∫ϰ²/L>=[4.8, 6.2, 6.3], C-C-Sep=0.20, ║∇J║=4.9e-04
-----On 1/20 Initial Guess Perturbations
Iteration 2591/3500-----
J=1.2e-02, ⟨Jf⟩=1.2e-03, ⟨B·n⟩=8.3e-03, Len=sum([4.8, 4.6, 4.2])=13.5, ϰ=[4.9, 5.3, 4.6], ∫ϰ²/L>=[4.8, 6.2, 6.3], C-C-Sep=0.20, ║∇J║=5.3e-04
-----On 1/20 Initial Guess Perturbations
Iteration 2592/3500-----
J=1.2e-02, ⟨Jf⟩=1.2e-03, ⟨B·n⟩=8.3e-03, Len=sum([4.8, 4.6, 4.2])=13.5, ϰ=[4.9, 5.3, 4.6], ∫ϰ²/L>=[4.8, 6.2, 6.3], C-C-Sep=0.20, ║∇J║=5.3e-04
-----On 1/20 Initial Guess Perturbations
Iteration 2593/3500-----
J=1.2e-02, ⟨Jf⟩=1.2e-03, ⟨B·n⟩=8.3e-03, Len=sum([4.8, 4.6, 4.2])=13.5, ϰ=[4.9, 5.3, 4.6], ∫ϰ²/L>=[4.8, 6.2, 6.3], C-C-Sep=0.20, ║∇J║=4.3e-04
-----On 1/20 Initial Guess Perturbations
Iteration 2594/3500-----
J=1.2e-02, ⟨Jf⟩=1.2e-03, ⟨B·n⟩=8.3e-03, Len=sum([4.8, 4.6, 4.2])=13.5, ϰ=[4.9, 5.3, 4.6], ∫ϰ²/L>=[4.8, 6.2, 6.3], C-C-Sep=0.20, ║∇J║=5.3e-04
-----On 1/20 Initial Guess Perturbations
Iteration 2595/3500-----
J=1.2e-02, ⟨Jf⟩=1.2e-03, ⟨B·n⟩=8.3e-03, Len=sum([4.8, 4.6, 4.2])=13.5, ϰ=[4.9, 5.3, 4.6], ∫ϰ²/L>=[4.8, 6.2, 6.3], C-C-Sep=0.20, ║∇J║=4.7e-04
-----On 1/20 Initial Guess Perturbations
Iteration 2596/3500-----
J=1.2e-02, ⟨Jf⟩=1.2e-03, ⟨B·n⟩=8.3e-03, Len=sum([4.8, 4.6, 4.2])=13.5, ϰ=[4.9, 5.3, 4.6], ∫ϰ²/L>=[4.8, 6.2, 6.3], C-C-Sep=0.20, ║∇J║=6.1e-04
-----On 1/20 Initial Guess Perturbations
Iteration 2597/3500-----
J=1.2e-02, ⟨Jf⟩=1.2e-03, ⟨B·n⟩=8.3e-03, Len=sum([4.8, 4.6, 4.2])=13.5, ϰ=[4.9, 5.3, 4.6], ∫ϰ²/L>=[4.8, 6.2, 6.3], C-C-Sep=0.20, ║∇J║=5.5e-04
-----On 1/20 Initial Guess Perturbations
Iteration 2598/3500-----
J=1.2e-02, ⟨Jf⟩=1.2e-03, ⟨B·n⟩=8.3e-03, Len=sum([4.8, 4.6, 4.2])=13.5, ϰ=[4.9, 5.3, 4.6], ∫ϰ²/L>=[4.8, 6.2, 6.3], C-C-Sep=0.20, ║∇J║=5.8e-04
-----On 1/20 Initial Guess Perturbations
Iteration 2599/3500-----
J=1.2e-02, ⟨Jf⟩=1.2e-03, ⟨B·n⟩=8.3e-03, Len=sum([4.8, 4.6, 4.2])=13.5, ϰ=[4.9, 5.3, 4.6], ∫ϰ²/L>=[4.8, 6.2, 6.3], C-C-Sep=0.20, ║∇J║=4.9e-04
-----On 1/20 Initial Guess Perturbations
Iteration 2600/3500-----
J=1.2e-02, ⟨Jf⟩=1.2e-03, ⟨B·n⟩=8.3e-03, Len=sum([4.8, 4.6, 4.2])=13.5, ϰ=[4.9, 5.3, 4.6], ∫ϰ²/L>=[4.8, 6.2, 6.3], C-C-Sep=0.20, ║∇J║=5.7e-04
-----On 1/20 Initial Guess Perturbations
Iteration 2601/3500-----
J=1.2e-02, ⟨Jf⟩=1.2e-03, ⟨B·n⟩=8.3e-03, Len=sum([4.8, 4.6, 4.2])=13.5, ϰ=[4.9, 5.3, 4.6], ∫ϰ²/L>=[4.8, 6.2, 6.3], C-C-Sep=0.20, ║∇J║=4.9e-04
-----On 1/20 Initial Guess Perturbations
Iteration 2602/3500-----
J=1.2e-02, ⟨Jf⟩=1.2e-03, ⟨B·n⟩=8.3e-03, Len=sum([4.8, 4.6, 4.2])=13.5, ϰ=[4.9, 5.3, 4.6], ∫ϰ²/L>=[4.8, 6.2, 6.3], C-C-Sep=0.20, ║∇J║=4.7e-04
-----On 1/20 Initial Guess Perturbations
Iteration 2603/3500-----
J=1.2e-02, ⟨Jf⟩=1.2e-03, ⟨B·n⟩=8.3e-03, Len=sum([4.8, 4.6, 4.2])=13.5, ϰ=[4.9, 5.3, 4.6], ∫ϰ²/L>=[4.8, 6.2, 6.3], C-C-Sep=0.20, ║∇J║=4.6e-04
-----On 1/20 Initial Guess Perturbations
Iteration 2604/3500-----
J=1.2e-02, ⟨Jf⟩=1.2e-03, ⟨B·n⟩=8.3e-03, Len=sum([4.8, 4.6, 4.2])=13.5, ϰ=[4.9, 5.3, 4.6], ∫ϰ²/L>=[4.8, 6.2, 6.3], C-C-Sep=0.20, ║∇J║=5.1e-04
-----On 1/20 Initial Guess Perturbations
Iteration 2605/3500-----
J=1.2e-02, ⟨Jf⟩=1.2e-03, ⟨B·n⟩=8.3e-03, Len=sum([4.8, 4.6, 4.2])=13.5, ϰ=[4.9, 5.3, 4.6], ∫ϰ²/L>=[4.8, 6.2, 6.3], C-C-Sep=0.20, ║∇J║=6.3e-04
-----On 1/20 Initial Guess Perturbations
Iteration 2606/3500-----
J=1.2e-02, ⟨Jf⟩=1.2e-03, ⟨B·n⟩=8.3e-03, Len=sum([4.8, 4.6, 4.2])=13.5, ϰ=[4.9, 5.3, 4.6], ∫ϰ²/L>=[4.8, 6.2, 6.3], C-C-Sep=0.20, ║∇J║=4.7e-04
-----On 1/20 Initial Guess Perturbations
Iteration 2607/3500-----
J=1.2e-02, ⟨Jf⟩=1.2e-03, ⟨B·n⟩=8.3e-03, Len=sum([4.8, 4.6, 4.2])=13.5, ϰ=[4.9, 5.3, 4.6], ∫ϰ²/L>=[4.8, 6.2, 6.3], C-C-Sep=0.20, ║∇J║=5.3e-04
-----On 1/20 Initial Guess Perturbations
Iteration 2608/3500-----
J=1.2e-02, ⟨Jf⟩=1.2e-03, ⟨B·n⟩=8.3e-03, Len=sum([4.8, 4.6, 4.2])=13.5, ϰ=[4.9, 5.3, 4.6], ∫ϰ²/L>=[4.8, 6.2, 6.3], C-C-Sep=0.20, ║∇J║=5.0e-04
-----On 1/20 Initial Guess Perturbations
Iteration 2609/3500-----
J=1.2e-02, ⟨Jf⟩=1.2e-03, ⟨B·n⟩=8.3e-03, Len=sum([4.8, 4.6, 4.2])=13.5, ϰ=[4.9, 5.3, 4.5], ∫ϰ²/L>=[4.8, 6.2, 6.3], C-C-Sep=0.20, ║∇J║=5.3e-04
-----On 1/20 Initial Guess Perturbations
Iteration 2610/3500-----
J=1.2e-02, ⟨Jf⟩=1.2e-03, ⟨B·n⟩=8.3e-03, Len=sum([4.8, 4.6, 4.2])=13.5, ϰ=[4.9, 5.3, 4.5], ∫ϰ²/L>=[4.8, 6.2, 6.3], C-C-Sep=0.20, ║∇J║=8.9e-04
-----On 1/20 Initial Guess Perturbations
Iteration 2611/3500-----
J=1.2e-02, ⟨Jf⟩=1.2e-03, ⟨B·n⟩=8.3e-03, Len=sum([4.8, 4.6, 4.2])=13.5, ϰ=[4.9, 5.3, 4.5], ∫ϰ²/L>=[4.8, 6.2, 6.3], C-C-Sep=0.20, ║∇J║=5.4e-04
-----On 1/20 Initial Guess Perturbations
Iteration 2612/3500-----
J=1.2e-02, ⟨Jf⟩=1.2e-03, ⟨B·n⟩=8.3e-03, Len=sum([4.8, 4.6, 4.2])=13.5, ϰ=[4.9, 5.3, 4.5], ∫ϰ²/L>=[4.8, 6.2, 6.3], C-C-Sep=0.20, ║∇J║=5.2e-04
-----On 1/20 Initial Guess Perturbations
Iteration 2613/3500-----
J=1.2e-02, ⟨Jf⟩=1.2e-03, ⟨B·n⟩=8.3e-03, Len=sum([4.8, 4.6, 4.2])=13.5, ϰ=[4.9, 5.3, 4.5], ∫ϰ²/L>=[4.8, 6.2, 6.3], C-C-Sep=0.20, ║∇J║=4.1e-04
-----On 1/20 Initial Guess Perturbations
Iteration 2614/3500-----
J=1.2e-02, ⟨Jf⟩=1.2e-03, ⟨B·n⟩=8.3e-03, Len=sum([4.8, 4.6, 4.2])=13.5, ϰ=[4.9, 5.3, 4.5], ∫ϰ²/L>=[4.8, 6.2, 6.3], C-C-Sep=0.20, ║∇J║=5.0e-04
-----On 1/20 Initial Guess Perturbations
Iteration 2615/3500-----
J=1.2e-02, ⟨Jf⟩=1.2e-03, ⟨B·n⟩=8.3e-03, Len=sum([4.8, 4.6, 4.2])=13.5, ϰ=[4.9, 5.3, 4.5], ∫ϰ²/L>=[4.8, 6.2, 6.3], C-C-Sep=0.20, ║∇J║=6.3e-04
-----On 1/20 Initial Guess Perturbations
Iteration 2616/3500-----
J=1.2e-02, ⟨Jf⟩=1.2e-03, ⟨B·n⟩=8.3e-03, Len=sum([4.8, 4.6, 4.2])=13.5, ϰ=[4.9, 5.3, 4.5], ∫ϰ²/L>=[4.8, 6.2, 6.3], C-C-Sep=0.20, ║∇J║=5.1e-04
-----On 1/20 Initial Guess Perturbations
Iteration 2617/3500-----
J=1.2e-02, ⟨Jf⟩=1.2e-03, ⟨B·n⟩=8.3e-03, Len=sum([4.8, 4.6, 4.2])=13.5, ϰ=[4.9, 5.3, 4.5], ∫ϰ²/L>=[4.8, 6.2, 6.3], C-C-Sep=0.20, ║∇J║=5.4e-04
-----On 1/20 Initial Guess Perturbations
Iteration 2618/3500-----
J=1.2e-02, ⟨Jf⟩=1.2e-03, ⟨B·n⟩=8.3e-03, Len=sum([4.8, 4.6, 4.2])=13.5, ϰ=[4.9, 5.3, 4.5], ∫ϰ²/L>=[4.8, 6.2, 6.3], C-C-Sep=0.20, ║∇J║=5.1e-04
-----On 1/20 Initial Guess Perturbations
Iteration 2619/3500-----
J=1.2e-02, ⟨Jf⟩=1.2e-03, ⟨B·n⟩=8.3e-03, Len=sum([4.8, 4.6, 4.2])=13.5, ϰ=[4.9, 5.3, 4.5], ∫ϰ²/L>=[4.8, 6.2, 6.3], C-C-Sep=0.20, ║∇J║=5.6e-04
-----On 1/20 Initial Guess Perturbations
Iteration 2620/3500-----
J=1.2e-02, ⟨Jf⟩=1.2e-03, ⟨B·n⟩=8.3e-03, Len=sum([4.8, 4.6, 4.2])=13.5, ϰ=[4.9, 5.3, 4.5], ∫ϰ²/L>=[4.8, 6.2, 6.3], C-C-Sep=0.20, ║∇J║=7.0e-04
-----On 1/20 Initial Guess Perturbations
Iteration 2621/3500-----
J=1.2e-02, ⟨Jf⟩=1.2e-03, ⟨B·n⟩=8.3e-03, Len=sum([4.8, 4.6, 4.2])=13.5, ϰ=[4.9, 5.3, 4.5], ∫ϰ²/L>=[4.8, 6.2, 6.3], C-C-Sep=0.20, ║∇J║=5.6e-04
-----On 1/20 Initial Guess Perturbations
Iteration 2622/3500-----
J=1.2e-02, ⟨Jf⟩=1.2e-03, ⟨B·n⟩=8.3e-03, Len=sum([4.8, 4.6, 4.2])=13.5, ϰ=[4.9, 5.3, 4.5], ∫ϰ²/L>=[4.8, 6.2, 6.3], C-C-Sep=0.20, ║∇J║=4.8e-04
-----On 1/20 Initial Guess Perturbations
Iteration 2623/3500-----
J=1.2e-02, ⟨Jf⟩=1.2e-03, ⟨B·n⟩=8.3e-03, Len=sum([4.8, 4.6, 4.2])=13.5, ϰ=[4.9, 5.2, 4.5], ∫ϰ²/L>=[4.8, 6.1, 6.3], C-C-Sep=0.20, ║∇J║=5.0e-04
-----On 1/20 Initial Guess Perturbations
Iteration 2624/3500-----
J=1.2e-02, ⟨Jf⟩=1.2e-03, ⟨B·n⟩=8.3e-03, Len=sum([4.8, 4.6, 4.2])=13.5, ϰ=[4.9, 5.2, 4.5], ∫ϰ²/L>=[4.8, 6.1, 6.3], C-C-Sep=0.20, ║∇J║=5.5e-04
-----On 1/20 Initial Guess Perturbations
Iteration 2625/3500-----
J=1.2e-02, ⟨Jf⟩=1.2e-03, ⟨B·n⟩=8.3e-03, Len=sum([4.8, 4.6, 4.2])=13.5, ϰ=[4.9, 5.2, 4.5], ∫ϰ²/L>=[4.8, 6.1, 6.3], C-C-Sep=0.20, ║∇J║=5.5e-04
-----On 1/20 Initial Guess Perturbations
Iteration 2626/3500-----
J=1.2e-02, ⟨Jf⟩=1.2e-03, ⟨B·n⟩=8.3e-03, Len=sum([4.8, 4.6, 4.2])=13.5, ϰ=[4.9, 5.2, 4.6], ∫ϰ²/L>=[4.8, 6.1, 6.3], C-C-Sep=0.20, ║∇J║=4.8e-04
-----On 1/20 Initial Guess Perturbations
Iteration 2627/3500-----
J=1.2e-02, ⟨Jf⟩=1.2e-03, ⟨B·n⟩=8.3e-03, Len=sum([4.8, 4.6, 4.2])=13.5, ϰ=[4.9, 5.2, 4.6], ∫ϰ²/L>=[4.8, 6.1, 6.3], C-C-Sep=0.20, ║∇J║=5.2e-04
-----On 1/20 Initial Guess Perturbations
Iteration 2628/3500-----
J=1.2e-02, ⟨Jf⟩=1.2e-03, ⟨B·n⟩=8.3e-03, Len=sum([4.8, 4.6, 4.2])=13.5, ϰ=[4.9, 5.2, 4.6], ∫ϰ²/L>=[4.8, 6.1, 6.3], C-C-Sep=0.20, ║∇J║=5.7e-04
-----On 1/20 Initial Guess Perturbations
Iteration 2629/3500-----
J=1.2e-02, ⟨Jf⟩=1.2e-03, ⟨B·n⟩=8.3e-03, Len=sum([4.8, 4.6, 4.2])=13.5, ϰ=[4.9, 5.2, 4.6], ∫ϰ²/L>=[4.8, 6.1, 6.3], C-C-Sep=0.20, ║∇J║=5.4e-04
-----On 1/20 Initial Guess Perturbations
Iteration 2630/3500-----
J=1.2e-02, ⟨Jf⟩=1.2e-03, ⟨B·n⟩=8.3e-03, Len=sum([4.8, 4.6, 4.2])=13.5, ϰ=[4.9, 5.2, 4.6], ∫ϰ²/L>=[4.8, 6.1, 6.3], C-C-Sep=0.20, ║∇J║=6.6e-04
-----On 1/20 Initial Guess Perturbations
Iteration 2631/3500-----
J=1.2e-02, ⟨Jf⟩=1.2e-03, ⟨B·n⟩=8.3e-03, Len=sum([4.8, 4.6, 4.2])=13.5, ϰ=[4.9, 5.3, 4.6], ∫ϰ²/L>=[4.8, 6.1, 6.3], C-C-Sep=0.20, ║∇J║=6.1e-04
-----On 1/20 Initial Guess Perturbations
Iteration 2632/3500-----
J=1.2e-02, ⟨Jf⟩=1.2e-03, ⟨B·n⟩=8.3e-03, Len=sum([4.8, 4.6, 4.2])=13.5, ϰ=[4.9, 5.3, 4.6], ∫ϰ²/L>=[4.8, 6.1, 6.3], C-C-Sep=0.20, ║∇J║=5.8e-04
-----On 1/20 Initial Guess Perturbations
Iteration 2633/3500-----
J=1.2e-02, ⟨Jf⟩=1.2e-03, ⟨B·n⟩=8.3e-03, Len=sum([4.8, 4.6, 4.2])=13.5, ϰ=[4.9, 5.2, 4.6], ∫ϰ²/L>=[4.8, 6.1, 6.3], C-C-Sep=0.20, ║∇J║=5.2e-04
-----On 1/20 Initial Guess Perturbations
Iteration 2634/3500-----
J=1.2e-02, ⟨Jf⟩=1.2e-03, ⟨B·n⟩=8.3e-03, Len=sum([4.8, 4.6, 4.2])=13.5, ϰ=[4.9, 5.3, 4.6], ∫ϰ²/L>=[4.8, 6.1, 6.3], C-C-Sep=0.20, ║∇J║=4.3e-04
-----On 1/20 Initial Guess Perturbations
Iteration 2635/3500-----
J=1.2e-02, ⟨Jf⟩=1.2e-03, ⟨B·n⟩=8.3e-03, Len=sum([4.8, 4.6, 4.2])=13.5, ϰ=[4.9, 5.3, 4.6], ∫ϰ²/L>=[4.8, 6.1, 6.3], C-C-Sep=0.20, ║∇J║=4.2e-04
-----On 1/20 Initial Guess Perturbations
Iteration 2636/3500-----
J=1.2e-02, ⟨Jf⟩=1.2e-03, ⟨B·n⟩=8.3e-03, Len=sum([4.8, 4.6, 4.2])=13.5, ϰ=[4.9, 5.3, 4.6], ∫ϰ²/L>=[4.8, 6.1, 6.3], C-C-Sep=0.20, ║∇J║=5.5e-04
-----On 1/20 Initial Guess Perturbations
Iteration 2637/3500-----
J=1.2e-02, ⟨Jf⟩=1.2e-03, ⟨B·n⟩=8.3e-03, Len=sum([4.8, 4.6, 4.2])=13.5, ϰ=[4.9, 5.3, 4.6], ∫ϰ²/L>=[4.8, 6.1, 6.3], C-C-Sep=0.20, ║∇J║=5.8e-04
-----On 1/20 Initial Guess Perturbations
Iteration 2638/3500-----
J=1.2e-02, ⟨Jf⟩=1.2e-03, ⟨B·n⟩=8.3e-03, Len=sum([4.8, 4.6, 4.2])=13.5, ϰ=[4.9, 5.3, 4.6], ∫ϰ²/L>=[4.8, 6.1, 6.3], C-C-Sep=0.20, ║∇J║=5.2e-04
-----On 1/20 Initial Guess Perturbations
Iteration 2639/3500-----
J=1.2e-02, ⟨Jf⟩=1.2e-03, ⟨B·n⟩=8.3e-03, Len=sum([4.8, 4.6, 4.2])=13.5, ϰ=[4.9, 5.3, 4.6], ∫ϰ²/L>=[4.8, 6.1, 6.3], C-C-Sep=0.20, ║∇J║=5.5e-04
-----On 1/20 Initial Guess Perturbations
Iteration 2640/3500-----
J=1.2e-02, ⟨Jf⟩=1.2e-03, ⟨B·n⟩=8.3e-03, Len=sum([4.8, 4.6, 4.2])=13.5, ϰ=[4.9, 5.3, 4.6], ∫ϰ²/L>=[4.8, 6.1, 6.3], C-C-Sep=0.20, ║∇J║=6.5e-04
-----On 1/20 Initial Guess Perturbations
Iteration 2641/3500-----
J=1.2e-02, ⟨Jf⟩=1.2e-03, ⟨B·n⟩=8.3e-03, Len=sum([4.8, 4.6, 4.2])=13.5, ϰ=[4.9, 5.3, 4.6], ∫ϰ²/L>=[4.8, 6.1, 6.3], C-C-Sep=0.20, ║∇J║=7.1e-04
-----On 1/20 Initial Guess Perturbations
Iteration 2642/3500-----
J=1.2e-02, ⟨Jf⟩=1.2e-03, ⟨B·n⟩=8.3e-03, Len=sum([4.8, 4.6, 4.2])=13.5, ϰ=[4.9, 5.3, 4.6], ∫ϰ²/L>=[4.8, 6.1, 6.3], C-C-Sep=0.20, ║∇J║=5.2e-04
-----On 1/20 Initial Guess Perturbations
Iteration 2643/3500-----
J=1.2e-02, ⟨Jf⟩=1.2e-03, ⟨B·n⟩=8.3e-03, Len=sum([4.8, 4.6, 4.2])=13.5, ϰ=[4.9, 5.3, 4.6], ∫ϰ²/L>=[4.8, 6.1, 6.3], C-C-Sep=0.20, ║∇J║=4.8e-04
-----On 1/20 Initial Guess Perturbations
Iteration 2644/3500-----
J=1.2e-02, ⟨Jf⟩=1.2e-03, ⟨B·n⟩=8.3e-03, Len=sum([4.8, 4.6, 4.2])=13.5, ϰ=[4.9, 5.3, 4.6], ∫ϰ²/L>=[4.8, 6.1, 6.3], C-C-Sep=0.20, ║∇J║=5.1e-04
-----On 1/20 Initial Guess Perturbations
Iteration 2645/3500-----
J=1.2e-02, ⟨Jf⟩=1.2e-03, ⟨B·n⟩=8.3e-03, Len=sum([4.8, 4.6, 4.2])=13.5, ϰ=[4.9, 5.3, 4.6], ∫ϰ²/L>=[4.8, 6.1, 6.3], C-C-Sep=0.20, ║∇J║=5.7e-04
-----On 1/20 Initial Guess Perturbations
Iteration 2646/3500-----
J=1.2e-02, ⟨Jf⟩=1.2e-03, ⟨B·n⟩=8.3e-03, Len=sum([4.8, 4.6, 4.2])=13.5, ϰ=[4.9, 5.3, 4.6], ∫ϰ²/L>=[4.8, 6.1, 6.3], C-C-Sep=0.20, ║∇J║=4.8e-04
-----On 1/20 Initial Guess Perturbations
Iteration 2647/3500-----
J=1.2e-02, ⟨Jf⟩=1.2e-03, ⟨B·n⟩=8.3e-03, Len=sum([4.8, 4.6, 4.2])=13.5, ϰ=[4.9, 5.3, 4.6], ∫ϰ²/L>=[4.8, 6.1, 6.3], C-C-Sep=0.20, ║∇J║=5.5e-04
-----On 1/20 Initial Guess Perturbations
Iteration 2648/3500-----
J=1.2e-02, ⟨Jf⟩=1.2e-03, ⟨B·n⟩=8.3e-03, Len=sum([4.8, 4.6, 4.2])=13.5, ϰ=[4.9, 5.3, 4.6], ∫ϰ²/L>=[4.8, 6.1, 6.3], C-C-Sep=0.20, ║∇J║=5.0e-04
-----On 1/20 Initial Guess Perturbations
Iteration 2649/3500-----
J=1.2e-02, ⟨Jf⟩=1.2e-03, ⟨B·n⟩=8.3e-03, Len=sum([4.8, 4.6, 4.2])=13.5, ϰ=[4.9, 5.3, 4.6], ∫ϰ²/L>=[4.8, 6.1, 6.3], C-C-Sep=0.20, ║∇J║=4.8e-04
-----On 1/20 Initial Guess Perturbations
Iteration 2650/3500-----
J=1.2e-02, ⟨Jf⟩=1.2e-03, ⟨B·n⟩=8.3e-03, Len=sum([4.8, 4.6, 4.2])=13.5, ϰ=[4.9, 5.3, 4.6], ∫ϰ²/L>=[4.8, 6.1, 6.3], C-C-Sep=0.20, ║∇J║=5.4e-04
-----On 1/20 Initial Guess Perturbations
Iteration 2651/3500-----
J=1.2e-02, ⟨Jf⟩=1.2e-03, ⟨B·n⟩=8.3e-03, Len=sum([4.8, 4.6, 4.2])=13.5, ϰ=[4.9, 5.3, 4.6], ∫ϰ²/L>=[4.8, 6.1, 6.3], C-C-Sep=0.20, ║∇J║=5.3e-04
-----On 1/20 Initial Guess Perturbations
Iteration 2652/3500-----
J=1.2e-02, ⟨Jf⟩=1.2e-03, ⟨B·n⟩=8.3e-03, Len=sum([4.8, 4.6, 4.2])=13.5, ϰ=[4.9, 5.3, 4.6], ∫ϰ²/L>=[4.8, 6.1, 6.3], C-C-Sep=0.20, ║∇J║=5.7e-04
-----On 1/20 Initial Guess Perturbations
Iteration 2653/3500-----
J=1.2e-02, ⟨Jf⟩=1.2e-03, ⟨B·n⟩=8.3e-03, Len=sum([4.8, 4.6, 4.2])=13.5, ϰ=[4.9, 5.3, 4.6], ∫ϰ²/L>=[4.8, 6.1, 6.3], C-C-Sep=0.20, ║∇J║=5.7e-04
-----On 1/20 Initial Guess Perturbations
Iteration 2654/3500-----
J=1.2e-02, ⟨Jf⟩=1.2e-03, ⟨B·n⟩=8.3e-03, Len=sum([4.8, 4.6, 4.2])=13.5, ϰ=[4.9, 5.2, 4.6], ∫ϰ²/L>=[4.8, 6.1, 6.3], C-C-Sep=0.20, ║∇J║=6.1e-04
-----On 1/20 Initial Guess Perturbations
Iteration 2655/3500-----
J=1.2e-02, ⟨Jf⟩=1.2e-03, ⟨B·n⟩=8.3e-03, Len=sum([4.8, 4.6, 4.2])=13.5, ϰ=[4.9, 5.2, 4.6], ∫ϰ²/L>=[4.8, 6.1, 6.3], C-C-Sep=0.20, ║∇J║=5.5e-04
-----On 1/20 Initial Guess Perturbations
Iteration 2656/3500-----
J=1.2e-02, ⟨Jf⟩=1.2e-03, ⟨B·n⟩=8.3e-03, Len=sum([4.8, 4.6, 4.2])=13.5, ϰ=[4.9, 5.2, 4.6], ∫ϰ²/L>=[4.8, 6.1, 6.3], C-C-Sep=0.20, ║∇J║=5.0e-04
-----On 1/20 Initial Guess Perturbations
Iteration 2657/3500-----
J=1.2e-02, ⟨Jf⟩=1.2e-03, ⟨B·n⟩=8.3e-03, Len=sum([4.8, 4.6, 4.2])=13.5, ϰ=[4.9, 5.2, 4.6], ∫ϰ²/L>=[4.8, 6.1, 6.3], C-C-Sep=0.20, ║∇J║=5.4e-04
-----On 1/20 Initial Guess Perturbations
Iteration 2658/3500-----
J=1.2e-02, ⟨Jf⟩=1.3e-03, ⟨B·n⟩=8.3e-03, Len=sum([4.8, 4.6, 4.2])=13.5, ϰ=[4.9, 5.2, 4.6], ∫ϰ²/L>=[4.8, 6.1, 6.3], C-C-Sep=0.20, ║∇J║=7.7e-04
-----On 1/20 Initial Guess Perturbations
Iteration 2659/3500-----
J=1.2e-02, ⟨Jf⟩=1.2e-03, ⟨B·n⟩=8.3e-03, Len=sum([4.8, 4.6, 4.2])=13.5, ϰ=[4.9, 5.2, 4.6], ∫ϰ²/L>=[4.8, 6.1, 6.3], C-C-Sep=0.20, ║∇J║=5.8e-04
-----On 1/20 Initial Guess Perturbations
Iteration 2660/3500-----
J=1.2e-02, ⟨Jf⟩=1.3e-03, ⟨B·n⟩=8.3e-03, Len=sum([4.8, 4.6, 4.2])=13.5, ϰ=[4.9, 5.2, 4.6], ∫ϰ²/L>=[4.8, 6.1, 6.3], C-C-Sep=0.20, ║∇J║=4.9e-04
-----On 1/20 Initial Guess Perturbations
Iteration 2661/3500-----
J=1.2e-02, ⟨Jf⟩=1.3e-03, ⟨B·n⟩=8.3e-03, Len=sum([4.8, 4.6, 4.2])=13.5, ϰ=[4.9, 5.2, 4.6], ∫ϰ²/L>=[4.8, 6.1, 6.3], C-C-Sep=0.20, ║∇J║=4.3e-04
-----On 1/20 Initial Guess Perturbations
Iteration 2662/3500-----
J=1.2e-02, ⟨Jf⟩=1.3e-03, ⟨B·n⟩=8.3e-03, Len=sum([4.8, 4.6, 4.2])=13.5, ϰ=[4.9, 5.2, 4.6], ∫ϰ²/L>=[4.8, 6.1, 6.3], C-C-Sep=0.20, ║∇J║=6.0e-04
-----On 1/20 Initial Guess Perturbations
Iteration 2663/3500-----
J=1.2e-02, ⟨Jf⟩=1.3e-03, ⟨B·n⟩=8.3e-03, Len=sum([4.8, 4.6, 4.2])=13.5, ϰ=[4.9, 5.2, 4.6], ∫ϰ²/L>=[4.8, 6.1, 6.3], C-C-Sep=0.20, ║∇J║=5.3e-04
-----On 1/20 Initial Guess Perturbations
Iteration 2664/3500-----
J=1.2e-02, ⟨Jf⟩=1.3e-03, ⟨B·n⟩=8.3e-03, Len=sum([4.8, 4.6, 4.2])=13.5, ϰ=[4.9, 5.2, 4.6], ∫ϰ²/L>=[4.8, 6.1, 6.3], C-C-Sep=0.20, ║∇J║=4.9e-04
-----On 1/20 Initial Guess Perturbations
Iteration 2665/3500-----
J=1.2e-02, ⟨Jf⟩=1.3e-03, ⟨B·n⟩=8.3e-03, Len=sum([4.8, 4.6, 4.2])=13.5, ϰ=[4.9, 5.2, 4.6], ∫ϰ²/L>=[4.8, 6.1, 6.3], C-C-Sep=0.20, ║∇J║=5.3e-04
-----On 1/20 Initial Guess Perturbations
Iteration 2666/3500-----
J=1.2e-02, ⟨Jf⟩=1.3e-03, ⟨B·n⟩=8.3e-03, Len=sum([4.8, 4.6, 4.2])=13.5, ϰ=[4.9, 5.2, 4.6], ∫ϰ²/L>=[4.8, 6.1, 6.3], C-C-Sep=0.20, ║∇J║=5.8e-04
-----On 1/20 Initial Guess Perturbations
Iteration 2667/3500-----
J=1.2e-02, ⟨Jf⟩=1.3e-03, ⟨B·n⟩=8.3e-03, Len=sum([4.8, 4.6, 4.2])=13.5, ϰ=[4.9, 5.2, 4.6], ∫ϰ²/L>=[4.8, 6.1, 6.3], C-C-Sep=0.20, ║∇J║=5.5e-04
-----On 1/20 Initial Guess Perturbations
Iteration 2668/3500-----
J=1.2e-02, ⟨Jf⟩=1.3e-03, ⟨B·n⟩=8.3e-03, Len=sum([4.8, 4.6, 4.2])=13.5, ϰ=[4.9, 5.2, 4.6], ∫ϰ²/L>=[4.8, 6.1, 6.3], C-C-Sep=0.20, ║∇J║=6.1e-04
-----On 1/20 Initial Guess Perturbations
Iteration 2669/3500-----
J=1.2e-02, ⟨Jf⟩=1.3e-03, ⟨B·n⟩=8.3e-03, Len=sum([4.8, 4.6, 4.2])=13.5, ϰ=[4.9, 5.2, 4.6], ∫ϰ²/L>=[4.8, 6.1, 6.3], C-C-Sep=0.20, ║∇J║=5.7e-04
-----On 1/20 Initial Guess Perturbations
Iteration 2670/3500-----
J=1.2e-02, ⟨Jf⟩=1.3e-03, ⟨B·n⟩=8.3e-03, Len=sum([4.8, 4.6, 4.2])=13.5, ϰ=[4.9, 5.2, 4.6], ∫ϰ²/L>=[4.8, 6.1, 6.3], C-C-Sep=0.20, ║∇J║=5.5e-04
-----On 1/20 Initial Guess Perturbations
Iteration 2671/3500-----
J=1.2e-02, ⟨Jf⟩=1.3e-03, ⟨B·n⟩=8.3e-03, Len=sum([4.8, 4.6, 4.2])=13.5, ϰ=[4.9, 5.2, 4.6], ∫ϰ²/L>=[4.8, 6.1, 6.3], C-C-Sep=0.20, ║∇J║=4.8e-04
-----On 1/20 Initial Guess Perturbations
Iteration 2672/3500-----
J=1.2e-02, ⟨Jf⟩=1.3e-03, ⟨B·n⟩=8.3e-03, Len=sum([4.8, 4.6, 4.2])=13.5, ϰ=[4.9, 5.2, 4.6], ∫ϰ²/L>=[4.8, 6.1, 6.3], C-C-Sep=0.20, ║∇J║=5.7e-04
-----On 1/20 Initial Guess Perturbations
Iteration 2673/3500-----
J=1.2e-02, ⟨Jf⟩=1.2e-03, ⟨B·n⟩=8.3e-03, Len=sum([4.8, 4.6, 4.2])=13.5, ϰ=[4.9, 5.2, 4.6], ∫ϰ²/L>=[4.8, 6.1, 6.3], C-C-Sep=0.20, ║∇J║=5.0e-04
-----On 1/20 Initial Guess Perturbations
Iteration 2674/3500-----
J=1.2e-02, ⟨Jf⟩=1.3e-03, ⟨B·n⟩=8.3e-03, Len=sum([4.8, 4.6, 4.2])=13.5, ϰ=[4.9, 5.2, 4.6], ∫ϰ²/L>=[4.8, 6.1, 6.3], C-C-Sep=0.20, ║∇J║=6.4e-04
-----On 1/20 Initial Guess Perturbations
Iteration 2675/3500-----
J=1.2e-02, ⟨Jf⟩=1.2e-03, ⟨B·n⟩=8.3e-03, Len=sum([4.8, 4.6, 4.2])=13.5, ϰ=[4.9, 5.2, 4.6], ∫ϰ²/L>=[4.8, 6.1, 6.3], C-C-Sep=0.20, ║∇J║=1.1e-03
-----On 1/20 Initial Guess Perturbations
Iteration 2676/3500-----
J=1.2e-02, ⟨Jf⟩=1.3e-03, ⟨B·n⟩=8.3e-03, Len=sum([4.8, 4.6, 4.2])=13.5, ϰ=[4.9, 5.2, 4.6], ∫ϰ²/L>=[4.8, 6.1, 6.3], C-C-Sep=0.20, ║∇J║=6.8e-04
-----On 1/20 Initial Guess Perturbations
Iteration 2677/3500-----
J=1.2e-02, ⟨Jf⟩=1.3e-03, ⟨B·n⟩=8.3e-03, Len=sum([4.8, 4.6, 4.2])=13.5, ϰ=[4.9, 5.2, 4.6], ∫ϰ²/L>=[4.8, 6.1, 6.3], C-C-Sep=0.20, ║∇J║=6.2e-04
-----On 1/20 Initial Guess Perturbations
Iteration 2678/3500-----
J=1.2e-02, ⟨Jf⟩=1.3e-03, ⟨B·n⟩=8.3e-03, Len=sum([4.8, 4.6, 4.2])=13.5, ϰ=[4.9, 5.2, 4.6], ∫ϰ²/L>=[4.8, 6.1, 6.3], C-C-Sep=0.20, ║∇J║=4.6e-04
-----On 1/20 Initial Guess Perturbations
Iteration 2679/3500-----
J=1.2e-02, ⟨Jf⟩=1.3e-03, ⟨B·n⟩=8.3e-03, Len=sum([4.8, 4.6, 4.2])=13.5, ϰ=[4.9, 5.2, 4.6], ∫ϰ²/L>=[4.8, 6.1, 6.3], C-C-Sep=0.20, ║∇J║=5.0e-04
-----On 1/20 Initial Guess Perturbations
Iteration 2680/3500-----
J=1.2e-02, ⟨Jf⟩=1.3e-03, ⟨B·n⟩=8.3e-03, Len=sum([4.8, 4.6, 4.2])=13.5, ϰ=[4.9, 5.2, 4.6], ∫ϰ²/L>=[4.8, 6.1, 6.3], C-C-Sep=0.20, ║∇J║=6.0e-04
-----On 1/20 Initial Guess Perturbations
Iteration 2681/3500-----
J=1.2e-02, ⟨Jf⟩=1.3e-03, ⟨B·n⟩=8.3e-03, Len=sum([4.8, 4.6, 4.2])=13.5, ϰ=[4.9, 5.2, 4.6], ∫ϰ²/L>=[4.8, 6.1, 6.3], C-C-Sep=0.20, ║∇J║=5.3e-04
-----On 1/20 Initial Guess Perturbations
Iteration 2682/3500-----
J=1.2e-02, ⟨Jf⟩=1.3e-03, ⟨B·n⟩=8.3e-03, Len=sum([4.8, 4.6, 4.2])=13.5, ϰ=[4.9, 5.2, 4.6], ∫ϰ²/L>=[4.8, 6.1, 6.3], C-C-Sep=0.20, ║∇J║=5.1e-04
-----On 1/20 Initial Guess Perturbations
Iteration 2683/3500-----
J=1.2e-02, ⟨Jf⟩=1.3e-03, ⟨B·n⟩=8.3e-03, Len=sum([4.8, 4.6, 4.2])=13.5, ϰ=[4.9, 5.2, 4.6], ∫ϰ²/L>=[4.8, 6.1, 6.3], C-C-Sep=0.20, ║∇J║=5.3e-04
-----On 1/20 Initial Guess Perturbations
Iteration 2684/3500-----
J=1.2e-02, ⟨Jf⟩=1.3e-03, ⟨B·n⟩=8.3e-03, Len=sum([4.8, 4.6, 4.2])=13.5, ϰ=[4.9, 5.2, 4.6], ∫ϰ²/L>=[4.8, 6.1, 6.3], C-C-Sep=0.20, ║∇J║=4.8e-04
-----On 1/20 Initial Guess Perturbations
Iteration 2685/3500-----
J=1.2e-02, ⟨Jf⟩=1.3e-03, ⟨B·n⟩=8.3e-03, Len=sum([4.8, 4.6, 4.2])=13.5, ϰ=[4.9, 5.2, 4.6], ∫ϰ²/L>=[4.8, 6.1, 6.3], C-C-Sep=0.20, ║∇J║=6.0e-04
-----On 1/20 Initial Guess Perturbations
Iteration 2686/3500-----
J=1.2e-02, ⟨Jf⟩=1.3e-03, ⟨B·n⟩=8.3e-03, Len=sum([4.8, 4.6, 4.2])=13.5, ϰ=[4.9, 5.3, 4.6], ∫ϰ²/L>=[4.8, 6.1, 6.3], C-C-Sep=0.20, ║∇J║=6.5e-04
-----On 1/20 Initial Guess Perturbations
Iteration 2687/3500-----
J=1.2e-02, ⟨Jf⟩=1.3e-03, ⟨B·n⟩=8.3e-03, Len=sum([4.8, 4.6, 4.2])=13.5, ϰ=[4.9, 5.3, 4.6], ∫ϰ²/L>=[4.8, 6.1, 6.3], C-C-Sep=0.20, ║∇J║=7.4e-04
-----On 1/20 Initial Guess Perturbations
Iteration 2688/3500-----
J=1.2e-02, ⟨Jf⟩=1.3e-03, ⟨B·n⟩=8.3e-03, Len=sum([4.8, 4.6, 4.2])=13.5, ϰ=[4.9, 5.3, 4.6], ∫ϰ²/L>=[4.8, 6.1, 6.3], C-C-Sep=0.20, ║∇J║=6.4e-04
-----On 1/20 Initial Guess Perturbations
Iteration 2689/3500-----
J=1.2e-02, ⟨Jf⟩=1.3e-03, ⟨B·n⟩=8.3e-03, Len=sum([4.8, 4.6, 4.2])=13.5, ϰ=[4.9, 5.3, 4.6], ∫ϰ²/L>=[4.8, 6.1, 6.3], C-C-Sep=0.20, ║∇J║=5.4e-04
-----On 1/20 Initial Guess Perturbations
Iteration 2690/3500-----
J=1.2e-02, ⟨Jf⟩=1.3e-03, ⟨B·n⟩=8.3e-03, Len=sum([4.8, 4.6, 4.2])=13.5, ϰ=[4.9, 5.3, 4.6], ∫ϰ²/L>=[4.8, 6.1, 6.3], C-C-Sep=0.20, ║∇J║=5.0e-04
-----On 1/20 Initial Guess Perturbations
Iteration 2691/3500-----
J=1.2e-02, ⟨Jf⟩=1.3e-03, ⟨B·n⟩=8.3e-03, Len=sum([4.8, 4.6, 4.2])=13.5, ϰ=[4.9, 5.3, 4.6], ∫ϰ²/L>=[4.8, 6.1, 6.3], C-C-Sep=0.20, ║∇J║=6.0e-04
-----On 1/20 Initial Guess Perturbations
Iteration 2692/3500-----
J=1.2e-02, ⟨Jf⟩=1.3e-03, ⟨B·n⟩=8.3e-03, Len=sum([4.8, 4.6, 4.2])=13.5, ϰ=[4.9, 5.3, 4.6], ∫ϰ²/L>=[4.8, 6.1, 6.3], C-C-Sep=0.20, ║∇J║=6.3e-04
-----On 1/20 Initial Guess Perturbations
Iteration 2693/3500-----
J=1.2e-02, ⟨Jf⟩=1.3e-03, ⟨B·n⟩=8.3e-03, Len=sum([4.8, 4.6, 4.2])=13.5, ϰ=[4.9, 5.3, 4.6], ∫ϰ²/L>=[4.8, 6.1, 6.3], C-C-Sep=0.20, ║∇J║=6.7e-04
-----On 1/20 Initial Guess Perturbations
Iteration 2694/3500-----
J=1.2e-02, ⟨Jf⟩=1.3e-03, ⟨B·n⟩=8.3e-03, Len=sum([4.8, 4.6, 4.2])=13.5, ϰ=[4.9, 5.3, 4.6], ∫ϰ²/L>=[4.8, 6.1, 6.3], C-C-Sep=0.20, ║∇J║=6.5e-04
-----On 1/20 Initial Guess Perturbations
Iteration 2695/3500-----
J=1.2e-02, ⟨Jf⟩=1.3e-03, ⟨B·n⟩=8.3e-03, Len=sum([4.8, 4.6, 4.2])=13.5, ϰ=[5.0, 5.3, 4.6], ∫ϰ²/L>=[4.8, 6.1, 6.3], C-C-Sep=0.20, ║∇J║=6.0e-04
-----On 1/20 Initial Guess Perturbations
Iteration 2696/3500-----
J=1.2e-02, ⟨Jf⟩=1.3e-03, ⟨B·n⟩=8.3e-03, Len=sum([4.8, 4.6, 4.2])=13.5, ϰ=[5.0, 5.3, 4.6], ∫ϰ²/L>=[4.8, 6.1, 6.3], C-C-Sep=0.20, ║∇J║=5.9e-04
-----On 1/20 Initial Guess Perturbations
Iteration 2697/3500-----
J=1.2e-02, ⟨Jf⟩=1.3e-03, ⟨B·n⟩=8.3e-03, Len=sum([4.8, 4.6, 4.2])=13.5, ϰ=[5.0, 5.3, 4.6], ∫ϰ²/L>=[4.8, 6.1, 6.3], C-C-Sep=0.20, ║∇J║=6.5e-04
-----On 1/20 Initial Guess Perturbations
Iteration 2698/3500-----
J=1.2e-02, ⟨Jf⟩=1.3e-03, ⟨B·n⟩=8.3e-03, Len=sum([4.8, 4.6, 4.2])=13.5, ϰ=[5.0, 5.3, 4.6], ∫ϰ²/L>=[4.8, 6.1, 6.3], C-C-Sep=0.20, ║∇J║=6.1e-04
-----On 1/20 Initial Guess Perturbations
Iteration 2699/3500-----
J=1.2e-02, ⟨Jf⟩=1.3e-03, ⟨B·n⟩=8.3e-03, Len=sum([4.8, 4.6, 4.2])=13.5, ϰ=[5.0, 5.3, 4.6], ∫ϰ²/L>=[4.8, 6.1, 6.3], C-C-Sep=0.20, ║∇J║=6.3e-04
-----On 1/20 Initial Guess Perturbations
Iteration 2700/3500-----
J=1.2e-02, ⟨Jf⟩=1.3e-03, ⟨B·n⟩=8.3e-03, Len=sum([4.8, 4.6, 4.2])=13.5, ϰ=[4.9, 5.3, 4.6], ∫ϰ²/L>=[4.8, 6.1, 6.3], C-C-Sep=0.20, ║∇J║=7.4e-04
-----On 1/20 Initial Guess Perturbations
Iteration 2701/3500-----
J=1.2e-02, ⟨Jf⟩=1.3e-03, ⟨B·n⟩=8.3e-03, Len=sum([4.8, 4.6, 4.2])=13.5, ϰ=[4.9, 5.3, 4.6], ∫ϰ²/L>=[4.8, 6.1, 6.3], C-C-Sep=0.20, ║∇J║=6.4e-04
-----On 1/20 Initial Guess Perturbations
Iteration 2702/3500-----
J=1.2e-02, ⟨Jf⟩=1.3e-03, ⟨B·n⟩=8.3e-03, Len=sum([4.8, 4.6, 4.2])=13.5, ϰ=[4.9, 5.3, 4.6], ∫ϰ²/L>=[4.8, 6.1, 6.3], C-C-Sep=0.20, ║∇J║=5.5e-04
-----On 1/20 Initial Guess Perturbations
Iteration 2703/3500-----
J=1.2e-02, ⟨Jf⟩=1.3e-03, ⟨B·n⟩=8.3e-03, Len=sum([4.8, 4.6, 4.2])=13.5, ϰ=[4.9, 5.3, 4.6], ∫ϰ²/L>=[4.8, 6.1, 6.3], C-C-Sep=0.20, ║∇J║=6.0e-04
-----On 1/20 Initial Guess Perturbations
Iteration 2704/3500-----
J=1.2e-02, ⟨Jf⟩=1.3e-03, ⟨B·n⟩=8.3e-03, Len=sum([4.8, 4.6, 4.2])=13.5, ϰ=[4.9, 5.3, 4.6], ∫ϰ²/L>=[4.8, 6.1, 6.3], C-C-Sep=0.20, ║∇J║=5.7e-04
-----On 1/20 Initial Guess Perturbations
Iteration 2705/3500-----
J=1.2e-02, ⟨Jf⟩=1.3e-03, ⟨B·n⟩=8.3e-03, Len=sum([4.8, 4.6, 4.2])=13.5, ϰ=[4.9, 5.3, 4.6], ∫ϰ²/L>=[4.8, 6.1, 6.3], C-C-Sep=0.20, ║∇J║=5.7e-04
-----On 1/20 Initial Guess Perturbations
Iteration 2706/3500-----
J=1.2e-02, ⟨Jf⟩=1.3e-03, ⟨B·n⟩=8.3e-03, Len=sum([4.8, 4.6, 4.2])=13.5, ϰ=[4.9, 5.3, 4.6], ∫ϰ²/L>=[4.8, 6.1, 6.3], C-C-Sep=0.20, ║∇J║=6.3e-04
-----On 1/20 Initial Guess Perturbations
Iteration 2707/3500-----
J=1.2e-02, ⟨Jf⟩=1.3e-03, ⟨B·n⟩=8.3e-03, Len=sum([4.8, 4.6, 4.2])=13.5, ϰ=[4.9, 5.3, 4.6], ∫ϰ²/L>=[4.8, 6.1, 6.3], C-C-Sep=0.20, ║∇J║=6.8e-04
-----On 1/20 Initial Guess Perturbations
Iteration 2708/3500-----
J=1.2e-02, ⟨Jf⟩=1.3e-03, ⟨B·n⟩=8.3e-03, Len=sum([4.8, 4.6, 4.2])=13.5, ϰ=[4.9, 5.3, 4.6], ∫ϰ²/L>=[4.8, 6.1, 6.3], C-C-Sep=0.20, ║∇J║=8.5e-04
-----On 1/20 Initial Guess Perturbations
Iteration 2709/3500-----
J=1.2e-02, ⟨Jf⟩=1.3e-03, ⟨B·n⟩=8.3e-03, Len=sum([4.8, 4.6, 4.2])=13.5, ϰ=[4.9, 5.3, 4.6], ∫ϰ²/L>=[4.8, 6.1, 6.3], C-C-Sep=0.20, ║∇J║=8.5e-04
-----On 1/20 Initial Guess Perturbations
Iteration 2710/3500-----
J=1.2e-02, ⟨Jf⟩=1.3e-03, ⟨B·n⟩=8.3e-03, Len=sum([4.8, 4.6, 4.2])=13.5, ϰ=[4.9, 5.3, 4.6], ∫ϰ²/L>=[4.8, 6.1, 6.3], C-C-Sep=0.20, ║∇J║=6.8e-04
-----On 1/20 Initial Guess Perturbations
Iteration 2711/3500-----
J=1.2e-02, ⟨Jf⟩=1.3e-03, ⟨B·n⟩=8.3e-03, Len=sum([4.8, 4.6, 4.2])=13.5, ϰ=[4.9, 5.3, 4.6], ∫ϰ²/L>=[4.8, 6.1, 6.3], C-C-Sep=0.20, ║∇J║=4.9e-04
-----On 1/20 Initial Guess Perturbations
Iteration 2712/3500-----
J=1.2e-02, ⟨Jf⟩=1.3e-03, ⟨B·n⟩=8.3e-03, Len=sum([4.8, 4.6, 4.2])=13.5, ϰ=[4.9, 5.3, 4.6], ∫ϰ²/L>=[4.8, 6.1, 6.3], C-C-Sep=0.20, ║∇J║=5.4e-04
-----On 1/20 Initial Guess Perturbations
Iteration 2713/3500-----
J=1.2e-02, ⟨Jf⟩=1.3e-03, ⟨B·n⟩=8.3e-03, Len=sum([4.8, 4.6, 4.2])=13.5, ϰ=[4.9, 5.3, 4.6], ∫ϰ²/L>=[4.8, 6.1, 6.3], C-C-Sep=0.20, ║∇J║=6.2e-04
-----On 1/20 Initial Guess Perturbations
Iteration 2714/3500-----
J=1.2e-02, ⟨Jf⟩=1.3e-03, ⟨B·n⟩=8.3e-03, Len=sum([4.8, 4.6, 4.2])=13.5, ϰ=[4.9, 5.3, 4.6], ∫ϰ²/L>=[4.8, 6.1, 6.3], C-C-Sep=0.20, ║∇J║=5.9e-04
-----On 1/20 Initial Guess Perturbations
Iteration 2715/3500-----
J=1.2e-02, ⟨Jf⟩=1.3e-03, ⟨B·n⟩=8.3e-03, Len=sum([4.8, 4.6, 4.2])=13.5, ϰ=[4.9, 5.2, 4.6], ∫ϰ²/L>=[4.8, 6.1, 6.3], C-C-Sep=0.20, ║∇J║=6.4e-04
-----On 1/20 Initial Guess Perturbations
Iteration 2716/3500-----
J=1.2e-02, ⟨Jf⟩=1.3e-03, ⟨B·n⟩=8.3e-03, Len=sum([4.8, 4.6, 4.2])=13.5, ϰ=[4.9, 5.3, 4.6], ∫ϰ²/L>=[4.8, 6.1, 6.3], C-C-Sep=0.20, ║∇J║=6.8e-04
-----On 1/20 Initial Guess Perturbations
Iteration 2717/3500-----
J=1.2e-02, ⟨Jf⟩=1.3e-03, ⟨B·n⟩=8.3e-03, Len=sum([4.8, 4.6, 4.2])=13.5, ϰ=[4.9, 5.2, 4.6], ∫ϰ²/L>=[4.8, 6.1, 6.3], C-C-Sep=0.20, ║∇J║=6.7e-04
-----On 1/20 Initial Guess Perturbations
Iteration 2718/3500-----
J=1.2e-02, ⟨Jf⟩=1.3e-03, ⟨B·n⟩=8.3e-03, Len=sum([4.8, 4.6, 4.2])=13.5, ϰ=[4.9, 5.2, 4.6], ∫ϰ²/L>=[4.8, 6.1, 6.3], C-C-Sep=0.20, ║∇J║=6.3e-04
-----On 1/20 Initial Guess Perturbations
Iteration 2719/3500-----
J=1.2e-02, ⟨Jf⟩=1.3e-03, ⟨B·n⟩=8.3e-03, Len=sum([4.8, 4.6, 4.2])=13.5, ϰ=[4.9, 5.2, 4.6], ∫ϰ²/L>=[4.8, 6.1, 6.3], C-C-Sep=0.20, ║∇J║=6.2e-04
-----On 1/20 Initial Guess Perturbations
Iteration 2720/3500-----
J=1.2e-02, ⟨Jf⟩=1.3e-03, ⟨B·n⟩=8.3e-03, Len=sum([4.8, 4.6, 4.2])=13.5, ϰ=[4.9, 5.2, 4.6], ∫ϰ²/L>=[4.8, 6.1, 6.3], C-C-Sep=0.20, ║∇J║=6.7e-04
-----On 1/20 Initial Guess Perturbations
Iteration 2721/3500-----
J=1.2e-02, ⟨Jf⟩=1.3e-03, ⟨B·n⟩=8.3e-03, Len=sum([4.8, 4.6, 4.2])=13.5, ϰ=[4.9, 5.2, 4.6], ∫ϰ²/L>=[4.8, 6.1, 6.3], C-C-Sep=0.20, ║∇J║=6.2e-04
-----On 1/20 Initial Guess Perturbations
Iteration 2722/3500-----
J=1.2e-02, ⟨Jf⟩=1.3e-03, ⟨B·n⟩=8.3e-03, Len=sum([4.8, 4.6, 4.2])=13.5, ϰ=[4.9, 5.2, 4.6], ∫ϰ²/L>=[4.8, 6.1, 6.3], C-C-Sep=0.20, ║∇J║=6.2e-04
-----On 1/20 Initial Guess Perturbations
Iteration 2723/3500-----
J=1.2e-02, ⟨Jf⟩=1.3e-03, ⟨B·n⟩=8.3e-03, Len=sum([4.8, 4.6, 4.2])=13.5, ϰ=[4.9, 5.2, 4.6], ∫ϰ²/L>=[4.8, 6.1, 6.3], C-C-Sep=0.20, ║∇J║=5.6e-04
-----On 1/20 Initial Guess Perturbations
Iteration 2724/3500-----
J=1.2e-02, ⟨Jf⟩=1.3e-03, ⟨B·n⟩=8.3e-03, Len=sum([4.8, 4.6, 4.2])=13.5, ϰ=[4.9, 5.2, 4.6], ∫ϰ²/L>=[4.8, 6.1, 6.3], C-C-Sep=0.20, ║∇J║=5.2e-04
-----On 1/20 Initial Guess Perturbations
Iteration 2725/3500-----
J=1.2e-02, ⟨Jf⟩=1.3e-03, ⟨B·n⟩=8.3e-03, Len=sum([4.8, 4.6, 4.2])=13.5, ϰ=[4.9, 5.2, 4.6], ∫ϰ²/L>=[4.8, 6.1, 6.3], C-C-Sep=0.20, ║∇J║=6.8e-04
-----On 1/20 Initial Guess Perturbations
Iteration 2726/3500-----
J=1.2e-02, ⟨Jf⟩=1.3e-03, ⟨B·n⟩=8.3e-03, Len=sum([4.8, 4.6, 4.2])=13.5, ϰ=[4.9, 5.3, 4.6], ∫ϰ²/L>=[4.8, 6.1, 6.3], C-C-Sep=0.20, ║∇J║=6.5e-04
-----On 1/20 Initial Guess Perturbations
Iteration 2727/3500-----
J=1.2e-02, ⟨Jf⟩=1.3e-03, ⟨B·n⟩=8.3e-03, Len=sum([4.8, 4.6, 4.2])=13.5, ϰ=[4.9, 5.3, 4.6], ∫ϰ²/L>=[4.8, 6.1, 6.3], C-C-Sep=0.20, ║∇J║=7.8e-04
-----On 1/20 Initial Guess Perturbations
Iteration 2728/3500-----
J=1.2e-02, ⟨Jf⟩=1.3e-03, ⟨B·n⟩=8.3e-03, Len=sum([4.8, 4.6, 4.2])=13.5, ϰ=[4.9, 5.2, 4.6], ∫ϰ²/L>=[4.8, 6.1, 6.3], C-C-Sep=0.20, ║∇J║=7.1e-04
-----On 1/20 Initial Guess Perturbations
Iteration 2729/3500-----
J=1.2e-02, ⟨Jf⟩=1.3e-03, ⟨B·n⟩=8.3e-03, Len=sum([4.8, 4.6, 4.2])=13.5, ϰ=[4.9, 5.2, 4.6], ∫ϰ²/L>=[4.8, 6.1, 6.3], C-C-Sep=0.20, ║∇J║=7.7e-04
-----On 1/20 Initial Guess Perturbations
Iteration 2730/3500-----
J=1.2e-02, ⟨Jf⟩=1.3e-03, ⟨B·n⟩=8.3e-03, Len=sum([4.8, 4.6, 4.2])=13.5, ϰ=[4.9, 5.2, 4.6], ∫ϰ²/L>=[4.8, 6.1, 6.3], C-C-Sep=0.20, ║∇J║=8.4e-04
-----On 1/20 Initial Guess Perturbations
Iteration 2731/3500-----
J=1.2e-02, ⟨Jf⟩=1.3e-03, ⟨B·n⟩=8.3e-03, Len=sum([4.8, 4.6, 4.2])=13.5, ϰ=[4.9, 5.2, 4.6], ∫ϰ²/L>=[4.8, 6.1, 6.3], C-C-Sep=0.20, ║∇J║=6.3e-04
-----On 1/20 Initial Guess Perturbations
Iteration 2732/3500-----
J=1.2e-02, ⟨Jf⟩=1.3e-03, ⟨B·n⟩=8.3e-03, Len=sum([4.8, 4.6, 4.2])=13.5, ϰ=[4.9, 5.2, 4.6], ∫ϰ²/L>=[4.8, 6.1, 6.3], C-C-Sep=0.20, ║∇J║=5.3e-04
-----On 1/20 Initial Guess Perturbations
Iteration 2733/3500-----
J=1.2e-02, ⟨Jf⟩=1.3e-03, ⟨B·n⟩=8.3e-03, Len=sum([4.8, 4.6, 4.2])=13.5, ϰ=[4.9, 5.2, 4.6], ∫ϰ²/L>=[4.8, 6.1, 6.3], C-C-Sep=0.20, ║∇J║=5.5e-04
-----On 1/20 Initial Guess Perturbations
Iteration 2734/3500-----
J=1.2e-02, ⟨Jf⟩=1.3e-03, ⟨B·n⟩=8.3e-03, Len=sum([4.8, 4.6, 4.2])=13.5, ϰ=[4.9, 5.2, 4.6], ∫ϰ²/L>=[4.8, 6.1, 6.3], C-C-Sep=0.20, ║∇J║=5.6e-04
-----On 1/20 Initial Guess Perturbations
Iteration 2735/3500-----
J=1.2e-02, ⟨Jf⟩=1.3e-03, ⟨B·n⟩=8.3e-03, Len=sum([4.8, 4.6, 4.2])=13.5, ϰ=[4.9, 5.3, 4.6], ∫ϰ²/L>=[4.8, 6.1, 6.3], C-C-Sep=0.20, ║∇J║=6.7e-04
-----On 1/20 Initial Guess Perturbations
Iteration 2736/3500-----
J=1.2e-02, ⟨Jf⟩=1.3e-03, ⟨B·n⟩=8.3e-03, Len=sum([4.8, 4.6, 4.2])=13.5, ϰ=[4.9, 5.3, 4.6], ∫ϰ²/L>=[4.8, 6.1, 6.3], C-C-Sep=0.20, ║∇J║=4.8e-04
-----On 1/20 Initial Guess Perturbations
Iteration 2737/3500-----
J=1.2e-02, ⟨Jf⟩=1.3e-03, ⟨B·n⟩=8.3e-03, Len=sum([4.8, 4.6, 4.2])=13.5, ϰ=[4.9, 5.3, 4.6], ∫ϰ²/L>=[4.8, 6.1, 6.3], C-C-Sep=0.20, ║∇J║=4.7e-04
-----On 1/20 Initial Guess Perturbations
Iteration 2738/3500-----
J=1.2e-02, ⟨Jf⟩=1.3e-03, ⟨B·n⟩=8.3e-03, Len=sum([4.8, 4.6, 4.2])=13.5, ϰ=[4.9, 5.3, 4.6], ∫ϰ²/L>=[4.8, 6.1, 6.3], C-C-Sep=0.20, ║∇J║=5.7e-04
-----On 1/20 Initial Guess Perturbations
Iteration 2739/3500-----
J=1.2e-02, ⟨Jf⟩=1.3e-03, ⟨B·n⟩=8.3e-03, Len=sum([4.8, 4.6, 4.2])=13.5, ϰ=[4.9, 5.3, 4.6], ∫ϰ²/L>=[4.8, 6.1, 6.3], C-C-Sep=0.20, ║∇J║=4.8e-04
-----On 1/20 Initial Guess Perturbations
Iteration 2740/3500-----
J=1.2e-02, ⟨Jf⟩=1.3e-03, ⟨B·n⟩=8.3e-03, Len=sum([4.8, 4.6, 4.2])=13.5, ϰ=[4.9, 5.3, 4.6], ∫ϰ²/L>=[4.8, 6.1, 6.3], C-C-Sep=0.20, ║∇J║=4.9e-04
-----On 1/20 Initial Guess Perturbations
Iteration 2741/3500-----
J=1.2e-02, ⟨Jf⟩=1.3e-03, ⟨B·n⟩=8.3e-03, Len=sum([4.8, 4.6, 4.2])=13.5, ϰ=[4.9, 5.3, 4.6], ∫ϰ²/L>=[4.8, 6.1, 6.3], C-C-Sep=0.20, ║∇J║=5.5e-04
-----On 1/20 Initial Guess Perturbations
Iteration 2742/3500-----
J=1.2e-02, ⟨Jf⟩=1.3e-03, ⟨B·n⟩=8.3e-03, Len=sum([4.8, 4.6, 4.2])=13.5, ϰ=[4.9, 5.3, 4.6], ∫ϰ²/L>=[4.8, 6.1, 6.3], C-C-Sep=0.20, ║∇J║=6.2e-04
-----On 1/20 Initial Guess Perturbations
Iteration 2743/3500-----
J=1.2e-02, ⟨Jf⟩=1.3e-03, ⟨B·n⟩=8.3e-03, Len=sum([4.8, 4.6, 4.2])=13.5, ϰ=[4.9, 5.3, 4.6], ∫ϰ²/L>=[4.8, 6.1, 6.3], C-C-Sep=0.20, ║∇J║=4.9e-04
-----On 1/20 Initial Guess Perturbations
Iteration 2744/3500-----
J=1.2e-02, ⟨Jf⟩=1.3e-03, ⟨B·n⟩=8.3e-03, Len=sum([4.8, 4.6, 4.2])=13.5, ϰ=[4.9, 5.3, 4.6], ∫ϰ²/L>=[4.8, 6.1, 6.3], C-C-Sep=0.20, ║∇J║=4.9e-04
-----On 1/20 Initial Guess Perturbations
Iteration 2745/3500-----
J=1.2e-02, ⟨Jf⟩=1.3e-03, ⟨B·n⟩=8.3e-03, Len=sum([4.8, 4.6, 4.2])=13.5, ϰ=[4.9, 5.3, 4.6], ∫ϰ²/L>=[4.8, 6.1, 6.3], C-C-Sep=0.20, ║∇J║=5.3e-04
-----On 1/20 Initial Guess Perturbations
Iteration 2746/3500-----
J=1.2e-02, ⟨Jf⟩=1.3e-03, ⟨B·n⟩=8.3e-03, Len=sum([4.8, 4.6, 4.2])=13.5, ϰ=[4.9, 5.3, 4.6], ∫ϰ²/L>=[4.8, 6.1, 6.3], C-C-Sep=0.20, ║∇J║=4.6e-04
-----On 1/20 Initial Guess Perturbations
Iteration 2747/3500-----
J=1.2e-02, ⟨Jf⟩=1.3e-03, ⟨B·n⟩=8.3e-03, Len=sum([4.8, 4.6, 4.2])=13.5, ϰ=[4.9, 5.3, 4.6], ∫ϰ²/L>=[4.8, 6.1, 6.3], C-C-Sep=0.20, ║∇J║=4.9e-04
-----On 1/20 Initial Guess Perturbations
Iteration 2748/3500-----
J=1.2e-02, ⟨Jf⟩=1.3e-03, ⟨B·n⟩=8.3e-03, Len=sum([4.8, 4.6, 4.2])=13.5, ϰ=[4.9, 5.3, 4.6], ∫ϰ²/L>=[4.8, 6.1, 6.3], C-C-Sep=0.20, ║∇J║=6.3e-04
-----On 1/20 Initial Guess Perturbations
Iteration 2749/3500-----
J=1.2e-02, ⟨Jf⟩=1.3e-03, ⟨B·n⟩=8.3e-03, Len=sum([4.8, 4.6, 4.2])=13.5, ϰ=[4.9, 5.3, 4.6], ∫ϰ²/L>=[4.8, 6.1, 6.3], C-C-Sep=0.20, ║∇J║=6.1e-04
-----On 1/20 Initial Guess Perturbations
Iteration 2750/3500-----
J=1.2e-02, ⟨Jf⟩=1.3e-03, ⟨B·n⟩=8.3e-03, Len=sum([4.8, 4.6, 4.2])=13.5, ϰ=[4.9, 5.3, 4.6], ∫ϰ²/L>=[4.8, 6.1, 6.3], C-C-Sep=0.20, ║∇J║=5.9e-04
-----On 1/20 Initial Guess Perturbations
Iteration 2751/3500-----
J=1.2e-02, ⟨Jf⟩=1.3e-03, ⟨B·n⟩=8.3e-03, Len=sum([4.8, 4.6, 4.2])=13.5, ϰ=[4.9, 5.3, 4.6], ∫ϰ²/L>=[4.8, 6.1, 6.3], C-C-Sep=0.20, ║∇J║=5.5e-04
-----On 1/20 Initial Guess Perturbations
Iteration 2752/3500-----
J=1.2e-02, ⟨Jf⟩=1.3e-03, ⟨B·n⟩=8.3e-03, Len=sum([4.8, 4.6, 4.2])=13.5, ϰ=[4.9, 5.3, 4.6], ∫ϰ²/L>=[4.8, 6.1, 6.3], C-C-Sep=0.20, ║∇J║=4.5e-04
-----On 1/20 Initial Guess Perturbations
Iteration 2753/3500-----
J=1.2e-02, ⟨Jf⟩=1.3e-03, ⟨B·n⟩=8.3e-03, Len=sum([4.8, 4.6, 4.2])=13.5, ϰ=[4.9, 5.3, 4.6], ∫ϰ²/L>=[4.8, 6.1, 6.3], C-C-Sep=0.20, ║∇J║=4.8e-04
-----On 1/20 Initial Guess Perturbations
Iteration 2754/3500-----
J=1.2e-02, ⟨Jf⟩=1.3e-03, ⟨B·n⟩=8.3e-03, Len=sum([4.8, 4.6, 4.2])=13.5, ϰ=[4.9, 5.3, 4.6], ∫ϰ²/L>=[4.8, 6.1, 6.3], C-C-Sep=0.20, ║∇J║=6.1e-04
-----On 1/20 Initial Guess Perturbations
Iteration 2755/3500-----
J=1.2e-02, ⟨Jf⟩=1.3e-03, ⟨B·n⟩=8.3e-03, Len=sum([4.8, 4.6, 4.2])=13.5, ϰ=[4.9, 5.3, 4.6], ∫ϰ²/L>=[4.8, 6.1, 6.3], C-C-Sep=0.20, ║∇J║=6.0e-04
-----On 1/20 Initial Guess Perturbations
Iteration 2756/3500-----
J=1.2e-02, ⟨Jf⟩=1.3e-03, ⟨B·n⟩=8.3e-03, Len=sum([4.8, 4.6, 4.2])=13.5, ϰ=[4.9, 5.3, 4.6], ∫ϰ²/L>=[4.8, 6.1, 6.3], C-C-Sep=0.20, ║∇J║=5.2e-04
-----On 1/20 Initial Guess Perturbations
Iteration 2757/3500-----
J=1.2e-02, ⟨Jf⟩=1.3e-03, ⟨B·n⟩=8.3e-03, Len=sum([4.8, 4.6, 4.2])=13.5, ϰ=[4.9, 5.2, 4.6], ∫ϰ²/L>=[4.8, 6.1, 6.3], C-C-Sep=0.20, ║∇J║=5.4e-04
-----On 1/20 Initial Guess Perturbations
Iteration 2758/3500-----
J=1.2e-02, ⟨Jf⟩=1.3e-03, ⟨B·n⟩=8.3e-03, Len=sum([4.8, 4.6, 4.2])=13.5, ϰ=[4.9, 5.2, 4.6], ∫ϰ²/L>=[4.8, 6.1, 6.3], C-C-Sep=0.20, ║∇J║=6.2e-04
-----On 1/20 Initial Guess Perturbations
Iteration 2759/3500-----
J=1.2e-02, ⟨Jf⟩=1.3e-03, ⟨B·n⟩=8.3e-03, Len=sum([4.8, 4.6, 4.2])=13.5, ϰ=[4.9, 5.2, 4.6], ∫ϰ²/L>=[4.8, 6.1, 6.3], C-C-Sep=0.20, ║∇J║=6.2e-04
-----On 1/20 Initial Guess Perturbations
Iteration 2760/3500-----
J=1.2e-02, ⟨Jf⟩=1.3e-03, ⟨B·n⟩=8.3e-03, Len=sum([4.8, 4.6, 4.2])=13.5, ϰ=[4.9, 5.2, 4.6], ∫ϰ²/L>=[4.8, 6.1, 6.3], C-C-Sep=0.20, ║∇J║=6.1e-04
-----On 1/20 Initial Guess Perturbations
Iteration 2761/3500-----
J=1.2e-02, ⟨Jf⟩=1.3e-03, ⟨B·n⟩=8.3e-03, Len=sum([4.8, 4.6, 4.2])=13.5, ϰ=[4.9, 5.2, 4.6], ∫ϰ²/L>=[4.8, 6.1, 6.3], C-C-Sep=0.20, ║∇J║=6.2e-04
-----On 1/20 Initial Guess Perturbations
Iteration 2762/3500-----
J=1.2e-02, ⟨Jf⟩=1.3e-03, ⟨B·n⟩=8.3e-03, Len=sum([4.8, 4.6, 4.2])=13.5, ϰ=[4.9, 5.2, 4.6], ∫ϰ²/L>=[4.8, 6.1, 6.3], C-C-Sep=0.20, ║∇J║=5.5e-04
-----On 1/20 Initial Guess Perturbations
Iteration 2763/3500-----
J=1.2e-02, ⟨Jf⟩=1.3e-03, ⟨B·n⟩=8.3e-03, Len=sum([4.8, 4.6, 4.2])=13.5, ϰ=[4.9, 5.2, 4.6], ∫ϰ²/L>=[4.8, 6.1, 6.3], C-C-Sep=0.20, ║∇J║=7.4e-04
-----On 1/20 Initial Guess Perturbations
Iteration 2764/3500-----
J=1.2e-02, ⟨Jf⟩=1.3e-03, ⟨B·n⟩=8.3e-03, Len=sum([4.8, 4.6, 4.2])=13.5, ϰ=[4.9, 5.2, 4.6], ∫ϰ²/L>=[4.8, 6.1, 6.3], C-C-Sep=0.20, ║∇J║=8.7e-04
-----On 1/20 Initial Guess Perturbations
Iteration 2765/3500-----
J=1.2e-02, ⟨Jf⟩=1.3e-03, ⟨B·n⟩=8.3e-03, Len=sum([4.8, 4.6, 4.2])=13.5, ϰ=[4.9, 5.2, 4.6], ∫ϰ²/L>=[4.8, 6.1, 6.3], C-C-Sep=0.20, ║∇J║=1.3e-03
-----On 1/20 Initial Guess Perturbations
Iteration 2766/3500-----
J=1.2e-02, ⟨Jf⟩=1.3e-03, ⟨B·n⟩=8.3e-03, Len=sum([4.8, 4.6, 4.2])=13.5, ϰ=[4.9, 5.2, 4.6], ∫ϰ²/L>=[4.8, 6.1, 6.3], C-C-Sep=0.20, ║∇J║=6.3e-04
-----On 1/20 Initial Guess Perturbations
Iteration 2767/3500-----
J=1.2e-02, ⟨Jf⟩=1.3e-03, ⟨B·n⟩=8.3e-03, Len=sum([4.8, 4.6, 4.2])=13.5, ϰ=[4.9, 5.2, 4.6], ∫ϰ²/L>=[4.8, 6.1, 6.3], C-C-Sep=0.20, ║∇J║=5.3e-04
-----On 1/20 Initial Guess Perturbations
Iteration 2768/3500-----
J=1.2e-02, ⟨Jf⟩=1.3e-03, ⟨B·n⟩=8.3e-03, Len=sum([4.8, 4.6, 4.2])=13.5, ϰ=[4.9, 5.2, 4.6], ∫ϰ²/L>=[4.8, 6.1, 6.3], C-C-Sep=0.20, ║∇J║=4.9e-04
-----On 1/20 Initial Guess Perturbations
Iteration 2769/3500-----
J=1.2e-02, ⟨Jf⟩=1.3e-03, ⟨B·n⟩=8.3e-03, Len=sum([4.8, 4.6, 4.2])=13.5, ϰ=[4.9, 5.2, 4.6], ∫ϰ²/L>=[4.8, 6.1, 6.3], C-C-Sep=0.20, ║∇J║=5.8e-04
-----On 1/20 Initial Guess Perturbations
Iteration 2770/3500-----
J=1.2e-02, ⟨Jf⟩=1.3e-03, ⟨B·n⟩=8.3e-03, Len=sum([4.8, 4.6, 4.2])=13.5, ϰ=[4.8, 5.2, 4.6], ∫ϰ²/L>=[4.8, 6.1, 6.3], C-C-Sep=0.20, ║∇J║=8.1e-04
-----On 1/20 Initial Guess Perturbations
Iteration 2771/3500-----
J=1.2e-02, ⟨Jf⟩=1.3e-03, ⟨B·n⟩=8.3e-03, Len=sum([4.8, 4.6, 4.2])=13.5, ϰ=[4.8, 5.2, 4.6], ∫ϰ²/L>=[4.8, 6.1, 6.3], C-C-Sep=0.20, ║∇J║=6.7e-04
-----On 1/20 Initial Guess Perturbations
Iteration 2772/3500-----
J=1.2e-02, ⟨Jf⟩=1.3e-03, ⟨B·n⟩=8.3e-03, Len=sum([4.8, 4.6, 4.2])=13.5, ϰ=[4.8, 5.2, 4.6], ∫ϰ²/L>=[4.8, 6.1, 6.3], C-C-Sep=0.20, ║∇J║=7.4e-04
-----On 1/20 Initial Guess Perturbations
Iteration 2773/3500-----
J=1.2e-02, ⟨Jf⟩=1.3e-03, ⟨B·n⟩=8.3e-03, Len=sum([4.8, 4.6, 4.2])=13.5, ϰ=[4.8, 5.2, 4.6], ∫ϰ²/L>=[4.8, 6.1, 6.3], C-C-Sep=0.20, ║∇J║=7.9e-04
-----On 1/20 Initial Guess Perturbations
Iteration 2774/3500-----
J=1.2e-02, ⟨Jf⟩=1.3e-03, ⟨B·n⟩=8.3e-03, Len=sum([4.8, 4.6, 4.2])=13.5, ϰ=[4.8, 5.2, 4.6], ∫ϰ²/L>=[4.8, 6.1, 6.3], C-C-Sep=0.20, ║∇J║=8.7e-04
-----On 1/20 Initial Guess Perturbations
Iteration 2775/3500-----
J=1.2e-02, ⟨Jf⟩=1.3e-03, ⟨B·n⟩=8.3e-03, Len=sum([4.8, 4.6, 4.2])=13.5, ϰ=[4.8, 5.2, 4.6], ∫ϰ²/L>=[4.8, 6.1, 6.3], C-C-Sep=0.20, ║∇J║=8.6e-04
-----On 1/20 Initial Guess Perturbations
Iteration 2776/3500-----
J=1.2e-02, ⟨Jf⟩=1.3e-03, ⟨B·n⟩=8.3e-03, Len=sum([4.8, 4.6, 4.2])=13.5, ϰ=[4.8, 5.2, 4.6], ∫ϰ²/L>=[4.8, 6.1, 6.3], C-C-Sep=0.20, ║∇J║=6.7e-04
-----On 1/20 Initial Guess Perturbations
Iteration 2777/3500-----
J=1.2e-02, ⟨Jf⟩=1.3e-03, ⟨B·n⟩=8.3e-03, Len=sum([4.8, 4.6, 4.2])=13.5, ϰ=[4.8, 5.2, 4.6], ∫ϰ²/L>=[4.8, 6.1, 6.3], C-C-Sep=0.20, ║∇J║=6.8e-04
-----On 1/20 Initial Guess Perturbations
Iteration 2778/3500-----
J=1.2e-02, ⟨Jf⟩=1.3e-03, ⟨B·n⟩=8.3e-03, Len=sum([4.8, 4.6, 4.2])=13.5, ϰ=[4.8, 5.2, 4.6], ∫ϰ²/L>=[4.8, 6.1, 6.3], C-C-Sep=0.20, ║∇J║=7.0e-04
-----On 1/20 Initial Guess Perturbations
Iteration 2779/3500-----
J=1.2e-02, ⟨Jf⟩=1.3e-03, ⟨B·n⟩=8.3e-03, Len=sum([4.8, 4.6, 4.2])=13.5, ϰ=[4.9, 5.2, 4.6], ∫ϰ²/L>=[4.8, 6.1, 6.3], C-C-Sep=0.20, ║∇J║=6.7e-04
-----On 1/20 Initial Guess Perturbations
Iteration 2780/3500-----
J=1.2e-02, ⟨Jf⟩=1.3e-03, ⟨B·n⟩=8.3e-03, Len=sum([4.8, 4.6, 4.2])=13.5, ϰ=[4.9, 5.2, 4.6], ∫ϰ²/L>=[4.8, 6.1, 6.3], C-C-Sep=0.20, ║∇J║=7.6e-04
-----On 1/20 Initial Guess Perturbations
Iteration 2781/3500-----
J=1.2e-02, ⟨Jf⟩=1.3e-03, ⟨B·n⟩=8.3e-03, Len=sum([4.8, 4.6, 4.2])=13.5, ϰ=[4.9, 5.2, 4.6], ∫ϰ²/L>=[4.8, 6.1, 6.3], C-C-Sep=0.20, ║∇J║=8.0e-04
-----On 1/20 Initial Guess Perturbations
Iteration 2782/3500-----
J=1.2e-02, ⟨Jf⟩=1.3e-03, ⟨B·n⟩=8.3e-03, Len=sum([4.8, 4.6, 4.2])=13.5, ϰ=[4.9, 5.2, 4.6], ∫ϰ²/L>=[4.8, 6.1, 6.3], C-C-Sep=0.20, ║∇J║=9.2e-04
-----On 1/20 Initial Guess Perturbations
Iteration 2783/3500-----
J=1.2e-02, ⟨Jf⟩=1.3e-03, ⟨B·n⟩=8.3e-03, Len=sum([4.8, 4.6, 4.2])=13.5, ϰ=[4.9, 5.2, 4.6], ∫ϰ²/L>=[4.8, 6.1, 6.3], C-C-Sep=0.20, ║∇J║=6.9e-04
-----On 1/20 Initial Guess Perturbations
Iteration 2784/3500-----
J=1.2e-02, ⟨Jf⟩=1.3e-03, ⟨B·n⟩=8.3e-03, Len=sum([4.8, 4.6, 4.2])=13.5, ϰ=[4.9, 5.2, 4.6], ∫ϰ²/L>=[4.8, 6.1, 6.3], C-C-Sep=0.20, ║∇J║=1.3e-03
-----On 1/20 Initial Guess Perturbations
Iteration 2785/3500-----
J=1.2e-02, ⟨Jf⟩=1.3e-03, ⟨B·n⟩=8.3e-03, Len=sum([4.8, 4.6, 4.2])=13.5, ϰ=[4.9, 5.2, 4.6], ∫ϰ²/L>=[4.8, 6.1, 6.3], C-C-Sep=0.20, ║∇J║=7.6e-04
-----On 1/20 Initial Guess Perturbations
Iteration 2786/3500-----
J=1.2e-02, ⟨Jf⟩=1.3e-03, ⟨B·n⟩=8.3e-03, Len=sum([4.8, 4.6, 4.2])=13.5, ϰ=[4.9, 5.2, 4.6], ∫ϰ²/L>=[4.8, 6.1, 6.3], C-C-Sep=0.20, ║∇J║=6.7e-04
-----On 1/20 Initial Guess Perturbations
Iteration 2787/3500-----
J=1.2e-02, ⟨Jf⟩=1.3e-03, ⟨B·n⟩=8.3e-03, Len=sum([4.8, 4.6, 4.2])=13.5, ϰ=[4.9, 5.2, 4.6], ∫ϰ²/L>=[4.8, 6.1, 6.3], C-C-Sep=0.20, ║∇J║=5.8e-04
-----On 1/20 Initial Guess Perturbations
Iteration 2788/3500-----
J=1.2e-02, ⟨Jf⟩=1.3e-03, ⟨B·n⟩=8.3e-03, Len=sum([4.8, 4.6, 4.2])=13.5, ϰ=[4.9, 5.3, 4.6], ∫ϰ²/L>=[4.8, 6.1, 6.3], C-C-Sep=0.20, ║∇J║=8.1e-04
-----On 1/20 Initial Guess Perturbations
Iteration 2789/3500-----
J=1.2e-02, ⟨Jf⟩=1.3e-03, ⟨B·n⟩=8.3e-03, Len=sum([4.8, 4.6, 4.2])=13.5, ϰ=[4.9, 5.3, 4.6], ∫ϰ²/L>=[4.8, 6.1, 6.3], C-C-Sep=0.20, ║∇J║=7.3e-04
-----On 1/20 Initial Guess Perturbations
Iteration 2790/3500-----
J=1.2e-02, ⟨Jf⟩=1.3e-03, ⟨B·n⟩=8.3e-03, Len=sum([4.8, 4.6, 4.2])=13.5, ϰ=[4.9, 5.3, 4.6], ∫ϰ²/L>=[4.8, 6.1, 6.3], C-C-Sep=0.20, ║∇J║=7.4e-04
-----On 1/20 Initial Guess Perturbations
Iteration 2791/3500-----
J=1.2e-02, ⟨Jf⟩=1.3e-03, ⟨B·n⟩=8.3e-03, Len=sum([4.8, 4.6, 4.2])=13.5, ϰ=[4.9, 5.3, 4.6], ∫ϰ²/L>=[4.8, 6.1, 6.3], C-C-Sep=0.20, ║∇J║=8.9e-04
-----On 1/20 Initial Guess Perturbations
Iteration 2792/3500-----
J=1.2e-02, ⟨Jf⟩=1.3e-03, ⟨B·n⟩=8.3e-03, Len=sum([4.8, 4.6, 4.2])=13.5, ϰ=[4.9, 5.3, 4.6], ∫ϰ²/L>=[4.8, 6.1, 6.3], C-C-Sep=0.20, ║∇J║=9.9e-04
-----On 1/20 Initial Guess Perturbations
Iteration 2793/3500-----
J=1.2e-02, ⟨Jf⟩=1.3e-03, ⟨B·n⟩=8.3e-03, Len=sum([4.8, 4.6, 4.2])=13.5, ϰ=[4.9, 5.3, 4.6], ∫ϰ²/L>=[4.8, 6.1, 6.3], C-C-Sep=0.20, ║∇J║=1.2e-03
-----On 1/20 Initial Guess Perturbations
Iteration 2794/3500-----
J=1.2e-02, ⟨Jf⟩=1.3e-03, ⟨B·n⟩=8.3e-03, Len=sum([4.8, 4.6, 4.2])=13.5, ϰ=[4.9, 5.3, 4.6], ∫ϰ²/L>=[4.8, 6.1, 6.3], C-C-Sep=0.20, ║∇J║=1.0e-03
-----On 1/20 Initial Guess Perturbations
Iteration 2795/3500-----
J=1.2e-02, ⟨Jf⟩=1.3e-03, ⟨B·n⟩=8.3e-03, Len=sum([4.8, 4.6, 4.2])=13.5, ϰ=[4.9, 5.3, 4.6], ∫ϰ²/L>=[4.8, 6.1, 6.3], C-C-Sep=0.20, ║∇J║=6.0e-04
-----On 1/20 Initial Guess Perturbations
Iteration 2796/3500-----
J=1.2e-02, ⟨Jf⟩=1.3e-03, ⟨B·n⟩=8.3e-03, Len=sum([4.8, 4.6, 4.2])=13.5, ϰ=[4.9, 5.3, 4.6], ∫ϰ²/L>=[4.8, 6.1, 6.3], C-C-Sep=0.20, ║∇J║=8.3e-04
-----On 1/20 Initial Guess Perturbations
Iteration 2797/3500-----
J=1.2e-02, ⟨Jf⟩=1.3e-03, ⟨B·n⟩=8.3e-03, Len=sum([4.8, 4.6, 4.2])=13.5, ϰ=[4.9, 5.3, 4.6], ∫ϰ²/L>=[4.8, 6.1, 6.3], C-C-Sep=0.20, ║∇J║=7.5e-04
-----On 1/20 Initial Guess Perturbations
Iteration 2798/3500-----
J=1.2e-02, ⟨Jf⟩=1.3e-03, ⟨B·n⟩=8.3e-03, Len=sum([4.8, 4.6, 4.2])=13.5, ϰ=[4.9, 5.3, 4.7], ∫ϰ²/L>=[4.8, 6.1, 6.3], C-C-Sep=0.20, ║∇J║=7.1e-04
-----On 1/20 Initial Guess Perturbations
Iteration 2799/3500-----
J=1.2e-02, ⟨Jf⟩=1.3e-03, ⟨B·n⟩=8.3e-03, Len=sum([4.8, 4.6, 4.2])=13.5, ϰ=[4.9, 5.3, 4.7], ∫ϰ²/L>=[4.8, 6.1, 6.3], C-C-Sep=0.20, ║∇J║=8.8e-04
-----On 1/20 Initial Guess Perturbations
Iteration 2800/3500-----
J=1.2e-02, ⟨Jf⟩=1.3e-03, ⟨B·n⟩=8.3e-03, Len=sum([4.8, 4.6, 4.2])=13.5, ϰ=[4.9, 5.3, 4.7], ∫ϰ²/L>=[4.8, 6.1, 6.3], C-C-Sep=0.20, ║∇J║=8.0e-04
-----On 1/20 Initial Guess Perturbations
Iteration 2801/3500-----
J=1.2e-02, ⟨Jf⟩=1.3e-03, ⟨B·n⟩=8.3e-03, Len=sum([4.8, 4.6, 4.2])=13.5, ϰ=[4.9, 5.3, 4.6], ∫ϰ²/L>=[4.8, 6.1, 6.3], C-C-Sep=0.20, ║∇J║=7.5e-04
-----On 1/20 Initial Guess Perturbations
Iteration 2802/3500-----
J=1.2e-02, ⟨Jf⟩=1.3e-03, ⟨B·n⟩=8.3e-03, Len=sum([4.8, 4.6, 4.2])=13.5, ϰ=[4.9, 5.3, 4.6], ∫ϰ²/L>=[4.8, 6.1, 6.3], C-C-Sep=0.20, ║∇J║=7.7e-04
-----On 1/20 Initial Guess Perturbations
Iteration 2803/3500-----
J=1.2e-02, ⟨Jf⟩=1.3e-03, ⟨B·n⟩=8.3e-03, Len=sum([4.8, 4.6, 4.2])=13.5, ϰ=[4.9, 5.3, 4.6], ∫ϰ²/L>=[4.8, 6.1, 6.3], C-C-Sep=0.20, ║∇J║=7.2e-04
-----On 1/20 Initial Guess Perturbations
Iteration 2804/3500-----
J=1.2e-02, ⟨Jf⟩=1.3e-03, ⟨B·n⟩=8.3e-03, Len=sum([4.8, 4.6, 4.2])=13.5, ϰ=[4.9, 5.3, 4.6], ∫ϰ²/L>=[4.8, 6.1, 6.3], C-C-Sep=0.20, ║∇J║=6.5e-04
-----On 1/20 Initial Guess Perturbations
Iteration 2805/3500-----
J=1.2e-02, ⟨Jf⟩=1.3e-03, ⟨B·n⟩=8.3e-03, Len=sum([4.8, 4.6, 4.2])=13.5, ϰ=[4.9, 5.3, 4.6], ∫ϰ²/L>=[4.8, 6.1, 6.3], C-C-Sep=0.20, ║∇J║=7.2e-04
-----On 1/20 Initial Guess Perturbations
Iteration 2806/3500-----
J=1.2e-02, ⟨Jf⟩=1.3e-03, ⟨B·n⟩=8.3e-03, Len=sum([4.8, 4.6, 4.2])=13.5, ϰ=[4.9, 5.3, 4.6], ∫ϰ²/L>=[4.8, 6.1, 6.3], C-C-Sep=0.20, ║∇J║=9.5e-04
-----On 1/20 Initial Guess Perturbations
Iteration 2807/3500-----
J=1.2e-02, ⟨Jf⟩=1.3e-03, ⟨B·n⟩=8.3e-03, Len=sum([4.8, 4.6, 4.2])=13.5, ϰ=[4.9, 5.3, 4.6], ∫ϰ²/L>=[4.8, 6.1, 6.3], C-C-Sep=0.20, ║∇J║=1.1e-03
-----On 1/20 Initial Guess Perturbations
Iteration 2808/3500-----
J=1.2e-02, ⟨Jf⟩=1.3e-03, ⟨B·n⟩=8.3e-03, Len=sum([4.8, 4.6, 4.2])=13.5, ϰ=[4.9, 5.3, 4.6], ∫ϰ²/L>=[4.8, 6.1, 6.3], C-C-Sep=0.20, ║∇J║=8.8e-04
-----On 1/20 Initial Guess Perturbations
Iteration 2809/3500-----
J=1.2e-02, ⟨Jf⟩=1.3e-03, ⟨B·n⟩=8.3e-03, Len=sum([4.8, 4.6, 4.2])=13.5, ϰ=[4.9, 5.3, 4.6], ∫ϰ²/L>=[4.8, 6.1, 6.3], C-C-Sep=0.20, ║∇J║=6.8e-04
-----On 1/20 Initial Guess Perturbations
Iteration 2810/3500-----
J=1.2e-02, ⟨Jf⟩=1.3e-03, ⟨B·n⟩=8.3e-03, Len=sum([4.8, 4.6, 4.2])=13.5, ϰ=[4.9, 5.3, 4.6], ∫ϰ²/L>=[4.8, 6.1, 6.3], C-C-Sep=0.20, ║∇J║=6.4e-04
-----On 1/20 Initial Guess Perturbations
Iteration 2811/3500-----
J=1.2e-02, ⟨Jf⟩=1.3e-03, ⟨B·n⟩=8.3e-03, Len=sum([4.8, 4.6, 4.2])=13.5, ϰ=[4.9, 5.3, 4.6], ∫ϰ²/L>=[4.8, 6.1, 6.3], C-C-Sep=0.20, ║∇J║=6.8e-04
-----On 1/20 Initial Guess Perturbations
Iteration 2812/3500-----
J=1.2e-02, ⟨Jf⟩=1.3e-03, ⟨B·n⟩=8.3e-03, Len=sum([4.8, 4.6, 4.2])=13.5, ϰ=[4.9, 5.2, 4.6], ∫ϰ²/L>=[4.8, 6.1, 6.3], C-C-Sep=0.20, ║∇J║=6.9e-04
-----On 1/20 Initial Guess Perturbations
Iteration 2813/3500-----
J=1.2e-02, ⟨Jf⟩=1.3e-03, ⟨B·n⟩=8.3e-03, Len=sum([4.8, 4.6, 4.2])=13.5, ϰ=[4.9, 5.2, 4.6], ∫ϰ²/L>=[4.8, 6.1, 6.3], C-C-Sep=0.20, ║∇J║=6.6e-04
-----On 1/20 Initial Guess Perturbations
Iteration 2814/3500-----
J=1.2e-02, ⟨Jf⟩=1.3e-03, ⟨B·n⟩=8.3e-03, Len=sum([4.8, 4.6, 4.2])=13.5, ϰ=[4.9, 5.2, 4.6], ∫ϰ²/L>=[4.8, 6.1, 6.3], C-C-Sep=0.20, ║∇J║=8.7e-04
-----On 1/20 Initial Guess Perturbations
Iteration 2815/3500-----
J=1.2e-02, ⟨Jf⟩=1.3e-03, ⟨B·n⟩=8.3e-03, Len=sum([4.8, 4.6, 4.2])=13.5, ϰ=[4.9, 5.2, 4.6], ∫ϰ²/L>=[4.8, 6.1, 6.3], C-C-Sep=0.20, ║∇J║=8.1e-04
-----On 1/20 Initial Guess Perturbations
Iteration 2816/3500-----
J=1.2e-02, ⟨Jf⟩=1.3e-03, ⟨B·n⟩=8.3e-03, Len=sum([4.8, 4.6, 4.2])=13.5, ϰ=[4.9, 5.2, 4.6], ∫ϰ²/L>=[4.8, 6.1, 6.3], C-C-Sep=0.20, ║∇J║=7.8e-04
-----On 1/20 Initial Guess Perturbations
Iteration 2817/3500-----
J=1.2e-02, ⟨Jf⟩=1.3e-03, ⟨B·n⟩=8.3e-03, Len=sum([4.8, 4.6, 4.2])=13.5, ϰ=[4.9, 5.3, 4.6], ∫ϰ²/L>=[4.8, 6.1, 6.3], C-C-Sep=0.20, ║∇J║=7.5e-04
-----On 1/20 Initial Guess Perturbations
Iteration 2818/3500-----
J=1.2e-02, ⟨Jf⟩=1.3e-03, ⟨B·n⟩=8.3e-03, Len=sum([4.8, 4.6, 4.2])=13.5, ϰ=[4.9, 5.3, 4.6], ∫ϰ²/L>=[4.8, 6.1, 6.3], C-C-Sep=0.20, ║∇J║=1.1e-03
-----On 1/20 Initial Guess Perturbations
Iteration 2819/3500-----
J=1.2e-02, ⟨Jf⟩=1.3e-03, ⟨B·n⟩=8.3e-03, Len=sum([4.8, 4.6, 4.2])=13.5, ϰ=[4.9, 5.3, 4.6], ∫ϰ²/L>=[4.8, 6.1, 6.3], C-C-Sep=0.20, ║∇J║=7.5e-04
-----On 1/20 Initial Guess Perturbations
Iteration 2820/3500-----
J=1.2e-02, ⟨Jf⟩=1.3e-03, ⟨B·n⟩=8.3e-03, Len=sum([4.8, 4.6, 4.2])=13.5, ϰ=[4.9, 5.3, 4.5], ∫ϰ²/L>=[4.8, 6.1, 6.3], C-C-Sep=0.20, ║∇J║=5.9e-04
-----On 1/20 Initial Guess Perturbations
Iteration 2821/3500-----
J=1.2e-02, ⟨Jf⟩=1.3e-03, ⟨B·n⟩=8.3e-03, Len=sum([4.8, 4.6, 4.2])=13.5, ϰ=[4.9, 5.3, 4.6], ∫ϰ²/L>=[4.8, 6.1, 6.3], C-C-Sep=0.20, ║∇J║=5.5e-04
-----On 1/20 Initial Guess Perturbations
Iteration 2822/3500-----
J=1.2e-02, ⟨Jf⟩=1.3e-03, ⟨B·n⟩=8.3e-03, Len=sum([4.8, 4.6, 4.2])=13.5, ϰ=[4.9, 5.3, 4.6], ∫ϰ²/L>=[4.8, 6.1, 6.3], C-C-Sep=0.20, ║∇J║=7.4e-04
-----On 1/20 Initial Guess Perturbations
Iteration 2823/3500-----
J=1.2e-02, ⟨Jf⟩=1.3e-03, ⟨B·n⟩=8.3e-03, Len=sum([4.8, 4.6, 4.2])=13.5, ϰ=[4.9, 5.3, 4.6], ∫ϰ²/L>=[4.8, 6.1, 6.3], C-C-Sep=0.20, ║∇J║=7.0e-04
-----On 1/20 Initial Guess Perturbations
Iteration 2824/3500-----
J=1.2e-02, ⟨Jf⟩=1.3e-03, ⟨B·n⟩=8.3e-03, Len=sum([4.8, 4.6, 4.2])=13.5, ϰ=[4.9, 5.3, 4.6], ∫ϰ²/L>=[4.8, 6.1, 6.3], C-C-Sep=0.20, ║∇J║=6.3e-04
-----On 1/20 Initial Guess Perturbations
Iteration 2825/3500-----
J=1.2e-02, ⟨Jf⟩=1.3e-03, ⟨B·n⟩=8.3e-03, Len=sum([4.8, 4.6, 4.2])=13.5, ϰ=[4.9, 5.3, 4.6], ∫ϰ²/L>=[4.8, 6.1, 6.3], C-C-Sep=0.20, ║∇J║=8.6e-04
-----On 1/20 Initial Guess Perturbations
Iteration 2826/3500-----
J=1.2e-02, ⟨Jf⟩=1.3e-03, ⟨B·n⟩=8.3e-03, Len=sum([4.8, 4.6, 4.2])=13.5, ϰ=[4.9, 5.3, 4.6], ∫ϰ²/L>=[4.8, 6.1, 6.3], C-C-Sep=0.20, ║∇J║=8.8e-04
-----On 1/20 Initial Guess Perturbations
Iteration 2827/3500-----
J=1.2e-02, ⟨Jf⟩=1.3e-03, ⟨B·n⟩=8.3e-03, Len=sum([4.8, 4.6, 4.2])=13.5, ϰ=[4.9, 5.3, 4.6], ∫ϰ²/L>=[4.8, 6.1, 6.3], C-C-Sep=0.20, ║∇J║=1.0e-03
-----On 1/20 Initial Guess Perturbations
Iteration 2828/3500-----
J=1.2e-02, ⟨Jf⟩=1.3e-03, ⟨B·n⟩=8.3e-03, Len=sum([4.8, 4.6, 4.2])=13.5, ϰ=[4.9, 5.3, 4.6], ∫ϰ²/L>=[4.8, 6.1, 6.3], C-C-Sep=0.20, ║∇J║=7.8e-04
-----On 1/20 Initial Guess Perturbations
Iteration 2829/3500-----
J=1.2e-02, ⟨Jf⟩=1.3e-03, ⟨B·n⟩=8.3e-03, Len=sum([4.8, 4.6, 4.2])=13.5, ϰ=[4.9, 5.3, 4.6], ∫ϰ²/L>=[4.8, 6.1, 6.3], C-C-Sep=0.20, ║∇J║=7.0e-04
-----On 1/20 Initial Guess Perturbations
Iteration 2830/3500-----
J=1.2e-02, ⟨Jf⟩=1.3e-03, ⟨B·n⟩=8.3e-03, Len=sum([4.8, 4.6, 4.2])=13.5, ϰ=[4.9, 5.3, 4.6], ∫ϰ²/L>=[4.8, 6.1, 6.3], C-C-Sep=0.20, ║∇J║=6.3e-04
-----On 1/20 Initial Guess Perturbations
Iteration 2831/3500-----
J=1.2e-02, ⟨Jf⟩=1.3e-03, ⟨B·n⟩=8.3e-03, Len=sum([4.8, 4.6, 4.2])=13.5, ϰ=[4.9, 5.3, 4.6], ∫ϰ²/L>=[4.8, 6.1, 6.3], C-C-Sep=0.20, ║∇J║=6.9e-04
-----On 1/20 Initial Guess Perturbations
Iteration 2832/3500-----
J=1.2e-02, ⟨Jf⟩=1.3e-03, ⟨B·n⟩=8.3e-03, Len=sum([4.8, 4.6, 4.2])=13.5, ϰ=[4.9, 5.3, 4.6], ∫ϰ²/L>=[4.8, 6.1, 6.3], C-C-Sep=0.20, ║∇J║=7.0e-04
-----On 1/20 Initial Guess Perturbations
Iteration 2833/3500-----
J=1.2e-02, ⟨Jf⟩=1.3e-03, ⟨B·n⟩=8.3e-03, Len=sum([4.8, 4.6, 4.2])=13.5, ϰ=[4.9, 5.3, 4.6], ∫ϰ²/L>=[4.8, 6.1, 6.3], C-C-Sep=0.20, ║∇J║=7.3e-04
-----On 1/20 Initial Guess Perturbations
Iteration 2834/3500-----
J=1.2e-02, ⟨Jf⟩=1.3e-03, ⟨B·n⟩=8.3e-03, Len=sum([4.8, 4.6, 4.2])=13.5, ϰ=[4.9, 5.3, 4.6], ∫ϰ²/L>=[4.8, 6.1, 6.3], C-C-Sep=0.20, ║∇J║=7.4e-04
-----On 1/20 Initial Guess Perturbations
Iteration 2835/3500-----
J=1.2e-02, ⟨Jf⟩=1.3e-03, ⟨B·n⟩=8.3e-03, Len=sum([4.8, 4.6, 4.2])=13.5, ϰ=[4.9, 5.3, 4.6], ∫ϰ²/L>=[4.8, 6.1, 6.3], C-C-Sep=0.20, ║∇J║=8.0e-04
-----On 1/20 Initial Guess Perturbations
Iteration 2836/3500-----
J=1.2e-02, ⟨Jf⟩=1.3e-03, ⟨B·n⟩=8.3e-03, Len=sum([4.8, 4.6, 4.2])=13.5, ϰ=[4.9, 5.3, 4.6], ∫ϰ²/L>=[4.8, 6.1, 6.3], C-C-Sep=0.20, ║∇J║=7.8e-04
-----On 1/20 Initial Guess Perturbations
Iteration 2837/3500-----
J=1.2e-02, ⟨Jf⟩=1.3e-03, ⟨B·n⟩=8.3e-03, Len=sum([4.8, 4.6, 4.2])=13.5, ϰ=[4.9, 5.3, 4.6], ∫ϰ²/L>=[4.8, 6.1, 6.3], C-C-Sep=0.20, ║∇J║=5.8e-04
-----On 1/20 Initial Guess Perturbations
Iteration 2838/3500-----
J=1.2e-02, ⟨Jf⟩=1.3e-03, ⟨B·n⟩=8.3e-03, Len=sum([4.8, 4.6, 4.2])=13.5, ϰ=[4.9, 5.3, 4.6], ∫ϰ²/L>=[4.8, 6.1, 6.3], C-C-Sep=0.20, ║∇J║=6.9e-04
-----On 1/20 Initial Guess Perturbations
Iteration 2839/3500-----
J=1.2e-02, ⟨Jf⟩=1.3e-03, ⟨B·n⟩=8.3e-03, Len=sum([4.8, 4.6, 4.2])=13.5, ϰ=[4.9, 5.3, 4.6], ∫ϰ²/L>=[4.8, 6.1, 6.3], C-C-Sep=0.20, ║∇J║=8.0e-04
-----On 1/20 Initial Guess Perturbations
Iteration 2840/3500-----
J=1.2e-02, ⟨Jf⟩=1.3e-03, ⟨B·n⟩=8.3e-03, Len=sum([4.8, 4.6, 4.2])=13.5, ϰ=[4.9, 5.3, 4.6], ∫ϰ²/L>=[4.8, 6.1, 6.3], C-C-Sep=0.20, ║∇J║=6.3e-04
-----On 1/20 Initial Guess Perturbations
Iteration 2841/3500-----
J=1.2e-02, ⟨Jf⟩=1.3e-03, ⟨B·n⟩=8.3e-03, Len=sum([4.8, 4.6, 4.2])=13.5, ϰ=[4.9, 5.3, 4.6], ∫ϰ²/L>=[4.8, 6.1, 6.3], C-C-Sep=0.20, ║∇J║=6.9e-04
-----On 1/20 Initial Guess Perturbations
Iteration 2842/3500-----
J=1.2e-02, ⟨Jf⟩=1.3e-03, ⟨B·n⟩=8.3e-03, Len=sum([4.8, 4.6, 4.2])=13.5, ϰ=[4.9, 5.3, 4.6], ∫ϰ²/L>=[4.8, 6.1, 6.3], C-C-Sep=0.20, ║∇J║=7.0e-04
-----On 1/20 Initial Guess Perturbations
Iteration 2843/3500-----
J=1.2e-02, ⟨Jf⟩=1.3e-03, ⟨B·n⟩=8.3e-03, Len=sum([4.8, 4.6, 4.2])=13.5, ϰ=[4.9, 5.3, 4.6], ∫ϰ²/L>=[4.8, 6.1, 6.3], C-C-Sep=0.20, ║∇J║=6.8e-04
-----On 1/20 Initial Guess Perturbations
Iteration 2844/3500-----
J=1.2e-02, ⟨Jf⟩=1.3e-03, ⟨B·n⟩=8.3e-03, Len=sum([4.8, 4.6, 4.2])=13.5, ϰ=[4.9, 5.3, 4.6], ∫ϰ²/L>=[4.8, 6.1, 6.3], C-C-Sep=0.20, ║∇J║=6.8e-04
-----On 1/20 Initial Guess Perturbations
Iteration 2845/3500-----
J=1.2e-02, ⟨Jf⟩=1.3e-03, ⟨B·n⟩=8.3e-03, Len=sum([4.8, 4.6, 4.2])=13.5, ϰ=[4.9, 5.3, 4.6], ∫ϰ²/L>=[4.8, 6.1, 6.3], C-C-Sep=0.20, ║∇J║=7.6e-04
-----On 1/20 Initial Guess Perturbations
Iteration 2846/3500-----
J=1.2e-02, ⟨Jf⟩=1.3e-03, ⟨B·n⟩=8.3e-03, Len=sum([4.8, 4.6, 4.2])=13.5, ϰ=[4.9, 5.3, 4.6], ∫ϰ²/L>=[4.8, 6.1, 6.3], C-C-Sep=0.20, ║∇J║=9.0e-04
-----On 1/20 Initial Guess Perturbations
Iteration 2847/3500-----
J=1.2e-02, ⟨Jf⟩=1.3e-03, ⟨B·n⟩=8.3e-03, Len=sum([4.8, 4.6, 4.2])=13.5, ϰ=[4.9, 5.3, 4.6], ∫ϰ²/L>=[4.8, 6.1, 6.3], C-C-Sep=0.20, ║∇J║=8.7e-04
-----On 1/20 Initial Guess Perturbations
Iteration 2848/3500-----
J=1.2e-02, ⟨Jf⟩=1.3e-03, ⟨B·n⟩=8.3e-03, Len=sum([4.8, 4.6, 4.2])=13.5, ϰ=[4.9, 5.3, 4.6], ∫ϰ²/L>=[4.8, 6.1, 6.3], C-C-Sep=0.20, ║∇J║=8.6e-04
-----On 1/20 Initial Guess Perturbations
Iteration 2849/3500-----
J=1.2e-02, ⟨Jf⟩=1.3e-03, ⟨B·n⟩=8.3e-03, Len=sum([4.8, 4.6, 4.2])=13.5, ϰ=[4.9, 5.3, 4.6], ∫ϰ²/L>=[4.8, 6.1, 6.3], C-C-Sep=0.20, ║∇J║=8.0e-04
-----On 1/20 Initial Guess Perturbations
Iteration 2850/3500-----
J=1.2e-02, ⟨Jf⟩=1.3e-03, ⟨B·n⟩=8.3e-03, Len=sum([4.8, 4.6, 4.2])=13.5, ϰ=[4.9, 5.3, 4.6], ∫ϰ²/L>=[4.8, 6.1, 6.3], C-C-Sep=0.20, ║∇J║=5.7e-04
-----On 1/20 Initial Guess Perturbations
Iteration 2851/3500-----
J=1.2e-02, ⟨Jf⟩=1.3e-03, ⟨B·n⟩=8.3e-03, Len=sum([4.8, 4.6, 4.2])=13.5, ϰ=[4.9, 5.3, 4.6], ∫ϰ²/L>=[4.8, 6.1, 6.3], C-C-Sep=0.20, ║∇J║=7.4e-04
-----On 1/20 Initial Guess Perturbations
Iteration 2852/3500-----
J=1.2e-02, ⟨Jf⟩=1.3e-03, ⟨B·n⟩=8.3e-03, Len=sum([4.8, 4.6, 4.2])=13.5, ϰ=[4.9, 5.3, 4.5], ∫ϰ²/L>=[4.8, 6.1, 6.3], C-C-Sep=0.20, ║∇J║=8.5e-04
-----On 1/20 Initial Guess Perturbations
Iteration 2853/3500-----
J=1.2e-02, ⟨Jf⟩=1.3e-03, ⟨B·n⟩=8.3e-03, Len=sum([4.8, 4.6, 4.2])=13.5, ϰ=[4.9, 5.3, 4.5], ∫ϰ²/L>=[4.8, 6.1, 6.3], C-C-Sep=0.20, ║∇J║=7.8e-04
-----On 1/20 Initial Guess Perturbations
Iteration 2854/3500-----
J=1.2e-02, ⟨Jf⟩=1.3e-03, ⟨B·n⟩=8.3e-03, Len=sum([4.8, 4.6, 4.2])=13.5, ϰ=[4.9, 5.3, 4.5], ∫ϰ²/L>=[4.8, 6.1, 6.3], C-C-Sep=0.20, ║∇J║=8.8e-04
-----On 1/20 Initial Guess Perturbations
Iteration 2855/3500-----
J=1.2e-02, ⟨Jf⟩=1.3e-03, ⟨B·n⟩=8.3e-03, Len=sum([4.8, 4.6, 4.2])=13.5, ϰ=[4.9, 5.3, 4.6], ∫ϰ²/L>=[4.8, 6.1, 6.3], C-C-Sep=0.20, ║∇J║=9.3e-04
-----On 1/20 Initial Guess Perturbations
Iteration 2856/3500-----
J=1.2e-02, ⟨Jf⟩=1.3e-03, ⟨B·n⟩=8.3e-03, Len=sum([4.8, 4.6, 4.2])=13.5, ϰ=[4.9, 5.3, 4.5], ∫ϰ²/L>=[4.8, 6.1, 6.3], C-C-Sep=0.20, ║∇J║=9.0e-04
-----On 1/20 Initial Guess Perturbations
Iteration 2857/3500-----
J=1.2e-02, ⟨Jf⟩=1.3e-03, ⟨B·n⟩=8.3e-03, Len=sum([4.8, 4.6, 4.2])=13.5, ϰ=[4.9, 5.2, 4.5], ∫ϰ²/L>=[4.8, 6.1, 6.3], C-C-Sep=0.20, ║∇J║=1.4e-03
-----On 1/20 Initial Guess Perturbations
Iteration 2858/3500-----
J=1.2e-02, ⟨Jf⟩=1.3e-03, ⟨B·n⟩=8.3e-03, Len=sum([4.8, 4.6, 4.2])=13.5, ϰ=[4.9, 5.2, 4.5], ∫ϰ²/L>=[4.8, 6.1, 6.3], C-C-Sep=0.20, ║∇J║=8.8e-04
-----On 1/20 Initial Guess Perturbations
Iteration 2859/3500-----
J=1.2e-02, ⟨Jf⟩=1.3e-03, ⟨B·n⟩=8.3e-03, Len=sum([4.8, 4.6, 4.2])=13.5, ϰ=[4.9, 5.2, 4.6], ∫ϰ²/L>=[4.8, 6.1, 6.3], C-C-Sep=0.20, ║∇J║=1.1e-03
-----On 1/20 Initial Guess Perturbations
Iteration 2860/3500-----
J=1.2e-02, ⟨Jf⟩=1.3e-03, ⟨B·n⟩=8.3e-03, Len=sum([4.8, 4.6, 4.2])=13.5, ϰ=[4.9, 5.2, 4.6], ∫ϰ²/L>=[4.8, 6.1, 6.3], C-C-Sep=0.20, ║∇J║=7.5e-04
-----On 1/20 Initial Guess Perturbations
Iteration 2861/3500-----
J=1.2e-02, ⟨Jf⟩=1.3e-03, ⟨B·n⟩=8.3e-03, Len=sum([4.8, 4.6, 4.2])=13.5, ϰ=[4.9, 5.2, 4.6], ∫ϰ²/L>=[4.8, 6.1, 6.3], C-C-Sep=0.20, ║∇J║=7.5e-04
-----On 1/20 Initial Guess Perturbations
Iteration 2862/3500-----
J=1.2e-02, ⟨Jf⟩=1.3e-03, ⟨B·n⟩=8.3e-03, Len=sum([4.8, 4.6, 4.2])=13.5, ϰ=[4.9, 5.2, 4.6], ∫ϰ²/L>=[4.8, 6.1, 6.3], C-C-Sep=0.20, ║∇J║=9.5e-04
-----On 1/20 Initial Guess Perturbations
Iteration 2863/3500-----
J=1.2e-02, ⟨Jf⟩=1.3e-03, ⟨B·n⟩=8.3e-03, Len=sum([4.8, 4.6, 4.2])=13.5, ϰ=[4.9, 5.2, 4.6], ∫ϰ²/L>=[4.8, 6.1, 6.3], C-C-Sep=0.20, ║∇J║=8.3e-04
-----On 1/20 Initial Guess Perturbations
Iteration 2864/3500-----
J=1.2e-02, ⟨Jf⟩=1.3e-03, ⟨B·n⟩=8.3e-03, Len=sum([4.8, 4.6, 4.2])=13.5, ϰ=[4.9, 5.2, 4.6], ∫ϰ²/L>=[4.8, 6.1, 6.3], C-C-Sep=0.20, ║∇J║=7.4e-04
-----On 1/20 Initial Guess Perturbations
Iteration 2865/3500-----
J=1.2e-02, ⟨Jf⟩=1.3e-03, ⟨B·n⟩=8.3e-03, Len=sum([4.8, 4.6, 4.2])=13.5, ϰ=[4.9, 5.2, 4.6], ∫ϰ²/L>=[4.8, 6.1, 6.3], C-C-Sep=0.20, ║∇J║=8.4e-04
-----On 1/20 Initial Guess Perturbations
Iteration 2866/3500-----
J=1.2e-02, ⟨Jf⟩=1.3e-03, ⟨B·n⟩=8.3e-03, Len=sum([4.8, 4.6, 4.2])=13.5, ϰ=[4.9, 5.2, 4.6], ∫ϰ²/L>=[4.8, 6.1, 6.3], C-C-Sep=0.20, ║∇J║=8.6e-04
-----On 1/20 Initial Guess Perturbations
Iteration 2867/3500-----
J=1.2e-02, ⟨Jf⟩=1.3e-03, ⟨B·n⟩=8.3e-03, Len=sum([4.8, 4.6, 4.2])=13.5, ϰ=[4.9, 5.2, 4.6], ∫ϰ²/L>=[4.8, 6.1, 6.3], C-C-Sep=0.20, ║∇J║=9.6e-04
-----On 1/20 Initial Guess Perturbations
Iteration 2868/3500-----
J=1.2e-02, ⟨Jf⟩=1.3e-03, ⟨B·n⟩=8.3e-03, Len=sum([4.8, 4.6, 4.2])=13.5, ϰ=[4.9, 5.3, 4.6], ∫ϰ²/L>=[4.8, 6.1, 6.3], C-C-Sep=0.20, ║∇J║=9.9e-04
-----On 1/20 Initial Guess Perturbations
Iteration 2869/3500-----
J=1.2e-02, ⟨Jf⟩=1.3e-03, ⟨B·n⟩=8.3e-03, Len=sum([4.8, 4.6, 4.2])=13.5, ϰ=[4.9, 5.2, 4.6], ∫ϰ²/L>=[4.8, 6.1, 6.3], C-C-Sep=0.20, ║∇J║=8.8e-04
-----On 1/20 Initial Guess Perturbations
Iteration 2870/3500-----
J=1.2e-02, ⟨Jf⟩=1.3e-03, ⟨B·n⟩=8.3e-03, Len=sum([4.8, 4.6, 4.2])=13.5, ϰ=[4.9, 5.3, 4.6], ∫ϰ²/L>=[4.8, 6.1, 6.3], C-C-Sep=0.20, ║∇J║=7.8e-04
-----On 1/20 Initial Guess Perturbations
Iteration 2871/3500-----
J=1.2e-02, ⟨Jf⟩=1.3e-03, ⟨B·n⟩=8.3e-03, Len=sum([4.8, 4.6, 4.2])=13.5, ϰ=[4.9, 5.3, 4.6], ∫ϰ²/L>=[4.8, 6.1, 6.3], C-C-Sep=0.20, ║∇J║=8.7e-04
-----On 1/20 Initial Guess Perturbations
Iteration 2872/3500-----
J=1.2e-02, ⟨Jf⟩=1.3e-03, ⟨B·n⟩=8.3e-03, Len=sum([4.8, 4.6, 4.2])=13.5, ϰ=[4.9, 5.3, 4.6], ∫ϰ²/L>=[4.8, 6.1, 6.3], C-C-Sep=0.20, ║∇J║=9.2e-04
-----On 1/20 Initial Guess Perturbations
Iteration 2873/3500-----
J=1.2e-02, ⟨Jf⟩=1.3e-03, ⟨B·n⟩=8.3e-03, Len=sum([4.8, 4.6, 4.2])=13.5, ϰ=[4.9, 5.3, 4.6], ∫ϰ²/L>=[4.8, 6.1, 6.3], C-C-Sep=0.20, ║∇J║=9.1e-04
-----On 1/20 Initial Guess Perturbations
Iteration 2874/3500-----
J=1.2e-02, ⟨Jf⟩=1.3e-03, ⟨B·n⟩=8.3e-03, Len=sum([4.8, 4.6, 4.2])=13.5, ϰ=[4.9, 5.3, 4.6], ∫ϰ²/L>=[4.8, 6.1, 6.3], C-C-Sep=0.20, ║∇J║=9.0e-04
-----On 1/20 Initial Guess Perturbations
Iteration 2875/3500-----
J=1.2e-02, ⟨Jf⟩=1.3e-03, ⟨B·n⟩=8.3e-03, Len=sum([4.8, 4.6, 4.2])=13.5, ϰ=[4.9, 5.3, 4.6], ∫ϰ²/L>=[4.8, 6.1, 6.3], C-C-Sep=0.20, ║∇J║=6.8e-04
-----On 1/20 Initial Guess Perturbations
Iteration 2876/3500-----
J=1.2e-02, ⟨Jf⟩=1.3e-03, ⟨B·n⟩=8.3e-03, Len=sum([4.8, 4.6, 4.2])=13.5, ϰ=[4.9, 5.3, 4.6], ∫ϰ²/L>=[4.8, 6.1, 6.3], C-C-Sep=0.20, ║∇J║=7.3e-04
-----On 1/20 Initial Guess Perturbations
Iteration 2877/3500-----
J=1.2e-02, ⟨Jf⟩=1.3e-03, ⟨B·n⟩=8.3e-03, Len=sum([4.8, 4.6, 4.2])=13.5, ϰ=[4.9, 5.3, 4.6], ∫ϰ²/L>=[4.8, 6.1, 6.3], C-C-Sep=0.20, ║∇J║=9.3e-04
-----On 1/20 Initial Guess Perturbations
Iteration 2878/3500-----
J=1.2e-02, ⟨Jf⟩=1.3e-03, ⟨B·n⟩=8.3e-03, Len=sum([4.8, 4.6, 4.2])=13.5, ϰ=[4.9, 5.3, 4.6], ∫ϰ²/L>=[4.8, 6.1, 6.3], C-C-Sep=0.20, ║∇J║=7.3e-04
-----On 1/20 Initial Guess Perturbations
Iteration 2879/3500-----
J=1.2e-02, ⟨Jf⟩=1.3e-03, ⟨B·n⟩=8.3e-03, Len=sum([4.8, 4.6, 4.2])=13.5, ϰ=[4.9, 5.3, 4.6], ∫ϰ²/L>=[4.8, 6.1, 6.3], C-C-Sep=0.20, ║∇J║=7.7e-04
-----On 1/20 Initial Guess Perturbations
Iteration 2880/3500-----
J=1.2e-02, ⟨Jf⟩=1.3e-03, ⟨B·n⟩=8.3e-03, Len=sum([4.8, 4.6, 4.2])=13.5, ϰ=[4.9, 5.3, 4.6], ∫ϰ²/L>=[4.8, 6.1, 6.3], C-C-Sep=0.20, ║∇J║=8.2e-04
-----On 1/20 Initial Guess Perturbations
Iteration 2881/3500-----
J=1.2e-02, ⟨Jf⟩=1.3e-03, ⟨B·n⟩=8.3e-03, Len=sum([4.8, 4.6, 4.2])=13.5, ϰ=[4.9, 5.3, 4.6], ∫ϰ²/L>=[4.8, 6.1, 6.3], C-C-Sep=0.20, ║∇J║=8.8e-04
-----On 1/20 Initial Guess Perturbations
Iteration 2882/3500-----
J=1.2e-02, ⟨Jf⟩=1.3e-03, ⟨B·n⟩=8.3e-03, Len=sum([4.8, 4.6, 4.2])=13.5, ϰ=[4.9, 5.3, 4.6], ∫ϰ²/L>=[4.8, 6.1, 6.3], C-C-Sep=0.20, ║∇J║=9.6e-04
-----On 1/20 Initial Guess Perturbations
Iteration 2883/3500-----
J=1.2e-02, ⟨Jf⟩=1.3e-03, ⟨B·n⟩=8.3e-03, Len=sum([4.8, 4.6, 4.2])=13.5, ϰ=[4.9, 5.3, 4.6], ∫ϰ²/L>=[4.8, 6.2, 6.3], C-C-Sep=0.20, ║∇J║=9.0e-04
-----On 1/20 Initial Guess Perturbations
Iteration 2884/3500-----
J=1.2e-02, ⟨Jf⟩=1.3e-03, ⟨B·n⟩=8.3e-03, Len=sum([4.8, 4.6, 4.2])=13.5, ϰ=[4.9, 5.3, 4.6], ∫ϰ²/L>=[4.8, 6.1, 6.3], C-C-Sep=0.20, ║∇J║=9.2e-04
-----On 1/20 Initial Guess Perturbations
Iteration 2885/3500-----
J=1.2e-02, ⟨Jf⟩=1.3e-03, ⟨B·n⟩=8.3e-03, Len=sum([4.8, 4.6, 4.2])=13.5, ϰ=[4.9, 5.3, 4.6], ∫ϰ²/L>=[4.8, 6.1, 6.3], C-C-Sep=0.20, ║∇J║=1.0e-03
-----On 1/20 Initial Guess Perturbations
Iteration 2886/3500-----
J=1.2e-02, ⟨Jf⟩=1.3e-03, ⟨B·n⟩=8.3e-03, Len=sum([4.8, 4.6, 4.2])=13.5, ϰ=[4.9, 5.3, 4.6], ∫ϰ²/L>=[4.8, 6.1, 6.3], C-C-Sep=0.20, ║∇J║=8.5e-04
-----On 1/20 Initial Guess Perturbations
Iteration 2887/3500-----
J=1.2e-02, ⟨Jf⟩=1.3e-03, ⟨B·n⟩=8.3e-03, Len=sum([4.8, 4.6, 4.2])=13.5, ϰ=[4.9, 5.3, 4.6], ∫ϰ²/L>=[4.8, 6.2, 6.3], C-C-Sep=0.20, ║∇J║=9.9e-04
-----On 1/20 Initial Guess Perturbations
Iteration 2888/3500-----
J=1.2e-02, ⟨Jf⟩=1.3e-03, ⟨B·n⟩=8.3e-03, Len=sum([4.8, 4.6, 4.2])=13.5, ϰ=[4.9, 5.3, 4.6], ∫ϰ²/L>=[4.8, 6.2, 6.3], C-C-Sep=0.20, ║∇J║=8.1e-04
-----On 1/20 Initial Guess Perturbations
Iteration 2889/3500-----
J=1.2e-02, ⟨Jf⟩=1.3e-03, ⟨B·n⟩=8.3e-03, Len=sum([4.8, 4.6, 4.2])=13.5, ϰ=[4.9, 5.3, 4.6], ∫ϰ²/L>=[4.8, 6.2, 6.3], C-C-Sep=0.20, ║∇J║=7.3e-04
-----On 1/20 Initial Guess Perturbations
Iteration 2890/3500-----
J=1.2e-02, ⟨Jf⟩=1.3e-03, ⟨B·n⟩=8.3e-03, Len=sum([4.8, 4.6, 4.2])=13.5, ϰ=[4.9, 5.3, 4.7], ∫ϰ²/L>=[4.8, 6.2, 6.3], C-C-Sep=0.20, ║∇J║=8.6e-04
-----On 1/20 Initial Guess Perturbations
Iteration 2891/3500-----
J=1.2e-02, ⟨Jf⟩=1.3e-03, ⟨B·n⟩=8.3e-03, Len=sum([4.8, 4.6, 4.2])=13.5, ϰ=[4.9, 5.3, 4.7], ∫ϰ²/L>=[4.8, 6.2, 6.3], C-C-Sep=0.20, ║∇J║=8.7e-04
-----On 1/20 Initial Guess Perturbations
Iteration 2892/3500-----
J=1.2e-02, ⟨Jf⟩=1.3e-03, ⟨B·n⟩=8.3e-03, Len=sum([4.8, 4.6, 4.2])=13.5, ϰ=[4.9, 5.3, 4.7], ∫ϰ²/L>=[4.8, 6.2, 6.3], C-C-Sep=0.20, ║∇J║=7.5e-04
-----On 1/20 Initial Guess Perturbations
Iteration 2893/3500-----
J=1.2e-02, ⟨Jf⟩=1.3e-03, ⟨B·n⟩=8.3e-03, Len=sum([4.8, 4.6, 4.2])=13.5, ϰ=[4.9, 5.3, 4.7], ∫ϰ²/L>=[4.8, 6.2, 6.3], C-C-Sep=0.20, ║∇J║=8.5e-04
-----On 1/20 Initial Guess Perturbations
Iteration 2894/3500-----
J=1.2e-02, ⟨Jf⟩=1.3e-03, ⟨B·n⟩=8.3e-03, Len=sum([4.8, 4.6, 4.2])=13.5, ϰ=[4.9, 5.3, 4.7], ∫ϰ²/L>=[4.8, 6.1, 6.3], C-C-Sep=0.20, ║∇J║=7.8e-04
-----On 1/20 Initial Guess Perturbations
Iteration 2895/3500-----
J=1.2e-02, ⟨Jf⟩=1.3e-03, ⟨B·n⟩=8.3e-03, Len=sum([4.8, 4.6, 4.2])=13.5, ϰ=[4.9, 5.3, 4.6], ∫ϰ²/L>=[4.8, 6.1, 6.3], C-C-Sep=0.20, ║∇J║=7.5e-04
-----On 1/20 Initial Guess Perturbations
Iteration 2896/3500-----
J=1.2e-02, ⟨Jf⟩=1.3e-03, ⟨B·n⟩=8.3e-03, Len=sum([4.8, 4.6, 4.2])=13.5, ϰ=[4.9, 5.3, 4.7], ∫ϰ²/L>=[4.8, 6.1, 6.3], C-C-Sep=0.20, ║∇J║=8.1e-04
-----On 1/20 Initial Guess Perturbations
Iteration 2897/3500-----
J=1.2e-02, ⟨Jf⟩=1.3e-03, ⟨B·n⟩=8.3e-03, Len=sum([4.8, 4.6, 4.2])=13.5, ϰ=[4.9, 5.3, 4.7], ∫ϰ²/L>=[4.8, 6.1, 6.3], C-C-Sep=0.20, ║∇J║=7.9e-04
-----On 1/20 Initial Guess Perturbations
Iteration 2898/3500-----
J=1.2e-02, ⟨Jf⟩=1.3e-03, ⟨B·n⟩=8.3e-03, Len=sum([4.8, 4.6, 4.2])=13.5, ϰ=[4.9, 5.2, 4.7], ∫ϰ²/L>=[4.8, 6.1, 6.3], C-C-Sep=0.20, ║∇J║=8.5e-04
-----On 1/20 Initial Guess Perturbations
Iteration 2899/3500-----
J=1.2e-02, ⟨Jf⟩=1.3e-03, ⟨B·n⟩=8.3e-03, Len=sum([4.8, 4.6, 4.2])=13.5, ϰ=[4.9, 5.3, 4.7], ∫ϰ²/L>=[4.8, 6.1, 6.3], C-C-Sep=0.20, ║∇J║=8.8e-04
-----On 1/20 Initial Guess Perturbations
Iteration 2900/3500-----
J=1.2e-02, ⟨Jf⟩=1.3e-03, ⟨B·n⟩=8.3e-03, Len=sum([4.8, 4.6, 4.2])=13.5, ϰ=[4.9, 5.3, 4.7], ∫ϰ²/L>=[4.8, 6.1, 6.3], C-C-Sep=0.20, ║∇J║=1.1e-03
-----On 1/20 Initial Guess Perturbations
Iteration 2901/3500-----
J=1.2e-02, ⟨Jf⟩=1.3e-03, ⟨B·n⟩=8.3e-03, Len=sum([4.8, 4.6, 4.2])=13.5, ϰ=[4.9, 5.3, 4.7], ∫ϰ²/L>=[4.8, 6.1, 6.3], C-C-Sep=0.20, ║∇J║=1.1e-03
-----On 1/20 Initial Guess Perturbations
Iteration 2902/3500-----
J=1.2e-02, ⟨Jf⟩=1.3e-03, ⟨B·n⟩=8.3e-03, Len=sum([4.8, 4.6, 4.2])=13.5, ϰ=[4.9, 5.3, 4.7], ∫ϰ²/L>=[4.8, 6.1, 6.3], C-C-Sep=0.20, ║∇J║=9.7e-04
-----On 1/20 Initial Guess Perturbations
Iteration 2903/3500-----
J=1.2e-02, ⟨Jf⟩=1.3e-03, ⟨B·n⟩=8.3e-03, Len=sum([4.8, 4.6, 4.2])=13.5, ϰ=[4.9, 5.3, 4.7], ∫ϰ²/L>=[4.8, 6.1, 6.3], C-C-Sep=0.20, ║∇J║=7.4e-04
-----On 1/20 Initial Guess Perturbations
Iteration 2904/3500-----
J=1.2e-02, ⟨Jf⟩=1.3e-03, ⟨B·n⟩=8.3e-03, Len=sum([4.8, 4.6, 4.2])=13.5, ϰ=[4.9, 5.3, 4.7], ∫ϰ²/L>=[4.8, 6.1, 6.3], C-C-Sep=0.20, ║∇J║=7.9e-04
-----On 1/20 Initial Guess Perturbations
Iteration 2905/3500-----
J=1.2e-02, ⟨Jf⟩=1.3e-03, ⟨B·n⟩=8.3e-03, Len=sum([4.8, 4.6, 4.2])=13.5, ϰ=[4.9, 5.3, 4.7], ∫ϰ²/L>=[4.8, 6.1, 6.3], C-C-Sep=0.20, ║∇J║=9.0e-04
-----On 1/20 Initial Guess Perturbations
Iteration 2906/3500-----
J=1.2e-02, ⟨Jf⟩=1.3e-03, ⟨B·n⟩=8.3e-03, Len=sum([4.8, 4.6, 4.2])=13.5, ϰ=[4.9, 5.3, 4.7], ∫ϰ²/L>=[4.8, 6.1, 6.3], C-C-Sep=0.20, ║∇J║=9.2e-04
-----On 1/20 Initial Guess Perturbations
Iteration 2907/3500-----
J=1.2e-02, ⟨Jf⟩=1.3e-03, ⟨B·n⟩=8.3e-03, Len=sum([4.8, 4.6, 4.2])=13.5, ϰ=[4.9, 5.3, 4.7], ∫ϰ²/L>=[4.8, 6.1, 6.3], C-C-Sep=0.20, ║∇J║=1.0e-03
-----On 1/20 Initial Guess Perturbations
Iteration 2908/3500-----
J=1.2e-02, ⟨Jf⟩=1.3e-03, ⟨B·n⟩=8.3e-03, Len=sum([4.8, 4.6, 4.2])=13.5, ϰ=[4.9, 5.3, 4.7], ∫ϰ²/L>=[4.8, 6.1, 6.3], C-C-Sep=0.20, ║∇J║=9.3e-04
-----On 1/20 Initial Guess Perturbations
Iteration 2909/3500-----
J=1.2e-02, ⟨Jf⟩=1.3e-03, ⟨B·n⟩=8.3e-03, Len=sum([4.8, 4.6, 4.2])=13.5, ϰ=[4.9, 5.3, 4.6], ∫ϰ²/L>=[4.8, 6.1, 6.3], C-C-Sep=0.20, ║∇J║=8.9e-04
-----On 1/20 Initial Guess Perturbations
Iteration 2910/3500-----
J=1.2e-02, ⟨Jf⟩=1.3e-03, ⟨B·n⟩=8.3e-03, Len=sum([4.8, 4.6, 4.2])=13.5, ϰ=[4.9, 5.3, 4.6], ∫ϰ²/L>=[4.8, 6.1, 6.3], C-C-Sep=0.20, ║∇J║=8.0e-04
-----On 1/20 Initial Guess Perturbations
Iteration 2911/3500-----
J=1.2e-02, ⟨Jf⟩=1.3e-03, ⟨B·n⟩=8.3e-03, Len=sum([4.8, 4.6, 4.2])=13.5, ϰ=[4.9, 5.3, 4.6], ∫ϰ²/L>=[4.8, 6.1, 6.3], C-C-Sep=0.20, ║∇J║=8.2e-04
-----On 1/20 Initial Guess Perturbations
Iteration 2912/3500-----
J=1.2e-02, ⟨Jf⟩=1.3e-03, ⟨B·n⟩=8.3e-03, Len=sum([4.8, 4.6, 4.2])=13.5, ϰ=[4.9, 5.3, 4.6], ∫ϰ²/L>=[4.8, 6.1, 6.3], C-C-Sep=0.20, ║∇J║=9.1e-04
-----On 1/20 Initial Guess Perturbations
Iteration 2913/3500-----
J=1.2e-02, ⟨Jf⟩=1.3e-03, ⟨B·n⟩=8.3e-03, Len=sum([4.8, 4.6, 4.2])=13.5, ϰ=[4.9, 5.3, 4.6], ∫ϰ²/L>=[4.8, 6.1, 6.3], C-C-Sep=0.20, ║∇J║=8.3e-04
-----On 1/20 Initial Guess Perturbations
Iteration 2914/3500-----
J=1.2e-02, ⟨Jf⟩=1.3e-03, ⟨B·n⟩=8.3e-03, Len=sum([4.8, 4.6, 4.2])=13.5, ϰ=[4.9, 5.3, 4.6], ∫ϰ²/L>=[4.8, 6.1, 6.3], C-C-Sep=0.20, ║∇J║=9.4e-04
-----On 1/20 Initial Guess Perturbations
Iteration 2915/3500-----
J=1.2e-02, ⟨Jf⟩=1.3e-03, ⟨B·n⟩=8.3e-03, Len=sum([4.8, 4.6, 4.2])=13.5, ϰ=[4.9, 5.3, 4.6], ∫ϰ²/L>=[4.8, 6.1, 6.3], C-C-Sep=0.20, ║∇J║=8.1e-04
-----On 1/20 Initial Guess Perturbations
Iteration 2916/3500-----
J=1.2e-02, ⟨Jf⟩=1.3e-03, ⟨B·n⟩=8.3e-03, Len=sum([4.8, 4.6, 4.2])=13.5, ϰ=[4.9, 5.3, 4.6], ∫ϰ²/L>=[4.8, 6.1, 6.3], C-C-Sep=0.20, ║∇J║=8.0e-04
-----On 1/20 Initial Guess Perturbations
Iteration 2917/3500-----
J=1.2e-02, ⟨Jf⟩=1.3e-03, ⟨B·n⟩=8.3e-03, Len=sum([4.8, 4.6, 4.2])=13.5, ϰ=[4.9, 5.3, 4.6], ∫ϰ²/L>=[4.8, 6.1, 6.3], C-C-Sep=0.20, ║∇J║=9.3e-04
-----On 1/20 Initial Guess Perturbations
Iteration 2918/3500-----
J=1.2e-02, ⟨Jf⟩=1.3e-03, ⟨B·n⟩=8.3e-03, Len=sum([4.8, 4.6, 4.2])=13.5, ϰ=[4.9, 5.3, 4.6], ∫ϰ²/L>=[4.8, 6.1, 6.3], C-C-Sep=0.20, ║∇J║=1.0e-03
-----On 1/20 Initial Guess Perturbations
Iteration 2919/3500-----
J=1.2e-02, ⟨Jf⟩=1.3e-03, ⟨B·n⟩=8.3e-03, Len=sum([4.8, 4.6, 4.2])=13.5, ϰ=[4.9, 5.3, 4.6], ∫ϰ²/L>=[4.8, 6.1, 6.3], C-C-Sep=0.20, ║∇J║=8.8e-04
-----On 1/20 Initial Guess Perturbations
Iteration 2920/3500-----
J=1.2e-02, ⟨Jf⟩=1.3e-03, ⟨B·n⟩=8.3e-03, Len=sum([4.8, 4.6, 4.2])=13.5, ϰ=[4.9, 5.3, 4.6], ∫ϰ²/L>=[4.8, 6.1, 6.3], C-C-Sep=0.20, ║∇J║=8.9e-04
-----On 1/20 Initial Guess Perturbations
Iteration 2921/3500-----
J=1.2e-02, ⟨Jf⟩=1.3e-03, ⟨B·n⟩=8.3e-03, Len=sum([4.8, 4.6, 4.2])=13.5, ϰ=[5.0, 5.3, 4.6], ∫ϰ²/L>=[4.8, 6.1, 6.3], C-C-Sep=0.20, ║∇J║=8.6e-04
-----On 1/20 Initial Guess Perturbations
Iteration 2922/3500-----
J=1.2e-02, ⟨Jf⟩=1.3e-03, ⟨B·n⟩=8.3e-03, Len=sum([4.8, 4.6, 4.2])=13.5, ϰ=[5.0, 5.3, 4.6], ∫ϰ²/L>=[4.8, 6.1, 6.3], C-C-Sep=0.20, ║∇J║=7.5e-04
-----On 1/20 Initial Guess Perturbations
Iteration 2923/3500-----
J=1.2e-02, ⟨Jf⟩=1.3e-03, ⟨B·n⟩=8.3e-03, Len=sum([4.8, 4.6, 4.2])=13.5, ϰ=[5.0, 5.3, 4.6], ∫ϰ²/L>=[4.8, 6.1, 6.3], C-C-Sep=0.20, ║∇J║=8.1e-04
-----On 1/20 Initial Guess Perturbations
Iteration 2924/3500-----
J=1.2e-02, ⟨Jf⟩=1.3e-03, ⟨B·n⟩=8.3e-03, Len=sum([4.8, 4.6, 4.2])=13.5, ϰ=[5.0, 5.2, 4.6], ∫ϰ²/L>=[4.8, 6.1, 6.3], C-C-Sep=0.20, ║∇J║=9.1e-04
-----On 1/20 Initial Guess Perturbations
Iteration 2925/3500-----
J=1.2e-02, ⟨Jf⟩=1.3e-03, ⟨B·n⟩=8.3e-03, Len=sum([4.8, 4.6, 4.2])=13.5, ϰ=[5.0, 5.2, 4.6], ∫ϰ²/L>=[4.8, 6.1, 6.3], C-C-Sep=0.20, ║∇J║=8.1e-04
-----On 1/20 Initial Guess Perturbations
Iteration 2926/3500-----
J=1.2e-02, ⟨Jf⟩=1.3e-03, ⟨B·n⟩=8.3e-03, Len=sum([4.8, 4.6, 4.2])=13.5, ϰ=[5.0, 5.2, 4.6], ∫ϰ²/L>=[4.8, 6.1, 6.3], C-C-Sep=0.20, ║∇J║=8.0e-04
-----On 1/20 Initial Guess Perturbations
Iteration 2927/3500-----
J=1.2e-02, ⟨Jf⟩=1.3e-03, ⟨B·n⟩=8.3e-03, Len=sum([4.8, 4.6, 4.2])=13.5, ϰ=[4.9, 5.2, 4.6], ∫ϰ²/L>=[4.8, 6.1, 6.3], C-C-Sep=0.20, ║∇J║=7.3e-04
-----On 1/20 Initial Guess Perturbations
Iteration 2928/3500-----
J=1.2e-02, ⟨Jf⟩=1.3e-03, ⟨B·n⟩=8.3e-03, Len=sum([4.8, 4.6, 4.2])=13.5, ϰ=[4.9, 5.2, 4.6], ∫ϰ²/L>=[4.8, 6.1, 6.3], C-C-Sep=0.20, ║∇J║=7.5e-04
-----On 1/20 Initial Guess Perturbations
Iteration 2929/3500-----
J=1.2e-02, ⟨Jf⟩=1.3e-03, ⟨B·n⟩=8.3e-03, Len=sum([4.8, 4.6, 4.2])=13.5, ϰ=[4.9, 5.2, 4.6], ∫ϰ²/L>=[4.8, 6.1, 6.3], C-C-Sep=0.20, ║∇J║=8.6e-04
-----On 1/20 Initial Guess Perturbations
Iteration 2930/3500-----
J=1.2e-02, ⟨Jf⟩=1.3e-03, ⟨B·n⟩=8.3e-03, Len=sum([4.8, 4.6, 4.2])=13.5, ϰ=[4.9, 5.2, 4.6], ∫ϰ²/L>=[4.8, 6.1, 6.3], C-C-Sep=0.20, ║∇J║=8.5e-04
-----On 1/20 Initial Guess Perturbations
Iteration 2931/3500-----
J=1.2e-02, ⟨Jf⟩=1.3e-03, ⟨B·n⟩=8.3e-03, Len=sum([4.8, 4.6, 4.2])=13.5, ϰ=[4.9, 5.2, 4.6], ∫ϰ²/L>=[4.8, 6.1, 6.3], C-C-Sep=0.20, ║∇J║=8.4e-04
-----On 1/20 Initial Guess Perturbations
Iteration 2932/3500-----
J=1.2e-02, ⟨Jf⟩=1.3e-03, ⟨B·n⟩=8.3e-03, Len=sum([4.8, 4.6, 4.2])=13.5, ϰ=[4.9, 5.2, 4.6], ∫ϰ²/L>=[4.8, 6.1, 6.3], C-C-Sep=0.20, ║∇J║=1.4e-03
-----On 1/20 Initial Guess Perturbations
Iteration 2933/3500-----
J=1.2e-02, ⟨Jf⟩=1.3e-03, ⟨B·n⟩=8.3e-03, Len=sum([4.8, 4.6, 4.2])=13.5, ϰ=[4.9, 5.2, 4.6], ∫ϰ²/L>=[4.8, 6.1, 6.3], C-C-Sep=0.20, ║∇J║=9.0e-04
-----On 1/20 Initial Guess Perturbations
Iteration 2934/3500-----
J=1.2e-02, ⟨Jf⟩=1.3e-03, ⟨B·n⟩=8.3e-03, Len=sum([4.8, 4.6, 4.2])=13.5, ϰ=[4.9, 5.2, 4.6], ∫ϰ²/L>=[4.8, 6.1, 6.3], C-C-Sep=0.20, ║∇J║=9.6e-04
-----On 1/20 Initial Guess Perturbations
Iteration 2935/3500-----
J=1.2e-02, ⟨Jf⟩=1.3e-03, ⟨B·n⟩=8.3e-03, Len=sum([4.8, 4.6, 4.2])=13.5, ϰ=[4.9, 5.2, 4.6], ∫ϰ²/L>=[4.8, 6.1, 6.3], C-C-Sep=0.20, ║∇J║=7.7e-04
-----On 1/20 Initial Guess Perturbations
Iteration 2936/3500-----
J=1.2e-02, ⟨Jf⟩=1.3e-03, ⟨B·n⟩=8.3e-03, Len=sum([4.8, 4.6, 4.2])=13.5, ϰ=[4.9, 5.2, 4.6], ∫ϰ²/L>=[4.8, 6.1, 6.3], C-C-Sep=0.20, ║∇J║=7.6e-04
-----On 1/20 Initial Guess Perturbations
Iteration 2937/3500-----
J=1.2e-02, ⟨Jf⟩=1.3e-03, ⟨B·n⟩=8.3e-03, Len=sum([4.8, 4.6, 4.2])=13.5, ϰ=[4.9, 5.2, 4.6], ∫ϰ²/L>=[4.8, 6.1, 6.3], C-C-Sep=0.20, ║∇J║=7.3e-04
-----On 1/20 Initial Guess Perturbations
Iteration 2938/3500-----
J=1.2e-02, ⟨Jf⟩=1.3e-03, ⟨B·n⟩=8.3e-03, Len=sum([4.8, 4.6, 4.2])=13.5, ϰ=[4.9, 5.2, 4.6], ∫ϰ²/L>=[4.8, 6.1, 6.3], C-C-Sep=0.20, ║∇J║=7.0e-04
-----On 1/20 Initial Guess Perturbations
Iteration 2939/3500-----
J=1.2e-02, ⟨Jf⟩=1.3e-03, ⟨B·n⟩=8.3e-03, Len=sum([4.8, 4.6, 4.2])=13.5, ϰ=[4.9, 5.2, 4.6], ∫ϰ²/L>=[4.8, 6.1, 6.3], C-C-Sep=0.20, ║∇J║=7.3e-04
-----On 1/20 Initial Guess Perturbations
Iteration 2940/3500-----
J=1.2e-02, ⟨Jf⟩=1.3e-03, ⟨B·n⟩=8.3e-03, Len=sum([4.8, 4.6, 4.2])=13.5, ϰ=[4.9, 5.2, 4.7], ∫ϰ²/L>=[4.8, 6.1, 6.3], C-C-Sep=0.20, ║∇J║=7.5e-04
-----On 1/20 Initial Guess Perturbations
Iteration 2941/3500-----
J=1.2e-02, ⟨Jf⟩=1.3e-03, ⟨B·n⟩=8.3e-03, Len=sum([4.8, 4.6, 4.2])=13.5, ϰ=[4.9, 5.2, 4.7], ∫ϰ²/L>=[4.8, 6.1, 6.3], C-C-Sep=0.20, ║∇J║=8.8e-04
-----On 1/20 Initial Guess Perturbations
Iteration 2942/3500-----
J=1.2e-02, ⟨Jf⟩=1.3e-03, ⟨B·n⟩=8.3e-03, Len=sum([4.8, 4.6, 4.2])=13.5, ϰ=[4.9, 5.2, 4.7], ∫ϰ²/L>=[4.8, 6.1, 6.3], C-C-Sep=0.20, ║∇J║=8.6e-04
-----On 1/20 Initial Guess Perturbations
Iteration 2943/3500-----
J=1.2e-02, ⟨Jf⟩=1.3e-03, ⟨B·n⟩=8.3e-03, Len=sum([4.8, 4.6, 4.2])=13.5, ϰ=[4.9, 5.2, 4.7], ∫ϰ²/L>=[4.8, 6.1, 6.3], C-C-Sep=0.20, ║∇J║=8.2e-04
-----On 1/20 Initial Guess Perturbations
Iteration 2944/3500-----
J=1.2e-02, ⟨Jf⟩=1.3e-03, ⟨B·n⟩=8.3e-03, Len=sum([4.8, 4.6, 4.2])=13.5, ϰ=[4.8, 5.2, 4.7], ∫ϰ²/L>=[4.8, 6.1, 6.3], C-C-Sep=0.20, ║∇J║=7.3e-04
-----On 1/20 Initial Guess Perturbations
Iteration 2945/3500-----
J=1.2e-02, ⟨Jf⟩=1.3e-03, ⟨B·n⟩=8.3e-03, Len=sum([4.8, 4.6, 4.2])=13.5, ϰ=[4.8, 5.3, 4.7], ∫ϰ²/L>=[4.8, 6.1, 6.3], C-C-Sep=0.20, ║∇J║=8.1e-04
-----On 1/20 Initial Guess Perturbations
Iteration 2946/3500-----
J=1.2e-02, ⟨Jf⟩=1.3e-03, ⟨B·n⟩=8.3e-03, Len=sum([4.8, 4.6, 4.2])=13.5, ϰ=[4.8, 5.2, 4.7], ∫ϰ²/L>=[4.8, 6.1, 6.3], C-C-Sep=0.20, ║∇J║=9.3e-04
-----On 1/20 Initial Guess Perturbations
Iteration 2947/3500-----
J=1.2e-02, ⟨Jf⟩=1.3e-03, ⟨B·n⟩=8.3e-03, Len=sum([4.8, 4.6, 4.2])=13.5, ϰ=[4.8, 5.3, 4.7], ∫ϰ²/L>=[4.8, 6.1, 6.3], C-C-Sep=0.20, ║∇J║=9.4e-04
-----On 1/20 Initial Guess Perturbations
Iteration 2948/3500-----
J=1.2e-02, ⟨Jf⟩=1.3e-03, ⟨B·n⟩=8.3e-03, Len=sum([4.8, 4.6, 4.2])=13.5, ϰ=[4.8, 5.3, 4.7], ∫ϰ²/L>=[4.8, 6.1, 6.3], C-C-Sep=0.20, ║∇J║=9.8e-04
-----On 1/20 Initial Guess Perturbations
Iteration 2949/3500-----
J=1.2e-02, ⟨Jf⟩=1.3e-03, ⟨B·n⟩=8.3e-03, Len=sum([4.8, 4.6, 4.2])=13.5, ϰ=[4.8, 5.3, 4.7], ∫ϰ²/L>=[4.8, 6.1, 6.3], C-C-Sep=0.20, ║∇J║=8.7e-04
-----On 1/20 Initial Guess Perturbations
Iteration 2950/3500-----
J=1.2e-02, ⟨Jf⟩=1.3e-03, ⟨B·n⟩=8.3e-03, Len=sum([4.8, 4.6, 4.2])=13.5, ϰ=[4.8, 5.3, 4.7], ∫ϰ²/L>=[4.8, 6.1, 6.3], C-C-Sep=0.20, ║∇J║=8.2e-04
-----On 1/20 Initial Guess Perturbations
Iteration 2951/3500-----
J=1.2e-02, ⟨Jf⟩=1.3e-03, ⟨B·n⟩=8.3e-03, Len=sum([4.8, 4.6, 4.2])=13.5, ϰ=[4.8, 5.3, 4.6], ∫ϰ²/L>=[4.8, 6.1, 6.3], C-C-Sep=0.20, ║∇J║=7.2e-04
-----On 1/20 Initial Guess Perturbations
Iteration 2952/3500-----
J=1.2e-02, ⟨Jf⟩=1.3e-03, ⟨B·n⟩=8.3e-03, Len=sum([4.8, 4.6, 4.2])=13.5, ϰ=[4.8, 5.3, 4.6], ∫ϰ²/L>=[4.8, 6.1, 6.3], C-C-Sep=0.20, ║∇J║=8.4e-04
-----On 1/20 Initial Guess Perturbations
Iteration 2953/3500-----
J=1.2e-02, ⟨Jf⟩=1.3e-03, ⟨B·n⟩=8.3e-03, Len=sum([4.8, 4.6, 4.2])=13.5, ϰ=[4.8, 5.3, 4.6], ∫ϰ²/L>=[4.8, 6.1, 6.3], C-C-Sep=0.20, ║∇J║=9.3e-04
-----On 1/20 Initial Guess Perturbations
Iteration 2954/3500-----
J=1.2e-02, ⟨Jf⟩=1.3e-03, ⟨B·n⟩=8.3e-03, Len=sum([4.8, 4.6, 4.2])=13.5, ϰ=[4.8, 5.3, 4.6], ∫ϰ²/L>=[4.8, 6.1, 6.3], C-C-Sep=0.20, ║∇J║=1.0e-03
-----On 1/20 Initial Guess Perturbations
Iteration 2955/3500-----
J=1.2e-02, ⟨Jf⟩=1.3e-03, ⟨B·n⟩=8.3e-03, Len=sum([4.8, 4.6, 4.2])=13.5, ϰ=[4.8, 5.3, 4.6], ∫ϰ²/L>=[4.8, 6.1, 6.3], C-C-Sep=0.20, ║∇J║=9.5e-04
-----On 1/20 Initial Guess Perturbations
Iteration 2956/3500-----
J=1.2e-02, ⟨Jf⟩=1.3e-03, ⟨B·n⟩=8.3e-03, Len=sum([4.8, 4.6, 4.2])=13.5, ϰ=[4.8, 5.3, 4.6], ∫ϰ²/L>=[4.8, 6.1, 6.3], C-C-Sep=0.20, ║∇J║=9.2e-04
-----On 1/20 Initial Guess Perturbations
Iteration 2957/3500-----
J=1.2e-02, ⟨Jf⟩=1.3e-03, ⟨B·n⟩=8.3e-03, Len=sum([4.8, 4.6, 4.2])=13.5, ϰ=[4.8, 5.2, 4.6], ∫ϰ²/L>=[4.8, 6.1, 6.3], C-C-Sep=0.20, ║∇J║=1.0e-03
-----On 1/20 Initial Guess Perturbations
Iteration 2958/3500-----
J=1.2e-02, ⟨Jf⟩=1.3e-03, ⟨B·n⟩=8.3e-03, Len=sum([4.8, 4.6, 4.2])=13.5, ϰ=[4.8, 5.2, 4.6], ∫ϰ²/L>=[4.8, 6.1, 6.3], C-C-Sep=0.20, ║∇J║=1.0e-03
-----On 1/20 Initial Guess Perturbations
Iteration 2959/3500-----
J=1.2e-02, ⟨Jf⟩=1.3e-03, ⟨B·n⟩=8.3e-03, Len=sum([4.8, 4.6, 4.2])=13.5, ϰ=[4.8, 5.2, 4.6], ∫ϰ²/L>=[4.8, 6.1, 6.3], C-C-Sep=0.20, ║∇J║=9.2e-04
-----On 1/20 Initial Guess Perturbations
Iteration 2960/3500-----
J=1.2e-02, ⟨Jf⟩=1.3e-03, ⟨B·n⟩=8.3e-03, Len=sum([4.8, 4.6, 4.2])=13.5, ϰ=[4.8, 5.2, 4.6], ∫ϰ²/L>=[4.8, 6.1, 6.3], C-C-Sep=0.20, ║∇J║=9.4e-04
-----On 1/20 Initial Guess Perturbations
Iteration 2961/3500-----
J=1.2e-02, ⟨Jf⟩=1.3e-03, ⟨B·n⟩=8.3e-03, Len=sum([4.8, 4.6, 4.2])=13.5, ϰ=[4.8, 5.2, 4.6], ∫ϰ²/L>=[4.8, 6.1, 6.3], C-C-Sep=0.20, ║∇J║=7.6e-04
-----On 1/20 Initial Guess Perturbations
Iteration 2962/3500-----
J=1.2e-02, ⟨Jf⟩=1.3e-03, ⟨B·n⟩=8.3e-03, Len=sum([4.8, 4.6, 4.2])=13.5, ϰ=[4.8, 5.2, 4.5], ∫ϰ²/L>=[4.8, 6.1, 6.3], C-C-Sep=0.20, ║∇J║=7.8e-04
-----On 1/20 Initial Guess Perturbations
Iteration 2963/3500-----
J=1.2e-02, ⟨Jf⟩=1.3e-03, ⟨B·n⟩=8.3e-03, Len=sum([4.8, 4.6, 4.2])=13.5, ϰ=[4.8, 5.2, 4.5], ∫ϰ²/L>=[4.8, 6.1, 6.3], C-C-Sep=0.20, ║∇J║=1.1e-03
-----On 1/20 Initial Guess Perturbations
Iteration 2964/3500-----
J=1.2e-02, ⟨Jf⟩=1.3e-03, ⟨B·n⟩=8.3e-03, Len=sum([4.8, 4.6, 4.2])=13.5, ϰ=[4.8, 5.2, 4.5], ∫ϰ²/L>=[4.8, 6.1, 6.3], C-C-Sep=0.20, ║∇J║=9.3e-04
-----On 1/20 Initial Guess Perturbations
Iteration 2965/3500-----
J=1.2e-02, ⟨Jf⟩=1.3e-03, ⟨B·n⟩=8.3e-03, Len=sum([4.8, 4.6, 4.2])=13.5, ϰ=[4.8, 5.2, 4.5], ∫ϰ²/L>=[4.8, 6.1, 6.3], C-C-Sep=0.20, ║∇J║=9.9e-04
-----On 1/20 Initial Guess Perturbations
Iteration 2966/3500-----
J=1.2e-02, ⟨Jf⟩=1.3e-03, ⟨B·n⟩=8.3e-03, Len=sum([4.8, 4.6, 4.2])=13.5, ϰ=[4.8, 5.2, 4.5], ∫ϰ²/L>=[4.8, 6.1, 6.3], C-C-Sep=0.20, ║∇J║=9.7e-04
-----On 1/20 Initial Guess Perturbations
Iteration 2967/3500-----
J=1.2e-02, ⟨Jf⟩=1.3e-03, ⟨B·n⟩=8.3e-03, Len=sum([4.8, 4.6, 4.2])=13.5, ϰ=[4.9, 5.2, 4.5], ∫ϰ²/L>=[4.8, 6.1, 6.3], C-C-Sep=0.20, ║∇J║=1.0e-03
-----On 1/20 Initial Guess Perturbations
Iteration 2968/3500-----
J=1.2e-02, ⟨Jf⟩=1.3e-03, ⟨B·n⟩=8.3e-03, Len=sum([4.8, 4.6, 4.2])=13.5, ϰ=[4.9, 5.2, 4.5], ∫ϰ²/L>=[4.8, 6.1, 6.3], C-C-Sep=0.20, ║∇J║=1.0e-03
-----On 1/20 Initial Guess Perturbations
Iteration 2969/3500-----
J=1.2e-02, ⟨Jf⟩=1.3e-03, ⟨B·n⟩=8.3e-03, Len=sum([4.8, 4.6, 4.2])=13.5, ϰ=[4.9, 5.2, 4.6], ∫ϰ²/L>=[4.8, 6.1, 6.3], C-C-Sep=0.20, ║∇J║=8.1e-04
-----On 1/20 Initial Guess Perturbations
Iteration 2970/3500-----
J=1.2e-02, ⟨Jf⟩=1.3e-03, ⟨B·n⟩=8.3e-03, Len=sum([4.8, 4.6, 4.2])=13.5, ϰ=[4.9, 5.2, 4.6], ∫ϰ²/L>=[4.8, 6.1, 6.3], C-C-Sep=0.20, ║∇J║=8.6e-04
-----On 1/20 Initial Guess Perturbations
Iteration 2971/3500-----
J=1.2e-02, ⟨Jf⟩=1.3e-03, ⟨B·n⟩=8.3e-03, Len=sum([4.8, 4.6, 4.2])=13.5, ϰ=[4.9, 5.2, 4.6], ∫ϰ²/L>=[4.8, 6.1, 6.3], C-C-Sep=0.20, ║∇J║=9.8e-04
-----On 1/20 Initial Guess Perturbations
Iteration 2972/3500-----
J=1.2e-02, ⟨Jf⟩=1.3e-03, ⟨B·n⟩=8.3e-03, Len=sum([4.8, 4.6, 4.2])=13.5, ϰ=[4.9, 5.2, 4.6], ∫ϰ²/L>=[4.8, 6.1, 6.3], C-C-Sep=0.20, ║∇J║=8.9e-04
-----On 1/20 Initial Guess Perturbations
Iteration 2973/3500-----
J=1.2e-02, ⟨Jf⟩=1.3e-03, ⟨B·n⟩=8.3e-03, Len=sum([4.8, 4.6, 4.2])=13.5, ϰ=[4.9, 5.2, 4.6], ∫ϰ²/L>=[4.8, 6.1, 6.3], C-C-Sep=0.20, ║∇J║=8.6e-04
-----On 1/20 Initial Guess Perturbations
Iteration 2974/3500-----
J=1.2e-02, ⟨Jf⟩=1.3e-03, ⟨B·n⟩=8.3e-03, Len=sum([4.8, 4.6, 4.2])=13.5, ϰ=[4.9, 5.2, 4.6], ∫ϰ²/L>=[4.8, 6.1, 6.3], C-C-Sep=0.20, ║∇J║=1.1e-03
-----On 1/20 Initial Guess Perturbations
Iteration 2975/3500-----
J=1.2e-02, ⟨Jf⟩=1.3e-03, ⟨B·n⟩=8.3e-03, Len=sum([4.8, 4.6, 4.2])=13.5, ϰ=[4.9, 5.2, 4.6], ∫ϰ²/L>=[4.8, 6.1, 6.3], C-C-Sep=0.20, ║∇J║=9.3e-04
-----On 1/20 Initial Guess Perturbations
Iteration 2976/3500-----
J=1.2e-02, ⟨Jf⟩=1.3e-03, ⟨B·n⟩=8.3e-03, Len=sum([4.8, 4.6, 4.2])=13.5, ϰ=[4.9, 5.2, 4.6], ∫ϰ²/L>=[4.8, 6.1, 6.3], C-C-Sep=0.20, ║∇J║=8.1e-04
-----On 1/20 Initial Guess Perturbations
Iteration 2977/3500-----
J=1.2e-02, ⟨Jf⟩=1.3e-03, ⟨B·n⟩=8.3e-03, Len=sum([4.8, 4.6, 4.2])=13.5, ϰ=[4.9, 5.2, 4.7], ∫ϰ²/L>=[4.8, 6.1, 6.3], C-C-Sep=0.20, ║∇J║=8.7e-04
-----On 1/20 Initial Guess Perturbations
Iteration 2978/3500-----
J=1.2e-02, ⟨Jf⟩=1.3e-03, ⟨B·n⟩=8.3e-03, Len=sum([4.8, 4.6, 4.2])=13.5, ϰ=[4.9, 5.2, 4.7], ∫ϰ²/L>=[4.8, 6.1, 6.3], C-C-Sep=0.20, ║∇J║=6.6e-04
-----On 1/20 Initial Guess Perturbations
Iteration 2979/3500-----
J=1.2e-02, ⟨Jf⟩=1.3e-03, ⟨B·n⟩=8.3e-03, Len=sum([4.8, 4.6, 4.2])=13.5, ϰ=[4.9, 5.2, 4.7], ∫ϰ²/L>=[4.8, 6.1, 6.3], C-C-Sep=0.20, ║∇J║=7.7e-04
-----On 1/20 Initial Guess Perturbations
Iteration 2980/3500-----
J=1.2e-02, ⟨Jf⟩=1.3e-03, ⟨B·n⟩=8.3e-03, Len=sum([4.8, 4.6, 4.2])=13.5, ϰ=[4.9, 5.2, 4.7], ∫ϰ²/L>=[4.8, 6.1, 6.3], C-C-Sep=0.20, ║∇J║=8.8e-04
-----On 1/20 Initial Guess Perturbations
Iteration 2981/3500-----
J=1.2e-02, ⟨Jf⟩=1.3e-03, ⟨B·n⟩=8.3e-03, Len=sum([4.8, 4.6, 4.2])=13.5, ϰ=[4.9, 5.2, 4.7], ∫ϰ²/L>=[4.8, 6.1, 6.3], C-C-Sep=0.20, ║∇J║=8.9e-04
-----On 1/20 Initial Guess Perturbations
Iteration 2982/3500-----
J=1.2e-02, ⟨Jf⟩=1.3e-03, ⟨B·n⟩=8.3e-03, Len=sum([4.8, 4.6, 4.2])=13.5, ϰ=[4.9, 5.2, 4.7], ∫ϰ²/L>=[4.8, 6.1, 6.3], C-C-Sep=0.20, ║∇J║=8.3e-04
-----On 1/20 Initial Guess Perturbations
Iteration 2983/3500-----
J=1.2e-02, ⟨Jf⟩=1.3e-03, ⟨B·n⟩=8.3e-03, Len=sum([4.8, 4.6, 4.2])=13.5, ϰ=[4.9, 5.2, 4.7], ∫ϰ²/L>=[4.8, 6.1, 6.3], C-C-Sep=0.20, ║∇J║=9.9e-04
-----On 1/20 Initial Guess Perturbations
Iteration 2984/3500-----
J=1.2e-02, ⟨Jf⟩=1.3e-03, ⟨B·n⟩=8.3e-03, Len=sum([4.8, 4.6, 4.2])=13.5, ϰ=[4.9, 5.2, 4.7], ∫ϰ²/L>=[4.8, 6.1, 6.3], C-C-Sep=0.20, ║∇J║=9.3e-04
-----On 1/20 Initial Guess Perturbations
Iteration 2985/3500-----
J=1.2e-02, ⟨Jf⟩=1.3e-03, ⟨B·n⟩=8.3e-03, Len=sum([4.8, 4.6, 4.2])=13.5, ϰ=[4.9, 5.2, 4.7], ∫ϰ²/L>=[4.8, 6.1, 6.3], C-C-Sep=0.20, ║∇J║=1.0e-03
-----On 1/20 Initial Guess Perturbations
Iteration 2986/3500-----
J=1.2e-02, ⟨Jf⟩=1.3e-03, ⟨B·n⟩=8.3e-03, Len=sum([4.8, 4.6, 4.2])=13.5, ϰ=[4.9, 5.2, 4.7], ∫ϰ²/L>=[4.8, 6.1, 6.3], C-C-Sep=0.20, ║∇J║=9.1e-04
-----On 1/20 Initial Guess Perturbations
Iteration 2987/3500-----
J=1.2e-02, ⟨Jf⟩=1.3e-03, ⟨B·n⟩=8.3e-03, Len=sum([4.8, 4.6, 4.2])=13.5, ϰ=[4.9, 5.3, 4.7], ∫ϰ²/L>=[4.8, 6.1, 6.3], C-C-Sep=0.20, ║∇J║=8.3e-04
-----On 1/20 Initial Guess Perturbations
Iteration 2988/3500-----
J=1.2e-02, ⟨Jf⟩=1.3e-03, ⟨B·n⟩=8.3e-03, Len=sum([4.8, 4.6, 4.2])=13.5, ϰ=[4.9, 5.3, 4.7], ∫ϰ²/L>=[4.8, 6.1, 6.3], C-C-Sep=0.20, ║∇J║=9.2e-04
-----On 1/20 Initial Guess Perturbations
Iteration 2989/3500-----
J=1.2e-02, ⟨Jf⟩=1.3e-03, ⟨B·n⟩=8.3e-03, Len=sum([4.8, 4.6, 4.2])=13.5, ϰ=[4.9, 5.3, 4.7], ∫ϰ²/L>=[4.8, 6.1, 6.3], C-C-Sep=0.20, ║∇J║=1.0e-03
-----On 1/20 Initial Guess Perturbations
Iteration 2990/3500-----
J=1.2e-02, ⟨Jf⟩=1.3e-03, ⟨B·n⟩=8.3e-03, Len=sum([4.8, 4.6, 4.2])=13.5, ϰ=[4.9, 5.3, 4.7], ∫ϰ²/L>=[4.8, 6.1, 6.3], C-C-Sep=0.20, ║∇J║=9.2e-04
-----On 1/20 Initial Guess Perturbations
Iteration 2991/3500-----
J=1.2e-02, ⟨Jf⟩=1.3e-03, ⟨B·n⟩=8.3e-03, Len=sum([4.8, 4.6, 4.2])=13.5, ϰ=[4.9, 5.3, 4.7], ∫ϰ²/L>=[4.8, 6.1, 6.3], C-C-Sep=0.20, ║∇J║=8.2e-04
-----On 1/20 Initial Guess Perturbations
Iteration 2992/3500-----
J=1.2e-02, ⟨Jf⟩=1.3e-03, ⟨B·n⟩=8.3e-03, Len=sum([4.8, 4.6, 4.2])=13.5, ϰ=[4.9, 5.3, 4.7], ∫ϰ²/L>=[4.8, 6.1, 6.3], C-C-Sep=0.20, ║∇J║=1.0e-03
-----On 1/20 Initial Guess Perturbations
Iteration 2993/3500-----
J=1.2e-02, ⟨Jf⟩=1.3e-03, ⟨B·n⟩=8.3e-03, Len=sum([4.8, 4.6, 4.2])=13.5, ϰ=[4.9, 5.3, 4.7], ∫ϰ²/L>=[4.8, 6.1, 6.3], C-C-Sep=0.20, ║∇J║=1.2e-03
-----On 1/20 Initial Guess Perturbations
Iteration 2994/3500-----
J=1.2e-02, ⟨Jf⟩=1.3e-03, ⟨B·n⟩=8.3e-03, Len=sum([4.8, 4.6, 4.2])=13.5, ϰ=[4.9, 5.3, 4.7], ∫ϰ²/L>=[4.8, 6.1, 6.3], C-C-Sep=0.20, ║∇J║=1.5e-03
-----On 1/20 Initial Guess Perturbations
Iteration 2995/3500-----
J=1.2e-02, ⟨Jf⟩=1.3e-03, ⟨B·n⟩=8.3e-03, Len=sum([4.8, 4.6, 4.2])=13.5, ϰ=[4.9, 5.3, 4.7], ∫ϰ²/L>=[4.8, 6.1, 6.3], C-C-Sep=0.20, ║∇J║=1.1e-03
-----On 1/20 Initial Guess Perturbations
Iteration 2996/3500-----
J=1.2e-02, ⟨Jf⟩=1.3e-03, ⟨B·n⟩=8.3e-03, Len=sum([4.8, 4.6, 4.2])=13.5, ϰ=[4.9, 5.3, 4.7], ∫ϰ²/L>=[4.8, 6.1, 6.3], C-C-Sep=0.20, ║∇J║=7.5e-04
-----On 1/20 Initial Guess Perturbations
Iteration 2997/3500-----
J=1.2e-02, ⟨Jf⟩=1.3e-03, ⟨B·n⟩=8.3e-03, Len=sum([4.8, 4.6, 4.2])=13.5, ϰ=[4.9, 5.3, 4.6], ∫ϰ²/L>=[4.8, 6.1, 6.3], C-C-Sep=0.20, ║∇J║=7.4e-04
-----On 1/20 Initial Guess Perturbations
Iteration 2998/3500-----
J=1.2e-02, ⟨Jf⟩=1.3e-03, ⟨B·n⟩=8.3e-03, Len=sum([4.8, 4.6, 4.2])=13.5, ϰ=[4.9, 5.2, 4.6], ∫ϰ²/L>=[4.8, 6.1, 6.3], C-C-Sep=0.20, ║∇J║=8.4e-04
-----On 1/20 Initial Guess Perturbations
Iteration 2999/3500-----
J=1.2e-02, ⟨Jf⟩=1.3e-03, ⟨B·n⟩=8.3e-03, Len=sum([4.8, 4.6, 4.2])=13.5, ϰ=[4.9, 5.2, 4.6], ∫ϰ²/L>=[4.8, 6.1, 6.3], C-C-Sep=0.20, ║∇J║=9.8e-04
-----On 1/20 Initial Guess Perturbations
Iteration 3000/3500-----
J=1.2e-02, ⟨Jf⟩=1.3e-03, ⟨B·n⟩=8.3e-03, Len=sum([4.8, 4.6, 4.2])=13.5, ϰ=[4.9, 5.2, 4.6], ∫ϰ²/L>=[4.8, 6.1, 6.3], C-C-Sep=0.20, ║∇J║=8.5e-04
-----On 1/20 Initial Guess Perturbations
Iteration 3001/3500-----
J=1.2e-02, ⟨Jf⟩=1.3e-03, ⟨B·n⟩=8.3e-03, Len=sum([4.8, 4.6, 4.2])=13.5, ϰ=[4.9, 5.3, 4.6], ∫ϰ²/L>=[4.8, 6.1, 6.3], C-C-Sep=0.20, ║∇J║=9.8e-04
-----On 1/20 Initial Guess Perturbations
Iteration 3002/3500-----
J=1.2e-02, ⟨Jf⟩=1.3e-03, ⟨B·n⟩=8.3e-03, Len=sum([4.8, 4.6, 4.2])=13.5, ϰ=[4.8, 5.3, 4.6], ∫ϰ²/L>=[4.8, 6.1, 6.3], C-C-Sep=0.20, ║∇J║=8.6e-04
-----On 1/20 Initial Guess Perturbations
Iteration 3003/3500-----
J=1.2e-02, ⟨Jf⟩=1.3e-03, ⟨B·n⟩=8.3e-03, Len=sum([4.8, 4.6, 4.2])=13.5, ϰ=[4.8, 5.3, 4.6], ∫ϰ²/L>=[4.8, 6.1, 6.3], C-C-Sep=0.20, ║∇J║=1.0e-03
-----On 1/20 Initial Guess Perturbations
Iteration 3004/3500-----
J=1.2e-02, ⟨Jf⟩=1.3e-03, ⟨B·n⟩=8.3e-03, Len=sum([4.8, 4.6, 4.2])=13.5, ϰ=[4.8, 5.3, 4.6], ∫ϰ²/L>=[4.8, 6.1, 6.3], C-C-Sep=0.20, ║∇J║=1.0e-03
-----On 1/20 Initial Guess Perturbations
Iteration 3005/3500-----
J=1.2e-02, ⟨Jf⟩=1.3e-03, ⟨B·n⟩=8.3e-03, Len=sum([4.8, 4.6, 4.2])=13.5, ϰ=[4.8, 5.3, 4.6], ∫ϰ²/L>=[4.8, 6.1, 6.3], C-C-Sep=0.20, ║∇J║=1.1e-03
-----On 1/20 Initial Guess Perturbations
Iteration 3006/3500-----
J=1.2e-02, ⟨Jf⟩=1.3e-03, ⟨B·n⟩=8.3e-03, Len=sum([4.8, 4.6, 4.2])=13.5, ϰ=[4.8, 5.3, 4.6], ∫ϰ²/L>=[4.8, 6.1, 6.3], C-C-Sep=0.20, ║∇J║=1.6e-03
-----On 1/20 Initial Guess Perturbations
Iteration 3007/3500-----
J=1.2e-02, ⟨Jf⟩=1.3e-03, ⟨B·n⟩=8.3e-03, Len=sum([4.8, 4.6, 4.2])=13.5, ϰ=[4.8, 5.3, 4.6], ∫ϰ²/L>=[4.8, 6.1, 6.3], C-C-Sep=0.20, ║∇J║=1.1e-03
-----On 1/20 Initial Guess Perturbations
Iteration 3008/3500-----
J=1.2e-02, ⟨Jf⟩=1.3e-03, ⟨B·n⟩=8.3e-03, Len=sum([4.8, 4.6, 4.2])=13.5, ϰ=[4.8, 5.3, 4.6], ∫ϰ²/L>=[4.8, 6.1, 6.3], C-C-Sep=0.20, ║∇J║=1.1e-03
-----On 1/20 Initial Guess Perturbations
Iteration 3009/3500-----
J=1.2e-02, ⟨Jf⟩=1.3e-03, ⟨B·n⟩=8.3e-03, Len=sum([4.8, 4.6, 4.2])=13.5, ϰ=[4.8, 5.3, 4.6], ∫ϰ²/L>=[4.8, 6.1, 6.3], C-C-Sep=0.20, ║∇J║=8.9e-04
-----On 1/20 Initial Guess Perturbations
Iteration 3010/3500-----
J=1.2e-02, ⟨Jf⟩=1.3e-03, ⟨B·n⟩=8.3e-03, Len=sum([4.8, 4.6, 4.2])=13.5, ϰ=[4.8, 5.3, 4.6], ∫ϰ²/L>=[4.8, 6.1, 6.3], C-C-Sep=0.20, ║∇J║=9.6e-04
-----On 1/20 Initial Guess Perturbations
Iteration 3011/3500-----
J=1.2e-02, ⟨Jf⟩=1.3e-03, ⟨B·n⟩=8.3e-03, Len=sum([4.8, 4.6, 4.2])=13.5, ϰ=[4.8, 5.3, 4.6], ∫ϰ²/L>=[4.8, 6.1, 6.3], C-C-Sep=0.20, ║∇J║=1.0e-03
-----On 1/20 Initial Guess Perturbations
Iteration 3012/3500-----
J=1.2e-02, ⟨Jf⟩=1.3e-03, ⟨B·n⟩=8.3e-03, Len=sum([4.8, 4.6, 4.2])=13.5, ϰ=[4.8, 5.3, 4.6], ∫ϰ²/L>=[4.8, 6.1, 6.3], C-C-Sep=0.20, ║∇J║=1.0e-03
-----On 1/20 Initial Guess Perturbations
Iteration 3013/3500-----
J=1.2e-02, ⟨Jf⟩=1.3e-03, ⟨B·n⟩=8.3e-03, Len=sum([4.8, 4.6, 4.2])=13.5, ϰ=[4.8, 5.3, 4.6], ∫ϰ²/L>=[4.8, 6.1, 6.3], C-C-Sep=0.20, ║∇J║=1.0e-03
-----On 1/20 Initial Guess Perturbations
Iteration 3014/3500-----
J=1.2e-02, ⟨Jf⟩=1.3e-03, ⟨B·n⟩=8.3e-03, Len=sum([4.8, 4.6, 4.2])=13.5, ϰ=[4.8, 5.3, 4.6], ∫ϰ²/L>=[4.8, 6.1, 6.3], C-C-Sep=0.20, ║∇J║=8.5e-04
-----On 1/20 Initial Guess Perturbations
Iteration 3015/3500-----
J=1.2e-02, ⟨Jf⟩=1.3e-03, ⟨B·n⟩=8.3e-03, Len=sum([4.8, 4.6, 4.2])=13.5, ϰ=[4.8, 5.3, 4.6], ∫ϰ²/L>=[4.8, 6.1, 6.3], C-C-Sep=0.20, ║∇J║=8.9e-04
-----On 1/20 Initial Guess Perturbations
Iteration 3016/3500-----
J=1.2e-02, ⟨Jf⟩=1.3e-03, ⟨B·n⟩=8.3e-03, Len=sum([4.8, 4.6, 4.2])=13.5, ϰ=[4.8, 5.3, 4.5], ∫ϰ²/L>=[4.8, 6.1, 6.3], C-C-Sep=0.20, ║∇J║=1.2e-03
-----On 1/20 Initial Guess Perturbations
Iteration 3017/3500-----
J=1.2e-02, ⟨Jf⟩=1.3e-03, ⟨B·n⟩=8.3e-03, Len=sum([4.8, 4.6, 4.2])=13.5, ϰ=[4.9, 5.3, 4.5], ∫ϰ²/L>=[4.8, 6.1, 6.3], C-C-Sep=0.20, ║∇J║=9.9e-04
-----On 1/20 Initial Guess Perturbations
Iteration 3018/3500-----
J=1.2e-02, ⟨Jf⟩=1.3e-03, ⟨B·n⟩=8.3e-03, Len=sum([4.8, 4.6, 4.2])=13.5, ϰ=[4.9, 5.3, 4.6], ∫ϰ²/L>=[4.8, 6.1, 6.3], C-C-Sep=0.20, ║∇J║=1.1e-03
-----On 1/20 Initial Guess Perturbations
Iteration 3019/3500-----
J=1.2e-02, ⟨Jf⟩=1.3e-03, ⟨B·n⟩=8.3e-03, Len=sum([4.8, 4.6, 4.2])=13.5, ϰ=[4.9, 5.3, 4.6], ∫ϰ²/L>=[4.8, 6.1, 6.3], C-C-Sep=0.20, ║∇J║=1.2e-03
-----On 1/20 Initial Guess Perturbations
Iteration 3020/3500-----
J=1.2e-02, ⟨Jf⟩=1.3e-03, ⟨B·n⟩=8.3e-03, Len=sum([4.8, 4.6, 4.2])=13.5, ϰ=[4.9, 5.3, 4.6], ∫ϰ²/L>=[4.8, 6.1, 6.3], C-C-Sep=0.20, ║∇J║=1.1e-03
-----On 1/20 Initial Guess Perturbations
Iteration 3021/3500-----
J=1.2e-02, ⟨Jf⟩=1.3e-03, ⟨B·n⟩=8.3e-03, Len=sum([4.8, 4.6, 4.2])=13.5, ϰ=[4.9, 5.3, 4.6], ∫ϰ²/L>=[4.8, 6.1, 6.3], C-C-Sep=0.20, ║∇J║=1.0e-03
-----On 1/20 Initial Guess Perturbations
Iteration 3022/3500-----
J=1.2e-02, ⟨Jf⟩=1.3e-03, ⟨B·n⟩=8.3e-03, Len=sum([4.8, 4.6, 4.2])=13.5, ϰ=[4.9, 5.3, 4.6], ∫ϰ²/L>=[4.8, 6.1, 6.3], C-C-Sep=0.20, ║∇J║=9.8e-04
-----On 1/20 Initial Guess Perturbations
Iteration 3023/3500-----
J=1.2e-02, ⟨Jf⟩=1.3e-03, ⟨B·n⟩=8.3e-03, Len=sum([4.8, 4.6, 4.2])=13.5, ϰ=[5.0, 5.3, 4.6], ∫ϰ²/L>=[4.8, 6.1, 6.3], C-C-Sep=0.20, ║∇J║=9.3e-04
-----On 1/20 Initial Guess Perturbations
Iteration 3024/3500-----
J=1.2e-02, ⟨Jf⟩=1.3e-03, ⟨B·n⟩=8.4e-03, Len=sum([4.8, 4.6, 4.2])=13.5, ϰ=[5.0, 5.2, 4.6], ∫ϰ²/L>=[4.8, 6.1, 6.3], C-C-Sep=0.20, ║∇J║=1.1e-03
-----On 1/20 Initial Guess Perturbations
Iteration 3025/3500-----
J=1.2e-02, ⟨Jf⟩=1.3e-03, ⟨B·n⟩=8.4e-03, Len=sum([4.8, 4.6, 4.2])=13.5, ϰ=[5.0, 5.2, 4.6], ∫ϰ²/L>=[4.8, 6.1, 6.3], C-C-Sep=0.20, ║∇J║=1.0e-03
-----On 1/20 Initial Guess Perturbations
Iteration 3026/3500-----
J=1.2e-02, ⟨Jf⟩=1.3e-03, ⟨B·n⟩=8.4e-03, Len=sum([4.8, 4.6, 4.2])=13.5, ϰ=[4.9, 5.2, 4.6], ∫ϰ²/L>=[4.8, 6.1, 6.3], C-C-Sep=0.20, ║∇J║=9.6e-04
-----On 1/20 Initial Guess Perturbations
Iteration 3027/3500-----
J=1.2e-02, ⟨Jf⟩=1.3e-03, ⟨B·n⟩=8.4e-03, Len=sum([4.8, 4.6, 4.2])=13.5, ϰ=[4.9, 5.2, 4.6], ∫ϰ²/L>=[4.8, 6.1, 6.3], C-C-Sep=0.20, ║∇J║=9.5e-04
-----On 1/20 Initial Guess Perturbations
Iteration 3028/3500-----
J=1.2e-02, ⟨Jf⟩=1.3e-03, ⟨B·n⟩=8.4e-03, Len=sum([4.8, 4.6, 4.2])=13.5, ϰ=[5.0, 5.2, 4.6], ∫ϰ²/L>=[4.8, 6.1, 6.3], C-C-Sep=0.20, ║∇J║=1.6e-03
-----On 1/20 Initial Guess Perturbations
Iteration 3029/3500-----
J=1.2e-02, ⟨Jf⟩=1.3e-03, ⟨B·n⟩=8.4e-03, Len=sum([4.8, 4.6, 4.2])=13.5, ϰ=[5.0, 5.2, 4.6], ∫ϰ²/L>=[4.8, 6.1, 6.3], C-C-Sep=0.20, ║∇J║=1.3e-03
-----On 1/20 Initial Guess Perturbations
Iteration 3030/3500-----
J=1.2e-02, ⟨Jf⟩=1.3e-03, ⟨B·n⟩=8.4e-03, Len=sum([4.8, 4.6, 4.2])=13.5, ϰ=[5.0, 5.2, 4.6], ∫ϰ²/L>=[4.8, 6.1, 6.3], C-C-Sep=0.20, ║∇J║=9.3e-04
-----On 1/20 Initial Guess Perturbations
Iteration 3031/3500-----
J=1.2e-02, ⟨Jf⟩=1.3e-03, ⟨B·n⟩=8.4e-03, Len=sum([4.8, 4.6, 4.2])=13.5, ϰ=[5.0, 5.2, 4.6], ∫ϰ²/L>=[4.8, 6.1, 6.3], C-C-Sep=0.20, ║∇J║=8.2e-04
-----On 1/20 Initial Guess Perturbations
Iteration 3032/3500-----
J=1.2e-02, ⟨Jf⟩=1.3e-03, ⟨B·n⟩=8.4e-03, Len=sum([4.8, 4.6, 4.2])=13.5, ϰ=[5.0, 5.2, 4.6], ∫ϰ²/L>=[4.8, 6.1, 6.3], C-C-Sep=0.20, ║∇J║=9.9e-04
-----On 1/20 Initial Guess Perturbations
Iteration 3033/3500-----
J=1.2e-02, ⟨Jf⟩=1.3e-03, ⟨B·n⟩=8.4e-03, Len=sum([4.8, 4.6, 4.2])=13.5, ϰ=[5.0, 5.2, 4.6], ∫ϰ²/L>=[4.8, 6.1, 6.3], C-C-Sep=0.20, ║∇J║=1.1e-03
-----On 1/20 Initial Guess Perturbations
Iteration 3034/3500-----
J=1.2e-02, ⟨Jf⟩=1.3e-03, ⟨B·n⟩=8.4e-03, Len=sum([4.8, 4.6, 4.2])=13.5, ϰ=[5.0, 5.2, 4.6], ∫ϰ²/L>=[4.8, 6.1, 6.3], C-C-Sep=0.20, ║∇J║=1.0e-03
-----On 1/20 Initial Guess Perturbations
Iteration 3035/3500-----
J=1.2e-02, ⟨Jf⟩=1.3e-03, ⟨B·n⟩=8.4e-03, Len=sum([4.8, 4.6, 4.2])=13.5, ϰ=[5.0, 5.2, 4.6], ∫ϰ²/L>=[4.8, 6.1, 6.3], C-C-Sep=0.20, ║∇J║=8.7e-04
-----On 1/20 Initial Guess Perturbations
Iteration 3036/3500-----
J=1.2e-02, ⟨Jf⟩=1.3e-03, ⟨B·n⟩=8.4e-03, Len=sum([4.8, 4.6, 4.2])=13.5, ϰ=[5.0, 5.2, 4.6], ∫ϰ²/L>=[4.8, 6.1, 6.3], C-C-Sep=0.20, ║∇J║=1.1e-03
-----On 1/20 Initial Guess Perturbations
Iteration 3037/3500-----
J=1.2e-02, ⟨Jf⟩=1.3e-03, ⟨B·n⟩=8.4e-03, Len=sum([4.8, 4.6, 4.2])=13.5, ϰ=[5.0, 5.2, 4.6], ∫ϰ²/L>=[4.8, 6.1, 6.3], C-C-Sep=0.20, ║∇J║=1.0e-03
-----On 1/20 Initial Guess Perturbations
Iteration 3038/3500-----
J=1.2e-02, ⟨Jf⟩=1.3e-03, ⟨B·n⟩=8.4e-03, Len=sum([4.8, 4.6, 4.2])=13.5, ϰ=[5.0, 5.2, 4.6], ∫ϰ²/L>=[4.8, 6.1, 6.3], C-C-Sep=0.20, ║∇J║=1.1e-03
-----On 1/20 Initial Guess Perturbations
Iteration 3039/3500-----
J=1.2e-02, ⟨Jf⟩=1.3e-03, ⟨B·n⟩=8.4e-03, Len=sum([4.8, 4.6, 4.2])=13.5, ϰ=[5.0, 5.2, 4.6], ∫ϰ²/L>=[4.8, 6.1, 6.3], C-C-Sep=0.20, ║∇J║=1.0e-03
-----On 1/20 Initial Guess Perturbations
Iteration 3040/3500-----
J=1.2e-02, ⟨Jf⟩=1.3e-03, ⟨B·n⟩=8.4e-03, Len=sum([4.8, 4.6, 4.2])=13.5, ϰ=[5.0, 5.2, 4.6], ∫ϰ²/L>=[4.8, 6.1, 6.3], C-C-Sep=0.20, ║∇J║=9.3e-04
-----On 1/20 Initial Guess Perturbations
Iteration 3041/3500-----
J=1.2e-02, ⟨Jf⟩=1.3e-03, ⟨B·n⟩=8.4e-03, Len=sum([4.8, 4.6, 4.2])=13.5, ϰ=[5.0, 5.2, 4.6], ∫ϰ²/L>=[4.8, 6.1, 6.3], C-C-Sep=0.20, ║∇J║=9.2e-04
-----On 1/20 Initial Guess Perturbations
Iteration 3042/3500-----
J=1.2e-02, ⟨Jf⟩=1.3e-03, ⟨B·n⟩=8.4e-03, Len=sum([4.8, 4.6, 4.2])=13.5, ϰ=[5.0, 5.2, 4.6], ∫ϰ²/L>=[4.8, 6.1, 6.3], C-C-Sep=0.20, ║∇J║=1.2e-03
-----On 1/20 Initial Guess Perturbations
Iteration 3043/3500-----
J=1.2e-02, ⟨Jf⟩=1.3e-03, ⟨B·n⟩=8.4e-03, Len=sum([4.8, 4.6, 4.2])=13.5, ϰ=[5.0, 5.2, 4.6], ∫ϰ²/L>=[4.8, 6.1, 6.3], C-C-Sep=0.20, ║∇J║=9.9e-04
-----On 1/20 Initial Guess Perturbations
Iteration 3044/3500-----
J=1.2e-02, ⟨Jf⟩=1.3e-03, ⟨B·n⟩=8.4e-03, Len=sum([4.8, 4.6, 4.2])=13.5, ϰ=[5.0, 5.2, 4.6], ∫ϰ²/L>=[4.8, 6.1, 6.3], C-C-Sep=0.20, ║∇J║=8.7e-04
-----On 1/20 Initial Guess Perturbations
Iteration 3045/3500-----
J=1.2e-02, ⟨Jf⟩=1.3e-03, ⟨B·n⟩=8.4e-03, Len=sum([4.8, 4.6, 4.2])=13.5, ϰ=[5.0, 5.2, 4.6], ∫ϰ²/L>=[4.8, 6.1, 6.3], C-C-Sep=0.20, ║∇J║=9.7e-04
-----On 1/20 Initial Guess Perturbations
Iteration 3046/3500-----
J=1.2e-02, ⟨Jf⟩=1.3e-03, ⟨B·n⟩=8.4e-03, Len=sum([4.8, 4.6, 4.2])=13.5, ϰ=[5.0, 5.3, 4.6], ∫ϰ²/L>=[4.8, 6.1, 6.3], C-C-Sep=0.20, ║∇J║=1.1e-03
-----On 1/20 Initial Guess Perturbations
Iteration 3047/3500-----
J=1.2e-02, ⟨Jf⟩=1.3e-03, ⟨B·n⟩=8.4e-03, Len=sum([4.8, 4.6, 4.2])=13.5, ϰ=[5.0, 5.3, 4.6], ∫ϰ²/L>=[4.8, 6.1, 6.3], C-C-Sep=0.20, ║∇J║=9.5e-04
-----On 1/20 Initial Guess Perturbations
Iteration 3048/3500-----
J=1.2e-02, ⟨Jf⟩=1.3e-03, ⟨B·n⟩=8.4e-03, Len=sum([4.8, 4.6, 4.2])=13.5, ϰ=[5.0, 5.3, 4.6], ∫ϰ²/L>=[4.8, 6.1, 6.3], C-C-Sep=0.20, ║∇J║=1.2e-03
-----On 1/20 Initial Guess Perturbations
Iteration 3049/3500-----
J=1.2e-02, ⟨Jf⟩=1.3e-03, ⟨B·n⟩=8.4e-03, Len=sum([4.8, 4.6, 4.2])=13.5, ϰ=[5.0, 5.3, 4.6], ∫ϰ²/L>=[4.8, 6.1, 6.3], C-C-Sep=0.20, ║∇J║=1.1e-03
-----On 1/20 Initial Guess Perturbations
Iteration 3050/3500-----
J=1.2e-02, ⟨Jf⟩=1.3e-03, ⟨B·n⟩=8.4e-03, Len=sum([4.8, 4.6, 4.2])=13.5, ϰ=[5.0, 5.3, 4.6], ∫ϰ²/L>=[4.8, 6.1, 6.3], C-C-Sep=0.20, ║∇J║=9.6e-04
-----On 1/20 Initial Guess Perturbations
Iteration 3051/3500-----
J=1.2e-02, ⟨Jf⟩=1.3e-03, ⟨B·n⟩=8.4e-03, Len=sum([4.8, 4.6, 4.2])=13.5, ϰ=[4.9, 5.3, 4.6], ∫ϰ²/L>=[4.8, 6.1, 6.3], C-C-Sep=0.20, ║∇J║=1.1e-03
-----On 1/20 Initial Guess Perturbations
Iteration 3052/3500-----
J=1.2e-02, ⟨Jf⟩=1.3e-03, ⟨B·n⟩=8.4e-03, Len=sum([4.8, 4.6, 4.2])=13.5, ϰ=[4.9, 5.3, 4.6], ∫ϰ²/L>=[4.8, 6.1, 6.3], C-C-Sep=0.20, ║∇J║=1.0e-03
-----On 1/20 Initial Guess Perturbations
Iteration 3053/3500-----
J=1.2e-02, ⟨Jf⟩=1.3e-03, ⟨B·n⟩=8.4e-03, Len=sum([4.8, 4.6, 4.2])=13.5, ϰ=[4.9, 5.3, 4.6], ∫ϰ²/L>=[4.8, 6.1, 6.3], C-C-Sep=0.20, ║∇J║=1.1e-03
-----On 1/20 Initial Guess Perturbations
Iteration 3054/3500-----
J=1.2e-02, ⟨Jf⟩=1.3e-03, ⟨B·n⟩=8.4e-03, Len=sum([4.8, 4.6, 4.2])=13.5, ϰ=[4.9, 5.3, 4.6], ∫ϰ²/L>=[4.8, 6.1, 6.3], C-C-Sep=0.20, ║∇J║=1.1e-03
-----On 1/20 Initial Guess Perturbations
Iteration 3055/3500-----
J=1.2e-02, ⟨Jf⟩=1.3e-03, ⟨B·n⟩=8.4e-03, Len=sum([4.8, 4.6, 4.2])=13.5, ϰ=[4.9, 5.3, 4.6], ∫ϰ²/L>=[4.8, 6.1, 6.3], C-C-Sep=0.20, ║∇J║=9.6e-04
-----On 1/20 Initial Guess Perturbations
Iteration 3056/3500-----
J=1.2e-02, ⟨Jf⟩=1.3e-03, ⟨B·n⟩=8.4e-03, Len=sum([4.8, 4.6, 4.2])=13.5, ϰ=[4.9, 5.3, 4.6], ∫ϰ²/L>=[4.8, 6.1, 6.3], C-C-Sep=0.20, ║∇J║=8.6e-04
-----On 1/20 Initial Guess Perturbations
Iteration 3057/3500-----
J=1.2e-02, ⟨Jf⟩=1.3e-03, ⟨B·n⟩=8.4e-03, Len=sum([4.8, 4.6, 4.2])=13.5, ϰ=[4.9, 5.3, 4.6], ∫ϰ²/L>=[4.8, 6.1, 6.3], C-C-Sep=0.20, ║∇J║=8.8e-04
-----On 1/20 Initial Guess Perturbations
Iteration 3058/3500-----
J=1.2e-02, ⟨Jf⟩=1.3e-03, ⟨B·n⟩=8.4e-03, Len=sum([4.8, 4.6, 4.2])=13.5, ϰ=[4.9, 5.3, 4.6], ∫ϰ²/L>=[4.8, 6.1, 6.3], C-C-Sep=0.20, ║∇J║=9.2e-04
-----On 1/20 Initial Guess Perturbations
Iteration 3059/3500-----
J=1.2e-02, ⟨Jf⟩=1.3e-03, ⟨B·n⟩=8.4e-03, Len=sum([4.8, 4.6, 4.2])=13.5, ϰ=[4.9, 5.2, 4.6], ∫ϰ²/L>=[4.8, 6.1, 6.3], C-C-Sep=0.20, ║∇J║=9.6e-04
-----On 1/20 Initial Guess Perturbations
Iteration 3060/3500-----
J=1.2e-02, ⟨Jf⟩=1.3e-03, ⟨B·n⟩=8.4e-03, Len=sum([4.8, 4.6, 4.2])=13.5, ϰ=[4.9, 5.2, 4.6], ∫ϰ²/L>=[4.8, 6.1, 6.3], C-C-Sep=0.20, ║∇J║=1.2e-03
-----On 1/20 Initial Guess Perturbations
Iteration 3061/3500-----
J=1.2e-02, ⟨Jf⟩=1.3e-03, ⟨B·n⟩=8.4e-03, Len=sum([4.8, 4.6, 4.2])=13.5, ϰ=[4.9, 5.2, 4.6], ∫ϰ²/L>=[4.8, 6.1, 6.3], C-C-Sep=0.20, ║∇J║=1.0e-03
-----On 1/20 Initial Guess Perturbations
Iteration 3062/3500-----
J=1.2e-02, ⟨Jf⟩=1.3e-03, ⟨B·n⟩=8.4e-03, Len=sum([4.8, 4.6, 4.2])=13.5, ϰ=[4.9, 5.2, 4.6], ∫ϰ²/L>=[4.8, 6.1, 6.3], C-C-Sep=0.20, ║∇J║=1.0e-03
-----On 1/20 Initial Guess Perturbations
Iteration 3063/3500-----
J=1.2e-02, ⟨Jf⟩=1.3e-03, ⟨B·n⟩=8.4e-03, Len=sum([4.8, 4.6, 4.2])=13.5, ϰ=[4.9, 5.2, 4.6], ∫ϰ²/L>=[4.8, 6.1, 6.3], C-C-Sep=0.20, ║∇J║=1.1e-03
-----On 1/20 Initial Guess Perturbations
Iteration 3064/3500-----
J=1.2e-02, ⟨Jf⟩=1.3e-03, ⟨B·n⟩=8.4e-03, Len=sum([4.8, 4.6, 4.2])=13.5, ϰ=[4.9, 5.2, 4.6], ∫ϰ²/L>=[4.8, 6.1, 6.3], C-C-Sep=0.20, ║∇J║=1.1e-03
-----On 1/20 Initial Guess Perturbations
Iteration 3065/3500-----
J=1.2e-02, ⟨Jf⟩=1.3e-03, ⟨B·n⟩=8.4e-03, Len=sum([4.8, 4.6, 4.2])=13.5, ϰ=[4.9, 5.2, 4.6], ∫ϰ²/L>=[4.8, 6.1, 6.3], C-C-Sep=0.20, ║∇J║=1.3e-03
-----On 1/20 Initial Guess Perturbations
Iteration 3066/3500-----
J=1.2e-02, ⟨Jf⟩=1.3e-03, ⟨B·n⟩=8.4e-03, Len=sum([4.8, 4.6, 4.2])=13.5, ϰ=[4.8, 5.2, 4.6], ∫ϰ²/L>=[4.8, 6.1, 6.3], C-C-Sep=0.20, ║∇J║=1.0e-03
-----On 1/20 Initial Guess Perturbations
Iteration 3067/3500-----
J=1.2e-02, ⟨Jf⟩=1.3e-03, ⟨B·n⟩=8.4e-03, Len=sum([4.8, 4.6, 4.2])=13.5, ϰ=[4.8, 5.2, 4.6], ∫ϰ²/L>=[4.8, 6.1, 6.3], C-C-Sep=0.20, ║∇J║=1.0e-03
-----On 1/20 Initial Guess Perturbations
Iteration 3068/3500-----
J=1.2e-02, ⟨Jf⟩=1.3e-03, ⟨B·n⟩=8.4e-03, Len=sum([4.8, 4.6, 4.2])=13.5, ϰ=[4.8, 5.2, 4.6], ∫ϰ²/L>=[4.8, 6.1, 6.3], C-C-Sep=0.20, ║∇J║=9.0e-04
-----On 1/20 Initial Guess Perturbations
Iteration 3069/3500-----
J=1.2e-02, ⟨Jf⟩=1.3e-03, ⟨B·n⟩=8.4e-03, Len=sum([4.8, 4.6, 4.2])=13.5, ϰ=[4.8, 5.3, 4.6], ∫ϰ²/L>=[4.8, 6.1, 6.3], C-C-Sep=0.20, ║∇J║=9.7e-04
-----On 1/20 Initial Guess Perturbations
Iteration 3070/3500-----
J=1.2e-02, ⟨Jf⟩=1.3e-03, ⟨B·n⟩=8.4e-03, Len=sum([4.8, 4.6, 4.2])=13.5, ϰ=[4.8, 5.3, 4.6], ∫ϰ²/L>=[4.8, 6.1, 6.3], C-C-Sep=0.20, ║∇J║=9.4e-04
-----On 1/20 Initial Guess Perturbations
Iteration 3071/3500-----
J=1.2e-02, ⟨Jf⟩=1.3e-03, ⟨B·n⟩=8.4e-03, Len=sum([4.8, 4.6, 4.2])=13.5, ϰ=[4.8, 5.3, 4.6], ∫ϰ²/L>=[4.8, 6.1, 6.3], C-C-Sep=0.20, ║∇J║=9.1e-04
-----On 1/20 Initial Guess Perturbations
Iteration 3072/3500-----
J=1.2e-02, ⟨Jf⟩=1.3e-03, ⟨B·n⟩=8.4e-03, Len=sum([4.8, 4.6, 4.2])=13.5, ϰ=[4.8, 5.3, 4.6], ∫ϰ²/L>=[4.8, 6.1, 6.3], C-C-Sep=0.20, ║∇J║=9.0e-04
-----On 1/20 Initial Guess Perturbations
Iteration 3073/3500-----
J=1.2e-02, ⟨Jf⟩=1.3e-03, ⟨B·n⟩=8.4e-03, Len=sum([4.8, 4.6, 4.2])=13.5, ϰ=[4.8, 5.3, 4.6], ∫ϰ²/L>=[4.8, 6.1, 6.3], C-C-Sep=0.20, ║∇J║=1.1e-03
-----On 1/20 Initial Guess Perturbations
Iteration 3074/3500-----
J=1.2e-02, ⟨Jf⟩=1.3e-03, ⟨B·n⟩=8.4e-03, Len=sum([4.8, 4.6, 4.2])=13.5, ϰ=[4.8, 5.3, 4.6], ∫ϰ²/L>=[4.8, 6.1, 6.3], C-C-Sep=0.20, ║∇J║=1.1e-03
-----On 1/20 Initial Guess Perturbations
Iteration 3075/3500-----
J=1.2e-02, ⟨Jf⟩=1.3e-03, ⟨B·n⟩=8.4e-03, Len=sum([4.8, 4.6, 4.2])=13.5, ϰ=[4.8, 5.3, 4.6], ∫ϰ²/L>=[4.8, 6.1, 6.3], C-C-Sep=0.20, ║∇J║=1.3e-03
-----On 1/20 Initial Guess Perturbations
Iteration 3076/3500-----
J=1.2e-02, ⟨Jf⟩=1.3e-03, ⟨B·n⟩=8.4e-03, Len=sum([4.8, 4.6, 4.2])=13.5, ϰ=[4.8, 5.3, 4.6], ∫ϰ²/L>=[4.8, 6.1, 6.3], C-C-Sep=0.20, ║∇J║=1.1e-03
-----On 1/20 Initial Guess Perturbations
Iteration 3077/3500-----
J=1.2e-02, ⟨Jf⟩=1.3e-03, ⟨B·n⟩=8.4e-03, Len=sum([4.8, 4.6, 4.2])=13.5, ϰ=[4.8, 5.3, 4.6], ∫ϰ²/L>=[4.8, 6.1, 6.3], C-C-Sep=0.20, ║∇J║=9.2e-04
-----On 1/20 Initial Guess Perturbations
Iteration 3078/3500-----
J=1.2e-02, ⟨Jf⟩=1.3e-03, ⟨B·n⟩=8.4e-03, Len=sum([4.8, 4.6, 4.2])=13.5, ϰ=[4.8, 5.3, 4.6], ∫ϰ²/L>=[4.8, 6.1, 6.3], C-C-Sep=0.20, ║∇J║=1.1e-03
-----On 1/20 Initial Guess Perturbations
Iteration 3079/3500-----
J=1.2e-02, ⟨Jf⟩=1.3e-03, ⟨B·n⟩=8.4e-03, Len=sum([4.8, 4.6, 4.2])=13.5, ϰ=[4.8, 5.3, 4.6], ∫ϰ²/L>=[4.8, 6.1, 6.3], C-C-Sep=0.20, ║∇J║=9.6e-04
-----On 1/20 Initial Guess Perturbations
Iteration 3080/3500-----
J=1.2e-02, ⟨Jf⟩=1.3e-03, ⟨B·n⟩=8.4e-03, Len=sum([4.8, 4.6, 4.2])=13.5, ϰ=[4.8, 5.3, 4.7], ∫ϰ²/L>=[4.8, 6.1, 6.3], C-C-Sep=0.20, ║∇J║=8.7e-04
-----On 1/20 Initial Guess Perturbations
Iteration 3081/3500-----
J=1.2e-02, ⟨Jf⟩=1.3e-03, ⟨B·n⟩=8.4e-03, Len=sum([4.8, 4.6, 4.2])=13.5, ϰ=[4.8, 5.3, 4.7], ∫ϰ²/L>=[4.8, 6.1, 6.3], C-C-Sep=0.20, ║∇J║=9.7e-04
-----On 1/20 Initial Guess Perturbations
Iteration 3082/3500-----
J=1.2e-02, ⟨Jf⟩=1.3e-03, ⟨B·n⟩=8.3e-03, Len=sum([4.8, 4.6, 4.2])=13.5, ϰ=[4.8, 5.3, 4.7], ∫ϰ²/L>=[4.8, 6.1, 6.3], C-C-Sep=0.20, ║∇J║=9.3e-04
-----On 1/20 Initial Guess Perturbations
Iteration 3083/3500-----
J=1.2e-02, ⟨Jf⟩=1.3e-03, ⟨B·n⟩=8.3e-03, Len=sum([4.8, 4.6, 4.2])=13.5, ϰ=[4.8, 5.3, 4.7], ∫ϰ²/L>=[4.8, 6.1, 6.3], C-C-Sep=0.20, ║∇J║=9.0e-04
-----On 1/20 Initial Guess Perturbations
Iteration 3084/3500-----
J=1.2e-02, ⟨Jf⟩=1.3e-03, ⟨B·n⟩=8.3e-03, Len=sum([4.8, 4.6, 4.2])=13.5, ϰ=[4.8, 5.3, 4.7], ∫ϰ²/L>=[4.8, 6.1, 6.3], C-C-Sep=0.20, ║∇J║=9.2e-04
-----On 1/20 Initial Guess Perturbations
Iteration 3085/3500-----
J=1.2e-02, ⟨Jf⟩=1.3e-03, ⟨B·n⟩=8.3e-03, Len=sum([4.8, 4.6, 4.2])=13.5, ϰ=[4.8, 5.3, 4.7], ∫ϰ²/L>=[4.8, 6.1, 6.3], C-C-Sep=0.20, ║∇J║=9.5e-04
-----On 1/20 Initial Guess Perturbations
Iteration 3086/3500-----
J=1.2e-02, ⟨Jf⟩=1.3e-03, ⟨B·n⟩=8.3e-03, Len=sum([4.8, 4.6, 4.2])=13.5, ϰ=[4.8, 5.2, 4.7], ∫ϰ²/L>=[4.8, 6.1, 6.3], C-C-Sep=0.20, ║∇J║=1.1e-03
-----On 1/20 Initial Guess Perturbations
Iteration 3087/3500-----
J=1.2e-02, ⟨Jf⟩=1.2e-03, ⟨B·n⟩=8.3e-03, Len=sum([4.8, 4.6, 4.2])=13.5, ϰ=[4.8, 5.2, 4.7], ∫ϰ²/L>=[4.8, 6.2, 6.4], C-C-Sep=0.20, ║∇J║=1.7e-03
-----On 1/20 Initial Guess Perturbations
Iteration 3088/3500-----
J=1.2e-02, ⟨Jf⟩=1.3e-03, ⟨B·n⟩=8.3e-03, Len=sum([4.8, 4.6, 4.2])=13.5, ϰ=[4.9, 5.2, 4.7], ∫ϰ²/L>=[4.8, 6.2, 6.3], C-C-Sep=0.20, ║∇J║=1.1e-03
-----On 1/20 Initial Guess Perturbations
Iteration 3089/3500-----
J=1.2e-02, ⟨Jf⟩=1.3e-03, ⟨B·n⟩=8.3e-03, Len=sum([4.8, 4.6, 4.2])=13.5, ϰ=[4.9, 5.2, 4.7], ∫ϰ²/L>=[4.8, 6.2, 6.3], C-C-Sep=0.20, ║∇J║=8.4e-04
-----On 1/20 Initial Guess Perturbations
Iteration 3090/3500-----
J=1.2e-02, ⟨Jf⟩=1.3e-03, ⟨B·n⟩=8.3e-03, Len=sum([4.8, 4.6, 4.2])=13.5, ϰ=[4.9, 5.2, 4.7], ∫ϰ²/L>=[4.8, 6.2, 6.3], C-C-Sep=0.20, ║∇J║=7.7e-04
-----On 1/20 Initial Guess Perturbations
Iteration 3091/3500-----
J=1.2e-02, ⟨Jf⟩=1.3e-03, ⟨B·n⟩=8.3e-03, Len=sum([4.8, 4.6, 4.2])=13.5, ϰ=[4.9, 5.2, 4.7], ∫ϰ²/L>=[4.8, 6.2, 6.4], C-C-Sep=0.20, ║∇J║=9.9e-04
-----On 1/20 Initial Guess Perturbations
Iteration 3092/3500-----
J=1.2e-02, ⟨Jf⟩=1.3e-03, ⟨B·n⟩=8.3e-03, Len=sum([4.8, 4.6, 4.2])=13.5, ϰ=[4.9, 5.2, 4.7], ∫ϰ²/L>=[4.8, 6.2, 6.4], C-C-Sep=0.20, ║∇J║=1.1e-03
-----On 1/20 Initial Guess Perturbations
Iteration 3093/3500-----
J=1.2e-02, ⟨Jf⟩=1.3e-03, ⟨B·n⟩=8.3e-03, Len=sum([4.8, 4.6, 4.2])=13.5, ϰ=[4.9, 5.2, 4.7], ∫ϰ²/L>=[4.8, 6.2, 6.4], C-C-Sep=0.20, ║∇J║=9.7e-04
-----On 1/20 Initial Guess Perturbations
Iteration 3094/3500-----
J=1.2e-02, ⟨Jf⟩=1.3e-03, ⟨B·n⟩=8.3e-03, Len=sum([4.8, 4.6, 4.2])=13.5, ϰ=[4.9, 5.2, 4.7], ∫ϰ²/L>=[4.8, 6.1, 6.4], C-C-Sep=0.20, ║∇J║=9.6e-04
-----On 1/20 Initial Guess Perturbations
Iteration 3095/3500-----
J=1.2e-02, ⟨Jf⟩=1.3e-03, ⟨B·n⟩=8.3e-03, Len=sum([4.8, 4.6, 4.2])=13.5, ϰ=[4.9, 5.2, 4.6], ∫ϰ²/L>=[4.8, 6.1, 6.4], C-C-Sep=0.20, ║∇J║=1.2e-03
-----On 1/20 Initial Guess Perturbations
Iteration 3096/3500-----
J=1.2e-02, ⟨Jf⟩=1.3e-03, ⟨B·n⟩=8.3e-03, Len=sum([4.8, 4.6, 4.2])=13.5, ϰ=[4.9, 5.2, 4.6], ∫ϰ²/L>=[4.8, 6.1, 6.4], C-C-Sep=0.20, ║∇J║=1.1e-03
-----On 1/20 Initial Guess Perturbations
Iteration 3097/3500-----
J=1.2e-02, ⟨Jf⟩=1.3e-03, ⟨B·n⟩=8.3e-03, Len=sum([4.8, 4.6, 4.2])=13.5, ϰ=[4.9, 5.3, 4.6], ∫ϰ²/L>=[4.8, 6.2, 6.4], C-C-Sep=0.20, ║∇J║=1.1e-03
-----On 1/20 Initial Guess Perturbations
Iteration 3098/3500-----
J=1.2e-02, ⟨Jf⟩=1.3e-03, ⟨B·n⟩=8.4e-03, Len=sum([4.8, 4.6, 4.2])=13.5, ϰ=[4.9, 5.3, 4.6], ∫ϰ²/L>=[4.8, 6.2, 6.4], C-C-Sep=0.20, ║∇J║=1.5e-03
-----On 1/20 Initial Guess Perturbations
Iteration 3099/3500-----
J=1.2e-02, ⟨Jf⟩=1.3e-03, ⟨B·n⟩=8.3e-03, Len=sum([4.8, 4.6, 4.2])=13.5, ϰ=[4.9, 5.3, 4.6], ∫ϰ²/L>=[4.8, 6.2, 6.4], C-C-Sep=0.20, ║∇J║=1.4e-03
-----On 1/20 Initial Guess Perturbations
Iteration 3100/3500-----
J=1.2e-02, ⟨Jf⟩=1.3e-03, ⟨B·n⟩=8.3e-03, Len=sum([4.8, 4.6, 4.2])=13.5, ϰ=[4.9, 5.3, 4.6], ∫ϰ²/L>=[4.8, 6.2, 6.4], C-C-Sep=0.20, ║∇J║=1.0e-03
-----On 1/20 Initial Guess Perturbations
Iteration 3101/3500-----
J=1.2e-02, ⟨Jf⟩=1.3e-03, ⟨B·n⟩=8.3e-03, Len=sum([4.8, 4.6, 4.2])=13.5, ϰ=[4.9, 5.3, 4.6], ∫ϰ²/L>=[4.8, 6.2, 6.4], C-C-Sep=0.20, ║∇J║=6.8e-04
-----On 1/20 Initial Guess Perturbations
Iteration 3102/3500-----
J=1.2e-02, ⟨Jf⟩=1.3e-03, ⟨B·n⟩=8.3e-03, Len=sum([4.8, 4.6, 4.2])=13.5, ϰ=[5.0, 5.3, 4.6], ∫ϰ²/L>=[4.8, 6.2, 6.4], C-C-Sep=0.20, ║∇J║=7.1e-04
-----On 1/20 Initial Guess Perturbations
Iteration 3103/3500-----
J=1.2e-02, ⟨Jf⟩=1.3e-03, ⟨B·n⟩=8.3e-03, Len=sum([4.8, 4.6, 4.2])=13.5, ϰ=[5.0, 5.3, 4.6], ∫ϰ²/L>=[4.8, 6.2, 6.4], C-C-Sep=0.20, ║∇J║=8.1e-04
-----On 1/20 Initial Guess Perturbations
Iteration 3104/3500-----
J=1.2e-02, ⟨Jf⟩=1.3e-03, ⟨B·n⟩=8.3e-03, Len=sum([4.8, 4.6, 4.2])=13.5, ϰ=[5.0, 5.3, 4.6], ∫ϰ²/L>=[4.8, 6.2, 6.4], C-C-Sep=0.20, ║∇J║=8.9e-04
-----On 1/20 Initial Guess Perturbations
Iteration 3105/3500-----
J=1.2e-02, ⟨Jf⟩=1.3e-03, ⟨B·n⟩=8.3e-03, Len=sum([4.8, 4.6, 4.2])=13.5, ϰ=[5.0, 5.3, 4.6], ∫ϰ²/L>=[4.8, 6.2, 6.4], C-C-Sep=0.20, ║∇J║=9.0e-04
-----On 1/20 Initial Guess Perturbations
Iteration 3106/3500-----
J=1.2e-02, ⟨Jf⟩=1.3e-03, ⟨B·n⟩=8.3e-03, Len=sum([4.8, 4.6, 4.2])=13.5, ϰ=[4.9, 5.3, 4.6], ∫ϰ²/L>=[4.8, 6.2, 6.4], C-C-Sep=0.20, ║∇J║=9.3e-04
-----On 1/20 Initial Guess Perturbations
Iteration 3107/3500-----
J=1.2e-02, ⟨Jf⟩=1.3e-03, ⟨B·n⟩=8.3e-03, Len=sum([4.8, 4.6, 4.2])=13.5, ϰ=[4.9, 5.3, 4.6], ∫ϰ²/L>=[4.8, 6.1, 6.4], C-C-Sep=0.20, ║∇J║=1.1e-03
-----On 1/20 Initial Guess Perturbations
Iteration 3108/3500-----
J=1.2e-02, ⟨Jf⟩=1.3e-03, ⟨B·n⟩=8.3e-03, Len=sum([4.8, 4.6, 4.2])=13.5, ϰ=[5.0, 5.3, 4.6], ∫ϰ²/L>=[4.8, 6.1, 6.4], C-C-Sep=0.20, ║∇J║=8.2e-04
-----On 1/20 Initial Guess Perturbations
Iteration 3109/3500-----
J=1.2e-02, ⟨Jf⟩=1.3e-03, ⟨B·n⟩=8.3e-03, Len=sum([4.8, 4.6, 4.2])=13.5, ϰ=[5.0, 5.3, 4.6], ∫ϰ²/L>=[4.8, 6.1, 6.4], C-C-Sep=0.20, ║∇J║=9.1e-04
-----On 1/20 Initial Guess Perturbations
Iteration 3110/3500-----
J=1.2e-02, ⟨Jf⟩=1.3e-03, ⟨B·n⟩=8.3e-03, Len=sum([4.8, 4.6, 4.2])=13.5, ϰ=[4.9, 5.3, 4.6], ∫ϰ²/L>=[4.8, 6.1, 6.4], C-C-Sep=0.20, ║∇J║=9.4e-04
-----On 1/20 Initial Guess Perturbations
Iteration 3111/3500-----
J=1.2e-02, ⟨Jf⟩=1.3e-03, ⟨B·n⟩=8.3e-03, Len=sum([4.8, 4.6, 4.2])=13.5, ϰ=[4.9, 5.3, 4.7], ∫ϰ²/L>=[4.8, 6.1, 6.4], C-C-Sep=0.20, ║∇J║=1.1e-03
-----On 1/20 Initial Guess Perturbations
Iteration 3112/3500-----
J=1.2e-02, ⟨Jf⟩=1.3e-03, ⟨B·n⟩=8.3e-03, Len=sum([4.8, 4.6, 4.2])=13.5, ϰ=[4.9, 5.3, 4.7], ∫ϰ²/L>=[4.8, 6.1, 6.4], C-C-Sep=0.20, ║∇J║=1.2e-03
-----On 1/20 Initial Guess Perturbations
Iteration 3113/3500-----
J=1.2e-02, ⟨Jf⟩=1.3e-03, ⟨B·n⟩=8.3e-03, Len=sum([4.8, 4.6, 4.2])=13.5, ϰ=[4.9, 5.3, 4.7], ∫ϰ²/L>=[4.8, 6.1, 6.4], C-C-Sep=0.20, ║∇J║=9.9e-04
-----On 1/20 Initial Guess Perturbations
Iteration 3114/3500-----
J=1.2e-02, ⟨Jf⟩=1.3e-03, ⟨B·n⟩=8.3e-03, Len=sum([4.8, 4.6, 4.2])=13.5, ϰ=[4.9, 5.3, 4.7], ∫ϰ²/L>=[4.8, 6.1, 6.4], C-C-Sep=0.20, ║∇J║=8.3e-04
-----On 1/20 Initial Guess Perturbations
Iteration 3115/3500-----
J=1.2e-02, ⟨Jf⟩=1.3e-03, ⟨B·n⟩=8.3e-03, Len=sum([4.8, 4.6, 4.2])=13.5, ϰ=[4.9, 5.3, 4.7], ∫ϰ²/L>=[4.8, 6.1, 6.4], C-C-Sep=0.20, ║∇J║=1.0e-03
-----On 1/20 Initial Guess Perturbations
Iteration 3116/3500-----
J=1.2e-02, ⟨Jf⟩=1.3e-03, ⟨B·n⟩=8.3e-03, Len=sum([4.8, 4.6, 4.2])=13.5, ϰ=[4.9, 5.3, 4.7], ∫ϰ²/L>=[4.8, 6.1, 6.4], C-C-Sep=0.20, ║∇J║=9.2e-04
-----On 1/20 Initial Guess Perturbations
Iteration 3117/3500-----
J=1.2e-02, ⟨Jf⟩=1.3e-03, ⟨B·n⟩=8.3e-03, Len=sum([4.8, 4.6, 4.2])=13.5, ϰ=[4.9, 5.3, 4.7], ∫ϰ²/L>=[4.8, 6.1, 6.4], C-C-Sep=0.20, ║∇J║=1.0e-03
-----On 1/20 Initial Guess Perturbations
Iteration 3118/3500-----
J=1.2e-02, ⟨Jf⟩=1.3e-03, ⟨B·n⟩=8.3e-03, Len=sum([4.8, 4.6, 4.2])=13.5, ϰ=[4.9, 5.3, 4.7], ∫ϰ²/L>=[4.8, 6.1, 6.4], C-C-Sep=0.20, ║∇J║=1.1e-03
-----On 1/20 Initial Guess Perturbations
Iteration 3119/3500-----
J=1.2e-02, ⟨Jf⟩=1.3e-03, ⟨B·n⟩=8.3e-03, Len=sum([4.8, 4.6, 4.2])=13.5, ϰ=[4.9, 5.3, 4.7], ∫ϰ²/L>=[4.8, 6.1, 6.4], C-C-Sep=0.20, ║∇J║=9.1e-04
-----On 1/20 Initial Guess Perturbations
Iteration 3120/3500-----
J=1.2e-02, ⟨Jf⟩=1.3e-03, ⟨B·n⟩=8.3e-03, Len=sum([4.8, 4.6, 4.2])=13.5, ϰ=[4.9, 5.3, 4.7], ∫ϰ²/L>=[4.8, 6.1, 6.4], C-C-Sep=0.20, ║∇J║=9.4e-04
-----On 1/20 Initial Guess Perturbations
Iteration 3121/3500-----
J=1.2e-02, ⟨Jf⟩=1.3e-03, ⟨B·n⟩=8.3e-03, Len=sum([4.8, 4.6, 4.2])=13.5, ϰ=[4.9, 5.3, 4.7], ∫ϰ²/L>=[4.8, 6.1, 6.4], C-C-Sep=0.20, ║∇J║=9.8e-04
-----On 1/20 Initial Guess Perturbations
Iteration 3122/3500-----
J=1.2e-02, ⟨Jf⟩=1.3e-03, ⟨B·n⟩=8.3e-03, Len=sum([4.8, 4.6, 4.2])=13.5, ϰ=[4.9, 5.3, 4.7], ∫ϰ²/L>=[4.8, 6.1, 6.4], C-C-Sep=0.20, ║∇J║=1.0e-03
-----On 1/20 Initial Guess Perturbations
Iteration 3123/3500-----
J=1.2e-02, ⟨Jf⟩=1.3e-03, ⟨B·n⟩=8.3e-03, Len=sum([4.8, 4.6, 4.2])=13.5, ϰ=[4.9, 5.3, 4.7], ∫ϰ²/L>=[4.8, 6.1, 6.4], C-C-Sep=0.20, ║∇J║=1.1e-03
-----On 1/20 Initial Guess Perturbations
Iteration 3124/3500-----
J=1.2e-02, ⟨Jf⟩=1.3e-03, ⟨B·n⟩=8.3e-03, Len=sum([4.8, 4.6, 4.2])=13.5, ϰ=[4.9, 5.3, 4.7], ∫ϰ²/L>=[4.8, 6.1, 6.4], C-C-Sep=0.20, ║∇J║=1.3e-03
-----On 1/20 Initial Guess Perturbations
Iteration 3125/3500-----
J=1.2e-02, ⟨Jf⟩=1.3e-03, ⟨B·n⟩=8.3e-03, Len=sum([4.8, 4.6, 4.2])=13.5, ϰ=[4.9, 5.3, 4.7], ∫ϰ²/L>=[4.8, 6.1, 6.4], C-C-Sep=0.20, ║∇J║=1.1e-03
-----On 1/20 Initial Guess Perturbations
Iteration 3126/3500-----
J=1.2e-02, ⟨Jf⟩=1.3e-03, ⟨B·n⟩=8.3e-03, Len=sum([4.8, 4.6, 4.2])=13.5, ϰ=[4.9, 5.3, 4.7], ∫ϰ²/L>=[4.8, 6.1, 6.4], C-C-Sep=0.20, ║∇J║=9.7e-04
-----On 1/20 Initial Guess Perturbations
Iteration 3127/3500-----
J=1.2e-02, ⟨Jf⟩=1.3e-03, ⟨B·n⟩=8.3e-03, Len=sum([4.8, 4.6, 4.2])=13.5, ϰ=[4.9, 5.2, 4.7], ∫ϰ²/L>=[4.8, 6.1, 6.4], C-C-Sep=0.20, ║∇J║=1.0e-03
-----On 1/20 Initial Guess Perturbations
Iteration 3128/3500-----
J=1.2e-02, ⟨Jf⟩=1.3e-03, ⟨B·n⟩=8.4e-03, Len=sum([4.8, 4.6, 4.2])=13.5, ϰ=[4.9, 5.2, 4.7], ∫ϰ²/L>=[4.8, 6.1, 6.4], C-C-Sep=0.20, ║∇J║=1.0e-03
-----On 1/20 Initial Guess Perturbations
Iteration 3129/3500-----
J=1.2e-02, ⟨Jf⟩=1.3e-03, ⟨B·n⟩=8.3e-03, Len=sum([4.8, 4.6, 4.2])=13.5, ϰ=[4.9, 5.2, 4.7], ∫ϰ²/L>=[4.8, 6.1, 6.4], C-C-Sep=0.20, ║∇J║=1.2e-03
-----On 1/20 Initial Guess Perturbations
Iteration 3130/3500-----
J=1.2e-02, ⟨Jf⟩=1.3e-03, ⟨B·n⟩=8.4e-03, Len=sum([4.8, 4.6, 4.2])=13.5, ϰ=[4.9, 5.2, 4.7], ∫ϰ²/L>=[4.8, 6.1, 6.4], C-C-Sep=0.20, ║∇J║=1.3e-03
-----On 1/20 Initial Guess Perturbations
Iteration 3131/3500-----
J=1.2e-02, ⟨Jf⟩=1.3e-03, ⟨B·n⟩=8.4e-03, Len=sum([4.8, 4.6, 4.2])=13.5, ϰ=[4.9, 5.2, 4.7], ∫ϰ²/L>=[4.8, 6.1, 6.4], C-C-Sep=0.20, ║∇J║=1.3e-03
-----On 1/20 Initial Guess Perturbations
Iteration 3132/3500-----
J=1.2e-02, ⟨Jf⟩=1.3e-03, ⟨B·n⟩=8.4e-03, Len=sum([4.8, 4.6, 4.2])=13.5, ϰ=[4.9, 5.2, 4.7], ∫ϰ²/L>=[4.8, 6.1, 6.4], C-C-Sep=0.20, ║∇J║=1.0e-03
-----On 1/20 Initial Guess Perturbations
Iteration 3133/3500-----
J=1.2e-02, ⟨Jf⟩=1.3e-03, ⟨B·n⟩=8.4e-03, Len=sum([4.8, 4.6, 4.2])=13.5, ϰ=[4.9, 5.2, 4.7], ∫ϰ²/L>=[4.8, 6.1, 6.4], C-C-Sep=0.20, ║∇J║=9.9e-04
-----On 1/20 Initial Guess Perturbations
Iteration 3134/3500-----
J=1.2e-02, ⟨Jf⟩=1.3e-03, ⟨B·n⟩=8.4e-03, Len=sum([4.8, 4.6, 4.2])=13.5, ϰ=[4.9, 5.2, 4.7], ∫ϰ²/L>=[4.8, 6.1, 6.4], C-C-Sep=0.20, ║∇J║=1.1e-03
-----On 1/20 Initial Guess Perturbations
Iteration 3135/3500-----
J=1.2e-02, ⟨Jf⟩=1.3e-03, ⟨B·n⟩=8.4e-03, Len=sum([4.8, 4.6, 4.2])=13.5, ϰ=[4.9, 5.2, 4.7], ∫ϰ²/L>=[4.8, 6.1, 6.4], C-C-Sep=0.20, ║∇J║=1.2e-03
-----On 1/20 Initial Guess Perturbations
Iteration 3136/3500-----
J=1.2e-02, ⟨Jf⟩=1.3e-03, ⟨B·n⟩=8.4e-03, Len=sum([4.8, 4.6, 4.2])=13.5, ϰ=[4.9, 5.2, 4.7], ∫ϰ²/L>=[4.8, 6.1, 6.4], C-C-Sep=0.20, ║∇J║=1.2e-03
-----On 1/20 Initial Guess Perturbations
Iteration 3137/3500-----
J=1.2e-02, ⟨Jf⟩=1.3e-03, ⟨B·n⟩=8.4e-03, Len=sum([4.8, 4.6, 4.2])=13.5, ϰ=[4.9, 5.2, 4.7], ∫ϰ²/L>=[4.8, 6.1, 6.4], C-C-Sep=0.20, ║∇J║=1.2e-03
-----On 1/20 Initial Guess Perturbations
Iteration 3138/3500-----
J=1.2e-02, ⟨Jf⟩=1.3e-03, ⟨B·n⟩=8.4e-03, Len=sum([4.8, 4.6, 4.2])=13.5, ϰ=[4.9, 5.2, 4.7], ∫ϰ²/L>=[4.8, 6.1, 6.4], C-C-Sep=0.20, ║∇J║=1.1e-03
-----On 1/20 Initial Guess Perturbations
Iteration 3139/3500-----
J=1.2e-02, ⟨Jf⟩=1.3e-03, ⟨B·n⟩=8.4e-03, Len=sum([4.8, 4.6, 4.2])=13.5, ϰ=[4.9, 5.2, 4.7], ∫ϰ²/L>=[4.8, 6.1, 6.4], C-C-Sep=0.20, ║∇J║=1.3e-03
-----On 1/20 Initial Guess Perturbations
Iteration 3140/3500-----
J=1.2e-02, ⟨Jf⟩=1.3e-03, ⟨B·n⟩=8.4e-03, Len=sum([4.8, 4.6, 4.2])=13.5, ϰ=[4.9, 5.2, 4.7], ∫ϰ²/L>=[4.8, 6.1, 6.4], C-C-Sep=0.20, ║∇J║=9.5e-04
-----On 1/20 Initial Guess Perturbations
Iteration 3141/3500-----
J=1.2e-02, ⟨Jf⟩=1.3e-03, ⟨B·n⟩=8.4e-03, Len=sum([4.8, 4.6, 4.2])=13.5, ϰ=[4.9, 5.2, 4.7], ∫ϰ²/L>=[4.8, 6.1, 6.4], C-C-Sep=0.20, ║∇J║=1.0e-03
-----On 1/20 Initial Guess Perturbations
Iteration 3142/3500-----
J=1.2e-02, ⟨Jf⟩=1.3e-03, ⟨B·n⟩=8.4e-03, Len=sum([4.8, 4.6, 4.2])=13.5, ϰ=[4.9, 5.2, 4.7], ∫ϰ²/L>=[4.8, 6.1, 6.4], C-C-Sep=0.20, ║∇J║=1.1e-03
-----On 1/20 Initial Guess Perturbations
Iteration 3143/3500-----
J=1.2e-02, ⟨Jf⟩=1.3e-03, ⟨B·n⟩=8.4e-03, Len=sum([4.8, 4.6, 4.2])=13.5, ϰ=[4.9, 5.2, 4.7], ∫ϰ²/L>=[4.8, 6.1, 6.4], C-C-Sep=0.20, ║∇J║=1.2e-03
-----On 1/20 Initial Guess Perturbations
Iteration 3144/3500-----
J=1.2e-02, ⟨Jf⟩=1.3e-03, ⟨B·n⟩=8.4e-03, Len=sum([4.8, 4.6, 4.2])=13.5, ϰ=[4.9, 5.2, 4.7], ∫ϰ²/L>=[4.8, 6.1, 6.4], C-C-Sep=0.20, ║∇J║=1.1e-03
-----On 1/20 Initial Guess Perturbations
Iteration 3145/3500-----
J=1.2e-02, ⟨Jf⟩=1.3e-03, ⟨B·n⟩=8.4e-03, Len=sum([4.8, 4.6, 4.2])=13.5, ϰ=[4.9, 5.2, 4.7], ∫ϰ²/L>=[4.8, 6.1, 6.4], C-C-Sep=0.20, ║∇J║=9.2e-04
-----On 1/20 Initial Guess Perturbations
Iteration 3146/3500-----
J=1.2e-02, ⟨Jf⟩=1.3e-03, ⟨B·n⟩=8.4e-03, Len=sum([4.8, 4.6, 4.2])=13.5, ϰ=[5.0, 5.2, 4.7], ∫ϰ²/L>=[4.8, 6.1, 6.4], C-C-Sep=0.20, ║∇J║=1.0e-03
-----On 1/20 Initial Guess Perturbations
Iteration 3147/3500-----
J=1.2e-02, ⟨Jf⟩=1.3e-03, ⟨B·n⟩=8.4e-03, Len=sum([4.8, 4.6, 4.2])=13.5, ϰ=[5.0, 5.2, 4.7], ∫ϰ²/L>=[4.8, 6.1, 6.4], C-C-Sep=0.20, ║∇J║=1.1e-03
-----On 1/20 Initial Guess Perturbations
Iteration 3148/3500-----
J=1.2e-02, ⟨Jf⟩=1.3e-03, ⟨B·n⟩=8.4e-03, Len=sum([4.8, 4.6, 4.2])=13.5, ϰ=[5.0, 5.2, 4.6], ∫ϰ²/L>=[4.8, 6.1, 6.4], C-C-Sep=0.20, ║∇J║=1.0e-03
-----On 1/20 Initial Guess Perturbations
Iteration 3149/3500-----
J=1.2e-02, ⟨Jf⟩=1.3e-03, ⟨B·n⟩=8.4e-03, Len=sum([4.8, 4.6, 4.2])=13.5, ϰ=[5.0, 5.2, 4.6], ∫ϰ²/L>=[4.8, 6.1, 6.4], C-C-Sep=0.20, ║∇J║=1.3e-03
-----On 1/20 Initial Guess Perturbations
Iteration 3150/3500-----
J=1.2e-02, ⟨Jf⟩=1.3e-03, ⟨B·n⟩=8.4e-03, Len=sum([4.8, 4.6, 4.2])=13.5, ϰ=[5.0, 5.2, 4.6], ∫ϰ²/L>=[4.8, 6.1, 6.4], C-C-Sep=0.20, ║∇J║=1.1e-03
-----On 1/20 Initial Guess Perturbations
Iteration 3151/3500-----
J=1.2e-02, ⟨Jf⟩=1.3e-03, ⟨B·n⟩=8.4e-03, Len=sum([4.8, 4.6, 4.2])=13.5, ϰ=[5.0, 5.2, 4.6], ∫ϰ²/L>=[4.8, 6.1, 6.4], C-C-Sep=0.20, ║∇J║=9.5e-04
-----On 1/20 Initial Guess Perturbations
Iteration 3152/3500-----
J=1.2e-02, ⟨Jf⟩=1.3e-03, ⟨B·n⟩=8.4e-03, Len=sum([4.8, 4.6, 4.2])=13.5, ϰ=[5.0, 5.2, 4.6], ∫ϰ²/L>=[4.8, 6.1, 6.4], C-C-Sep=0.20, ║∇J║=1.3e-03
-----On 1/20 Initial Guess Perturbations
Iteration 3153/3500-----
J=1.2e-02, ⟨Jf⟩=1.3e-03, ⟨B·n⟩=8.4e-03, Len=sum([4.8, 4.6, 4.2])=13.5, ϰ=[5.0, 5.2, 4.6], ∫ϰ²/L>=[4.8, 6.1, 6.4], C-C-Sep=0.20, ║∇J║=1.2e-03
-----On 1/20 Initial Guess Perturbations
Iteration 3154/3500-----
J=1.2e-02, ⟨Jf⟩=1.3e-03, ⟨B·n⟩=8.4e-03, Len=sum([4.8, 4.6, 4.2])=13.5, ϰ=[5.0, 5.2, 4.6], ∫ϰ²/L>=[4.8, 6.1, 6.4], C-C-Sep=0.20, ║∇J║=1.5e-03
-----On 1/20 Initial Guess Perturbations
Iteration 3155/3500-----
J=1.2e-02, ⟨Jf⟩=1.3e-03, ⟨B·n⟩=8.4e-03, Len=sum([4.8, 4.6, 4.2])=13.5, ϰ=[4.9, 5.2, 4.6], ∫ϰ²/L>=[4.8, 6.1, 6.4], C-C-Sep=0.20, ║∇J║=1.9e-03
-----On 1/20 Initial Guess Perturbations
Iteration 3156/3500-----
J=1.2e-02, ⟨Jf⟩=1.3e-03, ⟨B·n⟩=8.4e-03, Len=sum([4.8, 4.6, 4.2])=13.5, ϰ=[4.9, 5.2, 4.6], ∫ϰ²/L>=[4.8, 6.1, 6.4], C-C-Sep=0.20, ║∇J║=1.5e-03
-----On 1/20 Initial Guess Perturbations
Iteration 3157/3500-----
J=1.2e-02, ⟨Jf⟩=1.3e-03, ⟨B·n⟩=8.4e-03, Len=sum([4.8, 4.6, 4.2])=13.5, ϰ=[5.0, 5.2, 4.6], ∫ϰ²/L>=[4.8, 6.1, 6.4], C-C-Sep=0.20, ║∇J║=8.4e-04
-----On 1/20 Initial Guess Perturbations
Iteration 3158/3500-----
J=1.2e-02, ⟨Jf⟩=1.3e-03, ⟨B·n⟩=8.4e-03, Len=sum([4.8, 4.6, 4.2])=13.5, ϰ=[5.0, 5.2, 4.6], ∫ϰ²/L>=[4.8, 6.1, 6.4], C-C-Sep=0.20, ║∇J║=8.9e-04
-----On 1/20 Initial Guess Perturbations
Iteration 3159/3500-----
J=1.2e-02, ⟨Jf⟩=1.3e-03, ⟨B·n⟩=8.4e-03, Len=sum([4.8, 4.6, 4.2])=13.5, ϰ=[5.0, 5.2, 4.6], ∫ϰ²/L>=[4.8, 6.1, 6.4], C-C-Sep=0.20, ║∇J║=1.0e-03
-----On 1/20 Initial Guess Perturbations
Iteration 3160/3500-----
J=1.2e-02, ⟨Jf⟩=1.3e-03, ⟨B·n⟩=8.4e-03, Len=sum([4.8, 4.6, 4.2])=13.5, ϰ=[5.0, 5.2, 4.6], ∫ϰ²/L>=[4.8, 6.1, 6.4], C-C-Sep=0.20, ║∇J║=1.0e-03
-----On 1/20 Initial Guess Perturbations
Iteration 3161/3500-----
J=1.2e-02, ⟨Jf⟩=1.3e-03, ⟨B·n⟩=8.4e-03, Len=sum([4.8, 4.6, 4.2])=13.5, ϰ=[5.0, 5.2, 4.6], ∫ϰ²/L>=[4.8, 6.1, 6.4], C-C-Sep=0.20, ║∇J║=1.1e-03
-----On 1/20 Initial Guess Perturbations
Iteration 3162/3500-----
J=1.2e-02, ⟨Jf⟩=1.3e-03, ⟨B·n⟩=8.4e-03, Len=sum([4.8, 4.6, 4.2])=13.5, ϰ=[4.9, 5.2, 4.6], ∫ϰ²/L>=[4.8, 6.1, 6.4], C-C-Sep=0.20, ║∇J║=1.0e-03
-----On 1/20 Initial Guess Perturbations
Iteration 3163/3500-----
J=1.2e-02, ⟨Jf⟩=1.3e-03, ⟨B·n⟩=8.4e-03, Len=sum([4.8, 4.6, 4.2])=13.5, ϰ=[4.9, 5.2, 4.6], ∫ϰ²/L>=[4.8, 6.1, 6.4], C-C-Sep=0.20, ║∇J║=9.8e-04
-----On 1/20 Initial Guess Perturbations
Iteration 3164/3500-----
J=1.2e-02, ⟨Jf⟩=1.3e-03, ⟨B·n⟩=8.4e-03, Len=sum([4.8, 4.6, 4.2])=13.5, ϰ=[4.9, 5.2, 4.6], ∫ϰ²/L>=[4.8, 6.1, 6.4], C-C-Sep=0.20, ║∇J║=9.7e-04
-----On 1/20 Initial Guess Perturbations
Iteration 3165/3500-----
J=1.2e-02, ⟨Jf⟩=1.3e-03, ⟨B·n⟩=8.4e-03, Len=sum([4.8, 4.6, 4.2])=13.5, ϰ=[4.9, 5.2, 4.6], ∫ϰ²/L>=[4.8, 6.1, 6.4], C-C-Sep=0.20, ║∇J║=1.1e-03
-----On 1/20 Initial Guess Perturbations
Iteration 3166/3500-----
J=1.2e-02, ⟨Jf⟩=1.3e-03, ⟨B·n⟩=8.4e-03, Len=sum([4.8, 4.6, 4.2])=13.5, ϰ=[4.9, 5.1, 4.7], ∫ϰ²/L>=[4.8, 6.1, 6.4], C-C-Sep=0.20, ║∇J║=1.5e-03
-----On 1/20 Initial Guess Perturbations
Iteration 3167/3500-----
J=1.2e-02, ⟨Jf⟩=1.3e-03, ⟨B·n⟩=8.4e-03, Len=sum([4.8, 4.6, 4.2])=13.5, ϰ=[4.9, 5.1, 4.7], ∫ϰ²/L>=[4.8, 6.1, 6.4], C-C-Sep=0.20, ║∇J║=1.2e-03
-----On 1/20 Initial Guess Perturbations
Iteration 3168/3500-----
J=1.2e-02, ⟨Jf⟩=1.3e-03, ⟨B·n⟩=8.4e-03, Len=sum([4.8, 4.6, 4.2])=13.5, ϰ=[4.9, 5.1, 4.7], ∫ϰ²/L>=[4.8, 6.1, 6.4], C-C-Sep=0.20, ║∇J║=1.1e-03
-----On 1/20 Initial Guess Perturbations
Iteration 3169/3500-----
J=1.2e-02, ⟨Jf⟩=1.3e-03, ⟨B·n⟩=8.4e-03, Len=sum([4.8, 4.6, 4.2])=13.5, ϰ=[4.9, 5.1, 4.7], ∫ϰ²/L>=[4.8, 6.1, 6.4], C-C-Sep=0.20, ║∇J║=1.1e-03
-----On 1/20 Initial Guess Perturbations
Iteration 3170/3500-----
J=1.2e-02, ⟨Jf⟩=1.3e-03, ⟨B·n⟩=8.4e-03, Len=sum([4.8, 4.6, 4.2])=13.5, ϰ=[4.9, 5.2, 4.7], ∫ϰ²/L>=[4.8, 6.1, 6.4], C-C-Sep=0.20, ║∇J║=9.6e-04
-----On 1/20 Initial Guess Perturbations
Iteration 3171/3500-----
J=1.2e-02, ⟨Jf⟩=1.3e-03, ⟨B·n⟩=8.4e-03, Len=sum([4.8, 4.6, 4.2])=13.5, ϰ=[4.9, 5.2, 4.7], ∫ϰ²/L>=[4.8, 6.1, 6.4], C-C-Sep=0.20, ║∇J║=9.8e-04
-----On 1/20 Initial Guess Perturbations
Iteration 3172/3500-----
J=1.2e-02, ⟨Jf⟩=1.3e-03, ⟨B·n⟩=8.4e-03, Len=sum([4.8, 4.6, 4.2])=13.5, ϰ=[4.9, 5.2, 4.7], ∫ϰ²/L>=[4.8, 6.1, 6.4], C-C-Sep=0.20, ║∇J║=9.1e-04
-----On 1/20 Initial Guess Perturbations
Iteration 3173/3500-----
J=1.2e-02, ⟨Jf⟩=1.3e-03, ⟨B·n⟩=8.4e-03, Len=sum([4.8, 4.6, 4.2])=13.5, ϰ=[4.8, 5.2, 4.7], ∫ϰ²/L>=[4.8, 6.1, 6.4], C-C-Sep=0.20, ║∇J║=1.5e-03
-----On 1/20 Initial Guess Perturbations
Iteration 3174/3500-----
J=1.2e-02, ⟨Jf⟩=1.3e-03, ⟨B·n⟩=8.4e-03, Len=sum([4.8, 4.6, 4.2])=13.5, ϰ=[4.8, 5.2, 4.7], ∫ϰ²/L>=[4.8, 6.1, 6.4], C-C-Sep=0.20, ║∇J║=1.1e-03
-----On 1/20 Initial Guess Perturbations
Iteration 3175/3500-----
J=1.2e-02, ⟨Jf⟩=1.3e-03, ⟨B·n⟩=8.4e-03, Len=sum([4.8, 4.6, 4.2])=13.5, ϰ=[4.8, 5.2, 4.7], ∫ϰ²/L>=[4.8, 6.1, 6.4], C-C-Sep=0.20, ║∇J║=1.2e-03
-----On 1/20 Initial Guess Perturbations
Iteration 3176/3500-----
J=1.2e-02, ⟨Jf⟩=1.3e-03, ⟨B·n⟩=8.4e-03, Len=sum([4.8, 4.6, 4.2])=13.5, ϰ=[4.8, 5.2, 4.7], ∫ϰ²/L>=[4.8, 6.1, 6.4], C-C-Sep=0.20, ║∇J║=1.1e-03
-----On 1/20 Initial Guess Perturbations
Iteration 3177/3500-----
J=1.2e-02, ⟨Jf⟩=1.3e-03, ⟨B·n⟩=8.4e-03, Len=sum([4.8, 4.6, 4.2])=13.5, ϰ=[4.8, 5.2, 4.7], ∫ϰ²/L>=[4.8, 6.1, 6.4], C-C-Sep=0.20, ║∇J║=1.0e-03
-----On 1/20 Initial Guess Perturbations
Iteration 3178/3500-----
J=1.2e-02, ⟨Jf⟩=1.3e-03, ⟨B·n⟩=8.4e-03, Len=sum([4.8, 4.6, 4.2])=13.5, ϰ=[4.8, 5.2, 4.7], ∫ϰ²/L>=[4.8, 6.1, 6.4], C-C-Sep=0.20, ║∇J║=9.6e-04
-----On 1/20 Initial Guess Perturbations
Iteration 3179/3500-----
J=1.2e-02, ⟨Jf⟩=1.3e-03, ⟨B·n⟩=8.4e-03, Len=sum([4.8, 4.6, 4.2])=13.5, ϰ=[4.8, 5.2, 4.7], ∫ϰ²/L>=[4.8, 6.1, 6.4], C-C-Sep=0.20, ║∇J║=8.2e-04
-----On 1/20 Initial Guess Perturbations
Iteration 3180/3500-----
J=1.2e-02, ⟨Jf⟩=1.3e-03, ⟨B·n⟩=8.4e-03, Len=sum([4.8, 4.6, 4.2])=13.5, ϰ=[4.8, 5.2, 4.7], ∫ϰ²/L>=[4.8, 6.1, 6.4], C-C-Sep=0.20, ║∇J║=1.1e-03
-----On 1/20 Initial Guess Perturbations
Iteration 3181/3500-----
J=1.2e-02, ⟨Jf⟩=1.3e-03, ⟨B·n⟩=8.4e-03, Len=sum([4.8, 4.6, 4.2])=13.5, ϰ=[4.8, 5.2, 4.7], ∫ϰ²/L>=[4.8, 6.1, 6.4], C-C-Sep=0.20, ║∇J║=8.9e-04
-----On 1/20 Initial Guess Perturbations
Iteration 3182/3500-----
J=1.2e-02, ⟨Jf⟩=1.3e-03, ⟨B·n⟩=8.4e-03, Len=sum([4.8, 4.6, 4.2])=13.5, ϰ=[4.8, 5.2, 4.7], ∫ϰ²/L>=[4.8, 6.1, 6.4], C-C-Sep=0.20, ║∇J║=8.4e-04
-----On 1/20 Initial Guess Perturbations
Iteration 3183/3500-----
J=1.2e-02, ⟨Jf⟩=1.3e-03, ⟨B·n⟩=8.4e-03, Len=sum([4.8, 4.6, 4.2])=13.5, ϰ=[4.8, 5.2, 4.7], ∫ϰ²/L>=[4.8, 6.1, 6.4], C-C-Sep=0.20, ║∇J║=9.1e-04
-----On 1/20 Initial Guess Perturbations
Iteration 3184/3500-----
J=1.2e-02, ⟨Jf⟩=1.3e-03, ⟨B·n⟩=8.4e-03, Len=sum([4.8, 4.6, 4.2])=13.5, ϰ=[4.8, 5.2, 4.7], ∫ϰ²/L>=[4.8, 6.1, 6.4], C-C-Sep=0.20, ║∇J║=1.1e-03
-----On 1/20 Initial Guess Perturbations
Iteration 3185/3500-----
J=1.2e-02, ⟨Jf⟩=1.3e-03, ⟨B·n⟩=8.4e-03, Len=sum([4.8, 4.6, 4.2])=13.5, ϰ=[4.8, 5.2, 4.7], ∫ϰ²/L>=[4.8, 6.1, 6.4], C-C-Sep=0.20, ║∇J║=1.1e-03
-----On 1/20 Initial Guess Perturbations
Iteration 3186/3500-----
J=1.2e-02, ⟨Jf⟩=1.3e-03, ⟨B·n⟩=8.4e-03, Len=sum([4.8, 4.6, 4.2])=13.5, ϰ=[4.8, 5.2, 4.7], ∫ϰ²/L>=[4.8, 6.1, 6.4], C-C-Sep=0.20, ║∇J║=1.6e-03
-----On 1/20 Initial Guess Perturbations
Iteration 3187/3500-----
J=1.2e-02, ⟨Jf⟩=1.3e-03, ⟨B·n⟩=8.4e-03, Len=sum([4.8, 4.6, 4.2])=13.5, ϰ=[4.8, 5.2, 4.7], ∫ϰ²/L>=[4.8, 6.1, 6.4], C-C-Sep=0.20, ║∇J║=1.3e-03
-----On 1/20 Initial Guess Perturbations
Iteration 3188/3500-----
J=1.2e-02, ⟨Jf⟩=1.3e-03, ⟨B·n⟩=8.4e-03, Len=sum([4.8, 4.6, 4.2])=13.5, ϰ=[4.8, 5.2, 4.7], ∫ϰ²/L>=[4.8, 6.1, 6.3], C-C-Sep=0.20, ║∇J║=1.2e-03
-----On 1/20 Initial Guess Perturbations
Iteration 3189/3500-----
J=1.2e-02, ⟨Jf⟩=1.3e-03, ⟨B·n⟩=8.4e-03, Len=sum([4.8, 4.6, 4.2])=13.5, ϰ=[4.8, 5.2, 4.7], ∫ϰ²/L>=[4.8, 6.1, 6.3], C-C-Sep=0.20, ║∇J║=1.0e-03
-----On 1/20 Initial Guess Perturbations
Iteration 3190/3500-----
J=1.2e-02, ⟨Jf⟩=1.3e-03, ⟨B·n⟩=8.4e-03, Len=sum([4.8, 4.6, 4.2])=13.5, ϰ=[4.8, 5.2, 4.7], ∫ϰ²/L>=[4.8, 6.1, 6.3], C-C-Sep=0.20, ║∇J║=1.1e-03
-----On 1/20 Initial Guess Perturbations
Iteration 3191/3500-----
J=1.2e-02, ⟨Jf⟩=1.3e-03, ⟨B·n⟩=8.4e-03, Len=sum([4.8, 4.6, 4.2])=13.5, ϰ=[4.8, 5.2, 4.7], ∫ϰ²/L>=[4.8, 6.1, 6.3], C-C-Sep=0.20, ║∇J║=1.2e-03
-----On 1/20 Initial Guess Perturbations
Iteration 3192/3500-----
J=1.2e-02, ⟨Jf⟩=1.3e-03, ⟨B·n⟩=8.4e-03, Len=sum([4.8, 4.6, 4.2])=13.5, ϰ=[4.8, 5.2, 4.7], ∫ϰ²/L>=[4.8, 6.1, 6.3], C-C-Sep=0.20, ║∇J║=8.8e-04
-----On 1/20 Initial Guess Perturbations
Iteration 3193/3500-----
J=1.2e-02, ⟨Jf⟩=1.3e-03, ⟨B·n⟩=8.4e-03, Len=sum([4.8, 4.6, 4.2])=13.5, ϰ=[4.8, 5.3, 4.7], ∫ϰ²/L>=[4.8, 6.1, 6.3], C-C-Sep=0.20, ║∇J║=1.0e-03
-----On 1/20 Initial Guess Perturbations
Iteration 3194/3500-----
J=1.2e-02, ⟨Jf⟩=1.3e-03, ⟨B·n⟩=8.4e-03, Len=sum([4.8, 4.6, 4.2])=13.5, ϰ=[4.9, 5.3, 4.7], ∫ϰ²/L>=[4.8, 6.1, 6.3], C-C-Sep=0.20, ║∇J║=1.0e-03
-----On 1/20 Initial Guess Perturbations
Iteration 3195/3500-----
J=1.2e-02, ⟨Jf⟩=1.3e-03, ⟨B·n⟩=8.4e-03, Len=sum([4.8, 4.6, 4.2])=13.5, ϰ=[4.9, 5.3, 4.7], ∫ϰ²/L>=[4.8, 6.1, 6.3], C-C-Sep=0.20, ║∇J║=9.5e-04
-----On 1/20 Initial Guess Perturbations
Iteration 3196/3500-----
J=1.2e-02, ⟨Jf⟩=1.3e-03, ⟨B·n⟩=8.4e-03, Len=sum([4.8, 4.6, 4.2])=13.5, ϰ=[4.9, 5.3, 4.7], ∫ϰ²/L>=[4.8, 6.1, 6.3], C-C-Sep=0.20, ║∇J║=9.6e-04
-----On 1/20 Initial Guess Perturbations
Iteration 3197/3500-----
J=1.2e-02, ⟨Jf⟩=1.3e-03, ⟨B·n⟩=8.4e-03, Len=sum([4.8, 4.6, 4.2])=13.5, ϰ=[4.9, 5.3, 4.6], ∫ϰ²/L>=[4.8, 6.1, 6.3], C-C-Sep=0.20, ║∇J║=1.1e-03
-----On 1/20 Initial Guess Perturbations
Iteration 3198/3500-----
J=1.2e-02, ⟨Jf⟩=1.3e-03, ⟨B·n⟩=8.4e-03, Len=sum([4.8, 4.6, 4.2])=13.5, ϰ=[4.9, 5.3, 4.6], ∫ϰ²/L>=[4.8, 6.1, 6.3], C-C-Sep=0.20, ║∇J║=1.2e-03
-----On 1/20 Initial Guess Perturbations
Iteration 3199/3500-----
J=1.2e-02, ⟨Jf⟩=1.3e-03, ⟨B·n⟩=8.4e-03, Len=sum([4.8, 4.6, 4.2])=13.5, ϰ=[4.9, 5.3, 4.6], ∫ϰ²/L>=[4.8, 6.1, 6.3], C-C-Sep=0.20, ║∇J║=9.8e-04
-----On 1/20 Initial Guess Perturbations
Iteration 3200/3500-----
J=1.2e-02, ⟨Jf⟩=1.3e-03, ⟨B·n⟩=8.4e-03, Len=sum([4.8, 4.6, 4.2])=13.5, ϰ=[4.9, 5.3, 4.6], ∫ϰ²/L>=[4.8, 6.1, 6.3], C-C-Sep=0.20, ║∇J║=1.0e-03
-----On 1/20 Initial Guess Perturbations
Iteration 3201/3500-----
J=1.2e-02, ⟨Jf⟩=1.3e-03, ⟨B·n⟩=8.4e-03, Len=sum([4.8, 4.6, 4.2])=13.5, ϰ=[4.9, 5.3, 4.6], ∫ϰ²/L>=[4.8, 6.1, 6.3], C-C-Sep=0.20, ║∇J║=1.1e-03
-----On 1/20 Initial Guess Perturbations
Iteration 3202/3500-----
J=1.2e-02, ⟨Jf⟩=1.3e-03, ⟨B·n⟩=8.4e-03, Len=sum([4.8, 4.6, 4.2])=13.5, ϰ=[4.9, 5.3, 4.6], ∫ϰ²/L>=[4.8, 6.1, 6.3], C-C-Sep=0.20, ║∇J║=1.1e-03
-----On 1/20 Initial Guess Perturbations
Iteration 3203/3500-----
J=1.2e-02, ⟨Jf⟩=1.3e-03, ⟨B·n⟩=8.4e-03, Len=sum([4.8, 4.6, 4.2])=13.5, ϰ=[4.9, 5.3, 4.6], ∫ϰ²/L>=[4.8, 6.1, 6.3], C-C-Sep=0.20, ║∇J║=1.5e-03
-----On 1/20 Initial Guess Perturbations
Iteration 3204/3500-----
J=1.2e-02, ⟨Jf⟩=1.3e-03, ⟨B·n⟩=8.4e-03, Len=sum([4.8, 4.6, 4.2])=13.5, ϰ=[4.9, 5.3, 4.6], ∫ϰ²/L>=[4.8, 6.1, 6.3], C-C-Sep=0.20, ║∇J║=1.2e-03
-----On 1/20 Initial Guess Perturbations
Iteration 3205/3500-----
J=1.2e-02, ⟨Jf⟩=1.3e-03, ⟨B·n⟩=8.4e-03, Len=sum([4.8, 4.6, 4.2])=13.5, ϰ=[4.9, 5.3, 4.6], ∫ϰ²/L>=[4.8, 6.1, 6.3], C-C-Sep=0.20, ║∇J║=1.1e-03
-----On 1/20 Initial Guess Perturbations
Iteration 3206/3500-----
J=1.2e-02, ⟨Jf⟩=1.3e-03, ⟨B·n⟩=8.4e-03, Len=sum([4.8, 4.6, 4.2])=13.5, ϰ=[4.9, 5.3, 4.6], ∫ϰ²/L>=[4.8, 6.1, 6.3], C-C-Sep=0.20, ║∇J║=9.0e-04
-----On 1/20 Initial Guess Perturbations
Iteration 3207/3500-----
J=1.2e-02, ⟨Jf⟩=1.3e-03, ⟨B·n⟩=8.4e-03, Len=sum([4.8, 4.6, 4.2])=13.5, ϰ=[4.9, 5.3, 4.6], ∫ϰ²/L>=[4.8, 6.1, 6.3], C-C-Sep=0.20, ║∇J║=9.2e-04
-----On 1/20 Initial Guess Perturbations
Iteration 3208/3500-----
J=1.2e-02, ⟨Jf⟩=1.3e-03, ⟨B·n⟩=8.4e-03, Len=sum([4.8, 4.6, 4.2])=13.5, ϰ=[4.9, 5.2, 4.6], ∫ϰ²/L>=[4.8, 6.1, 6.3], C-C-Sep=0.20, ║∇J║=9.9e-04
-----On 1/20 Initial Guess Perturbations
Iteration 3209/3500-----
J=1.2e-02, ⟨Jf⟩=1.3e-03, ⟨B·n⟩=8.4e-03, Len=sum([4.8, 4.6, 4.2])=13.5, ϰ=[4.9, 5.2, 4.6], ∫ϰ²/L>=[4.8, 6.2, 6.3], C-C-Sep=0.20, ║∇J║=1.2e-03
-----On 1/20 Initial Guess Perturbations
Iteration 3210/3500-----
J=1.2e-02, ⟨Jf⟩=1.3e-03, ⟨B·n⟩=8.4e-03, Len=sum([4.8, 4.6, 4.2])=13.5, ϰ=[4.9, 5.2, 4.6], ∫ϰ²/L>=[4.8, 6.2, 6.3], C-C-Sep=0.20, ║∇J║=1.3e-03
-----On 1/20 Initial Guess Perturbations
Iteration 3211/3500-----
J=1.2e-02, ⟨Jf⟩=1.3e-03, ⟨B·n⟩=8.4e-03, Len=sum([4.8, 4.6, 4.2])=13.5, ϰ=[4.9, 5.2, 4.6], ∫ϰ²/L>=[4.8, 6.1, 6.3], C-C-Sep=0.20, ║∇J║=1.0e-03
-----On 1/20 Initial Guess Perturbations
Iteration 3212/3500-----
J=1.2e-02, ⟨Jf⟩=1.3e-03, ⟨B·n⟩=8.4e-03, Len=sum([4.8, 4.6, 4.2])=13.5, ϰ=[4.9, 5.2, 4.6], ∫ϰ²/L>=[4.8, 6.1, 6.3], C-C-Sep=0.20, ║∇J║=1.3e-03
-----On 1/20 Initial Guess Perturbations
Iteration 3213/3500-----
J=1.2e-02, ⟨Jf⟩=1.3e-03, ⟨B·n⟩=8.4e-03, Len=sum([4.8, 4.6, 4.2])=13.5, ϰ=[4.9, 5.3, 4.6], ∫ϰ²/L>=[4.8, 6.1, 6.3], C-C-Sep=0.20, ║∇J║=1.0e-03
-----On 1/20 Initial Guess Perturbations
Iteration 3214/3500-----
J=1.2e-02, ⟨Jf⟩=1.3e-03, ⟨B·n⟩=8.4e-03, Len=sum([4.8, 4.6, 4.2])=13.5, ϰ=[4.9, 5.3, 4.6], ∫ϰ²/L>=[4.8, 6.1, 6.3], C-C-Sep=0.20, ║∇J║=1.1e-03
-----On 1/20 Initial Guess Perturbations
Iteration 3215/3500-----
J=1.2e-02, ⟨Jf⟩=1.3e-03, ⟨B·n⟩=8.4e-03, Len=sum([4.8, 4.6, 4.2])=13.5, ϰ=[4.9, 5.3, 4.6], ∫ϰ²/L>=[4.8, 6.1, 6.3], C-C-Sep=0.20, ║∇J║=1.0e-03
-----On 1/20 Initial Guess Perturbations
Iteration 3216/3500-----
J=1.2e-02, ⟨Jf⟩=1.3e-03, ⟨B·n⟩=8.4e-03, Len=sum([4.8, 4.6, 4.2])=13.5, ϰ=[4.9, 5.3, 4.7], ∫ϰ²/L>=[4.8, 6.1, 6.3], C-C-Sep=0.20, ║∇J║=9.5e-04
-----On 1/20 Initial Guess Perturbations
Iteration 3217/3500-----
J=1.2e-02, ⟨Jf⟩=1.3e-03, ⟨B·n⟩=8.4e-03, Len=sum([4.8, 4.6, 4.2])=13.5, ϰ=[4.9, 5.3, 4.7], ∫ϰ²/L>=[4.8, 6.1, 6.3], C-C-Sep=0.20, ║∇J║=9.7e-04
-----On 1/20 Initial Guess Perturbations
Iteration 3218/3500-----
J=1.2e-02, ⟨Jf⟩=1.3e-03, ⟨B·n⟩=8.4e-03, Len=sum([4.8, 4.6, 4.2])=13.5, ϰ=[4.9, 5.2, 4.7], ∫ϰ²/L>=[4.8, 6.1, 6.3], C-C-Sep=0.20, ║∇J║=1.2e-03
-----On 1/20 Initial Guess Perturbations
Iteration 3219/3500-----
J=1.2e-02, ⟨Jf⟩=1.3e-03, ⟨B·n⟩=8.4e-03, Len=sum([4.8, 4.6, 4.2])=13.5, ϰ=[4.9, 5.3, 4.7], ∫ϰ²/L>=[4.8, 6.1, 6.3], C-C-Sep=0.20, ║∇J║=1.3e-03
-----On 1/20 Initial Guess Perturbations
Iteration 3220/3500-----
J=1.2e-02, ⟨Jf⟩=1.3e-03, ⟨B·n⟩=8.4e-03, Len=sum([4.8, 4.6, 4.2])=13.5, ϰ=[4.9, 5.3, 4.7], ∫ϰ²/L>=[4.8, 6.1, 6.3], C-C-Sep=0.20, ║∇J║=1.7e-03
-----On 1/20 Initial Guess Perturbations
Iteration 3221/3500-----
J=1.2e-02, ⟨Jf⟩=1.3e-03, ⟨B·n⟩=8.4e-03, Len=sum([4.8, 4.6, 4.2])=13.5, ϰ=[4.9, 5.3, 4.7], ∫ϰ²/L>=[4.8, 6.1, 6.3], C-C-Sep=0.20, ║∇J║=1.0e-03
-----On 1/20 Initial Guess Perturbations
Iteration 3222/3500-----
J=1.2e-02, ⟨Jf⟩=1.3e-03, ⟨B·n⟩=8.4e-03, Len=sum([4.8, 4.6, 4.2])=13.5, ϰ=[4.9, 5.3, 4.7], ∫ϰ²/L>=[4.8, 6.1, 6.3], C-C-Sep=0.20, ║∇J║=9.4e-04
-----On 1/20 Initial Guess Perturbations
Iteration 3223/3500-----
J=1.2e-02, ⟨Jf⟩=1.3e-03, ⟨B·n⟩=8.4e-03, Len=sum([4.8, 4.6, 4.2])=13.5, ϰ=[4.9, 5.3, 4.7], ∫ϰ²/L>=[4.8, 6.1, 6.3], C-C-Sep=0.20, ║∇J║=8.5e-04
-----On 1/20 Initial Guess Perturbations
Iteration 3224/3500-----
J=1.2e-02, ⟨Jf⟩=1.3e-03, ⟨B·n⟩=8.4e-03, Len=sum([4.8, 4.6, 4.2])=13.5, ϰ=[4.9, 5.3, 4.7], ∫ϰ²/L>=[4.8, 6.1, 6.3], C-C-Sep=0.20, ║∇J║=8.8e-04
-----On 1/20 Initial Guess Perturbations
Iteration 3225/3500-----
J=1.2e-02, ⟨Jf⟩=1.3e-03, ⟨B·n⟩=8.4e-03, Len=sum([4.8, 4.6, 4.2])=13.5, ϰ=[4.9, 5.3, 4.7], ∫ϰ²/L>=[4.8, 6.1, 6.3], C-C-Sep=0.20, ║∇J║=1.0e-03
-----On 1/20 Initial Guess Perturbations
Iteration 3226/3500-----
J=1.2e-02, ⟨Jf⟩=1.3e-03, ⟨B·n⟩=8.4e-03, Len=sum([4.8, 4.6, 4.2])=13.5, ϰ=[4.9, 5.3, 4.7], ∫ϰ²/L>=[4.8, 6.1, 6.3], C-C-Sep=0.20, ║∇J║=9.8e-04
-----On 1/20 Initial Guess Perturbations
Iteration 3227/3500-----
J=1.2e-02, ⟨Jf⟩=1.3e-03, ⟨B·n⟩=8.4e-03, Len=sum([4.8, 4.6, 4.2])=13.5, ϰ=[4.9, 5.4, 4.6], ∫ϰ²/L>=[4.8, 6.1, 6.3], C-C-Sep=0.20, ║∇J║=1.1e-03
-----On 1/20 Initial Guess Perturbations
Iteration 3228/3500-----
J=1.2e-02, ⟨Jf⟩=1.3e-03, ⟨B·n⟩=8.4e-03, Len=sum([4.8, 4.6, 4.2])=13.5, ϰ=[4.9, 5.3, 4.6], ∫ϰ²/L>=[4.8, 6.1, 6.3], C-C-Sep=0.20, ║∇J║=9.5e-04
-----On 1/20 Initial Guess Perturbations
Iteration 3229/3500-----
J=1.2e-02, ⟨Jf⟩=1.3e-03, ⟨B·n⟩=8.4e-03, Len=sum([4.8, 4.6, 4.2])=13.5, ϰ=[4.9, 5.3, 4.6], ∫ϰ²/L>=[4.8, 6.1, 6.3], C-C-Sep=0.20, ║∇J║=1.2e-03
-----On 1/20 Initial Guess Perturbations
Iteration 3230/3500-----
J=1.2e-02, ⟨Jf⟩=1.3e-03, ⟨B·n⟩=8.4e-03, Len=sum([4.8, 4.6, 4.2])=13.5, ϰ=[4.9, 5.3, 4.6], ∫ϰ²/L>=[4.8, 6.1, 6.3], C-C-Sep=0.20, ║∇J║=9.6e-04
-----On 1/20 Initial Guess Perturbations
Iteration 3231/3500-----
J=1.2e-02, ⟨Jf⟩=1.3e-03, ⟨B·n⟩=8.4e-03, Len=sum([4.8, 4.6, 4.2])=13.5, ϰ=[4.9, 5.3, 4.6], ∫ϰ²/L>=[4.8, 6.1, 6.3], C-C-Sep=0.20, ║∇J║=9.0e-04
-----On 1/20 Initial Guess Perturbations
Iteration 3232/3500-----
J=1.2e-02, ⟨Jf⟩=1.3e-03, ⟨B·n⟩=8.4e-03, Len=sum([4.8, 4.6, 4.2])=13.5, ϰ=[4.9, 5.3, 4.6], ∫ϰ²/L>=[4.8, 6.2, 6.3], C-C-Sep=0.20, ║∇J║=1.2e-03
-----On 1/20 Initial Guess Perturbations
Iteration 3233/3500-----
J=1.2e-02, ⟨Jf⟩=1.3e-03, ⟨B·n⟩=8.4e-03, Len=sum([4.8, 4.6, 4.2])=13.5, ϰ=[4.9, 5.3, 4.6], ∫ϰ²/L>=[4.8, 6.2, 6.3], C-C-Sep=0.20, ║∇J║=1.5e-03
-----On 1/20 Initial Guess Perturbations
Iteration 3234/3500-----
J=1.2e-02, ⟨Jf⟩=1.3e-03, ⟨B·n⟩=8.4e-03, Len=sum([4.8, 4.6, 4.2])=13.5, ϰ=[4.9, 5.3, 4.6], ∫ϰ²/L>=[4.8, 6.2, 6.3], C-C-Sep=0.20, ║∇J║=1.4e-03
-----On 1/20 Initial Guess Perturbations
Iteration 3235/3500-----
J=1.2e-02, ⟨Jf⟩=1.3e-03, ⟨B·n⟩=8.4e-03, Len=sum([4.8, 4.6, 4.2])=13.5, ϰ=[4.9, 5.3, 4.6], ∫ϰ²/L>=[4.8, 6.2, 6.3], C-C-Sep=0.20, ║∇J║=1.0e-03
-----On 1/20 Initial Guess Perturbations
Iteration 3236/3500-----
J=1.2e-02, ⟨Jf⟩=1.3e-03, ⟨B·n⟩=8.4e-03, Len=sum([4.8, 4.6, 4.2])=13.5, ϰ=[4.9, 5.3, 4.6], ∫ϰ²/L>=[4.8, 6.2, 6.3], C-C-Sep=0.20, ║∇J║=8.9e-04
-----On 1/20 Initial Guess Perturbations
Iteration 3237/3500-----
J=1.2e-02, ⟨Jf⟩=1.3e-03, ⟨B·n⟩=8.4e-03, Len=sum([4.8, 4.6, 4.2])=13.5, ϰ=[4.9, 5.3, 4.6], ∫ϰ²/L>=[4.8, 6.2, 6.3], C-C-Sep=0.20, ║∇J║=1.1e-03
-----On 1/20 Initial Guess Perturbations
Iteration 3238/3500-----
J=1.2e-02, ⟨Jf⟩=1.3e-03, ⟨B·n⟩=8.4e-03, Len=sum([4.8, 4.6, 4.2])=13.5, ϰ=[4.9, 5.3, 4.5], ∫ϰ²/L>=[4.8, 6.2, 6.3], C-C-Sep=0.20, ║∇J║=1.4e-03
-----On 1/20 Initial Guess Perturbations
Iteration 3239/3500-----
J=1.2e-02, ⟨Jf⟩=1.3e-03, ⟨B·n⟩=8.4e-03, Len=sum([4.8, 4.6, 4.2])=13.5, ϰ=[4.9, 5.3, 4.5], ∫ϰ²/L>=[4.8, 6.2, 6.3], C-C-Sep=0.20, ║∇J║=1.2e-03
-----On 1/20 Initial Guess Perturbations
Iteration 3240/3500-----
J=1.2e-02, ⟨Jf⟩=1.3e-03, ⟨B·n⟩=8.4e-03, Len=sum([4.8, 4.6, 4.2])=13.5, ϰ=[4.9, 5.3, 4.5], ∫ϰ²/L>=[4.8, 6.2, 6.3], C-C-Sep=0.20, ║∇J║=1.4e-03
-----On 1/20 Initial Guess Perturbations
Iteration 3241/3500-----
J=1.2e-02, ⟨Jf⟩=1.3e-03, ⟨B·n⟩=8.4e-03, Len=sum([4.8, 4.6, 4.2])=13.5, ϰ=[4.9, 5.3, 4.5], ∫ϰ²/L>=[4.8, 6.2, 6.3], C-C-Sep=0.20, ║∇J║=1.1e-03
-----On 1/20 Initial Guess Perturbations
Iteration 3242/3500-----
J=1.2e-02, ⟨Jf⟩=1.3e-03, ⟨B·n⟩=8.4e-03, Len=sum([4.8, 4.6, 4.2])=13.5, ϰ=[4.9, 5.3, 4.5], ∫ϰ²/L>=[4.8, 6.2, 6.3], C-C-Sep=0.20, ║∇J║=9.8e-04
-----On 1/20 Initial Guess Perturbations
Iteration 3243/3500-----
J=1.2e-02, ⟨Jf⟩=1.3e-03, ⟨B·n⟩=8.4e-03, Len=sum([4.8, 4.6, 4.2])=13.5, ϰ=[4.9, 5.3, 4.5], ∫ϰ²/L>=[4.8, 6.2, 6.3], C-C-Sep=0.20, ║∇J║=1.0e-03
-----On 1/20 Initial Guess Perturbations
Iteration 3244/3500-----
J=1.2e-02, ⟨Jf⟩=1.3e-03, ⟨B·n⟩=8.4e-03, Len=sum([4.8, 4.6, 4.2])=13.5, ϰ=[4.9, 5.2, 4.5], ∫ϰ²/L>=[4.8, 6.1, 6.3], C-C-Sep=0.20, ║∇J║=1.7e-03
-----On 1/20 Initial Guess Perturbations
Iteration 3245/3500-----
J=1.2e-02, ⟨Jf⟩=1.3e-03, ⟨B·n⟩=8.4e-03, Len=sum([4.8, 4.6, 4.2])=13.5, ϰ=[4.9, 5.3, 4.6], ∫ϰ²/L>=[4.8, 6.2, 6.3], C-C-Sep=0.20, ║∇J║=1.5e-03
-----On 1/20 Initial Guess Perturbations
Iteration 3246/3500-----
J=1.2e-02, ⟨Jf⟩=1.3e-03, ⟨B·n⟩=8.4e-03, Len=sum([4.8, 4.6, 4.2])=13.5, ϰ=[4.9, 5.3, 4.6], ∫ϰ²/L>=[4.8, 6.2, 6.3], C-C-Sep=0.20, ║∇J║=1.2e-03
-----On 1/20 Initial Guess Perturbations
Iteration 3247/3500-----
J=1.2e-02, ⟨Jf⟩=1.3e-03, ⟨B·n⟩=8.4e-03, Len=sum([4.8, 4.6, 4.2])=13.5, ϰ=[4.9, 5.3, 4.5], ∫ϰ²/L>=[4.8, 6.2, 6.3], C-C-Sep=0.20, ║∇J║=7.9e-04
-----On 1/20 Initial Guess Perturbations
Iteration 3248/3500-----
J=1.2e-02, ⟨Jf⟩=1.3e-03, ⟨B·n⟩=8.4e-03, Len=sum([4.8, 4.6, 4.2])=13.5, ϰ=[4.9, 5.2, 4.6], ∫ϰ²/L>=[4.8, 6.2, 6.3], C-C-Sep=0.20, ║∇J║=1.0e-03
-----On 1/20 Initial Guess Perturbations
Iteration 3249/3500-----
J=1.2e-02, ⟨Jf⟩=1.3e-03, ⟨B·n⟩=8.4e-03, Len=sum([4.8, 4.6, 4.2])=13.5, ϰ=[4.8, 5.2, 4.6], ∫ϰ²/L>=[4.8, 6.2, 6.3], C-C-Sep=0.20, ║∇J║=1.1e-03
-----On 1/20 Initial Guess Perturbations
Iteration 3250/3500-----
J=1.2e-02, ⟨Jf⟩=1.3e-03, ⟨B·n⟩=8.4e-03, Len=sum([4.8, 4.6, 4.2])=13.5, ϰ=[4.9, 5.2, 4.6], ∫ϰ²/L>=[4.8, 6.2, 6.3], C-C-Sep=0.20, ║∇J║=1.2e-03
-----On 1/20 Initial Guess Perturbations
Iteration 3251/3500-----
J=1.2e-02, ⟨Jf⟩=1.3e-03, ⟨B·n⟩=8.4e-03, Len=sum([4.8, 4.6, 4.2])=13.5, ϰ=[4.9, 5.2, 4.6], ∫ϰ²/L>=[4.8, 6.2, 6.3], C-C-Sep=0.20, ║∇J║=1.2e-03
-----On 1/20 Initial Guess Perturbations
Iteration 3252/3500-----
J=1.2e-02, ⟨Jf⟩=1.3e-03, ⟨B·n⟩=8.4e-03, Len=sum([4.8, 4.6, 4.2])=13.5, ϰ=[4.9, 5.3, 4.6], ∫ϰ²/L>=[4.8, 6.2, 6.3], C-C-Sep=0.20, ║∇J║=1.2e-03
-----On 1/20 Initial Guess Perturbations
Iteration 3253/3500-----
J=1.2e-02, ⟨Jf⟩=1.3e-03, ⟨B·n⟩=8.4e-03, Len=sum([4.8, 4.6, 4.2])=13.5, ϰ=[4.9, 5.2, 4.5], ∫ϰ²/L>=[4.8, 6.2, 6.3], C-C-Sep=0.20, ║∇J║=1.3e-03
-----On 1/20 Initial Guess Perturbations
Iteration 3254/3500-----
J=1.2e-02, ⟨Jf⟩=1.3e-03, ⟨B·n⟩=8.4e-03, Len=sum([4.8, 4.6, 4.2])=13.5, ϰ=[4.9, 5.2, 4.5], ∫ϰ²/L>=[4.8, 6.2, 6.3], C-C-Sep=0.20, ║∇J║=1.1e-03
-----On 1/20 Initial Guess Perturbations
Iteration 3255/3500-----
J=1.2e-02, ⟨Jf⟩=1.3e-03, ⟨B·n⟩=8.4e-03, Len=sum([4.8, 4.6, 4.2])=13.5, ϰ=[4.9, 5.2, 4.6], ∫ϰ²/L>=[4.8, 6.2, 6.3], C-C-Sep=0.20, ║∇J║=9.4e-04
-----On 1/20 Initial Guess Perturbations
Iteration 3256/3500-----
J=1.2e-02, ⟨Jf⟩=1.3e-03, ⟨B·n⟩=8.4e-03, Len=sum([4.8, 4.6, 4.2])=13.5, ϰ=[4.9, 5.2, 4.6], ∫ϰ²/L>=[4.8, 6.2, 6.3], C-C-Sep=0.20, ║∇J║=9.7e-04
-----On 1/20 Initial Guess Perturbations
Iteration 3257/3500-----
J=1.2e-02, ⟨Jf⟩=1.3e-03, ⟨B·n⟩=8.4e-03, Len=sum([4.8, 4.6, 4.2])=13.5, ϰ=[4.9, 5.3, 4.6], ∫ϰ²/L>=[4.8, 6.2, 6.3], C-C-Sep=0.20, ║∇J║=1.0e-03
-----On 1/20 Initial Guess Perturbations
Iteration 3258/3500-----
J=1.2e-02, ⟨Jf⟩=1.3e-03, ⟨B·n⟩=8.4e-03, Len=sum([4.8, 4.6, 4.2])=13.5, ϰ=[4.9, 5.2, 4.6], ∫ϰ²/L>=[4.8, 6.2, 6.3], C-C-Sep=0.20, ║∇J║=1.0e-03
-----On 1/20 Initial Guess Perturbations
Iteration 3259/3500-----
J=1.2e-02, ⟨Jf⟩=1.3e-03, ⟨B·n⟩=8.4e-03, Len=sum([4.8, 4.6, 4.2])=13.5, ϰ=[4.9, 5.3, 4.6], ∫ϰ²/L>=[4.8, 6.2, 6.3], C-C-Sep=0.20, ║∇J║=1.6e-03
-----On 1/20 Initial Guess Perturbations
Iteration 3260/3500-----
J=1.2e-02, ⟨Jf⟩=1.3e-03, ⟨B·n⟩=8.4e-03, Len=sum([4.8, 4.6, 4.2])=13.5, ϰ=[4.9, 5.3, 4.6], ∫ϰ²/L>=[4.8, 6.2, 6.3], C-C-Sep=0.20, ║∇J║=1.4e-03
-----On 1/20 Initial Guess Perturbations
Iteration 3261/3500-----
J=1.2e-02, ⟨Jf⟩=1.3e-03, ⟨B·n⟩=8.4e-03, Len=sum([4.8, 4.6, 4.2])=13.5, ϰ=[4.9, 5.2, 4.6], ∫ϰ²/L>=[4.8, 6.2, 6.3], C-C-Sep=0.20, ║∇J║=1.2e-03
-----On 1/20 Initial Guess Perturbations
Iteration 3262/3500-----
J=1.2e-02, ⟨Jf⟩=1.3e-03, ⟨B·n⟩=8.4e-03, Len=sum([4.8, 4.6, 4.2])=13.5, ϰ=[4.9, 5.2, 4.6], ∫ϰ²/L>=[4.8, 6.2, 6.3], C-C-Sep=0.20, ║∇J║=8.9e-04
-----On 1/20 Initial Guess Perturbations
Iteration 3263/3500-----
J=1.2e-02, ⟨Jf⟩=1.3e-03, ⟨B·n⟩=8.4e-03, Len=sum([4.8, 4.6, 4.2])=13.5, ϰ=[4.9, 5.2, 4.6], ∫ϰ²/L>=[4.8, 6.2, 6.3], C-C-Sep=0.20, ║∇J║=8.1e-04
-----On 1/20 Initial Guess Perturbations
Iteration 3264/3500-----
J=1.2e-02, ⟨Jf⟩=1.3e-03, ⟨B·n⟩=8.4e-03, Len=sum([4.8, 4.6, 4.2])=13.5, ϰ=[4.9, 5.3, 4.6], ∫ϰ²/L>=[4.8, 6.2, 6.3], C-C-Sep=0.20, ║∇J║=1.1e-03
-----On 1/20 Initial Guess Perturbations
Iteration 3265/3500-----
J=1.2e-02, ⟨Jf⟩=1.3e-03, ⟨B·n⟩=8.4e-03, Len=sum([4.8, 4.6, 4.2])=13.5, ϰ=[4.9, 5.3, 4.6], ∫ϰ²/L>=[4.8, 6.1, 6.3], C-C-Sep=0.20, ║∇J║=1.1e-03
-----On 1/20 Initial Guess Perturbations
Iteration 3266/3500-----
J=1.2e-02, ⟨Jf⟩=1.3e-03, ⟨B·n⟩=8.4e-03, Len=sum([4.8, 4.6, 4.2])=13.5, ϰ=[4.9, 5.3, 4.6], ∫ϰ²/L>=[4.8, 6.2, 6.3], C-C-Sep=0.20, ║∇J║=9.4e-04
-----On 1/20 Initial Guess Perturbations
Iteration 3267/3500-----
J=1.2e-02, ⟨Jf⟩=1.3e-03, ⟨B·n⟩=8.4e-03, Len=sum([4.8, 4.6, 4.2])=13.5, ϰ=[4.9, 5.2, 4.6], ∫ϰ²/L>=[4.8, 6.1, 6.3], C-C-Sep=0.20, ║∇J║=1.1e-03
-----On 1/20 Initial Guess Perturbations
Iteration 3268/3500-----
J=1.2e-02, ⟨Jf⟩=1.3e-03, ⟨B·n⟩=8.4e-03, Len=sum([4.8, 4.6, 4.2])=13.5, ϰ=[4.9, 5.3, 4.6], ∫ϰ²/L>=[4.8, 6.1, 6.3], C-C-Sep=0.20, ║∇J║=1.1e-03
-----On 1/20 Initial Guess Perturbations
Iteration 3269/3500-----
J=1.2e-02, ⟨Jf⟩=1.3e-03, ⟨B·n⟩=8.4e-03, Len=sum([4.8, 4.6, 4.2])=13.5, ϰ=[4.9, 5.3, 4.6], ∫ϰ²/L>=[4.8, 6.1, 6.3], C-C-Sep=0.20, ║∇J║=8.9e-04
-----On 1/20 Initial Guess Perturbations
Iteration 3270/3500-----
J=1.2e-02, ⟨Jf⟩=1.3e-03, ⟨B·n⟩=8.4e-03, Len=sum([4.8, 4.6, 4.2])=13.5, ϰ=[4.9, 5.3, 4.6], ∫ϰ²/L>=[4.8, 6.1, 6.3], C-C-Sep=0.20, ║∇J║=9.1e-04
-----On 1/20 Initial Guess Perturbations
Iteration 3271/3500-----
J=1.2e-02, ⟨Jf⟩=1.2e-03, ⟨B·n⟩=8.4e-03, Len=sum([4.8, 4.6, 4.2])=13.5, ϰ=[4.9, 5.3, 4.6], ∫ϰ²/L>=[4.8, 6.1, 6.3], C-C-Sep=0.20, ║∇J║=1.1e-03
-----On 1/20 Initial Guess Perturbations
Iteration 3272/3500-----
J=1.2e-02, ⟨Jf⟩=1.3e-03, ⟨B·n⟩=8.4e-03, Len=sum([4.8, 4.6, 4.2])=13.5, ϰ=[4.9, 5.3, 4.7], ∫ϰ²/L>=[4.8, 6.1, 6.3], C-C-Sep=0.20, ║∇J║=1.3e-03
-----On 1/20 Initial Guess Perturbations
Iteration 3273/3500-----
J=1.2e-02, ⟨Jf⟩=1.2e-03, ⟨B·n⟩=8.4e-03, Len=sum([4.8, 4.6, 4.2])=13.5, ϰ=[4.9, 5.3, 4.7], ∫ϰ²/L>=[4.8, 6.1, 6.3], C-C-Sep=0.20, ║∇J║=1.3e-03
-----On 1/20 Initial Guess Perturbations
Iteration 3274/3500-----
J=1.2e-02, ⟨Jf⟩=1.2e-03, ⟨B·n⟩=8.4e-03, Len=sum([4.8, 4.6, 4.2])=13.5, ϰ=[4.9, 5.3, 4.7], ∫ϰ²/L>=[4.8, 6.1, 6.3], C-C-Sep=0.20, ║∇J║=9.3e-04
-----On 1/20 Initial Guess Perturbations
Iteration 3275/3500-----
J=1.2e-02, ⟨Jf⟩=1.2e-03, ⟨B·n⟩=8.4e-03, Len=sum([4.8, 4.6, 4.2])=13.5, ϰ=[4.9, 5.3, 4.7], ∫ϰ²/L>=[4.8, 6.2, 6.3], C-C-Sep=0.20, ║∇J║=1.1e-03
-----On 1/20 Initial Guess Perturbations
Iteration 3276/3500-----
J=1.2e-02, ⟨Jf⟩=1.2e-03, ⟨B·n⟩=8.4e-03, Len=sum([4.8, 4.6, 4.2])=13.5, ϰ=[4.9, 5.3, 4.7], ∫ϰ²/L>=[4.8, 6.1, 6.3], C-C-Sep=0.20, ║∇J║=1.3e-03
-----On 1/20 Initial Guess Perturbations
Iteration 3277/3500-----
J=1.2e-02, ⟨Jf⟩=1.2e-03, ⟨B·n⟩=8.4e-03, Len=sum([4.8, 4.6, 4.2])=13.5, ϰ=[4.9, 5.3, 4.7], ∫ϰ²/L>=[4.8, 6.1, 6.3], C-C-Sep=0.20, ║∇J║=1.2e-03
-----On 1/20 Initial Guess Perturbations
Iteration 3278/3500-----
J=1.2e-02, ⟨Jf⟩=1.2e-03, ⟨B·n⟩=8.4e-03, Len=sum([4.8, 4.6, 4.2])=13.5, ϰ=[4.9, 5.3, 4.7], ∫ϰ²/L>=[4.8, 6.1, 6.3], C-C-Sep=0.20, ║∇J║=1.1e-03
-----On 1/20 Initial Guess Perturbations
Iteration 3279/3500-----
J=1.2e-02, ⟨Jf⟩=1.2e-03, ⟨B·n⟩=8.4e-03, Len=sum([4.8, 4.6, 4.2])=13.5, ϰ=[4.9, 5.3, 4.7], ∫ϰ²/L>=[4.8, 6.1, 6.3], C-C-Sep=0.20, ║∇J║=8.4e-04
-----On 1/20 Initial Guess Perturbations
Iteration 3280/3500-----
J=1.2e-02, ⟨Jf⟩=1.2e-03, ⟨B·n⟩=8.4e-03, Len=sum([4.8, 4.6, 4.2])=13.5, ϰ=[4.9, 5.3, 4.7], ∫ϰ²/L>=[4.8, 6.1, 6.3], C-C-Sep=0.20, ║∇J║=8.7e-04
-----On 1/20 Initial Guess Perturbations
Iteration 3281/3500-----
J=1.2e-02, ⟨Jf⟩=1.2e-03, ⟨B·n⟩=8.4e-03, Len=sum([4.8, 4.6, 4.2])=13.5, ϰ=[4.9, 5.3, 4.7], ∫ϰ²/L>=[4.8, 6.1, 6.3], C-C-Sep=0.20, ║∇J║=9.4e-04
-----On 1/20 Initial Guess Perturbations
Iteration 3282/3500-----
J=1.2e-02, ⟨Jf⟩=1.2e-03, ⟨B·n⟩=8.4e-03, Len=sum([4.8, 4.6, 4.2])=13.5, ϰ=[4.9, 5.3, 4.7], ∫ϰ²/L>=[4.8, 6.1, 6.3], C-C-Sep=0.20, ║∇J║=9.9e-04
-----On 1/20 Initial Guess Perturbations
Iteration 3283/3500-----
J=1.2e-02, ⟨Jf⟩=1.2e-03, ⟨B·n⟩=8.4e-03, Len=sum([4.8, 4.6, 4.2])=13.5, ϰ=[4.9, 5.2, 4.7], ∫ϰ²/L>=[4.8, 6.1, 6.3], C-C-Sep=0.20, ║∇J║=9.8e-04
-----On 1/20 Initial Guess Perturbations
Iteration 3284/3500-----
J=1.2e-02, ⟨Jf⟩=1.2e-03, ⟨B·n⟩=8.4e-03, Len=sum([4.8, 4.6, 4.2])=13.5, ϰ=[4.9, 5.2, 4.7], ∫ϰ²/L>=[4.8, 6.1, 6.4], C-C-Sep=0.20, ║∇J║=1.2e-03
-----On 1/20 Initial Guess Perturbations
Iteration 3285/3500-----
J=1.2e-02, ⟨Jf⟩=1.2e-03, ⟨B·n⟩=8.4e-03, Len=sum([4.8, 4.6, 4.2])=13.5, ϰ=[4.9, 5.2, 4.7], ∫ϰ²/L>=[4.8, 6.1, 6.3], C-C-Sep=0.20, ║∇J║=1.1e-03
-----On 1/20 Initial Guess Perturbations
Iteration 3286/3500-----
J=1.2e-02, ⟨Jf⟩=1.2e-03, ⟨B·n⟩=8.4e-03, Len=sum([4.8, 4.6, 4.2])=13.5, ϰ=[4.9, 5.2, 4.7], ∫ϰ²/L>=[4.8, 6.1, 6.4], C-C-Sep=0.20, ║∇J║=1.2e-03
-----On 1/20 Initial Guess Perturbations
Iteration 3287/3500-----
J=1.2e-02, ⟨Jf⟩=1.2e-03, ⟨B·n⟩=8.4e-03, Len=sum([4.8, 4.6, 4.2])=13.5, ϰ=[4.9, 5.2, 4.7], ∫ϰ²/L>=[4.8, 6.1, 6.4], C-C-Sep=0.20, ║∇J║=1.1e-03
-----On 1/20 Initial Guess Perturbations
Iteration 3288/3500-----
J=1.2e-02, ⟨Jf⟩=1.2e-03, ⟨B·n⟩=8.4e-03, Len=sum([4.8, 4.6, 4.2])=13.5, ϰ=[4.9, 5.2, 4.7], ∫ϰ²/L>=[4.8, 6.1, 6.4], C-C-Sep=0.20, ║∇J║=9.3e-04
-----On 1/20 Initial Guess Perturbations
Iteration 3289/3500-----
J=1.2e-02, ⟨Jf⟩=1.2e-03, ⟨B·n⟩=8.4e-03, Len=sum([4.8, 4.6, 4.2])=13.5, ϰ=[4.9, 5.2, 4.7], ∫ϰ²/L>=[4.8, 6.1, 6.4], C-C-Sep=0.20, ║∇J║=8.9e-04
-----On 1/20 Initial Guess Perturbations
Iteration 3290/3500-----
J=1.2e-02, ⟨Jf⟩=1.2e-03, ⟨B·n⟩=8.4e-03, Len=sum([4.8, 4.6, 4.2])=13.5, ϰ=[4.9, 5.2, 4.7], ∫ϰ²/L>=[4.8, 6.1, 6.4], C-C-Sep=0.20, ║∇J║=9.5e-04
-----On 1/20 Initial Guess Perturbations
Iteration 3291/3500-----
J=1.2e-02, ⟨Jf⟩=1.2e-03, ⟨B·n⟩=8.4e-03, Len=sum([4.8, 4.6, 4.2])=13.5, ϰ=[4.9, 5.2, 4.6], ∫ϰ²/L>=[4.8, 6.1, 6.4], C-C-Sep=0.20, ║∇J║=1.0e-03
-----On 1/20 Initial Guess Perturbations
Iteration 3292/3500-----
J=1.2e-02, ⟨Jf⟩=1.2e-03, ⟨B·n⟩=8.4e-03, Len=sum([4.8, 4.6, 4.2])=13.5, ϰ=[4.9, 5.2, 4.6], ∫ϰ²/L>=[4.8, 6.1, 6.4], C-C-Sep=0.20, ║∇J║=8.2e-04
-----On 1/20 Initial Guess Perturbations
Iteration 3293/3500-----
J=1.2e-02, ⟨Jf⟩=1.2e-03, ⟨B·n⟩=8.4e-03, Len=sum([4.8, 4.6, 4.2])=13.5, ϰ=[4.9, 5.2, 4.6], ∫ϰ²/L>=[4.8, 6.1, 6.4], C-C-Sep=0.20, ║∇J║=9.7e-04
-----On 1/20 Initial Guess Perturbations
Iteration 3294/3500-----
J=1.2e-02, ⟨Jf⟩=1.2e-03, ⟨B·n⟩=8.4e-03, Len=sum([4.8, 4.6, 4.2])=13.5, ϰ=[4.9, 5.2, 4.6], ∫ϰ²/L>=[4.8, 6.1, 6.4], C-C-Sep=0.20, ║∇J║=9.8e-04
-----On 1/20 Initial Guess Perturbations
Iteration 3295/3500-----
J=1.2e-02, ⟨Jf⟩=1.2e-03, ⟨B·n⟩=8.4e-03, Len=sum([4.8, 4.6, 4.2])=13.5, ϰ=[4.9, 5.2, 4.6], ∫ϰ²/L>=[4.8, 6.1, 6.4], C-C-Sep=0.20, ║∇J║=1.0e-03
-----On 1/20 Initial Guess Perturbations
Iteration 3296/3500-----
J=1.2e-02, ⟨Jf⟩=1.3e-03, ⟨B·n⟩=8.4e-03, Len=sum([4.8, 4.6, 4.2])=13.5, ϰ=[4.9, 5.2, 4.6], ∫ϰ²/L>=[4.8, 6.1, 6.4], C-C-Sep=0.20, ║∇J║=9.9e-04
-----On 1/20 Initial Guess Perturbations
Iteration 3297/3500-----
J=1.2e-02, ⟨Jf⟩=1.2e-03, ⟨B·n⟩=8.4e-03, Len=sum([4.8, 4.6, 4.2])=13.5, ϰ=[4.9, 5.2, 4.6], ∫ϰ²/L>=[4.8, 6.1, 6.4], C-C-Sep=0.20, ║∇J║=9.4e-04
-----On 1/20 Initial Guess Perturbations
Iteration 3298/3500-----
J=1.2e-02, ⟨Jf⟩=1.2e-03, ⟨B·n⟩=8.4e-03, Len=sum([4.8, 4.6, 4.2])=13.5, ϰ=[4.9, 5.2, 4.6], ∫ϰ²/L>=[4.8, 6.1, 6.4], C-C-Sep=0.20, ║∇J║=1.0e-03
-----On 1/20 Initial Guess Perturbations
Iteration 3299/3500-----
J=1.2e-02, ⟨Jf⟩=1.2e-03, ⟨B·n⟩=8.4e-03, Len=sum([4.8, 4.6, 4.2])=13.5, ϰ=[4.9, 5.2, 4.6], ∫ϰ²/L>=[4.8, 6.1, 6.4], C-C-Sep=0.20, ║∇J║=1.3e-03
-----On 1/20 Initial Guess Perturbations
Iteration 3300/3500-----
J=1.2e-02, ⟨Jf⟩=1.2e-03, ⟨B·n⟩=8.4e-03, Len=sum([4.8, 4.6, 4.2])=13.5, ϰ=[4.9, 5.2, 4.6], ∫ϰ²/L>=[4.8, 6.1, 6.4], C-C-Sep=0.20, ║∇J║=1.1e-03
-----On 1/20 Initial Guess Perturbations
Iteration 3301/3500-----
J=1.2e-02, ⟨Jf⟩=1.2e-03, ⟨B·n⟩=8.4e-03, Len=sum([4.8, 4.6, 4.2])=13.5, ϰ=[4.9, 5.3, 4.6], ∫ϰ²/L>=[4.8, 6.1, 6.4], C-C-Sep=0.20, ║∇J║=1.1e-03
-----On 1/20 Initial Guess Perturbations
Iteration 3302/3500-----
J=1.2e-02, ⟨Jf⟩=1.2e-03, ⟨B·n⟩=8.4e-03, Len=sum([4.8, 4.6, 4.2])=13.5, ϰ=[4.9, 5.3, 4.6], ∫ϰ²/L>=[4.8, 6.1, 6.4], C-C-Sep=0.20, ║∇J║=8.6e-04
-----On 1/20 Initial Guess Perturbations
Iteration 3303/3500-----
J=1.2e-02, ⟨Jf⟩=1.2e-03, ⟨B·n⟩=8.4e-03, Len=sum([4.8, 4.6, 4.2])=13.5, ϰ=[4.8, 5.3, 4.6], ∫ϰ²/L>=[4.8, 6.1, 6.4], C-C-Sep=0.20, ║∇J║=8.4e-04
-----On 1/20 Initial Guess Perturbations
Iteration 3304/3500-----
J=1.2e-02, ⟨Jf⟩=1.2e-03, ⟨B·n⟩=8.4e-03, Len=sum([4.8, 4.6, 4.2])=13.5, ϰ=[4.8, 5.3, 4.6], ∫ϰ²/L>=[4.8, 6.1, 6.4], C-C-Sep=0.20, ║∇J║=9.3e-04
-----On 1/20 Initial Guess Perturbations
Iteration 3305/3500-----
J=1.2e-02, ⟨Jf⟩=1.2e-03, ⟨B·n⟩=8.4e-03, Len=sum([4.8, 4.6, 4.2])=13.5, ϰ=[4.8, 5.3, 4.6], ∫ϰ²/L>=[4.8, 6.1, 6.4], C-C-Sep=0.20, ║∇J║=8.7e-04
-----On 1/20 Initial Guess Perturbations
Iteration 3306/3500-----
J=1.2e-02, ⟨Jf⟩=1.2e-03, ⟨B·n⟩=8.4e-03, Len=sum([4.8, 4.6, 4.2])=13.5, ϰ=[4.8, 5.3, 4.6], ∫ϰ²/L>=[4.8, 6.1, 6.4], C-C-Sep=0.20, ║∇J║=9.2e-04
-----On 1/20 Initial Guess Perturbations
Iteration 3307/3500-----
J=1.2e-02, ⟨Jf⟩=1.2e-03, ⟨B·n⟩=8.4e-03, Len=sum([4.8, 4.6, 4.2])=13.5, ϰ=[4.8, 5.3, 4.6], ∫ϰ²/L>=[4.8, 6.1, 6.4], C-C-Sep=0.20, ║∇J║=1.0e-03
-----On 1/20 Initial Guess Perturbations
Iteration 3308/3500-----
J=1.2e-02, ⟨Jf⟩=1.2e-03, ⟨B·n⟩=8.4e-03, Len=sum([4.8, 4.6, 4.2])=13.5, ϰ=[4.8, 5.3, 4.6], ∫ϰ²/L>=[4.8, 6.1, 6.4], C-C-Sep=0.20, ║∇J║=1.1e-03
-----On 1/20 Initial Guess Perturbations
Iteration 3309/3500-----
J=1.2e-02, ⟨Jf⟩=1.2e-03, ⟨B·n⟩=8.4e-03, Len=sum([4.8, 4.6, 4.2])=13.5, ϰ=[4.8, 5.3, 4.6], ∫ϰ²/L>=[4.8, 6.1, 6.4], C-C-Sep=0.20, ║∇J║=9.2e-04
-----On 1/20 Initial Guess Perturbations
Iteration 3310/3500-----
J=1.2e-02, ⟨Jf⟩=1.2e-03, ⟨B·n⟩=8.4e-03, Len=sum([4.8, 4.6, 4.2])=13.5, ϰ=[4.8, 5.3, 4.6], ∫ϰ²/L>=[4.8, 6.1, 6.4], C-C-Sep=0.20, ║∇J║=9.3e-04
-----On 1/20 Initial Guess Perturbations
Iteration 3311/3500-----
J=1.2e-02, ⟨Jf⟩=1.2e-03, ⟨B·n⟩=8.4e-03, Len=sum([4.8, 4.6, 4.2])=13.5, ϰ=[4.8, 5.3, 4.6], ∫ϰ²/L>=[4.8, 6.1, 6.4], C-C-Sep=0.20, ║∇J║=7.9e-04
-----On 1/20 Initial Guess Perturbations
Iteration 3312/3500-----
J=1.2e-02, ⟨Jf⟩=1.2e-03, ⟨B·n⟩=8.4e-03, Len=sum([4.8, 4.6, 4.2])=13.5, ϰ=[4.8, 5.3, 4.6], ∫ϰ²/L>=[4.8, 6.1, 6.4], C-C-Sep=0.20, ║∇J║=9.4e-04
-----On 1/20 Initial Guess Perturbations
Iteration 3313/3500-----
J=1.2e-02, ⟨Jf⟩=1.2e-03, ⟨B·n⟩=8.4e-03, Len=sum([4.8, 4.6, 4.2])=13.5, ϰ=[4.9, 5.3, 4.6], ∫ϰ²/L>=[4.8, 6.1, 6.4], C-C-Sep=0.20, ║∇J║=9.2e-04
-----On 1/20 Initial Guess Perturbations
Iteration 3314/3500-----
J=1.2e-02, ⟨Jf⟩=1.2e-03, ⟨B·n⟩=8.4e-03, Len=sum([4.8, 4.6, 4.2])=13.5, ϰ=[4.9, 5.3, 4.6], ∫ϰ²/L>=[4.8, 6.1, 6.4], C-C-Sep=0.20, ║∇J║=1.0e-03
-----On 1/20 Initial Guess Perturbations
Iteration 3315/3500-----
J=1.2e-02, ⟨Jf⟩=1.2e-03, ⟨B·n⟩=8.4e-03, Len=sum([4.8, 4.6, 4.2])=13.5, ϰ=[4.9, 5.3, 4.6], ∫ϰ²/L>=[4.8, 6.1, 6.4], C-C-Sep=0.20, ║∇J║=1.0e-03
-----On 1/20 Initial Guess Perturbations
Iteration 3316/3500-----
J=1.2e-02, ⟨Jf⟩=1.2e-03, ⟨B·n⟩=8.4e-03, Len=sum([4.8, 4.6, 4.2])=13.5, ϰ=[4.9, 5.3, 4.6], ∫ϰ²/L>=[4.8, 6.1, 6.4], C-C-Sep=0.20, ║∇J║=1.0e-03
-----On 1/20 Initial Guess Perturbations
Iteration 3317/3500-----
J=1.2e-02, ⟨Jf⟩=1.3e-03, ⟨B·n⟩=8.4e-03, Len=sum([4.8, 4.6, 4.2])=13.5, ϰ=[4.9, 5.2, 4.6], ∫ϰ²/L>=[4.8, 6.1, 6.3], C-C-Sep=0.20, ║∇J║=1.9e-03
-----On 1/20 Initial Guess Perturbations
Iteration 3318/3500-----
J=1.2e-02, ⟨Jf⟩=1.2e-03, ⟨B·n⟩=8.4e-03, Len=sum([4.8, 4.6, 4.2])=13.5, ϰ=[4.9, 5.3, 4.6], ∫ϰ²/L>=[4.8, 6.1, 6.4], C-C-Sep=0.20, ║∇J║=1.1e-03
-----On 1/20 Initial Guess Perturbations
Iteration 3319/3500-----
J=1.2e-02, ⟨Jf⟩=1.2e-03, ⟨B·n⟩=8.4e-03, Len=sum([4.8, 4.6, 4.2])=13.5, ϰ=[4.9, 5.2, 4.6], ∫ϰ²/L>=[4.8, 6.1, 6.4], C-C-Sep=0.20, ║∇J║=1.2e-03
-----On 1/20 Initial Guess Perturbations
Iteration 3320/3500-----
J=1.2e-02, ⟨Jf⟩=1.2e-03, ⟨B·n⟩=8.4e-03, Len=sum([4.8, 4.6, 4.2])=13.5, ϰ=[4.8, 5.2, 4.6], ∫ϰ²/L>=[4.8, 6.1, 6.4], C-C-Sep=0.20, ║∇J║=1.0e-03
-----On 1/20 Initial Guess Perturbations
Iteration 3321/3500-----
J=1.2e-02, ⟨Jf⟩=1.2e-03, ⟨B·n⟩=8.4e-03, Len=sum([4.8, 4.6, 4.2])=13.5, ϰ=[4.8, 5.2, 4.6], ∫ϰ²/L>=[4.8, 6.1, 6.4], C-C-Sep=0.20, ║∇J║=8.4e-04
-----On 1/20 Initial Guess Perturbations
Iteration 3322/3500-----
J=1.2e-02, ⟨Jf⟩=1.2e-03, ⟨B·n⟩=8.4e-03, Len=sum([4.8, 4.6, 4.2])=13.5, ϰ=[4.9, 5.2, 4.6], ∫ϰ²/L>=[4.8, 6.1, 6.4], C-C-Sep=0.20, ║∇J║=7.9e-04
-----On 1/20 Initial Guess Perturbations
Iteration 3323/3500-----
J=1.2e-02, ⟨Jf⟩=1.2e-03, ⟨B·n⟩=8.4e-03, Len=sum([4.8, 4.6, 4.2])=13.5, ϰ=[4.9, 5.2, 4.6], ∫ϰ²/L>=[4.8, 6.1, 6.4], C-C-Sep=0.20, ║∇J║=8.3e-04
-----On 1/20 Initial Guess Perturbations
Iteration 3324/3500-----
J=1.2e-02, ⟨Jf⟩=1.3e-03, ⟨B·n⟩=8.4e-03, Len=sum([4.8, 4.6, 4.2])=13.5, ϰ=[4.9, 5.2, 4.6], ∫ϰ²/L>=[4.8, 6.1, 6.3], C-C-Sep=0.20, ║∇J║=1.0e-03
-----On 1/20 Initial Guess Perturbations
Iteration 3325/3500-----
J=1.2e-02, ⟨Jf⟩=1.3e-03, ⟨B·n⟩=8.4e-03, Len=sum([4.8, 4.6, 4.2])=13.5, ϰ=[4.8, 5.2, 4.6], ∫ϰ²/L>=[4.8, 6.1, 6.3], C-C-Sep=0.20, ║∇J║=8.6e-04
-----On 1/20 Initial Guess Perturbations
Iteration 3326/3500-----
J=1.2e-02, ⟨Jf⟩=1.3e-03, ⟨B·n⟩=8.4e-03, Len=sum([4.8, 4.6, 4.2])=13.5, ϰ=[4.8, 5.2, 4.6], ∫ϰ²/L>=[4.8, 6.1, 6.3], C-C-Sep=0.20, ║∇J║=8.1e-04
-----On 1/20 Initial Guess Perturbations
Iteration 3327/3500-----
J=1.2e-02, ⟨Jf⟩=1.3e-03, ⟨B·n⟩=8.4e-03, Len=sum([4.8, 4.6, 4.2])=13.5, ϰ=[4.8, 5.2, 4.6], ∫ϰ²/L>=[4.8, 6.1, 6.3], C-C-Sep=0.20, ║∇J║=9.0e-04
-----On 1/20 Initial Guess Perturbations
Iteration 3328/3500-----
J=1.2e-02, ⟨Jf⟩=1.2e-03, ⟨B·n⟩=8.4e-03, Len=sum([4.8, 4.6, 4.2])=13.5, ϰ=[4.8, 5.2, 4.6], ∫ϰ²/L>=[4.8, 6.1, 6.3], C-C-Sep=0.20, ║∇J║=9.2e-04
-----On 1/20 Initial Guess Perturbations
Iteration 3329/3500-----
J=1.2e-02, ⟨Jf⟩=1.3e-03, ⟨B·n⟩=8.4e-03, Len=sum([4.8, 4.6, 4.2])=13.5, ϰ=[4.8, 5.2, 4.6], ∫ϰ²/L>=[4.8, 6.1, 6.3], C-C-Sep=0.20, ║∇J║=1.4e-03
-----On 1/20 Initial Guess Perturbations
Iteration 3330/3500-----
J=1.2e-02, ⟨Jf⟩=1.3e-03, ⟨B·n⟩=8.4e-03, Len=sum([4.8, 4.6, 4.2])=13.5, ϰ=[4.8, 5.2, 4.6], ∫ϰ²/L>=[4.8, 6.1, 6.4], C-C-Sep=0.20, ║∇J║=1.0e-03
-----On 1/20 Initial Guess Perturbations
Iteration 3331/3500-----
J=1.2e-02, ⟨Jf⟩=1.3e-03, ⟨B·n⟩=8.4e-03, Len=sum([4.8, 4.6, 4.2])=13.5, ϰ=[4.8, 5.2, 4.6], ∫ϰ²/L>=[4.8, 6.1, 6.4], C-C-Sep=0.20, ║∇J║=9.5e-04
-----On 1/20 Initial Guess Perturbations
Iteration 3332/3500-----
J=1.2e-02, ⟨Jf⟩=1.3e-03, ⟨B·n⟩=8.4e-03, Len=sum([4.8, 4.6, 4.2])=13.5, ϰ=[4.8, 5.2, 4.6], ∫ϰ²/L>=[4.8, 6.1, 6.4], C-C-Sep=0.20, ║∇J║=8.4e-04
-----On 1/20 Initial Guess Perturbations
Iteration 3333/3500-----
J=1.2e-02, ⟨Jf⟩=1.3e-03, ⟨B·n⟩=8.4e-03, Len=sum([4.8, 4.6, 4.2])=13.5, ϰ=[4.8, 5.2, 4.6], ∫ϰ²/L>=[4.8, 6.1, 6.4], C-C-Sep=0.20, ║∇J║=7.7e-04
-----On 1/20 Initial Guess Perturbations
Iteration 3334/3500-----
J=1.2e-02, ⟨Jf⟩=1.3e-03, ⟨B·n⟩=8.4e-03, Len=sum([4.8, 4.6, 4.2])=13.5, ϰ=[4.8, 5.2, 4.6], ∫ϰ²/L>=[4.8, 6.1, 6.4], C-C-Sep=0.20, ║∇J║=9.3e-04
-----On 1/20 Initial Guess Perturbations
Iteration 3335/3500-----
J=1.2e-02, ⟨Jf⟩=1.3e-03, ⟨B·n⟩=8.4e-03, Len=sum([4.8, 4.6, 4.2])=13.5, ϰ=[4.8, 5.2, 4.6], ∫ϰ²/L>=[4.8, 6.1, 6.4], C-C-Sep=0.20, ║∇J║=1.0e-03
-----On 1/20 Initial Guess Perturbations
Iteration 3336/3500-----
J=1.2e-02, ⟨Jf⟩=1.3e-03, ⟨B·n⟩=8.4e-03, Len=sum([4.8, 4.6, 4.2])=13.5, ϰ=[4.8, 5.2, 4.6], ∫ϰ²/L>=[4.8, 6.1, 6.4], C-C-Sep=0.20, ║∇J║=9.4e-04
-----On 1/20 Initial Guess Perturbations
Iteration 3337/3500-----
J=1.2e-02, ⟨Jf⟩=1.3e-03, ⟨B·n⟩=8.4e-03, Len=sum([4.8, 4.6, 4.2])=13.5, ϰ=[4.8, 5.2, 4.6], ∫ϰ²/L>=[4.8, 6.1, 6.4], C-C-Sep=0.20, ║∇J║=1.1e-03
-----On 1/20 Initial Guess Perturbations
Iteration 3338/3500-----
J=1.2e-02, ⟨Jf⟩=1.3e-03, ⟨B·n⟩=8.4e-03, Len=sum([4.8, 4.6, 4.2])=13.5, ϰ=[4.8, 5.2, 4.7], ∫ϰ²/L>=[4.8, 6.1, 6.4], C-C-Sep=0.20, ║∇J║=9.3e-04
-----On 1/20 Initial Guess Perturbations
Iteration 3339/3500-----
J=1.2e-02, ⟨Jf⟩=1.3e-03, ⟨B·n⟩=8.4e-03, Len=sum([4.8, 4.6, 4.2])=13.5, ϰ=[4.8, 5.2, 4.7], ∫ϰ²/L>=[4.8, 6.1, 6.4], C-C-Sep=0.20, ║∇J║=8.9e-04
-----On 1/20 Initial Guess Perturbations
Iteration 3340/3500-----
J=1.2e-02, ⟨Jf⟩=1.3e-03, ⟨B·n⟩=8.4e-03, Len=sum([4.8, 4.6, 4.2])=13.5, ϰ=[4.8, 5.2, 4.6], ∫ϰ²/L>=[4.8, 6.1, 6.4], C-C-Sep=0.20, ║∇J║=7.8e-04
-----On 1/20 Initial Guess Perturbations
Iteration 3341/3500-----
J=1.2e-02, ⟨Jf⟩=1.3e-03, ⟨B·n⟩=8.4e-03, Len=sum([4.8, 4.6, 4.2])=13.5, ϰ=[4.9, 5.2, 4.6], ∫ϰ²/L>=[4.8, 6.1, 6.4], C-C-Sep=0.20, ║∇J║=1.1e-03
-----On 1/20 Initial Guess Perturbations
Iteration 3342/3500-----
J=1.2e-02, ⟨Jf⟩=1.3e-03, ⟨B·n⟩=8.4e-03, Len=sum([4.8, 4.6, 4.2])=13.5, ϰ=[4.9, 5.2, 4.6], ∫ϰ²/L>=[4.8, 6.1, 6.4], C-C-Sep=0.20, ║∇J║=8.1e-04
-----On 1/20 Initial Guess Perturbations
Iteration 3343/3500-----
J=1.2e-02, ⟨Jf⟩=1.3e-03, ⟨B·n⟩=8.4e-03, Len=sum([4.8, 4.6, 4.2])=13.5, ϰ=[4.9, 5.2, 4.6], ∫ϰ²/L>=[4.8, 6.1, 6.4], C-C-Sep=0.20, ║∇J║=9.2e-04
-----On 1/20 Initial Guess Perturbations
Iteration 3344/3500-----
J=1.2e-02, ⟨Jf⟩=1.3e-03, ⟨B·n⟩=8.4e-03, Len=sum([4.8, 4.6, 4.2])=13.5, ϰ=[4.9, 5.2, 4.6], ∫ϰ²/L>=[4.8, 6.1, 6.4], C-C-Sep=0.20, ║∇J║=9.1e-04
-----On 1/20 Initial Guess Perturbations
Iteration 3345/3500-----
J=1.2e-02, ⟨Jf⟩=1.3e-03, ⟨B·n⟩=8.4e-03, Len=sum([4.8, 4.6, 4.2])=13.5, ϰ=[4.9, 5.2, 4.6], ∫ϰ²/L>=[4.8, 6.1, 6.4], C-C-Sep=0.20, ║∇J║=9.1e-04
-----On 1/20 Initial Guess Perturbations
Iteration 3346/3500-----
J=1.2e-02, ⟨Jf⟩=1.3e-03, ⟨B·n⟩=8.4e-03, Len=sum([4.8, 4.6, 4.2])=13.5, ϰ=[4.9, 5.2, 4.6], ∫ϰ²/L>=[4.8, 6.1, 6.4], C-C-Sep=0.20, ║∇J║=9.0e-04
-----On 1/20 Initial Guess Perturbations
Iteration 3347/3500-----
J=1.2e-02, ⟨Jf⟩=1.3e-03, ⟨B·n⟩=8.4e-03, Len=sum([4.8, 4.6, 4.2])=13.5, ϰ=[4.9, 5.2, 4.6], ∫ϰ²/L>=[4.8, 6.1, 6.4], C-C-Sep=0.20, ║∇J║=9.6e-04
-----On 1/20 Initial Guess Perturbations
Iteration 3348/3500-----
J=1.2e-02, ⟨Jf⟩=1.3e-03, ⟨B·n⟩=8.4e-03, Len=sum([4.8, 4.6, 4.2])=13.5, ϰ=[4.9, 5.2, 4.6], ∫ϰ²/L>=[4.8, 6.1, 6.4], C-C-Sep=0.20, ║∇J║=1.2e-03
-----On 1/20 Initial Guess Perturbations
Iteration 3349/3500-----
J=1.2e-02, ⟨Jf⟩=1.3e-03, ⟨B·n⟩=8.4e-03, Len=sum([4.8, 4.6, 4.2])=13.5, ϰ=[4.9, 5.2, 4.6], ∫ϰ²/L>=[4.8, 6.1, 6.4], C-C-Sep=0.20, ║∇J║=1.6e-03
-----On 1/20 Initial Guess Perturbations
Iteration 3350/3500-----
J=1.2e-02, ⟨Jf⟩=1.3e-03, ⟨B·n⟩=8.4e-03, Len=sum([4.8, 4.6, 4.2])=13.5, ϰ=[4.9, 5.2, 4.6], ∫ϰ²/L>=[4.8, 6.1, 6.4], C-C-Sep=0.20, ║∇J║=9.2e-04
-----On 1/20 Initial Guess Perturbations
Iteration 3351/3500-----
J=1.2e-02, ⟨Jf⟩=1.3e-03, ⟨B·n⟩=8.4e-03, Len=sum([4.8, 4.6, 4.2])=13.5, ϰ=[4.9, 5.2, 4.6], ∫ϰ²/L>=[4.8, 6.1, 6.4], C-C-Sep=0.20, ║∇J║=6.3e-04
-----On 1/20 Initial Guess Perturbations
Iteration 3352/3500-----
J=1.2e-02, ⟨Jf⟩=1.3e-03, ⟨B·n⟩=8.4e-03, Len=sum([4.8, 4.6, 4.2])=13.5, ϰ=[4.9, 5.2, 4.7], ∫ϰ²/L>=[4.8, 6.1, 6.4], C-C-Sep=0.20, ║∇J║=7.5e-04
-----On 1/20 Initial Guess Perturbations
Iteration 3353/3500-----
J=1.2e-02, ⟨Jf⟩=1.3e-03, ⟨B·n⟩=8.4e-03, Len=sum([4.8, 4.6, 4.2])=13.5, ϰ=[4.9, 5.2, 4.7], ∫ϰ²/L>=[4.8, 6.1, 6.4], C-C-Sep=0.20, ║∇J║=1.1e-03
-----On 1/20 Initial Guess Perturbations
Iteration 3354/3500-----
J=1.2e-02, ⟨Jf⟩=1.3e-03, ⟨B·n⟩=8.4e-03, Len=sum([4.8, 4.6, 4.2])=13.5, ϰ=[4.9, 5.3, 4.7], ∫ϰ²/L>=[4.8, 6.1, 6.4], C-C-Sep=0.20, ║∇J║=1.1e-03
-----On 1/20 Initial Guess Perturbations
Iteration 3355/3500-----
J=1.2e-02, ⟨Jf⟩=1.3e-03, ⟨B·n⟩=8.4e-03, Len=sum([4.8, 4.6, 4.2])=13.5, ϰ=[4.9, 5.3, 4.7], ∫ϰ²/L>=[4.8, 6.1, 6.4], C-C-Sep=0.20, ║∇J║=9.9e-04
-----On 1/20 Initial Guess Perturbations
Iteration 3356/3500-----
J=1.2e-02, ⟨Jf⟩=1.3e-03, ⟨B·n⟩=8.4e-03, Len=sum([4.8, 4.6, 4.2])=13.5, ϰ=[4.9, 5.3, 4.7], ∫ϰ²/L>=[4.8, 6.1, 6.4], C-C-Sep=0.20, ║∇J║=8.5e-04
-----On 1/20 Initial Guess Perturbations
Iteration 3357/3500-----
J=1.2e-02, ⟨Jf⟩=1.3e-03, ⟨B·n⟩=8.4e-03, Len=sum([4.8, 4.6, 4.2])=13.5, ϰ=[4.9, 5.3, 4.7], ∫ϰ²/L>=[4.8, 6.1, 6.4], C-C-Sep=0.20, ║∇J║=8.5e-04
-----On 1/20 Initial Guess Perturbations
Iteration 3358/3500-----
J=1.2e-02, ⟨Jf⟩=1.3e-03, ⟨B·n⟩=8.4e-03, Len=sum([4.8, 4.6, 4.2])=13.5, ϰ=[4.9, 5.3, 4.7], ∫ϰ²/L>=[4.8, 6.1, 6.4], C-C-Sep=0.20, ║∇J║=9.3e-04
-----On 1/20 Initial Guess Perturbations
Iteration 3359/3500-----
J=1.2e-02, ⟨Jf⟩=1.3e-03, ⟨B·n⟩=8.4e-03, Len=sum([4.8, 4.6, 4.2])=13.5, ϰ=[4.9, 5.3, 4.7], ∫ϰ²/L>=[4.8, 6.1, 6.4], C-C-Sep=0.20, ║∇J║=1.2e-03
-----On 1/20 Initial Guess Perturbations
Iteration 3360/3500-----
J=1.2e-02, ⟨Jf⟩=1.3e-03, ⟨B·n⟩=8.4e-03, Len=sum([4.8, 4.6, 4.2])=13.5, ϰ=[4.9, 5.3, 4.7], ∫ϰ²/L>=[4.8, 6.1, 6.4], C-C-Sep=0.20, ║∇J║=9.7e-04
-----On 1/20 Initial Guess Perturbations
Iteration 3361/3500-----
J=1.2e-02, ⟨Jf⟩=1.3e-03, ⟨B·n⟩=8.4e-03, Len=sum([4.8, 4.6, 4.2])=13.5, ϰ=[4.9, 5.3, 4.7], ∫ϰ²/L>=[4.8, 6.1, 6.4], C-C-Sep=0.20, ║∇J║=6.9e-04
-----On 1/20 Initial Guess Perturbations
Iteration 3362/3500-----
J=1.2e-02, ⟨Jf⟩=1.3e-03, ⟨B·n⟩=8.4e-03, Len=sum([4.8, 4.6, 4.2])=13.5, ϰ=[4.9, 5.3, 4.7], ∫ϰ²/L>=[4.8, 6.1, 6.4], C-C-Sep=0.20, ║∇J║=7.1e-04
-----On 1/20 Initial Guess Perturbations
Iteration 3363/3500-----
J=1.2e-02, ⟨Jf⟩=1.3e-03, ⟨B·n⟩=8.4e-03, Len=sum([4.8, 4.6, 4.2])=13.5, ϰ=[4.9, 5.3, 4.7], ∫ϰ²/L>=[4.8, 6.1, 6.4], C-C-Sep=0.20, ║∇J║=8.7e-04
-----On 1/20 Initial Guess Perturbations
Iteration 3364/3500-----
J=1.2e-02, ⟨Jf⟩=1.3e-03, ⟨B·n⟩=8.4e-03, Len=sum([4.8, 4.6, 4.2])=13.5, ϰ=[4.9, 5.2, 4.7], ∫ϰ²/L>=[4.8, 6.1, 6.4], C-C-Sep=0.20, ║∇J║=1.1e-03
-----On 1/20 Initial Guess Perturbations
Iteration 3365/3500-----
J=1.2e-02, ⟨Jf⟩=1.3e-03, ⟨B·n⟩=8.4e-03, Len=sum([4.8, 4.6, 4.2])=13.5, ϰ=[4.9, 5.2, 4.7], ∫ϰ²/L>=[4.8, 6.1, 6.4], C-C-Sep=0.20, ║∇J║=7.8e-04
-----On 1/20 Initial Guess Perturbations
Iteration 3366/3500-----
J=1.2e-02, ⟨Jf⟩=1.3e-03, ⟨B·n⟩=8.4e-03, Len=sum([4.8, 4.6, 4.2])=13.5, ϰ=[4.9, 5.2, 4.7], ∫ϰ²/L>=[4.8, 6.1, 6.4], C-C-Sep=0.20, ║∇J║=8.4e-04
-----On 1/20 Initial Guess Perturbations
Iteration 3367/3500-----
J=1.2e-02, ⟨Jf⟩=1.3e-03, ⟨B·n⟩=8.4e-03, Len=sum([4.8, 4.6, 4.2])=13.5, ϰ=[4.9, 5.2, 4.7], ∫ϰ²/L>=[4.8, 6.1, 6.4], C-C-Sep=0.20, ║∇J║=9.3e-04
-----On 1/20 Initial Guess Perturbations
Iteration 3368/3500-----
J=1.2e-02, ⟨Jf⟩=1.3e-03, ⟨B·n⟩=8.4e-03, Len=sum([4.8, 4.6, 4.2])=13.5, ϰ=[4.9, 5.2, 4.7], ∫ϰ²/L>=[4.8, 6.1, 6.4], C-C-Sep=0.20, ║∇J║=7.9e-04
-----On 1/20 Initial Guess Perturbations
Iteration 3369/3500-----
J=1.2e-02, ⟨Jf⟩=1.3e-03, ⟨B·n⟩=8.4e-03, Len=sum([4.8, 4.6, 4.2])=13.5, ϰ=[4.9, 5.2, 4.7], ∫ϰ²/L>=[4.8, 6.1, 6.4], C-C-Sep=0.20, ║∇J║=7.5e-04
-----On 1/20 Initial Guess Perturbations
Iteration 3370/3500-----
J=1.2e-02, ⟨Jf⟩=1.3e-03, ⟨B·n⟩=8.4e-03, Len=sum([4.8, 4.6, 4.2])=13.5, ϰ=[4.9, 5.2, 4.7], ∫ϰ²/L>=[4.8, 6.1, 6.4], C-C-Sep=0.20, ║∇J║=7.0e-04
-----On 1/20 Initial Guess Perturbations
Iteration 3371/3500-----
J=1.2e-02, ⟨Jf⟩=1.3e-03, ⟨B·n⟩=8.4e-03, Len=sum([4.8, 4.6, 4.2])=13.5, ϰ=[4.9, 5.2, 4.7], ∫ϰ²/L>=[4.8, 6.1, 6.4], C-C-Sep=0.20, ║∇J║=6.8e-04
-----On 1/20 Initial Guess Perturbations
Iteration 3372/3500-----
J=1.2e-02, ⟨Jf⟩=1.3e-03, ⟨B·n⟩=8.4e-03, Len=sum([4.8, 4.6, 4.2])=13.5, ϰ=[4.9, 5.2, 4.7], ∫ϰ²/L>=[4.8, 6.1, 6.4], C-C-Sep=0.20, ║∇J║=8.8e-04
-----On 1/20 Initial Guess Perturbations
Iteration 3373/3500-----
J=1.2e-02, ⟨Jf⟩=1.3e-03, ⟨B·n⟩=8.4e-03, Len=sum([4.8, 4.6, 4.2])=13.5, ϰ=[4.9, 5.2, 4.7], ∫ϰ²/L>=[4.8, 6.1, 6.4], C-C-Sep=0.20, ║∇J║=7.7e-04
-----On 1/20 Initial Guess Perturbations
Iteration 3374/3500-----
J=1.2e-02, ⟨Jf⟩=1.3e-03, ⟨B·n⟩=8.4e-03, Len=sum([4.8, 4.6, 4.2])=13.5, ϰ=[4.8, 5.2, 4.7], ∫ϰ²/L>=[4.8, 6.1, 6.4], C-C-Sep=0.20, ║∇J║=9.9e-04
-----On 1/20 Initial Guess Perturbations
Iteration 3375/3500-----
J=1.2e-02, ⟨Jf⟩=1.3e-03, ⟨B·n⟩=8.4e-03, Len=sum([4.8, 4.6, 4.2])=13.5, ϰ=[4.8, 5.2, 4.7], ∫ϰ²/L>=[4.8, 6.1, 6.4], C-C-Sep=0.20, ║∇J║=8.4e-04
-----On 1/20 Initial Guess Perturbations
Iteration 3376/3500-----
J=1.2e-02, ⟨Jf⟩=1.2e-03, ⟨B·n⟩=8.4e-03, Len=sum([4.8, 4.6, 4.2])=13.5, ϰ=[4.8, 5.2, 4.7], ∫ϰ²/L>=[4.8, 6.1, 6.4], C-C-Sep=0.20, ║∇J║=1.0e-03
-----On 1/20 Initial Guess Perturbations
Iteration 3377/3500-----
J=1.2e-02, ⟨Jf⟩=1.3e-03, ⟨B·n⟩=8.4e-03, Len=sum([4.8, 4.6, 4.2])=13.5, ϰ=[4.8, 5.2, 4.7], ∫ϰ²/L>=[4.8, 6.1, 6.4], C-C-Sep=0.20, ║∇J║=8.6e-04
-----On 1/20 Initial Guess Perturbations
Iteration 3378/3500-----
J=1.2e-02, ⟨Jf⟩=1.2e-03, ⟨B·n⟩=8.4e-03, Len=sum([4.8, 4.6, 4.2])=13.5, ϰ=[4.8, 5.3, 4.7], ∫ϰ²/L>=[4.8, 6.1, 6.4], C-C-Sep=0.20, ║∇J║=6.7e-04
-----On 1/20 Initial Guess Perturbations
Iteration 3379/3500-----
J=1.2e-02, ⟨Jf⟩=1.2e-03, ⟨B·n⟩=8.4e-03, Len=sum([4.8, 4.6, 4.2])=13.5, ϰ=[4.8, 5.3, 4.7], ∫ϰ²/L>=[4.8, 6.1, 6.3], C-C-Sep=0.20, ║∇J║=8.4e-04
-----On 1/20 Initial Guess Perturbations
Iteration 3380/3500-----
J=1.2e-02, ⟨Jf⟩=1.2e-03, ⟨B·n⟩=8.4e-03, Len=sum([4.8, 4.6, 4.2])=13.5, ϰ=[4.8, 5.3, 4.7], ∫ϰ²/L>=[4.8, 6.1, 6.3], C-C-Sep=0.20, ║∇J║=8.0e-04
-----On 1/20 Initial Guess Perturbations
Iteration 3381/3500-----
J=1.2e-02, ⟨Jf⟩=1.2e-03, ⟨B·n⟩=8.4e-03, Len=sum([4.8, 4.6, 4.2])=13.5, ϰ=[4.8, 5.3, 4.7], ∫ϰ²/L>=[4.8, 6.1, 6.3], C-C-Sep=0.20, ║∇J║=8.1e-04
-----On 1/20 Initial Guess Perturbations
Iteration 3382/3500-----
J=1.2e-02, ⟨Jf⟩=1.2e-03, ⟨B·n⟩=8.4e-03, Len=sum([4.8, 4.6, 4.2])=13.5, ϰ=[4.9, 5.2, 4.7], ∫ϰ²/L>=[4.8, 6.1, 6.3], C-C-Sep=0.20, ║∇J║=7.2e-04
-----On 1/20 Initial Guess Perturbations
Iteration 3383/3500-----
J=1.2e-02, ⟨Jf⟩=1.3e-03, ⟨B·n⟩=8.4e-03, Len=sum([4.8, 4.6, 4.2])=13.5, ϰ=[4.9, 5.2, 4.6], ∫ϰ²/L>=[4.8, 6.1, 6.3], C-C-Sep=0.20, ║∇J║=6.8e-04
-----On 1/20 Initial Guess Perturbations
Iteration 3384/3500-----
J=1.2e-02, ⟨Jf⟩=1.2e-03, ⟨B·n⟩=8.4e-03, Len=sum([4.8, 4.6, 4.2])=13.5, ϰ=[4.9, 5.2, 4.6], ∫ϰ²/L>=[4.8, 6.1, 6.3], C-C-Sep=0.20, ║∇J║=6.3e-04
-----On 1/20 Initial Guess Perturbations
Iteration 3385/3500-----
J=1.2e-02, ⟨Jf⟩=1.3e-03, ⟨B·n⟩=8.4e-03, Len=sum([4.8, 4.6, 4.2])=13.5, ϰ=[4.9, 5.2, 4.6], ∫ϰ²/L>=[4.8, 6.1, 6.3], C-C-Sep=0.20, ║∇J║=9.5e-04
-----On 1/20 Initial Guess Perturbations
Iteration 3386/3500-----
J=1.2e-02, ⟨Jf⟩=1.2e-03, ⟨B·n⟩=8.4e-03, Len=sum([4.8, 4.6, 4.2])=13.5, ϰ=[4.9, 5.2, 4.6], ∫ϰ²/L>=[4.8, 6.1, 6.3], C-C-Sep=0.20, ║∇J║=8.4e-04
-----On 1/20 Initial Guess Perturbations
Iteration 3387/3500-----
J=1.2e-02, ⟨Jf⟩=1.3e-03, ⟨B·n⟩=8.4e-03, Len=sum([4.8, 4.6, 4.2])=13.5, ϰ=[4.9, 5.2, 4.6], ∫ϰ²/L>=[4.8, 6.1, 6.3], C-C-Sep=0.20, ║∇J║=8.5e-04
-----On 1/20 Initial Guess Perturbations
Iteration 3388/3500-----
J=1.2e-02, ⟨Jf⟩=1.3e-03, ⟨B·n⟩=8.4e-03, Len=sum([4.8, 4.6, 4.2])=13.5, ϰ=[4.9, 5.2, 4.6], ∫ϰ²/L>=[4.8, 6.1, 6.3], C-C-Sep=0.20, ║∇J║=6.7e-04
-----On 1/20 Initial Guess Perturbations
Iteration 3389/3500-----
J=1.2e-02, ⟨Jf⟩=1.3e-03, ⟨B·n⟩=8.4e-03, Len=sum([4.8, 4.6, 4.2])=13.5, ϰ=[4.9, 5.2, 4.6], ∫ϰ²/L>=[4.8, 6.1, 6.3], C-C-Sep=0.20, ║∇J║=7.0e-04
-----On 1/20 Initial Guess Perturbations
Iteration 3390/3500-----
J=1.2e-02, ⟨Jf⟩=1.3e-03, ⟨B·n⟩=8.4e-03, Len=sum([4.8, 4.6, 4.2])=13.5, ϰ=[4.9, 5.2, 4.6], ∫ϰ²/L>=[4.8, 6.1, 6.3], C-C-Sep=0.20, ║∇J║=6.4e-04
-----On 1/20 Initial Guess Perturbations
Iteration 3391/3500-----
J=1.2e-02, ⟨Jf⟩=1.3e-03, ⟨B·n⟩=8.4e-03, Len=sum([4.8, 4.6, 4.2])=13.5, ϰ=[4.9, 5.2, 4.6], ∫ϰ²/L>=[4.8, 6.1, 6.3], C-C-Sep=0.20, ║∇J║=7.1e-04
-----On 1/20 Initial Guess Perturbations
Iteration 3392/3500-----
J=1.2e-02, ⟨Jf⟩=1.3e-03, ⟨B·n⟩=8.4e-03, Len=sum([4.8, 4.6, 4.2])=13.5, ϰ=[4.9, 5.2, 4.6], ∫ϰ²/L>=[4.8, 6.1, 6.3], C-C-Sep=0.20, ║∇J║=7.3e-04
-----On 1/20 Initial Guess Perturbations
Iteration 3393/3500-----
J=1.2e-02, ⟨Jf⟩=1.3e-03, ⟨B·n⟩=8.4e-03, Len=sum([4.8, 4.6, 4.2])=13.5, ϰ=[4.9, 5.2, 4.6], ∫ϰ²/L>=[4.8, 6.1, 6.3], C-C-Sep=0.20, ║∇J║=8.9e-04
-----On 1/20 Initial Guess Perturbations
Iteration 3394/3500-----
J=1.2e-02, ⟨Jf⟩=1.3e-03, ⟨B·n⟩=8.4e-03, Len=sum([4.8, 4.6, 4.2])=13.5, ϰ=[4.9, 5.2, 4.6], ∫ϰ²/L>=[4.8, 6.1, 6.3], C-C-Sep=0.20, ║∇J║=6.5e-04
-----On 1/20 Initial Guess Perturbations
Iteration 3395/3500-----
J=1.2e-02, ⟨Jf⟩=1.3e-03, ⟨B·n⟩=8.4e-03, Len=sum([4.8, 4.6, 4.2])=13.5, ϰ=[4.9, 5.2, 4.6], ∫ϰ²/L>=[4.8, 6.1, 6.3], C-C-Sep=0.20, ║∇J║=6.4e-04
-----On 1/20 Initial Guess Perturbations
Iteration 3396/3500-----
J=1.2e-02, ⟨Jf⟩=1.3e-03, ⟨B·n⟩=8.4e-03, Len=sum([4.8, 4.6, 4.2])=13.5, ϰ=[4.9, 5.2, 4.6], ∫ϰ²/L>=[4.8, 6.1, 6.3], C-C-Sep=0.20, ║∇J║=6.7e-04
-----On 1/20 Initial Guess Perturbations
Iteration 3397/3500-----
J=1.2e-02, ⟨Jf⟩=1.3e-03, ⟨B·n⟩=8.4e-03, Len=sum([4.8, 4.6, 4.2])=13.5, ϰ=[4.9, 5.2, 4.6], ∫ϰ²/L>=[4.8, 6.1, 6.3], C-C-Sep=0.20, ║∇J║=7.5e-04
-----On 1/20 Initial Guess Perturbations
Iteration 3398/3500-----
J=1.2e-02, ⟨Jf⟩=1.3e-03, ⟨B·n⟩=8.4e-03, Len=sum([4.8, 4.6, 4.2])=13.5, ϰ=[4.9, 5.2, 4.6], ∫ϰ²/L>=[4.8, 6.1, 6.3], C-C-Sep=0.20, ║∇J║=6.7e-04
-----On 1/20 Initial Guess Perturbations
Iteration 3399/3500-----
J=1.2e-02, ⟨Jf⟩=1.3e-03, ⟨B·n⟩=8.4e-03, Len=sum([4.8, 4.6, 4.2])=13.5, ϰ=[4.9, 5.2, 4.6], ∫ϰ²/L>=[4.8, 6.1, 6.3], C-C-Sep=0.20, ║∇J║=6.5e-04
-----On 1/20 Initial Guess Perturbations
Iteration 3400/3500-----
J=1.2e-02, ⟨Jf⟩=1.3e-03, ⟨B·n⟩=8.4e-03, Len=sum([4.8, 4.6, 4.2])=13.5, ϰ=[4.9, 5.3, 4.6], ∫ϰ²/L>=[4.8, 6.1, 6.3], C-C-Sep=0.20, ║∇J║=6.5e-04
-----On 1/20 Initial Guess Perturbations
Iteration 3401/3500-----
J=1.2e-02, ⟨Jf⟩=1.3e-03, ⟨B·n⟩=8.4e-03, Len=sum([4.8, 4.6, 4.2])=13.5, ϰ=[4.9, 5.3, 4.6], ∫ϰ²/L>=[4.8, 6.1, 6.3], C-C-Sep=0.20, ║∇J║=7.2e-04
-----On 1/20 Initial Guess Perturbations
Iteration 3402/3500-----
J=1.2e-02, ⟨Jf⟩=1.3e-03, ⟨B·n⟩=8.4e-03, Len=sum([4.8, 4.6, 4.2])=13.5, ϰ=[4.9, 5.3, 4.6], ∫ϰ²/L>=[4.8, 6.1, 6.3], C-C-Sep=0.20, ║∇J║=6.8e-04
-----On 1/20 Initial Guess Perturbations
Iteration 3403/3500-----
J=1.2e-02, ⟨Jf⟩=1.3e-03, ⟨B·n⟩=8.4e-03, Len=sum([4.8, 4.6, 4.2])=13.5, ϰ=[4.9, 5.3, 4.6], ∫ϰ²/L>=[4.8, 6.1, 6.3], C-C-Sep=0.20, ║∇J║=7.5e-04
-----On 1/20 Initial Guess Perturbations
Iteration 3404/3500-----
J=1.2e-02, ⟨Jf⟩=1.3e-03, ⟨B·n⟩=8.4e-03, Len=sum([4.8, 4.6, 4.2])=13.5, ϰ=[4.9, 5.3, 4.6], ∫ϰ²/L>=[4.8, 6.1, 6.3], C-C-Sep=0.20, ║∇J║=1.4e-03
-----On 1/20 Initial Guess Perturbations
Iteration 3405/3500-----
J=1.2e-02, ⟨Jf⟩=1.3e-03, ⟨B·n⟩=8.4e-03, Len=sum([4.8, 4.6, 4.2])=13.5, ϰ=[4.9, 5.3, 4.6], ∫ϰ²/L>=[4.8, 6.1, 6.3], C-C-Sep=0.20, ║∇J║=8.2e-04
-----On 1/20 Initial Guess Perturbations
Iteration 3406/3500-----
J=1.2e-02, ⟨Jf⟩=1.3e-03, ⟨B·n⟩=8.4e-03, Len=sum([4.8, 4.6, 4.2])=13.5, ϰ=[4.9, 5.3, 4.6], ∫ϰ²/L>=[4.8, 6.1, 6.3], C-C-Sep=0.20, ║∇J║=8.6e-04
-----On 1/20 Initial Guess Perturbations
Iteration 3407/3500-----
J=1.2e-02, ⟨Jf⟩=1.3e-03, ⟨B·n⟩=8.4e-03, Len=sum([4.8, 4.6, 4.2])=13.5, ϰ=[4.9, 5.3, 4.6], ∫ϰ²/L>=[4.8, 6.1, 6.3], C-C-Sep=0.20, ║∇J║=6.7e-04
-----On 1/20 Initial Guess Perturbations
Iteration 3408/3500-----
J=1.2e-02, ⟨Jf⟩=1.3e-03, ⟨B·n⟩=8.4e-03, Len=sum([4.8, 4.6, 4.2])=13.5, ϰ=[4.9, 5.3, 4.6], ∫ϰ²/L>=[4.8, 6.1, 6.3], C-C-Sep=0.20, ║∇J║=6.4e-04
-----On 1/20 Initial Guess Perturbations
Iteration 3409/3500-----
J=1.2e-02, ⟨Jf⟩=1.3e-03, ⟨B·n⟩=8.4e-03, Len=sum([4.8, 4.6, 4.2])=13.5, ϰ=[4.9, 5.3, 4.6], ∫ϰ²/L>=[4.8, 6.1, 6.3], C-C-Sep=0.20, ║∇J║=6.2e-04
-----On 1/20 Initial Guess Perturbations
Iteration 3410/3500-----
J=1.2e-02, ⟨Jf⟩=1.3e-03, ⟨B·n⟩=8.4e-03, Len=sum([4.8, 4.6, 4.2])=13.5, ϰ=[4.9, 5.2, 4.6], ∫ϰ²/L>=[4.8, 6.1, 6.3], C-C-Sep=0.20, ║∇J║=6.4e-04
-----On 1/20 Initial Guess Perturbations
Iteration 3411/3500-----
J=1.2e-02, ⟨Jf⟩=1.3e-03, ⟨B·n⟩=8.4e-03, Len=sum([4.8, 4.6, 4.2])=13.5, ϰ=[4.9, 5.2, 4.6], ∫ϰ²/L>=[4.8, 6.1, 6.3], C-C-Sep=0.20, ║∇J║=8.3e-04
-----On 1/20 Initial Guess Perturbations
Iteration 3412/3500-----
J=1.2e-02, ⟨Jf⟩=1.3e-03, ⟨B·n⟩=8.4e-03, Len=sum([4.8, 4.6, 4.2])=13.5, ϰ=[4.9, 5.2, 4.6], ∫ϰ²/L>=[4.8, 6.1, 6.3], C-C-Sep=0.20, ║∇J║=7.0e-04
-----On 1/20 Initial Guess Perturbations
Iteration 3413/3500-----
J=1.2e-02, ⟨Jf⟩=1.3e-03, ⟨B·n⟩=8.4e-03, Len=sum([4.8, 4.6, 4.2])=13.5, ϰ=[4.9, 5.3, 4.6], ∫ϰ²/L>=[4.8, 6.1, 6.3], C-C-Sep=0.20, ║∇J║=8.0e-04
-----On 1/20 Initial Guess Perturbations
Iteration 3414/3500-----
J=1.2e-02, ⟨Jf⟩=1.3e-03, ⟨B·n⟩=8.4e-03, Len=sum([4.8, 4.6, 4.2])=13.5, ϰ=[4.9, 5.3, 4.6], ∫ϰ²/L>=[4.8, 6.1, 6.3], C-C-Sep=0.20, ║∇J║=7.1e-04
-----On 1/20 Initial Guess Perturbations
Iteration 3415/3500-----
J=1.2e-02, ⟨Jf⟩=1.3e-03, ⟨B·n⟩=8.4e-03, Len=sum([4.8, 4.6, 4.2])=13.5, ϰ=[4.9, 5.3, 4.6], ∫ϰ²/L>=[4.8, 6.1, 6.3], C-C-Sep=0.20, ║∇J║=7.2e-04
-----On 1/20 Initial Guess Perturbations
Iteration 3416/3500-----
J=1.2e-02, ⟨Jf⟩=1.3e-03, ⟨B·n⟩=8.4e-03, Len=sum([4.8, 4.6, 4.2])=13.5, ϰ=[4.9, 5.3, 4.6], ∫ϰ²/L>=[4.8, 6.1, 6.3], C-C-Sep=0.20, ║∇J║=6.9e-04
-----On 1/20 Initial Guess Perturbations
Iteration 3417/3500-----
J=1.2e-02, ⟨Jf⟩=1.3e-03, ⟨B·n⟩=8.4e-03, Len=sum([4.8, 4.6, 4.2])=13.5, ϰ=[4.9, 5.2, 4.6], ∫ϰ²/L>=[4.8, 6.1, 6.3], C-C-Sep=0.20, ║∇J║=7.5e-04
-----On 1/20 Initial Guess Perturbations
Iteration 3418/3500-----
J=1.2e-02, ⟨Jf⟩=1.3e-03, ⟨B·n⟩=8.4e-03, Len=sum([4.8, 4.6, 4.2])=13.5, ϰ=[4.9, 5.2, 4.6], ∫ϰ²/L>=[4.8, 6.1, 6.3], C-C-Sep=0.20, ║∇J║=8.0e-04
-----On 1/20 Initial Guess Perturbations
Iteration 3419/3500-----
J=1.2e-02, ⟨Jf⟩=1.3e-03, ⟨B·n⟩=8.4e-03, Len=sum([4.8, 4.6, 4.2])=13.5, ϰ=[4.9, 5.2, 4.6], ∫ϰ²/L>=[4.8, 6.1, 6.3], C-C-Sep=0.20, ║∇J║=7.1e-04
-----On 1/20 Initial Guess Perturbations
Iteration 3420/3500-----
J=1.2e-02, ⟨Jf⟩=1.3e-03, ⟨B·n⟩=8.4e-03, Len=sum([4.8, 4.6, 4.2])=13.5, ϰ=[4.9, 5.2, 4.6], ∫ϰ²/L>=[4.8, 6.1, 6.3], C-C-Sep=0.20, ║∇J║=1.1e-03
-----On 1/20 Initial Guess Perturbations
Iteration 3421/3500-----
J=1.2e-02, ⟨Jf⟩=1.3e-03, ⟨B·n⟩=8.4e-03, Len=sum([4.8, 4.6, 4.2])=13.5, ϰ=[4.9, 5.2, 4.6], ∫ϰ²/L>=[4.8, 6.1, 6.3], C-C-Sep=0.20, ║∇J║=6.5e-04
-----On 1/20 Initial Guess Perturbations
Iteration 3422/3500-----
J=1.2e-02, ⟨Jf⟩=1.3e-03, ⟨B·n⟩=8.4e-03, Len=sum([4.8, 4.6, 4.2])=13.5, ϰ=[4.9, 5.2, 4.6], ∫ϰ²/L>=[4.8, 6.1, 6.3], C-C-Sep=0.20, ║∇J║=6.8e-04
-----On 1/20 Initial Guess Perturbations
Iteration 3423/3500-----
J=1.2e-02, ⟨Jf⟩=1.3e-03, ⟨B·n⟩=8.4e-03, Len=sum([4.8, 4.6, 4.2])=13.5, ϰ=[4.9, 5.2, 4.6], ∫ϰ²/L>=[4.8, 6.1, 6.3], C-C-Sep=0.20, ║∇J║=6.8e-04
-----On 1/20 Initial Guess Perturbations
Iteration 3424/3500-----
J=1.2e-02, ⟨Jf⟩=1.3e-03, ⟨B·n⟩=8.4e-03, Len=sum([4.8, 4.6, 4.2])=13.5, ϰ=[4.9, 5.2, 4.6], ∫ϰ²/L>=[4.8, 6.1, 6.3], C-C-Sep=0.20, ║∇J║=6.6e-04
-----On 1/20 Initial Guess Perturbations
Iteration 3425/3500-----
J=1.2e-02, ⟨Jf⟩=1.3e-03, ⟨B·n⟩=8.4e-03, Len=sum([4.8, 4.6, 4.2])=13.5, ϰ=[4.9, 5.2, 4.6], ∫ϰ²/L>=[4.8, 6.1, 6.3], C-C-Sep=0.20, ║∇J║=6.0e-04
-----On 1/20 Initial Guess Perturbations
Iteration 3426/3500-----
J=1.2e-02, ⟨Jf⟩=1.3e-03, ⟨B·n⟩=8.4e-03, Len=sum([4.8, 4.6, 4.2])=13.5, ϰ=[4.9, 5.2, 4.6], ∫ϰ²/L>=[4.8, 6.1, 6.3], C-C-Sep=0.20, ║∇J║=6.1e-04
-----On 1/20 Initial Guess Perturbations
Iteration 3427/3500-----
J=1.2e-02, ⟨Jf⟩=1.3e-03, ⟨B·n⟩=8.4e-03, Len=sum([4.8, 4.6, 4.2])=13.5, ϰ=[4.9, 5.2, 4.6], ∫ϰ²/L>=[4.8, 6.1, 6.3], C-C-Sep=0.20, ║∇J║=6.5e-04
-----On 1/20 Initial Guess Perturbations
Iteration 3428/3500-----
J=1.2e-02, ⟨Jf⟩=1.3e-03, ⟨B·n⟩=8.4e-03, Len=sum([4.8, 4.6, 4.2])=13.5, ϰ=[4.9, 5.2, 4.6], ∫ϰ²/L>=[4.8, 6.1, 6.3], C-C-Sep=0.20, ║∇J║=6.6e-04
-----On 1/20 Initial Guess Perturbations
Iteration 3429/3500-----
J=1.2e-02, ⟨Jf⟩=1.3e-03, ⟨B·n⟩=8.4e-03, Len=sum([4.8, 4.6, 4.2])=13.5, ϰ=[4.9, 5.2, 4.6], ∫ϰ²/L>=[4.8, 6.1, 6.3], C-C-Sep=0.20, ║∇J║=6.0e-04
-----On 1/20 Initial Guess Perturbations
Iteration 3430/3500-----
J=1.2e-02, ⟨Jf⟩=1.3e-03, ⟨B·n⟩=8.4e-03, Len=sum([4.8, 4.6, 4.2])=13.5, ϰ=[4.9, 5.2, 4.6], ∫ϰ²/L>=[4.8, 6.1, 6.3], C-C-Sep=0.20, ║∇J║=6.5e-04
-----On 1/20 Initial Guess Perturbations
Iteration 3431/3500-----
J=1.2e-02, ⟨Jf⟩=1.3e-03, ⟨B·n⟩=8.4e-03, Len=sum([4.8, 4.6, 4.2])=13.5, ϰ=[4.9, 5.2, 4.6], ∫ϰ²/L>=[4.8, 6.1, 6.3], C-C-Sep=0.20, ║∇J║=7.8e-04
-----On 1/20 Initial Guess Perturbations
Iteration 3432/3500-----
J=1.2e-02, ⟨Jf⟩=1.3e-03, ⟨B·n⟩=8.4e-03, Len=sum([4.8, 4.6, 4.2])=13.5, ϰ=[4.9, 5.2, 4.6], ∫ϰ²/L>=[4.8, 6.1, 6.3], C-C-Sep=0.20, ║∇J║=7.0e-04
-----On 1/20 Initial Guess Perturbations
Iteration 3433/3500-----
J=1.2e-02, ⟨Jf⟩=1.3e-03, ⟨B·n⟩=8.4e-03, Len=sum([4.8, 4.6, 4.2])=13.5, ϰ=[4.9, 5.2, 4.6], ∫ϰ²/L>=[4.8, 6.1, 6.3], C-C-Sep=0.20, ║∇J║=8.0e-04
-----On 1/20 Initial Guess Perturbations
Iteration 3434/3500-----
J=1.2e-02, ⟨Jf⟩=1.3e-03, ⟨B·n⟩=8.4e-03, Len=sum([4.8, 4.6, 4.2])=13.5, ϰ=[4.9, 5.2, 4.7], ∫ϰ²/L>=[4.8, 6.1, 6.3], C-C-Sep=0.20, ║∇J║=7.4e-04
-----On 1/20 Initial Guess Perturbations
Iteration 3435/3500-----
J=1.2e-02, ⟨Jf⟩=1.3e-03, ⟨B·n⟩=8.4e-03, Len=sum([4.8, 4.6, 4.2])=13.5, ϰ=[4.9, 5.2, 4.7], ∫ϰ²/L>=[4.8, 6.1, 6.3], C-C-Sep=0.20, ║∇J║=7.3e-04
-----On 1/20 Initial Guess Perturbations
Iteration 3436/3500-----
J=1.2e-02, ⟨Jf⟩=1.3e-03, ⟨B·n⟩=8.4e-03, Len=sum([4.8, 4.6, 4.2])=13.5, ϰ=[4.9, 5.2, 4.7], ∫ϰ²/L>=[4.8, 6.1, 6.3], C-C-Sep=0.20, ║∇J║=6.3e-04
-----On 1/20 Initial Guess Perturbations
Iteration 3437/3500-----
J=1.2e-02, ⟨Jf⟩=1.3e-03, ⟨B·n⟩=8.4e-03, Len=sum([4.8, 4.6, 4.2])=13.5, ϰ=[4.8, 5.3, 4.6], ∫ϰ²/L>=[4.8, 6.1, 6.3], C-C-Sep=0.20, ║∇J║=5.2e-04
-----On 1/20 Initial Guess Perturbations
Iteration 3438/3500-----
J=1.2e-02, ⟨Jf⟩=1.3e-03, ⟨B·n⟩=8.4e-03, Len=sum([4.8, 4.6, 4.2])=13.5, ϰ=[4.9, 5.3, 4.6], ∫ϰ²/L>=[4.8, 6.1, 6.3], C-C-Sep=0.20, ║∇J║=5.5e-04
-----On 1/20 Initial Guess Perturbations
Iteration 3439/3500-----
J=1.2e-02, ⟨Jf⟩=1.3e-03, ⟨B·n⟩=8.4e-03, Len=sum([4.8, 4.6, 4.2])=13.5, ϰ=[4.9, 5.3, 4.6], ∫ϰ²/L>=[4.8, 6.1, 6.3], C-C-Sep=0.20, ║∇J║=5.9e-04
-----On 1/20 Initial Guess Perturbations
Iteration 3440/3500-----
J=1.2e-02, ⟨Jf⟩=1.3e-03, ⟨B·n⟩=8.4e-03, Len=sum([4.8, 4.6, 4.2])=13.5, ϰ=[4.9, 5.3, 4.6], ∫ϰ²/L>=[4.8, 6.1, 6.3], C-C-Sep=0.20, ║∇J║=4.9e-04
-----On 1/20 Initial Guess Perturbations
Iteration 3441/3500-----
J=1.2e-02, ⟨Jf⟩=1.3e-03, ⟨B·n⟩=8.4e-03, Len=sum([4.8, 4.6, 4.2])=13.5, ϰ=[4.9, 5.3, 4.6], ∫ϰ²/L>=[4.8, 6.1, 6.3], C-C-Sep=0.20, ║∇J║=4.9e-04
-----On 1/20 Initial Guess Perturbations
Iteration 3442/3500-----
J=1.2e-02, ⟨Jf⟩=1.3e-03, ⟨B·n⟩=8.4e-03, Len=sum([4.8, 4.6, 4.2])=13.5, ϰ=[4.9, 5.3, 4.6], ∫ϰ²/L>=[4.8, 6.1, 6.3], C-C-Sep=0.20, ║∇J║=5.3e-04
-----On 1/20 Initial Guess Perturbations
Iteration 3443/3500-----
J=1.2e-02, ⟨Jf⟩=1.3e-03, ⟨B·n⟩=8.4e-03, Len=sum([4.8, 4.6, 4.2])=13.5, ϰ=[4.9, 5.3, 4.6], ∫ϰ²/L>=[4.8, 6.1, 6.3], C-C-Sep=0.20, ║∇J║=5.4e-04
-----On 1/20 Initial Guess Perturbations
Iteration 3444/3500-----
J=1.2e-02, ⟨Jf⟩=1.3e-03, ⟨B·n⟩=8.4e-03, Len=sum([4.8, 4.6, 4.2])=13.5, ϰ=[4.9, 5.3, 4.6], ∫ϰ²/L>=[4.8, 6.1, 6.3], C-C-Sep=0.20, ║∇J║=5.9e-04
-----On 1/20 Initial Guess Perturbations
Iteration 3445/3500-----
J=1.2e-02, ⟨Jf⟩=1.3e-03, ⟨B·n⟩=8.4e-03, Len=sum([4.8, 4.6, 4.2])=13.5, ϰ=[4.9, 5.3, 4.6], ∫ϰ²/L>=[4.8, 6.1, 6.3], C-C-Sep=0.20, ║∇J║=6.4e-04
-----On 1/20 Initial Guess Perturbations
Iteration 3446/3500-----
J=1.2e-02, ⟨Jf⟩=1.3e-03, ⟨B·n⟩=8.4e-03, Len=sum([4.8, 4.6, 4.2])=13.5, ϰ=[4.9, 5.3, 4.6], ∫ϰ²/L>=[4.8, 6.1, 6.3], C-C-Sep=0.20, ║∇J║=6.9e-04
-----On 1/20 Initial Guess Perturbations
Iteration 3447/3500-----
J=1.2e-02, ⟨Jf⟩=1.3e-03, ⟨B·n⟩=8.4e-03, Len=sum([4.8, 4.6, 4.2])=13.5, ϰ=[4.9, 5.3, 4.6], ∫ϰ²/L>=[4.8, 6.1, 6.3], C-C-Sep=0.20, ║∇J║=5.6e-04
-----On 1/20 Initial Guess Perturbations
Iteration 3448/3500-----
J=1.2e-02, ⟨Jf⟩=1.3e-03, ⟨B·n⟩=8.4e-03, Len=sum([4.8, 4.6, 4.2])=13.5, ϰ=[4.9, 5.3, 4.6], ∫ϰ²/L>=[4.8, 6.1, 6.3], C-C-Sep=0.20, ║∇J║=5.6e-04
-----On 1/20 Initial Guess Perturbations
Iteration 3449/3500-----
J=1.2e-02, ⟨Jf⟩=1.3e-03, ⟨B·n⟩=8.4e-03, Len=sum([4.8, 4.6, 4.2])=13.5, ϰ=[4.9, 5.3, 4.6], ∫ϰ²/L>=[4.8, 6.1, 6.3], C-C-Sep=0.20, ║∇J║=7.4e-04
-----On 1/20 Initial Guess Perturbations
Iteration 3450/3500-----
J=1.2e-02, ⟨Jf⟩=1.3e-03, ⟨B·n⟩=8.4e-03, Len=sum([4.8, 4.6, 4.2])=13.5, ϰ=[4.9, 5.3, 4.6], ∫ϰ²/L>=[4.8, 6.1, 6.3], C-C-Sep=0.20, ║∇J║=1.1e-03
-----On 1/20 Initial Guess Perturbations
Iteration 3451/3500-----
J=1.2e-02, ⟨Jf⟩=1.3e-03, ⟨B·n⟩=8.4e-03, Len=sum([4.8, 4.6, 4.2])=13.5, ϰ=[4.9, 5.3, 4.6], ∫ϰ²/L>=[4.8, 6.1, 6.3], C-C-Sep=0.20, ║∇J║=6.0e-04
-----On 1/20 Initial Guess Perturbations
Iteration 3452/3500-----
J=1.2e-02, ⟨Jf⟩=1.3e-03, ⟨B·n⟩=8.4e-03, Len=sum([4.8, 4.6, 4.2])=13.5, ϰ=[4.9, 5.3, 4.6], ∫ϰ²/L>=[4.8, 6.1, 6.3], C-C-Sep=0.20, ║∇J║=4.8e-04
-----On 1/20 Initial Guess Perturbations
Iteration 3453/3500-----
J=1.2e-02, ⟨Jf⟩=1.3e-03, ⟨B·n⟩=8.4e-03, Len=sum([4.8, 4.6, 4.2])=13.5, ϰ=[4.9, 5.3, 4.6], ∫ϰ²/L>=[4.8, 6.1, 6.3], C-C-Sep=0.20, ║∇J║=4.9e-04
-----On 1/20 Initial Guess Perturbations
Iteration 3454/3500-----
J=1.2e-02, ⟨Jf⟩=1.3e-03, ⟨B·n⟩=8.4e-03, Len=sum([4.8, 4.6, 4.2])=13.5, ϰ=[4.9, 5.3, 4.6], ∫ϰ²/L>=[4.8, 6.1, 6.3], C-C-Sep=0.20, ║∇J║=5.6e-04
-----On 1/20 Initial Guess Perturbations
Iteration 3455/3500-----
J=1.2e-02, ⟨Jf⟩=1.3e-03, ⟨B·n⟩=8.4e-03, Len=sum([4.8, 4.6, 4.2])=13.5, ϰ=[4.9, 5.3, 4.6], ∫ϰ²/L>=[4.8, 6.1, 6.3], C-C-Sep=0.20, ║∇J║=5.7e-04
-----On 1/20 Initial Guess Perturbations
Iteration 3456/3500-----
J=1.2e-02, ⟨Jf⟩=1.3e-03, ⟨B·n⟩=8.4e-03, Len=sum([4.8, 4.6, 4.2])=13.5, ϰ=[4.9, 5.3, 4.6], ∫ϰ²/L>=[4.8, 6.1, 6.3], C-C-Sep=0.20, ║∇J║=4.2e-04
-----On 1/20 Initial Guess Perturbations
Iteration 3457/3500-----
J=1.2e-02, ⟨Jf⟩=1.2e-03, ⟨B·n⟩=8.4e-03, Len=sum([4.8, 4.6, 4.2])=13.5, ϰ=[4.9, 5.3, 4.6], ∫ϰ²/L>=[4.8, 6.1, 6.3], C-C-Sep=0.20, ║∇J║=5.5e-04
-----On 1/20 Initial Guess Perturbations
Iteration 3458/3500-----
J=1.2e-02, ⟨Jf⟩=1.2e-03, ⟨B·n⟩=8.4e-03, Len=sum([4.8, 4.6, 4.2])=13.5, ϰ=[4.9, 5.3, 4.6], ∫ϰ²/L>=[4.8, 6.1, 6.3], C-C-Sep=0.20, ║∇J║=4.9e-04
-----On 1/20 Initial Guess Perturbations
Iteration 3459/3500-----
J=1.2e-02, ⟨Jf⟩=1.2e-03, ⟨B·n⟩=8.4e-03, Len=sum([4.8, 4.6, 4.2])=13.5, ϰ=[4.9, 5.3, 4.6], ∫ϰ²/L>=[4.8, 6.1, 6.3], C-C-Sep=0.20, ║∇J║=4.3e-04
-----On 1/20 Initial Guess Perturbations
Iteration 3460/3500-----
J=1.2e-02, ⟨Jf⟩=1.2e-03, ⟨B·n⟩=8.4e-03, Len=sum([4.8, 4.6, 4.2])=13.5, ϰ=[4.9, 5.3, 4.6], ∫ϰ²/L>=[4.8, 6.1, 6.3], C-C-Sep=0.20, ║∇J║=6.0e-04
-----On 1/20 Initial Guess Perturbations
Iteration 3461/3500-----
J=1.2e-02, ⟨Jf⟩=1.3e-03, ⟨B·n⟩=8.4e-03, Len=sum([4.8, 4.6, 4.2])=13.5, ϰ=[4.9, 5.3, 4.6], ∫ϰ²/L>=[4.8, 6.1, 6.3], C-C-Sep=0.20, ║∇J║=5.6e-04
-----On 1/20 Initial Guess Perturbations
Iteration 3462/3500-----
J=1.2e-02, ⟨Jf⟩=1.2e-03, ⟨B·n⟩=8.4e-03, Len=sum([4.8, 4.6, 4.2])=13.5, ϰ=[4.9, 5.2, 4.6], ∫ϰ²/L>=[4.8, 6.1, 6.3], C-C-Sep=0.20, ║∇J║=7.5e-04
-----On 1/20 Initial Guess Perturbations
Iteration 3463/3500-----
J=1.2e-02, ⟨Jf⟩=1.3e-03, ⟨B·n⟩=8.4e-03, Len=sum([4.8, 4.6, 4.2])=13.5, ϰ=[4.9, 5.2, 4.6], ∫ϰ²/L>=[4.8, 6.1, 6.3], C-C-Sep=0.20, ║∇J║=7.7e-04
-----On 1/20 Initial Guess Perturbations
Iteration 3464/3500-----
J=1.2e-02, ⟨Jf⟩=1.3e-03, ⟨B·n⟩=8.4e-03, Len=sum([4.8, 4.6, 4.2])=13.5, ϰ=[4.9, 5.2, 4.6], ∫ϰ²/L>=[4.8, 6.1, 6.3], C-C-Sep=0.20, ║∇J║=5.3e-04
-----On 1/20 Initial Guess Perturbations
Iteration 3465/3500-----
J=1.2e-02, ⟨Jf⟩=1.3e-03, ⟨B·n⟩=8.4e-03, Len=sum([4.8, 4.6, 4.2])=13.5, ϰ=[4.9, 5.2, 4.6], ∫ϰ²/L>=[4.8, 6.1, 6.3], C-C-Sep=0.20, ║∇J║=4.6e-04
-----On 1/20 Initial Guess Perturbations
Iteration 3466/3500-----
J=1.2e-02, ⟨Jf⟩=1.2e-03, ⟨B·n⟩=8.4e-03, Len=sum([4.8, 4.6, 4.2])=13.5, ϰ=[4.9, 5.2, 4.6], ∫ϰ²/L>=[4.8, 6.1, 6.3], C-C-Sep=0.20, ║∇J║=5.4e-04
-----On 1/20 Initial Guess Perturbations
Iteration 3467/3500-----
J=1.2e-02, ⟨Jf⟩=1.2e-03, ⟨B·n⟩=8.4e-03, Len=sum([4.8, 4.6, 4.2])=13.5, ϰ=[4.9, 5.2, 4.6], ∫ϰ²/L>=[4.8, 6.1, 6.3], C-C-Sep=0.20, ║∇J║=6.3e-04
-----On 1/20 Initial Guess Perturbations
Iteration 3468/3500-----
J=1.2e-02, ⟨Jf⟩=1.2e-03, ⟨B·n⟩=8.4e-03, Len=sum([4.8, 4.6, 4.2])=13.5, ϰ=[4.9, 5.2, 4.6], ∫ϰ²/L>=[4.8, 6.1, 6.3], C-C-Sep=0.20, ║∇J║=4.6e-04
-----On 1/20 Initial Guess Perturbations
Iteration 3469/3500-----
J=1.2e-02, ⟨Jf⟩=1.2e-03, ⟨B·n⟩=8.4e-03, Len=sum([4.8, 4.6, 4.2])=13.5, ϰ=[4.9, 5.2, 4.6], ∫ϰ²/L>=[4.8, 6.1, 6.3], C-C-Sep=0.20, ║∇J║=4.6e-04
-----On 1/20 Initial Guess Perturbations
Iteration 3470/3500-----
J=1.2e-02, ⟨Jf⟩=1.2e-03, ⟨B·n⟩=8.4e-03, Len=sum([4.8, 4.6, 4.2])=13.5, ϰ=[4.9, 5.2, 4.6], ∫ϰ²/L>=[4.8, 6.1, 6.3], C-C-Sep=0.20, ║∇J║=4.4e-04
-----On 1/20 Initial Guess Perturbations
Iteration 3471/3500-----
J=1.2e-02, ⟨Jf⟩=1.2e-03, ⟨B·n⟩=8.4e-03, Len=sum([4.8, 4.6, 4.2])=13.5, ϰ=[4.9, 5.2, 4.6], ∫ϰ²/L>=[4.8, 6.1, 6.3], C-C-Sep=0.20, ║∇J║=4.3e-04
-----On 1/20 Initial Guess Perturbations
Iteration 3472/3500-----
J=1.2e-02, ⟨Jf⟩=1.2e-03, ⟨B·n⟩=8.4e-03, Len=sum([4.8, 4.6, 4.2])=13.5, ϰ=[4.9, 5.2, 4.6], ∫ϰ²/L>=[4.8, 6.1, 6.3], C-C-Sep=0.20, ║∇J║=4.8e-04
-----On 1/20 Initial Guess Perturbations
Iteration 3473/3500-----
J=1.2e-02, ⟨Jf⟩=1.2e-03, ⟨B·n⟩=8.4e-03, Len=sum([4.8, 4.6, 4.2])=13.5, ϰ=[4.9, 5.2, 4.6], ∫ϰ²/L>=[4.8, 6.1, 6.3], C-C-Sep=0.20, ║∇J║=5.9e-04
-----On 1/20 Initial Guess Perturbations
Iteration 3474/3500-----
J=1.2e-02, ⟨Jf⟩=1.2e-03, ⟨B·n⟩=8.4e-03, Len=sum([4.8, 4.6, 4.2])=13.5, ϰ=[4.9, 5.2, 4.6], ∫ϰ²/L>=[4.8, 6.1, 6.3], C-C-Sep=0.20, ║∇J║=5.0e-04
-----On 1/20 Initial Guess Perturbations
Iteration 3475/3500-----
J=1.2e-02, ⟨Jf⟩=1.2e-03, ⟨B·n⟩=8.4e-03, Len=sum([4.8, 4.6, 4.2])=13.5, ϰ=[4.9, 5.2, 4.6], ∫ϰ²/L>=[4.8, 6.1, 6.3], C-C-Sep=0.20, ║∇J║=5.4e-04
-----On 1/20 Initial Guess Perturbations
Iteration 3476/3500-----
J=1.2e-02, ⟨Jf⟩=1.2e-03, ⟨B·n⟩=8.4e-03, Len=sum([4.8, 4.6, 4.2])=13.5, ϰ=[4.9, 5.2, 4.6], ∫ϰ²/L>=[4.8, 6.1, 6.3], C-C-Sep=0.20, ║∇J║=6.5e-04
-----On 1/20 Initial Guess Perturbations
Iteration 3477/3500-----
J=1.2e-02, ⟨Jf⟩=1.2e-03, ⟨B·n⟩=8.4e-03, Len=sum([4.8, 4.6, 4.2])=13.5, ϰ=[4.9, 5.2, 4.6], ∫ϰ²/L>=[4.8, 6.1, 6.3], C-C-Sep=0.20, ║∇J║=6.3e-04
-----On 1/20 Initial Guess Perturbations
Iteration 3478/3500-----
J=1.2e-02, ⟨Jf⟩=1.2e-03, ⟨B·n⟩=8.4e-03, Len=sum([4.8, 4.6, 4.2])=13.5, ϰ=[4.9, 5.2, 4.6], ∫ϰ²/L>=[4.8, 6.1, 6.3], C-C-Sep=0.20, ║∇J║=6.6e-04
-----On 1/20 Initial Guess Perturbations
Iteration 3479/3500-----
J=1.2e-02, ⟨Jf⟩=1.2e-03, ⟨B·n⟩=8.4e-03, Len=sum([4.8, 4.6, 4.2])=13.5, ϰ=[4.9, 5.3, 4.6], ∫ϰ²/L>=[4.8, 6.1, 6.3], C-C-Sep=0.20, ║∇J║=4.0e-04
-----On 1/20 Initial Guess Perturbations
Iteration 3480/3500-----
J=1.2e-02, ⟨Jf⟩=1.2e-03, ⟨B·n⟩=8.4e-03, Len=sum([4.8, 4.6, 4.2])=13.5, ϰ=[4.9, 5.3, 4.6], ∫ϰ²/L>=[4.8, 6.1, 6.3], C-C-Sep=0.20, ║∇J║=4.5e-04
-----On 1/20 Initial Guess Perturbations
Iteration 3481/3500-----
J=1.2e-02, ⟨Jf⟩=1.2e-03, ⟨B·n⟩=8.4e-03, Len=sum([4.8, 4.6, 4.2])=13.5, ϰ=[4.9, 5.3, 4.6], ∫ϰ²/L>=[4.8, 6.1, 6.3], C-C-Sep=0.20, ║∇J║=5.4e-04
-----On 1/20 Initial Guess Perturbations
Iteration 3482/3500-----
J=1.2e-02, ⟨Jf⟩=1.2e-03, ⟨B·n⟩=8.4e-03, Len=sum([4.8, 4.6, 4.2])=13.5, ϰ=[4.9, 5.3, 4.6], ∫ϰ²/L>=[4.8, 6.1, 6.3], C-C-Sep=0.20, ║∇J║=5.4e-04
-----On 1/20 Initial Guess Perturbations
Iteration 3483/3500-----
J=1.2e-02, ⟨Jf⟩=1.2e-03, ⟨B·n⟩=8.4e-03, Len=sum([4.8, 4.6, 4.2])=13.5, ϰ=[4.9, 5.3, 4.6], ∫ϰ²/L>=[4.8, 6.1, 6.3], C-C-Sep=0.20, ║∇J║=4.6e-04
-----On 1/20 Initial Guess Perturbations
Iteration 3484/3500-----
J=1.2e-02, ⟨Jf⟩=1.2e-03, ⟨B·n⟩=8.4e-03, Len=sum([4.8, 4.6, 4.2])=13.5, ϰ=[4.9, 5.3, 4.6], ∫ϰ²/L>=[4.8, 6.1, 6.3], C-C-Sep=0.20, ║∇J║=5.3e-04
-----On 1/20 Initial Guess Perturbations
Iteration 3485/3500-----
J=1.2e-02, ⟨Jf⟩=1.2e-03, ⟨B·n⟩=8.4e-03, Len=sum([4.8, 4.6, 4.2])=13.5, ϰ=[4.9, 5.3, 4.6], ∫ϰ²/L>=[4.8, 6.1, 6.3], C-C-Sep=0.20, ║∇J║=5.6e-04
-----On 1/20 Initial Guess Perturbations
Iteration 3486/3500-----
J=1.2e-02, ⟨Jf⟩=1.2e-03, ⟨B·n⟩=8.4e-03, Len=sum([4.8, 4.6, 4.2])=13.5, ϰ=[4.9, 5.3, 4.6], ∫ϰ²/L>=[4.8, 6.1, 6.3], C-C-Sep=0.20, ║∇J║=5.1e-04
-----On 1/20 Initial Guess Perturbations
Iteration 3487/3500-----
J=1.2e-02, ⟨Jf⟩=1.2e-03, ⟨B·n⟩=8.4e-03, Len=sum([4.8, 4.6, 4.2])=13.5, ϰ=[4.9, 5.3, 4.6], ∫ϰ²/L>=[4.8, 6.1, 6.3], C-C-Sep=0.20, ║∇J║=4.5e-04
-----On 1/20 Initial Guess Perturbations
Iteration 3488/3500-----
J=1.2e-02, ⟨Jf⟩=1.2e-03, ⟨B·n⟩=8.4e-03, Len=sum([4.8, 4.6, 4.2])=13.5, ϰ=[4.9, 5.3, 4.6], ∫ϰ²/L>=[4.8, 6.1, 6.3], C-C-Sep=0.20, ║∇J║=4.7e-04
-----On 1/20 Initial Guess Perturbations
Iteration 3489/3500-----
J=1.2e-02, ⟨Jf⟩=1.2e-03, ⟨B·n⟩=8.4e-03, Len=sum([4.8, 4.6, 4.2])=13.5, ϰ=[4.9, 5.3, 4.6], ∫ϰ²/L>=[4.8, 6.1, 6.3], C-C-Sep=0.20, ║∇J║=4.3e-04
-----On 1/20 Initial Guess Perturbations
Iteration 3490/3500-----
J=1.2e-02, ⟨Jf⟩=1.2e-03, ⟨B·n⟩=8.4e-03, Len=sum([4.8, 4.6, 4.2])=13.5, ϰ=[4.9, 5.3, 4.6], ∫ϰ²/L>=[4.8, 6.1, 6.3], C-C-Sep=0.20, ║∇J║=4.6e-04
-----On 1/20 Initial Guess Perturbations
Iteration 3491/3500-----
J=1.2e-02, ⟨Jf⟩=1.2e-03, ⟨B·n⟩=8.4e-03, Len=sum([4.8, 4.6, 4.2])=13.5, ϰ=[4.9, 5.3, 4.6], ∫ϰ²/L>=[4.8, 6.1, 6.3], C-C-Sep=0.20, ║∇J║=4.6e-04
-----On 1/20 Initial Guess Perturbations
Iteration 3492/3500-----
J=1.2e-02, ⟨Jf⟩=1.2e-03, ⟨B·n⟩=8.4e-03, Len=sum([4.8, 4.6, 4.2])=13.5, ϰ=[4.9, 5.3, 4.7], ∫ϰ²/L>=[4.8, 6.1, 6.3], C-C-Sep=0.20, ║∇J║=3.9e-04
-----On 1/20 Initial Guess Perturbations
Iteration 3493/3500-----
J=1.2e-02, ⟨Jf⟩=1.2e-03, ⟨B·n⟩=8.4e-03, Len=sum([4.8, 4.6, 4.2])=13.5, ϰ=[4.9, 5.3, 4.7], ∫ϰ²/L>=[4.8, 6.1, 6.3], C-C-Sep=0.20, ║∇J║=4.0e-04
-----On 1/20 Initial Guess Perturbations
Iteration 3494/3500-----
J=1.2e-02, ⟨Jf⟩=1.2e-03, ⟨B·n⟩=8.4e-03, Len=sum([4.8, 4.6, 4.2])=13.5, ϰ=[4.9, 5.3, 4.7], ∫ϰ²/L>=[4.8, 6.1, 6.3], C-C-Sep=0.20, ║∇J║=3.8e-04
-----On 1/20 Initial Guess Perturbations
Iteration 3495/3500-----
J=1.2e-02, ⟨Jf⟩=1.2e-03, ⟨B·n⟩=8.4e-03, Len=sum([4.8, 4.6, 4.2])=13.5, ϰ=[4.9, 5.3, 4.7], ∫ϰ²/L>=[4.8, 6.1, 6.3], C-C-Sep=0.20, ║∇J║=4.4e-04
-----On 1/20 Initial Guess Perturbations
Iteration 3496/3500-----
J=1.2e-02, ⟨Jf⟩=1.2e-03, ⟨B·n⟩=8.4e-03, Len=sum([4.8, 4.6, 4.2])=13.5, ϰ=[4.9, 5.3, 4.7], ∫ϰ²/L>=[4.8, 6.1, 6.3], C-C-Sep=0.20, ║∇J║=4.5e-04
-----On 1/20 Initial Guess Perturbations
Iteration 3497/3500-----
J=1.2e-02, ⟨Jf⟩=1.2e-03, ⟨B·n⟩=8.4e-03, Len=sum([4.8, 4.6, 4.2])=13.5, ϰ=[4.9, 5.2, 4.6], ∫ϰ²/L>=[4.8, 6.1, 6.3], C-C-Sep=0.20, ║∇J║=4.3e-04
-----On 1/20 Initial Guess Perturbations
Iteration 3498/3500-----
J=1.2e-02, ⟨Jf⟩=1.2e-03, ⟨B·n⟩=8.4e-03, Len=sum([4.8, 4.6, 4.2])=13.5, ϰ=[4.9, 5.2, 4.6], ∫ϰ²/L>=[4.8, 6.1, 6.3], C-C-Sep=0.20, ║∇J║=4.5e-04
-----On 1/20 Initial Guess Perturbations
Iteration 3499/3500-----
J=1.2e-02, ⟨Jf⟩=1.2e-03, ⟨B·n⟩=8.4e-03, Len=sum([4.8, 4.6, 4.2])=13.5, ϰ=[4.9, 5.2, 4.6], ∫ϰ²/L>=[4.8, 6.1, 6.3], C-C-Sep=0.20, ║∇J║=5.3e-04
-----On 1/20 Initial Guess Perturbations
Iteration 3500/3500-----
J=1.2e-02, ⟨Jf⟩=1.2e-03, ⟨B·n⟩=8.4e-03, Len=sum([4.8, 4.6, 4.2])=13.5, ϰ=[4.9, 5.2, 4.6], ∫ϰ²/L>=[4.8, 6.1, 6.3], C-C-Sep=0.20, ║∇J║=5.6e-04
-----On 1/20 Initial Guess Perturbations
Iteration 3501/3500-----
J=1.2e-02, ⟨Jf⟩=1.2e-03, ⟨B·n⟩=8.4e-03, Len=sum([4.8, 4.6, 4.2])=13.5, ϰ=[4.9, 5.2, 4.6], ∫ϰ²/L>=[4.8, 6.1, 6.3], C-C-Sep=0.20, ║∇J║=4.2e-04
-----On 1/20 Initial Guess Perturbations
Iteration 3502/3500-----
J=1.2e-02, ⟨Jf⟩=1.2e-03, ⟨B·n⟩=8.4e-03, Len=sum([4.8, 4.6, 4.2])=13.5, ϰ=[4.9, 5.2, 4.6], ∫ϰ²/L>=[4.8, 6.1, 6.3], C-C-Sep=0.20, ║∇J║=3.8e-04
-----On 1/20 Initial Guess Perturbations
Iteration 3503/3500-----
J=1.2e-02, ⟨Jf⟩=1.2e-03, ⟨B·n⟩=8.4e-03, Len=sum([4.8, 4.6, 4.2])=13.5, ϰ=[4.9, 5.2, 4.6], ∫ϰ²/L>=[4.8, 6.1, 6.3], C-C-Sep=0.20, ║∇J║=3.9e-04
-----On 1/20 Initial Guess Perturbations
Iteration 3504/3500-----
J=1.2e-02, ⟨Jf⟩=1.2e-03, ⟨B·n⟩=8.4e-03, Len=sum([4.8, 4.6, 4.2])=13.5, ϰ=[4.9, 5.2, 4.6], ∫ϰ²/L>=[4.8, 6.1, 6.3], C-C-Sep=0.20, ║∇J║=4.7e-04
-----On 1/20 Initial Guess Perturbations
Iteration 3505/3500-----
J=1.2e-02, ⟨Jf⟩=1.2e-03, ⟨B·n⟩=8.4e-03, Len=sum([4.8, 4.6, 4.2])=13.5, ϰ=[4.9, 5.2, 4.6], ∫ϰ²/L>=[4.8, 6.1, 6.3], C-C-Sep=0.20, ║∇J║=4.0e-04
-----On 1/20 Initial Guess Perturbations
Iteration 3506/3500-----
J=1.2e-02, ⟨Jf⟩=1.2e-03, ⟨B·n⟩=8.4e-03, Len=sum([4.8, 4.6, 4.2])=13.5, ϰ=[4.9, 5.2, 4.6], ∫ϰ²/L>=[4.8, 6.1, 6.3], C-C-Sep=0.20, ║∇J║=3.8e-04
-----On 1/20 Initial Guess Perturbations
Iteration 3507/3500-----
J=1.2e-02, ⟨Jf⟩=1.2e-03, ⟨B·n⟩=8.4e-03, Len=sum([4.8, 4.6, 4.2])=13.5, ϰ=[4.9, 5.2, 4.6], ∫ϰ²/L>=[4.8, 6.1, 6.3], C-C-Sep=0.20, ║∇J║=3.8e-04
-----On 1/20 Initial Guess Perturbations
Iteration 3508/3500-----
J=1.2e-02, ⟨Jf⟩=1.2e-03, ⟨B·n⟩=8.4e-03, Len=sum([4.8, 4.6, 4.2])=13.5, ϰ=[4.9, 5.2, 4.6], ∫ϰ²/L>=[4.8, 6.1, 6.3], C-C-Sep=0.20, ║∇J║=4.2e-04
-----On 1/20 Initial Guess Perturbations
Iteration 3509/3500-----
J=1.2e-02, ⟨Jf⟩=1.2e-03, ⟨B·n⟩=8.4e-03, Len=sum([4.8, 4.6, 4.2])=13.5, ϰ=[4.9, 5.2, 4.6], ∫ϰ²/L>=[4.8, 6.1, 6.3], C-C-Sep=0.20, ║∇J║=3.2e-04
-----On 1/20 Initial Guess Perturbations
Iteration 3510/3500-----
J=1.2e-02, ⟨Jf⟩=1.2e-03, ⟨B·n⟩=8.4e-03, Len=sum([4.8, 4.6, 4.2])=13.5, ϰ=[4.9, 5.2, 4.6], ∫ϰ²/L>=[4.8, 6.1, 6.3], C-C-Sep=0.20, ║∇J║=3.8e-04
-----On 1/20 Initial Guess Perturbations
Iteration 3511/3500-----
J=1.2e-02, ⟨Jf⟩=1.2e-03, ⟨B·n⟩=8.4e-03, Len=sum([4.8, 4.6, 4.2])=13.5, ϰ=[4.9, 5.2, 4.6], ∫ϰ²/L>=[4.8, 6.1, 6.3], C-C-Sep=0.20, ║∇J║=4.4e-04
-----On 1/20 Initial Guess Perturbations
Iteration 3512/3500-----
J=1.2e-02, ⟨Jf⟩=1.2e-03, ⟨B·n⟩=8.4e-03, Len=sum([4.8, 4.6, 4.2])=13.5, ϰ=[4.9, 5.2, 4.6], ∫ϰ²/L>=[4.8, 6.1, 6.3], C-C-Sep=0.20, ║∇J║=5.0e-04
-----On 1/20 Initial Guess Perturbations
Iteration 3513/3500-----
J=1.2e-02, ⟨Jf⟩=1.2e-03, ⟨B·n⟩=8.4e-03, Len=sum([4.8, 4.6, 4.2])=13.5, ϰ=[4.9, 5.2, 4.6], ∫ϰ²/L>=[4.8, 6.1, 6.3], C-C-Sep=0.20, ║∇J║=4.8e-04
-----On 1/20 Initial Guess Perturbations
Iteration 3514/3500-----
J=1.2e-02, ⟨Jf⟩=1.2e-03, ⟨B·n⟩=8.4e-03, Len=sum([4.8, 4.6, 4.2])=13.5, ϰ=[4.9, 5.2, 4.6], ∫ϰ²/L>=[4.8, 6.1, 6.3], C-C-Sep=0.20, ║∇J║=3.9e-04
-----On 1/20 Initial Guess Perturbations
Iteration 3515/3500-----
J=1.2e-02, ⟨Jf⟩=1.2e-03, ⟨B·n⟩=8.4e-03, Len=sum([4.8, 4.6, 4.2])=13.5, ϰ=[4.9, 5.2, 4.6], ∫ϰ²/L>=[4.8, 6.1, 6.3], C-C-Sep=0.20, ║∇J║=3.8e-04
-----On 1/20 Initial Guess Perturbations
Iteration 3516/3500-----
J=1.2e-02, ⟨Jf⟩=1.2e-03, ⟨B·n⟩=8.4e-03, Len=sum([4.8, 4.6, 4.2])=13.5, ϰ=[4.9, 5.2, 4.7], ∫ϰ²/L>=[4.8, 6.1, 6.3], C-C-Sep=0.20, ║∇J║=3.6e-04
-----On 1/20 Initial Guess Perturbations
Iteration 3517/3500-----
J=1.2e-02, ⟨Jf⟩=1.2e-03, ⟨B·n⟩=8.4e-03, Len=sum([4.8, 4.6, 4.2])=13.5, ϰ=[4.9, 5.2, 4.7], ∫ϰ²/L>=[4.8, 6.1, 6.3], C-C-Sep=0.20, ║∇J║=3.8e-04
-----On 1/20 Initial Guess Perturbations
Iteration 3518/3500-----
J=1.2e-02, ⟨Jf⟩=1.2e-03, ⟨B·n⟩=8.4e-03, Len=sum([4.8, 4.6, 4.2])=13.5, ϰ=[4.8, 5.2, 4.7], ∫ϰ²/L>=[4.8, 6.1, 6.3], C-C-Sep=0.20, ║∇J║=3.1e-04
-----On 1/20 Initial Guess Perturbations
Iteration 3519/3500-----
J=1.2e-02, ⟨Jf⟩=1.2e-03, ⟨B·n⟩=8.4e-03, Len=sum([4.8, 4.6, 4.2])=13.5, ϰ=[4.8, 5.2, 4.7], ∫ϰ²/L>=[4.8, 6.1, 6.3], C-C-Sep=0.20, ║∇J║=3.7e-04
-----On 1/20 Initial Guess Perturbations
Iteration 3520/3500-----
J=1.2e-02, ⟨Jf⟩=1.2e-03, ⟨B·n⟩=8.4e-03, Len=sum([4.8, 4.6, 4.2])=13.5, ϰ=[4.8, 5.2, 4.6], ∫ϰ²/L>=[4.8, 6.1, 6.3], C-C-Sep=0.20, ║∇J║=4.2e-04
-----On 1/20 Initial Guess Perturbations
Iteration 3521/3500-----
J=1.2e-02, ⟨Jf⟩=1.2e-03, ⟨B·n⟩=8.4e-03, Len=sum([4.8, 4.6, 4.2])=13.5, ϰ=[4.8, 5.2, 4.6], ∫ϰ²/L>=[4.8, 6.1, 6.3], C-C-Sep=0.20, ║∇J║=4.7e-04
-----On 1/20 Initial Guess Perturbations
Iteration 3522/3500-----
J=1.2e-02, ⟨Jf⟩=1.2e-03, ⟨B·n⟩=8.4e-03, Len=sum([4.8, 4.6, 4.2])=13.5, ϰ=[4.8, 5.2, 4.6], ∫ϰ²/L>=[4.8, 6.1, 6.3], C-C-Sep=0.20, ║∇J║=3.8e-04
-----On 1/20 Initial Guess Perturbations
Iteration 3523/3500-----
J=1.2e-02, ⟨Jf⟩=1.2e-03, ⟨B·n⟩=8.4e-03, Len=sum([4.8, 4.6, 4.2])=13.5, ϰ=[4.8, 5.2, 4.6], ∫ϰ²/L>=[4.8, 6.1, 6.3], C-C-Sep=0.20, ║∇J║=3.2e-04
-----On 1/20 Initial Guess Perturbations
Iteration 3524/3500-----
J=1.2e-02, ⟨Jf⟩=1.2e-03, ⟨B·n⟩=8.4e-03, Len=sum([4.8, 4.6, 4.2])=13.5, ϰ=[4.8, 5.2, 4.6], ∫ϰ²/L>=[4.8, 6.1, 6.3], C-C-Sep=0.20, ║∇J║=3.3e-04
-----On 1/20 Initial Guess Perturbations
--------------------------------JF.x shape after opt: (443,)
Final arclength variation max(|ℓ|)/min(|ℓ|) - 1=[4.01e-04, 7.71e-04, 3.53e-04]

################################################################################
### Evaluate the obtained coils ################################################
################################################################################

Finished 100/1000 Out-of-Sample Evaluations
Finished 200/1000 Out-of-Sample Evaluations
Finished 300/1000 Out-of-Sample Evaluations
Finished 400/1000 Out-of-Sample Evaluations
Finished 500/1000 Out-of-Sample Evaluations
Finished 600/1000 Out-of-Sample Evaluations
Finished 700/1000 Out-of-Sample Evaluations
Finished 800/1000 Out-of-Sample Evaluations
Finished 900/1000 Out-of-Sample Evaluations
Finished 1000/1000 Out-of-Sample Evaluations
Mean Flux Objective across perturbed coils: 1.248e-03
Flux Objective for exact coils coils      : 1.058e-03
Out-of-sample flux value                  : 1.370e-03
Objective Gradient (||∇J||)              : 3.309e-04
Total time taken: 1735.77 seconds
