Running initial guess perturbation 7
Coil 0: RMS error: 0.000001, Relative: 0.000001
Max point error: 0.000008, Min point error: 0.000000
Coil 1: RMS error: 0.000001, Relative: 0.000001
Max point error: 0.000009, Min point error: 0.000000
Coil 2: RMS error: 0.000002, Relative: 0.000001
Max point error: 0.000012, Min point error: 0.000000
Overall fit errors: [1.0266076974788285e-06, 1.1652204886565012e-06, 1.515724058988358e-06]
Mean fit error: 0.000001

################################################################################
### Perform a Taylor test ######################################################
################################################################################

Iteration 1/1000-----
J=5.6e-01, Jf=5.1e-02, ⟨B·n⟩=5.6e-02, Len=sum([5.5, 6.2, 5.3])=17.0, ϰ=[13.9, 6.0, 4.7], ∫ϰ²/L=[4.9, 3.0, 2.9], C-C-Sep=0.04, ║∇J║=1.5e+01
-----On 8/20 Initial Guess Perturbations
Iteration 2/1000-----
J=5.7e-01, Jf=5.1e-02, ⟨B·n⟩=5.5e-02, Len=sum([5.5, 6.2, 5.3])=17.1, ϰ=[15.1, 7.5, 5.6], ∫ϰ²/L=[8.2, 4.4, 4.8], C-C-Sep=0.04, ║∇J║=1.5e+01
-----On 8/20 Initial Guess Perturbations
Iteration 3/1000-----
J=5.6e-01, Jf=5.2e-02, ⟨B·n⟩=5.6e-02, Len=sum([5.5, 6.2, 5.3])=17.1, ϰ=[17.8, 7.0, 6.3], ∫ϰ²/L=[7.8, 4.3, 4.7], C-C-Sep=0.04, ║∇J║=1.5e+01
-----On 8/20 Initial Guess Perturbations
err -0.12141119594095517
Iteration 4/1000-----
J=5.6e-01, Jf=5.1e-02, ⟨B·n⟩=5.6e-02, Len=sum([5.5, 6.2, 5.3])=17.0, ϰ=[13.9, 6.0, 4.7], ∫ϰ²/L=[4.9, 3.0, 3.0], C-C-Sep=0.04, ║∇J║=1.5e+01
-----On 8/20 Initial Guess Perturbations
Iteration 5/1000-----
J=5.6e-01, Jf=5.1e-02, ⟨B·n⟩=5.6e-02, Len=sum([5.5, 6.2, 5.3])=17.0, ϰ=[13.9, 6.1, 4.8], ∫ϰ²/L=[4.9, 3.0, 3.0], C-C-Sep=0.04, ║∇J║=1.5e+01
-----On 8/20 Initial Guess Perturbations
err -0.0012461455469825466
Iteration 6/1000-----
J=5.6e-01, Jf=5.1e-02, ⟨B·n⟩=5.6e-02, Len=sum([5.5, 6.2, 5.3])=17.0, ϰ=[13.9, 6.0, 4.7], ∫ϰ²/L=[4.9, 3.0, 2.9], C-C-Sep=0.04, ║∇J║=1.5e+01
-----On 8/20 Initial Guess Perturbations
Iteration 7/1000-----
J=5.6e-01, Jf=5.1e-02, ⟨B·n⟩=5.6e-02, Len=sum([5.5, 6.2, 5.3])=17.0, ϰ=[13.9, 6.0, 4.8], ∫ϰ²/L=[4.9, 3.0, 2.9], C-C-Sep=0.04, ║∇J║=1.5e+01
-----On 8/20 Initial Guess Perturbations
err -1.242209247553916e-05
Iteration 8/1000-----
J=5.6e-01, Jf=5.1e-02, ⟨B·n⟩=5.6e-02, Len=sum([5.5, 6.2, 5.3])=17.0, ϰ=[13.9, 6.0, 4.7], ∫ϰ²/L=[4.9, 3.0, 2.9], C-C-Sep=0.04, ║∇J║=1.5e+01
-----On 8/20 Initial Guess Perturbations
Iteration 9/1000-----
J=5.6e-01, Jf=5.1e-02, ⟨B·n⟩=5.6e-02, Len=sum([5.5, 6.2, 5.3])=17.0, ϰ=[13.9, 6.0, 4.7], ∫ϰ²/L=[4.9, 3.0, 2.9], C-C-Sep=0.04, ║∇J║=1.5e+01
-----On 8/20 Initial Guess Perturbations
err -1.2524560055737766e-07
Iteration 10/1000-----
J=5.6e-01, Jf=5.1e-02, ⟨B·n⟩=5.6e-02, Len=sum([5.5, 6.2, 5.3])=17.0, ϰ=[13.9, 6.0, 4.7], ∫ϰ²/L=[4.9, 3.0, 2.9], C-C-Sep=0.04, ║∇J║=1.5e+01
-----On 8/20 Initial Guess Perturbations
Iteration 11/1000-----
J=5.6e-01, Jf=5.1e-02, ⟨B·n⟩=5.6e-02, Len=sum([5.5, 6.2, 5.3])=17.0, ϰ=[13.9, 6.0, 4.7], ∫ϰ²/L=[4.9, 3.0, 2.9], C-C-Sep=0.04, ║∇J║=1.5e+01
-----On 8/20 Initial Guess Perturbations
err -3.398623604766726e-09

################################################################################
### Run the optimisation #######################################################
################################################################################

Iteration 1/1000-----
J=5.6e-01, Jf=5.1e-02, ⟨B·n⟩=5.6e-02, Len=sum([5.5, 6.2, 5.3])=17.0, ϰ=[13.9, 6.0, 4.7], ∫ϰ²/L=[4.9, 3.0, 2.9], C-C-Sep=0.04, ║∇J║=1.5e+01
-----On 8/20 Initial Guess Perturbations
Iteration 2/1000-----
J=5.5e+00, Jf=2.3e-01, ⟨B·n⟩=8.9e-02, Len=sum([14.8, 9.6, 7.7])=32.1, ϰ=[39.1, 59.3, 24.6], ∫ϰ²/L=[12.6, 32.8, 27.9], C-C-Sep=0.03, ║∇J║=9.4e+01
-----On 8/20 Initial Guess Perturbations
Iteration 3/1000-----
J=7.4e-01, Jf=7.8e-02, ⟨B·n⟩=6.5e-02, Len=sum([8.0, 7.0, 5.9])=20.8, ϰ=[34.6, 16.2, 12.4], ∫ϰ²/L=[17.5, 15.8, 12.2], C-C-Sep=0.02, ║∇J║=1.3e+01
-----On 8/20 Initial Guess Perturbations
Iteration 4/1000-----
J=3.5e-01, Jf=5.2e-02, ⟨B·n⟩=5.6e-02, Len=sum([6.1, 6.4, 5.4])=17.9, ϰ=[22.5, 9.1, 7.5], ∫ϰ²/L=[15.7, 8.5, 6.9], C-C-Sep=0.01, ║∇J║=5.3e+00
-----On 8/20 Initial Guess Perturbations
Iteration 5/1000-----
J=2.4e-01, Jf=5.2e-02, ⟨B·n⟩=5.6e-02, Len=sum([6.1, 6.4, 5.4])=18.0, ϰ=[28.4, 11.0, 6.2], ∫ϰ²/L=[28.8, 13.9, 5.8], C-C-Sep=0.10, ║∇J║=1.0e+01
-----On 8/20 Initial Guess Perturbations
Iteration 6/1000-----
J=8.1e-01, Jf=5.1e-02, ⟨B·n⟩=5.5e-02, Len=sum([7.6, 7.4, 5.4])=20.4, ϰ=[382.4, 25.2, 9.3], ∫ϰ²/L=[238.8, 44.4, 8.2], C-C-Sep=0.01, ║∇J║=3.2e+01
-----On 8/20 Initial Guess Perturbations
Iteration 7/1000-----
J=1.8e-01, Jf=5.1e-02, ⟨B·n⟩=5.5e-02, Len=sum([6.3, 6.6, 5.4])=18.3, ϰ=[56.1, 15.1, 5.3], ∫ϰ²/L=[52.5, 22.0, 4.9], C-C-Sep=0.15, ║∇J║=3.8e+00
-----On 8/20 Initial Guess Perturbations
Iteration 8/1000-----
J=1.6e-01, Jf=5.1e-02, ⟨B·n⟩=5.5e-02, Len=sum([6.2, 6.5, 5.4])=18.1, ϰ=[34.9, 13.6, 5.2], ∫ϰ²/L=[40.7, 17.7, 4.7], C-C-Sep=0.17, ║∇J║=2.5e+00
-----On 8/20 Initial Guess Perturbations
Iteration 9/1000-----
J=1.4e-01, Jf=5.1e-02, ⟨B·n⟩=5.5e-02, Len=sum([6.0, 6.4, 5.4])=17.8, ϰ=[36.9, 13.9, 5.2], ∫ϰ²/L=[33.1, 12.0, 4.3], C-C-Sep=0.16, ║∇J║=3.4e+00
-----On 8/20 Initial Guess Perturbations
Iteration 10/1000-----
J=1.2e-01, Jf=5.0e-02, ⟨B·n⟩=5.5e-02, Len=sum([6.0, 6.4, 5.3])=17.7, ϰ=[41.6, 17.9, 6.1], ∫ϰ²/L=[38.6, 11.6, 4.3], C-C-Sep=0.17, ║∇J║=1.7e+00
-----On 8/20 Initial Guess Perturbations
Iteration 11/1000-----
J=1.1e-01, Jf=4.9e-02, ⟨B·n⟩=5.4e-02, Len=sum([6.0, 6.4, 5.3])=17.8, ϰ=[42.7, 22.4, 9.1], ∫ϰ²/L=[47.1, 12.7, 5.7], C-C-Sep=0.17, ║∇J║=1.4e+00
-----On 8/20 Initial Guess Perturbations
Iteration 12/1000-----
J=9.2e-02, Jf=4.8e-02, ⟨B·n⟩=5.4e-02, Len=sum([6.1, 6.5, 5.4])=18.0, ϰ=[48.7, 25.7, 14.0], ∫ϰ²/L=[57.9, 16.7, 10.1], C-C-Sep=0.17, ║∇J║=1.0e+00
-----On 8/20 Initial Guess Perturbations
Iteration 13/1000-----
J=8.3e-02, Jf=4.7e-02, ⟨B·n⟩=5.3e-02, Len=sum([6.3, 6.6, 5.4])=18.4, ϰ=[51.7, 24.5, 22.0], ∫ϰ²/L=[65.6, 23.7, 17.0], C-C-Sep=0.14, ║∇J║=1.7e+00
-----On 8/20 Initial Guess Perturbations
Iteration 14/1000-----
J=7.7e-02, Jf=4.6e-02, ⟨B·n⟩=5.3e-02, Len=sum([6.4, 6.7, 5.4])=18.6, ϰ=[47.2, 21.8, 26.5], ∫ϰ²/L=[59.2, 28.9, 21.8], C-C-Sep=0.19, ║∇J║=9.4e-01
-----On 8/20 Initial Guess Perturbations
Iteration 15/1000-----
J=7.3e-02, Jf=4.6e-02, ⟨B·n⟩=5.2e-02, Len=sum([6.4, 6.7, 5.4])=18.5, ϰ=[38.5, 22.8, 25.4], ∫ϰ²/L=[50.9, 29.5, 21.1], C-C-Sep=0.19, ║∇J║=4.9e-01
-----On 8/20 Initial Guess Perturbations
Iteration 16/1000-----
J=7.0e-02, Jf=4.5e-02, ⟨B·n⟩=5.2e-02, Len=sum([6.4, 6.8, 5.4])=18.6, ϰ=[30.2, 21.7, 24.0], ∫ϰ²/L=[45.8, 31.9, 21.0], C-C-Sep=0.19, ║∇J║=4.5e-01
-----On 8/20 Initial Guess Perturbations
Iteration 17/1000-----
J=6.6e-02, Jf=4.4e-02, ⟨B·n⟩=5.1e-02, Len=sum([6.5, 6.9, 5.4])=18.8, ϰ=[22.3, 18.2, 20.2], ∫ϰ²/L=[42.0, 36.8, 20.0], C-C-Sep=0.19, ║∇J║=4.8e-01
-----On 8/20 Initial Guess Perturbations
Iteration 18/1000-----
J=6.5e-02, Jf=4.2e-02, ⟨B·n⟩=5.0e-02, Len=sum([6.6, 6.9, 5.4])=19.0, ϰ=[21.5, 15.7, 15.2], ∫ϰ²/L=[40.7, 38.9, 22.3], C-C-Sep=0.19, ║∇J║=9.9e-01
-----On 8/20 Initial Guess Perturbations
Iteration 19/1000-----
J=6.2e-02, Jf=4.2e-02, ⟨B·n⟩=5.0e-02, Len=sum([6.6, 6.9, 5.4])=18.9, ϰ=[19.9, 14.2, 15.8], ∫ϰ²/L=[38.4, 37.1, 21.7], C-C-Sep=0.19, ║∇J║=3.9e-01
-----On 8/20 Initial Guess Perturbations
Iteration 20/1000-----
J=6.0e-02, Jf=4.1e-02, ⟨B·n⟩=4.9e-02, Len=sum([6.6, 6.9, 5.4])=18.9, ϰ=[18.8, 13.9, 17.1], ∫ϰ²/L=[36.5, 35.3, 22.0], C-C-Sep=0.19, ║∇J║=2.9e-01
-----On 8/20 Initial Guess Perturbations
Iteration 21/1000-----
J=5.8e-02, Jf=4.0e-02, ⟨B·n⟩=4.8e-02, Len=sum([6.6, 6.8, 5.4])=18.9, ϰ=[16.7, 14.3, 19.5], ∫ϰ²/L=[34.9, 34.3, 23.3], C-C-Sep=0.19, ║∇J║=3.9e-01
-----On 8/20 Initial Guess Perturbations
Iteration 22/1000-----
J=5.6e-02, Jf=3.7e-02, ⟨B·n⟩=4.7e-02, Len=sum([6.7, 6.8, 5.5])=19.0, ϰ=[15.3, 14.9, 18.3], ∫ϰ²/L=[33.4, 33.5, 21.3], C-C-Sep=0.19, ║∇J║=4.7e-01
-----On 8/20 Initial Guess Perturbations
Iteration 23/1000-----
J=5.6e-02, Jf=3.3e-02, ⟨B·n⟩=4.4e-02, Len=sum([7.0, 6.9, 5.5])=19.4, ϰ=[16.1, 15.4, 15.6], ∫ϰ²/L=[33.7, 39.8, 24.5], C-C-Sep=0.17, ║∇J║=1.1e+00
-----On 8/20 Initial Guess Perturbations
Iteration 24/1000-----
J=5.4e-02, Jf=3.5e-02, ⟨B·n⟩=4.5e-02, Len=sum([6.8, 6.9, 5.5])=19.2, ϰ=[15.6, 15.2, 16.9], ∫ϰ²/L=[33.0, 35.5, 21.8], C-C-Sep=0.18, ║∇J║=5.1e-01
-----On 8/20 Initial Guess Perturbations
Iteration 25/1000-----
J=5.2e-02, Jf=3.3e-02, ⟨B·n⟩=4.4e-02, Len=sum([6.9, 6.9, 5.5])=19.3, ϰ=[15.8, 13.6, 12.6], ∫ϰ²/L=[30.9, 35.1, 21.2], C-C-Sep=0.19, ║∇J║=3.5e-01
-----On 8/20 Initial Guess Perturbations
Iteration 26/1000-----
J=4.9e-02, Jf=3.1e-02, ⟨B·n⟩=4.2e-02, Len=sum([7.0, 6.8, 5.5])=19.4, ϰ=[15.1, 11.2, 14.6], ∫ϰ²/L=[28.6, 33.3, 23.1], C-C-Sep=0.19, ║∇J║=3.7e-01
-----On 8/20 Initial Guess Perturbations
Iteration 27/1000-----
J=4.8e-02, Jf=2.8e-02, ⟨B·n⟩=4.0e-02, Len=sum([7.2, 6.9, 5.6])=19.6, ϰ=[14.1, 11.5, 16.4], ∫ϰ²/L=[27.7, 32.9, 25.4], C-C-Sep=0.18, ║∇J║=7.3e-01
-----On 8/20 Initial Guess Perturbations
Iteration 28/1000-----
J=4.7e-02, Jf=2.8e-02, ⟨B·n⟩=4.0e-02, Len=sum([7.1, 6.8, 5.5])=19.4, ϰ=[13.7, 10.1, 14.9], ∫ϰ²/L=[27.2, 26.8, 22.3], C-C-Sep=0.19, ║∇J║=4.6e-01
-----On 8/20 Initial Guess Perturbations
Iteration 29/1000-----
J=4.5e-02, Jf=2.6e-02, ⟨B·n⟩=3.9e-02, Len=sum([7.2, 6.8, 5.5])=19.5, ϰ=[13.7, 9.5, 12.9], ∫ϰ²/L=[27.4, 25.9, 22.0], C-C-Sep=0.19, ║∇J║=3.0e-01
-----On 8/20 Initial Guess Perturbations
Iteration 30/1000-----
J=4.4e-02, Jf=2.5e-02, ⟨B·n⟩=3.7e-02, Len=sum([7.3, 6.8, 5.6])=19.7, ϰ=[15.1, 9.6, 11.4], ∫ϰ²/L=[28.0, 25.0, 21.6], C-C-Sep=0.20, ║∇J║=3.2e-01
-----On 8/20 Initial Guess Perturbations
Iteration 31/1000-----
J=4.2e-02, Jf=2.1e-02, ⟨B·n⟩=3.5e-02, Len=sum([7.5, 6.8, 5.6])=19.9, ϰ=[15.0, 9.3, 10.7], ∫ϰ²/L=[28.7, 22.0, 21.1], C-C-Sep=0.20, ║∇J║=4.2e-01
-----On 8/20 Initial Guess Perturbations
Iteration 32/1000-----
J=4.0e-02, Jf=1.7e-02, ⟨B·n⟩=3.1e-02, Len=sum([7.9, 6.9, 5.7])=20.5, ϰ=[15.4, 8.7, 18.7], ∫ϰ²/L=[30.7, 23.9, 28.7], C-C-Sep=0.18, ║∇J║=7.3e-01
-----On 8/20 Initial Guess Perturbations
Iteration 33/1000-----
J=3.8e-02, Jf=1.8e-02, ⟨B·n⟩=3.2e-02, Len=sum([7.8, 6.8, 5.7])=20.3, ϰ=[13.7, 7.9, 18.1], ∫ϰ²/L=[29.4, 20.2, 25.1], C-C-Sep=0.19, ║∇J║=3.2e-01
-----On 8/20 Initial Guess Perturbations
Iteration 34/1000-----
J=3.7e-02, Jf=1.6e-02, ⟨B·n⟩=3.0e-02, Len=sum([7.9, 6.9, 5.7])=20.5, ϰ=[14.5, 8.8, 21.2], ∫ϰ²/L=[29.3, 21.6, 27.3], C-C-Sep=0.19, ║∇J║=3.3e-01
-----On 8/20 Initial Guess Perturbations
Iteration 35/1000-----
J=3.5e-02, Jf=1.6e-02, ⟨B·n⟩=2.9e-02, Len=sum([7.9, 6.9, 5.7])=20.5, ϰ=[14.9, 9.3, 22.6], ∫ϰ²/L=[29.4, 22.3, 29.2], C-C-Sep=0.19, ║∇J║=3.0e-01
-----On 8/20 Initial Guess Perturbations
Iteration 36/1000-----
J=3.4e-02, Jf=1.4e-02, ⟨B·n⟩=2.8e-02, Len=sum([8.0, 6.9, 5.8])=20.7, ϰ=[12.6, 9.8, 22.5], ∫ϰ²/L=[28.8, 23.2, 30.7], C-C-Sep=0.19, ║∇J║=2.7e-01
-----On 8/20 Initial Guess Perturbations
Iteration 37/1000-----
J=3.3e-02, Jf=1.3e-02, ⟨B·n⟩=2.7e-02, Len=sum([8.2, 7.0, 5.8])=21.0, ϰ=[11.7, 10.0, 21.5], ∫ϰ²/L=[28.7, 24.7, 32.4], C-C-Sep=0.18, ║∇J║=4.4e-01
-----On 8/20 Initial Guess Perturbations
Iteration 38/1000-----
J=3.3e-02, Jf=1.3e-02, ⟨B·n⟩=2.7e-02, Len=sum([8.1, 6.9, 5.8])=20.8, ϰ=[11.6, 9.3, 18.5], ∫ϰ²/L=[27.9, 21.8, 28.2], C-C-Sep=0.19, ║∇J║=3.4e-01
-----On 8/20 Initial Guess Perturbations
Iteration 39/1000-----
J=3.2e-02, Jf=1.3e-02, ⟨B·n⟩=2.6e-02, Len=sum([8.2, 6.9, 5.8])=21.0, ϰ=[12.9, 8.9, 20.6], ∫ϰ²/L=[27.4, 22.0, 28.2], C-C-Sep=0.19, ║∇J║=3.8e-01
-----On 8/20 Initial Guess Perturbations
Iteration 40/1000-----
J=3.1e-02, Jf=1.2e-02, ⟨B·n⟩=2.6e-02, Len=sum([8.2, 6.9, 5.9])=21.0, ϰ=[12.6, 8.9, 19.2], ∫ϰ²/L=[27.0, 21.8, 28.0], C-C-Sep=0.19, ║∇J║=2.2e-01
-----On 8/20 Initial Guess Perturbations
Iteration 41/1000-----
J=3.0e-02, Jf=1.2e-02, ⟨B·n⟩=2.5e-02, Len=sum([8.3, 6.9, 5.9])=21.1, ϰ=[11.8, 8.8, 18.6], ∫ϰ²/L=[25.9, 21.4, 27.6], C-C-Sep=0.19, ║∇J║=2.0e-01
-----On 8/20 Initial Guess Perturbations
Iteration 42/1000-----
J=3.0e-02, Jf=1.2e-02, ⟨B·n⟩=2.5e-02, Len=sum([8.3, 6.9, 5.9])=21.1, ϰ=[11.3, 8.3, 17.8], ∫ϰ²/L=[25.0, 20.6, 26.9], C-C-Sep=0.19, ║∇J║=2.5e-01
-----On 8/20 Initial Guess Perturbations
Iteration 43/1000-----
J=3.0e-02, Jf=1.1e-02, ⟨B·n⟩=2.5e-02, Len=sum([8.3, 6.9, 5.9])=21.2, ϰ=[11.1, 7.5, 15.0], ∫ϰ²/L=[23.2, 18.9, 25.5], C-C-Sep=0.19, ║∇J║=2.2e-01
-----On 8/20 Initial Guess Perturbations
Iteration 44/1000-----
J=2.9e-02, Jf=1.1e-02, ⟨B·n⟩=2.5e-02, Len=sum([8.3, 6.9, 5.9])=21.1, ϰ=[11.7, 7.2, 12.0], ∫ϰ²/L=[22.3, 17.2, 23.4], C-C-Sep=0.20, ║∇J║=1.7e-01
-----On 8/20 Initial Guess Perturbations
Iteration 45/1000-----
J=2.8e-02, Jf=1.1e-02, ⟨B·n⟩=2.4e-02, Len=sum([8.2, 6.9, 5.9])=21.0, ϰ=[12.0, 6.7, 11.1], ∫ϰ²/L=[21.3, 15.4, 21.3], C-C-Sep=0.19, ║∇J║=2.2e-01
-----On 8/20 Initial Guess Perturbations
Iteration 46/1000-----
J=2.8e-02, Jf=1.1e-02, ⟨B·n⟩=2.4e-02, Len=sum([8.2, 6.9, 5.8])=20.9, ϰ=[12.0, 6.6, 10.4], ∫ϰ²/L=[20.7, 14.4, 20.1], C-C-Sep=0.20, ║∇J║=1.6e-01
-----On 8/20 Initial Guess Perturbations
Iteration 47/1000-----
J=2.8e-02, Jf=1.0e-02, ⟨B·n⟩=2.4e-02, Len=sum([8.2, 6.9, 5.8])=20.9, ϰ=[11.8, 6.7, 10.8], ∫ϰ²/L=[20.2, 14.1, 20.2], C-C-Sep=0.19, ║∇J║=1.5e-01
-----On 8/20 Initial Guess Perturbations
Iteration 48/1000-----
J=2.7e-02, Jf=9.8e-03, ⟨B·n⟩=2.3e-02, Len=sum([8.2, 6.9, 5.9])=20.9, ϰ=[11.2, 7.0, 10.3], ∫ϰ²/L=[19.9, 13.8, 20.6], C-C-Sep=0.19, ║∇J║=2.0e-01
-----On 8/20 Initial Guess Perturbations
Iteration 49/1000-----
J=2.7e-02, Jf=9.6e-03, ⟨B·n⟩=2.3e-02, Len=sum([8.2, 6.9, 5.9])=21.0, ϰ=[10.7, 7.4, 10.2], ∫ϰ²/L=[19.4, 13.6, 19.9], C-C-Sep=0.20, ║∇J║=1.6e-01
-----On 8/20 Initial Guess Perturbations
Iteration 50/1000-----
J=2.7e-02, Jf=9.3e-03, ⟨B·n⟩=2.2e-02, Len=sum([8.3, 6.9, 5.9])=21.0, ϰ=[10.6, 7.5, 9.9], ∫ϰ²/L=[19.2, 13.3, 19.7], C-C-Sep=0.19, ║∇J║=1.3e-01
-----On 8/20 Initial Guess Perturbations
Iteration 51/1000-----
J=2.6e-02, Jf=9.0e-03, ⟨B·n⟩=2.2e-02, Len=sum([8.3, 6.9, 5.9])=21.0, ϰ=[10.9, 7.9, 9.5], ∫ϰ²/L=[19.3, 12.5, 18.9], C-C-Sep=0.20, ║∇J║=1.4e-01
-----On 8/20 Initial Guess Perturbations
Iteration 52/1000-----
J=2.6e-02, Jf=8.5e-03, ⟨B·n⟩=2.1e-02, Len=sum([8.3, 6.9, 5.9])=21.1, ϰ=[11.1, 8.4, 10.0], ∫ϰ²/L=[20.3, 13.0, 19.8], C-C-Sep=0.19, ║∇J║=3.1e-01
-----On 8/20 Initial Guess Perturbations
Iteration 53/1000-----
J=2.6e-02, Jf=8.5e-03, ⟨B·n⟩=2.1e-02, Len=sum([8.3, 6.9, 5.9])=21.1, ϰ=[11.9, 8.7, 10.9], ∫ϰ²/L=[19.8, 11.6, 18.4], C-C-Sep=0.20, ║∇J║=2.2e-01
-----On 8/20 Initial Guess Perturbations
Iteration 54/1000-----
J=2.6e-02, Jf=8.4e-03, ⟨B·n⟩=2.1e-02, Len=sum([8.3, 6.9, 5.9])=21.0, ϰ=[11.7, 8.4, 10.0], ∫ϰ²/L=[19.8, 11.8, 18.2], C-C-Sep=0.20, ║∇J║=1.1e-01
-----On 8/20 Initial Guess Perturbations
Iteration 55/1000-----
J=2.6e-02, Jf=8.1e-03, ⟨B·n⟩=2.1e-02, Len=sum([8.3, 6.9, 5.9])=21.1, ϰ=[11.5, 8.5, 9.8], ∫ϰ²/L=[20.3, 12.2, 18.5], C-C-Sep=0.20, ║∇J║=1.2e-01
-----On 8/20 Initial Guess Perturbations
Iteration 56/1000-----
J=2.5e-02, Jf=7.2e-03, ⟨B·n⟩=2.0e-02, Len=sum([8.3, 6.9, 6.0])=21.2, ϰ=[11.2, 8.8, 10.2], ∫ϰ²/L=[22.1, 13.6, 19.9], C-C-Sep=0.19, ║∇J║=3.2e-01
-----On 8/20 Initial Guess Perturbations
Iteration 57/1000-----
J=2.5e-02, Jf=7.1e-03, ⟨B·n⟩=2.0e-02, Len=sum([8.3, 6.9, 6.0])=21.2, ϰ=[11.0, 8.7, 10.0], ∫ϰ²/L=[21.1, 12.6, 18.8], C-C-Sep=0.20, ║∇J║=1.6e-01
-----On 8/20 Initial Guess Perturbations
Iteration 58/1000-----
J=2.4e-02, Jf=6.7e-03, ⟨B·n⟩=1.9e-02, Len=sum([8.4, 6.9, 6.0])=21.3, ϰ=[11.0, 8.9, 9.5], ∫ϰ²/L=[21.4, 12.7, 19.6], C-C-Sep=0.20, ║∇J║=1.3e-01
-----On 8/20 Initial Guess Perturbations
Iteration 59/1000-----
J=2.4e-02, Jf=6.1e-03, ⟨B·n⟩=1.8e-02, Len=sum([8.4, 6.9, 6.1])=21.4, ϰ=[11.2, 9.0, 8.7], ∫ϰ²/L=[21.8, 13.0, 20.6], C-C-Sep=0.20, ║∇J║=1.4e-01
-----On 8/20 Initial Guess Perturbations
Iteration 60/1000-----
J=2.4e-02, Jf=5.6e-03, ⟨B·n⟩=1.8e-02, Len=sum([8.4, 6.9, 6.2])=21.5, ϰ=[11.2, 8.7, 8.4], ∫ϰ²/L=[22.2, 13.3, 20.6], C-C-Sep=0.19, ║∇J║=2.5e-01
-----On 8/20 Initial Guess Perturbations
Iteration 61/1000-----
J=2.3e-02, Jf=5.4e-03, ⟨B·n⟩=1.7e-02, Len=sum([8.4, 6.9, 6.2])=21.5, ϰ=[11.2, 8.6, 8.5], ∫ϰ²/L=[22.2, 13.1, 20.0], C-C-Sep=0.19, ║∇J║=1.5e-01
-----On 8/20 Initial Guess Perturbations
Iteration 62/1000-----
J=2.3e-02, Jf=5.2e-03, ⟨B·n⟩=1.7e-02, Len=sum([8.4, 6.9, 6.2])=21.5, ϰ=[11.4, 8.4, 8.8], ∫ϰ²/L=[22.0, 12.6, 19.3], C-C-Sep=0.19, ║∇J║=1.4e-01
-----On 8/20 Initial Guess Perturbations
Iteration 63/1000-----
J=2.3e-02, Jf=5.0e-03, ⟨B·n⟩=1.7e-02, Len=sum([8.4, 6.9, 6.2])=21.5, ϰ=[11.8, 8.0, 8.8], ∫ϰ²/L=[22.2, 12.2, 19.3], C-C-Sep=0.19, ║∇J║=1.3e-01
-----On 8/20 Initial Guess Perturbations
Iteration 64/1000-----
J=2.3e-02, Jf=4.7e-03, ⟨B·n⟩=1.7e-02, Len=sum([8.4, 6.9, 6.3])=21.6, ϰ=[11.8, 7.8, 9.1], ∫ϰ²/L=[22.5, 12.2, 20.3], C-C-Sep=0.19, ║∇J║=1.3e-01
-----On 8/20 Initial Guess Perturbations
Iteration 65/1000-----
J=2.3e-02, Jf=4.7e-03, ⟨B·n⟩=1.7e-02, Len=sum([8.4, 6.9, 6.2])=21.6, ϰ=[11.3, 7.9, 9.5], ∫ϰ²/L=[21.5, 11.3, 20.3], C-C-Sep=0.19, ║∇J║=1.7e-01
-----On 8/20 Initial Guess Perturbations
Iteration 66/1000-----
J=2.2e-02, Jf=4.4e-03, ⟨B·n⟩=1.6e-02, Len=sum([8.4, 6.9, 6.3])=21.7, ϰ=[11.1, 8.3, 9.4], ∫ϰ²/L=[22.0, 11.6, 20.3], C-C-Sep=0.19, ║∇J║=1.9e-01
-----On 8/20 Initial Guess Perturbations
Iteration 67/1000-----
J=2.2e-02, Jf=4.4e-03, ⟨B·n⟩=1.6e-02, Len=sum([8.4, 6.9, 6.3])=21.6, ϰ=[11.1, 8.4, 9.3], ∫ϰ²/L=[21.8, 11.1, 19.4], C-C-Sep=0.20, ║∇J║=1.2e-01
-----On 8/20 Initial Guess Perturbations
Iteration 68/1000-----
J=2.2e-02, Jf=4.2e-03, ⟨B·n⟩=1.6e-02, Len=sum([8.4, 6.9, 6.3])=21.6, ϰ=[11.2, 8.5, 9.5], ∫ϰ²/L=[22.0, 11.1, 19.5], C-C-Sep=0.20, ║∇J║=1.0e-01
-----On 8/20 Initial Guess Perturbations
Iteration 69/1000-----
J=2.2e-02, Jf=4.0e-03, ⟨B·n⟩=1.6e-02, Len=sum([8.3, 6.9, 6.3])=21.6, ϰ=[11.1, 8.7, 9.8], ∫ϰ²/L=[22.0, 11.0, 19.4], C-C-Sep=0.20, ║∇J║=1.0e-01
-----On 8/20 Initial Guess Perturbations
Iteration 70/1000-----
J=2.2e-02, Jf=3.8e-03, ⟨B·n⟩=1.5e-02, Len=sum([8.3, 6.9, 6.4])=21.6, ϰ=[11.2, 8.3, 10.1], ∫ϰ²/L=[22.2, 11.1, 19.1], C-C-Sep=0.20, ║∇J║=1.3e-01
-----On 8/20 Initial Guess Perturbations
Iteration 71/1000-----
J=2.1e-02, Jf=3.6e-03, ⟨B·n⟩=1.5e-02, Len=sum([8.3, 6.9, 6.4])=21.6, ϰ=[11.5, 8.3, 10.3], ∫ϰ²/L=[21.8, 11.0, 18.4], C-C-Sep=0.20, ║∇J║=1.1e-01
-----On 8/20 Initial Guess Perturbations
Iteration 72/1000-----
J=2.1e-02, Jf=3.6e-03, ⟨B·n⟩=1.5e-02, Len=sum([8.3, 6.9, 6.4])=21.6, ϰ=[11.6, 8.1, 10.3], ∫ϰ²/L=[21.4, 10.7, 18.1], C-C-Sep=0.20, ║∇J║=8.8e-02
-----On 8/20 Initial Guess Perturbations
Iteration 73/1000-----
J=2.1e-02, Jf=3.5e-03, ⟨B·n⟩=1.5e-02, Len=sum([8.3, 6.9, 6.4])=21.6, ϰ=[11.5, 7.7, 10.4], ∫ϰ²/L=[21.0, 10.5, 17.8], C-C-Sep=0.20, ║∇J║=9.3e-02
-----On 8/20 Initial Guess Perturbations
Iteration 74/1000-----
J=2.1e-02, Jf=3.4e-03, ⟨B·n⟩=1.4e-02, Len=sum([8.2, 6.9, 6.4])=21.5, ϰ=[11.2, 7.1, 10.3], ∫ϰ²/L=[20.4, 10.2, 17.7], C-C-Sep=0.19, ║∇J║=1.1e-01
-----On 8/20 Initial Guess Perturbations
Iteration 75/1000-----
J=2.1e-02, Jf=3.3e-03, ⟨B·n⟩=1.4e-02, Len=sum([8.2, 6.9, 6.4])=21.5, ϰ=[10.9, 7.1, 10.4], ∫ϰ²/L=[20.4, 10.2, 17.8], C-C-Sep=0.19, ║∇J║=8.0e-02
-----On 8/20 Initial Guess Perturbations
Iteration 76/1000-----
J=2.1e-02, Jf=3.3e-03, ⟨B·n⟩=1.4e-02, Len=sum([8.2, 6.9, 6.4])=21.4, ϰ=[10.6, 7.1, 10.6], ∫ϰ²/L=[20.0, 9.9, 17.8], C-C-Sep=0.20, ║∇J║=8.3e-02
-----On 8/20 Initial Guess Perturbations
Iteration 77/1000-----
J=2.1e-02, Jf=3.2e-03, ⟨B·n⟩=1.4e-02, Len=sum([8.2, 6.9, 6.4])=21.4, ϰ=[10.9, 7.2, 10.9], ∫ϰ²/L=[20.0, 9.9, 17.9], C-C-Sep=0.20, ║∇J║=8.1e-02
-----On 8/20 Initial Guess Perturbations
Iteration 78/1000-----
J=2.1e-02, Jf=3.1e-03, ⟨B·n⟩=1.4e-02, Len=sum([8.1, 6.8, 6.4])=21.4, ϰ=[11.0, 7.1, 11.2], ∫ϰ²/L=[19.5, 9.6, 17.8], C-C-Sep=0.20, ║∇J║=9.3e-02
-----On 8/20 Initial Guess Perturbations
Iteration 79/1000-----
J=2.1e-02, Jf=3.0e-03, ⟨B·n⟩=1.3e-02, Len=sum([8.1, 6.8, 6.4])=21.3, ϰ=[11.1, 6.8, 11.7], ∫ϰ²/L=[19.1, 9.6, 18.1], C-C-Sep=0.20, ║∇J║=1.0e-01
-----On 8/20 Initial Guess Perturbations
Iteration 80/1000-----
J=2.0e-02, Jf=3.0e-03, ⟨B·n⟩=1.3e-02, Len=sum([8.1, 6.8, 6.4])=21.3, ϰ=[11.0, 6.7, 11.6], ∫ϰ²/L=[18.9, 9.6, 18.1], C-C-Sep=0.20, ║∇J║=7.7e-02
-----On 8/20 Initial Guess Perturbations
Iteration 81/1000-----
J=2.0e-02, Jf=2.9e-03, ⟨B·n⟩=1.3e-02, Len=sum([8.1, 6.8, 6.4])=21.3, ϰ=[11.1, 6.6, 11.4], ∫ϰ²/L=[18.8, 9.5, 18.5], C-C-Sep=0.19, ║∇J║=7.9e-02
-----On 8/20 Initial Guess Perturbations
Iteration 82/1000-----
J=2.0e-02, Jf=2.8e-03, ⟨B·n⟩=1.3e-02, Len=sum([8.0, 6.8, 6.4])=21.2, ϰ=[11.3, 6.6, 11.3], ∫ϰ²/L=[18.7, 9.4, 18.8], C-C-Sep=0.19, ║∇J║=1.1e-01
-----On 8/20 Initial Guess Perturbations
Iteration 83/1000-----
J=2.0e-02, Jf=2.8e-03, ⟨B·n⟩=1.3e-02, Len=sum([8.0, 6.8, 6.4])=21.2, ϰ=[11.4, 6.5, 11.5], ∫ϰ²/L=[18.9, 9.3, 19.2], C-C-Sep=0.20, ║∇J║=8.7e-02
-----On 8/20 Initial Guess Perturbations
Iteration 84/1000-----
J=2.0e-02, Jf=2.7e-03, ⟨B·n⟩=1.2e-02, Len=sum([8.0, 6.8, 6.4])=21.1, ϰ=[11.7, 6.3, 11.7], ∫ϰ²/L=[19.0, 9.1, 19.3], C-C-Sep=0.20, ║∇J║=7.5e-02
-----On 8/20 Initial Guess Perturbations
Iteration 85/1000-----
J=2.0e-02, Jf=2.6e-03, ⟨B·n⟩=1.2e-02, Len=sum([7.9, 6.8, 6.4])=21.0, ϰ=[11.9, 6.1, 12.1], ∫ϰ²/L=[19.0, 9.0, 19.4], C-C-Sep=0.20, ║∇J║=7.9e-02
-----On 8/20 Initial Guess Perturbations
Iteration 86/1000-----
J=2.0e-02, Jf=2.6e-03, ⟨B·n⟩=1.2e-02, Len=sum([7.9, 6.8, 6.3])=21.0, ϰ=[11.7, 6.1, 12.2], ∫ϰ²/L=[18.9, 8.9, 19.2], C-C-Sep=0.20, ║∇J║=8.6e-02
-----On 8/20 Initial Guess Perturbations
Iteration 87/1000-----
J=2.0e-02, Jf=2.5e-03, ⟨B·n⟩=1.2e-02, Len=sum([7.9, 6.7, 6.4])=21.0, ϰ=[11.7, 6.1, 12.2], ∫ϰ²/L=[19.0, 9.1, 19.4], C-C-Sep=0.20, ║∇J║=8.4e-02
-----On 8/20 Initial Guess Perturbations
Iteration 88/1000-----
J=2.0e-02, Jf=2.4e-03, ⟨B·n⟩=1.2e-02, Len=sum([7.9, 6.7, 6.3])=20.9, ϰ=[11.5, 6.1, 12.0], ∫ϰ²/L=[18.5, 8.8, 18.9], C-C-Sep=0.20, ║∇J║=9.7e-02
-----On 8/20 Initial Guess Perturbations
Iteration 89/1000-----
J=2.0e-02, Jf=2.4e-03, ⟨B·n⟩=1.2e-02, Len=sum([7.9, 6.7, 6.4])=20.9, ϰ=[11.6, 6.1, 11.9], ∫ϰ²/L=[18.3, 8.6, 18.6], C-C-Sep=0.20, ║∇J║=7.1e-02
-----On 8/20 Initial Guess Perturbations
Iteration 90/1000-----
J=1.9e-02, Jf=2.4e-03, ⟨B·n⟩=1.2e-02, Len=sum([7.8, 6.7, 6.3])=20.9, ϰ=[11.9, 6.2, 11.8], ∫ϰ²/L=[18.6, 8.7, 18.8], C-C-Sep=0.19, ║∇J║=6.9e-02
-----On 8/20 Initial Guess Perturbations
Iteration 91/1000-----
J=1.9e-02, Jf=2.4e-03, ⟨B·n⟩=1.2e-02, Len=sum([7.8, 6.7, 6.3])=20.8, ϰ=[12.1, 6.3, 11.8], ∫ϰ²/L=[18.3, 8.2, 18.2], C-C-Sep=0.20, ║∇J║=8.1e-02
-----On 8/20 Initial Guess Perturbations
Iteration 92/1000-----
J=1.9e-02, Jf=2.3e-03, ⟨B·n⟩=1.1e-02, Len=sum([7.8, 6.7, 6.3])=20.8, ϰ=[12.1, 6.6, 12.0], ∫ϰ²/L=[18.5, 8.2, 18.3], C-C-Sep=0.19, ║∇J║=8.7e-02
-----On 8/20 Initial Guess Perturbations
Iteration 93/1000-----
J=1.9e-02, Jf=2.3e-03, ⟨B·n⟩=1.1e-02, Len=sum([7.8, 6.7, 6.3])=20.7, ϰ=[11.8, 6.4, 12.0], ∫ϰ²/L=[18.2, 7.9, 17.8], C-C-Sep=0.19, ║∇J║=9.7e-02
-----On 8/20 Initial Guess Perturbations
Iteration 94/1000-----
J=1.9e-02, Jf=2.3e-03, ⟨B·n⟩=1.1e-02, Len=sum([7.7, 6.7, 6.3])=20.7, ϰ=[11.6, 6.3, 11.9], ∫ϰ²/L=[18.2, 7.8, 17.8], C-C-Sep=0.19, ║∇J║=7.5e-02
-----On 8/20 Initial Guess Perturbations
Iteration 95/1000-----
J=1.9e-02, Jf=2.3e-03, ⟨B·n⟩=1.1e-02, Len=sum([7.7, 6.7, 6.3])=20.7, ϰ=[11.4, 6.0, 12.0], ∫ϰ²/L=[18.1, 7.7, 17.7], C-C-Sep=0.19, ║∇J║=6.6e-02
-----On 8/20 Initial Guess Perturbations
Iteration 96/1000-----
J=1.9e-02, Jf=2.2e-03, ⟨B·n⟩=1.1e-02, Len=sum([7.7, 6.6, 6.3])=20.6, ϰ=[11.6, 6.0, 11.8], ∫ϰ²/L=[18.3, 7.7, 17.8], C-C-Sep=0.19, ║∇J║=1.0e-01
-----On 8/20 Initial Guess Perturbations
Iteration 97/1000-----
J=1.9e-02, Jf=2.2e-03, ⟨B·n⟩=1.1e-02, Len=sum([7.7, 6.6, 6.2])=20.5, ϰ=[12.0, 5.9, 11.8], ∫ϰ²/L=[18.1, 7.4, 17.4], C-C-Sep=0.20, ║∇J║=7.5e-02
-----On 8/20 Initial Guess Perturbations
Iteration 98/1000-----
J=1.9e-02, Jf=2.2e-03, ⟨B·n⟩=1.1e-02, Len=sum([7.7, 6.6, 6.2])=20.5, ϰ=[12.0, 5.8, 11.8], ∫ϰ²/L=[18.1, 7.4, 17.4], C-C-Sep=0.20, ║∇J║=6.0e-02
-----On 8/20 Initial Guess Perturbations
Iteration 99/1000-----
J=1.9e-02, Jf=2.2e-03, ⟨B·n⟩=1.1e-02, Len=sum([7.6, 6.6, 6.2])=20.4, ϰ=[11.9, 5.6, 11.9], ∫ϰ²/L=[18.2, 7.4, 17.2], C-C-Sep=0.19, ║∇J║=6.8e-02
-----On 8/20 Initial Guess Perturbations
Iteration 100/1000-----
J=1.9e-02, Jf=2.2e-03, ⟨B·n⟩=1.1e-02, Len=sum([7.6, 6.6, 6.2])=20.4, ϰ=[12.0, 5.8, 12.0], ∫ϰ²/L=[17.7, 7.1, 16.9], C-C-Sep=0.20, ║∇J║=8.8e-02
-----On 8/20 Initial Guess Perturbations
Iteration 101/1000-----
J=1.9e-02, Jf=2.1e-03, ⟨B·n⟩=1.1e-02, Len=sum([7.6, 6.6, 6.2])=20.4, ϰ=[11.7, 5.6, 11.9], ∫ϰ²/L=[17.7, 7.1, 16.7], C-C-Sep=0.20, ║∇J║=8.2e-02
-----On 8/20 Initial Guess Perturbations
Iteration 102/1000-----
J=1.9e-02, Jf=2.1e-03, ⟨B·n⟩=1.1e-02, Len=sum([7.5, 6.6, 6.2])=20.3, ϰ=[11.5, 5.4, 11.5], ∫ϰ²/L=[17.6, 7.0, 16.6], C-C-Sep=0.19, ║∇J║=1.3e-01
-----On 8/20 Initial Guess Perturbations
Iteration 103/1000-----
J=1.9e-02, Jf=2.1e-03, ⟨B·n⟩=1.1e-02, Len=sum([7.5, 6.6, 6.2])=20.3, ϰ=[11.7, 6.1, 11.2], ∫ϰ²/L=[17.4, 6.7, 16.5], C-C-Sep=0.19, ║∇J║=1.5e-01
-----On 8/20 Initial Guess Perturbations
Iteration 104/1000-----
J=1.9e-02, Jf=2.1e-03, ⟨B·n⟩=1.1e-02, Len=sum([7.5, 6.6, 6.2])=20.3, ϰ=[11.3, 5.6, 11.4], ∫ϰ²/L=[17.5, 6.8, 16.5], C-C-Sep=0.20, ║∇J║=9.0e-02
-----On 8/20 Initial Guess Perturbations
Iteration 105/1000-----
J=1.9e-02, Jf=2.1e-03, ⟨B·n⟩=1.1e-02, Len=sum([7.5, 6.6, 6.2])=20.3, ϰ=[11.3, 5.8, 11.4], ∫ϰ²/L=[17.4, 6.9, 16.2], C-C-Sep=0.20, ║∇J║=6.5e-02
-----On 8/20 Initial Guess Perturbations
Iteration 106/1000-----
J=1.8e-02, Jf=2.1e-03, ⟨B·n⟩=1.0e-02, Len=sum([7.5, 6.6, 6.2])=20.2, ϰ=[11.5, 6.2, 11.4], ∫ϰ²/L=[17.2, 6.9, 15.9], C-C-Sep=0.20, ║∇J║=6.5e-02
-----On 8/20 Initial Guess Perturbations
Iteration 107/1000-----
J=1.8e-02, Jf=2.0e-03, ⟨B·n⟩=1.0e-02, Len=sum([7.5, 6.5, 6.2])=20.2, ϰ=[11.6, 6.5, 11.2], ∫ϰ²/L=[17.4, 7.2, 15.6], C-C-Sep=0.20, ║∇J║=7.9e-02
-----On 8/20 Initial Guess Perturbations
Iteration 108/1000-----
J=1.8e-02, Jf=2.0e-03, ⟨B·n⟩=1.0e-02, Len=sum([7.4, 6.5, 6.2])=20.1, ϰ=[11.8, 6.6, 11.0], ∫ϰ²/L=[17.3, 7.4, 15.6], C-C-Sep=0.20, ║∇J║=6.9e-02
-----On 8/20 Initial Guess Perturbations
Iteration 109/1000-----
J=1.8e-02, Jf=1.9e-03, ⟨B·n⟩=1.0e-02, Len=sum([7.4, 6.5, 6.1])=20.1, ϰ=[12.0, 6.4, 10.9], ∫ϰ²/L=[17.1, 7.4, 15.3], C-C-Sep=0.20, ║∇J║=5.9e-02
-----On 8/20 Initial Guess Perturbations
Iteration 110/1000-----
J=1.8e-02, Jf=1.9e-03, ⟨B·n⟩=9.9e-03, Len=sum([7.4, 6.5, 6.1])=20.1, ϰ=[12.0, 6.2, 10.6], ∫ϰ²/L=[17.0, 7.3, 15.1], C-C-Sep=0.19, ║∇J║=6.5e-02
-----On 8/20 Initial Guess Perturbations
Iteration 111/1000-----
J=1.8e-02, Jf=1.9e-03, ⟨B·n⟩=9.8e-03, Len=sum([7.4, 6.5, 6.1])=20.0, ϰ=[12.1, 6.0, 10.5], ∫ϰ²/L=[16.7, 7.3, 14.8], C-C-Sep=0.19, ║∇J║=7.7e-02
-----On 8/20 Initial Guess Perturbations
Iteration 112/1000-----
J=1.8e-02, Jf=1.8e-03, ⟨B·n⟩=9.7e-03, Len=sum([7.4, 6.5, 6.1])=20.0, ϰ=[12.1, 6.0, 10.4], ∫ϰ²/L=[16.6, 7.5, 15.0], C-C-Sep=0.19, ║∇J║=6.8e-02
-----On 8/20 Initial Guess Perturbations
Iteration 113/1000-----
J=1.8e-02, Jf=1.8e-03, ⟨B·n⟩=9.6e-03, Len=sum([7.3, 6.5, 6.1])=20.0, ϰ=[11.8, 5.8, 10.3], ∫ϰ²/L=[16.3, 7.5, 15.2], C-C-Sep=0.19, ║∇J║=7.1e-02
-----On 8/20 Initial Guess Perturbations
Iteration 114/1000-----
J=1.8e-02, Jf=1.8e-03, ⟨B·n⟩=9.4e-03, Len=sum([7.3, 6.5, 6.1])=20.0, ϰ=[11.3, 5.9, 10.1], ∫ϰ²/L=[16.3, 7.8, 15.6], C-C-Sep=0.20, ║∇J║=8.2e-02
-----On 8/20 Initial Guess Perturbations
Iteration 115/1000-----
J=1.8e-02, Jf=1.8e-03, ⟨B·n⟩=9.5e-03, Len=sum([7.3, 6.5, 6.1])=19.9, ϰ=[11.4, 5.8, 10.2], ∫ϰ²/L=[16.0, 7.6, 15.4], C-C-Sep=0.20, ║∇J║=8.2e-02
-----On 8/20 Initial Guess Perturbations
Iteration 116/1000-----
J=1.8e-02, Jf=1.7e-03, ⟨B·n⟩=9.4e-03, Len=sum([7.3, 6.5, 6.1])=19.9, ϰ=[11.4, 5.6, 10.3], ∫ϰ²/L=[16.0, 7.6, 15.6], C-C-Sep=0.20, ║∇J║=6.7e-02
-----On 8/20 Initial Guess Perturbations
Iteration 117/1000-----
J=1.8e-02, Jf=1.7e-03, ⟨B·n⟩=9.3e-03, Len=sum([7.3, 6.5, 6.1])=19.9, ϰ=[11.5, 5.3, 10.1], ∫ϰ²/L=[15.7, 7.3, 15.5], C-C-Sep=0.20, ║∇J║=8.1e-02
-----On 8/20 Initial Guess Perturbations
Iteration 118/1000-----
J=1.8e-02, Jf=1.7e-03, ⟨B·n⟩=9.2e-03, Len=sum([7.3, 6.5, 6.1])=19.8, ϰ=[11.3, 5.4, 10.0], ∫ϰ²/L=[15.7, 7.4, 15.9], C-C-Sep=0.20, ║∇J║=6.2e-02
-----On 8/20 Initial Guess Perturbations
Iteration 119/1000-----
J=1.8e-02, Jf=1.7e-03, ⟨B·n⟩=9.1e-03, Len=sum([7.2, 6.5, 6.1])=19.8, ϰ=[11.2, 5.5, 10.4], ∫ϰ²/L=[15.7, 7.5, 16.2], C-C-Sep=0.20, ║∇J║=6.0e-02
-----On 8/20 Initial Guess Perturbations
Iteration 120/1000-----
J=1.8e-02, Jf=1.7e-03, ⟨B·n⟩=9.0e-03, Len=sum([7.2, 6.5, 6.1])=19.8, ϰ=[11.1, 5.6, 10.4], ∫ϰ²/L=[15.6, 7.4, 16.5], C-C-Sep=0.20, ║∇J║=6.3e-02
-----On 8/20 Initial Guess Perturbations
Iteration 121/1000-----
J=1.8e-02, Jf=1.6e-03, ⟨B·n⟩=8.9e-03, Len=sum([7.2, 6.5, 6.1])=19.7, ϰ=[10.9, 6.1, 10.9], ∫ϰ²/L=[15.5, 7.2, 16.9], C-C-Sep=0.20, ║∇J║=7.1e-02
-----On 8/20 Initial Guess Perturbations
Iteration 122/1000-----
J=1.8e-02, Jf=1.6e-03, ⟨B·n⟩=8.7e-03, Len=sum([7.2, 6.5, 6.0])=19.7, ϰ=[10.5, 6.1, 11.0], ∫ϰ²/L=[15.7, 7.3, 17.4], C-C-Sep=0.20, ║∇J║=7.7e-02
-----On 8/20 Initial Guess Perturbations
Iteration 123/1000-----
J=1.8e-02, Jf=1.6e-03, ⟨B·n⟩=8.7e-03, Len=sum([7.2, 6.5, 6.0])=19.7, ϰ=[10.5, 6.0, 10.9], ∫ϰ²/L=[15.4, 7.1, 16.9], C-C-Sep=0.20, ║∇J║=5.1e-02
-----On 8/20 Initial Guess Perturbations
Iteration 124/1000-----
J=1.7e-02, Jf=1.6e-03, ⟨B·n⟩=8.6e-03, Len=sum([7.2, 6.5, 6.0])=19.7, ϰ=[10.3, 6.0, 11.3], ∫ϰ²/L=[15.4, 7.1, 17.0], C-C-Sep=0.20, ║∇J║=5.6e-02
-----On 8/20 Initial Guess Perturbations
Iteration 125/1000-----
J=1.7e-02, Jf=1.5e-03, ⟨B·n⟩=8.5e-03, Len=sum([7.2, 6.4, 6.0])=19.6, ϰ=[10.3, 5.8, 11.5], ∫ϰ²/L=[15.3, 7.0, 17.0], C-C-Sep=0.20, ║∇J║=5.5e-02
-----On 8/20 Initial Guess Perturbations
Iteration 126/1000-----
J=1.7e-02, Jf=1.5e-03, ⟨B·n⟩=8.3e-03, Len=sum([7.1, 6.4, 6.0])=19.6, ϰ=[10.2, 5.8, 11.7], ∫ϰ²/L=[15.4, 7.2, 17.8], C-C-Sep=0.20, ║∇J║=7.9e-02
-----On 8/20 Initial Guess Perturbations
Iteration 127/1000-----
J=1.7e-02, Jf=1.5e-03, ⟨B·n⟩=8.3e-03, Len=sum([7.1, 6.4, 6.0])=19.5, ϰ=[10.4, 5.5, 11.6], ∫ϰ²/L=[15.5, 7.1, 18.1], C-C-Sep=0.20, ║∇J║=5.8e-02
-----On 8/20 Initial Guess Perturbations
Iteration 128/1000-----
J=1.7e-02, Jf=1.4e-03, ⟨B·n⟩=8.2e-03, Len=sum([7.1, 6.4, 6.0])=19.5, ϰ=[10.6, 5.4, 11.4], ∫ϰ²/L=[15.6, 7.1, 18.2], C-C-Sep=0.20, ║∇J║=5.6e-02
-----On 8/20 Initial Guess Perturbations
Iteration 129/1000-----
J=1.7e-02, Jf=1.4e-03, ⟨B·n⟩=8.2e-03, Len=sum([7.0, 6.4, 6.0])=19.4, ϰ=[11.1, 5.4, 11.4], ∫ϰ²/L=[15.7, 7.0, 18.1], C-C-Sep=0.20, ║∇J║=6.7e-02
-----On 8/20 Initial Guess Perturbations
Iteration 130/1000-----
J=1.7e-02, Jf=1.4e-03, ⟨B·n⟩=8.1e-03, Len=sum([7.0, 6.4, 6.0])=19.4, ϰ=[11.2, 5.7, 11.8], ∫ϰ²/L=[16.1, 7.4, 18.6], C-C-Sep=0.20, ║∇J║=6.4e-02
-----On 8/20 Initial Guess Perturbations
Iteration 131/1000-----
J=1.7e-02, Jf=1.4e-03, ⟨B·n⟩=8.1e-03, Len=sum([7.0, 6.4, 6.0])=19.4, ϰ=[11.2, 6.0, 11.9], ∫ϰ²/L=[16.0, 7.3, 18.2], C-C-Sep=0.20, ║∇J║=5.0e-02
-----On 8/20 Initial Guess Perturbations
Iteration 132/1000-----
J=1.7e-02, Jf=1.4e-03, ⟨B·n⟩=8.0e-03, Len=sum([7.0, 6.4, 6.0])=19.4, ϰ=[11.0, 6.3, 12.2], ∫ϰ²/L=[16.2, 7.7, 18.2], C-C-Sep=0.19, ║∇J║=5.1e-02
-----On 8/20 Initial Guess Perturbations
Iteration 133/1000-----
J=1.7e-02, Jf=1.4e-03, ⟨B·n⟩=8.0e-03, Len=sum([7.0, 6.4, 5.9])=19.3, ϰ=[11.0, 6.5, 12.2], ∫ϰ²/L=[16.0, 7.6, 17.7], C-C-Sep=0.20, ║∇J║=6.7e-02
-----On 8/20 Initial Guess Perturbations
Iteration 134/1000-----
J=1.7e-02, Jf=1.4e-03, ⟨B·n⟩=8.0e-03, Len=sum([7.0, 6.4, 5.9])=19.3, ϰ=[11.0, 6.5, 12.1], ∫ϰ²/L=[16.2, 7.8, 17.7], C-C-Sep=0.20, ║∇J║=4.8e-02
-----On 8/20 Initial Guess Perturbations
Iteration 135/1000-----
J=1.7e-02, Jf=1.4e-03, ⟨B·n⟩=8.0e-03, Len=sum([6.9, 6.4, 5.9])=19.2, ϰ=[11.1, 6.5, 12.0], ∫ϰ²/L=[16.2, 8.0, 17.6], C-C-Sep=0.20, ║∇J║=5.0e-02
-----On 8/20 Initial Guess Perturbations
Iteration 136/1000-----
J=1.7e-02, Jf=1.4e-03, ⟨B·n⟩=7.9e-03, Len=sum([6.9, 6.4, 5.9])=19.2, ϰ=[11.2, 6.3, 12.0], ∫ϰ²/L=[16.2, 8.0, 17.2], C-C-Sep=0.20, ║∇J║=8.7e-02
-----On 8/20 Initial Guess Perturbations
Iteration 137/1000-----
J=1.7e-02, Jf=1.4e-03, ⟨B·n⟩=7.9e-03, Len=sum([6.9, 6.4, 5.9])=19.1, ϰ=[11.2, 6.1, 12.1], ∫ϰ²/L=[16.0, 7.9, 17.2], C-C-Sep=0.20, ║∇J║=5.8e-02
-----On 8/20 Initial Guess Perturbations
Iteration 138/1000-----
J=1.7e-02, Jf=1.3e-03, ⟨B·n⟩=7.9e-03, Len=sum([6.9, 6.4, 5.9])=19.1, ϰ=[11.2, 6.2, 12.1], ∫ϰ²/L=[16.0, 8.0, 17.1], C-C-Sep=0.20, ║∇J║=5.3e-02
-----On 8/20 Initial Guess Perturbations
Iteration 139/1000-----
J=1.7e-02, Jf=1.3e-03, ⟨B·n⟩=7.9e-03, Len=sum([6.9, 6.4, 5.8])=19.0, ϰ=[11.4, 6.3, 12.3], ∫ϰ²/L=[16.0, 8.2, 17.2], C-C-Sep=0.20, ║∇J║=5.3e-02
-----On 8/20 Initial Guess Perturbations
Iteration 140/1000-----
J=1.7e-02, Jf=1.3e-03, ⟨B·n⟩=7.9e-03, Len=sum([6.8, 6.3, 5.8])=19.0, ϰ=[11.2, 6.4, 12.0], ∫ϰ²/L=[15.8, 8.2, 17.1], C-C-Sep=0.20, ║∇J║=5.6e-02
-----On 8/20 Initial Guess Perturbations
Iteration 141/1000-----
J=1.7e-02, Jf=1.3e-03, ⟨B·n⟩=7.9e-03, Len=sum([6.8, 6.3, 5.8])=18.9, ϰ=[11.0, 6.4, 11.8], ∫ϰ²/L=[16.1, 8.9, 17.4], C-C-Sep=0.20, ║∇J║=7.6e-02
-----On 8/20 Initial Guess Perturbations
Iteration 142/1000-----
J=1.7e-02, Jf=1.3e-03, ⟨B·n⟩=7.9e-03, Len=sum([6.8, 6.3, 5.8])=18.9, ϰ=[10.9, 6.4, 11.4], ∫ϰ²/L=[15.5, 8.5, 16.8], C-C-Sep=0.20, ║∇J║=6.5e-02
-----On 8/20 Initial Guess Perturbations
Iteration 143/1000-----
J=1.7e-02, Jf=1.3e-03, ⟨B·n⟩=7.9e-03, Len=sum([6.8, 6.3, 5.7])=18.9, ϰ=[10.7, 6.3, 11.3], ∫ϰ²/L=[15.5, 8.5, 16.7], C-C-Sep=0.20, ║∇J║=5.5e-02
-----On 8/20 Initial Guess Perturbations
Iteration 144/1000-----
J=1.7e-02, Jf=1.3e-03, ⟨B·n⟩=7.9e-03, Len=sum([6.8, 6.3, 5.7])=18.8, ϰ=[10.7, 6.5, 11.1], ∫ϰ²/L=[15.4, 8.5, 16.6], C-C-Sep=0.20, ║∇J║=5.5e-02
-----On 8/20 Initial Guess Perturbations
Iteration 145/1000-----
J=1.7e-02, Jf=1.4e-03, ⟨B·n⟩=8.0e-03, Len=sum([6.7, 6.3, 5.7])=18.7, ϰ=[10.7, 6.7, 11.1], ∫ϰ²/L=[15.7, 8.8, 16.8], C-C-Sep=0.20, ║∇J║=6.7e-02
-----On 8/20 Initial Guess Perturbations
Iteration 146/1000-----
J=1.6e-02, Jf=1.4e-03, ⟨B·n⟩=8.0e-03, Len=sum([6.7, 6.3, 5.6])=18.6, ϰ=[10.6, 6.9, 11.2], ∫ϰ²/L=[15.5, 8.5, 16.6], C-C-Sep=0.20, ║∇J║=6.9e-02
-----On 8/20 Initial Guess Perturbations
Iteration 147/1000-----
J=1.6e-02, Jf=1.4e-03, ⟨B·n⟩=8.0e-03, Len=sum([6.7, 6.3, 5.6])=18.6, ϰ=[10.5, 6.7, 11.2], ∫ϰ²/L=[15.4, 8.4, 16.4], C-C-Sep=0.20, ║∇J║=5.2e-02
-----On 8/20 Initial Guess Perturbations
Iteration 148/1000-----
J=1.6e-02, Jf=1.3e-03, ⟨B·n⟩=7.9e-03, Len=sum([6.7, 6.3, 5.6])=18.5, ϰ=[10.8, 6.4, 11.1], ∫ϰ²/L=[14.8, 7.8, 15.8], C-C-Sep=0.20, ║∇J║=6.7e-02
-----On 8/20 Initial Guess Perturbations
Iteration 149/1000-----
J=1.6e-02, Jf=1.3e-03, ⟨B·n⟩=8.0e-03, Len=sum([6.6, 6.3, 5.6])=18.5, ϰ=[10.7, 6.6, 11.3], ∫ϰ²/L=[15.1, 8.4, 16.0], C-C-Sep=0.19, ║∇J║=2.6e-01
-----On 8/20 Initial Guess Perturbations
Iteration 150/1000-----
J=1.6e-02, Jf=1.3e-03, ⟨B·n⟩=7.9e-03, Len=sum([6.7, 6.3, 5.6])=18.5, ϰ=[10.7, 6.5, 11.2], ∫ϰ²/L=[14.9, 8.0, 15.9], C-C-Sep=0.20, ║∇J║=5.8e-02
-----On 8/20 Initial Guess Perturbations
Iteration 151/1000-----
J=1.6e-02, Jf=1.3e-03, ⟨B·n⟩=8.0e-03, Len=sum([6.6, 6.3, 5.6])=18.5, ϰ=[10.7, 6.4, 11.2], ∫ϰ²/L=[14.7, 7.9, 15.7], C-C-Sep=0.20, ║∇J║=5.9e-02
-----On 8/20 Initial Guess Perturbations
Iteration 152/1000-----
J=1.6e-02, Jf=1.3e-03, ⟨B·n⟩=8.0e-03, Len=sum([6.6, 6.2, 5.5])=18.4, ϰ=[10.1, 6.7, 11.4], ∫ϰ²/L=[15.1, 8.4, 15.6], C-C-Sep=0.19, ║∇J║=1.7e-01
-----On 8/20 Initial Guess Perturbations
Iteration 153/1000-----
J=1.6e-02, Jf=1.3e-03, ⟨B·n⟩=8.0e-03, Len=sum([6.6, 6.2, 5.6])=18.4, ϰ=[10.3, 6.4, 11.3], ∫ϰ²/L=[14.8, 8.0, 15.6], C-C-Sep=0.20, ║∇J║=6.9e-02
-----On 8/20 Initial Guess Perturbations
Iteration 154/1000-----
J=1.6e-02, Jf=1.3e-03, ⟨B·n⟩=8.0e-03, Len=sum([6.6, 6.2, 5.5])=18.4, ϰ=[10.4, 7.0, 11.5], ∫ϰ²/L=[15.1, 8.2, 15.3], C-C-Sep=0.20, ║∇J║=7.7e-02
-----On 8/20 Initial Guess Perturbations
Iteration 155/1000-----
J=1.6e-02, Jf=1.3e-03, ⟨B·n⟩=8.0e-03, Len=sum([6.6, 6.2, 5.5])=18.3, ϰ=[10.3, 7.1, 11.5], ∫ϰ²/L=[15.1, 8.4, 15.4], C-C-Sep=0.20, ║∇J║=5.0e-02
-----On 8/20 Initial Guess Perturbations
Iteration 156/1000-----
J=1.6e-02, Jf=1.3e-03, ⟨B·n⟩=8.0e-03, Len=sum([6.6, 6.2, 5.5])=18.3, ϰ=[10.3, 7.1, 11.5], ∫ϰ²/L=[15.2, 8.5, 15.3], C-C-Sep=0.20, ║∇J║=4.6e-02
-----On 8/20 Initial Guess Perturbations
Iteration 157/1000-----
J=1.6e-02, Jf=1.3e-03, ⟨B·n⟩=8.0e-03, Len=sum([6.6, 6.2, 5.5])=18.3, ϰ=[10.3, 7.1, 11.5], ∫ϰ²/L=[15.3, 8.4, 15.0], C-C-Sep=0.20, ║∇J║=4.3e-02
-----On 8/20 Initial Guess Perturbations
Iteration 158/1000-----
J=1.6e-02, Jf=1.3e-03, ⟨B·n⟩=8.1e-03, Len=sum([6.5, 6.2, 5.5])=18.2, ϰ=[10.6, 7.4, 11.6], ∫ϰ²/L=[15.9, 8.5, 14.8], C-C-Sep=0.20, ║∇J║=6.3e-02
-----On 8/20 Initial Guess Perturbations
Iteration 159/1000-----
J=1.6e-02, Jf=1.3e-03, ⟨B·n⟩=8.1e-03, Len=sum([6.5, 6.2, 5.4])=18.1, ϰ=[10.5, 7.6, 11.6], ∫ϰ²/L=[15.8, 8.1, 15.0], C-C-Sep=0.20, ║∇J║=8.3e-02
-----On 8/20 Initial Guess Perturbations
Iteration 160/1000-----
J=1.6e-02, Jf=1.3e-03, ⟨B·n⟩=8.1e-03, Len=sum([6.5, 6.2, 5.4])=18.1, ϰ=[10.4, 7.4, 11.8], ∫ϰ²/L=[15.6, 7.8, 14.9], C-C-Sep=0.20, ║∇J║=5.5e-02
-----On 8/20 Initial Guess Perturbations
Iteration 161/1000-----
J=1.6e-02, Jf=1.3e-03, ⟨B·n⟩=8.1e-03, Len=sum([6.5, 6.2, 5.4])=18.1, ϰ=[10.3, 7.2, 12.0], ∫ϰ²/L=[15.6, 7.8, 15.0], C-C-Sep=0.20, ║∇J║=4.5e-02
-----On 8/20 Initial Guess Perturbations
Iteration 162/1000-----
J=1.6e-02, Jf=1.3e-03, ⟨B·n⟩=8.1e-03, Len=sum([6.5, 6.1, 5.4])=18.0, ϰ=[10.2, 7.1, 12.2], ∫ϰ²/L=[15.6, 7.8, 15.2], C-C-Sep=0.20, ║∇J║=5.1e-02
-----On 8/20 Initial Guess Perturbations
Iteration 163/1000-----
J=1.6e-02, Jf=1.3e-03, ⟨B·n⟩=8.1e-03, Len=sum([6.4, 6.1, 5.4])=17.9, ϰ=[9.9, 7.2, 12.1], ∫ϰ²/L=[15.9, 8.0, 15.6], C-C-Sep=0.20, ║∇J║=6.4e-02
-----On 8/20 Initial Guess Perturbations
Iteration 164/1000-----
J=1.6e-02, Jf=1.3e-03, ⟨B·n⟩=8.1e-03, Len=sum([6.4, 6.1, 5.3])=17.8, ϰ=[10.1, 7.3, 12.0], ∫ϰ²/L=[15.9, 8.2, 15.1], C-C-Sep=0.20, ║∇J║=6.3e-02
-----On 8/20 Initial Guess Perturbations
Iteration 165/1000-----
J=1.6e-02, Jf=1.3e-03, ⟨B·n⟩=8.1e-03, Len=sum([6.4, 6.1, 5.3])=17.8, ϰ=[10.1, 7.4, 11.9], ∫ϰ²/L=[16.2, 8.4, 15.1], C-C-Sep=0.20, ║∇J║=5.4e-02
-----On 8/20 Initial Guess Perturbations
Iteration 166/1000-----
J=1.6e-02, Jf=1.3e-03, ⟨B·n⟩=8.1e-03, Len=sum([6.4, 6.1, 5.3])=17.7, ϰ=[10.0, 7.5, 12.1], ∫ϰ²/L=[16.2, 8.4, 14.8], C-C-Sep=0.20, ║∇J║=6.3e-02
-----On 8/20 Initial Guess Perturbations
Iteration 167/1000-----
J=1.6e-02, Jf=1.3e-03, ⟨B·n⟩=8.1e-03, Len=sum([6.4, 6.1, 5.3])=17.7, ϰ=[9.8, 7.4, 12.2], ∫ϰ²/L=[16.0, 8.1, 14.7], C-C-Sep=0.20, ║∇J║=6.2e-02
-----On 8/20 Initial Guess Perturbations
Iteration 168/1000-----
J=1.6e-02, Jf=1.3e-03, ⟨B·n⟩=8.1e-03, Len=sum([6.3, 6.1, 5.2])=17.6, ϰ=[9.8, 7.3, 12.3], ∫ϰ²/L=[16.2, 8.3, 14.9], C-C-Sep=0.20, ║∇J║=6.3e-02
-----On 8/20 Initial Guess Perturbations
Iteration 169/1000-----
J=1.6e-02, Jf=1.3e-03, ⟨B·n⟩=8.1e-03, Len=sum([6.3, 6.0, 5.2])=17.6, ϰ=[10.1, 7.2, 12.5], ∫ϰ²/L=[15.6, 8.2, 14.9], C-C-Sep=0.20, ║∇J║=9.3e-02
-----On 8/20 Initial Guess Perturbations
Iteration 170/1000-----
J=1.6e-02, Jf=1.3e-03, ⟨B·n⟩=8.1e-03, Len=sum([6.3, 6.0, 5.2])=17.5, ϰ=[10.1, 7.2, 12.5], ∫ϰ²/L=[15.8, 8.0, 14.8], C-C-Sep=0.20, ║∇J║=5.9e-02
-----On 8/20 Initial Guess Perturbations
Iteration 171/1000-----
J=1.6e-02, Jf=1.3e-03, ⟨B·n⟩=8.2e-03, Len=sum([6.3, 6.0, 5.2])=17.5, ϰ=[9.8, 7.2, 12.3], ∫ϰ²/L=[15.8, 7.9, 14.9], C-C-Sep=0.20, ║∇J║=6.2e-02
-----On 8/20 Initial Guess Perturbations
Iteration 172/1000-----
J=1.5e-02, Jf=1.3e-03, ⟨B·n⟩=8.2e-03, Len=sum([6.3, 6.0, 5.2])=17.4, ϰ=[10.1, 7.3, 12.0], ∫ϰ²/L=[15.9, 8.0, 14.9], C-C-Sep=0.20, ║∇J║=5.5e-02
-----On 8/20 Initial Guess Perturbations
Iteration 173/1000-----
J=1.5e-02, Jf=1.3e-03, ⟨B·n⟩=8.3e-03, Len=sum([6.2, 6.0, 5.1])=17.3, ϰ=[9.6, 7.1, 11.4], ∫ϰ²/L=[15.4, 7.8, 15.3], C-C-Sep=0.20, ║∇J║=6.3e-02
-----On 8/20 Initial Guess Perturbations
Iteration 174/1000-----
J=1.5e-02, Jf=1.3e-03, ⟨B·n⟩=8.3e-03, Len=sum([6.2, 6.0, 5.1])=17.2, ϰ=[9.1, 7.1, 11.2], ∫ϰ²/L=[15.2, 8.1, 15.3], C-C-Sep=0.20, ║∇J║=7.6e-02
-----On 8/20 Initial Guess Perturbations
Iteration 175/1000-----
J=1.5e-02, Jf=1.4e-03, ⟨B·n⟩=8.4e-03, Len=sum([6.2, 5.9, 5.1])=17.2, ϰ=[8.6, 7.2, 11.5], ∫ϰ²/L=[14.8, 8.1, 15.2], C-C-Sep=0.20, ║∇J║=5.5e-02
-----On 8/20 Initial Guess Perturbations
Iteration 176/1000-----
J=1.5e-02, Jf=1.4e-03, ⟨B·n⟩=8.4e-03, Len=sum([6.2, 5.9, 5.0])=17.1, ϰ=[7.8, 7.0, 11.6], ∫ϰ²/L=[14.0, 8.1, 14.8], C-C-Sep=0.20, ║∇J║=6.2e-02
-----On 8/20 Initial Guess Perturbations
Iteration 177/1000-----
J=1.5e-02, Jf=1.4e-03, ⟨B·n⟩=8.5e-03, Len=sum([6.1, 5.9, 5.0])=17.0, ϰ=[8.0, 7.3, 11.8], ∫ϰ²/L=[13.6, 8.7, 15.0], C-C-Sep=0.20, ║∇J║=6.7e-02
-----On 8/20 Initial Guess Perturbations
Iteration 178/1000-----
J=1.5e-02, Jf=1.4e-03, ⟨B·n⟩=8.5e-03, Len=sum([6.1, 5.9, 5.0])=17.0, ϰ=[7.4, 7.0, 11.9], ∫ϰ²/L=[12.8, 8.4, 14.7], C-C-Sep=0.20, ║∇J║=1.0e-01
-----On 8/20 Initial Guess Perturbations
Iteration 179/1000-----
J=1.5e-02, Jf=1.4e-03, ⟨B·n⟩=8.6e-03, Len=sum([6.1, 5.9, 5.0])=17.0, ϰ=[8.0, 6.8, 11.2], ∫ϰ²/L=[13.1, 8.8, 14.9], C-C-Sep=0.20, ║∇J║=8.5e-02
-----On 8/20 Initial Guess Perturbations
Iteration 180/1000-----
J=1.5e-02, Jf=1.4e-03, ⟨B·n⟩=8.6e-03, Len=sum([6.1, 5.9, 5.0])=17.0, ϰ=[7.5, 6.7, 11.2], ∫ϰ²/L=[12.8, 8.5, 14.3], C-C-Sep=0.20, ║∇J║=5.2e-02
-----On 8/20 Initial Guess Perturbations
Iteration 181/1000-----
J=1.5e-02, Jf=1.4e-03, ⟨B·n⟩=8.6e-03, Len=sum([6.1, 5.9, 5.0])=17.0, ϰ=[7.5, 6.5, 11.1], ∫ϰ²/L=[12.5, 8.4, 14.2], C-C-Sep=0.20, ║∇J║=3.9e-02
-----On 8/20 Initial Guess Perturbations
Iteration 182/1000-----
J=1.5e-02, Jf=1.4e-03, ⟨B·n⟩=8.6e-03, Len=sum([6.1, 5.9, 5.0])=16.9, ϰ=[7.4, 6.4, 11.3], ∫ϰ²/L=[12.1, 8.4, 14.0], C-C-Sep=0.20, ║∇J║=5.0e-02
-----On 8/20 Initial Guess Perturbations
Iteration 183/1000-----
J=1.5e-02, Jf=1.4e-03, ⟨B·n⟩=8.7e-03, Len=sum([6.0, 5.8, 4.9])=16.8, ϰ=[7.5, 6.1, 11.1], ∫ϰ²/L=[11.9, 8.5, 13.9], C-C-Sep=0.20, ║∇J║=5.4e-02
-----On 8/20 Initial Guess Perturbations
Iteration 184/1000-----
J=1.5e-02, Jf=1.4e-03, ⟨B·n⟩=8.8e-03, Len=sum([6.0, 5.8, 4.9])=16.8, ϰ=[7.5, 6.0, 11.0], ∫ϰ²/L=[11.7, 8.5, 13.8], C-C-Sep=0.20, ║∇J║=6.3e-02
-----On 8/20 Initial Guess Perturbations
Iteration 185/1000-----
J=1.5e-02, Jf=1.4e-03, ⟨B·n⟩=8.8e-03, Len=sum([6.0, 5.8, 4.9])=16.7, ϰ=[7.5, 5.8, 11.2], ∫ϰ²/L=[11.5, 8.3, 13.6], C-C-Sep=0.20, ║∇J║=4.8e-02
-----On 8/20 Initial Guess Perturbations
Iteration 186/1000-----
J=1.5e-02, Jf=1.4e-03, ⟨B·n⟩=8.8e-03, Len=sum([6.0, 5.8, 4.9])=16.7, ϰ=[7.4, 5.7, 10.9], ∫ϰ²/L=[11.4, 8.2, 13.4], C-C-Sep=0.20, ║∇J║=4.6e-02
-----On 8/20 Initial Guess Perturbations
Iteration 187/1000-----
J=1.5e-02, Jf=1.4e-03, ⟨B·n⟩=8.8e-03, Len=sum([6.0, 5.8, 4.9])=16.7, ϰ=[7.3, 5.8, 10.8], ∫ϰ²/L=[11.1, 7.8, 13.1], C-C-Sep=0.20, ║∇J║=4.3e-02
-----On 8/20 Initial Guess Perturbations
Iteration 188/1000-----
J=1.5e-02, Jf=1.4e-03, ⟨B·n⟩=8.8e-03, Len=sum([6.0, 5.8, 4.9])=16.7, ϰ=[7.3, 5.9, 10.6], ∫ϰ²/L=[11.1, 7.8, 13.1], C-C-Sep=0.20, ║∇J║=4.0e-02
-----On 8/20 Initial Guess Perturbations
Iteration 189/1000-----
J=1.5e-02, Jf=1.4e-03, ⟨B·n⟩=8.8e-03, Len=sum([6.0, 5.8, 4.9])=16.6, ϰ=[7.2, 6.1, 10.6], ∫ϰ²/L=[11.1, 7.6, 13.1], C-C-Sep=0.20, ║∇J║=4.9e-02
-----On 8/20 Initial Guess Perturbations
Iteration 190/1000-----
J=1.5e-02, Jf=1.4e-03, ⟨B·n⟩=8.9e-03, Len=sum([6.0, 5.7, 4.8])=16.6, ϰ=[7.2, 6.3, 10.4], ∫ϰ²/L=[11.1, 7.4, 13.1], C-C-Sep=0.20, ║∇J║=5.5e-02
-----On 8/20 Initial Guess Perturbations
Iteration 191/1000-----
J=1.5e-02, Jf=1.4e-03, ⟨B·n⟩=8.8e-03, Len=sum([6.0, 5.7, 4.8])=16.6, ϰ=[6.8, 6.5, 10.5], ∫ϰ²/L=[10.7, 7.1, 12.9], C-C-Sep=0.20, ║∇J║=7.8e-02
-----On 8/20 Initial Guess Perturbations
Iteration 192/1000-----
J=1.5e-02, Jf=1.4e-03, ⟨B·n⟩=8.8e-03, Len=sum([6.0, 5.7, 4.8])=16.5, ϰ=[6.7, 6.3, 10.4], ∫ϰ²/L=[10.6, 7.1, 12.7], C-C-Sep=0.20, ║∇J║=4.4e-02
-----On 8/20 Initial Guess Perturbations
Iteration 193/1000-----
J=1.5e-02, Jf=1.4e-03, ⟨B·n⟩=8.8e-03, Len=sum([6.0, 5.7, 4.8])=16.5, ϰ=[6.7, 6.2, 10.4], ∫ϰ²/L=[10.6, 7.1, 12.7], C-C-Sep=0.20, ║∇J║=3.5e-02
-----On 8/20 Initial Guess Perturbations
Iteration 194/1000-----
J=1.5e-02, Jf=1.4e-03, ⟨B·n⟩=8.9e-03, Len=sum([5.9, 5.7, 4.8])=16.5, ϰ=[6.8, 6.3, 10.3], ∫ϰ²/L=[10.7, 7.2, 13.0], C-C-Sep=0.20, ║∇J║=4.7e-02
-----On 8/20 Initial Guess Perturbations
Iteration 195/1000-----
J=1.5e-02, Jf=1.4e-03, ⟨B·n⟩=8.9e-03, Len=sum([5.9, 5.7, 4.8])=16.4, ϰ=[7.0, 6.6, 9.9], ∫ϰ²/L=[10.5, 7.2, 13.0], C-C-Sep=0.20, ║∇J║=4.7e-02
-----On 8/20 Initial Guess Perturbations
Iteration 196/1000-----
J=1.5e-02, Jf=1.4e-03, ⟨B·n⟩=8.9e-03, Len=sum([5.9, 5.7, 4.8])=16.3, ϰ=[7.1, 6.9, 9.9], ∫ϰ²/L=[10.6, 7.9, 13.3], C-C-Sep=0.20, ║∇J║=5.3e-02
-----On 8/20 Initial Guess Perturbations
Iteration 197/1000-----
J=1.5e-02, Jf=1.4e-03, ⟨B·n⟩=8.9e-03, Len=sum([5.9, 5.7, 4.7])=16.3, ϰ=[7.2, 6.8, 9.5], ∫ϰ²/L=[10.5, 8.0, 13.1], C-C-Sep=0.20, ║∇J║=5.2e-02
-----On 8/20 Initial Guess Perturbations
Iteration 198/1000-----
J=1.5e-02, Jf=1.4e-03, ⟨B·n⟩=8.9e-03, Len=sum([5.9, 5.7, 4.7])=16.3, ϰ=[7.4, 6.7, 9.2], ∫ϰ²/L=[10.6, 7.9, 12.7], C-C-Sep=0.20, ║∇J║=4.9e-02
-----On 8/20 Initial Guess Perturbations
Iteration 199/1000-----
J=1.5e-02, Jf=1.4e-03, ⟨B·n⟩=8.9e-03, Len=sum([5.9, 5.7, 4.7])=16.2, ϰ=[7.6, 6.5, 9.2], ∫ϰ²/L=[10.7, 8.0, 12.4], C-C-Sep=0.20, ║∇J║=4.9e-02
-----On 8/20 Initial Guess Perturbations
Iteration 200/1000-----
J=1.4e-02, Jf=1.4e-03, ⟨B·n⟩=9.0e-03, Len=sum([5.9, 5.6, 4.7])=16.2, ϰ=[7.7, 6.8, 8.7], ∫ϰ²/L=[11.0, 8.3, 12.2], C-C-Sep=0.20, ║∇J║=6.2e-02
-----On 8/20 Initial Guess Perturbations
Iteration 201/1000-----
J=1.4e-02, Jf=1.4e-03, ⟨B·n⟩=8.9e-03, Len=sum([5.9, 5.6, 4.7])=16.2, ϰ=[7.7, 6.7, 8.9], ∫ϰ²/L=[10.8, 7.9, 11.8], C-C-Sep=0.20, ║∇J║=3.9e-02
-----On 8/20 Initial Guess Perturbations
Iteration 202/1000-----
J=1.4e-02, Jf=1.4e-03, ⟨B·n⟩=8.9e-03, Len=sum([5.9, 5.6, 4.7])=16.2, ϰ=[8.0, 6.7, 8.6], ∫ϰ²/L=[11.1, 8.1, 11.7], C-C-Sep=0.20, ║∇J║=5.0e-02
-----On 8/20 Initial Guess Perturbations
Iteration 203/1000-----
J=1.4e-02, Jf=1.4e-03, ⟨B·n⟩=8.9e-03, Len=sum([5.9, 5.6, 4.7])=16.1, ϰ=[8.0, 6.6, 8.3], ∫ϰ²/L=[11.0, 8.1, 11.5], C-C-Sep=0.20, ║∇J║=4.5e-02
-----On 8/20 Initial Guess Perturbations
Iteration 204/1000-----
J=1.4e-02, Jf=1.4e-03, ⟨B·n⟩=8.9e-03, Len=sum([5.8, 5.6, 4.6])=16.1, ϰ=[8.0, 6.6, 7.8], ∫ϰ²/L=[11.4, 8.5, 11.6], C-C-Sep=0.20, ║∇J║=4.1e-02
-----On 8/20 Initial Guess Perturbations
Iteration 205/1000-----
J=1.4e-02, Jf=1.4e-03, ⟨B·n⟩=8.9e-03, Len=sum([5.8, 5.6, 4.6])=16.0, ϰ=[8.0, 6.7, 7.0], ∫ϰ²/L=[11.5, 8.9, 11.6], C-C-Sep=0.20, ║∇J║=6.2e-02
-----On 8/20 Initial Guess Perturbations
Iteration 206/1000-----
J=1.4e-02, Jf=1.4e-03, ⟨B·n⟩=8.9e-03, Len=sum([5.8, 5.6, 4.6])=16.0, ϰ=[7.9, 6.8, 7.2], ∫ϰ²/L=[11.0, 8.6, 11.1], C-C-Sep=0.20, ║∇J║=5.0e-02
-----On 8/20 Initial Guess Perturbations
Iteration 207/1000-----
J=1.4e-02, Jf=1.4e-03, ⟨B·n⟩=8.9e-03, Len=sum([5.8, 5.6, 4.6])=16.0, ϰ=[7.9, 7.0, 7.1], ∫ϰ²/L=[10.7, 8.6, 11.0], C-C-Sep=0.20, ║∇J║=4.0e-02
-----On 8/20 Initial Guess Perturbations
Iteration 208/1000-----
J=1.4e-02, Jf=1.4e-03, ⟨B·n⟩=8.9e-03, Len=sum([5.8, 5.6, 4.6])=16.0, ϰ=[7.9, 7.1, 7.2], ∫ϰ²/L=[10.5, 8.5, 10.8], C-C-Sep=0.20, ║∇J║=3.8e-02
-----On 8/20 Initial Guess Perturbations
Iteration 209/1000-----
J=1.4e-02, Jf=1.4e-03, ⟨B·n⟩=9.0e-03, Len=sum([5.8, 5.5, 4.6])=15.9, ϰ=[7.9, 7.2, 7.0], ∫ϰ²/L=[10.4, 8.8, 10.7], C-C-Sep=0.20, ║∇J║=4.4e-02
-----On 8/20 Initial Guess Perturbations
Iteration 210/1000-----
J=1.4e-02, Jf=1.4e-03, ⟨B·n⟩=9.0e-03, Len=sum([5.8, 5.5, 4.6])=15.9, ϰ=[7.8, 7.0, 7.0], ∫ϰ²/L=[10.6, 8.9, 10.5], C-C-Sep=0.20, ║∇J║=4.4e-02
-----On 8/20 Initial Guess Perturbations
Iteration 211/1000-----
J=1.4e-02, Jf=1.4e-03, ⟨B·n⟩=9.0e-03, Len=sum([5.8, 5.5, 4.6])=15.9, ϰ=[7.7, 6.9, 7.2], ∫ϰ²/L=[10.7, 8.7, 10.1], C-C-Sep=0.20, ║∇J║=4.5e-02
-----On 8/20 Initial Guess Perturbations
Iteration 212/1000-----
J=1.4e-02, Jf=1.4e-03, ⟨B·n⟩=9.0e-03, Len=sum([5.8, 5.5, 4.5])=15.8, ϰ=[7.6, 6.8, 7.3], ∫ϰ²/L=[10.9, 8.6, 9.9], C-C-Sep=0.20, ║∇J║=3.7e-02
-----On 8/20 Initial Guess Perturbations
Iteration 213/1000-----
J=1.4e-02, Jf=1.4e-03, ⟨B·n⟩=8.9e-03, Len=sum([5.8, 5.5, 4.5])=15.8, ϰ=[7.4, 6.8, 7.1], ∫ϰ²/L=[10.8, 8.2, 9.6], C-C-Sep=0.20, ║∇J║=3.7e-02
-----On 8/20 Initial Guess Perturbations
Iteration 214/1000-----
J=1.4e-02, Jf=1.4e-03, ⟨B·n⟩=8.9e-03, Len=sum([5.8, 5.5, 4.5])=15.8, ϰ=[7.5, 6.8, 6.9], ∫ϰ²/L=[11.0, 8.1, 9.5], C-C-Sep=0.20, ║∇J║=3.3e-02
-----On 8/20 Initial Guess Perturbations
Iteration 215/1000-----
J=1.4e-02, Jf=1.4e-03, ⟨B·n⟩=8.9e-03, Len=sum([5.8, 5.5, 4.5])=15.8, ϰ=[7.6, 6.8, 6.7], ∫ϰ²/L=[11.1, 7.8, 9.3], C-C-Sep=0.20, ║∇J║=4.0e-02
-----On 8/20 Initial Guess Perturbations
Iteration 216/1000-----
J=1.4e-02, Jf=1.4e-03, ⟨B·n⟩=9.0e-03, Len=sum([5.8, 5.4, 4.5])=15.7, ϰ=[8.0, 7.1, 6.8], ∫ϰ²/L=[11.6, 8.2, 9.7], C-C-Sep=0.20, ║∇J║=6.3e-02
-----On 8/20 Initial Guess Perturbations
Iteration 217/1000-----
J=1.4e-02, Jf=1.4e-03, ⟨B·n⟩=9.0e-03, Len=sum([5.8, 5.5, 4.5])=15.7, ϰ=[7.8, 6.9, 6.7], ∫ϰ²/L=[11.3, 8.0, 9.4], C-C-Sep=0.20, ║∇J║=3.6e-02
-----On 8/20 Initial Guess Perturbations
Iteration 218/1000-----
J=1.4e-02, Jf=1.4e-03, ⟨B·n⟩=8.9e-03, Len=sum([5.8, 5.5, 4.5])=15.7, ϰ=[7.9, 6.8, 6.8], ∫ϰ²/L=[11.3, 8.0, 9.3], C-C-Sep=0.20, ║∇J║=4.7e-02
-----On 8/20 Initial Guess Perturbations
Iteration 219/1000-----
J=1.4e-02, Jf=1.4e-03, ⟨B·n⟩=8.9e-03, Len=sum([5.8, 5.4, 4.5])=15.7, ϰ=[8.0, 6.8, 6.6], ∫ϰ²/L=[11.2, 8.0, 9.0], C-C-Sep=0.20, ║∇J║=3.2e-02
-----On 8/20 Initial Guess Perturbations
Iteration 220/1000-----
J=1.4e-02, Jf=1.4e-03, ⟨B·n⟩=8.9e-03, Len=sum([5.8, 5.4, 4.5])=15.7, ϰ=[8.1, 6.9, 6.3], ∫ϰ²/L=[11.1, 8.1, 8.9], C-C-Sep=0.20, ║∇J║=3.4e-02
-----On 8/20 Initial Guess Perturbations
Iteration 221/1000-----
J=1.4e-02, Jf=1.4e-03, ⟨B·n⟩=8.9e-03, Len=sum([5.8, 5.4, 4.5])=15.7, ϰ=[8.3, 7.1, 6.2], ∫ϰ²/L=[10.8, 8.0, 8.6], C-C-Sep=0.20, ║∇J║=3.8e-02
-----On 8/20 Initial Guess Perturbations
Iteration 222/1000-----
J=1.4e-02, Jf=1.4e-03, ⟨B·n⟩=8.9e-03, Len=sum([5.8, 5.4, 4.5])=15.7, ϰ=[8.4, 7.2, 5.9], ∫ϰ²/L=[10.8, 8.1, 8.5], C-C-Sep=0.20, ║∇J║=3.3e-02
-----On 8/20 Initial Guess Perturbations
Iteration 223/1000-----
J=1.4e-02, Jf=1.4e-03, ⟨B·n⟩=8.9e-03, Len=sum([5.8, 5.4, 4.5])=15.6, ϰ=[8.6, 7.1, 5.8], ∫ϰ²/L=[10.8, 8.1, 8.2], C-C-Sep=0.20, ║∇J║=2.8e-02
-----On 8/20 Initial Guess Perturbations
Iteration 224/1000-----
J=1.4e-02, Jf=1.4e-03, ⟨B·n⟩=8.9e-03, Len=sum([5.7, 5.4, 4.5])=15.6, ϰ=[8.6, 6.9, 5.8], ∫ϰ²/L=[10.7, 8.0, 8.0], C-C-Sep=0.20, ║∇J║=2.8e-02
-----On 8/20 Initial Guess Perturbations
Iteration 225/1000-----
J=1.4e-02, Jf=1.4e-03, ⟨B·n⟩=8.9e-03, Len=sum([5.7, 5.4, 4.5])=15.6, ϰ=[8.6, 6.6, 5.9], ∫ϰ²/L=[10.8, 7.9, 7.9], C-C-Sep=0.20, ║∇J║=3.2e-02
-----On 8/20 Initial Guess Perturbations
Iteration 226/1000-----
J=1.4e-02, Jf=1.4e-03, ⟨B·n⟩=8.9e-03, Len=sum([5.7, 5.4, 4.5])=15.6, ϰ=[8.6, 6.5, 5.8], ∫ϰ²/L=[10.8, 7.9, 7.9], C-C-Sep=0.20, ║∇J║=3.2e-02
-----On 8/20 Initial Guess Perturbations
Iteration 227/1000-----
J=1.4e-02, Jf=1.4e-03, ⟨B·n⟩=8.9e-03, Len=sum([5.7, 5.4, 4.5])=15.6, ϰ=[8.4, 6.4, 5.9], ∫ϰ²/L=[10.8, 7.8, 7.9], C-C-Sep=0.20, ║∇J║=2.6e-02
-----On 8/20 Initial Guess Perturbations
Iteration 228/1000-----
J=1.4e-02, Jf=1.4e-03, ⟨B·n⟩=8.9e-03, Len=sum([5.7, 5.4, 4.5])=15.6, ϰ=[8.4, 6.7, 6.2], ∫ϰ²/L=[10.7, 7.8, 7.8], C-C-Sep=0.20, ║∇J║=3.4e-02
-----On 8/20 Initial Guess Perturbations
Iteration 229/1000-----
J=1.4e-02, Jf=1.3e-03, ⟨B·n⟩=8.8e-03, Len=sum([5.7, 5.4, 4.5])=15.5, ϰ=[8.3, 6.8, 6.6], ∫ϰ²/L=[10.7, 7.9, 8.0], C-C-Sep=0.20, ║∇J║=3.4e-02
-----On 8/20 Initial Guess Perturbations
Iteration 230/1000-----
J=1.4e-02, Jf=1.3e-03, ⟨B·n⟩=8.8e-03, Len=sum([5.7, 5.4, 4.5])=15.5, ϰ=[8.3, 7.0, 6.8], ∫ϰ²/L=[10.7, 7.9, 8.1], C-C-Sep=0.20, ║∇J║=2.6e-02
-----On 8/20 Initial Guess Perturbations
Iteration 231/1000-----
J=1.4e-02, Jf=1.3e-03, ⟨B·n⟩=8.8e-03, Len=sum([5.7, 5.3, 4.4])=15.5, ϰ=[8.2, 7.0, 6.8], ∫ϰ²/L=[10.7, 8.0, 8.1], C-C-Sep=0.20, ║∇J║=2.8e-02
-----On 8/20 Initial Guess Perturbations
Iteration 232/1000-----
J=1.4e-02, Jf=1.3e-03, ⟨B·n⟩=8.8e-03, Len=sum([5.7, 5.3, 4.4])=15.5, ϰ=[8.0, 7.2, 6.6], ∫ϰ²/L=[10.7, 8.1, 8.2], C-C-Sep=0.20, ║∇J║=3.0e-02
-----On 8/20 Initial Guess Perturbations
Iteration 233/1000-----
J=1.4e-02, Jf=1.3e-03, ⟨B·n⟩=8.7e-03, Len=sum([5.7, 5.3, 4.4])=15.5, ϰ=[7.5, 7.3, 6.2], ∫ϰ²/L=[10.7, 8.1, 8.0], C-C-Sep=0.20, ║∇J║=3.0e-02
-----On 8/20 Initial Guess Perturbations
Iteration 234/1000-----
J=1.4e-02, Jf=1.3e-03, ⟨B·n⟩=8.7e-03, Len=sum([5.7, 5.3, 4.4])=15.4, ϰ=[7.4, 7.5, 5.8], ∫ϰ²/L=[11.0, 8.4, 8.2], C-C-Sep=0.20, ║∇J║=5.2e-02
-----On 8/20 Initial Guess Perturbations
Iteration 235/1000-----
J=1.4e-02, Jf=1.3e-03, ⟨B·n⟩=8.7e-03, Len=sum([5.7, 5.3, 4.4])=15.4, ϰ=[7.2, 7.4, 5.9], ∫ϰ²/L=[11.0, 8.4, 8.2], C-C-Sep=0.20, ║∇J║=3.1e-02
-----On 8/20 Initial Guess Perturbations
Iteration 236/1000-----
J=1.4e-02, Jf=1.3e-03, ⟨B·n⟩=8.7e-03, Len=sum([5.7, 5.3, 4.4])=15.4, ϰ=[7.2, 7.3, 5.9], ∫ϰ²/L=[11.0, 8.4, 8.1], C-C-Sep=0.20, ║∇J║=3.0e-02
-----On 8/20 Initial Guess Perturbations
Iteration 237/1000-----
J=1.4e-02, Jf=1.3e-03, ⟨B·n⟩=8.6e-03, Len=sum([5.7, 5.3, 4.4])=15.4, ϰ=[7.0, 7.2, 5.8], ∫ϰ²/L=[10.9, 8.6, 8.1], C-C-Sep=0.20, ║∇J║=3.5e-02
-----On 8/20 Initial Guess Perturbations
Iteration 238/1000-----
J=1.4e-02, Jf=1.3e-03, ⟨B·n⟩=8.6e-03, Len=sum([5.7, 5.3, 4.4])=15.3, ϰ=[7.0, 7.1, 5.6], ∫ϰ²/L=[11.0, 9.0, 8.4], C-C-Sep=0.20, ║∇J║=4.2e-02
-----On 8/20 Initial Guess Perturbations
Iteration 239/1000-----
J=1.4e-02, Jf=1.3e-03, ⟨B·n⟩=8.6e-03, Len=sum([5.7, 5.3, 4.4])=15.3, ϰ=[7.1, 6.9, 5.5], ∫ϰ²/L=[10.9, 9.1, 8.5], C-C-Sep=0.20, ║∇J║=4.1e-02
-----On 8/20 Initial Guess Perturbations
Iteration 240/1000-----
J=1.4e-02, Jf=1.3e-03, ⟨B·n⟩=8.6e-03, Len=sum([5.7, 5.3, 4.4])=15.3, ϰ=[7.1, 6.9, 5.4], ∫ϰ²/L=[10.8, 8.8, 8.3], C-C-Sep=0.20, ║∇J║=3.4e-02
-----On 8/20 Initial Guess Perturbations
Iteration 241/1000-----
J=1.4e-02, Jf=1.3e-03, ⟨B·n⟩=8.6e-03, Len=sum([5.7, 5.2, 4.4])=15.3, ϰ=[7.1, 7.1, 5.5], ∫ϰ²/L=[10.9, 8.7, 8.2], C-C-Sep=0.20, ║∇J║=3.3e-02
-----On 8/20 Initial Guess Perturbations
Iteration 242/1000-----
J=1.4e-02, Jf=1.3e-03, ⟨B·n⟩=8.6e-03, Len=sum([5.7, 5.2, 4.4])=15.3, ϰ=[7.3, 7.1, 5.2], ∫ϰ²/L=[10.9, 8.5, 8.2], C-C-Sep=0.20, ║∇J║=4.2e-02
-----On 8/20 Initial Guess Perturbations
Iteration 243/1000-----
J=1.4e-02, Jf=1.3e-03, ⟨B·n⟩=8.5e-03, Len=sum([5.6, 5.2, 4.4])=15.2, ϰ=[7.6, 7.2, 5.4], ∫ϰ²/L=[11.0, 8.6, 8.5], C-C-Sep=0.20, ║∇J║=3.1e-02
-----On 8/20 Initial Guess Perturbations
Iteration 244/1000-----
J=1.4e-02, Jf=1.3e-03, ⟨B·n⟩=8.5e-03, Len=sum([5.6, 5.2, 4.4])=15.2, ϰ=[7.7, 7.3, 5.6], ∫ϰ²/L=[10.9, 8.5, 8.4], C-C-Sep=0.20, ║∇J║=3.4e-02
-----On 8/20 Initial Guess Perturbations
Iteration 245/1000-----
J=1.4e-02, Jf=1.3e-03, ⟨B·n⟩=8.5e-03, Len=sum([5.6, 5.2, 4.4])=15.2, ϰ=[7.9, 7.6, 6.0], ∫ϰ²/L=[11.1, 9.0, 8.7], C-C-Sep=0.20, ║∇J║=4.1e-02
-----On 8/20 Initial Guess Perturbations
Iteration 246/1000-----
J=1.3e-02, Jf=1.3e-03, ⟨B·n⟩=8.5e-03, Len=sum([5.6, 5.2, 4.4])=15.2, ϰ=[7.6, 7.7, 6.0], ∫ϰ²/L=[10.8, 8.7, 8.4], C-C-Sep=0.20, ║∇J║=3.3e-02
-----On 8/20 Initial Guess Perturbations
Iteration 247/1000-----
J=1.3e-02, Jf=1.3e-03, ⟨B·n⟩=8.5e-03, Len=sum([5.6, 5.2, 4.4])=15.1, ϰ=[7.3, 8.0, 5.9], ∫ϰ²/L=[10.8, 8.6, 8.3], C-C-Sep=0.20, ║∇J║=3.6e-02
-----On 8/20 Initial Guess Perturbations
Iteration 248/1000-----
J=1.3e-02, Jf=1.3e-03, ⟨B·n⟩=8.5e-03, Len=sum([5.6, 5.1, 4.4])=15.1, ϰ=[7.1, 7.8, 5.9], ∫ϰ²/L=[10.7, 8.7, 8.2], C-C-Sep=0.20, ║∇J║=3.1e-02
-----On 8/20 Initial Guess Perturbations
Iteration 249/1000-----
J=1.3e-02, Jf=1.3e-03, ⟨B·n⟩=8.5e-03, Len=sum([5.6, 5.1, 4.4])=15.1, ϰ=[7.1, 7.7, 5.7], ∫ϰ²/L=[10.8, 8.7, 8.2], C-C-Sep=0.20, ║∇J║=2.4e-02
-----On 8/20 Initial Guess Perturbations
Iteration 250/1000-----
J=1.3e-02, Jf=1.3e-03, ⟨B·n⟩=8.5e-03, Len=sum([5.6, 5.1, 4.4])=15.1, ϰ=[7.1, 7.4, 5.4], ∫ϰ²/L=[10.8, 8.7, 8.0], C-C-Sep=0.20, ║∇J║=2.6e-02
-----On 8/20 Initial Guess Perturbations
Iteration 251/1000-----
J=1.3e-02, Jf=1.3e-03, ⟨B·n⟩=8.5e-03, Len=sum([5.6, 5.1, 4.4])=15.1, ϰ=[7.0, 7.4, 5.6], ∫ϰ²/L=[10.8, 8.7, 8.1], C-C-Sep=0.20, ║∇J║=3.1e-02
-----On 8/20 Initial Guess Perturbations
Iteration 252/1000-----
J=1.3e-02, Jf=1.3e-03, ⟨B·n⟩=8.5e-03, Len=sum([5.6, 5.1, 4.4])=15.1, ϰ=[6.8, 7.5, 5.7], ∫ϰ²/L=[10.8, 8.6, 8.1], C-C-Sep=0.20, ║∇J║=2.6e-02
-----On 8/20 Initial Guess Perturbations
Iteration 253/1000-----
J=1.3e-02, Jf=1.3e-03, ⟨B·n⟩=8.5e-03, Len=sum([5.6, 5.1, 4.3])=15.0, ϰ=[7.0, 7.6, 6.0], ∫ϰ²/L=[10.8, 8.6, 8.1], C-C-Sep=0.20, ║∇J║=3.4e-02
-----On 8/20 Initial Guess Perturbations
Iteration 254/1000-----
J=1.3e-02, Jf=1.3e-03, ⟨B·n⟩=8.5e-03, Len=sum([5.6, 5.1, 4.3])=15.0, ϰ=[7.2, 7.7, 5.8], ∫ϰ²/L=[10.8, 8.6, 8.1], C-C-Sep=0.20, ║∇J║=3.7e-02
-----On 8/20 Initial Guess Perturbations
Iteration 255/1000-----
J=1.3e-02, Jf=1.3e-03, ⟨B·n⟩=8.5e-03, Len=sum([5.6, 5.1, 4.3])=15.0, ϰ=[7.2, 7.5, 5.8], ∫ϰ²/L=[10.8, 8.5, 8.0], C-C-Sep=0.20, ║∇J║=2.9e-02
-----On 8/20 Initial Guess Perturbations
Iteration 256/1000-----
J=1.3e-02, Jf=1.3e-03, ⟨B·n⟩=8.5e-03, Len=sum([5.6, 5.1, 4.3])=15.0, ϰ=[7.3, 7.4, 5.6], ∫ϰ²/L=[10.8, 8.5, 7.9], C-C-Sep=0.20, ║∇J║=2.3e-02
-----On 8/20 Initial Guess Perturbations
Iteration 257/1000-----
J=1.3e-02, Jf=1.3e-03, ⟨B·n⟩=8.5e-03, Len=sum([5.6, 5.1, 4.3])=15.0, ϰ=[7.6, 7.2, 5.6], ∫ϰ²/L=[10.9, 8.5, 8.0], C-C-Sep=0.20, ║∇J║=3.4e-02
-----On 8/20 Initial Guess Perturbations
Iteration 258/1000-----
J=1.3e-02, Jf=1.3e-03, ⟨B·n⟩=8.5e-03, Len=sum([5.6, 5.1, 4.3])=15.0, ϰ=[7.7, 7.3, 5.8], ∫ϰ²/L=[10.9, 8.5, 8.0], C-C-Sep=0.20, ║∇J║=3.0e-02
-----On 8/20 Initial Guess Perturbations
Iteration 259/1000-----
J=1.3e-02, Jf=1.3e-03, ⟨B·n⟩=8.5e-03, Len=sum([5.6, 5.1, 4.3])=15.0, ϰ=[7.8, 7.3, 5.9], ∫ϰ²/L=[10.9, 8.6, 7.9], C-C-Sep=0.20, ║∇J║=2.5e-02
-----On 8/20 Initial Guess Perturbations
Iteration 260/1000-----
J=1.3e-02, Jf=1.3e-03, ⟨B·n⟩=8.6e-03, Len=sum([5.6, 5.1, 4.3])=14.9, ϰ=[8.1, 7.2, 6.2], ∫ϰ²/L=[11.1, 8.8, 8.2], C-C-Sep=0.20, ║∇J║=2.7e-02
-----On 8/20 Initial Guess Perturbations
Iteration 261/1000-----
J=1.3e-02, Jf=1.3e-03, ⟨B·n⟩=8.5e-03, Len=sum([5.6, 5.0, 4.3])=14.9, ϰ=[8.1, 7.2, 6.0], ∫ϰ²/L=[11.1, 8.7, 8.2], C-C-Sep=0.20, ║∇J║=3.6e-02
-----On 8/20 Initial Guess Perturbations
Iteration 262/1000-----
J=1.3e-02, Jf=1.3e-03, ⟨B·n⟩=8.6e-03, Len=sum([5.6, 5.0, 4.3])=14.9, ϰ=[8.2, 7.2, 5.9], ∫ϰ²/L=[11.2, 8.7, 8.3], C-C-Sep=0.20, ║∇J║=2.8e-02
-----On 8/20 Initial Guess Perturbations
Iteration 263/1000-----
J=1.3e-02, Jf=1.3e-03, ⟨B·n⟩=8.5e-03, Len=sum([5.6, 5.0, 4.3])=14.9, ϰ=[8.2, 6.9, 5.7], ∫ϰ²/L=[11.2, 8.7, 8.3], C-C-Sep=0.20, ║∇J║=3.3e-02
-----On 8/20 Initial Guess Perturbations
Iteration 264/1000-----
J=1.3e-02, Jf=1.3e-03, ⟨B·n⟩=8.6e-03, Len=sum([5.6, 5.0, 4.3])=14.9, ϰ=[8.1, 6.9, 5.9], ∫ϰ²/L=[11.3, 8.7, 8.3], C-C-Sep=0.20, ║∇J║=2.5e-02
-----On 8/20 Initial Guess Perturbations
Iteration 265/1000-----
J=1.3e-02, Jf=1.3e-03, ⟨B·n⟩=8.6e-03, Len=sum([5.5, 5.0, 4.3])=14.9, ϰ=[8.0, 6.9, 6.0], ∫ϰ²/L=[11.2, 8.6, 8.3], C-C-Sep=0.20, ║∇J║=2.5e-02
-----On 8/20 Initial Guess Perturbations
Iteration 266/1000-----
J=1.3e-02, Jf=1.3e-03, ⟨B·n⟩=8.6e-03, Len=sum([5.5, 5.0, 4.3])=14.9, ϰ=[7.9, 6.8, 6.0], ∫ϰ²/L=[11.2, 8.7, 8.3], C-C-Sep=0.20, ║∇J║=4.0e-02
-----On 8/20 Initial Guess Perturbations
Iteration 267/1000-----
J=1.3e-02, Jf=1.3e-03, ⟨B·n⟩=8.6e-03, Len=sum([5.5, 5.0, 4.3])=14.9, ϰ=[8.1, 6.8, 5.8], ∫ϰ²/L=[11.1, 8.6, 8.3], C-C-Sep=0.20, ║∇J║=3.4e-02
-----On 8/20 Initial Guess Perturbations
Iteration 268/1000-----
J=1.3e-02, Jf=1.3e-03, ⟨B·n⟩=8.6e-03, Len=sum([5.5, 5.0, 4.3])=14.9, ϰ=[7.8, 6.5, 5.8], ∫ϰ²/L=[11.0, 8.6, 8.3], C-C-Sep=0.20, ║∇J║=2.3e-02
-----On 8/20 Initial Guess Perturbations
Iteration 269/1000-----
J=1.3e-02, Jf=1.3e-03, ⟨B·n⟩=8.5e-03, Len=sum([5.5, 5.0, 4.3])=14.9, ϰ=[7.8, 6.3, 6.0], ∫ϰ²/L=[11.0, 8.6, 8.3], C-C-Sep=0.20, ║∇J║=2.3e-02
-----On 8/20 Initial Guess Perturbations
Iteration 270/1000-----
J=1.3e-02, Jf=1.3e-03, ⟨B·n⟩=8.5e-03, Len=sum([5.5, 5.0, 4.3])=14.9, ϰ=[7.8, 6.1, 6.2], ∫ϰ²/L=[10.9, 8.7, 8.3], C-C-Sep=0.20, ║∇J║=2.3e-02
-----On 8/20 Initial Guess Perturbations
Iteration 271/1000-----
J=1.3e-02, Jf=1.3e-03, ⟨B·n⟩=8.6e-03, Len=sum([5.5, 5.0, 4.3])=14.8, ϰ=[7.9, 5.9, 6.6], ∫ϰ²/L=[10.9, 8.8, 8.5], C-C-Sep=0.20, ║∇J║=2.7e-02
-----On 8/20 Initial Guess Perturbations
Iteration 272/1000-----
J=1.3e-02, Jf=1.3e-03, ⟨B·n⟩=8.6e-03, Len=sum([5.5, 5.0, 4.3])=14.8, ϰ=[7.9, 5.8, 6.7], ∫ϰ²/L=[10.9, 8.9, 8.6], C-C-Sep=0.20, ║∇J║=2.8e-02
-----On 8/20 Initial Guess Perturbations
Iteration 273/1000-----
J=1.3e-02, Jf=1.3e-03, ⟨B·n⟩=8.6e-03, Len=sum([5.5, 5.0, 4.3])=14.8, ϰ=[7.9, 5.7, 6.5], ∫ϰ²/L=[10.8, 8.8, 8.4], C-C-Sep=0.20, ║∇J║=2.2e-02
-----On 8/20 Initial Guess Perturbations
Iteration 274/1000-----
J=1.3e-02, Jf=1.3e-03, ⟨B·n⟩=8.6e-03, Len=sum([5.5, 5.0, 4.3])=14.8, ϰ=[7.9, 5.8, 6.0], ∫ϰ²/L=[10.7, 8.6, 8.0], C-C-Sep=0.20, ║∇J║=2.7e-02
-----On 8/20 Initial Guess Perturbations
Iteration 275/1000-----
J=1.3e-02, Jf=1.3e-03, ⟨B·n⟩=8.6e-03, Len=sum([5.5, 5.0, 4.3])=14.8, ϰ=[7.9, 5.9, 5.8], ∫ϰ²/L=[10.7, 8.6, 8.0], C-C-Sep=0.20, ║∇J║=2.9e-02
-----On 8/20 Initial Guess Perturbations
Iteration 276/1000-----
J=1.3e-02, Jf=1.3e-03, ⟨B·n⟩=8.6e-03, Len=sum([5.5, 5.0, 4.3])=14.8, ϰ=[7.9, 6.3, 5.8], ∫ϰ²/L=[10.7, 8.6, 8.0], C-C-Sep=0.20, ║∇J║=2.4e-02
-----On 8/20 Initial Guess Perturbations
Iteration 277/1000-----
J=1.3e-02, Jf=1.3e-03, ⟨B·n⟩=8.7e-03, Len=sum([5.5, 5.0, 4.3])=14.8, ϰ=[8.0, 7.0, 5.8], ∫ϰ²/L=[10.7, 8.8, 8.2], C-C-Sep=0.20, ║∇J║=2.5e-02
-----On 8/20 Initial Guess Perturbations
Iteration 278/1000-----
J=1.3e-02, Jf=1.3e-03, ⟨B·n⟩=8.7e-03, Len=sum([5.5, 5.0, 4.3])=14.7, ϰ=[7.9, 7.2, 5.8], ∫ϰ²/L=[10.6, 8.8, 8.0], C-C-Sep=0.20, ║∇J║=2.7e-02
-----On 8/20 Initial Guess Perturbations
Iteration 279/1000-----
J=1.3e-02, Jf=1.3e-03, ⟨B·n⟩=8.7e-03, Len=sum([5.5, 5.0, 4.3])=14.7, ϰ=[8.0, 7.1, 5.6], ∫ϰ²/L=[10.6, 8.8, 7.9], C-C-Sep=0.20, ║∇J║=2.2e-02
-----On 8/20 Initial Guess Perturbations
Iteration 280/1000-----
J=1.3e-02, Jf=1.3e-03, ⟨B·n⟩=8.7e-03, Len=sum([5.5, 5.0, 4.3])=14.7, ϰ=[7.9, 7.0, 5.6], ∫ϰ²/L=[10.5, 8.8, 7.8], C-C-Sep=0.20, ║∇J║=1.9e-02
-----On 8/20 Initial Guess Perturbations
Iteration 281/1000-----
J=1.3e-02, Jf=1.3e-03, ⟨B·n⟩=8.8e-03, Len=sum([5.5, 5.0, 4.3])=14.7, ϰ=[7.9, 6.9, 5.6], ∫ϰ²/L=[10.5, 8.9, 7.8], C-C-Sep=0.20, ║∇J║=2.1e-02
-----On 8/20 Initial Guess Perturbations
Iteration 282/1000-----
J=1.3e-02, Jf=1.3e-03, ⟨B·n⟩=8.8e-03, Len=sum([5.5, 5.0, 4.3])=14.7, ϰ=[7.9, 6.6, 5.7], ∫ϰ²/L=[10.5, 8.8, 7.9], C-C-Sep=0.20, ║∇J║=2.7e-02
-----On 8/20 Initial Guess Perturbations
Iteration 283/1000-----
J=1.3e-02, Jf=1.3e-03, ⟨B·n⟩=8.9e-03, Len=sum([5.5, 5.0, 4.3])=14.7, ϰ=[8.0, 6.5, 5.9], ∫ϰ²/L=[10.6, 8.8, 7.9], C-C-Sep=0.20, ║∇J║=2.1e-02
-----On 8/20 Initial Guess Perturbations
Iteration 284/1000-----
J=1.3e-02, Jf=1.3e-03, ⟨B·n⟩=8.8e-03, Len=sum([5.5, 5.0, 4.3])=14.7, ϰ=[8.0, 6.3, 5.8], ∫ϰ²/L=[10.6, 8.6, 7.9], C-C-Sep=0.20, ║∇J║=1.8e-02
-----On 8/20 Initial Guess Perturbations
Iteration 285/1000-----
J=1.3e-02, Jf=1.3e-03, ⟨B·n⟩=8.8e-03, Len=sum([5.5, 5.0, 4.3])=14.7, ϰ=[8.0, 6.3, 5.7], ∫ϰ²/L=[10.5, 8.6, 7.8], C-C-Sep=0.20, ║∇J║=1.6e-02
-----On 8/20 Initial Guess Perturbations
Iteration 286/1000-----
J=1.3e-02, Jf=1.3e-03, ⟨B·n⟩=8.9e-03, Len=sum([5.5, 4.9, 4.3])=14.7, ϰ=[8.1, 6.4, 5.7], ∫ϰ²/L=[10.5, 8.6, 7.9], C-C-Sep=0.20, ║∇J║=1.7e-02
-----On 8/20 Initial Guess Perturbations
Iteration 287/1000-----
J=1.3e-02, Jf=1.3e-03, ⟨B·n⟩=8.9e-03, Len=sum([5.5, 4.9, 4.2])=14.7, ϰ=[8.1, 6.3, 5.9], ∫ϰ²/L=[10.5, 8.6, 7.9], C-C-Sep=0.20, ║∇J║=2.1e-02
-----On 8/20 Initial Guess Perturbations
Iteration 288/1000-----
J=1.3e-02, Jf=1.3e-03, ⟨B·n⟩=8.9e-03, Len=sum([5.5, 4.9, 4.2])=14.6, ϰ=[8.1, 6.3, 6.1], ∫ϰ²/L=[10.5, 8.8, 7.9], C-C-Sep=0.20, ║∇J║=2.0e-02
-----On 8/20 Initial Guess Perturbations
Iteration 289/1000-----
J=1.3e-02, Jf=1.3e-03, ⟨B·n⟩=9.0e-03, Len=sum([5.4, 4.9, 4.2])=14.6, ϰ=[8.3, 6.4, 5.9], ∫ϰ²/L=[10.4, 8.7, 7.6], C-C-Sep=0.20, ║∇J║=2.1e-02
-----On 8/20 Initial Guess Perturbations
Iteration 290/1000-----
J=1.3e-02, Jf=1.3e-03, ⟨B·n⟩=9.0e-03, Len=sum([5.4, 4.9, 4.2])=14.6, ϰ=[8.4, 6.4, 6.0], ∫ϰ²/L=[10.3, 8.7, 7.5], C-C-Sep=0.20, ║∇J║=2.1e-02
-----On 8/20 Initial Guess Perturbations
Iteration 291/1000-----
J=1.3e-02, Jf=1.3e-03, ⟨B·n⟩=9.0e-03, Len=sum([5.4, 4.9, 4.2])=14.6, ϰ=[8.5, 6.4, 6.0], ∫ϰ²/L=[10.2, 8.6, 7.5], C-C-Sep=0.20, ║∇J║=2.1e-02
-----On 8/20 Initial Guess Perturbations
Iteration 292/1000-----
J=1.3e-02, Jf=1.3e-03, ⟨B·n⟩=9.0e-03, Len=sum([5.4, 4.9, 4.2])=14.6, ϰ=[8.4, 6.1, 5.9], ∫ϰ²/L=[10.2, 8.5, 7.5], C-C-Sep=0.20, ║∇J║=1.8e-02
-----On 8/20 Initial Guess Perturbations
Iteration 293/1000-----
J=1.3e-02, Jf=1.3e-03, ⟨B·n⟩=9.0e-03, Len=sum([5.4, 4.9, 4.2])=14.6, ϰ=[8.4, 6.0, 6.0], ∫ϰ²/L=[10.2, 8.5, 7.5], C-C-Sep=0.20, ║∇J║=1.5e-02
-----On 8/20 Initial Guess Perturbations
Iteration 294/1000-----
J=1.3e-02, Jf=1.3e-03, ⟨B·n⟩=9.0e-03, Len=sum([5.4, 4.9, 4.2])=14.6, ϰ=[8.4, 6.0, 5.9], ∫ϰ²/L=[10.2, 8.5, 7.4], C-C-Sep=0.20, ║∇J║=1.5e-02
-----On 8/20 Initial Guess Perturbations
Iteration 295/1000-----
J=1.3e-02, Jf=1.3e-03, ⟨B·n⟩=9.0e-03, Len=sum([5.4, 4.9, 4.2])=14.6, ϰ=[8.5, 6.0, 5.8], ∫ϰ²/L=[10.2, 8.6, 7.3], C-C-Sep=0.20, ║∇J║=1.6e-02
-----On 8/20 Initial Guess Perturbations
Iteration 296/1000-----
J=1.3e-02, Jf=1.3e-03, ⟨B·n⟩=9.1e-03, Len=sum([5.4, 4.9, 4.2])=14.6, ϰ=[8.5, 6.1, 5.6], ∫ϰ²/L=[10.2, 8.7, 7.3], C-C-Sep=0.20, ║∇J║=1.8e-02
-----On 8/20 Initial Guess Perturbations
Iteration 297/1000-----
J=1.3e-02, Jf=1.3e-03, ⟨B·n⟩=9.1e-03, Len=sum([5.4, 4.9, 4.2])=14.6, ϰ=[8.5, 6.0, 5.5], ∫ϰ²/L=[10.2, 8.7, 7.2], C-C-Sep=0.20, ║∇J║=1.4e-02
-----On 8/20 Initial Guess Perturbations
Iteration 298/1000-----
J=1.3e-02, Jf=1.3e-03, ⟨B·n⟩=9.1e-03, Len=sum([5.4, 4.9, 4.2])=14.6, ϰ=[8.5, 5.9, 5.4], ∫ϰ²/L=[10.2, 8.6, 7.1], C-C-Sep=0.20, ║∇J║=1.3e-02
-----On 8/20 Initial Guess Perturbations
Iteration 299/1000-----
J=1.3e-02, Jf=1.3e-03, ⟨B·n⟩=9.1e-03, Len=sum([5.4, 4.9, 4.2])=14.6, ϰ=[8.5, 5.9, 5.4], ∫ϰ²/L=[10.2, 8.6, 7.0], C-C-Sep=0.20, ║∇J║=1.4e-02
-----On 8/20 Initial Guess Perturbations
Iteration 300/1000-----
J=1.3e-02, Jf=1.3e-03, ⟨B·n⟩=9.1e-03, Len=sum([5.4, 4.9, 4.2])=14.6, ϰ=[8.5, 5.9, 5.4], ∫ϰ²/L=[10.2, 8.6, 7.1], C-C-Sep=0.20, ║∇J║=1.3e-02
-----On 8/20 Initial Guess Perturbations
Iteration 301/1000-----
J=1.3e-02, Jf=1.3e-03, ⟨B·n⟩=9.1e-03, Len=sum([5.4, 4.9, 4.2])=14.5, ϰ=[8.5, 6.0, 5.3], ∫ϰ²/L=[10.2, 8.6, 7.1], C-C-Sep=0.20, ║∇J║=1.5e-02
-----On 8/20 Initial Guess Perturbations
Iteration 302/1000-----
J=1.3e-02, Jf=1.3e-03, ⟨B·n⟩=9.1e-03, Len=sum([5.4, 4.9, 4.2])=14.5, ϰ=[8.5, 6.1, 5.3], ∫ϰ²/L=[10.2, 8.7, 7.1], C-C-Sep=0.20, ║∇J║=1.3e-02
-----On 8/20 Initial Guess Perturbations
Iteration 303/1000-----
J=1.3e-02, Jf=1.3e-03, ⟨B·n⟩=9.1e-03, Len=sum([5.4, 4.9, 4.2])=14.5, ϰ=[8.5, 6.2, 5.4], ∫ϰ²/L=[10.2, 8.7, 7.0], C-C-Sep=0.20, ║∇J║=1.7e-02
-----On 8/20 Initial Guess Perturbations
Iteration 304/1000-----
J=1.3e-02, Jf=1.3e-03, ⟨B·n⟩=9.1e-03, Len=sum([5.4, 4.9, 4.2])=14.5, ϰ=[8.5, 6.4, 5.4], ∫ϰ²/L=[10.3, 8.8, 6.9], C-C-Sep=0.20, ║∇J║=1.5e-02
-----On 8/20 Initial Guess Perturbations
Iteration 305/1000-----
J=1.3e-02, Jf=1.3e-03, ⟨B·n⟩=9.1e-03, Len=sum([5.4, 4.9, 4.2])=14.5, ϰ=[8.5, 6.5, 5.4], ∫ϰ²/L=[10.2, 8.8, 6.9], C-C-Sep=0.20, ║∇J║=1.1e-02
-----On 8/20 Initial Guess Perturbations
Iteration 306/1000-----
J=1.3e-02, Jf=1.3e-03, ⟨B·n⟩=9.1e-03, Len=sum([5.4, 4.9, 4.2])=14.5, ϰ=[8.6, 6.6, 5.5], ∫ϰ²/L=[10.3, 8.8, 6.9], C-C-Sep=0.20, ║∇J║=1.2e-02
-----On 8/20 Initial Guess Perturbations
Iteration 307/1000-----
J=1.3e-02, Jf=1.3e-03, ⟨B·n⟩=9.1e-03, Len=sum([5.4, 4.9, 4.2])=14.5, ϰ=[8.6, 6.6, 5.6], ∫ϰ²/L=[10.3, 8.8, 7.0], C-C-Sep=0.20, ║∇J║=1.3e-02
-----On 8/20 Initial Guess Perturbations
Iteration 308/1000-----
J=1.3e-02, Jf=1.3e-03, ⟨B·n⟩=9.2e-03, Len=sum([5.4, 4.9, 4.2])=14.5, ϰ=[8.7, 6.6, 5.8], ∫ϰ²/L=[10.3, 8.9, 7.1], C-C-Sep=0.20, ║∇J║=1.2e-02
-----On 8/20 Initial Guess Perturbations
Iteration 309/1000-----
J=1.3e-02, Jf=1.3e-03, ⟨B·n⟩=9.2e-03, Len=sum([5.4, 4.9, 4.2])=14.5, ϰ=[8.8, 6.6, 6.0], ∫ϰ²/L=[10.4, 8.9, 7.2], C-C-Sep=0.20, ║∇J║=1.3e-02
-----On 8/20 Initial Guess Perturbations
Iteration 310/1000-----
J=1.3e-02, Jf=1.3e-03, ⟨B·n⟩=9.2e-03, Len=sum([5.4, 4.9, 4.2])=14.5, ϰ=[8.9, 6.5, 6.1], ∫ϰ²/L=[10.5, 8.8, 7.3], C-C-Sep=0.20, ║∇J║=1.6e-02
-----On 8/20 Initial Guess Perturbations
Iteration 311/1000-----
J=1.3e-02, Jf=1.3e-03, ⟨B·n⟩=9.2e-03, Len=sum([5.4, 4.9, 4.2])=14.5, ϰ=[8.9, 6.5, 6.0], ∫ϰ²/L=[10.5, 8.8, 7.2], C-C-Sep=0.20, ║∇J║=1.1e-02
-----On 8/20 Initial Guess Perturbations
Iteration 312/1000-----
J=1.3e-02, Jf=1.3e-03, ⟨B·n⟩=9.2e-03, Len=sum([5.4, 4.9, 4.2])=14.5, ϰ=[9.0, 6.5, 5.9], ∫ϰ²/L=[10.5, 8.7, 7.1], C-C-Sep=0.20, ║∇J║=1.1e-02
-----On 8/20 Initial Guess Perturbations
Iteration 313/1000-----
J=1.3e-02, Jf=1.3e-03, ⟨B·n⟩=9.2e-03, Len=sum([5.4, 4.9, 4.2])=14.5, ϰ=[9.0, 6.5, 5.8], ∫ϰ²/L=[10.5, 8.7, 7.1], C-C-Sep=0.20, ║∇J║=1.1e-02
-----On 8/20 Initial Guess Perturbations
Iteration 314/1000-----
J=1.3e-02, Jf=1.3e-03, ⟨B·n⟩=9.2e-03, Len=sum([5.4, 4.9, 4.2])=14.5, ϰ=[9.0, 6.4, 5.7], ∫ϰ²/L=[10.5, 8.7, 7.1], C-C-Sep=0.20, ║∇J║=1.1e-02
-----On 8/20 Initial Guess Perturbations
Iteration 315/1000-----
J=1.3e-02, Jf=1.3e-03, ⟨B·n⟩=9.2e-03, Len=sum([5.4, 4.9, 4.2])=14.5, ϰ=[9.0, 6.4, 5.7], ∫ϰ²/L=[10.5, 8.7, 7.1], C-C-Sep=0.20, ║∇J║=1.4e-02
-----On 8/20 Initial Guess Perturbations
Iteration 316/1000-----
J=1.3e-02, Jf=1.3e-03, ⟨B·n⟩=9.2e-03, Len=sum([5.4, 4.9, 4.2])=14.5, ϰ=[9.0, 6.4, 5.6], ∫ϰ²/L=[10.5, 8.7, 7.1], C-C-Sep=0.20, ║∇J║=1.0e-02
-----On 8/20 Initial Guess Perturbations
Iteration 317/1000-----
J=1.3e-02, Jf=1.3e-03, ⟨B·n⟩=9.1e-03, Len=sum([5.4, 4.9, 4.2])=14.5, ϰ=[8.9, 6.3, 5.7], ∫ϰ²/L=[10.5, 8.6, 7.1], C-C-Sep=0.20, ║∇J║=1.0e-02
-----On 8/20 Initial Guess Perturbations
Iteration 318/1000-----
J=1.3e-02, Jf=1.3e-03, ⟨B·n⟩=9.2e-03, Len=sum([5.4, 4.9, 4.2])=14.5, ϰ=[8.9, 6.3, 5.8], ∫ϰ²/L=[10.5, 8.6, 7.1], C-C-Sep=0.20, ║∇J║=9.7e-03
-----On 8/20 Initial Guess Perturbations
Iteration 319/1000-----
J=1.3e-02, Jf=1.3e-03, ⟨B·n⟩=9.1e-03, Len=sum([5.4, 4.9, 4.2])=14.5, ϰ=[8.9, 6.4, 5.8], ∫ϰ²/L=[10.5, 8.6, 7.1], C-C-Sep=0.20, ║∇J║=9.9e-03
-----On 8/20 Initial Guess Perturbations
Iteration 320/1000-----
J=1.3e-02, Jf=1.3e-03, ⟨B·n⟩=9.1e-03, Len=sum([5.4, 4.9, 4.2])=14.5, ϰ=[8.9, 6.5, 5.9], ∫ϰ²/L=[10.5, 8.6, 7.1], C-C-Sep=0.20, ║∇J║=9.3e-03
-----On 8/20 Initial Guess Perturbations
Iteration 321/1000-----
J=1.3e-02, Jf=1.3e-03, ⟨B·n⟩=9.1e-03, Len=sum([5.4, 4.9, 4.2])=14.5, ϰ=[9.0, 6.7, 5.9], ∫ϰ²/L=[10.5, 8.7, 7.1], C-C-Sep=0.20, ║∇J║=1.0e-02
-----On 8/20 Initial Guess Perturbations
Iteration 322/1000-----
J=1.3e-02, Jf=1.3e-03, ⟨B·n⟩=9.1e-03, Len=sum([5.4, 4.9, 4.2])=14.5, ϰ=[8.9, 6.8, 5.9], ∫ϰ²/L=[10.5, 8.7, 7.1], C-C-Sep=0.20, ║∇J║=8.4e-03
-----On 8/20 Initial Guess Perturbations
Iteration 323/1000-----
J=1.3e-02, Jf=1.3e-03, ⟨B·n⟩=9.1e-03, Len=sum([5.4, 4.9, 4.2])=14.5, ϰ=[8.9, 6.9, 5.9], ∫ϰ²/L=[10.5, 8.8, 7.1], C-C-Sep=0.20, ║∇J║=8.8e-03
-----On 8/20 Initial Guess Perturbations
Iteration 324/1000-----
J=1.3e-02, Jf=1.3e-03, ⟨B·n⟩=9.1e-03, Len=sum([5.4, 4.9, 4.2])=14.5, ϰ=[8.9, 6.9, 5.9], ∫ϰ²/L=[10.5, 8.8, 7.0], C-C-Sep=0.20, ║∇J║=9.8e-03
-----On 8/20 Initial Guess Perturbations
Iteration 325/1000-----
J=1.3e-02, Jf=1.3e-03, ⟨B·n⟩=9.1e-03, Len=sum([5.4, 4.9, 4.2])=14.5, ϰ=[9.0, 7.0, 5.8], ∫ϰ²/L=[10.6, 8.8, 7.0], C-C-Sep=0.20, ║∇J║=8.4e-03
-----On 8/20 Initial Guess Perturbations
Iteration 326/1000-----
J=1.3e-02, Jf=1.3e-03, ⟨B·n⟩=9.1e-03, Len=sum([5.4, 4.9, 4.2])=14.5, ϰ=[9.0, 6.9, 5.8], ∫ϰ²/L=[10.6, 8.8, 7.0], C-C-Sep=0.20, ║∇J║=8.6e-03
-----On 8/20 Initial Guess Perturbations
Iteration 327/1000-----
J=1.3e-02, Jf=1.3e-03, ⟨B·n⟩=9.1e-03, Len=sum([5.4, 4.9, 4.2])=14.5, ϰ=[9.0, 6.8, 5.8], ∫ϰ²/L=[10.6, 8.7, 7.0], C-C-Sep=0.20, ║∇J║=9.4e-03
-----On 8/20 Initial Guess Perturbations
Iteration 328/1000-----
J=1.3e-02, Jf=1.3e-03, ⟨B·n⟩=9.1e-03, Len=sum([5.4, 4.9, 4.2])=14.5, ϰ=[9.0, 6.7, 5.8], ∫ϰ²/L=[10.7, 8.7, 6.9], C-C-Sep=0.20, ║∇J║=1.1e-02
-----On 8/20 Initial Guess Perturbations
Iteration 329/1000-----
J=1.3e-02, Jf=1.2e-03, ⟨B·n⟩=9.1e-03, Len=sum([5.4, 4.9, 4.2])=14.5, ϰ=[9.0, 6.7, 5.8], ∫ϰ²/L=[10.7, 8.7, 6.9], C-C-Sep=0.20, ║∇J║=9.1e-03
-----On 8/20 Initial Guess Perturbations
Iteration 330/1000-----
J=1.3e-02, Jf=1.2e-03, ⟨B·n⟩=9.1e-03, Len=sum([5.4, 4.9, 4.2])=14.5, ϰ=[9.0, 6.6, 5.8], ∫ϰ²/L=[10.8, 8.7, 7.0], C-C-Sep=0.20, ║∇J║=9.9e-03
-----On 8/20 Initial Guess Perturbations
Iteration 331/1000-----
J=1.3e-02, Jf=1.2e-03, ⟨B·n⟩=9.1e-03, Len=sum([5.4, 4.9, 4.2])=14.5, ϰ=[9.1, 6.7, 5.8], ∫ϰ²/L=[10.8, 8.8, 7.0], C-C-Sep=0.20, ║∇J║=1.0e-02
-----On 8/20 Initial Guess Perturbations
Iteration 332/1000-----
J=1.3e-02, Jf=1.2e-03, ⟨B·n⟩=9.1e-03, Len=sum([5.4, 4.9, 4.2])=14.5, ϰ=[9.2, 6.8, 5.9], ∫ϰ²/L=[10.9, 8.7, 7.0], C-C-Sep=0.20, ║∇J║=8.6e-03
-----On 8/20 Initial Guess Perturbations
Iteration 333/1000-----
J=1.3e-02, Jf=1.2e-03, ⟨B·n⟩=9.1e-03, Len=sum([5.4, 4.9, 4.2])=14.5, ϰ=[9.2, 6.8, 6.0], ∫ϰ²/L=[11.0, 8.7, 7.0], C-C-Sep=0.20, ║∇J║=1.0e-02
-----On 8/20 Initial Guess Perturbations
Iteration 334/1000-----
J=1.3e-02, Jf=1.2e-03, ⟨B·n⟩=9.0e-03, Len=sum([5.4, 4.9, 4.2])=14.5, ϰ=[9.3, 6.9, 6.0], ∫ϰ²/L=[11.0, 8.7, 7.0], C-C-Sep=0.20, ║∇J║=9.5e-03
-----On 8/20 Initial Guess Perturbations
Iteration 335/1000-----
J=1.3e-02, Jf=1.2e-03, ⟨B·n⟩=9.0e-03, Len=sum([5.4, 4.9, 4.2])=14.5, ϰ=[9.3, 6.8, 6.0], ∫ϰ²/L=[11.0, 8.7, 7.0], C-C-Sep=0.20, ║∇J║=1.0e-02
-----On 8/20 Initial Guess Perturbations
Iteration 336/1000-----
J=1.3e-02, Jf=1.2e-03, ⟨B·n⟩=9.0e-03, Len=sum([5.4, 4.9, 4.2])=14.5, ϰ=[9.3, 6.8, 5.9], ∫ϰ²/L=[11.0, 8.6, 7.0], C-C-Sep=0.20, ║∇J║=1.0e-02
-----On 8/20 Initial Guess Perturbations
Iteration 337/1000-----
J=1.3e-02, Jf=1.2e-03, ⟨B·n⟩=9.0e-03, Len=sum([5.4, 4.9, 4.2])=14.5, ϰ=[9.4, 6.8, 6.0], ∫ϰ²/L=[11.1, 8.7, 7.0], C-C-Sep=0.20, ║∇J║=1.1e-02
-----On 8/20 Initial Guess Perturbations
Iteration 338/1000-----
J=1.3e-02, Jf=1.2e-03, ⟨B·n⟩=9.0e-03, Len=sum([5.4, 4.9, 4.2])=14.5, ϰ=[9.4, 6.7, 6.0], ∫ϰ²/L=[11.2, 8.7, 7.0], C-C-Sep=0.20, ║∇J║=1.0e-02
-----On 8/20 Initial Guess Perturbations
Iteration 339/1000-----
J=1.3e-02, Jf=1.2e-03, ⟨B·n⟩=8.9e-03, Len=sum([5.4, 4.9, 4.2])=14.5, ϰ=[9.5, 6.6, 6.0], ∫ϰ²/L=[11.3, 8.8, 7.0], C-C-Sep=0.20, ║∇J║=1.3e-02
-----On 8/20 Initial Guess Perturbations
Iteration 340/1000-----
J=1.3e-02, Jf=1.2e-03, ⟨B·n⟩=9.0e-03, Len=sum([5.4, 4.9, 4.2])=14.5, ϰ=[9.5, 6.6, 6.2], ∫ϰ²/L=[11.3, 8.8, 7.1], C-C-Sep=0.20, ║∇J║=9.3e-03
-----On 8/20 Initial Guess Perturbations
Iteration 341/1000-----
J=1.3e-02, Jf=1.2e-03, ⟨B·n⟩=8.9e-03, Len=sum([5.4, 4.9, 4.2])=14.5, ϰ=[9.6, 6.6, 6.2], ∫ϰ²/L=[11.4, 8.7, 7.1], C-C-Sep=0.20, ║∇J║=1.1e-02
-----On 8/20 Initial Guess Perturbations
Iteration 342/1000-----
J=1.3e-02, Jf=1.2e-03, ⟨B·n⟩=8.9e-03, Len=sum([5.4, 4.9, 4.2])=14.5, ϰ=[9.6, 6.7, 6.3], ∫ϰ²/L=[11.5, 8.7, 7.1], C-C-Sep=0.20, ║∇J║=1.1e-02
-----On 8/20 Initial Guess Perturbations
Iteration 343/1000-----
J=1.3e-02, Jf=1.2e-03, ⟨B·n⟩=8.9e-03, Len=sum([5.4, 4.9, 4.2])=14.5, ϰ=[9.7, 6.6, 6.2], ∫ϰ²/L=[11.5, 8.7, 7.1], C-C-Sep=0.20, ║∇J║=1.1e-02
-----On 8/20 Initial Guess Perturbations
Iteration 344/1000-----
J=1.3e-02, Jf=1.2e-03, ⟨B·n⟩=8.9e-03, Len=sum([5.4, 4.9, 4.2])=14.5, ϰ=[9.7, 6.6, 6.0], ∫ϰ²/L=[11.6, 8.6, 7.0], C-C-Sep=0.20, ║∇J║=1.2e-02
-----On 8/20 Initial Guess Perturbations
Iteration 345/1000-----
J=1.3e-02, Jf=1.2e-03, ⟨B·n⟩=8.9e-03, Len=sum([5.4, 4.9, 4.2])=14.5, ϰ=[9.7, 6.5, 5.8], ∫ϰ²/L=[11.6, 8.6, 7.0], C-C-Sep=0.20, ║∇J║=1.3e-02
-----On 8/20 Initial Guess Perturbations
Iteration 346/1000-----
J=1.3e-02, Jf=1.2e-03, ⟨B·n⟩=8.9e-03, Len=sum([5.4, 4.9, 4.2])=14.5, ϰ=[9.7, 6.5, 5.7], ∫ϰ²/L=[11.6, 8.6, 6.9], C-C-Sep=0.20, ║∇J║=1.1e-02
-----On 8/20 Initial Guess Perturbations
Iteration 347/1000-----
J=1.3e-02, Jf=1.2e-03, ⟨B·n⟩=8.8e-03, Len=sum([5.4, 4.9, 4.2])=14.5, ϰ=[9.8, 6.5, 5.5], ∫ϰ²/L=[11.7, 8.6, 6.9], C-C-Sep=0.20, ║∇J║=1.2e-02
-----On 8/20 Initial Guess Perturbations
Iteration 348/1000-----
J=1.3e-02, Jf=1.2e-03, ⟨B·n⟩=8.8e-03, Len=sum([5.4, 4.9, 4.2])=14.5, ϰ=[9.8, 6.6, 5.5], ∫ϰ²/L=[11.7, 8.6, 6.9], C-C-Sep=0.20, ║∇J║=1.3e-02
-----On 8/20 Initial Guess Perturbations
Iteration 349/1000-----
J=1.3e-02, Jf=1.2e-03, ⟨B·n⟩=8.8e-03, Len=sum([5.4, 4.9, 4.2])=14.5, ϰ=[9.9, 6.5, 5.6], ∫ϰ²/L=[11.7, 8.6, 6.9], C-C-Sep=0.20, ║∇J║=1.1e-02
-----On 8/20 Initial Guess Perturbations
Iteration 350/1000-----
J=1.3e-02, Jf=1.2e-03, ⟨B·n⟩=8.8e-03, Len=sum([5.4, 4.9, 4.2])=14.6, ϰ=[9.9, 6.4, 5.8], ∫ϰ²/L=[11.8, 8.7, 6.9], C-C-Sep=0.20, ║∇J║=1.1e-02
-----On 8/20 Initial Guess Perturbations
Iteration 351/1000-----
J=1.3e-02, Jf=1.2e-03, ⟨B·n⟩=8.8e-03, Len=sum([5.4, 4.9, 4.2])=14.5, ϰ=[10.0, 6.5, 5.9], ∫ϰ²/L=[11.8, 8.7, 6.9], C-C-Sep=0.20, ║∇J║=1.1e-02
-----On 8/20 Initial Guess Perturbations
Iteration 352/1000-----
J=1.3e-02, Jf=1.2e-03, ⟨B·n⟩=8.8e-03, Len=sum([5.4, 4.9, 4.2])=14.6, ϰ=[10.0, 6.6, 6.0], ∫ϰ²/L=[12.0, 8.7, 6.9], C-C-Sep=0.20, ║∇J║=1.3e-02
-----On 8/20 Initial Guess Perturbations
Iteration 353/1000-----
J=1.3e-02, Jf=1.2e-03, ⟨B·n⟩=8.7e-03, Len=sum([5.4, 4.9, 4.2])=14.6, ϰ=[9.9, 6.5, 5.9], ∫ϰ²/L=[12.0, 8.7, 6.8], C-C-Sep=0.20, ║∇J║=1.6e-02
-----On 8/20 Initial Guess Perturbations
Iteration 354/1000-----
J=1.3e-02, Jf=1.1e-03, ⟨B·n⟩=8.7e-03, Len=sum([5.4, 4.9, 4.2])=14.6, ϰ=[9.9, 6.6, 5.9], ∫ϰ²/L=[12.1, 8.7, 6.7], C-C-Sep=0.20, ║∇J║=1.3e-02
-----On 8/20 Initial Guess Perturbations
Iteration 355/1000-----
J=1.3e-02, Jf=1.1e-03, ⟨B·n⟩=8.7e-03, Len=sum([5.4, 4.9, 4.2])=14.5, ϰ=[9.9, 6.6, 5.7], ∫ϰ²/L=[12.1, 8.8, 6.6], C-C-Sep=0.20, ║∇J║=1.2e-02
-----On 8/20 Initial Guess Perturbations
Iteration 356/1000-----
J=1.3e-02, Jf=1.1e-03, ⟨B·n⟩=8.7e-03, Len=sum([5.4, 4.9, 4.2])=14.6, ϰ=[10.0, 6.6, 5.7], ∫ϰ²/L=[12.2, 8.8, 6.6], C-C-Sep=0.20, ║∇J║=1.2e-02
-----On 8/20 Initial Guess Perturbations
Iteration 357/1000-----
J=1.3e-02, Jf=1.1e-03, ⟨B·n⟩=8.7e-03, Len=sum([5.4, 4.9, 4.2])=14.6, ϰ=[10.0, 6.6, 5.6], ∫ϰ²/L=[12.2, 8.8, 6.6], C-C-Sep=0.20, ║∇J║=1.4e-02
-----On 8/20 Initial Guess Perturbations
Iteration 358/1000-----
J=1.3e-02, Jf=1.1e-03, ⟨B·n⟩=8.6e-03, Len=sum([5.4, 4.9, 4.2])=14.6, ϰ=[10.0, 6.6, 5.7], ∫ϰ²/L=[12.3, 8.8, 6.7], C-C-Sep=0.20, ║∇J║=1.1e-02
-----On 8/20 Initial Guess Perturbations
Iteration 359/1000-----
J=1.3e-02, Jf=1.1e-03, ⟨B·n⟩=8.6e-03, Len=sum([5.4, 4.9, 4.2])=14.6, ϰ=[10.0, 6.7, 5.8], ∫ϰ²/L=[12.3, 8.8, 6.7], C-C-Sep=0.20, ║∇J║=1.1e-02
-----On 8/20 Initial Guess Perturbations
Iteration 360/1000-----
J=1.3e-02, Jf=1.1e-03, ⟨B·n⟩=8.6e-03, Len=sum([5.4, 4.9, 4.2])=14.6, ϰ=[10.0, 6.8, 5.7], ∫ϰ²/L=[12.4, 8.8, 6.6], C-C-Sep=0.20, ║∇J║=1.4e-02
-----On 8/20 Initial Guess Perturbations
Iteration 361/1000-----
J=1.3e-02, Jf=1.1e-03, ⟨B·n⟩=8.6e-03, Len=sum([5.4, 4.9, 4.2])=14.6, ϰ=[10.0, 6.9, 5.6], ∫ϰ²/L=[12.3, 8.7, 6.6], C-C-Sep=0.20, ║∇J║=1.3e-02
-----On 8/20 Initial Guess Perturbations
Iteration 362/1000-----
J=1.3e-02, Jf=1.1e-03, ⟨B·n⟩=8.5e-03, Len=sum([5.4, 4.9, 4.3])=14.6, ϰ=[10.1, 6.9, 5.5], ∫ϰ²/L=[12.3, 8.7, 6.7], C-C-Sep=0.20, ║∇J║=1.3e-02
-----On 8/20 Initial Guess Perturbations
Iteration 363/1000-----
J=1.3e-02, Jf=1.1e-03, ⟨B·n⟩=8.5e-03, Len=sum([5.4, 4.9, 4.3])=14.6, ϰ=[10.1, 6.8, 5.3], ∫ϰ²/L=[12.3, 8.7, 6.8], C-C-Sep=0.20, ║∇J║=1.3e-02
-----On 8/20 Initial Guess Perturbations
Iteration 364/1000-----
J=1.3e-02, Jf=1.1e-03, ⟨B·n⟩=8.5e-03, Len=sum([5.4, 4.9, 4.3])=14.6, ϰ=[10.2, 6.7, 5.2], ∫ϰ²/L=[12.4, 8.7, 6.8], C-C-Sep=0.20, ║∇J║=1.7e-02
-----On 8/20 Initial Guess Perturbations
Iteration 365/1000-----
J=1.3e-02, Jf=1.1e-03, ⟨B·n⟩=8.5e-03, Len=sum([5.4, 4.9, 4.3])=14.6, ϰ=[10.2, 6.6, 5.2], ∫ϰ²/L=[12.4, 8.6, 6.7], C-C-Sep=0.20, ║∇J║=1.1e-02
-----On 8/20 Initial Guess Perturbations
Iteration 366/1000-----
J=1.3e-02, Jf=1.1e-03, ⟨B·n⟩=8.5e-03, Len=sum([5.4, 4.9, 4.3])=14.6, ϰ=[10.3, 6.5, 5.1], ∫ϰ²/L=[12.4, 8.5, 6.7], C-C-Sep=0.20, ║∇J║=1.2e-02
-----On 8/20 Initial Guess Perturbations
Iteration 367/1000-----
J=1.3e-02, Jf=1.1e-03, ⟨B·n⟩=8.5e-03, Len=sum([5.4, 4.9, 4.3])=14.6, ϰ=[10.4, 6.4, 5.0], ∫ϰ²/L=[12.5, 8.5, 6.7], C-C-Sep=0.20, ║∇J║=1.6e-02
-----On 8/20 Initial Guess Perturbations
Iteration 368/1000-----
J=1.3e-02, Jf=1.1e-03, ⟨B·n⟩=8.4e-03, Len=sum([5.4, 4.9, 4.3])=14.6, ϰ=[10.4, 6.3, 5.0], ∫ϰ²/L=[12.6, 8.4, 6.7], C-C-Sep=0.20, ║∇J║=1.3e-02
-----On 8/20 Initial Guess Perturbations
Iteration 369/1000-----
J=1.3e-02, Jf=1.1e-03, ⟨B·n⟩=8.4e-03, Len=sum([5.4, 4.9, 4.3])=14.6, ϰ=[10.5, 6.3, 5.0], ∫ϰ²/L=[12.7, 8.4, 6.6], C-C-Sep=0.20, ║∇J║=1.2e-02
-----On 8/20 Initial Guess Perturbations
Iteration 370/1000-----
J=1.3e-02, Jf=1.1e-03, ⟨B·n⟩=8.4e-03, Len=sum([5.4, 4.9, 4.3])=14.6, ϰ=[10.5, 6.3, 5.1], ∫ϰ²/L=[12.7, 8.3, 6.6], C-C-Sep=0.20, ║∇J║=1.2e-02
-----On 8/20 Initial Guess Perturbations
Iteration 371/1000-----
J=1.3e-02, Jf=1.1e-03, ⟨B·n⟩=8.4e-03, Len=sum([5.4, 4.9, 4.3])=14.6, ϰ=[10.6, 6.3, 5.3], ∫ϰ²/L=[12.7, 8.3, 6.6], C-C-Sep=0.20, ║∇J║=1.1e-02
-----On 8/20 Initial Guess Perturbations
Iteration 372/1000-----
J=1.3e-02, Jf=1.1e-03, ⟨B·n⟩=8.4e-03, Len=sum([5.4, 4.9, 4.3])=14.6, ϰ=[10.7, 6.2, 5.5], ∫ϰ²/L=[12.7, 8.3, 6.6], C-C-Sep=0.20, ║∇J║=1.0e-02
-----On 8/20 Initial Guess Perturbations
Iteration 373/1000-----
J=1.3e-02, Jf=1.1e-03, ⟨B·n⟩=8.4e-03, Len=sum([5.4, 4.9, 4.3])=14.6, ϰ=[10.7, 6.2, 5.7], ∫ϰ²/L=[12.7, 8.3, 6.6], C-C-Sep=0.20, ║∇J║=1.3e-02
-----On 8/20 Initial Guess Perturbations
Iteration 374/1000-----
J=1.3e-02, Jf=1.1e-03, ⟨B·n⟩=8.4e-03, Len=sum([5.4, 4.9, 4.3])=14.5, ϰ=[10.8, 6.2, 5.8], ∫ϰ²/L=[12.7, 8.3, 6.6], C-C-Sep=0.20, ║∇J║=1.3e-02
-----On 8/20 Initial Guess Perturbations
Iteration 375/1000-----
J=1.3e-02, Jf=1.1e-03, ⟨B·n⟩=8.4e-03, Len=sum([5.4, 4.9, 4.3])=14.5, ϰ=[10.8, 6.1, 5.8], ∫ϰ²/L=[12.7, 8.4, 6.6], C-C-Sep=0.20, ║∇J║=1.5e-02
-----On 8/20 Initial Guess Perturbations
Iteration 376/1000-----
J=1.3e-02, Jf=1.1e-03, ⟨B·n⟩=8.4e-03, Len=sum([5.4, 4.9, 4.3])=14.5, ϰ=[10.8, 6.2, 5.7], ∫ϰ²/L=[12.7, 8.5, 6.6], C-C-Sep=0.20, ║∇J║=1.4e-02
-----On 8/20 Initial Guess Perturbations
Iteration 377/1000-----
J=1.3e-02, Jf=1.1e-03, ⟨B·n⟩=8.4e-03, Len=sum([5.4, 4.9, 4.3])=14.5, ϰ=[10.9, 6.1, 5.7], ∫ϰ²/L=[12.8, 8.5, 6.6], C-C-Sep=0.20, ║∇J║=1.3e-02
-----On 8/20 Initial Guess Perturbations
Iteration 378/1000-----
J=1.3e-02, Jf=1.1e-03, ⟨B·n⟩=8.4e-03, Len=sum([5.4, 4.9, 4.3])=14.5, ϰ=[11.0, 6.1, 5.7], ∫ϰ²/L=[12.8, 8.5, 6.6], C-C-Sep=0.20, ║∇J║=1.3e-02
-----On 8/20 Initial Guess Perturbations
Iteration 379/1000-----
J=1.3e-02, Jf=1.1e-03, ⟨B·n⟩=8.4e-03, Len=sum([5.4, 4.9, 4.3])=14.5, ϰ=[11.0, 6.1, 5.8], ∫ϰ²/L=[12.9, 8.5, 6.7], C-C-Sep=0.20, ║∇J║=1.3e-02
-----On 8/20 Initial Guess Perturbations
Iteration 380/1000-----
J=1.3e-02, Jf=1.1e-03, ⟨B·n⟩=8.4e-03, Len=sum([5.4, 4.9, 4.3])=14.5, ϰ=[11.0, 6.0, 5.8], ∫ϰ²/L=[13.0, 8.5, 6.7], C-C-Sep=0.20, ║∇J║=1.5e-02
-----On 8/20 Initial Guess Perturbations
Iteration 381/1000-----
J=1.3e-02, Jf=1.1e-03, ⟨B·n⟩=8.4e-03, Len=sum([5.4, 4.9, 4.3])=14.5, ϰ=[11.0, 6.0, 5.9], ∫ϰ²/L=[13.0, 8.4, 6.7], C-C-Sep=0.20, ║∇J║=1.9e-02
-----On 8/20 Initial Guess Perturbations
Iteration 382/1000-----
J=1.3e-02, Jf=1.1e-03, ⟨B·n⟩=8.4e-03, Len=sum([5.4, 4.9, 4.3])=14.5, ϰ=[11.1, 6.0, 5.7], ∫ϰ²/L=[13.0, 8.4, 6.7], C-C-Sep=0.20, ║∇J║=1.4e-02
-----On 8/20 Initial Guess Perturbations
Iteration 383/1000-----
J=1.3e-02, Jf=1.1e-03, ⟨B·n⟩=8.4e-03, Len=sum([5.4, 4.9, 4.3])=14.5, ϰ=[11.0, 5.9, 5.6], ∫ϰ²/L=[13.0, 8.4, 6.7], C-C-Sep=0.20, ║∇J║=1.2e-02
-----On 8/20 Initial Guess Perturbations
Iteration 384/1000-----
J=1.3e-02, Jf=1.1e-03, ⟨B·n⟩=8.4e-03, Len=sum([5.4, 4.9, 4.3])=14.5, ϰ=[11.0, 5.8, 5.4], ∫ϰ²/L=[13.0, 8.3, 6.6], C-C-Sep=0.20, ║∇J║=1.4e-02
-----On 8/20 Initial Guess Perturbations
Iteration 385/1000-----
J=1.3e-02, Jf=1.1e-03, ⟨B·n⟩=8.4e-03, Len=sum([5.4, 4.8, 4.3])=14.5, ϰ=[11.1, 5.9, 5.4], ∫ϰ²/L=[13.1, 8.4, 6.7], C-C-Sep=0.20, ║∇J║=1.6e-02
-----On 8/20 Initial Guess Perturbations
Iteration 386/1000-----
J=1.3e-02, Jf=1.1e-03, ⟨B·n⟩=8.4e-03, Len=sum([5.4, 4.8, 4.3])=14.5, ϰ=[11.1, 5.9, 5.5], ∫ϰ²/L=[13.0, 8.3, 6.7], C-C-Sep=0.20, ║∇J║=2.5e-02
-----On 8/20 Initial Guess Perturbations
Iteration 387/1000-----
J=1.3e-02, Jf=1.1e-03, ⟨B·n⟩=8.4e-03, Len=sum([5.4, 4.8, 4.3])=14.5, ϰ=[11.1, 5.9, 5.5], ∫ϰ²/L=[13.0, 8.3, 6.7], C-C-Sep=0.20, ║∇J║=1.4e-02
-----On 8/20 Initial Guess Perturbations
Iteration 388/1000-----
J=1.3e-02, Jf=1.1e-03, ⟨B·n⟩=8.4e-03, Len=sum([5.4, 4.8, 4.3])=14.5, ϰ=[11.1, 6.0, 5.5], ∫ϰ²/L=[13.0, 8.3, 6.7], C-C-Sep=0.20, ║∇J║=8.7e-03
-----On 8/20 Initial Guess Perturbations
Iteration 389/1000-----
J=1.3e-02, Jf=1.1e-03, ⟨B·n⟩=8.4e-03, Len=sum([5.4, 4.8, 4.3])=14.5, ϰ=[11.2, 6.0, 5.5], ∫ϰ²/L=[13.1, 8.4, 6.7], C-C-Sep=0.20, ║∇J║=9.2e-03
-----On 8/20 Initial Guess Perturbations
Iteration 390/1000-----
J=1.3e-02, Jf=1.1e-03, ⟨B·n⟩=8.4e-03, Len=sum([5.4, 4.8, 4.3])=14.5, ϰ=[11.2, 6.1, 5.5], ∫ϰ²/L=[13.2, 8.4, 6.8], C-C-Sep=0.20, ║∇J║=1.7e-02
-----On 8/20 Initial Guess Perturbations
Iteration 391/1000-----
J=1.3e-02, Jf=1.1e-03, ⟨B·n⟩=8.4e-03, Len=sum([5.4, 4.8, 4.3])=14.5, ϰ=[11.2, 6.0, 5.5], ∫ϰ²/L=[13.1, 8.4, 6.8], C-C-Sep=0.20, ║∇J║=1.0e-02
-----On 8/20 Initial Guess Perturbations
Iteration 392/1000-----
J=1.3e-02, Jf=1.1e-03, ⟨B·n⟩=8.4e-03, Len=sum([5.4, 4.8, 4.3])=14.5, ϰ=[11.3, 6.1, 5.7], ∫ϰ²/L=[13.2, 8.4, 6.8], C-C-Sep=0.20, ║∇J║=1.2e-02
-----On 8/20 Initial Guess Perturbations
Iteration 393/1000-----
J=1.3e-02, Jf=1.1e-03, ⟨B·n⟩=8.4e-03, Len=sum([5.4, 4.8, 4.3])=14.5, ϰ=[11.4, 6.1, 5.9], ∫ϰ²/L=[13.3, 8.5, 7.0], C-C-Sep=0.20, ║∇J║=1.9e-02
-----On 8/20 Initial Guess Perturbations
Iteration 394/1000-----
J=1.3e-02, Jf=1.1e-03, ⟨B·n⟩=8.4e-03, Len=sum([5.4, 4.8, 4.3])=14.5, ϰ=[11.4, 6.1, 5.8], ∫ϰ²/L=[13.2, 8.4, 6.9], C-C-Sep=0.20, ║∇J║=9.0e-03
-----On 8/20 Initial Guess Perturbations
Iteration 395/1000-----
J=1.3e-02, Jf=1.1e-03, ⟨B·n⟩=8.4e-03, Len=sum([5.4, 4.8, 4.3])=14.5, ϰ=[11.4, 6.1, 6.0], ∫ϰ²/L=[13.3, 8.4, 7.0], C-C-Sep=0.20, ║∇J║=1.1e-02
-----On 8/20 Initial Guess Perturbations
Iteration 396/1000-----
J=1.3e-02, Jf=1.1e-03, ⟨B·n⟩=8.4e-03, Len=sum([5.4, 4.8, 4.3])=14.5, ϰ=[11.4, 6.1, 6.0], ∫ϰ²/L=[13.3, 8.3, 6.9], C-C-Sep=0.20, ║∇J║=1.4e-02
-----On 8/20 Initial Guess Perturbations
Iteration 397/1000-----
J=1.3e-02, Jf=1.1e-03, ⟨B·n⟩=8.4e-03, Len=sum([5.4, 4.8, 4.3])=14.5, ϰ=[11.4, 6.0, 6.0], ∫ϰ²/L=[13.2, 8.2, 6.8], C-C-Sep=0.20, ║∇J║=9.8e-03
-----On 8/20 Initial Guess Perturbations
Iteration 398/1000-----
J=1.3e-02, Jf=1.1e-03, ⟨B·n⟩=8.4e-03, Len=sum([5.4, 4.8, 4.3])=14.5, ϰ=[11.3, 6.0, 5.9], ∫ϰ²/L=[13.2, 8.3, 6.9], C-C-Sep=0.20, ║∇J║=3.2e-02
-----On 8/20 Initial Guess Perturbations
Iteration 399/1000-----
J=1.3e-02, Jf=1.1e-03, ⟨B·n⟩=8.4e-03, Len=sum([5.4, 4.8, 4.3])=14.5, ϰ=[11.4, 6.0, 5.9], ∫ϰ²/L=[13.2, 8.2, 6.8], C-C-Sep=0.20, ║∇J║=9.5e-03
-----On 8/20 Initial Guess Perturbations
Iteration 400/1000-----
J=1.3e-02, Jf=1.1e-03, ⟨B·n⟩=8.4e-03, Len=sum([5.4, 4.8, 4.3])=14.5, ϰ=[11.2, 6.0, 5.7], ∫ϰ²/L=[13.2, 8.2, 6.8], C-C-Sep=0.20, ║∇J║=1.6e-02
-----On 8/20 Initial Guess Perturbations
Iteration 401/1000-----
J=1.3e-02, Jf=1.1e-03, ⟨B·n⟩=8.5e-03, Len=sum([5.4, 4.8, 4.3])=14.4, ϰ=[11.3, 6.1, 5.7], ∫ϰ²/L=[13.2, 8.2, 6.8], C-C-Sep=0.20, ║∇J║=1.3e-02
-----On 8/20 Initial Guess Perturbations
Iteration 402/1000-----
J=1.3e-02, Jf=1.1e-03, ⟨B·n⟩=8.5e-03, Len=sum([5.4, 4.8, 4.3])=14.4, ϰ=[11.4, 6.1, 5.8], ∫ϰ²/L=[13.1, 8.3, 6.8], C-C-Sep=0.20, ║∇J║=1.5e-02
-----On 8/20 Initial Guess Perturbations
Iteration 403/1000-----
J=1.3e-02, Jf=1.1e-03, ⟨B·n⟩=8.5e-03, Len=sum([5.4, 4.8, 4.3])=14.4, ϰ=[11.3, 6.2, 5.7], ∫ϰ²/L=[13.2, 8.3, 6.8], C-C-Sep=0.20, ║∇J║=8.0e-03
-----On 8/20 Initial Guess Perturbations
Iteration 404/1000-----
J=1.3e-02, Jf=1.1e-03, ⟨B·n⟩=8.5e-03, Len=sum([5.4, 4.8, 4.3])=14.4, ϰ=[11.3, 6.3, 5.7], ∫ϰ²/L=[13.2, 8.3, 6.9], C-C-Sep=0.20, ║∇J║=8.2e-03
-----On 8/20 Initial Guess Perturbations
Iteration 405/1000-----
J=1.3e-02, Jf=1.1e-03, ⟨B·n⟩=8.5e-03, Len=sum([5.4, 4.8, 4.3])=14.4, ϰ=[11.3, 6.4, 5.8], ∫ϰ²/L=[13.2, 8.3, 6.9], C-C-Sep=0.20, ║∇J║=8.0e-03
-----On 8/20 Initial Guess Perturbations
Iteration 406/1000-----
J=1.3e-02, Jf=1.1e-03, ⟨B·n⟩=8.5e-03, Len=sum([5.4, 4.8, 4.3])=14.4, ϰ=[11.4, 6.5, 5.9], ∫ϰ²/L=[13.2, 8.4, 7.0], C-C-Sep=0.20, ║∇J║=1.2e-02
-----On 8/20 Initial Guess Perturbations
Iteration 407/1000-----
J=1.3e-02, Jf=1.1e-03, ⟨B·n⟩=8.5e-03, Len=sum([5.4, 4.8, 4.2])=14.4, ϰ=[11.4, 6.6, 5.8], ∫ϰ²/L=[13.3, 8.4, 7.1], C-C-Sep=0.20, ║∇J║=1.3e-02
-----On 8/20 Initial Guess Perturbations
Iteration 408/1000-----
J=1.3e-02, Jf=1.1e-03, ⟨B·n⟩=8.5e-03, Len=sum([5.4, 4.8, 4.2])=14.4, ϰ=[11.4, 6.5, 5.7], ∫ϰ²/L=[13.2, 8.4, 7.0], C-C-Sep=0.20, ║∇J║=9.4e-03
-----On 8/20 Initial Guess Perturbations
Iteration 409/1000-----
J=1.3e-02, Jf=1.1e-03, ⟨B·n⟩=8.5e-03, Len=sum([5.4, 4.8, 4.2])=14.4, ϰ=[11.5, 6.6, 5.6], ∫ϰ²/L=[13.3, 8.4, 7.0], C-C-Sep=0.20, ║∇J║=1.3e-02
-----On 8/20 Initial Guess Perturbations
Iteration 410/1000-----
J=1.3e-02, Jf=1.1e-03, ⟨B·n⟩=8.5e-03, Len=sum([5.4, 4.8, 4.2])=14.4, ϰ=[11.5, 6.6, 5.7], ∫ϰ²/L=[13.3, 8.4, 7.0], C-C-Sep=0.20, ║∇J║=9.2e-03
-----On 8/20 Initial Guess Perturbations
Iteration 411/1000-----
J=1.3e-02, Jf=1.1e-03, ⟨B·n⟩=8.5e-03, Len=sum([5.4, 4.8, 4.2])=14.4, ϰ=[11.5, 6.6, 5.7], ∫ϰ²/L=[13.3, 8.4, 7.0], C-C-Sep=0.20, ║∇J║=7.3e-03
-----On 8/20 Initial Guess Perturbations
Iteration 412/1000-----
J=1.3e-02, Jf=1.1e-03, ⟨B·n⟩=8.6e-03, Len=sum([5.4, 4.8, 4.2])=14.4, ϰ=[11.5, 6.7, 5.7], ∫ϰ²/L=[13.3, 8.4, 7.0], C-C-Sep=0.20, ║∇J║=7.8e-03
-----On 8/20 Initial Guess Perturbations
Iteration 413/1000-----
J=1.3e-02, Jf=1.1e-03, ⟨B·n⟩=8.6e-03, Len=sum([5.4, 4.8, 4.2])=14.4, ϰ=[11.6, 6.9, 5.6], ∫ϰ²/L=[13.4, 8.4, 7.1], C-C-Sep=0.20, ║∇J║=9.6e-03
-----On 8/20 Initial Guess Perturbations
Iteration 414/1000-----
J=1.3e-02, Jf=1.1e-03, ⟨B·n⟩=8.6e-03, Len=sum([5.4, 4.8, 4.2])=14.4, ϰ=[11.7, 7.2, 5.6], ∫ϰ²/L=[13.5, 8.5, 7.1], C-C-Sep=0.20, ║∇J║=1.5e-02
-----On 8/20 Initial Guess Perturbations
Iteration 415/1000-----
J=1.3e-02, Jf=1.1e-03, ⟨B·n⟩=8.6e-03, Len=sum([5.4, 4.8, 4.2])=14.4, ϰ=[11.7, 7.1, 5.6], ∫ϰ²/L=[13.5, 8.4, 7.1], C-C-Sep=0.20, ║∇J║=8.9e-03
-----On 8/20 Initial Guess Perturbations
Iteration 416/1000-----
J=1.3e-02, Jf=1.1e-03, ⟨B·n⟩=8.6e-03, Len=sum([5.4, 4.8, 4.2])=14.4, ϰ=[11.7, 7.1, 5.5], ∫ϰ²/L=[13.5, 8.4, 7.1], C-C-Sep=0.20, ║∇J║=7.5e-03
-----On 8/20 Initial Guess Perturbations
Iteration 417/1000-----
J=1.3e-02, Jf=1.1e-03, ⟨B·n⟩=8.6e-03, Len=sum([5.4, 4.8, 4.2])=14.4, ϰ=[11.8, 7.0, 5.4], ∫ϰ²/L=[13.6, 8.4, 7.1], C-C-Sep=0.20, ║∇J║=7.7e-03
-----On 8/20 Initial Guess Perturbations
Iteration 418/1000-----
J=1.3e-02, Jf=1.1e-03, ⟨B·n⟩=8.6e-03, Len=sum([5.3, 4.8, 4.2])=14.4, ϰ=[11.8, 6.9, 5.5], ∫ϰ²/L=[13.6, 8.3, 7.2], C-C-Sep=0.20, ║∇J║=1.1e-02
-----On 8/20 Initial Guess Perturbations
Iteration 419/1000-----
J=1.3e-02, Jf=1.1e-03, ⟨B·n⟩=8.6e-03, Len=sum([5.3, 4.8, 4.2])=14.4, ϰ=[11.8, 6.9, 5.5], ∫ϰ²/L=[13.6, 8.3, 7.2], C-C-Sep=0.20, ║∇J║=7.8e-03
-----On 8/20 Initial Guess Perturbations
Iteration 420/1000-----
J=1.3e-02, Jf=1.1e-03, ⟨B·n⟩=8.6e-03, Len=sum([5.3, 4.8, 4.2])=14.4, ϰ=[11.9, 6.7, 5.6], ∫ϰ²/L=[13.7, 8.3, 7.2], C-C-Sep=0.20, ║∇J║=7.6e-03
-----On 8/20 Initial Guess Perturbations
Iteration 421/1000-----
J=1.3e-02, Jf=1.1e-03, ⟨B·n⟩=8.7e-03, Len=sum([5.3, 4.8, 4.2])=14.3, ϰ=[11.9, 6.6, 5.7], ∫ϰ²/L=[13.7, 8.3, 7.3], C-C-Sep=0.20, ║∇J║=9.1e-03
-----On 8/20 Initial Guess Perturbations
Iteration 422/1000-----
J=1.3e-02, Jf=1.1e-03, ⟨B·n⟩=8.7e-03, Len=sum([5.3, 4.8, 4.2])=14.3, ϰ=[12.0, 6.5, 5.8], ∫ϰ²/L=[13.8, 8.3, 7.3], C-C-Sep=0.20, ║∇J║=7.7e-03
-----On 8/20 Initial Guess Perturbations
Iteration 423/1000-----
J=1.3e-02, Jf=1.1e-03, ⟨B·n⟩=8.7e-03, Len=sum([5.3, 4.8, 4.2])=14.3, ϰ=[12.0, 6.4, 5.8], ∫ϰ²/L=[13.8, 8.3, 7.3], C-C-Sep=0.20, ║∇J║=7.3e-03
-----On 8/20 Initial Guess Perturbations
Iteration 424/1000-----
J=1.3e-02, Jf=1.1e-03, ⟨B·n⟩=8.7e-03, Len=sum([5.3, 4.8, 4.2])=14.3, ϰ=[12.0, 6.4, 5.9], ∫ϰ²/L=[13.8, 8.3, 7.3], C-C-Sep=0.20, ║∇J║=8.0e-03
-----On 8/20 Initial Guess Perturbations
Iteration 425/1000-----
J=1.3e-02, Jf=1.2e-03, ⟨B·n⟩=8.7e-03, Len=sum([5.3, 4.8, 4.2])=14.3, ϰ=[12.1, 6.4, 6.0], ∫ϰ²/L=[13.9, 8.3, 7.3], C-C-Sep=0.20, ║∇J║=9.1e-03
-----On 8/20 Initial Guess Perturbations
Iteration 426/1000-----
J=1.3e-02, Jf=1.2e-03, ⟨B·n⟩=8.7e-03, Len=sum([5.3, 4.8, 4.2])=14.3, ϰ=[12.1, 6.4, 6.0], ∫ϰ²/L=[14.0, 8.3, 7.4], C-C-Sep=0.20, ║∇J║=8.3e-03
-----On 8/20 Initial Guess Perturbations
Iteration 427/1000-----
J=1.3e-02, Jf=1.2e-03, ⟨B·n⟩=8.7e-03, Len=sum([5.3, 4.8, 4.2])=14.3, ϰ=[12.1, 6.4, 6.1], ∫ϰ²/L=[14.0, 8.3, 7.4], C-C-Sep=0.20, ║∇J║=7.9e-03
-----On 8/20 Initial Guess Perturbations
Iteration 428/1000-----
J=1.3e-02, Jf=1.2e-03, ⟨B·n⟩=8.7e-03, Len=sum([5.3, 4.8, 4.2])=14.3, ϰ=[12.2, 6.4, 6.1], ∫ϰ²/L=[14.0, 8.3, 7.4], C-C-Sep=0.20, ║∇J║=6.7e-03
-----On 8/20 Initial Guess Perturbations
Iteration 429/1000-----
J=1.3e-02, Jf=1.2e-03, ⟨B·n⟩=8.7e-03, Len=sum([5.3, 4.8, 4.2])=14.3, ϰ=[12.2, 6.3, 6.0], ∫ϰ²/L=[14.1, 8.4, 7.4], C-C-Sep=0.20, ║∇J║=6.3e-03
-----On 8/20 Initial Guess Perturbations
Iteration 430/1000-----
J=1.3e-02, Jf=1.2e-03, ⟨B·n⟩=8.7e-03, Len=sum([5.3, 4.8, 4.2])=14.3, ϰ=[12.2, 6.2, 5.9], ∫ϰ²/L=[14.1, 8.4, 7.3], C-C-Sep=0.20, ║∇J║=8.5e-03
-----On 8/20 Initial Guess Perturbations
Iteration 431/1000-----
J=1.3e-02, Jf=1.2e-03, ⟨B·n⟩=8.7e-03, Len=sum([5.3, 4.8, 4.2])=14.3, ϰ=[12.3, 6.1, 5.8], ∫ϰ²/L=[14.2, 8.4, 7.3], C-C-Sep=0.20, ║∇J║=6.9e-03
-----On 8/20 Initial Guess Perturbations
Iteration 432/1000-----
J=1.3e-02, Jf=1.2e-03, ⟨B·n⟩=8.8e-03, Len=sum([5.3, 4.8, 4.2])=14.3, ϰ=[12.4, 6.1, 5.7], ∫ϰ²/L=[14.3, 8.4, 7.3], C-C-Sep=0.20, ║∇J║=6.7e-03
-----On 8/20 Initial Guess Perturbations
Iteration 433/1000-----
J=1.3e-02, Jf=1.2e-03, ⟨B·n⟩=8.8e-03, Len=sum([5.3, 4.8, 4.2])=14.3, ϰ=[12.5, 6.1, 5.7], ∫ϰ²/L=[14.3, 8.4, 7.3], C-C-Sep=0.20, ║∇J║=6.8e-03
-----On 8/20 Initial Guess Perturbations
Iteration 434/1000-----
J=1.3e-02, Jf=1.2e-03, ⟨B·n⟩=8.8e-03, Len=sum([5.3, 4.7, 4.2])=14.3, ϰ=[12.5, 6.0, 5.7], ∫ϰ²/L=[14.4, 8.5, 7.3], C-C-Sep=0.20, ║∇J║=6.4e-03
-----On 8/20 Initial Guess Perturbations
Iteration 435/1000-----
J=1.3e-02, Jf=1.2e-03, ⟨B·n⟩=8.8e-03, Len=sum([5.3, 4.7, 4.2])=14.3, ϰ=[12.6, 6.0, 5.6], ∫ϰ²/L=[14.4, 8.5, 7.3], C-C-Sep=0.20, ║∇J║=5.3e-03
-----On 8/20 Initial Guess Perturbations
Iteration 436/1000-----
J=1.3e-02, Jf=1.2e-03, ⟨B·n⟩=8.8e-03, Len=sum([5.3, 4.7, 4.2])=14.3, ϰ=[12.6, 6.1, 5.6], ∫ϰ²/L=[14.4, 8.5, 7.3], C-C-Sep=0.20, ║∇J║=6.5e-03
-----On 8/20 Initial Guess Perturbations
Iteration 437/1000-----
J=1.3e-02, Jf=1.2e-03, ⟨B·n⟩=8.8e-03, Len=sum([5.3, 4.7, 4.2])=14.3, ϰ=[12.6, 6.0, 5.5], ∫ϰ²/L=[14.5, 8.5, 7.3], C-C-Sep=0.20, ║∇J║=7.9e-03
-----On 8/20 Initial Guess Perturbations
Iteration 438/1000-----
J=1.3e-02, Jf=1.2e-03, ⟨B·n⟩=8.8e-03, Len=sum([5.3, 4.7, 4.2])=14.3, ϰ=[12.6, 6.0, 5.5], ∫ϰ²/L=[14.5, 8.5, 7.3], C-C-Sep=0.20, ║∇J║=5.6e-03
-----On 8/20 Initial Guess Perturbations
Iteration 439/1000-----
J=1.3e-02, Jf=1.2e-03, ⟨B·n⟩=8.8e-03, Len=sum([5.3, 4.7, 4.2])=14.3, ϰ=[12.7, 6.1, 5.6], ∫ϰ²/L=[14.5, 8.6, 7.2], C-C-Sep=0.20, ║∇J║=5.7e-03
-----On 8/20 Initial Guess Perturbations
Iteration 440/1000-----
J=1.3e-02, Jf=1.2e-03, ⟨B·n⟩=8.8e-03, Len=sum([5.3, 4.7, 4.2])=14.3, ϰ=[12.7, 6.1, 5.6], ∫ϰ²/L=[14.5, 8.6, 7.2], C-C-Sep=0.20, ║∇J║=5.6e-03
-----On 8/20 Initial Guess Perturbations
Iteration 441/1000-----
J=1.3e-02, Jf=1.2e-03, ⟨B·n⟩=8.8e-03, Len=sum([5.3, 4.7, 4.2])=14.3, ϰ=[12.7, 6.1, 5.7], ∫ϰ²/L=[14.6, 8.6, 7.2], C-C-Sep=0.20, ║∇J║=5.8e-03
-----On 8/20 Initial Guess Perturbations
Iteration 442/1000-----
J=1.3e-02, Jf=1.2e-03, ⟨B·n⟩=8.8e-03, Len=sum([5.3, 4.7, 4.2])=14.3, ϰ=[12.8, 6.1, 5.7], ∫ϰ²/L=[14.6, 8.6, 7.2], C-C-Sep=0.20, ║∇J║=6.6e-03
-----On 8/20 Initial Guess Perturbations
Iteration 443/1000-----
J=1.3e-02, Jf=1.2e-03, ⟨B·n⟩=8.8e-03, Len=sum([5.3, 4.7, 4.2])=14.3, ϰ=[12.8, 6.1, 5.8], ∫ϰ²/L=[14.7, 8.7, 7.3], C-C-Sep=0.20, ║∇J║=6.4e-03
-----On 8/20 Initial Guess Perturbations
Iteration 444/1000-----
J=1.3e-02, Jf=1.2e-03, ⟨B·n⟩=8.8e-03, Len=sum([5.3, 4.7, 4.2])=14.3, ϰ=[12.7, 6.0, 5.7], ∫ϰ²/L=[14.6, 8.7, 7.3], C-C-Sep=0.20, ║∇J║=5.2e-03
-----On 8/20 Initial Guess Perturbations
Iteration 445/1000-----
J=1.3e-02, Jf=1.2e-03, ⟨B·n⟩=8.8e-03, Len=sum([5.3, 4.7, 4.2])=14.3, ϰ=[12.7, 6.0, 5.7], ∫ϰ²/L=[14.7, 8.7, 7.3], C-C-Sep=0.20, ║∇J║=5.2e-03
-----On 8/20 Initial Guess Perturbations
Iteration 446/1000-----
J=1.3e-02, Jf=1.2e-03, ⟨B·n⟩=8.8e-03, Len=sum([5.3, 4.7, 4.2])=14.2, ϰ=[12.8, 6.0, 5.7], ∫ϰ²/L=[14.7, 8.7, 7.3], C-C-Sep=0.20, ║∇J║=7.0e-03
-----On 8/20 Initial Guess Perturbations
Iteration 447/1000-----
J=1.3e-02, Jf=1.2e-03, ⟨B·n⟩=8.8e-03, Len=sum([5.3, 4.7, 4.2])=14.2, ϰ=[12.8, 6.0, 5.7], ∫ϰ²/L=[14.7, 8.7, 7.3], C-C-Sep=0.20, ║∇J║=5.6e-03
-----On 8/20 Initial Guess Perturbations
Iteration 448/1000-----
J=1.3e-02, Jf=1.2e-03, ⟨B·n⟩=8.8e-03, Len=sum([5.3, 4.7, 4.2])=14.2, ϰ=[12.9, 6.0, 5.7], ∫ϰ²/L=[14.7, 8.7, 7.3], C-C-Sep=0.20, ║∇J║=4.9e-03
-----On 8/20 Initial Guess Perturbations
Iteration 449/1000-----
J=1.3e-02, Jf=1.2e-03, ⟨B·n⟩=8.9e-03, Len=sum([5.3, 4.7, 4.2])=14.2, ϰ=[12.9, 6.0, 5.8], ∫ϰ²/L=[14.7, 8.7, 7.3], C-C-Sep=0.20, ║∇J║=5.1e-03
-----On 8/20 Initial Guess Perturbations
Iteration 450/1000-----
J=1.3e-02, Jf=1.2e-03, ⟨B·n⟩=8.9e-03, Len=sum([5.3, 4.7, 4.2])=14.2, ϰ=[12.9, 6.0, 5.8], ∫ϰ²/L=[14.7, 8.7, 7.3], C-C-Sep=0.20, ║∇J║=4.7e-03
-----On 8/20 Initial Guess Perturbations
Iteration 451/1000-----
J=1.3e-02, Jf=1.2e-03, ⟨B·n⟩=8.9e-03, Len=sum([5.3, 4.7, 4.2])=14.2, ϰ=[12.9, 6.1, 5.8], ∫ϰ²/L=[14.7, 8.7, 7.3], C-C-Sep=0.20, ║∇J║=4.5e-03
-----On 8/20 Initial Guess Perturbations
Iteration 452/1000-----
J=1.3e-02, Jf=1.2e-03, ⟨B·n⟩=8.9e-03, Len=sum([5.3, 4.7, 4.2])=14.2, ϰ=[12.9, 6.1, 5.9], ∫ϰ²/L=[14.7, 8.8, 7.3], C-C-Sep=0.20, ║∇J║=4.8e-03
-----On 8/20 Initial Guess Perturbations
Iteration 453/1000-----
J=1.3e-02, Jf=1.2e-03, ⟨B·n⟩=8.9e-03, Len=sum([5.3, 4.7, 4.2])=14.2, ϰ=[12.9, 6.1, 5.9], ∫ϰ²/L=[14.7, 8.8, 7.3], C-C-Sep=0.20, ║∇J║=4.0e-03
-----On 8/20 Initial Guess Perturbations
Iteration 454/1000-----
J=1.3e-02, Jf=1.2e-03, ⟨B·n⟩=8.9e-03, Len=sum([5.3, 4.7, 4.2])=14.2, ϰ=[12.9, 6.1, 5.9], ∫ϰ²/L=[14.7, 8.8, 7.3], C-C-Sep=0.20, ║∇J║=4.0e-03
-----On 8/20 Initial Guess Perturbations
Iteration 455/1000-----
J=1.3e-02, Jf=1.2e-03, ⟨B·n⟩=8.9e-03, Len=sum([5.3, 4.7, 4.2])=14.2, ϰ=[12.9, 6.1, 6.0], ∫ϰ²/L=[14.7, 8.9, 7.3], C-C-Sep=0.20, ║∇J║=4.8e-03
-----On 8/20 Initial Guess Perturbations
Iteration 456/1000-----
J=1.3e-02, Jf=1.2e-03, ⟨B·n⟩=8.9e-03, Len=sum([5.3, 4.7, 4.2])=14.2, ϰ=[12.9, 6.1, 6.0], ∫ϰ²/L=[14.7, 8.9, 7.3], C-C-Sep=0.20, ║∇J║=4.1e-03
-----On 8/20 Initial Guess Perturbations
Iteration 457/1000-----
J=1.3e-02, Jf=1.2e-03, ⟨B·n⟩=8.9e-03, Len=sum([5.3, 4.7, 4.2])=14.2, ϰ=[12.9, 6.1, 5.9], ∫ϰ²/L=[14.7, 9.0, 7.3], C-C-Sep=0.20, ║∇J║=4.3e-03
-----On 8/20 Initial Guess Perturbations
Iteration 458/1000-----
J=1.3e-02, Jf=1.2e-03, ⟨B·n⟩=8.9e-03, Len=sum([5.3, 4.7, 4.2])=14.2, ϰ=[12.9, 6.1, 5.9], ∫ϰ²/L=[14.7, 9.0, 7.3], C-C-Sep=0.20, ║∇J║=4.3e-03
-----On 8/20 Initial Guess Perturbations
Iteration 459/1000-----
J=1.3e-02, Jf=1.2e-03, ⟨B·n⟩=8.9e-03, Len=sum([5.3, 4.7, 4.2])=14.2, ϰ=[12.9, 6.1, 5.9], ∫ϰ²/L=[14.7, 9.0, 7.3], C-C-Sep=0.20, ║∇J║=4.1e-03
-----On 8/20 Initial Guess Perturbations
Iteration 460/1000-----
J=1.3e-02, Jf=1.2e-03, ⟨B·n⟩=8.9e-03, Len=sum([5.3, 4.7, 4.2])=14.2, ϰ=[12.9, 6.2, 5.9], ∫ϰ²/L=[14.7, 9.0, 7.3], C-C-Sep=0.20, ║∇J║=4.1e-03
-----On 8/20 Initial Guess Perturbations
Iteration 461/1000-----
J=1.3e-02, Jf=1.2e-03, ⟨B·n⟩=8.9e-03, Len=sum([5.3, 4.7, 4.2])=14.2, ϰ=[12.9, 6.2, 5.9], ∫ϰ²/L=[14.7, 9.0, 7.3], C-C-Sep=0.20, ║∇J║=4.1e-03
-----On 8/20 Initial Guess Perturbations
Iteration 462/1000-----
J=1.3e-02, Jf=1.2e-03, ⟨B·n⟩=8.9e-03, Len=sum([5.3, 4.7, 4.2])=14.2, ϰ=[12.9, 6.1, 5.9], ∫ϰ²/L=[14.7, 9.0, 7.3], C-C-Sep=0.20, ║∇J║=3.7e-03
-----On 8/20 Initial Guess Perturbations
Iteration 463/1000-----
J=1.3e-02, Jf=1.2e-03, ⟨B·n⟩=8.9e-03, Len=sum([5.3, 4.7, 4.2])=14.2, ϰ=[12.9, 6.1, 5.9], ∫ϰ²/L=[14.7, 9.1, 7.3], C-C-Sep=0.20, ║∇J║=4.6e-03
-----On 8/20 Initial Guess Perturbations
Iteration 464/1000-----
J=1.3e-02, Jf=1.2e-03, ⟨B·n⟩=8.9e-03, Len=sum([5.3, 4.7, 4.2])=14.2, ϰ=[12.9, 6.0, 5.9], ∫ϰ²/L=[14.7, 9.1, 7.3], C-C-Sep=0.20, ║∇J║=4.6e-03
-----On 8/20 Initial Guess Perturbations
Iteration 465/1000-----
J=1.3e-02, Jf=1.2e-03, ⟨B·n⟩=8.9e-03, Len=sum([5.2, 4.7, 4.2])=14.2, ϰ=[12.9, 6.0, 5.9], ∫ϰ²/L=[14.6, 9.1, 7.3], C-C-Sep=0.20, ║∇J║=3.6e-03
-----On 8/20 Initial Guess Perturbations
Iteration 466/1000-----
J=1.3e-02, Jf=1.2e-03, ⟨B·n⟩=8.9e-03, Len=sum([5.2, 4.7, 4.2])=14.2, ϰ=[12.9, 6.0, 5.9], ∫ϰ²/L=[14.6, 9.1, 7.3], C-C-Sep=0.20, ║∇J║=4.2e-03
-----On 8/20 Initial Guess Perturbations
Iteration 467/1000-----
J=1.3e-02, Jf=1.2e-03, ⟨B·n⟩=8.9e-03, Len=sum([5.2, 4.7, 4.2])=14.2, ϰ=[12.9, 6.0, 5.9], ∫ϰ²/L=[14.6, 9.1, 7.3], C-C-Sep=0.20, ║∇J║=4.0e-03
-----On 8/20 Initial Guess Perturbations
Iteration 468/1000-----
J=1.3e-02, Jf=1.2e-03, ⟨B·n⟩=8.9e-03, Len=sum([5.2, 4.7, 4.2])=14.2, ϰ=[12.9, 6.0, 5.9], ∫ϰ²/L=[14.6, 9.1, 7.3], C-C-Sep=0.20, ║∇J║=4.3e-03
-----On 8/20 Initial Guess Perturbations
Iteration 469/1000-----
J=1.3e-02, Jf=1.2e-03, ⟨B·n⟩=8.9e-03, Len=sum([5.2, 4.7, 4.2])=14.2, ϰ=[12.8, 6.0, 5.9], ∫ϰ²/L=[14.6, 9.1, 7.3], C-C-Sep=0.20, ║∇J║=4.8e-03
-----On 8/20 Initial Guess Perturbations
Iteration 470/1000-----
J=1.3e-02, Jf=1.2e-03, ⟨B·n⟩=9.0e-03, Len=sum([5.2, 4.7, 4.2])=14.2, ϰ=[12.9, 6.0, 6.0], ∫ϰ²/L=[14.5, 9.2, 7.4], C-C-Sep=0.20, ║∇J║=4.6e-03
-----On 8/20 Initial Guess Perturbations
Iteration 471/1000-----
J=1.3e-02, Jf=1.2e-03, ⟨B·n⟩=9.0e-03, Len=sum([5.2, 4.7, 4.2])=14.2, ϰ=[12.9, 6.0, 6.0], ∫ϰ²/L=[14.5, 9.2, 7.3], C-C-Sep=0.20, ║∇J║=4.4e-03
-----On 8/20 Initial Guess Perturbations
Iteration 472/1000-----
J=1.3e-02, Jf=1.2e-03, ⟨B·n⟩=9.0e-03, Len=sum([5.2, 4.7, 4.2])=14.2, ϰ=[12.9, 5.9, 5.9], ∫ϰ²/L=[14.5, 9.3, 7.3], C-C-Sep=0.20, ║∇J║=5.3e-03
-----On 8/20 Initial Guess Perturbations
Iteration 473/1000-----
J=1.3e-02, Jf=1.2e-03, ⟨B·n⟩=9.0e-03, Len=sum([5.2, 4.7, 4.2])=14.2, ϰ=[12.9, 5.9, 5.9], ∫ϰ²/L=[14.5, 9.3, 7.3], C-C-Sep=0.20, ║∇J║=5.7e-03
-----On 8/20 Initial Guess Perturbations
Iteration 474/1000-----
J=1.3e-02, Jf=1.2e-03, ⟨B·n⟩=9.0e-03, Len=sum([5.2, 4.7, 4.2])=14.2, ϰ=[12.9, 5.9, 5.8], ∫ϰ²/L=[14.5, 9.3, 7.4], C-C-Sep=0.20, ║∇J║=5.6e-03
-----On 8/20 Initial Guess Perturbations
Iteration 475/1000-----
J=1.3e-02, Jf=1.2e-03, ⟨B·n⟩=9.0e-03, Len=sum([5.2, 4.7, 4.2])=14.2, ϰ=[12.9, 5.9, 5.9], ∫ϰ²/L=[14.5, 9.4, 7.4], C-C-Sep=0.20, ║∇J║=8.4e-03
-----On 8/20 Initial Guess Perturbations
Iteration 476/1000-----
J=1.3e-02, Jf=1.2e-03, ⟨B·n⟩=9.0e-03, Len=sum([5.2, 4.7, 4.2])=14.2, ϰ=[12.8, 6.0, 6.0], ∫ϰ²/L=[14.4, 9.6, 7.5], C-C-Sep=0.20, ║∇J║=8.8e-03
-----On 8/20 Initial Guess Perturbations
Iteration 477/1000-----
J=1.3e-02, Jf=1.2e-03, ⟨B·n⟩=9.0e-03, Len=sum([5.2, 4.7, 4.2])=14.2, ϰ=[12.8, 6.0, 5.9], ∫ϰ²/L=[14.4, 9.5, 7.4], C-C-Sep=0.20, ║∇J║=9.2e-03
-----On 8/20 Initial Guess Perturbations
Iteration 478/1000-----
J=1.3e-02, Jf=1.2e-03, ⟨B·n⟩=9.0e-03, Len=sum([5.2, 4.7, 4.2])=14.2, ϰ=[12.7, 6.1, 5.9], ∫ϰ²/L=[14.3, 9.8, 7.5], C-C-Sep=0.20, ║∇J║=1.6e-02
-----On 8/20 Initial Guess Perturbations
Iteration 479/1000-----
J=1.3e-02, Jf=1.2e-03, ⟨B·n⟩=9.0e-03, Len=sum([5.2, 4.7, 4.2])=14.2, ϰ=[12.7, 6.0, 5.9], ∫ϰ²/L=[14.3, 9.6, 7.5], C-C-Sep=0.20, ║∇J║=9.5e-03
-----On 8/20 Initial Guess Perturbations
Iteration 480/1000-----
J=1.3e-02, Jf=1.2e-03, ⟨B·n⟩=9.0e-03, Len=sum([5.2, 4.7, 4.2])=14.2, ϰ=[12.6, 6.0, 6.0], ∫ϰ²/L=[14.2, 9.7, 7.5], C-C-Sep=0.20, ║∇J║=1.0e-02
-----On 8/20 Initial Guess Perturbations
Iteration 481/1000-----
J=1.3e-02, Jf=1.3e-03, ⟨B·n⟩=9.0e-03, Len=sum([5.2, 4.7, 4.2])=14.1, ϰ=[12.4, 6.0, 6.0], ∫ϰ²/L=[14.1, 9.9, 7.6], C-C-Sep=0.20, ║∇J║=1.3e-02
-----On 8/20 Initial Guess Perturbations
Iteration 482/1000-----
J=1.3e-02, Jf=1.3e-03, ⟨B·n⟩=9.1e-03, Len=sum([5.2, 4.7, 4.2])=14.1, ϰ=[12.3, 6.0, 6.1], ∫ϰ²/L=[14.0, 10.0, 7.7], C-C-Sep=0.20, ║∇J║=1.1e-02
-----On 8/20 Initial Guess Perturbations
Iteration 483/1000-----
J=1.3e-02, Jf=1.3e-03, ⟨B·n⟩=9.1e-03, Len=sum([5.1, 4.7, 4.2])=14.1, ϰ=[12.1, 6.2, 6.2], ∫ϰ²/L=[13.8, 10.4, 7.8], C-C-Sep=0.20, ║∇J║=2.1e-02
-----On 8/20 Initial Guess Perturbations
Iteration 484/1000-----
J=1.3e-02, Jf=1.3e-03, ⟨B·n⟩=9.1e-03, Len=sum([5.1, 4.7, 4.2])=14.1, ϰ=[12.0, 6.0, 6.1], ∫ϰ²/L=[13.7, 10.3, 7.7], C-C-Sep=0.20, ║∇J║=2.5e-02
-----On 8/20 Initial Guess Perturbations
Iteration 485/1000-----
J=1.3e-02, Jf=1.3e-03, ⟨B·n⟩=9.1e-03, Len=sum([5.1, 4.7, 4.2])=14.1, ϰ=[11.8, 6.1, 6.1], ∫ϰ²/L=[13.5, 10.4, 7.8], C-C-Sep=0.20, ║∇J║=2.0e-02
-----On 8/20 Initial Guess Perturbations
Iteration 486/1000-----
J=1.3e-02, Jf=1.3e-03, ⟨B·n⟩=9.1e-03, Len=sum([5.1, 4.7, 4.2])=14.1, ϰ=[11.7, 6.3, 6.2], ∫ϰ²/L=[13.4, 10.4, 7.8], C-C-Sep=0.20, ║∇J║=1.9e-02
-----On 8/20 Initial Guess Perturbations
Iteration 487/1000-----
J=1.3e-02, Jf=1.3e-03, ⟨B·n⟩=9.1e-03, Len=sum([5.1, 4.7, 4.2])=14.1, ϰ=[11.6, 6.3, 6.1], ∫ϰ²/L=[13.3, 10.4, 7.8], C-C-Sep=0.20, ║∇J║=1.4e-02
-----On 8/20 Initial Guess Perturbations
Iteration 488/1000-----
J=1.3e-02, Jf=1.3e-03, ⟨B·n⟩=9.2e-03, Len=sum([5.1, 4.7, 4.2])=14.1, ϰ=[11.3, 6.4, 6.0], ∫ϰ²/L=[13.1, 10.6, 8.0], C-C-Sep=0.20, ║∇J║=2.4e-02
-----On 8/20 Initial Guess Perturbations
Iteration 489/1000-----
J=1.3e-02, Jf=1.3e-03, ⟨B·n⟩=9.2e-03, Len=sum([5.1, 4.7, 4.2])=14.1, ϰ=[11.1, 6.5, 6.1], ∫ϰ²/L=[12.9, 10.7, 8.2], C-C-Sep=0.20, ║∇J║=2.1e-02
-----On 8/20 Initial Guess Perturbations
Iteration 490/1000-----
J=1.3e-02, Jf=1.3e-03, ⟨B·n⟩=9.2e-03, Len=sum([5.1, 4.7, 4.2])=14.0, ϰ=[10.9, 6.8, 6.3], ∫ϰ²/L=[12.8, 11.0, 8.4], C-C-Sep=0.20, ║∇J║=2.3e-02
-----On 8/20 Initial Guess Perturbations
Iteration 491/1000-----
J=1.3e-02, Jf=1.3e-03, ⟨B·n⟩=9.2e-03, Len=sum([5.1, 4.7, 4.2])=14.0, ϰ=[11.1, 6.9, 6.7], ∫ϰ²/L=[12.9, 11.0, 8.5], C-C-Sep=0.20, ║∇J║=4.0e-02
-----On 8/20 Initial Guess Perturbations
Iteration 492/1000-----
J=1.3e-02, Jf=1.3e-03, ⟨B·n⟩=9.2e-03, Len=sum([5.1, 4.7, 4.2])=14.0, ϰ=[11.0, 6.8, 6.5], ∫ϰ²/L=[12.9, 10.9, 8.4], C-C-Sep=0.20, ║∇J║=2.4e-02
-----On 8/20 Initial Guess Perturbations
Iteration 493/1000-----
J=1.3e-02, Jf=1.3e-03, ⟨B·n⟩=9.2e-03, Len=sum([5.0, 4.7, 4.2])=14.0, ϰ=[11.0, 7.5, 7.1], ∫ϰ²/L=[12.8, 11.8, 9.0], C-C-Sep=0.20, ║∇J║=3.9e-02
-----On 8/20 Initial Guess Perturbations
Iteration 494/1000-----
J=1.3e-02, Jf=1.3e-03, ⟨B·n⟩=9.2e-03, Len=sum([5.1, 4.7, 4.2])=14.0, ϰ=[11.0, 7.1, 6.8], ∫ϰ²/L=[12.8, 11.3, 8.6], C-C-Sep=0.20, ║∇J║=2.7e-02
-----On 8/20 Initial Guess Perturbations
Iteration 495/1000-----
J=1.3e-02, Jf=1.3e-03, ⟨B·n⟩=9.2e-03, Len=sum([5.1, 4.7, 4.2])=14.0, ϰ=[10.9, 7.1, 6.8], ∫ϰ²/L=[12.7, 11.5, 8.5], C-C-Sep=0.20, ║∇J║=3.1e-02
-----On 8/20 Initial Guess Perturbations
Iteration 496/1000-----
J=1.3e-02, Jf=1.3e-03, ⟨B·n⟩=9.2e-03, Len=sum([5.0, 4.7, 4.2])=14.0, ϰ=[10.9, 7.2, 6.9], ∫ϰ²/L=[12.6, 11.5, 8.5], C-C-Sep=0.20, ║∇J║=2.7e-02
-----On 8/20 Initial Guess Perturbations
Iteration 497/1000-----
J=1.3e-02, Jf=1.3e-03, ⟨B·n⟩=9.2e-03, Len=sum([5.0, 4.7, 4.2])=14.0, ϰ=[10.7, 7.8, 6.9], ∫ϰ²/L=[12.4, 11.8, 8.7], C-C-Sep=0.20, ║∇J║=2.8e-02
-----On 8/20 Initial Guess Perturbations
Iteration 498/1000-----
J=1.3e-02, Jf=1.3e-03, ⟨B·n⟩=9.2e-03, Len=sum([5.0, 4.7, 4.2])=14.0, ϰ=[10.6, 8.5, 6.7], ∫ϰ²/L=[12.3, 12.1, 8.8], C-C-Sep=0.20, ║∇J║=3.0e-02
-----On 8/20 Initial Guess Perturbations
Iteration 499/1000-----
J=1.3e-02, Jf=1.3e-03, ⟨B·n⟩=9.2e-03, Len=sum([5.0, 4.7, 4.2])=13.9, ϰ=[10.3, 9.1, 6.9], ∫ϰ²/L=[12.1, 12.2, 9.2], C-C-Sep=0.20, ║∇J║=4.0e-02
-----On 8/20 Initial Guess Perturbations
Iteration 500/1000-----
J=1.2e-02, Jf=1.3e-03, ⟨B·n⟩=9.2e-03, Len=sum([5.0, 4.7, 4.2])=13.9, ϰ=[10.1, 9.9, 7.2], ∫ϰ²/L=[12.0, 12.8, 9.6], C-C-Sep=0.20, ║∇J║=4.0e-02
-----On 8/20 Initial Guess Perturbations
Iteration 501/1000-----
J=1.2e-02, Jf=1.3e-03, ⟨B·n⟩=9.2e-03, Len=sum([5.0, 4.7, 4.2])=13.9, ϰ=[10.1, 9.0, 7.4], ∫ϰ²/L=[11.6, 12.1, 9.0], C-C-Sep=0.20, ║∇J║=5.2e-02
-----On 8/20 Initial Guess Perturbations
Iteration 502/1000-----
J=1.2e-02, Jf=1.3e-03, ⟨B·n⟩=9.1e-03, Len=sum([5.0, 4.7, 4.2])=13.9, ϰ=[9.9, 10.2, 8.2], ∫ϰ²/L=[11.8, 12.9, 9.1], C-C-Sep=0.20, ║∇J║=7.1e-02
-----On 8/20 Initial Guess Perturbations
Iteration 503/1000-----
J=1.2e-02, Jf=1.3e-03, ⟨B·n⟩=9.2e-03, Len=sum([5.0, 4.7, 4.2])=13.9, ϰ=[10.0, 9.4, 7.7], ∫ϰ²/L=[11.6, 12.4, 8.9], C-C-Sep=0.20, ║∇J║=4.8e-02
-----On 8/20 Initial Guess Perturbations
Iteration 504/1000-----
J=1.2e-02, Jf=1.3e-03, ⟨B·n⟩=9.2e-03, Len=sum([5.0, 4.7, 4.2])=13.9, ϰ=[9.6, 10.0, 7.8], ∫ϰ²/L=[11.5, 12.6, 9.0], C-C-Sep=0.20, ║∇J║=3.6e-02
-----On 8/20 Initial Guess Perturbations
Iteration 505/1000-----
J=1.2e-02, Jf=1.3e-03, ⟨B·n⟩=9.2e-03, Len=sum([5.0, 4.7, 4.2])=13.9, ϰ=[9.5, 10.0, 7.4], ∫ϰ²/L=[11.3, 12.8, 8.9], C-C-Sep=0.20, ║∇J║=2.9e-02
-----On 8/20 Initial Guess Perturbations
Iteration 506/1000-----
J=1.2e-02, Jf=1.3e-03, ⟨B·n⟩=9.1e-03, Len=sum([5.0, 4.7, 4.2])=13.9, ϰ=[9.4, 10.1, 7.5], ∫ϰ²/L=[11.1, 13.2, 9.0], C-C-Sep=0.20, ║∇J║=3.0e-02
-----On 8/20 Initial Guess Perturbations
Iteration 507/1000-----
J=1.2e-02, Jf=1.2e-03, ⟨B·n⟩=9.0e-03, Len=sum([5.0, 4.7, 4.2])=13.9, ϰ=[9.0, 9.9, 7.3], ∫ϰ²/L=[10.8, 13.1, 8.8], C-C-Sep=0.20, ║∇J║=3.4e-02
-----On 8/20 Initial Guess Perturbations
Iteration 508/1000-----
J=1.2e-02, Jf=1.2e-03, ⟨B·n⟩=9.0e-03, Len=sum([5.0, 4.7, 4.2])=13.9, ϰ=[8.7, 10.0, 7.2], ∫ϰ²/L=[10.6, 13.2, 8.7], C-C-Sep=0.20, ║∇J║=3.2e-02
-----On 8/20 Initial Guess Perturbations
Iteration 509/1000-----
J=1.2e-02, Jf=1.2e-03, ⟨B·n⟩=9.0e-03, Len=sum([5.0, 4.7, 4.2])=13.9, ϰ=[8.4, 9.9, 6.9], ∫ϰ²/L=[10.5, 13.3, 8.7], C-C-Sep=0.20, ║∇J║=3.0e-02
-----On 8/20 Initial Guess Perturbations
Iteration 510/1000-----
J=1.2e-02, Jf=1.2e-03, ⟨B·n⟩=8.9e-03, Len=sum([5.0, 4.7, 4.2])=13.9, ϰ=[8.3, 10.0, 6.8], ∫ϰ²/L=[10.3, 13.1, 8.6], C-C-Sep=0.20, ║∇J║=3.1e-02
-----On 8/20 Initial Guess Perturbations
Iteration 511/1000-----
J=1.2e-02, Jf=1.2e-03, ⟨B·n⟩=8.9e-03, Len=sum([4.9, 4.7, 4.2])=13.8, ϰ=[8.0, 9.9, 6.5], ∫ϰ²/L=[9.9, 13.0, 8.5], C-C-Sep=0.20, ║∇J║=3.6e-02
-----On 8/20 Initial Guess Perturbations
Iteration 512/1000-----
J=1.2e-02, Jf=1.2e-03, ⟨B·n⟩=8.9e-03, Len=sum([4.9, 4.7, 4.2])=13.8, ϰ=[8.1, 9.8, 6.4], ∫ϰ²/L=[9.7, 13.0, 8.5], C-C-Sep=0.20, ║∇J║=3.1e-02
-----On 8/20 Initial Guess Perturbations
Iteration 513/1000-----
J=1.2e-02, Jf=1.2e-03, ⟨B·n⟩=8.8e-03, Len=sum([4.9, 4.7, 4.2])=13.8, ϰ=[7.9, 9.6, 6.3], ∫ϰ²/L=[9.6, 13.2, 8.4], C-C-Sep=0.20, ║∇J║=3.1e-02
-----On 8/20 Initial Guess Perturbations
Iteration 514/1000-----
J=1.2e-02, Jf=1.2e-03, ⟨B·n⟩=8.8e-03, Len=sum([4.9, 4.7, 4.2])=13.8, ϰ=[7.7, 9.5, 6.4], ∫ϰ²/L=[9.3, 12.8, 8.4], C-C-Sep=0.20, ║∇J║=3.0e-02
-----On 8/20 Initial Guess Perturbations
Iteration 515/1000-----
J=1.2e-02, Jf=1.2e-03, ⟨B·n⟩=8.7e-03, Len=sum([4.9, 4.7, 4.2])=13.8, ϰ=[7.4, 9.6, 6.3], ∫ϰ²/L=[9.1, 13.0, 8.4], C-C-Sep=0.20, ║∇J║=3.8e-02
-----On 8/20 Initial Guess Perturbations
Iteration 516/1000-----
J=1.2e-02, Jf=1.2e-03, ⟨B·n⟩=8.6e-03, Len=sum([4.9, 4.7, 4.2])=13.8, ϰ=[7.6, 8.4, 5.9], ∫ϰ²/L=[9.2, 12.4, 8.2], C-C-Sep=0.20, ║∇J║=4.1e-02
-----On 8/20 Initial Guess Perturbations
Iteration 517/1000-----
J=1.2e-02, Jf=1.2e-03, ⟨B·n⟩=8.6e-03, Len=sum([4.9, 4.7, 4.2])=13.8, ϰ=[7.1, 8.1, 5.7], ∫ϰ²/L=[8.9, 12.2, 7.9], C-C-Sep=0.20, ║∇J║=3.5e-02
-----On 8/20 Initial Guess Perturbations
Iteration 518/1000-----
J=1.2e-02, Jf=1.2e-03, ⟨B·n⟩=8.6e-03, Len=sum([4.9, 4.7, 4.2])=13.8, ϰ=[7.2, 8.0, 5.7], ∫ϰ²/L=[8.7, 12.2, 7.7], C-C-Sep=0.20, ║∇J║=2.5e-02
-----On 8/20 Initial Guess Perturbations
Iteration 519/1000-----
J=1.2e-02, Jf=1.1e-03, ⟨B·n⟩=8.6e-03, Len=sum([4.9, 4.7, 4.2])=13.8, ϰ=[6.9, 8.1, 6.0], ∫ϰ²/L=[8.6, 12.1, 7.7], C-C-Sep=0.20, ║∇J║=2.3e-02
-----On 8/20 Initial Guess Perturbations
Iteration 520/1000-----
J=1.2e-02, Jf=1.1e-03, ⟨B·n⟩=8.6e-03, Len=sum([4.9, 4.7, 4.2])=13.8, ϰ=[6.9, 7.9, 6.2], ∫ϰ²/L=[8.5, 12.0, 7.8], C-C-Sep=0.20, ║∇J║=3.2e-02
-----On 8/20 Initial Guess Perturbations
Iteration 521/1000-----
J=1.2e-02, Jf=1.1e-03, ⟨B·n⟩=8.6e-03, Len=sum([4.9, 4.7, 4.2])=13.8, ϰ=[6.9, 7.9, 6.9], ∫ϰ²/L=[8.3, 11.8, 8.0], C-C-Sep=0.20, ║∇J║=3.1e-02
-----On 8/20 Initial Guess Perturbations
Iteration 522/1000-----
J=1.2e-02, Jf=1.1e-03, ⟨B·n⟩=8.6e-03, Len=sum([4.9, 4.7, 4.2])=13.8, ϰ=[6.7, 7.6, 6.6], ∫ϰ²/L=[8.2, 11.4, 7.8], C-C-Sep=0.20, ║∇J║=2.5e-02
-----On 8/20 Initial Guess Perturbations
Iteration 523/1000-----
J=1.2e-02, Jf=1.1e-03, ⟨B·n⟩=8.6e-03, Len=sum([4.9, 4.7, 4.2])=13.8, ϰ=[6.6, 7.5, 6.3], ∫ϰ²/L=[7.9, 11.1, 7.7], C-C-Sep=0.20, ║∇J║=2.6e-02
-----On 8/20 Initial Guess Perturbations
Iteration 524/1000-----
J=1.2e-02, Jf=1.1e-03, ⟨B·n⟩=8.6e-03, Len=sum([4.9, 4.7, 4.2])=13.8, ϰ=[6.3, 7.2, 6.4], ∫ϰ²/L=[7.8, 10.7, 7.7], C-C-Sep=0.20, ║∇J║=3.2e-02
-----On 8/20 Initial Guess Perturbations
Iteration 525/1000-----
J=1.2e-02, Jf=1.1e-03, ⟨B·n⟩=8.6e-03, Len=sum([4.9, 4.7, 4.2])=13.8, ϰ=[6.4, 7.3, 6.5], ∫ϰ²/L=[7.8, 10.6, 7.7], C-C-Sep=0.20, ║∇J║=2.4e-02
-----On 8/20 Initial Guess Perturbations
Iteration 526/1000-----
J=1.2e-02, Jf=1.1e-03, ⟨B·n⟩=8.5e-03, Len=sum([4.9, 4.7, 4.2])=13.8, ϰ=[6.3, 7.3, 6.3], ∫ϰ²/L=[7.8, 10.5, 7.6], C-C-Sep=0.20, ║∇J║=2.5e-02
-----On 8/20 Initial Guess Perturbations
Iteration 527/1000-----
J=1.2e-02, Jf=1.1e-03, ⟨B·n⟩=8.5e-03, Len=sum([4.9, 4.7, 4.2])=13.8, ϰ=[6.5, 7.4, 6.2], ∫ϰ²/L=[7.8, 10.3, 7.5], C-C-Sep=0.20, ║∇J║=2.1e-02
-----On 8/20 Initial Guess Perturbations
Iteration 528/1000-----
J=1.2e-02, Jf=1.1e-03, ⟨B·n⟩=8.5e-03, Len=sum([4.9, 4.7, 4.2])=13.8, ϰ=[6.5, 7.2, 5.8], ∫ϰ²/L=[7.7, 10.1, 7.3], C-C-Sep=0.20, ║∇J║=1.8e-02
-----On 8/20 Initial Guess Perturbations
Iteration 529/1000-----
J=1.2e-02, Jf=1.1e-03, ⟨B·n⟩=8.5e-03, Len=sum([4.9, 4.6, 4.2])=13.8, ϰ=[6.4, 7.0, 5.6], ∫ϰ²/L=[7.8, 9.9, 7.3], C-C-Sep=0.20, ║∇J║=1.7e-02
-----On 8/20 Initial Guess Perturbations
Iteration 530/1000-----
J=1.2e-02, Jf=1.1e-03, ⟨B·n⟩=8.5e-03, Len=sum([4.9, 4.6, 4.2])=13.8, ϰ=[6.4, 7.0, 5.4], ∫ϰ²/L=[7.8, 9.7, 7.3], C-C-Sep=0.20, ║∇J║=1.9e-02
-----On 8/20 Initial Guess Perturbations
Iteration 531/1000-----
J=1.2e-02, Jf=1.1e-03, ⟨B·n⟩=8.5e-03, Len=sum([4.9, 4.6, 4.2])=13.8, ϰ=[6.3, 7.3, 5.2], ∫ϰ²/L=[7.7, 9.6, 7.3], C-C-Sep=0.20, ║∇J║=2.2e-02
-----On 8/20 Initial Guess Perturbations
Iteration 532/1000-----
J=1.2e-02, Jf=1.1e-03, ⟨B·n⟩=8.5e-03, Len=sum([4.9, 4.6, 4.2])=13.8, ϰ=[6.4, 7.3, 5.2], ∫ϰ²/L=[7.7, 9.4, 7.2], C-C-Sep=0.20, ║∇J║=1.7e-02
-----On 8/20 Initial Guess Perturbations
Iteration 533/1000-----
J=1.2e-02, Jf=1.1e-03, ⟨B·n⟩=8.5e-03, Len=sum([4.9, 4.6, 4.2])=13.8, ϰ=[6.4, 7.3, 5.0], ∫ϰ²/L=[7.6, 9.3, 7.1], C-C-Sep=0.20, ║∇J║=1.7e-02
-----On 8/20 Initial Guess Perturbations
Iteration 534/1000-----
J=1.2e-02, Jf=1.1e-03, ⟨B·n⟩=8.5e-03, Len=sum([4.9, 4.6, 4.2])=13.8, ϰ=[6.4, 7.2, 4.8], ∫ϰ²/L=[7.5, 9.1, 7.0], C-C-Sep=0.20, ║∇J║=1.6e-02
-----On 8/20 Initial Guess Perturbations
Iteration 535/1000-----
J=1.2e-02, Jf=1.1e-03, ⟨B·n⟩=8.5e-03, Len=sum([4.9, 4.6, 4.2])=13.8, ϰ=[6.3, 7.1, 4.9], ∫ϰ²/L=[7.4, 9.0, 7.0], C-C-Sep=0.20, ║∇J║=1.2e-02
-----On 8/20 Initial Guess Perturbations
Iteration 536/1000-----
J=1.2e-02, Jf=1.1e-03, ⟨B·n⟩=8.5e-03, Len=sum([4.9, 4.6, 4.2])=13.8, ϰ=[6.2, 7.1, 4.8], ∫ϰ²/L=[7.4, 8.9, 7.1], C-C-Sep=0.20, ║∇J║=1.2e-02
-----On 8/20 Initial Guess Perturbations
Iteration 537/1000-----
J=1.2e-02, Jf=1.1e-03, ⟨B·n⟩=8.5e-03, Len=sum([4.9, 4.6, 4.2])=13.8, ϰ=[6.1, 6.9, 4.7], ∫ϰ²/L=[7.4, 8.8, 7.0], C-C-Sep=0.20, ║∇J║=1.6e-02
-----On 8/20 Initial Guess Perturbations
Iteration 538/1000-----
J=1.2e-02, Jf=1.1e-03, ⟨B·n⟩=8.5e-03, Len=sum([4.9, 4.6, 4.2])=13.8, ϰ=[6.1, 7.0, 4.6], ∫ϰ²/L=[7.3, 8.7, 6.9], C-C-Sep=0.20, ║∇J║=1.1e-02
-----On 8/20 Initial Guess Perturbations
Iteration 539/1000-----
J=1.2e-02, Jf=1.1e-03, ⟨B·n⟩=8.5e-03, Len=sum([4.9, 4.6, 4.2])=13.8, ϰ=[6.0, 6.9, 4.7], ∫ϰ²/L=[7.3, 8.6, 6.9], C-C-Sep=0.20, ║∇J║=1.3e-02
-----On 8/20 Initial Guess Perturbations
Iteration 540/1000-----
J=1.2e-02, Jf=1.1e-03, ⟨B·n⟩=8.5e-03, Len=sum([4.9, 4.6, 4.2])=13.8, ϰ=[5.9, 7.0, 4.8], ∫ϰ²/L=[7.3, 8.5, 6.8], C-C-Sep=0.20, ║∇J║=1.2e-02
-----On 8/20 Initial Guess Perturbations
Iteration 541/1000-----
J=1.2e-02, Jf=1.1e-03, ⟨B·n⟩=8.5e-03, Len=sum([4.9, 4.6, 4.2])=13.8, ϰ=[5.9, 6.9, 4.8], ∫ϰ²/L=[7.2, 8.4, 6.8], C-C-Sep=0.20, ║∇J║=8.7e-03
-----On 8/20 Initial Guess Perturbations
Iteration 542/1000-----
J=1.2e-02, Jf=1.1e-03, ⟨B·n⟩=8.5e-03, Len=sum([4.9, 4.6, 4.2])=13.8, ϰ=[5.9, 7.1, 4.7], ∫ϰ²/L=[7.1, 8.4, 6.9], C-C-Sep=0.20, ║∇J║=1.1e-02
-----On 8/20 Initial Guess Perturbations
Iteration 543/1000-----
J=1.2e-02, Jf=1.1e-03, ⟨B·n⟩=8.5e-03, Len=sum([4.9, 4.6, 4.2])=13.7, ϰ=[5.9, 7.1, 4.8], ∫ϰ²/L=[7.1, 8.3, 6.9], C-C-Sep=0.20, ║∇J║=1.1e-02
-----On 8/20 Initial Guess Perturbations
Iteration 544/1000-----
J=1.2e-02, Jf=1.1e-03, ⟨B·n⟩=8.5e-03, Len=sum([4.9, 4.6, 4.2])=13.8, ϰ=[5.9, 7.1, 4.8], ∫ϰ²/L=[7.1, 8.3, 6.8], C-C-Sep=0.20, ║∇J║=7.5e-03
-----On 8/20 Initial Guess Perturbations
Iteration 545/1000-----
J=1.2e-02, Jf=1.1e-03, ⟨B·n⟩=8.5e-03, Len=sum([4.9, 4.6, 4.2])=13.8, ϰ=[5.9, 7.1, 4.8], ∫ϰ²/L=[7.1, 8.2, 6.8], C-C-Sep=0.20, ║∇J║=8.8e-03
-----On 8/20 Initial Guess Perturbations
Iteration 546/1000-----
J=1.2e-02, Jf=1.1e-03, ⟨B·n⟩=8.5e-03, Len=sum([4.9, 4.6, 4.2])=13.8, ϰ=[5.9, 7.0, 4.7], ∫ϰ²/L=[7.1, 8.1, 6.7], C-C-Sep=0.20, ║∇J║=1.3e-02
-----On 8/20 Initial Guess Perturbations
Iteration 547/1000-----
J=1.2e-02, Jf=1.1e-03, ⟨B·n⟩=8.5e-03, Len=sum([4.9, 4.6, 4.2])=13.8, ϰ=[5.8, 6.8, 4.7], ∫ϰ²/L=[7.1, 8.1, 6.7], C-C-Sep=0.20, ║∇J║=8.7e-03
-----On 8/20 Initial Guess Perturbations
Iteration 548/1000-----
J=1.2e-02, Jf=1.1e-03, ⟨B·n⟩=8.5e-03, Len=sum([4.9, 4.6, 4.2])=13.8, ϰ=[5.9, 6.6, 4.7], ∫ϰ²/L=[7.1, 8.0, 6.7], C-C-Sep=0.20, ║∇J║=8.5e-03
-----On 8/20 Initial Guess Perturbations
Iteration 549/1000-----
J=1.2e-02, Jf=1.1e-03, ⟨B·n⟩=8.5e-03, Len=sum([4.9, 4.6, 4.2])=13.7, ϰ=[5.9, 6.4, 4.8], ∫ϰ²/L=[7.1, 7.9, 6.7], C-C-Sep=0.20, ║∇J║=7.2e-03
-----On 8/20 Initial Guess Perturbations
Iteration 550/1000-----
J=1.2e-02, Jf=1.1e-03, ⟨B·n⟩=8.5e-03, Len=sum([4.9, 4.6, 4.2])=13.7, ϰ=[6.0, 6.4, 4.8], ∫ϰ²/L=[7.1, 7.9, 6.7], C-C-Sep=0.20, ║∇J║=5.9e-03
-----On 8/20 Initial Guess Perturbations
Iteration 551/1000-----
J=1.2e-02, Jf=1.1e-03, ⟨B·n⟩=8.5e-03, Len=sum([4.9, 4.6, 4.2])=13.7, ϰ=[6.0, 6.4, 4.8], ∫ϰ²/L=[7.1, 7.9, 6.7], C-C-Sep=0.20, ║∇J║=7.0e-03
-----On 8/20 Initial Guess Perturbations
Iteration 552/1000-----
J=1.2e-02, Jf=1.1e-03, ⟨B·n⟩=8.5e-03, Len=sum([4.9, 4.6, 4.2])=13.7, ϰ=[6.1, 6.5, 4.8], ∫ϰ²/L=[7.1, 7.9, 6.7], C-C-Sep=0.20, ║∇J║=9.3e-03
-----On 8/20 Initial Guess Perturbations
Iteration 553/1000-----
J=1.2e-02, Jf=1.1e-03, ⟨B·n⟩=8.5e-03, Len=sum([4.9, 4.6, 4.2])=13.7, ϰ=[6.1, 6.6, 4.8], ∫ϰ²/L=[7.1, 7.8, 6.6], C-C-Sep=0.20, ║∇J║=6.9e-03
-----On 8/20 Initial Guess Perturbations
Iteration 554/1000-----
J=1.2e-02, Jf=1.1e-03, ⟨B·n⟩=8.5e-03, Len=sum([4.9, 4.6, 4.2])=13.7, ϰ=[6.0, 6.6, 4.9], ∫ϰ²/L=[7.1, 7.8, 6.6], C-C-Sep=0.20, ║∇J║=8.1e-03
-----On 8/20 Initial Guess Perturbations
Iteration 555/1000-----
J=1.2e-02, Jf=1.1e-03, ⟨B·n⟩=8.5e-03, Len=sum([4.9, 4.6, 4.2])=13.7, ϰ=[6.0, 6.6, 5.0], ∫ϰ²/L=[7.0, 7.8, 6.6], C-C-Sep=0.20, ║∇J║=8.3e-03
-----On 8/20 Initial Guess Perturbations
Iteration 556/1000-----
J=1.2e-02, Jf=1.1e-03, ⟨B·n⟩=8.5e-03, Len=sum([4.9, 4.6, 4.2])=13.7, ϰ=[5.9, 6.6, 5.0], ∫ϰ²/L=[7.0, 7.8, 6.6], C-C-Sep=0.20, ║∇J║=6.5e-03
-----On 8/20 Initial Guess Perturbations
Iteration 557/1000-----
J=1.2e-02, Jf=1.1e-03, ⟨B·n⟩=8.5e-03, Len=sum([4.9, 4.6, 4.2])=13.7, ϰ=[5.9, 6.5, 5.1], ∫ϰ²/L=[7.0, 7.7, 6.6], C-C-Sep=0.20, ║∇J║=6.5e-03
-----On 8/20 Initial Guess Perturbations
Iteration 558/1000-----
J=1.2e-02, Jf=1.1e-03, ⟨B·n⟩=8.5e-03, Len=sum([4.9, 4.6, 4.2])=13.7, ϰ=[6.0, 6.5, 5.1], ∫ϰ²/L=[6.9, 7.7, 6.6], C-C-Sep=0.20, ║∇J║=9.6e-03
-----On 8/20 Initial Guess Perturbations
Iteration 559/1000-----
J=1.2e-02, Jf=1.1e-03, ⟨B·n⟩=8.5e-03, Len=sum([4.9, 4.6, 4.2])=13.7, ϰ=[6.0, 6.5, 5.1], ∫ϰ²/L=[6.9, 7.7, 6.6], C-C-Sep=0.20, ║∇J║=5.7e-03
-----On 8/20 Initial Guess Perturbations
Iteration 560/1000-----
J=1.2e-02, Jf=1.1e-03, ⟨B·n⟩=8.5e-03, Len=sum([4.9, 4.6, 4.2])=13.7, ϰ=[6.0, 6.5, 5.0], ∫ϰ²/L=[6.9, 7.6, 6.6], C-C-Sep=0.20, ║∇J║=4.6e-03
-----On 8/20 Initial Guess Perturbations
Iteration 561/1000-----
J=1.2e-02, Jf=1.1e-03, ⟨B·n⟩=8.5e-03, Len=sum([4.9, 4.6, 4.2])=13.7, ϰ=[6.0, 6.5, 5.0], ∫ϰ²/L=[6.9, 7.6, 6.6], C-C-Sep=0.20, ║∇J║=4.8e-03
-----On 8/20 Initial Guess Perturbations
Iteration 562/1000-----
J=1.2e-02, Jf=1.1e-03, ⟨B·n⟩=8.5e-03, Len=sum([4.9, 4.6, 4.2])=13.7, ϰ=[6.1, 6.4, 4.9], ∫ϰ²/L=[6.9, 7.5, 6.6], C-C-Sep=0.20, ║∇J║=5.4e-03
-----On 8/20 Initial Guess Perturbations
Iteration 563/1000-----
J=1.2e-02, Jf=1.1e-03, ⟨B·n⟩=8.5e-03, Len=sum([4.9, 4.6, 4.2])=13.7, ϰ=[6.1, 6.3, 4.8], ∫ϰ²/L=[6.9, 7.5, 6.6], C-C-Sep=0.20, ║∇J║=7.5e-03
-----On 8/20 Initial Guess Perturbations
Iteration 564/1000-----
J=1.2e-02, Jf=1.1e-03, ⟨B·n⟩=8.5e-03, Len=sum([4.9, 4.6, 4.2])=13.7, ϰ=[6.1, 6.3, 4.9], ∫ϰ²/L=[6.9, 7.5, 6.6], C-C-Sep=0.20, ║∇J║=4.0e-03
-----On 8/20 Initial Guess Perturbations
Iteration 565/1000-----
J=1.2e-02, Jf=1.1e-03, ⟨B·n⟩=8.5e-03, Len=sum([4.9, 4.6, 4.2])=13.7, ϰ=[6.1, 6.2, 4.9], ∫ϰ²/L=[6.9, 7.5, 6.6], C-C-Sep=0.20, ║∇J║=3.5e-03
-----On 8/20 Initial Guess Perturbations
Iteration 566/1000-----
J=1.2e-02, Jf=1.1e-03, ⟨B·n⟩=8.6e-03, Len=sum([4.9, 4.6, 4.2])=13.7, ϰ=[6.2, 6.1, 4.9], ∫ϰ²/L=[6.9, 7.4, 6.5], C-C-Sep=0.20, ║∇J║=5.4e-03
-----On 8/20 Initial Guess Perturbations
Iteration 567/1000-----
J=1.2e-02, Jf=1.1e-03, ⟨B·n⟩=8.6e-03, Len=sum([4.9, 4.6, 4.2])=13.7, ϰ=[6.1, 6.0, 4.9], ∫ϰ²/L=[6.9, 7.4, 6.5], C-C-Sep=0.20, ║∇J║=4.3e-03
-----On 8/20 Initial Guess Perturbations
Iteration 568/1000-----
J=1.2e-02, Jf=1.1e-03, ⟨B·n⟩=8.6e-03, Len=sum([4.9, 4.6, 4.2])=13.7, ϰ=[6.1, 6.0, 4.8], ∫ϰ²/L=[6.9, 7.4, 6.5], C-C-Sep=0.20, ║∇J║=3.8e-03
-----On 8/20 Initial Guess Perturbations
Iteration 569/1000-----
J=1.2e-02, Jf=1.1e-03, ⟨B·n⟩=8.6e-03, Len=sum([4.9, 4.6, 4.2])=13.7, ϰ=[6.0, 5.9, 4.8], ∫ϰ²/L=[6.9, 7.3, 6.5], C-C-Sep=0.20, ║∇J║=4.5e-03
-----On 8/20 Initial Guess Perturbations
Iteration 570/1000-----
J=1.2e-02, Jf=1.1e-03, ⟨B·n⟩=8.6e-03, Len=sum([4.9, 4.6, 4.2])=13.7, ϰ=[6.0, 6.0, 4.7], ∫ϰ²/L=[6.8, 7.3, 6.6], C-C-Sep=0.20, ║∇J║=5.1e-03
-----On 8/20 Initial Guess Perturbations
Iteration 571/1000-----
J=1.2e-02, Jf=1.1e-03, ⟨B·n⟩=8.6e-03, Len=sum([4.9, 4.6, 4.2])=13.7, ϰ=[6.0, 6.0, 4.7], ∫ϰ²/L=[6.8, 7.3, 6.5], C-C-Sep=0.20, ║∇J║=4.0e-03
-----On 8/20 Initial Guess Perturbations
Iteration 572/1000-----
J=1.2e-02, Jf=1.1e-03, ⟨B·n⟩=8.6e-03, Len=sum([4.9, 4.6, 4.2])=13.7, ϰ=[6.0, 6.0, 4.7], ∫ϰ²/L=[6.8, 7.3, 6.5], C-C-Sep=0.20, ║∇J║=3.4e-03
-----On 8/20 Initial Guess Perturbations
Iteration 573/1000-----
J=1.2e-02, Jf=1.1e-03, ⟨B·n⟩=8.6e-03, Len=sum([4.9, 4.6, 4.2])=13.7, ϰ=[6.0, 6.0, 4.7], ∫ϰ²/L=[6.8, 7.3, 6.5], C-C-Sep=0.20, ║∇J║=3.7e-03
-----On 8/20 Initial Guess Perturbations
Iteration 574/1000-----
J=1.2e-02, Jf=1.1e-03, ⟨B·n⟩=8.6e-03, Len=sum([4.9, 4.6, 4.2])=13.7, ϰ=[6.0, 6.0, 4.7], ∫ϰ²/L=[6.8, 7.3, 6.5], C-C-Sep=0.20, ║∇J║=4.3e-03
-----On 8/20 Initial Guess Perturbations
Iteration 575/1000-----
J=1.2e-02, Jf=1.1e-03, ⟨B·n⟩=8.6e-03, Len=sum([4.9, 4.6, 4.2])=13.7, ϰ=[6.1, 5.9, 4.7], ∫ϰ²/L=[6.8, 7.3, 6.6], C-C-Sep=0.20, ║∇J║=3.5e-03
-----On 8/20 Initial Guess Perturbations
Iteration 576/1000-----
J=1.2e-02, Jf=1.1e-03, ⟨B·n⟩=8.6e-03, Len=sum([4.9, 4.6, 4.2])=13.7, ϰ=[6.1, 5.9, 4.7], ∫ϰ²/L=[6.8, 7.2, 6.5], C-C-Sep=0.20, ║∇J║=3.3e-03
-----On 8/20 Initial Guess Perturbations
Iteration 577/1000-----
J=1.2e-02, Jf=1.1e-03, ⟨B·n⟩=8.6e-03, Len=sum([4.9, 4.6, 4.2])=13.7, ϰ=[6.1, 5.9, 4.6], ∫ϰ²/L=[6.8, 7.2, 6.5], C-C-Sep=0.20, ║∇J║=4.0e-03
-----On 8/20 Initial Guess Perturbations
Iteration 578/1000-----
J=1.2e-02, Jf=1.1e-03, ⟨B·n⟩=8.6e-03, Len=sum([4.9, 4.6, 4.2])=13.7, ϰ=[6.1, 5.9, 4.6], ∫ϰ²/L=[6.9, 7.2, 6.5], C-C-Sep=0.20, ║∇J║=3.8e-03
-----On 8/20 Initial Guess Perturbations
Iteration 579/1000-----
J=1.2e-02, Jf=1.1e-03, ⟨B·n⟩=8.6e-03, Len=sum([4.9, 4.6, 4.2])=13.7, ϰ=[6.1, 5.9, 4.6], ∫ϰ²/L=[6.9, 7.2, 6.5], C-C-Sep=0.20, ║∇J║=2.7e-03
-----On 8/20 Initial Guess Perturbations
Iteration 580/1000-----
J=1.2e-02, Jf=1.1e-03, ⟨B·n⟩=8.6e-03, Len=sum([4.9, 4.6, 4.2])=13.7, ϰ=[6.1, 5.9, 4.6], ∫ϰ²/L=[6.9, 7.2, 6.5], C-C-Sep=0.20, ║∇J║=2.6e-03
-----On 8/20 Initial Guess Perturbations
Iteration 581/1000-----
J=1.2e-02, Jf=1.1e-03, ⟨B·n⟩=8.6e-03, Len=sum([4.9, 4.6, 4.2])=13.7, ϰ=[6.1, 5.9, 4.6], ∫ϰ²/L=[6.8, 7.2, 6.5], C-C-Sep=0.20, ║∇J║=3.8e-03
-----On 8/20 Initial Guess Perturbations
Iteration 582/1000-----
J=1.2e-02, Jf=1.1e-03, ⟨B·n⟩=8.6e-03, Len=sum([4.9, 4.6, 4.2])=13.7, ϰ=[6.1, 5.9, 4.6], ∫ϰ²/L=[6.8, 7.2, 6.5], C-C-Sep=0.20, ║∇J║=2.6e-03
-----On 8/20 Initial Guess Perturbations
Iteration 583/1000-----
J=1.2e-02, Jf=1.1e-03, ⟨B·n⟩=8.6e-03, Len=sum([4.9, 4.6, 4.2])=13.7, ϰ=[6.1, 5.9, 4.6], ∫ϰ²/L=[6.8, 7.2, 6.5], C-C-Sep=0.20, ║∇J║=2.3e-03
-----On 8/20 Initial Guess Perturbations
Iteration 584/1000-----
J=1.2e-02, Jf=1.1e-03, ⟨B·n⟩=8.6e-03, Len=sum([4.9, 4.6, 4.2])=13.7, ϰ=[6.1, 5.9, 4.6], ∫ϰ²/L=[6.9, 7.2, 6.5], C-C-Sep=0.20, ║∇J║=3.0e-03
-----On 8/20 Initial Guess Perturbations
Iteration 585/1000-----
J=1.2e-02, Jf=1.1e-03, ⟨B·n⟩=8.6e-03, Len=sum([4.9, 4.6, 4.2])=13.7, ϰ=[6.1, 5.9, 4.6], ∫ϰ²/L=[6.8, 7.2, 6.5], C-C-Sep=0.20, ║∇J║=2.6e-03
-----On 8/20 Initial Guess Perturbations
Iteration 586/1000-----
J=1.2e-02, Jf=1.1e-03, ⟨B·n⟩=8.6e-03, Len=sum([4.9, 4.6, 4.2])=13.7, ϰ=[6.1, 6.0, 4.7], ∫ϰ²/L=[6.9, 7.2, 6.5], C-C-Sep=0.20, ║∇J║=3.0e-03
-----On 8/20 Initial Guess Perturbations
Iteration 587/1000-----
J=1.2e-02, Jf=1.1e-03, ⟨B·n⟩=8.6e-03, Len=sum([4.9, 4.6, 4.2])=13.7, ϰ=[6.0, 6.0, 4.7], ∫ϰ²/L=[6.9, 7.2, 6.5], C-C-Sep=0.20, ║∇J║=2.5e-03
-----On 8/20 Initial Guess Perturbations
Iteration 588/1000-----
J=1.2e-02, Jf=1.1e-03, ⟨B·n⟩=8.6e-03, Len=sum([4.9, 4.6, 4.2])=13.7, ϰ=[6.1, 6.0, 4.7], ∫ϰ²/L=[6.9, 7.2, 6.5], C-C-Sep=0.20, ║∇J║=2.2e-03
-----On 8/20 Initial Guess Perturbations
Iteration 589/1000-----
J=1.2e-02, Jf=1.1e-03, ⟨B·n⟩=8.6e-03, Len=sum([4.9, 4.6, 4.2])=13.7, ϰ=[6.1, 6.0, 4.7], ∫ϰ²/L=[6.9, 7.2, 6.5], C-C-Sep=0.20, ║∇J║=2.4e-03
-----On 8/20 Initial Guess Perturbations
Iteration 590/1000-----
J=1.2e-02, Jf=1.1e-03, ⟨B·n⟩=8.6e-03, Len=sum([4.9, 4.6, 4.2])=13.7, ϰ=[6.1, 6.0, 4.7], ∫ϰ²/L=[6.9, 7.2, 6.5], C-C-Sep=0.20, ║∇J║=2.8e-03
-----On 8/20 Initial Guess Perturbations
Iteration 591/1000-----
J=1.2e-02, Jf=1.1e-03, ⟨B·n⟩=8.6e-03, Len=sum([4.9, 4.6, 4.2])=13.7, ϰ=[6.1, 6.0, 4.7], ∫ϰ²/L=[6.9, 7.2, 6.5], C-C-Sep=0.20, ║∇J║=2.0e-03
-----On 8/20 Initial Guess Perturbations
Iteration 592/1000-----
J=1.2e-02, Jf=1.1e-03, ⟨B·n⟩=8.6e-03, Len=sum([4.9, 4.6, 4.2])=13.7, ϰ=[6.1, 6.0, 4.7], ∫ϰ²/L=[6.9, 7.2, 6.5], C-C-Sep=0.20, ║∇J║=1.7e-03
-----On 8/20 Initial Guess Perturbations
Iteration 593/1000-----
J=1.2e-02, Jf=1.1e-03, ⟨B·n⟩=8.6e-03, Len=sum([4.9, 4.6, 4.2])=13.7, ϰ=[6.1, 6.0, 4.7], ∫ϰ²/L=[6.9, 7.2, 6.5], C-C-Sep=0.20, ║∇J║=2.3e-03
-----On 8/20 Initial Guess Perturbations
Iteration 594/1000-----
J=1.2e-02, Jf=1.1e-03, ⟨B·n⟩=8.6e-03, Len=sum([4.9, 4.6, 4.2])=13.7, ϰ=[6.1, 6.0, 4.7], ∫ϰ²/L=[6.9, 7.2, 6.5], C-C-Sep=0.20, ║∇J║=1.8e-03
-----On 8/20 Initial Guess Perturbations
Iteration 595/1000-----
J=1.2e-02, Jf=1.1e-03, ⟨B·n⟩=8.6e-03, Len=sum([4.9, 4.6, 4.2])=13.7, ϰ=[6.1, 6.0, 4.8], ∫ϰ²/L=[6.9, 7.2, 6.5], C-C-Sep=0.20, ║∇J║=2.5e-03
-----On 8/20 Initial Guess Perturbations
Iteration 596/1000-----
J=1.2e-02, Jf=1.1e-03, ⟨B·n⟩=8.6e-03, Len=sum([4.9, 4.6, 4.2])=13.7, ϰ=[6.1, 6.0, 4.8], ∫ϰ²/L=[6.9, 7.2, 6.5], C-C-Sep=0.20, ║∇J║=2.7e-03
-----On 8/20 Initial Guess Perturbations
Iteration 597/1000-----
J=1.2e-02, Jf=1.1e-03, ⟨B·n⟩=8.6e-03, Len=sum([4.9, 4.6, 4.2])=13.7, ϰ=[6.1, 6.0, 4.8], ∫ϰ²/L=[6.9, 7.2, 6.5], C-C-Sep=0.20, ║∇J║=1.8e-03
-----On 8/20 Initial Guess Perturbations
Iteration 598/1000-----
J=1.2e-02, Jf=1.1e-03, ⟨B·n⟩=8.6e-03, Len=sum([4.9, 4.6, 4.2])=13.7, ϰ=[6.1, 6.0, 4.8], ∫ϰ²/L=[6.9, 7.2, 6.5], C-C-Sep=0.20, ║∇J║=1.4e-03
-----On 8/20 Initial Guess Perturbations
Iteration 599/1000-----
J=1.2e-02, Jf=1.1e-03, ⟨B·n⟩=8.6e-03, Len=sum([4.9, 4.6, 4.2])=13.7, ϰ=[6.0, 6.0, 4.8], ∫ϰ²/L=[7.0, 7.2, 6.5], C-C-Sep=0.20, ║∇J║=1.6e-03
-----On 8/20 Initial Guess Perturbations
Iteration 600/1000-----
J=1.2e-02, Jf=1.1e-03, ⟨B·n⟩=8.6e-03, Len=sum([4.9, 4.6, 4.2])=13.7, ϰ=[6.0, 6.1, 4.7], ∫ϰ²/L=[7.0, 7.2, 6.5], C-C-Sep=0.20, ║∇J║=1.5e-03
-----On 8/20 Initial Guess Perturbations
Iteration 601/1000-----
J=1.2e-02, Jf=1.1e-03, ⟨B·n⟩=8.6e-03, Len=sum([4.9, 4.6, 4.2])=13.7, ϰ=[6.0, 6.1, 4.7], ∫ϰ²/L=[7.0, 7.2, 6.5], C-C-Sep=0.20, ║∇J║=2.0e-03
-----On 8/20 Initial Guess Perturbations
Iteration 602/1000-----
J=1.2e-02, Jf=1.1e-03, ⟨B·n⟩=8.6e-03, Len=sum([4.9, 4.6, 4.2])=13.7, ϰ=[6.0, 6.1, 4.7], ∫ϰ²/L=[6.9, 7.2, 6.5], C-C-Sep=0.20, ║∇J║=1.6e-03
-----On 8/20 Initial Guess Perturbations
Iteration 603/1000-----
J=1.2e-02, Jf=1.1e-03, ⟨B·n⟩=8.6e-03, Len=sum([4.9, 4.6, 4.2])=13.7, ϰ=[6.0, 6.1, 4.7], ∫ϰ²/L=[6.9, 7.2, 6.5], C-C-Sep=0.20, ║∇J║=1.3e-03
-----On 8/20 Initial Guess Perturbations
Iteration 604/1000-----
J=1.2e-02, Jf=1.1e-03, ⟨B·n⟩=8.6e-03, Len=sum([4.9, 4.6, 4.2])=13.7, ϰ=[6.0, 6.1, 4.7], ∫ϰ²/L=[6.9, 7.2, 6.5], C-C-Sep=0.20, ║∇J║=1.5e-03
-----On 8/20 Initial Guess Perturbations
Iteration 605/1000-----
J=1.2e-02, Jf=1.1e-03, ⟨B·n⟩=8.6e-03, Len=sum([4.9, 4.6, 4.2])=13.7, ϰ=[6.0, 6.1, 4.6], ∫ϰ²/L=[6.9, 7.2, 6.5], C-C-Sep=0.20, ║∇J║=1.5e-03
-----On 8/20 Initial Guess Perturbations
Iteration 606/1000-----
J=1.2e-02, Jf=1.1e-03, ⟨B·n⟩=8.6e-03, Len=sum([4.9, 4.6, 4.2])=13.7, ϰ=[6.0, 6.1, 4.6], ∫ϰ²/L=[6.9, 7.2, 6.5], C-C-Sep=0.20, ║∇J║=1.2e-03
-----On 8/20 Initial Guess Perturbations
Iteration 607/1000-----
J=1.2e-02, Jf=1.1e-03, ⟨B·n⟩=8.6e-03, Len=sum([4.9, 4.6, 4.2])=13.7, ϰ=[6.0, 6.1, 4.6], ∫ϰ²/L=[6.9, 7.2, 6.5], C-C-Sep=0.20, ║∇J║=1.2e-03
-----On 8/20 Initial Guess Perturbations
Iteration 608/1000-----
J=1.2e-02, Jf=1.1e-03, ⟨B·n⟩=8.6e-03, Len=sum([4.9, 4.6, 4.2])=13.7, ϰ=[6.0, 6.1, 4.6], ∫ϰ²/L=[6.9, 7.2, 6.5], C-C-Sep=0.20, ║∇J║=1.8e-03
-----On 8/20 Initial Guess Perturbations
Iteration 609/1000-----
J=1.2e-02, Jf=1.1e-03, ⟨B·n⟩=8.6e-03, Len=sum([4.9, 4.6, 4.2])=13.7, ϰ=[6.0, 6.1, 4.6], ∫ϰ²/L=[6.9, 7.2, 6.5], C-C-Sep=0.20, ║∇J║=1.2e-03
-----On 8/20 Initial Guess Perturbations
Iteration 610/1000-----
J=1.2e-02, Jf=1.1e-03, ⟨B·n⟩=8.6e-03, Len=sum([4.9, 4.6, 4.2])=13.7, ϰ=[6.0, 6.1, 4.6], ∫ϰ²/L=[7.0, 7.2, 6.5], C-C-Sep=0.20, ║∇J║=1.1e-03
-----On 8/20 Initial Guess Perturbations
Iteration 611/1000-----
J=1.2e-02, Jf=1.1e-03, ⟨B·n⟩=8.6e-03, Len=sum([4.9, 4.6, 4.2])=13.7, ϰ=[6.0, 6.1, 4.6], ∫ϰ²/L=[7.0, 7.2, 6.5], C-C-Sep=0.20, ║∇J║=1.3e-03
-----On 8/20 Initial Guess Perturbations
Iteration 612/1000-----
J=1.2e-02, Jf=1.1e-03, ⟨B·n⟩=8.6e-03, Len=sum([4.9, 4.6, 4.2])=13.7, ϰ=[6.0, 6.1, 4.7], ∫ϰ²/L=[7.0, 7.2, 6.5], C-C-Sep=0.20, ║∇J║=1.1e-03
-----On 8/20 Initial Guess Perturbations
Iteration 613/1000-----
J=1.2e-02, Jf=1.1e-03, ⟨B·n⟩=8.6e-03, Len=sum([4.9, 4.6, 4.2])=13.7, ϰ=[6.0, 6.1, 4.7], ∫ϰ²/L=[7.0, 7.2, 6.5], C-C-Sep=0.20, ║∇J║=1.4e-03
-----On 8/20 Initial Guess Perturbations
Iteration 614/1000-----
J=1.2e-02, Jf=1.1e-03, ⟨B·n⟩=8.6e-03, Len=sum([4.9, 4.6, 4.2])=13.7, ϰ=[6.0, 6.1, 4.7], ∫ϰ²/L=[7.0, 7.2, 6.5], C-C-Sep=0.20, ║∇J║=9.6e-04
-----On 8/20 Initial Guess Perturbations
Iteration 615/1000-----
J=1.2e-02, Jf=1.1e-03, ⟨B·n⟩=8.6e-03, Len=sum([4.9, 4.6, 4.2])=13.7, ϰ=[6.0, 6.1, 4.7], ∫ϰ²/L=[7.0, 7.2, 6.5], C-C-Sep=0.20, ║∇J║=9.4e-04
-----On 8/20 Initial Guess Perturbations
Iteration 616/1000-----
J=1.2e-02, Jf=1.1e-03, ⟨B·n⟩=8.6e-03, Len=sum([4.9, 4.6, 4.2])=13.7, ϰ=[6.0, 6.1, 4.6], ∫ϰ²/L=[7.0, 7.2, 6.5], C-C-Sep=0.20, ║∇J║=1.2e-03
-----On 8/20 Initial Guess Perturbations
Iteration 617/1000-----
J=1.2e-02, Jf=1.1e-03, ⟨B·n⟩=8.6e-03, Len=sum([4.9, 4.6, 4.2])=13.7, ϰ=[6.0, 6.1, 4.6], ∫ϰ²/L=[7.0, 7.2, 6.5], C-C-Sep=0.20, ║∇J║=1.1e-03
-----On 8/20 Initial Guess Perturbations
Iteration 618/1000-----
J=1.2e-02, Jf=1.1e-03, ⟨B·n⟩=8.6e-03, Len=sum([4.9, 4.6, 4.2])=13.7, ϰ=[6.0, 6.1, 4.6], ∫ϰ²/L=[7.0, 7.2, 6.5], C-C-Sep=0.20, ║∇J║=9.3e-04
-----On 8/20 Initial Guess Perturbations
Iteration 619/1000-----
J=1.2e-02, Jf=1.1e-03, ⟨B·n⟩=8.6e-03, Len=sum([4.9, 4.6, 4.2])=13.7, ϰ=[6.0, 6.1, 4.6], ∫ϰ²/L=[7.0, 7.2, 6.5], C-C-Sep=0.20, ║∇J║=1.0e-03
-----On 8/20 Initial Guess Perturbations
Iteration 620/1000-----
J=1.2e-02, Jf=1.1e-03, ⟨B·n⟩=8.6e-03, Len=sum([4.9, 4.6, 4.2])=13.7, ϰ=[6.0, 6.1, 4.6], ∫ϰ²/L=[7.0, 7.2, 6.5], C-C-Sep=0.20, ║∇J║=1.3e-03
-----On 8/20 Initial Guess Perturbations
Iteration 621/1000-----
J=1.2e-02, Jf=1.1e-03, ⟨B·n⟩=8.6e-03, Len=sum([4.9, 4.6, 4.2])=13.7, ϰ=[6.0, 6.1, 4.6], ∫ϰ²/L=[7.0, 7.2, 6.5], C-C-Sep=0.20, ║∇J║=7.9e-04
-----On 8/20 Initial Guess Perturbations
Iteration 622/1000-----
J=1.2e-02, Jf=1.1e-03, ⟨B·n⟩=8.6e-03, Len=sum([4.9, 4.6, 4.2])=13.7, ϰ=[6.0, 6.1, 4.6], ∫ϰ²/L=[7.0, 7.2, 6.5], C-C-Sep=0.20, ║∇J║=7.3e-04
-----On 8/20 Initial Guess Perturbations
Iteration 623/1000-----
J=1.2e-02, Jf=1.1e-03, ⟨B·n⟩=8.6e-03, Len=sum([4.9, 4.6, 4.2])=13.7, ϰ=[5.9, 6.1, 4.6], ∫ϰ²/L=[7.0, 7.2, 6.5], C-C-Sep=0.20, ║∇J║=9.4e-04
-----On 8/20 Initial Guess Perturbations
Iteration 624/1000-----
J=1.2e-02, Jf=1.1e-03, ⟨B·n⟩=8.6e-03, Len=sum([4.9, 4.6, 4.2])=13.7, ϰ=[5.9, 6.1, 4.6], ∫ϰ²/L=[7.0, 7.2, 6.5], C-C-Sep=0.20, ║∇J║=9.0e-04
-----On 8/20 Initial Guess Perturbations
Iteration 625/1000-----
J=1.2e-02, Jf=1.1e-03, ⟨B·n⟩=8.6e-03, Len=sum([4.9, 4.6, 4.2])=13.7, ϰ=[5.9, 6.1, 4.6], ∫ϰ²/L=[7.0, 7.2, 6.5], C-C-Sep=0.20, ║∇J║=7.2e-04
-----On 8/20 Initial Guess Perturbations
Iteration 626/1000-----
J=1.2e-02, Jf=1.1e-03, ⟨B·n⟩=8.6e-03, Len=sum([4.9, 4.6, 4.2])=13.7, ϰ=[5.9, 6.1, 4.6], ∫ϰ²/L=[7.0, 7.2, 6.5], C-C-Sep=0.20, ║∇J║=7.6e-04
-----On 8/20 Initial Guess Perturbations
Iteration 627/1000-----
J=1.2e-02, Jf=1.1e-03, ⟨B·n⟩=8.6e-03, Len=sum([4.9, 4.6, 4.2])=13.7, ϰ=[5.9, 6.1, 4.6], ∫ϰ²/L=[7.0, 7.2, 6.5], C-C-Sep=0.20, ║∇J║=8.3e-04
-----On 8/20 Initial Guess Perturbations
Iteration 628/1000-----
J=1.2e-02, Jf=1.1e-03, ⟨B·n⟩=8.6e-03, Len=sum([4.9, 4.6, 4.2])=13.7, ϰ=[5.9, 6.1, 4.6], ∫ϰ²/L=[7.0, 7.2, 6.5], C-C-Sep=0.20, ║∇J║=6.9e-04
-----On 8/20 Initial Guess Perturbations
Iteration 629/1000-----
J=1.2e-02, Jf=1.1e-03, ⟨B·n⟩=8.6e-03, Len=sum([4.9, 4.6, 4.2])=13.7, ϰ=[5.9, 6.1, 4.6], ∫ϰ²/L=[7.0, 7.2, 6.5], C-C-Sep=0.20, ║∇J║=6.6e-04
-----On 8/20 Initial Guess Perturbations
Iteration 630/1000-----
J=1.2e-02, Jf=1.1e-03, ⟨B·n⟩=8.6e-03, Len=sum([4.9, 4.6, 4.2])=13.7, ϰ=[5.9, 6.1, 4.6], ∫ϰ²/L=[7.0, 7.2, 6.5], C-C-Sep=0.20, ║∇J║=6.6e-04
-----On 8/20 Initial Guess Perturbations
Iteration 631/1000-----
J=1.2e-02, Jf=1.1e-03, ⟨B·n⟩=8.6e-03, Len=sum([4.9, 4.6, 4.2])=13.7, ϰ=[5.9, 6.1, 4.6], ∫ϰ²/L=[7.0, 7.2, 6.5], C-C-Sep=0.20, ║∇J║=7.4e-04
-----On 8/20 Initial Guess Perturbations
Iteration 632/1000-----
J=1.2e-02, Jf=1.1e-03, ⟨B·n⟩=8.6e-03, Len=sum([4.9, 4.6, 4.2])=13.7, ϰ=[5.9, 6.1, 4.6], ∫ϰ²/L=[7.0, 7.2, 6.5], C-C-Sep=0.20, ║∇J║=1.1e-03
-----On 8/20 Initial Guess Perturbations
Iteration 633/1000-----
J=1.2e-02, Jf=1.1e-03, ⟨B·n⟩=8.6e-03, Len=sum([4.9, 4.6, 4.2])=13.7, ϰ=[5.9, 6.1, 4.6], ∫ϰ²/L=[7.0, 7.2, 6.5], C-C-Sep=0.20, ║∇J║=6.2e-04
-----On 8/20 Initial Guess Perturbations
Iteration 634/1000-----
J=1.2e-02, Jf=1.1e-03, ⟨B·n⟩=8.6e-03, Len=sum([4.9, 4.6, 4.2])=13.7, ϰ=[5.9, 6.1, 4.6], ∫ϰ²/L=[7.0, 7.2, 6.5], C-C-Sep=0.20, ║∇J║=5.0e-04
-----On 8/20 Initial Guess Perturbations
Iteration 635/1000-----
J=1.2e-02, Jf=1.1e-03, ⟨B·n⟩=8.6e-03, Len=sum([4.9, 4.6, 4.2])=13.7, ϰ=[5.9, 6.1, 4.6], ∫ϰ²/L=[7.0, 7.2, 6.5], C-C-Sep=0.20, ║∇J║=5.1e-04
-----On 8/20 Initial Guess Perturbations
Iteration 636/1000-----
J=1.2e-02, Jf=1.1e-03, ⟨B·n⟩=8.6e-03, Len=sum([4.9, 4.6, 4.2])=13.7, ϰ=[5.9, 6.1, 4.6], ∫ϰ²/L=[7.0, 7.2, 6.5], C-C-Sep=0.20, ║∇J║=8.4e-04
-----On 8/20 Initial Guess Perturbations
Iteration 637/1000-----
J=1.2e-02, Jf=1.1e-03, ⟨B·n⟩=8.6e-03, Len=sum([4.9, 4.6, 4.2])=13.7, ϰ=[5.9, 6.1, 4.6], ∫ϰ²/L=[7.0, 7.2, 6.5], C-C-Sep=0.20, ║∇J║=4.6e-04
-----On 8/20 Initial Guess Perturbations
Iteration 638/1000-----
J=1.2e-02, Jf=1.1e-03, ⟨B·n⟩=8.6e-03, Len=sum([4.9, 4.6, 4.2])=13.7, ϰ=[5.9, 6.1, 4.6], ∫ϰ²/L=[7.0, 7.2, 6.5], C-C-Sep=0.20, ║∇J║=4.7e-04
-----On 8/20 Initial Guess Perturbations
Iteration 639/1000-----
J=1.2e-02, Jf=1.1e-03, ⟨B·n⟩=8.6e-03, Len=sum([4.9, 4.6, 4.2])=13.7, ϰ=[5.9, 6.1, 4.6], ∫ϰ²/L=[7.0, 7.2, 6.5], C-C-Sep=0.20, ║∇J║=5.8e-04
-----On 8/20 Initial Guess Perturbations
Iteration 640/1000-----
J=1.2e-02, Jf=1.1e-03, ⟨B·n⟩=8.6e-03, Len=sum([4.9, 4.6, 4.2])=13.7, ϰ=[5.9, 6.1, 4.6], ∫ϰ²/L=[7.0, 7.2, 6.5], C-C-Sep=0.20, ║∇J║=1.1e-03
-----On 8/20 Initial Guess Perturbations
Iteration 641/1000-----
J=1.2e-02, Jf=1.1e-03, ⟨B·n⟩=8.6e-03, Len=sum([4.9, 4.6, 4.2])=13.7, ϰ=[5.9, 6.1, 4.6], ∫ϰ²/L=[7.0, 7.2, 6.5], C-C-Sep=0.20, ║∇J║=4.4e-04
-----On 8/20 Initial Guess Perturbations
Iteration 642/1000-----
J=1.2e-02, Jf=1.1e-03, ⟨B·n⟩=8.6e-03, Len=sum([4.9, 4.6, 4.2])=13.7, ϰ=[5.9, 6.1, 4.6], ∫ϰ²/L=[7.0, 7.2, 6.5], C-C-Sep=0.20, ║∇J║=3.6e-04
-----On 8/20 Initial Guess Perturbations
Iteration 643/1000-----
J=1.2e-02, Jf=1.1e-03, ⟨B·n⟩=8.6e-03, Len=sum([4.9, 4.6, 4.2])=13.7, ϰ=[5.9, 6.1, 4.6], ∫ϰ²/L=[7.0, 7.2, 6.5], C-C-Sep=0.20, ║∇J║=3.8e-04
-----On 8/20 Initial Guess Perturbations
Iteration 644/1000-----
J=1.2e-02, Jf=1.1e-03, ⟨B·n⟩=8.6e-03, Len=sum([4.9, 4.6, 4.2])=13.7, ϰ=[5.9, 6.1, 4.6], ∫ϰ²/L=[7.0, 7.2, 6.5], C-C-Sep=0.20, ║∇J║=6.3e-04
-----On 8/20 Initial Guess Perturbations
Iteration 645/1000-----
J=1.2e-02, Jf=1.1e-03, ⟨B·n⟩=8.6e-03, Len=sum([4.9, 4.6, 4.2])=13.7, ϰ=[5.9, 6.1, 4.6], ∫ϰ²/L=[7.0, 7.2, 6.5], C-C-Sep=0.20, ║∇J║=4.4e-04
-----On 8/20 Initial Guess Perturbations
Iteration 646/1000-----
J=1.2e-02, Jf=1.1e-03, ⟨B·n⟩=8.6e-03, Len=sum([4.9, 4.6, 4.2])=13.7, ϰ=[5.9, 6.1, 4.6], ∫ϰ²/L=[7.0, 7.2, 6.5], C-C-Sep=0.20, ║∇J║=4.3e-04
-----On 8/20 Initial Guess Perturbations
Iteration 647/1000-----
J=1.2e-02, Jf=1.1e-03, ⟨B·n⟩=8.6e-03, Len=sum([4.9, 4.6, 4.2])=13.7, ϰ=[5.9, 6.1, 4.6], ∫ϰ²/L=[7.0, 7.2, 6.5], C-C-Sep=0.20, ║∇J║=5.2e-04
-----On 8/20 Initial Guess Perturbations
Iteration 648/1000-----
J=1.2e-02, Jf=1.1e-03, ⟨B·n⟩=8.6e-03, Len=sum([4.9, 4.6, 4.2])=13.7, ϰ=[5.9, 6.1, 4.6], ∫ϰ²/L=[7.0, 7.2, 6.5], C-C-Sep=0.20, ║∇J║=5.2e-04
-----On 8/20 Initial Guess Perturbations
Iteration 649/1000-----
J=1.2e-02, Jf=1.1e-03, ⟨B·n⟩=8.6e-03, Len=sum([4.9, 4.6, 4.2])=13.7, ϰ=[5.9, 6.1, 4.6], ∫ϰ²/L=[7.0, 7.2, 6.5], C-C-Sep=0.20, ║∇J║=3.7e-04
-----On 8/20 Initial Guess Perturbations
Iteration 650/1000-----
J=1.2e-02, Jf=1.1e-03, ⟨B·n⟩=8.6e-03, Len=sum([4.9, 4.6, 4.2])=13.7, ϰ=[5.9, 6.1, 4.6], ∫ϰ²/L=[7.0, 7.2, 6.5], C-C-Sep=0.20, ║∇J║=4.0e-04
-----On 8/20 Initial Guess Perturbations
Iteration 651/1000-----
J=1.2e-02, Jf=1.1e-03, ⟨B·n⟩=8.6e-03, Len=sum([4.9, 4.6, 4.2])=13.7, ϰ=[5.9, 6.1, 4.6], ∫ϰ²/L=[7.0, 7.2, 6.5], C-C-Sep=0.20, ║∇J║=5.1e-04
-----On 8/20 Initial Guess Perturbations
Iteration 652/1000-----
J=1.2e-02, Jf=1.1e-03, ⟨B·n⟩=8.6e-03, Len=sum([4.9, 4.6, 4.2])=13.7, ϰ=[5.9, 6.1, 4.6], ∫ϰ²/L=[7.0, 7.2, 6.5], C-C-Sep=0.20, ║∇J║=4.0e-04
-----On 8/20 Initial Guess Perturbations
Iteration 653/1000-----
J=1.2e-02, Jf=1.1e-03, ⟨B·n⟩=8.6e-03, Len=sum([4.9, 4.6, 4.2])=13.7, ϰ=[5.9, 6.1, 4.6], ∫ϰ²/L=[7.0, 7.2, 6.5], C-C-Sep=0.20, ║∇J║=3.3e-04
-----On 8/20 Initial Guess Perturbations
Iteration 654/1000-----
J=1.2e-02, Jf=1.1e-03, ⟨B·n⟩=8.6e-03, Len=sum([4.9, 4.6, 4.2])=13.7, ϰ=[5.9, 6.1, 4.6], ∫ϰ²/L=[7.0, 7.2, 6.5], C-C-Sep=0.20, ║∇J║=4.1e-04
-----On 8/20 Initial Guess Perturbations
Iteration 655/1000-----
J=1.2e-02, Jf=1.1e-03, ⟨B·n⟩=8.6e-03, Len=sum([4.9, 4.6, 4.2])=13.7, ϰ=[5.9, 6.1, 4.6], ∫ϰ²/L=[7.0, 7.2, 6.5], C-C-Sep=0.20, ║∇J║=4.1e-04
-----On 8/20 Initial Guess Perturbations
Iteration 656/1000-----
J=1.2e-02, Jf=1.1e-03, ⟨B·n⟩=8.6e-03, Len=sum([4.9, 4.6, 4.2])=13.7, ϰ=[5.9, 6.1, 4.6], ∫ϰ²/L=[7.0, 7.2, 6.5], C-C-Sep=0.20, ║∇J║=5.3e-04
-----On 8/20 Initial Guess Perturbations
Iteration 657/1000-----
J=1.2e-02, Jf=1.1e-03, ⟨B·n⟩=8.6e-03, Len=sum([4.9, 4.6, 4.2])=13.7, ϰ=[5.9, 6.1, 4.6], ∫ϰ²/L=[7.0, 7.2, 6.5], C-C-Sep=0.20, ║∇J║=2.7e-04
-----On 8/20 Initial Guess Perturbations
Iteration 658/1000-----
J=1.2e-02, Jf=1.1e-03, ⟨B·n⟩=8.6e-03, Len=sum([4.9, 4.6, 4.2])=13.7, ϰ=[5.9, 6.1, 4.6], ∫ϰ²/L=[7.0, 7.2, 6.5], C-C-Sep=0.20, ║∇J║=2.4e-04
-----On 8/20 Initial Guess Perturbations
Iteration 659/1000-----
J=1.2e-02, Jf=1.1e-03, ⟨B·n⟩=8.6e-03, Len=sum([4.9, 4.6, 4.2])=13.7, ϰ=[5.9, 6.1, 4.6], ∫ϰ²/L=[7.0, 7.2, 6.5], C-C-Sep=0.20, ║∇J║=2.7e-04
-----On 8/20 Initial Guess Perturbations
Iteration 660/1000-----
J=1.2e-02, Jf=1.1e-03, ⟨B·n⟩=8.6e-03, Len=sum([4.9, 4.6, 4.2])=13.7, ϰ=[5.9, 6.1, 4.6], ∫ϰ²/L=[7.0, 7.2, 6.5], C-C-Sep=0.20, ║∇J║=5.1e-04
-----On 8/20 Initial Guess Perturbations
Iteration 661/1000-----
J=1.2e-02, Jf=1.1e-03, ⟨B·n⟩=8.6e-03, Len=sum([4.9, 4.6, 4.2])=13.7, ϰ=[5.9, 6.1, 4.6], ∫ϰ²/L=[7.0, 7.2, 6.5], C-C-Sep=0.20, ║∇J║=2.7e-04
-----On 8/20 Initial Guess Perturbations
Iteration 662/1000-----
J=1.2e-02, Jf=1.1e-03, ⟨B·n⟩=8.6e-03, Len=sum([4.9, 4.6, 4.2])=13.7, ϰ=[5.9, 6.1, 4.7], ∫ϰ²/L=[7.0, 7.2, 6.5], C-C-Sep=0.20, ║∇J║=2.4e-04
-----On 8/20 Initial Guess Perturbations
Iteration 663/1000-----
J=1.2e-02, Jf=1.1e-03, ⟨B·n⟩=8.6e-03, Len=sum([4.9, 4.6, 4.2])=13.7, ϰ=[5.9, 6.1, 4.7], ∫ϰ²/L=[7.0, 7.2, 6.5], C-C-Sep=0.20, ║∇J║=2.6e-04
-----On 8/20 Initial Guess Perturbations
Iteration 664/1000-----
J=1.2e-02, Jf=1.1e-03, ⟨B·n⟩=8.6e-03, Len=sum([4.9, 4.6, 4.2])=13.7, ϰ=[5.9, 6.1, 4.7], ∫ϰ²/L=[7.0, 7.2, 6.5], C-C-Sep=0.20, ║∇J║=5.4e-04
-----On 8/20 Initial Guess Perturbations
Iteration 665/1000-----
J=1.2e-02, Jf=1.1e-03, ⟨B·n⟩=8.6e-03, Len=sum([4.9, 4.6, 4.2])=13.7, ϰ=[5.9, 6.1, 4.7], ∫ϰ²/L=[7.0, 7.2, 6.5], C-C-Sep=0.20, ║∇J║=2.2e-04
-----On 8/20 Initial Guess Perturbations
Iteration 666/1000-----
J=1.2e-02, Jf=1.1e-03, ⟨B·n⟩=8.6e-03, Len=sum([4.9, 4.6, 4.2])=13.7, ϰ=[5.9, 6.1, 4.7], ∫ϰ²/L=[7.0, 7.2, 6.5], C-C-Sep=0.20, ║∇J║=2.1e-04
-----On 8/20 Initial Guess Perturbations
Iteration 667/1000-----
J=1.2e-02, Jf=1.1e-03, ⟨B·n⟩=8.6e-03, Len=sum([4.9, 4.6, 4.2])=13.7, ϰ=[5.9, 6.1, 4.6], ∫ϰ²/L=[7.0, 7.2, 6.5], C-C-Sep=0.20, ║∇J║=2.4e-04
-----On 8/20 Initial Guess Perturbations
Iteration 668/1000-----
J=1.2e-02, Jf=1.1e-03, ⟨B·n⟩=8.6e-03, Len=sum([4.9, 4.6, 4.2])=13.7, ϰ=[5.9, 6.1, 4.6], ∫ϰ²/L=[7.0, 7.2, 6.5], C-C-Sep=0.20, ║∇J║=3.4e-04
-----On 8/20 Initial Guess Perturbations
Iteration 669/1000-----
J=1.2e-02, Jf=1.1e-03, ⟨B·n⟩=8.6e-03, Len=sum([4.9, 4.6, 4.2])=13.7, ϰ=[5.9, 6.1, 4.6], ∫ϰ²/L=[7.0, 7.2, 6.5], C-C-Sep=0.20, ║∇J║=2.8e-04
-----On 8/20 Initial Guess Perturbations
Iteration 670/1000-----
J=1.2e-02, Jf=1.1e-03, ⟨B·n⟩=8.6e-03, Len=sum([4.9, 4.6, 4.2])=13.7, ϰ=[5.9, 6.1, 4.6], ∫ϰ²/L=[7.0, 7.2, 6.5], C-C-Sep=0.20, ║∇J║=1.8e-04
-----On 8/20 Initial Guess Perturbations
Iteration 671/1000-----
J=1.2e-02, Jf=1.1e-03, ⟨B·n⟩=8.6e-03, Len=sum([4.9, 4.6, 4.2])=13.7, ϰ=[5.9, 6.1, 4.7], ∫ϰ²/L=[7.0, 7.2, 6.5], C-C-Sep=0.20, ║∇J║=1.9e-04
-----On 8/20 Initial Guess Perturbations
Iteration 672/1000-----
J=1.2e-02, Jf=1.1e-03, ⟨B·n⟩=8.6e-03, Len=sum([4.9, 4.6, 4.2])=13.7, ϰ=[5.9, 6.1, 4.7], ∫ϰ²/L=[7.0, 7.2, 6.5], C-C-Sep=0.20, ║∇J║=2.9e-04
-----On 8/20 Initial Guess Perturbations
Iteration 673/1000-----
J=1.2e-02, Jf=1.1e-03, ⟨B·n⟩=8.6e-03, Len=sum([4.9, 4.6, 4.2])=13.7, ϰ=[5.9, 6.1, 4.7], ∫ϰ²/L=[7.0, 7.2, 6.5], C-C-Sep=0.20, ║∇J║=1.8e-04
-----On 8/20 Initial Guess Perturbations
Iteration 674/1000-----
J=1.2e-02, Jf=1.1e-03, ⟨B·n⟩=8.6e-03, Len=sum([4.9, 4.6, 4.2])=13.7, ϰ=[5.9, 6.1, 4.7], ∫ϰ²/L=[7.0, 7.2, 6.5], C-C-Sep=0.20, ║∇J║=1.9e-04
-----On 8/20 Initial Guess Perturbations
Iteration 675/1000-----
J=1.2e-02, Jf=1.1e-03, ⟨B·n⟩=8.6e-03, Len=sum([4.9, 4.6, 4.2])=13.7, ϰ=[5.9, 6.1, 4.7], ∫ϰ²/L=[7.0, 7.2, 6.5], C-C-Sep=0.20, ║∇J║=2.5e-04
-----On 8/20 Initial Guess Perturbations
Iteration 676/1000-----
J=1.2e-02, Jf=1.1e-03, ⟨B·n⟩=8.6e-03, Len=sum([4.9, 4.6, 4.2])=13.7, ϰ=[5.9, 6.1, 4.7], ∫ϰ²/L=[7.0, 7.2, 6.5], C-C-Sep=0.20, ║∇J║=2.5e-04
-----On 8/20 Initial Guess Perturbations
Iteration 677/1000-----
J=1.2e-02, Jf=1.1e-03, ⟨B·n⟩=8.6e-03, Len=sum([4.9, 4.6, 4.2])=13.7, ϰ=[5.9, 6.1, 4.7], ∫ϰ²/L=[7.0, 7.2, 6.5], C-C-Sep=0.20, ║∇J║=1.5e-04
-----On 8/20 Initial Guess Perturbations
Iteration 678/1000-----
J=1.2e-02, Jf=1.1e-03, ⟨B·n⟩=8.6e-03, Len=sum([4.9, 4.6, 4.2])=13.7, ϰ=[5.9, 6.1, 4.7], ∫ϰ²/L=[7.0, 7.2, 6.5], C-C-Sep=0.20, ║∇J║=1.7e-04
-----On 8/20 Initial Guess Perturbations
Iteration 679/1000-----
J=1.2e-02, Jf=1.1e-03, ⟨B·n⟩=8.6e-03, Len=sum([4.9, 4.6, 4.2])=13.7, ϰ=[5.9, 6.1, 4.7], ∫ϰ²/L=[7.0, 7.2, 6.5], C-C-Sep=0.20, ║∇J║=1.8e-04
-----On 8/20 Initial Guess Perturbations
Iteration 680/1000-----
J=1.2e-02, Jf=1.1e-03, ⟨B·n⟩=8.6e-03, Len=sum([4.9, 4.6, 4.2])=13.7, ϰ=[5.9, 6.1, 4.7], ∫ϰ²/L=[7.0, 7.2, 6.5], C-C-Sep=0.20, ║∇J║=2.2e-04
-----On 8/20 Initial Guess Perturbations
Iteration 681/1000-----
J=1.2e-02, Jf=1.1e-03, ⟨B·n⟩=8.6e-03, Len=sum([4.9, 4.6, 4.2])=13.7, ϰ=[5.9, 6.1, 4.7], ∫ϰ²/L=[7.0, 7.2, 6.5], C-C-Sep=0.20, ║∇J║=1.9e-04
-----On 8/20 Initial Guess Perturbations
Iteration 682/1000-----
J=1.2e-02, Jf=1.1e-03, ⟨B·n⟩=8.6e-03, Len=sum([4.9, 4.6, 4.2])=13.7, ϰ=[5.9, 6.1, 4.7], ∫ϰ²/L=[7.0, 7.2, 6.5], C-C-Sep=0.20, ║∇J║=1.5e-04
-----On 8/20 Initial Guess Perturbations
Iteration 683/1000-----
J=1.2e-02, Jf=1.1e-03, ⟨B·n⟩=8.6e-03, Len=sum([4.9, 4.6, 4.2])=13.7, ϰ=[5.9, 6.1, 4.7], ∫ϰ²/L=[7.0, 7.2, 6.5], C-C-Sep=0.20, ║∇J║=1.4e-04
-----On 8/20 Initial Guess Perturbations
Iteration 684/1000-----
J=1.2e-02, Jf=1.1e-03, ⟨B·n⟩=8.6e-03, Len=sum([4.9, 4.6, 4.2])=13.7, ϰ=[5.9, 6.1, 4.7], ∫ϰ²/L=[7.0, 7.2, 6.5], C-C-Sep=0.20, ║∇J║=1.8e-04
-----On 8/20 Initial Guess Perturbations
Iteration 685/1000-----
J=1.2e-02, Jf=1.1e-03, ⟨B·n⟩=8.6e-03, Len=sum([4.9, 4.6, 4.2])=13.7, ϰ=[5.9, 6.1, 4.7], ∫ϰ²/L=[7.0, 7.2, 6.5], C-C-Sep=0.20, ║∇J║=1.4e-04
-----On 8/20 Initial Guess Perturbations
Iteration 686/1000-----
J=1.2e-02, Jf=1.1e-03, ⟨B·n⟩=8.6e-03, Len=sum([4.9, 4.6, 4.2])=13.7, ϰ=[5.9, 6.1, 4.7], ∫ϰ²/L=[7.0, 7.2, 6.5], C-C-Sep=0.20, ║∇J║=1.3e-04
-----On 8/20 Initial Guess Perturbations
Iteration 687/1000-----
J=1.2e-02, Jf=1.1e-03, ⟨B·n⟩=8.6e-03, Len=sum([4.9, 4.6, 4.2])=13.7, ϰ=[5.9, 6.1, 4.7], ∫ϰ²/L=[7.0, 7.2, 6.5], C-C-Sep=0.20, ║∇J║=1.3e-04
-----On 8/20 Initial Guess Perturbations
Iteration 688/1000-----
J=1.2e-02, Jf=1.1e-03, ⟨B·n⟩=8.6e-03, Len=sum([4.9, 4.6, 4.2])=13.7, ϰ=[5.9, 6.1, 4.7], ∫ϰ²/L=[7.0, 7.2, 6.5], C-C-Sep=0.20, ║∇J║=1.8e-04
-----On 8/20 Initial Guess Perturbations
Iteration 689/1000-----
J=1.2e-02, Jf=1.1e-03, ⟨B·n⟩=8.6e-03, Len=sum([4.9, 4.6, 4.2])=13.7, ϰ=[5.9, 6.1, 4.7], ∫ϰ²/L=[7.0, 7.2, 6.5], C-C-Sep=0.20, ║∇J║=1.3e-04
-----On 8/20 Initial Guess Perturbations
Iteration 690/1000-----
J=1.2e-02, Jf=1.1e-03, ⟨B·n⟩=8.6e-03, Len=sum([4.9, 4.6, 4.2])=13.7, ϰ=[5.9, 6.1, 4.7], ∫ϰ²/L=[7.0, 7.2, 6.5], C-C-Sep=0.20, ║∇J║=1.0e-04
-----On 8/20 Initial Guess Perturbations
Iteration 691/1000-----
J=1.2e-02, Jf=1.1e-03, ⟨B·n⟩=8.6e-03, Len=sum([4.9, 4.6, 4.2])=13.7, ϰ=[5.9, 6.1, 4.7], ∫ϰ²/L=[7.0, 7.2, 6.5], C-C-Sep=0.20, ║∇J║=1.2e-04
-----On 8/20 Initial Guess Perturbations
Iteration 692/1000-----
J=1.2e-02, Jf=1.1e-03, ⟨B·n⟩=8.6e-03, Len=sum([4.9, 4.6, 4.2])=13.7, ϰ=[5.9, 6.1, 4.7], ∫ϰ²/L=[7.0, 7.2, 6.5], C-C-Sep=0.20, ║∇J║=1.6e-04
-----On 8/20 Initial Guess Perturbations
Iteration 693/1000-----
J=1.2e-02, Jf=1.1e-03, ⟨B·n⟩=8.6e-03, Len=sum([4.9, 4.6, 4.2])=13.7, ϰ=[5.9, 6.1, 4.7], ∫ϰ²/L=[7.0, 7.2, 6.5], C-C-Sep=0.20, ║∇J║=9.9e-05
-----On 8/20 Initial Guess Perturbations
Iteration 694/1000-----
J=1.2e-02, Jf=1.1e-03, ⟨B·n⟩=8.6e-03, Len=sum([4.9, 4.6, 4.2])=13.7, ϰ=[5.9, 6.1, 4.7], ∫ϰ²/L=[7.0, 7.2, 6.5], C-C-Sep=0.20, ║∇J║=9.1e-05
-----On 8/20 Initial Guess Perturbations
Iteration 695/1000-----
J=1.2e-02, Jf=1.1e-03, ⟨B·n⟩=8.6e-03, Len=sum([4.9, 4.6, 4.2])=13.7, ϰ=[5.9, 6.1, 4.7], ∫ϰ²/L=[7.0, 7.2, 6.5], C-C-Sep=0.20, ║∇J║=1.4e-04
-----On 8/20 Initial Guess Perturbations
Iteration 696/1000-----
J=1.2e-02, Jf=1.1e-03, ⟨B·n⟩=8.6e-03, Len=sum([4.9, 4.6, 4.2])=13.7, ϰ=[5.9, 6.1, 4.7], ∫ϰ²/L=[7.0, 7.2, 6.5], C-C-Sep=0.20, ║∇J║=1.1e-04
-----On 8/20 Initial Guess Perturbations
Iteration 697/1000-----
J=1.2e-02, Jf=1.1e-03, ⟨B·n⟩=8.6e-03, Len=sum([4.9, 4.6, 4.2])=13.7, ϰ=[5.9, 6.1, 4.7], ∫ϰ²/L=[7.0, 7.2, 6.5], C-C-Sep=0.20, ║∇J║=1.4e-04
-----On 8/20 Initial Guess Perturbations
Iteration 698/1000-----
J=1.2e-02, Jf=1.1e-03, ⟨B·n⟩=8.6e-03, Len=sum([4.9, 4.6, 4.2])=13.7, ϰ=[5.9, 6.1, 4.7], ∫ϰ²/L=[7.0, 7.2, 6.5], C-C-Sep=0.20, ║∇J║=1.1e-04
-----On 8/20 Initial Guess Perturbations
Iteration 699/1000-----
J=1.2e-02, Jf=1.1e-03, ⟨B·n⟩=8.6e-03, Len=sum([4.9, 4.6, 4.2])=13.7, ϰ=[5.9, 6.1, 4.7], ∫ϰ²/L=[7.0, 7.2, 6.5], C-C-Sep=0.20, ║∇J║=7.5e-05
-----On 8/20 Initial Guess Perturbations
Iteration 700/1000-----
J=1.2e-02, Jf=1.1e-03, ⟨B·n⟩=8.6e-03, Len=sum([4.9, 4.6, 4.2])=13.7, ϰ=[5.9, 6.1, 4.7], ∫ϰ²/L=[7.0, 7.2, 6.5], C-C-Sep=0.20, ║∇J║=7.5e-05
-----On 8/20 Initial Guess Perturbations
Iteration 701/1000-----
J=1.2e-02, Jf=1.1e-03, ⟨B·n⟩=8.6e-03, Len=sum([4.9, 4.6, 4.2])=13.7, ϰ=[5.9, 6.1, 4.7], ∫ϰ²/L=[7.0, 7.2, 6.5], C-C-Sep=0.20, ║∇J║=1.1e-04
-----On 8/20 Initial Guess Perturbations
Iteration 702/1000-----
J=1.2e-02, Jf=1.1e-03, ⟨B·n⟩=8.6e-03, Len=sum([4.9, 4.6, 4.2])=13.7, ϰ=[5.9, 6.1, 4.7], ∫ϰ²/L=[7.0, 7.2, 6.5], C-C-Sep=0.20, ║∇J║=7.9e-05
-----On 8/20 Initial Guess Perturbations
Iteration 703/1000-----
J=1.2e-02, Jf=1.1e-03, ⟨B·n⟩=8.6e-03, Len=sum([4.9, 4.6, 4.2])=13.7, ϰ=[5.9, 6.1, 4.7], ∫ϰ²/L=[7.0, 7.2, 6.5], C-C-Sep=0.20, ║∇J║=7.4e-05
-----On 8/20 Initial Guess Perturbations
Iteration 704/1000-----
J=1.2e-02, Jf=1.1e-03, ⟨B·n⟩=8.6e-03, Len=sum([4.9, 4.6, 4.2])=13.7, ϰ=[5.9, 6.1, 4.7], ∫ϰ²/L=[7.0, 7.2, 6.5], C-C-Sep=0.20, ║∇J║=8.5e-05
-----On 8/20 Initial Guess Perturbations
Iteration 705/1000-----
J=1.2e-02, Jf=1.1e-03, ⟨B·n⟩=8.6e-03, Len=sum([4.9, 4.6, 4.2])=13.7, ϰ=[5.9, 6.1, 4.7], ∫ϰ²/L=[7.0, 7.2, 6.5], C-C-Sep=0.20, ║∇J║=6.4e-05
-----On 8/20 Initial Guess Perturbations
Iteration 706/1000-----
J=1.2e-02, Jf=1.1e-03, ⟨B·n⟩=8.6e-03, Len=sum([4.9, 4.6, 4.2])=13.7, ϰ=[5.9, 6.1, 4.7], ∫ϰ²/L=[7.0, 7.2, 6.5], C-C-Sep=0.20, ║∇J║=5.7e-05
-----On 8/20 Initial Guess Perturbations
Iteration 707/1000-----
J=1.2e-02, Jf=1.1e-03, ⟨B·n⟩=8.6e-03, Len=sum([4.9, 4.6, 4.2])=13.7, ϰ=[5.9, 6.1, 4.7], ∫ϰ²/L=[7.0, 7.2, 6.5], C-C-Sep=0.20, ║∇J║=7.8e-05
-----On 8/20 Initial Guess Perturbations
Iteration 708/1000-----
J=1.2e-02, Jf=1.1e-03, ⟨B·n⟩=8.6e-03, Len=sum([4.9, 4.6, 4.2])=13.7, ϰ=[5.9, 6.1, 4.7], ∫ϰ²/L=[7.0, 7.2, 6.5], C-C-Sep=0.20, ║∇J║=7.0e-05
-----On 8/20 Initial Guess Perturbations
Iteration 709/1000-----
J=1.2e-02, Jf=1.1e-03, ⟨B·n⟩=8.6e-03, Len=sum([4.9, 4.6, 4.2])=13.7, ϰ=[5.9, 6.1, 4.7], ∫ϰ²/L=[7.0, 7.2, 6.5], C-C-Sep=0.20, ║∇J║=5.3e-05
-----On 8/20 Initial Guess Perturbations
Iteration 710/1000-----
J=1.2e-02, Jf=1.1e-03, ⟨B·n⟩=8.6e-03, Len=sum([4.9, 4.6, 4.2])=13.7, ϰ=[5.9, 6.1, 4.7], ∫ϰ²/L=[7.0, 7.2, 6.5], C-C-Sep=0.20, ║∇J║=6.2e-05
-----On 8/20 Initial Guess Perturbations
Iteration 711/1000-----
J=1.2e-02, Jf=1.1e-03, ⟨B·n⟩=8.6e-03, Len=sum([4.9, 4.6, 4.2])=13.7, ϰ=[5.9, 6.1, 4.7], ∫ϰ²/L=[7.0, 7.2, 6.5], C-C-Sep=0.20, ║∇J║=6.7e-05
-----On 8/20 Initial Guess Perturbations
Iteration 712/1000-----
J=1.2e-02, Jf=1.1e-03, ⟨B·n⟩=8.6e-03, Len=sum([4.9, 4.6, 4.2])=13.7, ϰ=[5.9, 6.1, 4.7], ∫ϰ²/L=[7.0, 7.2, 6.5], C-C-Sep=0.20, ║∇J║=5.2e-05
-----On 8/20 Initial Guess Perturbations
Iteration 713/1000-----
J=1.2e-02, Jf=1.1e-03, ⟨B·n⟩=8.6e-03, Len=sum([4.9, 4.6, 4.2])=13.7, ϰ=[5.9, 6.1, 4.7], ∫ϰ²/L=[7.0, 7.2, 6.5], C-C-Sep=0.20, ║∇J║=6.0e-05
-----On 8/20 Initial Guess Perturbations
Iteration 714/1000-----
J=1.2e-02, Jf=1.1e-03, ⟨B·n⟩=8.6e-03, Len=sum([4.9, 4.6, 4.2])=13.7, ϰ=[5.9, 6.1, 4.7], ∫ϰ²/L=[7.0, 7.2, 6.5], C-C-Sep=0.20, ║∇J║=6.6e-05
-----On 8/20 Initial Guess Perturbations
Iteration 715/1000-----
J=1.2e-02, Jf=1.1e-03, ⟨B·n⟩=8.6e-03, Len=sum([4.9, 4.6, 4.2])=13.7, ϰ=[5.9, 6.1, 4.7], ∫ϰ²/L=[7.0, 7.2, 6.5], C-C-Sep=0.20, ║∇J║=5.1e-05
-----On 8/20 Initial Guess Perturbations
Iteration 716/1000-----
J=1.2e-02, Jf=1.1e-03, ⟨B·n⟩=8.6e-03, Len=sum([4.9, 4.6, 4.2])=13.7, ϰ=[5.9, 6.1, 4.7], ∫ϰ²/L=[7.0, 7.2, 6.5], C-C-Sep=0.20, ║∇J║=4.1e-05
-----On 8/20 Initial Guess Perturbations
Iteration 717/1000-----
J=1.2e-02, Jf=1.1e-03, ⟨B·n⟩=8.6e-03, Len=sum([4.9, 4.6, 4.2])=13.7, ϰ=[5.9, 6.1, 4.7], ∫ϰ²/L=[7.0, 7.2, 6.5], C-C-Sep=0.20, ║∇J║=6.9e-05
-----On 8/20 Initial Guess Perturbations
Iteration 718/1000-----
J=1.2e-02, Jf=1.1e-03, ⟨B·n⟩=8.6e-03, Len=sum([4.9, 4.6, 4.2])=13.7, ϰ=[5.9, 6.1, 4.7], ∫ϰ²/L=[7.0, 7.2, 6.5], C-C-Sep=0.20, ║∇J║=4.6e-05
-----On 8/20 Initial Guess Perturbations
Iteration 719/1000-----
J=1.2e-02, Jf=1.1e-03, ⟨B·n⟩=8.6e-03, Len=sum([4.9, 4.6, 4.2])=13.7, ϰ=[5.9, 6.1, 4.7], ∫ϰ²/L=[7.0, 7.2, 6.5], C-C-Sep=0.20, ║∇J║=3.4e-05
-----On 8/20 Initial Guess Perturbations
Iteration 720/1000-----
J=1.2e-02, Jf=1.1e-03, ⟨B·n⟩=8.6e-03, Len=sum([4.9, 4.6, 4.2])=13.7, ϰ=[5.9, 6.1, 4.7], ∫ϰ²/L=[7.0, 7.2, 6.5], C-C-Sep=0.20, ║∇J║=3.5e-05
-----On 8/20 Initial Guess Perturbations
Iteration 721/1000-----
J=1.2e-02, Jf=1.1e-03, ⟨B·n⟩=8.6e-03, Len=sum([4.9, 4.6, 4.2])=13.7, ϰ=[5.9, 6.1, 4.7], ∫ϰ²/L=[7.0, 7.2, 6.5], C-C-Sep=0.20, ║∇J║=6.1e-05
-----On 8/20 Initial Guess Perturbations
Iteration 722/1000-----
J=1.2e-02, Jf=1.1e-03, ⟨B·n⟩=8.6e-03, Len=sum([4.9, 4.6, 4.2])=13.7, ϰ=[5.9, 6.1, 4.7], ∫ϰ²/L=[7.0, 7.2, 6.5], C-C-Sep=0.20, ║∇J║=5.7e-05
-----On 8/20 Initial Guess Perturbations
Iteration 723/1000-----
J=1.2e-02, Jf=1.1e-03, ⟨B·n⟩=8.6e-03, Len=sum([4.9, 4.6, 4.2])=13.7, ϰ=[5.9, 6.1, 4.7], ∫ϰ²/L=[7.0, 7.2, 6.5], C-C-Sep=0.20, ║∇J║=2.8e-05
-----On 8/20 Initial Guess Perturbations
Iteration 724/1000-----
J=1.2e-02, Jf=1.1e-03, ⟨B·n⟩=8.6e-03, Len=sum([4.9, 4.6, 4.2])=13.7, ϰ=[5.9, 6.1, 4.7], ∫ϰ²/L=[7.0, 7.2, 6.5], C-C-Sep=0.20, ║∇J║=3.0e-05
-----On 8/20 Initial Guess Perturbations
Iteration 725/1000-----
J=1.2e-02, Jf=1.1e-03, ⟨B·n⟩=8.6e-03, Len=sum([4.9, 4.6, 4.2])=13.7, ϰ=[5.9, 6.1, 4.7], ∫ϰ²/L=[7.0, 7.2, 6.5], C-C-Sep=0.20, ║∇J║=3.0e-05
-----On 8/20 Initial Guess Perturbations
Iteration 726/1000-----
J=1.2e-02, Jf=1.1e-03, ⟨B·n⟩=8.6e-03, Len=sum([4.9, 4.6, 4.2])=13.7, ϰ=[5.9, 6.1, 4.7], ∫ϰ²/L=[7.0, 7.2, 6.5], C-C-Sep=0.20, ║∇J║=5.4e-05
-----On 8/20 Initial Guess Perturbations
Iteration 727/1000-----
J=1.2e-02, Jf=1.1e-03, ⟨B·n⟩=8.6e-03, Len=sum([4.9, 4.6, 4.2])=13.7, ϰ=[5.9, 6.1, 4.7], ∫ϰ²/L=[7.0, 7.2, 6.5], C-C-Sep=0.20, ║∇J║=2.7e-05
-----On 8/20 Initial Guess Perturbations
Iteration 728/1000-----
J=1.2e-02, Jf=1.1e-03, ⟨B·n⟩=8.6e-03, Len=sum([4.9, 4.6, 4.2])=13.7, ϰ=[5.9, 6.1, 4.7], ∫ϰ²/L=[7.0, 7.2, 6.5], C-C-Sep=0.20, ║∇J║=2.3e-05
-----On 8/20 Initial Guess Perturbations
Iteration 729/1000-----
J=1.2e-02, Jf=1.1e-03, ⟨B·n⟩=8.6e-03, Len=sum([4.9, 4.6, 4.2])=13.7, ϰ=[5.9, 6.1, 4.7], ∫ϰ²/L=[7.0, 7.2, 6.5], C-C-Sep=0.20, ║∇J║=2.5e-05
-----On 8/20 Initial Guess Perturbations
Iteration 730/1000-----
J=1.2e-02, Jf=1.1e-03, ⟨B·n⟩=8.6e-03, Len=sum([4.9, 4.6, 4.2])=13.7, ϰ=[5.9, 6.1, 4.7], ∫ϰ²/L=[7.0, 7.2, 6.5], C-C-Sep=0.20, ║∇J║=5.9e-05
-----On 8/20 Initial Guess Perturbations
Iteration 731/1000-----
J=1.2e-02, Jf=1.1e-03, ⟨B·n⟩=8.6e-03, Len=sum([4.9, 4.6, 4.2])=13.7, ϰ=[5.9, 6.1, 4.7], ∫ϰ²/L=[7.0, 7.2, 6.5], C-C-Sep=0.20, ║∇J║=2.6e-05
-----On 8/20 Initial Guess Perturbations
Iteration 732/1000-----
J=1.2e-02, Jf=1.1e-03, ⟨B·n⟩=8.6e-03, Len=sum([4.9, 4.6, 4.2])=13.7, ϰ=[5.9, 6.1, 4.7], ∫ϰ²/L=[7.0, 7.2, 6.5], C-C-Sep=0.20, ║∇J║=1.9e-05
-----On 8/20 Initial Guess Perturbations
Iteration 733/1000-----
J=1.2e-02, Jf=1.1e-03, ⟨B·n⟩=8.6e-03, Len=sum([4.9, 4.6, 4.2])=13.7, ϰ=[5.9, 6.1, 4.7], ∫ϰ²/L=[7.0, 7.2, 6.5], C-C-Sep=0.20, ║∇J║=2.6e-05
-----On 8/20 Initial Guess Perturbations
Iteration 734/1000-----
J=1.2e-02, Jf=1.1e-03, ⟨B·n⟩=8.6e-03, Len=sum([4.9, 4.6, 4.2])=13.7, ϰ=[5.9, 6.1, 4.7], ∫ϰ²/L=[7.0, 7.2, 6.5], C-C-Sep=0.20, ║∇J║=6.4e-05
-----On 8/20 Initial Guess Perturbations
Iteration 735/1000-----
J=1.2e-02, Jf=1.1e-03, ⟨B·n⟩=8.6e-03, Len=sum([4.9, 4.6, 4.2])=13.7, ϰ=[5.9, 6.1, 4.7], ∫ϰ²/L=[7.0, 7.2, 6.5], C-C-Sep=0.20, ║∇J║=2.3e-05
-----On 8/20 Initial Guess Perturbations
Iteration 736/1000-----
J=1.2e-02, Jf=1.1e-03, ⟨B·n⟩=8.6e-03, Len=sum([4.9, 4.6, 4.2])=13.7, ϰ=[5.9, 6.1, 4.7], ∫ϰ²/L=[7.0, 7.2, 6.5], C-C-Sep=0.20, ║∇J║=1.7e-05
-----On 8/20 Initial Guess Perturbations
Iteration 737/1000-----
J=1.2e-02, Jf=1.1e-03, ⟨B·n⟩=8.6e-03, Len=sum([4.9, 4.6, 4.2])=13.7, ϰ=[5.9, 6.1, 4.7], ∫ϰ²/L=[7.0, 7.2, 6.5], C-C-Sep=0.20, ║∇J║=1.9e-05
-----On 8/20 Initial Guess Perturbations
Iteration 738/1000-----
J=1.2e-02, Jf=1.1e-03, ⟨B·n⟩=8.6e-03, Len=sum([4.9, 4.6, 4.2])=13.7, ϰ=[5.9, 6.1, 4.7], ∫ϰ²/L=[7.0, 7.2, 6.5], C-C-Sep=0.20, ║∇J║=1.8e-05
-----On 8/20 Initial Guess Perturbations
Iteration 739/1000-----
J=1.2e-02, Jf=1.1e-03, ⟨B·n⟩=8.6e-03, Len=sum([4.9, 4.6, 4.2])=13.7, ϰ=[5.9, 6.1, 4.7], ∫ϰ²/L=[7.0, 7.2, 6.5], C-C-Sep=0.20, ║∇J║=3.2e-05
-----On 8/20 Initial Guess Perturbations
Iteration 740/1000-----
J=1.2e-02, Jf=1.1e-03, ⟨B·n⟩=8.6e-03, Len=sum([4.9, 4.6, 4.2])=13.7, ϰ=[5.9, 6.1, 4.7], ∫ϰ²/L=[7.0, 7.2, 6.5], C-C-Sep=0.20, ║∇J║=3.1e-05
-----On 8/20 Initial Guess Perturbations
Iteration 741/1000-----
J=1.2e-02, Jf=1.1e-03, ⟨B·n⟩=8.6e-03, Len=sum([4.9, 4.6, 4.2])=13.7, ϰ=[5.9, 6.1, 4.7], ∫ϰ²/L=[7.0, 7.2, 6.5], C-C-Sep=0.20, ║∇J║=1.6e-05
-----On 8/20 Initial Guess Perturbations
Iteration 742/1000-----
J=1.2e-02, Jf=1.1e-03, ⟨B·n⟩=8.6e-03, Len=sum([4.9, 4.6, 4.2])=13.7, ϰ=[5.9, 6.1, 4.7], ∫ϰ²/L=[7.0, 7.2, 6.5], C-C-Sep=0.20, ║∇J║=1.6e-05
-----On 8/20 Initial Guess Perturbations
Iteration 743/1000-----
J=1.2e-02, Jf=1.1e-03, ⟨B·n⟩=8.6e-03, Len=sum([4.9, 4.6, 4.2])=13.7, ϰ=[5.9, 6.1, 4.7], ∫ϰ²/L=[7.0, 7.2, 6.5], C-C-Sep=0.20, ║∇J║=2.2e-05
-----On 8/20 Initial Guess Perturbations
Iteration 744/1000-----
J=1.2e-02, Jf=1.1e-03, ⟨B·n⟩=8.6e-03, Len=sum([4.9, 4.6, 4.2])=13.7, ϰ=[5.9, 6.1, 4.7], ∫ϰ²/L=[7.0, 7.2, 6.5], C-C-Sep=0.20, ║∇J║=1.9e-05
-----On 8/20 Initial Guess Perturbations
Iteration 745/1000-----
J=1.2e-02, Jf=1.1e-03, ⟨B·n⟩=8.6e-03, Len=sum([4.9, 4.6, 4.2])=13.7, ϰ=[5.9, 6.1, 4.7], ∫ϰ²/L=[7.0, 7.2, 6.5], C-C-Sep=0.20, ║∇J║=2.1e-05
-----On 8/20 Initial Guess Perturbations
Iteration 746/1000-----
J=1.2e-02, Jf=1.1e-03, ⟨B·n⟩=8.6e-03, Len=sum([4.9, 4.6, 4.2])=13.7, ϰ=[5.9, 6.1, 4.7], ∫ϰ²/L=[7.0, 7.2, 6.5], C-C-Sep=0.20, ║∇J║=1.6e-05
-----On 8/20 Initial Guess Perturbations
Iteration 747/1000-----
J=1.2e-02, Jf=1.1e-03, ⟨B·n⟩=8.6e-03, Len=sum([4.9, 4.6, 4.2])=13.7, ϰ=[5.9, 6.1, 4.7], ∫ϰ²/L=[7.0, 7.2, 6.5], C-C-Sep=0.20, ║∇J║=1.6e-05
-----On 8/20 Initial Guess Perturbations
Iteration 748/1000-----
J=1.2e-02, Jf=1.1e-03, ⟨B·n⟩=8.6e-03, Len=sum([4.9, 4.6, 4.2])=13.7, ϰ=[5.9, 6.1, 4.7], ∫ϰ²/L=[7.0, 7.2, 6.5], C-C-Sep=0.20, ║∇J║=2.1e-05
-----On 8/20 Initial Guess Perturbations
Iteration 749/1000-----
J=1.2e-02, Jf=1.1e-03, ⟨B·n⟩=8.6e-03, Len=sum([4.9, 4.6, 4.2])=13.7, ϰ=[5.9, 6.1, 4.7], ∫ϰ²/L=[7.0, 7.2, 6.5], C-C-Sep=0.20, ║∇J║=1.6e-05
-----On 8/20 Initial Guess Perturbations
Iteration 750/1000-----
J=1.2e-02, Jf=1.1e-03, ⟨B·n⟩=8.6e-03, Len=sum([4.9, 4.6, 4.2])=13.7, ϰ=[5.9, 6.1, 4.7], ∫ϰ²/L=[7.0, 7.2, 6.5], C-C-Sep=0.20, ║∇J║=1.7e-05
-----On 8/20 Initial Guess Perturbations
Iteration 751/1000-----
J=1.2e-02, Jf=1.1e-03, ⟨B·n⟩=8.6e-03, Len=sum([4.9, 4.6, 4.2])=13.7, ϰ=[5.9, 6.1, 4.7], ∫ϰ²/L=[7.0, 7.2, 6.5], C-C-Sep=0.20, ║∇J║=1.8e-05
-----On 8/20 Initial Guess Perturbations
Iteration 752/1000-----
J=1.2e-02, Jf=1.1e-03, ⟨B·n⟩=8.6e-03, Len=sum([4.9, 4.6, 4.2])=13.7, ϰ=[5.9, 6.1, 4.7], ∫ϰ²/L=[7.0, 7.2, 6.5], C-C-Sep=0.20, ║∇J║=1.3e-05
-----On 8/20 Initial Guess Perturbations
Iteration 753/1000-----
J=1.2e-02, Jf=1.1e-03, ⟨B·n⟩=8.6e-03, Len=sum([4.9, 4.6, 4.2])=13.7, ϰ=[5.9, 6.1, 4.7], ∫ϰ²/L=[7.0, 7.2, 6.5], C-C-Sep=0.20, ║∇J║=1.2e-05
-----On 8/20 Initial Guess Perturbations
Iteration 754/1000-----
J=1.2e-02, Jf=1.1e-03, ⟨B·n⟩=8.6e-03, Len=sum([4.9, 4.6, 4.2])=13.7, ϰ=[5.9, 6.1, 4.7], ∫ϰ²/L=[7.0, 7.2, 6.5], C-C-Sep=0.20, ║∇J║=1.7e-05
-----On 8/20 Initial Guess Perturbations
Iteration 755/1000-----
J=1.2e-02, Jf=1.1e-03, ⟨B·n⟩=8.6e-03, Len=sum([4.9, 4.6, 4.2])=13.7, ϰ=[5.9, 6.1, 4.7], ∫ϰ²/L=[7.0, 7.2, 6.5], C-C-Sep=0.20, ║∇J║=1.4e-05
-----On 8/20 Initial Guess Perturbations
Iteration 756/1000-----
J=1.2e-02, Jf=1.1e-03, ⟨B·n⟩=8.6e-03, Len=sum([4.9, 4.6, 4.2])=13.7, ϰ=[5.9, 6.1, 4.7], ∫ϰ²/L=[7.0, 7.2, 6.5], C-C-Sep=0.20, ║∇J║=1.4e-05
-----On 8/20 Initial Guess Perturbations
Iteration 757/1000-----
J=1.2e-02, Jf=1.1e-03, ⟨B·n⟩=8.6e-03, Len=sum([4.9, 4.6, 4.2])=13.7, ϰ=[5.9, 6.1, 4.7], ∫ϰ²/L=[7.0, 7.2, 6.5], C-C-Sep=0.20, ║∇J║=1.3e-05
-----On 8/20 Initial Guess Perturbations
Iteration 758/1000-----
J=1.2e-02, Jf=1.1e-03, ⟨B·n⟩=8.6e-03, Len=sum([4.9, 4.6, 4.2])=13.7, ϰ=[5.9, 6.1, 4.7], ∫ϰ²/L=[7.0, 7.2, 6.5], C-C-Sep=0.20, ║∇J║=1.2e-05
-----On 8/20 Initial Guess Perturbations
Iteration 759/1000-----
J=1.2e-02, Jf=1.1e-03, ⟨B·n⟩=8.6e-03, Len=sum([4.9, 4.6, 4.2])=13.7, ϰ=[5.9, 6.1, 4.7], ∫ϰ²/L=[7.0, 7.2, 6.5], C-C-Sep=0.20, ║∇J║=1.1e-05
-----On 8/20 Initial Guess Perturbations
Iteration 760/1000-----
J=1.2e-02, Jf=1.1e-03, ⟨B·n⟩=8.6e-03, Len=sum([4.9, 4.6, 4.2])=13.7, ϰ=[5.9, 6.1, 4.7], ∫ϰ²/L=[7.0, 7.2, 6.5], C-C-Sep=0.20, ║∇J║=1.3e-05
-----On 8/20 Initial Guess Perturbations
Iteration 761/1000-----
J=1.2e-02, Jf=1.1e-03, ⟨B·n⟩=8.6e-03, Len=sum([4.9, 4.6, 4.2])=13.7, ϰ=[5.9, 6.1, 4.7], ∫ϰ²/L=[7.0, 7.2, 6.5], C-C-Sep=0.20, ║∇J║=9.2e-06
-----On 8/20 Initial Guess Perturbations
Iteration 762/1000-----
J=1.2e-02, Jf=1.1e-03, ⟨B·n⟩=8.6e-03, Len=sum([4.9, 4.6, 4.2])=13.7, ϰ=[5.9, 6.1, 4.7], ∫ϰ²/L=[7.0, 7.2, 6.5], C-C-Sep=0.20, ║∇J║=8.6e-06
-----On 8/20 Initial Guess Perturbations
Iteration 763/1000-----
J=1.2e-02, Jf=1.1e-03, ⟨B·n⟩=8.6e-03, Len=sum([4.9, 4.6, 4.2])=13.7, ϰ=[5.9, 6.1, 4.7], ∫ϰ²/L=[7.0, 7.2, 6.5], C-C-Sep=0.20, ║∇J║=1.2e-05
-----On 8/20 Initial Guess Perturbations
Iteration 764/1000-----
J=1.2e-02, Jf=1.1e-03, ⟨B·n⟩=8.6e-03, Len=sum([4.9, 4.6, 4.2])=13.7, ϰ=[5.9, 6.1, 4.7], ∫ϰ²/L=[7.0, 7.2, 6.5], C-C-Sep=0.20, ║∇J║=9.4e-06
-----On 8/20 Initial Guess Perturbations
Iteration 765/1000-----
J=1.2e-02, Jf=1.1e-03, ⟨B·n⟩=8.6e-03, Len=sum([4.9, 4.6, 4.2])=13.7, ϰ=[5.9, 6.1, 4.7], ∫ϰ²/L=[7.0, 7.2, 6.5], C-C-Sep=0.20, ║∇J║=1.1e-05
-----On 8/20 Initial Guess Perturbations
Iteration 766/1000-----
J=1.2e-02, Jf=1.1e-03, ⟨B·n⟩=8.6e-03, Len=sum([4.9, 4.6, 4.2])=13.7, ϰ=[5.9, 6.1, 4.7], ∫ϰ²/L=[7.0, 7.2, 6.5], C-C-Sep=0.20, ║∇J║=8.3e-06
-----On 8/20 Initial Guess Perturbations
Iteration 767/1000-----
J=1.2e-02, Jf=1.1e-03, ⟨B·n⟩=8.6e-03, Len=sum([4.9, 4.6, 4.2])=13.7, ϰ=[5.9, 6.1, 4.7], ∫ϰ²/L=[7.0, 7.2, 6.5], C-C-Sep=0.20, ║∇J║=7.9e-06
-----On 8/20 Initial Guess Perturbations
Iteration 768/1000-----
J=1.2e-02, Jf=1.1e-03, ⟨B·n⟩=8.6e-03, Len=sum([4.9, 4.6, 4.2])=13.7, ϰ=[5.9, 6.1, 4.7], ∫ϰ²/L=[7.0, 7.2, 6.5], C-C-Sep=0.20, ║∇J║=1.1e-05
-----On 8/20 Initial Guess Perturbations
Iteration 769/1000-----
J=1.2e-02, Jf=1.1e-03, ⟨B·n⟩=8.6e-03, Len=sum([4.9, 4.6, 4.2])=13.7, ϰ=[5.9, 6.1, 4.7], ∫ϰ²/L=[7.0, 7.2, 6.5], C-C-Sep=0.20, ║∇J║=1.3e-05
-----On 8/20 Initial Guess Perturbations
Iteration 770/1000-----
J=1.2e-02, Jf=1.1e-03, ⟨B·n⟩=8.6e-03, Len=sum([4.9, 4.6, 4.2])=13.7, ϰ=[5.9, 6.1, 4.7], ∫ϰ²/L=[7.0, 7.2, 6.5], C-C-Sep=0.20, ║∇J║=7.8e-06
-----On 8/20 Initial Guess Perturbations
Iteration 771/1000-----
J=1.2e-02, Jf=1.1e-03, ⟨B·n⟩=8.6e-03, Len=sum([4.9, 4.6, 4.2])=13.7, ϰ=[5.9, 6.1, 4.7], ∫ϰ²/L=[7.0, 7.2, 6.5], C-C-Sep=0.20, ║∇J║=6.6e-06
-----On 8/20 Initial Guess Perturbations
Iteration 772/1000-----
J=1.2e-02, Jf=1.1e-03, ⟨B·n⟩=8.6e-03, Len=sum([4.9, 4.6, 4.2])=13.7, ϰ=[5.9, 6.1, 4.7], ∫ϰ²/L=[7.0, 7.2, 6.5], C-C-Sep=0.20, ║∇J║=7.6e-06
-----On 8/20 Initial Guess Perturbations
Iteration 773/1000-----
J=1.2e-02, Jf=1.1e-03, ⟨B·n⟩=8.6e-03, Len=sum([4.9, 4.6, 4.2])=13.7, ϰ=[5.9, 6.1, 4.7], ∫ϰ²/L=[7.0, 7.2, 6.5], C-C-Sep=0.20, ║∇J║=6.6e-06
-----On 8/20 Initial Guess Perturbations
Iteration 774/1000-----
J=1.2e-02, Jf=1.1e-03, ⟨B·n⟩=8.6e-03, Len=sum([4.9, 4.6, 4.2])=13.7, ϰ=[5.9, 6.1, 4.7], ∫ϰ²/L=[7.0, 7.2, 6.5], C-C-Sep=0.20, ║∇J║=7.3e-06
-----On 8/20 Initial Guess Perturbations
Iteration 775/1000-----
J=1.2e-02, Jf=1.1e-03, ⟨B·n⟩=8.6e-03, Len=sum([4.9, 4.6, 4.2])=13.7, ϰ=[5.9, 6.1, 4.7], ∫ϰ²/L=[7.0, 7.2, 6.5], C-C-Sep=0.20, ║∇J║=6.2e-06
-----On 8/20 Initial Guess Perturbations
Iteration 776/1000-----
J=1.2e-02, Jf=1.1e-03, ⟨B·n⟩=8.6e-03, Len=sum([4.9, 4.6, 4.2])=13.7, ϰ=[5.9, 6.1, 4.7], ∫ϰ²/L=[7.0, 7.2, 6.5], C-C-Sep=0.20, ║∇J║=7.2e-06
-----On 8/20 Initial Guess Perturbations
Iteration 777/1000-----
J=1.2e-02, Jf=1.1e-03, ⟨B·n⟩=8.6e-03, Len=sum([4.9, 4.6, 4.2])=13.7, ϰ=[5.9, 6.1, 4.7], ∫ϰ²/L=[7.0, 7.2, 6.5], C-C-Sep=0.20, ║∇J║=6.5e-06
-----On 8/20 Initial Guess Perturbations
Iteration 778/1000-----
J=1.2e-02, Jf=1.1e-03, ⟨B·n⟩=8.6e-03, Len=sum([4.9, 4.6, 4.2])=13.7, ϰ=[5.9, 6.1, 4.7], ∫ϰ²/L=[7.0, 7.2, 6.5], C-C-Sep=0.20, ║∇J║=5.4e-06
-----On 8/20 Initial Guess Perturbations
Iteration 779/1000-----
J=1.2e-02, Jf=1.1e-03, ⟨B·n⟩=8.6e-03, Len=sum([4.9, 4.6, 4.2])=13.7, ϰ=[5.9, 6.1, 4.7], ∫ϰ²/L=[7.0, 7.2, 6.5], C-C-Sep=0.20, ║∇J║=5.2e-06
-----On 8/20 Initial Guess Perturbations
Iteration 780/1000-----
J=1.2e-02, Jf=1.1e-03, ⟨B·n⟩=8.6e-03, Len=sum([4.9, 4.6, 4.2])=13.7, ϰ=[5.9, 6.1, 4.7], ∫ϰ²/L=[7.0, 7.2, 6.5], C-C-Sep=0.20, ║∇J║=5.4e-06
-----On 8/20 Initial Guess Perturbations
Iteration 781/1000-----
J=1.2e-02, Jf=1.1e-03, ⟨B·n⟩=8.6e-03, Len=sum([4.9, 4.6, 4.2])=13.7, ϰ=[5.9, 6.1, 4.7], ∫ϰ²/L=[7.0, 7.2, 6.5], C-C-Sep=0.20, ║∇J║=6.1e-06
-----On 8/20 Initial Guess Perturbations
Iteration 782/1000-----
J=1.2e-02, Jf=1.1e-03, ⟨B·n⟩=8.6e-03, Len=sum([4.9, 4.6, 4.2])=13.7, ϰ=[5.9, 6.1, 4.7], ∫ϰ²/L=[7.0, 7.2, 6.5], C-C-Sep=0.20, ║∇J║=4.9e-06
-----On 8/20 Initial Guess Perturbations
Iteration 783/1000-----
J=1.2e-02, Jf=1.1e-03, ⟨B·n⟩=8.6e-03, Len=sum([4.9, 4.6, 4.2])=13.7, ϰ=[5.9, 6.1, 4.7], ∫ϰ²/L=[7.0, 7.2, 6.5], C-C-Sep=0.20, ║∇J║=4.5e-06
-----On 8/20 Initial Guess Perturbations
Iteration 784/1000-----
J=1.2e-02, Jf=1.1e-03, ⟨B·n⟩=8.6e-03, Len=sum([4.9, 4.6, 4.2])=13.7, ϰ=[5.9, 6.1, 4.7], ∫ϰ²/L=[7.0, 7.2, 6.5], C-C-Sep=0.20, ║∇J║=5.7e-06
-----On 8/20 Initial Guess Perturbations
Iteration 785/1000-----
J=1.2e-02, Jf=1.1e-03, ⟨B·n⟩=8.6e-03, Len=sum([4.9, 4.6, 4.2])=13.7, ϰ=[5.9, 6.1, 4.7], ∫ϰ²/L=[7.0, 7.2, 6.5], C-C-Sep=0.20, ║∇J║=1.1e-05
-----On 8/20 Initial Guess Perturbations
Iteration 786/1000-----
J=1.2e-02, Jf=1.1e-03, ⟨B·n⟩=8.6e-03, Len=sum([4.9, 4.6, 4.2])=13.7, ϰ=[5.9, 6.1, 4.7], ∫ϰ²/L=[7.0, 7.2, 6.5], C-C-Sep=0.20, ║∇J║=4.0e-06
-----On 8/20 Initial Guess Perturbations
Iteration 787/1000-----
J=1.2e-02, Jf=1.1e-03, ⟨B·n⟩=8.6e-03, Len=sum([4.9, 4.6, 4.2])=13.7, ϰ=[5.9, 6.1, 4.7], ∫ϰ²/L=[7.0, 7.2, 6.5], C-C-Sep=0.20, ║∇J║=3.4e-06
-----On 8/20 Initial Guess Perturbations
Iteration 788/1000-----
J=1.2e-02, Jf=1.1e-03, ⟨B·n⟩=8.6e-03, Len=sum([4.9, 4.6, 4.2])=13.7, ϰ=[5.9, 6.1, 4.7], ∫ϰ²/L=[7.0, 7.2, 6.5], C-C-Sep=0.20, ║∇J║=3.8e-06
-----On 8/20 Initial Guess Perturbations
Iteration 789/1000-----
J=1.2e-02, Jf=1.1e-03, ⟨B·n⟩=8.6e-03, Len=sum([4.9, 4.6, 4.2])=13.7, ϰ=[5.9, 6.1, 4.7], ∫ϰ²/L=[7.0, 7.2, 6.5], C-C-Sep=0.20, ║∇J║=4.9e-06
-----On 8/20 Initial Guess Perturbations
Iteration 790/1000-----
J=1.2e-02, Jf=1.1e-03, ⟨B·n⟩=8.6e-03, Len=sum([4.9, 4.6, 4.2])=13.7, ϰ=[5.9, 6.1, 4.7], ∫ϰ²/L=[7.0, 7.2, 6.5], C-C-Sep=0.20, ║∇J║=1.0e-05
-----On 8/20 Initial Guess Perturbations
Iteration 791/1000-----
J=1.2e-02, Jf=1.1e-03, ⟨B·n⟩=8.6e-03, Len=sum([4.9, 4.6, 4.2])=13.7, ϰ=[5.9, 6.1, 4.7], ∫ϰ²/L=[7.0, 7.2, 6.5], C-C-Sep=0.20, ║∇J║=3.7e-06
-----On 8/20 Initial Guess Perturbations
Iteration 792/1000-----
J=1.2e-02, Jf=1.1e-03, ⟨B·n⟩=8.6e-03, Len=sum([4.9, 4.6, 4.2])=13.7, ϰ=[5.9, 6.1, 4.7], ∫ϰ²/L=[7.0, 7.2, 6.5], C-C-Sep=0.20, ║∇J║=3.7e-06
-----On 8/20 Initial Guess Perturbations
Iteration 793/1000-----
J=1.2e-02, Jf=1.1e-03, ⟨B·n⟩=8.6e-03, Len=sum([4.9, 4.6, 4.2])=13.7, ϰ=[5.9, 6.1, 4.7], ∫ϰ²/L=[7.0, 7.2, 6.5], C-C-Sep=0.20, ║∇J║=4.1e-06
-----On 8/20 Initial Guess Perturbations
Iteration 794/1000-----
J=1.2e-02, Jf=1.1e-03, ⟨B·n⟩=8.6e-03, Len=sum([4.9, 4.6, 4.2])=13.7, ϰ=[5.9, 6.1, 4.7], ∫ϰ²/L=[7.0, 7.2, 6.5], C-C-Sep=0.20, ║∇J║=7.1e-06
-----On 8/20 Initial Guess Perturbations
Iteration 795/1000-----
J=1.2e-02, Jf=1.1e-03, ⟨B·n⟩=8.6e-03, Len=sum([4.9, 4.6, 4.2])=13.7, ϰ=[5.9, 6.1, 4.7], ∫ϰ²/L=[7.0, 7.2, 6.5], C-C-Sep=0.20, ║∇J║=4.2e-06
-----On 8/20 Initial Guess Perturbations
Iteration 796/1000-----
J=1.2e-02, Jf=1.1e-03, ⟨B·n⟩=8.6e-03, Len=sum([4.9, 4.6, 4.2])=13.7, ϰ=[5.9, 6.1, 4.7], ∫ϰ²/L=[7.0, 7.2, 6.5], C-C-Sep=0.20, ║∇J║=3.5e-06
-----On 8/20 Initial Guess Perturbations
Iteration 797/1000-----
J=1.2e-02, Jf=1.1e-03, ⟨B·n⟩=8.6e-03, Len=sum([4.9, 4.6, 4.2])=13.7, ϰ=[5.9, 6.1, 4.7], ∫ϰ²/L=[7.0, 7.2, 6.5], C-C-Sep=0.20, ║∇J║=4.7e-06
-----On 8/20 Initial Guess Perturbations
Iteration 798/1000-----
J=1.2e-02, Jf=1.1e-03, ⟨B·n⟩=8.6e-03, Len=sum([4.9, 4.6, 4.2])=13.7, ϰ=[5.9, 6.1, 4.7], ∫ϰ²/L=[7.0, 7.2, 6.5], C-C-Sep=0.20, ║∇J║=7.6e-06
-----On 8/20 Initial Guess Perturbations
Iteration 799/1000-----
J=1.2e-02, Jf=1.1e-03, ⟨B·n⟩=8.6e-03, Len=sum([4.9, 4.6, 4.2])=13.7, ϰ=[5.9, 6.1, 4.7], ∫ϰ²/L=[7.0, 7.2, 6.5], C-C-Sep=0.20, ║∇J║=4.8e-06
-----On 8/20 Initial Guess Perturbations
Iteration 800/1000-----
J=1.2e-02, Jf=1.1e-03, ⟨B·n⟩=8.6e-03, Len=sum([4.9, 4.6, 4.2])=13.7, ϰ=[5.9, 6.1, 4.7], ∫ϰ²/L=[7.0, 7.2, 6.5], C-C-Sep=0.20, ║∇J║=3.7e-06
-----On 8/20 Initial Guess Perturbations
Iteration 801/1000-----
J=1.2e-02, Jf=1.1e-03, ⟨B·n⟩=8.6e-03, Len=sum([4.9, 4.6, 4.2])=13.7, ϰ=[5.9, 6.1, 4.7], ∫ϰ²/L=[7.0, 7.2, 6.5], C-C-Sep=0.20, ║∇J║=4.3e-06
-----On 8/20 Initial Guess Perturbations
slurmstepd: error: *** JOB 65237732 ON cl004 CANCELLED AT 2025-08-20T01:16:09 ***
