Running initial guess perturbation 7
Coil 0: RMS error: 0.000006, Relative: 0.000003
Max point error: 0.000031, Min point error: 0.000000
Coil 1: RMS error: 0.000004, Relative: 0.000002
Max point error: 0.000020, Min point error: 0.000000
Coil 2: RMS error: 0.000004, Relative: 0.000002
Max point error: 0.000019, Min point error: 0.000000
Overall fit errors: [5.841702614674591e-06, 3.6226879512414794e-06, 4.3784805159541795e-06]
Mean fit error: 0.000005

################################################################################
### Perform a Taylor test ######################################################
################################################################################

Iteration 1/4500-----
J=4.4e-01, ⟨Jf⟩=5.5e-02, ⟨B·n⟩=5.8e-02, Len=sum([5.3, 5.7, 5.7])=16.8, ϰ=[8.8, 5.8, 5.1], ∫ϰ²/L>=[4.6, 3.5, 2.5], C-C-Sep=0.03, ║∇J║=1.1e+01
-----On 8/20 Initial Guess Perturbations
Iteration 2/4500-----
J=4.4e-01, ⟨Jf⟩=5.5e-02, ⟨B·n⟩=5.8e-02, Len=sum([5.3, 5.7, 5.7])=16.8, ϰ=[13.0, 7.9, 7.5], ∫ϰ²/L>=[7.6, 5.3, 4.3], C-C-Sep=0.03, ║∇J║=1.1e+01
-----On 8/20 Initial Guess Perturbations
Iteration 3/4500-----
J=4.4e-01, ⟨Jf⟩=5.5e-02, ⟨B·n⟩=5.8e-02, Len=sum([5.3, 5.7, 5.7])=16.8, ϰ=[9.5, 5.9, 6.0], ∫ϰ²/L>=[6.3, 5.1, 4.1], C-C-Sep=0.03, ║∇J║=1.1e+01
-----On 8/20 Initial Guess Perturbations
err -0.15844180693684473
Iteration 4/4500-----
J=4.4e-01, ⟨Jf⟩=5.5e-02, ⟨B·n⟩=5.8e-02, Len=sum([5.3, 5.7, 5.7])=16.8, ϰ=[9.1, 5.9, 5.1], ∫ϰ²/L>=[4.6, 3.6, 2.5], C-C-Sep=0.03, ║∇J║=1.1e+01
-----On 8/20 Initial Guess Perturbations
Iteration 5/4500-----
J=4.4e-01, ⟨Jf⟩=5.5e-02, ⟨B·n⟩=5.8e-02, Len=sum([5.3, 5.7, 5.7])=16.8, ϰ=[8.4, 5.7, 5.2], ∫ϰ²/L>=[4.5, 3.6, 2.5], C-C-Sep=0.03, ║∇J║=1.1e+01
-----On 8/20 Initial Guess Perturbations
err -0.0016608742761508033
Iteration 6/4500-----
J=4.4e-01, ⟨Jf⟩=5.5e-02, ⟨B·n⟩=5.8e-02, Len=sum([5.3, 5.7, 5.7])=16.8, ϰ=[8.8, 5.8, 5.1], ∫ϰ²/L>=[4.6, 3.5, 2.5], C-C-Sep=0.03, ║∇J║=1.1e+01
-----On 8/20 Initial Guess Perturbations
Iteration 7/4500-----
J=4.4e-01, ⟨Jf⟩=5.5e-02, ⟨B·n⟩=5.8e-02, Len=sum([5.3, 5.7, 5.7])=16.8, ϰ=[8.7, 5.7, 5.1], ∫ϰ²/L>=[4.5, 3.5, 2.5], C-C-Sep=0.03, ║∇J║=1.1e+01
-----On 8/20 Initial Guess Perturbations
err -1.6566839551757084e-05
Iteration 8/4500-----
J=4.4e-01, ⟨Jf⟩=5.5e-02, ⟨B·n⟩=5.8e-02, Len=sum([5.3, 5.7, 5.7])=16.8, ϰ=[8.8, 5.8, 5.1], ∫ϰ²/L>=[4.6, 3.5, 2.5], C-C-Sep=0.03, ║∇J║=1.1e+01
-----On 8/20 Initial Guess Perturbations
Iteration 9/4500-----
J=4.4e-01, ⟨Jf⟩=5.5e-02, ⟨B·n⟩=5.8e-02, Len=sum([5.3, 5.7, 5.7])=16.8, ϰ=[8.8, 5.8, 5.1], ∫ϰ²/L>=[4.6, 3.5, 2.5], C-C-Sep=0.03, ║∇J║=1.1e+01
-----On 8/20 Initial Guess Perturbations
err -1.658478758770343e-07
Iteration 10/4500-----
J=4.4e-01, ⟨Jf⟩=5.5e-02, ⟨B·n⟩=5.8e-02, Len=sum([5.3, 5.7, 5.7])=16.8, ϰ=[8.8, 5.8, 5.1], ∫ϰ²/L>=[4.6, 3.5, 2.5], C-C-Sep=0.03, ║∇J║=1.1e+01
-----On 8/20 Initial Guess Perturbations
Iteration 11/4500-----
J=4.4e-01, ⟨Jf⟩=5.5e-02, ⟨B·n⟩=5.8e-02, Len=sum([5.3, 5.7, 5.7])=16.8, ϰ=[8.8, 5.8, 5.1], ∫ϰ²/L>=[4.6, 3.5, 2.5], C-C-Sep=0.03, ║∇J║=1.1e+01
-----On 8/20 Initial Guess Perturbations
err -4.338181369689664e-09

################################################################################
### Run the optimisation #######################################################
################################################################################

Iteration 1/4500-----
J=4.4e-01, ⟨Jf⟩=5.5e-02, ⟨B·n⟩=5.8e-02, Len=sum([5.3, 5.7, 5.7])=16.8, ϰ=[8.8, 5.8, 5.1], ∫ϰ²/L>=[4.6, 3.5, 2.5], C-C-Sep=0.03, ║∇J║=1.1e+01
-----On 8/20 Initial Guess Perturbations
Iteration 2/4500-----
J=6.6e+00, ⟨Jf⟩=1.5e+00, ⟨B·n⟩=1.5e-01, Len=sum([11.5, 13.0, 6.8])=31.4, ϰ=[61.5, 68.7, 71.1], ∫ϰ²/L>=[36.8, 24.2, 34.5], C-C-Sep=0.00, ║∇J║=1.5e+03
-----On 8/20 Initial Guess Perturbations
Iteration 3/4500-----
J=1.3e+00, ⟨Jf⟩=6.2e-02, ⟨B·n⟩=6.2e-02, Len=sum([7.0, 7.6, 6.0])=20.5, ϰ=[39.3, 43.8, 14.7], ∫ϰ²/L>=[36.7, 30.1, 9.3], C-C-Sep=0.01, ║∇J║=2.5e+01
-----On 8/20 Initial Guess Perturbations
Iteration 4/4500-----
J=2.0e-01, ⟨Jf⟩=5.5e-02, ⟨B·n⟩=5.8e-02, Len=sum([5.5, 5.9, 5.8])=17.2, ϰ=[18.2, 13.3, 6.0], ∫ϰ²/L>=[19.3, 13.2, 3.6], C-C-Sep=0.03, ║∇J║=8.7e+00
-----On 8/20 Initial Guess Perturbations
Iteration 5/4500-----
J=9.8e-02, ⟨Jf⟩=5.5e-02, ⟨B·n⟩=5.8e-02, Len=sum([5.6, 5.9, 5.7])=17.3, ϰ=[41.5, 13.6, 5.3], ∫ϰ²/L>=[29.6, 13.3, 3.2], C-C-Sep=0.16, ║∇J║=1.4e+00
-----On 8/20 Initial Guess Perturbations
Iteration 6/4500-----
J=9.1e-02, ⟨Jf⟩=5.5e-02, ⟨B·n⟩=5.8e-02, Len=sum([5.5, 5.9, 5.7])=17.2, ϰ=[34.2, 13.0, 5.3], ∫ϰ²/L>=[26.0, 12.9, 3.1], C-C-Sep=0.17, ║∇J║=1.0e+00
-----On 8/20 Initial Guess Perturbations
Iteration 7/4500-----
J=7.9e-02, ⟨Jf⟩=5.5e-02, ⟨B·n⟩=5.8e-02, Len=sum([5.5, 5.9, 5.7])=17.1, ϰ=[21.8, 19.8, 5.2], ∫ϰ²/L>=[22.1, 13.2, 3.0], C-C-Sep=0.19, ║∇J║=5.0e-01
-----On 8/20 Initial Guess Perturbations
Iteration 8/4500-----
J=7.6e-02, ⟨Jf⟩=5.4e-02, ⟨B·n⟩=5.7e-02, Len=sum([5.5, 5.9, 5.7])=17.1, ϰ=[21.9, 24.0, 5.0], ∫ϰ²/L>=[23.6, 15.4, 3.0], C-C-Sep=0.19, ║∇J║=8.6e-01
-----On 8/20 Initial Guess Perturbations
Iteration 9/4500-----
J=7.3e-02, ⟨Jf⟩=5.4e-02, ⟨B·n⟩=5.7e-02, Len=sum([5.5, 5.9, 5.7])=17.1, ϰ=[19.2, 23.9, 5.0], ∫ϰ²/L>=[23.4, 15.4, 3.0], C-C-Sep=0.18, ║∇J║=3.5e-01
-----On 8/20 Initial Guess Perturbations
Iteration 10/4500-----
J=7.2e-02, ⟨Jf⟩=5.3e-02, ⟨B·n⟩=5.7e-02, Len=sum([5.5, 5.9, 5.7])=17.1, ϰ=[19.0, 21.7, 4.9], ∫ϰ²/L>=[23.7, 14.9, 2.9], C-C-Sep=0.19, ║∇J║=3.2e-01
-----On 8/20 Initial Guess Perturbations
Iteration 11/4500-----
J=7.0e-02, ⟨Jf⟩=5.2e-02, ⟨B·n⟩=5.6e-02, Len=sum([5.5, 5.9, 5.7])=17.1, ϰ=[19.0, 15.9, 4.6], ∫ϰ²/L>=[24.7, 14.5, 3.0], C-C-Sep=0.19, ║∇J║=4.0e-01
-----On 8/20 Initial Guess Perturbations
Iteration 12/4500-----
J=6.8e-02, ⟨Jf⟩=5.1e-02, ⟨B·n⟩=5.5e-02, Len=sum([5.5, 5.9, 5.7])=17.1, ϰ=[20.1, 11.2, 4.7], ∫ϰ²/L>=[23.9, 15.5, 3.3], C-C-Sep=0.18, ║∇J║=4.6e-01
-----On 8/20 Initial Guess Perturbations
Iteration 13/4500-----
J=6.7e-02, ⟨Jf⟩=4.8e-02, ⟨B·n⟩=5.4e-02, Len=sum([5.5, 5.9, 5.7])=17.1, ϰ=[17.6, 12.2, 6.3], ∫ϰ²/L>=[22.3, 18.6, 4.3], C-C-Sep=0.18, ║∇J║=5.2e-01
-----On 8/20 Initial Guess Perturbations
Iteration 14/4500-----
J=6.5e-02, ⟨Jf⟩=4.8e-02, ⟨B·n⟩=5.4e-02, Len=sum([5.6, 5.9, 5.7])=17.1, ϰ=[15.5, 11.3, 6.3], ∫ϰ²/L>=[20.3, 17.1, 4.9], C-C-Sep=0.19, ║∇J║=3.0e-01
-----On 8/20 Initial Guess Perturbations
Iteration 15/4500-----
J=6.4e-02, ⟨Jf⟩=4.7e-02, ⟨B·n⟩=5.3e-02, Len=sum([5.6, 5.9, 5.7])=17.1, ϰ=[15.1, 10.5, 6.8], ∫ϰ²/L>=[20.4, 15.7, 5.9], C-C-Sep=0.19, ║∇J║=3.4e-01
-----On 8/20 Initial Guess Perturbations
Iteration 16/4500-----
J=6.1e-02, ⟨Jf⟩=4.4e-02, ⟨B·n⟩=5.1e-02, Len=sum([5.7, 5.8, 5.7])=17.3, ϰ=[19.9, 12.4, 8.4], ∫ϰ²/L>=[24.7, 15.1, 9.9], C-C-Sep=0.18, ║∇J║=5.6e-01
-----On 8/20 Initial Guess Perturbations
Iteration 17/4500-----
J=5.9e-02, ⟨Jf⟩=4.2e-02, ⟨B·n⟩=5.0e-02, Len=sum([5.8, 5.9, 5.7])=17.4, ϰ=[19.9, 15.7, 9.9], ∫ϰ²/L>=[28.4, 19.7, 14.2], C-C-Sep=0.19, ║∇J║=6.1e-01
-----On 8/20 Initial Guess Perturbations
Iteration 18/4500-----
J=5.7e-02, ⟨Jf⟩=4.1e-02, ⟨B·n⟩=4.9e-02, Len=sum([5.8, 5.9, 5.7])=17.5, ϰ=[19.5, 15.3, 9.9], ∫ϰ²/L>=[27.9, 20.5, 14.6], C-C-Sep=0.19, ║∇J║=3.2e-01
-----On 8/20 Initial Guess Perturbations
Iteration 19/4500-----
J=5.6e-02, ⟨Jf⟩=3.9e-02, ⟨B·n⟩=4.8e-02, Len=sum([5.9, 5.9, 5.8])=17.6, ϰ=[18.1, 13.3, 10.1], ∫ϰ²/L>=[28.7, 21.3, 14.9], C-C-Sep=0.19, ║∇J║=2.8e-01
-----On 8/20 Initial Guess Perturbations
Iteration 20/4500-----
J=5.5e-02, ⟨Jf⟩=3.8e-02, ⟨B·n⟩=4.7e-02, Len=sum([6.0, 5.9, 5.8])=17.6, ϰ=[17.7, 10.4, 9.7], ∫ϰ²/L>=[29.0, 19.7, 13.6], C-C-Sep=0.19, ║∇J║=3.3e-01
-----On 8/20 Initial Guess Perturbations
Iteration 21/4500-----
J=5.4e-02, ⟨Jf⟩=3.6e-02, ⟨B·n⟩=4.5e-02, Len=sum([6.1, 5.9, 5.8])=17.7, ϰ=[16.3, 12.0, 10.1], ∫ϰ²/L>=[29.9, 19.6, 12.7], C-C-Sep=0.18, ║∇J║=7.7e-01
-----On 8/20 Initial Guess Perturbations
Iteration 22/4500-----
J=5.2e-02, ⟨Jf⟩=3.6e-02, ⟨B·n⟩=4.6e-02, Len=sum([6.0, 5.8, 5.7])=17.6, ϰ=[15.5, 13.1, 8.8], ∫ϰ²/L>=[27.9, 15.4, 10.6], C-C-Sep=0.20, ║∇J║=3.6e-01
-----On 8/20 Initial Guess Perturbations
Iteration 23/4500-----
J=5.1e-02, ⟨Jf⟩=3.5e-02, ⟨B·n⟩=4.4e-02, Len=sum([6.1, 5.9, 5.7])=17.7, ϰ=[15.2, 12.3, 8.8], ∫ϰ²/L>=[28.5, 17.2, 11.8], C-C-Sep=0.19, ║∇J║=3.1e-01
-----On 8/20 Initial Guess Perturbations
Iteration 24/4500-----
J=5.0e-02, ⟨Jf⟩=3.3e-02, ⟨B·n⟩=4.3e-02, Len=sum([6.2, 5.9, 5.8])=17.8, ϰ=[15.5, 12.6, 8.8], ∫ϰ²/L>=[28.2, 18.1, 12.8], C-C-Sep=0.19, ║∇J║=3.1e-01
-----On 8/20 Initial Guess Perturbations
Iteration 25/4500-----
J=4.8e-02, ⟨Jf⟩=2.9e-02, ⟨B·n⟩=4.0e-02, Len=sum([6.4, 5.9, 5.8])=18.2, ϰ=[15.4, 12.8, 12.4], ∫ϰ²/L>=[26.5, 22.3, 19.2], C-C-Sep=0.18, ║∇J║=5.0e-01
-----On 8/20 Initial Guess Perturbations
Iteration 26/4500-----
J=4.7e-02, ⟨Jf⟩=2.7e-02, ⟨B·n⟩=3.8e-02, Len=sum([6.5, 5.9, 5.9])=18.3, ϰ=[14.3, 13.6, 12.5], ∫ϰ²/L>=[26.0, 24.2, 21.4], C-C-Sep=0.20, ║∇J║=7.5e-01
-----On 8/20 Initial Guess Perturbations
Iteration 27/4500-----
J=4.5e-02, ⟨Jf⟩=2.8e-02, ⟨B·n⟩=3.9e-02, Len=sum([6.4, 5.9, 5.8])=18.2, ϰ=[13.6, 12.0, 11.6], ∫ϰ²/L>=[25.2, 20.9, 18.2], C-C-Sep=0.20, ║∇J║=2.9e-01
-----On 8/20 Initial Guess Perturbations
Iteration 28/4500-----
J=4.4e-02, ⟨Jf⟩=2.7e-02, ⟨B·n⟩=3.8e-02, Len=sum([6.5, 5.9, 5.8])=18.3, ϰ=[12.8, 12.0, 10.9], ∫ϰ²/L>=[25.6, 21.2, 17.9], C-C-Sep=0.20, ║∇J║=2.4e-01
-----On 8/20 Initial Guess Perturbations
Iteration 29/4500-----
J=4.3e-02, ⟨Jf⟩=2.5e-02, ⟨B·n⟩=3.6e-02, Len=sum([6.6, 6.0, 5.8])=18.5, ϰ=[13.2, 11.7, 9.5], ∫ϰ²/L>=[27.5, 21.1, 16.8], C-C-Sep=0.20, ║∇J║=3.3e-01
-----On 8/20 Initial Guess Perturbations
Iteration 30/4500-----
J=4.1e-02, ⟨Jf⟩=2.3e-02, ⟨B·n⟩=3.4e-02, Len=sum([6.9, 6.0, 5.9])=18.8, ϰ=[14.3, 10.9, 9.5], ∫ϰ²/L>=[31.1, 21.6, 16.7], C-C-Sep=0.19, ║∇J║=4.1e-01
-----On 8/20 Initial Guess Perturbations
Iteration 31/4500-----
J=4.1e-02, ⟨Jf⟩=2.1e-02, ⟨B·n⟩=3.2e-02, Len=sum([7.3, 6.1, 6.0])=19.3, ϰ=[16.3, 10.7, 9.5], ∫ϰ²/L>=[34.1, 22.6, 19.3], C-C-Sep=0.19, ║∇J║=5.8e-01
-----On 8/20 Initial Guess Perturbations
Iteration 32/4500-----
J=3.9e-02, ⟨Jf⟩=2.2e-02, ⟨B·n⟩=3.3e-02, Len=sum([7.1, 6.0, 5.9])=19.0, ϰ=[15.0, 9.3, 8.7], ∫ϰ²/L>=[31.3, 19.4, 15.9], C-C-Sep=0.20, ║∇J║=2.0e-01
-----On 8/20 Initial Guess Perturbations
Iteration 33/4500-----
J=3.9e-02, ⟨Jf⟩=2.1e-02, ⟨B·n⟩=3.3e-02, Len=sum([7.2, 6.1, 5.9])=19.2, ϰ=[15.1, 9.8, 8.8], ∫ϰ²/L>=[31.1, 19.8, 16.2], C-C-Sep=0.19, ║∇J║=2.1e-01
-----On 8/20 Initial Guess Perturbations
Iteration 34/4500-----
J=3.8e-02, ⟨Jf⟩=2.0e-02, ⟨B·n⟩=3.2e-02, Len=sum([7.3, 6.1, 6.0])=19.4, ϰ=[14.7, 10.4, 8.8], ∫ϰ²/L>=[30.9, 19.5, 16.5], C-C-Sep=0.19, ║∇J║=3.5e-01
-----On 8/20 Initial Guess Perturbations
Iteration 35/4500-----
J=3.7e-02, ⟨Jf⟩=2.0e-02, ⟨B·n⟩=3.2e-02, Len=sum([7.3, 6.1, 6.0])=19.4, ϰ=[13.2, 12.0, 8.4], ∫ϰ²/L>=[30.2, 18.3, 16.3], C-C-Sep=0.19, ║∇J║=2.8e-01
-----On 8/20 Initial Guess Perturbations
Iteration 36/4500-----
J=3.7e-02, ⟨Jf⟩=1.9e-02, ⟨B·n⟩=3.1e-02, Len=sum([7.4, 6.1, 6.0])=19.5, ϰ=[12.6, 12.4, 8.8], ∫ϰ²/L>=[29.8, 18.8, 16.9], C-C-Sep=0.19, ║∇J║=2.5e-01
-----On 8/20 Initial Guess Perturbations
Iteration 37/4500-----
J=3.6e-02, ⟨Jf⟩=1.9e-02, ⟨B·n⟩=3.1e-02, Len=sum([7.5, 6.1, 6.0])=19.6, ϰ=[12.0, 12.0, 8.3], ∫ϰ²/L>=[28.9, 19.1, 16.9], C-C-Sep=0.19, ║∇J║=2.2e-01
-----On 8/20 Initial Guess Perturbations
Iteration 38/4500-----
J=3.5e-02, ⟨Jf⟩=1.8e-02, ⟨B·n⟩=3.1e-02, Len=sum([7.6, 6.1, 6.0])=19.8, ϰ=[10.9, 10.9, 8.4], ∫ϰ²/L>=[27.7, 19.8, 17.2], C-C-Sep=0.19, ║∇J║=2.2e-01
-----On 8/20 Initial Guess Perturbations
Iteration 39/4500-----
J=3.5e-02, ⟨Jf⟩=1.7e-02, ⟨B·n⟩=3.0e-02, Len=sum([7.8, 6.2, 6.1])=20.1, ϰ=[11.1, 11.0, 8.8], ∫ϰ²/L>=[26.3, 20.7, 18.2], C-C-Sep=0.19, ║∇J║=3.5e-01
-----On 8/20 Initial Guess Perturbations
Iteration 40/4500-----
J=3.4e-02, ⟨Jf⟩=1.7e-02, ⟨B·n⟩=3.0e-02, Len=sum([7.8, 6.2, 6.1])=20.0, ϰ=[11.2, 10.9, 8.7], ∫ϰ²/L>=[25.5, 20.0, 17.8], C-C-Sep=0.19, ║∇J║=1.7e-01
-----On 8/20 Initial Guess Perturbations
Iteration 41/4500-----
J=3.4e-02, ⟨Jf⟩=1.7e-02, ⟨B·n⟩=3.0e-02, Len=sum([7.8, 6.2, 6.1])=20.0, ϰ=[10.9, 11.0, 8.5], ∫ϰ²/L>=[24.9, 19.4, 17.4], C-C-Sep=0.19, ║∇J║=1.4e-01
-----On 8/20 Initial Guess Perturbations
Iteration 42/4500-----
J=3.3e-02, ⟨Jf⟩=1.6e-02, ⟨B·n⟩=3.0e-02, Len=sum([7.8, 6.2, 6.1])=20.1, ϰ=[10.4, 11.0, 8.4], ∫ϰ²/L>=[24.0, 18.6, 17.3], C-C-Sep=0.20, ║∇J║=1.8e-01
-----On 8/20 Initial Guess Perturbations
Iteration 43/4500-----
J=3.3e-02, ⟨Jf⟩=1.6e-02, ⟨B·n⟩=3.0e-02, Len=sum([7.9, 6.2, 6.1])=20.1, ϰ=[9.9, 10.8, 9.0], ∫ϰ²/L>=[22.9, 17.7, 16.9], C-C-Sep=0.20, ║∇J║=2.6e-01
-----On 8/20 Initial Guess Perturbations
Iteration 44/4500-----
J=3.2e-02, ⟨Jf⟩=1.6e-02, ⟨B·n⟩=2.9e-02, Len=sum([7.9, 6.2, 6.1])=20.1, ϰ=[9.6, 10.2, 8.3], ∫ϰ²/L>=[22.2, 17.2, 16.7], C-C-Sep=0.20, ║∇J║=1.6e-01
-----On 8/20 Initial Guess Perturbations
Iteration 45/4500-----
J=3.2e-02, ⟨Jf⟩=1.5e-02, ⟨B·n⟩=2.9e-02, Len=sum([7.9, 6.2, 6.1])=20.2, ϰ=[9.4, 10.0, 9.1], ∫ϰ²/L>=[21.5, 16.9, 16.5], C-C-Sep=0.20, ║∇J║=1.6e-01
-----On 8/20 Initial Guess Perturbations
Iteration 46/4500-----
J=3.1e-02, ⟨Jf⟩=1.5e-02, ⟨B·n⟩=2.9e-02, Len=sum([8.0, 6.2, 6.1])=20.2, ϰ=[9.5, 9.9, 10.0], ∫ϰ²/L>=[20.7, 16.3, 16.1], C-C-Sep=0.20, ║∇J║=2.1e-01
-----On 8/20 Initial Guess Perturbations
Iteration 47/4500-----
J=3.1e-02, ⟨Jf⟩=1.4e-02, ⟨B·n⟩=2.8e-02, Len=sum([8.0, 6.2, 6.1])=20.3, ϰ=[9.4, 10.2, 10.7], ∫ϰ²/L>=[20.3, 16.8, 15.6], C-C-Sep=0.20, ║∇J║=2.4e-01
-----On 8/20 Initial Guess Perturbations
Iteration 48/4500-----
J=3.1e-02, ⟨Jf⟩=1.4e-02, ⟨B·n⟩=2.8e-02, Len=sum([8.1, 6.2, 6.1])=20.3, ϰ=[8.9, 10.7, 10.2], ∫ϰ²/L>=[20.2, 16.7, 15.0], C-C-Sep=0.20, ║∇J║=1.5e-01
-----On 8/20 Initial Guess Perturbations
Iteration 49/4500-----
J=3.0e-02, ⟨Jf⟩=1.3e-02, ⟨B·n⟩=2.7e-02, Len=sum([8.1, 6.2, 6.1])=20.3, ϰ=[8.8, 10.8, 9.0], ∫ϰ²/L>=[20.1, 16.4, 14.2], C-C-Sep=0.20, ║∇J║=1.6e-01
-----On 8/20 Initial Guess Perturbations
Iteration 50/4500-----
J=3.0e-02, ⟨Jf⟩=1.3e-02, ⟨B·n⟩=2.7e-02, Len=sum([8.1, 6.2, 6.1])=20.3, ϰ=[9.3, 10.4, 8.3], ∫ϰ²/L>=[20.3, 16.3, 13.7], C-C-Sep=0.19, ║∇J║=2.0e-01
-----On 8/20 Initial Guess Perturbations
Iteration 51/4500-----
J=2.9e-02, ⟨Jf⟩=1.3e-02, ⟨B·n⟩=2.6e-02, Len=sum([8.0, 6.2, 6.1])=20.3, ϰ=[9.3, 10.4, 8.7], ∫ϰ²/L>=[19.4, 14.4, 13.2], C-C-Sep=0.20, ║∇J║=1.7e-01
-----On 8/20 Initial Guess Perturbations
Iteration 52/4500-----
J=2.9e-02, ⟨Jf⟩=1.2e-02, ⟨B·n⟩=2.6e-02, Len=sum([8.2, 6.2, 6.1])=20.5, ϰ=[9.5, 10.2, 9.0], ∫ϰ²/L>=[20.0, 15.3, 13.7], C-C-Sep=0.19, ║∇J║=2.8e-01
-----On 8/20 Initial Guess Perturbations
Iteration 53/4500-----
J=2.9e-02, ⟨Jf⟩=1.2e-02, ⟨B·n⟩=2.6e-02, Len=sum([8.1, 6.2, 6.1])=20.3, ϰ=[10.1, 9.9, 8.9], ∫ϰ²/L>=[19.8, 14.2, 13.4], C-C-Sep=0.19, ║∇J║=3.2e-01
-----On 8/20 Initial Guess Perturbations
Iteration 54/4500-----
J=2.9e-02, ⟨Jf⟩=1.2e-02, ⟨B·n⟩=2.6e-02, Len=sum([8.1, 6.2, 6.1])=20.3, ϰ=[10.1, 9.2, 8.7], ∫ϰ²/L>=[19.3, 13.6, 13.0], C-C-Sep=0.20, ║∇J║=1.5e-01
-----On 8/20 Initial Guess Perturbations
Iteration 55/4500-----
J=2.8e-02, ⟨Jf⟩=1.1e-02, ⟨B·n⟩=2.5e-02, Len=sum([8.1, 6.2, 6.1])=20.3, ϰ=[9.7, 9.1, 8.7], ∫ϰ²/L>=[19.8, 13.8, 13.3], C-C-Sep=0.19, ║∇J║=1.3e-01
-----On 8/20 Initial Guess Perturbations
Iteration 56/4500-----
J=2.8e-02, ⟨Jf⟩=1.1e-02, ⟨B·n⟩=2.5e-02, Len=sum([8.2, 6.2, 6.1])=20.5, ϰ=[9.4, 10.0, 9.1], ∫ϰ²/L>=[20.1, 14.8, 14.3], C-C-Sep=0.19, ║∇J║=1.9e-01
-----On 8/20 Initial Guess Perturbations
Iteration 57/4500-----
J=2.8e-02, ⟨Jf⟩=1.0e-02, ⟨B·n⟩=2.4e-02, Len=sum([8.1, 6.2, 6.1])=20.5, ϰ=[9.3, 10.6, 9.2], ∫ϰ²/L>=[21.3, 15.8, 14.9], C-C-Sep=0.19, ║∇J║=2.7e-01
-----On 8/20 Initial Guess Perturbations
Iteration 58/4500-----
J=2.7e-02, ⟨Jf⟩=1.0e-02, ⟨B·n⟩=2.4e-02, Len=sum([8.1, 6.2, 6.1])=20.4, ϰ=[9.6, 10.2, 9.2], ∫ϰ²/L>=[20.9, 15.5, 14.5], C-C-Sep=0.20, ║∇J║=1.7e-01
-----On 8/20 Initial Guess Perturbations
Iteration 59/4500-----
J=2.7e-02, ⟨Jf⟩=9.9e-03, ⟨B·n⟩=2.3e-02, Len=sum([8.1, 6.2, 6.1])=20.4, ϰ=[9.7, 9.2, 8.7], ∫ϰ²/L>=[20.4, 14.9, 14.0], C-C-Sep=0.20, ║∇J║=1.4e-01
-----On 8/20 Initial Guess Perturbations
Iteration 60/4500-----
J=2.6e-02, ⟨Jf⟩=9.3e-03, ⟨B·n⟩=2.3e-02, Len=sum([8.1, 6.2, 6.1])=20.4, ϰ=[10.0, 9.9, 8.0], ∫ϰ²/L>=[20.4, 14.9, 13.7], C-C-Sep=0.19, ║∇J║=2.4e-01
-----On 8/20 Initial Guess Perturbations
Iteration 61/4500-----
J=2.6e-02, ⟨Jf⟩=9.0e-03, ⟨B·n⟩=2.2e-02, Len=sum([8.0, 6.2, 6.1])=20.3, ϰ=[10.0, 10.9, 8.5], ∫ϰ²/L>=[19.8, 14.0, 13.1], C-C-Sep=0.20, ║∇J║=2.1e-01
-----On 8/20 Initial Guess Perturbations
Iteration 62/4500-----
J=2.6e-02, ⟨Jf⟩=8.5e-03, ⟨B·n⟩=2.2e-02, Len=sum([8.0, 6.2, 6.1])=20.3, ϰ=[10.0, 11.2, 8.2], ∫ϰ²/L>=[20.6, 14.9, 13.7], C-C-Sep=0.20, ║∇J║=1.8e-01
-----On 8/20 Initial Guess Perturbations
Iteration 63/4500-----
J=2.5e-02, ⟨Jf⟩=8.0e-03, ⟨B·n⟩=2.1e-02, Len=sum([8.0, 6.2, 6.2])=20.4, ϰ=[9.7, 10.8, 7.9], ∫ϰ²/L>=[20.8, 15.3, 14.3], C-C-Sep=0.20, ║∇J║=1.7e-01
-----On 8/20 Initial Guess Perturbations
Iteration 64/4500-----
J=2.5e-02, ⟨Jf⟩=7.6e-03, ⟨B·n⟩=2.0e-02, Len=sum([8.0, 6.2, 6.2])=20.4, ϰ=[9.3, 9.6, 8.0], ∫ϰ²/L>=[20.3, 15.3, 14.8], C-C-Sep=0.19, ║∇J║=3.0e-01
-----On 8/20 Initial Guess Perturbations
Iteration 65/4500-----
J=2.5e-02, ⟨Jf⟩=7.7e-03, ⟨B·n⟩=2.1e-02, Len=sum([7.9, 6.2, 6.2])=20.3, ϰ=[9.1, 9.5, 7.8], ∫ϰ²/L>=[17.9, 14.0, 13.5], C-C-Sep=0.20, ║∇J║=2.1e-01
-----On 8/20 Initial Guess Perturbations
Iteration 66/4500-----
J=2.4e-02, ⟨Jf⟩=7.3e-03, ⟨B·n⟩=2.0e-02, Len=sum([7.9, 6.2, 6.2])=20.3, ϰ=[8.1, 9.8, 7.9], ∫ϰ²/L>=[18.6, 15.2, 14.4], C-C-Sep=0.20, ║∇J║=1.6e-01
-----On 8/20 Initial Guess Perturbations
Iteration 67/4500-----
J=2.4e-02, ⟨Jf⟩=6.9e-03, ⟨B·n⟩=2.0e-02, Len=sum([7.9, 6.2, 6.2])=20.4, ϰ=[8.2, 9.7, 8.2], ∫ϰ²/L>=[18.9, 15.9, 15.1], C-C-Sep=0.20, ║∇J║=1.4e-01
-----On 8/20 Initial Guess Perturbations
Iteration 68/4500-----
J=2.3e-02, ⟨Jf⟩=6.5e-03, ⟨B·n⟩=1.9e-02, Len=sum([7.9, 6.2, 6.3])=20.3, ϰ=[8.6, 10.1, 8.6], ∫ϰ²/L>=[19.2, 16.4, 15.7], C-C-Sep=0.19, ║∇J║=1.6e-01
-----On 8/20 Initial Guess Perturbations
Iteration 69/4500-----
J=2.3e-02, ⟨Jf⟩=6.3e-03, ⟨B·n⟩=1.9e-02, Len=sum([7.8, 6.2, 6.3])=20.2, ϰ=[8.6, 9.5, 8.9], ∫ϰ²/L>=[19.4, 15.4, 15.4], C-C-Sep=0.20, ║∇J║=1.9e-01
-----On 8/20 Initial Guess Perturbations
Iteration 70/4500-----
J=2.3e-02, ⟨Jf⟩=6.2e-03, ⟨B·n⟩=1.9e-02, Len=sum([7.8, 6.2, 6.3])=20.2, ϰ=[8.4, 9.7, 8.5], ∫ϰ²/L>=[19.5, 14.7, 15.2], C-C-Sep=0.20, ║∇J║=1.2e-01
-----On 8/20 Initial Guess Perturbations
Iteration 71/4500-----
J=2.3e-02, ⟨Jf⟩=6.1e-03, ⟨B·n⟩=1.8e-02, Len=sum([7.7, 6.2, 6.3])=20.1, ϰ=[8.0, 9.7, 7.9], ∫ϰ²/L>=[19.2, 13.7, 14.6], C-C-Sep=0.20, ║∇J║=1.1e-01
-----On 8/20 Initial Guess Perturbations
Iteration 72/4500-----
J=2.2e-02, ⟨Jf⟩=6.0e-03, ⟨B·n⟩=1.8e-02, Len=sum([7.7, 6.1, 6.3])=20.1, ϰ=[8.1, 9.8, 7.5], ∫ϰ²/L>=[18.7, 13.0, 14.1], C-C-Sep=0.20, ║∇J║=1.3e-01
-----On 8/20 Initial Guess Perturbations
Iteration 73/4500-----
J=2.2e-02, ⟨Jf⟩=5.8e-03, ⟨B·n⟩=1.8e-02, Len=sum([7.7, 6.1, 6.3])=20.1, ϰ=[8.4, 9.4, 7.4], ∫ϰ²/L>=[18.8, 12.8, 14.1], C-C-Sep=0.20, ║∇J║=1.1e-01
-----On 8/20 Initial Guess Perturbations
Iteration 74/4500-----
J=2.2e-02, ⟨Jf⟩=5.8e-03, ⟨B·n⟩=1.8e-02, Len=sum([7.6, 6.1, 6.2])=20.0, ϰ=[8.6, 8.4, 7.2], ∫ϰ²/L>=[17.7, 12.2, 13.5], C-C-Sep=0.20, ║∇J║=1.2e-01
-----On 8/20 Initial Guess Perturbations
Iteration 75/4500-----
J=2.2e-02, ⟨Jf⟩=5.7e-03, ⟨B·n⟩=1.8e-02, Len=sum([7.6, 6.1, 6.3])=20.0, ϰ=[8.6, 7.6, 7.4], ∫ϰ²/L>=[17.9, 12.1, 13.4], C-C-Sep=0.20, ║∇J║=1.3e-01
-----On 8/20 Initial Guess Perturbations
Iteration 76/4500-----
J=2.2e-02, ⟨Jf⟩=5.6e-03, ⟨B·n⟩=1.8e-02, Len=sum([7.6, 6.1, 6.3])=19.9, ϰ=[8.4, 7.8, 7.3], ∫ϰ²/L>=[17.6, 11.9, 13.3], C-C-Sep=0.20, ║∇J║=1.0e-01
-----On 8/20 Initial Guess Perturbations
Iteration 77/4500-----
J=2.2e-02, ⟨Jf⟩=5.5e-03, ⟨B·n⟩=1.7e-02, Len=sum([7.5, 6.1, 6.3])=19.9, ϰ=[7.7, 7.9, 7.2], ∫ϰ²/L>=[17.1, 11.5, 13.1], C-C-Sep=0.20, ║∇J║=1.1e-01
-----On 8/20 Initial Guess Perturbations
Iteration 78/4500-----
J=2.1e-02, ⟨Jf⟩=5.2e-03, ⟨B·n⟩=1.7e-02, Len=sum([7.5, 6.1, 6.3])=19.8, ϰ=[7.0, 7.7, 7.2], ∫ϰ²/L>=[16.5, 11.5, 13.0], C-C-Sep=0.19, ║∇J║=1.5e-01
-----On 8/20 Initial Guess Perturbations
Iteration 79/4500-----
J=2.1e-02, ⟨Jf⟩=5.0e-03, ⟨B·n⟩=1.7e-02, Len=sum([7.5, 6.1, 6.3])=19.8, ϰ=[7.4, 7.2, 7.3], ∫ϰ²/L>=[16.0, 11.4, 13.1], C-C-Sep=0.20, ║∇J║=1.5e-01
-----On 8/20 Initial Guess Perturbations
Iteration 80/4500-----
J=2.1e-02, ⟨Jf⟩=4.7e-03, ⟨B·n⟩=1.6e-02, Len=sum([7.4, 6.1, 6.3])=19.8, ϰ=[7.6, 6.5, 7.7], ∫ϰ²/L>=[16.4, 11.9, 13.5], C-C-Sep=0.19, ║∇J║=1.3e-01
-----On 8/20 Initial Guess Perturbations
Iteration 81/4500-----
J=2.1e-02, ⟨Jf⟩=4.6e-03, ⟨B·n⟩=1.6e-02, Len=sum([7.4, 6.1, 6.3])=19.8, ϰ=[7.3, 6.7, 7.6], ∫ϰ²/L>=[16.1, 11.4, 13.5], C-C-Sep=0.20, ║∇J║=1.3e-01
-----On 8/20 Initial Guess Perturbations
Iteration 82/4500-----
J=2.1e-02, ⟨Jf⟩=4.5e-03, ⟨B·n⟩=1.6e-02, Len=sum([7.4, 6.1, 6.3])=19.7, ϰ=[7.8, 6.8, 7.8], ∫ϰ²/L>=[16.8, 12.1, 13.7], C-C-Sep=0.19, ║∇J║=1.5e-01
-----On 8/20 Initial Guess Perturbations
Iteration 83/4500-----
J=2.1e-02, ⟨Jf⟩=4.5e-03, ⟨B·n⟩=1.6e-02, Len=sum([7.4, 6.1, 6.3])=19.7, ϰ=[7.3, 6.6, 7.7], ∫ϰ²/L>=[16.1, 11.3, 13.3], C-C-Sep=0.20, ║∇J║=8.7e-02
-----On 8/20 Initial Guess Perturbations
Iteration 84/4500-----
J=2.0e-02, ⟨Jf⟩=4.4e-03, ⟨B·n⟩=1.6e-02, Len=sum([7.4, 6.1, 6.3])=19.8, ϰ=[7.4, 6.2, 7.9], ∫ϰ²/L>=[16.5, 11.2, 13.4], C-C-Sep=0.20, ║∇J║=9.6e-02
-----On 8/20 Initial Guess Perturbations
Iteration 85/4500-----
J=2.0e-02, ⟨Jf⟩=4.3e-03, ⟨B·n⟩=1.6e-02, Len=sum([7.3, 6.0, 6.3])=19.7, ϰ=[7.7, 5.9, 7.9], ∫ϰ²/L>=[16.4, 10.9, 13.2], C-C-Sep=0.20, ║∇J║=9.6e-02
-----On 8/20 Initial Guess Perturbations
Iteration 86/4500-----
J=2.0e-02, ⟨Jf⟩=4.1e-03, ⟨B·n⟩=1.5e-02, Len=sum([7.3, 6.0, 6.3])=19.6, ϰ=[8.5, 6.6, 8.0], ∫ϰ²/L>=[17.1, 10.9, 13.5], C-C-Sep=0.19, ║∇J║=1.8e-01
-----On 8/20 Initial Guess Perturbations
Iteration 87/4500-----
J=2.0e-02, ⟨Jf⟩=4.1e-03, ⟨B·n⟩=1.5e-02, Len=sum([7.3, 6.0, 6.3])=19.6, ϰ=[8.2, 6.9, 7.8], ∫ϰ²/L>=[16.3, 10.6, 13.5], C-C-Sep=0.20, ║∇J║=1.2e-01
-----On 8/20 Initial Guess Perturbations
Iteration 88/4500-----
J=2.0e-02, ⟨Jf⟩=4.0e-03, ⟨B·n⟩=1.5e-02, Len=sum([7.3, 6.0, 6.3])=19.6, ϰ=[8.1, 7.2, 7.9], ∫ϰ²/L>=[16.5, 10.7, 13.6], C-C-Sep=0.20, ║∇J║=8.6e-02
-----On 8/20 Initial Guess Perturbations
Iteration 89/4500-----
J=2.0e-02, ⟨Jf⟩=3.9e-03, ⟨B·n⟩=1.5e-02, Len=sum([7.3, 6.0, 6.3])=19.6, ϰ=[8.2, 7.2, 7.9], ∫ϰ²/L>=[16.7, 10.8, 13.8], C-C-Sep=0.20, ║∇J║=7.9e-02
-----On 8/20 Initial Guess Perturbations
Iteration 90/4500-----
J=2.0e-02, ⟨Jf⟩=3.7e-03, ⟨B·n⟩=1.5e-02, Len=sum([7.2, 6.0, 6.4])=19.6, ϰ=[8.4, 7.2, 7.8], ∫ϰ²/L>=[17.0, 11.3, 14.3], C-C-Sep=0.20, ║∇J║=1.1e-01
-----On 8/20 Initial Guess Perturbations
Iteration 91/4500-----
J=2.0e-02, ⟨Jf⟩=3.6e-03, ⟨B·n⟩=1.4e-02, Len=sum([7.2, 6.0, 6.4])=19.6, ϰ=[8.2, 6.9, 7.5], ∫ϰ²/L>=[16.6, 11.2, 14.4], C-C-Sep=0.19, ║∇J║=1.3e-01
-----On 8/20 Initial Guess Perturbations
Iteration 92/4500-----
J=2.0e-02, ⟨Jf⟩=3.6e-03, ⟨B·n⟩=1.4e-02, Len=sum([7.2, 6.0, 6.4])=19.5, ϰ=[8.1, 6.9, 7.4], ∫ϰ²/L>=[16.2, 11.2, 14.5], C-C-Sep=0.20, ║∇J║=7.9e-02
-----On 8/20 Initial Guess Perturbations
Iteration 93/4500-----
J=1.9e-02, ⟨Jf⟩=3.5e-03, ⟨B·n⟩=1.4e-02, Len=sum([7.1, 6.0, 6.4])=19.5, ϰ=[8.2, 6.8, 7.5], ∫ϰ²/L>=[15.8, 11.3, 14.6], C-C-Sep=0.20, ║∇J║=1.0e-01
-----On 8/20 Initial Guess Perturbations
Iteration 94/4500-----
J=1.9e-02, ⟨Jf⟩=3.4e-03, ⟨B·n⟩=1.4e-02, Len=sum([7.1, 6.0, 6.4])=19.5, ϰ=[8.0, 6.5, 7.7], ∫ϰ²/L>=[15.5, 11.0, 14.6], C-C-Sep=0.20, ║∇J║=8.6e-02
-----On 8/20 Initial Guess Perturbations
Iteration 95/4500-----
J=1.9e-02, ⟨Jf⟩=3.3e-03, ⟨B·n⟩=1.4e-02, Len=sum([7.1, 6.0, 6.4])=19.4, ϰ=[7.9, 5.9, 8.0], ∫ϰ²/L>=[15.1, 10.1, 14.5], C-C-Sep=0.20, ║∇J║=9.3e-02
-----On 8/20 Initial Guess Perturbations
Iteration 96/4500-----
J=1.9e-02, ⟨Jf⟩=3.1e-03, ⟨B·n⟩=1.3e-02, Len=sum([7.0, 6.0, 6.5])=19.5, ϰ=[7.8, 5.8, 8.3], ∫ϰ²/L>=[16.4, 10.2, 14.8], C-C-Sep=0.19, ║∇J║=1.7e-01
-----On 8/20 Initial Guess Perturbations
Iteration 97/4500-----
J=1.9e-02, ⟨Jf⟩=3.2e-03, ⟨B·n⟩=1.3e-02, Len=sum([7.0, 6.0, 6.4])=19.4, ϰ=[7.8, 5.9, 8.1], ∫ϰ²/L>=[15.5, 10.1, 14.6], C-C-Sep=0.20, ║∇J║=8.2e-02
-----On 8/20 Initial Guess Perturbations
Iteration 98/4500-----
J=1.9e-02, ⟨Jf⟩=3.1e-03, ⟨B·n⟩=1.3e-02, Len=sum([7.0, 6.0, 6.5])=19.4, ϰ=[7.7, 5.9, 8.1], ∫ϰ²/L>=[15.6, 9.6, 14.4], C-C-Sep=0.19, ║∇J║=9.0e-02
-----On 8/20 Initial Guess Perturbations
Iteration 99/4500-----
J=1.9e-02, ⟨Jf⟩=3.1e-03, ⟨B·n⟩=1.3e-02, Len=sum([7.0, 6.0, 6.4])=19.4, ϰ=[7.5, 6.5, 7.9], ∫ϰ²/L>=[14.3, 8.9, 13.9], C-C-Sep=0.20, ║∇J║=9.0e-02
-----On 8/20 Initial Guess Perturbations
Iteration 100/4500-----
J=1.9e-02, ⟨Jf⟩=3.1e-03, ⟨B·n⟩=1.3e-02, Len=sum([7.0, 5.9, 6.4])=19.4, ϰ=[7.5, 6.4, 8.0], ∫ϰ²/L>=[14.6, 9.0, 13.9], C-C-Sep=0.20, ║∇J║=9.0e-02
-----On 8/20 Initial Guess Perturbations
Iteration 101/4500-----
J=1.9e-02, ⟨Jf⟩=3.0e-03, ⟨B·n⟩=1.3e-02, Len=sum([7.0, 5.9, 6.5])=19.3, ϰ=[7.6, 6.2, 7.7], ∫ϰ²/L>=[14.5, 8.9, 13.8], C-C-Sep=0.19, ║∇J║=8.8e-02
-----On 8/20 Initial Guess Perturbations
Iteration 102/4500-----
J=1.9e-02, ⟨Jf⟩=2.9e-03, ⟨B·n⟩=1.3e-02, Len=sum([6.9, 5.9, 6.5])=19.3, ϰ=[7.5, 6.0, 7.6], ∫ϰ²/L>=[14.3, 8.8, 13.6], C-C-Sep=0.20, ║∇J║=8.1e-02
-----On 8/20 Initial Guess Perturbations
Iteration 103/4500-----
J=1.8e-02, ⟨Jf⟩=2.8e-03, ⟨B·n⟩=1.2e-02, Len=sum([6.9, 5.9, 6.5])=19.3, ϰ=[8.3, 6.2, 7.6], ∫ϰ²/L>=[14.2, 8.9, 13.4], C-C-Sep=0.20, ║∇J║=1.0e-01
-----On 8/20 Initial Guess Perturbations
Iteration 104/4500-----
J=1.8e-02, ⟨Jf⟩=2.7e-03, ⟨B·n⟩=1.2e-02, Len=sum([6.9, 5.9, 6.5])=19.3, ϰ=[9.4, 6.5, 8.2], ∫ϰ²/L>=[15.1, 9.6, 13.3], C-C-Sep=0.20, ║∇J║=1.0e-01
-----On 8/20 Initial Guess Perturbations
Iteration 105/4500-----
J=1.8e-02, ⟨Jf⟩=2.7e-03, ⟨B·n⟩=1.2e-02, Len=sum([6.8, 5.9, 6.5])=19.2, ϰ=[9.3, 6.3, 8.3], ∫ϰ²/L>=[14.6, 9.4, 13.1], C-C-Sep=0.20, ║∇J║=7.6e-02
-----On 8/20 Initial Guess Perturbations
Iteration 106/4500-----
J=1.8e-02, ⟨Jf⟩=2.6e-03, ⟨B·n⟩=1.2e-02, Len=sum([6.8, 5.9, 6.5])=19.2, ϰ=[9.1, 6.1, 8.5], ∫ϰ²/L>=[14.9, 9.3, 13.0], C-C-Sep=0.20, ║∇J║=7.0e-02
-----On 8/20 Initial Guess Perturbations
Iteration 107/4500-----
J=1.8e-02, ⟨Jf⟩=2.6e-03, ⟨B·n⟩=1.2e-02, Len=sum([6.8, 5.9, 6.5])=19.2, ϰ=[8.6, 5.9, 8.4], ∫ϰ²/L>=[14.7, 9.1, 12.9], C-C-Sep=0.20, ║∇J║=7.8e-02
-----On 8/20 Initial Guess Perturbations
Iteration 108/4500-----
J=1.8e-02, ⟨Jf⟩=2.5e-03, ⟨B·n⟩=1.1e-02, Len=sum([6.8, 5.9, 6.5])=19.2, ϰ=[8.9, 5.8, 8.5], ∫ϰ²/L>=[15.2, 9.3, 12.9], C-C-Sep=0.19, ║∇J║=6.9e-02
-----On 8/20 Initial Guess Perturbations
Iteration 109/4500-----
J=1.8e-02, ⟨Jf⟩=2.5e-03, ⟨B·n⟩=1.1e-02, Len=sum([6.8, 5.9, 6.5])=19.2, ϰ=[9.1, 5.9, 8.6], ∫ϰ²/L>=[15.2, 9.2, 12.9], C-C-Sep=0.20, ║∇J║=6.8e-02
-----On 8/20 Initial Guess Perturbations
Iteration 110/4500-----
J=1.8e-02, ⟨Jf⟩=2.4e-03, ⟨B·n⟩=1.1e-02, Len=sum([6.8, 5.9, 6.5])=19.1, ϰ=[8.7, 6.4, 8.8], ∫ϰ²/L>=[15.0, 9.2, 12.9], C-C-Sep=0.20, ║∇J║=8.2e-02
-----On 8/20 Initial Guess Perturbations
Iteration 111/4500-----
J=1.8e-02, ⟨Jf⟩=2.3e-03, ⟨B·n⟩=1.1e-02, Len=sum([6.8, 5.9, 6.5])=19.1, ϰ=[8.8, 6.5, 9.0], ∫ϰ²/L>=[15.7, 9.4, 12.9], C-C-Sep=0.20, ║∇J║=8.6e-02
-----On 8/20 Initial Guess Perturbations
Iteration 112/4500-----
J=1.8e-02, ⟨Jf⟩=2.3e-03, ⟨B·n⟩=1.1e-02, Len=sum([6.8, 5.9, 6.5])=19.1, ϰ=[8.5, 6.7, 9.1], ∫ϰ²/L>=[14.9, 9.0, 12.8], C-C-Sep=0.20, ║∇J║=6.0e-02
-----On 8/20 Initial Guess Perturbations
Iteration 113/4500-----
J=1.8e-02, ⟨Jf⟩=2.3e-03, ⟨B·n⟩=1.1e-02, Len=sum([6.7, 5.9, 6.5])=19.1, ϰ=[8.8, 7.0, 9.1], ∫ϰ²/L>=[14.9, 9.0, 12.8], C-C-Sep=0.20, ║∇J║=5.7e-02
-----On 8/20 Initial Guess Perturbations
Iteration 114/4500-----
J=1.8e-02, ⟨Jf⟩=2.3e-03, ⟨B·n⟩=1.1e-02, Len=sum([6.7, 5.9, 6.5])=19.1, ϰ=[8.6, 7.4, 9.0], ∫ϰ²/L>=[14.6, 8.9, 12.7], C-C-Sep=0.20, ║∇J║=5.4e-02
-----On 8/20 Initial Guess Perturbations
Iteration 115/4500-----
J=1.8e-02, ⟨Jf⟩=2.2e-03, ⟨B·n⟩=1.1e-02, Len=sum([6.7, 5.9, 6.4])=19.0, ϰ=[8.3, 7.9, 9.0], ∫ϰ²/L>=[14.3, 9.3, 12.9], C-C-Sep=0.20, ║∇J║=7.5e-02
-----On 8/20 Initial Guess Perturbations
Iteration 116/4500-----
J=1.8e-02, ⟨Jf⟩=2.2e-03, ⟨B·n⟩=1.0e-02, Len=sum([6.7, 5.9, 6.4])=19.0, ϰ=[8.2, 7.9, 9.0], ∫ϰ²/L>=[13.7, 9.5, 12.9], C-C-Sep=0.20, ║∇J║=6.3e-02
-----On 8/20 Initial Guess Perturbations
Iteration 117/4500-----
J=1.7e-02, ⟨Jf⟩=2.2e-03, ⟨B·n⟩=1.0e-02, Len=sum([6.7, 5.9, 6.4])=19.0, ϰ=[8.1, 7.5, 9.2], ∫ϰ²/L>=[13.0, 9.4, 12.9], C-C-Sep=0.20, ║∇J║=5.9e-02
-----On 8/20 Initial Guess Perturbations
Iteration 118/4500-----
J=1.7e-02, ⟨Jf⟩=2.1e-03, ⟨B·n⟩=1.0e-02, Len=sum([6.6, 5.9, 6.4])=18.9, ϰ=[8.0, 7.2, 9.6], ∫ϰ²/L>=[12.5, 9.6, 12.8], C-C-Sep=0.20, ║∇J║=6.6e-02
-----On 8/20 Initial Guess Perturbations
Iteration 119/4500-----
J=1.7e-02, ⟨Jf⟩=2.1e-03, ⟨B·n⟩=1.0e-02, Len=sum([6.6, 5.8, 6.4])=18.9, ϰ=[8.0, 6.8, 9.9], ∫ϰ²/L>=[11.9, 9.5, 12.7], C-C-Sep=0.20, ║∇J║=6.9e-02
-----On 8/20 Initial Guess Perturbations
Iteration 120/4500-----
J=1.7e-02, ⟨Jf⟩=2.1e-03, ⟨B·n⟩=1.0e-02, Len=sum([6.6, 5.8, 6.4])=18.8, ϰ=[8.0, 6.8, 9.9], ∫ϰ²/L>=[11.8, 9.4, 12.7], C-C-Sep=0.20, ║∇J║=6.2e-02
-----On 8/20 Initial Guess Perturbations
Iteration 121/4500-----
J=1.7e-02, ⟨Jf⟩=2.1e-03, ⟨B·n⟩=9.9e-03, Len=sum([6.6, 5.8, 6.4])=18.8, ϰ=[8.2, 7.0, 9.7], ∫ϰ²/L>=[11.5, 9.1, 12.6], C-C-Sep=0.20, ║∇J║=6.8e-02
-----On 8/20 Initial Guess Perturbations
Iteration 122/4500-----
J=1.7e-02, ⟨Jf⟩=2.1e-03, ⟨B·n⟩=9.8e-03, Len=sum([6.5, 5.8, 6.4])=18.7, ϰ=[8.5, 6.9, 9.5], ∫ϰ²/L>=[11.6, 9.0, 12.7], C-C-Sep=0.19, ║∇J║=6.2e-02
-----On 8/20 Initial Guess Perturbations
Iteration 123/4500-----
J=1.7e-02, ⟨Jf⟩=2.0e-03, ⟨B·n⟩=9.8e-03, Len=sum([6.5, 5.8, 6.4])=18.7, ϰ=[8.5, 6.9, 9.6], ∫ϰ²/L>=[11.4, 8.9, 12.7], C-C-Sep=0.20, ║∇J║=4.7e-02
-----On 8/20 Initial Guess Perturbations
Iteration 124/4500-----
J=1.7e-02, ⟨Jf⟩=2.0e-03, ⟨B·n⟩=9.7e-03, Len=sum([6.5, 5.8, 6.4])=18.7, ϰ=[8.8, 6.5, 9.9], ∫ϰ²/L>=[11.3, 9.1, 13.1], C-C-Sep=0.19, ║∇J║=5.7e-02
-----On 8/20 Initial Guess Perturbations
Iteration 125/4500-----
J=1.7e-02, ⟨Jf⟩=2.0e-03, ⟨B·n⟩=9.6e-03, Len=sum([6.5, 5.8, 6.4])=18.6, ϰ=[8.8, 6.4, 10.3], ∫ϰ²/L>=[11.1, 9.1, 13.2], C-C-Sep=0.20, ║∇J║=8.0e-02
-----On 8/20 Initial Guess Perturbations
Iteration 126/4500-----
J=1.7e-02, ⟨Jf⟩=2.0e-03, ⟨B·n⟩=9.6e-03, Len=sum([6.5, 5.8, 6.3])=18.6, ϰ=[8.8, 6.3, 10.6], ∫ϰ²/L>=[11.3, 9.2, 13.4], C-C-Sep=0.20, ║∇J║=5.4e-02
-----On 8/20 Initial Guess Perturbations
Iteration 127/4500-----
J=1.7e-02, ⟨Jf⟩=2.0e-03, ⟨B·n⟩=9.5e-03, Len=sum([6.5, 5.8, 6.3])=18.6, ϰ=[8.7, 6.1, 10.9], ∫ϰ²/L>=[11.4, 9.3, 13.5], C-C-Sep=0.20, ║∇J║=5.1e-02
-----On 8/20 Initial Guess Perturbations
Iteration 128/4500-----
J=1.7e-02, ⟨Jf⟩=2.0e-03, ⟨B·n⟩=9.5e-03, Len=sum([6.4, 5.7, 6.3])=18.5, ϰ=[8.8, 6.3, 11.2], ∫ϰ²/L>=[11.5, 9.3, 13.6], C-C-Sep=0.20, ║∇J║=5.5e-02
-----On 8/20 Initial Guess Perturbations
Iteration 129/4500-----
J=1.7e-02, ⟨Jf⟩=1.9e-03, ⟨B·n⟩=9.4e-03, Len=sum([6.4, 5.7, 6.3])=18.4, ϰ=[8.5, 6.9, 11.3], ∫ϰ²/L>=[11.4, 9.4, 13.6], C-C-Sep=0.20, ║∇J║=7.1e-02
-----On 8/20 Initial Guess Perturbations
Iteration 130/4500-----
J=1.7e-02, ⟨Jf⟩=1.9e-03, ⟨B·n⟩=9.3e-03, Len=sum([6.4, 5.7, 6.3])=18.4, ϰ=[8.6, 7.2, 11.0], ∫ϰ²/L>=[11.8, 9.8, 13.7], C-C-Sep=0.20, ║∇J║=6.7e-02
-----On 8/20 Initial Guess Perturbations
Iteration 131/4500-----
J=1.7e-02, ⟨Jf⟩=1.9e-03, ⟨B·n⟩=9.3e-03, Len=sum([6.4, 5.7, 6.3])=18.4, ϰ=[8.5, 7.2, 10.7], ∫ϰ²/L>=[11.4, 9.2, 13.2], C-C-Sep=0.20, ║∇J║=5.4e-02
-----On 8/20 Initial Guess Perturbations
Iteration 132/4500-----
J=1.7e-02, ⟨Jf⟩=1.9e-03, ⟨B·n⟩=9.2e-03, Len=sum([6.4, 5.7, 6.2])=18.3, ϰ=[9.0, 7.4, 10.4], ∫ϰ²/L>=[11.8, 9.2, 13.3], C-C-Sep=0.19, ║∇J║=7.9e-02
-----On 8/20 Initial Guess Perturbations
Iteration 133/4500-----
J=1.7e-02, ⟨Jf⟩=1.9e-03, ⟨B·n⟩=9.2e-03, Len=sum([6.4, 5.7, 6.2])=18.3, ϰ=[9.1, 7.4, 10.2], ∫ϰ²/L>=[11.4, 8.9, 12.9], C-C-Sep=0.20, ║∇J║=5.5e-02
-----On 8/20 Initial Guess Perturbations
Iteration 134/4500-----
J=1.7e-02, ⟨Jf⟩=1.9e-03, ⟨B·n⟩=9.2e-03, Len=sum([6.4, 5.7, 6.2])=18.3, ϰ=[8.9, 7.5, 10.4], ∫ϰ²/L>=[11.6, 9.1, 12.8], C-C-Sep=0.20, ║∇J║=5.1e-02
-----On 8/20 Initial Guess Perturbations
Iteration 135/4500-----
J=1.7e-02, ⟨Jf⟩=1.8e-03, ⟨B·n⟩=9.1e-03, Len=sum([6.3, 5.7, 6.2])=18.2, ϰ=[8.7, 7.6, 10.7], ∫ϰ²/L>=[12.0, 9.4, 12.7], C-C-Sep=0.20, ║∇J║=5.7e-02
-----On 8/20 Initial Guess Perturbations
Iteration 136/4500-----
J=1.6e-02, ⟨Jf⟩=1.8e-03, ⟨B·n⟩=9.0e-03, Len=sum([6.3, 5.6, 6.2])=18.1, ϰ=[8.7, 7.5, 10.9], ∫ϰ²/L>=[12.2, 9.9, 12.5], C-C-Sep=0.19, ║∇J║=8.4e-02
-----On 8/20 Initial Guess Perturbations
Iteration 137/4500-----
J=1.6e-02, ⟨Jf⟩=1.8e-03, ⟨B·n⟩=9.0e-03, Len=sum([6.3, 5.6, 6.1])=18.1, ϰ=[8.7, 7.8, 11.0], ∫ϰ²/L>=[12.5, 10.5, 12.5], C-C-Sep=0.19, ║∇J║=6.1e-02
-----On 8/20 Initial Guess Perturbations
Iteration 138/4500-----
J=1.6e-02, ⟨Jf⟩=1.8e-03, ⟨B·n⟩=8.9e-03, Len=sum([6.3, 5.6, 6.1])=18.0, ϰ=[8.8, 8.2, 10.7], ∫ϰ²/L>=[11.8, 10.5, 12.1], C-C-Sep=0.20, ║∇J║=7.6e-02
-----On 8/20 Initial Guess Perturbations
Iteration 139/4500-----
J=1.6e-02, ⟨Jf⟩=1.8e-03, ⟨B·n⟩=8.9e-03, Len=sum([6.3, 5.6, 6.1])=18.0, ϰ=[9.1, 8.5, 10.3], ∫ϰ²/L>=[12.3, 11.3, 12.1], C-C-Sep=0.20, ║∇J║=5.7e-02
-----On 8/20 Initial Guess Perturbations
Iteration 140/4500-----
J=1.6e-02, ⟨Jf⟩=1.8e-03, ⟨B·n⟩=8.9e-03, Len=sum([6.3, 5.6, 6.1])=17.9, ϰ=[9.0, 8.5, 10.2], ∫ϰ²/L>=[12.0, 11.2, 12.0], C-C-Sep=0.20, ║∇J║=5.1e-02
-----On 8/20 Initial Guess Perturbations
Iteration 141/4500-----
J=1.6e-02, ⟨Jf⟩=1.8e-03, ⟨B·n⟩=8.8e-03, Len=sum([6.2, 5.6, 6.0])=17.8, ϰ=[8.7, 8.3, 9.7], ∫ϰ²/L>=[12.2, 11.9, 11.8], C-C-Sep=0.20, ║∇J║=7.8e-02
-----On 8/20 Initial Guess Perturbations
Iteration 142/4500-----
J=1.6e-02, ⟨Jf⟩=1.7e-03, ⟨B·n⟩=8.8e-03, Len=sum([6.2, 5.6, 6.0])=17.8, ϰ=[8.5, 8.7, 9.7], ∫ϰ²/L>=[12.1, 11.7, 11.5], C-C-Sep=0.20, ║∇J║=8.7e-02
-----On 8/20 Initial Guess Perturbations
Iteration 143/4500-----
J=1.6e-02, ⟨Jf⟩=1.7e-03, ⟨B·n⟩=8.8e-03, Len=sum([6.2, 5.6, 6.0])=17.8, ϰ=[8.5, 8.3, 9.9], ∫ϰ²/L>=[12.0, 11.5, 11.4], C-C-Sep=0.20, ║∇J║=6.0e-02
-----On 8/20 Initial Guess Perturbations
Iteration 144/4500-----
J=1.6e-02, ⟨Jf⟩=1.7e-03, ⟨B·n⟩=8.8e-03, Len=sum([6.2, 5.6, 6.0])=17.7, ϰ=[8.5, 8.5, 9.8], ∫ϰ²/L>=[12.4, 11.8, 11.2], C-C-Sep=0.20, ║∇J║=5.4e-02
-----On 8/20 Initial Guess Perturbations
Iteration 145/4500-----
J=1.6e-02, ⟨Jf⟩=1.7e-03, ⟨B·n⟩=8.8e-03, Len=sum([6.2, 5.5, 5.9])=17.7, ϰ=[8.2, 8.7, 10.1], ∫ϰ²/L>=[12.2, 11.6, 11.0], C-C-Sep=0.20, ║∇J║=6.6e-02
-----On 8/20 Initial Guess Perturbations
Iteration 146/4500-----
J=1.6e-02, ⟨Jf⟩=1.7e-03, ⟨B·n⟩=8.7e-03, Len=sum([6.2, 5.5, 5.9])=17.6, ϰ=[8.1, 9.2, 10.0], ∫ϰ²/L>=[12.7, 12.0, 11.1], C-C-Sep=0.20, ║∇J║=7.5e-02
-----On 8/20 Initial Guess Perturbations
Iteration 147/4500-----
J=1.6e-02, ⟨Jf⟩=1.7e-03, ⟨B·n⟩=8.7e-03, Len=sum([6.2, 5.5, 5.9])=17.6, ϰ=[8.3, 8.8, 9.8], ∫ϰ²/L>=[12.4, 11.9, 10.9], C-C-Sep=0.20, ║∇J║=7.0e-02
-----On 8/20 Initial Guess Perturbations
Iteration 148/4500-----
J=1.6e-02, ⟨Jf⟩=1.7e-03, ⟨B·n⟩=8.7e-03, Len=sum([6.1, 5.5, 5.9])=17.5, ϰ=[8.4, 8.7, 9.7], ∫ϰ²/L>=[11.9, 11.4, 10.7], C-C-Sep=0.20, ║∇J║=6.4e-02
-----On 8/20 Initial Guess Perturbations
Iteration 149/4500-----
J=1.6e-02, ⟨Jf⟩=1.7e-03, ⟨B·n⟩=8.7e-03, Len=sum([6.1, 5.5, 5.8])=17.4, ϰ=[8.6, 8.3, 9.5], ∫ϰ²/L>=[12.0, 11.6, 10.9], C-C-Sep=0.20, ║∇J║=6.8e-02
-----On 8/20 Initial Guess Perturbations
Iteration 150/4500-----
J=1.6e-02, ⟨Jf⟩=1.6e-03, ⟨B·n⟩=8.7e-03, Len=sum([6.1, 5.5, 5.8])=17.4, ϰ=[8.9, 8.0, 9.5], ∫ϰ²/L>=[11.7, 11.5, 10.9], C-C-Sep=0.20, ║∇J║=5.5e-02
-----On 8/20 Initial Guess Perturbations
Iteration 151/4500-----
J=1.6e-02, ⟨Jf⟩=1.6e-03, ⟨B·n⟩=8.7e-03, Len=sum([6.1, 5.5, 5.8])=17.3, ϰ=[9.1, 7.9, 9.4], ∫ϰ²/L>=[12.2, 11.5, 11.3], C-C-Sep=0.20, ║∇J║=7.1e-02
-----On 8/20 Initial Guess Perturbations
Iteration 152/4500-----
J=1.6e-02, ⟨Jf⟩=1.6e-03, ⟨B·n⟩=8.6e-03, Len=sum([6.1, 5.4, 5.8])=17.3, ϰ=[9.0, 8.0, 9.1], ∫ϰ²/L>=[11.2, 10.0, 10.3], C-C-Sep=0.20, ║∇J║=1.3e-01
-----On 8/20 Initial Guess Perturbations
Iteration 153/4500-----
J=1.6e-02, ⟨Jf⟩=1.6e-03, ⟨B·n⟩=8.6e-03, Len=sum([6.1, 5.4, 5.8])=17.3, ϰ=[9.0, 7.9, 8.9], ∫ϰ²/L>=[11.3, 10.0, 10.6], C-C-Sep=0.20, ║∇J║=6.8e-02
-----On 8/20 Initial Guess Perturbations
Iteration 154/4500-----
J=1.5e-02, ⟨Jf⟩=1.6e-03, ⟨B·n⟩=8.7e-03, Len=sum([6.0, 5.4, 5.7])=17.2, ϰ=[9.0, 8.1, 8.8], ∫ϰ²/L>=[11.5, 9.9, 10.7], C-C-Sep=0.20, ║∇J║=4.7e-02
-----On 8/20 Initial Guess Perturbations
Iteration 155/4500-----
J=1.5e-02, ⟨Jf⟩=1.6e-03, ⟨B·n⟩=8.7e-03, Len=sum([6.0, 5.4, 5.7])=17.2, ϰ=[9.1, 8.3, 8.3], ∫ϰ²/L>=[11.4, 9.7, 10.7], C-C-Sep=0.20, ║∇J║=5.2e-02
-----On 8/20 Initial Guess Perturbations
Iteration 156/4500-----
J=1.5e-02, ⟨Jf⟩=1.5e-03, ⟨B·n⟩=8.6e-03, Len=sum([6.0, 5.4, 5.7])=17.1, ϰ=[9.1, 8.2, 7.5], ∫ϰ²/L>=[11.2, 9.8, 10.5], C-C-Sep=0.20, ║∇J║=6.8e-02
-----On 8/20 Initial Guess Perturbations
Iteration 157/4500-----
J=1.5e-02, ⟨Jf⟩=1.5e-03, ⟨B·n⟩=8.6e-03, Len=sum([6.0, 5.4, 5.7])=17.0, ϰ=[9.1, 7.7, 7.6], ∫ϰ²/L>=[11.0, 10.4, 10.4], C-C-Sep=0.20, ║∇J║=7.7e-02
-----On 8/20 Initial Guess Perturbations
Iteration 158/4500-----
J=1.5e-02, ⟨Jf⟩=1.5e-03, ⟨B·n⟩=8.6e-03, Len=sum([6.0, 5.4, 5.7])=17.0, ϰ=[9.0, 7.5, 7.7], ∫ϰ²/L>=[10.6, 9.7, 9.9], C-C-Sep=0.20, ║∇J║=4.8e-02
-----On 8/20 Initial Guess Perturbations
Iteration 159/4500-----
J=1.5e-02, ⟨Jf⟩=1.5e-03, ⟨B·n⟩=8.6e-03, Len=sum([6.0, 5.4, 5.7])=17.0, ϰ=[8.8, 7.0, 8.3], ∫ϰ²/L>=[10.7, 9.5, 9.9], C-C-Sep=0.20, ║∇J║=6.0e-02
-----On 8/20 Initial Guess Perturbations
Iteration 160/4500-----
J=1.5e-02, ⟨Jf⟩=1.5e-03, ⟨B·n⟩=8.5e-03, Len=sum([6.0, 5.4, 5.6])=17.0, ϰ=[8.8, 6.9, 8.1], ∫ϰ²/L>=[10.1, 8.9, 9.1], C-C-Sep=0.20, ║∇J║=6.7e-02
-----On 8/20 Initial Guess Perturbations
Iteration 161/4500-----
J=1.5e-02, ⟨Jf⟩=1.5e-03, ⟨B·n⟩=8.5e-03, Len=sum([5.9, 5.4, 5.6])=16.9, ϰ=[8.8, 7.3, 8.0], ∫ϰ²/L>=[10.3, 9.1, 9.4], C-C-Sep=0.20, ║∇J║=6.5e-02
-----On 8/20 Initial Guess Perturbations
Iteration 162/4500-----
J=1.5e-02, ⟨Jf⟩=1.5e-03, ⟨B·n⟩=8.5e-03, Len=sum([5.9, 5.4, 5.6])=16.9, ϰ=[8.8, 7.2, 7.9], ∫ϰ²/L>=[10.3, 8.9, 9.4], C-C-Sep=0.20, ║∇J║=5.5e-02
-----On 8/20 Initial Guess Perturbations
Iteration 163/4500-----
J=1.5e-02, ⟨Jf⟩=1.5e-03, ⟨B·n⟩=8.4e-03, Len=sum([5.9, 5.4, 5.6])=16.9, ϰ=[8.9, 7.2, 7.7], ∫ϰ²/L>=[10.4, 8.6, 9.4], C-C-Sep=0.20, ║∇J║=4.8e-02
-----On 8/20 Initial Guess Perturbations
Iteration 164/4500-----
J=1.5e-02, ⟨Jf⟩=1.5e-03, ⟨B·n⟩=8.4e-03, Len=sum([5.9, 5.4, 5.6])=16.8, ϰ=[9.0, 6.9, 7.4], ∫ϰ²/L>=[10.1, 7.8, 9.0], C-C-Sep=0.20, ║∇J║=4.9e-02
-----On 8/20 Initial Guess Perturbations
Iteration 165/4500-----
J=1.5e-02, ⟨Jf⟩=1.4e-03, ⟨B·n⟩=8.4e-03, Len=sum([5.9, 5.3, 5.6])=16.8, ϰ=[9.1, 6.9, 7.3], ∫ϰ²/L>=[10.3, 8.1, 9.1], C-C-Sep=0.19, ║∇J║=7.1e-02
-----On 8/20 Initial Guess Perturbations
Iteration 166/4500-----
J=1.5e-02, ⟨Jf⟩=1.4e-03, ⟨B·n⟩=8.4e-03, Len=sum([5.9, 5.3, 5.6])=16.8, ϰ=[9.2, 6.5, 7.6], ∫ϰ²/L>=[9.8, 7.8, 8.7], C-C-Sep=0.20, ║∇J║=8.4e-02
-----On 8/20 Initial Guess Perturbations
Iteration 167/4500-----
J=1.5e-02, ⟨Jf⟩=1.4e-03, ⟨B·n⟩=8.4e-03, Len=sum([5.9, 5.3, 5.5])=16.8, ϰ=[8.7, 6.6, 7.5], ∫ϰ²/L>=[9.5, 7.6, 8.8], C-C-Sep=0.20, ║∇J║=5.5e-02
-----On 8/20 Initial Guess Perturbations
Iteration 168/4500-----
J=1.5e-02, ⟨Jf⟩=1.4e-03, ⟨B·n⟩=8.4e-03, Len=sum([5.9, 5.3, 5.5])=16.7, ϰ=[8.5, 6.6, 7.5], ∫ϰ²/L>=[9.5, 7.7, 9.1], C-C-Sep=0.20, ║∇J║=3.9e-02
-----On 8/20 Initial Guess Perturbations
Iteration 169/4500-----
J=1.5e-02, ⟨Jf⟩=1.4e-03, ⟨B·n⟩=8.4e-03, Len=sum([5.9, 5.3, 5.5])=16.7, ϰ=[8.2, 6.8, 7.6], ∫ϰ²/L>=[9.4, 8.1, 9.3], C-C-Sep=0.19, ║∇J║=4.6e-02
-----On 8/20 Initial Guess Perturbations
Iteration 170/4500-----
J=1.5e-02, ⟨Jf⟩=1.4e-03, ⟨B·n⟩=8.4e-03, Len=sum([5.8, 5.3, 5.5])=16.6, ϰ=[7.9, 6.9, 7.9], ∫ϰ²/L>=[9.1, 8.3, 9.5], C-C-Sep=0.20, ║∇J║=4.9e-02
-----On 8/20 Initial Guess Perturbations
Iteration 171/4500-----
J=1.5e-02, ⟨Jf⟩=1.4e-03, ⟨B·n⟩=8.4e-03, Len=sum([5.8, 5.3, 5.5])=16.6, ϰ=[7.5, 6.8, 7.8], ∫ϰ²/L>=[9.1, 8.6, 9.7], C-C-Sep=0.20, ║∇J║=4.9e-02
-----On 8/20 Initial Guess Perturbations
Iteration 172/4500-----
J=1.5e-02, ⟨Jf⟩=1.4e-03, ⟨B·n⟩=8.4e-03, Len=sum([5.8, 5.3, 5.5])=16.6, ϰ=[7.3, 6.8, 7.8], ∫ϰ²/L>=[8.9, 8.3, 9.3], C-C-Sep=0.20, ║∇J║=4.6e-02
-----On 8/20 Initial Guess Perturbations
Iteration 173/4500-----
J=1.5e-02, ⟨Jf⟩=1.4e-03, ⟨B·n⟩=8.4e-03, Len=sum([5.8, 5.3, 5.4])=16.5, ϰ=[7.5, 6.9, 7.7], ∫ϰ²/L>=[9.0, 8.4, 9.1], C-C-Sep=0.20, ║∇J║=5.3e-02
-----On 8/20 Initial Guess Perturbations
Iteration 174/4500-----
J=1.5e-02, ⟨Jf⟩=1.4e-03, ⟨B·n⟩=8.3e-03, Len=sum([5.8, 5.3, 5.4])=16.5, ϰ=[7.7, 7.0, 7.3], ∫ϰ²/L>=[9.0, 8.3, 8.7], C-C-Sep=0.20, ║∇J║=4.1e-02
-----On 8/20 Initial Guess Perturbations
Iteration 175/4500-----
J=1.5e-02, ⟨Jf⟩=1.4e-03, ⟨B·n⟩=8.3e-03, Len=sum([5.8, 5.3, 5.4])=16.5, ϰ=[7.9, 7.1, 7.1], ∫ϰ²/L>=[9.0, 8.3, 8.5], C-C-Sep=0.20, ║∇J║=3.7e-02
-----On 8/20 Initial Guess Perturbations
Iteration 176/4500-----
J=1.5e-02, ⟨Jf⟩=1.4e-03, ⟨B·n⟩=8.3e-03, Len=sum([5.8, 5.3, 5.4])=16.4, ϰ=[7.9, 7.0, 7.2], ∫ϰ²/L>=[9.0, 8.5, 8.6], C-C-Sep=0.20, ║∇J║=4.4e-02
-----On 8/20 Initial Guess Perturbations
Iteration 177/4500-----
J=1.5e-02, ⟨Jf⟩=1.4e-03, ⟨B·n⟩=8.2e-03, Len=sum([5.7, 5.3, 5.4])=16.4, ϰ=[7.9, 6.7, 7.3], ∫ϰ²/L>=[8.7, 8.2, 8.5], C-C-Sep=0.20, ║∇J║=5.3e-02
-----On 8/20 Initial Guess Perturbations
Iteration 178/4500-----
J=1.5e-02, ⟨Jf⟩=1.4e-03, ⟨B·n⟩=8.2e-03, Len=sum([5.7, 5.3, 5.4])=16.4, ϰ=[7.6, 6.7, 7.2], ∫ϰ²/L>=[8.6, 8.2, 8.6], C-C-Sep=0.20, ║∇J║=4.5e-02
-----On 8/20 Initial Guess Perturbations
Iteration 179/4500-----
J=1.5e-02, ⟨Jf⟩=1.4e-03, ⟨B·n⟩=8.2e-03, Len=sum([5.7, 5.3, 5.4])=16.3, ϰ=[7.1, 7.0, 7.2], ∫ϰ²/L>=[8.5, 8.2, 8.7], C-C-Sep=0.20, ║∇J║=3.8e-02
-----On 8/20 Initial Guess Perturbations
Iteration 180/4500-----
J=1.4e-02, ⟨Jf⟩=1.4e-03, ⟨B·n⟩=8.2e-03, Len=sum([5.7, 5.3, 5.3])=16.3, ϰ=[7.1, 7.2, 7.4], ∫ϰ²/L>=[8.5, 8.5, 8.8], C-C-Sep=0.20, ║∇J║=4.4e-02
-----On 8/20 Initial Guess Perturbations
Iteration 181/4500-----
J=1.4e-02, ⟨Jf⟩=1.3e-03, ⟨B·n⟩=8.2e-03, Len=sum([5.7, 5.3, 5.3])=16.3, ϰ=[7.1, 7.3, 7.5], ∫ϰ²/L>=[8.5, 8.6, 9.0], C-C-Sep=0.20, ║∇J║=4.3e-02
-----On 8/20 Initial Guess Perturbations
Iteration 182/4500-----
J=1.4e-02, ⟨Jf⟩=1.3e-03, ⟨B·n⟩=8.2e-03, Len=sum([5.7, 5.2, 5.3])=16.2, ϰ=[7.0, 7.2, 7.5], ∫ϰ²/L>=[8.9, 9.1, 9.3], C-C-Sep=0.20, ║∇J║=5.4e-02
-----On 8/20 Initial Guess Perturbations
Iteration 183/4500-----
J=1.4e-02, ⟨Jf⟩=1.3e-03, ⟨B·n⟩=8.2e-03, Len=sum([5.7, 5.2, 5.3])=16.2, ϰ=[7.1, 6.9, 7.3], ∫ϰ²/L>=[8.6, 9.2, 9.2], C-C-Sep=0.19, ║∇J║=5.5e-02
-----On 8/20 Initial Guess Perturbations
Iteration 184/4500-----
J=1.4e-02, ⟨Jf⟩=1.3e-03, ⟨B·n⟩=8.2e-03, Len=sum([5.6, 5.2, 5.3])=16.2, ϰ=[7.2, 6.7, 7.7], ∫ϰ²/L>=[8.5, 9.0, 9.1], C-C-Sep=0.20, ║∇J║=5.5e-02
-----On 8/20 Initial Guess Perturbations
Iteration 185/4500-----
J=1.4e-02, ⟨Jf⟩=1.3e-03, ⟨B·n⟩=8.1e-03, Len=sum([5.6, 5.2, 5.3])=16.1, ϰ=[7.0, 6.5, 7.6], ∫ϰ²/L>=[8.6, 9.0, 9.2], C-C-Sep=0.20, ║∇J║=4.7e-02
-----On 8/20 Initial Guess Perturbations
Iteration 186/4500-----
J=1.4e-02, ⟨Jf⟩=1.3e-03, ⟨B·n⟩=8.1e-03, Len=sum([5.6, 5.2, 5.2])=16.1, ϰ=[6.8, 6.6, 7.3], ∫ϰ²/L>=[8.9, 9.0, 9.5], C-C-Sep=0.20, ║∇J║=4.5e-02
-----On 8/20 Initial Guess Perturbations
Iteration 187/4500-----
J=1.4e-02, ⟨Jf⟩=1.3e-03, ⟨B·n⟩=8.1e-03, Len=sum([5.6, 5.2, 5.2])=16.0, ϰ=[6.5, 6.6, 7.1], ∫ϰ²/L>=[9.6, 9.1, 9.9], C-C-Sep=0.20, ║∇J║=5.3e-02
-----On 8/20 Initial Guess Perturbations
Iteration 188/4500-----
J=1.4e-02, ⟨Jf⟩=1.3e-03, ⟨B·n⟩=8.1e-03, Len=sum([5.6, 5.2, 5.2])=16.0, ϰ=[6.7, 6.6, 6.9], ∫ϰ²/L>=[9.6, 8.9, 9.9], C-C-Sep=0.20, ║∇J║=5.4e-02
-----On 8/20 Initial Guess Perturbations
Iteration 189/4500-----
J=1.4e-02, ⟨Jf⟩=1.3e-03, ⟨B·n⟩=8.1e-03, Len=sum([5.5, 5.2, 5.2])=15.9, ϰ=[6.8, 6.8, 6.9], ∫ϰ²/L>=[9.5, 8.8, 9.5], C-C-Sep=0.20, ║∇J║=4.1e-02
-----On 8/20 Initial Guess Perturbations
Iteration 190/4500-----
J=1.4e-02, ⟨Jf⟩=1.3e-03, ⟨B·n⟩=8.1e-03, Len=sum([5.5, 5.2, 5.2])=15.9, ϰ=[7.0, 6.8, 7.0], ∫ϰ²/L>=[9.3, 8.8, 9.2], C-C-Sep=0.20, ║∇J║=4.7e-02
-----On 8/20 Initial Guess Perturbations
Iteration 191/4500-----
J=1.4e-02, ⟨Jf⟩=1.3e-03, ⟨B·n⟩=8.1e-03, Len=sum([5.5, 5.2, 5.2])=15.8, ϰ=[6.8, 6.4, 7.0], ∫ϰ²/L>=[9.2, 8.9, 8.9], C-C-Sep=0.20, ║∇J║=5.5e-02
-----On 8/20 Initial Guess Perturbations
Iteration 192/4500-----
J=1.4e-02, ⟨Jf⟩=1.3e-03, ⟨B·n⟩=8.2e-03, Len=sum([5.5, 5.2, 5.1])=15.8, ϰ=[6.6, 6.3, 7.2], ∫ϰ²/L>=[9.3, 9.3, 9.1], C-C-Sep=0.20, ║∇J║=4.9e-02
-----On 8/20 Initial Guess Perturbations
Iteration 193/4500-----
J=1.4e-02, ⟨Jf⟩=1.3e-03, ⟨B·n⟩=8.1e-03, Len=sum([5.4, 5.1, 5.1])=15.7, ϰ=[5.7, 6.4, 7.2], ∫ϰ²/L>=[9.3, 9.7, 9.4], C-C-Sep=0.20, ║∇J║=5.5e-02
-----On 8/20 Initial Guess Perturbations
Iteration 194/4500-----
J=1.4e-02, ⟨Jf⟩=1.3e-03, ⟨B·n⟩=8.1e-03, Len=sum([5.4, 5.1, 5.1])=15.7, ϰ=[5.7, 6.4, 7.0], ∫ϰ²/L>=[9.3, 9.4, 9.4], C-C-Sep=0.20, ║∇J║=4.9e-02
-----On 8/20 Initial Guess Perturbations
Iteration 195/4500-----
J=1.4e-02, ⟨Jf⟩=1.3e-03, ⟨B·n⟩=8.1e-03, Len=sum([5.4, 5.1, 5.1])=15.6, ϰ=[5.9, 6.6, 6.7], ∫ϰ²/L>=[9.4, 9.4, 9.3], C-C-Sep=0.20, ║∇J║=4.5e-02
-----On 8/20 Initial Guess Perturbations
Iteration 196/4500-----
J=1.4e-02, ⟨Jf⟩=1.3e-03, ⟨B·n⟩=8.0e-03, Len=sum([5.4, 5.1, 5.1])=15.6, ϰ=[5.8, 6.5, 6.2], ∫ϰ²/L>=[9.1, 9.4, 9.0], C-C-Sep=0.20, ║∇J║=4.8e-02
-----On 8/20 Initial Guess Perturbations
Iteration 197/4500-----
J=1.4e-02, ⟨Jf⟩=1.3e-03, ⟨B·n⟩=8.1e-03, Len=sum([5.4, 5.1, 5.1])=15.5, ϰ=[6.0, 6.8, 6.1], ∫ϰ²/L>=[9.9, 9.9, 9.2], C-C-Sep=0.20, ║∇J║=6.1e-02
-----On 8/20 Initial Guess Perturbations
Iteration 198/4500-----
J=1.4e-02, ⟨Jf⟩=1.3e-03, ⟨B·n⟩=8.1e-03, Len=sum([5.4, 5.1, 5.1])=15.5, ϰ=[6.2, 6.9, 6.1], ∫ϰ²/L>=[9.5, 9.5, 8.8], C-C-Sep=0.20, ║∇J║=4.5e-02
-----On 8/20 Initial Guess Perturbations
Iteration 199/4500-----
J=1.4e-02, ⟨Jf⟩=1.3e-03, ⟨B·n⟩=8.0e-03, Len=sum([5.4, 5.1, 5.0])=15.5, ϰ=[6.3, 7.1, 6.1], ∫ϰ²/L>=[9.4, 9.1, 8.3], C-C-Sep=0.20, ║∇J║=3.8e-02
-----On 8/20 Initial Guess Perturbations
Iteration 200/4500-----
J=1.4e-02, ⟨Jf⟩=1.3e-03, ⟨B·n⟩=8.0e-03, Len=sum([5.3, 5.1, 5.0])=15.4, ϰ=[6.4, 7.3, 6.1], ∫ϰ²/L>=[9.4, 8.9, 7.8], C-C-Sep=0.20, ║∇J║=4.2e-02
-----On 8/20 Initial Guess Perturbations
Iteration 201/4500-----
J=1.4e-02, ⟨Jf⟩=1.3e-03, ⟨B·n⟩=8.0e-03, Len=sum([5.3, 5.1, 5.0])=15.4, ϰ=[6.9, 7.3, 5.9], ∫ϰ²/L>=[9.9, 9.4, 7.5], C-C-Sep=0.20, ║∇J║=5.0e-02
-----On 8/20 Initial Guess Perturbations
Iteration 202/4500-----
J=1.4e-02, ⟨Jf⟩=1.3e-03, ⟨B·n⟩=8.0e-03, Len=sum([5.3, 5.1, 5.0])=15.4, ϰ=[6.9, 7.0, 5.6], ∫ϰ²/L>=[9.8, 9.3, 7.3], C-C-Sep=0.20, ║∇J║=4.4e-02
-----On 8/20 Initial Guess Perturbations
Iteration 203/4500-----
J=1.4e-02, ⟨Jf⟩=1.3e-03, ⟨B·n⟩=8.0e-03, Len=sum([5.3, 5.1, 5.0])=15.3, ϰ=[7.3, 6.7, 5.5], ∫ϰ²/L>=[9.9, 9.3, 7.3], C-C-Sep=0.20, ║∇J║=4.3e-02
-----On 8/20 Initial Guess Perturbations
Iteration 204/4500-----
J=1.4e-02, ⟨Jf⟩=1.3e-03, ⟨B·n⟩=7.9e-03, Len=sum([5.3, 5.1, 5.0])=15.3, ϰ=[7.4, 6.3, 5.3], ∫ϰ²/L>=[9.6, 9.1, 7.2], C-C-Sep=0.20, ║∇J║=3.9e-02
-----On 8/20 Initial Guess Perturbations
Iteration 205/4500-----
J=1.4e-02, ⟨Jf⟩=1.3e-03, ⟨B·n⟩=7.9e-03, Len=sum([5.2, 5.0, 5.0])=15.3, ϰ=[7.8, 6.3, 5.0], ∫ϰ²/L>=[9.7, 9.0, 7.3], C-C-Sep=0.20, ║∇J║=4.3e-02
-----On 8/20 Initial Guess Perturbations
Iteration 206/4500-----
J=1.4e-02, ⟨Jf⟩=1.2e-03, ⟨B·n⟩=7.8e-03, Len=sum([5.2, 5.0, 5.0])=15.2, ϰ=[7.4, 5.9, 5.3], ∫ϰ²/L>=[8.9, 8.8, 7.2], C-C-Sep=0.20, ║∇J║=5.2e-02
-----On 8/20 Initial Guess Perturbations
Iteration 207/4500-----
J=1.3e-02, ⟨Jf⟩=1.3e-03, ⟨B·n⟩=7.8e-03, Len=sum([5.2, 5.0, 5.0])=15.2, ϰ=[7.5, 6.3, 5.5], ∫ϰ²/L>=[8.9, 8.8, 7.4], C-C-Sep=0.20, ║∇J║=3.9e-02
-----On 8/20 Initial Guess Perturbations
Iteration 208/4500-----
J=1.3e-02, ⟨Jf⟩=1.2e-03, ⟨B·n⟩=7.8e-03, Len=sum([5.2, 5.0, 5.0])=15.2, ϰ=[6.7, 6.1, 5.2], ∫ϰ²/L>=[8.1, 8.1, 6.9], C-C-Sep=0.20, ║∇J║=7.4e-02
-----On 8/20 Initial Guess Perturbations
Iteration 209/4500-----
J=1.3e-02, ⟨Jf⟩=1.2e-03, ⟨B·n⟩=7.8e-03, Len=sum([5.2, 5.0, 4.9])=15.2, ϰ=[7.1, 6.4, 5.3], ∫ϰ²/L>=[8.5, 8.4, 7.2], C-C-Sep=0.20, ║∇J║=3.6e-02
-----On 8/20 Initial Guess Perturbations
Iteration 210/4500-----
J=1.3e-02, ⟨Jf⟩=1.2e-03, ⟨B·n⟩=7.8e-03, Len=sum([5.2, 5.0, 4.9])=15.2, ϰ=[7.1, 6.9, 5.6], ∫ϰ²/L>=[8.6, 8.8, 7.5], C-C-Sep=0.20, ║∇J║=4.7e-02
-----On 8/20 Initial Guess Perturbations
Iteration 211/4500-----
J=1.3e-02, ⟨Jf⟩=1.2e-03, ⟨B·n⟩=7.7e-03, Len=sum([5.2, 5.0, 4.9])=15.2, ϰ=[6.8, 6.7, 5.6], ∫ϰ²/L>=[8.2, 8.4, 7.0], C-C-Sep=0.20, ║∇J║=4.6e-02
-----On 8/20 Initial Guess Perturbations
Iteration 212/4500-----
J=1.3e-02, ⟨Jf⟩=1.2e-03, ⟨B·n⟩=7.7e-03, Len=sum([5.2, 5.0, 4.9])=15.2, ϰ=[7.0, 6.3, 5.6], ∫ϰ²/L>=[8.1, 8.2, 7.0], C-C-Sep=0.20, ║∇J║=4.2e-02
-----On 8/20 Initial Guess Perturbations
Iteration 213/4500-----
J=1.3e-02, ⟨Jf⟩=1.2e-03, ⟨B·n⟩=7.7e-03, Len=sum([5.2, 5.0, 4.9])=15.1, ϰ=[6.9, 6.4, 5.5], ∫ϰ²/L>=[8.1, 8.3, 6.9], C-C-Sep=0.20, ║∇J║=2.9e-02
-----On 8/20 Initial Guess Perturbations
Iteration 214/4500-----
J=1.3e-02, ⟨Jf⟩=1.2e-03, ⟨B·n⟩=7.6e-03, Len=sum([5.2, 5.0, 4.9])=15.1, ϰ=[7.4, 6.3, 5.4], ∫ϰ²/L>=[8.3, 8.9, 7.0], C-C-Sep=0.20, ║∇J║=3.4e-02
-----On 8/20 Initial Guess Perturbations
Iteration 215/4500-----
J=1.3e-02, ⟨Jf⟩=1.2e-03, ⟨B·n⟩=7.6e-03, Len=sum([5.2, 5.0, 4.9])=15.1, ϰ=[7.7, 6.2, 5.2], ∫ϰ²/L>=[8.5, 9.0, 6.8], C-C-Sep=0.20, ║∇J║=4.1e-02
-----On 8/20 Initial Guess Perturbations
Iteration 216/4500-----
J=1.3e-02, ⟨Jf⟩=1.2e-03, ⟨B·n⟩=7.5e-03, Len=sum([5.1, 5.0, 4.9])=15.0, ϰ=[8.5, 6.2, 5.4], ∫ϰ²/L>=[8.9, 9.3, 7.0], C-C-Sep=0.20, ║∇J║=3.8e-02
-----On 8/20 Initial Guess Perturbations
Iteration 217/4500-----
J=1.3e-02, ⟨Jf⟩=1.2e-03, ⟨B·n⟩=7.5e-03, Len=sum([5.1, 5.0, 4.9])=15.0, ϰ=[8.7, 5.8, 5.3], ∫ϰ²/L>=[8.7, 9.0, 6.8], C-C-Sep=0.20, ║∇J║=4.0e-02
-----On 8/20 Initial Guess Perturbations
Iteration 218/4500-----
J=1.3e-02, ⟨Jf⟩=1.2e-03, ⟨B·n⟩=7.5e-03, Len=sum([5.1, 5.0, 4.9])=15.0, ϰ=[8.8, 5.9, 5.1], ∫ϰ²/L>=[8.6, 8.8, 6.7], C-C-Sep=0.20, ║∇J║=4.2e-02
-----On 8/20 Initial Guess Perturbations
Iteration 219/4500-----
J=1.3e-02, ⟨Jf⟩=1.2e-03, ⟨B·n⟩=7.5e-03, Len=sum([5.1, 5.0, 4.9])=14.9, ϰ=[8.3, 6.1, 5.1], ∫ϰ²/L>=[8.3, 8.7, 6.4], C-C-Sep=0.20, ║∇J║=4.1e-02
-----On 8/20 Initial Guess Perturbations
Iteration 220/4500-----
J=1.3e-02, ⟨Jf⟩=1.2e-03, ⟨B·n⟩=7.5e-03, Len=sum([5.1, 4.9, 4.9])=14.9, ϰ=[8.7, 6.3, 5.3], ∫ϰ²/L>=[8.5, 9.1, 6.5], C-C-Sep=0.20, ║∇J║=3.1e-02
-----On 8/20 Initial Guess Perturbations
Iteration 221/4500-----
J=1.3e-02, ⟨Jf⟩=1.2e-03, ⟨B·n⟩=7.5e-03, Len=sum([5.1, 4.9, 4.9])=14.9, ϰ=[8.6, 6.2, 5.4], ∫ϰ²/L>=[8.6, 9.1, 6.6], C-C-Sep=0.20, ║∇J║=3.2e-02
-----On 8/20 Initial Guess Perturbations
Iteration 222/4500-----
J=1.3e-02, ⟨Jf⟩=1.2e-03, ⟨B·n⟩=7.5e-03, Len=sum([5.1, 4.9, 4.9])=14.9, ϰ=[8.9, 6.0, 5.5], ∫ϰ²/L>=[8.7, 9.0, 6.9], C-C-Sep=0.20, ║∇J║=3.1e-02
-----On 8/20 Initial Guess Perturbations
Iteration 223/4500-----
J=1.3e-02, ⟨Jf⟩=1.2e-03, ⟨B·n⟩=7.5e-03, Len=sum([5.1, 4.9, 4.9])=14.8, ϰ=[8.8, 5.8, 5.6], ∫ϰ²/L>=[8.6, 8.8, 7.0], C-C-Sep=0.20, ║∇J║=3.0e-02
-----On 8/20 Initial Guess Perturbations
Iteration 224/4500-----
J=1.3e-02, ⟨Jf⟩=1.2e-03, ⟨B·n⟩=7.5e-03, Len=sum([5.0, 4.9, 4.9])=14.8, ϰ=[8.7, 5.5, 5.4], ∫ϰ²/L>=[8.5, 8.7, 7.2], C-C-Sep=0.20, ║∇J║=3.0e-02
-----On 8/20 Initial Guess Perturbations
Iteration 225/4500-----
J=1.3e-02, ⟨Jf⟩=1.2e-03, ⟨B·n⟩=7.5e-03, Len=sum([5.0, 4.9, 4.9])=14.8, ϰ=[8.4, 5.9, 5.2], ∫ϰ²/L>=[8.3, 8.6, 7.1], C-C-Sep=0.20, ║∇J║=3.3e-02
-----On 8/20 Initial Guess Perturbations
Iteration 226/4500-----
J=1.3e-02, ⟨Jf⟩=1.2e-03, ⟨B·n⟩=7.5e-03, Len=sum([5.0, 4.9, 4.8])=14.7, ϰ=[8.0, 6.4, 5.5], ∫ϰ²/L>=[8.2, 8.7, 7.1], C-C-Sep=0.20, ║∇J║=3.7e-02
-----On 8/20 Initial Guess Perturbations
Iteration 227/4500-----
J=1.3e-02, ⟨Jf⟩=1.2e-03, ⟨B·n⟩=7.6e-03, Len=sum([5.0, 4.9, 4.8])=14.7, ϰ=[7.7, 6.6, 5.7], ∫ϰ²/L>=[8.0, 9.0, 6.9], C-C-Sep=0.20, ║∇J║=3.0e-02
-----On 8/20 Initial Guess Perturbations
Iteration 228/4500-----
J=1.3e-02, ⟨Jf⟩=1.2e-03, ⟨B·n⟩=7.6e-03, Len=sum([5.0, 4.9, 4.8])=14.7, ϰ=[7.6, 6.7, 5.6], ∫ϰ²/L>=[7.9, 8.9, 6.7], C-C-Sep=0.20, ║∇J║=2.5e-02
-----On 8/20 Initial Guess Perturbations
Iteration 229/4500-----
J=1.3e-02, ⟨Jf⟩=1.3e-03, ⟨B·n⟩=7.6e-03, Len=sum([5.0, 4.9, 4.8])=14.6, ϰ=[7.6, 6.5, 5.3], ∫ϰ²/L>=[7.9, 8.8, 6.5], C-C-Sep=0.20, ║∇J║=2.8e-02
-----On 8/20 Initial Guess Perturbations
Iteration 230/4500-----
J=1.3e-02, ⟨Jf⟩=1.2e-03, ⟨B·n⟩=7.6e-03, Len=sum([5.0, 4.9, 4.8])=14.6, ϰ=[7.6, 6.3, 5.0], ∫ϰ²/L>=[7.6, 8.5, 6.2], C-C-Sep=0.20, ║∇J║=3.1e-02
-----On 8/20 Initial Guess Perturbations
Iteration 231/4500-----
J=1.3e-02, ⟨Jf⟩=1.3e-03, ⟨B·n⟩=7.6e-03, Len=sum([4.9, 4.9, 4.8])=14.6, ϰ=[7.7, 6.3, 4.9], ∫ϰ²/L>=[7.6, 8.5, 6.2], C-C-Sep=0.20, ║∇J║=2.7e-02
-----On 8/20 Initial Guess Perturbations
Iteration 232/4500-----
J=1.3e-02, ⟨Jf⟩=1.3e-03, ⟨B·n⟩=7.6e-03, Len=sum([4.9, 4.8, 4.8])=14.6, ϰ=[7.6, 6.4, 4.8], ∫ϰ²/L>=[7.6, 8.4, 6.1], C-C-Sep=0.20, ║∇J║=2.3e-02
-----On 8/20 Initial Guess Perturbations
Iteration 233/4500-----
J=1.3e-02, ⟨Jf⟩=1.3e-03, ⟨B·n⟩=7.7e-03, Len=sum([4.9, 4.8, 4.8])=14.6, ϰ=[7.4, 6.4, 4.7], ∫ϰ²/L>=[7.6, 8.5, 6.2], C-C-Sep=0.20, ║∇J║=2.6e-02
-----On 8/20 Initial Guess Perturbations
Iteration 234/4500-----
J=1.3e-02, ⟨Jf⟩=1.3e-03, ⟨B·n⟩=7.7e-03, Len=sum([4.9, 4.8, 4.8])=14.6, ϰ=[7.2, 6.7, 4.8], ∫ϰ²/L>=[7.4, 8.6, 6.3], C-C-Sep=0.20, ║∇J║=2.2e-02
-----On 8/20 Initial Guess Perturbations
Iteration 235/4500-----
J=1.3e-02, ⟨Jf⟩=1.3e-03, ⟨B·n⟩=7.7e-03, Len=sum([4.9, 4.8, 4.8])=14.5, ϰ=[7.1, 6.6, 4.9], ∫ϰ²/L>=[7.2, 8.5, 6.3], C-C-Sep=0.20, ║∇J║=2.3e-02
-----On 8/20 Initial Guess Perturbations
Iteration 236/4500-----
J=1.3e-02, ⟨Jf⟩=1.3e-03, ⟨B·n⟩=7.7e-03, Len=sum([4.9, 4.8, 4.8])=14.5, ϰ=[7.2, 6.9, 5.2], ∫ϰ²/L>=[7.2, 8.5, 6.4], C-C-Sep=0.20, ║∇J║=2.9e-02
-----On 8/20 Initial Guess Perturbations
Iteration 237/4500-----
J=1.3e-02, ⟨Jf⟩=1.3e-03, ⟨B·n⟩=7.7e-03, Len=sum([4.9, 4.8, 4.8])=14.5, ϰ=[6.9, 6.9, 5.3], ∫ϰ²/L>=[7.0, 8.4, 6.4], C-C-Sep=0.20, ║∇J║=2.3e-02
-----On 8/20 Initial Guess Perturbations
Iteration 238/4500-----
J=1.3e-02, ⟨Jf⟩=1.3e-03, ⟨B·n⟩=7.7e-03, Len=sum([4.9, 4.8, 4.8])=14.5, ϰ=[6.7, 6.9, 5.2], ∫ϰ²/L>=[6.8, 8.4, 6.3], C-C-Sep=0.20, ║∇J║=2.4e-02
-----On 8/20 Initial Guess Perturbations
Iteration 239/4500-----
J=1.3e-02, ⟨Jf⟩=1.3e-03, ⟨B·n⟩=7.7e-03, Len=sum([4.9, 4.8, 4.8])=14.5, ϰ=[6.5, 6.8, 5.1], ∫ϰ²/L>=[6.6, 8.4, 6.2], C-C-Sep=0.20, ║∇J║=2.2e-02
-----On 8/20 Initial Guess Perturbations
Iteration 240/4500-----
J=1.3e-02, ⟨Jf⟩=1.3e-03, ⟨B·n⟩=7.7e-03, Len=sum([4.9, 4.8, 4.8])=14.5, ϰ=[6.5, 6.7, 4.9], ∫ϰ²/L>=[6.5, 8.5, 6.2], C-C-Sep=0.20, ║∇J║=2.1e-02
-----On 8/20 Initial Guess Perturbations
Iteration 241/4500-----
J=1.3e-02, ⟨Jf⟩=1.3e-03, ⟨B·n⟩=7.8e-03, Len=sum([4.9, 4.8, 4.8])=14.4, ϰ=[6.6, 6.7, 4.9], ∫ϰ²/L>=[6.4, 8.6, 6.3], C-C-Sep=0.20, ║∇J║=2.2e-02
-----On 8/20 Initial Guess Perturbations
Iteration 242/4500-----
J=1.3e-02, ⟨Jf⟩=1.3e-03, ⟨B·n⟩=7.7e-03, Len=sum([4.9, 4.8, 4.8])=14.4, ϰ=[6.8, 6.6, 5.0], ∫ϰ²/L>=[6.2, 8.6, 6.2], C-C-Sep=0.20, ║∇J║=2.0e-02
-----On 8/20 Initial Guess Perturbations
Iteration 243/4500-----
J=1.3e-02, ⟨Jf⟩=1.3e-03, ⟨B·n⟩=7.8e-03, Len=sum([4.9, 4.8, 4.7])=14.4, ϰ=[6.9, 6.7, 5.0], ∫ϰ²/L>=[6.2, 8.6, 6.3], C-C-Sep=0.20, ║∇J║=2.1e-02
-----On 8/20 Initial Guess Perturbations
Iteration 244/4500-----
J=1.3e-02, ⟨Jf⟩=1.3e-03, ⟨B·n⟩=7.7e-03, Len=sum([4.9, 4.8, 4.7])=14.4, ϰ=[6.9, 6.9, 4.9], ∫ϰ²/L>=[6.1, 8.5, 6.1], C-C-Sep=0.20, ║∇J║=2.1e-02
-----On 8/20 Initial Guess Perturbations
Iteration 245/4500-----
J=1.3e-02, ⟨Jf⟩=1.3e-03, ⟨B·n⟩=7.7e-03, Len=sum([4.9, 4.8, 4.7])=14.4, ϰ=[6.7, 7.1, 5.0], ∫ϰ²/L>=[6.1, 8.4, 6.1], C-C-Sep=0.20, ║∇J║=1.9e-02
-----On 8/20 Initial Guess Perturbations
Iteration 246/4500-----
J=1.3e-02, ⟨Jf⟩=1.3e-03, ⟨B·n⟩=7.7e-03, Len=sum([4.9, 4.8, 4.7])=14.4, ϰ=[6.6, 7.2, 5.0], ∫ϰ²/L>=[6.0, 8.3, 6.0], C-C-Sep=0.20, ║∇J║=1.7e-02
-----On 8/20 Initial Guess Perturbations
Iteration 247/4500-----
J=1.3e-02, ⟨Jf⟩=1.3e-03, ⟨B·n⟩=7.8e-03, Len=sum([4.9, 4.8, 4.7])=14.4, ϰ=[6.7, 7.3, 4.9], ∫ϰ²/L>=[6.1, 8.4, 6.1], C-C-Sep=0.20, ║∇J║=2.4e-02
-----On 8/20 Initial Guess Perturbations
Iteration 248/4500-----
J=1.3e-02, ⟨Jf⟩=1.3e-03, ⟨B·n⟩=7.8e-03, Len=sum([4.9, 4.8, 4.7])=14.4, ϰ=[6.7, 7.4, 5.0], ∫ϰ²/L>=[6.3, 8.5, 6.2], C-C-Sep=0.20, ║∇J║=2.4e-02
-----On 8/20 Initial Guess Perturbations
Iteration 249/4500-----
J=1.3e-02, ⟨Jf⟩=1.3e-03, ⟨B·n⟩=7.8e-03, Len=sum([4.9, 4.8, 4.7])=14.4, ϰ=[6.6, 7.2, 5.1], ∫ϰ²/L>=[6.2, 8.4, 6.1], C-C-Sep=0.20, ║∇J║=1.9e-02
-----On 8/20 Initial Guess Perturbations
Iteration 250/4500-----
J=1.3e-02, ⟨Jf⟩=1.3e-03, ⟨B·n⟩=7.8e-03, Len=sum([4.8, 4.8, 4.7])=14.3, ϰ=[6.6, 7.1, 5.2], ∫ϰ²/L>=[6.1, 8.4, 6.1], C-C-Sep=0.20, ║∇J║=1.9e-02
-----On 8/20 Initial Guess Perturbations
Iteration 251/4500-----
J=1.3e-02, ⟨Jf⟩=1.3e-03, ⟨B·n⟩=7.8e-03, Len=sum([4.8, 4.8, 4.7])=14.3, ϰ=[6.4, 6.9, 5.2], ∫ϰ²/L>=[6.0, 8.3, 6.0], C-C-Sep=0.20, ║∇J║=1.6e-02
-----On 8/20 Initial Guess Perturbations
Iteration 252/4500-----
J=1.3e-02, ⟨Jf⟩=1.3e-03, ⟨B·n⟩=7.8e-03, Len=sum([4.8, 4.8, 4.7])=14.3, ϰ=[6.2, 6.8, 5.1], ∫ϰ²/L>=[6.0, 8.2, 6.0], C-C-Sep=0.20, ║∇J║=1.7e-02
-----On 8/20 Initial Guess Perturbations
Iteration 253/4500-----
J=1.3e-02, ⟨Jf⟩=1.3e-03, ⟨B·n⟩=7.8e-03, Len=sum([4.8, 4.8, 4.7])=14.3, ϰ=[6.1, 6.8, 4.8], ∫ϰ²/L>=[6.1, 8.1, 6.0], C-C-Sep=0.20, ║∇J║=2.1e-02
-----On 8/20 Initial Guess Perturbations
Iteration 254/4500-----
J=1.3e-02, ⟨Jf⟩=1.3e-03, ⟨B·n⟩=7.8e-03, Len=sum([4.8, 4.8, 4.7])=14.3, ϰ=[6.0, 6.9, 4.5], ∫ϰ²/L>=[6.4, 8.1, 6.0], C-C-Sep=0.20, ║∇J║=3.1e-02
-----On 8/20 Initial Guess Perturbations
Iteration 255/4500-----
J=1.3e-02, ⟨Jf⟩=1.3e-03, ⟨B·n⟩=7.8e-03, Len=sum([4.8, 4.8, 4.7])=14.3, ϰ=[5.9, 7.0, 4.5], ∫ϰ²/L>=[6.3, 8.1, 6.0], C-C-Sep=0.20, ║∇J║=1.9e-02
-----On 8/20 Initial Guess Perturbations
Iteration 256/4500-----
J=1.3e-02, ⟨Jf⟩=1.3e-03, ⟨B·n⟩=7.8e-03, Len=sum([4.8, 4.8, 4.7])=14.3, ϰ=[5.9, 7.0, 4.5], ∫ϰ²/L>=[6.4, 8.2, 6.1], C-C-Sep=0.20, ║∇J║=2.5e-02
-----On 8/20 Initial Guess Perturbations
Iteration 257/4500-----
J=1.3e-02, ⟨Jf⟩=1.3e-03, ⟨B·n⟩=7.8e-03, Len=sum([4.8, 4.8, 4.7])=14.3, ϰ=[5.8, 6.9, 4.5], ∫ϰ²/L>=[6.2, 8.2, 6.0], C-C-Sep=0.20, ║∇J║=1.9e-02
-----On 8/20 Initial Guess Perturbations
Iteration 258/4500-----
J=1.3e-02, ⟨Jf⟩=1.3e-03, ⟨B·n⟩=7.8e-03, Len=sum([4.8, 4.8, 4.7])=14.3, ϰ=[6.0, 6.8, 4.5], ∫ϰ²/L>=[6.3, 8.2, 6.1], C-C-Sep=0.20, ║∇J║=1.7e-02
-----On 8/20 Initial Guess Perturbations
Iteration 259/4500-----
J=1.3e-02, ⟨Jf⟩=1.3e-03, ⟨B·n⟩=7.8e-03, Len=sum([4.8, 4.8, 4.7])=14.2, ϰ=[6.5, 6.8, 4.4], ∫ϰ²/L>=[6.4, 8.2, 6.2], C-C-Sep=0.20, ║∇J║=1.9e-02
-----On 8/20 Initial Guess Perturbations
Iteration 260/4500-----
J=1.3e-02, ⟨Jf⟩=1.3e-03, ⟨B·n⟩=7.8e-03, Len=sum([4.8, 4.7, 4.7])=14.2, ϰ=[6.6, 6.9, 4.6], ∫ϰ²/L>=[6.4, 8.3, 6.2], C-C-Sep=0.20, ║∇J║=2.3e-02
-----On 8/20 Initial Guess Perturbations
Iteration 261/4500-----
J=1.3e-02, ⟨Jf⟩=1.3e-03, ⟨B·n⟩=7.8e-03, Len=sum([4.8, 4.7, 4.7])=14.2, ϰ=[6.7, 7.0, 4.7], ∫ϰ²/L>=[6.3, 8.4, 6.2], C-C-Sep=0.20, ║∇J║=1.8e-02
-----On 8/20 Initial Guess Perturbations
Iteration 262/4500-----
J=1.3e-02, ⟨Jf⟩=1.3e-03, ⟨B·n⟩=7.8e-03, Len=sum([4.8, 4.7, 4.6])=14.2, ϰ=[6.8, 7.1, 5.0], ∫ϰ²/L>=[6.4, 8.6, 6.4], C-C-Sep=0.20, ║∇J║=2.1e-02
-----On 8/20 Initial Guess Perturbations
Iteration 263/4500-----
J=1.3e-02, ⟨Jf⟩=1.3e-03, ⟨B·n⟩=7.8e-03, Len=sum([4.8, 4.7, 4.6])=14.2, ϰ=[6.9, 7.0, 5.1], ∫ϰ²/L>=[6.5, 8.7, 6.4], C-C-Sep=0.20, ║∇J║=2.2e-02
-----On 8/20 Initial Guess Perturbations
Iteration 264/4500-----
J=1.3e-02, ⟨Jf⟩=1.3e-03, ⟨B·n⟩=7.8e-03, Len=sum([4.8, 4.7, 4.6])=14.2, ϰ=[6.8, 6.9, 5.1], ∫ϰ²/L>=[6.4, 8.6, 6.4], C-C-Sep=0.20, ║∇J║=1.9e-02
-----On 8/20 Initial Guess Perturbations
Iteration 265/4500-----
J=1.3e-02, ⟨Jf⟩=1.3e-03, ⟨B·n⟩=7.8e-03, Len=sum([4.8, 4.7, 4.6])=14.2, ϰ=[6.7, 7.0, 5.1], ∫ϰ²/L>=[6.3, 8.5, 6.4], C-C-Sep=0.20, ║∇J║=1.6e-02
-----On 8/20 Initial Guess Perturbations
Iteration 266/4500-----
J=1.3e-02, ⟨Jf⟩=1.3e-03, ⟨B·n⟩=7.8e-03, Len=sum([4.8, 4.7, 4.6])=14.2, ϰ=[6.6, 7.2, 5.0], ∫ϰ²/L>=[6.2, 8.4, 6.4], C-C-Sep=0.20, ║∇J║=1.8e-02
-----On 8/20 Initial Guess Perturbations
Iteration 267/4500-----
J=1.3e-02, ⟨Jf⟩=1.3e-03, ⟨B·n⟩=7.8e-03, Len=sum([4.8, 4.7, 4.6])=14.1, ϰ=[6.4, 7.4, 4.9], ∫ϰ²/L>=[6.1, 8.5, 6.5], C-C-Sep=0.20, ║∇J║=2.1e-02
-----On 8/20 Initial Guess Perturbations
Iteration 268/4500-----
J=1.3e-02, ⟨Jf⟩=1.3e-03, ⟨B·n⟩=7.8e-03, Len=sum([4.8, 4.7, 4.6])=14.1, ϰ=[6.6, 7.6, 4.8], ∫ϰ²/L>=[6.1, 8.6, 6.6], C-C-Sep=0.20, ║∇J║=2.2e-02
-----On 8/20 Initial Guess Perturbations
Iteration 269/4500-----
J=1.3e-02, ⟨Jf⟩=1.3e-03, ⟨B·n⟩=7.8e-03, Len=sum([4.8, 4.7, 4.6])=14.1, ϰ=[6.6, 7.5, 4.6], ∫ϰ²/L>=[6.2, 8.6, 6.5], C-C-Sep=0.20, ║∇J║=2.0e-02
-----On 8/20 Initial Guess Perturbations
Iteration 270/4500-----
J=1.3e-02, ⟨Jf⟩=1.3e-03, ⟨B·n⟩=7.8e-03, Len=sum([4.8, 4.7, 4.6])=14.1, ϰ=[6.8, 7.2, 4.6], ∫ϰ²/L>=[6.4, 8.5, 6.5], C-C-Sep=0.20, ║∇J║=2.0e-02
-----On 8/20 Initial Guess Perturbations
Iteration 271/4500-----
J=1.3e-02, ⟨Jf⟩=1.3e-03, ⟨B·n⟩=7.9e-03, Len=sum([4.8, 4.7, 4.6])=14.1, ϰ=[6.7, 7.1, 4.5], ∫ϰ²/L>=[6.5, 8.4, 6.4], C-C-Sep=0.20, ║∇J║=1.8e-02
-----On 8/20 Initial Guess Perturbations
Iteration 272/4500-----
J=1.3e-02, ⟨Jf⟩=1.3e-03, ⟨B·n⟩=7.9e-03, Len=sum([4.8, 4.7, 4.6])=14.1, ϰ=[6.7, 6.9, 4.4], ∫ϰ²/L>=[6.6, 8.3, 6.3], C-C-Sep=0.20, ║∇J║=1.8e-02
-----On 8/20 Initial Guess Perturbations
Iteration 273/4500-----
J=1.3e-02, ⟨Jf⟩=1.3e-03, ⟨B·n⟩=7.9e-03, Len=sum([4.8, 4.7, 4.5])=14.0, ϰ=[6.3, 7.0, 4.5], ∫ϰ²/L>=[6.5, 8.2, 6.1], C-C-Sep=0.20, ║∇J║=2.1e-02
-----On 8/20 Initial Guess Perturbations
Iteration 274/4500-----
J=1.3e-02, ⟨Jf⟩=1.3e-03, ⟨B·n⟩=7.9e-03, Len=sum([4.8, 4.7, 4.5])=14.0, ϰ=[6.3, 7.0, 4.5], ∫ϰ²/L>=[6.5, 8.1, 6.2], C-C-Sep=0.20, ║∇J║=1.9e-02
-----On 8/20 Initial Guess Perturbations
Iteration 275/4500-----
J=1.3e-02, ⟨Jf⟩=1.3e-03, ⟨B·n⟩=7.9e-03, Len=sum([4.8, 4.7, 4.5])=14.0, ϰ=[6.0, 7.0, 4.5], ∫ϰ²/L>=[6.5, 8.1, 6.2], C-C-Sep=0.20, ║∇J║=1.9e-02
-----On 8/20 Initial Guess Perturbations
Iteration 276/4500-----
J=1.3e-02, ⟨Jf⟩=1.3e-03, ⟨B·n⟩=7.9e-03, Len=sum([4.8, 4.7, 4.5])=14.0, ϰ=[5.9, 7.0, 4.6], ∫ϰ²/L>=[6.5, 8.2, 6.4], C-C-Sep=0.20, ║∇J║=2.2e-02
-----On 8/20 Initial Guess Perturbations
Iteration 277/4500-----
J=1.3e-02, ⟨Jf⟩=1.3e-03, ⟨B·n⟩=7.9e-03, Len=sum([4.8, 4.7, 4.5])=14.0, ϰ=[5.6, 7.0, 4.9], ∫ϰ²/L>=[6.3, 8.2, 6.4], C-C-Sep=0.20, ║∇J║=2.2e-02
-----On 8/20 Initial Guess Perturbations
Iteration 278/4500-----
J=1.3e-02, ⟨Jf⟩=1.3e-03, ⟨B·n⟩=7.9e-03, Len=sum([4.8, 4.7, 4.5])=14.0, ϰ=[6.1, 7.1, 5.2], ∫ϰ²/L>=[6.2, 8.3, 6.5], C-C-Sep=0.20, ║∇J║=2.2e-02
-----On 8/20 Initial Guess Perturbations
Iteration 279/4500-----
J=1.3e-02, ⟨Jf⟩=1.3e-03, ⟨B·n⟩=7.9e-03, Len=sum([4.8, 4.7, 4.5])=13.9, ϰ=[6.1, 7.0, 5.4], ∫ϰ²/L>=[6.1, 8.2, 6.6], C-C-Sep=0.20, ║∇J║=1.6e-02
-----On 8/20 Initial Guess Perturbations
Iteration 280/4500-----
J=1.3e-02, ⟨Jf⟩=1.3e-03, ⟨B·n⟩=8.0e-03, Len=sum([4.8, 4.7, 4.5])=13.9, ϰ=[6.1, 6.9, 5.3], ∫ϰ²/L>=[6.1, 8.1, 6.6], C-C-Sep=0.20, ║∇J║=1.8e-02
-----On 8/20 Initial Guess Perturbations
Iteration 281/4500-----
J=1.3e-02, ⟨Jf⟩=1.4e-03, ⟨B·n⟩=8.0e-03, Len=sum([4.8, 4.7, 4.5])=13.9, ϰ=[6.0, 6.7, 5.2], ∫ϰ²/L>=[5.9, 8.0, 6.7], C-C-Sep=0.20, ║∇J║=2.2e-02
-----On 8/20 Initial Guess Perturbations
Iteration 282/4500-----
J=1.2e-02, ⟨Jf⟩=1.4e-03, ⟨B·n⟩=8.0e-03, Len=sum([4.8, 4.7, 4.5])=13.9, ϰ=[5.9, 6.4, 5.1], ∫ϰ²/L>=[6.0, 8.0, 6.8], C-C-Sep=0.20, ║∇J║=2.7e-02
-----On 8/20 Initial Guess Perturbations
Iteration 283/4500-----
J=1.2e-02, ⟨Jf⟩=1.4e-03, ⟨B·n⟩=8.0e-03, Len=sum([4.8, 4.7, 4.4])=13.9, ϰ=[6.0, 6.4, 5.1], ∫ϰ²/L>=[6.0, 8.0, 7.0], C-C-Sep=0.20, ║∇J║=2.1e-02
-----On 8/20 Initial Guess Perturbations
Iteration 284/4500-----
J=1.2e-02, ⟨Jf⟩=1.4e-03, ⟨B·n⟩=8.0e-03, Len=sum([4.8, 4.7, 4.4])=13.9, ϰ=[6.1, 6.2, 5.1], ∫ϰ²/L>=[5.9, 7.9, 6.9], C-C-Sep=0.20, ║∇J║=1.8e-02
-----On 8/20 Initial Guess Perturbations
Iteration 285/4500-----
J=1.2e-02, ⟨Jf⟩=1.4e-03, ⟨B·n⟩=7.9e-03, Len=sum([4.8, 4.7, 4.4])=13.9, ϰ=[6.1, 6.1, 5.2], ∫ϰ²/L>=[5.9, 7.8, 6.8], C-C-Sep=0.20, ║∇J║=1.7e-02
-----On 8/20 Initial Guess Perturbations
Iteration 286/4500-----
J=1.2e-02, ⟨Jf⟩=1.4e-03, ⟨B·n⟩=7.9e-03, Len=sum([4.8, 4.7, 4.4])=13.9, ϰ=[6.1, 5.9, 5.2], ∫ϰ²/L>=[6.0, 7.7, 6.8], C-C-Sep=0.20, ║∇J║=1.7e-02
-----On 8/20 Initial Guess Perturbations
Iteration 287/4500-----
J=1.2e-02, ⟨Jf⟩=1.4e-03, ⟨B·n⟩=7.9e-03, Len=sum([4.8, 4.7, 4.4])=13.9, ϰ=[6.0, 5.8, 5.2], ∫ϰ²/L>=[6.1, 7.5, 6.9], C-C-Sep=0.20, ║∇J║=1.8e-02
-----On 8/20 Initial Guess Perturbations
Iteration 288/4500-----
J=1.2e-02, ⟨Jf⟩=1.4e-03, ⟨B·n⟩=7.9e-03, Len=sum([4.8, 4.7, 4.4])=13.8, ϰ=[5.8, 5.6, 5.0], ∫ϰ²/L>=[6.1, 7.5, 7.0], C-C-Sep=0.20, ║∇J║=2.1e-02
-----On 8/20 Initial Guess Perturbations
Iteration 289/4500-----
J=1.2e-02, ⟨Jf⟩=1.4e-03, ⟨B·n⟩=7.9e-03, Len=sum([4.8, 4.7, 4.4])=13.8, ϰ=[5.7, 5.7, 5.0], ∫ϰ²/L>=[6.0, 7.5, 6.9], C-C-Sep=0.20, ║∇J║=1.9e-02
-----On 8/20 Initial Guess Perturbations
Iteration 290/4500-----
J=1.2e-02, ⟨Jf⟩=1.4e-03, ⟨B·n⟩=7.9e-03, Len=sum([4.8, 4.7, 4.4])=13.8, ϰ=[5.4, 5.7, 5.0], ∫ϰ²/L>=[6.0, 7.7, 6.8], C-C-Sep=0.20, ║∇J║=2.0e-02
-----On 8/20 Initial Guess Perturbations
Iteration 291/4500-----
J=1.2e-02, ⟨Jf⟩=1.4e-03, ⟨B·n⟩=7.9e-03, Len=sum([4.8, 4.7, 4.4])=13.8, ϰ=[5.5, 5.7, 5.1], ∫ϰ²/L>=[5.9, 7.7, 6.8], C-C-Sep=0.20, ║∇J║=2.2e-02
-----On 8/20 Initial Guess Perturbations
Iteration 292/4500-----
J=1.2e-02, ⟨Jf⟩=1.4e-03, ⟨B·n⟩=7.9e-03, Len=sum([4.8, 4.7, 4.4])=13.8, ϰ=[5.4, 5.7, 5.2], ∫ϰ²/L>=[5.8, 7.5, 6.9], C-C-Sep=0.20, ║∇J║=1.7e-02
-----On 8/20 Initial Guess Perturbations
Iteration 293/4500-----
J=1.2e-02, ⟨Jf⟩=1.4e-03, ⟨B·n⟩=7.9e-03, Len=sum([4.8, 4.7, 4.4])=13.8, ϰ=[5.3, 5.6, 5.5], ∫ϰ²/L>=[5.6, 7.2, 7.0], C-C-Sep=0.20, ║∇J║=1.6e-02
-----On 8/20 Initial Guess Perturbations
Iteration 294/4500-----
J=1.2e-02, ⟨Jf⟩=1.4e-03, ⟨B·n⟩=7.9e-03, Len=sum([4.8, 4.7, 4.4])=13.8, ϰ=[5.2, 5.6, 5.8], ∫ϰ²/L>=[5.5, 7.0, 7.2], C-C-Sep=0.20, ║∇J║=2.2e-02
-----On 8/20 Initial Guess Perturbations
Iteration 295/4500-----
J=1.2e-02, ⟨Jf⟩=1.4e-03, ⟨B·n⟩=7.9e-03, Len=sum([4.8, 4.6, 4.4])=13.8, ϰ=[5.2, 5.6, 5.5], ∫ϰ²/L>=[5.5, 6.9, 7.0], C-C-Sep=0.20, ║∇J║=1.9e-02
-----On 8/20 Initial Guess Perturbations
Iteration 296/4500-----
J=1.2e-02, ⟨Jf⟩=1.4e-03, ⟨B·n⟩=7.9e-03, Len=sum([4.8, 4.6, 4.4])=13.8, ϰ=[5.2, 5.6, 5.3], ∫ϰ²/L>=[5.4, 6.7, 6.8], C-C-Sep=0.20, ║∇J║=1.6e-02
-----On 8/20 Initial Guess Perturbations
Iteration 297/4500-----
J=1.2e-02, ⟨Jf⟩=1.4e-03, ⟨B·n⟩=7.9e-03, Len=sum([4.8, 4.6, 4.4])=13.8, ϰ=[5.3, 5.4, 5.1], ∫ϰ²/L>=[5.4, 6.6, 6.9], C-C-Sep=0.20, ║∇J║=1.7e-02
-----On 8/20 Initial Guess Perturbations
Iteration 298/4500-----
J=1.2e-02, ⟨Jf⟩=1.4e-03, ⟨B·n⟩=7.9e-03, Len=sum([4.8, 4.6, 4.3])=13.7, ϰ=[5.3, 5.2, 5.3], ∫ϰ²/L>=[5.4, 6.6, 6.9], C-C-Sep=0.20, ║∇J║=1.6e-02
-----On 8/20 Initial Guess Perturbations
Iteration 299/4500-----
J=1.2e-02, ⟨Jf⟩=1.4e-03, ⟨B·n⟩=8.0e-03, Len=sum([4.8, 4.6, 4.3])=13.7, ϰ=[5.5, 4.9, 5.5], ∫ϰ²/L>=[5.4, 6.6, 6.9], C-C-Sep=0.20, ║∇J║=1.4e-02
-----On 8/20 Initial Guess Perturbations
Iteration 300/4500-----
J=1.2e-02, ⟨Jf⟩=1.4e-03, ⟨B·n⟩=7.9e-03, Len=sum([4.8, 4.6, 4.3])=13.7, ϰ=[5.5, 5.0, 5.6], ∫ϰ²/L>=[5.5, 6.7, 6.8], C-C-Sep=0.20, ║∇J║=1.6e-02
-----On 8/20 Initial Guess Perturbations
Iteration 301/4500-----
J=1.2e-02, ⟨Jf⟩=1.4e-03, ⟨B·n⟩=7.9e-03, Len=sum([4.8, 4.6, 4.3])=13.7, ϰ=[5.4, 5.2, 5.5], ∫ϰ²/L>=[5.5, 6.7, 6.8], C-C-Sep=0.20, ║∇J║=1.4e-02
-----On 8/20 Initial Guess Perturbations
Iteration 302/4500-----
J=1.2e-02, ⟨Jf⟩=1.4e-03, ⟨B·n⟩=7.9e-03, Len=sum([4.8, 4.6, 4.3])=13.7, ϰ=[5.1, 5.3, 5.3], ∫ϰ²/L>=[5.4, 6.6, 6.7], C-C-Sep=0.20, ║∇J║=1.4e-02
-----On 8/20 Initial Guess Perturbations
Iteration 303/4500-----
J=1.2e-02, ⟨Jf⟩=1.4e-03, ⟨B·n⟩=7.9e-03, Len=sum([4.8, 4.6, 4.3])=13.7, ϰ=[4.8, 5.3, 5.2], ∫ϰ²/L>=[5.3, 6.6, 6.7], C-C-Sep=0.20, ║∇J║=1.3e-02
-----On 8/20 Initial Guess Perturbations
Iteration 304/4500-----
J=1.2e-02, ⟨Jf⟩=1.4e-03, ⟨B·n⟩=7.9e-03, Len=sum([4.8, 4.6, 4.3])=13.7, ϰ=[4.9, 5.3, 5.1], ∫ϰ²/L>=[5.3, 6.5, 6.7], C-C-Sep=0.20, ║∇J║=1.5e-02
-----On 8/20 Initial Guess Perturbations
Iteration 305/4500-----
J=1.2e-02, ⟨Jf⟩=1.4e-03, ⟨B·n⟩=7.9e-03, Len=sum([4.8, 4.6, 4.3])=13.7, ϰ=[4.8, 5.5, 5.1], ∫ϰ²/L>=[5.2, 6.5, 6.8], C-C-Sep=0.20, ║∇J║=1.7e-02
-----On 8/20 Initial Guess Perturbations
Iteration 306/4500-----
J=1.2e-02, ⟨Jf⟩=1.4e-03, ⟨B·n⟩=7.9e-03, Len=sum([4.8, 4.6, 4.3])=13.7, ϰ=[4.7, 5.6, 5.0], ∫ϰ²/L>=[5.3, 6.5, 6.8], C-C-Sep=0.20, ║∇J║=1.4e-02
-----On 8/20 Initial Guess Perturbations
Iteration 307/4500-----
J=1.2e-02, ⟨Jf⟩=1.4e-03, ⟨B·n⟩=8.0e-03, Len=sum([4.8, 4.6, 4.3])=13.7, ϰ=[4.7, 5.8, 5.1], ∫ϰ²/L>=[5.3, 6.5, 6.8], C-C-Sep=0.20, ║∇J║=1.4e-02
-----On 8/20 Initial Guess Perturbations
Iteration 308/4500-----
J=1.2e-02, ⟨Jf⟩=1.4e-03, ⟨B·n⟩=8.0e-03, Len=sum([4.8, 4.6, 4.3])=13.7, ϰ=[4.8, 6.0, 5.0], ∫ϰ²/L>=[5.5, 6.6, 6.8], C-C-Sep=0.20, ║∇J║=1.5e-02
-----On 8/20 Initial Guess Perturbations
Iteration 309/4500-----
J=1.2e-02, ⟨Jf⟩=1.4e-03, ⟨B·n⟩=8.0e-03, Len=sum([4.8, 4.6, 4.3])=13.7, ϰ=[4.8, 6.1, 5.2], ∫ϰ²/L>=[5.6, 6.6, 6.8], C-C-Sep=0.20, ║∇J║=1.5e-02
-----On 8/20 Initial Guess Perturbations
Iteration 310/4500-----
J=1.2e-02, ⟨Jf⟩=1.4e-03, ⟨B·n⟩=8.0e-03, Len=sum([4.8, 4.6, 4.3])=13.7, ϰ=[4.7, 6.2, 4.9], ∫ϰ²/L>=[5.5, 6.6, 6.7], C-C-Sep=0.20, ║∇J║=1.4e-02
-----On 8/20 Initial Guess Perturbations
Iteration 311/4500-----
J=1.2e-02, ⟨Jf⟩=1.4e-03, ⟨B·n⟩=8.0e-03, Len=sum([4.8, 4.6, 4.3])=13.7, ϰ=[4.6, 6.3, 5.0], ∫ϰ²/L>=[5.5, 6.5, 6.6], C-C-Sep=0.20, ║∇J║=1.7e-02
-----On 8/20 Initial Guess Perturbations
Iteration 312/4500-----
J=1.2e-02, ⟨Jf⟩=1.4e-03, ⟨B·n⟩=8.0e-03, Len=sum([4.8, 4.6, 4.3])=13.7, ϰ=[4.8, 6.2, 5.0], ∫ϰ²/L>=[5.4, 6.6, 6.6], C-C-Sep=0.20, ║∇J║=1.8e-02
-----On 8/20 Initial Guess Perturbations
Iteration 313/4500-----
J=1.2e-02, ⟨Jf⟩=1.4e-03, ⟨B·n⟩=8.0e-03, Len=sum([4.8, 4.6, 4.3])=13.7, ϰ=[5.0, 6.2, 5.1], ∫ϰ²/L>=[5.3, 6.5, 6.7], C-C-Sep=0.20, ║∇J║=1.4e-02
-----On 8/20 Initial Guess Perturbations
Iteration 314/4500-----
J=1.2e-02, ⟨Jf⟩=1.4e-03, ⟨B·n⟩=8.0e-03, Len=sum([4.8, 4.6, 4.3])=13.6, ϰ=[5.3, 6.0, 5.3], ∫ϰ²/L>=[5.2, 6.6, 6.8], C-C-Sep=0.20, ║∇J║=1.2e-02
-----On 8/20 Initial Guess Perturbations
Iteration 315/4500-----
J=1.2e-02, ⟨Jf⟩=1.4e-03, ⟨B·n⟩=8.0e-03, Len=sum([4.8, 4.6, 4.3])=13.6, ϰ=[5.5, 5.8, 5.2], ∫ϰ²/L>=[5.2, 6.5, 6.9], C-C-Sep=0.20, ║∇J║=1.3e-02
-----On 8/20 Initial Guess Perturbations
Iteration 316/4500-----
J=1.2e-02, ⟨Jf⟩=1.4e-03, ⟨B·n⟩=8.0e-03, Len=sum([4.8, 4.6, 4.3])=13.6, ϰ=[5.8, 5.5, 4.9], ∫ϰ²/L>=[5.2, 6.4, 6.9], C-C-Sep=0.20, ║∇J║=1.5e-02
-----On 8/20 Initial Guess Perturbations
Iteration 317/4500-----
J=1.2e-02, ⟨Jf⟩=1.3e-03, ⟨B·n⟩=8.0e-03, Len=sum([4.8, 4.6, 4.3])=13.6, ϰ=[6.0, 5.3, 4.8], ∫ϰ²/L>=[5.2, 6.5, 6.9], C-C-Sep=0.20, ║∇J║=1.6e-02
-----On 8/20 Initial Guess Perturbations
Iteration 318/4500-----
J=1.2e-02, ⟨Jf⟩=1.3e-03, ⟨B·n⟩=8.0e-03, Len=sum([4.8, 4.6, 4.3])=13.6, ϰ=[5.9, 5.1, 5.0], ∫ϰ²/L>=[5.1, 6.5, 6.8], C-C-Sep=0.20, ║∇J║=1.5e-02
-----On 8/20 Initial Guess Perturbations
Iteration 319/4500-----
J=1.2e-02, ⟨Jf⟩=1.3e-03, ⟨B·n⟩=8.0e-03, Len=sum([4.8, 4.6, 4.3])=13.6, ϰ=[5.6, 5.1, 4.9], ∫ϰ²/L>=[5.1, 6.5, 6.6], C-C-Sep=0.20, ║∇J║=1.3e-02
-----On 8/20 Initial Guess Perturbations
Iteration 320/4500-----
J=1.2e-02, ⟨Jf⟩=1.3e-03, ⟨B·n⟩=8.0e-03, Len=sum([4.8, 4.6, 4.3])=13.6, ϰ=[5.5, 5.1, 4.8], ∫ϰ²/L>=[5.1, 6.5, 6.6], C-C-Sep=0.20, ║∇J║=1.2e-02
-----On 8/20 Initial Guess Perturbations
Iteration 321/4500-----
J=1.2e-02, ⟨Jf⟩=1.3e-03, ⟨B·n⟩=8.0e-03, Len=sum([4.8, 4.6, 4.3])=13.6, ϰ=[5.4, 4.9, 4.8], ∫ϰ²/L>=[5.1, 6.5, 6.6], C-C-Sep=0.20, ║∇J║=1.1e-02
-----On 8/20 Initial Guess Perturbations
Iteration 322/4500-----
J=1.2e-02, ⟨Jf⟩=1.3e-03, ⟨B·n⟩=8.0e-03, Len=sum([4.8, 4.6, 4.3])=13.6, ϰ=[5.5, 4.7, 4.6], ∫ϰ²/L>=[5.1, 6.5, 6.6], C-C-Sep=0.20, ║∇J║=1.2e-02
-----On 8/20 Initial Guess Perturbations
Iteration 323/4500-----
J=1.2e-02, ⟨Jf⟩=1.3e-03, ⟨B·n⟩=8.0e-03, Len=sum([4.8, 4.6, 4.2])=13.6, ϰ=[5.8, 4.9, 4.7], ∫ϰ²/L>=[5.2, 6.6, 6.7], C-C-Sep=0.20, ║∇J║=1.6e-02
-----On 8/20 Initial Guess Perturbations
Iteration 324/4500-----
J=1.2e-02, ⟨Jf⟩=1.3e-03, ⟨B·n⟩=8.0e-03, Len=sum([4.8, 4.6, 4.2])=13.6, ϰ=[5.7, 5.0, 4.8], ∫ϰ²/L>=[5.2, 6.6, 6.6], C-C-Sep=0.20, ║∇J║=1.2e-02
-----On 8/20 Initial Guess Perturbations
Iteration 325/4500-----
J=1.2e-02, ⟨Jf⟩=1.3e-03, ⟨B·n⟩=8.0e-03, Len=sum([4.8, 4.6, 4.2])=13.6, ϰ=[5.5, 5.0, 4.7], ∫ϰ²/L>=[5.2, 6.7, 6.6], C-C-Sep=0.20, ║∇J║=1.2e-02
-----On 8/20 Initial Guess Perturbations
Iteration 326/4500-----
J=1.2e-02, ⟨Jf⟩=1.3e-03, ⟨B·n⟩=8.0e-03, Len=sum([4.8, 4.6, 4.2])=13.6, ϰ=[5.3, 4.9, 4.7], ∫ϰ²/L>=[5.1, 6.7, 6.5], C-C-Sep=0.20, ║∇J║=1.2e-02
-----On 8/20 Initial Guess Perturbations
Iteration 327/4500-----
J=1.2e-02, ⟨Jf⟩=1.3e-03, ⟨B·n⟩=8.0e-03, Len=sum([4.8, 4.6, 4.2])=13.6, ϰ=[5.1, 4.9, 4.7], ∫ϰ²/L>=[5.1, 6.7, 6.5], C-C-Sep=0.20, ║∇J║=1.2e-02
-----On 8/20 Initial Guess Perturbations
Iteration 328/4500-----
J=1.2e-02, ⟨Jf⟩=1.3e-03, ⟨B·n⟩=8.0e-03, Len=sum([4.8, 4.6, 4.2])=13.6, ϰ=[5.0, 4.9, 4.7], ∫ϰ²/L>=[5.1, 6.6, 6.4], C-C-Sep=0.20, ║∇J║=1.3e-02
-----On 8/20 Initial Guess Perturbations
Iteration 329/4500-----
J=1.2e-02, ⟨Jf⟩=1.3e-03, ⟨B·n⟩=8.0e-03, Len=sum([4.8, 4.6, 4.2])=13.6, ϰ=[5.2, 5.0, 4.9], ∫ϰ²/L>=[5.1, 6.6, 6.4], C-C-Sep=0.20, ║∇J║=1.3e-02
-----On 8/20 Initial Guess Perturbations
Iteration 330/4500-----
J=1.2e-02, ⟨Jf⟩=1.3e-03, ⟨B·n⟩=8.0e-03, Len=sum([4.8, 4.6, 4.2])=13.6, ϰ=[5.3, 5.0, 4.8], ∫ϰ²/L>=[5.1, 6.5, 6.3], C-C-Sep=0.20, ║∇J║=1.1e-02
-----On 8/20 Initial Guess Perturbations
Iteration 331/4500-----
J=1.2e-02, ⟨Jf⟩=1.3e-03, ⟨B·n⟩=8.1e-03, Len=sum([4.8, 4.6, 4.2])=13.6, ϰ=[5.5, 5.1, 4.5], ∫ϰ²/L>=[5.2, 6.5, 6.3], C-C-Sep=0.20, ║∇J║=1.0e-02
-----On 8/20 Initial Guess Perturbations
Iteration 332/4500-----
J=1.2e-02, ⟨Jf⟩=1.3e-03, ⟨B·n⟩=8.1e-03, Len=sum([4.8, 4.6, 4.2])=13.6, ϰ=[5.4, 5.2, 4.5], ∫ϰ²/L>=[5.1, 6.4, 6.3], C-C-Sep=0.20, ║∇J║=1.3e-02
-----On 8/20 Initial Guess Perturbations
Iteration 333/4500-----
J=1.2e-02, ⟨Jf⟩=1.3e-03, ⟨B·n⟩=8.1e-03, Len=sum([4.8, 4.6, 4.2])=13.6, ϰ=[5.2, 5.5, 4.4], ∫ϰ²/L>=[5.1, 6.4, 6.3], C-C-Sep=0.20, ║∇J║=1.1e-02
-----On 8/20 Initial Guess Perturbations
Iteration 334/4500-----
J=1.2e-02, ⟨Jf⟩=1.3e-03, ⟨B·n⟩=8.1e-03, Len=sum([4.8, 4.6, 4.2])=13.6, ϰ=[5.0, 5.6, 4.4], ∫ϰ²/L>=[5.1, 6.5, 6.3], C-C-Sep=0.20, ║∇J║=1.0e-02
-----On 8/20 Initial Guess Perturbations
Iteration 335/4500-----
J=1.2e-02, ⟨Jf⟩=1.3e-03, ⟨B·n⟩=8.1e-03, Len=sum([4.8, 4.6, 4.2])=13.6, ϰ=[4.9, 5.5, 4.4], ∫ϰ²/L>=[5.0, 6.5, 6.3], C-C-Sep=0.20, ║∇J║=9.1e-03
-----On 8/20 Initial Guess Perturbations
Iteration 336/4500-----
J=1.2e-02, ⟨Jf⟩=1.3e-03, ⟨B·n⟩=8.1e-03, Len=sum([4.8, 4.6, 4.2])=13.6, ϰ=[4.9, 5.4, 4.6], ∫ϰ²/L>=[4.9, 6.5, 6.3], C-C-Sep=0.20, ║∇J║=8.3e-03
-----On 8/20 Initial Guess Perturbations
Iteration 337/4500-----
J=1.2e-02, ⟨Jf⟩=1.3e-03, ⟨B·n⟩=8.1e-03, Len=sum([4.8, 4.6, 4.2])=13.6, ϰ=[4.7, 5.3, 4.6], ∫ϰ²/L>=[4.9, 6.5, 6.2], C-C-Sep=0.20, ║∇J║=8.1e-03
-----On 8/20 Initial Guess Perturbations
Iteration 338/4500-----
J=1.2e-02, ⟨Jf⟩=1.3e-03, ⟨B·n⟩=8.1e-03, Len=sum([4.8, 4.6, 4.2])=13.6, ϰ=[4.8, 5.2, 4.6], ∫ϰ²/L>=[4.9, 6.5, 6.2], C-C-Sep=0.20, ║∇J║=9.3e-03
-----On 8/20 Initial Guess Perturbations
Iteration 339/4500-----
J=1.2e-02, ⟨Jf⟩=1.3e-03, ⟨B·n⟩=8.1e-03, Len=sum([4.8, 4.6, 4.2])=13.6, ϰ=[4.9, 5.1, 4.5], ∫ϰ²/L>=[4.9, 6.5, 6.3], C-C-Sep=0.20, ║∇J║=1.0e-02
-----On 8/20 Initial Guess Perturbations
Iteration 340/4500-----
J=1.2e-02, ⟨Jf⟩=1.3e-03, ⟨B·n⟩=8.1e-03, Len=sum([4.8, 4.6, 4.2])=13.6, ϰ=[5.0, 5.2, 4.6], ∫ϰ²/L>=[4.9, 6.5, 6.2], C-C-Sep=0.20, ║∇J║=6.2e-03
-----On 8/20 Initial Guess Perturbations
Iteration 341/4500-----
J=1.2e-02, ⟨Jf⟩=1.3e-03, ⟨B·n⟩=8.1e-03, Len=sum([4.8, 4.6, 4.2])=13.6, ϰ=[5.0, 5.4, 4.6], ∫ϰ²/L>=[4.8, 6.4, 6.2], C-C-Sep=0.20, ║∇J║=5.9e-03
-----On 8/20 Initial Guess Perturbations
Iteration 342/4500-----
J=1.2e-02, ⟨Jf⟩=1.3e-03, ⟨B·n⟩=8.1e-03, Len=sum([4.8, 4.6, 4.2])=13.6, ϰ=[5.0, 5.5, 4.5], ∫ϰ²/L>=[4.8, 6.4, 6.2], C-C-Sep=0.20, ║∇J║=7.0e-03
-----On 8/20 Initial Guess Perturbations
Iteration 343/4500-----
J=1.2e-02, ⟨Jf⟩=1.3e-03, ⟨B·n⟩=8.1e-03, Len=sum([4.8, 4.6, 4.2])=13.6, ϰ=[5.0, 5.7, 4.6], ∫ϰ²/L>=[4.8, 6.4, 6.1], C-C-Sep=0.20, ║∇J║=6.7e-03
-----On 8/20 Initial Guess Perturbations
Iteration 344/4500-----
J=1.2e-02, ⟨Jf⟩=1.3e-03, ⟨B·n⟩=8.1e-03, Len=sum([4.8, 4.6, 4.2])=13.6, ϰ=[5.0, 5.6, 4.6], ∫ϰ²/L>=[4.8, 6.4, 6.1], C-C-Sep=0.20, ║∇J║=8.4e-03
-----On 8/20 Initial Guess Perturbations
Iteration 345/4500-----
J=1.2e-02, ⟨Jf⟩=1.3e-03, ⟨B·n⟩=8.1e-03, Len=sum([4.8, 4.6, 4.2])=13.6, ϰ=[5.0, 5.6, 4.6], ∫ϰ²/L>=[4.8, 6.4, 6.1], C-C-Sep=0.20, ║∇J║=6.3e-03
-----On 8/20 Initial Guess Perturbations
Iteration 346/4500-----
J=1.2e-02, ⟨Jf⟩=1.3e-03, ⟨B·n⟩=8.1e-03, Len=sum([4.8, 4.6, 4.2])=13.6, ϰ=[5.0, 5.5, 4.6], ∫ϰ²/L>=[4.8, 6.3, 6.1], C-C-Sep=0.20, ║∇J║=5.8e-03
-----On 8/20 Initial Guess Perturbations
Iteration 347/4500-----
J=1.2e-02, ⟨Jf⟩=1.3e-03, ⟨B·n⟩=8.1e-03, Len=sum([4.8, 4.6, 4.2])=13.6, ϰ=[4.9, 5.5, 4.6], ∫ϰ²/L>=[4.8, 6.3, 6.1], C-C-Sep=0.20, ║∇J║=5.4e-03
-----On 8/20 Initial Guess Perturbations
Iteration 348/4500-----
J=1.2e-02, ⟨Jf⟩=1.3e-03, ⟨B·n⟩=8.1e-03, Len=sum([4.8, 4.6, 4.2])=13.6, ϰ=[4.8, 5.4, 4.7], ∫ϰ²/L>=[4.8, 6.3, 6.2], C-C-Sep=0.20, ║∇J║=4.9e-03
-----On 8/20 Initial Guess Perturbations
Iteration 349/4500-----
J=1.2e-02, ⟨Jf⟩=1.3e-03, ⟨B·n⟩=8.1e-03, Len=sum([4.8, 4.6, 4.2])=13.6, ϰ=[4.8, 5.4, 4.8], ∫ϰ²/L>=[4.7, 6.3, 6.2], C-C-Sep=0.20, ║∇J║=5.7e-03
-----On 8/20 Initial Guess Perturbations
Iteration 350/4500-----
J=1.2e-02, ⟨Jf⟩=1.3e-03, ⟨B·n⟩=8.1e-03, Len=sum([4.8, 4.6, 4.2])=13.6, ϰ=[4.7, 5.3, 4.8], ∫ϰ²/L>=[4.7, 6.3, 6.2], C-C-Sep=0.20, ║∇J║=5.1e-03
-----On 8/20 Initial Guess Perturbations
Iteration 351/4500-----
J=1.2e-02, ⟨Jf⟩=1.3e-03, ⟨B·n⟩=8.1e-03, Len=sum([4.8, 4.6, 4.2])=13.6, ϰ=[4.7, 5.3, 4.8], ∫ϰ²/L>=[4.7, 6.3, 6.2], C-C-Sep=0.20, ║∇J║=4.9e-03
-----On 8/20 Initial Guess Perturbations
Iteration 352/4500-----
J=1.2e-02, ⟨Jf⟩=1.3e-03, ⟨B·n⟩=8.1e-03, Len=sum([4.8, 4.6, 4.2])=13.6, ϰ=[4.7, 5.2, 4.6], ∫ϰ²/L>=[4.7, 6.3, 6.2], C-C-Sep=0.20, ║∇J║=4.7e-03
-----On 8/20 Initial Guess Perturbations
Iteration 353/4500-----
J=1.2e-02, ⟨Jf⟩=1.3e-03, ⟨B·n⟩=8.1e-03, Len=sum([4.8, 4.6, 4.2])=13.6, ϰ=[4.7, 5.1, 4.5], ∫ϰ²/L>=[4.7, 6.3, 6.2], C-C-Sep=0.20, ║∇J║=4.7e-03
-----On 8/20 Initial Guess Perturbations
Iteration 354/4500-----
J=1.2e-02, ⟨Jf⟩=1.3e-03, ⟨B·n⟩=8.1e-03, Len=sum([4.8, 4.6, 4.2])=13.6, ϰ=[4.7, 5.1, 4.4], ∫ϰ²/L>=[4.7, 6.3, 6.2], C-C-Sep=0.20, ║∇J║=4.4e-03
-----On 8/20 Initial Guess Perturbations
Iteration 355/4500-----
J=1.2e-02, ⟨Jf⟩=1.3e-03, ⟨B·n⟩=8.1e-03, Len=sum([4.8, 4.6, 4.2])=13.6, ϰ=[4.6, 5.1, 4.4], ∫ϰ²/L>=[4.7, 6.3, 6.2], C-C-Sep=0.20, ║∇J║=4.6e-03
-----On 8/20 Initial Guess Perturbations
Iteration 356/4500-----
J=1.2e-02, ⟨Jf⟩=1.3e-03, ⟨B·n⟩=8.1e-03, Len=sum([4.8, 4.6, 4.2])=13.6, ϰ=[4.6, 5.1, 4.4], ∫ϰ²/L>=[4.7, 6.2, 6.2], C-C-Sep=0.20, ║∇J║=4.4e-03
-----On 8/20 Initial Guess Perturbations
Iteration 357/4500-----
J=1.2e-02, ⟨Jf⟩=1.3e-03, ⟨B·n⟩=8.1e-03, Len=sum([4.8, 4.6, 4.2])=13.6, ϰ=[4.5, 5.2, 4.4], ∫ϰ²/L>=[4.7, 6.2, 6.2], C-C-Sep=0.20, ║∇J║=4.2e-03
-----On 8/20 Initial Guess Perturbations
Iteration 358/4500-----
J=1.2e-02, ⟨Jf⟩=1.3e-03, ⟨B·n⟩=8.1e-03, Len=sum([4.8, 4.6, 4.2])=13.6, ϰ=[4.5, 5.2, 4.4], ∫ϰ²/L>=[4.7, 6.2, 6.2], C-C-Sep=0.20, ║∇J║=3.5e-03
-----On 8/20 Initial Guess Perturbations
Iteration 359/4500-----
J=1.2e-02, ⟨Jf⟩=1.3e-03, ⟨B·n⟩=8.1e-03, Len=sum([4.8, 4.6, 4.2])=13.6, ϰ=[4.5, 5.3, 4.4], ∫ϰ²/L>=[4.7, 6.2, 6.2], C-C-Sep=0.20, ║∇J║=3.5e-03
-----On 8/20 Initial Guess Perturbations
Iteration 360/4500-----
J=1.2e-02, ⟨Jf⟩=1.3e-03, ⟨B·n⟩=8.1e-03, Len=sum([4.8, 4.6, 4.2])=13.6, ϰ=[4.5, 5.2, 4.5], ∫ϰ²/L>=[4.7, 6.2, 6.2], C-C-Sep=0.20, ║∇J║=3.7e-03
-----On 8/20 Initial Guess Perturbations
Iteration 361/4500-----
J=1.2e-02, ⟨Jf⟩=1.3e-03, ⟨B·n⟩=8.1e-03, Len=sum([4.8, 4.6, 4.2])=13.6, ϰ=[4.5, 5.2, 4.5], ∫ϰ²/L>=[4.7, 6.2, 6.2], C-C-Sep=0.20, ║∇J║=4.4e-03
-----On 8/20 Initial Guess Perturbations
Iteration 362/4500-----
J=1.2e-02, ⟨Jf⟩=1.3e-03, ⟨B·n⟩=8.1e-03, Len=sum([4.8, 4.6, 4.2])=13.6, ϰ=[4.6, 5.2, 4.6], ∫ϰ²/L>=[4.7, 6.2, 6.2], C-C-Sep=0.20, ║∇J║=3.5e-03
-----On 8/20 Initial Guess Perturbations
Iteration 363/4500-----
J=1.2e-02, ⟨Jf⟩=1.3e-03, ⟨B·n⟩=8.1e-03, Len=sum([4.8, 4.6, 4.2])=13.6, ϰ=[4.7, 5.2, 4.5], ∫ϰ²/L>=[4.7, 6.2, 6.2], C-C-Sep=0.20, ║∇J║=3.2e-03
-----On 8/20 Initial Guess Perturbations
Iteration 364/4500-----
J=1.2e-02, ⟨Jf⟩=1.3e-03, ⟨B·n⟩=8.1e-03, Len=sum([4.8, 4.6, 4.2])=13.6, ϰ=[4.7, 5.3, 4.5], ∫ϰ²/L>=[4.7, 6.2, 6.2], C-C-Sep=0.20, ║∇J║=3.7e-03
-----On 8/20 Initial Guess Perturbations
Iteration 365/4500-----
J=1.2e-02, ⟨Jf⟩=1.3e-03, ⟨B·n⟩=8.1e-03, Len=sum([4.8, 4.6, 4.2])=13.6, ϰ=[4.8, 5.3, 4.4], ∫ϰ²/L>=[4.7, 6.2, 6.3], C-C-Sep=0.20, ║∇J║=4.0e-03
-----On 8/20 Initial Guess Perturbations
Iteration 366/4500-----
J=1.2e-02, ⟨Jf⟩=1.3e-03, ⟨B·n⟩=8.1e-03, Len=sum([4.8, 4.6, 4.2])=13.6, ϰ=[4.8, 5.3, 4.5], ∫ϰ²/L>=[4.7, 6.2, 6.2], C-C-Sep=0.20, ║∇J║=3.1e-03
-----On 8/20 Initial Guess Perturbations
Iteration 367/4500-----
J=1.2e-02, ⟨Jf⟩=1.3e-03, ⟨B·n⟩=8.1e-03, Len=sum([4.8, 4.6, 4.2])=13.6, ϰ=[4.8, 5.3, 4.5], ∫ϰ²/L>=[4.7, 6.2, 6.2], C-C-Sep=0.20, ║∇J║=3.0e-03
-----On 8/20 Initial Guess Perturbations
Iteration 368/4500-----
J=1.2e-02, ⟨Jf⟩=1.3e-03, ⟨B·n⟩=8.1e-03, Len=sum([4.8, 4.6, 4.2])=13.6, ϰ=[4.8, 5.3, 4.4], ∫ϰ²/L>=[4.7, 6.2, 6.2], C-C-Sep=0.20, ║∇J║=3.5e-03
-----On 8/20 Initial Guess Perturbations
Iteration 369/4500-----
J=1.2e-02, ⟨Jf⟩=1.3e-03, ⟨B·n⟩=8.1e-03, Len=sum([4.8, 4.6, 4.2])=13.6, ϰ=[4.9, 5.3, 4.5], ∫ϰ²/L>=[4.7, 6.2, 6.2], C-C-Sep=0.20, ║∇J║=3.3e-03
-----On 8/20 Initial Guess Perturbations
Iteration 370/4500-----
J=1.2e-02, ⟨Jf⟩=1.3e-03, ⟨B·n⟩=8.1e-03, Len=sum([4.8, 4.6, 4.2])=13.6, ϰ=[4.9, 5.4, 4.5], ∫ϰ²/L>=[4.7, 6.2, 6.2], C-C-Sep=0.20, ║∇J║=4.0e-03
-----On 8/20 Initial Guess Perturbations
Iteration 371/4500-----
J=1.2e-02, ⟨Jf⟩=1.3e-03, ⟨B·n⟩=8.1e-03, Len=sum([4.8, 4.6, 4.2])=13.6, ϰ=[4.9, 5.4, 4.5], ∫ϰ²/L>=[4.7, 6.2, 6.2], C-C-Sep=0.20, ║∇J║=3.0e-03
-----On 8/20 Initial Guess Perturbations
Iteration 372/4500-----
J=1.2e-02, ⟨Jf⟩=1.3e-03, ⟨B·n⟩=8.0e-03, Len=sum([4.8, 4.6, 4.2])=13.6, ϰ=[4.8, 5.4, 4.4], ∫ϰ²/L>=[4.7, 6.2, 6.2], C-C-Sep=0.20, ║∇J║=2.5e-03
-----On 8/20 Initial Guess Perturbations
Iteration 373/4500-----
J=1.2e-02, ⟨Jf⟩=1.3e-03, ⟨B·n⟩=8.0e-03, Len=sum([4.8, 4.6, 4.2])=13.6, ϰ=[4.8, 5.4, 4.4], ∫ϰ²/L>=[4.7, 6.2, 6.2], C-C-Sep=0.20, ║∇J║=2.3e-03
-----On 8/20 Initial Guess Perturbations
Iteration 374/4500-----
J=1.2e-02, ⟨Jf⟩=1.3e-03, ⟨B·n⟩=8.0e-03, Len=sum([4.8, 4.6, 4.2])=13.6, ϰ=[4.8, 5.4, 4.4], ∫ϰ²/L>=[4.7, 6.2, 6.2], C-C-Sep=0.20, ║∇J║=2.7e-03
-----On 8/20 Initial Guess Perturbations
Iteration 375/4500-----
J=1.2e-02, ⟨Jf⟩=1.3e-03, ⟨B·n⟩=8.0e-03, Len=sum([4.8, 4.6, 4.2])=13.6, ϰ=[4.8, 5.4, 4.4], ∫ϰ²/L>=[4.7, 6.2, 6.2], C-C-Sep=0.20, ║∇J║=2.8e-03
-----On 8/20 Initial Guess Perturbations
Iteration 376/4500-----
J=1.2e-02, ⟨Jf⟩=1.3e-03, ⟨B·n⟩=8.0e-03, Len=sum([4.8, 4.6, 4.2])=13.6, ϰ=[4.8, 5.4, 4.4], ∫ϰ²/L>=[4.7, 6.2, 6.2], C-C-Sep=0.20, ║∇J║=3.0e-03
-----On 8/20 Initial Guess Perturbations
Iteration 377/4500-----
J=1.2e-02, ⟨Jf⟩=1.3e-03, ⟨B·n⟩=8.0e-03, Len=sum([4.8, 4.6, 4.2])=13.6, ϰ=[4.8, 5.3, 4.4], ∫ϰ²/L>=[4.7, 6.2, 6.2], C-C-Sep=0.20, ║∇J║=2.5e-03
-----On 8/20 Initial Guess Perturbations
Iteration 378/4500-----
J=1.2e-02, ⟨Jf⟩=1.3e-03, ⟨B·n⟩=8.0e-03, Len=sum([4.8, 4.6, 4.2])=13.6, ϰ=[4.9, 5.2, 4.4], ∫ϰ²/L>=[4.7, 6.2, 6.2], C-C-Sep=0.20, ║∇J║=2.0e-03
-----On 8/20 Initial Guess Perturbations
Iteration 379/4500-----
J=1.2e-02, ⟨Jf⟩=1.3e-03, ⟨B·n⟩=8.0e-03, Len=sum([4.8, 4.6, 4.2])=13.6, ϰ=[4.9, 5.2, 4.4], ∫ϰ²/L>=[4.7, 6.2, 6.2], C-C-Sep=0.20, ║∇J║=2.0e-03
-----On 8/20 Initial Guess Perturbations
Iteration 380/4500-----
J=1.2e-02, ⟨Jf⟩=1.3e-03, ⟨B·n⟩=8.0e-03, Len=sum([4.8, 4.6, 4.2])=13.6, ϰ=[4.9, 5.2, 4.5], ∫ϰ²/L>=[4.7, 6.2, 6.2], C-C-Sep=0.20, ║∇J║=2.1e-03
-----On 8/20 Initial Guess Perturbations
Iteration 381/4500-----
J=1.2e-02, ⟨Jf⟩=1.3e-03, ⟨B·n⟩=8.0e-03, Len=sum([4.8, 4.6, 4.2])=13.6, ϰ=[4.9, 5.2, 4.5], ∫ϰ²/L>=[4.7, 6.1, 6.2], C-C-Sep=0.20, ║∇J║=2.2e-03
-----On 8/20 Initial Guess Perturbations
Iteration 382/4500-----
J=1.2e-02, ⟨Jf⟩=1.3e-03, ⟨B·n⟩=8.0e-03, Len=sum([4.8, 4.6, 4.2])=13.6, ϰ=[4.9, 5.2, 4.5], ∫ϰ²/L>=[4.7, 6.1, 6.2], C-C-Sep=0.20, ║∇J║=1.7e-03
-----On 8/20 Initial Guess Perturbations
Iteration 383/4500-----
J=1.2e-02, ⟨Jf⟩=1.3e-03, ⟨B·n⟩=8.0e-03, Len=sum([4.8, 4.6, 4.2])=13.6, ϰ=[4.9, 5.2, 4.4], ∫ϰ²/L>=[4.7, 6.1, 6.2], C-C-Sep=0.20, ║∇J║=1.5e-03
-----On 8/20 Initial Guess Perturbations
Iteration 384/4500-----
J=1.2e-02, ⟨Jf⟩=1.3e-03, ⟨B·n⟩=8.0e-03, Len=sum([4.8, 4.6, 4.2])=13.6, ϰ=[4.9, 5.2, 4.4], ∫ϰ²/L>=[4.7, 6.1, 6.2], C-C-Sep=0.20, ║∇J║=1.7e-03
-----On 8/20 Initial Guess Perturbations
Iteration 385/4500-----
J=1.2e-02, ⟨Jf⟩=1.3e-03, ⟨B·n⟩=8.0e-03, Len=sum([4.8, 4.6, 4.2])=13.6, ϰ=[4.9, 5.2, 4.5], ∫ϰ²/L>=[4.7, 6.1, 6.2], C-C-Sep=0.20, ║∇J║=1.8e-03
-----On 8/20 Initial Guess Perturbations
Iteration 386/4500-----
J=1.2e-02, ⟨Jf⟩=1.3e-03, ⟨B·n⟩=8.0e-03, Len=sum([4.8, 4.6, 4.2])=13.6, ϰ=[4.8, 5.3, 4.6], ∫ϰ²/L>=[4.7, 6.1, 6.2], C-C-Sep=0.20, ║∇J║=1.7e-03
-----On 8/20 Initial Guess Perturbations
Iteration 387/4500-----
J=1.2e-02, ⟨Jf⟩=1.3e-03, ⟨B·n⟩=8.0e-03, Len=sum([4.8, 4.6, 4.2])=13.6, ϰ=[4.8, 5.3, 4.6], ∫ϰ²/L>=[4.7, 6.1, 6.2], C-C-Sep=0.20, ║∇J║=1.4e-03
-----On 8/20 Initial Guess Perturbations
Iteration 388/4500-----
J=1.2e-02, ⟨Jf⟩=1.3e-03, ⟨B·n⟩=8.0e-03, Len=sum([4.8, 4.6, 4.2])=13.6, ϰ=[4.8, 5.3, 4.6], ∫ϰ²/L>=[4.7, 6.1, 6.2], C-C-Sep=0.20, ║∇J║=1.3e-03
-----On 8/20 Initial Guess Perturbations
Iteration 389/4500-----
J=1.2e-02, ⟨Jf⟩=1.3e-03, ⟨B·n⟩=8.0e-03, Len=sum([4.8, 4.6, 4.2])=13.6, ϰ=[4.8, 5.3, 4.6], ∫ϰ²/L>=[4.7, 6.1, 6.2], C-C-Sep=0.20, ║∇J║=1.4e-03
-----On 8/20 Initial Guess Perturbations
Iteration 390/4500-----
J=1.2e-02, ⟨Jf⟩=1.3e-03, ⟨B·n⟩=8.0e-03, Len=sum([4.8, 4.6, 4.2])=13.6, ϰ=[4.8, 5.3, 4.6], ∫ϰ²/L>=[4.7, 6.1, 6.2], C-C-Sep=0.20, ║∇J║=1.2e-03
-----On 8/20 Initial Guess Perturbations
Iteration 391/4500-----
J=1.2e-02, ⟨Jf⟩=1.3e-03, ⟨B·n⟩=8.0e-03, Len=sum([4.8, 4.6, 4.2])=13.6, ϰ=[4.8, 5.3, 4.6], ∫ϰ²/L>=[4.7, 6.1, 6.2], C-C-Sep=0.20, ║∇J║=1.4e-03
-----On 8/20 Initial Guess Perturbations
Iteration 392/4500-----
J=1.2e-02, ⟨Jf⟩=1.3e-03, ⟨B·n⟩=8.0e-03, Len=sum([4.8, 4.6, 4.2])=13.6, ϰ=[4.9, 5.3, 4.6], ∫ϰ²/L>=[4.7, 6.1, 6.2], C-C-Sep=0.20, ║∇J║=1.3e-03
-----On 8/20 Initial Guess Perturbations
Iteration 393/4500-----
J=1.2e-02, ⟨Jf⟩=1.3e-03, ⟨B·n⟩=8.0e-03, Len=sum([4.8, 4.6, 4.2])=13.6, ϰ=[4.9, 5.3, 4.6], ∫ϰ²/L>=[4.7, 6.1, 6.2], C-C-Sep=0.20, ║∇J║=1.2e-03
-----On 8/20 Initial Guess Perturbations
Iteration 394/4500-----
J=1.2e-02, ⟨Jf⟩=1.3e-03, ⟨B·n⟩=8.0e-03, Len=sum([4.8, 4.6, 4.2])=13.6, ϰ=[4.9, 5.3, 4.6], ∫ϰ²/L>=[4.7, 6.1, 6.2], C-C-Sep=0.20, ║∇J║=9.7e-04
-----On 8/20 Initial Guess Perturbations
Iteration 395/4500-----
J=1.2e-02, ⟨Jf⟩=1.3e-03, ⟨B·n⟩=8.0e-03, Len=sum([4.8, 4.6, 4.2])=13.6, ϰ=[4.9, 5.3, 4.6], ∫ϰ²/L>=[4.7, 6.1, 6.2], C-C-Sep=0.20, ║∇J║=1.1e-03
-----On 8/20 Initial Guess Perturbations
Iteration 396/4500-----
J=1.2e-02, ⟨Jf⟩=1.3e-03, ⟨B·n⟩=8.0e-03, Len=sum([4.8, 4.6, 4.2])=13.6, ϰ=[4.8, 5.3, 4.6], ∫ϰ²/L>=[4.7, 6.1, 6.2], C-C-Sep=0.20, ║∇J║=9.3e-04
-----On 8/20 Initial Guess Perturbations
Iteration 397/4500-----
J=1.2e-02, ⟨Jf⟩=1.3e-03, ⟨B·n⟩=8.0e-03, Len=sum([4.8, 4.6, 4.2])=13.6, ϰ=[4.8, 5.3, 4.6], ∫ϰ²/L>=[4.7, 6.1, 6.2], C-C-Sep=0.20, ║∇J║=8.9e-04
-----On 8/20 Initial Guess Perturbations
Iteration 398/4500-----
J=1.2e-02, ⟨Jf⟩=1.3e-03, ⟨B·n⟩=8.0e-03, Len=sum([4.8, 4.6, 4.2])=13.6, ϰ=[4.8, 5.3, 4.6], ∫ϰ²/L>=[4.7, 6.1, 6.2], C-C-Sep=0.20, ║∇J║=8.8e-04
-----On 8/20 Initial Guess Perturbations
Iteration 399/4500-----
J=1.2e-02, ⟨Jf⟩=1.3e-03, ⟨B·n⟩=8.0e-03, Len=sum([4.8, 4.6, 4.2])=13.6, ϰ=[4.8, 5.3, 4.5], ∫ϰ²/L>=[4.7, 6.1, 6.2], C-C-Sep=0.20, ║∇J║=7.4e-04
-----On 8/20 Initial Guess Perturbations
Iteration 400/4500-----
J=1.2e-02, ⟨Jf⟩=1.3e-03, ⟨B·n⟩=8.0e-03, Len=sum([4.8, 4.6, 4.2])=13.6, ϰ=[4.8, 5.3, 4.5], ∫ϰ²/L>=[4.7, 6.1, 6.2], C-C-Sep=0.20, ║∇J║=6.8e-04
-----On 8/20 Initial Guess Perturbations
Iteration 401/4500-----
J=1.2e-02, ⟨Jf⟩=1.3e-03, ⟨B·n⟩=8.0e-03, Len=sum([4.8, 4.6, 4.2])=13.6, ϰ=[4.8, 5.2, 4.5], ∫ϰ²/L>=[4.7, 6.1, 6.2], C-C-Sep=0.20, ║∇J║=6.9e-04
-----On 8/20 Initial Guess Perturbations
Iteration 402/4500-----
J=1.2e-02, ⟨Jf⟩=1.3e-03, ⟨B·n⟩=8.0e-03, Len=sum([4.8, 4.6, 4.2])=13.6, ϰ=[4.8, 5.2, 4.5], ∫ϰ²/L>=[4.7, 6.1, 6.2], C-C-Sep=0.20, ║∇J║=8.6e-04
-----On 8/20 Initial Guess Perturbations
Iteration 403/4500-----
J=1.2e-02, ⟨Jf⟩=1.3e-03, ⟨B·n⟩=8.0e-03, Len=sum([4.8, 4.6, 4.2])=13.6, ϰ=[4.8, 5.2, 4.5], ∫ϰ²/L>=[4.7, 6.1, 6.2], C-C-Sep=0.20, ║∇J║=7.9e-04
-----On 8/20 Initial Guess Perturbations
Iteration 404/4500-----
J=1.2e-02, ⟨Jf⟩=1.3e-03, ⟨B·n⟩=8.0e-03, Len=sum([4.8, 4.6, 4.2])=13.6, ϰ=[4.8, 5.2, 4.5], ∫ϰ²/L>=[4.7, 6.1, 6.2], C-C-Sep=0.20, ║∇J║=6.9e-04
-----On 8/20 Initial Guess Perturbations
Iteration 405/4500-----
J=1.2e-02, ⟨Jf⟩=1.3e-03, ⟨B·n⟩=8.0e-03, Len=sum([4.8, 4.6, 4.2])=13.6, ϰ=[4.8, 5.2, 4.5], ∫ϰ²/L>=[4.7, 6.1, 6.2], C-C-Sep=0.20, ║∇J║=7.6e-04
-----On 8/20 Initial Guess Perturbations
Iteration 406/4500-----
J=1.2e-02, ⟨Jf⟩=1.3e-03, ⟨B·n⟩=8.0e-03, Len=sum([4.8, 4.6, 4.2])=13.6, ϰ=[4.8, 5.3, 4.5], ∫ϰ²/L>=[4.7, 6.1, 6.2], C-C-Sep=0.20, ║∇J║=6.0e-04
-----On 8/20 Initial Guess Perturbations
Iteration 407/4500-----
J=1.2e-02, ⟨Jf⟩=1.3e-03, ⟨B·n⟩=8.0e-03, Len=sum([4.8, 4.6, 4.2])=13.6, ϰ=[4.8, 5.3, 4.5], ∫ϰ²/L>=[4.7, 6.1, 6.2], C-C-Sep=0.20, ║∇J║=6.1e-04
-----On 8/20 Initial Guess Perturbations
Iteration 408/4500-----
J=1.2e-02, ⟨Jf⟩=1.3e-03, ⟨B·n⟩=8.0e-03, Len=sum([4.8, 4.6, 4.2])=13.6, ϰ=[4.8, 5.3, 4.5], ∫ϰ²/L>=[4.7, 6.1, 6.2], C-C-Sep=0.20, ║∇J║=7.6e-04
-----On 8/20 Initial Guess Perturbations
Iteration 409/4500-----
J=1.2e-02, ⟨Jf⟩=1.3e-03, ⟨B·n⟩=8.0e-03, Len=sum([4.8, 4.6, 4.2])=13.6, ϰ=[4.8, 5.3, 4.5], ∫ϰ²/L>=[4.7, 6.1, 6.2], C-C-Sep=0.20, ║∇J║=7.8e-04
-----On 8/20 Initial Guess Perturbations
Iteration 410/4500-----
J=1.2e-02, ⟨Jf⟩=1.3e-03, ⟨B·n⟩=8.0e-03, Len=sum([4.8, 4.6, 4.2])=13.6, ϰ=[4.8, 5.3, 4.5], ∫ϰ²/L>=[4.7, 6.1, 6.2], C-C-Sep=0.20, ║∇J║=6.2e-04
-----On 8/20 Initial Guess Perturbations
Iteration 411/4500-----
J=1.2e-02, ⟨Jf⟩=1.3e-03, ⟨B·n⟩=8.0e-03, Len=sum([4.8, 4.6, 4.2])=13.6, ϰ=[4.8, 5.3, 4.5], ∫ϰ²/L>=[4.7, 6.1, 6.2], C-C-Sep=0.20, ║∇J║=5.5e-04
-----On 8/20 Initial Guess Perturbations
Iteration 412/4500-----
J=1.2e-02, ⟨Jf⟩=1.3e-03, ⟨B·n⟩=8.0e-03, Len=sum([4.8, 4.6, 4.2])=13.6, ϰ=[4.8, 5.3, 4.5], ∫ϰ²/L>=[4.7, 6.1, 6.2], C-C-Sep=0.20, ║∇J║=6.8e-04
-----On 8/20 Initial Guess Perturbations
Iteration 413/4500-----
J=1.2e-02, ⟨Jf⟩=1.3e-03, ⟨B·n⟩=8.0e-03, Len=sum([4.8, 4.6, 4.2])=13.6, ϰ=[4.8, 5.3, 4.5], ∫ϰ²/L>=[4.7, 6.1, 6.2], C-C-Sep=0.20, ║∇J║=6.6e-04
-----On 8/20 Initial Guess Perturbations
Iteration 414/4500-----
J=1.2e-02, ⟨Jf⟩=1.3e-03, ⟨B·n⟩=8.0e-03, Len=sum([4.8, 4.6, 4.2])=13.6, ϰ=[4.8, 5.3, 4.6], ∫ϰ²/L>=[4.7, 6.1, 6.2], C-C-Sep=0.20, ║∇J║=7.1e-04
-----On 8/20 Initial Guess Perturbations
Iteration 415/4500-----
J=1.2e-02, ⟨Jf⟩=1.3e-03, ⟨B·n⟩=8.0e-03, Len=sum([4.8, 4.6, 4.2])=13.6, ϰ=[4.8, 5.3, 4.6], ∫ϰ²/L>=[4.7, 6.1, 6.2], C-C-Sep=0.20, ║∇J║=8.1e-04
-----On 8/20 Initial Guess Perturbations
Iteration 416/4500-----
J=1.2e-02, ⟨Jf⟩=1.3e-03, ⟨B·n⟩=8.0e-03, Len=sum([4.8, 4.6, 4.2])=13.6, ϰ=[4.8, 5.3, 4.6], ∫ϰ²/L>=[4.7, 6.1, 6.2], C-C-Sep=0.20, ║∇J║=5.7e-04
-----On 8/20 Initial Guess Perturbations
Iteration 417/4500-----
J=1.2e-02, ⟨Jf⟩=1.3e-03, ⟨B·n⟩=8.0e-03, Len=sum([4.8, 4.6, 4.2])=13.6, ϰ=[4.8, 5.3, 4.6], ∫ϰ²/L>=[4.7, 6.1, 6.2], C-C-Sep=0.20, ║∇J║=5.3e-04
-----On 8/20 Initial Guess Perturbations
Iteration 418/4500-----
J=1.2e-02, ⟨Jf⟩=1.3e-03, ⟨B·n⟩=8.0e-03, Len=sum([4.8, 4.6, 4.2])=13.6, ϰ=[4.8, 5.3, 4.6], ∫ϰ²/L>=[4.7, 6.1, 6.2], C-C-Sep=0.20, ║∇J║=5.7e-04
-----On 8/20 Initial Guess Perturbations
Iteration 419/4500-----
J=1.2e-02, ⟨Jf⟩=1.3e-03, ⟨B·n⟩=8.0e-03, Len=sum([4.8, 4.6, 4.2])=13.6, ϰ=[4.8, 5.3, 4.5], ∫ϰ²/L>=[4.7, 6.1, 6.2], C-C-Sep=0.20, ║∇J║=8.0e-04
-----On 8/20 Initial Guess Perturbations
Iteration 420/4500-----
J=1.2e-02, ⟨Jf⟩=1.3e-03, ⟨B·n⟩=8.0e-03, Len=sum([4.8, 4.6, 4.2])=13.6, ϰ=[4.8, 5.3, 4.5], ∫ϰ²/L>=[4.7, 6.1, 6.2], C-C-Sep=0.20, ║∇J║=6.1e-04
-----On 8/20 Initial Guess Perturbations
Iteration 421/4500-----
J=1.2e-02, ⟨Jf⟩=1.3e-03, ⟨B·n⟩=8.0e-03, Len=sum([4.8, 4.6, 4.2])=13.6, ϰ=[4.8, 5.3, 4.5], ∫ϰ²/L>=[4.7, 6.1, 6.2], C-C-Sep=0.20, ║∇J║=5.1e-04
-----On 8/20 Initial Guess Perturbations
Iteration 422/4500-----
J=1.2e-02, ⟨Jf⟩=1.3e-03, ⟨B·n⟩=8.0e-03, Len=sum([4.8, 4.6, 4.2])=13.6, ϰ=[4.8, 5.3, 4.5], ∫ϰ²/L>=[4.7, 6.1, 6.2], C-C-Sep=0.20, ║∇J║=5.6e-04
-----On 8/20 Initial Guess Perturbations
Iteration 423/4500-----
J=1.2e-02, ⟨Jf⟩=1.3e-03, ⟨B·n⟩=8.0e-03, Len=sum([4.8, 4.6, 4.2])=13.6, ϰ=[4.8, 5.3, 4.6], ∫ϰ²/L>=[4.7, 6.1, 6.2], C-C-Sep=0.20, ║∇J║=4.9e-04
-----On 8/20 Initial Guess Perturbations
Iteration 424/4500-----
J=1.2e-02, ⟨Jf⟩=1.3e-03, ⟨B·n⟩=8.0e-03, Len=sum([4.8, 4.6, 4.2])=13.6, ϰ=[4.8, 5.3, 4.6], ∫ϰ²/L>=[4.7, 6.1, 6.2], C-C-Sep=0.20, ║∇J║=4.9e-04
-----On 8/20 Initial Guess Perturbations
Iteration 425/4500-----
J=1.2e-02, ⟨Jf⟩=1.3e-03, ⟨B·n⟩=8.0e-03, Len=sum([4.8, 4.6, 4.2])=13.6, ϰ=[4.8, 5.3, 4.6], ∫ϰ²/L>=[4.7, 6.1, 6.2], C-C-Sep=0.20, ║∇J║=5.0e-04
-----On 8/20 Initial Guess Perturbations
Iteration 426/4500-----
J=1.2e-02, ⟨Jf⟩=1.3e-03, ⟨B·n⟩=8.0e-03, Len=sum([4.8, 4.6, 4.2])=13.6, ϰ=[4.8, 5.3, 4.6], ∫ϰ²/L>=[4.7, 6.1, 6.2], C-C-Sep=0.20, ║∇J║=4.0e-04
-----On 8/20 Initial Guess Perturbations
Iteration 427/4500-----
J=1.2e-02, ⟨Jf⟩=1.3e-03, ⟨B·n⟩=8.0e-03, Len=sum([4.8, 4.6, 4.2])=13.6, ϰ=[4.8, 5.3, 4.6], ∫ϰ²/L>=[4.7, 6.1, 6.2], C-C-Sep=0.20, ║∇J║=3.6e-04
-----On 8/20 Initial Guess Perturbations
Iteration 428/4500-----
J=1.2e-02, ⟨Jf⟩=1.3e-03, ⟨B·n⟩=8.0e-03, Len=sum([4.8, 4.6, 4.2])=13.6, ϰ=[4.8, 5.3, 4.6], ∫ϰ²/L>=[4.7, 6.1, 6.2], C-C-Sep=0.20, ║∇J║=4.2e-04
-----On 8/20 Initial Guess Perturbations
Iteration 429/4500-----
J=1.2e-02, ⟨Jf⟩=1.3e-03, ⟨B·n⟩=8.0e-03, Len=sum([4.8, 4.6, 4.2])=13.6, ϰ=[4.8, 5.3, 4.6], ∫ϰ²/L>=[4.7, 6.1, 6.2], C-C-Sep=0.20, ║∇J║=6.2e-04
-----On 8/20 Initial Guess Perturbations
Iteration 430/4500-----
J=1.2e-02, ⟨Jf⟩=1.3e-03, ⟨B·n⟩=8.0e-03, Len=sum([4.8, 4.6, 4.2])=13.6, ϰ=[4.8, 5.3, 4.6], ∫ϰ²/L>=[4.7, 6.1, 6.2], C-C-Sep=0.20, ║∇J║=5.3e-04
-----On 8/20 Initial Guess Perturbations
Iteration 431/4500-----
J=1.2e-02, ⟨Jf⟩=1.3e-03, ⟨B·n⟩=8.0e-03, Len=sum([4.8, 4.6, 4.2])=13.6, ϰ=[4.8, 5.3, 4.6], ∫ϰ²/L>=[4.7, 6.1, 6.2], C-C-Sep=0.20, ║∇J║=3.4e-04
-----On 8/20 Initial Guess Perturbations
Iteration 432/4500-----
J=1.2e-02, ⟨Jf⟩=1.3e-03, ⟨B·n⟩=8.0e-03, Len=sum([4.8, 4.6, 4.2])=13.6, ϰ=[4.8, 5.2, 4.6], ∫ϰ²/L>=[4.7, 6.1, 6.2], C-C-Sep=0.20, ║∇J║=3.3e-04
-----On 8/20 Initial Guess Perturbations
Iteration 433/4500-----
J=1.2e-02, ⟨Jf⟩=1.3e-03, ⟨B·n⟩=8.0e-03, Len=sum([4.8, 4.6, 4.2])=13.6, ϰ=[4.8, 5.2, 4.6], ∫ϰ²/L>=[4.7, 6.1, 6.2], C-C-Sep=0.20, ║∇J║=4.2e-04
-----On 8/20 Initial Guess Perturbations
Iteration 434/4500-----
J=1.2e-02, ⟨Jf⟩=1.3e-03, ⟨B·n⟩=8.0e-03, Len=sum([4.8, 4.6, 4.2])=13.6, ϰ=[4.8, 5.2, 4.5], ∫ϰ²/L>=[4.7, 6.1, 6.2], C-C-Sep=0.20, ║∇J║=3.4e-04
-----On 8/20 Initial Guess Perturbations
Iteration 435/4500-----
J=1.2e-02, ⟨Jf⟩=1.3e-03, ⟨B·n⟩=8.0e-03, Len=sum([4.8, 4.6, 4.2])=13.6, ϰ=[4.8, 5.3, 4.5], ∫ϰ²/L>=[4.7, 6.1, 6.2], C-C-Sep=0.20, ║∇J║=3.3e-04
-----On 8/20 Initial Guess Perturbations
Iteration 436/4500-----
J=1.2e-02, ⟨Jf⟩=1.3e-03, ⟨B·n⟩=8.0e-03, Len=sum([4.8, 4.6, 4.2])=13.6, ϰ=[4.8, 5.3, 4.5], ∫ϰ²/L>=[4.7, 6.1, 6.2], C-C-Sep=0.20, ║∇J║=3.4e-04
-----On 8/20 Initial Guess Perturbations
Iteration 437/4500-----
J=1.2e-02, ⟨Jf⟩=1.3e-03, ⟨B·n⟩=8.0e-03, Len=sum([4.8, 4.6, 4.2])=13.6, ϰ=[4.8, 5.3, 4.5], ∫ϰ²/L>=[4.7, 6.1, 6.2], C-C-Sep=0.20, ║∇J║=2.8e-04
-----On 8/20 Initial Guess Perturbations
Iteration 438/4500-----
J=1.2e-02, ⟨Jf⟩=1.3e-03, ⟨B·n⟩=8.0e-03, Len=sum([4.8, 4.6, 4.2])=13.6, ϰ=[4.8, 5.3, 4.5], ∫ϰ²/L>=[4.7, 6.1, 6.2], C-C-Sep=0.20, ║∇J║=2.2e-04
-----On 8/20 Initial Guess Perturbations
Iteration 439/4500-----
J=1.2e-02, ⟨Jf⟩=1.3e-03, ⟨B·n⟩=8.0e-03, Len=sum([4.8, 4.6, 4.2])=13.6, ϰ=[4.8, 5.3, 4.5], ∫ϰ²/L>=[4.7, 6.1, 6.2], C-C-Sep=0.20, ║∇J║=2.5e-04
-----On 8/20 Initial Guess Perturbations
Iteration 440/4500-----
J=1.2e-02, ⟨Jf⟩=1.3e-03, ⟨B·n⟩=8.0e-03, Len=sum([4.8, 4.6, 4.2])=13.6, ϰ=[4.8, 5.3, 4.5], ∫ϰ²/L>=[4.7, 6.1, 6.2], C-C-Sep=0.20, ║∇J║=3.5e-04
-----On 8/20 Initial Guess Perturbations
Iteration 441/4500-----
J=1.2e-02, ⟨Jf⟩=1.3e-03, ⟨B·n⟩=8.0e-03, Len=sum([4.8, 4.6, 4.2])=13.6, ϰ=[4.8, 5.3, 4.5], ∫ϰ²/L>=[4.7, 6.1, 6.2], C-C-Sep=0.20, ║∇J║=2.4e-04
-----On 8/20 Initial Guess Perturbations
Iteration 442/4500-----
J=1.2e-02, ⟨Jf⟩=1.3e-03, ⟨B·n⟩=8.0e-03, Len=sum([4.8, 4.6, 4.2])=13.6, ϰ=[4.8, 5.3, 4.5], ∫ϰ²/L>=[4.7, 6.1, 6.2], C-C-Sep=0.20, ║∇J║=2.2e-04
-----On 8/20 Initial Guess Perturbations
Iteration 443/4500-----
J=1.2e-02, ⟨Jf⟩=1.3e-03, ⟨B·n⟩=8.0e-03, Len=sum([4.8, 4.6, 4.2])=13.6, ϰ=[4.8, 5.3, 4.5], ∫ϰ²/L>=[4.7, 6.1, 6.2], C-C-Sep=0.20, ║∇J║=2.9e-04
-----On 8/20 Initial Guess Perturbations
Iteration 444/4500-----
J=1.2e-02, ⟨Jf⟩=1.3e-03, ⟨B·n⟩=8.0e-03, Len=sum([4.8, 4.6, 4.2])=13.6, ϰ=[4.8, 5.3, 4.5], ∫ϰ²/L>=[4.7, 6.1, 6.2], C-C-Sep=0.20, ║∇J║=2.2e-04
-----On 8/20 Initial Guess Perturbations
Iteration 445/4500-----
J=1.2e-02, ⟨Jf⟩=1.3e-03, ⟨B·n⟩=8.0e-03, Len=sum([4.8, 4.6, 4.2])=13.6, ϰ=[4.8, 5.3, 4.5], ∫ϰ²/L>=[4.7, 6.1, 6.2], C-C-Sep=0.20, ║∇J║=2.0e-04
-----On 8/20 Initial Guess Perturbations
Iteration 446/4500-----
J=1.2e-02, ⟨Jf⟩=1.3e-03, ⟨B·n⟩=8.0e-03, Len=sum([4.8, 4.6, 4.2])=13.6, ϰ=[4.8, 5.3, 4.5], ∫ϰ²/L>=[4.7, 6.1, 6.2], C-C-Sep=0.20, ║∇J║=2.3e-04
-----On 8/20 Initial Guess Perturbations
Iteration 447/4500-----
J=1.2e-02, ⟨Jf⟩=1.3e-03, ⟨B·n⟩=8.0e-03, Len=sum([4.8, 4.6, 4.2])=13.6, ϰ=[4.8, 5.2, 4.5], ∫ϰ²/L>=[4.7, 6.1, 6.2], C-C-Sep=0.20, ║∇J║=2.3e-04
-----On 8/20 Initial Guess Perturbations
Iteration 448/4500-----
J=1.2e-02, ⟨Jf⟩=1.3e-03, ⟨B·n⟩=8.0e-03, Len=sum([4.8, 4.6, 4.2])=13.6, ϰ=[4.8, 5.2, 4.5], ∫ϰ²/L>=[4.7, 6.1, 6.2], C-C-Sep=0.20, ║∇J║=2.1e-04
-----On 8/20 Initial Guess Perturbations
Iteration 449/4500-----
J=1.2e-02, ⟨Jf⟩=1.3e-03, ⟨B·n⟩=8.0e-03, Len=sum([4.8, 4.6, 4.2])=13.6, ϰ=[4.8, 5.2, 4.5], ∫ϰ²/L>=[4.7, 6.1, 6.2], C-C-Sep=0.20, ║∇J║=1.7e-04
-----On 8/20 Initial Guess Perturbations
Iteration 450/4500-----
J=1.2e-02, ⟨Jf⟩=1.3e-03, ⟨B·n⟩=8.0e-03, Len=sum([4.8, 4.6, 4.2])=13.6, ϰ=[4.8, 5.2, 4.5], ∫ϰ²/L>=[4.7, 6.1, 6.2], C-C-Sep=0.20, ║∇J║=2.0e-04
-----On 8/20 Initial Guess Perturbations
Iteration 451/4500-----
J=1.2e-02, ⟨Jf⟩=1.3e-03, ⟨B·n⟩=8.0e-03, Len=sum([4.8, 4.6, 4.2])=13.6, ϰ=[4.8, 5.2, 4.5], ∫ϰ²/L>=[4.7, 6.1, 6.2], C-C-Sep=0.20, ║∇J║=1.7e-04
-----On 8/20 Initial Guess Perturbations
Iteration 452/4500-----
J=1.2e-02, ⟨Jf⟩=1.3e-03, ⟨B·n⟩=8.0e-03, Len=sum([4.8, 4.6, 4.2])=13.6, ϰ=[4.8, 5.2, 4.5], ∫ϰ²/L>=[4.7, 6.1, 6.2], C-C-Sep=0.20, ║∇J║=1.7e-04
-----On 8/20 Initial Guess Perturbations
Iteration 453/4500-----
J=1.2e-02, ⟨Jf⟩=1.3e-03, ⟨B·n⟩=8.0e-03, Len=sum([4.8, 4.6, 4.2])=13.6, ϰ=[4.8, 5.2, 4.5], ∫ϰ²/L>=[4.7, 6.1, 6.2], C-C-Sep=0.20, ║∇J║=2.0e-04
-----On 8/20 Initial Guess Perturbations
Iteration 454/4500-----
J=1.2e-02, ⟨Jf⟩=1.3e-03, ⟨B·n⟩=8.0e-03, Len=sum([4.8, 4.6, 4.2])=13.6, ϰ=[4.8, 5.2, 4.5], ∫ϰ²/L>=[4.7, 6.1, 6.2], C-C-Sep=0.20, ║∇J║=2.1e-04
-----On 8/20 Initial Guess Perturbations
Iteration 455/4500-----
J=1.2e-02, ⟨Jf⟩=1.3e-03, ⟨B·n⟩=8.0e-03, Len=sum([4.8, 4.6, 4.2])=13.6, ϰ=[4.8, 5.2, 4.5], ∫ϰ²/L>=[4.7, 6.1, 6.2], C-C-Sep=0.20, ║∇J║=1.6e-04
-----On 8/20 Initial Guess Perturbations
Iteration 456/4500-----
J=1.2e-02, ⟨Jf⟩=1.3e-03, ⟨B·n⟩=8.0e-03, Len=sum([4.8, 4.6, 4.2])=13.6, ϰ=[4.8, 5.2, 4.5], ∫ϰ²/L>=[4.7, 6.1, 6.2], C-C-Sep=0.20, ║∇J║=1.4e-04
-----On 8/20 Initial Guess Perturbations
Iteration 457/4500-----
J=1.2e-02, ⟨Jf⟩=1.3e-03, ⟨B·n⟩=8.0e-03, Len=sum([4.8, 4.6, 4.2])=13.6, ϰ=[4.8, 5.2, 4.5], ∫ϰ²/L>=[4.7, 6.1, 6.2], C-C-Sep=0.20, ║∇J║=1.9e-04
-----On 8/20 Initial Guess Perturbations
Iteration 458/4500-----
J=1.2e-02, ⟨Jf⟩=1.3e-03, ⟨B·n⟩=8.0e-03, Len=sum([4.8, 4.6, 4.2])=13.6, ϰ=[4.8, 5.2, 4.5], ∫ϰ²/L>=[4.7, 6.1, 6.2], C-C-Sep=0.20, ║∇J║=1.5e-04
-----On 8/20 Initial Guess Perturbations
Iteration 459/4500-----
J=1.2e-02, ⟨Jf⟩=1.3e-03, ⟨B·n⟩=8.0e-03, Len=sum([4.8, 4.6, 4.2])=13.6, ϰ=[4.8, 5.2, 4.5], ∫ϰ²/L>=[4.7, 6.1, 6.2], C-C-Sep=0.20, ║∇J║=1.6e-04
-----On 8/20 Initial Guess Perturbations
Iteration 460/4500-----
J=1.2e-02, ⟨Jf⟩=1.3e-03, ⟨B·n⟩=8.0e-03, Len=sum([4.8, 4.6, 4.2])=13.6, ϰ=[4.8, 5.3, 4.5], ∫ϰ²/L>=[4.7, 6.1, 6.2], C-C-Sep=0.20, ║∇J║=2.4e-04
-----On 8/20 Initial Guess Perturbations
Iteration 461/4500-----
J=1.2e-02, ⟨Jf⟩=1.3e-03, ⟨B·n⟩=8.0e-03, Len=sum([4.8, 4.6, 4.2])=13.6, ϰ=[4.8, 5.3, 4.5], ∫ϰ²/L>=[4.7, 6.1, 6.2], C-C-Sep=0.20, ║∇J║=1.9e-04
-----On 8/20 Initial Guess Perturbations
Iteration 462/4500-----
J=1.2e-02, ⟨Jf⟩=1.3e-03, ⟨B·n⟩=8.0e-03, Len=sum([4.8, 4.6, 4.2])=13.6, ϰ=[4.8, 5.3, 4.5], ∫ϰ²/L>=[4.7, 6.1, 6.2], C-C-Sep=0.20, ║∇J║=1.4e-04
-----On 8/20 Initial Guess Perturbations
Iteration 463/4500-----
J=1.2e-02, ⟨Jf⟩=1.3e-03, ⟨B·n⟩=8.0e-03, Len=sum([4.8, 4.6, 4.2])=13.6, ϰ=[4.8, 5.3, 4.5], ∫ϰ²/L>=[4.7, 6.1, 6.2], C-C-Sep=0.20, ║∇J║=1.5e-04
-----On 8/20 Initial Guess Perturbations
Iteration 464/4500-----
J=1.2e-02, ⟨Jf⟩=1.3e-03, ⟨B·n⟩=8.0e-03, Len=sum([4.8, 4.6, 4.2])=13.6, ϰ=[4.8, 5.3, 4.5], ∫ϰ²/L>=[4.7, 6.1, 6.2], C-C-Sep=0.20, ║∇J║=1.7e-04
-----On 8/20 Initial Guess Perturbations
Iteration 465/4500-----
J=1.2e-02, ⟨Jf⟩=1.3e-03, ⟨B·n⟩=8.0e-03, Len=sum([4.8, 4.6, 4.2])=13.6, ϰ=[4.8, 5.3, 4.5], ∫ϰ²/L>=[4.7, 6.1, 6.2], C-C-Sep=0.20, ║∇J║=1.6e-04
-----On 8/20 Initial Guess Perturbations
Iteration 466/4500-----
J=1.2e-02, ⟨Jf⟩=1.3e-03, ⟨B·n⟩=8.0e-03, Len=sum([4.8, 4.6, 4.2])=13.6, ϰ=[4.8, 5.3, 4.5], ∫ϰ²/L>=[4.7, 6.1, 6.2], C-C-Sep=0.20, ║∇J║=1.7e-04
-----On 8/20 Initial Guess Perturbations
Iteration 467/4500-----
J=1.2e-02, ⟨Jf⟩=1.3e-03, ⟨B·n⟩=8.0e-03, Len=sum([4.8, 4.6, 4.2])=13.6, ϰ=[4.8, 5.3, 4.5], ∫ϰ²/L>=[4.7, 6.1, 6.2], C-C-Sep=0.20, ║∇J║=2.7e-04
-----On 8/20 Initial Guess Perturbations
Iteration 468/4500-----
J=1.2e-02, ⟨Jf⟩=1.3e-03, ⟨B·n⟩=8.0e-03, Len=sum([4.8, 4.6, 4.2])=13.6, ϰ=[4.8, 5.3, 4.5], ∫ϰ²/L>=[4.7, 6.1, 6.2], C-C-Sep=0.20, ║∇J║=1.6e-04
-----On 8/20 Initial Guess Perturbations
Iteration 469/4500-----
J=1.2e-02, ⟨Jf⟩=1.3e-03, ⟨B·n⟩=8.0e-03, Len=sum([4.8, 4.6, 4.2])=13.6, ϰ=[4.8, 5.3, 4.5], ∫ϰ²/L>=[4.7, 6.1, 6.2], C-C-Sep=0.20, ║∇J║=1.5e-04
-----On 8/20 Initial Guess Perturbations
Iteration 470/4500-----
J=1.2e-02, ⟨Jf⟩=1.3e-03, ⟨B·n⟩=8.0e-03, Len=sum([4.8, 4.6, 4.2])=13.6, ϰ=[4.8, 5.3, 4.5], ∫ϰ²/L>=[4.7, 6.1, 6.2], C-C-Sep=0.20, ║∇J║=1.8e-04
-----On 8/20 Initial Guess Perturbations
Iteration 471/4500-----
J=1.2e-02, ⟨Jf⟩=1.3e-03, ⟨B·n⟩=8.0e-03, Len=sum([4.8, 4.6, 4.2])=13.6, ϰ=[4.8, 5.3, 4.5], ∫ϰ²/L>=[4.7, 6.1, 6.2], C-C-Sep=0.20, ║∇J║=2.3e-04
-----On 8/20 Initial Guess Perturbations
Iteration 472/4500-----
J=1.2e-02, ⟨Jf⟩=1.3e-03, ⟨B·n⟩=8.0e-03, Len=sum([4.8, 4.6, 4.2])=13.6, ϰ=[4.8, 5.3, 4.5], ∫ϰ²/L>=[4.7, 6.1, 6.2], C-C-Sep=0.20, ║∇J║=1.5e-04
-----On 8/20 Initial Guess Perturbations
Iteration 473/4500-----
J=1.2e-02, ⟨Jf⟩=1.3e-03, ⟨B·n⟩=8.0e-03, Len=sum([4.8, 4.6, 4.2])=13.6, ϰ=[4.8, 5.3, 4.5], ∫ϰ²/L>=[4.7, 6.1, 6.2], C-C-Sep=0.20, ║∇J║=1.5e-04
-----On 8/20 Initial Guess Perturbations
Iteration 474/4500-----
J=1.2e-02, ⟨Jf⟩=1.3e-03, ⟨B·n⟩=8.0e-03, Len=sum([4.8, 4.6, 4.2])=13.6, ϰ=[4.8, 5.3, 4.5], ∫ϰ²/L>=[4.7, 6.1, 6.2], C-C-Sep=0.20, ║∇J║=2.0e-04
-----On 8/20 Initial Guess Perturbations
Iteration 475/4500-----
J=1.2e-02, ⟨Jf⟩=1.3e-03, ⟨B·n⟩=8.0e-03, Len=sum([4.8, 4.6, 4.2])=13.6, ϰ=[4.8, 5.3, 4.5], ∫ϰ²/L>=[4.7, 6.1, 6.2], C-C-Sep=0.20, ║∇J║=2.2e-04
-----On 8/20 Initial Guess Perturbations
Iteration 476/4500-----
J=1.2e-02, ⟨Jf⟩=1.3e-03, ⟨B·n⟩=8.0e-03, Len=sum([4.8, 4.6, 4.2])=13.6, ϰ=[4.8, 5.3, 4.5], ∫ϰ²/L>=[4.7, 6.1, 6.2], C-C-Sep=0.20, ║∇J║=1.7e-04
-----On 8/20 Initial Guess Perturbations
Iteration 477/4500-----
J=1.2e-02, ⟨Jf⟩=1.3e-03, ⟨B·n⟩=8.0e-03, Len=sum([4.8, 4.6, 4.2])=13.6, ϰ=[4.8, 5.3, 4.5], ∫ϰ²/L>=[4.7, 6.1, 6.2], C-C-Sep=0.20, ║∇J║=1.8e-04
-----On 8/20 Initial Guess Perturbations
Iteration 478/4500-----
J=1.2e-02, ⟨Jf⟩=1.3e-03, ⟨B·n⟩=8.0e-03, Len=sum([4.8, 4.6, 4.2])=13.6, ϰ=[4.8, 5.3, 4.5], ∫ϰ²/L>=[4.7, 6.1, 6.2], C-C-Sep=0.20, ║∇J║=2.2e-04
-----On 8/20 Initial Guess Perturbations
Iteration 479/4500-----
J=1.2e-02, ⟨Jf⟩=1.3e-03, ⟨B·n⟩=8.0e-03, Len=sum([4.8, 4.6, 4.2])=13.6, ϰ=[4.8, 5.3, 4.5], ∫ϰ²/L>=[4.7, 6.1, 6.2], C-C-Sep=0.20, ║∇J║=2.5e-04
-----On 8/20 Initial Guess Perturbations
Iteration 480/4500-----
J=1.2e-02, ⟨Jf⟩=1.3e-03, ⟨B·n⟩=8.0e-03, Len=sum([4.8, 4.6, 4.2])=13.6, ϰ=[4.8, 5.3, 4.5], ∫ϰ²/L>=[4.7, 6.1, 6.2], C-C-Sep=0.20, ║∇J║=3.1e-04
-----On 8/20 Initial Guess Perturbations
Iteration 481/4500-----
J=1.2e-02, ⟨Jf⟩=1.3e-03, ⟨B·n⟩=8.0e-03, Len=sum([4.8, 4.6, 4.2])=13.6, ϰ=[4.8, 5.3, 4.5], ∫ϰ²/L>=[4.7, 6.1, 6.2], C-C-Sep=0.20, ║∇J║=2.2e-04
-----On 8/20 Initial Guess Perturbations
Iteration 482/4500-----
J=1.2e-02, ⟨Jf⟩=1.3e-03, ⟨B·n⟩=8.0e-03, Len=sum([4.8, 4.6, 4.2])=13.6, ϰ=[4.8, 5.3, 4.5], ∫ϰ²/L>=[4.7, 6.1, 6.2], C-C-Sep=0.20, ║∇J║=2.4e-04
-----On 8/20 Initial Guess Perturbations
Iteration 483/4500-----
J=1.2e-02, ⟨Jf⟩=1.3e-03, ⟨B·n⟩=8.0e-03, Len=sum([4.8, 4.6, 4.2])=13.6, ϰ=[4.8, 5.3, 4.5], ∫ϰ²/L>=[4.7, 6.1, 6.2], C-C-Sep=0.20, ║∇J║=2.7e-04
-----On 8/20 Initial Guess Perturbations
Iteration 484/4500-----
J=1.2e-02, ⟨Jf⟩=1.3e-03, ⟨B·n⟩=8.0e-03, Len=sum([4.8, 4.6, 4.2])=13.6, ϰ=[4.8, 5.3, 4.5], ∫ϰ²/L>=[4.7, 6.1, 6.2], C-C-Sep=0.20, ║∇J║=3.4e-04
-----On 8/20 Initial Guess Perturbations
Iteration 485/4500-----
J=1.2e-02, ⟨Jf⟩=1.3e-03, ⟨B·n⟩=8.0e-03, Len=sum([4.8, 4.6, 4.2])=13.6, ϰ=[4.8, 5.3, 4.5], ∫ϰ²/L>=[4.7, 6.1, 6.2], C-C-Sep=0.20, ║∇J║=4.0e-04
-----On 8/20 Initial Guess Perturbations
Iteration 486/4500-----
J=1.2e-02, ⟨Jf⟩=1.3e-03, ⟨B·n⟩=8.0e-03, Len=sum([4.8, 4.6, 4.2])=13.6, ϰ=[4.8, 5.3, 4.5], ∫ϰ²/L>=[4.7, 6.1, 6.2], C-C-Sep=0.20, ║∇J║=2.7e-04
-----On 8/20 Initial Guess Perturbations
Iteration 487/4500-----
J=1.2e-02, ⟨Jf⟩=1.3e-03, ⟨B·n⟩=8.0e-03, Len=sum([4.8, 4.6, 4.2])=13.6, ϰ=[4.8, 5.3, 4.5], ∫ϰ²/L>=[4.7, 6.1, 6.2], C-C-Sep=0.20, ║∇J║=2.8e-04
-----On 8/20 Initial Guess Perturbations
Iteration 488/4500-----
J=1.2e-02, ⟨Jf⟩=1.3e-03, ⟨B·n⟩=8.0e-03, Len=sum([4.8, 4.6, 4.2])=13.6, ϰ=[4.8, 5.3, 4.5], ∫ϰ²/L>=[4.7, 6.1, 6.2], C-C-Sep=0.20, ║∇J║=3.2e-04
-----On 8/20 Initial Guess Perturbations
Iteration 489/4500-----
J=1.2e-02, ⟨Jf⟩=1.3e-03, ⟨B·n⟩=8.0e-03, Len=sum([4.8, 4.6, 4.2])=13.6, ϰ=[4.8, 5.3, 4.5], ∫ϰ²/L>=[4.7, 6.1, 6.2], C-C-Sep=0.20, ║∇J║=3.7e-04
-----On 8/20 Initial Guess Perturbations
Iteration 490/4500-----
J=1.2e-02, ⟨Jf⟩=1.3e-03, ⟨B·n⟩=8.0e-03, Len=sum([4.8, 4.6, 4.2])=13.6, ϰ=[4.8, 5.2, 4.5], ∫ϰ²/L>=[4.7, 6.1, 6.2], C-C-Sep=0.20, ║∇J║=3.7e-04
-----On 8/20 Initial Guess Perturbations
Iteration 491/4500-----
J=1.2e-02, ⟨Jf⟩=1.3e-03, ⟨B·n⟩=8.0e-03, Len=sum([4.8, 4.6, 4.2])=13.6, ϰ=[4.8, 5.2, 4.5], ∫ϰ²/L>=[4.7, 6.1, 6.2], C-C-Sep=0.20, ║∇J║=3.2e-04
-----On 8/20 Initial Guess Perturbations
Iteration 492/4500-----
J=1.2e-02, ⟨Jf⟩=1.3e-03, ⟨B·n⟩=8.0e-03, Len=sum([4.8, 4.6, 4.2])=13.6, ϰ=[4.8, 5.2, 4.6], ∫ϰ²/L>=[4.7, 6.1, 6.2], C-C-Sep=0.20, ║∇J║=4.0e-04
-----On 8/20 Initial Guess Perturbations
Iteration 493/4500-----
J=1.2e-02, ⟨Jf⟩=1.3e-03, ⟨B·n⟩=8.0e-03, Len=sum([4.8, 4.6, 4.2])=13.6, ϰ=[4.8, 5.2, 4.6], ∫ϰ²/L>=[4.7, 6.1, 6.2], C-C-Sep=0.20, ║∇J║=5.1e-04
-----On 8/20 Initial Guess Perturbations
Iteration 494/4500-----
J=1.2e-02, ⟨Jf⟩=1.3e-03, ⟨B·n⟩=8.0e-03, Len=sum([4.8, 4.6, 4.2])=13.6, ϰ=[4.8, 5.2, 4.5], ∫ϰ²/L>=[4.7, 6.1, 6.2], C-C-Sep=0.20, ║∇J║=4.5e-04
-----On 8/20 Initial Guess Perturbations
Iteration 495/4500-----
J=1.2e-02, ⟨Jf⟩=1.3e-03, ⟨B·n⟩=8.0e-03, Len=sum([4.8, 4.6, 4.2])=13.6, ϰ=[4.8, 5.2, 4.5], ∫ϰ²/L>=[4.7, 6.1, 6.2], C-C-Sep=0.20, ║∇J║=4.6e-04
-----On 8/20 Initial Guess Perturbations
Iteration 496/4500-----
J=1.2e-02, ⟨Jf⟩=1.3e-03, ⟨B·n⟩=8.0e-03, Len=sum([4.8, 4.6, 4.2])=13.6, ϰ=[4.8, 5.2, 4.5], ∫ϰ²/L>=[4.7, 6.1, 6.2], C-C-Sep=0.20, ║∇J║=3.6e-04
-----On 8/20 Initial Guess Perturbations
Iteration 497/4500-----
J=1.2e-02, ⟨Jf⟩=1.3e-03, ⟨B·n⟩=8.0e-03, Len=sum([4.8, 4.6, 4.2])=13.6, ϰ=[4.8, 5.2, 4.5], ∫ϰ²/L>=[4.7, 6.1, 6.2], C-C-Sep=0.20, ║∇J║=4.1e-04
-----On 8/20 Initial Guess Perturbations
Iteration 498/4500-----
J=1.2e-02, ⟨Jf⟩=1.3e-03, ⟨B·n⟩=8.0e-03, Len=sum([4.8, 4.6, 4.2])=13.6, ϰ=[4.8, 5.2, 4.5], ∫ϰ²/L>=[4.7, 6.1, 6.2], C-C-Sep=0.20, ║∇J║=5.1e-04
-----On 8/20 Initial Guess Perturbations
Iteration 499/4500-----
J=1.2e-02, ⟨Jf⟩=1.3e-03, ⟨B·n⟩=8.0e-03, Len=sum([4.8, 4.6, 4.2])=13.6, ϰ=[4.8, 5.2, 4.5], ∫ϰ²/L>=[4.7, 6.1, 6.2], C-C-Sep=0.20, ║∇J║=5.8e-04
-----On 8/20 Initial Guess Perturbations
Iteration 500/4500-----
J=1.2e-02, ⟨Jf⟩=1.3e-03, ⟨B·n⟩=8.0e-03, Len=sum([4.8, 4.6, 4.2])=13.6, ϰ=[4.8, 5.3, 4.5], ∫ϰ²/L>=[4.7, 6.1, 6.2], C-C-Sep=0.20, ║∇J║=5.3e-04
-----On 8/20 Initial Guess Perturbations
Iteration 501/4500-----
J=1.2e-02, ⟨Jf⟩=1.3e-03, ⟨B·n⟩=8.0e-03, Len=sum([4.8, 4.6, 4.2])=13.6, ϰ=[4.8, 5.3, 4.5], ∫ϰ²/L>=[4.7, 6.1, 6.2], C-C-Sep=0.20, ║∇J║=3.7e-04
-----On 8/20 Initial Guess Perturbations
Iteration 502/4500-----
J=1.2e-02, ⟨Jf⟩=1.3e-03, ⟨B·n⟩=8.0e-03, Len=sum([4.8, 4.6, 4.2])=13.6, ϰ=[4.8, 5.3, 4.5], ∫ϰ²/L>=[4.7, 6.1, 6.2], C-C-Sep=0.20, ║∇J║=4.1e-04
-----On 8/20 Initial Guess Perturbations
Iteration 503/4500-----
J=1.2e-02, ⟨Jf⟩=1.3e-03, ⟨B·n⟩=8.0e-03, Len=sum([4.8, 4.6, 4.2])=13.6, ϰ=[4.8, 5.3, 4.5], ∫ϰ²/L>=[4.7, 6.1, 6.2], C-C-Sep=0.20, ║∇J║=5.0e-04
-----On 8/20 Initial Guess Perturbations
Iteration 504/4500-----
J=1.2e-02, ⟨Jf⟩=1.3e-03, ⟨B·n⟩=8.0e-03, Len=sum([4.8, 4.6, 4.2])=13.6, ϰ=[4.8, 5.3, 4.6], ∫ϰ²/L>=[4.7, 6.1, 6.2], C-C-Sep=0.20, ║∇J║=6.6e-04
-----On 8/20 Initial Guess Perturbations
Iteration 505/4500-----
J=1.2e-02, ⟨Jf⟩=1.3e-03, ⟨B·n⟩=8.0e-03, Len=sum([4.8, 4.6, 4.2])=13.6, ϰ=[4.9, 5.3, 4.6], ∫ϰ²/L>=[4.7, 6.1, 6.2], C-C-Sep=0.20, ║∇J║=8.8e-04
-----On 8/20 Initial Guess Perturbations
Iteration 506/4500-----
J=1.2e-02, ⟨Jf⟩=1.3e-03, ⟨B·n⟩=8.0e-03, Len=sum([4.8, 4.6, 4.2])=13.6, ϰ=[4.8, 5.3, 4.6], ∫ϰ²/L>=[4.7, 6.1, 6.2], C-C-Sep=0.20, ║∇J║=5.4e-04
-----On 8/20 Initial Guess Perturbations
Iteration 507/4500-----
J=1.2e-02, ⟨Jf⟩=1.3e-03, ⟨B·n⟩=8.0e-03, Len=sum([4.8, 4.6, 4.2])=13.6, ϰ=[4.8, 5.3, 4.6], ∫ϰ²/L>=[4.7, 6.1, 6.2], C-C-Sep=0.20, ║∇J║=4.9e-04
-----On 8/20 Initial Guess Perturbations
Iteration 508/4500-----
J=1.2e-02, ⟨Jf⟩=1.3e-03, ⟨B·n⟩=8.0e-03, Len=sum([4.8, 4.6, 4.2])=13.6, ϰ=[4.8, 5.3, 4.6], ∫ϰ²/L>=[4.7, 6.1, 6.2], C-C-Sep=0.20, ║∇J║=6.1e-04
-----On 8/20 Initial Guess Perturbations
Iteration 509/4500-----
J=1.2e-02, ⟨Jf⟩=1.3e-03, ⟨B·n⟩=8.0e-03, Len=sum([4.8, 4.6, 4.2])=13.6, ϰ=[4.8, 5.3, 4.6], ∫ϰ²/L>=[4.7, 6.1, 6.2], C-C-Sep=0.20, ║∇J║=7.7e-04
-----On 8/20 Initial Guess Perturbations
Iteration 510/4500-----
J=1.2e-02, ⟨Jf⟩=1.3e-03, ⟨B·n⟩=8.0e-03, Len=sum([4.8, 4.6, 4.2])=13.6, ϰ=[4.8, 5.2, 4.6], ∫ϰ²/L>=[4.7, 6.1, 6.2], C-C-Sep=0.20, ║∇J║=8.2e-04
-----On 8/20 Initial Guess Perturbations
Iteration 511/4500-----
J=1.2e-02, ⟨Jf⟩=1.3e-03, ⟨B·n⟩=8.0e-03, Len=sum([4.8, 4.6, 4.2])=13.6, ϰ=[4.8, 5.2, 4.6], ∫ϰ²/L>=[4.7, 6.1, 6.2], C-C-Sep=0.20, ║∇J║=7.6e-04
-----On 8/20 Initial Guess Perturbations
Iteration 512/4500-----
J=1.2e-02, ⟨Jf⟩=1.3e-03, ⟨B·n⟩=8.0e-03, Len=sum([4.8, 4.6, 4.2])=13.6, ϰ=[4.9, 5.2, 4.6], ∫ϰ²/L>=[4.7, 6.1, 6.2], C-C-Sep=0.20, ║∇J║=7.3e-04
-----On 8/20 Initial Guess Perturbations
Iteration 513/4500-----
J=1.2e-02, ⟨Jf⟩=1.3e-03, ⟨B·n⟩=8.0e-03, Len=sum([4.8, 4.6, 4.2])=13.6, ϰ=[4.9, 5.3, 4.6], ∫ϰ²/L>=[4.7, 6.1, 6.2], C-C-Sep=0.20, ║∇J║=7.0e-04
-----On 8/20 Initial Guess Perturbations
Iteration 514/4500-----
J=1.2e-02, ⟨Jf⟩=1.3e-03, ⟨B·n⟩=8.0e-03, Len=sum([4.8, 4.6, 4.2])=13.6, ϰ=[4.9, 5.3, 4.6], ∫ϰ²/L>=[4.7, 6.1, 6.2], C-C-Sep=0.20, ║∇J║=8.5e-04
-----On 8/20 Initial Guess Perturbations
Iteration 515/4500-----
J=1.2e-02, ⟨Jf⟩=1.3e-03, ⟨B·n⟩=8.0e-03, Len=sum([4.8, 4.6, 4.2])=13.6, ϰ=[4.9, 5.2, 4.6], ∫ϰ²/L>=[4.7, 6.1, 6.2], C-C-Sep=0.20, ║∇J║=1.4e-03
-----On 8/20 Initial Guess Perturbations
Iteration 516/4500-----
J=1.2e-02, ⟨Jf⟩=1.3e-03, ⟨B·n⟩=8.0e-03, Len=sum([4.8, 4.6, 4.2])=13.6, ϰ=[4.9, 5.2, 4.6], ∫ϰ²/L>=[4.7, 6.1, 6.2], C-C-Sep=0.20, ║∇J║=8.9e-04
-----On 8/20 Initial Guess Perturbations
Iteration 517/4500-----
J=1.2e-02, ⟨Jf⟩=1.3e-03, ⟨B·n⟩=8.0e-03, Len=sum([4.8, 4.6, 4.2])=13.6, ϰ=[4.9, 5.2, 4.7], ∫ϰ²/L>=[4.7, 6.1, 6.2], C-C-Sep=0.20, ║∇J║=9.1e-04
-----On 8/20 Initial Guess Perturbations
Iteration 518/4500-----
J=1.2e-02, ⟨Jf⟩=1.3e-03, ⟨B·n⟩=8.0e-03, Len=sum([4.8, 4.6, 4.2])=13.6, ϰ=[4.9, 5.2, 4.7], ∫ϰ²/L>=[4.7, 6.1, 6.2], C-C-Sep=0.20, ║∇J║=1.1e-03
-----On 8/20 Initial Guess Perturbations
Iteration 519/4500-----
J=1.2e-02, ⟨Jf⟩=1.3e-03, ⟨B·n⟩=8.0e-03, Len=sum([4.8, 4.6, 4.2])=13.6, ϰ=[4.8, 5.2, 4.7], ∫ϰ²/L>=[4.7, 6.1, 6.3], C-C-Sep=0.20, ║∇J║=1.8e-03
-----On 8/20 Initial Guess Perturbations
Iteration 520/4500-----
J=1.2e-02, ⟨Jf⟩=1.3e-03, ⟨B·n⟩=8.0e-03, Len=sum([4.8, 4.6, 4.2])=13.6, ϰ=[4.8, 5.2, 4.7], ∫ϰ²/L>=[4.7, 6.1, 6.3], C-C-Sep=0.20, ║∇J║=1.6e-03
-----On 8/20 Initial Guess Perturbations
Iteration 521/4500-----
J=1.2e-02, ⟨Jf⟩=1.3e-03, ⟨B·n⟩=8.0e-03, Len=sum([4.8, 4.6, 4.2])=13.6, ϰ=[4.8, 5.2, 4.6], ∫ϰ²/L>=[4.7, 6.1, 6.3], C-C-Sep=0.20, ║∇J║=1.1e-03
-----On 8/20 Initial Guess Perturbations
Iteration 522/4500-----
J=1.2e-02, ⟨Jf⟩=1.3e-03, ⟨B·n⟩=8.0e-03, Len=sum([4.8, 4.6, 4.2])=13.6, ϰ=[4.8, 5.2, 4.6], ∫ϰ²/L>=[4.7, 6.1, 6.3], C-C-Sep=0.20, ║∇J║=1.2e-03
-----On 8/20 Initial Guess Perturbations
Iteration 523/4500-----
J=1.2e-02, ⟨Jf⟩=1.3e-03, ⟨B·n⟩=8.0e-03, Len=sum([4.8, 4.6, 4.2])=13.6, ϰ=[4.8, 5.2, 4.6], ∫ϰ²/L>=[4.7, 6.1, 6.3], C-C-Sep=0.20, ║∇J║=1.4e-03
-----On 8/20 Initial Guess Perturbations
Iteration 524/4500-----
J=1.2e-02, ⟨Jf⟩=1.3e-03, ⟨B·n⟩=8.0e-03, Len=sum([4.8, 4.6, 4.2])=13.6, ϰ=[4.8, 5.2, 4.6], ∫ϰ²/L>=[4.7, 6.1, 6.3], C-C-Sep=0.20, ║∇J║=1.4e-03
-----On 8/20 Initial Guess Perturbations
Iteration 525/4500-----
J=1.2e-02, ⟨Jf⟩=1.3e-03, ⟨B·n⟩=8.0e-03, Len=sum([4.8, 4.6, 4.2])=13.6, ϰ=[4.8, 5.2, 4.5], ∫ϰ²/L>=[4.7, 6.1, 6.3], C-C-Sep=0.20, ║∇J║=1.7e-03
-----On 8/20 Initial Guess Perturbations
Iteration 526/4500-----
J=1.2e-02, ⟨Jf⟩=1.3e-03, ⟨B·n⟩=8.0e-03, Len=sum([4.8, 4.6, 4.2])=13.6, ϰ=[4.7, 5.2, 4.5], ∫ϰ²/L>=[4.7, 6.1, 6.3], C-C-Sep=0.20, ║∇J║=2.9e-03
-----On 8/20 Initial Guess Perturbations
Iteration 527/4500-----
J=1.2e-02, ⟨Jf⟩=1.3e-03, ⟨B·n⟩=8.0e-03, Len=sum([4.8, 4.6, 4.2])=13.6, ϰ=[4.7, 5.2, 4.5], ∫ϰ²/L>=[4.7, 6.1, 6.3], C-C-Sep=0.20, ║∇J║=1.4e-03
-----On 8/20 Initial Guess Perturbations
Iteration 528/4500-----
J=1.2e-02, ⟨Jf⟩=1.3e-03, ⟨B·n⟩=8.0e-03, Len=sum([4.8, 4.6, 4.2])=13.6, ϰ=[4.7, 5.2, 4.5], ∫ϰ²/L>=[4.7, 6.1, 6.3], C-C-Sep=0.20, ║∇J║=1.2e-03
-----On 8/20 Initial Guess Perturbations
Iteration 529/4500-----
J=1.2e-02, ⟨Jf⟩=1.3e-03, ⟨B·n⟩=8.0e-03, Len=sum([4.8, 4.6, 4.2])=13.6, ϰ=[4.7, 5.3, 4.5], ∫ϰ²/L>=[4.7, 6.1, 6.3], C-C-Sep=0.20, ║∇J║=1.5e-03
-----On 8/20 Initial Guess Perturbations
Iteration 530/4500-----
J=1.2e-02, ⟨Jf⟩=1.3e-03, ⟨B·n⟩=8.0e-03, Len=sum([4.8, 4.6, 4.2])=13.6, ϰ=[4.8, 5.3, 4.5], ∫ϰ²/L>=[4.7, 6.1, 6.3], C-C-Sep=0.20, ║∇J║=1.9e-03
-----On 8/20 Initial Guess Perturbations
Iteration 531/4500-----
J=1.2e-02, ⟨Jf⟩=1.3e-03, ⟨B·n⟩=8.0e-03, Len=sum([4.8, 4.6, 4.2])=13.6, ϰ=[4.8, 5.3, 4.6], ∫ϰ²/L>=[4.7, 6.1, 6.3], C-C-Sep=0.20, ║∇J║=3.3e-03
-----On 8/20 Initial Guess Perturbations
Iteration 532/4500-----
J=1.2e-02, ⟨Jf⟩=1.3e-03, ⟨B·n⟩=8.0e-03, Len=sum([4.8, 4.6, 4.2])=13.6, ϰ=[4.8, 5.4, 4.6], ∫ϰ²/L>=[4.7, 6.1, 6.3], C-C-Sep=0.20, ║∇J║=1.5e-03
-----On 8/20 Initial Guess Perturbations
Iteration 533/4500-----
J=1.2e-02, ⟨Jf⟩=1.3e-03, ⟨B·n⟩=8.0e-03, Len=sum([4.8, 4.6, 4.2])=13.6, ϰ=[4.8, 5.4, 4.6], ∫ϰ²/L>=[4.7, 6.1, 6.3], C-C-Sep=0.20, ║∇J║=1.3e-03
-----On 8/20 Initial Guess Perturbations
Iteration 534/4500-----
J=1.2e-02, ⟨Jf⟩=1.3e-03, ⟨B·n⟩=8.0e-03, Len=sum([4.8, 4.6, 4.2])=13.6, ϰ=[4.8, 5.3, 4.6], ∫ϰ²/L>=[4.7, 6.1, 6.3], C-C-Sep=0.20, ║∇J║=1.7e-03
-----On 8/20 Initial Guess Perturbations
Iteration 535/4500-----
J=1.2e-02, ⟨Jf⟩=1.3e-03, ⟨B·n⟩=8.0e-03, Len=sum([4.8, 4.6, 4.2])=13.6, ϰ=[4.7, 5.3, 4.6], ∫ϰ²/L>=[4.7, 6.1, 6.3], C-C-Sep=0.20, ║∇J║=2.2e-03
-----On 8/20 Initial Guess Perturbations
Iteration 536/4500-----
J=1.2e-02, ⟨Jf⟩=1.3e-03, ⟨B·n⟩=8.0e-03, Len=sum([4.8, 4.6, 4.2])=13.6, ϰ=[4.7, 5.2, 4.6], ∫ϰ²/L>=[4.7, 6.1, 6.3], C-C-Sep=0.20, ║∇J║=1.6e-03
-----On 8/20 Initial Guess Perturbations
Iteration 537/4500-----
J=1.2e-02, ⟨Jf⟩=1.3e-03, ⟨B·n⟩=8.0e-03, Len=sum([4.8, 4.6, 4.2])=13.6, ϰ=[4.8, 5.2, 4.6], ∫ϰ²/L>=[4.7, 6.1, 6.3], C-C-Sep=0.20, ║∇J║=1.7e-03
-----On 8/20 Initial Guess Perturbations
Iteration 538/4500-----
J=1.2e-02, ⟨Jf⟩=1.3e-03, ⟨B·n⟩=8.0e-03, Len=sum([4.8, 4.6, 4.2])=13.6, ϰ=[4.8, 5.2, 4.6], ∫ϰ²/L>=[4.7, 6.1, 6.3], C-C-Sep=0.20, ║∇J║=2.2e-03
-----On 8/20 Initial Guess Perturbations
Iteration 539/4500-----
J=1.2e-02, ⟨Jf⟩=1.3e-03, ⟨B·n⟩=8.0e-03, Len=sum([4.8, 4.6, 4.2])=13.6, ϰ=[4.9, 5.2, 4.5], ∫ϰ²/L>=[4.7, 6.1, 6.3], C-C-Sep=0.20, ║∇J║=2.3e-03
-----On 8/20 Initial Guess Perturbations
Iteration 540/4500-----
J=1.2e-02, ⟨Jf⟩=1.3e-03, ⟨B·n⟩=8.0e-03, Len=sum([4.8, 4.6, 4.2])=13.6, ϰ=[4.9, 5.2, 4.5], ∫ϰ²/L>=[4.7, 6.1, 6.3], C-C-Sep=0.20, ║∇J║=2.3e-03
-----On 8/20 Initial Guess Perturbations
Iteration 541/4500-----
J=1.2e-02, ⟨Jf⟩=1.3e-03, ⟨B·n⟩=8.0e-03, Len=sum([4.8, 4.6, 4.2])=13.6, ϰ=[4.9, 5.2, 4.5], ∫ϰ²/L>=[4.7, 6.1, 6.3], C-C-Sep=0.20, ║∇J║=1.8e-03
-----On 8/20 Initial Guess Perturbations
Iteration 542/4500-----
J=1.2e-02, ⟨Jf⟩=1.3e-03, ⟨B·n⟩=8.0e-03, Len=sum([4.8, 4.6, 4.2])=13.6, ϰ=[4.8, 5.2, 4.5], ∫ϰ²/L>=[4.7, 6.1, 6.3], C-C-Sep=0.20, ║∇J║=1.6e-03
-----On 8/20 Initial Guess Perturbations
Iteration 543/4500-----
J=1.2e-02, ⟨Jf⟩=1.3e-03, ⟨B·n⟩=8.0e-03, Len=sum([4.8, 4.6, 4.2])=13.6, ϰ=[4.8, 5.2, 4.5], ∫ϰ²/L>=[4.7, 6.1, 6.3], C-C-Sep=0.20, ║∇J║=1.9e-03
-----On 8/20 Initial Guess Perturbations
Iteration 544/4500-----
J=1.2e-02, ⟨Jf⟩=1.3e-03, ⟨B·n⟩=8.0e-03, Len=sum([4.8, 4.6, 4.2])=13.6, ϰ=[4.8, 5.2, 4.6], ∫ϰ²/L>=[4.7, 6.1, 6.3], C-C-Sep=0.20, ║∇J║=2.1e-03
-----On 8/20 Initial Guess Perturbations
Iteration 545/4500-----
J=1.2e-02, ⟨Jf⟩=1.3e-03, ⟨B·n⟩=8.0e-03, Len=sum([4.8, 4.6, 4.2])=13.6, ϰ=[4.7, 5.2, 4.6], ∫ϰ²/L>=[4.7, 6.2, 6.3], C-C-Sep=0.20, ║∇J║=2.3e-03
-----On 8/20 Initial Guess Perturbations
Iteration 546/4500-----
J=1.2e-02, ⟨Jf⟩=1.3e-03, ⟨B·n⟩=8.0e-03, Len=sum([4.8, 4.6, 4.2])=13.6, ϰ=[4.8, 5.2, 4.6], ∫ϰ²/L>=[4.7, 6.2, 6.3], C-C-Sep=0.20, ║∇J║=2.1e-03
-----On 8/20 Initial Guess Perturbations
Iteration 547/4500-----
J=1.2e-02, ⟨Jf⟩=1.3e-03, ⟨B·n⟩=8.0e-03, Len=sum([4.8, 4.6, 4.2])=13.6, ϰ=[4.8, 5.2, 4.6], ∫ϰ²/L>=[4.7, 6.2, 6.3], C-C-Sep=0.20, ║∇J║=1.9e-03
-----On 8/20 Initial Guess Perturbations
Iteration 548/4500-----
J=1.2e-02, ⟨Jf⟩=1.3e-03, ⟨B·n⟩=8.0e-03, Len=sum([4.8, 4.6, 4.2])=13.6, ϰ=[4.7, 5.3, 4.6], ∫ϰ²/L>=[4.7, 6.2, 6.3], C-C-Sep=0.20, ║∇J║=2.8e-03
-----On 8/20 Initial Guess Perturbations
Iteration 549/4500-----
J=1.2e-02, ⟨Jf⟩=1.3e-03, ⟨B·n⟩=7.9e-03, Len=sum([4.8, 4.6, 4.2])=13.6, ϰ=[4.7, 5.3, 4.5], ∫ϰ²/L>=[4.7, 6.2, 6.2], C-C-Sep=0.20, ║∇J║=2.6e-03
-----On 8/20 Initial Guess Perturbations
Iteration 550/4500-----
J=1.2e-02, ⟨Jf⟩=1.3e-03, ⟨B·n⟩=7.9e-03, Len=sum([4.8, 4.6, 4.2])=13.6, ϰ=[4.7, 5.3, 4.6], ∫ϰ²/L>=[4.7, 6.1, 6.2], C-C-Sep=0.20, ║∇J║=2.6e-03
-----On 8/20 Initial Guess Perturbations
Iteration 551/4500-----
J=1.2e-02, ⟨Jf⟩=1.3e-03, ⟨B·n⟩=7.9e-03, Len=sum([4.8, 4.6, 4.2])=13.6, ϰ=[4.8, 5.4, 4.6], ∫ϰ²/L>=[4.7, 6.1, 6.2], C-C-Sep=0.20, ║∇J║=2.4e-03
-----On 8/20 Initial Guess Perturbations
Iteration 552/4500-----
J=1.2e-02, ⟨Jf⟩=1.3e-03, ⟨B·n⟩=7.9e-03, Len=sum([4.8, 4.6, 4.2])=13.6, ϰ=[4.8, 5.3, 4.6], ∫ϰ²/L>=[4.7, 6.1, 6.2], C-C-Sep=0.20, ║∇J║=2.0e-03
-----On 8/20 Initial Guess Perturbations
Iteration 553/4500-----
J=1.2e-02, ⟨Jf⟩=1.3e-03, ⟨B·n⟩=7.9e-03, Len=sum([4.8, 4.6, 4.2])=13.6, ϰ=[4.8, 5.4, 4.6], ∫ϰ²/L>=[4.7, 6.1, 6.2], C-C-Sep=0.20, ║∇J║=1.8e-03
-----On 8/20 Initial Guess Perturbations
Iteration 554/4500-----
J=1.2e-02, ⟨Jf⟩=1.3e-03, ⟨B·n⟩=7.9e-03, Len=sum([4.8, 4.6, 4.2])=13.6, ϰ=[4.7, 5.4, 4.6], ∫ϰ²/L>=[4.7, 6.1, 6.2], C-C-Sep=0.20, ║∇J║=1.8e-03
-----On 8/20 Initial Guess Perturbations
Iteration 555/4500-----
J=1.2e-02, ⟨Jf⟩=1.3e-03, ⟨B·n⟩=7.9e-03, Len=sum([4.8, 4.6, 4.2])=13.6, ϰ=[4.8, 5.3, 4.6], ∫ϰ²/L>=[4.7, 6.1, 6.2], C-C-Sep=0.20, ║∇J║=1.8e-03
-----On 8/20 Initial Guess Perturbations
Iteration 556/4500-----
J=1.2e-02, ⟨Jf⟩=1.3e-03, ⟨B·n⟩=7.9e-03, Len=sum([4.8, 4.6, 4.2])=13.6, ϰ=[4.7, 5.3, 4.5], ∫ϰ²/L>=[4.7, 6.1, 6.2], C-C-Sep=0.20, ║∇J║=2.0e-03
-----On 8/20 Initial Guess Perturbations
Iteration 557/4500-----
J=1.2e-02, ⟨Jf⟩=1.3e-03, ⟨B·n⟩=7.9e-03, Len=sum([4.8, 4.6, 4.2])=13.6, ϰ=[4.7, 5.3, 4.6], ∫ϰ²/L>=[4.7, 6.1, 6.2], C-C-Sep=0.20, ║∇J║=1.8e-03
-----On 8/20 Initial Guess Perturbations
Iteration 558/4500-----
J=1.2e-02, ⟨Jf⟩=1.3e-03, ⟨B·n⟩=7.9e-03, Len=sum([4.8, 4.6, 4.2])=13.6, ϰ=[4.7, 5.3, 4.6], ∫ϰ²/L>=[4.7, 6.1, 6.2], C-C-Sep=0.20, ║∇J║=2.5e-03
-----On 8/20 Initial Guess Perturbations
Iteration 559/4500-----
J=1.2e-02, ⟨Jf⟩=1.3e-03, ⟨B·n⟩=7.9e-03, Len=sum([4.8, 4.6, 4.2])=13.6, ϰ=[4.7, 5.3, 4.6], ∫ϰ²/L>=[4.7, 6.1, 6.2], C-C-Sep=0.20, ║∇J║=2.6e-03
-----On 8/20 Initial Guess Perturbations
Iteration 560/4500-----
J=1.2e-02, ⟨Jf⟩=1.3e-03, ⟨B·n⟩=8.0e-03, Len=sum([4.8, 4.6, 4.2])=13.6, ϰ=[4.7, 5.3, 4.5], ∫ϰ²/L>=[4.7, 6.1, 6.2], C-C-Sep=0.20, ║∇J║=2.2e-03
-----On 8/20 Initial Guess Perturbations
Iteration 561/4500-----
J=1.2e-02, ⟨Jf⟩=1.3e-03, ⟨B·n⟩=7.9e-03, Len=sum([4.8, 4.6, 4.2])=13.6, ϰ=[4.7, 5.3, 4.6], ∫ϰ²/L>=[4.7, 6.1, 6.2], C-C-Sep=0.20, ║∇J║=1.9e-03
-----On 8/20 Initial Guess Perturbations
Iteration 562/4500-----
J=1.2e-02, ⟨Jf⟩=1.3e-03, ⟨B·n⟩=8.0e-03, Len=sum([4.8, 4.6, 4.2])=13.6, ϰ=[4.7, 5.3, 4.5], ∫ϰ²/L>=[4.7, 6.1, 6.2], C-C-Sep=0.20, ║∇J║=1.9e-03
-----On 8/20 Initial Guess Perturbations
Iteration 563/4500-----
J=1.2e-02, ⟨Jf⟩=1.3e-03, ⟨B·n⟩=8.0e-03, Len=sum([4.8, 4.6, 4.2])=13.6, ϰ=[4.7, 5.3, 4.5], ∫ϰ²/L>=[4.7, 6.1, 6.2], C-C-Sep=0.20, ║∇J║=1.9e-03
-----On 8/20 Initial Guess Perturbations
Iteration 564/4500-----
J=1.2e-02, ⟨Jf⟩=1.3e-03, ⟨B·n⟩=8.0e-03, Len=sum([4.8, 4.6, 4.2])=13.6, ϰ=[4.8, 5.3, 4.5], ∫ϰ²/L>=[4.7, 6.1, 6.2], C-C-Sep=0.20, ║∇J║=2.1e-03
-----On 8/20 Initial Guess Perturbations
Iteration 565/4500-----
J=1.2e-02, ⟨Jf⟩=1.3e-03, ⟨B·n⟩=8.0e-03, Len=sum([4.8, 4.6, 4.2])=13.6, ϰ=[4.8, 5.2, 4.5], ∫ϰ²/L>=[4.7, 6.1, 6.2], C-C-Sep=0.20, ║∇J║=2.1e-03
-----On 8/20 Initial Guess Perturbations
Iteration 566/4500-----
J=1.2e-02, ⟨Jf⟩=1.3e-03, ⟨B·n⟩=8.0e-03, Len=sum([4.8, 4.6, 4.2])=13.6, ϰ=[4.8, 5.2, 4.5], ∫ϰ²/L>=[4.7, 6.1, 6.2], C-C-Sep=0.20, ║∇J║=2.2e-03
-----On 8/20 Initial Guess Perturbations
Iteration 567/4500-----
J=1.2e-02, ⟨Jf⟩=1.3e-03, ⟨B·n⟩=8.0e-03, Len=sum([4.8, 4.6, 4.2])=13.6, ϰ=[4.8, 5.2, 4.5], ∫ϰ²/L>=[4.7, 6.1, 6.2], C-C-Sep=0.20, ║∇J║=2.0e-03
-----On 8/20 Initial Guess Perturbations
Iteration 568/4500-----
J=1.2e-02, ⟨Jf⟩=1.3e-03, ⟨B·n⟩=8.0e-03, Len=sum([4.8, 4.6, 4.2])=13.6, ϰ=[4.8, 5.2, 4.5], ∫ϰ²/L>=[4.7, 6.1, 6.2], C-C-Sep=0.20, ║∇J║=1.7e-03
-----On 8/20 Initial Guess Perturbations
Iteration 569/4500-----
J=1.2e-02, ⟨Jf⟩=1.3e-03, ⟨B·n⟩=8.0e-03, Len=sum([4.8, 4.6, 4.2])=13.6, ϰ=[4.7, 5.2, 4.5], ∫ϰ²/L>=[4.7, 6.1, 6.2], C-C-Sep=0.20, ║∇J║=1.7e-03
-----On 8/20 Initial Guess Perturbations
Iteration 570/4500-----
J=1.2e-02, ⟨Jf⟩=1.3e-03, ⟨B·n⟩=8.0e-03, Len=sum([4.8, 4.6, 4.2])=13.6, ϰ=[4.7, 5.1, 4.5], ∫ϰ²/L>=[4.7, 6.1, 6.2], C-C-Sep=0.20, ║∇J║=1.8e-03
-----On 8/20 Initial Guess Perturbations
Iteration 571/4500-----
J=1.2e-02, ⟨Jf⟩=1.3e-03, ⟨B·n⟩=8.0e-03, Len=sum([4.8, 4.6, 4.2])=13.6, ϰ=[4.7, 5.1, 4.5], ∫ϰ²/L>=[4.7, 6.1, 6.2], C-C-Sep=0.20, ║∇J║=2.0e-03
-----On 8/20 Initial Guess Perturbations
Iteration 572/4500-----
J=1.2e-02, ⟨Jf⟩=1.3e-03, ⟨B·n⟩=8.0e-03, Len=sum([4.8, 4.6, 4.2])=13.6, ϰ=[4.7, 5.1, 4.5], ∫ϰ²/L>=[4.7, 6.1, 6.2], C-C-Sep=0.20, ║∇J║=1.9e-03
-----On 8/20 Initial Guess Perturbations
Iteration 573/4500-----
J=1.2e-02, ⟨Jf⟩=1.3e-03, ⟨B·n⟩=8.0e-03, Len=sum([4.8, 4.6, 4.2])=13.6, ϰ=[4.8, 5.1, 4.4], ∫ϰ²/L>=[4.7, 6.1, 6.2], C-C-Sep=0.20, ║∇J║=2.0e-03
-----On 8/20 Initial Guess Perturbations
Iteration 574/4500-----
J=1.2e-02, ⟨Jf⟩=1.3e-03, ⟨B·n⟩=8.0e-03, Len=sum([4.8, 4.6, 4.2])=13.6, ϰ=[4.8, 5.2, 4.4], ∫ϰ²/L>=[4.7, 6.1, 6.2], C-C-Sep=0.20, ║∇J║=2.1e-03
-----On 8/20 Initial Guess Perturbations
Iteration 575/4500-----
J=1.2e-02, ⟨Jf⟩=1.3e-03, ⟨B·n⟩=8.0e-03, Len=sum([4.8, 4.6, 4.2])=13.6, ϰ=[4.8, 5.2, 4.4], ∫ϰ²/L>=[4.7, 6.1, 6.2], C-C-Sep=0.20, ║∇J║=2.5e-03
-----On 8/20 Initial Guess Perturbations
Iteration 576/4500-----
J=1.2e-02, ⟨Jf⟩=1.3e-03, ⟨B·n⟩=8.0e-03, Len=sum([4.8, 4.6, 4.2])=13.6, ϰ=[4.8, 5.2, 4.5], ∫ϰ²/L>=[4.7, 6.1, 6.2], C-C-Sep=0.20, ║∇J║=2.5e-03
-----On 8/20 Initial Guess Perturbations
Iteration 577/4500-----
J=1.2e-02, ⟨Jf⟩=1.3e-03, ⟨B·n⟩=8.0e-03, Len=sum([4.8, 4.6, 4.2])=13.6, ϰ=[4.8, 5.2, 4.4], ∫ϰ²/L>=[4.7, 6.1, 6.2], C-C-Sep=0.20, ║∇J║=2.3e-03
-----On 8/20 Initial Guess Perturbations
Iteration 578/4500-----
J=1.2e-02, ⟨Jf⟩=1.3e-03, ⟨B·n⟩=8.0e-03, Len=sum([4.8, 4.6, 4.2])=13.6, ϰ=[4.8, 5.2, 4.5], ∫ϰ²/L>=[4.7, 6.1, 6.2], C-C-Sep=0.20, ║∇J║=2.2e-03
-----On 8/20 Initial Guess Perturbations
Iteration 579/4500-----
J=1.2e-02, ⟨Jf⟩=1.3e-03, ⟨B·n⟩=8.0e-03, Len=sum([4.8, 4.6, 4.2])=13.6, ϰ=[4.8, 5.2, 4.5], ∫ϰ²/L>=[4.7, 6.1, 6.2], C-C-Sep=0.20, ║∇J║=2.0e-03
-----On 8/20 Initial Guess Perturbations
Iteration 580/4500-----
J=1.2e-02, ⟨Jf⟩=1.3e-03, ⟨B·n⟩=8.0e-03, Len=sum([4.8, 4.6, 4.2])=13.6, ϰ=[4.9, 5.2, 4.5], ∫ϰ²/L>=[4.7, 6.1, 6.2], C-C-Sep=0.20, ║∇J║=2.6e-03
-----On 8/20 Initial Guess Perturbations
Iteration 581/4500-----
J=1.2e-02, ⟨Jf⟩=1.3e-03, ⟨B·n⟩=8.0e-03, Len=sum([4.8, 4.6, 4.2])=13.6, ϰ=[4.8, 5.2, 4.5], ∫ϰ²/L>=[4.7, 6.1, 6.2], C-C-Sep=0.20, ║∇J║=2.2e-03
-----On 8/20 Initial Guess Perturbations
Iteration 582/4500-----
J=1.2e-02, ⟨Jf⟩=1.3e-03, ⟨B·n⟩=8.0e-03, Len=sum([4.8, 4.6, 4.2])=13.6, ϰ=[4.8, 5.2, 4.5], ∫ϰ²/L>=[4.7, 6.1, 6.2], C-C-Sep=0.20, ║∇J║=1.8e-03
-----On 8/20 Initial Guess Perturbations
Iteration 583/4500-----
J=1.2e-02, ⟨Jf⟩=1.3e-03, ⟨B·n⟩=8.0e-03, Len=sum([4.8, 4.6, 4.2])=13.6, ϰ=[4.8, 5.3, 4.5], ∫ϰ²/L>=[4.7, 6.1, 6.2], C-C-Sep=0.20, ║∇J║=1.8e-03
-----On 8/20 Initial Guess Perturbations
Iteration 584/4500-----
J=1.2e-02, ⟨Jf⟩=1.3e-03, ⟨B·n⟩=8.0e-03, Len=sum([4.8, 4.6, 4.2])=13.6, ϰ=[4.8, 5.3, 4.5], ∫ϰ²/L>=[4.7, 6.1, 6.2], C-C-Sep=0.20, ║∇J║=1.8e-03
-----On 8/20 Initial Guess Perturbations
Iteration 585/4500-----
J=1.2e-02, ⟨Jf⟩=1.3e-03, ⟨B·n⟩=8.0e-03, Len=sum([4.8, 4.6, 4.2])=13.6, ϰ=[4.8, 5.3, 4.4], ∫ϰ²/L>=[4.7, 6.1, 6.2], C-C-Sep=0.20, ║∇J║=1.9e-03
-----On 8/20 Initial Guess Perturbations
Iteration 586/4500-----
J=1.2e-02, ⟨Jf⟩=1.3e-03, ⟨B·n⟩=8.0e-03, Len=sum([4.8, 4.6, 4.2])=13.6, ϰ=[4.9, 5.3, 4.4], ∫ϰ²/L>=[4.7, 6.1, 6.2], C-C-Sep=0.20, ║∇J║=2.4e-03
-----On 8/20 Initial Guess Perturbations
Iteration 587/4500-----
J=1.2e-02, ⟨Jf⟩=1.3e-03, ⟨B·n⟩=8.0e-03, Len=sum([4.8, 4.6, 4.2])=13.6, ϰ=[4.9, 5.3, 4.5], ∫ϰ²/L>=[4.7, 6.1, 6.2], C-C-Sep=0.20, ║∇J║=2.2e-03
-----On 8/20 Initial Guess Perturbations
Iteration 588/4500-----
J=1.2e-02, ⟨Jf⟩=1.3e-03, ⟨B·n⟩=8.0e-03, Len=sum([4.8, 4.6, 4.2])=13.6, ϰ=[4.9, 5.3, 4.5], ∫ϰ²/L>=[4.7, 6.1, 6.2], C-C-Sep=0.20, ║∇J║=2.5e-03
-----On 8/20 Initial Guess Perturbations
Iteration 589/4500-----
J=1.2e-02, ⟨Jf⟩=1.3e-03, ⟨B·n⟩=8.0e-03, Len=sum([4.8, 4.6, 4.2])=13.6, ϰ=[4.9, 5.3, 4.5], ∫ϰ²/L>=[4.7, 6.1, 6.2], C-C-Sep=0.20, ║∇J║=2.3e-03
-----On 8/20 Initial Guess Perturbations
Iteration 590/4500-----
J=1.2e-02, ⟨Jf⟩=1.3e-03, ⟨B·n⟩=8.0e-03, Len=sum([4.8, 4.6, 4.2])=13.6, ϰ=[4.9, 5.3, 4.5], ∫ϰ²/L>=[4.7, 6.1, 6.2], C-C-Sep=0.20, ║∇J║=1.9e-03
-----On 8/20 Initial Guess Perturbations
Iteration 591/4500-----
J=1.2e-02, ⟨Jf⟩=1.3e-03, ⟨B·n⟩=8.0e-03, Len=sum([4.8, 4.6, 4.2])=13.6, ϰ=[4.9, 5.3, 4.5], ∫ϰ²/L>=[4.7, 6.1, 6.2], C-C-Sep=0.20, ║∇J║=1.9e-03
-----On 8/20 Initial Guess Perturbations
Iteration 592/4500-----
J=1.2e-02, ⟨Jf⟩=1.3e-03, ⟨B·n⟩=8.0e-03, Len=sum([4.8, 4.6, 4.2])=13.6, ϰ=[4.9, 5.3, 4.5], ∫ϰ²/L>=[4.7, 6.1, 6.2], C-C-Sep=0.20, ║∇J║=2.8e-03
-----On 8/20 Initial Guess Perturbations
Iteration 593/4500-----
J=1.2e-02, ⟨Jf⟩=1.3e-03, ⟨B·n⟩=8.0e-03, Len=sum([4.8, 4.6, 4.2])=13.6, ϰ=[4.9, 5.3, 4.5], ∫ϰ²/L>=[4.7, 6.2, 6.2], C-C-Sep=0.20, ║∇J║=2.9e-03
-----On 8/20 Initial Guess Perturbations
Iteration 594/4500-----
J=1.2e-02, ⟨Jf⟩=1.3e-03, ⟨B·n⟩=8.0e-03, Len=sum([4.8, 4.6, 4.2])=13.6, ϰ=[4.9, 5.3, 4.5], ∫ϰ²/L>=[4.7, 6.2, 6.2], C-C-Sep=0.20, ║∇J║=2.5e-03
-----On 8/20 Initial Guess Perturbations
Iteration 595/4500-----
J=1.2e-02, ⟨Jf⟩=1.3e-03, ⟨B·n⟩=8.0e-03, Len=sum([4.8, 4.6, 4.2])=13.6, ϰ=[4.9, 5.3, 4.5], ∫ϰ²/L>=[4.7, 6.2, 6.2], C-C-Sep=0.20, ║∇J║=2.1e-03
-----On 8/20 Initial Guess Perturbations
Iteration 596/4500-----
J=1.2e-02, ⟨Jf⟩=1.3e-03, ⟨B·n⟩=8.0e-03, Len=sum([4.8, 4.6, 4.2])=13.6, ϰ=[4.9, 5.3, 4.5], ∫ϰ²/L>=[4.7, 6.2, 6.2], C-C-Sep=0.20, ║∇J║=2.2e-03
-----On 8/20 Initial Guess Perturbations
Iteration 597/4500-----
J=1.2e-02, ⟨Jf⟩=1.3e-03, ⟨B·n⟩=8.0e-03, Len=sum([4.8, 4.6, 4.2])=13.6, ϰ=[4.8, 5.2, 4.5], ∫ϰ²/L>=[4.7, 6.2, 6.2], C-C-Sep=0.20, ║∇J║=2.2e-03
-----On 8/20 Initial Guess Perturbations
Iteration 598/4500-----
J=1.2e-02, ⟨Jf⟩=1.3e-03, ⟨B·n⟩=8.0e-03, Len=sum([4.8, 4.6, 4.2])=13.6, ϰ=[4.8, 5.2, 4.5], ∫ϰ²/L>=[4.7, 6.2, 6.2], C-C-Sep=0.20, ║∇J║=2.1e-03
-----On 8/20 Initial Guess Perturbations
Iteration 599/4500-----
J=1.2e-02, ⟨Jf⟩=1.3e-03, ⟨B·n⟩=8.0e-03, Len=sum([4.8, 4.6, 4.2])=13.6, ϰ=[4.8, 5.2, 4.5], ∫ϰ²/L>=[4.7, 6.2, 6.2], C-C-Sep=0.20, ║∇J║=2.1e-03
-----On 8/20 Initial Guess Perturbations
Iteration 600/4500-----
J=1.2e-02, ⟨Jf⟩=1.3e-03, ⟨B·n⟩=8.0e-03, Len=sum([4.8, 4.6, 4.2])=13.6, ϰ=[4.8, 5.2, 4.5], ∫ϰ²/L>=[4.7, 6.2, 6.2], C-C-Sep=0.20, ║∇J║=2.7e-03
-----On 8/20 Initial Guess Perturbations
Iteration 601/4500-----
J=1.2e-02, ⟨Jf⟩=1.3e-03, ⟨B·n⟩=8.0e-03, Len=sum([4.8, 4.6, 4.2])=13.6, ϰ=[4.9, 5.2, 4.5], ∫ϰ²/L>=[4.7, 6.2, 6.2], C-C-Sep=0.20, ║∇J║=1.8e-03
-----On 8/20 Initial Guess Perturbations
Iteration 602/4500-----
J=1.2e-02, ⟨Jf⟩=1.3e-03, ⟨B·n⟩=8.0e-03, Len=sum([4.8, 4.6, 4.2])=13.6, ϰ=[4.9, 5.2, 4.5], ∫ϰ²/L>=[4.7, 6.2, 6.2], C-C-Sep=0.20, ║∇J║=2.3e-03
-----On 8/20 Initial Guess Perturbations
Iteration 603/4500-----
J=1.2e-02, ⟨Jf⟩=1.3e-03, ⟨B·n⟩=8.0e-03, Len=sum([4.8, 4.6, 4.2])=13.6, ϰ=[4.9, 5.2, 4.6], ∫ϰ²/L>=[4.7, 6.2, 6.2], C-C-Sep=0.20, ║∇J║=2.8e-03
-----On 8/20 Initial Guess Perturbations
Iteration 604/4500-----
J=1.2e-02, ⟨Jf⟩=1.3e-03, ⟨B·n⟩=8.0e-03, Len=sum([4.8, 4.6, 4.2])=13.6, ϰ=[4.9, 5.2, 4.6], ∫ϰ²/L>=[4.7, 6.2, 6.2], C-C-Sep=0.20, ║∇J║=2.7e-03
-----On 8/20 Initial Guess Perturbations
Iteration 605/4500-----
J=1.2e-02, ⟨Jf⟩=1.3e-03, ⟨B·n⟩=8.0e-03, Len=sum([4.8, 4.6, 4.2])=13.6, ϰ=[4.9, 5.3, 4.6], ∫ϰ²/L>=[4.7, 6.2, 6.2], C-C-Sep=0.20, ║∇J║=2.9e-03
-----On 8/20 Initial Guess Perturbations
Iteration 606/4500-----
J=1.2e-02, ⟨Jf⟩=1.3e-03, ⟨B·n⟩=8.0e-03, Len=sum([4.8, 4.6, 4.2])=13.6, ϰ=[4.9, 5.3, 4.6], ∫ϰ²/L>=[4.7, 6.2, 6.2], C-C-Sep=0.20, ║∇J║=2.7e-03
-----On 8/20 Initial Guess Perturbations
Iteration 607/4500-----
J=1.2e-02, ⟨Jf⟩=1.3e-03, ⟨B·n⟩=8.0e-03, Len=sum([4.8, 4.6, 4.2])=13.6, ϰ=[4.9, 5.3, 4.5], ∫ϰ²/L>=[4.7, 6.2, 6.2], C-C-Sep=0.20, ║∇J║=2.5e-03
-----On 8/20 Initial Guess Perturbations
Iteration 608/4500-----
J=1.2e-02, ⟨Jf⟩=1.3e-03, ⟨B·n⟩=8.0e-03, Len=sum([4.8, 4.6, 4.2])=13.6, ϰ=[4.9, 5.3, 4.5], ∫ϰ²/L>=[4.7, 6.2, 6.2], C-C-Sep=0.20, ║∇J║=2.1e-03
-----On 8/20 Initial Guess Perturbations
Iteration 609/4500-----
J=1.2e-02, ⟨Jf⟩=1.3e-03, ⟨B·n⟩=8.0e-03, Len=sum([4.8, 4.6, 4.2])=13.6, ϰ=[4.9, 5.4, 4.5], ∫ϰ²/L>=[4.7, 6.2, 6.2], C-C-Sep=0.20, ║∇J║=2.1e-03
-----On 8/20 Initial Guess Perturbations
Iteration 610/4500-----
J=1.2e-02, ⟨Jf⟩=1.3e-03, ⟨B·n⟩=8.0e-03, Len=sum([4.8, 4.6, 4.2])=13.6, ϰ=[4.9, 5.4, 4.5], ∫ϰ²/L>=[4.7, 6.2, 6.2], C-C-Sep=0.20, ║∇J║=2.0e-03
-----On 8/20 Initial Guess Perturbations
Iteration 611/4500-----
J=1.2e-02, ⟨Jf⟩=1.3e-03, ⟨B·n⟩=8.0e-03, Len=sum([4.8, 4.6, 4.2])=13.6, ϰ=[4.9, 5.4, 4.5], ∫ϰ²/L>=[4.7, 6.2, 6.2], C-C-Sep=0.20, ║∇J║=2.2e-03
-----On 8/20 Initial Guess Perturbations
Iteration 612/4500-----
J=1.2e-02, ⟨Jf⟩=1.3e-03, ⟨B·n⟩=8.0e-03, Len=sum([4.8, 4.6, 4.2])=13.6, ϰ=[4.9, 5.4, 4.5], ∫ϰ²/L>=[4.7, 6.2, 6.2], C-C-Sep=0.20, ║∇J║=2.1e-03
-----On 8/20 Initial Guess Perturbations
Iteration 613/4500-----
J=1.2e-02, ⟨Jf⟩=1.3e-03, ⟨B·n⟩=8.0e-03, Len=sum([4.8, 4.6, 4.2])=13.6, ϰ=[4.9, 5.3, 4.5], ∫ϰ²/L>=[4.7, 6.2, 6.2], C-C-Sep=0.20, ║∇J║=3.6e-03
-----On 8/20 Initial Guess Perturbations
Iteration 614/4500-----
J=1.2e-02, ⟨Jf⟩=1.3e-03, ⟨B·n⟩=8.0e-03, Len=sum([4.8, 4.6, 4.2])=13.6, ϰ=[4.9, 5.3, 4.4], ∫ϰ²/L>=[4.7, 6.2, 6.2], C-C-Sep=0.20, ║∇J║=3.0e-03
-----On 8/20 Initial Guess Perturbations
Iteration 615/4500-----
J=1.2e-02, ⟨Jf⟩=1.3e-03, ⟨B·n⟩=8.0e-03, Len=sum([4.8, 4.6, 4.2])=13.6, ϰ=[4.9, 5.4, 4.4], ∫ϰ²/L>=[4.7, 6.2, 6.2], C-C-Sep=0.20, ║∇J║=3.2e-03
-----On 8/20 Initial Guess Perturbations
Iteration 616/4500-----
J=1.2e-02, ⟨Jf⟩=1.3e-03, ⟨B·n⟩=8.0e-03, Len=sum([4.8, 4.6, 4.2])=13.6, ϰ=[4.9, 5.3, 4.5], ∫ϰ²/L>=[4.7, 6.2, 6.2], C-C-Sep=0.20, ║∇J║=2.8e-03
-----On 8/20 Initial Guess Perturbations
Iteration 617/4500-----
J=1.2e-02, ⟨Jf⟩=1.3e-03, ⟨B·n⟩=8.0e-03, Len=sum([4.8, 4.6, 4.2])=13.6, ϰ=[4.9, 5.3, 4.5], ∫ϰ²/L>=[4.7, 6.2, 6.2], C-C-Sep=0.20, ║∇J║=2.9e-03
-----On 8/20 Initial Guess Perturbations
Iteration 618/4500-----
J=1.2e-02, ⟨Jf⟩=1.3e-03, ⟨B·n⟩=8.0e-03, Len=sum([4.8, 4.6, 4.2])=13.6, ϰ=[4.9, 5.3, 4.5], ∫ϰ²/L>=[4.7, 6.2, 6.2], C-C-Sep=0.20, ║∇J║=2.1e-03
-----On 8/20 Initial Guess Perturbations
Iteration 619/4500-----
J=1.2e-02, ⟨Jf⟩=1.3e-03, ⟨B·n⟩=8.0e-03, Len=sum([4.8, 4.6, 4.2])=13.6, ϰ=[4.9, 5.4, 4.5], ∫ϰ²/L>=[4.7, 6.2, 6.2], C-C-Sep=0.20, ║∇J║=2.3e-03
-----On 8/20 Initial Guess Perturbations
Iteration 620/4500-----
J=1.2e-02, ⟨Jf⟩=1.3e-03, ⟨B·n⟩=8.0e-03, Len=sum([4.8, 4.6, 4.2])=13.6, ϰ=[4.9, 5.4, 4.5], ∫ϰ²/L>=[4.7, 6.2, 6.2], C-C-Sep=0.20, ║∇J║=2.0e-03
-----On 8/20 Initial Guess Perturbations
Iteration 621/4500-----
J=1.2e-02, ⟨Jf⟩=1.3e-03, ⟨B·n⟩=8.0e-03, Len=sum([4.8, 4.6, 4.2])=13.6, ϰ=[4.9, 5.4, 4.5], ∫ϰ²/L>=[4.7, 6.2, 6.2], C-C-Sep=0.20, ║∇J║=2.3e-03
-----On 8/20 Initial Guess Perturbations
Iteration 622/4500-----
J=1.2e-02, ⟨Jf⟩=1.3e-03, ⟨B·n⟩=8.0e-03, Len=sum([4.8, 4.6, 4.2])=13.6, ϰ=[4.9, 5.3, 4.5], ∫ϰ²/L>=[4.7, 6.2, 6.2], C-C-Sep=0.20, ║∇J║=2.5e-03
-----On 8/20 Initial Guess Perturbations
Iteration 623/4500-----
J=1.2e-02, ⟨Jf⟩=1.3e-03, ⟨B·n⟩=8.0e-03, Len=sum([4.8, 4.6, 4.2])=13.6, ϰ=[4.9, 5.3, 4.5], ∫ϰ²/L>=[4.7, 6.2, 6.2], C-C-Sep=0.20, ║∇J║=2.4e-03
-----On 8/20 Initial Guess Perturbations
Iteration 624/4500-----
J=1.2e-02, ⟨Jf⟩=1.3e-03, ⟨B·n⟩=8.0e-03, Len=sum([4.8, 4.6, 4.2])=13.6, ϰ=[4.9, 5.4, 4.5], ∫ϰ²/L>=[4.7, 6.2, 6.2], C-C-Sep=0.20, ║∇J║=3.4e-03
-----On 8/20 Initial Guess Perturbations
Iteration 625/4500-----
J=1.2e-02, ⟨Jf⟩=1.3e-03, ⟨B·n⟩=8.0e-03, Len=sum([4.8, 4.6, 4.2])=13.6, ϰ=[5.0, 5.3, 4.5], ∫ϰ²/L>=[4.7, 6.2, 6.2], C-C-Sep=0.20, ║∇J║=3.8e-03
-----On 8/20 Initial Guess Perturbations
Iteration 626/4500-----
J=1.2e-02, ⟨Jf⟩=1.3e-03, ⟨B·n⟩=8.0e-03, Len=sum([4.8, 4.6, 4.2])=13.6, ϰ=[4.9, 5.4, 4.5], ∫ϰ²/L>=[4.7, 6.2, 6.2], C-C-Sep=0.20, ║∇J║=3.5e-03
-----On 8/20 Initial Guess Perturbations
Iteration 627/4500-----
J=1.2e-02, ⟨Jf⟩=1.3e-03, ⟨B·n⟩=8.0e-03, Len=sum([4.8, 4.6, 4.2])=13.6, ϰ=[4.9, 5.3, 4.6], ∫ϰ²/L>=[4.7, 6.2, 6.2], C-C-Sep=0.20, ║∇J║=3.4e-03
-----On 8/20 Initial Guess Perturbations
Iteration 628/4500-----
J=1.2e-02, ⟨Jf⟩=1.3e-03, ⟨B·n⟩=8.0e-03, Len=sum([4.8, 4.6, 4.2])=13.6, ϰ=[4.9, 5.3, 4.5], ∫ϰ²/L>=[4.7, 6.2, 6.2], C-C-Sep=0.20, ║∇J║=2.1e-03
-----On 8/20 Initial Guess Perturbations
Iteration 629/4500-----
J=1.2e-02, ⟨Jf⟩=1.3e-03, ⟨B·n⟩=8.0e-03, Len=sum([4.8, 4.6, 4.2])=13.6, ϰ=[4.9, 5.4, 4.6], ∫ϰ²/L>=[4.7, 6.2, 6.2], C-C-Sep=0.20, ║∇J║=2.4e-03
-----On 8/20 Initial Guess Perturbations
Iteration 630/4500-----
J=1.2e-02, ⟨Jf⟩=1.3e-03, ⟨B·n⟩=8.0e-03, Len=sum([4.8, 4.6, 4.2])=13.6, ϰ=[5.0, 5.3, 4.6], ∫ϰ²/L>=[4.7, 6.2, 6.2], C-C-Sep=0.20, ║∇J║=2.2e-03
-----On 8/20 Initial Guess Perturbations
Iteration 631/4500-----
J=1.2e-02, ⟨Jf⟩=1.3e-03, ⟨B·n⟩=8.0e-03, Len=sum([4.8, 4.6, 4.2])=13.6, ϰ=[4.9, 5.4, 4.6], ∫ϰ²/L>=[4.7, 6.2, 6.2], C-C-Sep=0.20, ║∇J║=2.6e-03
-----On 8/20 Initial Guess Perturbations
Iteration 632/4500-----
J=1.2e-02, ⟨Jf⟩=1.3e-03, ⟨B·n⟩=8.0e-03, Len=sum([4.8, 4.6, 4.2])=13.6, ϰ=[4.9, 5.4, 4.6], ∫ϰ²/L>=[4.7, 6.2, 6.2], C-C-Sep=0.20, ║∇J║=3.0e-03
-----On 8/20 Initial Guess Perturbations
Iteration 633/4500-----
J=1.2e-02, ⟨Jf⟩=1.3e-03, ⟨B·n⟩=8.0e-03, Len=sum([4.8, 4.6, 4.2])=13.6, ϰ=[4.9, 5.4, 4.6], ∫ϰ²/L>=[4.7, 6.2, 6.3], C-C-Sep=0.20, ║∇J║=2.5e-03
-----On 8/20 Initial Guess Perturbations
Iteration 634/4500-----
J=1.2e-02, ⟨Jf⟩=1.3e-03, ⟨B·n⟩=8.0e-03, Len=sum([4.8, 4.6, 4.2])=13.6, ϰ=[4.9, 5.4, 4.6], ∫ϰ²/L>=[4.7, 6.2, 6.3], C-C-Sep=0.20, ║∇J║=3.1e-03
-----On 8/20 Initial Guess Perturbations
Iteration 635/4500-----
J=1.2e-02, ⟨Jf⟩=1.3e-03, ⟨B·n⟩=8.0e-03, Len=sum([4.8, 4.6, 4.2])=13.6, ϰ=[4.9, 5.4, 4.6], ∫ϰ²/L>=[4.7, 6.2, 6.3], C-C-Sep=0.20, ║∇J║=3.1e-03
-----On 8/20 Initial Guess Perturbations
Iteration 636/4500-----
J=1.2e-02, ⟨Jf⟩=1.3e-03, ⟨B·n⟩=8.0e-03, Len=sum([4.8, 4.6, 4.2])=13.6, ϰ=[4.9, 5.4, 4.6], ∫ϰ²/L>=[4.8, 6.2, 6.3], C-C-Sep=0.20, ║∇J║=3.3e-03
-----On 8/20 Initial Guess Perturbations
Iteration 637/4500-----
J=1.2e-02, ⟨Jf⟩=1.3e-03, ⟨B·n⟩=8.0e-03, Len=sum([4.8, 4.6, 4.2])=13.6, ϰ=[4.9, 5.3, 4.6], ∫ϰ²/L>=[4.8, 6.2, 6.3], C-C-Sep=0.20, ║∇J║=3.9e-03
-----On 8/20 Initial Guess Perturbations
Iteration 638/4500-----
J=1.2e-02, ⟨Jf⟩=1.3e-03, ⟨B·n⟩=8.0e-03, Len=sum([4.8, 4.6, 4.2])=13.6, ϰ=[4.9, 5.4, 4.7], ∫ϰ²/L>=[4.8, 6.2, 6.3], C-C-Sep=0.20, ║∇J║=3.5e-03
-----On 8/20 Initial Guess Perturbations
Iteration 639/4500-----
J=1.2e-02, ⟨Jf⟩=1.3e-03, ⟨B·n⟩=8.0e-03, Len=sum([4.8, 4.6, 4.2])=13.6, ϰ=[4.9, 5.4, 4.7], ∫ϰ²/L>=[4.8, 6.2, 6.3], C-C-Sep=0.20, ║∇J║=2.8e-03
-----On 8/20 Initial Guess Perturbations
Iteration 640/4500-----
J=1.2e-02, ⟨Jf⟩=1.3e-03, ⟨B·n⟩=8.0e-03, Len=sum([4.8, 4.6, 4.2])=13.6, ϰ=[4.9, 5.3, 4.7], ∫ϰ²/L>=[4.8, 6.2, 6.3], C-C-Sep=0.20, ║∇J║=2.3e-03
-----On 8/20 Initial Guess Perturbations
Iteration 641/4500-----
J=1.2e-02, ⟨Jf⟩=1.3e-03, ⟨B·n⟩=8.0e-03, Len=sum([4.8, 4.6, 4.2])=13.6, ϰ=[4.9, 5.4, 4.7], ∫ϰ²/L>=[4.8, 6.2, 6.3], C-C-Sep=0.20, ║∇J║=2.8e-03
-----On 8/20 Initial Guess Perturbations
Iteration 642/4500-----
J=1.2e-02, ⟨Jf⟩=1.3e-03, ⟨B·n⟩=8.0e-03, Len=sum([4.8, 4.6, 4.2])=13.6, ϰ=[4.9, 5.4, 4.7], ∫ϰ²/L>=[4.8, 6.2, 6.3], C-C-Sep=0.20, ║∇J║=3.2e-03
-----On 8/20 Initial Guess Perturbations
Iteration 643/4500-----
J=1.2e-02, ⟨Jf⟩=1.3e-03, ⟨B·n⟩=8.0e-03, Len=sum([4.8, 4.6, 4.2])=13.6, ϰ=[4.9, 5.3, 4.7], ∫ϰ²/L>=[4.8, 6.1, 6.3], C-C-Sep=0.20, ║∇J║=3.2e-03
-----On 8/20 Initial Guess Perturbations
Iteration 644/4500-----
J=1.2e-02, ⟨Jf⟩=1.3e-03, ⟨B·n⟩=8.0e-03, Len=sum([4.8, 4.6, 4.2])=13.6, ϰ=[4.9, 5.3, 4.7], ∫ϰ²/L>=[4.8, 6.2, 6.3], C-C-Sep=0.20, ║∇J║=3.1e-03
-----On 8/20 Initial Guess Perturbations
Iteration 645/4500-----
J=1.2e-02, ⟨Jf⟩=1.3e-03, ⟨B·n⟩=8.0e-03, Len=sum([4.8, 4.6, 4.2])=13.6, ϰ=[4.9, 5.4, 4.7], ∫ϰ²/L>=[4.7, 6.2, 6.3], C-C-Sep=0.20, ║∇J║=2.7e-03
-----On 8/20 Initial Guess Perturbations
Iteration 646/4500-----
J=1.2e-02, ⟨Jf⟩=1.3e-03, ⟨B·n⟩=8.0e-03, Len=sum([4.8, 4.6, 4.2])=13.6, ϰ=[5.0, 5.3, 4.7], ∫ϰ²/L>=[4.8, 6.2, 6.3], C-C-Sep=0.20, ║∇J║=2.5e-03
-----On 8/20 Initial Guess Perturbations
Iteration 647/4500-----
J=1.2e-02, ⟨Jf⟩=1.3e-03, ⟨B·n⟩=8.0e-03, Len=sum([4.8, 4.6, 4.2])=13.6, ϰ=[5.0, 5.4, 4.7], ∫ϰ²/L>=[4.8, 6.2, 6.3], C-C-Sep=0.20, ║∇J║=3.2e-03
-----On 8/20 Initial Guess Perturbations
Iteration 648/4500-----
J=1.2e-02, ⟨Jf⟩=1.3e-03, ⟨B·n⟩=8.0e-03, Len=sum([4.8, 4.6, 4.2])=13.6, ϰ=[5.0, 5.3, 4.7], ∫ϰ²/L>=[4.8, 6.2, 6.3], C-C-Sep=0.20, ║∇J║=4.0e-03
-----On 8/20 Initial Guess Perturbations
Iteration 649/4500-----
J=1.2e-02, ⟨Jf⟩=1.3e-03, ⟨B·n⟩=8.0e-03, Len=sum([4.8, 4.6, 4.2])=13.6, ϰ=[5.0, 5.3, 4.7], ∫ϰ²/L>=[4.8, 6.2, 6.3], C-C-Sep=0.20, ║∇J║=3.1e-03
-----On 8/20 Initial Guess Perturbations
Iteration 650/4500-----
J=1.2e-02, ⟨Jf⟩=1.3e-03, ⟨B·n⟩=8.0e-03, Len=sum([4.8, 4.6, 4.2])=13.6, ϰ=[5.0, 5.3, 4.6], ∫ϰ²/L>=[4.8, 6.2, 6.3], C-C-Sep=0.20, ║∇J║=4.3e-03
-----On 8/20 Initial Guess Perturbations
Iteration 651/4500-----
J=1.2e-02, ⟨Jf⟩=1.3e-03, ⟨B·n⟩=8.0e-03, Len=sum([4.8, 4.6, 4.2])=13.6, ϰ=[5.0, 5.3, 4.6], ∫ϰ²/L>=[4.8, 6.2, 6.3], C-C-Sep=0.20, ║∇J║=4.4e-03
-----On 8/20 Initial Guess Perturbations
Iteration 652/4500-----
J=1.2e-02, ⟨Jf⟩=1.3e-03, ⟨B·n⟩=8.0e-03, Len=sum([4.8, 4.6, 4.2])=13.6, ϰ=[5.0, 5.3, 4.6], ∫ϰ²/L>=[4.8, 6.2, 6.3], C-C-Sep=0.20, ║∇J║=3.8e-03
-----On 8/20 Initial Guess Perturbations
Iteration 653/4500-----
J=1.2e-02, ⟨Jf⟩=1.3e-03, ⟨B·n⟩=8.0e-03, Len=sum([4.8, 4.6, 4.2])=13.6, ϰ=[5.0, 5.3, 4.6], ∫ϰ²/L>=[4.8, 6.2, 6.3], C-C-Sep=0.20, ║∇J║=3.3e-03
-----On 8/20 Initial Guess Perturbations
Iteration 654/4500-----
J=1.2e-02, ⟨Jf⟩=1.3e-03, ⟨B·n⟩=8.0e-03, Len=sum([4.8, 4.6, 4.2])=13.6, ϰ=[5.0, 5.3, 4.6], ∫ϰ²/L>=[4.8, 6.2, 6.3], C-C-Sep=0.20, ║∇J║=2.9e-03
-----On 8/20 Initial Guess Perturbations
Iteration 655/4500-----
J=1.2e-02, ⟨Jf⟩=1.3e-03, ⟨B·n⟩=8.0e-03, Len=sum([4.8, 4.6, 4.2])=13.6, ϰ=[5.0, 5.3, 4.6], ∫ϰ²/L>=[4.8, 6.2, 6.3], C-C-Sep=0.20, ║∇J║=3.0e-03
-----On 8/20 Initial Guess Perturbations
Iteration 656/4500-----
J=1.2e-02, ⟨Jf⟩=1.3e-03, ⟨B·n⟩=8.0e-03, Len=sum([4.8, 4.6, 4.2])=13.6, ϰ=[5.0, 5.3, 4.6], ∫ϰ²/L>=[4.8, 6.2, 6.3], C-C-Sep=0.20, ║∇J║=2.8e-03
-----On 8/20 Initial Guess Perturbations
Iteration 657/4500-----
J=1.2e-02, ⟨Jf⟩=1.3e-03, ⟨B·n⟩=8.0e-03, Len=sum([4.8, 4.6, 4.2])=13.6, ϰ=[5.0, 5.3, 4.6], ∫ϰ²/L>=[4.8, 6.2, 6.3], C-C-Sep=0.20, ║∇J║=3.1e-03
-----On 8/20 Initial Guess Perturbations
Iteration 658/4500-----
J=1.2e-02, ⟨Jf⟩=1.3e-03, ⟨B·n⟩=8.0e-03, Len=sum([4.8, 4.6, 4.2])=13.6, ϰ=[5.0, 5.3, 4.6], ∫ϰ²/L>=[4.8, 6.2, 6.3], C-C-Sep=0.20, ║∇J║=2.7e-03
-----On 8/20 Initial Guess Perturbations
Iteration 659/4500-----
J=1.2e-02, ⟨Jf⟩=1.3e-03, ⟨B·n⟩=8.0e-03, Len=sum([4.8, 4.6, 4.2])=13.6, ϰ=[4.9, 5.3, 4.7], ∫ϰ²/L>=[4.8, 6.2, 6.3], C-C-Sep=0.20, ║∇J║=3.1e-03
-----On 8/20 Initial Guess Perturbations
Iteration 660/4500-----
J=1.2e-02, ⟨Jf⟩=1.3e-03, ⟨B·n⟩=8.0e-03, Len=sum([4.8, 4.6, 4.2])=13.6, ϰ=[4.9, 5.4, 4.7], ∫ϰ²/L>=[4.8, 6.2, 6.3], C-C-Sep=0.20, ║∇J║=2.7e-03
-----On 8/20 Initial Guess Perturbations
Iteration 661/4500-----
J=1.2e-02, ⟨Jf⟩=1.3e-03, ⟨B·n⟩=8.0e-03, Len=sum([4.8, 4.6, 4.2])=13.6, ϰ=[4.8, 5.4, 4.7], ∫ϰ²/L>=[4.8, 6.2, 6.3], C-C-Sep=0.20, ║∇J║=2.9e-03
-----On 8/20 Initial Guess Perturbations
Iteration 662/4500-----
J=1.2e-02, ⟨Jf⟩=1.3e-03, ⟨B·n⟩=8.0e-03, Len=sum([4.8, 4.6, 4.2])=13.6, ϰ=[4.8, 5.4, 4.7], ∫ϰ²/L>=[4.8, 6.2, 6.3], C-C-Sep=0.20, ║∇J║=3.1e-03
-----On 8/20 Initial Guess Perturbations
Iteration 663/4500-----
J=1.2e-02, ⟨Jf⟩=1.3e-03, ⟨B·n⟩=8.0e-03, Len=sum([4.8, 4.6, 4.2])=13.6, ϰ=[4.8, 5.4, 4.8], ∫ϰ²/L>=[4.8, 6.2, 6.3], C-C-Sep=0.20, ║∇J║=3.8e-03
-----On 8/20 Initial Guess Perturbations
Iteration 664/4500-----
J=1.2e-02, ⟨Jf⟩=1.3e-03, ⟨B·n⟩=8.0e-03, Len=sum([4.8, 4.6, 4.2])=13.6, ϰ=[4.7, 5.4, 4.8], ∫ϰ²/L>=[4.8, 6.2, 6.3], C-C-Sep=0.20, ║∇J║=3.5e-03
-----On 8/20 Initial Guess Perturbations
Iteration 665/4500-----
J=1.2e-02, ⟨Jf⟩=1.3e-03, ⟨B·n⟩=8.0e-03, Len=sum([4.8, 4.6, 4.2])=13.6, ϰ=[4.7, 5.5, 4.8], ∫ϰ²/L>=[4.8, 6.2, 6.3], C-C-Sep=0.20, ║∇J║=4.0e-03
-----On 8/20 Initial Guess Perturbations
Iteration 666/4500-----
J=1.2e-02, ⟨Jf⟩=1.3e-03, ⟨B·n⟩=8.0e-03, Len=sum([4.8, 4.6, 4.2])=13.6, ϰ=[4.8, 5.4, 4.8], ∫ϰ²/L>=[4.8, 6.2, 6.3], C-C-Sep=0.20, ║∇J║=3.2e-03
-----On 8/20 Initial Guess Perturbations
Iteration 667/4500-----
J=1.2e-02, ⟨Jf⟩=1.3e-03, ⟨B·n⟩=8.0e-03, Len=sum([4.8, 4.6, 4.2])=13.6, ϰ=[4.8, 5.4, 4.8], ∫ϰ²/L>=[4.7, 6.2, 6.3], C-C-Sep=0.20, ║∇J║=2.5e-03
-----On 8/20 Initial Guess Perturbations
Iteration 668/4500-----
J=1.2e-02, ⟨Jf⟩=1.3e-03, ⟨B·n⟩=8.0e-03, Len=sum([4.8, 4.6, 4.2])=13.6, ϰ=[4.8, 5.4, 4.9], ∫ϰ²/L>=[4.7, 6.2, 6.3], C-C-Sep=0.20, ║∇J║=2.7e-03
-----On 8/20 Initial Guess Perturbations
Iteration 669/4500-----
J=1.2e-02, ⟨Jf⟩=1.3e-03, ⟨B·n⟩=8.0e-03, Len=sum([4.8, 4.6, 4.2])=13.6, ϰ=[4.8, 5.4, 4.8], ∫ϰ²/L>=[4.8, 6.2, 6.3], C-C-Sep=0.20, ║∇J║=2.9e-03
-----On 8/20 Initial Guess Perturbations
Iteration 670/4500-----
J=1.2e-02, ⟨Jf⟩=1.3e-03, ⟨B·n⟩=8.0e-03, Len=sum([4.8, 4.6, 4.2])=13.6, ϰ=[4.8, 5.3, 4.8], ∫ϰ²/L>=[4.8, 6.2, 6.3], C-C-Sep=0.20, ║∇J║=2.9e-03
-----On 8/20 Initial Guess Perturbations
Iteration 671/4500-----
J=1.2e-02, ⟨Jf⟩=1.3e-03, ⟨B·n⟩=8.0e-03, Len=sum([4.8, 4.6, 4.2])=13.6, ϰ=[4.8, 5.3, 4.8], ∫ϰ²/L>=[4.8, 6.2, 6.3], C-C-Sep=0.20, ║∇J║=3.0e-03
-----On 8/20 Initial Guess Perturbations
Iteration 672/4500-----
J=1.2e-02, ⟨Jf⟩=1.3e-03, ⟨B·n⟩=8.0e-03, Len=sum([4.8, 4.6, 4.2])=13.6, ϰ=[4.8, 5.2, 4.8], ∫ϰ²/L>=[4.8, 6.2, 6.3], C-C-Sep=0.20, ║∇J║=3.2e-03
-----On 8/20 Initial Guess Perturbations
Iteration 673/4500-----
J=1.2e-02, ⟨Jf⟩=1.3e-03, ⟨B·n⟩=8.0e-03, Len=sum([4.8, 4.6, 4.2])=13.6, ϰ=[4.8, 5.2, 4.7], ∫ϰ²/L>=[4.7, 6.2, 6.3], C-C-Sep=0.20, ║∇J║=3.4e-03
-----On 8/20 Initial Guess Perturbations
Iteration 674/4500-----
J=1.2e-02, ⟨Jf⟩=1.3e-03, ⟨B·n⟩=8.0e-03, Len=sum([4.8, 4.6, 4.2])=13.6, ϰ=[4.8, 5.2, 4.7], ∫ϰ²/L>=[4.7, 6.2, 6.3], C-C-Sep=0.20, ║∇J║=3.6e-03
-----On 8/20 Initial Guess Perturbations
Iteration 675/4500-----
J=1.2e-02, ⟨Jf⟩=1.3e-03, ⟨B·n⟩=8.0e-03, Len=sum([4.8, 4.6, 4.2])=13.6, ϰ=[4.8, 5.2, 4.7], ∫ϰ²/L>=[4.7, 6.2, 6.3], C-C-Sep=0.20, ║∇J║=3.0e-03
-----On 8/20 Initial Guess Perturbations
Iteration 676/4500-----
J=1.2e-02, ⟨Jf⟩=1.3e-03, ⟨B·n⟩=8.0e-03, Len=sum([4.8, 4.6, 4.2])=13.6, ϰ=[4.8, 5.2, 4.7], ∫ϰ²/L>=[4.7, 6.2, 6.3], C-C-Sep=0.20, ║∇J║=2.8e-03
-----On 8/20 Initial Guess Perturbations
Iteration 677/4500-----
J=1.2e-02, ⟨Jf⟩=1.3e-03, ⟨B·n⟩=8.0e-03, Len=sum([4.8, 4.6, 4.2])=13.6, ϰ=[4.8, 5.2, 4.6], ∫ϰ²/L>=[4.7, 6.2, 6.3], C-C-Sep=0.20, ║∇J║=3.7e-03
-----On 8/20 Initial Guess Perturbations
Iteration 678/4500-----
J=1.2e-02, ⟨Jf⟩=1.3e-03, ⟨B·n⟩=8.0e-03, Len=sum([4.8, 4.6, 4.2])=13.6, ϰ=[4.8, 5.2, 4.6], ∫ϰ²/L>=[4.7, 6.2, 6.3], C-C-Sep=0.20, ║∇J║=3.9e-03
-----On 8/20 Initial Guess Perturbations
Iteration 679/4500-----
J=1.2e-02, ⟨Jf⟩=1.3e-03, ⟨B·n⟩=8.0e-03, Len=sum([4.8, 4.6, 4.2])=13.6, ϰ=[4.7, 5.2, 4.5], ∫ϰ²/L>=[4.7, 6.2, 6.3], C-C-Sep=0.20, ║∇J║=3.8e-03
-----On 8/20 Initial Guess Perturbations
Iteration 680/4500-----
J=1.2e-02, ⟨Jf⟩=1.3e-03, ⟨B·n⟩=8.0e-03, Len=sum([4.8, 4.6, 4.2])=13.6, ϰ=[4.7, 5.2, 4.5], ∫ϰ²/L>=[4.7, 6.2, 6.3], C-C-Sep=0.20, ║∇J║=3.1e-03
-----On 8/20 Initial Guess Perturbations
Iteration 681/4500-----
J=1.2e-02, ⟨Jf⟩=1.3e-03, ⟨B·n⟩=8.0e-03, Len=sum([4.8, 4.6, 4.2])=13.6, ϰ=[4.7, 5.2, 4.5], ∫ϰ²/L>=[4.7, 6.2, 6.3], C-C-Sep=0.20, ║∇J║=3.3e-03
-----On 8/20 Initial Guess Perturbations
Iteration 682/4500-----
J=1.2e-02, ⟨Jf⟩=1.3e-03, ⟨B·n⟩=8.0e-03, Len=sum([4.8, 4.6, 4.2])=13.6, ϰ=[4.7, 5.2, 4.5], ∫ϰ²/L>=[4.7, 6.2, 6.3], C-C-Sep=0.20, ║∇J║=3.0e-03
-----On 8/20 Initial Guess Perturbations
Iteration 683/4500-----
J=1.2e-02, ⟨Jf⟩=1.3e-03, ⟨B·n⟩=8.0e-03, Len=sum([4.8, 4.6, 4.2])=13.6, ϰ=[4.7, 5.2, 4.5], ∫ϰ²/L>=[4.7, 6.2, 6.3], C-C-Sep=0.20, ║∇J║=4.0e-03
-----On 8/20 Initial Guess Perturbations
Iteration 684/4500-----
J=1.2e-02, ⟨Jf⟩=1.3e-03, ⟨B·n⟩=8.0e-03, Len=sum([4.8, 4.6, 4.2])=13.6, ϰ=[4.7, 5.3, 4.5], ∫ϰ²/L>=[4.7, 6.2, 6.3], C-C-Sep=0.20, ║∇J║=4.6e-03
-----On 8/20 Initial Guess Perturbations
Iteration 685/4500-----
J=1.2e-02, ⟨Jf⟩=1.3e-03, ⟨B·n⟩=8.0e-03, Len=sum([4.8, 4.6, 4.2])=13.6, ϰ=[4.8, 5.2, 4.5], ∫ϰ²/L>=[4.7, 6.2, 6.3], C-C-Sep=0.20, ║∇J║=5.3e-03
-----On 8/20 Initial Guess Perturbations
Iteration 686/4500-----
J=1.2e-02, ⟨Jf⟩=1.3e-03, ⟨B·n⟩=8.0e-03, Len=sum([4.8, 4.6, 4.2])=13.6, ϰ=[4.7, 5.2, 4.5], ∫ϰ²/L>=[4.7, 6.2, 6.3], C-C-Sep=0.20, ║∇J║=3.2e-03
-----On 8/20 Initial Guess Perturbations
Iteration 687/4500-----
J=1.2e-02, ⟨Jf⟩=1.3e-03, ⟨B·n⟩=8.0e-03, Len=sum([4.8, 4.6, 4.2])=13.6, ϰ=[4.8, 5.2, 4.5], ∫ϰ²/L>=[4.7, 6.2, 6.3], C-C-Sep=0.20, ║∇J║=3.6e-03
-----On 8/20 Initial Guess Perturbations
Iteration 688/4500-----
J=1.2e-02, ⟨Jf⟩=1.3e-03, ⟨B·n⟩=8.0e-03, Len=sum([4.8, 4.6, 4.2])=13.6, ϰ=[4.8, 5.2, 4.5], ∫ϰ²/L>=[4.7, 6.2, 6.3], C-C-Sep=0.20, ║∇J║=2.9e-03
-----On 8/20 Initial Guess Perturbations
Iteration 689/4500-----
J=1.2e-02, ⟨Jf⟩=1.3e-03, ⟨B·n⟩=8.0e-03, Len=sum([4.8, 4.6, 4.2])=13.6, ϰ=[4.8, 5.2, 4.5], ∫ϰ²/L>=[4.7, 6.2, 6.3], C-C-Sep=0.20, ║∇J║=3.3e-03
-----On 8/20 Initial Guess Perturbations
Iteration 690/4500-----
J=1.2e-02, ⟨Jf⟩=1.3e-03, ⟨B·n⟩=8.0e-03, Len=sum([4.8, 4.6, 4.2])=13.6, ϰ=[4.8, 5.2, 4.5], ∫ϰ²/L>=[4.7, 6.2, 6.3], C-C-Sep=0.20, ║∇J║=3.8e-03
-----On 8/20 Initial Guess Perturbations
Iteration 691/4500-----
J=1.2e-02, ⟨Jf⟩=1.3e-03, ⟨B·n⟩=8.0e-03, Len=sum([4.8, 4.6, 4.2])=13.6, ϰ=[4.8, 5.3, 4.5], ∫ϰ²/L>=[4.7, 6.2, 6.3], C-C-Sep=0.20, ║∇J║=2.8e-03
-----On 8/20 Initial Guess Perturbations
Iteration 692/4500-----
J=1.2e-02, ⟨Jf⟩=1.3e-03, ⟨B·n⟩=8.0e-03, Len=sum([4.8, 4.6, 4.2])=13.6, ϰ=[4.8, 5.3, 4.5], ∫ϰ²/L>=[4.7, 6.2, 6.3], C-C-Sep=0.20, ║∇J║=3.2e-03
-----On 8/20 Initial Guess Perturbations
Iteration 693/4500-----
J=1.2e-02, ⟨Jf⟩=1.3e-03, ⟨B·n⟩=8.0e-03, Len=sum([4.8, 4.6, 4.2])=13.6, ϰ=[4.9, 5.3, 4.5], ∫ϰ²/L>=[4.7, 6.2, 6.3], C-C-Sep=0.20, ║∇J║=3.2e-03
-----On 8/20 Initial Guess Perturbations
Iteration 694/4500-----
J=1.2e-02, ⟨Jf⟩=1.3e-03, ⟨B·n⟩=8.0e-03, Len=sum([4.8, 4.6, 4.2])=13.6, ϰ=[4.9, 5.3, 4.5], ∫ϰ²/L>=[4.7, 6.2, 6.3], C-C-Sep=0.20, ║∇J║=3.4e-03
-----On 8/20 Initial Guess Perturbations
Iteration 695/4500-----
J=1.2e-02, ⟨Jf⟩=1.3e-03, ⟨B·n⟩=8.0e-03, Len=sum([4.8, 4.6, 4.2])=13.6, ϰ=[4.9, 5.3, 4.5], ∫ϰ²/L>=[4.7, 6.2, 6.3], C-C-Sep=0.20, ║∇J║=3.8e-03
-----On 8/20 Initial Guess Perturbations
Iteration 696/4500-----
J=1.2e-02, ⟨Jf⟩=1.3e-03, ⟨B·n⟩=8.0e-03, Len=sum([4.8, 4.6, 4.2])=13.6, ϰ=[4.9, 5.3, 4.5], ∫ϰ²/L>=[4.8, 6.2, 6.3], C-C-Sep=0.20, ║∇J║=3.4e-03
-----On 8/20 Initial Guess Perturbations
Iteration 697/4500-----
J=1.2e-02, ⟨Jf⟩=1.3e-03, ⟨B·n⟩=8.0e-03, Len=sum([4.8, 4.6, 4.2])=13.6, ϰ=[4.9, 5.3, 4.5], ∫ϰ²/L>=[4.7, 6.2, 6.3], C-C-Sep=0.20, ║∇J║=4.3e-03
-----On 8/20 Initial Guess Perturbations
Iteration 698/4500-----
J=1.2e-02, ⟨Jf⟩=1.3e-03, ⟨B·n⟩=8.0e-03, Len=sum([4.8, 4.6, 4.2])=13.6, ϰ=[4.9, 5.3, 4.5], ∫ϰ²/L>=[4.7, 6.2, 6.3], C-C-Sep=0.20, ║∇J║=4.6e-03
-----On 8/20 Initial Guess Perturbations
Iteration 699/4500-----
J=1.2e-02, ⟨Jf⟩=1.3e-03, ⟨B·n⟩=8.0e-03, Len=sum([4.8, 4.6, 4.2])=13.6, ϰ=[4.9, 5.3, 4.5], ∫ϰ²/L>=[4.7, 6.2, 6.3], C-C-Sep=0.20, ║∇J║=2.9e-03
-----On 8/20 Initial Guess Perturbations
Iteration 700/4500-----
J=1.2e-02, ⟨Jf⟩=1.3e-03, ⟨B·n⟩=8.0e-03, Len=sum([4.8, 4.6, 4.2])=13.6, ϰ=[4.9, 5.3, 4.5], ∫ϰ²/L>=[4.8, 6.2, 6.3], C-C-Sep=0.20, ║∇J║=3.2e-03
-----On 8/20 Initial Guess Perturbations
Iteration 701/4500-----
J=1.2e-02, ⟨Jf⟩=1.3e-03, ⟨B·n⟩=8.0e-03, Len=sum([4.8, 4.6, 4.2])=13.6, ϰ=[4.9, 5.3, 4.5], ∫ϰ²/L>=[4.8, 6.2, 6.3], C-C-Sep=0.20, ║∇J║=3.0e-03
-----On 8/20 Initial Guess Perturbations
Iteration 702/4500-----
J=1.2e-02, ⟨Jf⟩=1.3e-03, ⟨B·n⟩=8.0e-03, Len=sum([4.8, 4.6, 4.2])=13.6, ϰ=[4.9, 5.4, 4.4], ∫ϰ²/L>=[4.8, 6.2, 6.3], C-C-Sep=0.20, ║∇J║=3.1e-03
-----On 8/20 Initial Guess Perturbations
Iteration 703/4500-----
J=1.2e-02, ⟨Jf⟩=1.3e-03, ⟨B·n⟩=8.0e-03, Len=sum([4.8, 4.6, 4.2])=13.6, ϰ=[4.9, 5.4, 4.4], ∫ϰ²/L>=[4.8, 6.2, 6.3], C-C-Sep=0.20, ║∇J║=3.6e-03
-----On 8/20 Initial Guess Perturbations
Iteration 704/4500-----
J=1.2e-02, ⟨Jf⟩=1.3e-03, ⟨B·n⟩=8.0e-03, Len=sum([4.8, 4.6, 4.2])=13.6, ϰ=[4.9, 5.4, 4.4], ∫ϰ²/L>=[4.8, 6.2, 6.3], C-C-Sep=0.20, ║∇J║=2.9e-03
-----On 8/20 Initial Guess Perturbations
Iteration 705/4500-----
J=1.2e-02, ⟨Jf⟩=1.3e-03, ⟨B·n⟩=8.0e-03, Len=sum([4.8, 4.6, 4.2])=13.6, ϰ=[4.9, 5.4, 4.5], ∫ϰ²/L>=[4.8, 6.2, 6.3], C-C-Sep=0.20, ║∇J║=2.7e-03
-----On 8/20 Initial Guess Perturbations
Iteration 706/4500-----
J=1.2e-02, ⟨Jf⟩=1.3e-03, ⟨B·n⟩=8.0e-03, Len=sum([4.8, 4.6, 4.2])=13.6, ϰ=[4.9, 5.4, 4.5], ∫ϰ²/L>=[4.8, 6.2, 6.3], C-C-Sep=0.20, ║∇J║=2.7e-03
-----On 8/20 Initial Guess Perturbations
Iteration 707/4500-----
J=1.2e-02, ⟨Jf⟩=1.3e-03, ⟨B·n⟩=8.0e-03, Len=sum([4.8, 4.6, 4.2])=13.6, ϰ=[4.9, 5.4, 4.5], ∫ϰ²/L>=[4.8, 6.2, 6.3], C-C-Sep=0.20, ║∇J║=3.2e-03
-----On 8/20 Initial Guess Perturbations
Iteration 708/4500-----
J=1.2e-02, ⟨Jf⟩=1.3e-03, ⟨B·n⟩=8.0e-03, Len=sum([4.8, 4.6, 4.2])=13.6, ϰ=[4.9, 5.4, 4.5], ∫ϰ²/L>=[4.8, 6.2, 6.3], C-C-Sep=0.20, ║∇J║=3.5e-03
-----On 8/20 Initial Guess Perturbations
Iteration 709/4500-----
J=1.2e-02, ⟨Jf⟩=1.3e-03, ⟨B·n⟩=8.0e-03, Len=sum([4.8, 4.6, 4.2])=13.6, ϰ=[4.9, 5.4, 4.5], ∫ϰ²/L>=[4.8, 6.2, 6.3], C-C-Sep=0.20, ║∇J║=2.9e-03
-----On 8/20 Initial Guess Perturbations
Iteration 710/4500-----
J=1.2e-02, ⟨Jf⟩=1.3e-03, ⟨B·n⟩=8.0e-03, Len=sum([4.8, 4.6, 4.2])=13.6, ϰ=[4.9, 5.4, 4.5], ∫ϰ²/L>=[4.8, 6.2, 6.3], C-C-Sep=0.20, ║∇J║=5.2e-03
-----On 8/20 Initial Guess Perturbations
Iteration 711/4500-----
J=1.2e-02, ⟨Jf⟩=1.3e-03, ⟨B·n⟩=8.0e-03, Len=sum([4.8, 4.6, 4.2])=13.6, ϰ=[4.9, 5.3, 4.6], ∫ϰ²/L>=[4.8, 6.2, 6.3], C-C-Sep=0.20, ║∇J║=3.8e-03
-----On 8/20 Initial Guess Perturbations
Iteration 712/4500-----
J=1.2e-02, ⟨Jf⟩=1.3e-03, ⟨B·n⟩=8.0e-03, Len=sum([4.8, 4.6, 4.2])=13.6, ϰ=[4.9, 5.3, 4.6], ∫ϰ²/L>=[4.8, 6.2, 6.3], C-C-Sep=0.20, ║∇J║=4.6e-03
-----On 8/20 Initial Guess Perturbations
Iteration 713/4500-----
J=1.2e-02, ⟨Jf⟩=1.3e-03, ⟨B·n⟩=8.0e-03, Len=sum([4.8, 4.6, 4.2])=13.6, ϰ=[4.9, 5.3, 4.5], ∫ϰ²/L>=[4.8, 6.2, 6.3], C-C-Sep=0.20, ║∇J║=2.9e-03
-----On 8/20 Initial Guess Perturbations
Iteration 714/4500-----
J=1.2e-02, ⟨Jf⟩=1.3e-03, ⟨B·n⟩=8.0e-03, Len=sum([4.8, 4.6, 4.2])=13.6, ϰ=[4.9, 5.3, 4.5], ∫ϰ²/L>=[4.8, 6.2, 6.3], C-C-Sep=0.20, ║∇J║=3.1e-03
-----On 8/20 Initial Guess Perturbations
Iteration 715/4500-----
J=1.2e-02, ⟨Jf⟩=1.3e-03, ⟨B·n⟩=8.0e-03, Len=sum([4.8, 4.6, 4.2])=13.6, ϰ=[4.9, 5.3, 4.5], ∫ϰ²/L>=[4.8, 6.2, 6.3], C-C-Sep=0.20, ║∇J║=3.1e-03
-----On 8/20 Initial Guess Perturbations
Iteration 716/4500-----
J=1.2e-02, ⟨Jf⟩=1.3e-03, ⟨B·n⟩=8.0e-03, Len=sum([4.8, 4.6, 4.2])=13.6, ϰ=[4.9, 5.3, 4.5], ∫ϰ²/L>=[4.8, 6.2, 6.3], C-C-Sep=0.20, ║∇J║=3.1e-03
-----On 8/20 Initial Guess Perturbations
Iteration 717/4500-----
J=1.2e-02, ⟨Jf⟩=1.3e-03, ⟨B·n⟩=8.0e-03, Len=sum([4.8, 4.6, 4.2])=13.6, ϰ=[4.8, 5.3, 4.5], ∫ϰ²/L>=[4.8, 6.2, 6.3], C-C-Sep=0.20, ║∇J║=4.3e-03
-----On 8/20 Initial Guess Perturbations
Iteration 718/4500-----
J=1.2e-02, ⟨Jf⟩=1.3e-03, ⟨B·n⟩=8.0e-03, Len=sum([4.8, 4.6, 4.2])=13.6, ϰ=[4.8, 5.2, 4.5], ∫ϰ²/L>=[4.8, 6.2, 6.3], C-C-Sep=0.20, ║∇J║=2.6e-03
-----On 8/20 Initial Guess Perturbations
Iteration 719/4500-----
J=1.2e-02, ⟨Jf⟩=1.3e-03, ⟨B·n⟩=8.0e-03, Len=sum([4.8, 4.6, 4.2])=13.6, ϰ=[4.8, 5.2, 4.5], ∫ϰ²/L>=[4.8, 6.2, 6.3], C-C-Sep=0.20, ║∇J║=3.3e-03
-----On 8/20 Initial Guess Perturbations
Iteration 720/4500-----
J=1.2e-02, ⟨Jf⟩=1.3e-03, ⟨B·n⟩=8.0e-03, Len=sum([4.8, 4.6, 4.2])=13.6, ϰ=[4.8, 5.2, 4.5], ∫ϰ²/L>=[4.8, 6.2, 6.3], C-C-Sep=0.20, ║∇J║=3.2e-03
-----On 8/20 Initial Guess Perturbations
Iteration 721/4500-----
J=1.2e-02, ⟨Jf⟩=1.3e-03, ⟨B·n⟩=8.0e-03, Len=sum([4.8, 4.6, 4.2])=13.6, ϰ=[4.8, 5.2, 4.5], ∫ϰ²/L>=[4.8, 6.2, 6.3], C-C-Sep=0.20, ║∇J║=3.0e-03
-----On 8/20 Initial Guess Perturbations
Iteration 722/4500-----
J=1.2e-02, ⟨Jf⟩=1.3e-03, ⟨B·n⟩=8.0e-03, Len=sum([4.8, 4.6, 4.2])=13.6, ϰ=[4.8, 5.2, 4.6], ∫ϰ²/L>=[4.8, 6.2, 6.3], C-C-Sep=0.20, ║∇J║=3.3e-03
-----On 8/20 Initial Guess Perturbations
Iteration 723/4500-----
J=1.2e-02, ⟨Jf⟩=1.3e-03, ⟨B·n⟩=8.0e-03, Len=sum([4.8, 4.6, 4.2])=13.6, ϰ=[4.8, 5.3, 4.6], ∫ϰ²/L>=[4.8, 6.2, 6.3], C-C-Sep=0.20, ║∇J║=2.6e-03
-----On 8/20 Initial Guess Perturbations
Iteration 724/4500-----
J=1.2e-02, ⟨Jf⟩=1.3e-03, ⟨B·n⟩=8.0e-03, Len=sum([4.8, 4.6, 4.2])=13.6, ϰ=[4.9, 5.3, 4.6], ∫ϰ²/L>=[4.8, 6.2, 6.3], C-C-Sep=0.20, ║∇J║=3.2e-03
-----On 8/20 Initial Guess Perturbations
Iteration 725/4500-----
J=1.2e-02, ⟨Jf⟩=1.3e-03, ⟨B·n⟩=8.0e-03, Len=sum([4.8, 4.6, 4.2])=13.6, ϰ=[4.9, 5.3, 4.6], ∫ϰ²/L>=[4.8, 6.2, 6.3], C-C-Sep=0.20, ║∇J║=4.7e-03
-----On 8/20 Initial Guess Perturbations
Iteration 726/4500-----
J=1.2e-02, ⟨Jf⟩=1.3e-03, ⟨B·n⟩=8.0e-03, Len=sum([4.8, 4.6, 4.2])=13.6, ϰ=[4.8, 5.3, 4.6], ∫ϰ²/L>=[4.8, 6.2, 6.3], C-C-Sep=0.20, ║∇J║=3.9e-03
-----On 8/20 Initial Guess Perturbations
Iteration 727/4500-----
J=1.2e-02, ⟨Jf⟩=1.3e-03, ⟨B·n⟩=8.0e-03, Len=sum([4.8, 4.6, 4.2])=13.6, ϰ=[4.8, 5.3, 4.6], ∫ϰ²/L>=[4.8, 6.2, 6.3], C-C-Sep=0.20, ║∇J║=3.2e-03
-----On 8/20 Initial Guess Perturbations
Iteration 728/4500-----
J=1.2e-02, ⟨Jf⟩=1.3e-03, ⟨B·n⟩=8.0e-03, Len=sum([4.8, 4.6, 4.2])=13.6, ϰ=[4.8, 5.3, 4.7], ∫ϰ²/L>=[4.8, 6.2, 6.3], C-C-Sep=0.20, ║∇J║=2.8e-03
-----On 8/20 Initial Guess Perturbations
Iteration 729/4500-----
J=1.2e-02, ⟨Jf⟩=1.3e-03, ⟨B·n⟩=8.0e-03, Len=sum([4.8, 4.6, 4.2])=13.6, ϰ=[4.8, 5.3, 4.7], ∫ϰ²/L>=[4.8, 6.2, 6.3], C-C-Sep=0.20, ║∇J║=3.5e-03
-----On 8/20 Initial Guess Perturbations
Iteration 730/4500-----
J=1.2e-02, ⟨Jf⟩=1.3e-03, ⟨B·n⟩=8.0e-03, Len=sum([4.8, 4.6, 4.2])=13.6, ϰ=[4.8, 5.3, 4.8], ∫ϰ²/L>=[4.8, 6.2, 6.3], C-C-Sep=0.20, ║∇J║=4.2e-03
-----On 8/20 Initial Guess Perturbations
Iteration 731/4500-----
J=1.2e-02, ⟨Jf⟩=1.3e-03, ⟨B·n⟩=8.0e-03, Len=sum([4.8, 4.6, 4.2])=13.6, ϰ=[4.8, 5.3, 4.8], ∫ϰ²/L>=[4.8, 6.2, 6.3], C-C-Sep=0.20, ║∇J║=3.3e-03
-----On 8/20 Initial Guess Perturbations
Iteration 732/4500-----
J=1.2e-02, ⟨Jf⟩=1.3e-03, ⟨B·n⟩=8.0e-03, Len=sum([4.8, 4.6, 4.2])=13.6, ϰ=[4.8, 5.3, 4.8], ∫ϰ²/L>=[4.8, 6.2, 6.3], C-C-Sep=0.20, ║∇J║=2.9e-03
-----On 8/20 Initial Guess Perturbations
Iteration 733/4500-----
J=1.2e-02, ⟨Jf⟩=1.3e-03, ⟨B·n⟩=8.0e-03, Len=sum([4.8, 4.6, 4.2])=13.6, ϰ=[4.8, 5.3, 4.8], ∫ϰ²/L>=[4.8, 6.2, 6.3], C-C-Sep=0.20, ║∇J║=2.8e-03
-----On 8/20 Initial Guess Perturbations
Iteration 734/4500-----
J=1.2e-02, ⟨Jf⟩=1.3e-03, ⟨B·n⟩=8.0e-03, Len=sum([4.8, 4.6, 4.2])=13.6, ϰ=[4.7, 5.3, 4.8], ∫ϰ²/L>=[4.8, 6.2, 6.3], C-C-Sep=0.20, ║∇J║=2.9e-03
-----On 8/20 Initial Guess Perturbations
Iteration 735/4500-----
J=1.2e-02, ⟨Jf⟩=1.3e-03, ⟨B·n⟩=8.0e-03, Len=sum([4.8, 4.6, 4.2])=13.6, ϰ=[4.7, 5.3, 4.8], ∫ϰ²/L>=[4.8, 6.2, 6.3], C-C-Sep=0.20, ║∇J║=3.3e-03
-----On 8/20 Initial Guess Perturbations
Iteration 736/4500-----
J=1.2e-02, ⟨Jf⟩=1.3e-03, ⟨B·n⟩=8.0e-03, Len=sum([4.8, 4.6, 4.2])=13.6, ϰ=[4.7, 5.3, 4.8], ∫ϰ²/L>=[4.8, 6.2, 6.3], C-C-Sep=0.20, ║∇J║=3.0e-03
-----On 8/20 Initial Guess Perturbations
Iteration 737/4500-----
J=1.2e-02, ⟨Jf⟩=1.3e-03, ⟨B·n⟩=8.0e-03, Len=sum([4.8, 4.6, 4.2])=13.6, ϰ=[4.7, 5.3, 4.8], ∫ϰ²/L>=[4.8, 6.2, 6.3], C-C-Sep=0.20, ║∇J║=3.5e-03
-----On 8/20 Initial Guess Perturbations
Iteration 738/4500-----
J=1.2e-02, ⟨Jf⟩=1.3e-03, ⟨B·n⟩=8.0e-03, Len=sum([4.8, 4.6, 4.2])=13.6, ϰ=[4.7, 5.3, 4.8], ∫ϰ²/L>=[4.8, 6.2, 6.3], C-C-Sep=0.20, ║∇J║=3.4e-03
-----On 8/20 Initial Guess Perturbations
Iteration 739/4500-----
J=1.2e-02, ⟨Jf⟩=1.3e-03, ⟨B·n⟩=8.0e-03, Len=sum([4.8, 4.6, 4.2])=13.6, ϰ=[4.7, 5.3, 4.8], ∫ϰ²/L>=[4.8, 6.2, 6.3], C-C-Sep=0.20, ║∇J║=3.6e-03
-----On 8/20 Initial Guess Perturbations
Iteration 740/4500-----
J=1.2e-02, ⟨Jf⟩=1.3e-03, ⟨B·n⟩=8.0e-03, Len=sum([4.8, 4.6, 4.2])=13.6, ϰ=[4.7, 5.3, 4.7], ∫ϰ²/L>=[4.8, 6.2, 6.3], C-C-Sep=0.20, ║∇J║=4.2e-03
-----On 8/20 Initial Guess Perturbations
Iteration 741/4500-----
J=1.2e-02, ⟨Jf⟩=1.3e-03, ⟨B·n⟩=8.0e-03, Len=sum([4.8, 4.6, 4.2])=13.6, ϰ=[4.7, 5.3, 4.7], ∫ϰ²/L>=[4.8, 6.2, 6.3], C-C-Sep=0.20, ║∇J║=3.8e-03
-----On 8/20 Initial Guess Perturbations
Iteration 742/4500-----
J=1.2e-02, ⟨Jf⟩=1.3e-03, ⟨B·n⟩=8.0e-03, Len=sum([4.8, 4.6, 4.2])=13.6, ϰ=[4.7, 5.2, 4.7], ∫ϰ²/L>=[4.8, 6.2, 6.3], C-C-Sep=0.20, ║∇J║=3.9e-03
-----On 8/20 Initial Guess Perturbations
Iteration 743/4500-----
J=1.2e-02, ⟨Jf⟩=1.3e-03, ⟨B·n⟩=8.0e-03, Len=sum([4.8, 4.6, 4.2])=13.6, ϰ=[4.7, 5.3, 4.7], ∫ϰ²/L>=[4.8, 6.2, 6.3], C-C-Sep=0.20, ║∇J║=3.0e-03
-----On 8/20 Initial Guess Perturbations
Iteration 744/4500-----
J=1.2e-02, ⟨Jf⟩=1.3e-03, ⟨B·n⟩=8.0e-03, Len=sum([4.8, 4.6, 4.2])=13.6, ϰ=[4.7, 5.2, 4.7], ∫ϰ²/L>=[4.8, 6.2, 6.3], C-C-Sep=0.20, ║∇J║=3.0e-03
-----On 8/20 Initial Guess Perturbations
Iteration 745/4500-----
J=1.2e-02, ⟨Jf⟩=1.3e-03, ⟨B·n⟩=8.0e-03, Len=sum([4.8, 4.6, 4.2])=13.6, ϰ=[4.7, 5.3, 4.6], ∫ϰ²/L>=[4.8, 6.2, 6.3], C-C-Sep=0.20, ║∇J║=2.9e-03
-----On 8/20 Initial Guess Perturbations
Iteration 746/4500-----
J=1.2e-02, ⟨Jf⟩=1.3e-03, ⟨B·n⟩=8.0e-03, Len=sum([4.8, 4.6, 4.2])=13.6, ϰ=[4.7, 5.2, 4.6], ∫ϰ²/L>=[4.8, 6.2, 6.3], C-C-Sep=0.20, ║∇J║=3.8e-03
-----On 8/20 Initial Guess Perturbations
Iteration 747/4500-----
J=1.2e-02, ⟨Jf⟩=1.3e-03, ⟨B·n⟩=8.0e-03, Len=sum([4.8, 4.6, 4.2])=13.6, ϰ=[4.7, 5.2, 4.6], ∫ϰ²/L>=[4.8, 6.2, 6.3], C-C-Sep=0.20, ║∇J║=3.6e-03
-----On 8/20 Initial Guess Perturbations
Iteration 748/4500-----
J=1.2e-02, ⟨Jf⟩=1.3e-03, ⟨B·n⟩=8.0e-03, Len=sum([4.8, 4.6, 4.2])=13.6, ϰ=[4.7, 5.2, 4.6], ∫ϰ²/L>=[4.8, 6.2, 6.3], C-C-Sep=0.20, ║∇J║=2.7e-03
-----On 8/20 Initial Guess Perturbations
Iteration 749/4500-----
J=1.2e-02, ⟨Jf⟩=1.3e-03, ⟨B·n⟩=8.0e-03, Len=sum([4.8, 4.6, 4.2])=13.6, ϰ=[4.7, 5.2, 4.6], ∫ϰ²/L>=[4.8, 6.2, 6.3], C-C-Sep=0.20, ║∇J║=3.2e-03
-----On 8/20 Initial Guess Perturbations
Iteration 750/4500-----
J=1.2e-02, ⟨Jf⟩=1.3e-03, ⟨B·n⟩=8.0e-03, Len=sum([4.8, 4.6, 4.2])=13.6, ϰ=[4.7, 5.2, 4.6], ∫ϰ²/L>=[4.8, 6.2, 6.3], C-C-Sep=0.20, ║∇J║=4.0e-03
-----On 8/20 Initial Guess Perturbations
Iteration 751/4500-----
J=1.2e-02, ⟨Jf⟩=1.3e-03, ⟨B·n⟩=8.0e-03, Len=sum([4.8, 4.6, 4.2])=13.6, ϰ=[4.8, 5.1, 4.6], ∫ϰ²/L>=[4.8, 6.2, 6.3], C-C-Sep=0.20, ║∇J║=3.4e-03
-----On 8/20 Initial Guess Perturbations
Iteration 752/4500-----
J=1.2e-02, ⟨Jf⟩=1.3e-03, ⟨B·n⟩=8.0e-03, Len=sum([4.8, 4.6, 4.2])=13.6, ϰ=[4.8, 5.1, 4.6], ∫ϰ²/L>=[4.8, 6.2, 6.3], C-C-Sep=0.20, ║∇J║=5.1e-03
-----On 8/20 Initial Guess Perturbations
Iteration 753/4500-----
J=1.2e-02, ⟨Jf⟩=1.3e-03, ⟨B·n⟩=8.0e-03, Len=sum([4.8, 4.6, 4.2])=13.6, ϰ=[4.8, 5.1, 4.6], ∫ϰ²/L>=[4.8, 6.2, 6.3], C-C-Sep=0.20, ║∇J║=4.4e-03
-----On 8/20 Initial Guess Perturbations
Iteration 754/4500-----
J=1.2e-02, ⟨Jf⟩=1.3e-03, ⟨B·n⟩=8.0e-03, Len=sum([4.8, 4.6, 4.2])=13.6, ϰ=[4.8, 5.1, 4.6], ∫ϰ²/L>=[4.8, 6.2, 6.3], C-C-Sep=0.20, ║∇J║=3.6e-03
-----On 8/20 Initial Guess Perturbations
Iteration 755/4500-----
J=1.2e-02, ⟨Jf⟩=1.3e-03, ⟨B·n⟩=8.0e-03, Len=sum([4.8, 4.6, 4.2])=13.6, ϰ=[4.8, 5.1, 4.6], ∫ϰ²/L>=[4.8, 6.2, 6.3], C-C-Sep=0.20, ║∇J║=2.6e-03
-----On 8/20 Initial Guess Perturbations
Iteration 756/4500-----
J=1.2e-02, ⟨Jf⟩=1.3e-03, ⟨B·n⟩=8.0e-03, Len=sum([4.8, 4.6, 4.2])=13.6, ϰ=[4.8, 5.1, 4.6], ∫ϰ²/L>=[4.8, 6.2, 6.3], C-C-Sep=0.20, ║∇J║=3.0e-03
-----On 8/20 Initial Guess Perturbations
Iteration 757/4500-----
J=1.2e-02, ⟨Jf⟩=1.3e-03, ⟨B·n⟩=8.0e-03, Len=sum([4.8, 4.6, 4.2])=13.6, ϰ=[4.8, 5.1, 4.6], ∫ϰ²/L>=[4.8, 6.2, 6.3], C-C-Sep=0.20, ║∇J║=3.2e-03
-----On 8/20 Initial Guess Perturbations
Iteration 758/4500-----
J=1.2e-02, ⟨Jf⟩=1.3e-03, ⟨B·n⟩=8.0e-03, Len=sum([4.8, 4.6, 4.2])=13.6, ϰ=[4.8, 5.2, 4.7], ∫ϰ²/L>=[4.8, 6.2, 6.3], C-C-Sep=0.20, ║∇J║=3.4e-03
-----On 8/20 Initial Guess Perturbations
Iteration 759/4500-----
J=1.2e-02, ⟨Jf⟩=1.3e-03, ⟨B·n⟩=8.0e-03, Len=sum([4.8, 4.6, 4.2])=13.6, ϰ=[4.8, 5.2, 4.7], ∫ϰ²/L>=[4.8, 6.2, 6.3], C-C-Sep=0.20, ║∇J║=3.6e-03
-----On 8/20 Initial Guess Perturbations
Iteration 760/4500-----
J=1.2e-02, ⟨Jf⟩=1.3e-03, ⟨B·n⟩=8.0e-03, Len=sum([4.8, 4.6, 4.2])=13.6, ϰ=[4.8, 5.2, 4.6], ∫ϰ²/L>=[4.8, 6.2, 6.3], C-C-Sep=0.20, ║∇J║=3.6e-03
-----On 8/20 Initial Guess Perturbations
Iteration 761/4500-----
J=1.2e-02, ⟨Jf⟩=1.3e-03, ⟨B·n⟩=8.0e-03, Len=sum([4.8, 4.6, 4.2])=13.6, ϰ=[4.8, 5.2, 4.6], ∫ϰ²/L>=[4.8, 6.2, 6.3], C-C-Sep=0.20, ║∇J║=3.5e-03
-----On 8/20 Initial Guess Perturbations
Iteration 762/4500-----
J=1.2e-02, ⟨Jf⟩=1.3e-03, ⟨B·n⟩=8.0e-03, Len=sum([4.8, 4.6, 4.2])=13.6, ϰ=[4.8, 5.2, 4.6], ∫ϰ²/L>=[4.8, 6.2, 6.3], C-C-Sep=0.20, ║∇J║=4.0e-03
-----On 8/20 Initial Guess Perturbations
Iteration 763/4500-----
J=1.2e-02, ⟨Jf⟩=1.3e-03, ⟨B·n⟩=8.0e-03, Len=sum([4.8, 4.6, 4.2])=13.6, ϰ=[4.8, 5.2, 4.6], ∫ϰ²/L>=[4.8, 6.2, 6.3], C-C-Sep=0.20, ║∇J║=3.3e-03
-----On 8/20 Initial Guess Perturbations
Iteration 764/4500-----
J=1.2e-02, ⟨Jf⟩=1.3e-03, ⟨B·n⟩=8.0e-03, Len=sum([4.8, 4.6, 4.2])=13.6, ϰ=[4.8, 5.2, 4.6], ∫ϰ²/L>=[4.8, 6.2, 6.3], C-C-Sep=0.20, ║∇J║=3.2e-03
-----On 8/20 Initial Guess Perturbations
Iteration 765/4500-----
J=1.2e-02, ⟨Jf⟩=1.3e-03, ⟨B·n⟩=8.0e-03, Len=sum([4.8, 4.6, 4.2])=13.6, ϰ=[4.8, 5.2, 4.6], ∫ϰ²/L>=[4.8, 6.2, 6.3], C-C-Sep=0.20, ║∇J║=3.3e-03
-----On 8/20 Initial Guess Perturbations
Iteration 766/4500-----
J=1.2e-02, ⟨Jf⟩=1.3e-03, ⟨B·n⟩=8.0e-03, Len=sum([4.8, 4.6, 4.2])=13.6, ϰ=[4.8, 5.2, 4.6], ∫ϰ²/L>=[4.8, 6.2, 6.3], C-C-Sep=0.20, ║∇J║=3.2e-03
-----On 8/20 Initial Guess Perturbations
Iteration 767/4500-----
J=1.2e-02, ⟨Jf⟩=1.3e-03, ⟨B·n⟩=8.0e-03, Len=sum([4.8, 4.6, 4.2])=13.6, ϰ=[4.9, 5.2, 4.6], ∫ϰ²/L>=[4.8, 6.2, 6.3], C-C-Sep=0.20, ║∇J║=3.4e-03
-----On 8/20 Initial Guess Perturbations
Iteration 768/4500-----
J=1.2e-02, ⟨Jf⟩=1.3e-03, ⟨B·n⟩=8.0e-03, Len=sum([4.8, 4.6, 4.2])=13.6, ϰ=[4.9, 5.2, 4.5], ∫ϰ²/L>=[4.8, 6.2, 6.3], C-C-Sep=0.20, ║∇J║=2.8e-03
-----On 8/20 Initial Guess Perturbations
Iteration 769/4500-----
J=1.2e-02, ⟨Jf⟩=1.3e-03, ⟨B·n⟩=8.0e-03, Len=sum([4.8, 4.6, 4.2])=13.6, ϰ=[4.9, 5.2, 4.5], ∫ϰ²/L>=[4.8, 6.1, 6.3], C-C-Sep=0.20, ║∇J║=2.5e-03
-----On 8/20 Initial Guess Perturbations
Iteration 770/4500-----
J=1.2e-02, ⟨Jf⟩=1.3e-03, ⟨B·n⟩=8.0e-03, Len=sum([4.8, 4.6, 4.2])=13.6, ϰ=[4.9, 5.2, 4.5], ∫ϰ²/L>=[4.8, 6.2, 6.3], C-C-Sep=0.20, ║∇J║=3.1e-03
-----On 8/20 Initial Guess Perturbations
Iteration 771/4500-----
J=1.2e-02, ⟨Jf⟩=1.3e-03, ⟨B·n⟩=8.0e-03, Len=sum([4.8, 4.6, 4.2])=13.6, ϰ=[4.9, 5.3, 4.5], ∫ϰ²/L>=[4.8, 6.1, 6.3], C-C-Sep=0.20, ║∇J║=3.3e-03
-----On 8/20 Initial Guess Perturbations
Iteration 772/4500-----
J=1.2e-02, ⟨Jf⟩=1.3e-03, ⟨B·n⟩=8.0e-03, Len=sum([4.8, 4.6, 4.2])=13.6, ϰ=[4.9, 5.3, 4.5], ∫ϰ²/L>=[4.8, 6.1, 6.3], C-C-Sep=0.20, ║∇J║=3.1e-03
-----On 8/20 Initial Guess Perturbations
Iteration 773/4500-----
J=1.2e-02, ⟨Jf⟩=1.3e-03, ⟨B·n⟩=8.0e-03, Len=sum([4.8, 4.6, 4.2])=13.6, ϰ=[4.9, 5.3, 4.5], ∫ϰ²/L>=[4.8, 6.1, 6.3], C-C-Sep=0.20, ║∇J║=3.8e-03
-----On 8/20 Initial Guess Perturbations
Iteration 774/4500-----
J=1.2e-02, ⟨Jf⟩=1.3e-03, ⟨B·n⟩=8.0e-03, Len=sum([4.8, 4.6, 4.2])=13.6, ϰ=[5.0, 5.3, 4.5], ∫ϰ²/L>=[4.8, 6.1, 6.3], C-C-Sep=0.20, ║∇J║=3.5e-03
-----On 8/20 Initial Guess Perturbations
Iteration 775/4500-----
J=1.2e-02, ⟨Jf⟩=1.3e-03, ⟨B·n⟩=8.0e-03, Len=sum([4.8, 4.6, 4.2])=13.6, ϰ=[5.0, 5.3, 4.5], ∫ϰ²/L>=[4.8, 6.1, 6.3], C-C-Sep=0.20, ║∇J║=3.4e-03
-----On 8/20 Initial Guess Perturbations
Iteration 776/4500-----
J=1.2e-02, ⟨Jf⟩=1.3e-03, ⟨B·n⟩=8.0e-03, Len=sum([4.8, 4.6, 4.2])=13.6, ϰ=[5.0, 5.3, 4.5], ∫ϰ²/L>=[4.8, 6.1, 6.3], C-C-Sep=0.20, ║∇J║=3.2e-03
-----On 8/20 Initial Guess Perturbations
Iteration 777/4500-----
J=1.2e-02, ⟨Jf⟩=1.3e-03, ⟨B·n⟩=8.0e-03, Len=sum([4.8, 4.6, 4.2])=13.6, ϰ=[5.0, 5.3, 4.5], ∫ϰ²/L>=[4.8, 6.1, 6.3], C-C-Sep=0.20, ║∇J║=2.8e-03
-----On 8/20 Initial Guess Perturbations
Iteration 778/4500-----
J=1.2e-02, ⟨Jf⟩=1.3e-03, ⟨B·n⟩=8.0e-03, Len=sum([4.8, 4.6, 4.2])=13.6, ϰ=[5.0, 5.3, 4.5], ∫ϰ²/L>=[4.8, 6.1, 6.3], C-C-Sep=0.20, ║∇J║=2.6e-03
-----On 8/20 Initial Guess Perturbations
Iteration 779/4500-----
J=1.2e-02, ⟨Jf⟩=1.3e-03, ⟨B·n⟩=8.0e-03, Len=sum([4.8, 4.6, 4.2])=13.6, ϰ=[5.1, 5.4, 4.5], ∫ϰ²/L>=[4.8, 6.1, 6.3], C-C-Sep=0.20, ║∇J║=2.8e-03
-----On 8/20 Initial Guess Perturbations
Iteration 780/4500-----
J=1.2e-02, ⟨Jf⟩=1.3e-03, ⟨B·n⟩=8.0e-03, Len=sum([4.8, 4.6, 4.2])=13.6, ϰ=[5.1, 5.4, 4.5], ∫ϰ²/L>=[4.8, 6.1, 6.3], C-C-Sep=0.20, ║∇J║=3.8e-03
-----On 8/20 Initial Guess Perturbations
Iteration 781/4500-----
J=1.2e-02, ⟨Jf⟩=1.3e-03, ⟨B·n⟩=8.0e-03, Len=sum([4.8, 4.6, 4.2])=13.6, ϰ=[5.1, 5.3, 4.6], ∫ϰ²/L>=[4.8, 6.1, 6.3], C-C-Sep=0.20, ║∇J║=2.8e-03
-----On 8/20 Initial Guess Perturbations
Iteration 782/4500-----
J=1.2e-02, ⟨Jf⟩=1.3e-03, ⟨B·n⟩=8.0e-03, Len=sum([4.8, 4.6, 4.2])=13.6, ϰ=[5.1, 5.3, 4.6], ∫ϰ²/L>=[4.8, 6.1, 6.3], C-C-Sep=0.20, ║∇J║=3.0e-03
-----On 8/20 Initial Guess Perturbations
Iteration 783/4500-----
J=1.2e-02, ⟨Jf⟩=1.3e-03, ⟨B·n⟩=8.0e-03, Len=sum([4.8, 4.6, 4.2])=13.6, ϰ=[5.1, 5.3, 4.6], ∫ϰ²/L>=[4.8, 6.1, 6.3], C-C-Sep=0.20, ║∇J║=2.7e-03
-----On 8/20 Initial Guess Perturbations
Iteration 784/4500-----
J=1.2e-02, ⟨Jf⟩=1.3e-03, ⟨B·n⟩=8.0e-03, Len=sum([4.8, 4.6, 4.2])=13.6, ϰ=[5.1, 5.3, 4.7], ∫ϰ²/L>=[4.8, 6.1, 6.3], C-C-Sep=0.20, ║∇J║=4.1e-03
-----On 8/20 Initial Guess Perturbations
Iteration 785/4500-----
J=1.2e-02, ⟨Jf⟩=1.3e-03, ⟨B·n⟩=8.0e-03, Len=sum([4.8, 4.6, 4.2])=13.6, ϰ=[5.1, 5.3, 4.7], ∫ϰ²/L>=[4.8, 6.1, 6.3], C-C-Sep=0.20, ║∇J║=3.6e-03
-----On 8/20 Initial Guess Perturbations
Iteration 786/4500-----
J=1.2e-02, ⟨Jf⟩=1.3e-03, ⟨B·n⟩=8.0e-03, Len=sum([4.8, 4.6, 4.2])=13.6, ϰ=[5.1, 5.3, 4.7], ∫ϰ²/L>=[4.8, 6.1, 6.3], C-C-Sep=0.20, ║∇J║=4.9e-03
-----On 8/20 Initial Guess Perturbations
Iteration 787/4500-----
J=1.2e-02, ⟨Jf⟩=1.3e-03, ⟨B·n⟩=8.0e-03, Len=sum([4.8, 4.6, 4.2])=13.6, ϰ=[5.1, 5.3, 4.7], ∫ϰ²/L>=[4.8, 6.1, 6.3], C-C-Sep=0.20, ║∇J║=4.1e-03
-----On 8/20 Initial Guess Perturbations
Iteration 788/4500-----
J=1.2e-02, ⟨Jf⟩=1.3e-03, ⟨B·n⟩=8.0e-03, Len=sum([4.8, 4.6, 4.2])=13.6, ϰ=[5.1, 5.3, 4.7], ∫ϰ²/L>=[4.8, 6.1, 6.3], C-C-Sep=0.20, ║∇J║=3.8e-03
-----On 8/20 Initial Guess Perturbations
Iteration 789/4500-----
J=1.2e-02, ⟨Jf⟩=1.3e-03, ⟨B·n⟩=8.0e-03, Len=sum([4.8, 4.6, 4.2])=13.6, ϰ=[5.1, 5.3, 4.7], ∫ϰ²/L>=[4.8, 6.1, 6.3], C-C-Sep=0.20, ║∇J║=3.2e-03
-----On 8/20 Initial Guess Perturbations
Iteration 790/4500-----
J=1.2e-02, ⟨Jf⟩=1.3e-03, ⟨B·n⟩=8.0e-03, Len=sum([4.8, 4.6, 4.2])=13.6, ϰ=[5.0, 5.2, 4.7], ∫ϰ²/L>=[4.8, 6.1, 6.3], C-C-Sep=0.20, ║∇J║=2.6e-03
-----On 8/20 Initial Guess Perturbations
Iteration 791/4500-----
J=1.2e-02, ⟨Jf⟩=1.3e-03, ⟨B·n⟩=8.0e-03, Len=sum([4.8, 4.6, 4.2])=13.6, ϰ=[5.0, 5.2, 4.7], ∫ϰ²/L>=[4.8, 6.1, 6.3], C-C-Sep=0.20, ║∇J║=3.2e-03
-----On 8/20 Initial Guess Perturbations
Iteration 792/4500-----
J=1.2e-02, ⟨Jf⟩=1.3e-03, ⟨B·n⟩=8.0e-03, Len=sum([4.8, 4.6, 4.2])=13.6, ϰ=[5.0, 5.2, 4.6], ∫ϰ²/L>=[4.8, 6.1, 6.3], C-C-Sep=0.20, ║∇J║=3.0e-03
-----On 8/20 Initial Guess Perturbations
Iteration 793/4500-----
J=1.2e-02, ⟨Jf⟩=1.3e-03, ⟨B·n⟩=8.0e-03, Len=sum([4.8, 4.6, 4.2])=13.6, ϰ=[5.0, 5.2, 4.7], ∫ϰ²/L>=[4.8, 6.1, 6.3], C-C-Sep=0.20, ║∇J║=3.0e-03
-----On 8/20 Initial Guess Perturbations
Iteration 794/4500-----
J=1.2e-02, ⟨Jf⟩=1.3e-03, ⟨B·n⟩=8.0e-03, Len=sum([4.8, 4.6, 4.2])=13.6, ϰ=[5.0, 5.2, 4.7], ∫ϰ²/L>=[4.8, 6.1, 6.3], C-C-Sep=0.20, ║∇J║=2.5e-03
-----On 8/20 Initial Guess Perturbations
Iteration 795/4500-----
J=1.2e-02, ⟨Jf⟩=1.3e-03, ⟨B·n⟩=8.0e-03, Len=sum([4.8, 4.6, 4.2])=13.6, ϰ=[5.0, 5.2, 4.6], ∫ϰ²/L>=[4.8, 6.1, 6.2], C-C-Sep=0.20, ║∇J║=3.2e-03
-----On 8/20 Initial Guess Perturbations
Iteration 796/4500-----
J=1.2e-02, ⟨Jf⟩=1.3e-03, ⟨B·n⟩=8.0e-03, Len=sum([4.8, 4.6, 4.2])=13.6, ϰ=[4.9, 5.2, 4.6], ∫ϰ²/L>=[4.8, 6.1, 6.2], C-C-Sep=0.20, ║∇J║=3.1e-03
-----On 8/20 Initial Guess Perturbations
Iteration 797/4500-----
J=1.2e-02, ⟨Jf⟩=1.3e-03, ⟨B·n⟩=8.0e-03, Len=sum([4.8, 4.6, 4.2])=13.6, ϰ=[5.0, 5.2, 4.6], ∫ϰ²/L>=[4.8, 6.1, 6.3], C-C-Sep=0.20, ║∇J║=3.2e-03
-----On 8/20 Initial Guess Perturbations
Iteration 798/4500-----
J=1.2e-02, ⟨Jf⟩=1.3e-03, ⟨B·n⟩=8.0e-03, Len=sum([4.8, 4.6, 4.2])=13.6, ϰ=[4.9, 5.2, 4.6], ∫ϰ²/L>=[4.8, 6.1, 6.3], C-C-Sep=0.20, ║∇J║=3.8e-03
-----On 8/20 Initial Guess Perturbations
Iteration 799/4500-----
J=1.2e-02, ⟨Jf⟩=1.3e-03, ⟨B·n⟩=8.0e-03, Len=sum([4.8, 4.6, 4.2])=13.6, ϰ=[4.9, 5.2, 4.6], ∫ϰ²/L>=[4.8, 6.1, 6.3], C-C-Sep=0.20, ║∇J║=3.0e-03
-----On 8/20 Initial Guess Perturbations
Iteration 800/4500-----
J=1.2e-02, ⟨Jf⟩=1.3e-03, ⟨B·n⟩=8.0e-03, Len=sum([4.8, 4.6, 4.2])=13.6, ϰ=[4.9, 5.2, 4.6], ∫ϰ²/L>=[4.8, 6.1, 6.3], C-C-Sep=0.20, ║∇J║=3.0e-03
-----On 8/20 Initial Guess Perturbations
Iteration 801/4500-----
J=1.2e-02, ⟨Jf⟩=1.3e-03, ⟨B·n⟩=8.0e-03, Len=sum([4.8, 4.6, 4.2])=13.6, ϰ=[5.0, 5.2, 4.6], ∫ϰ²/L>=[4.8, 6.1, 6.2], C-C-Sep=0.20, ║∇J║=2.3e-03
-----On 8/20 Initial Guess Perturbations
Iteration 802/4500-----
J=1.2e-02, ⟨Jf⟩=1.3e-03, ⟨B·n⟩=8.0e-03, Len=sum([4.8, 4.6, 4.2])=13.6, ϰ=[4.9, 5.2, 4.6], ∫ϰ²/L>=[4.8, 6.1, 6.3], C-C-Sep=0.20, ║∇J║=2.6e-03
-----On 8/20 Initial Guess Perturbations
Iteration 803/4500-----
J=1.2e-02, ⟨Jf⟩=1.3e-03, ⟨B·n⟩=8.0e-03, Len=sum([4.8, 4.6, 4.2])=13.6, ϰ=[4.9, 5.3, 4.6], ∫ϰ²/L>=[4.8, 6.1, 6.3], C-C-Sep=0.20, ║∇J║=3.7e-03
-----On 8/20 Initial Guess Perturbations
Iteration 804/4500-----
J=1.2e-02, ⟨Jf⟩=1.3e-03, ⟨B·n⟩=8.0e-03, Len=sum([4.8, 4.6, 4.2])=13.6, ϰ=[4.9, 5.3, 4.6], ∫ϰ²/L>=[4.8, 6.1, 6.3], C-C-Sep=0.20, ║∇J║=2.8e-03
-----On 8/20 Initial Guess Perturbations
Iteration 805/4500-----
J=1.2e-02, ⟨Jf⟩=1.3e-03, ⟨B·n⟩=8.0e-03, Len=sum([4.8, 4.6, 4.2])=13.6, ϰ=[4.9, 5.3, 4.6], ∫ϰ²/L>=[4.8, 6.1, 6.2], C-C-Sep=0.20, ║∇J║=3.1e-03
-----On 8/20 Initial Guess Perturbations
Iteration 806/4500-----
J=1.2e-02, ⟨Jf⟩=1.3e-03, ⟨B·n⟩=8.0e-03, Len=sum([4.8, 4.6, 4.2])=13.6, ϰ=[4.9, 5.3, 4.6], ∫ϰ²/L>=[4.8, 6.1, 6.2], C-C-Sep=0.20, ║∇J║=3.2e-03
-----On 8/20 Initial Guess Perturbations
Iteration 807/4500-----
J=1.2e-02, ⟨Jf⟩=1.3e-03, ⟨B·n⟩=8.0e-03, Len=sum([4.8, 4.6, 4.2])=13.6, ϰ=[4.9, 5.3, 4.6], ∫ϰ²/L>=[4.8, 6.1, 6.2], C-C-Sep=0.20, ║∇J║=2.9e-03
-----On 8/20 Initial Guess Perturbations
Iteration 808/4500-----
J=1.2e-02, ⟨Jf⟩=1.3e-03, ⟨B·n⟩=8.0e-03, Len=sum([4.8, 4.6, 4.2])=13.6, ϰ=[4.9, 5.3, 4.6], ∫ϰ²/L>=[4.8, 6.1, 6.2], C-C-Sep=0.20, ║∇J║=2.9e-03
-----On 8/20 Initial Guess Perturbations
Iteration 809/4500-----
J=1.2e-02, ⟨Jf⟩=1.3e-03, ⟨B·n⟩=8.0e-03, Len=sum([4.8, 4.6, 4.2])=13.6, ϰ=[5.0, 5.3, 4.6], ∫ϰ²/L>=[4.8, 6.1, 6.2], C-C-Sep=0.20, ║∇J║=2.8e-03
-----On 8/20 Initial Guess Perturbations
Iteration 810/4500-----
J=1.2e-02, ⟨Jf⟩=1.3e-03, ⟨B·n⟩=8.0e-03, Len=sum([4.8, 4.6, 4.2])=13.6, ϰ=[5.0, 5.3, 4.6], ∫ϰ²/L>=[4.8, 6.1, 6.2], C-C-Sep=0.20, ║∇J║=2.6e-03
-----On 8/20 Initial Guess Perturbations
Iteration 811/4500-----
J=1.2e-02, ⟨Jf⟩=1.3e-03, ⟨B·n⟩=8.0e-03, Len=sum([4.8, 4.6, 4.2])=13.6, ϰ=[5.0, 5.3, 4.6], ∫ϰ²/L>=[4.8, 6.1, 6.2], C-C-Sep=0.20, ║∇J║=2.9e-03
-----On 8/20 Initial Guess Perturbations
Iteration 812/4500-----
J=1.2e-02, ⟨Jf⟩=1.3e-03, ⟨B·n⟩=8.0e-03, Len=sum([4.8, 4.6, 4.2])=13.6, ϰ=[5.0, 5.3, 4.7], ∫ϰ²/L>=[4.8, 6.1, 6.2], C-C-Sep=0.20, ║∇J║=2.9e-03
-----On 8/20 Initial Guess Perturbations
Iteration 813/4500-----
J=1.2e-02, ⟨Jf⟩=1.3e-03, ⟨B·n⟩=8.0e-03, Len=sum([4.8, 4.6, 4.2])=13.6, ϰ=[5.0, 5.3, 4.7], ∫ϰ²/L>=[4.8, 6.1, 6.2], C-C-Sep=0.20, ║∇J║=2.8e-03
-----On 8/20 Initial Guess Perturbations
Iteration 814/4500-----
J=1.2e-02, ⟨Jf⟩=1.3e-03, ⟨B·n⟩=8.0e-03, Len=sum([4.8, 4.6, 4.2])=13.6, ϰ=[5.0, 5.3, 4.7], ∫ϰ²/L>=[4.8, 6.1, 6.2], C-C-Sep=0.20, ║∇J║=2.7e-03
-----On 8/20 Initial Guess Perturbations
Iteration 815/4500-----
J=1.2e-02, ⟨Jf⟩=1.3e-03, ⟨B·n⟩=8.0e-03, Len=sum([4.8, 4.6, 4.2])=13.6, ϰ=[5.0, 5.3, 4.7], ∫ϰ²/L>=[4.8, 6.1, 6.2], C-C-Sep=0.20, ║∇J║=2.5e-03
-----On 8/20 Initial Guess Perturbations
Iteration 816/4500-----
J=1.2e-02, ⟨Jf⟩=1.3e-03, ⟨B·n⟩=8.0e-03, Len=sum([4.8, 4.6, 4.2])=13.6, ϰ=[5.0, 5.3, 4.7], ∫ϰ²/L>=[4.8, 6.1, 6.2], C-C-Sep=0.20, ║∇J║=2.4e-03
-----On 8/20 Initial Guess Perturbations
Iteration 817/4500-----
J=1.2e-02, ⟨Jf⟩=1.3e-03, ⟨B·n⟩=8.0e-03, Len=sum([4.8, 4.6, 4.2])=13.6, ϰ=[4.9, 5.3, 4.7], ∫ϰ²/L>=[4.8, 6.1, 6.2], C-C-Sep=0.20, ║∇J║=2.9e-03
-----On 8/20 Initial Guess Perturbations
Iteration 818/4500-----
J=1.2e-02, ⟨Jf⟩=1.3e-03, ⟨B·n⟩=8.0e-03, Len=sum([4.8, 4.6, 4.2])=13.6, ϰ=[4.9, 5.4, 4.6], ∫ϰ²/L>=[4.8, 6.2, 6.2], C-C-Sep=0.20, ║∇J║=3.4e-03
-----On 8/20 Initial Guess Perturbations
Iteration 819/4500-----
J=1.2e-02, ⟨Jf⟩=1.3e-03, ⟨B·n⟩=8.0e-03, Len=sum([4.8, 4.6, 4.2])=13.6, ϰ=[4.9, 5.4, 4.6], ∫ϰ²/L>=[4.8, 6.1, 6.2], C-C-Sep=0.20, ║∇J║=2.9e-03
-----On 8/20 Initial Guess Perturbations
Iteration 820/4500-----
J=1.2e-02, ⟨Jf⟩=1.3e-03, ⟨B·n⟩=8.0e-03, Len=sum([4.8, 4.6, 4.2])=13.6, ϰ=[4.9, 5.4, 4.6], ∫ϰ²/L>=[4.8, 6.2, 6.2], C-C-Sep=0.20, ║∇J║=3.0e-03
-----On 8/20 Initial Guess Perturbations
Iteration 821/4500-----
J=1.2e-02, ⟨Jf⟩=1.3e-03, ⟨B·n⟩=8.0e-03, Len=sum([4.8, 4.6, 4.2])=13.6, ϰ=[4.9, 5.4, 4.6], ∫ϰ²/L>=[4.8, 6.2, 6.2], C-C-Sep=0.20, ║∇J║=2.9e-03
-----On 8/20 Initial Guess Perturbations
Iteration 822/4500-----
J=1.2e-02, ⟨Jf⟩=1.3e-03, ⟨B·n⟩=8.0e-03, Len=sum([4.8, 4.6, 4.2])=13.6, ϰ=[4.9, 5.4, 4.6], ∫ϰ²/L>=[4.8, 6.2, 6.2], C-C-Sep=0.20, ║∇J║=2.7e-03
-----On 8/20 Initial Guess Perturbations
Iteration 823/4500-----
J=1.2e-02, ⟨Jf⟩=1.3e-03, ⟨B·n⟩=8.0e-03, Len=sum([4.8, 4.6, 4.2])=13.6, ϰ=[4.9, 5.4, 4.6], ∫ϰ²/L>=[4.8, 6.2, 6.2], C-C-Sep=0.20, ║∇J║=2.5e-03
-----On 8/20 Initial Guess Perturbations
Iteration 824/4500-----
J=1.2e-02, ⟨Jf⟩=1.3e-03, ⟨B·n⟩=8.0e-03, Len=sum([4.8, 4.6, 4.2])=13.6, ϰ=[4.9, 5.4, 4.6], ∫ϰ²/L>=[4.8, 6.2, 6.2], C-C-Sep=0.20, ║∇J║=2.7e-03
-----On 8/20 Initial Guess Perturbations
Iteration 825/4500-----
J=1.2e-02, ⟨Jf⟩=1.3e-03, ⟨B·n⟩=8.0e-03, Len=sum([4.8, 4.6, 4.2])=13.6, ϰ=[4.9, 5.4, 4.6], ∫ϰ²/L>=[4.8, 6.2, 6.2], C-C-Sep=0.20, ║∇J║=2.4e-03
-----On 8/20 Initial Guess Perturbations
Iteration 826/4500-----
J=1.2e-02, ⟨Jf⟩=1.3e-03, ⟨B·n⟩=8.0e-03, Len=sum([4.8, 4.6, 4.2])=13.6, ϰ=[4.9, 5.4, 4.6], ∫ϰ²/L>=[4.8, 6.1, 6.2], C-C-Sep=0.20, ║∇J║=2.6e-03
-----On 8/20 Initial Guess Perturbations
Iteration 827/4500-----
J=1.2e-02, ⟨Jf⟩=1.3e-03, ⟨B·n⟩=8.0e-03, Len=sum([4.8, 4.6, 4.2])=13.6, ϰ=[4.9, 5.4, 4.6], ∫ϰ²/L>=[4.8, 6.2, 6.2], C-C-Sep=0.20, ║∇J║=2.7e-03
-----On 8/20 Initial Guess Perturbations
Iteration 828/4500-----
J=1.2e-02, ⟨Jf⟩=1.3e-03, ⟨B·n⟩=8.0e-03, Len=sum([4.8, 4.6, 4.2])=13.6, ϰ=[4.9, 5.4, 4.7], ∫ϰ²/L>=[4.8, 6.1, 6.2], C-C-Sep=0.20, ║∇J║=2.8e-03
-----On 8/20 Initial Guess Perturbations
Iteration 829/4500-----
J=1.2e-02, ⟨Jf⟩=1.3e-03, ⟨B·n⟩=8.0e-03, Len=sum([4.8, 4.6, 4.2])=13.6, ϰ=[4.9, 5.4, 4.7], ∫ϰ²/L>=[4.8, 6.2, 6.2], C-C-Sep=0.20, ║∇J║=3.1e-03
-----On 8/20 Initial Guess Perturbations
Iteration 830/4500-----
J=1.2e-02, ⟨Jf⟩=1.3e-03, ⟨B·n⟩=8.0e-03, Len=sum([4.8, 4.6, 4.2])=13.6, ϰ=[4.9, 5.4, 4.7], ∫ϰ²/L>=[4.8, 6.1, 6.2], C-C-Sep=0.20, ║∇J║=2.9e-03
-----On 8/20 Initial Guess Perturbations
Iteration 831/4500-----
J=1.2e-02, ⟨Jf⟩=1.3e-03, ⟨B·n⟩=8.0e-03, Len=sum([4.8, 4.6, 4.2])=13.6, ϰ=[4.8, 5.4, 4.7], ∫ϰ²/L>=[4.8, 6.2, 6.2], C-C-Sep=0.20, ║∇J║=3.7e-03
-----On 8/20 Initial Guess Perturbations
Iteration 832/4500-----
J=1.2e-02, ⟨Jf⟩=1.3e-03, ⟨B·n⟩=8.0e-03, Len=sum([4.8, 4.6, 4.2])=13.6, ϰ=[4.8, 5.3, 4.6], ∫ϰ²/L>=[4.8, 6.2, 6.2], C-C-Sep=0.20, ║∇J║=2.5e-03
-----On 8/20 Initial Guess Perturbations
Iteration 833/4500-----
J=1.2e-02, ⟨Jf⟩=1.3e-03, ⟨B·n⟩=8.0e-03, Len=sum([4.8, 4.6, 4.2])=13.6, ϰ=[4.9, 5.3, 4.6], ∫ϰ²/L>=[4.8, 6.2, 6.2], C-C-Sep=0.20, ║∇J║=2.7e-03
-----On 8/20 Initial Guess Perturbations
Iteration 834/4500-----
J=1.2e-02, ⟨Jf⟩=1.3e-03, ⟨B·n⟩=8.0e-03, Len=sum([4.8, 4.6, 4.2])=13.6, ϰ=[4.8, 5.3, 4.6], ∫ϰ²/L>=[4.8, 6.2, 6.2], C-C-Sep=0.20, ║∇J║=2.6e-03
-----On 8/20 Initial Guess Perturbations
Iteration 835/4500-----
J=1.2e-02, ⟨Jf⟩=1.3e-03, ⟨B·n⟩=8.0e-03, Len=sum([4.8, 4.6, 4.2])=13.6, ϰ=[4.8, 5.3, 4.6], ∫ϰ²/L>=[4.8, 6.2, 6.2], C-C-Sep=0.20, ║∇J║=2.7e-03
-----On 8/20 Initial Guess Perturbations
Iteration 836/4500-----
J=1.2e-02, ⟨Jf⟩=1.3e-03, ⟨B·n⟩=8.0e-03, Len=sum([4.8, 4.6, 4.2])=13.6, ϰ=[4.8, 5.3, 4.6], ∫ϰ²/L>=[4.8, 6.2, 6.2], C-C-Sep=0.20, ║∇J║=2.6e-03
-----On 8/20 Initial Guess Perturbations
Iteration 837/4500-----
J=1.2e-02, ⟨Jf⟩=1.3e-03, ⟨B·n⟩=8.0e-03, Len=sum([4.8, 4.6, 4.2])=13.6, ϰ=[4.8, 5.3, 4.6], ∫ϰ²/L>=[4.8, 6.2, 6.2], C-C-Sep=0.20, ║∇J║=2.7e-03
-----On 8/20 Initial Guess Perturbations
Iteration 838/4500-----
J=1.2e-02, ⟨Jf⟩=1.3e-03, ⟨B·n⟩=8.0e-03, Len=sum([4.8, 4.6, 4.2])=13.6, ϰ=[4.8, 5.2, 4.6], ∫ϰ²/L>=[4.8, 6.2, 6.2], C-C-Sep=0.20, ║∇J║=2.7e-03
-----On 8/20 Initial Guess Perturbations
Iteration 839/4500-----
J=1.2e-02, ⟨Jf⟩=1.3e-03, ⟨B·n⟩=8.0e-03, Len=sum([4.8, 4.6, 4.2])=13.6, ϰ=[4.9, 5.2, 4.5], ∫ϰ²/L>=[4.8, 6.2, 6.2], C-C-Sep=0.20, ║∇J║=3.0e-03
-----On 8/20 Initial Guess Perturbations
Iteration 840/4500-----
J=1.2e-02, ⟨Jf⟩=1.3e-03, ⟨B·n⟩=8.0e-03, Len=sum([4.8, 4.6, 4.2])=13.6, ϰ=[4.8, 5.2, 4.5], ∫ϰ²/L>=[4.8, 6.2, 6.2], C-C-Sep=0.20, ║∇J║=2.6e-03
-----On 8/20 Initial Guess Perturbations
Iteration 841/4500-----
J=1.2e-02, ⟨Jf⟩=1.3e-03, ⟨B·n⟩=8.0e-03, Len=sum([4.8, 4.6, 4.2])=13.6, ϰ=[4.8, 5.2, 4.5], ∫ϰ²/L>=[4.8, 6.2, 6.2], C-C-Sep=0.20, ║∇J║=2.4e-03
-----On 8/20 Initial Guess Perturbations
Iteration 842/4500-----
J=1.2e-02, ⟨Jf⟩=1.3e-03, ⟨B·n⟩=8.0e-03, Len=sum([4.8, 4.6, 4.2])=13.6, ϰ=[4.8, 5.1, 4.5], ∫ϰ²/L>=[4.8, 6.2, 6.2], C-C-Sep=0.20, ║∇J║=2.5e-03
-----On 8/20 Initial Guess Perturbations
Iteration 843/4500-----
J=1.2e-02, ⟨Jf⟩=1.3e-03, ⟨B·n⟩=8.0e-03, Len=sum([4.8, 4.6, 4.2])=13.6, ϰ=[4.9, 5.1, 4.5], ∫ϰ²/L>=[4.7, 6.2, 6.2], C-C-Sep=0.20, ║∇J║=2.8e-03
-----On 8/20 Initial Guess Perturbations
Iteration 844/4500-----
J=1.2e-02, ⟨Jf⟩=1.3e-03, ⟨B·n⟩=8.0e-03, Len=sum([4.8, 4.6, 4.2])=13.6, ϰ=[4.9, 5.1, 4.5], ∫ϰ²/L>=[4.7, 6.2, 6.2], C-C-Sep=0.20, ║∇J║=3.3e-03
-----On 8/20 Initial Guess Perturbations
Iteration 845/4500-----
J=1.2e-02, ⟨Jf⟩=1.3e-03, ⟨B·n⟩=8.0e-03, Len=sum([4.8, 4.6, 4.2])=13.6, ϰ=[4.9, 5.1, 4.5], ∫ϰ²/L>=[4.7, 6.2, 6.2], C-C-Sep=0.20, ║∇J║=3.0e-03
-----On 8/20 Initial Guess Perturbations
Iteration 846/4500-----
J=1.2e-02, ⟨Jf⟩=1.3e-03, ⟨B·n⟩=8.0e-03, Len=sum([4.8, 4.6, 4.2])=13.6, ϰ=[4.9, 5.2, 4.5], ∫ϰ²/L>=[4.7, 6.2, 6.2], C-C-Sep=0.20, ║∇J║=4.0e-03
-----On 8/20 Initial Guess Perturbations
Iteration 847/4500-----
J=1.2e-02, ⟨Jf⟩=1.3e-03, ⟨B·n⟩=8.0e-03, Len=sum([4.8, 4.6, 4.2])=13.6, ϰ=[4.9, 5.2, 4.5], ∫ϰ²/L>=[4.7, 6.2, 6.2], C-C-Sep=0.20, ║∇J║=3.2e-03
-----On 8/20 Initial Guess Perturbations
Iteration 848/4500-----
J=1.2e-02, ⟨Jf⟩=1.3e-03, ⟨B·n⟩=8.0e-03, Len=sum([4.8, 4.6, 4.2])=13.6, ϰ=[4.9, 5.2, 4.5], ∫ϰ²/L>=[4.7, 6.2, 6.2], C-C-Sep=0.20, ║∇J║=3.0e-03
-----On 8/20 Initial Guess Perturbations
Iteration 849/4500-----
J=1.2e-02, ⟨Jf⟩=1.3e-03, ⟨B·n⟩=8.0e-03, Len=sum([4.8, 4.6, 4.2])=13.6, ϰ=[4.9, 5.2, 4.5], ∫ϰ²/L>=[4.7, 6.2, 6.2], C-C-Sep=0.20, ║∇J║=2.7e-03
-----On 8/20 Initial Guess Perturbations
Iteration 850/4500-----
J=1.2e-02, ⟨Jf⟩=1.3e-03, ⟨B·n⟩=8.0e-03, Len=sum([4.8, 4.6, 4.2])=13.6, ϰ=[4.9, 5.2, 4.6], ∫ϰ²/L>=[4.7, 6.2, 6.2], C-C-Sep=0.20, ║∇J║=2.4e-03
-----On 8/20 Initial Guess Perturbations
Iteration 851/4500-----
J=1.2e-02, ⟨Jf⟩=1.3e-03, ⟨B·n⟩=8.0e-03, Len=sum([4.8, 4.6, 4.2])=13.6, ϰ=[4.9, 5.2, 4.6], ∫ϰ²/L>=[4.7, 6.2, 6.2], C-C-Sep=0.20, ║∇J║=2.5e-03
-----On 8/20 Initial Guess Perturbations
Iteration 852/4500-----
J=1.2e-02, ⟨Jf⟩=1.3e-03, ⟨B·n⟩=8.0e-03, Len=sum([4.8, 4.6, 4.2])=13.6, ϰ=[4.9, 5.2, 4.6], ∫ϰ²/L>=[4.7, 6.2, 6.2], C-C-Sep=0.20, ║∇J║=2.9e-03
-----On 8/20 Initial Guess Perturbations
Iteration 853/4500-----
J=1.2e-02, ⟨Jf⟩=1.3e-03, ⟨B·n⟩=8.0e-03, Len=sum([4.8, 4.6, 4.2])=13.6, ϰ=[4.9, 5.2, 4.6], ∫ϰ²/L>=[4.7, 6.2, 6.2], C-C-Sep=0.20, ║∇J║=2.9e-03
-----On 8/20 Initial Guess Perturbations
Iteration 854/4500-----
J=1.2e-02, ⟨Jf⟩=1.3e-03, ⟨B·n⟩=8.0e-03, Len=sum([4.8, 4.6, 4.2])=13.6, ϰ=[4.9, 5.2, 4.6], ∫ϰ²/L>=[4.7, 6.2, 6.2], C-C-Sep=0.20, ║∇J║=2.8e-03
-----On 8/20 Initial Guess Perturbations
Iteration 855/4500-----
J=1.2e-02, ⟨Jf⟩=1.3e-03, ⟨B·n⟩=8.0e-03, Len=sum([4.8, 4.6, 4.2])=13.6, ϰ=[4.8, 5.2, 4.5], ∫ϰ²/L>=[4.7, 6.2, 6.2], C-C-Sep=0.20, ║∇J║=2.9e-03
-----On 8/20 Initial Guess Perturbations
Iteration 856/4500-----
J=1.2e-02, ⟨Jf⟩=1.3e-03, ⟨B·n⟩=8.0e-03, Len=sum([4.8, 4.6, 4.2])=13.6, ϰ=[4.8, 5.2, 4.5], ∫ϰ²/L>=[4.7, 6.2, 6.2], C-C-Sep=0.20, ║∇J║=2.5e-03
-----On 8/20 Initial Guess Perturbations
Iteration 857/4500-----
J=1.2e-02, ⟨Jf⟩=1.3e-03, ⟨B·n⟩=8.0e-03, Len=sum([4.8, 4.6, 4.2])=13.6, ϰ=[4.8, 5.2, 4.5], ∫ϰ²/L>=[4.7, 6.2, 6.2], C-C-Sep=0.20, ║∇J║=2.8e-03
-----On 8/20 Initial Guess Perturbations
Iteration 858/4500-----
J=1.2e-02, ⟨Jf⟩=1.3e-03, ⟨B·n⟩=8.0e-03, Len=sum([4.8, 4.6, 4.2])=13.6, ϰ=[4.8, 5.3, 4.5], ∫ϰ²/L>=[4.7, 6.2, 6.2], C-C-Sep=0.20, ║∇J║=2.9e-03
-----On 8/20 Initial Guess Perturbations
Iteration 859/4500-----
J=1.2e-02, ⟨Jf⟩=1.3e-03, ⟨B·n⟩=8.0e-03, Len=sum([4.8, 4.6, 4.2])=13.6, ϰ=[4.8, 5.2, 4.5], ∫ϰ²/L>=[4.7, 6.2, 6.2], C-C-Sep=0.20, ║∇J║=4.1e-03
-----On 8/20 Initial Guess Perturbations
Iteration 860/4500-----
J=1.2e-02, ⟨Jf⟩=1.3e-03, ⟨B·n⟩=8.0e-03, Len=sum([4.8, 4.6, 4.2])=13.6, ϰ=[4.8, 5.2, 4.5], ∫ϰ²/L>=[4.7, 6.2, 6.2], C-C-Sep=0.20, ║∇J║=3.3e-03
-----On 8/20 Initial Guess Perturbations
Iteration 861/4500-----
J=1.2e-02, ⟨Jf⟩=1.3e-03, ⟨B·n⟩=8.0e-03, Len=sum([4.8, 4.6, 4.2])=13.6, ϰ=[4.8, 5.2, 4.5], ∫ϰ²/L>=[4.7, 6.2, 6.2], C-C-Sep=0.20, ║∇J║=2.5e-03
-----On 8/20 Initial Guess Perturbations
Iteration 862/4500-----
J=1.2e-02, ⟨Jf⟩=1.3e-03, ⟨B·n⟩=8.0e-03, Len=sum([4.8, 4.6, 4.2])=13.6, ϰ=[4.8, 5.3, 4.5], ∫ϰ²/L>=[4.7, 6.2, 6.2], C-C-Sep=0.20, ║∇J║=2.6e-03
-----On 8/20 Initial Guess Perturbations
Iteration 863/4500-----
J=1.2e-02, ⟨Jf⟩=1.3e-03, ⟨B·n⟩=8.0e-03, Len=sum([4.8, 4.6, 4.2])=13.6, ϰ=[4.8, 5.3, 4.5], ∫ϰ²/L>=[4.7, 6.2, 6.2], C-C-Sep=0.20, ║∇J║=3.3e-03
-----On 8/20 Initial Guess Perturbations
Iteration 864/4500-----
J=1.2e-02, ⟨Jf⟩=1.3e-03, ⟨B·n⟩=8.0e-03, Len=sum([4.8, 4.6, 4.2])=13.6, ϰ=[4.8, 5.3, 4.6], ∫ϰ²/L>=[4.7, 6.2, 6.2], C-C-Sep=0.20, ║∇J║=3.1e-03
-----On 8/20 Initial Guess Perturbations
Iteration 865/4500-----
J=1.2e-02, ⟨Jf⟩=1.3e-03, ⟨B·n⟩=8.0e-03, Len=sum([4.8, 4.6, 4.2])=13.6, ϰ=[4.8, 5.3, 4.6], ∫ϰ²/L>=[4.7, 6.2, 6.2], C-C-Sep=0.20, ║∇J║=2.9e-03
-----On 8/20 Initial Guess Perturbations
Iteration 866/4500-----
J=1.2e-02, ⟨Jf⟩=1.3e-03, ⟨B·n⟩=8.0e-03, Len=sum([4.8, 4.6, 4.2])=13.6, ϰ=[4.8, 5.4, 4.6], ∫ϰ²/L>=[4.7, 6.2, 6.2], C-C-Sep=0.20, ║∇J║=3.6e-03
-----On 8/20 Initial Guess Perturbations
Iteration 867/4500-----
J=1.2e-02, ⟨Jf⟩=1.3e-03, ⟨B·n⟩=8.0e-03, Len=sum([4.8, 4.6, 4.2])=13.6, ϰ=[4.8, 5.4, 4.6], ∫ϰ²/L>=[4.7, 6.2, 6.2], C-C-Sep=0.20, ║∇J║=2.8e-03
-----On 8/20 Initial Guess Perturbations
Iteration 868/4500-----
J=1.2e-02, ⟨Jf⟩=1.3e-03, ⟨B·n⟩=8.0e-03, Len=sum([4.8, 4.6, 4.2])=13.6, ϰ=[4.8, 5.4, 4.6], ∫ϰ²/L>=[4.7, 6.2, 6.2], C-C-Sep=0.20, ║∇J║=2.6e-03
-----On 8/20 Initial Guess Perturbations
Iteration 869/4500-----
J=1.2e-02, ⟨Jf⟩=1.3e-03, ⟨B·n⟩=8.0e-03, Len=sum([4.8, 4.6, 4.2])=13.6, ϰ=[4.8, 5.4, 4.6], ∫ϰ²/L>=[4.7, 6.2, 6.2], C-C-Sep=0.20, ║∇J║=2.7e-03
-----On 8/20 Initial Guess Perturbations
Iteration 870/4500-----
J=1.2e-02, ⟨Jf⟩=1.3e-03, ⟨B·n⟩=8.0e-03, Len=sum([4.8, 4.6, 4.2])=13.6, ϰ=[4.8, 5.4, 4.6], ∫ϰ²/L>=[4.7, 6.2, 6.2], C-C-Sep=0.20, ║∇J║=3.2e-03
-----On 8/20 Initial Guess Perturbations
Iteration 871/4500-----
J=1.2e-02, ⟨Jf⟩=1.3e-03, ⟨B·n⟩=8.0e-03, Len=sum([4.8, 4.6, 4.2])=13.6, ϰ=[4.8, 5.4, 4.5], ∫ϰ²/L>=[4.7, 6.2, 6.2], C-C-Sep=0.20, ║∇J║=2.8e-03
-----On 8/20 Initial Guess Perturbations
Iteration 872/4500-----
J=1.2e-02, ⟨Jf⟩=1.3e-03, ⟨B·n⟩=8.0e-03, Len=sum([4.8, 4.6, 4.2])=13.6, ϰ=[4.8, 5.4, 4.5], ∫ϰ²/L>=[4.7, 6.2, 6.2], C-C-Sep=0.20, ║∇J║=3.1e-03
-----On 8/20 Initial Guess Perturbations
Iteration 873/4500-----
J=1.2e-02, ⟨Jf⟩=1.3e-03, ⟨B·n⟩=8.0e-03, Len=sum([4.8, 4.6, 4.2])=13.6, ϰ=[4.8, 5.4, 4.5], ∫ϰ²/L>=[4.7, 6.2, 6.2], C-C-Sep=0.20, ║∇J║=2.8e-03
-----On 8/20 Initial Guess Perturbations
Iteration 874/4500-----
J=1.2e-02, ⟨Jf⟩=1.3e-03, ⟨B·n⟩=8.0e-03, Len=sum([4.8, 4.6, 4.2])=13.6, ϰ=[4.8, 5.4, 4.4], ∫ϰ²/L>=[4.7, 6.2, 6.2], C-C-Sep=0.20, ║∇J║=3.0e-03
-----On 8/20 Initial Guess Perturbations
Iteration 875/4500-----
J=1.2e-02, ⟨Jf⟩=1.3e-03, ⟨B·n⟩=8.0e-03, Len=sum([4.8, 4.6, 4.2])=13.6, ϰ=[4.8, 5.4, 4.4], ∫ϰ²/L>=[4.7, 6.2, 6.3], C-C-Sep=0.20, ║∇J║=3.0e-03
-----On 8/20 Initial Guess Perturbations
Iteration 876/4500-----
J=1.2e-02, ⟨Jf⟩=1.3e-03, ⟨B·n⟩=8.0e-03, Len=sum([4.8, 4.6, 4.2])=13.6, ϰ=[4.8, 5.4, 4.4], ∫ϰ²/L>=[4.7, 6.2, 6.3], C-C-Sep=0.20, ║∇J║=2.8e-03
-----On 8/20 Initial Guess Perturbations
Iteration 877/4500-----
J=1.2e-02, ⟨Jf⟩=1.3e-03, ⟨B·n⟩=8.0e-03, Len=sum([4.8, 4.6, 4.2])=13.6, ϰ=[4.8, 5.3, 4.4], ∫ϰ²/L>=[4.7, 6.2, 6.3], C-C-Sep=0.20, ║∇J║=2.6e-03
-----On 8/20 Initial Guess Perturbations
Iteration 878/4500-----
J=1.2e-02, ⟨Jf⟩=1.3e-03, ⟨B·n⟩=8.0e-03, Len=sum([4.8, 4.6, 4.2])=13.6, ϰ=[4.8, 5.3, 4.4], ∫ϰ²/L>=[4.7, 6.2, 6.3], C-C-Sep=0.20, ║∇J║=2.7e-03
-----On 8/20 Initial Guess Perturbations
Iteration 879/4500-----
J=1.2e-02, ⟨Jf⟩=1.3e-03, ⟨B·n⟩=8.0e-03, Len=sum([4.8, 4.6, 4.2])=13.6, ϰ=[4.9, 5.3, 4.4], ∫ϰ²/L>=[4.7, 6.2, 6.3], C-C-Sep=0.20, ║∇J║=3.3e-03
-----On 8/20 Initial Guess Perturbations
Iteration 880/4500-----
J=1.2e-02, ⟨Jf⟩=1.3e-03, ⟨B·n⟩=8.0e-03, Len=sum([4.8, 4.6, 4.2])=13.6, ϰ=[4.9, 5.3, 4.5], ∫ϰ²/L>=[4.7, 6.2, 6.3], C-C-Sep=0.20, ║∇J║=3.2e-03
-----On 8/20 Initial Guess Perturbations
Iteration 881/4500-----
J=1.2e-02, ⟨Jf⟩=1.3e-03, ⟨B·n⟩=8.1e-03, Len=sum([4.8, 4.6, 4.2])=13.6, ϰ=[4.9, 5.3, 4.5], ∫ϰ²/L>=[4.7, 6.2, 6.3], C-C-Sep=0.20, ║∇J║=3.9e-03
-----On 8/20 Initial Guess Perturbations
Iteration 882/4500-----
J=1.2e-02, ⟨Jf⟩=1.3e-03, ⟨B·n⟩=8.0e-03, Len=sum([4.8, 4.6, 4.2])=13.6, ϰ=[4.8, 5.3, 4.5], ∫ϰ²/L>=[4.7, 6.2, 6.3], C-C-Sep=0.20, ║∇J║=5.1e-03
-----On 8/20 Initial Guess Perturbations
Iteration 883/4500-----
J=1.2e-02, ⟨Jf⟩=1.3e-03, ⟨B·n⟩=8.0e-03, Len=sum([4.8, 4.6, 4.2])=13.6, ϰ=[4.8, 5.3, 4.5], ∫ϰ²/L>=[4.7, 6.2, 6.3], C-C-Sep=0.20, ║∇J║=3.3e-03
-----On 8/20 Initial Guess Perturbations
Iteration 884/4500-----
J=1.2e-02, ⟨Jf⟩=1.3e-03, ⟨B·n⟩=8.1e-03, Len=sum([4.8, 4.6, 4.2])=13.6, ϰ=[4.8, 5.3, 4.5], ∫ϰ²/L>=[4.7, 6.2, 6.3], C-C-Sep=0.20, ║∇J║=3.0e-03
-----On 8/20 Initial Guess Perturbations
Iteration 885/4500-----
J=1.2e-02, ⟨Jf⟩=1.3e-03, ⟨B·n⟩=8.1e-03, Len=sum([4.8, 4.6, 4.2])=13.6, ϰ=[4.8, 5.2, 4.6], ∫ϰ²/L>=[4.7, 6.2, 6.3], C-C-Sep=0.20, ║∇J║=3.3e-03
-----On 8/20 Initial Guess Perturbations
Iteration 886/4500-----
J=1.2e-02, ⟨Jf⟩=1.3e-03, ⟨B·n⟩=8.1e-03, Len=sum([4.8, 4.6, 4.2])=13.6, ϰ=[4.8, 5.2, 4.6], ∫ϰ²/L>=[4.7, 6.2, 6.3], C-C-Sep=0.20, ║∇J║=3.7e-03
-----On 8/20 Initial Guess Perturbations
Iteration 887/4500-----
J=1.2e-02, ⟨Jf⟩=1.3e-03, ⟨B·n⟩=8.1e-03, Len=sum([4.8, 4.6, 4.2])=13.6, ϰ=[4.8, 5.2, 4.6], ∫ϰ²/L>=[4.7, 6.2, 6.3], C-C-Sep=0.20, ║∇J║=3.2e-03
-----On 8/20 Initial Guess Perturbations
Iteration 888/4500-----
J=1.2e-02, ⟨Jf⟩=1.3e-03, ⟨B·n⟩=8.1e-03, Len=sum([4.8, 4.6, 4.2])=13.6, ϰ=[4.8, 5.2, 4.6], ∫ϰ²/L>=[4.7, 6.2, 6.3], C-C-Sep=0.20, ║∇J║=3.3e-03
-----On 8/20 Initial Guess Perturbations
Iteration 889/4500-----
J=1.2e-02, ⟨Jf⟩=1.3e-03, ⟨B·n⟩=8.1e-03, Len=sum([4.8, 4.6, 4.2])=13.6, ϰ=[4.9, 5.3, 4.6], ∫ϰ²/L>=[4.7, 6.2, 6.3], C-C-Sep=0.20, ║∇J║=2.8e-03
-----On 8/20 Initial Guess Perturbations
Iteration 890/4500-----
J=1.2e-02, ⟨Jf⟩=1.3e-03, ⟨B·n⟩=8.1e-03, Len=sum([4.8, 4.6, 4.2])=13.6, ϰ=[4.9, 5.3, 4.5], ∫ϰ²/L>=[4.7, 6.2, 6.3], C-C-Sep=0.20, ║∇J║=2.9e-03
-----On 8/20 Initial Guess Perturbations
Iteration 891/4500-----
J=1.2e-02, ⟨Jf⟩=1.3e-03, ⟨B·n⟩=8.1e-03, Len=sum([4.8, 4.6, 4.2])=13.6, ϰ=[4.9, 5.3, 4.5], ∫ϰ²/L>=[4.7, 6.2, 6.3], C-C-Sep=0.20, ║∇J║=3.0e-03
-----On 8/20 Initial Guess Perturbations
Iteration 892/4500-----
J=1.2e-02, ⟨Jf⟩=1.3e-03, ⟨B·n⟩=8.1e-03, Len=sum([4.8, 4.6, 4.2])=13.6, ϰ=[4.9, 5.4, 4.4], ∫ϰ²/L>=[4.7, 6.2, 6.3], C-C-Sep=0.20, ║∇J║=3.1e-03
-----On 8/20 Initial Guess Perturbations
Iteration 893/4500-----
J=1.2e-02, ⟨Jf⟩=1.3e-03, ⟨B·n⟩=8.1e-03, Len=sum([4.8, 4.6, 4.2])=13.6, ϰ=[4.9, 5.4, 4.5], ∫ϰ²/L>=[4.7, 6.3, 6.3], C-C-Sep=0.20, ║∇J║=3.4e-03
-----On 8/20 Initial Guess Perturbations
Iteration 894/4500-----
J=1.2e-02, ⟨Jf⟩=1.3e-03, ⟨B·n⟩=8.1e-03, Len=sum([4.8, 4.6, 4.2])=13.6, ϰ=[4.9, 5.4, 4.4], ∫ϰ²/L>=[4.7, 6.2, 6.3], C-C-Sep=0.20, ║∇J║=4.0e-03
-----On 8/20 Initial Guess Perturbations
Iteration 895/4500-----
J=1.2e-02, ⟨Jf⟩=1.3e-03, ⟨B·n⟩=8.1e-03, Len=sum([4.8, 4.6, 4.2])=13.6, ϰ=[4.9, 5.4, 4.5], ∫ϰ²/L>=[4.7, 6.2, 6.3], C-C-Sep=0.20, ║∇J║=4.0e-03
-----On 8/20 Initial Guess Perturbations
Iteration 896/4500-----
J=1.2e-02, ⟨Jf⟩=1.3e-03, ⟨B·n⟩=8.1e-03, Len=sum([4.8, 4.6, 4.2])=13.6, ϰ=[4.8, 5.4, 4.5], ∫ϰ²/L>=[4.7, 6.2, 6.3], C-C-Sep=0.20, ║∇J║=4.3e-03
-----On 8/20 Initial Guess Perturbations
Iteration 897/4500-----
J=1.2e-02, ⟨Jf⟩=1.3e-03, ⟨B·n⟩=8.1e-03, Len=sum([4.8, 4.6, 4.2])=13.6, ϰ=[4.9, 5.3, 4.4], ∫ϰ²/L>=[4.7, 6.2, 6.3], C-C-Sep=0.20, ║∇J║=3.0e-03
-----On 8/20 Initial Guess Perturbations
Iteration 898/4500-----
J=1.2e-02, ⟨Jf⟩=1.3e-03, ⟨B·n⟩=8.1e-03, Len=sum([4.8, 4.6, 4.2])=13.6, ϰ=[4.9, 5.4, 4.4], ∫ϰ²/L>=[4.7, 6.2, 6.3], C-C-Sep=0.20, ║∇J║=2.9e-03
-----On 8/20 Initial Guess Perturbations
Iteration 899/4500-----
J=1.2e-02, ⟨Jf⟩=1.3e-03, ⟨B·n⟩=8.1e-03, Len=sum([4.8, 4.6, 4.2])=13.6, ϰ=[4.9, 5.3, 4.4], ∫ϰ²/L>=[4.7, 6.2, 6.3], C-C-Sep=0.20, ║∇J║=3.1e-03
-----On 8/20 Initial Guess Perturbations
Iteration 900/4500-----
J=1.2e-02, ⟨Jf⟩=1.3e-03, ⟨B·n⟩=8.0e-03, Len=sum([4.8, 4.6, 4.2])=13.6, ϰ=[4.9, 5.4, 4.5], ∫ϰ²/L>=[4.7, 6.2, 6.3], C-C-Sep=0.20, ║∇J║=3.6e-03
-----On 8/20 Initial Guess Perturbations
Iteration 901/4500-----
J=1.2e-02, ⟨Jf⟩=1.3e-03, ⟨B·n⟩=8.1e-03, Len=sum([4.8, 4.6, 4.2])=13.6, ϰ=[4.9, 5.4, 4.5], ∫ϰ²/L>=[4.7, 6.2, 6.3], C-C-Sep=0.20, ║∇J║=3.6e-03
-----On 8/20 Initial Guess Perturbations
Iteration 902/4500-----
J=1.2e-02, ⟨Jf⟩=1.3e-03, ⟨B·n⟩=8.0e-03, Len=sum([4.8, 4.6, 4.2])=13.6, ϰ=[4.9, 5.4, 4.5], ∫ϰ²/L>=[4.7, 6.2, 6.3], C-C-Sep=0.20, ║∇J║=3.3e-03
-----On 8/20 Initial Guess Perturbations
Iteration 903/4500-----
J=1.2e-02, ⟨Jf⟩=1.3e-03, ⟨B·n⟩=8.1e-03, Len=sum([4.8, 4.6, 4.2])=13.6, ϰ=[4.9, 5.4, 4.5], ∫ϰ²/L>=[4.7, 6.2, 6.3], C-C-Sep=0.20, ║∇J║=3.6e-03
-----On 8/20 Initial Guess Perturbations
Iteration 904/4500-----
J=1.2e-02, ⟨Jf⟩=1.3e-03, ⟨B·n⟩=8.1e-03, Len=sum([4.8, 4.6, 4.2])=13.6, ϰ=[5.0, 5.4, 4.5], ∫ϰ²/L>=[4.8, 6.2, 6.3], C-C-Sep=0.20, ║∇J║=3.5e-03
-----On 8/20 Initial Guess Perturbations
Iteration 905/4500-----
J=1.2e-02, ⟨Jf⟩=1.3e-03, ⟨B·n⟩=8.1e-03, Len=sum([4.8, 4.6, 4.2])=13.6, ϰ=[5.0, 5.4, 4.4], ∫ϰ²/L>=[4.7, 6.2, 6.3], C-C-Sep=0.20, ║∇J║=2.9e-03
-----On 8/20 Initial Guess Perturbations
Iteration 906/4500-----
J=1.2e-02, ⟨Jf⟩=1.3e-03, ⟨B·n⟩=8.1e-03, Len=sum([4.8, 4.6, 4.2])=13.6, ϰ=[4.9, 5.3, 4.5], ∫ϰ²/L>=[4.7, 6.2, 6.3], C-C-Sep=0.20, ║∇J║=3.6e-03
-----On 8/20 Initial Guess Perturbations
Iteration 907/4500-----
J=1.2e-02, ⟨Jf⟩=1.3e-03, ⟨B·n⟩=8.1e-03, Len=sum([4.8, 4.6, 4.2])=13.6, ϰ=[5.0, 5.3, 4.5], ∫ϰ²/L>=[4.8, 6.2, 6.2], C-C-Sep=0.20, ║∇J║=3.2e-03
-----On 8/20 Initial Guess Perturbations
Iteration 908/4500-----
J=1.2e-02, ⟨Jf⟩=1.3e-03, ⟨B·n⟩=8.1e-03, Len=sum([4.8, 4.6, 4.2])=13.6, ϰ=[5.0, 5.3, 4.5], ∫ϰ²/L>=[4.8, 6.2, 6.2], C-C-Sep=0.20, ║∇J║=2.9e-03
-----On 8/20 Initial Guess Perturbations
Iteration 909/4500-----
J=1.2e-02, ⟨Jf⟩=1.3e-03, ⟨B·n⟩=8.1e-03, Len=sum([4.8, 4.6, 4.2])=13.6, ϰ=[5.0, 5.3, 4.5], ∫ϰ²/L>=[4.8, 6.2, 6.2], C-C-Sep=0.20, ║∇J║=2.9e-03
-----On 8/20 Initial Guess Perturbations
Iteration 910/4500-----
J=1.2e-02, ⟨Jf⟩=1.3e-03, ⟨B·n⟩=8.1e-03, Len=sum([4.8, 4.6, 4.2])=13.6, ϰ=[5.0, 5.2, 4.5], ∫ϰ²/L>=[4.8, 6.2, 6.2], C-C-Sep=0.20, ║∇J║=2.4e-03
-----On 8/20 Initial Guess Perturbations
Iteration 911/4500-----
J=1.2e-02, ⟨Jf⟩=1.3e-03, ⟨B·n⟩=8.1e-03, Len=sum([4.8, 4.6, 4.2])=13.6, ϰ=[5.0, 5.2, 4.5], ∫ϰ²/L>=[4.8, 6.2, 6.2], C-C-Sep=0.20, ║∇J║=3.5e-03
-----On 8/20 Initial Guess Perturbations
Iteration 912/4500-----
J=1.2e-02, ⟨Jf⟩=1.3e-03, ⟨B·n⟩=8.1e-03, Len=sum([4.8, 4.6, 4.2])=13.6, ϰ=[4.9, 5.2, 4.6], ∫ϰ²/L>=[4.8, 6.2, 6.2], C-C-Sep=0.20, ║∇J║=3.4e-03
-----On 8/20 Initial Guess Perturbations
Iteration 913/4500-----
J=1.2e-02, ⟨Jf⟩=1.3e-03, ⟨B·n⟩=8.0e-03, Len=sum([4.8, 4.6, 4.2])=13.6, ϰ=[5.0, 5.2, 4.7], ∫ϰ²/L>=[4.8, 6.2, 6.2], C-C-Sep=0.20, ║∇J║=3.4e-03
-----On 8/20 Initial Guess Perturbations
Iteration 914/4500-----
J=1.2e-02, ⟨Jf⟩=1.3e-03, ⟨B·n⟩=8.1e-03, Len=sum([4.8, 4.6, 4.2])=13.6, ϰ=[5.0, 5.2, 4.7], ∫ϰ²/L>=[4.8, 6.2, 6.2], C-C-Sep=0.20, ║∇J║=3.4e-03
-----On 8/20 Initial Guess Perturbations
Iteration 915/4500-----
J=1.2e-02, ⟨Jf⟩=1.3e-03, ⟨B·n⟩=8.1e-03, Len=sum([4.8, 4.6, 4.2])=13.6, ϰ=[5.0, 5.2, 4.7], ∫ϰ²/L>=[4.8, 6.2, 6.2], C-C-Sep=0.20, ║∇J║=3.6e-03
-----On 8/20 Initial Guess Perturbations
Iteration 916/4500-----
J=1.2e-02, ⟨Jf⟩=1.3e-03, ⟨B·n⟩=8.1e-03, Len=sum([4.8, 4.6, 4.2])=13.6, ϰ=[5.0, 5.2, 4.7], ∫ϰ²/L>=[4.8, 6.2, 6.2], C-C-Sep=0.20, ║∇J║=3.4e-03
-----On 8/20 Initial Guess Perturbations
Iteration 917/4500-----
J=1.2e-02, ⟨Jf⟩=1.3e-03, ⟨B·n⟩=8.1e-03, Len=sum([4.8, 4.6, 4.2])=13.6, ϰ=[5.0, 5.2, 4.7], ∫ϰ²/L>=[4.8, 6.2, 6.2], C-C-Sep=0.20, ║∇J║=3.1e-03
-----On 8/20 Initial Guess Perturbations
Iteration 918/4500-----
J=1.2e-02, ⟨Jf⟩=1.3e-03, ⟨B·n⟩=8.1e-03, Len=sum([4.8, 4.6, 4.2])=13.6, ϰ=[5.0, 5.2, 4.7], ∫ϰ²/L>=[4.8, 6.2, 6.2], C-C-Sep=0.20, ║∇J║=2.8e-03
-----On 8/20 Initial Guess Perturbations
Iteration 919/4500-----
J=1.2e-02, ⟨Jf⟩=1.3e-03, ⟨B·n⟩=8.1e-03, Len=sum([4.8, 4.6, 4.2])=13.6, ϰ=[5.0, 5.2, 4.8], ∫ϰ²/L>=[4.8, 6.2, 6.2], C-C-Sep=0.20, ║∇J║=2.9e-03
-----On 8/20 Initial Guess Perturbations
Iteration 920/4500-----
J=1.2e-02, ⟨Jf⟩=1.3e-03, ⟨B·n⟩=8.1e-03, Len=sum([4.8, 4.6, 4.2])=13.6, ϰ=[5.0, 5.2, 4.8], ∫ϰ²/L>=[4.8, 6.2, 6.2], C-C-Sep=0.20, ║∇J║=3.0e-03
-----On 8/20 Initial Guess Perturbations
Iteration 921/4500-----
J=1.2e-02, ⟨Jf⟩=1.3e-03, ⟨B·n⟩=8.1e-03, Len=sum([4.8, 4.6, 4.2])=13.6, ϰ=[5.0, 5.2, 4.8], ∫ϰ²/L>=[4.8, 6.2, 6.2], C-C-Sep=0.20, ║∇J║=3.1e-03
-----On 8/20 Initial Guess Perturbations
Iteration 922/4500-----
J=1.2e-02, ⟨Jf⟩=1.3e-03, ⟨B·n⟩=8.1e-03, Len=sum([4.8, 4.6, 4.2])=13.6, ϰ=[5.0, 5.2, 4.8], ∫ϰ²/L>=[4.8, 6.2, 6.2], C-C-Sep=0.20, ║∇J║=3.5e-03
-----On 8/20 Initial Guess Perturbations
Iteration 923/4500-----
J=1.2e-02, ⟨Jf⟩=1.3e-03, ⟨B·n⟩=8.1e-03, Len=sum([4.8, 4.6, 4.2])=13.6, ϰ=[5.0, 5.2, 4.8], ∫ϰ²/L>=[4.8, 6.2, 6.2], C-C-Sep=0.20, ║∇J║=3.3e-03
-----On 8/20 Initial Guess Perturbations
Iteration 924/4500-----
J=1.2e-02, ⟨Jf⟩=1.3e-03, ⟨B·n⟩=8.1e-03, Len=sum([4.8, 4.6, 4.2])=13.6, ϰ=[5.0, 5.2, 4.7], ∫ϰ²/L>=[4.8, 6.2, 6.2], C-C-Sep=0.20, ║∇J║=2.9e-03
-----On 8/20 Initial Guess Perturbations
Iteration 925/4500-----
J=1.2e-02, ⟨Jf⟩=1.3e-03, ⟨B·n⟩=8.1e-03, Len=sum([4.8, 4.6, 4.2])=13.6, ϰ=[5.0, 5.2, 4.7], ∫ϰ²/L>=[4.8, 6.2, 6.2], C-C-Sep=0.20, ║∇J║=2.6e-03
-----On 8/20 Initial Guess Perturbations
Iteration 926/4500-----
J=1.2e-02, ⟨Jf⟩=1.3e-03, ⟨B·n⟩=8.1e-03, Len=sum([4.8, 4.6, 4.2])=13.6, ϰ=[4.9, 5.2, 4.7], ∫ϰ²/L>=[4.8, 6.2, 6.2], C-C-Sep=0.20, ║∇J║=2.8e-03
-----On 8/20 Initial Guess Perturbations
Iteration 927/4500-----
J=1.2e-02, ⟨Jf⟩=1.3e-03, ⟨B·n⟩=8.1e-03, Len=sum([4.8, 4.6, 4.2])=13.6, ϰ=[4.9, 5.1, 4.7], ∫ϰ²/L>=[4.8, 6.2, 6.2], C-C-Sep=0.20, ║∇J║=3.2e-03
-----On 8/20 Initial Guess Perturbations
Iteration 928/4500-----
J=1.2e-02, ⟨Jf⟩=1.3e-03, ⟨B·n⟩=8.1e-03, Len=sum([4.8, 4.6, 4.2])=13.6, ϰ=[4.9, 5.1, 4.6], ∫ϰ²/L>=[4.8, 6.2, 6.2], C-C-Sep=0.20, ║∇J║=2.9e-03
-----On 8/20 Initial Guess Perturbations
Iteration 929/4500-----
J=1.2e-02, ⟨Jf⟩=1.3e-03, ⟨B·n⟩=8.1e-03, Len=sum([4.8, 4.6, 4.2])=13.6, ϰ=[4.9, 5.1, 4.6], ∫ϰ²/L>=[4.8, 6.2, 6.2], C-C-Sep=0.20, ║∇J║=4.4e-03
-----On 8/20 Initial Guess Perturbations
Iteration 930/4500-----
J=1.2e-02, ⟨Jf⟩=1.3e-03, ⟨B·n⟩=8.1e-03, Len=sum([4.8, 4.6, 4.2])=13.6, ϰ=[4.9, 5.1, 4.6], ∫ϰ²/L>=[4.8, 6.2, 6.2], C-C-Sep=0.20, ║∇J║=3.2e-03
-----On 8/20 Initial Guess Perturbations
Iteration 931/4500-----
J=1.2e-02, ⟨Jf⟩=1.3e-03, ⟨B·n⟩=8.1e-03, Len=sum([4.8, 4.6, 4.2])=13.6, ϰ=[4.9, 5.1, 4.5], ∫ϰ²/L>=[4.8, 6.2, 6.2], C-C-Sep=0.20, ║∇J║=2.7e-03
-----On 8/20 Initial Guess Perturbations
Iteration 932/4500-----
J=1.2e-02, ⟨Jf⟩=1.3e-03, ⟨B·n⟩=8.1e-03, Len=sum([4.8, 4.6, 4.2])=13.6, ϰ=[4.9, 5.2, 4.5], ∫ϰ²/L>=[4.8, 6.2, 6.2], C-C-Sep=0.20, ║∇J║=2.9e-03
-----On 8/20 Initial Guess Perturbations
Iteration 933/4500-----
J=1.2e-02, ⟨Jf⟩=1.3e-03, ⟨B·n⟩=8.1e-03, Len=sum([4.8, 4.6, 4.2])=13.6, ϰ=[4.9, 5.2, 4.4], ∫ϰ²/L>=[4.8, 6.2, 6.2], C-C-Sep=0.20, ║∇J║=2.5e-03
-----On 8/20 Initial Guess Perturbations
Iteration 934/4500-----
J=1.2e-02, ⟨Jf⟩=1.3e-03, ⟨B·n⟩=8.1e-03, Len=sum([4.8, 4.6, 4.2])=13.6, ϰ=[4.9, 5.2, 4.4], ∫ϰ²/L>=[4.8, 6.2, 6.2], C-C-Sep=0.20, ║∇J║=2.9e-03
-----On 8/20 Initial Guess Perturbations
Iteration 935/4500-----
J=1.2e-02, ⟨Jf⟩=1.3e-03, ⟨B·n⟩=8.1e-03, Len=sum([4.8, 4.6, 4.2])=13.6, ϰ=[4.9, 5.2, 4.4], ∫ϰ²/L>=[4.8, 6.2, 6.2], C-C-Sep=0.20, ║∇J║=2.8e-03
-----On 8/20 Initial Guess Perturbations
Iteration 936/4500-----
J=1.2e-02, ⟨Jf⟩=1.3e-03, ⟨B·n⟩=8.1e-03, Len=sum([4.8, 4.6, 4.2])=13.6, ϰ=[4.9, 5.3, 4.4], ∫ϰ²/L>=[4.8, 6.2, 6.2], C-C-Sep=0.20, ║∇J║=3.3e-03
-----On 8/20 Initial Guess Perturbations
Iteration 937/4500-----
J=1.2e-02, ⟨Jf⟩=1.3e-03, ⟨B·n⟩=8.1e-03, Len=sum([4.8, 4.6, 4.2])=13.6, ϰ=[4.9, 5.3, 4.4], ∫ϰ²/L>=[4.8, 6.2, 6.2], C-C-Sep=0.20, ║∇J║=3.3e-03
-----On 8/20 Initial Guess Perturbations
Iteration 938/4500-----
J=1.2e-02, ⟨Jf⟩=1.3e-03, ⟨B·n⟩=8.1e-03, Len=sum([4.8, 4.6, 4.2])=13.6, ϰ=[4.9, 5.2, 4.4], ∫ϰ²/L>=[4.8, 6.2, 6.2], C-C-Sep=0.20, ║∇J║=3.1e-03
-----On 8/20 Initial Guess Perturbations
Iteration 939/4500-----
J=1.2e-02, ⟨Jf⟩=1.3e-03, ⟨B·n⟩=8.0e-03, Len=sum([4.8, 4.6, 4.2])=13.6, ϰ=[4.9, 5.3, 4.4], ∫ϰ²/L>=[4.8, 6.2, 6.2], C-C-Sep=0.20, ║∇J║=3.6e-03
-----On 8/20 Initial Guess Perturbations
Iteration 940/4500-----
J=1.2e-02, ⟨Jf⟩=1.3e-03, ⟨B·n⟩=8.1e-03, Len=sum([4.8, 4.6, 4.2])=13.6, ϰ=[4.9, 5.2, 4.4], ∫ϰ²/L>=[4.8, 6.2, 6.2], C-C-Sep=0.20, ║∇J║=3.9e-03
-----On 8/20 Initial Guess Perturbations
Iteration 941/4500-----
J=1.2e-02, ⟨Jf⟩=1.3e-03, ⟨B·n⟩=8.1e-03, Len=sum([4.8, 4.6, 4.2])=13.6, ϰ=[4.9, 5.3, 4.4], ∫ϰ²/L>=[4.8, 6.2, 6.2], C-C-Sep=0.20, ║∇J║=2.7e-03
-----On 8/20 Initial Guess Perturbations
Iteration 942/4500-----
J=1.2e-02, ⟨Jf⟩=1.3e-03, ⟨B·n⟩=8.1e-03, Len=sum([4.8, 4.6, 4.2])=13.6, ϰ=[4.8, 5.3, 4.5], ∫ϰ²/L>=[4.8, 6.2, 6.2], C-C-Sep=0.20, ║∇J║=2.9e-03
-----On 8/20 Initial Guess Perturbations
Iteration 943/4500-----
J=1.2e-02, ⟨Jf⟩=1.3e-03, ⟨B·n⟩=8.1e-03, Len=sum([4.8, 4.6, 4.2])=13.6, ϰ=[4.8, 5.3, 4.5], ∫ϰ²/L>=[4.8, 6.2, 6.2], C-C-Sep=0.20, ║∇J║=3.0e-03
-----On 8/20 Initial Guess Perturbations
Iteration 944/4500-----
J=1.2e-02, ⟨Jf⟩=1.3e-03, ⟨B·n⟩=8.1e-03, Len=sum([4.8, 4.6, 4.2])=13.6, ϰ=[4.8, 5.3, 4.5], ∫ϰ²/L>=[4.8, 6.2, 6.2], C-C-Sep=0.20, ║∇J║=2.8e-03
-----On 8/20 Initial Guess Perturbations
Iteration 945/4500-----
J=1.2e-02, ⟨Jf⟩=1.3e-03, ⟨B·n⟩=8.0e-03, Len=sum([4.8, 4.6, 4.2])=13.6, ϰ=[4.8, 5.3, 4.5], ∫ϰ²/L>=[4.8, 6.2, 6.2], C-C-Sep=0.20, ║∇J║=3.1e-03
-----On 8/20 Initial Guess Perturbations
Iteration 946/4500-----
J=1.2e-02, ⟨Jf⟩=1.3e-03, ⟨B·n⟩=8.1e-03, Len=sum([4.8, 4.6, 4.2])=13.6, ϰ=[4.8, 5.3, 4.5], ∫ϰ²/L>=[4.8, 6.1, 6.2], C-C-Sep=0.20, ║∇J║=4.5e-03
-----On 8/20 Initial Guess Perturbations
Iteration 947/4500-----
J=1.2e-02, ⟨Jf⟩=1.3e-03, ⟨B·n⟩=8.0e-03, Len=sum([4.8, 4.6, 4.2])=13.6, ϰ=[4.8, 5.3, 4.6], ∫ϰ²/L>=[4.8, 6.2, 6.2], C-C-Sep=0.20, ║∇J║=3.5e-03
-----On 8/20 Initial Guess Perturbations
Iteration 948/4500-----
J=1.2e-02, ⟨Jf⟩=1.3e-03, ⟨B·n⟩=8.1e-03, Len=sum([4.8, 4.6, 4.2])=13.6, ϰ=[4.8, 5.4, 4.5], ∫ϰ²/L>=[4.8, 6.2, 6.2], C-C-Sep=0.20, ║∇J║=3.9e-03
-----On 8/20 Initial Guess Perturbations
Iteration 949/4500-----
J=1.2e-02, ⟨Jf⟩=1.3e-03, ⟨B·n⟩=8.0e-03, Len=sum([4.8, 4.6, 4.2])=13.6, ϰ=[4.8, 5.4, 4.6], ∫ϰ²/L>=[4.8, 6.2, 6.2], C-C-Sep=0.20, ║∇J║=3.3e-03
-----On 8/20 Initial Guess Perturbations
Iteration 950/4500-----
J=1.2e-02, ⟨Jf⟩=1.3e-03, ⟨B·n⟩=8.1e-03, Len=sum([4.8, 4.6, 4.2])=13.6, ϰ=[4.8, 5.4, 4.6], ∫ϰ²/L>=[4.8, 6.2, 6.2], C-C-Sep=0.20, ║∇J║=2.6e-03
-----On 8/20 Initial Guess Perturbations
Iteration 951/4500-----
J=1.2e-02, ⟨Jf⟩=1.3e-03, ⟨B·n⟩=8.1e-03, Len=sum([4.8, 4.6, 4.2])=13.6, ϰ=[4.8, 5.4, 4.6], ∫ϰ²/L>=[4.8, 6.2, 6.2], C-C-Sep=0.20, ║∇J║=2.4e-03
-----On 8/20 Initial Guess Perturbations
Iteration 952/4500-----
J=1.2e-02, ⟨Jf⟩=1.3e-03, ⟨B·n⟩=8.0e-03, Len=sum([4.8, 4.6, 4.2])=13.6, ϰ=[4.8, 5.4, 4.6], ∫ϰ²/L>=[4.8, 6.2, 6.2], C-C-Sep=0.20, ║∇J║=2.9e-03
-----On 8/20 Initial Guess Perturbations
Iteration 953/4500-----
J=1.2e-02, ⟨Jf⟩=1.3e-03, ⟨B·n⟩=8.1e-03, Len=sum([4.8, 4.6, 4.2])=13.6, ϰ=[4.7, 5.4, 4.6], ∫ϰ²/L>=[4.8, 6.2, 6.2], C-C-Sep=0.20, ║∇J║=3.5e-03
-----On 8/20 Initial Guess Perturbations
Iteration 954/4500-----
J=1.2e-02, ⟨Jf⟩=1.3e-03, ⟨B·n⟩=8.0e-03, Len=sum([4.8, 4.6, 4.2])=13.6, ϰ=[4.7, 5.4, 4.6], ∫ϰ²/L>=[4.8, 6.2, 6.2], C-C-Sep=0.20, ║∇J║=3.1e-03
-----On 8/20 Initial Guess Perturbations
Iteration 955/4500-----
J=1.2e-02, ⟨Jf⟩=1.3e-03, ⟨B·n⟩=8.0e-03, Len=sum([4.8, 4.6, 4.2])=13.6, ϰ=[4.7, 5.4, 4.7], ∫ϰ²/L>=[4.8, 6.2, 6.2], C-C-Sep=0.20, ║∇J║=3.6e-03
-----On 8/20 Initial Guess Perturbations
Iteration 956/4500-----
J=1.2e-02, ⟨Jf⟩=1.3e-03, ⟨B·n⟩=8.0e-03, Len=sum([4.8, 4.6, 4.2])=13.6, ϰ=[4.7, 5.4, 4.7], ∫ϰ²/L>=[4.8, 6.2, 6.2], C-C-Sep=0.20, ║∇J║=3.2e-03
-----On 8/20 Initial Guess Perturbations
Iteration 957/4500-----
J=1.2e-02, ⟨Jf⟩=1.3e-03, ⟨B·n⟩=8.0e-03, Len=sum([4.8, 4.6, 4.2])=13.6, ϰ=[4.7, 5.4, 4.6], ∫ϰ²/L>=[4.8, 6.2, 6.2], C-C-Sep=0.20, ║∇J║=2.9e-03
-----On 8/20 Initial Guess Perturbations
Iteration 958/4500-----
J=1.2e-02, ⟨Jf⟩=1.3e-03, ⟨B·n⟩=8.0e-03, Len=sum([4.8, 4.6, 4.2])=13.6, ϰ=[4.7, 5.4, 4.6], ∫ϰ²/L>=[4.8, 6.2, 6.2], C-C-Sep=0.20, ║∇J║=3.1e-03
-----On 8/20 Initial Guess Perturbations
Iteration 959/4500-----
J=1.2e-02, ⟨Jf⟩=1.3e-03, ⟨B·n⟩=8.0e-03, Len=sum([4.8, 4.6, 4.2])=13.6, ϰ=[4.7, 5.4, 4.7], ∫ϰ²/L>=[4.8, 6.2, 6.3], C-C-Sep=0.20, ║∇J║=3.5e-03
-----On 8/20 Initial Guess Perturbations
Iteration 960/4500-----
J=1.2e-02, ⟨Jf⟩=1.3e-03, ⟨B·n⟩=8.0e-03, Len=sum([4.8, 4.6, 4.2])=13.6, ϰ=[4.7, 5.4, 4.7], ∫ϰ²/L>=[4.8, 6.2, 6.3], C-C-Sep=0.20, ║∇J║=4.4e-03
-----On 8/20 Initial Guess Perturbations
Iteration 961/4500-----
J=1.2e-02, ⟨Jf⟩=1.3e-03, ⟨B·n⟩=8.1e-03, Len=sum([4.8, 4.6, 4.2])=13.6, ϰ=[4.7, 5.4, 4.7], ∫ϰ²/L>=[4.8, 6.2, 6.3], C-C-Sep=0.20, ║∇J║=2.9e-03
-----On 8/20 Initial Guess Perturbations
Iteration 962/4500-----
J=1.2e-02, ⟨Jf⟩=1.3e-03, ⟨B·n⟩=8.0e-03, Len=sum([4.8, 4.6, 4.2])=13.6, ϰ=[4.7, 5.4, 4.8], ∫ϰ²/L>=[4.8, 6.2, 6.3], C-C-Sep=0.20, ║∇J║=4.1e-03
-----On 8/20 Initial Guess Perturbations
Iteration 963/4500-----
J=1.2e-02, ⟨Jf⟩=1.3e-03, ⟨B·n⟩=8.1e-03, Len=sum([4.8, 4.6, 4.2])=13.6, ϰ=[4.7, 5.4, 4.8], ∫ϰ²/L>=[4.8, 6.2, 6.3], C-C-Sep=0.20, ║∇J║=3.2e-03
-----On 8/20 Initial Guess Perturbations
Iteration 964/4500-----
J=1.2e-02, ⟨Jf⟩=1.3e-03, ⟨B·n⟩=8.1e-03, Len=sum([4.8, 4.6, 4.2])=13.6, ϰ=[4.7, 5.4, 4.7], ∫ϰ²/L>=[4.8, 6.2, 6.3], C-C-Sep=0.20, ║∇J║=3.1e-03
-----On 8/20 Initial Guess Perturbations
Iteration 965/4500-----
J=1.2e-02, ⟨Jf⟩=1.3e-03, ⟨B·n⟩=8.1e-03, Len=sum([4.8, 4.6, 4.2])=13.6, ϰ=[4.7, 5.4, 4.8], ∫ϰ²/L>=[4.8, 6.2, 6.3], C-C-Sep=0.20, ║∇J║=2.4e-03
-----On 8/20 Initial Guess Perturbations
Iteration 966/4500-----
J=1.2e-02, ⟨Jf⟩=1.3e-03, ⟨B·n⟩=8.1e-03, Len=sum([4.8, 4.6, 4.2])=13.6, ϰ=[4.7, 5.4, 4.8], ∫ϰ²/L>=[4.8, 6.2, 6.3], C-C-Sep=0.20, ║∇J║=2.3e-03
-----On 8/20 Initial Guess Perturbations
Iteration 967/4500-----
J=1.2e-02, ⟨Jf⟩=1.3e-03, ⟨B·n⟩=8.1e-03, Len=sum([4.8, 4.6, 4.2])=13.6, ϰ=[4.7, 5.4, 4.8], ∫ϰ²/L>=[4.8, 6.2, 6.3], C-C-Sep=0.20, ║∇J║=2.4e-03
-----On 8/20 Initial Guess Perturbations
Iteration 968/4500-----
J=1.2e-02, ⟨Jf⟩=1.3e-03, ⟨B·n⟩=8.1e-03, Len=sum([4.8, 4.6, 4.2])=13.6, ϰ=[4.7, 5.3, 4.8], ∫ϰ²/L>=[4.8, 6.2, 6.3], C-C-Sep=0.20, ║∇J║=2.8e-03
-----On 8/20 Initial Guess Perturbations
Iteration 969/4500-----
J=1.2e-02, ⟨Jf⟩=1.3e-03, ⟨B·n⟩=8.1e-03, Len=sum([4.8, 4.6, 4.2])=13.6, ϰ=[4.7, 5.4, 4.8], ∫ϰ²/L>=[4.8, 6.2, 6.3], C-C-Sep=0.20, ║∇J║=3.3e-03
-----On 8/20 Initial Guess Perturbations
Iteration 970/4500-----
J=1.2e-02, ⟨Jf⟩=1.3e-03, ⟨B·n⟩=8.1e-03, Len=sum([4.8, 4.6, 4.2])=13.6, ϰ=[4.7, 5.3, 4.8], ∫ϰ²/L>=[4.8, 6.2, 6.3], C-C-Sep=0.20, ║∇J║=3.3e-03
-----On 8/20 Initial Guess Perturbations
Iteration 971/4500-----
J=1.2e-02, ⟨Jf⟩=1.3e-03, ⟨B·n⟩=8.1e-03, Len=sum([4.8, 4.6, 4.2])=13.6, ϰ=[4.7, 5.3, 4.8], ∫ϰ²/L>=[4.8, 6.2, 6.3], C-C-Sep=0.20, ║∇J║=2.9e-03
-----On 8/20 Initial Guess Perturbations
Iteration 972/4500-----
J=1.2e-02, ⟨Jf⟩=1.3e-03, ⟨B·n⟩=8.1e-03, Len=sum([4.8, 4.6, 4.2])=13.6, ϰ=[4.7, 5.3, 4.8], ∫ϰ²/L>=[4.8, 6.2, 6.3], C-C-Sep=0.20, ║∇J║=3.0e-03
-----On 8/20 Initial Guess Perturbations
Iteration 973/4500-----
J=1.2e-02, ⟨Jf⟩=1.3e-03, ⟨B·n⟩=8.0e-03, Len=sum([4.8, 4.6, 4.2])=13.6, ϰ=[4.8, 5.2, 4.8], ∫ϰ²/L>=[4.8, 6.2, 6.3], C-C-Sep=0.20, ║∇J║=3.1e-03
-----On 8/20 Initial Guess Perturbations
Iteration 974/4500-----
J=1.2e-02, ⟨Jf⟩=1.3e-03, ⟨B·n⟩=8.0e-03, Len=sum([4.8, 4.6, 4.2])=13.6, ϰ=[4.9, 5.2, 4.7], ∫ϰ²/L>=[4.8, 6.2, 6.3], C-C-Sep=0.20, ║∇J║=2.5e-03
-----On 8/20 Initial Guess Perturbations
Iteration 975/4500-----
J=1.2e-02, ⟨Jf⟩=1.3e-03, ⟨B·n⟩=8.1e-03, Len=sum([4.8, 4.6, 4.2])=13.6, ϰ=[4.9, 5.2, 4.7], ∫ϰ²/L>=[4.8, 6.2, 6.3], C-C-Sep=0.20, ║∇J║=2.6e-03
-----On 8/20 Initial Guess Perturbations
Iteration 976/4500-----
J=1.2e-02, ⟨Jf⟩=1.3e-03, ⟨B·n⟩=8.0e-03, Len=sum([4.8, 4.6, 4.2])=13.6, ϰ=[4.9, 5.2, 4.6], ∫ϰ²/L>=[4.8, 6.2, 6.3], C-C-Sep=0.20, ║∇J║=2.9e-03
-----On 8/20 Initial Guess Perturbations
Iteration 977/4500-----
J=1.2e-02, ⟨Jf⟩=1.3e-03, ⟨B·n⟩=8.1e-03, Len=sum([4.8, 4.6, 4.2])=13.6, ϰ=[4.9, 5.2, 4.6], ∫ϰ²/L>=[4.8, 6.2, 6.3], C-C-Sep=0.20, ║∇J║=2.8e-03
-----On 8/20 Initial Guess Perturbations
Iteration 978/4500-----
J=1.2e-02, ⟨Jf⟩=1.3e-03, ⟨B·n⟩=8.0e-03, Len=sum([4.8, 4.6, 4.2])=13.6, ϰ=[4.9, 5.2, 4.6], ∫ϰ²/L>=[4.8, 6.2, 6.3], C-C-Sep=0.20, ║∇J║=2.3e-03
-----On 8/20 Initial Guess Perturbations
Iteration 979/4500-----
J=1.2e-02, ⟨Jf⟩=1.3e-03, ⟨B·n⟩=8.1e-03, Len=sum([4.8, 4.6, 4.2])=13.6, ϰ=[4.9, 5.2, 4.6], ∫ϰ²/L>=[4.8, 6.2, 6.3], C-C-Sep=0.20, ║∇J║=2.7e-03
-----On 8/20 Initial Guess Perturbations
Iteration 980/4500-----
J=1.2e-02, ⟨Jf⟩=1.3e-03, ⟨B·n⟩=8.1e-03, Len=sum([4.8, 4.6, 4.2])=13.6, ϰ=[4.9, 5.2, 4.6], ∫ϰ²/L>=[4.8, 6.2, 6.3], C-C-Sep=0.20, ║∇J║=2.6e-03
-----On 8/20 Initial Guess Perturbations
Iteration 981/4500-----
J=1.2e-02, ⟨Jf⟩=1.3e-03, ⟨B·n⟩=8.1e-03, Len=sum([4.8, 4.6, 4.2])=13.6, ϰ=[5.0, 5.2, 4.6], ∫ϰ²/L>=[4.8, 6.2, 6.3], C-C-Sep=0.20, ║∇J║=2.8e-03
-----On 8/20 Initial Guess Perturbations
Iteration 982/4500-----
J=1.2e-02, ⟨Jf⟩=1.3e-03, ⟨B·n⟩=8.1e-03, Len=sum([4.8, 4.6, 4.2])=13.6, ϰ=[5.0, 5.2, 4.6], ∫ϰ²/L>=[4.8, 6.2, 6.3], C-C-Sep=0.20, ║∇J║=2.5e-03
-----On 8/20 Initial Guess Perturbations
Iteration 983/4500-----
J=1.2e-02, ⟨Jf⟩=1.3e-03, ⟨B·n⟩=8.1e-03, Len=sum([4.8, 4.6, 4.2])=13.6, ϰ=[5.0, 5.2, 4.6], ∫ϰ²/L>=[4.8, 6.2, 6.3], C-C-Sep=0.20, ║∇J║=3.1e-03
-----On 8/20 Initial Guess Perturbations
Iteration 984/4500-----
J=1.2e-02, ⟨Jf⟩=1.3e-03, ⟨B·n⟩=8.1e-03, Len=sum([4.8, 4.6, 4.2])=13.6, ϰ=[5.0, 5.2, 4.5], ∫ϰ²/L>=[4.8, 6.2, 6.3], C-C-Sep=0.20, ║∇J║=2.9e-03
-----On 8/20 Initial Guess Perturbations
Iteration 985/4500-----
J=1.2e-02, ⟨Jf⟩=1.3e-03, ⟨B·n⟩=8.1e-03, Len=sum([4.8, 4.6, 4.2])=13.6, ϰ=[5.0, 5.2, 4.5], ∫ϰ²/L>=[4.8, 6.2, 6.3], C-C-Sep=0.20, ║∇J║=2.4e-03
-----On 8/20 Initial Guess Perturbations
Iteration 986/4500-----
J=1.2e-02, ⟨Jf⟩=1.3e-03, ⟨B·n⟩=8.1e-03, Len=sum([4.8, 4.6, 4.2])=13.6, ϰ=[5.0, 5.2, 4.6], ∫ϰ²/L>=[4.8, 6.2, 6.3], C-C-Sep=0.20, ║∇J║=2.4e-03
-----On 8/20 Initial Guess Perturbations
Iteration 987/4500-----
J=1.2e-02, ⟨Jf⟩=1.3e-03, ⟨B·n⟩=8.1e-03, Len=sum([4.8, 4.6, 4.2])=13.6, ϰ=[5.0, 5.2, 4.6], ∫ϰ²/L>=[4.8, 6.2, 6.3], C-C-Sep=0.20, ║∇J║=2.7e-03
-----On 8/20 Initial Guess Perturbations
Iteration 988/4500-----
J=1.2e-02, ⟨Jf⟩=1.3e-03, ⟨B·n⟩=8.1e-03, Len=sum([4.8, 4.6, 4.2])=13.6, ϰ=[5.0, 5.2, 4.6], ∫ϰ²/L>=[4.8, 6.2, 6.3], C-C-Sep=0.20, ║∇J║=2.8e-03
-----On 8/20 Initial Guess Perturbations
Iteration 989/4500-----
J=1.2e-02, ⟨Jf⟩=1.3e-03, ⟨B·n⟩=8.1e-03, Len=sum([4.8, 4.6, 4.2])=13.6, ϰ=[5.0, 5.2, 4.6], ∫ϰ²/L>=[4.8, 6.2, 6.3], C-C-Sep=0.20, ║∇J║=3.0e-03
-----On 8/20 Initial Guess Perturbations
Iteration 990/4500-----
J=1.2e-02, ⟨Jf⟩=1.3e-03, ⟨B·n⟩=8.1e-03, Len=sum([4.8, 4.6, 4.2])=13.6, ϰ=[5.0, 5.2, 4.6], ∫ϰ²/L>=[4.8, 6.2, 6.3], C-C-Sep=0.20, ║∇J║=2.5e-03
-----On 8/20 Initial Guess Perturbations
Iteration 991/4500-----
J=1.2e-02, ⟨Jf⟩=1.3e-03, ⟨B·n⟩=8.1e-03, Len=sum([4.8, 4.6, 4.2])=13.6, ϰ=[5.0, 5.2, 4.6], ∫ϰ²/L>=[4.8, 6.2, 6.3], C-C-Sep=0.20, ║∇J║=3.0e-03
-----On 8/20 Initial Guess Perturbations
Iteration 992/4500-----
J=1.2e-02, ⟨Jf⟩=1.2e-03, ⟨B·n⟩=8.0e-03, Len=sum([4.8, 4.6, 4.2])=13.6, ϰ=[5.1, 5.2, 4.6], ∫ϰ²/L>=[4.8, 6.2, 6.3], C-C-Sep=0.20, ║∇J║=2.4e-03
-----On 8/20 Initial Guess Perturbations
Iteration 993/4500-----
J=1.2e-02, ⟨Jf⟩=1.2e-03, ⟨B·n⟩=8.0e-03, Len=sum([4.8, 4.6, 4.2])=13.6, ϰ=[5.1, 5.3, 4.6], ∫ϰ²/L>=[4.8, 6.2, 6.3], C-C-Sep=0.20, ║∇J║=2.4e-03
-----On 8/20 Initial Guess Perturbations
Iteration 994/4500-----
J=1.2e-02, ⟨Jf⟩=1.2e-03, ⟨B·n⟩=8.0e-03, Len=sum([4.8, 4.6, 4.2])=13.6, ϰ=[5.1, 5.3, 4.6], ∫ϰ²/L>=[4.8, 6.2, 6.3], C-C-Sep=0.20, ║∇J║=2.6e-03
-----On 8/20 Initial Guess Perturbations
Iteration 995/4500-----
J=1.2e-02, ⟨Jf⟩=1.2e-03, ⟨B·n⟩=8.0e-03, Len=sum([4.8, 4.6, 4.2])=13.6, ϰ=[5.1, 5.3, 4.6], ∫ϰ²/L>=[4.8, 6.2, 6.3], C-C-Sep=0.20, ║∇J║=2.3e-03
-----On 8/20 Initial Guess Perturbations
Iteration 996/4500-----
J=1.2e-02, ⟨Jf⟩=1.2e-03, ⟨B·n⟩=8.0e-03, Len=sum([4.8, 4.6, 4.2])=13.6, ϰ=[5.1, 5.3, 4.6], ∫ϰ²/L>=[4.8, 6.2, 6.3], C-C-Sep=0.20, ║∇J║=2.0e-03
-----On 8/20 Initial Guess Perturbations
Iteration 997/4500-----
J=1.2e-02, ⟨Jf⟩=1.2e-03, ⟨B·n⟩=8.0e-03, Len=sum([4.8, 4.6, 4.2])=13.6, ϰ=[5.1, 5.3, 4.6], ∫ϰ²/L>=[4.8, 6.2, 6.3], C-C-Sep=0.20, ║∇J║=2.2e-03
-----On 8/20 Initial Guess Perturbations
Iteration 998/4500-----
J=1.2e-02, ⟨Jf⟩=1.2e-03, ⟨B·n⟩=8.0e-03, Len=sum([4.8, 4.6, 4.2])=13.6, ϰ=[5.1, 5.3, 4.7], ∫ϰ²/L>=[4.8, 6.2, 6.3], C-C-Sep=0.20, ║∇J║=2.8e-03
-----On 8/20 Initial Guess Perturbations
Iteration 999/4500-----
J=1.2e-02, ⟨Jf⟩=1.2e-03, ⟨B·n⟩=8.0e-03, Len=sum([4.8, 4.6, 4.2])=13.6, ϰ=[5.1, 5.3, 4.7], ∫ϰ²/L>=[4.8, 6.2, 6.3], C-C-Sep=0.20, ║∇J║=2.8e-03
-----On 8/20 Initial Guess Perturbations
Iteration 1000/4500-----
J=1.2e-02, ⟨Jf⟩=1.2e-03, ⟨B·n⟩=8.0e-03, Len=sum([4.8, 4.6, 4.2])=13.6, ϰ=[5.1, 5.3, 4.7], ∫ϰ²/L>=[4.8, 6.2, 6.3], C-C-Sep=0.20, ║∇J║=3.8e-03
-----On 8/20 Initial Guess Perturbations
Iteration 1001/4500-----
J=1.2e-02, ⟨Jf⟩=1.2e-03, ⟨B·n⟩=8.0e-03, Len=sum([4.8, 4.6, 4.2])=13.6, ϰ=[5.1, 5.3, 4.8], ∫ϰ²/L>=[4.8, 6.2, 6.3], C-C-Sep=0.20, ║∇J║=3.2e-03
-----On 8/20 Initial Guess Perturbations
Iteration 1002/4500-----
J=1.2e-02, ⟨Jf⟩=1.2e-03, ⟨B·n⟩=8.0e-03, Len=sum([4.8, 4.6, 4.2])=13.6, ϰ=[5.1, 5.3, 4.8], ∫ϰ²/L>=[4.8, 6.2, 6.3], C-C-Sep=0.20, ║∇J║=2.6e-03
-----On 8/20 Initial Guess Perturbations
Iteration 1003/4500-----
J=1.2e-02, ⟨Jf⟩=1.2e-03, ⟨B·n⟩=8.0e-03, Len=sum([4.8, 4.6, 4.2])=13.6, ϰ=[5.1, 5.3, 4.8], ∫ϰ²/L>=[4.8, 6.2, 6.3], C-C-Sep=0.20, ║∇J║=2.4e-03
-----On 8/20 Initial Guess Perturbations
Iteration 1004/4500-----
J=1.2e-02, ⟨Jf⟩=1.2e-03, ⟨B·n⟩=8.0e-03, Len=sum([4.8, 4.6, 4.2])=13.6, ϰ=[5.0, 5.3, 4.8], ∫ϰ²/L>=[4.8, 6.2, 6.3], C-C-Sep=0.20, ║∇J║=2.3e-03
-----On 8/20 Initial Guess Perturbations
Iteration 1005/4500-----
J=1.2e-02, ⟨Jf⟩=1.2e-03, ⟨B·n⟩=8.0e-03, Len=sum([4.8, 4.6, 4.2])=13.6, ϰ=[5.1, 5.3, 4.8], ∫ϰ²/L>=[4.8, 6.2, 6.3], C-C-Sep=0.20, ║∇J║=3.1e-03
-----On 8/20 Initial Guess Perturbations
Iteration 1006/4500-----
J=1.2e-02, ⟨Jf⟩=1.2e-03, ⟨B·n⟩=8.0e-03, Len=sum([4.8, 4.6, 4.2])=13.6, ϰ=[5.1, 5.3, 4.8], ∫ϰ²/L>=[4.8, 6.2, 6.3], C-C-Sep=0.20, ║∇J║=2.7e-03
-----On 8/20 Initial Guess Perturbations
Iteration 1007/4500-----
J=1.2e-02, ⟨Jf⟩=1.2e-03, ⟨B·n⟩=8.0e-03, Len=sum([4.8, 4.6, 4.2])=13.6, ϰ=[5.1, 5.3, 4.8], ∫ϰ²/L>=[4.8, 6.2, 6.3], C-C-Sep=0.20, ║∇J║=2.7e-03
-----On 8/20 Initial Guess Perturbations
Iteration 1008/4500-----
J=1.2e-02, ⟨Jf⟩=1.2e-03, ⟨B·n⟩=8.0e-03, Len=sum([4.8, 4.6, 4.2])=13.6, ϰ=[5.1, 5.3, 4.8], ∫ϰ²/L>=[4.8, 6.2, 6.3], C-C-Sep=0.20, ║∇J║=2.1e-03
-----On 8/20 Initial Guess Perturbations
Iteration 1009/4500-----
J=1.2e-02, ⟨Jf⟩=1.2e-03, ⟨B·n⟩=8.0e-03, Len=sum([4.8, 4.6, 4.2])=13.6, ϰ=[5.1, 5.3, 4.7], ∫ϰ²/L>=[4.8, 6.2, 6.3], C-C-Sep=0.20, ║∇J║=2.4e-03
-----On 8/20 Initial Guess Perturbations
Iteration 1010/4500-----
J=1.2e-02, ⟨Jf⟩=1.2e-03, ⟨B·n⟩=8.0e-03, Len=sum([4.8, 4.6, 4.2])=13.6, ϰ=[5.1, 5.3, 4.7], ∫ϰ²/L>=[4.8, 6.2, 6.3], C-C-Sep=0.20, ║∇J║=2.7e-03
-----On 8/20 Initial Guess Perturbations
Iteration 1011/4500-----
J=1.2e-02, ⟨Jf⟩=1.2e-03, ⟨B·n⟩=8.0e-03, Len=sum([4.8, 4.6, 4.2])=13.6, ϰ=[5.1, 5.4, 4.7], ∫ϰ²/L>=[4.8, 6.2, 6.3], C-C-Sep=0.20, ║∇J║=2.5e-03
-----On 8/20 Initial Guess Perturbations
Iteration 1012/4500-----
J=1.2e-02, ⟨Jf⟩=1.2e-03, ⟨B·n⟩=8.1e-03, Len=sum([4.8, 4.6, 4.2])=13.6, ϰ=[5.1, 5.4, 4.7], ∫ϰ²/L>=[4.8, 6.2, 6.3], C-C-Sep=0.20, ║∇J║=3.1e-03
-----On 8/20 Initial Guess Perturbations
Iteration 1013/4500-----
J=1.2e-02, ⟨Jf⟩=1.2e-03, ⟨B·n⟩=8.0e-03, Len=sum([4.8, 4.6, 4.2])=13.6, ϰ=[5.1, 5.4, 4.7], ∫ϰ²/L>=[4.8, 6.2, 6.3], C-C-Sep=0.20, ║∇J║=3.2e-03
-----On 8/20 Initial Guess Perturbations
Iteration 1014/4500-----
J=1.2e-02, ⟨Jf⟩=1.2e-03, ⟨B·n⟩=8.1e-03, Len=sum([4.8, 4.6, 4.2])=13.6, ϰ=[5.1, 5.3, 4.7], ∫ϰ²/L>=[4.8, 6.2, 6.3], C-C-Sep=0.20, ║∇J║=3.8e-03
-----On 8/20 Initial Guess Perturbations
Iteration 1015/4500-----
J=1.2e-02, ⟨Jf⟩=1.2e-03, ⟨B·n⟩=8.0e-03, Len=sum([4.8, 4.6, 4.2])=13.6, ϰ=[5.1, 5.4, 4.6], ∫ϰ²/L>=[4.8, 6.2, 6.3], C-C-Sep=0.20, ║∇J║=3.6e-03
-----On 8/20 Initial Guess Perturbations
Iteration 1016/4500-----
J=1.2e-02, ⟨Jf⟩=1.2e-03, ⟨B·n⟩=8.0e-03, Len=sum([4.8, 4.6, 4.2])=13.6, ϰ=[5.1, 5.4, 4.6], ∫ϰ²/L>=[4.8, 6.2, 6.3], C-C-Sep=0.20, ║∇J║=2.5e-03
-----On 8/20 Initial Guess Perturbations
Iteration 1017/4500-----
J=1.2e-02, ⟨Jf⟩=1.2e-03, ⟨B·n⟩=8.0e-03, Len=sum([4.8, 4.6, 4.2])=13.6, ϰ=[5.1, 5.4, 4.6], ∫ϰ²/L>=[4.8, 6.2, 6.3], C-C-Sep=0.20, ║∇J║=2.0e-03
-----On 8/20 Initial Guess Perturbations
Iteration 1018/4500-----
J=1.2e-02, ⟨Jf⟩=1.2e-03, ⟨B·n⟩=8.0e-03, Len=sum([4.8, 4.6, 4.2])=13.6, ϰ=[5.0, 5.4, 4.6], ∫ϰ²/L>=[4.8, 6.2, 6.3], C-C-Sep=0.20, ║∇J║=2.1e-03
-----On 8/20 Initial Guess Perturbations
Iteration 1019/4500-----
J=1.2e-02, ⟨Jf⟩=1.2e-03, ⟨B·n⟩=8.0e-03, Len=sum([4.8, 4.6, 4.2])=13.6, ϰ=[5.0, 5.4, 4.5], ∫ϰ²/L>=[4.8, 6.2, 6.3], C-C-Sep=0.20, ║∇J║=2.6e-03
-----On 8/20 Initial Guess Perturbations
Iteration 1020/4500-----
J=1.2e-02, ⟨Jf⟩=1.2e-03, ⟨B·n⟩=8.0e-03, Len=sum([4.8, 4.6, 4.2])=13.6, ϰ=[5.0, 5.4, 4.5], ∫ϰ²/L>=[4.8, 6.2, 6.3], C-C-Sep=0.20, ║∇J║=2.5e-03
-----On 8/20 Initial Guess Perturbations
Iteration 1021/4500-----
J=1.2e-02, ⟨Jf⟩=1.2e-03, ⟨B·n⟩=8.1e-03, Len=sum([4.8, 4.6, 4.2])=13.6, ϰ=[5.0, 5.4, 4.5], ∫ϰ²/L>=[4.8, 6.2, 6.3], C-C-Sep=0.20, ║∇J║=2.5e-03
-----On 8/20 Initial Guess Perturbations
Iteration 1022/4500-----
J=1.2e-02, ⟨Jf⟩=1.2e-03, ⟨B·n⟩=8.1e-03, Len=sum([4.8, 4.6, 4.2])=13.6, ϰ=[5.0, 5.5, 4.6], ∫ϰ²/L>=[4.8, 6.2, 6.3], C-C-Sep=0.20, ║∇J║=3.0e-03
-----On 8/20 Initial Guess Perturbations
Iteration 1023/4500-----
J=1.2e-02, ⟨Jf⟩=1.2e-03, ⟨B·n⟩=8.1e-03, Len=sum([4.8, 4.6, 4.2])=13.6, ϰ=[5.0, 5.4, 4.6], ∫ϰ²/L>=[4.8, 6.2, 6.3], C-C-Sep=0.20, ║∇J║=3.3e-03
-----On 8/20 Initial Guess Perturbations
Iteration 1024/4500-----
J=1.2e-02, ⟨Jf⟩=1.2e-03, ⟨B·n⟩=8.1e-03, Len=sum([4.8, 4.6, 4.2])=13.6, ϰ=[5.0, 5.4, 4.6], ∫ϰ²/L>=[4.8, 6.1, 6.3], C-C-Sep=0.20, ║∇J║=2.9e-03
-----On 8/20 Initial Guess Perturbations
Iteration 1025/4500-----
J=1.2e-02, ⟨Jf⟩=1.2e-03, ⟨B·n⟩=8.0e-03, Len=sum([4.8, 4.6, 4.2])=13.6, ϰ=[4.9, 5.4, 4.6], ∫ϰ²/L>=[4.8, 6.1, 6.3], C-C-Sep=0.20, ║∇J║=2.8e-03
-----On 8/20 Initial Guess Perturbations
Iteration 1026/4500-----
J=1.2e-02, ⟨Jf⟩=1.2e-03, ⟨B·n⟩=8.0e-03, Len=sum([4.8, 4.6, 4.2])=13.6, ϰ=[4.9, 5.4, 4.6], ∫ϰ²/L>=[4.8, 6.1, 6.3], C-C-Sep=0.20, ║∇J║=3.5e-03
-----On 8/20 Initial Guess Perturbations
Iteration 1027/4500-----
J=1.2e-02, ⟨Jf⟩=1.2e-03, ⟨B·n⟩=8.0e-03, Len=sum([4.8, 4.6, 4.2])=13.6, ϰ=[4.9, 5.4, 4.7], ∫ϰ²/L>=[4.8, 6.1, 6.3], C-C-Sep=0.20, ║∇J║=3.2e-03
-----On 8/20 Initial Guess Perturbations
Iteration 1028/4500-----
J=1.2e-02, ⟨Jf⟩=1.2e-03, ⟨B·n⟩=8.0e-03, Len=sum([4.8, 4.6, 4.2])=13.6, ϰ=[4.9, 5.3, 4.6], ∫ϰ²/L>=[4.8, 6.1, 6.3], C-C-Sep=0.20, ║∇J║=3.9e-03
-----On 8/20 Initial Guess Perturbations
Iteration 1029/4500-----
J=1.2e-02, ⟨Jf⟩=1.2e-03, ⟨B·n⟩=8.0e-03, Len=sum([4.8, 4.6, 4.2])=13.6, ϰ=[4.9, 5.3, 4.6], ∫ϰ²/L>=[4.8, 6.1, 6.3], C-C-Sep=0.20, ║∇J║=3.0e-03
-----On 8/20 Initial Guess Perturbations
Iteration 1030/4500-----
J=1.2e-02, ⟨Jf⟩=1.2e-03, ⟨B·n⟩=8.0e-03, Len=sum([4.8, 4.6, 4.2])=13.6, ϰ=[4.9, 5.3, 4.6], ∫ϰ²/L>=[4.8, 6.1, 6.3], C-C-Sep=0.20, ║∇J║=2.4e-03
-----On 8/20 Initial Guess Perturbations
Iteration 1031/4500-----
J=1.2e-02, ⟨Jf⟩=1.2e-03, ⟨B·n⟩=8.0e-03, Len=sum([4.8, 4.6, 4.2])=13.6, ϰ=[4.9, 5.3, 4.6], ∫ϰ²/L>=[4.8, 6.1, 6.3], C-C-Sep=0.20, ║∇J║=2.5e-03
-----On 8/20 Initial Guess Perturbations
Iteration 1032/4500-----
J=1.2e-02, ⟨Jf⟩=1.2e-03, ⟨B·n⟩=8.0e-03, Len=sum([4.8, 4.6, 4.2])=13.6, ϰ=[4.9, 5.2, 4.6], ∫ϰ²/L>=[4.8, 6.1, 6.3], C-C-Sep=0.20, ║∇J║=3.3e-03
-----On 8/20 Initial Guess Perturbations
Iteration 1033/4500-----
J=1.2e-02, ⟨Jf⟩=1.2e-03, ⟨B·n⟩=8.0e-03, Len=sum([4.8, 4.6, 4.2])=13.6, ϰ=[4.9, 5.2, 4.5], ∫ϰ²/L>=[4.8, 6.1, 6.3], C-C-Sep=0.20, ║∇J║=3.1e-03
-----On 8/20 Initial Guess Perturbations
Iteration 1034/4500-----
J=1.2e-02, ⟨Jf⟩=1.2e-03, ⟨B·n⟩=8.0e-03, Len=sum([4.8, 4.6, 4.2])=13.6, ϰ=[4.9, 5.2, 4.5], ∫ϰ²/L>=[4.8, 6.1, 6.3], C-C-Sep=0.20, ║∇J║=2.5e-03
-----On 8/20 Initial Guess Perturbations
Iteration 1035/4500-----
J=1.2e-02, ⟨Jf⟩=1.2e-03, ⟨B·n⟩=8.0e-03, Len=sum([4.8, 4.6, 4.2])=13.6, ϰ=[4.9, 5.2, 4.5], ∫ϰ²/L>=[4.8, 6.1, 6.3], C-C-Sep=0.20, ║∇J║=2.1e-03
-----On 8/20 Initial Guess Perturbations
Iteration 1036/4500-----
J=1.2e-02, ⟨Jf⟩=1.2e-03, ⟨B·n⟩=8.1e-03, Len=sum([4.8, 4.6, 4.2])=13.6, ϰ=[4.9, 5.1, 4.5], ∫ϰ²/L>=[4.8, 6.1, 6.3], C-C-Sep=0.20, ║∇J║=2.5e-03
-----On 8/20 Initial Guess Perturbations
Iteration 1037/4500-----
J=1.2e-02, ⟨Jf⟩=1.2e-03, ⟨B·n⟩=8.1e-03, Len=sum([4.8, 4.6, 4.2])=13.6, ϰ=[4.9, 5.1, 4.6], ∫ϰ²/L>=[4.8, 6.1, 6.3], C-C-Sep=0.20, ║∇J║=2.8e-03
-----On 8/20 Initial Guess Perturbations
Iteration 1038/4500-----
J=1.2e-02, ⟨Jf⟩=1.2e-03, ⟨B·n⟩=8.1e-03, Len=sum([4.8, 4.6, 4.2])=13.6, ϰ=[4.9, 5.1, 4.5], ∫ϰ²/L>=[4.8, 6.1, 6.3], C-C-Sep=0.20, ║∇J║=3.1e-03
-----On 8/20 Initial Guess Perturbations
Iteration 1039/4500-----
J=1.2e-02, ⟨Jf⟩=1.2e-03, ⟨B·n⟩=8.1e-03, Len=sum([4.8, 4.6, 4.2])=13.6, ϰ=[4.8, 5.1, 4.5], ∫ϰ²/L>=[4.8, 6.1, 6.3], C-C-Sep=0.20, ║∇J║=2.8e-03
-----On 8/20 Initial Guess Perturbations
Iteration 1040/4500-----
J=1.2e-02, ⟨Jf⟩=1.2e-03, ⟨B·n⟩=8.1e-03, Len=sum([4.8, 4.6, 4.2])=13.6, ϰ=[4.8, 5.0, 4.5], ∫ϰ²/L>=[4.8, 6.1, 6.3], C-C-Sep=0.20, ║∇J║=2.7e-03
-----On 8/20 Initial Guess Perturbations
Iteration 1041/4500-----
J=1.2e-02, ⟨Jf⟩=1.2e-03, ⟨B·n⟩=8.1e-03, Len=sum([4.8, 4.6, 4.2])=13.6, ϰ=[4.8, 5.1, 4.5], ∫ϰ²/L>=[4.8, 6.1, 6.3], C-C-Sep=0.20, ║∇J║=3.1e-03
-----On 8/20 Initial Guess Perturbations
Iteration 1042/4500-----
J=1.2e-02, ⟨Jf⟩=1.2e-03, ⟨B·n⟩=8.1e-03, Len=sum([4.8, 4.6, 4.2])=13.6, ϰ=[4.8, 5.0, 4.6], ∫ϰ²/L>=[4.8, 6.1, 6.3], C-C-Sep=0.20, ║∇J║=3.6e-03
-----On 8/20 Initial Guess Perturbations
Iteration 1043/4500-----
J=1.2e-02, ⟨Jf⟩=1.2e-03, ⟨B·n⟩=8.1e-03, Len=sum([4.8, 4.6, 4.2])=13.6, ϰ=[4.8, 5.0, 4.6], ∫ϰ²/L>=[4.8, 6.1, 6.3], C-C-Sep=0.20, ║∇J║=5.0e-03
-----On 8/20 Initial Guess Perturbations
Iteration 1044/4500-----
J=1.2e-02, ⟨Jf⟩=1.2e-03, ⟨B·n⟩=8.1e-03, Len=sum([4.8, 4.6, 4.2])=13.6, ϰ=[4.8, 5.0, 4.5], ∫ϰ²/L>=[4.8, 6.1, 6.3], C-C-Sep=0.20, ║∇J║=3.5e-03
-----On 8/20 Initial Guess Perturbations
Iteration 1045/4500-----
J=1.2e-02, ⟨Jf⟩=1.2e-03, ⟨B·n⟩=8.1e-03, Len=sum([4.8, 4.6, 4.2])=13.6, ϰ=[4.8, 5.0, 4.5], ∫ϰ²/L>=[4.8, 6.1, 6.3], C-C-Sep=0.20, ║∇J║=2.7e-03
-----On 8/20 Initial Guess Perturbations
Iteration 1046/4500-----
J=1.2e-02, ⟨Jf⟩=1.2e-03, ⟨B·n⟩=8.1e-03, Len=sum([4.8, 4.6, 4.2])=13.6, ϰ=[4.8, 5.0, 4.5], ∫ϰ²/L>=[4.8, 6.1, 6.3], C-C-Sep=0.20, ║∇J║=2.4e-03
-----On 8/20 Initial Guess Perturbations
Iteration 1047/4500-----
J=1.2e-02, ⟨Jf⟩=1.2e-03, ⟨B·n⟩=8.1e-03, Len=sum([4.8, 4.6, 4.2])=13.6, ϰ=[4.8, 5.0, 4.5], ∫ϰ²/L>=[4.8, 6.1, 6.3], C-C-Sep=0.20, ║∇J║=3.2e-03
-----On 8/20 Initial Guess Perturbations
Iteration 1048/4500-----
J=1.2e-02, ⟨Jf⟩=1.2e-03, ⟨B·n⟩=8.1e-03, Len=sum([4.8, 4.6, 4.2])=13.6, ϰ=[4.8, 5.1, 4.5], ∫ϰ²/L>=[4.8, 6.1, 6.3], C-C-Sep=0.20, ║∇J║=2.8e-03
-----On 8/20 Initial Guess Perturbations
Iteration 1049/4500-----
J=1.2e-02, ⟨Jf⟩=1.2e-03, ⟨B·n⟩=8.1e-03, Len=sum([4.8, 4.6, 4.2])=13.6, ϰ=[4.8, 5.1, 4.4], ∫ϰ²/L>=[4.8, 6.1, 6.3], C-C-Sep=0.20, ║∇J║=2.7e-03
-----On 8/20 Initial Guess Perturbations
Iteration 1050/4500-----
J=1.2e-02, ⟨Jf⟩=1.2e-03, ⟨B·n⟩=8.1e-03, Len=sum([4.8, 4.6, 4.2])=13.6, ϰ=[4.8, 5.1, 4.4], ∫ϰ²/L>=[4.8, 6.1, 6.3], C-C-Sep=0.20, ║∇J║=3.0e-03
-----On 8/20 Initial Guess Perturbations
Iteration 1051/4500-----
J=1.2e-02, ⟨Jf⟩=1.2e-03, ⟨B·n⟩=8.1e-03, Len=sum([4.8, 4.6, 4.2])=13.6, ϰ=[4.8, 5.2, 4.4], ∫ϰ²/L>=[4.8, 6.1, 6.3], C-C-Sep=0.20, ║∇J║=3.7e-03
-----On 8/20 Initial Guess Perturbations
Iteration 1052/4500-----
J=1.2e-02, ⟨Jf⟩=1.2e-03, ⟨B·n⟩=8.1e-03, Len=sum([4.8, 4.6, 4.2])=13.6, ϰ=[4.8, 5.2, 4.5], ∫ϰ²/L>=[4.8, 6.1, 6.3], C-C-Sep=0.20, ║∇J║=3.4e-03
-----On 8/20 Initial Guess Perturbations
Iteration 1053/4500-----
J=1.2e-02, ⟨Jf⟩=1.2e-03, ⟨B·n⟩=8.1e-03, Len=sum([4.8, 4.6, 4.2])=13.6, ϰ=[4.8, 5.2, 4.5], ∫ϰ²/L>=[4.8, 6.1, 6.3], C-C-Sep=0.20, ║∇J║=3.6e-03
-----On 8/20 Initial Guess Perturbations
Iteration 1054/4500-----
J=1.2e-02, ⟨Jf⟩=1.2e-03, ⟨B·n⟩=8.1e-03, Len=sum([4.8, 4.6, 4.2])=13.6, ϰ=[4.8, 5.2, 4.5], ∫ϰ²/L>=[4.8, 6.1, 6.3], C-C-Sep=0.20, ║∇J║=3.6e-03
-----On 8/20 Initial Guess Perturbations
Iteration 1055/4500-----
J=1.2e-02, ⟨Jf⟩=1.2e-03, ⟨B·n⟩=8.1e-03, Len=sum([4.8, 4.6, 4.2])=13.6, ϰ=[4.8, 5.2, 4.5], ∫ϰ²/L>=[4.7, 6.1, 6.3], C-C-Sep=0.20, ║∇J║=3.3e-03
-----On 8/20 Initial Guess Perturbations
Iteration 1056/4500-----
J=1.2e-02, ⟨Jf⟩=1.2e-03, ⟨B·n⟩=8.1e-03, Len=sum([4.8, 4.6, 4.2])=13.6, ϰ=[4.8, 5.2, 4.6], ∫ϰ²/L>=[4.7, 6.2, 6.3], C-C-Sep=0.20, ║∇J║=4.1e-03
-----On 8/20 Initial Guess Perturbations
Iteration 1057/4500-----
J=1.2e-02, ⟨Jf⟩=1.2e-03, ⟨B·n⟩=8.1e-03, Len=sum([4.8, 4.6, 4.2])=13.6, ϰ=[4.8, 5.2, 4.6], ∫ϰ²/L>=[4.7, 6.1, 6.2], C-C-Sep=0.20, ║∇J║=3.5e-03
-----On 8/20 Initial Guess Perturbations
Iteration 1058/4500-----
J=1.2e-02, ⟨Jf⟩=1.2e-03, ⟨B·n⟩=8.1e-03, Len=sum([4.8, 4.6, 4.2])=13.6, ϰ=[4.8, 5.2, 4.6], ∫ϰ²/L>=[4.7, 6.1, 6.2], C-C-Sep=0.20, ║∇J║=3.6e-03
-----On 8/20 Initial Guess Perturbations
Iteration 1059/4500-----
J=1.2e-02, ⟨Jf⟩=1.2e-03, ⟨B·n⟩=8.1e-03, Len=sum([4.8, 4.6, 4.2])=13.6, ϰ=[4.7, 5.2, 4.6], ∫ϰ²/L>=[4.7, 6.2, 6.2], C-C-Sep=0.20, ║∇J║=3.0e-03
-----On 8/20 Initial Guess Perturbations
Iteration 1060/4500-----
J=1.2e-02, ⟨Jf⟩=1.2e-03, ⟨B·n⟩=8.1e-03, Len=sum([4.8, 4.6, 4.2])=13.6, ϰ=[4.7, 5.2, 4.6], ∫ϰ²/L>=[4.7, 6.2, 6.2], C-C-Sep=0.20, ║∇J║=3.1e-03
-----On 8/20 Initial Guess Perturbations
Iteration 1061/4500-----
J=1.2e-02, ⟨Jf⟩=1.2e-03, ⟨B·n⟩=8.1e-03, Len=sum([4.8, 4.6, 4.2])=13.6, ϰ=[4.7, 5.1, 4.6], ∫ϰ²/L>=[4.7, 6.2, 6.2], C-C-Sep=0.20, ║∇J║=2.7e-03
-----On 8/20 Initial Guess Perturbations
Iteration 1062/4500-----
J=1.2e-02, ⟨Jf⟩=1.2e-03, ⟨B·n⟩=8.1e-03, Len=sum([4.8, 4.6, 4.2])=13.6, ϰ=[4.7, 5.2, 4.6], ∫ϰ²/L>=[4.7, 6.2, 6.2], C-C-Sep=0.20, ║∇J║=3.4e-03
-----On 8/20 Initial Guess Perturbations
Iteration 1063/4500-----
J=1.2e-02, ⟨Jf⟩=1.2e-03, ⟨B·n⟩=8.1e-03, Len=sum([4.8, 4.6, 4.2])=13.6, ϰ=[4.7, 5.2, 4.6], ∫ϰ²/L>=[4.7, 6.2, 6.2], C-C-Sep=0.20, ║∇J║=3.3e-03
-----On 8/20 Initial Guess Perturbations
Iteration 1064/4500-----
J=1.2e-02, ⟨Jf⟩=1.2e-03, ⟨B·n⟩=8.1e-03, Len=sum([4.8, 4.6, 4.2])=13.6, ϰ=[4.7, 5.2, 4.5], ∫ϰ²/L>=[4.7, 6.2, 6.2], C-C-Sep=0.20, ║∇J║=2.6e-03
-----On 8/20 Initial Guess Perturbations
Iteration 1065/4500-----
J=1.2e-02, ⟨Jf⟩=1.2e-03, ⟨B·n⟩=8.1e-03, Len=sum([4.8, 4.6, 4.2])=13.6, ϰ=[4.7, 5.2, 4.5], ∫ϰ²/L>=[4.7, 6.2, 6.2], C-C-Sep=0.20, ║∇J║=2.7e-03
-----On 8/20 Initial Guess Perturbations
Iteration 1066/4500-----
J=1.2e-02, ⟨Jf⟩=1.2e-03, ⟨B·n⟩=8.1e-03, Len=sum([4.8, 4.6, 4.2])=13.6, ϰ=[4.7, 5.2, 4.5], ∫ϰ²/L>=[4.7, 6.2, 6.2], C-C-Sep=0.20, ║∇J║=3.3e-03
-----On 8/20 Initial Guess Perturbations
Iteration 1067/4500-----
J=1.2e-02, ⟨Jf⟩=1.2e-03, ⟨B·n⟩=8.1e-03, Len=sum([4.8, 4.6, 4.2])=13.6, ϰ=[4.7, 5.2, 4.5], ∫ϰ²/L>=[4.7, 6.2, 6.2], C-C-Sep=0.20, ║∇J║=2.9e-03
-----On 8/20 Initial Guess Perturbations
Iteration 1068/4500-----
J=1.2e-02, ⟨Jf⟩=1.2e-03, ⟨B·n⟩=8.1e-03, Len=sum([4.8, 4.6, 4.2])=13.6, ϰ=[4.7, 5.2, 4.5], ∫ϰ²/L>=[4.7, 6.2, 6.2], C-C-Sep=0.20, ║∇J║=3.4e-03
-----On 8/20 Initial Guess Perturbations
Iteration 1069/4500-----
J=1.2e-02, ⟨Jf⟩=1.3e-03, ⟨B·n⟩=8.1e-03, Len=sum([4.8, 4.6, 4.2])=13.6, ϰ=[4.8, 5.2, 4.5], ∫ϰ²/L>=[4.7, 6.2, 6.2], C-C-Sep=0.20, ║∇J║=2.9e-03
-----On 8/20 Initial Guess Perturbations
Iteration 1070/4500-----
J=1.2e-02, ⟨Jf⟩=1.2e-03, ⟨B·n⟩=8.1e-03, Len=sum([4.8, 4.6, 4.2])=13.6, ϰ=[4.8, 5.2, 4.6], ∫ϰ²/L>=[4.7, 6.2, 6.2], C-C-Sep=0.20, ║∇J║=4.1e-03
-----On 8/20 Initial Guess Perturbations
Iteration 1071/4500-----
J=1.2e-02, ⟨Jf⟩=1.3e-03, ⟨B·n⟩=8.1e-03, Len=sum([4.8, 4.6, 4.2])=13.6, ϰ=[4.7, 5.2, 4.6], ∫ϰ²/L>=[4.7, 6.2, 6.2], C-C-Sep=0.20, ║∇J║=4.8e-03
-----On 8/20 Initial Guess Perturbations
Iteration 1072/4500-----
J=1.2e-02, ⟨Jf⟩=1.2e-03, ⟨B·n⟩=8.1e-03, Len=sum([4.8, 4.6, 4.2])=13.6, ϰ=[4.8, 5.2, 4.6], ∫ϰ²/L>=[4.7, 6.2, 6.2], C-C-Sep=0.20, ║∇J║=3.4e-03
-----On 8/20 Initial Guess Perturbations
Iteration 1073/4500-----
J=1.2e-02, ⟨Jf⟩=1.2e-03, ⟨B·n⟩=8.1e-03, Len=sum([4.8, 4.6, 4.2])=13.6, ϰ=[4.8, 5.2, 4.6], ∫ϰ²/L>=[4.7, 6.2, 6.2], C-C-Sep=0.20, ║∇J║=2.9e-03
-----On 8/20 Initial Guess Perturbations
Iteration 1074/4500-----
J=1.2e-02, ⟨Jf⟩=1.2e-03, ⟨B·n⟩=8.1e-03, Len=sum([4.8, 4.6, 4.2])=13.6, ϰ=[4.8, 5.2, 4.6], ∫ϰ²/L>=[4.7, 6.2, 6.2], C-C-Sep=0.20, ║∇J║=2.6e-03
-----On 8/20 Initial Guess Perturbations
Iteration 1075/4500-----
J=1.2e-02, ⟨Jf⟩=1.2e-03, ⟨B·n⟩=8.1e-03, Len=sum([4.8, 4.6, 4.2])=13.6, ϰ=[4.8, 5.2, 4.6], ∫ϰ²/L>=[4.7, 6.2, 6.2], C-C-Sep=0.20, ║∇J║=2.3e-03
-----On 8/20 Initial Guess Perturbations
Iteration 1076/4500-----
J=1.2e-02, ⟨Jf⟩=1.3e-03, ⟨B·n⟩=8.1e-03, Len=sum([4.8, 4.6, 4.2])=13.6, ϰ=[4.8, 5.2, 4.6], ∫ϰ²/L>=[4.7, 6.2, 6.2], C-C-Sep=0.20, ║∇J║=2.5e-03
-----On 8/20 Initial Guess Perturbations
Iteration 1077/4500-----
J=1.2e-02, ⟨Jf⟩=1.2e-03, ⟨B·n⟩=8.1e-03, Len=sum([4.8, 4.6, 4.2])=13.6, ϰ=[4.9, 5.3, 4.6], ∫ϰ²/L>=[4.7, 6.2, 6.2], C-C-Sep=0.20, ║∇J║=3.3e-03
-----On 8/20 Initial Guess Perturbations
Iteration 1078/4500-----
J=1.2e-02, ⟨Jf⟩=1.2e-03, ⟨B·n⟩=8.1e-03, Len=sum([4.8, 4.6, 4.2])=13.6, ϰ=[4.9, 5.3, 4.6], ∫ϰ²/L>=[4.7, 6.2, 6.2], C-C-Sep=0.20, ║∇J║=2.9e-03
-----On 8/20 Initial Guess Perturbations
Iteration 1079/4500-----
J=1.2e-02, ⟨Jf⟩=1.3e-03, ⟨B·n⟩=8.1e-03, Len=sum([4.8, 4.6, 4.2])=13.6, ϰ=[4.9, 5.3, 4.6], ∫ϰ²/L>=[4.7, 6.2, 6.1], C-C-Sep=0.20, ║∇J║=3.6e-03
-----On 8/20 Initial Guess Perturbations
Iteration 1080/4500-----
J=1.2e-02, ⟨Jf⟩=1.3e-03, ⟨B·n⟩=8.1e-03, Len=sum([4.8, 4.6, 4.2])=13.6, ϰ=[4.9, 5.3, 4.5], ∫ϰ²/L>=[4.7, 6.2, 6.1], C-C-Sep=0.20, ║∇J║=2.6e-03
-----On 8/20 Initial Guess Perturbations
Iteration 1081/4500-----
J=1.2e-02, ⟨Jf⟩=1.3e-03, ⟨B·n⟩=8.1e-03, Len=sum([4.8, 4.6, 4.2])=13.6, ϰ=[4.9, 5.3, 4.5], ∫ϰ²/L>=[4.7, 6.2, 6.1], C-C-Sep=0.20, ║∇J║=2.3e-03
-----On 8/20 Initial Guess Perturbations
Iteration 1082/4500-----
J=1.2e-02, ⟨Jf⟩=1.2e-03, ⟨B·n⟩=8.1e-03, Len=sum([4.8, 4.6, 4.2])=13.6, ϰ=[4.9, 5.3, 4.5], ∫ϰ²/L>=[4.7, 6.2, 6.1], C-C-Sep=0.20, ║∇J║=2.7e-03
-----On 8/20 Initial Guess Perturbations
Iteration 1083/4500-----
J=1.2e-02, ⟨Jf⟩=1.3e-03, ⟨B·n⟩=8.1e-03, Len=sum([4.8, 4.6, 4.2])=13.6, ϰ=[4.9, 5.3, 4.5], ∫ϰ²/L>=[4.7, 6.2, 6.1], C-C-Sep=0.20, ║∇J║=2.6e-03
-----On 8/20 Initial Guess Perturbations
Iteration 1084/4500-----
J=1.2e-02, ⟨Jf⟩=1.3e-03, ⟨B·n⟩=8.1e-03, Len=sum([4.8, 4.6, 4.2])=13.6, ϰ=[4.9, 5.3, 4.5], ∫ϰ²/L>=[4.7, 6.2, 6.2], C-C-Sep=0.20, ║∇J║=2.5e-03
-----On 8/20 Initial Guess Perturbations
Iteration 1085/4500-----
J=1.2e-02, ⟨Jf⟩=1.3e-03, ⟨B·n⟩=8.1e-03, Len=sum([4.8, 4.6, 4.2])=13.6, ϰ=[5.0, 5.3, 4.5], ∫ϰ²/L>=[4.7, 6.2, 6.2], C-C-Sep=0.20, ║∇J║=2.5e-03
-----On 8/20 Initial Guess Perturbations
Iteration 1086/4500-----
J=1.2e-02, ⟨Jf⟩=1.2e-03, ⟨B·n⟩=8.1e-03, Len=sum([4.8, 4.6, 4.2])=13.6, ϰ=[5.0, 5.3, 4.5], ∫ϰ²/L>=[4.7, 6.2, 6.2], C-C-Sep=0.20, ║∇J║=2.6e-03
-----On 8/20 Initial Guess Perturbations
Iteration 1087/4500-----
J=1.2e-02, ⟨Jf⟩=1.2e-03, ⟨B·n⟩=8.1e-03, Len=sum([4.8, 4.6, 4.2])=13.6, ϰ=[5.0, 5.4, 4.5], ∫ϰ²/L>=[4.7, 6.2, 6.2], C-C-Sep=0.20, ║∇J║=2.7e-03
-----On 8/20 Initial Guess Perturbations
Iteration 1088/4500-----
J=1.2e-02, ⟨Jf⟩=1.2e-03, ⟨B·n⟩=8.1e-03, Len=sum([4.8, 4.6, 4.2])=13.6, ϰ=[5.0, 5.3, 4.5], ∫ϰ²/L>=[4.7, 6.2, 6.2], C-C-Sep=0.20, ║∇J║=2.3e-03
-----On 8/20 Initial Guess Perturbations
Iteration 1089/4500-----
J=1.2e-02, ⟨Jf⟩=1.2e-03, ⟨B·n⟩=8.1e-03, Len=sum([4.8, 4.6, 4.2])=13.6, ϰ=[5.0, 5.3, 4.5], ∫ϰ²/L>=[4.7, 6.2, 6.2], C-C-Sep=0.20, ║∇J║=2.3e-03
-----On 8/20 Initial Guess Perturbations
Iteration 1090/4500-----
J=1.2e-02, ⟨Jf⟩=1.3e-03, ⟨B·n⟩=8.1e-03, Len=sum([4.8, 4.6, 4.2])=13.6, ϰ=[5.0, 5.3, 4.5], ∫ϰ²/L>=[4.8, 6.2, 6.2], C-C-Sep=0.20, ║∇J║=2.6e-03
-----On 8/20 Initial Guess Perturbations
Iteration 1091/4500-----
J=1.2e-02, ⟨Jf⟩=1.2e-03, ⟨B·n⟩=8.1e-03, Len=sum([4.8, 4.6, 4.2])=13.6, ϰ=[5.0, 5.3, 4.5], ∫ϰ²/L>=[4.8, 6.2, 6.2], C-C-Sep=0.20, ║∇J║=3.1e-03
-----On 8/20 Initial Guess Perturbations
Iteration 1092/4500-----
J=1.2e-02, ⟨Jf⟩=1.3e-03, ⟨B·n⟩=8.1e-03, Len=sum([4.8, 4.6, 4.2])=13.6, ϰ=[5.0, 5.3, 4.5], ∫ϰ²/L>=[4.8, 6.2, 6.2], C-C-Sep=0.20, ║∇J║=2.7e-03
-----On 8/20 Initial Guess Perturbations
Iteration 1093/4500-----
J=1.2e-02, ⟨Jf⟩=1.2e-03, ⟨B·n⟩=8.1e-03, Len=sum([4.8, 4.6, 4.2])=13.6, ϰ=[5.0, 5.3, 4.4], ∫ϰ²/L>=[4.8, 6.2, 6.2], C-C-Sep=0.20, ║∇J║=3.1e-03
-----On 8/20 Initial Guess Perturbations
Iteration 1094/4500-----
J=1.2e-02, ⟨Jf⟩=1.2e-03, ⟨B·n⟩=8.1e-03, Len=sum([4.8, 4.6, 4.2])=13.6, ϰ=[5.0, 5.3, 4.4], ∫ϰ²/L>=[4.8, 6.2, 6.2], C-C-Sep=0.20, ║∇J║=2.3e-03
-----On 8/20 Initial Guess Perturbations
Iteration 1095/4500-----
J=1.2e-02, ⟨Jf⟩=1.2e-03, ⟨B·n⟩=8.1e-03, Len=sum([4.8, 4.6, 4.2])=13.6, ϰ=[5.0, 5.3, 4.5], ∫ϰ²/L>=[4.8, 6.2, 6.2], C-C-Sep=0.20, ║∇J║=2.2e-03
-----On 8/20 Initial Guess Perturbations
Iteration 1096/4500-----
J=1.2e-02, ⟨Jf⟩=1.2e-03, ⟨B·n⟩=8.1e-03, Len=sum([4.8, 4.6, 4.2])=13.6, ϰ=[5.0, 5.2, 4.5], ∫ϰ²/L>=[4.8, 6.2, 6.2], C-C-Sep=0.20, ║∇J║=2.4e-03
-----On 8/20 Initial Guess Perturbations
Iteration 1097/4500-----
J=1.2e-02, ⟨Jf⟩=1.2e-03, ⟨B·n⟩=8.1e-03, Len=sum([4.8, 4.6, 4.2])=13.6, ϰ=[5.0, 5.2, 4.5], ∫ϰ²/L>=[4.8, 6.2, 6.2], C-C-Sep=0.20, ║∇J║=2.4e-03
-----On 8/20 Initial Guess Perturbations
Iteration 1098/4500-----
J=1.2e-02, ⟨Jf⟩=1.2e-03, ⟨B·n⟩=8.1e-03, Len=sum([4.8, 4.6, 4.2])=13.6, ϰ=[5.0, 5.2, 4.4], ∫ϰ²/L>=[4.8, 6.2, 6.2], C-C-Sep=0.20, ║∇J║=3.1e-03
-----On 8/20 Initial Guess Perturbations
Iteration 1099/4500-----
J=1.2e-02, ⟨Jf⟩=1.2e-03, ⟨B·n⟩=8.1e-03, Len=sum([4.8, 4.6, 4.2])=13.6, ϰ=[4.9, 5.2, 4.4], ∫ϰ²/L>=[4.8, 6.2, 6.2], C-C-Sep=0.20, ║∇J║=2.8e-03
-----On 8/20 Initial Guess Perturbations
Iteration 1100/4500-----
J=1.2e-02, ⟨Jf⟩=1.2e-03, ⟨B·n⟩=8.1e-03, Len=sum([4.8, 4.6, 4.2])=13.6, ϰ=[4.9, 5.2, 4.4], ∫ϰ²/L>=[4.8, 6.2, 6.2], C-C-Sep=0.20, ║∇J║=2.9e-03
-----On 8/20 Initial Guess Perturbations
Iteration 1101/4500-----
J=1.2e-02, ⟨Jf⟩=1.3e-03, ⟨B·n⟩=8.1e-03, Len=sum([4.8, 4.6, 4.2])=13.6, ϰ=[4.9, 5.2, 4.4], ∫ϰ²/L>=[4.8, 6.2, 6.2], C-C-Sep=0.20, ║∇J║=2.7e-03
-----On 8/20 Initial Guess Perturbations
Iteration 1102/4500-----
J=1.2e-02, ⟨Jf⟩=1.3e-03, ⟨B·n⟩=8.1e-03, Len=sum([4.8, 4.6, 4.2])=13.6, ϰ=[4.9, 5.2, 4.4], ∫ϰ²/L>=[4.8, 6.2, 6.2], C-C-Sep=0.20, ║∇J║=2.6e-03
-----On 8/20 Initial Guess Perturbations
Iteration 1103/4500-----
J=1.2e-02, ⟨Jf⟩=1.3e-03, ⟨B·n⟩=8.1e-03, Len=sum([4.8, 4.6, 4.2])=13.6, ϰ=[4.8, 5.1, 4.4], ∫ϰ²/L>=[4.8, 6.2, 6.2], C-C-Sep=0.20, ║∇J║=2.6e-03
-----On 8/20 Initial Guess Perturbations
Iteration 1104/4500-----
J=1.2e-02, ⟨Jf⟩=1.3e-03, ⟨B·n⟩=8.1e-03, Len=sum([4.8, 4.6, 4.2])=13.6, ϰ=[4.8, 5.2, 4.4], ∫ϰ²/L>=[4.8, 6.2, 6.2], C-C-Sep=0.20, ║∇J║=2.8e-03
-----On 8/20 Initial Guess Perturbations
Iteration 1105/4500-----
J=1.2e-02, ⟨Jf⟩=1.3e-03, ⟨B·n⟩=8.1e-03, Len=sum([4.8, 4.6, 4.2])=13.6, ϰ=[4.8, 5.2, 4.4], ∫ϰ²/L>=[4.8, 6.2, 6.2], C-C-Sep=0.20, ║∇J║=2.6e-03
-----On 8/20 Initial Guess Perturbations
Iteration 1106/4500-----
J=1.2e-02, ⟨Jf⟩=1.3e-03, ⟨B·n⟩=8.1e-03, Len=sum([4.8, 4.6, 4.2])=13.6, ϰ=[4.7, 5.2, 4.5], ∫ϰ²/L>=[4.8, 6.2, 6.2], C-C-Sep=0.20, ║∇J║=2.6e-03
-----On 8/20 Initial Guess Perturbations
Iteration 1107/4500-----
J=1.2e-02, ⟨Jf⟩=1.3e-03, ⟨B·n⟩=8.1e-03, Len=sum([4.8, 4.6, 4.2])=13.6, ϰ=[4.8, 5.2, 4.5], ∫ϰ²/L>=[4.8, 6.2, 6.2], C-C-Sep=0.20, ║∇J║=2.4e-03
-----On 8/20 Initial Guess Perturbations
Iteration 1108/4500-----
J=1.2e-02, ⟨Jf⟩=1.3e-03, ⟨B·n⟩=8.1e-03, Len=sum([4.8, 4.6, 4.2])=13.6, ϰ=[4.8, 5.3, 4.5], ∫ϰ²/L>=[4.8, 6.2, 6.2], C-C-Sep=0.20, ║∇J║=3.5e-03
-----On 8/20 Initial Guess Perturbations
Iteration 1109/4500-----
J=1.2e-02, ⟨Jf⟩=1.3e-03, ⟨B·n⟩=8.1e-03, Len=sum([4.8, 4.6, 4.2])=13.6, ϰ=[4.8, 5.3, 4.5], ∫ϰ²/L>=[4.8, 6.2, 6.2], C-C-Sep=0.20, ║∇J║=2.3e-03
-----On 8/20 Initial Guess Perturbations
Iteration 1110/4500-----
J=1.2e-02, ⟨Jf⟩=1.3e-03, ⟨B·n⟩=8.1e-03, Len=sum([4.8, 4.6, 4.2])=13.6, ϰ=[4.8, 5.3, 4.5], ∫ϰ²/L>=[4.8, 6.2, 6.2], C-C-Sep=0.20, ║∇J║=3.3e-03
-----On 8/20 Initial Guess Perturbations
Iteration 1111/4500-----
J=1.2e-02, ⟨Jf⟩=1.3e-03, ⟨B·n⟩=8.1e-03, Len=sum([4.8, 4.6, 4.2])=13.6, ϰ=[4.8, 5.4, 4.5], ∫ϰ²/L>=[4.8, 6.2, 6.2], C-C-Sep=0.20, ║∇J║=2.4e-03
-----On 8/20 Initial Guess Perturbations
Iteration 1112/4500-----
J=1.2e-02, ⟨Jf⟩=1.3e-03, ⟨B·n⟩=8.1e-03, Len=sum([4.8, 4.6, 4.2])=13.6, ϰ=[4.8, 5.4, 4.6], ∫ϰ²/L>=[4.8, 6.2, 6.2], C-C-Sep=0.20, ║∇J║=2.5e-03
-----On 8/20 Initial Guess Perturbations
Iteration 1113/4500-----
J=1.2e-02, ⟨Jf⟩=1.3e-03, ⟨B·n⟩=8.1e-03, Len=sum([4.8, 4.6, 4.2])=13.6, ϰ=[4.8, 5.4, 4.6], ∫ϰ²/L>=[4.8, 6.2, 6.2], C-C-Sep=0.20, ║∇J║=2.2e-03
-----On 8/20 Initial Guess Perturbations
Iteration 1114/4500-----
J=1.2e-02, ⟨Jf⟩=1.3e-03, ⟨B·n⟩=8.1e-03, Len=sum([4.8, 4.6, 4.2])=13.6, ϰ=[4.8, 5.4, 4.6], ∫ϰ²/L>=[4.8, 6.2, 6.2], C-C-Sep=0.20, ║∇J║=2.2e-03
-----On 8/20 Initial Guess Perturbations
Iteration 1115/4500-----
J=1.2e-02, ⟨Jf⟩=1.3e-03, ⟨B·n⟩=8.1e-03, Len=sum([4.8, 4.6, 4.2])=13.6, ϰ=[4.8, 5.4, 4.7], ∫ϰ²/L>=[4.8, 6.2, 6.2], C-C-Sep=0.20, ║∇J║=3.0e-03
-----On 8/20 Initial Guess Perturbations
Iteration 1116/4500-----
J=1.2e-02, ⟨Jf⟩=1.3e-03, ⟨B·n⟩=8.1e-03, Len=sum([4.8, 4.6, 4.2])=13.6, ϰ=[4.8, 5.4, 4.7], ∫ϰ²/L>=[4.8, 6.2, 6.2], C-C-Sep=0.20, ║∇J║=3.3e-03
-----On 8/20 Initial Guess Perturbations
Iteration 1117/4500-----
J=1.2e-02, ⟨Jf⟩=1.3e-03, ⟨B·n⟩=8.1e-03, Len=sum([4.8, 4.6, 4.2])=13.6, ϰ=[4.8, 5.4, 4.7], ∫ϰ²/L>=[4.8, 6.2, 6.2], C-C-Sep=0.20, ║∇J║=2.7e-03
-----On 8/20 Initial Guess Perturbations
Iteration 1118/4500-----
J=1.2e-02, ⟨Jf⟩=1.3e-03, ⟨B·n⟩=8.1e-03, Len=sum([4.8, 4.6, 4.2])=13.6, ϰ=[4.8, 5.4, 4.7], ∫ϰ²/L>=[4.8, 6.2, 6.2], C-C-Sep=0.20, ║∇J║=2.6e-03
-----On 8/20 Initial Guess Perturbations
Iteration 1119/4500-----
J=1.2e-02, ⟨Jf⟩=1.3e-03, ⟨B·n⟩=8.1e-03, Len=sum([4.8, 4.6, 4.2])=13.6, ϰ=[4.8, 5.4, 4.7], ∫ϰ²/L>=[4.8, 6.2, 6.2], C-C-Sep=0.20, ║∇J║=2.3e-03
-----On 8/20 Initial Guess Perturbations
Iteration 1120/4500-----
J=1.2e-02, ⟨Jf⟩=1.3e-03, ⟨B·n⟩=8.1e-03, Len=sum([4.8, 4.6, 4.2])=13.6, ϰ=[4.8, 5.4, 4.7], ∫ϰ²/L>=[4.8, 6.2, 6.2], C-C-Sep=0.20, ║∇J║=2.2e-03
-----On 8/20 Initial Guess Perturbations
Iteration 1121/4500-----
J=1.2e-02, ⟨Jf⟩=1.3e-03, ⟨B·n⟩=8.1e-03, Len=sum([4.8, 4.6, 4.2])=13.6, ϰ=[4.9, 5.5, 4.6], ∫ϰ²/L>=[4.8, 6.2, 6.2], C-C-Sep=0.20, ║∇J║=2.7e-03
-----On 8/20 Initial Guess Perturbations
Iteration 1122/4500-----
J=1.2e-02, ⟨Jf⟩=1.3e-03, ⟨B·n⟩=8.1e-03, Len=sum([4.8, 4.6, 4.2])=13.6, ϰ=[4.9, 5.5, 4.6], ∫ϰ²/L>=[4.8, 6.2, 6.2], C-C-Sep=0.20, ║∇J║=2.2e-03
-----On 8/20 Initial Guess Perturbations
Iteration 1123/4500-----
J=1.2e-02, ⟨Jf⟩=1.3e-03, ⟨B·n⟩=8.1e-03, Len=sum([4.8, 4.6, 4.2])=13.6, ϰ=[4.9, 5.5, 4.6], ∫ϰ²/L>=[4.8, 6.2, 6.2], C-C-Sep=0.20, ║∇J║=2.3e-03
-----On 8/20 Initial Guess Perturbations
Iteration 1124/4500-----
J=1.2e-02, ⟨Jf⟩=1.3e-03, ⟨B·n⟩=8.1e-03, Len=sum([4.8, 4.6, 4.2])=13.6, ϰ=[5.0, 5.4, 4.7], ∫ϰ²/L>=[4.8, 6.2, 6.2], C-C-Sep=0.20, ║∇J║=3.0e-03
-----On 8/20 Initial Guess Perturbations
Iteration 1125/4500-----
J=1.2e-02, ⟨Jf⟩=1.3e-03, ⟨B·n⟩=8.1e-03, Len=sum([4.8, 4.6, 4.2])=13.6, ϰ=[5.0, 5.4, 4.6], ∫ϰ²/L>=[4.8, 6.2, 6.2], C-C-Sep=0.20, ║∇J║=3.6e-03
-----On 8/20 Initial Guess Perturbations
Iteration 1126/4500-----
J=1.2e-02, ⟨Jf⟩=1.3e-03, ⟨B·n⟩=8.1e-03, Len=sum([4.8, 4.6, 4.2])=13.6, ϰ=[5.0, 5.4, 4.6], ∫ϰ²/L>=[4.8, 6.2, 6.2], C-C-Sep=0.20, ║∇J║=3.7e-03
-----On 8/20 Initial Guess Perturbations
Iteration 1127/4500-----
J=1.2e-02, ⟨Jf⟩=1.3e-03, ⟨B·n⟩=8.1e-03, Len=sum([4.8, 4.6, 4.2])=13.6, ϰ=[5.0, 5.4, 4.7], ∫ϰ²/L>=[4.8, 6.2, 6.2], C-C-Sep=0.20, ║∇J║=3.0e-03
-----On 8/20 Initial Guess Perturbations
Iteration 1128/4500-----
J=1.2e-02, ⟨Jf⟩=1.3e-03, ⟨B·n⟩=8.1e-03, Len=sum([4.8, 4.6, 4.2])=13.6, ϰ=[5.0, 5.3, 4.7], ∫ϰ²/L>=[4.8, 6.2, 6.2], C-C-Sep=0.20, ║∇J║=2.3e-03
-----On 8/20 Initial Guess Perturbations
Iteration 1129/4500-----
J=1.2e-02, ⟨Jf⟩=1.3e-03, ⟨B·n⟩=8.1e-03, Len=sum([4.8, 4.6, 4.2])=13.6, ϰ=[5.0, 5.3, 4.7], ∫ϰ²/L>=[4.8, 6.2, 6.2], C-C-Sep=0.20, ║∇J║=2.5e-03
-----On 8/20 Initial Guess Perturbations
Iteration 1130/4500-----
J=1.2e-02, ⟨Jf⟩=1.3e-03, ⟨B·n⟩=8.1e-03, Len=sum([4.8, 4.6, 4.2])=13.6, ϰ=[5.0, 5.2, 4.7], ∫ϰ²/L>=[4.8, 6.2, 6.2], C-C-Sep=0.20, ║∇J║=2.7e-03
-----On 8/20 Initial Guess Perturbations
Iteration 1131/4500-----
J=1.2e-02, ⟨Jf⟩=1.3e-03, ⟨B·n⟩=8.1e-03, Len=sum([4.8, 4.6, 4.2])=13.6, ϰ=[5.0, 5.2, 4.6], ∫ϰ²/L>=[4.8, 6.2, 6.2], C-C-Sep=0.20, ║∇J║=2.4e-03
-----On 8/20 Initial Guess Perturbations
Iteration 1132/4500-----
J=1.2e-02, ⟨Jf⟩=1.3e-03, ⟨B·n⟩=8.1e-03, Len=sum([4.8, 4.6, 4.2])=13.6, ϰ=[5.1, 5.2, 4.6], ∫ϰ²/L>=[4.8, 6.2, 6.2], C-C-Sep=0.20, ║∇J║=2.5e-03
-----On 8/20 Initial Guess Perturbations
Iteration 1133/4500-----
J=1.2e-02, ⟨Jf⟩=1.3e-03, ⟨B·n⟩=8.1e-03, Len=sum([4.8, 4.6, 4.2])=13.6, ϰ=[5.1, 5.2, 4.6], ∫ϰ²/L>=[4.8, 6.2, 6.2], C-C-Sep=0.20, ║∇J║=3.1e-03
-----On 8/20 Initial Guess Perturbations
Iteration 1134/4500-----
J=1.2e-02, ⟨Jf⟩=1.3e-03, ⟨B·n⟩=8.1e-03, Len=sum([4.8, 4.6, 4.2])=13.6, ϰ=[5.1, 5.2, 4.6], ∫ϰ²/L>=[4.8, 6.2, 6.2], C-C-Sep=0.20, ║∇J║=2.5e-03
-----On 8/20 Initial Guess Perturbations
Iteration 1135/4500-----
J=1.2e-02, ⟨Jf⟩=1.3e-03, ⟨B·n⟩=8.1e-03, Len=sum([4.8, 4.6, 4.2])=13.6, ϰ=[5.1, 5.1, 4.6], ∫ϰ²/L>=[4.8, 6.2, 6.2], C-C-Sep=0.20, ║∇J║=2.8e-03
-----On 8/20 Initial Guess Perturbations
Iteration 1136/4500-----
J=1.2e-02, ⟨Jf⟩=1.3e-03, ⟨B·n⟩=8.1e-03, Len=sum([4.8, 4.6, 4.2])=13.6, ϰ=[5.1, 5.2, 4.6], ∫ϰ²/L>=[4.8, 6.2, 6.2], C-C-Sep=0.20, ║∇J║=2.5e-03
-----On 8/20 Initial Guess Perturbations
Iteration 1137/4500-----
J=1.2e-02, ⟨Jf⟩=1.3e-03, ⟨B·n⟩=8.1e-03, Len=sum([4.8, 4.6, 4.2])=13.6, ϰ=[5.1, 5.1, 4.6], ∫ϰ²/L>=[4.8, 6.2, 6.2], C-C-Sep=0.20, ║∇J║=2.3e-03
-----On 8/20 Initial Guess Perturbations
Iteration 1138/4500-----
J=1.2e-02, ⟨Jf⟩=1.3e-03, ⟨B·n⟩=8.1e-03, Len=sum([4.8, 4.6, 4.2])=13.6, ϰ=[5.1, 5.1, 4.5], ∫ϰ²/L>=[4.8, 6.2, 6.2], C-C-Sep=0.20, ║∇J║=2.5e-03
-----On 8/20 Initial Guess Perturbations
Iteration 1139/4500-----
J=1.2e-02, ⟨Jf⟩=1.3e-03, ⟨B·n⟩=8.1e-03, Len=sum([4.8, 4.6, 4.2])=13.6, ϰ=[5.1, 5.2, 4.6], ∫ϰ²/L>=[4.8, 6.2, 6.2], C-C-Sep=0.20, ║∇J║=3.2e-03
-----On 8/20 Initial Guess Perturbations
Iteration 1140/4500-----
J=1.2e-02, ⟨Jf⟩=1.3e-03, ⟨B·n⟩=8.1e-03, Len=sum([4.8, 4.6, 4.2])=13.6, ϰ=[5.1, 5.2, 4.5], ∫ϰ²/L>=[4.8, 6.2, 6.2], C-C-Sep=0.20, ║∇J║=2.5e-03
-----On 8/20 Initial Guess Perturbations
Iteration 1141/4500-----
J=1.2e-02, ⟨Jf⟩=1.3e-03, ⟨B·n⟩=8.1e-03, Len=sum([4.8, 4.6, 4.2])=13.6, ϰ=[5.1, 5.2, 4.5], ∫ϰ²/L>=[4.8, 6.2, 6.2], C-C-Sep=0.20, ║∇J║=2.3e-03
-----On 8/20 Initial Guess Perturbations
Iteration 1142/4500-----
J=1.2e-02, ⟨Jf⟩=1.3e-03, ⟨B·n⟩=8.1e-03, Len=sum([4.8, 4.6, 4.2])=13.6, ϰ=[5.0, 5.2, 4.5], ∫ϰ²/L>=[4.8, 6.2, 6.2], C-C-Sep=0.20, ║∇J║=2.0e-03
-----On 8/20 Initial Guess Perturbations
Iteration 1143/4500-----
J=1.2e-02, ⟨Jf⟩=1.3e-03, ⟨B·n⟩=8.1e-03, Len=sum([4.8, 4.6, 4.2])=13.6, ϰ=[5.0, 5.2, 4.5], ∫ϰ²/L>=[4.8, 6.2, 6.2], C-C-Sep=0.20, ║∇J║=2.4e-03
-----On 8/20 Initial Guess Perturbations
Iteration 1144/4500-----
J=1.2e-02, ⟨Jf⟩=1.3e-03, ⟨B·n⟩=8.1e-03, Len=sum([4.8, 4.6, 4.2])=13.6, ϰ=[5.0, 5.3, 4.5], ∫ϰ²/L>=[4.8, 6.2, 6.2], C-C-Sep=0.20, ║∇J║=2.4e-03
-----On 8/20 Initial Guess Perturbations
Iteration 1145/4500-----
J=1.2e-02, ⟨Jf⟩=1.3e-03, ⟨B·n⟩=8.1e-03, Len=sum([4.8, 4.6, 4.2])=13.6, ϰ=[5.0, 5.2, 4.5], ∫ϰ²/L>=[4.8, 6.1, 6.2], C-C-Sep=0.20, ║∇J║=2.8e-03
-----On 8/20 Initial Guess Perturbations
Iteration 1146/4500-----
J=1.2e-02, ⟨Jf⟩=1.3e-03, ⟨B·n⟩=8.1e-03, Len=sum([4.8, 4.6, 4.2])=13.6, ϰ=[5.0, 5.2, 4.5], ∫ϰ²/L>=[4.8, 6.1, 6.2], C-C-Sep=0.20, ║∇J║=2.5e-03
-----On 8/20 Initial Guess Perturbations
Iteration 1147/4500-----
J=1.2e-02, ⟨Jf⟩=1.3e-03, ⟨B·n⟩=8.1e-03, Len=sum([4.8, 4.6, 4.2])=13.6, ϰ=[5.1, 5.2, 4.5], ∫ϰ²/L>=[4.8, 6.1, 6.3], C-C-Sep=0.20, ║∇J║=2.8e-03
-----On 8/20 Initial Guess Perturbations
Iteration 1148/4500-----
J=1.2e-02, ⟨Jf⟩=1.3e-03, ⟨B·n⟩=8.1e-03, Len=sum([4.8, 4.6, 4.2])=13.6, ϰ=[5.1, 5.2, 4.5], ∫ϰ²/L>=[4.8, 6.1, 6.3], C-C-Sep=0.20, ║∇J║=2.1e-03
-----On 8/20 Initial Guess Perturbations
Iteration 1149/4500-----
J=1.2e-02, ⟨Jf⟩=1.3e-03, ⟨B·n⟩=8.1e-03, Len=sum([4.8, 4.6, 4.2])=13.6, ϰ=[5.0, 5.3, 4.5], ∫ϰ²/L>=[4.8, 6.1, 6.3], C-C-Sep=0.20, ║∇J║=2.7e-03
-----On 8/20 Initial Guess Perturbations
Iteration 1150/4500-----
J=1.2e-02, ⟨Jf⟩=1.3e-03, ⟨B·n⟩=8.1e-03, Len=sum([4.8, 4.6, 4.2])=13.6, ϰ=[5.0, 5.3, 4.6], ∫ϰ²/L>=[4.8, 6.1, 6.3], C-C-Sep=0.20, ║∇J║=2.6e-03
-----On 8/20 Initial Guess Perturbations
Iteration 1151/4500-----
J=1.2e-02, ⟨Jf⟩=1.3e-03, ⟨B·n⟩=8.1e-03, Len=sum([4.8, 4.6, 4.2])=13.6, ϰ=[5.0, 5.3, 4.6], ∫ϰ²/L>=[4.8, 6.1, 6.3], C-C-Sep=0.20, ║∇J║=2.7e-03
-----On 8/20 Initial Guess Perturbations
Iteration 1152/4500-----
J=1.2e-02, ⟨Jf⟩=1.3e-03, ⟨B·n⟩=8.1e-03, Len=sum([4.8, 4.6, 4.2])=13.6, ϰ=[5.0, 5.3, 4.6], ∫ϰ²/L>=[4.8, 6.1, 6.3], C-C-Sep=0.20, ║∇J║=2.5e-03
-----On 8/20 Initial Guess Perturbations
Iteration 1153/4500-----
J=1.2e-02, ⟨Jf⟩=1.3e-03, ⟨B·n⟩=8.1e-03, Len=sum([4.8, 4.6, 4.2])=13.6, ϰ=[5.0, 5.3, 4.7], ∫ϰ²/L>=[4.8, 6.1, 6.3], C-C-Sep=0.20, ║∇J║=2.2e-03
-----On 8/20 Initial Guess Perturbations
Iteration 1154/4500-----
J=1.2e-02, ⟨Jf⟩=1.3e-03, ⟨B·n⟩=8.1e-03, Len=sum([4.8, 4.6, 4.2])=13.6, ϰ=[4.9, 5.3, 4.7], ∫ϰ²/L>=[4.8, 6.1, 6.3], C-C-Sep=0.20, ║∇J║=2.2e-03
-----On 8/20 Initial Guess Perturbations
Iteration 1155/4500-----
J=1.2e-02, ⟨Jf⟩=1.3e-03, ⟨B·n⟩=8.1e-03, Len=sum([4.8, 4.6, 4.2])=13.6, ϰ=[4.9, 5.3, 4.7], ∫ϰ²/L>=[4.8, 6.1, 6.3], C-C-Sep=0.20, ║∇J║=2.6e-03
-----On 8/20 Initial Guess Perturbations
Iteration 1156/4500-----
J=1.2e-02, ⟨Jf⟩=1.3e-03, ⟨B·n⟩=8.1e-03, Len=sum([4.8, 4.6, 4.2])=13.6, ϰ=[4.9, 5.3, 4.7], ∫ϰ²/L>=[4.8, 6.1, 6.3], C-C-Sep=0.20, ║∇J║=2.8e-03
-----On 8/20 Initial Guess Perturbations
Iteration 1157/4500-----
J=1.2e-02, ⟨Jf⟩=1.3e-03, ⟨B·n⟩=8.1e-03, Len=sum([4.8, 4.6, 4.2])=13.6, ϰ=[4.9, 5.3, 4.7], ∫ϰ²/L>=[4.8, 6.1, 6.3], C-C-Sep=0.20, ║∇J║=3.1e-03
-----On 8/20 Initial Guess Perturbations
Iteration 1158/4500-----
J=1.2e-02, ⟨Jf⟩=1.3e-03, ⟨B·n⟩=8.1e-03, Len=sum([4.8, 4.6, 4.2])=13.6, ϰ=[4.9, 5.3, 4.7], ∫ϰ²/L>=[4.8, 6.2, 6.3], C-C-Sep=0.20, ║∇J║=3.5e-03
-----On 8/20 Initial Guess Perturbations
Iteration 1159/4500-----
J=1.2e-02, ⟨Jf⟩=1.3e-03, ⟨B·n⟩=8.1e-03, Len=sum([4.8, 4.6, 4.2])=13.6, ϰ=[4.9, 5.3, 4.7], ∫ϰ²/L>=[4.8, 6.1, 6.3], C-C-Sep=0.20, ║∇J║=3.5e-03
-----On 8/20 Initial Guess Perturbations
Iteration 1160/4500-----
J=1.2e-02, ⟨Jf⟩=1.3e-03, ⟨B·n⟩=8.1e-03, Len=sum([4.8, 4.6, 4.2])=13.6, ϰ=[4.9, 5.3, 4.7], ∫ϰ²/L>=[4.8, 6.1, 6.3], C-C-Sep=0.20, ║∇J║=2.4e-03
-----On 8/20 Initial Guess Perturbations
Iteration 1161/4500-----
J=1.2e-02, ⟨Jf⟩=1.3e-03, ⟨B·n⟩=8.1e-03, Len=sum([4.8, 4.6, 4.2])=13.6, ϰ=[4.9, 5.3, 4.7], ∫ϰ²/L>=[4.8, 6.1, 6.3], C-C-Sep=0.20, ║∇J║=1.8e-03
-----On 8/20 Initial Guess Perturbations
Iteration 1162/4500-----
J=1.2e-02, ⟨Jf⟩=1.3e-03, ⟨B·n⟩=8.1e-03, Len=sum([4.8, 4.6, 4.2])=13.6, ϰ=[4.9, 5.3, 4.7], ∫ϰ²/L>=[4.8, 6.1, 6.3], C-C-Sep=0.20, ║∇J║=2.0e-03
-----On 8/20 Initial Guess Perturbations
Iteration 1163/4500-----
J=1.2e-02, ⟨Jf⟩=1.3e-03, ⟨B·n⟩=8.1e-03, Len=sum([4.8, 4.6, 4.2])=13.6, ϰ=[4.9, 5.2, 4.7], ∫ϰ²/L>=[4.8, 6.1, 6.3], C-C-Sep=0.20, ║∇J║=2.4e-03
-----On 8/20 Initial Guess Perturbations
Iteration 1164/4500-----
J=1.2e-02, ⟨Jf⟩=1.3e-03, ⟨B·n⟩=8.1e-03, Len=sum([4.8, 4.6, 4.2])=13.6, ϰ=[4.9, 5.2, 4.7], ∫ϰ²/L>=[4.8, 6.2, 6.3], C-C-Sep=0.20, ║∇J║=2.7e-03
-----On 8/20 Initial Guess Perturbations
Iteration 1165/4500-----
J=1.2e-02, ⟨Jf⟩=1.3e-03, ⟨B·n⟩=8.1e-03, Len=sum([4.8, 4.6, 4.2])=13.6, ϰ=[4.9, 5.2, 4.7], ∫ϰ²/L>=[4.8, 6.2, 6.3], C-C-Sep=0.20, ║∇J║=2.2e-03
-----On 8/20 Initial Guess Perturbations
Iteration 1166/4500-----
J=1.2e-02, ⟨Jf⟩=1.3e-03, ⟨B·n⟩=8.1e-03, Len=sum([4.8, 4.6, 4.2])=13.6, ϰ=[4.8, 5.2, 4.6], ∫ϰ²/L>=[4.8, 6.2, 6.3], C-C-Sep=0.20, ║∇J║=2.6e-03
-----On 8/20 Initial Guess Perturbations
Iteration 1167/4500-----
J=1.2e-02, ⟨Jf⟩=1.3e-03, ⟨B·n⟩=8.1e-03, Len=sum([4.8, 4.6, 4.2])=13.6, ϰ=[4.8, 5.2, 4.6], ∫ϰ²/L>=[4.8, 6.2, 6.3], C-C-Sep=0.20, ║∇J║=2.6e-03
-----On 8/20 Initial Guess Perturbations
Iteration 1168/4500-----
J=1.2e-02, ⟨Jf⟩=1.3e-03, ⟨B·n⟩=8.1e-03, Len=sum([4.8, 4.6, 4.2])=13.6, ϰ=[4.8, 5.3, 4.6], ∫ϰ²/L>=[4.8, 6.2, 6.3], C-C-Sep=0.20, ║∇J║=2.0e-03
-----On 8/20 Initial Guess Perturbations
Iteration 1169/4500-----
J=1.2e-02, ⟨Jf⟩=1.3e-03, ⟨B·n⟩=8.1e-03, Len=sum([4.8, 4.6, 4.2])=13.6, ϰ=[4.8, 5.3, 4.6], ∫ϰ²/L>=[4.8, 6.2, 6.3], C-C-Sep=0.20, ║∇J║=2.2e-03
-----On 8/20 Initial Guess Perturbations
Iteration 1170/4500-----
J=1.2e-02, ⟨Jf⟩=1.3e-03, ⟨B·n⟩=8.1e-03, Len=sum([4.8, 4.6, 4.2])=13.6, ϰ=[4.8, 5.3, 4.6], ∫ϰ²/L>=[4.8, 6.2, 6.3], C-C-Sep=0.20, ║∇J║=2.7e-03
-----On 8/20 Initial Guess Perturbations
Iteration 1171/4500-----
J=1.2e-02, ⟨Jf⟩=1.3e-03, ⟨B·n⟩=8.1e-03, Len=sum([4.8, 4.6, 4.2])=13.6, ϰ=[4.9, 5.2, 4.6], ∫ϰ²/L>=[4.8, 6.2, 6.3], C-C-Sep=0.20, ║∇J║=2.6e-03
-----On 8/20 Initial Guess Perturbations
Iteration 1172/4500-----
J=1.2e-02, ⟨Jf⟩=1.3e-03, ⟨B·n⟩=8.1e-03, Len=sum([4.8, 4.6, 4.2])=13.6, ϰ=[4.9, 5.2, 4.6], ∫ϰ²/L>=[4.8, 6.2, 6.3], C-C-Sep=0.20, ║∇J║=2.8e-03
-----On 8/20 Initial Guess Perturbations
Iteration 1173/4500-----
J=1.2e-02, ⟨Jf⟩=1.3e-03, ⟨B·n⟩=8.1e-03, Len=sum([4.8, 4.6, 4.2])=13.6, ϰ=[4.9, 5.2, 4.5], ∫ϰ²/L>=[4.8, 6.2, 6.3], C-C-Sep=0.20, ║∇J║=2.8e-03
-----On 8/20 Initial Guess Perturbations
Iteration 1174/4500-----
J=1.2e-02, ⟨Jf⟩=1.3e-03, ⟨B·n⟩=8.1e-03, Len=sum([4.8, 4.6, 4.2])=13.6, ϰ=[4.9, 5.2, 4.5], ∫ϰ²/L>=[4.8, 6.1, 6.3], C-C-Sep=0.20, ║∇J║=3.5e-03
-----On 8/20 Initial Guess Perturbations
Iteration 1175/4500-----
J=1.2e-02, ⟨Jf⟩=1.3e-03, ⟨B·n⟩=8.1e-03, Len=sum([4.8, 4.6, 4.2])=13.6, ϰ=[4.9, 5.2, 4.5], ∫ϰ²/L>=[4.8, 6.2, 6.3], C-C-Sep=0.20, ║∇J║=2.6e-03
-----On 8/20 Initial Guess Perturbations
Iteration 1176/4500-----
J=1.2e-02, ⟨Jf⟩=1.3e-03, ⟨B·n⟩=8.1e-03, Len=sum([4.8, 4.6, 4.2])=13.6, ϰ=[4.9, 5.2, 4.6], ∫ϰ²/L>=[4.8, 6.2, 6.3], C-C-Sep=0.20, ║∇J║=3.1e-03
-----On 8/20 Initial Guess Perturbations
Iteration 1177/4500-----
J=1.2e-02, ⟨Jf⟩=1.3e-03, ⟨B·n⟩=8.1e-03, Len=sum([4.8, 4.6, 4.2])=13.6, ϰ=[4.9, 5.2, 4.5], ∫ϰ²/L>=[4.8, 6.2, 6.3], C-C-Sep=0.20, ║∇J║=2.7e-03
-----On 8/20 Initial Guess Perturbations
Iteration 1178/4500-----
J=1.2e-02, ⟨Jf⟩=1.3e-03, ⟨B·n⟩=8.1e-03, Len=sum([4.8, 4.6, 4.2])=13.6, ϰ=[4.9, 5.2, 4.5], ∫ϰ²/L>=[4.8, 6.2, 6.3], C-C-Sep=0.20, ║∇J║=2.5e-03
-----On 8/20 Initial Guess Perturbations
Iteration 1179/4500-----
J=1.2e-02, ⟨Jf⟩=1.3e-03, ⟨B·n⟩=8.1e-03, Len=sum([4.8, 4.6, 4.2])=13.6, ϰ=[4.9, 5.2, 4.5], ∫ϰ²/L>=[4.8, 6.2, 6.3], C-C-Sep=0.20, ║∇J║=2.8e-03
-----On 8/20 Initial Guess Perturbations
Iteration 1180/4500-----
J=1.2e-02, ⟨Jf⟩=1.2e-03, ⟨B·n⟩=8.1e-03, Len=sum([4.8, 4.6, 4.2])=13.6, ϰ=[4.9, 5.2, 4.5], ∫ϰ²/L>=[4.8, 6.2, 6.3], C-C-Sep=0.20, ║∇J║=2.2e-03
-----On 8/20 Initial Guess Perturbations
Iteration 1181/4500-----
J=1.2e-02, ⟨Jf⟩=1.3e-03, ⟨B·n⟩=8.1e-03, Len=sum([4.8, 4.6, 4.2])=13.6, ϰ=[5.0, 5.2, 4.6], ∫ϰ²/L>=[4.8, 6.2, 6.3], C-C-Sep=0.20, ║∇J║=2.5e-03
-----On 8/20 Initial Guess Perturbations
Iteration 1182/4500-----
J=1.2e-02, ⟨Jf⟩=1.2e-03, ⟨B·n⟩=8.1e-03, Len=sum([4.8, 4.6, 4.2])=13.6, ϰ=[5.0, 5.2, 4.6], ∫ϰ²/L>=[4.8, 6.2, 6.3], C-C-Sep=0.20, ║∇J║=2.7e-03
-----On 8/20 Initial Guess Perturbations
Iteration 1183/4500-----
J=1.2e-02, ⟨Jf⟩=1.2e-03, ⟨B·n⟩=8.1e-03, Len=sum([4.8, 4.6, 4.2])=13.6, ϰ=[5.0, 5.2, 4.7], ∫ϰ²/L>=[4.8, 6.2, 6.3], C-C-Sep=0.20, ║∇J║=2.5e-03
-----On 8/20 Initial Guess Perturbations
Iteration 1184/4500-----
J=1.2e-02, ⟨Jf⟩=1.2e-03, ⟨B·n⟩=8.1e-03, Len=sum([4.8, 4.6, 4.2])=13.6, ϰ=[5.0, 5.2, 4.7], ∫ϰ²/L>=[4.8, 6.2, 6.3], C-C-Sep=0.20, ║∇J║=2.4e-03
-----On 8/20 Initial Guess Perturbations
Iteration 1185/4500-----
J=1.2e-02, ⟨Jf⟩=1.2e-03, ⟨B·n⟩=8.1e-03, Len=sum([4.8, 4.6, 4.2])=13.6, ϰ=[5.0, 5.2, 4.7], ∫ϰ²/L>=[4.8, 6.2, 6.3], C-C-Sep=0.20, ║∇J║=2.4e-03
-----On 8/20 Initial Guess Perturbations
Iteration 1186/4500-----
J=1.2e-02, ⟨Jf⟩=1.2e-03, ⟨B·n⟩=8.1e-03, Len=sum([4.8, 4.6, 4.2])=13.6, ϰ=[5.0, 5.2, 4.8], ∫ϰ²/L>=[4.8, 6.2, 6.3], C-C-Sep=0.20, ║∇J║=2.3e-03
-----On 8/20 Initial Guess Perturbations
Iteration 1187/4500-----
J=1.2e-02, ⟨Jf⟩=1.2e-03, ⟨B·n⟩=8.1e-03, Len=sum([4.8, 4.6, 4.2])=13.6, ϰ=[5.0, 5.2, 4.8], ∫ϰ²/L>=[4.8, 6.2, 6.3], C-C-Sep=0.20, ║∇J║=2.5e-03
-----On 8/20 Initial Guess Perturbations
Iteration 1188/4500-----
J=1.2e-02, ⟨Jf⟩=1.2e-03, ⟨B·n⟩=8.1e-03, Len=sum([4.8, 4.6, 4.2])=13.6, ϰ=[5.0, 5.2, 4.8], ∫ϰ²/L>=[4.8, 6.2, 6.3], C-C-Sep=0.20, ║∇J║=3.0e-03
-----On 8/20 Initial Guess Perturbations
Iteration 1189/4500-----
J=1.2e-02, ⟨Jf⟩=1.2e-03, ⟨B·n⟩=8.1e-03, Len=sum([4.8, 4.6, 4.2])=13.6, ϰ=[5.0, 5.2, 4.8], ∫ϰ²/L>=[4.8, 6.2, 6.3], C-C-Sep=0.20, ║∇J║=2.8e-03
-----On 8/20 Initial Guess Perturbations
Iteration 1190/4500-----
J=1.2e-02, ⟨Jf⟩=1.2e-03, ⟨B·n⟩=8.1e-03, Len=sum([4.8, 4.6, 4.2])=13.6, ϰ=[5.0, 5.2, 4.8], ∫ϰ²/L>=[4.8, 6.2, 6.3], C-C-Sep=0.20, ║∇J║=3.5e-03
-----On 8/20 Initial Guess Perturbations
Iteration 1191/4500-----
J=1.2e-02, ⟨Jf⟩=1.2e-03, ⟨B·n⟩=8.1e-03, Len=sum([4.8, 4.6, 4.2])=13.6, ϰ=[5.0, 5.2, 4.8], ∫ϰ²/L>=[4.8, 6.2, 6.3], C-C-Sep=0.20, ║∇J║=3.1e-03
-----On 8/20 Initial Guess Perturbations
Iteration 1192/4500-----
J=1.2e-02, ⟨Jf⟩=1.2e-03, ⟨B·n⟩=8.1e-03, Len=sum([4.8, 4.6, 4.2])=13.6, ϰ=[5.0, 5.2, 4.8], ∫ϰ²/L>=[4.8, 6.2, 6.3], C-C-Sep=0.20, ║∇J║=2.7e-03
-----On 8/20 Initial Guess Perturbations
Iteration 1193/4500-----
J=1.2e-02, ⟨Jf⟩=1.2e-03, ⟨B·n⟩=8.1e-03, Len=sum([4.8, 4.6, 4.2])=13.6, ϰ=[5.0, 5.2, 4.8], ∫ϰ²/L>=[4.7, 6.2, 6.3], C-C-Sep=0.20, ║∇J║=2.2e-03
-----On 8/20 Initial Guess Perturbations
Iteration 1194/4500-----
J=1.2e-02, ⟨Jf⟩=1.2e-03, ⟨B·n⟩=8.1e-03, Len=sum([4.8, 4.6, 4.2])=13.6, ϰ=[5.0, 5.1, 4.8], ∫ϰ²/L>=[4.7, 6.2, 6.3], C-C-Sep=0.20, ║∇J║=2.2e-03
-----On 8/20 Initial Guess Perturbations
Iteration 1195/4500-----
J=1.2e-02, ⟨Jf⟩=1.2e-03, ⟨B·n⟩=8.1e-03, Len=sum([4.8, 4.6, 4.2])=13.6, ϰ=[5.0, 5.1, 4.7], ∫ϰ²/L>=[4.7, 6.2, 6.3], C-C-Sep=0.20, ║∇J║=2.4e-03
-----On 8/20 Initial Guess Perturbations
Iteration 1196/4500-----
J=1.2e-02, ⟨Jf⟩=1.2e-03, ⟨B·n⟩=8.1e-03, Len=sum([4.8, 4.6, 4.2])=13.6, ϰ=[5.0, 5.1, 4.7], ∫ϰ²/L>=[4.7, 6.2, 6.3], C-C-Sep=0.20, ║∇J║=3.1e-03
-----On 8/20 Initial Guess Perturbations
Iteration 1197/4500-----
J=1.2e-02, ⟨Jf⟩=1.2e-03, ⟨B·n⟩=8.1e-03, Len=sum([4.8, 4.6, 4.2])=13.6, ϰ=[4.9, 5.1, 4.6], ∫ϰ²/L>=[4.7, 6.2, 6.3], C-C-Sep=0.20, ║∇J║=2.6e-03
-----On 8/20 Initial Guess Perturbations
Iteration 1198/4500-----
J=1.2e-02, ⟨Jf⟩=1.2e-03, ⟨B·n⟩=8.1e-03, Len=sum([4.8, 4.6, 4.2])=13.6, ϰ=[4.9, 5.1, 4.6], ∫ϰ²/L>=[4.8, 6.2, 6.3], C-C-Sep=0.20, ║∇J║=3.0e-03
-----On 8/20 Initial Guess Perturbations
Iteration 1199/4500-----
J=1.2e-02, ⟨Jf⟩=1.2e-03, ⟨B·n⟩=8.1e-03, Len=sum([4.8, 4.6, 4.2])=13.6, ϰ=[4.9, 5.1, 4.6], ∫ϰ²/L>=[4.7, 6.2, 6.3], C-C-Sep=0.20, ║∇J║=3.1e-03
-----On 8/20 Initial Guess Perturbations
Iteration 1200/4500-----
J=1.2e-02, ⟨Jf⟩=1.2e-03, ⟨B·n⟩=8.1e-03, Len=sum([4.8, 4.6, 4.2])=13.6, ϰ=[4.9, 5.2, 4.6], ∫ϰ²/L>=[4.7, 6.2, 6.3], C-C-Sep=0.20, ║∇J║=2.6e-03
-----On 8/20 Initial Guess Perturbations
Iteration 1201/4500-----
J=1.2e-02, ⟨Jf⟩=1.2e-03, ⟨B·n⟩=8.1e-03, Len=sum([4.8, 4.6, 4.2])=13.6, ϰ=[4.9, 5.2, 4.6], ∫ϰ²/L>=[4.7, 6.2, 6.3], C-C-Sep=0.20, ║∇J║=2.9e-03
-----On 8/20 Initial Guess Perturbations
Iteration 1202/4500-----
J=1.2e-02, ⟨Jf⟩=1.2e-03, ⟨B·n⟩=8.1e-03, Len=sum([4.8, 4.6, 4.2])=13.6, ϰ=[4.9, 5.1, 4.6], ∫ϰ²/L>=[4.7, 6.2, 6.3], C-C-Sep=0.20, ║∇J║=2.2e-03
-----On 8/20 Initial Guess Perturbations
Iteration 1203/4500-----
J=1.2e-02, ⟨Jf⟩=1.2e-03, ⟨B·n⟩=8.1e-03, Len=sum([4.8, 4.6, 4.2])=13.6, ϰ=[4.8, 5.2, 4.6], ∫ϰ²/L>=[4.7, 6.2, 6.3], C-C-Sep=0.20, ║∇J║=2.5e-03
-----On 8/20 Initial Guess Perturbations
Iteration 1204/4500-----
J=1.2e-02, ⟨Jf⟩=1.2e-03, ⟨B·n⟩=8.1e-03, Len=sum([4.8, 4.6, 4.2])=13.6, ϰ=[4.8, 5.2, 4.6], ∫ϰ²/L>=[4.7, 6.2, 6.3], C-C-Sep=0.20, ║∇J║=2.6e-03
-----On 8/20 Initial Guess Perturbations
Iteration 1205/4500-----
J=1.2e-02, ⟨Jf⟩=1.2e-03, ⟨B·n⟩=8.1e-03, Len=sum([4.8, 4.6, 4.2])=13.6, ϰ=[4.8, 5.2, 4.5], ∫ϰ²/L>=[4.7, 6.2, 6.3], C-C-Sep=0.20, ║∇J║=2.3e-03
-----On 8/20 Initial Guess Perturbations
Iteration 1206/4500-----
J=1.2e-02, ⟨Jf⟩=1.2e-03, ⟨B·n⟩=8.1e-03, Len=sum([4.8, 4.6, 4.2])=13.6, ϰ=[4.8, 5.2, 4.5], ∫ϰ²/L>=[4.7, 6.2, 6.3], C-C-Sep=0.20, ║∇J║=2.7e-03
-----On 8/20 Initial Guess Perturbations
Iteration 1207/4500-----
J=1.2e-02, ⟨Jf⟩=1.2e-03, ⟨B·n⟩=8.1e-03, Len=sum([4.8, 4.6, 4.2])=13.6, ϰ=[4.8, 5.2, 4.5], ∫ϰ²/L>=[4.7, 6.2, 6.3], C-C-Sep=0.20, ║∇J║=2.7e-03
-----On 8/20 Initial Guess Perturbations
Iteration 1208/4500-----
J=1.2e-02, ⟨Jf⟩=1.2e-03, ⟨B·n⟩=8.1e-03, Len=sum([4.8, 4.6, 4.2])=13.6, ϰ=[4.8, 5.2, 4.5], ∫ϰ²/L>=[4.7, 6.2, 6.3], C-C-Sep=0.20, ║∇J║=2.8e-03
-----On 8/20 Initial Guess Perturbations
Iteration 1209/4500-----
J=1.2e-02, ⟨Jf⟩=1.2e-03, ⟨B·n⟩=8.1e-03, Len=sum([4.8, 4.6, 4.2])=13.6, ϰ=[4.8, 5.2, 4.4], ∫ϰ²/L>=[4.7, 6.2, 6.3], C-C-Sep=0.20, ║∇J║=2.0e-03
-----On 8/20 Initial Guess Perturbations
Iteration 1210/4500-----
J=1.2e-02, ⟨Jf⟩=1.2e-03, ⟨B·n⟩=8.1e-03, Len=sum([4.8, 4.6, 4.2])=13.6, ϰ=[4.8, 5.3, 4.4], ∫ϰ²/L>=[4.7, 6.2, 6.3], C-C-Sep=0.20, ║∇J║=2.0e-03
-----On 8/20 Initial Guess Perturbations
Iteration 1211/4500-----
J=1.2e-02, ⟨Jf⟩=1.2e-03, ⟨B·n⟩=8.1e-03, Len=sum([4.8, 4.6, 4.2])=13.6, ϰ=[4.8, 5.3, 4.4], ∫ϰ²/L>=[4.7, 6.2, 6.3], C-C-Sep=0.20, ║∇J║=2.2e-03
-----On 8/20 Initial Guess Perturbations
Iteration 1212/4500-----
J=1.2e-02, ⟨Jf⟩=1.2e-03, ⟨B·n⟩=8.1e-03, Len=sum([4.8, 4.6, 4.2])=13.6, ϰ=[4.7, 5.3, 4.4], ∫ϰ²/L>=[4.7, 6.2, 6.3], C-C-Sep=0.20, ║∇J║=2.2e-03
-----On 8/20 Initial Guess Perturbations
Iteration 1213/4500-----
J=1.2e-02, ⟨Jf⟩=1.2e-03, ⟨B·n⟩=8.1e-03, Len=sum([4.8, 4.6, 4.2])=13.6, ϰ=[4.7, 5.3, 4.4], ∫ϰ²/L>=[4.7, 6.2, 6.3], C-C-Sep=0.20, ║∇J║=2.1e-03
-----On 8/20 Initial Guess Perturbations
Iteration 1214/4500-----
J=1.2e-02, ⟨Jf⟩=1.2e-03, ⟨B·n⟩=8.1e-03, Len=sum([4.8, 4.6, 4.2])=13.6, ϰ=[4.7, 5.3, 4.4], ∫ϰ²/L>=[4.7, 6.2, 6.3], C-C-Sep=0.20, ║∇J║=2.5e-03
-----On 8/20 Initial Guess Perturbations
Iteration 1215/4500-----
J=1.2e-02, ⟨Jf⟩=1.2e-03, ⟨B·n⟩=8.1e-03, Len=sum([4.8, 4.6, 4.2])=13.6, ϰ=[4.7, 5.3, 4.4], ∫ϰ²/L>=[4.7, 6.2, 6.3], C-C-Sep=0.20, ║∇J║=2.4e-03
-----On 8/20 Initial Guess Perturbations
Iteration 1216/4500-----
J=1.2e-02, ⟨Jf⟩=1.2e-03, ⟨B·n⟩=8.1e-03, Len=sum([4.8, 4.6, 4.2])=13.6, ϰ=[4.7, 5.3, 4.4], ∫ϰ²/L>=[4.7, 6.2, 6.3], C-C-Sep=0.20, ║∇J║=1.8e-03
-----On 8/20 Initial Guess Perturbations
Iteration 1217/4500-----
J=1.2e-02, ⟨Jf⟩=1.2e-03, ⟨B·n⟩=8.1e-03, Len=sum([4.8, 4.6, 4.2])=13.6, ϰ=[4.7, 5.3, 4.4], ∫ϰ²/L>=[4.7, 6.2, 6.3], C-C-Sep=0.20, ║∇J║=2.0e-03
-----On 8/20 Initial Guess Perturbations
Iteration 1218/4500-----
J=1.2e-02, ⟨Jf⟩=1.2e-03, ⟨B·n⟩=8.1e-03, Len=sum([4.8, 4.6, 4.2])=13.6, ϰ=[4.7, 5.3, 4.4], ∫ϰ²/L>=[4.7, 6.2, 6.3], C-C-Sep=0.20, ║∇J║=2.1e-03
-----On 8/20 Initial Guess Perturbations
Iteration 1219/4500-----
J=1.2e-02, ⟨Jf⟩=1.2e-03, ⟨B·n⟩=8.1e-03, Len=sum([4.8, 4.6, 4.2])=13.6, ϰ=[4.7, 5.3, 4.5], ∫ϰ²/L>=[4.7, 6.2, 6.3], C-C-Sep=0.20, ║∇J║=2.5e-03
-----On 8/20 Initial Guess Perturbations
Iteration 1220/4500-----
J=1.2e-02, ⟨Jf⟩=1.2e-03, ⟨B·n⟩=8.1e-03, Len=sum([4.8, 4.6, 4.2])=13.6, ϰ=[4.7, 5.3, 4.5], ∫ϰ²/L>=[4.7, 6.2, 6.3], C-C-Sep=0.20, ║∇J║=2.3e-03
-----On 8/20 Initial Guess Perturbations
Iteration 1221/4500-----
J=1.2e-02, ⟨Jf⟩=1.2e-03, ⟨B·n⟩=8.1e-03, Len=sum([4.8, 4.6, 4.2])=13.6, ϰ=[4.8, 5.3, 4.5], ∫ϰ²/L>=[4.7, 6.2, 6.3], C-C-Sep=0.20, ║∇J║=1.7e-03
-----On 8/20 Initial Guess Perturbations
Iteration 1222/4500-----
J=1.2e-02, ⟨Jf⟩=1.2e-03, ⟨B·n⟩=8.1e-03, Len=sum([4.8, 4.6, 4.2])=13.6, ϰ=[4.8, 5.3, 4.5], ∫ϰ²/L>=[4.7, 6.2, 6.3], C-C-Sep=0.20, ║∇J║=1.8e-03
-----On 8/20 Initial Guess Perturbations
Iteration 1223/4500-----
J=1.2e-02, ⟨Jf⟩=1.2e-03, ⟨B·n⟩=8.1e-03, Len=sum([4.8, 4.6, 4.2])=13.6, ϰ=[4.8, 5.3, 4.6], ∫ϰ²/L>=[4.7, 6.2, 6.3], C-C-Sep=0.20, ║∇J║=2.2e-03
-----On 8/20 Initial Guess Perturbations
Iteration 1224/4500-----
J=1.2e-02, ⟨Jf⟩=1.2e-03, ⟨B·n⟩=8.1e-03, Len=sum([4.8, 4.6, 4.2])=13.6, ϰ=[4.8, 5.3, 4.6], ∫ϰ²/L>=[4.7, 6.2, 6.3], C-C-Sep=0.20, ║∇J║=1.9e-03
-----On 8/20 Initial Guess Perturbations
Iteration 1225/4500-----
J=1.2e-02, ⟨Jf⟩=1.2e-03, ⟨B·n⟩=8.1e-03, Len=sum([4.8, 4.6, 4.2])=13.6, ϰ=[4.7, 5.3, 4.6], ∫ϰ²/L>=[4.7, 6.2, 6.3], C-C-Sep=0.20, ║∇J║=1.9e-03
-----On 8/20 Initial Guess Perturbations
Iteration 1226/4500-----
J=1.2e-02, ⟨Jf⟩=1.2e-03, ⟨B·n⟩=8.1e-03, Len=sum([4.8, 4.6, 4.2])=13.6, ϰ=[4.8, 5.3, 4.6], ∫ϰ²/L>=[4.7, 6.2, 6.3], C-C-Sep=0.20, ║∇J║=2.1e-03
-----On 8/20 Initial Guess Perturbations
Iteration 1227/4500-----
J=1.2e-02, ⟨Jf⟩=1.2e-03, ⟨B·n⟩=8.1e-03, Len=sum([4.8, 4.6, 4.2])=13.6, ϰ=[4.8, 5.3, 4.6], ∫ϰ²/L>=[4.7, 6.2, 6.3], C-C-Sep=0.20, ║∇J║=2.2e-03
-----On 8/20 Initial Guess Perturbations
Iteration 1228/4500-----
J=1.2e-02, ⟨Jf⟩=1.2e-03, ⟨B·n⟩=8.1e-03, Len=sum([4.8, 4.6, 4.2])=13.6, ϰ=[4.8, 5.3, 4.5], ∫ϰ²/L>=[4.7, 6.2, 6.3], C-C-Sep=0.20, ║∇J║=1.9e-03
-----On 8/20 Initial Guess Perturbations
Iteration 1229/4500-----
J=1.2e-02, ⟨Jf⟩=1.2e-03, ⟨B·n⟩=8.1e-03, Len=sum([4.8, 4.6, 4.2])=13.6, ϰ=[4.8, 5.3, 4.5], ∫ϰ²/L>=[4.7, 6.2, 6.3], C-C-Sep=0.20, ║∇J║=2.1e-03
-----On 8/20 Initial Guess Perturbations
Iteration 1230/4500-----
J=1.2e-02, ⟨Jf⟩=1.2e-03, ⟨B·n⟩=8.1e-03, Len=sum([4.8, 4.6, 4.2])=13.6, ϰ=[4.8, 5.3, 4.5], ∫ϰ²/L>=[4.7, 6.2, 6.3], C-C-Sep=0.20, ║∇J║=2.2e-03
-----On 8/20 Initial Guess Perturbations
Iteration 1231/4500-----
J=1.2e-02, ⟨Jf⟩=1.2e-03, ⟨B·n⟩=8.1e-03, Len=sum([4.8, 4.6, 4.2])=13.6, ϰ=[4.8, 5.3, 4.6], ∫ϰ²/L>=[4.7, 6.2, 6.3], C-C-Sep=0.20, ║∇J║=2.2e-03
-----On 8/20 Initial Guess Perturbations
Iteration 1232/4500-----
J=1.2e-02, ⟨Jf⟩=1.2e-03, ⟨B·n⟩=8.1e-03, Len=sum([4.8, 4.6, 4.2])=13.6, ϰ=[4.8, 5.3, 4.6], ∫ϰ²/L>=[4.7, 6.2, 6.3], C-C-Sep=0.20, ║∇J║=2.0e-03
-----On 8/20 Initial Guess Perturbations
Iteration 1233/4500-----
J=1.2e-02, ⟨Jf⟩=1.2e-03, ⟨B·n⟩=8.1e-03, Len=sum([4.8, 4.6, 4.2])=13.6, ϰ=[4.8, 5.3, 4.6], ∫ϰ²/L>=[4.7, 6.2, 6.3], C-C-Sep=0.20, ║∇J║=2.3e-03
-----On 8/20 Initial Guess Perturbations
Iteration 1234/4500-----
J=1.2e-02, ⟨Jf⟩=1.2e-03, ⟨B·n⟩=8.1e-03, Len=sum([4.8, 4.6, 4.2])=13.6, ϰ=[4.9, 5.3, 4.6], ∫ϰ²/L>=[4.7, 6.2, 6.3], C-C-Sep=0.20, ║∇J║=2.5e-03
-----On 8/20 Initial Guess Perturbations
Iteration 1235/4500-----
J=1.2e-02, ⟨Jf⟩=1.2e-03, ⟨B·n⟩=8.1e-03, Len=sum([4.8, 4.6, 4.2])=13.6, ϰ=[4.9, 5.3, 4.6], ∫ϰ²/L>=[4.7, 6.2, 6.3], C-C-Sep=0.20, ║∇J║=2.2e-03
-----On 8/20 Initial Guess Perturbations
Iteration 1236/4500-----
J=1.2e-02, ⟨Jf⟩=1.2e-03, ⟨B·n⟩=8.1e-03, Len=sum([4.8, 4.6, 4.2])=13.6, ϰ=[4.9, 5.3, 4.6], ∫ϰ²/L>=[4.8, 6.2, 6.3], C-C-Sep=0.20, ║∇J║=2.0e-03
-----On 8/20 Initial Guess Perturbations
Iteration 1237/4500-----
J=1.2e-02, ⟨Jf⟩=1.2e-03, ⟨B·n⟩=8.1e-03, Len=sum([4.8, 4.6, 4.2])=13.6, ϰ=[5.0, 5.2, 4.7], ∫ϰ²/L>=[4.8, 6.2, 6.2], C-C-Sep=0.20, ║∇J║=1.7e-03
-----On 8/20 Initial Guess Perturbations
Iteration 1238/4500-----
J=1.2e-02, ⟨Jf⟩=1.2e-03, ⟨B·n⟩=8.1e-03, Len=sum([4.8, 4.6, 4.2])=13.6, ϰ=[5.0, 5.2, 4.7], ∫ϰ²/L>=[4.8, 6.2, 6.2], C-C-Sep=0.20, ║∇J║=1.7e-03
-----On 8/20 Initial Guess Perturbations
Iteration 1239/4500-----
J=1.2e-02, ⟨Jf⟩=1.2e-03, ⟨B·n⟩=8.1e-03, Len=sum([4.8, 4.6, 4.2])=13.6, ϰ=[5.0, 5.2, 4.7], ∫ϰ²/L>=[4.8, 6.2, 6.2], C-C-Sep=0.20, ║∇J║=2.0e-03
-----On 8/20 Initial Guess Perturbations
Iteration 1240/4500-----
J=1.2e-02, ⟨Jf⟩=1.2e-03, ⟨B·n⟩=8.1e-03, Len=sum([4.8, 4.6, 4.2])=13.6, ϰ=[5.0, 5.2, 4.7], ∫ϰ²/L>=[4.8, 6.2, 6.2], C-C-Sep=0.20, ║∇J║=2.3e-03
-----On 8/20 Initial Guess Perturbations
Iteration 1241/4500-----
J=1.2e-02, ⟨Jf⟩=1.2e-03, ⟨B·n⟩=8.1e-03, Len=sum([4.8, 4.6, 4.2])=13.6, ϰ=[5.0, 5.2, 4.6], ∫ϰ²/L>=[4.8, 6.2, 6.2], C-C-Sep=0.20, ║∇J║=2.2e-03
-----On 8/20 Initial Guess Perturbations
Iteration 1242/4500-----
J=1.2e-02, ⟨Jf⟩=1.2e-03, ⟨B·n⟩=8.1e-03, Len=sum([4.8, 4.6, 4.2])=13.6, ϰ=[5.0, 5.2, 4.6], ∫ϰ²/L>=[4.8, 6.2, 6.2], C-C-Sep=0.20, ║∇J║=1.9e-03
-----On 8/20 Initial Guess Perturbations
Iteration 1243/4500-----
J=1.2e-02, ⟨Jf⟩=1.2e-03, ⟨B·n⟩=8.1e-03, Len=sum([4.8, 4.6, 4.2])=13.6, ϰ=[5.0, 5.2, 4.5], ∫ϰ²/L>=[4.8, 6.2, 6.2], C-C-Sep=0.20, ║∇J║=2.3e-03
-----On 8/20 Initial Guess Perturbations
Iteration 1244/4500-----
J=1.2e-02, ⟨Jf⟩=1.2e-03, ⟨B·n⟩=8.1e-03, Len=sum([4.8, 4.6, 4.2])=13.6, ϰ=[5.0, 5.2, 4.5], ∫ϰ²/L>=[4.8, 6.2, 6.2], C-C-Sep=0.20, ║∇J║=2.0e-03
-----On 8/20 Initial Guess Perturbations
Iteration 1245/4500-----
J=1.2e-02, ⟨Jf⟩=1.2e-03, ⟨B·n⟩=8.1e-03, Len=sum([4.8, 4.6, 4.2])=13.6, ϰ=[5.0, 5.2, 4.5], ∫ϰ²/L>=[4.8, 6.2, 6.2], C-C-Sep=0.20, ║∇J║=1.9e-03
-----On 8/20 Initial Guess Perturbations
Iteration 1246/4500-----
J=1.2e-02, ⟨Jf⟩=1.2e-03, ⟨B·n⟩=8.1e-03, Len=sum([4.8, 4.6, 4.2])=13.6, ϰ=[5.1, 5.2, 4.5], ∫ϰ²/L>=[4.8, 6.2, 6.2], C-C-Sep=0.20, ║∇J║=1.9e-03
-----On 8/20 Initial Guess Perturbations
Iteration 1247/4500-----
J=1.2e-02, ⟨Jf⟩=1.2e-03, ⟨B·n⟩=8.1e-03, Len=sum([4.8, 4.6, 4.2])=13.6, ϰ=[5.0, 5.2, 4.5], ∫ϰ²/L>=[4.8, 6.2, 6.2], C-C-Sep=0.20, ║∇J║=2.7e-03
-----On 8/20 Initial Guess Perturbations
Iteration 1248/4500-----
J=1.2e-02, ⟨Jf⟩=1.2e-03, ⟨B·n⟩=8.1e-03, Len=sum([4.8, 4.6, 4.2])=13.6, ϰ=[5.0, 5.2, 4.5], ∫ϰ²/L>=[4.8, 6.2, 6.2], C-C-Sep=0.20, ║∇J║=2.6e-03
-----On 8/20 Initial Guess Perturbations
Iteration 1249/4500-----
J=1.2e-02, ⟨Jf⟩=1.2e-03, ⟨B·n⟩=8.1e-03, Len=sum([4.8, 4.6, 4.2])=13.6, ϰ=[5.0, 5.3, 4.5], ∫ϰ²/L>=[4.8, 6.2, 6.2], C-C-Sep=0.20, ║∇J║=2.5e-03
-----On 8/20 Initial Guess Perturbations
Iteration 1250/4500-----
J=1.2e-02, ⟨Jf⟩=1.2e-03, ⟨B·n⟩=8.1e-03, Len=sum([4.8, 4.6, 4.2])=13.6, ϰ=[5.0, 5.3, 4.5], ∫ϰ²/L>=[4.8, 6.2, 6.2], C-C-Sep=0.20, ║∇J║=2.2e-03
-----On 8/20 Initial Guess Perturbations
Iteration 1251/4500-----
J=1.2e-02, ⟨Jf⟩=1.2e-03, ⟨B·n⟩=8.1e-03, Len=sum([4.8, 4.6, 4.2])=13.6, ϰ=[5.0, 5.2, 4.5], ∫ϰ²/L>=[4.8, 6.2, 6.2], C-C-Sep=0.20, ║∇J║=2.0e-03
-----On 8/20 Initial Guess Perturbations
Iteration 1252/4500-----
J=1.2e-02, ⟨Jf⟩=1.2e-03, ⟨B·n⟩=8.1e-03, Len=sum([4.8, 4.6, 4.2])=13.6, ϰ=[5.0, 5.3, 4.5], ∫ϰ²/L>=[4.8, 6.2, 6.2], C-C-Sep=0.20, ║∇J║=2.2e-03
-----On 8/20 Initial Guess Perturbations
Iteration 1253/4500-----
J=1.2e-02, ⟨Jf⟩=1.2e-03, ⟨B·n⟩=8.1e-03, Len=sum([4.8, 4.6, 4.2])=13.6, ϰ=[5.0, 5.3, 4.5], ∫ϰ²/L>=[4.8, 6.2, 6.2], C-C-Sep=0.20, ║∇J║=2.2e-03
-----On 8/20 Initial Guess Perturbations
Iteration 1254/4500-----
J=1.2e-02, ⟨Jf⟩=1.2e-03, ⟨B·n⟩=8.1e-03, Len=sum([4.8, 4.6, 4.2])=13.6, ϰ=[5.0, 5.3, 4.5], ∫ϰ²/L>=[4.8, 6.2, 6.2], C-C-Sep=0.20, ║∇J║=2.0e-03
-----On 8/20 Initial Guess Perturbations
Iteration 1255/4500-----
J=1.2e-02, ⟨Jf⟩=1.2e-03, ⟨B·n⟩=8.1e-03, Len=sum([4.8, 4.6, 4.2])=13.6, ϰ=[5.0, 5.3, 4.5], ∫ϰ²/L>=[4.8, 6.2, 6.2], C-C-Sep=0.20, ║∇J║=2.2e-03
-----On 8/20 Initial Guess Perturbations
Iteration 1256/4500-----
J=1.2e-02, ⟨Jf⟩=1.2e-03, ⟨B·n⟩=8.1e-03, Len=sum([4.8, 4.6, 4.2])=13.6, ϰ=[5.0, 5.3, 4.6], ∫ϰ²/L>=[4.8, 6.2, 6.2], C-C-Sep=0.20, ║∇J║=2.3e-03
-----On 8/20 Initial Guess Perturbations
Iteration 1257/4500-----
J=1.2e-02, ⟨Jf⟩=1.2e-03, ⟨B·n⟩=8.1e-03, Len=sum([4.8, 4.6, 4.2])=13.6, ϰ=[5.0, 5.3, 4.6], ∫ϰ²/L>=[4.8, 6.2, 6.2], C-C-Sep=0.20, ║∇J║=2.1e-03
-----On 8/20 Initial Guess Perturbations
Iteration 1258/4500-----
J=1.2e-02, ⟨Jf⟩=1.2e-03, ⟨B·n⟩=8.1e-03, Len=sum([4.8, 4.6, 4.2])=13.6, ϰ=[4.9, 5.3, 4.6], ∫ϰ²/L>=[4.8, 6.2, 6.2], C-C-Sep=0.20, ║∇J║=2.2e-03
-----On 8/20 Initial Guess Perturbations
Iteration 1259/4500-----
J=1.2e-02, ⟨Jf⟩=1.2e-03, ⟨B·n⟩=8.1e-03, Len=sum([4.8, 4.6, 4.2])=13.6, ϰ=[4.9, 5.4, 4.6], ∫ϰ²/L>=[4.8, 6.2, 6.2], C-C-Sep=0.20, ║∇J║=2.5e-03
-----On 8/20 Initial Guess Perturbations
Iteration 1260/4500-----
J=1.2e-02, ⟨Jf⟩=1.2e-03, ⟨B·n⟩=8.1e-03, Len=sum([4.8, 4.6, 4.2])=13.6, ϰ=[4.9, 5.4, 4.6], ∫ϰ²/L>=[4.8, 6.2, 6.2], C-C-Sep=0.20, ║∇J║=2.5e-03
-----On 8/20 Initial Guess Perturbations
Iteration 1261/4500-----
J=1.2e-02, ⟨Jf⟩=1.2e-03, ⟨B·n⟩=8.1e-03, Len=sum([4.8, 4.6, 4.2])=13.6, ϰ=[4.9, 5.4, 4.6], ∫ϰ²/L>=[4.8, 6.2, 6.2], C-C-Sep=0.20, ║∇J║=2.5e-03
-----On 8/20 Initial Guess Perturbations
Iteration 1262/4500-----
J=1.2e-02, ⟨Jf⟩=1.2e-03, ⟨B·n⟩=8.1e-03, Len=sum([4.8, 4.6, 4.2])=13.6, ϰ=[4.9, 5.3, 4.6], ∫ϰ²/L>=[4.8, 6.1, 6.2], C-C-Sep=0.20, ║∇J║=3.5e-03
-----On 8/20 Initial Guess Perturbations
Iteration 1263/4500-----
J=1.2e-02, ⟨Jf⟩=1.2e-03, ⟨B·n⟩=8.1e-03, Len=sum([4.8, 4.6, 4.2])=13.6, ϰ=[4.9, 5.4, 4.6], ∫ϰ²/L>=[4.8, 6.2, 6.2], C-C-Sep=0.20, ║∇J║=2.5e-03
-----On 8/20 Initial Guess Perturbations
Iteration 1264/4500-----
J=1.2e-02, ⟨Jf⟩=1.2e-03, ⟨B·n⟩=8.1e-03, Len=sum([4.8, 4.6, 4.2])=13.6, ϰ=[5.0, 5.4, 4.6], ∫ϰ²/L>=[4.8, 6.1, 6.2], C-C-Sep=0.20, ║∇J║=1.9e-03
-----On 8/20 Initial Guess Perturbations
Iteration 1265/4500-----
J=1.2e-02, ⟨Jf⟩=1.2e-03, ⟨B·n⟩=8.1e-03, Len=sum([4.8, 4.6, 4.2])=13.6, ϰ=[5.0, 5.3, 4.6], ∫ϰ²/L>=[4.8, 6.1, 6.2], C-C-Sep=0.20, ║∇J║=2.1e-03
-----On 8/20 Initial Guess Perturbations
Iteration 1266/4500-----
J=1.2e-02, ⟨Jf⟩=1.2e-03, ⟨B·n⟩=8.1e-03, Len=sum([4.8, 4.6, 4.2])=13.6, ϰ=[5.0, 5.3, 4.7], ∫ϰ²/L>=[4.8, 6.1, 6.2], C-C-Sep=0.20, ║∇J║=1.9e-03
-----On 8/20 Initial Guess Perturbations
Iteration 1267/4500-----
J=1.2e-02, ⟨Jf⟩=1.2e-03, ⟨B·n⟩=8.1e-03, Len=sum([4.8, 4.6, 4.2])=13.6, ϰ=[5.0, 5.3, 4.7], ∫ϰ²/L>=[4.8, 6.1, 6.2], C-C-Sep=0.20, ║∇J║=2.4e-03
-----On 8/20 Initial Guess Perturbations
Iteration 1268/4500-----
J=1.2e-02, ⟨Jf⟩=1.2e-03, ⟨B·n⟩=8.1e-03, Len=sum([4.8, 4.6, 4.2])=13.6, ϰ=[5.0, 5.3, 4.6], ∫ϰ²/L>=[4.8, 6.1, 6.2], C-C-Sep=0.20, ║∇J║=1.9e-03
-----On 8/20 Initial Guess Perturbations
Iteration 1269/4500-----
J=1.2e-02, ⟨Jf⟩=1.2e-03, ⟨B·n⟩=8.1e-03, Len=sum([4.8, 4.6, 4.2])=13.6, ϰ=[5.0, 5.3, 4.6], ∫ϰ²/L>=[4.8, 6.1, 6.2], C-C-Sep=0.20, ║∇J║=2.0e-03
-----On 8/20 Initial Guess Perturbations
Iteration 1270/4500-----
J=1.2e-02, ⟨Jf⟩=1.2e-03, ⟨B·n⟩=8.1e-03, Len=sum([4.8, 4.6, 4.2])=13.6, ϰ=[5.0, 5.3, 4.6], ∫ϰ²/L>=[4.8, 6.1, 6.2], C-C-Sep=0.20, ║∇J║=2.0e-03
-----On 8/20 Initial Guess Perturbations
Iteration 1271/4500-----
J=1.2e-02, ⟨Jf⟩=1.2e-03, ⟨B·n⟩=8.1e-03, Len=sum([4.8, 4.6, 4.2])=13.6, ϰ=[4.9, 5.3, 4.6], ∫ϰ²/L>=[4.8, 6.1, 6.2], C-C-Sep=0.20, ║∇J║=2.0e-03
-----On 8/20 Initial Guess Perturbations
Iteration 1272/4500-----
J=1.2e-02, ⟨Jf⟩=1.2e-03, ⟨B·n⟩=8.1e-03, Len=sum([4.8, 4.6, 4.2])=13.6, ϰ=[4.9, 5.3, 4.6], ∫ϰ²/L>=[4.8, 6.1, 6.2], C-C-Sep=0.20, ║∇J║=1.9e-03
-----On 8/20 Initial Guess Perturbations
Iteration 1273/4500-----
J=1.2e-02, ⟨Jf⟩=1.2e-03, ⟨B·n⟩=8.1e-03, Len=sum([4.8, 4.6, 4.2])=13.6, ϰ=[4.9, 5.2, 4.7], ∫ϰ²/L>=[4.8, 6.1, 6.2], C-C-Sep=0.20, ║∇J║=2.4e-03
-----On 8/20 Initial Guess Perturbations
Iteration 1274/4500-----
J=1.2e-02, ⟨Jf⟩=1.2e-03, ⟨B·n⟩=8.1e-03, Len=sum([4.8, 4.6, 4.2])=13.6, ϰ=[4.9, 5.2, 4.7], ∫ϰ²/L>=[4.8, 6.1, 6.2], C-C-Sep=0.20, ║∇J║=2.5e-03
-----On 8/20 Initial Guess Perturbations
Iteration 1275/4500-----
J=1.2e-02, ⟨Jf⟩=1.2e-03, ⟨B·n⟩=8.1e-03, Len=sum([4.8, 4.6, 4.2])=13.6, ϰ=[4.9, 5.2, 4.6], ∫ϰ²/L>=[4.8, 6.1, 6.2], C-C-Sep=0.20, ║∇J║=1.9e-03
-----On 8/20 Initial Guess Perturbations
Iteration 1276/4500-----
J=1.2e-02, ⟨Jf⟩=1.2e-03, ⟨B·n⟩=8.1e-03, Len=sum([4.8, 4.6, 4.2])=13.6, ϰ=[4.9, 5.2, 4.6], ∫ϰ²/L>=[4.8, 6.1, 6.2], C-C-Sep=0.20, ║∇J║=1.8e-03
-----On 8/20 Initial Guess Perturbations
Iteration 1277/4500-----
J=1.2e-02, ⟨Jf⟩=1.2e-03, ⟨B·n⟩=8.1e-03, Len=sum([4.8, 4.6, 4.2])=13.6, ϰ=[4.9, 5.2, 4.6], ∫ϰ²/L>=[4.8, 6.1, 6.2], C-C-Sep=0.20, ║∇J║=1.8e-03
-----On 8/20 Initial Guess Perturbations
Iteration 1278/4500-----
J=1.2e-02, ⟨Jf⟩=1.2e-03, ⟨B·n⟩=8.1e-03, Len=sum([4.8, 4.6, 4.2])=13.6, ϰ=[4.9, 5.2, 4.6], ∫ϰ²/L>=[4.8, 6.1, 6.2], C-C-Sep=0.20, ║∇J║=1.8e-03
-----On 8/20 Initial Guess Perturbations
Iteration 1279/4500-----
J=1.2e-02, ⟨Jf⟩=1.2e-03, ⟨B·n⟩=8.1e-03, Len=sum([4.8, 4.6, 4.2])=13.6, ϰ=[4.9, 5.2, 4.6], ∫ϰ²/L>=[4.8, 6.1, 6.2], C-C-Sep=0.20, ║∇J║=1.9e-03
-----On 8/20 Initial Guess Perturbations
Iteration 1280/4500-----
J=1.2e-02, ⟨Jf⟩=1.2e-03, ⟨B·n⟩=8.1e-03, Len=sum([4.8, 4.6, 4.2])=13.6, ϰ=[4.9, 5.2, 4.6], ∫ϰ²/L>=[4.8, 6.1, 6.2], C-C-Sep=0.20, ║∇J║=2.3e-03
-----On 8/20 Initial Guess Perturbations
Iteration 1281/4500-----
J=1.2e-02, ⟨Jf⟩=1.2e-03, ⟨B·n⟩=8.1e-03, Len=sum([4.8, 4.6, 4.2])=13.6, ϰ=[4.9, 5.2, 4.6], ∫ϰ²/L>=[4.8, 6.1, 6.2], C-C-Sep=0.20, ║∇J║=2.3e-03
-----On 8/20 Initial Guess Perturbations
Iteration 1282/4500-----
J=1.2e-02, ⟨Jf⟩=1.2e-03, ⟨B·n⟩=8.1e-03, Len=sum([4.8, 4.6, 4.2])=13.6, ϰ=[4.9, 5.1, 4.6], ∫ϰ²/L>=[4.8, 6.1, 6.2], C-C-Sep=0.20, ║∇J║=2.4e-03
-----On 8/20 Initial Guess Perturbations
Iteration 1283/4500-----
J=1.2e-02, ⟨Jf⟩=1.2e-03, ⟨B·n⟩=8.1e-03, Len=sum([4.8, 4.6, 4.2])=13.6, ϰ=[5.0, 5.1, 4.6], ∫ϰ²/L>=[4.8, 6.1, 6.2], C-C-Sep=0.20, ║∇J║=2.2e-03
-----On 8/20 Initial Guess Perturbations
Iteration 1284/4500-----
J=1.2e-02, ⟨Jf⟩=1.2e-03, ⟨B·n⟩=8.1e-03, Len=sum([4.8, 4.6, 4.2])=13.6, ϰ=[5.0, 5.2, 4.6], ∫ϰ²/L>=[4.8, 6.1, 6.2], C-C-Sep=0.20, ║∇J║=3.6e-03
-----On 8/20 Initial Guess Perturbations
Iteration 1285/4500-----
J=1.2e-02, ⟨Jf⟩=1.2e-03, ⟨B·n⟩=8.1e-03, Len=sum([4.8, 4.6, 4.2])=13.6, ϰ=[5.0, 5.2, 4.6], ∫ϰ²/L>=[4.8, 6.1, 6.2], C-C-Sep=0.20, ║∇J║=2.4e-03
-----On 8/20 Initial Guess Perturbations
Iteration 1286/4500-----
J=1.2e-02, ⟨Jf⟩=1.2e-03, ⟨B·n⟩=8.1e-03, Len=sum([4.8, 4.6, 4.2])=13.6, ϰ=[5.0, 5.2, 4.6], ∫ϰ²/L>=[4.8, 6.1, 6.2], C-C-Sep=0.20, ║∇J║=1.6e-03
-----On 8/20 Initial Guess Perturbations
Iteration 1287/4500-----
J=1.2e-02, ⟨Jf⟩=1.2e-03, ⟨B·n⟩=8.1e-03, Len=sum([4.8, 4.6, 4.2])=13.6, ϰ=[5.0, 5.2, 4.6], ∫ϰ²/L>=[4.8, 6.1, 6.2], C-C-Sep=0.20, ║∇J║=1.9e-03
-----On 8/20 Initial Guess Perturbations
Iteration 1288/4500-----
J=1.2e-02, ⟨Jf⟩=1.2e-03, ⟨B·n⟩=8.1e-03, Len=sum([4.8, 4.6, 4.2])=13.6, ϰ=[5.0, 5.2, 4.6], ∫ϰ²/L>=[4.8, 6.1, 6.2], C-C-Sep=0.20, ║∇J║=1.9e-03
-----On 8/20 Initial Guess Perturbations
Iteration 1289/4500-----
J=1.2e-02, ⟨Jf⟩=1.2e-03, ⟨B·n⟩=8.2e-03, Len=sum([4.8, 4.6, 4.2])=13.6, ϰ=[5.1, 5.3, 4.5], ∫ϰ²/L>=[4.8, 6.1, 6.2], C-C-Sep=0.20, ║∇J║=2.5e-03
-----On 8/20 Initial Guess Perturbations
Iteration 1290/4500-----
J=1.2e-02, ⟨Jf⟩=1.2e-03, ⟨B·n⟩=8.2e-03, Len=sum([4.8, 4.6, 4.2])=13.6, ϰ=[5.1, 5.3, 4.5], ∫ϰ²/L>=[4.8, 6.1, 6.2], C-C-Sep=0.20, ║∇J║=1.8e-03
-----On 8/20 Initial Guess Perturbations
Iteration 1291/4500-----
J=1.2e-02, ⟨Jf⟩=1.2e-03, ⟨B·n⟩=8.1e-03, Len=sum([4.8, 4.6, 4.2])=13.6, ϰ=[5.1, 5.3, 4.5], ∫ϰ²/L>=[4.8, 6.1, 6.2], C-C-Sep=0.20, ║∇J║=2.3e-03
-----On 8/20 Initial Guess Perturbations
Iteration 1292/4500-----
J=1.2e-02, ⟨Jf⟩=1.2e-03, ⟨B·n⟩=8.1e-03, Len=sum([4.8, 4.6, 4.2])=13.6, ϰ=[5.0, 5.3, 4.5], ∫ϰ²/L>=[4.8, 6.1, 6.2], C-C-Sep=0.20, ║∇J║=2.5e-03
-----On 8/20 Initial Guess Perturbations
Iteration 1293/4500-----
J=1.2e-02, ⟨Jf⟩=1.2e-03, ⟨B·n⟩=8.1e-03, Len=sum([4.8, 4.6, 4.2])=13.6, ϰ=[5.0, 5.3, 4.5], ∫ϰ²/L>=[4.8, 6.1, 6.2], C-C-Sep=0.20, ║∇J║=1.9e-03
-----On 8/20 Initial Guess Perturbations
Iteration 1294/4500-----
J=1.2e-02, ⟨Jf⟩=1.2e-03, ⟨B·n⟩=8.1e-03, Len=sum([4.8, 4.6, 4.2])=13.6, ϰ=[5.0, 5.3, 4.5], ∫ϰ²/L>=[4.8, 6.1, 6.2], C-C-Sep=0.20, ║∇J║=2.2e-03
-----On 8/20 Initial Guess Perturbations
Iteration 1295/4500-----
J=1.2e-02, ⟨Jf⟩=1.2e-03, ⟨B·n⟩=8.2e-03, Len=sum([4.8, 4.6, 4.2])=13.6, ϰ=[5.0, 5.3, 4.5], ∫ϰ²/L>=[4.8, 6.1, 6.2], C-C-Sep=0.20, ║∇J║=2.3e-03
-----On 8/20 Initial Guess Perturbations
Iteration 1296/4500-----
J=1.2e-02, ⟨Jf⟩=1.2e-03, ⟨B·n⟩=8.1e-03, Len=sum([4.8, 4.6, 4.2])=13.6, ϰ=[5.0, 5.3, 4.5], ∫ϰ²/L>=[4.8, 6.2, 6.2], C-C-Sep=0.20, ║∇J║=2.2e-03
-----On 8/20 Initial Guess Perturbations
Iteration 1297/4500-----
J=1.2e-02, ⟨Jf⟩=1.2e-03, ⟨B·n⟩=8.2e-03, Len=sum([4.8, 4.6, 4.2])=13.6, ϰ=[5.0, 5.3, 4.5], ∫ϰ²/L>=[4.8, 6.2, 6.2], C-C-Sep=0.20, ║∇J║=2.5e-03
-----On 8/20 Initial Guess Perturbations
Iteration 1298/4500-----
J=1.2e-02, ⟨Jf⟩=1.2e-03, ⟨B·n⟩=8.1e-03, Len=sum([4.8, 4.6, 4.2])=13.6, ϰ=[5.0, 5.3, 4.5], ∫ϰ²/L>=[4.8, 6.2, 6.2], C-C-Sep=0.20, ║∇J║=2.5e-03
-----On 8/20 Initial Guess Perturbations
Iteration 1299/4500-----
J=1.2e-02, ⟨Jf⟩=1.2e-03, ⟨B·n⟩=8.2e-03, Len=sum([4.8, 4.6, 4.2])=13.6, ϰ=[5.0, 5.3, 4.5], ∫ϰ²/L>=[4.8, 6.2, 6.2], C-C-Sep=0.20, ║∇J║=2.1e-03
-----On 8/20 Initial Guess Perturbations
Iteration 1300/4500-----
J=1.2e-02, ⟨Jf⟩=1.2e-03, ⟨B·n⟩=8.2e-03, Len=sum([4.8, 4.6, 4.2])=13.6, ϰ=[5.0, 5.3, 4.5], ∫ϰ²/L>=[4.8, 6.2, 6.3], C-C-Sep=0.20, ║∇J║=2.5e-03
-----On 8/20 Initial Guess Perturbations
Iteration 1301/4500-----
J=1.2e-02, ⟨Jf⟩=1.2e-03, ⟨B·n⟩=8.2e-03, Len=sum([4.8, 4.6, 4.2])=13.6, ϰ=[5.0, 5.3, 4.5], ∫ϰ²/L>=[4.8, 6.2, 6.3], C-C-Sep=0.20, ║∇J║=2.2e-03
-----On 8/20 Initial Guess Perturbations
Iteration 1302/4500-----
J=1.2e-02, ⟨Jf⟩=1.2e-03, ⟨B·n⟩=8.2e-03, Len=sum([4.8, 4.6, 4.2])=13.6, ϰ=[5.0, 5.2, 4.5], ∫ϰ²/L>=[4.8, 6.2, 6.3], C-C-Sep=0.20, ║∇J║=1.9e-03
-----On 8/20 Initial Guess Perturbations
Iteration 1303/4500-----
J=1.2e-02, ⟨Jf⟩=1.2e-03, ⟨B·n⟩=8.2e-03, Len=sum([4.8, 4.6, 4.2])=13.6, ϰ=[5.0, 5.2, 4.5], ∫ϰ²/L>=[4.8, 6.1, 6.2], C-C-Sep=0.20, ║∇J║=2.0e-03
-----On 8/20 Initial Guess Perturbations
Iteration 1304/4500-----
J=1.2e-02, ⟨Jf⟩=1.2e-03, ⟨B·n⟩=8.2e-03, Len=sum([4.8, 4.6, 4.2])=13.6, ϰ=[5.0, 5.2, 4.5], ∫ϰ²/L>=[4.8, 6.2, 6.2], C-C-Sep=0.20, ║∇J║=2.3e-03
-----On 8/20 Initial Guess Perturbations
Iteration 1305/4500-----
J=1.2e-02, ⟨Jf⟩=1.2e-03, ⟨B·n⟩=8.2e-03, Len=sum([4.8, 4.6, 4.2])=13.6, ϰ=[5.0, 5.2, 4.5], ∫ϰ²/L>=[4.8, 6.2, 6.2], C-C-Sep=0.20, ║∇J║=1.9e-03
-----On 8/20 Initial Guess Perturbations
Iteration 1306/4500-----
J=1.2e-02, ⟨Jf⟩=1.2e-03, ⟨B·n⟩=8.2e-03, Len=sum([4.8, 4.6, 4.2])=13.6, ϰ=[4.9, 5.2, 4.5], ∫ϰ²/L>=[4.8, 6.2, 6.2], C-C-Sep=0.20, ║∇J║=2.0e-03
-----On 8/20 Initial Guess Perturbations
Iteration 1307/4500-----
J=1.2e-02, ⟨Jf⟩=1.2e-03, ⟨B·n⟩=8.2e-03, Len=sum([4.8, 4.6, 4.2])=13.6, ϰ=[4.9, 5.2, 4.4], ∫ϰ²/L>=[4.8, 6.2, 6.2], C-C-Sep=0.20, ║∇J║=2.1e-03
-----On 8/20 Initial Guess Perturbations
Iteration 1308/4500-----
J=1.2e-02, ⟨Jf⟩=1.2e-03, ⟨B·n⟩=8.2e-03, Len=sum([4.8, 4.6, 4.2])=13.6, ϰ=[4.9, 5.2, 4.4], ∫ϰ²/L>=[4.8, 6.2, 6.2], C-C-Sep=0.20, ║∇J║=1.8e-03
-----On 8/20 Initial Guess Perturbations
Iteration 1309/4500-----
J=1.2e-02, ⟨Jf⟩=1.2e-03, ⟨B·n⟩=8.2e-03, Len=sum([4.8, 4.6, 4.2])=13.6, ϰ=[4.9, 5.2, 4.5], ∫ϰ²/L>=[4.8, 6.2, 6.2], C-C-Sep=0.20, ║∇J║=1.8e-03
-----On 8/20 Initial Guess Perturbations
Iteration 1310/4500-----
J=1.2e-02, ⟨Jf⟩=1.2e-03, ⟨B·n⟩=8.2e-03, Len=sum([4.8, 4.6, 4.2])=13.6, ϰ=[4.9, 5.2, 4.5], ∫ϰ²/L>=[4.8, 6.1, 6.2], C-C-Sep=0.20, ║∇J║=2.1e-03
-----On 8/20 Initial Guess Perturbations
Iteration 1311/4500-----
J=1.2e-02, ⟨Jf⟩=1.2e-03, ⟨B·n⟩=8.2e-03, Len=sum([4.8, 4.6, 4.2])=13.6, ϰ=[4.9, 5.2, 4.5], ∫ϰ²/L>=[4.8, 6.2, 6.2], C-C-Sep=0.20, ║∇J║=2.1e-03
-----On 8/20 Initial Guess Perturbations
Iteration 1312/4500-----
J=1.2e-02, ⟨Jf⟩=1.2e-03, ⟨B·n⟩=8.2e-03, Len=sum([4.8, 4.6, 4.2])=13.6, ϰ=[4.9, 5.3, 4.6], ∫ϰ²/L>=[4.8, 6.1, 6.2], C-C-Sep=0.20, ║∇J║=2.0e-03
-----On 8/20 Initial Guess Perturbations
Iteration 1313/4500-----
J=1.2e-02, ⟨Jf⟩=1.2e-03, ⟨B·n⟩=8.2e-03, Len=sum([4.8, 4.6, 4.2])=13.6, ϰ=[4.9, 5.3, 4.6], ∫ϰ²/L>=[4.8, 6.1, 6.2], C-C-Sep=0.20, ║∇J║=2.3e-03
-----On 8/20 Initial Guess Perturbations
Iteration 1314/4500-----
J=1.2e-02, ⟨Jf⟩=1.2e-03, ⟨B·n⟩=8.2e-03, Len=sum([4.8, 4.6, 4.2])=13.6, ϰ=[4.9, 5.3, 4.6], ∫ϰ²/L>=[4.8, 6.1, 6.2], C-C-Sep=0.20, ║∇J║=2.1e-03
-----On 8/20 Initial Guess Perturbations
Iteration 1315/4500-----
J=1.2e-02, ⟨Jf⟩=1.2e-03, ⟨B·n⟩=8.2e-03, Len=sum([4.8, 4.6, 4.2])=13.6, ϰ=[4.9, 5.3, 4.6], ∫ϰ²/L>=[4.8, 6.1, 6.2], C-C-Sep=0.20, ║∇J║=2.3e-03
-----On 8/20 Initial Guess Perturbations
Iteration 1316/4500-----
J=1.2e-02, ⟨Jf⟩=1.2e-03, ⟨B·n⟩=8.2e-03, Len=sum([4.8, 4.6, 4.2])=13.6, ϰ=[4.9, 5.2, 4.6], ∫ϰ²/L>=[4.8, 6.1, 6.2], C-C-Sep=0.20, ║∇J║=2.3e-03
-----On 8/20 Initial Guess Perturbations
Iteration 1317/4500-----
J=1.2e-02, ⟨Jf⟩=1.2e-03, ⟨B·n⟩=8.2e-03, Len=sum([4.8, 4.6, 4.2])=13.6, ϰ=[4.8, 5.3, 4.6], ∫ϰ²/L>=[4.8, 6.1, 6.2], C-C-Sep=0.20, ║∇J║=2.1e-03
-----On 8/20 Initial Guess Perturbations
Iteration 1318/4500-----
J=1.2e-02, ⟨Jf⟩=1.2e-03, ⟨B·n⟩=8.2e-03, Len=sum([4.8, 4.6, 4.2])=13.6, ϰ=[4.9, 5.3, 4.6], ∫ϰ²/L>=[4.8, 6.2, 6.2], C-C-Sep=0.20, ║∇J║=2.4e-03
-----On 8/20 Initial Guess Perturbations
Iteration 1319/4500-----
J=1.2e-02, ⟨Jf⟩=1.2e-03, ⟨B·n⟩=8.2e-03, Len=sum([4.8, 4.6, 4.2])=13.6, ϰ=[4.8, 5.3, 4.5], ∫ϰ²/L>=[4.8, 6.1, 6.2], C-C-Sep=0.20, ║∇J║=2.0e-03
-----On 8/20 Initial Guess Perturbations
Iteration 1320/4500-----
J=1.2e-02, ⟨Jf⟩=1.2e-03, ⟨B·n⟩=8.2e-03, Len=sum([4.8, 4.6, 4.2])=13.6, ϰ=[4.8, 5.3, 4.5], ∫ϰ²/L>=[4.8, 6.1, 6.2], C-C-Sep=0.20, ║∇J║=1.9e-03
-----On 8/20 Initial Guess Perturbations
Iteration 1321/4500-----
J=1.2e-02, ⟨Jf⟩=1.2e-03, ⟨B·n⟩=8.2e-03, Len=sum([4.8, 4.6, 4.2])=13.6, ϰ=[4.8, 5.3, 4.5], ∫ϰ²/L>=[4.8, 6.1, 6.2], C-C-Sep=0.20, ║∇J║=1.9e-03
-----On 8/20 Initial Guess Perturbations
Iteration 1322/4500-----
J=1.2e-02, ⟨Jf⟩=1.2e-03, ⟨B·n⟩=8.2e-03, Len=sum([4.8, 4.6, 4.2])=13.6, ϰ=[4.8, 5.3, 4.5], ∫ϰ²/L>=[4.8, 6.1, 6.2], C-C-Sep=0.20, ║∇J║=1.6e-03
-----On 8/20 Initial Guess Perturbations
Iteration 1323/4500-----
J=1.2e-02, ⟨Jf⟩=1.2e-03, ⟨B·n⟩=8.2e-03, Len=sum([4.8, 4.6, 4.2])=13.6, ϰ=[4.8, 5.4, 4.5], ∫ϰ²/L>=[4.8, 6.1, 6.2], C-C-Sep=0.20, ║∇J║=2.0e-03
-----On 8/20 Initial Guess Perturbations
Iteration 1324/4500-----
J=1.2e-02, ⟨Jf⟩=1.2e-03, ⟨B·n⟩=8.2e-03, Len=sum([4.8, 4.6, 4.2])=13.6, ϰ=[4.9, 5.3, 4.5], ∫ϰ²/L>=[4.8, 6.1, 6.2], C-C-Sep=0.20, ║∇J║=1.9e-03
-----On 8/20 Initial Guess Perturbations
Iteration 1325/4500-----
J=1.2e-02, ⟨Jf⟩=1.2e-03, ⟨B·n⟩=8.2e-03, Len=sum([4.8, 4.6, 4.2])=13.6, ϰ=[4.9, 5.3, 4.5], ∫ϰ²/L>=[4.8, 6.2, 6.2], C-C-Sep=0.20, ║∇J║=2.0e-03
-----On 8/20 Initial Guess Perturbations
Iteration 1326/4500-----
J=1.2e-02, ⟨Jf⟩=1.2e-03, ⟨B·n⟩=8.2e-03, Len=sum([4.8, 4.6, 4.2])=13.6, ϰ=[4.9, 5.3, 4.5], ∫ϰ²/L>=[4.8, 6.1, 6.2], C-C-Sep=0.20, ║∇J║=2.6e-03
-----On 8/20 Initial Guess Perturbations
Iteration 1327/4500-----
J=1.2e-02, ⟨Jf⟩=1.2e-03, ⟨B·n⟩=8.2e-03, Len=sum([4.8, 4.6, 4.2])=13.6, ϰ=[4.9, 5.3, 4.5], ∫ϰ²/L>=[4.8, 6.2, 6.2], C-C-Sep=0.20, ║∇J║=2.2e-03
-----On 8/20 Initial Guess Perturbations
Iteration 1328/4500-----
J=1.2e-02, ⟨Jf⟩=1.2e-03, ⟨B·n⟩=8.2e-03, Len=sum([4.8, 4.6, 4.2])=13.6, ϰ=[4.9, 5.3, 4.5], ∫ϰ²/L>=[4.8, 6.1, 6.2], C-C-Sep=0.20, ║∇J║=1.6e-03
-----On 8/20 Initial Guess Perturbations
Iteration 1329/4500-----
J=1.2e-02, ⟨Jf⟩=1.2e-03, ⟨B·n⟩=8.2e-03, Len=sum([4.8, 4.6, 4.2])=13.6, ϰ=[4.9, 5.3, 4.4], ∫ϰ²/L>=[4.8, 6.1, 6.2], C-C-Sep=0.20, ║∇J║=1.6e-03
-----On 8/20 Initial Guess Perturbations
Iteration 1330/4500-----
J=1.2e-02, ⟨Jf⟩=1.2e-03, ⟨B·n⟩=8.2e-03, Len=sum([4.8, 4.6, 4.2])=13.6, ϰ=[4.9, 5.3, 4.4], ∫ϰ²/L>=[4.8, 6.1, 6.2], C-C-Sep=0.20, ║∇J║=1.6e-03
-----On 8/20 Initial Guess Perturbations
Iteration 1331/4500-----
J=1.2e-02, ⟨Jf⟩=1.2e-03, ⟨B·n⟩=8.2e-03, Len=sum([4.8, 4.6, 4.2])=13.6, ϰ=[4.9, 5.2, 4.4], ∫ϰ²/L>=[4.8, 6.1, 6.2], C-C-Sep=0.20, ║∇J║=1.5e-03
-----On 8/20 Initial Guess Perturbations
Iteration 1332/4500-----
J=1.2e-02, ⟨Jf⟩=1.2e-03, ⟨B·n⟩=8.2e-03, Len=sum([4.8, 4.6, 4.2])=13.6, ϰ=[4.9, 5.2, 4.5], ∫ϰ²/L>=[4.7, 6.1, 6.2], C-C-Sep=0.20, ║∇J║=1.7e-03
-----On 8/20 Initial Guess Perturbations
Iteration 1333/4500-----
J=1.2e-02, ⟨Jf⟩=1.2e-03, ⟨B·n⟩=8.2e-03, Len=sum([4.8, 4.6, 4.2])=13.6, ϰ=[4.9, 5.2, 4.5], ∫ϰ²/L>=[4.7, 6.1, 6.2], C-C-Sep=0.20, ║∇J║=2.1e-03
-----On 8/20 Initial Guess Perturbations
Iteration 1334/4500-----
J=1.2e-02, ⟨Jf⟩=1.2e-03, ⟨B·n⟩=8.2e-03, Len=sum([4.8, 4.6, 4.2])=13.6, ϰ=[4.9, 5.2, 4.5], ∫ϰ²/L>=[4.7, 6.2, 6.2], C-C-Sep=0.20, ║∇J║=2.1e-03
-----On 8/20 Initial Guess Perturbations
Iteration 1335/4500-----
J=1.2e-02, ⟨Jf⟩=1.2e-03, ⟨B·n⟩=8.2e-03, Len=sum([4.8, 4.6, 4.2])=13.6, ϰ=[4.9, 5.1, 4.5], ∫ϰ²/L>=[4.7, 6.2, 6.2], C-C-Sep=0.20, ║∇J║=1.9e-03
-----On 8/20 Initial Guess Perturbations
Iteration 1336/4500-----
J=1.2e-02, ⟨Jf⟩=1.2e-03, ⟨B·n⟩=8.2e-03, Len=sum([4.8, 4.6, 4.2])=13.6, ϰ=[5.0, 5.1, 4.5], ∫ϰ²/L>=[4.7, 6.2, 6.2], C-C-Sep=0.20, ║∇J║=1.9e-03
-----On 8/20 Initial Guess Perturbations
Iteration 1337/4500-----
J=1.2e-02, ⟨Jf⟩=1.2e-03, ⟨B·n⟩=8.2e-03, Len=sum([4.8, 4.6, 4.2])=13.6, ϰ=[5.0, 5.1, 4.5], ∫ϰ²/L>=[4.7, 6.2, 6.2], C-C-Sep=0.20, ║∇J║=2.3e-03
-----On 8/20 Initial Guess Perturbations
Iteration 1338/4500-----
J=1.2e-02, ⟨Jf⟩=1.2e-03, ⟨B·n⟩=8.2e-03, Len=sum([4.8, 4.6, 4.2])=13.6, ϰ=[5.0, 5.1, 4.5], ∫ϰ²/L>=[4.7, 6.2, 6.2], C-C-Sep=0.20, ║∇J║=2.1e-03
-----On 8/20 Initial Guess Perturbations
Iteration 1339/4500-----
J=1.2e-02, ⟨Jf⟩=1.2e-03, ⟨B·n⟩=8.2e-03, Len=sum([4.8, 4.6, 4.2])=13.6, ϰ=[5.0, 5.1, 4.5], ∫ϰ²/L>=[4.7, 6.2, 6.2], C-C-Sep=0.20, ║∇J║=1.9e-03
-----On 8/20 Initial Guess Perturbations
Iteration 1340/4500-----
J=1.2e-02, ⟨Jf⟩=1.2e-03, ⟨B·n⟩=8.2e-03, Len=sum([4.8, 4.6, 4.2])=13.6, ϰ=[5.0, 5.2, 4.6], ∫ϰ²/L>=[4.7, 6.2, 6.2], C-C-Sep=0.20, ║∇J║=2.2e-03
-----On 8/20 Initial Guess Perturbations
Iteration 1341/4500-----
J=1.2e-02, ⟨Jf⟩=1.2e-03, ⟨B·n⟩=8.2e-03, Len=sum([4.8, 4.6, 4.2])=13.6, ϰ=[5.0, 5.2, 4.6], ∫ϰ²/L>=[4.7, 6.2, 6.2], C-C-Sep=0.20, ║∇J║=1.6e-03
-----On 8/20 Initial Guess Perturbations
Iteration 1342/4500-----
J=1.2e-02, ⟨Jf⟩=1.2e-03, ⟨B·n⟩=8.2e-03, Len=sum([4.8, 4.6, 4.2])=13.6, ϰ=[5.0, 5.2, 4.6], ∫ϰ²/L>=[4.7, 6.2, 6.2], C-C-Sep=0.20, ║∇J║=1.5e-03
-----On 8/20 Initial Guess Perturbations
Iteration 1343/4500-----
J=1.2e-02, ⟨Jf⟩=1.2e-03, ⟨B·n⟩=8.2e-03, Len=sum([4.8, 4.6, 4.2])=13.6, ϰ=[5.0, 5.2, 4.6], ∫ϰ²/L>=[4.7, 6.2, 6.2], C-C-Sep=0.20, ║∇J║=1.9e-03
-----On 8/20 Initial Guess Perturbations
Iteration 1344/4500-----
J=1.2e-02, ⟨Jf⟩=1.2e-03, ⟨B·n⟩=8.2e-03, Len=sum([4.8, 4.6, 4.2])=13.6, ϰ=[4.9, 5.2, 4.6], ∫ϰ²/L>=[4.7, 6.2, 6.2], C-C-Sep=0.20, ║∇J║=1.9e-03
-----On 8/20 Initial Guess Perturbations
Iteration 1345/4500-----
J=1.2e-02, ⟨Jf⟩=1.2e-03, ⟨B·n⟩=8.2e-03, Len=sum([4.8, 4.6, 4.2])=13.6, ϰ=[4.9, 5.2, 4.6], ∫ϰ²/L>=[4.7, 6.2, 6.2], C-C-Sep=0.20, ║∇J║=1.7e-03
-----On 8/20 Initial Guess Perturbations
Iteration 1346/4500-----
J=1.2e-02, ⟨Jf⟩=1.2e-03, ⟨B·n⟩=8.2e-03, Len=sum([4.8, 4.6, 4.2])=13.6, ϰ=[4.9, 5.2, 4.6], ∫ϰ²/L>=[4.7, 6.2, 6.2], C-C-Sep=0.20, ║∇J║=1.6e-03
-----On 8/20 Initial Guess Perturbations
Iteration 1347/4500-----
J=1.2e-02, ⟨Jf⟩=1.2e-03, ⟨B·n⟩=8.2e-03, Len=sum([4.8, 4.6, 4.2])=13.6, ϰ=[4.9, 5.2, 4.5], ∫ϰ²/L>=[4.7, 6.2, 6.2], C-C-Sep=0.20, ║∇J║=2.1e-03
-----On 8/20 Initial Guess Perturbations
Iteration 1348/4500-----
J=1.2e-02, ⟨Jf⟩=1.2e-03, ⟨B·n⟩=8.2e-03, Len=sum([4.8, 4.6, 4.2])=13.6, ϰ=[4.9, 5.2, 4.5], ∫ϰ²/L>=[4.7, 6.2, 6.2], C-C-Sep=0.20, ║∇J║=2.1e-03
-----On 8/20 Initial Guess Perturbations
Iteration 1349/4500-----
J=1.2e-02, ⟨Jf⟩=1.2e-03, ⟨B·n⟩=8.2e-03, Len=sum([4.8, 4.6, 4.2])=13.6, ϰ=[4.9, 5.3, 4.5], ∫ϰ²/L>=[4.7, 6.2, 6.2], C-C-Sep=0.20, ║∇J║=1.9e-03
-----On 8/20 Initial Guess Perturbations
Iteration 1350/4500-----
J=1.2e-02, ⟨Jf⟩=1.2e-03, ⟨B·n⟩=8.2e-03, Len=sum([4.8, 4.6, 4.2])=13.6, ϰ=[4.9, 5.3, 4.4], ∫ϰ²/L>=[4.7, 6.2, 6.2], C-C-Sep=0.20, ║∇J║=2.6e-03
-----On 8/20 Initial Guess Perturbations
Iteration 1351/4500-----
J=1.2e-02, ⟨Jf⟩=1.2e-03, ⟨B·n⟩=8.2e-03, Len=sum([4.8, 4.6, 4.2])=13.6, ϰ=[4.9, 5.3, 4.5], ∫ϰ²/L>=[4.7, 6.2, 6.2], C-C-Sep=0.20, ║∇J║=1.8e-03
-----On 8/20 Initial Guess Perturbations
Iteration 1352/4500-----
J=1.2e-02, ⟨Jf⟩=1.2e-03, ⟨B·n⟩=8.2e-03, Len=sum([4.8, 4.6, 4.2])=13.6, ϰ=[4.9, 5.3, 4.5], ∫ϰ²/L>=[4.7, 6.2, 6.2], C-C-Sep=0.20, ║∇J║=2.4e-03
-----On 8/20 Initial Guess Perturbations
Iteration 1353/4500-----
J=1.2e-02, ⟨Jf⟩=1.2e-03, ⟨B·n⟩=8.2e-03, Len=sum([4.8, 4.6, 4.2])=13.6, ϰ=[4.9, 5.3, 4.5], ∫ϰ²/L>=[4.7, 6.2, 6.2], C-C-Sep=0.20, ║∇J║=1.9e-03
-----On 8/20 Initial Guess Perturbations
Iteration 1354/4500-----
J=1.2e-02, ⟨Jf⟩=1.2e-03, ⟨B·n⟩=8.2e-03, Len=sum([4.8, 4.6, 4.2])=13.6, ϰ=[4.9, 5.3, 4.5], ∫ϰ²/L>=[4.7, 6.2, 6.2], C-C-Sep=0.20, ║∇J║=1.9e-03
-----On 8/20 Initial Guess Perturbations
Iteration 1355/4500-----
J=1.2e-02, ⟨Jf⟩=1.2e-03, ⟨B·n⟩=8.2e-03, Len=sum([4.8, 4.6, 4.2])=13.6, ϰ=[4.9, 5.3, 4.5], ∫ϰ²/L>=[4.7, 6.2, 6.2], C-C-Sep=0.20, ║∇J║=1.8e-03
-----On 8/20 Initial Guess Perturbations
Iteration 1356/4500-----
J=1.2e-02, ⟨Jf⟩=1.2e-03, ⟨B·n⟩=8.2e-03, Len=sum([4.8, 4.6, 4.2])=13.6, ϰ=[4.9, 5.3, 4.5], ∫ϰ²/L>=[4.7, 6.2, 6.2], C-C-Sep=0.20, ║∇J║=1.7e-03
-----On 8/20 Initial Guess Perturbations
Iteration 1357/4500-----
J=1.2e-02, ⟨Jf⟩=1.2e-03, ⟨B·n⟩=8.2e-03, Len=sum([4.8, 4.6, 4.2])=13.6, ϰ=[4.9, 5.3, 4.5], ∫ϰ²/L>=[4.7, 6.2, 6.2], C-C-Sep=0.20, ║∇J║=2.1e-03
-----On 8/20 Initial Guess Perturbations
Iteration 1358/4500-----
J=1.2e-02, ⟨Jf⟩=1.2e-03, ⟨B·n⟩=8.2e-03, Len=sum([4.8, 4.6, 4.2])=13.6, ϰ=[4.9, 5.3, 4.5], ∫ϰ²/L>=[4.7, 6.2, 6.2], C-C-Sep=0.20, ║∇J║=1.8e-03
-----On 8/20 Initial Guess Perturbations
Iteration 1359/4500-----
J=1.2e-02, ⟨Jf⟩=1.2e-03, ⟨B·n⟩=8.2e-03, Len=sum([4.8, 4.6, 4.2])=13.6, ϰ=[4.9, 5.3, 4.5], ∫ϰ²/L>=[4.7, 6.2, 6.2], C-C-Sep=0.20, ║∇J║=1.6e-03
-----On 8/20 Initial Guess Perturbations
Iteration 1360/4500-----
J=1.2e-02, ⟨Jf⟩=1.2e-03, ⟨B·n⟩=8.2e-03, Len=sum([4.8, 4.6, 4.2])=13.6, ϰ=[4.8, 5.2, 4.5], ∫ϰ²/L>=[4.7, 6.2, 6.2], C-C-Sep=0.20, ║∇J║=2.1e-03
-----On 8/20 Initial Guess Perturbations
Iteration 1361/4500-----
J=1.2e-02, ⟨Jf⟩=1.2e-03, ⟨B·n⟩=8.2e-03, Len=sum([4.8, 4.6, 4.2])=13.6, ϰ=[4.8, 5.2, 4.5], ∫ϰ²/L>=[4.7, 6.2, 6.2], C-C-Sep=0.20, ║∇J║=2.0e-03
-----On 8/20 Initial Guess Perturbations
Iteration 1362/4500-----
J=1.2e-02, ⟨Jf⟩=1.2e-03, ⟨B·n⟩=8.2e-03, Len=sum([4.8, 4.6, 4.2])=13.6, ϰ=[4.8, 5.2, 4.6], ∫ϰ²/L>=[4.7, 6.2, 6.2], C-C-Sep=0.20, ║∇J║=1.9e-03
-----On 8/20 Initial Guess Perturbations
Iteration 1363/4500-----
J=1.2e-02, ⟨Jf⟩=1.2e-03, ⟨B·n⟩=8.2e-03, Len=sum([4.8, 4.6, 4.2])=13.6, ϰ=[4.8, 5.3, 4.6], ∫ϰ²/L>=[4.7, 6.2, 6.2], C-C-Sep=0.20, ║∇J║=2.4e-03
-----On 8/20 Initial Guess Perturbations
Iteration 1364/4500-----
J=1.2e-02, ⟨Jf⟩=1.2e-03, ⟨B·n⟩=8.2e-03, Len=sum([4.8, 4.6, 4.2])=13.6, ϰ=[4.8, 5.3, 4.6], ∫ϰ²/L>=[4.7, 6.2, 6.2], C-C-Sep=0.20, ║∇J║=2.5e-03
-----On 8/20 Initial Guess Perturbations
Iteration 1365/4500-----
J=1.2e-02, ⟨Jf⟩=1.2e-03, ⟨B·n⟩=8.2e-03, Len=sum([4.8, 4.6, 4.2])=13.6, ϰ=[4.9, 5.3, 4.6], ∫ϰ²/L>=[4.7, 6.2, 6.3], C-C-Sep=0.20, ║∇J║=2.3e-03
-----On 8/20 Initial Guess Perturbations
Iteration 1366/4500-----
J=1.2e-02, ⟨Jf⟩=1.2e-03, ⟨B·n⟩=8.2e-03, Len=sum([4.8, 4.6, 4.2])=13.6, ϰ=[4.8, 5.3, 4.6], ∫ϰ²/L>=[4.7, 6.2, 6.3], C-C-Sep=0.20, ║∇J║=2.2e-03
-----On 8/20 Initial Guess Perturbations
Iteration 1367/4500-----
J=1.2e-02, ⟨Jf⟩=1.2e-03, ⟨B·n⟩=8.2e-03, Len=sum([4.8, 4.6, 4.2])=13.6, ϰ=[4.9, 5.3, 4.6], ∫ϰ²/L>=[4.7, 6.2, 6.3], C-C-Sep=0.20, ║∇J║=2.3e-03
-----On 8/20 Initial Guess Perturbations
Iteration 1368/4500-----
J=1.2e-02, ⟨Jf⟩=1.2e-03, ⟨B·n⟩=8.2e-03, Len=sum([4.8, 4.6, 4.2])=13.6, ϰ=[4.9, 5.3, 4.6], ∫ϰ²/L>=[4.7, 6.2, 6.3], C-C-Sep=0.20, ║∇J║=2.0e-03
-----On 8/20 Initial Guess Perturbations
Iteration 1369/4500-----
J=1.2e-02, ⟨Jf⟩=1.2e-03, ⟨B·n⟩=8.2e-03, Len=sum([4.8, 4.6, 4.2])=13.6, ϰ=[4.9, 5.3, 4.6], ∫ϰ²/L>=[4.7, 6.2, 6.3], C-C-Sep=0.20, ║∇J║=1.8e-03
-----On 8/20 Initial Guess Perturbations
Iteration 1370/4500-----
J=1.2e-02, ⟨Jf⟩=1.2e-03, ⟨B·n⟩=8.2e-03, Len=sum([4.8, 4.6, 4.2])=13.6, ϰ=[4.9, 5.3, 4.7], ∫ϰ²/L>=[4.7, 6.2, 6.3], C-C-Sep=0.20, ║∇J║=2.1e-03
-----On 8/20 Initial Guess Perturbations
Iteration 1371/4500-----
J=1.2e-02, ⟨Jf⟩=1.2e-03, ⟨B·n⟩=8.2e-03, Len=sum([4.8, 4.6, 4.2])=13.6, ϰ=[4.9, 5.3, 4.7], ∫ϰ²/L>=[4.7, 6.2, 6.3], C-C-Sep=0.20, ║∇J║=2.0e-03
-----On 8/20 Initial Guess Perturbations
Iteration 1372/4500-----
J=1.2e-02, ⟨Jf⟩=1.2e-03, ⟨B·n⟩=8.2e-03, Len=sum([4.8, 4.6, 4.2])=13.6, ϰ=[4.9, 5.2, 4.7], ∫ϰ²/L>=[4.7, 6.2, 6.3], C-C-Sep=0.20, ║∇J║=1.8e-03
-----On 8/20 Initial Guess Perturbations
Iteration 1373/4500-----
J=1.2e-02, ⟨Jf⟩=1.2e-03, ⟨B·n⟩=8.2e-03, Len=sum([4.8, 4.6, 4.2])=13.6, ϰ=[4.9, 5.2, 4.7], ∫ϰ²/L>=[4.7, 6.2, 6.3], C-C-Sep=0.20, ║∇J║=1.8e-03
-----On 8/20 Initial Guess Perturbations
Iteration 1374/4500-----
J=1.2e-02, ⟨Jf⟩=1.2e-03, ⟨B·n⟩=8.2e-03, Len=sum([4.8, 4.6, 4.2])=13.6, ϰ=[4.9, 5.2, 4.7], ∫ϰ²/L>=[4.7, 6.2, 6.3], C-C-Sep=0.20, ║∇J║=2.1e-03
-----On 8/20 Initial Guess Perturbations
Iteration 1375/4500-----
J=1.2e-02, ⟨Jf⟩=1.2e-03, ⟨B·n⟩=8.2e-03, Len=sum([4.8, 4.6, 4.2])=13.6, ϰ=[4.9, 5.1, 4.7], ∫ϰ²/L>=[4.7, 6.2, 6.3], C-C-Sep=0.20, ║∇J║=2.4e-03
-----On 8/20 Initial Guess Perturbations
Iteration 1376/4500-----
J=1.2e-02, ⟨Jf⟩=1.2e-03, ⟨B·n⟩=8.2e-03, Len=sum([4.8, 4.6, 4.2])=13.6, ϰ=[4.9, 5.1, 4.7], ∫ϰ²/L>=[4.7, 6.2, 6.3], C-C-Sep=0.20, ║∇J║=3.2e-03
-----On 8/20 Initial Guess Perturbations
Iteration 1377/4500-----
J=1.2e-02, ⟨Jf⟩=1.2e-03, ⟨B·n⟩=8.2e-03, Len=sum([4.8, 4.6, 4.2])=13.6, ϰ=[4.9, 5.1, 4.7], ∫ϰ²/L>=[4.7, 6.2, 6.3], C-C-Sep=0.20, ║∇J║=2.2e-03
-----On 8/20 Initial Guess Perturbations
Iteration 1378/4500-----
J=1.2e-02, ⟨Jf⟩=1.2e-03, ⟨B·n⟩=8.2e-03, Len=sum([4.8, 4.6, 4.2])=13.6, ϰ=[4.9, 5.1, 4.7], ∫ϰ²/L>=[4.7, 6.2, 6.3], C-C-Sep=0.20, ║∇J║=1.9e-03
-----On 8/20 Initial Guess Perturbations
Iteration 1379/4500-----
J=1.2e-02, ⟨Jf⟩=1.2e-03, ⟨B·n⟩=8.2e-03, Len=sum([4.8, 4.6, 4.2])=13.6, ϰ=[4.9, 5.1, 4.7], ∫ϰ²/L>=[4.7, 6.2, 6.3], C-C-Sep=0.20, ║∇J║=1.8e-03
-----On 8/20 Initial Guess Perturbations
Iteration 1380/4500-----
J=1.2e-02, ⟨Jf⟩=1.2e-03, ⟨B·n⟩=8.2e-03, Len=sum([4.8, 4.6, 4.2])=13.6, ϰ=[4.9, 5.1, 4.7], ∫ϰ²/L>=[4.8, 6.2, 6.3], C-C-Sep=0.20, ║∇J║=1.9e-03
-----On 8/20 Initial Guess Perturbations
Iteration 1381/4500-----
J=1.2e-02, ⟨Jf⟩=1.2e-03, ⟨B·n⟩=8.2e-03, Len=sum([4.8, 4.6, 4.2])=13.6, ϰ=[4.9, 5.2, 4.6], ∫ϰ²/L>=[4.8, 6.2, 6.3], C-C-Sep=0.20, ║∇J║=2.4e-03
-----On 8/20 Initial Guess Perturbations
Iteration 1382/4500-----
J=1.2e-02, ⟨Jf⟩=1.2e-03, ⟨B·n⟩=8.2e-03, Len=sum([4.8, 4.6, 4.2])=13.6, ϰ=[4.9, 5.2, 4.6], ∫ϰ²/L>=[4.8, 6.2, 6.3], C-C-Sep=0.20, ║∇J║=1.9e-03
-----On 8/20 Initial Guess Perturbations
Iteration 1383/4500-----
J=1.2e-02, ⟨Jf⟩=1.2e-03, ⟨B·n⟩=8.2e-03, Len=sum([4.8, 4.6, 4.2])=13.6, ϰ=[4.9, 5.2, 4.6], ∫ϰ²/L>=[4.8, 6.2, 6.3], C-C-Sep=0.20, ║∇J║=2.2e-03
-----On 8/20 Initial Guess Perturbations
Iteration 1384/4500-----
J=1.2e-02, ⟨Jf⟩=1.2e-03, ⟨B·n⟩=8.2e-03, Len=sum([4.8, 4.6, 4.2])=13.5, ϰ=[4.9, 5.2, 4.6], ∫ϰ²/L>=[4.7, 6.2, 6.3], C-C-Sep=0.20, ║∇J║=2.3e-03
-----On 8/20 Initial Guess Perturbations
Iteration 1385/4500-----
J=1.2e-02, ⟨Jf⟩=1.2e-03, ⟨B·n⟩=8.2e-03, Len=sum([4.8, 4.6, 4.2])=13.5, ϰ=[4.9, 5.2, 4.6], ∫ϰ²/L>=[4.8, 6.2, 6.3], C-C-Sep=0.20, ║∇J║=2.4e-03
-----On 8/20 Initial Guess Perturbations
Iteration 1386/4500-----
J=1.2e-02, ⟨Jf⟩=1.2e-03, ⟨B·n⟩=8.2e-03, Len=sum([4.8, 4.6, 4.2])=13.5, ϰ=[4.9, 5.2, 4.6], ∫ϰ²/L>=[4.7, 6.2, 6.3], C-C-Sep=0.20, ║∇J║=3.1e-03
-----On 8/20 Initial Guess Perturbations
Iteration 1387/4500-----
J=1.2e-02, ⟨Jf⟩=1.2e-03, ⟨B·n⟩=8.2e-03, Len=sum([4.8, 4.6, 4.2])=13.5, ϰ=[4.9, 5.2, 4.6], ∫ϰ²/L>=[4.7, 6.2, 6.3], C-C-Sep=0.20, ║∇J║=2.2e-03
-----On 8/20 Initial Guess Perturbations
Iteration 1388/4500-----
J=1.2e-02, ⟨Jf⟩=1.2e-03, ⟨B·n⟩=8.2e-03, Len=sum([4.8, 4.6, 4.2])=13.5, ϰ=[4.9, 5.2, 4.6], ∫ϰ²/L>=[4.7, 6.2, 6.3], C-C-Sep=0.20, ║∇J║=1.7e-03
-----On 8/20 Initial Guess Perturbations
Iteration 1389/4500-----
J=1.2e-02, ⟨Jf⟩=1.2e-03, ⟨B·n⟩=8.2e-03, Len=sum([4.8, 4.6, 4.2])=13.5, ϰ=[4.9, 5.2, 4.6], ∫ϰ²/L>=[4.7, 6.2, 6.3], C-C-Sep=0.20, ║∇J║=1.5e-03
-----On 8/20 Initial Guess Perturbations
Iteration 1390/4500-----
J=1.2e-02, ⟨Jf⟩=1.2e-03, ⟨B·n⟩=8.2e-03, Len=sum([4.8, 4.6, 4.2])=13.5, ϰ=[4.9, 5.2, 4.6], ∫ϰ²/L>=[4.7, 6.2, 6.3], C-C-Sep=0.20, ║∇J║=1.9e-03
-----On 8/20 Initial Guess Perturbations
Iteration 1391/4500-----
J=1.2e-02, ⟨Jf⟩=1.2e-03, ⟨B·n⟩=8.2e-03, Len=sum([4.8, 4.6, 4.2])=13.5, ϰ=[4.8, 5.2, 4.7], ∫ϰ²/L>=[4.7, 6.2, 6.3], C-C-Sep=0.20, ║∇J║=2.1e-03
-----On 8/20 Initial Guess Perturbations
Iteration 1392/4500-----
J=1.2e-02, ⟨Jf⟩=1.2e-03, ⟨B·n⟩=8.2e-03, Len=sum([4.8, 4.6, 4.2])=13.6, ϰ=[4.8, 5.2, 4.6], ∫ϰ²/L>=[4.8, 6.2, 6.3], C-C-Sep=0.20, ║∇J║=1.5e-03
-----On 8/20 Initial Guess Perturbations
Iteration 1393/4500-----
J=1.2e-02, ⟨Jf⟩=1.2e-03, ⟨B·n⟩=8.2e-03, Len=sum([4.8, 4.6, 4.2])=13.5, ϰ=[4.8, 5.2, 4.6], ∫ϰ²/L>=[4.8, 6.2, 6.3], C-C-Sep=0.20, ║∇J║=2.2e-03
-----On 8/20 Initial Guess Perturbations
Iteration 1394/4500-----
J=1.2e-02, ⟨Jf⟩=1.2e-03, ⟨B·n⟩=8.2e-03, Len=sum([4.8, 4.6, 4.2])=13.6, ϰ=[4.8, 5.2, 4.6], ∫ϰ²/L>=[4.8, 6.2, 6.3], C-C-Sep=0.20, ║∇J║=1.7e-03
-----On 8/20 Initial Guess Perturbations
Iteration 1395/4500-----
J=1.2e-02, ⟨Jf⟩=1.2e-03, ⟨B·n⟩=8.2e-03, Len=sum([4.8, 4.6, 4.2])=13.6, ϰ=[4.8, 5.2, 4.6], ∫ϰ²/L>=[4.8, 6.2, 6.3], C-C-Sep=0.20, ║∇J║=1.8e-03
-----On 8/20 Initial Guess Perturbations
Iteration 1396/4500-----
J=1.2e-02, ⟨Jf⟩=1.2e-03, ⟨B·n⟩=8.2e-03, Len=sum([4.8, 4.6, 4.2])=13.6, ϰ=[4.8, 5.2, 4.6], ∫ϰ²/L>=[4.8, 6.2, 6.2], C-C-Sep=0.20, ║∇J║=1.9e-03
-----On 8/20 Initial Guess Perturbations
Iteration 1397/4500-----
J=1.2e-02, ⟨Jf⟩=1.2e-03, ⟨B·n⟩=8.2e-03, Len=sum([4.8, 4.6, 4.2])=13.6, ϰ=[4.8, 5.2, 4.6], ∫ϰ²/L>=[4.8, 6.2, 6.3], C-C-Sep=0.20, ║∇J║=1.7e-03
-----On 8/20 Initial Guess Perturbations
Iteration 1398/4500-----
J=1.2e-02, ⟨Jf⟩=1.2e-03, ⟨B·n⟩=8.2e-03, Len=sum([4.8, 4.6, 4.2])=13.6, ϰ=[4.7, 5.2, 4.6], ∫ϰ²/L>=[4.8, 6.2, 6.3], C-C-Sep=0.20, ║∇J║=1.7e-03
-----On 8/20 Initial Guess Perturbations
Iteration 1399/4500-----
J=1.2e-02, ⟨Jf⟩=1.2e-03, ⟨B·n⟩=8.2e-03, Len=sum([4.8, 4.6, 4.2])=13.5, ϰ=[4.8, 5.2, 4.6], ∫ϰ²/L>=[4.8, 6.2, 6.3], C-C-Sep=0.20, ║∇J║=2.0e-03
-----On 8/20 Initial Guess Perturbations
Iteration 1400/4500-----
J=1.2e-02, ⟨Jf⟩=1.2e-03, ⟨B·n⟩=8.2e-03, Len=sum([4.8, 4.6, 4.2])=13.5, ϰ=[4.8, 5.3, 4.6], ∫ϰ²/L>=[4.8, 6.2, 6.3], C-C-Sep=0.20, ║∇J║=1.9e-03
-----On 8/20 Initial Guess Perturbations
Iteration 1401/4500-----
J=1.2e-02, ⟨Jf⟩=1.2e-03, ⟨B·n⟩=8.2e-03, Len=sum([4.8, 4.6, 4.2])=13.5, ϰ=[4.8, 5.3, 4.5], ∫ϰ²/L>=[4.8, 6.2, 6.3], C-C-Sep=0.20, ║∇J║=1.4e-03
-----On 8/20 Initial Guess Perturbations
Iteration 1402/4500-----
J=1.2e-02, ⟨Jf⟩=1.2e-03, ⟨B·n⟩=8.2e-03, Len=sum([4.8, 4.6, 4.2])=13.5, ϰ=[4.8, 5.3, 4.5], ∫ϰ²/L>=[4.8, 6.2, 6.3], C-C-Sep=0.20, ║∇J║=1.6e-03
-----On 8/20 Initial Guess Perturbations
Iteration 1403/4500-----
J=1.2e-02, ⟨Jf⟩=1.2e-03, ⟨B·n⟩=8.2e-03, Len=sum([4.8, 4.6, 4.2])=13.5, ϰ=[4.8, 5.3, 4.6], ∫ϰ²/L>=[4.8, 6.2, 6.3], C-C-Sep=0.20, ║∇J║=1.8e-03
-----On 8/20 Initial Guess Perturbations
Iteration 1404/4500-----
J=1.2e-02, ⟨Jf⟩=1.2e-03, ⟨B·n⟩=8.2e-03, Len=sum([4.8, 4.6, 4.2])=13.5, ϰ=[4.8, 5.3, 4.6], ∫ϰ²/L>=[4.8, 6.2, 6.3], C-C-Sep=0.20, ║∇J║=1.6e-03
-----On 8/20 Initial Guess Perturbations
Iteration 1405/4500-----
J=1.2e-02, ⟨Jf⟩=1.2e-03, ⟨B·n⟩=8.2e-03, Len=sum([4.8, 4.6, 4.2])=13.5, ϰ=[4.7, 5.3, 4.6], ∫ϰ²/L>=[4.8, 6.2, 6.2], C-C-Sep=0.20, ║∇J║=1.8e-03
-----On 8/20 Initial Guess Perturbations
Iteration 1406/4500-----
J=1.2e-02, ⟨Jf⟩=1.2e-03, ⟨B·n⟩=8.2e-03, Len=sum([4.8, 4.6, 4.2])=13.6, ϰ=[4.8, 5.3, 4.6], ∫ϰ²/L>=[4.8, 6.2, 6.2], C-C-Sep=0.20, ║∇J║=1.6e-03
-----On 8/20 Initial Guess Perturbations
Iteration 1407/4500-----
J=1.2e-02, ⟨Jf⟩=1.2e-03, ⟨B·n⟩=8.2e-03, Len=sum([4.8, 4.6, 4.2])=13.6, ϰ=[4.8, 5.3, 4.7], ∫ϰ²/L>=[4.8, 6.2, 6.2], C-C-Sep=0.20, ║∇J║=1.6e-03
-----On 8/20 Initial Guess Perturbations
Iteration 1408/4500-----
J=1.2e-02, ⟨Jf⟩=1.2e-03, ⟨B·n⟩=8.2e-03, Len=sum([4.8, 4.6, 4.2])=13.5, ϰ=[4.8, 5.3, 4.6], ∫ϰ²/L>=[4.8, 6.2, 6.2], C-C-Sep=0.20, ║∇J║=2.1e-03
-----On 8/20 Initial Guess Perturbations
Iteration 1409/4500-----
J=1.2e-02, ⟨Jf⟩=1.2e-03, ⟨B·n⟩=8.2e-03, Len=sum([4.8, 4.6, 4.2])=13.6, ϰ=[4.8, 5.3, 4.6], ∫ϰ²/L>=[4.8, 6.2, 6.3], C-C-Sep=0.20, ║∇J║=1.7e-03
-----On 8/20 Initial Guess Perturbations
Iteration 1410/4500-----
J=1.2e-02, ⟨Jf⟩=1.2e-03, ⟨B·n⟩=8.2e-03, Len=sum([4.8, 4.6, 4.2])=13.5, ϰ=[4.8, 5.3, 4.6], ∫ϰ²/L>=[4.8, 6.2, 6.3], C-C-Sep=0.20, ║∇J║=1.7e-03
-----On 8/20 Initial Guess Perturbations
Iteration 1411/4500-----
J=1.2e-02, ⟨Jf⟩=1.2e-03, ⟨B·n⟩=8.2e-03, Len=sum([4.8, 4.6, 4.2])=13.6, ϰ=[4.8, 5.3, 4.6], ∫ϰ²/L>=[4.8, 6.2, 6.2], C-C-Sep=0.20, ║∇J║=1.9e-03
-----On 8/20 Initial Guess Perturbations
Iteration 1412/4500-----
J=1.2e-02, ⟨Jf⟩=1.2e-03, ⟨B·n⟩=8.2e-03, Len=sum([4.8, 4.6, 4.2])=13.6, ϰ=[4.8, 5.3, 4.6], ∫ϰ²/L>=[4.8, 6.2, 6.2], C-C-Sep=0.20, ║∇J║=2.0e-03
-----On 8/20 Initial Guess Perturbations
Iteration 1413/4500-----
J=1.2e-02, ⟨Jf⟩=1.2e-03, ⟨B·n⟩=8.2e-03, Len=sum([4.8, 4.6, 4.2])=13.6, ϰ=[4.8, 5.3, 4.6], ∫ϰ²/L>=[4.8, 6.2, 6.2], C-C-Sep=0.20, ║∇J║=1.6e-03
-----On 8/20 Initial Guess Perturbations
Iteration 1414/4500-----
J=1.2e-02, ⟨Jf⟩=1.2e-03, ⟨B·n⟩=8.2e-03, Len=sum([4.8, 4.6, 4.2])=13.5, ϰ=[4.8, 5.3, 4.6], ∫ϰ²/L>=[4.8, 6.2, 6.2], C-C-Sep=0.20, ║∇J║=1.6e-03
-----On 8/20 Initial Guess Perturbations
Iteration 1415/4500-----
J=1.2e-02, ⟨Jf⟩=1.2e-03, ⟨B·n⟩=8.2e-03, Len=sum([4.8, 4.6, 4.2])=13.5, ϰ=[4.8, 5.3, 4.6], ∫ϰ²/L>=[4.8, 6.2, 6.2], C-C-Sep=0.20, ║∇J║=1.4e-03
-----On 8/20 Initial Guess Perturbations
Iteration 1416/4500-----
J=1.2e-02, ⟨Jf⟩=1.2e-03, ⟨B·n⟩=8.2e-03, Len=sum([4.8, 4.6, 4.2])=13.5, ϰ=[4.9, 5.3, 4.6], ∫ϰ²/L>=[4.8, 6.2, 6.2], C-C-Sep=0.20, ║∇J║=1.6e-03
-----On 8/20 Initial Guess Perturbations
Iteration 1417/4500-----
J=1.2e-02, ⟨Jf⟩=1.2e-03, ⟨B·n⟩=8.2e-03, Len=sum([4.8, 4.6, 4.2])=13.5, ϰ=[4.9, 5.2, 4.6], ∫ϰ²/L>=[4.8, 6.2, 6.2], C-C-Sep=0.20, ║∇J║=1.6e-03
-----On 8/20 Initial Guess Perturbations
Iteration 1418/4500-----
J=1.2e-02, ⟨Jf⟩=1.2e-03, ⟨B·n⟩=8.2e-03, Len=sum([4.8, 4.6, 4.2])=13.5, ϰ=[4.9, 5.2, 4.6], ∫ϰ²/L>=[4.8, 6.2, 6.2], C-C-Sep=0.20, ║∇J║=1.5e-03
-----On 8/20 Initial Guess Perturbations
Iteration 1419/4500-----
J=1.2e-02, ⟨Jf⟩=1.2e-03, ⟨B·n⟩=8.2e-03, Len=sum([4.8, 4.6, 4.2])=13.5, ϰ=[4.9, 5.2, 4.6], ∫ϰ²/L>=[4.8, 6.2, 6.2], C-C-Sep=0.20, ║∇J║=1.6e-03
-----On 8/20 Initial Guess Perturbations
Iteration 1420/4500-----
J=1.2e-02, ⟨Jf⟩=1.2e-03, ⟨B·n⟩=8.2e-03, Len=sum([4.8, 4.6, 4.2])=13.5, ϰ=[4.9, 5.2, 4.6], ∫ϰ²/L>=[4.8, 6.2, 6.2], C-C-Sep=0.20, ║∇J║=1.5e-03
-----On 8/20 Initial Guess Perturbations
Iteration 1421/4500-----
J=1.2e-02, ⟨Jf⟩=1.2e-03, ⟨B·n⟩=8.2e-03, Len=sum([4.8, 4.6, 4.2])=13.5, ϰ=[5.0, 5.2, 4.6], ∫ϰ²/L>=[4.8, 6.2, 6.2], C-C-Sep=0.20, ║∇J║=1.8e-03
-----On 8/20 Initial Guess Perturbations
Iteration 1422/4500-----
J=1.2e-02, ⟨Jf⟩=1.2e-03, ⟨B·n⟩=8.2e-03, Len=sum([4.8, 4.6, 4.2])=13.5, ϰ=[4.9, 5.2, 4.6], ∫ϰ²/L>=[4.8, 6.2, 6.2], C-C-Sep=0.20, ║∇J║=1.5e-03
-----On 8/20 Initial Guess Perturbations
Iteration 1423/4500-----
J=1.2e-02, ⟨Jf⟩=1.2e-03, ⟨B·n⟩=8.2e-03, Len=sum([4.8, 4.6, 4.2])=13.5, ϰ=[5.0, 5.2, 4.6], ∫ϰ²/L>=[4.8, 6.2, 6.2], C-C-Sep=0.20, ║∇J║=1.4e-03
-----On 8/20 Initial Guess Perturbations
Iteration 1424/4500-----
J=1.2e-02, ⟨Jf⟩=1.2e-03, ⟨B·n⟩=8.2e-03, Len=sum([4.8, 4.6, 4.2])=13.5, ϰ=[5.0, 5.2, 4.6], ∫ϰ²/L>=[4.8, 6.2, 6.2], C-C-Sep=0.20, ║∇J║=1.5e-03
-----On 8/20 Initial Guess Perturbations
Iteration 1425/4500-----
J=1.2e-02, ⟨Jf⟩=1.2e-03, ⟨B·n⟩=8.2e-03, Len=sum([4.8, 4.6, 4.2])=13.5, ϰ=[5.0, 5.2, 4.6], ∫ϰ²/L>=[4.8, 6.2, 6.2], C-C-Sep=0.20, ║∇J║=1.6e-03
-----On 8/20 Initial Guess Perturbations
Iteration 1426/4500-----
J=1.2e-02, ⟨Jf⟩=1.2e-03, ⟨B·n⟩=8.2e-03, Len=sum([4.8, 4.6, 4.2])=13.5, ϰ=[5.0, 5.2, 4.7], ∫ϰ²/L>=[4.8, 6.2, 6.2], C-C-Sep=0.20, ║∇J║=1.6e-03
-----On 8/20 Initial Guess Perturbations
Iteration 1427/4500-----
J=1.2e-02, ⟨Jf⟩=1.2e-03, ⟨B·n⟩=8.2e-03, Len=sum([4.8, 4.6, 4.2])=13.5, ϰ=[5.0, 5.2, 4.7], ∫ϰ²/L>=[4.8, 6.2, 6.2], C-C-Sep=0.20, ║∇J║=1.5e-03
-----On 8/20 Initial Guess Perturbations
Iteration 1428/4500-----
J=1.2e-02, ⟨Jf⟩=1.2e-03, ⟨B·n⟩=8.2e-03, Len=sum([4.8, 4.6, 4.2])=13.5, ϰ=[5.0, 5.2, 4.7], ∫ϰ²/L>=[4.8, 6.2, 6.2], C-C-Sep=0.20, ║∇J║=1.6e-03
-----On 8/20 Initial Guess Perturbations
Iteration 1429/4500-----
J=1.2e-02, ⟨Jf⟩=1.2e-03, ⟨B·n⟩=8.2e-03, Len=sum([4.8, 4.6, 4.2])=13.5, ϰ=[5.0, 5.2, 4.7], ∫ϰ²/L>=[4.8, 6.2, 6.2], C-C-Sep=0.20, ║∇J║=1.6e-03
-----On 8/20 Initial Guess Perturbations
Iteration 1430/4500-----
J=1.2e-02, ⟨Jf⟩=1.2e-03, ⟨B·n⟩=8.2e-03, Len=sum([4.8, 4.6, 4.2])=13.5, ϰ=[5.0, 5.2, 4.7], ∫ϰ²/L>=[4.8, 6.2, 6.2], C-C-Sep=0.20, ║∇J║=1.4e-03
-----On 8/20 Initial Guess Perturbations
Iteration 1431/4500-----
J=1.2e-02, ⟨Jf⟩=1.2e-03, ⟨B·n⟩=8.2e-03, Len=sum([4.8, 4.6, 4.2])=13.5, ϰ=[5.1, 5.3, 4.7], ∫ϰ²/L>=[4.8, 6.2, 6.2], C-C-Sep=0.20, ║∇J║=1.7e-03
-----On 8/20 Initial Guess Perturbations
Iteration 1432/4500-----
J=1.2e-02, ⟨Jf⟩=1.2e-03, ⟨B·n⟩=8.2e-03, Len=sum([4.8, 4.6, 4.2])=13.5, ϰ=[5.1, 5.3, 4.7], ∫ϰ²/L>=[4.8, 6.2, 6.2], C-C-Sep=0.20, ║∇J║=1.5e-03
-----On 8/20 Initial Guess Perturbations
Iteration 1433/4500-----
J=1.2e-02, ⟨Jf⟩=1.2e-03, ⟨B·n⟩=8.2e-03, Len=sum([4.8, 4.6, 4.2])=13.5, ϰ=[5.1, 5.3, 4.7], ∫ϰ²/L>=[4.8, 6.2, 6.3], C-C-Sep=0.20, ║∇J║=1.6e-03
-----On 8/20 Initial Guess Perturbations
Iteration 1434/4500-----
J=1.2e-02, ⟨Jf⟩=1.2e-03, ⟨B·n⟩=8.2e-03, Len=sum([4.8, 4.6, 4.2])=13.5, ϰ=[5.1, 5.3, 4.6], ∫ϰ²/L>=[4.8, 6.2, 6.2], C-C-Sep=0.20, ║∇J║=1.9e-03
-----On 8/20 Initial Guess Perturbations
Iteration 1435/4500-----
J=1.2e-02, ⟨Jf⟩=1.2e-03, ⟨B·n⟩=8.2e-03, Len=sum([4.8, 4.6, 4.2])=13.5, ϰ=[5.0, 5.3, 4.6], ∫ϰ²/L>=[4.8, 6.2, 6.2], C-C-Sep=0.20, ║∇J║=1.7e-03
-----On 8/20 Initial Guess Perturbations
Iteration 1436/4500-----
J=1.2e-02, ⟨Jf⟩=1.2e-03, ⟨B·n⟩=8.2e-03, Len=sum([4.8, 4.6, 4.2])=13.5, ϰ=[5.0, 5.3, 4.6], ∫ϰ²/L>=[4.8, 6.2, 6.2], C-C-Sep=0.20, ║∇J║=1.7e-03
-----On 8/20 Initial Guess Perturbations
Iteration 1437/4500-----
J=1.2e-02, ⟨Jf⟩=1.2e-03, ⟨B·n⟩=8.2e-03, Len=sum([4.8, 4.6, 4.2])=13.5, ϰ=[5.0, 5.3, 4.6], ∫ϰ²/L>=[4.8, 6.2, 6.2], C-C-Sep=0.20, ║∇J║=1.8e-03
-----On 8/20 Initial Guess Perturbations
Iteration 1438/4500-----
J=1.2e-02, ⟨Jf⟩=1.2e-03, ⟨B·n⟩=8.2e-03, Len=sum([4.8, 4.6, 4.2])=13.5, ϰ=[5.0, 5.3, 4.6], ∫ϰ²/L>=[4.8, 6.2, 6.2], C-C-Sep=0.20, ║∇J║=1.4e-03
-----On 8/20 Initial Guess Perturbations
Iteration 1439/4500-----
J=1.2e-02, ⟨Jf⟩=1.2e-03, ⟨B·n⟩=8.2e-03, Len=sum([4.8, 4.6, 4.2])=13.5, ϰ=[4.9, 5.3, 4.6], ∫ϰ²/L>=[4.8, 6.2, 6.2], C-C-Sep=0.20, ║∇J║=1.5e-03
-----On 8/20 Initial Guess Perturbations
Iteration 1440/4500-----
J=1.2e-02, ⟨Jf⟩=1.2e-03, ⟨B·n⟩=8.2e-03, Len=sum([4.8, 4.6, 4.2])=13.5, ϰ=[4.9, 5.3, 4.5], ∫ϰ²/L>=[4.8, 6.2, 6.2], C-C-Sep=0.20, ║∇J║=1.6e-03
-----On 8/20 Initial Guess Perturbations
Iteration 1441/4500-----
J=1.2e-02, ⟨Jf⟩=1.2e-03, ⟨B·n⟩=8.2e-03, Len=sum([4.8, 4.6, 4.2])=13.5, ϰ=[4.9, 5.3, 4.5], ∫ϰ²/L>=[4.8, 6.2, 6.2], C-C-Sep=0.20, ║∇J║=1.2e-03
-----On 8/20 Initial Guess Perturbations
Iteration 1442/4500-----
J=1.2e-02, ⟨Jf⟩=1.2e-03, ⟨B·n⟩=8.2e-03, Len=sum([4.8, 4.6, 4.2])=13.5, ϰ=[4.9, 5.3, 4.5], ∫ϰ²/L>=[4.8, 6.1, 6.2], C-C-Sep=0.20, ║∇J║=1.2e-03
-----On 8/20 Initial Guess Perturbations
Iteration 1443/4500-----
J=1.2e-02, ⟨Jf⟩=1.2e-03, ⟨B·n⟩=8.2e-03, Len=sum([4.8, 4.6, 4.2])=13.5, ϰ=[4.9, 5.3, 4.5], ∫ϰ²/L>=[4.8, 6.1, 6.2], C-C-Sep=0.20, ║∇J║=1.4e-03
-----On 8/20 Initial Guess Perturbations
Iteration 1444/4500-----
J=1.2e-02, ⟨Jf⟩=1.2e-03, ⟨B·n⟩=8.2e-03, Len=sum([4.8, 4.6, 4.2])=13.5, ϰ=[4.9, 5.2, 4.5], ∫ϰ²/L>=[4.8, 6.1, 6.2], C-C-Sep=0.20, ║∇J║=1.5e-03
-----On 8/20 Initial Guess Perturbations
Iteration 1445/4500-----
J=1.2e-02, ⟨Jf⟩=1.2e-03, ⟨B·n⟩=8.2e-03, Len=sum([4.8, 4.6, 4.2])=13.5, ϰ=[4.8, 5.2, 4.5], ∫ϰ²/L>=[4.8, 6.1, 6.2], C-C-Sep=0.20, ║∇J║=1.5e-03
-----On 8/20 Initial Guess Perturbations
Iteration 1446/4500-----
J=1.2e-02, ⟨Jf⟩=1.2e-03, ⟨B·n⟩=8.2e-03, Len=sum([4.8, 4.6, 4.2])=13.5, ϰ=[4.8, 5.2, 4.5], ∫ϰ²/L>=[4.8, 6.1, 6.2], C-C-Sep=0.20, ║∇J║=1.6e-03
-----On 8/20 Initial Guess Perturbations
Iteration 1447/4500-----
J=1.2e-02, ⟨Jf⟩=1.2e-03, ⟨B·n⟩=8.2e-03, Len=sum([4.8, 4.6, 4.2])=13.5, ϰ=[4.8, 5.2, 4.5], ∫ϰ²/L>=[4.8, 6.1, 6.2], C-C-Sep=0.20, ║∇J║=1.4e-03
-----On 8/20 Initial Guess Perturbations
Iteration 1448/4500-----
J=1.2e-02, ⟨Jf⟩=1.2e-03, ⟨B·n⟩=8.2e-03, Len=sum([4.8, 4.6, 4.2])=13.5, ϰ=[4.8, 5.2, 4.5], ∫ϰ²/L>=[4.8, 6.1, 6.2], C-C-Sep=0.20, ║∇J║=1.7e-03
-----On 8/20 Initial Guess Perturbations
Iteration 1449/4500-----
J=1.2e-02, ⟨Jf⟩=1.2e-03, ⟨B·n⟩=8.2e-03, Len=sum([4.8, 4.6, 4.2])=13.5, ϰ=[4.8, 5.2, 4.5], ∫ϰ²/L>=[4.8, 6.2, 6.2], C-C-Sep=0.20, ║∇J║=2.5e-03
-----On 8/20 Initial Guess Perturbations
Iteration 1450/4500-----
J=1.2e-02, ⟨Jf⟩=1.2e-03, ⟨B·n⟩=8.2e-03, Len=sum([4.8, 4.6, 4.2])=13.5, ϰ=[4.8, 5.2, 4.5], ∫ϰ²/L>=[4.8, 6.1, 6.2], C-C-Sep=0.20, ║∇J║=1.6e-03
-----On 8/20 Initial Guess Perturbations
Iteration 1451/4500-----
J=1.2e-02, ⟨Jf⟩=1.2e-03, ⟨B·n⟩=8.2e-03, Len=sum([4.8, 4.6, 4.2])=13.5, ϰ=[4.8, 5.2, 4.5], ∫ϰ²/L>=[4.8, 6.1, 6.2], C-C-Sep=0.20, ║∇J║=2.1e-03
-----On 8/20 Initial Guess Perturbations
Iteration 1452/4500-----
J=1.2e-02, ⟨Jf⟩=1.2e-03, ⟨B·n⟩=8.2e-03, Len=sum([4.8, 4.6, 4.2])=13.5, ϰ=[4.8, 5.2, 4.5], ∫ϰ²/L>=[4.8, 6.1, 6.2], C-C-Sep=0.20, ║∇J║=1.7e-03
-----On 8/20 Initial Guess Perturbations
Iteration 1453/4500-----
J=1.2e-02, ⟨Jf⟩=1.2e-03, ⟨B·n⟩=8.2e-03, Len=sum([4.8, 4.6, 4.2])=13.5, ϰ=[4.8, 5.2, 4.5], ∫ϰ²/L>=[4.8, 6.1, 6.2], C-C-Sep=0.20, ║∇J║=1.6e-03
-----On 8/20 Initial Guess Perturbations
Iteration 1454/4500-----
J=1.2e-02, ⟨Jf⟩=1.2e-03, ⟨B·n⟩=8.2e-03, Len=sum([4.8, 4.6, 4.2])=13.5, ϰ=[4.8, 5.2, 4.5], ∫ϰ²/L>=[4.8, 6.1, 6.2], C-C-Sep=0.20, ║∇J║=1.6e-03
-----On 8/20 Initial Guess Perturbations
Iteration 1455/4500-----
J=1.2e-02, ⟨Jf⟩=1.2e-03, ⟨B·n⟩=8.2e-03, Len=sum([4.8, 4.6, 4.2])=13.5, ϰ=[4.8, 5.2, 4.5], ∫ϰ²/L>=[4.8, 6.1, 6.2], C-C-Sep=0.20, ║∇J║=1.6e-03
-----On 8/20 Initial Guess Perturbations
Iteration 1456/4500-----
J=1.2e-02, ⟨Jf⟩=1.2e-03, ⟨B·n⟩=8.2e-03, Len=sum([4.8, 4.6, 4.2])=13.5, ϰ=[4.8, 5.2, 4.5], ∫ϰ²/L>=[4.8, 6.1, 6.2], C-C-Sep=0.20, ║∇J║=1.5e-03
-----On 8/20 Initial Guess Perturbations
Iteration 1457/4500-----
J=1.2e-02, ⟨Jf⟩=1.2e-03, ⟨B·n⟩=8.2e-03, Len=sum([4.8, 4.6, 4.2])=13.5, ϰ=[4.8, 5.2, 4.5], ∫ϰ²/L>=[4.8, 6.1, 6.2], C-C-Sep=0.20, ║∇J║=1.7e-03
-----On 8/20 Initial Guess Perturbations
Iteration 1458/4500-----
J=1.2e-02, ⟨Jf⟩=1.2e-03, ⟨B·n⟩=8.2e-03, Len=sum([4.8, 4.6, 4.2])=13.5, ϰ=[4.8, 5.2, 4.5], ∫ϰ²/L>=[4.8, 6.1, 6.2], C-C-Sep=0.20, ║∇J║=1.6e-03
-----On 8/20 Initial Guess Perturbations
Iteration 1459/4500-----
J=1.2e-02, ⟨Jf⟩=1.2e-03, ⟨B·n⟩=8.2e-03, Len=sum([4.8, 4.6, 4.2])=13.5, ϰ=[4.8, 5.2, 4.5], ∫ϰ²/L>=[4.8, 6.1, 6.2], C-C-Sep=0.20, ║∇J║=1.6e-03
-----On 8/20 Initial Guess Perturbations
Iteration 1460/4500-----
J=1.2e-02, ⟨Jf⟩=1.2e-03, ⟨B·n⟩=8.2e-03, Len=sum([4.8, 4.6, 4.2])=13.5, ϰ=[4.8, 5.2, 4.5], ∫ϰ²/L>=[4.8, 6.1, 6.2], C-C-Sep=0.20, ║∇J║=1.9e-03
-----On 8/20 Initial Guess Perturbations
Iteration 1461/4500-----
J=1.2e-02, ⟨Jf⟩=1.2e-03, ⟨B·n⟩=8.2e-03, Len=sum([4.8, 4.6, 4.2])=13.5, ϰ=[4.8, 5.2, 4.5], ∫ϰ²/L>=[4.8, 6.1, 6.2], C-C-Sep=0.20, ║∇J║=1.6e-03
-----On 8/20 Initial Guess Perturbations
Iteration 1462/4500-----
J=1.2e-02, ⟨Jf⟩=1.2e-03, ⟨B·n⟩=8.2e-03, Len=sum([4.8, 4.6, 4.2])=13.5, ϰ=[4.8, 5.2, 4.5], ∫ϰ²/L>=[4.8, 6.1, 6.2], C-C-Sep=0.20, ║∇J║=1.6e-03
-----On 8/20 Initial Guess Perturbations
Iteration 1463/4500-----
J=1.2e-02, ⟨Jf⟩=1.2e-03, ⟨B·n⟩=8.2e-03, Len=sum([4.8, 4.6, 4.2])=13.6, ϰ=[4.8, 5.2, 4.6], ∫ϰ²/L>=[4.8, 6.1, 6.2], C-C-Sep=0.20, ║∇J║=1.6e-03
-----On 8/20 Initial Guess Perturbations
Iteration 1464/4500-----
J=1.2e-02, ⟨Jf⟩=1.2e-03, ⟨B·n⟩=8.2e-03, Len=sum([4.8, 4.6, 4.2])=13.6, ϰ=[4.9, 5.2, 4.6], ∫ϰ²/L>=[4.8, 6.1, 6.2], C-C-Sep=0.20, ║∇J║=1.7e-03
-----On 8/20 Initial Guess Perturbations
Iteration 1465/4500-----
J=1.2e-02, ⟨Jf⟩=1.2e-03, ⟨B·n⟩=8.2e-03, Len=sum([4.8, 4.6, 4.2])=13.6, ϰ=[4.9, 5.2, 4.6], ∫ϰ²/L>=[4.8, 6.1, 6.2], C-C-Sep=0.20, ║∇J║=1.5e-03
-----On 8/20 Initial Guess Perturbations
Iteration 1466/4500-----
J=1.2e-02, ⟨Jf⟩=1.2e-03, ⟨B·n⟩=8.2e-03, Len=sum([4.8, 4.6, 4.2])=13.6, ϰ=[4.9, 5.2, 4.6], ∫ϰ²/L>=[4.8, 6.1, 6.2], C-C-Sep=0.20, ║∇J║=1.5e-03
-----On 8/20 Initial Guess Perturbations
Iteration 1467/4500-----
J=1.2e-02, ⟨Jf⟩=1.2e-03, ⟨B·n⟩=8.2e-03, Len=sum([4.8, 4.6, 4.2])=13.6, ϰ=[4.9, 5.2, 4.6], ∫ϰ²/L>=[4.8, 6.1, 6.2], C-C-Sep=0.20, ║∇J║=1.7e-03
-----On 8/20 Initial Guess Perturbations
Iteration 1468/4500-----
J=1.2e-02, ⟨Jf⟩=1.2e-03, ⟨B·n⟩=8.2e-03, Len=sum([4.8, 4.6, 4.2])=13.6, ϰ=[4.9, 5.2, 4.6], ∫ϰ²/L>=[4.8, 6.1, 6.2], C-C-Sep=0.20, ║∇J║=1.7e-03
-----On 8/20 Initial Guess Perturbations
Iteration 1469/4500-----
J=1.2e-02, ⟨Jf⟩=1.2e-03, ⟨B·n⟩=8.2e-03, Len=sum([4.8, 4.6, 4.2])=13.6, ϰ=[4.9, 5.1, 4.5], ∫ϰ²/L>=[4.8, 6.1, 6.2], C-C-Sep=0.20, ║∇J║=1.5e-03
-----On 8/20 Initial Guess Perturbations
Iteration 1470/4500-----
J=1.2e-02, ⟨Jf⟩=1.2e-03, ⟨B·n⟩=8.2e-03, Len=sum([4.8, 4.6, 4.2])=13.6, ϰ=[4.9, 5.1, 4.5], ∫ϰ²/L>=[4.8, 6.1, 6.2], C-C-Sep=0.20, ║∇J║=1.6e-03
-----On 8/20 Initial Guess Perturbations
Iteration 1471/4500-----
J=1.2e-02, ⟨Jf⟩=1.2e-03, ⟨B·n⟩=8.2e-03, Len=sum([4.8, 4.6, 4.2])=13.6, ϰ=[5.0, 5.1, 4.5], ∫ϰ²/L>=[4.8, 6.1, 6.2], C-C-Sep=0.20, ║∇J║=1.6e-03
-----On 8/20 Initial Guess Perturbations
Iteration 1472/4500-----
J=1.2e-02, ⟨Jf⟩=1.2e-03, ⟨B·n⟩=8.2e-03, Len=sum([4.8, 4.6, 4.2])=13.6, ϰ=[5.0, 5.1, 4.5], ∫ϰ²/L>=[4.8, 6.1, 6.2], C-C-Sep=0.20, ║∇J║=1.3e-03
-----On 8/20 Initial Guess Perturbations
Iteration 1473/4500-----
J=1.2e-02, ⟨Jf⟩=1.2e-03, ⟨B·n⟩=8.2e-03, Len=sum([4.8, 4.6, 4.2])=13.6, ϰ=[5.0, 5.1, 4.5], ∫ϰ²/L>=[4.8, 6.1, 6.2], C-C-Sep=0.20, ║∇J║=1.4e-03
-----On 8/20 Initial Guess Perturbations
Iteration 1474/4500-----
J=1.2e-02, ⟨Jf⟩=1.2e-03, ⟨B·n⟩=8.2e-03, Len=sum([4.8, 4.6, 4.2])=13.6, ϰ=[5.0, 5.1, 4.5], ∫ϰ²/L>=[4.8, 6.1, 6.2], C-C-Sep=0.20, ║∇J║=1.6e-03
-----On 8/20 Initial Guess Perturbations
Iteration 1475/4500-----
J=1.2e-02, ⟨Jf⟩=1.2e-03, ⟨B·n⟩=8.2e-03, Len=sum([4.8, 4.6, 4.2])=13.6, ϰ=[4.9, 5.1, 4.5], ∫ϰ²/L>=[4.8, 6.1, 6.2], C-C-Sep=0.20, ║∇J║=1.8e-03
-----On 8/20 Initial Guess Perturbations
Iteration 1476/4500-----
J=1.2e-02, ⟨Jf⟩=1.2e-03, ⟨B·n⟩=8.2e-03, Len=sum([4.8, 4.6, 4.2])=13.6, ϰ=[4.9, 5.1, 4.5], ∫ϰ²/L>=[4.8, 6.1, 6.2], C-C-Sep=0.20, ║∇J║=1.9e-03
-----On 8/20 Initial Guess Perturbations
Iteration 1477/4500-----
J=1.2e-02, ⟨Jf⟩=1.2e-03, ⟨B·n⟩=8.2e-03, Len=sum([4.8, 4.6, 4.2])=13.6, ϰ=[5.0, 5.1, 4.5], ∫ϰ²/L>=[4.8, 6.1, 6.2], C-C-Sep=0.20, ║∇J║=1.8e-03
-----On 8/20 Initial Guess Perturbations
Iteration 1478/4500-----
J=1.2e-02, ⟨Jf⟩=1.2e-03, ⟨B·n⟩=8.2e-03, Len=sum([4.8, 4.6, 4.2])=13.6, ϰ=[5.0, 5.1, 4.5], ∫ϰ²/L>=[4.8, 6.1, 6.2], C-C-Sep=0.20, ║∇J║=1.8e-03
-----On 8/20 Initial Guess Perturbations
Iteration 1479/4500-----
J=1.2e-02, ⟨Jf⟩=1.2e-03, ⟨B·n⟩=8.2e-03, Len=sum([4.8, 4.6, 4.2])=13.6, ϰ=[5.0, 5.1, 4.5], ∫ϰ²/L>=[4.8, 6.1, 6.2], C-C-Sep=0.20, ║∇J║=1.8e-03
-----On 8/20 Initial Guess Perturbations
Iteration 1480/4500-----
J=1.2e-02, ⟨Jf⟩=1.2e-03, ⟨B·n⟩=8.2e-03, Len=sum([4.8, 4.6, 4.2])=13.6, ϰ=[5.0, 5.1, 4.5], ∫ϰ²/L>=[4.8, 6.1, 6.2], C-C-Sep=0.20, ║∇J║=1.4e-03
-----On 8/20 Initial Guess Perturbations
Iteration 1481/4500-----
J=1.2e-02, ⟨Jf⟩=1.2e-03, ⟨B·n⟩=8.2e-03, Len=sum([4.8, 4.6, 4.2])=13.6, ϰ=[5.0, 5.1, 4.5], ∫ϰ²/L>=[4.8, 6.1, 6.2], C-C-Sep=0.20, ║∇J║=1.2e-03
-----On 8/20 Initial Guess Perturbations
Iteration 1482/4500-----
J=1.2e-02, ⟨Jf⟩=1.2e-03, ⟨B·n⟩=8.2e-03, Len=sum([4.8, 4.6, 4.2])=13.6, ϰ=[5.0, 5.1, 4.5], ∫ϰ²/L>=[4.8, 6.2, 6.2], C-C-Sep=0.20, ║∇J║=1.3e-03
-----On 8/20 Initial Guess Perturbations
Iteration 1483/4500-----
J=1.2e-02, ⟨Jf⟩=1.2e-03, ⟨B·n⟩=8.2e-03, Len=sum([4.8, 4.6, 4.2])=13.6, ϰ=[5.0, 5.2, 4.5], ∫ϰ²/L>=[4.8, 6.2, 6.2], C-C-Sep=0.20, ║∇J║=1.4e-03
-----On 8/20 Initial Guess Perturbations
Iteration 1484/4500-----
J=1.2e-02, ⟨Jf⟩=1.2e-03, ⟨B·n⟩=8.2e-03, Len=sum([4.8, 4.6, 4.2])=13.6, ϰ=[5.0, 5.1, 4.5], ∫ϰ²/L>=[4.8, 6.2, 6.2], C-C-Sep=0.20, ║∇J║=1.4e-03
-----On 8/20 Initial Guess Perturbations
Iteration 1485/4500-----
J=1.2e-02, ⟨Jf⟩=1.2e-03, ⟨B·n⟩=8.2e-03, Len=sum([4.8, 4.6, 4.2])=13.6, ϰ=[4.9, 5.2, 4.5], ∫ϰ²/L>=[4.8, 6.1, 6.2], C-C-Sep=0.20, ║∇J║=1.4e-03
-----On 8/20 Initial Guess Perturbations
Iteration 1486/4500-----
J=1.2e-02, ⟨Jf⟩=1.2e-03, ⟨B·n⟩=8.2e-03, Len=sum([4.8, 4.6, 4.2])=13.6, ϰ=[4.9, 5.2, 4.6], ∫ϰ²/L>=[4.8, 6.2, 6.2], C-C-Sep=0.20, ║∇J║=1.4e-03
-----On 8/20 Initial Guess Perturbations
Iteration 1487/4500-----
J=1.2e-02, ⟨Jf⟩=1.2e-03, ⟨B·n⟩=8.2e-03, Len=sum([4.8, 4.6, 4.2])=13.6, ϰ=[4.9, 5.1, 4.6], ∫ϰ²/L>=[4.8, 6.1, 6.2], C-C-Sep=0.20, ║∇J║=1.7e-03
-----On 8/20 Initial Guess Perturbations
Iteration 1488/4500-----
J=1.2e-02, ⟨Jf⟩=1.2e-03, ⟨B·n⟩=8.2e-03, Len=sum([4.8, 4.6, 4.2])=13.6, ϰ=[4.9, 5.2, 4.6], ∫ϰ²/L>=[4.8, 6.1, 6.2], C-C-Sep=0.20, ║∇J║=1.7e-03
-----On 8/20 Initial Guess Perturbations
Iteration 1489/4500-----
J=1.2e-02, ⟨Jf⟩=1.2e-03, ⟨B·n⟩=8.2e-03, Len=sum([4.8, 4.6, 4.2])=13.6, ϰ=[4.9, 5.2, 4.6], ∫ϰ²/L>=[4.8, 6.1, 6.2], C-C-Sep=0.20, ║∇J║=1.4e-03
-----On 8/20 Initial Guess Perturbations
Iteration 1490/4500-----
J=1.2e-02, ⟨Jf⟩=1.2e-03, ⟨B·n⟩=8.2e-03, Len=sum([4.8, 4.6, 4.2])=13.6, ϰ=[4.9, 5.2, 4.6], ∫ϰ²/L>=[4.8, 6.1, 6.2], C-C-Sep=0.20, ║∇J║=1.4e-03
-----On 8/20 Initial Guess Perturbations
Iteration 1491/4500-----
J=1.2e-02, ⟨Jf⟩=1.2e-03, ⟨B·n⟩=8.2e-03, Len=sum([4.8, 4.6, 4.2])=13.6, ϰ=[4.9, 5.2, 4.6], ∫ϰ²/L>=[4.8, 6.1, 6.2], C-C-Sep=0.20, ║∇J║=1.4e-03
-----On 8/20 Initial Guess Perturbations
Iteration 1492/4500-----
J=1.2e-02, ⟨Jf⟩=1.2e-03, ⟨B·n⟩=8.2e-03, Len=sum([4.8, 4.6, 4.2])=13.6, ϰ=[4.9, 5.2, 4.6], ∫ϰ²/L>=[4.8, 6.1, 6.3], C-C-Sep=0.20, ║∇J║=1.3e-03
-----On 8/20 Initial Guess Perturbations
Iteration 1493/4500-----
J=1.2e-02, ⟨Jf⟩=1.2e-03, ⟨B·n⟩=8.2e-03, Len=sum([4.8, 4.6, 4.2])=13.6, ϰ=[4.9, 5.2, 4.6], ∫ϰ²/L>=[4.8, 6.1, 6.3], C-C-Sep=0.20, ║∇J║=1.4e-03
-----On 8/20 Initial Guess Perturbations
Iteration 1494/4500-----
J=1.2e-02, ⟨Jf⟩=1.2e-03, ⟨B·n⟩=8.2e-03, Len=sum([4.8, 4.6, 4.2])=13.6, ϰ=[4.9, 5.2, 4.6], ∫ϰ²/L>=[4.8, 6.1, 6.3], C-C-Sep=0.20, ║∇J║=1.3e-03
-----On 8/20 Initial Guess Perturbations
Iteration 1495/4500-----
J=1.2e-02, ⟨Jf⟩=1.2e-03, ⟨B·n⟩=8.2e-03, Len=sum([4.8, 4.6, 4.2])=13.6, ϰ=[4.9, 5.2, 4.6], ∫ϰ²/L>=[4.8, 6.1, 6.3], C-C-Sep=0.20, ║∇J║=1.5e-03
-----On 8/20 Initial Guess Perturbations
Iteration 1496/4500-----
J=1.2e-02, ⟨Jf⟩=1.2e-03, ⟨B·n⟩=8.2e-03, Len=sum([4.8, 4.6, 4.2])=13.6, ϰ=[4.9, 5.2, 4.6], ∫ϰ²/L>=[4.8, 6.1, 6.2], C-C-Sep=0.20, ║∇J║=1.3e-03
-----On 8/20 Initial Guess Perturbations
Iteration 1497/4500-----
J=1.2e-02, ⟨Jf⟩=1.2e-03, ⟨B·n⟩=8.2e-03, Len=sum([4.8, 4.6, 4.2])=13.6, ϰ=[4.9, 5.2, 4.6], ∫ϰ²/L>=[4.8, 6.1, 6.2], C-C-Sep=0.20, ║∇J║=1.0e-03
-----On 8/20 Initial Guess Perturbations
Iteration 1498/4500-----
J=1.2e-02, ⟨Jf⟩=1.2e-03, ⟨B·n⟩=8.2e-03, Len=sum([4.8, 4.6, 4.2])=13.6, ϰ=[4.9, 5.2, 4.6], ∫ϰ²/L>=[4.8, 6.1, 6.2], C-C-Sep=0.20, ║∇J║=1.2e-03
-----On 8/20 Initial Guess Perturbations
Iteration 1499/4500-----
J=1.2e-02, ⟨Jf⟩=1.2e-03, ⟨B·n⟩=8.2e-03, Len=sum([4.8, 4.6, 4.2])=13.6, ϰ=[4.9, 5.2, 4.6], ∫ϰ²/L>=[4.8, 6.1, 6.3], C-C-Sep=0.20, ║∇J║=1.4e-03
-----On 8/20 Initial Guess Perturbations
Iteration 1500/4500-----
J=1.2e-02, ⟨Jf⟩=1.2e-03, ⟨B·n⟩=8.2e-03, Len=sum([4.8, 4.6, 4.2])=13.6, ϰ=[4.9, 5.3, 4.6], ∫ϰ²/L>=[4.8, 6.1, 6.3], C-C-Sep=0.20, ║∇J║=1.6e-03
-----On 8/20 Initial Guess Perturbations
Iteration 1501/4500-----
J=1.2e-02, ⟨Jf⟩=1.2e-03, ⟨B·n⟩=8.2e-03, Len=sum([4.8, 4.6, 4.2])=13.6, ϰ=[4.9, 5.3, 4.6], ∫ϰ²/L>=[4.8, 6.1, 6.3], C-C-Sep=0.20, ║∇J║=1.4e-03
-----On 8/20 Initial Guess Perturbations
Iteration 1502/4500-----
J=1.2e-02, ⟨Jf⟩=1.2e-03, ⟨B·n⟩=8.2e-03, Len=sum([4.8, 4.6, 4.2])=13.6, ϰ=[4.9, 5.3, 4.6], ∫ϰ²/L>=[4.8, 6.1, 6.3], C-C-Sep=0.20, ║∇J║=1.3e-03
-----On 8/20 Initial Guess Perturbations
Iteration 1503/4500-----
J=1.2e-02, ⟨Jf⟩=1.2e-03, ⟨B·n⟩=8.2e-03, Len=sum([4.8, 4.6, 4.2])=13.6, ϰ=[4.9, 5.3, 4.6], ∫ϰ²/L>=[4.8, 6.1, 6.3], C-C-Sep=0.20, ║∇J║=1.1e-03
-----On 8/20 Initial Guess Perturbations
Iteration 1504/4500-----
J=1.2e-02, ⟨Jf⟩=1.2e-03, ⟨B·n⟩=8.2e-03, Len=sum([4.8, 4.6, 4.2])=13.6, ϰ=[4.9, 5.3, 4.6], ∫ϰ²/L>=[4.8, 6.1, 6.3], C-C-Sep=0.20, ║∇J║=1.5e-03
-----On 8/20 Initial Guess Perturbations
Iteration 1505/4500-----
J=1.2e-02, ⟨Jf⟩=1.2e-03, ⟨B·n⟩=8.2e-03, Len=sum([4.8, 4.6, 4.2])=13.6, ϰ=[4.9, 5.3, 4.7], ∫ϰ²/L>=[4.8, 6.1, 6.3], C-C-Sep=0.20, ║∇J║=1.3e-03
-----On 8/20 Initial Guess Perturbations
Iteration 1506/4500-----
J=1.2e-02, ⟨Jf⟩=1.2e-03, ⟨B·n⟩=8.2e-03, Len=sum([4.8, 4.6, 4.2])=13.6, ϰ=[4.9, 5.3, 4.7], ∫ϰ²/L>=[4.8, 6.1, 6.3], C-C-Sep=0.20, ║∇J║=1.1e-03
-----On 8/20 Initial Guess Perturbations
Iteration 1507/4500-----
J=1.2e-02, ⟨Jf⟩=1.2e-03, ⟨B·n⟩=8.2e-03, Len=sum([4.8, 4.6, 4.2])=13.6, ϰ=[4.9, 5.3, 4.7], ∫ϰ²/L>=[4.8, 6.1, 6.3], C-C-Sep=0.20, ║∇J║=1.1e-03
-----On 8/20 Initial Guess Perturbations
Iteration 1508/4500-----
J=1.2e-02, ⟨Jf⟩=1.2e-03, ⟨B·n⟩=8.2e-03, Len=sum([4.8, 4.6, 4.2])=13.6, ϰ=[4.9, 5.3, 4.6], ∫ϰ²/L>=[4.8, 6.1, 6.3], C-C-Sep=0.20, ║∇J║=1.1e-03
-----On 8/20 Initial Guess Perturbations
Iteration 1509/4500-----
J=1.2e-02, ⟨Jf⟩=1.2e-03, ⟨B·n⟩=8.2e-03, Len=sum([4.8, 4.6, 4.2])=13.6, ϰ=[4.9, 5.3, 4.6], ∫ϰ²/L>=[4.8, 6.1, 6.3], C-C-Sep=0.20, ║∇J║=1.2e-03
-----On 8/20 Initial Guess Perturbations
Iteration 1510/4500-----
J=1.2e-02, ⟨Jf⟩=1.2e-03, ⟨B·n⟩=8.2e-03, Len=sum([4.8, 4.6, 4.2])=13.6, ϰ=[4.9, 5.3, 4.7], ∫ϰ²/L>=[4.8, 6.2, 6.3], C-C-Sep=0.20, ║∇J║=1.9e-03
-----On 8/20 Initial Guess Perturbations
Iteration 1511/4500-----
J=1.2e-02, ⟨Jf⟩=1.2e-03, ⟨B·n⟩=8.2e-03, Len=sum([4.8, 4.6, 4.2])=13.6, ϰ=[4.8, 5.3, 4.7], ∫ϰ²/L>=[4.8, 6.2, 6.3], C-C-Sep=0.20, ║∇J║=1.5e-03
-----On 8/20 Initial Guess Perturbations
Iteration 1512/4500-----
J=1.2e-02, ⟨Jf⟩=1.2e-03, ⟨B·n⟩=8.2e-03, Len=sum([4.8, 4.6, 4.2])=13.5, ϰ=[4.8, 5.3, 4.7], ∫ϰ²/L>=[4.8, 6.2, 6.3], C-C-Sep=0.20, ║∇J║=1.3e-03
-----On 8/20 Initial Guess Perturbations
Iteration 1513/4500-----
J=1.2e-02, ⟨Jf⟩=1.2e-03, ⟨B·n⟩=8.2e-03, Len=sum([4.8, 4.6, 4.2])=13.5, ϰ=[4.8, 5.3, 4.7], ∫ϰ²/L>=[4.8, 6.2, 6.3], C-C-Sep=0.20, ║∇J║=1.4e-03
-----On 8/20 Initial Guess Perturbations
Iteration 1514/4500-----
J=1.2e-02, ⟨Jf⟩=1.2e-03, ⟨B·n⟩=8.2e-03, Len=sum([4.8, 4.6, 4.2])=13.5, ϰ=[4.8, 5.3, 4.6], ∫ϰ²/L>=[4.8, 6.2, 6.3], C-C-Sep=0.20, ║∇J║=1.8e-03
-----On 8/20 Initial Guess Perturbations
Iteration 1515/4500-----
J=1.2e-02, ⟨Jf⟩=1.2e-03, ⟨B·n⟩=8.2e-03, Len=sum([4.8, 4.6, 4.2])=13.5, ϰ=[4.8, 5.3, 4.6], ∫ϰ²/L>=[4.8, 6.2, 6.3], C-C-Sep=0.20, ║∇J║=1.4e-03
-----On 8/20 Initial Guess Perturbations
Iteration 1516/4500-----
J=1.2e-02, ⟨Jf⟩=1.2e-03, ⟨B·n⟩=8.2e-03, Len=sum([4.8, 4.6, 4.2])=13.5, ϰ=[4.8, 5.3, 4.6], ∫ϰ²/L>=[4.8, 6.2, 6.3], C-C-Sep=0.20, ║∇J║=1.3e-03
-----On 8/20 Initial Guess Perturbations
Iteration 1517/4500-----
J=1.2e-02, ⟨Jf⟩=1.2e-03, ⟨B·n⟩=8.2e-03, Len=sum([4.8, 4.6, 4.2])=13.5, ϰ=[4.9, 5.3, 4.6], ∫ϰ²/L>=[4.8, 6.2, 6.3], C-C-Sep=0.20, ║∇J║=1.3e-03
-----On 8/20 Initial Guess Perturbations
Iteration 1518/4500-----
J=1.2e-02, ⟨Jf⟩=1.2e-03, ⟨B·n⟩=8.2e-03, Len=sum([4.8, 4.6, 4.2])=13.6, ϰ=[4.9, 5.3, 4.6], ∫ϰ²/L>=[4.8, 6.2, 6.3], C-C-Sep=0.20, ║∇J║=1.5e-03
-----On 8/20 Initial Guess Perturbations
Iteration 1519/4500-----
J=1.2e-02, ⟨Jf⟩=1.2e-03, ⟨B·n⟩=8.2e-03, Len=sum([4.8, 4.6, 4.2])=13.6, ϰ=[4.9, 5.3, 4.6], ∫ϰ²/L>=[4.8, 6.2, 6.3], C-C-Sep=0.20, ║∇J║=1.6e-03
-----On 8/20 Initial Guess Perturbations
Iteration 1520/4500-----
J=1.2e-02, ⟨Jf⟩=1.2e-03, ⟨B·n⟩=8.2e-03, Len=sum([4.8, 4.6, 4.2])=13.5, ϰ=[4.9, 5.3, 4.6], ∫ϰ²/L>=[4.8, 6.2, 6.3], C-C-Sep=0.20, ║∇J║=1.4e-03
-----On 8/20 Initial Guess Perturbations
Iteration 1521/4500-----
J=1.2e-02, ⟨Jf⟩=1.2e-03, ⟨B·n⟩=8.2e-03, Len=sum([4.8, 4.6, 4.2])=13.5, ϰ=[4.9, 5.3, 4.6], ∫ϰ²/L>=[4.8, 6.2, 6.3], C-C-Sep=0.20, ║∇J║=2.0e-03
-----On 8/20 Initial Guess Perturbations
Iteration 1522/4500-----
J=1.2e-02, ⟨Jf⟩=1.2e-03, ⟨B·n⟩=8.2e-03, Len=sum([4.8, 4.6, 4.2])=13.5, ϰ=[4.9, 5.3, 4.6], ∫ϰ²/L>=[4.8, 6.2, 6.3], C-C-Sep=0.20, ║∇J║=1.5e-03
-----On 8/20 Initial Guess Perturbations
Iteration 1523/4500-----
J=1.2e-02, ⟨Jf⟩=1.2e-03, ⟨B·n⟩=8.2e-03, Len=sum([4.8, 4.6, 4.2])=13.5, ϰ=[4.9, 5.3, 4.6], ∫ϰ²/L>=[4.8, 6.2, 6.3], C-C-Sep=0.20, ║∇J║=1.8e-03
-----On 8/20 Initial Guess Perturbations
Iteration 1524/4500-----
J=1.2e-02, ⟨Jf⟩=1.2e-03, ⟨B·n⟩=8.2e-03, Len=sum([4.8, 4.6, 4.2])=13.5, ϰ=[4.9, 5.3, 4.6], ∫ϰ²/L>=[4.8, 6.2, 6.3], C-C-Sep=0.20, ║∇J║=3.0e-03
-----On 8/20 Initial Guess Perturbations
Iteration 1525/4500-----
J=1.2e-02, ⟨Jf⟩=1.2e-03, ⟨B·n⟩=8.2e-03, Len=sum([4.8, 4.6, 4.2])=13.5, ϰ=[4.9, 5.3, 4.6], ∫ϰ²/L>=[4.8, 6.2, 6.3], C-C-Sep=0.20, ║∇J║=1.9e-03
-----On 8/20 Initial Guess Perturbations
Iteration 1526/4500-----
J=1.2e-02, ⟨Jf⟩=1.2e-03, ⟨B·n⟩=8.2e-03, Len=sum([4.8, 4.6, 4.2])=13.5, ϰ=[4.9, 5.3, 4.6], ∫ϰ²/L>=[4.8, 6.2, 6.3], C-C-Sep=0.20, ║∇J║=1.7e-03
-----On 8/20 Initial Guess Perturbations
Iteration 1527/4500-----
J=1.2e-02, ⟨Jf⟩=1.2e-03, ⟨B·n⟩=8.2e-03, Len=sum([4.8, 4.6, 4.2])=13.5, ϰ=[4.9, 5.2, 4.6], ∫ϰ²/L>=[4.8, 6.2, 6.3], C-C-Sep=0.20, ║∇J║=1.3e-03
-----On 8/20 Initial Guess Perturbations
Iteration 1528/4500-----
J=1.2e-02, ⟨Jf⟩=1.2e-03, ⟨B·n⟩=8.2e-03, Len=sum([4.8, 4.6, 4.2])=13.5, ϰ=[4.9, 5.2, 4.6], ∫ϰ²/L>=[4.8, 6.2, 6.3], C-C-Sep=0.20, ║∇J║=1.4e-03
-----On 8/20 Initial Guess Perturbations
Iteration 1529/4500-----
J=1.2e-02, ⟨Jf⟩=1.2e-03, ⟨B·n⟩=8.2e-03, Len=sum([4.8, 4.6, 4.2])=13.5, ϰ=[5.0, 5.2, 4.6], ∫ϰ²/L>=[4.8, 6.2, 6.3], C-C-Sep=0.20, ║∇J║=1.5e-03
-----On 8/20 Initial Guess Perturbations
Iteration 1530/4500-----
J=1.2e-02, ⟨Jf⟩=1.2e-03, ⟨B·n⟩=8.2e-03, Len=sum([4.8, 4.6, 4.2])=13.5, ϰ=[5.0, 5.2, 4.6], ∫ϰ²/L>=[4.8, 6.2, 6.3], C-C-Sep=0.20, ║∇J║=1.2e-03
-----On 8/20 Initial Guess Perturbations
Iteration 1531/4500-----
J=1.2e-02, ⟨Jf⟩=1.2e-03, ⟨B·n⟩=8.2e-03, Len=sum([4.8, 4.6, 4.2])=13.5, ϰ=[4.9, 5.2, 4.6], ∫ϰ²/L>=[4.8, 6.2, 6.3], C-C-Sep=0.20, ║∇J║=1.3e-03
-----On 8/20 Initial Guess Perturbations
Iteration 1532/4500-----
J=1.2e-02, ⟨Jf⟩=1.2e-03, ⟨B·n⟩=8.2e-03, Len=sum([4.8, 4.6, 4.2])=13.5, ϰ=[4.9, 5.2, 4.6], ∫ϰ²/L>=[4.8, 6.2, 6.2], C-C-Sep=0.20, ║∇J║=1.4e-03
-----On 8/20 Initial Guess Perturbations
Iteration 1533/4500-----
J=1.2e-02, ⟨Jf⟩=1.2e-03, ⟨B·n⟩=8.2e-03, Len=sum([4.8, 4.6, 4.2])=13.5, ϰ=[4.9, 5.2, 4.6], ∫ϰ²/L>=[4.8, 6.2, 6.2], C-C-Sep=0.20, ║∇J║=1.5e-03
-----On 8/20 Initial Guess Perturbations
Iteration 1534/4500-----
J=1.2e-02, ⟨Jf⟩=1.2e-03, ⟨B·n⟩=8.2e-03, Len=sum([4.8, 4.6, 4.2])=13.5, ϰ=[4.9, 5.2, 4.5], ∫ϰ²/L>=[4.8, 6.2, 6.2], C-C-Sep=0.20, ║∇J║=1.5e-03
-----On 8/20 Initial Guess Perturbations
Iteration 1535/4500-----
J=1.2e-02, ⟨Jf⟩=1.2e-03, ⟨B·n⟩=8.2e-03, Len=sum([4.8, 4.6, 4.2])=13.5, ϰ=[4.9, 5.2, 4.5], ∫ϰ²/L>=[4.8, 6.2, 6.2], C-C-Sep=0.20, ║∇J║=1.5e-03
-----On 8/20 Initial Guess Perturbations
Iteration 1536/4500-----
J=1.2e-02, ⟨Jf⟩=1.2e-03, ⟨B·n⟩=8.2e-03, Len=sum([4.8, 4.6, 4.2])=13.5, ϰ=[4.9, 5.3, 4.5], ∫ϰ²/L>=[4.8, 6.2, 6.2], C-C-Sep=0.20, ║∇J║=1.7e-03
-----On 8/20 Initial Guess Perturbations
Iteration 1537/4500-----
J=1.2e-02, ⟨Jf⟩=1.2e-03, ⟨B·n⟩=8.2e-03, Len=sum([4.8, 4.6, 4.2])=13.5, ϰ=[4.9, 5.3, 4.5], ∫ϰ²/L>=[4.8, 6.2, 6.2], C-C-Sep=0.20, ║∇J║=2.1e-03
-----On 8/20 Initial Guess Perturbations
Iteration 1538/4500-----
J=1.2e-02, ⟨Jf⟩=1.2e-03, ⟨B·n⟩=8.2e-03, Len=sum([4.8, 4.6, 4.2])=13.5, ϰ=[4.9, 5.3, 4.5], ∫ϰ²/L>=[4.8, 6.2, 6.2], C-C-Sep=0.20, ║∇J║=1.8e-03
-----On 8/20 Initial Guess Perturbations
Iteration 1539/4500-----
J=1.2e-02, ⟨Jf⟩=1.2e-03, ⟨B·n⟩=8.2e-03, Len=sum([4.8, 4.6, 4.2])=13.5, ϰ=[4.9, 5.3, 4.5], ∫ϰ²/L>=[4.8, 6.2, 6.2], C-C-Sep=0.20, ║∇J║=1.4e-03
-----On 8/20 Initial Guess Perturbations
Iteration 1540/4500-----
J=1.2e-02, ⟨Jf⟩=1.2e-03, ⟨B·n⟩=8.2e-03, Len=sum([4.8, 4.6, 4.2])=13.5, ϰ=[4.9, 5.3, 4.5], ∫ϰ²/L>=[4.8, 6.2, 6.2], C-C-Sep=0.20, ║∇J║=1.4e-03
-----On 8/20 Initial Guess Perturbations
Iteration 1541/4500-----
J=1.2e-02, ⟨Jf⟩=1.2e-03, ⟨B·n⟩=8.2e-03, Len=sum([4.8, 4.6, 4.2])=13.5, ϰ=[4.9, 5.3, 4.5], ∫ϰ²/L>=[4.8, 6.2, 6.2], C-C-Sep=0.20, ║∇J║=1.1e-03
-----On 8/20 Initial Guess Perturbations
Iteration 1542/4500-----
J=1.2e-02, ⟨Jf⟩=1.2e-03, ⟨B·n⟩=8.2e-03, Len=sum([4.8, 4.6, 4.2])=13.5, ϰ=[4.9, 5.3, 4.6], ∫ϰ²/L>=[4.8, 6.2, 6.2], C-C-Sep=0.20, ║∇J║=1.3e-03
-----On 8/20 Initial Guess Perturbations
Iteration 1543/4500-----
J=1.2e-02, ⟨Jf⟩=1.2e-03, ⟨B·n⟩=8.2e-03, Len=sum([4.8, 4.6, 4.2])=13.5, ϰ=[4.9, 5.3, 4.6], ∫ϰ²/L>=[4.8, 6.2, 6.2], C-C-Sep=0.20, ║∇J║=1.4e-03
-----On 8/20 Initial Guess Perturbations
Iteration 1544/4500-----
J=1.2e-02, ⟨Jf⟩=1.2e-03, ⟨B·n⟩=8.2e-03, Len=sum([4.8, 4.6, 4.2])=13.5, ϰ=[4.9, 5.3, 4.6], ∫ϰ²/L>=[4.8, 6.2, 6.2], C-C-Sep=0.20, ║∇J║=1.4e-03
-----On 8/20 Initial Guess Perturbations
Iteration 1545/4500-----
J=1.2e-02, ⟨Jf⟩=1.2e-03, ⟨B·n⟩=8.2e-03, Len=sum([4.8, 4.6, 4.2])=13.5, ϰ=[4.9, 5.3, 4.6], ∫ϰ²/L>=[4.8, 6.2, 6.2], C-C-Sep=0.20, ║∇J║=1.7e-03
-----On 8/20 Initial Guess Perturbations
Iteration 1546/4500-----
J=1.2e-02, ⟨Jf⟩=1.2e-03, ⟨B·n⟩=8.2e-03, Len=sum([4.8, 4.6, 4.2])=13.5, ϰ=[4.9, 5.3, 4.6], ∫ϰ²/L>=[4.8, 6.2, 6.2], C-C-Sep=0.20, ║∇J║=1.6e-03
-----On 8/20 Initial Guess Perturbations
Iteration 1547/4500-----
J=1.2e-02, ⟨Jf⟩=1.2e-03, ⟨B·n⟩=8.2e-03, Len=sum([4.8, 4.6, 4.2])=13.5, ϰ=[4.9, 5.3, 4.6], ∫ϰ²/L>=[4.8, 6.2, 6.2], C-C-Sep=0.20, ║∇J║=1.6e-03
-----On 8/20 Initial Guess Perturbations
Iteration 1548/4500-----
J=1.2e-02, ⟨Jf⟩=1.2e-03, ⟨B·n⟩=8.2e-03, Len=sum([4.8, 4.6, 4.2])=13.5, ϰ=[4.9, 5.3, 4.6], ∫ϰ²/L>=[4.8, 6.2, 6.2], C-C-Sep=0.20, ║∇J║=1.5e-03
-----On 8/20 Initial Guess Perturbations
Iteration 1549/4500-----
J=1.2e-02, ⟨Jf⟩=1.2e-03, ⟨B·n⟩=8.2e-03, Len=sum([4.8, 4.6, 4.2])=13.5, ϰ=[4.9, 5.3, 4.6], ∫ϰ²/L>=[4.8, 6.2, 6.2], C-C-Sep=0.20, ║∇J║=1.6e-03
-----On 8/20 Initial Guess Perturbations
Iteration 1550/4500-----
J=1.2e-02, ⟨Jf⟩=1.2e-03, ⟨B·n⟩=8.2e-03, Len=sum([4.8, 4.6, 4.2])=13.5, ϰ=[4.8, 5.3, 4.6], ∫ϰ²/L>=[4.8, 6.2, 6.2], C-C-Sep=0.20, ║∇J║=1.5e-03
-----On 8/20 Initial Guess Perturbations
Iteration 1551/4500-----
J=1.2e-02, ⟨Jf⟩=1.2e-03, ⟨B·n⟩=8.2e-03, Len=sum([4.8, 4.6, 4.2])=13.5, ϰ=[4.9, 5.3, 4.6], ∫ϰ²/L>=[4.8, 6.2, 6.2], C-C-Sep=0.20, ║∇J║=1.6e-03
-----On 8/20 Initial Guess Perturbations
Iteration 1552/4500-----
J=1.2e-02, ⟨Jf⟩=1.2e-03, ⟨B·n⟩=8.2e-03, Len=sum([4.8, 4.6, 4.2])=13.5, ϰ=[4.8, 5.3, 4.6], ∫ϰ²/L>=[4.8, 6.2, 6.2], C-C-Sep=0.20, ║∇J║=1.5e-03
-----On 8/20 Initial Guess Perturbations
Iteration 1553/4500-----
J=1.2e-02, ⟨Jf⟩=1.2e-03, ⟨B·n⟩=8.2e-03, Len=sum([4.8, 4.6, 4.2])=13.5, ϰ=[4.9, 5.3, 4.6], ∫ϰ²/L>=[4.8, 6.2, 6.2], C-C-Sep=0.20, ║∇J║=1.9e-03
-----On 8/20 Initial Guess Perturbations
Iteration 1554/4500-----
J=1.2e-02, ⟨Jf⟩=1.2e-03, ⟨B·n⟩=8.2e-03, Len=sum([4.8, 4.6, 4.2])=13.5, ϰ=[4.9, 5.3, 4.7], ∫ϰ²/L>=[4.8, 6.2, 6.2], C-C-Sep=0.20, ║∇J║=1.7e-03
-----On 8/20 Initial Guess Perturbations
Iteration 1555/4500-----
J=1.2e-02, ⟨Jf⟩=1.2e-03, ⟨B·n⟩=8.2e-03, Len=sum([4.8, 4.6, 4.2])=13.5, ϰ=[4.9, 5.3, 4.6], ∫ϰ²/L>=[4.8, 6.2, 6.2], C-C-Sep=0.20, ║∇J║=1.2e-03
-----On 8/20 Initial Guess Perturbations
Iteration 1556/4500-----
J=1.2e-02, ⟨Jf⟩=1.2e-03, ⟨B·n⟩=8.2e-03, Len=sum([4.8, 4.6, 4.2])=13.5, ϰ=[4.9, 5.3, 4.6], ∫ϰ²/L>=[4.8, 6.2, 6.2], C-C-Sep=0.20, ║∇J║=1.4e-03
-----On 8/20 Initial Guess Perturbations
Iteration 1557/4500-----
J=1.2e-02, ⟨Jf⟩=1.2e-03, ⟨B·n⟩=8.2e-03, Len=sum([4.8, 4.6, 4.2])=13.5, ϰ=[4.9, 5.3, 4.6], ∫ϰ²/L>=[4.8, 6.2, 6.2], C-C-Sep=0.20, ║∇J║=1.4e-03
-----On 8/20 Initial Guess Perturbations
Iteration 1558/4500-----
J=1.2e-02, ⟨Jf⟩=1.2e-03, ⟨B·n⟩=8.2e-03, Len=sum([4.8, 4.6, 4.2])=13.5, ϰ=[4.9, 5.3, 4.5], ∫ϰ²/L>=[4.8, 6.2, 6.2], C-C-Sep=0.20, ║∇J║=1.2e-03
-----On 8/20 Initial Guess Perturbations
Iteration 1559/4500-----
J=1.2e-02, ⟨Jf⟩=1.2e-03, ⟨B·n⟩=8.2e-03, Len=sum([4.8, 4.6, 4.2])=13.5, ϰ=[4.9, 5.3, 4.5], ∫ϰ²/L>=[4.8, 6.2, 6.2], C-C-Sep=0.20, ║∇J║=1.3e-03
-----On 8/20 Initial Guess Perturbations
Iteration 1560/4500-----
J=1.2e-02, ⟨Jf⟩=1.2e-03, ⟨B·n⟩=8.2e-03, Len=sum([4.8, 4.6, 4.2])=13.5, ϰ=[4.9, 5.3, 4.5], ∫ϰ²/L>=[4.8, 6.2, 6.2], C-C-Sep=0.20, ║∇J║=1.5e-03
-----On 8/20 Initial Guess Perturbations
Iteration 1561/4500-----
J=1.2e-02, ⟨Jf⟩=1.2e-03, ⟨B·n⟩=8.2e-03, Len=sum([4.8, 4.6, 4.2])=13.5, ϰ=[4.9, 5.3, 4.5], ∫ϰ²/L>=[4.8, 6.2, 6.2], C-C-Sep=0.20, ║∇J║=1.5e-03
-----On 8/20 Initial Guess Perturbations
Iteration 1562/4500-----
J=1.2e-02, ⟨Jf⟩=1.2e-03, ⟨B·n⟩=8.2e-03, Len=sum([4.8, 4.6, 4.2])=13.5, ϰ=[4.9, 5.3, 4.5], ∫ϰ²/L>=[4.8, 6.2, 6.2], C-C-Sep=0.20, ║∇J║=1.5e-03
-----On 8/20 Initial Guess Perturbations
Iteration 1563/4500-----
J=1.2e-02, ⟨Jf⟩=1.2e-03, ⟨B·n⟩=8.2e-03, Len=sum([4.8, 4.6, 4.2])=13.5, ϰ=[4.9, 5.3, 4.5], ∫ϰ²/L>=[4.8, 6.2, 6.2], C-C-Sep=0.20, ║∇J║=1.7e-03
-----On 8/20 Initial Guess Perturbations
Iteration 1564/4500-----
J=1.2e-02, ⟨Jf⟩=1.2e-03, ⟨B·n⟩=8.2e-03, Len=sum([4.8, 4.6, 4.2])=13.5, ϰ=[4.9, 5.3, 4.5], ∫ϰ²/L>=[4.8, 6.2, 6.2], C-C-Sep=0.20, ║∇J║=1.7e-03
-----On 8/20 Initial Guess Perturbations
Iteration 1565/4500-----
J=1.2e-02, ⟨Jf⟩=1.2e-03, ⟨B·n⟩=8.2e-03, Len=sum([4.8, 4.6, 4.2])=13.5, ϰ=[4.9, 5.3, 4.5], ∫ϰ²/L>=[4.8, 6.2, 6.2], C-C-Sep=0.20, ║∇J║=1.7e-03
-----On 8/20 Initial Guess Perturbations
Iteration 1566/4500-----
J=1.2e-02, ⟨Jf⟩=1.2e-03, ⟨B·n⟩=8.2e-03, Len=sum([4.8, 4.6, 4.2])=13.5, ϰ=[4.9, 5.3, 4.5], ∫ϰ²/L>=[4.8, 6.2, 6.2], C-C-Sep=0.20, ║∇J║=1.2e-03
-----On 8/20 Initial Guess Perturbations
Iteration 1567/4500-----
J=1.2e-02, ⟨Jf⟩=1.2e-03, ⟨B·n⟩=8.2e-03, Len=sum([4.8, 4.6, 4.2])=13.5, ϰ=[4.9, 5.3, 4.5], ∫ϰ²/L>=[4.8, 6.2, 6.2], C-C-Sep=0.20, ║∇J║=1.2e-03
-----On 8/20 Initial Guess Perturbations
Iteration 1568/4500-----
J=1.2e-02, ⟨Jf⟩=1.2e-03, ⟨B·n⟩=8.2e-03, Len=sum([4.8, 4.6, 4.2])=13.5, ϰ=[4.9, 5.3, 4.5], ∫ϰ²/L>=[4.8, 6.2, 6.2], C-C-Sep=0.20, ║∇J║=1.4e-03
-----On 8/20 Initial Guess Perturbations
Iteration 1569/4500-----
J=1.2e-02, ⟨Jf⟩=1.2e-03, ⟨B·n⟩=8.2e-03, Len=sum([4.8, 4.6, 4.2])=13.5, ϰ=[4.9, 5.3, 4.5], ∫ϰ²/L>=[4.8, 6.2, 6.2], C-C-Sep=0.20, ║∇J║=1.3e-03
-----On 8/20 Initial Guess Perturbations
Iteration 1570/4500-----
J=1.2e-02, ⟨Jf⟩=1.2e-03, ⟨B·n⟩=8.2e-03, Len=sum([4.8, 4.6, 4.2])=13.5, ϰ=[4.9, 5.3, 4.5], ∫ϰ²/L>=[4.8, 6.2, 6.2], C-C-Sep=0.20, ║∇J║=1.3e-03
-----On 8/20 Initial Guess Perturbations
Iteration 1571/4500-----
J=1.2e-02, ⟨Jf⟩=1.2e-03, ⟨B·n⟩=8.2e-03, Len=sum([4.8, 4.6, 4.2])=13.5, ϰ=[4.9, 5.3, 4.5], ∫ϰ²/L>=[4.8, 6.2, 6.2], C-C-Sep=0.20, ║∇J║=1.2e-03
-----On 8/20 Initial Guess Perturbations
Iteration 1572/4500-----
J=1.2e-02, ⟨Jf⟩=1.2e-03, ⟨B·n⟩=8.2e-03, Len=sum([4.8, 4.6, 4.2])=13.5, ϰ=[4.8, 5.3, 4.5], ∫ϰ²/L>=[4.8, 6.2, 6.2], C-C-Sep=0.20, ║∇J║=1.4e-03
-----On 8/20 Initial Guess Perturbations
Iteration 1573/4500-----
J=1.2e-02, ⟨Jf⟩=1.2e-03, ⟨B·n⟩=8.2e-03, Len=sum([4.8, 4.6, 4.2])=13.5, ϰ=[4.8, 5.3, 4.5], ∫ϰ²/L>=[4.8, 6.2, 6.2], C-C-Sep=0.20, ║∇J║=1.3e-03
-----On 8/20 Initial Guess Perturbations
Iteration 1574/4500-----
J=1.2e-02, ⟨Jf⟩=1.2e-03, ⟨B·n⟩=8.2e-03, Len=sum([4.8, 4.6, 4.2])=13.5, ϰ=[4.9, 5.2, 4.6], ∫ϰ²/L>=[4.8, 6.1, 6.2], C-C-Sep=0.20, ║∇J║=1.3e-03
-----On 8/20 Initial Guess Perturbations
Iteration 1575/4500-----
J=1.2e-02, ⟨Jf⟩=1.2e-03, ⟨B·n⟩=8.2e-03, Len=sum([4.8, 4.6, 4.2])=13.5, ϰ=[4.8, 5.2, 4.6], ∫ϰ²/L>=[4.8, 6.1, 6.2], C-C-Sep=0.20, ║∇J║=1.6e-03
-----On 8/20 Initial Guess Perturbations
Iteration 1576/4500-----
J=1.2e-02, ⟨Jf⟩=1.2e-03, ⟨B·n⟩=8.2e-03, Len=sum([4.8, 4.6, 4.2])=13.5, ϰ=[4.8, 5.2, 4.6], ∫ϰ²/L>=[4.7, 6.1, 6.2], C-C-Sep=0.20, ║∇J║=1.3e-03
-----On 8/20 Initial Guess Perturbations
Iteration 1577/4500-----
J=1.2e-02, ⟨Jf⟩=1.2e-03, ⟨B·n⟩=8.2e-03, Len=sum([4.8, 4.6, 4.2])=13.5, ϰ=[4.8, 5.2, 4.6], ∫ϰ²/L>=[4.7, 6.1, 6.2], C-C-Sep=0.20, ║∇J║=1.3e-03
-----On 8/20 Initial Guess Perturbations
Iteration 1578/4500-----
J=1.2e-02, ⟨Jf⟩=1.2e-03, ⟨B·n⟩=8.2e-03, Len=sum([4.8, 4.6, 4.2])=13.5, ϰ=[4.8, 5.2, 4.5], ∫ϰ²/L>=[4.7, 6.1, 6.2], C-C-Sep=0.20, ║∇J║=1.4e-03
-----On 8/20 Initial Guess Perturbations
Iteration 1579/4500-----
J=1.2e-02, ⟨Jf⟩=1.2e-03, ⟨B·n⟩=8.2e-03, Len=sum([4.8, 4.6, 4.2])=13.5, ϰ=[4.8, 5.2, 4.5], ∫ϰ²/L>=[4.7, 6.1, 6.2], C-C-Sep=0.20, ║∇J║=1.1e-03
-----On 8/20 Initial Guess Perturbations
Iteration 1580/4500-----
J=1.2e-02, ⟨Jf⟩=1.2e-03, ⟨B·n⟩=8.2e-03, Len=sum([4.8, 4.6, 4.2])=13.5, ϰ=[4.8, 5.2, 4.5], ∫ϰ²/L>=[4.7, 6.1, 6.2], C-C-Sep=0.20, ║∇J║=1.4e-03
-----On 8/20 Initial Guess Perturbations
Iteration 1581/4500-----
J=1.2e-02, ⟨Jf⟩=1.2e-03, ⟨B·n⟩=8.2e-03, Len=sum([4.8, 4.6, 4.2])=13.5, ϰ=[4.8, 5.2, 4.6], ∫ϰ²/L>=[4.8, 6.1, 6.2], C-C-Sep=0.20, ║∇J║=1.8e-03
-----On 8/20 Initial Guess Perturbations
Iteration 1582/4500-----
J=1.2e-02, ⟨Jf⟩=1.2e-03, ⟨B·n⟩=8.2e-03, Len=sum([4.8, 4.6, 4.2])=13.5, ϰ=[4.8, 5.2, 4.5], ∫ϰ²/L>=[4.8, 6.1, 6.2], C-C-Sep=0.20, ║∇J║=1.9e-03
-----On 8/20 Initial Guess Perturbations
Iteration 1583/4500-----
J=1.2e-02, ⟨Jf⟩=1.2e-03, ⟨B·n⟩=8.2e-03, Len=sum([4.8, 4.6, 4.2])=13.5, ϰ=[4.8, 5.2, 4.5], ∫ϰ²/L>=[4.8, 6.1, 6.2], C-C-Sep=0.20, ║∇J║=1.5e-03
-----On 8/20 Initial Guess Perturbations
Iteration 1584/4500-----
J=1.2e-02, ⟨Jf⟩=1.2e-03, ⟨B·n⟩=8.2e-03, Len=sum([4.8, 4.6, 4.2])=13.5, ϰ=[4.8, 5.2, 4.6], ∫ϰ²/L>=[4.8, 6.2, 6.2], C-C-Sep=0.20, ║∇J║=1.2e-03
-----On 8/20 Initial Guess Perturbations
Iteration 1585/4500-----
J=1.2e-02, ⟨Jf⟩=1.2e-03, ⟨B·n⟩=8.2e-03, Len=sum([4.8, 4.6, 4.2])=13.5, ϰ=[4.9, 5.2, 4.6], ∫ϰ²/L>=[4.8, 6.2, 6.2], C-C-Sep=0.20, ║∇J║=1.3e-03
-----On 8/20 Initial Guess Perturbations
Iteration 1586/4500-----
J=1.2e-02, ⟨Jf⟩=1.2e-03, ⟨B·n⟩=8.2e-03, Len=sum([4.8, 4.6, 4.2])=13.5, ϰ=[4.8, 5.2, 4.6], ∫ϰ²/L>=[4.8, 6.2, 6.2], C-C-Sep=0.20, ║∇J║=1.5e-03
-----On 8/20 Initial Guess Perturbations
Iteration 1587/4500-----
J=1.2e-02, ⟨Jf⟩=1.2e-03, ⟨B·n⟩=8.2e-03, Len=sum([4.8, 4.6, 4.2])=13.5, ϰ=[4.9, 5.2, 4.6], ∫ϰ²/L>=[4.8, 6.2, 6.2], C-C-Sep=0.20, ║∇J║=1.6e-03
-----On 8/20 Initial Guess Perturbations
Iteration 1588/4500-----
J=1.2e-02, ⟨Jf⟩=1.2e-03, ⟨B·n⟩=8.2e-03, Len=sum([4.8, 4.6, 4.2])=13.5, ϰ=[4.9, 5.2, 4.6], ∫ϰ²/L>=[4.8, 6.2, 6.2], C-C-Sep=0.20, ║∇J║=1.4e-03
-----On 8/20 Initial Guess Perturbations
Iteration 1589/4500-----
J=1.2e-02, ⟨Jf⟩=1.2e-03, ⟨B·n⟩=8.2e-03, Len=sum([4.8, 4.6, 4.2])=13.5, ϰ=[4.9, 5.2, 4.6], ∫ϰ²/L>=[4.8, 6.2, 6.2], C-C-Sep=0.20, ║∇J║=1.5e-03
-----On 8/20 Initial Guess Perturbations
Iteration 1590/4500-----
J=1.2e-02, ⟨Jf⟩=1.2e-03, ⟨B·n⟩=8.2e-03, Len=sum([4.8, 4.6, 4.2])=13.5, ϰ=[4.9, 5.2, 4.6], ∫ϰ²/L>=[4.8, 6.1, 6.2], C-C-Sep=0.20, ║∇J║=1.3e-03
-----On 8/20 Initial Guess Perturbations
Iteration 1591/4500-----
J=1.2e-02, ⟨Jf⟩=1.2e-03, ⟨B·n⟩=8.2e-03, Len=sum([4.8, 4.6, 4.2])=13.5, ϰ=[4.9, 5.2, 4.6], ∫ϰ²/L>=[4.8, 6.1, 6.2], C-C-Sep=0.20, ║∇J║=1.5e-03
-----On 8/20 Initial Guess Perturbations
Iteration 1592/4500-----
J=1.2e-02, ⟨Jf⟩=1.2e-03, ⟨B·n⟩=8.2e-03, Len=sum([4.8, 4.6, 4.2])=13.5, ϰ=[4.9, 5.3, 4.6], ∫ϰ²/L>=[4.8, 6.1, 6.2], C-C-Sep=0.20, ║∇J║=1.2e-03
-----On 8/20 Initial Guess Perturbations
Iteration 1593/4500-----
J=1.2e-02, ⟨Jf⟩=1.2e-03, ⟨B·n⟩=8.2e-03, Len=sum([4.8, 4.6, 4.2])=13.5, ϰ=[4.9, 5.3, 4.6], ∫ϰ²/L>=[4.8, 6.1, 6.2], C-C-Sep=0.20, ║∇J║=1.2e-03
-----On 8/20 Initial Guess Perturbations
Iteration 1594/4500-----
J=1.2e-02, ⟨Jf⟩=1.2e-03, ⟨B·n⟩=8.2e-03, Len=sum([4.8, 4.6, 4.2])=13.5, ϰ=[4.9, 5.3, 4.6], ∫ϰ²/L>=[4.8, 6.1, 6.2], C-C-Sep=0.20, ║∇J║=1.3e-03
-----On 8/20 Initial Guess Perturbations
Iteration 1595/4500-----
J=1.2e-02, ⟨Jf⟩=1.2e-03, ⟨B·n⟩=8.2e-03, Len=sum([4.8, 4.6, 4.2])=13.5, ϰ=[4.9, 5.3, 4.5], ∫ϰ²/L>=[4.8, 6.1, 6.2], C-C-Sep=0.20, ║∇J║=1.3e-03
-----On 8/20 Initial Guess Perturbations
Iteration 1596/4500-----
J=1.2e-02, ⟨Jf⟩=1.2e-03, ⟨B·n⟩=8.2e-03, Len=sum([4.8, 4.6, 4.2])=13.5, ϰ=[4.9, 5.3, 4.5], ∫ϰ²/L>=[4.8, 6.1, 6.2], C-C-Sep=0.20, ║∇J║=1.2e-03
-----On 8/20 Initial Guess Perturbations
Iteration 1597/4500-----
J=1.2e-02, ⟨Jf⟩=1.2e-03, ⟨B·n⟩=8.2e-03, Len=sum([4.8, 4.6, 4.2])=13.5, ϰ=[4.9, 5.3, 4.5], ∫ϰ²/L>=[4.8, 6.1, 6.2], C-C-Sep=0.20, ║∇J║=1.5e-03
-----On 8/20 Initial Guess Perturbations
Iteration 1598/4500-----
J=1.2e-02, ⟨Jf⟩=1.2e-03, ⟨B·n⟩=8.2e-03, Len=sum([4.8, 4.6, 4.2])=13.5, ϰ=[4.9, 5.3, 4.5], ∫ϰ²/L>=[4.8, 6.1, 6.2], C-C-Sep=0.20, ║∇J║=1.4e-03
-----On 8/20 Initial Guess Perturbations
Iteration 1599/4500-----
J=1.2e-02, ⟨Jf⟩=1.2e-03, ⟨B·n⟩=8.2e-03, Len=sum([4.8, 4.6, 4.2])=13.5, ϰ=[5.0, 5.3, 4.5], ∫ϰ²/L>=[4.8, 6.1, 6.2], C-C-Sep=0.20, ║∇J║=2.0e-03
-----On 8/20 Initial Guess Perturbations
Iteration 1600/4500-----
J=1.2e-02, ⟨Jf⟩=1.2e-03, ⟨B·n⟩=8.2e-03, Len=sum([4.8, 4.6, 4.2])=13.5, ϰ=[5.0, 5.3, 4.5], ∫ϰ²/L>=[4.8, 6.1, 6.2], C-C-Sep=0.20, ║∇J║=1.6e-03
-----On 8/20 Initial Guess Perturbations
Iteration 1601/4500-----
J=1.2e-02, ⟨Jf⟩=1.2e-03, ⟨B·n⟩=8.2e-03, Len=sum([4.8, 4.6, 4.2])=13.5, ϰ=[5.0, 5.3, 4.5], ∫ϰ²/L>=[4.8, 6.1, 6.2], C-C-Sep=0.20, ║∇J║=1.4e-03
-----On 8/20 Initial Guess Perturbations
Iteration 1602/4500-----
J=1.2e-02, ⟨Jf⟩=1.2e-03, ⟨B·n⟩=8.2e-03, Len=sum([4.8, 4.6, 4.2])=13.5, ϰ=[5.0, 5.3, 4.5], ∫ϰ²/L>=[4.8, 6.1, 6.2], C-C-Sep=0.20, ║∇J║=1.3e-03
-----On 8/20 Initial Guess Perturbations
Iteration 1603/4500-----
J=1.2e-02, ⟨Jf⟩=1.2e-03, ⟨B·n⟩=8.2e-03, Len=sum([4.8, 4.6, 4.2])=13.5, ϰ=[5.0, 5.3, 4.5], ∫ϰ²/L>=[4.8, 6.1, 6.2], C-C-Sep=0.20, ║∇J║=1.3e-03
-----On 8/20 Initial Guess Perturbations
Iteration 1604/4500-----
J=1.2e-02, ⟨Jf⟩=1.2e-03, ⟨B·n⟩=8.2e-03, Len=sum([4.8, 4.6, 4.2])=13.5, ϰ=[5.0, 5.3, 4.5], ∫ϰ²/L>=[4.8, 6.1, 6.2], C-C-Sep=0.20, ║∇J║=1.2e-03
-----On 8/20 Initial Guess Perturbations
Iteration 1605/4500-----
J=1.2e-02, ⟨Jf⟩=1.2e-03, ⟨B·n⟩=8.2e-03, Len=sum([4.8, 4.6, 4.2])=13.5, ϰ=[5.0, 5.3, 4.5], ∫ϰ²/L>=[4.8, 6.1, 6.2], C-C-Sep=0.20, ║∇J║=1.2e-03
-----On 8/20 Initial Guess Perturbations
Iteration 1606/4500-----
J=1.2e-02, ⟨Jf⟩=1.2e-03, ⟨B·n⟩=8.2e-03, Len=sum([4.8, 4.6, 4.2])=13.5, ϰ=[5.0, 5.3, 4.5], ∫ϰ²/L>=[4.8, 6.1, 6.2], C-C-Sep=0.20, ║∇J║=1.4e-03
-----On 8/20 Initial Guess Perturbations
Iteration 1607/4500-----
J=1.2e-02, ⟨Jf⟩=1.2e-03, ⟨B·n⟩=8.2e-03, Len=sum([4.8, 4.6, 4.2])=13.5, ϰ=[5.0, 5.2, 4.5], ∫ϰ²/L>=[4.8, 6.1, 6.2], C-C-Sep=0.20, ║∇J║=1.3e-03
-----On 8/20 Initial Guess Perturbations
Iteration 1608/4500-----
J=1.2e-02, ⟨Jf⟩=1.2e-03, ⟨B·n⟩=8.2e-03, Len=sum([4.8, 4.6, 4.2])=13.5, ϰ=[5.0, 5.2, 4.4], ∫ϰ²/L>=[4.8, 6.1, 6.2], C-C-Sep=0.20, ║∇J║=1.4e-03
-----On 8/20 Initial Guess Perturbations
Iteration 1609/4500-----
J=1.2e-02, ⟨Jf⟩=1.2e-03, ⟨B·n⟩=8.2e-03, Len=sum([4.8, 4.6, 4.2])=13.5, ϰ=[4.9, 5.2, 4.5], ∫ϰ²/L>=[4.8, 6.1, 6.2], C-C-Sep=0.20, ║∇J║=2.0e-03
-----On 8/20 Initial Guess Perturbations
Iteration 1610/4500-----
J=1.2e-02, ⟨Jf⟩=1.2e-03, ⟨B·n⟩=8.2e-03, Len=sum([4.8, 4.6, 4.2])=13.5, ϰ=[4.9, 5.2, 4.5], ∫ϰ²/L>=[4.8, 6.1, 6.2], C-C-Sep=0.20, ║∇J║=1.6e-03
-----On 8/20 Initial Guess Perturbations
Iteration 1611/4500-----
J=1.2e-02, ⟨Jf⟩=1.2e-03, ⟨B·n⟩=8.2e-03, Len=sum([4.8, 4.6, 4.2])=13.5, ϰ=[4.9, 5.2, 4.5], ∫ϰ²/L>=[4.8, 6.1, 6.2], C-C-Sep=0.20, ║∇J║=1.3e-03
-----On 8/20 Initial Guess Perturbations
Iteration 1612/4500-----
J=1.2e-02, ⟨Jf⟩=1.2e-03, ⟨B·n⟩=8.2e-03, Len=sum([4.8, 4.6, 4.2])=13.5, ϰ=[4.9, 5.2, 4.5], ∫ϰ²/L>=[4.8, 6.1, 6.2], C-C-Sep=0.20, ║∇J║=1.2e-03
-----On 8/20 Initial Guess Perturbations
Iteration 1613/4500-----
J=1.2e-02, ⟨Jf⟩=1.2e-03, ⟨B·n⟩=8.2e-03, Len=sum([4.8, 4.6, 4.2])=13.5, ϰ=[4.9, 5.1, 4.5], ∫ϰ²/L>=[4.8, 6.1, 6.2], C-C-Sep=0.20, ║∇J║=1.3e-03
-----On 8/20 Initial Guess Perturbations
Iteration 1614/4500-----
J=1.2e-02, ⟨Jf⟩=1.2e-03, ⟨B·n⟩=8.2e-03, Len=sum([4.8, 4.6, 4.2])=13.5, ϰ=[4.9, 5.1, 4.5], ∫ϰ²/L>=[4.8, 6.1, 6.2], C-C-Sep=0.20, ║∇J║=1.3e-03
-----On 8/20 Initial Guess Perturbations
Iteration 1615/4500-----
J=1.2e-02, ⟨Jf⟩=1.2e-03, ⟨B·n⟩=8.2e-03, Len=sum([4.8, 4.6, 4.2])=13.5, ϰ=[4.9, 5.1, 4.5], ∫ϰ²/L>=[4.8, 6.1, 6.2], C-C-Sep=0.20, ║∇J║=1.3e-03
-----On 8/20 Initial Guess Perturbations
Iteration 1616/4500-----
J=1.2e-02, ⟨Jf⟩=1.2e-03, ⟨B·n⟩=8.2e-03, Len=sum([4.8, 4.6, 4.2])=13.5, ϰ=[4.9, 5.1, 4.5], ∫ϰ²/L>=[4.8, 6.2, 6.2], C-C-Sep=0.20, ║∇J║=1.4e-03
-----On 8/20 Initial Guess Perturbations
Iteration 1617/4500-----
J=1.2e-02, ⟨Jf⟩=1.2e-03, ⟨B·n⟩=8.2e-03, Len=sum([4.8, 4.6, 4.2])=13.5, ϰ=[4.9, 5.1, 4.5], ∫ϰ²/L>=[4.8, 6.1, 6.2], C-C-Sep=0.20, ║∇J║=1.8e-03
-----On 8/20 Initial Guess Perturbations
Iteration 1618/4500-----
J=1.2e-02, ⟨Jf⟩=1.2e-03, ⟨B·n⟩=8.2e-03, Len=sum([4.8, 4.6, 4.2])=13.5, ϰ=[4.9, 5.2, 4.5], ∫ϰ²/L>=[4.8, 6.1, 6.2], C-C-Sep=0.20, ║∇J║=1.5e-03
-----On 8/20 Initial Guess Perturbations
Iteration 1619/4500-----
J=1.2e-02, ⟨Jf⟩=1.2e-03, ⟨B·n⟩=8.2e-03, Len=sum([4.8, 4.6, 4.2])=13.5, ϰ=[4.8, 5.2, 4.5], ∫ϰ²/L>=[4.8, 6.1, 6.2], C-C-Sep=0.20, ║∇J║=1.3e-03
-----On 8/20 Initial Guess Perturbations
Iteration 1620/4500-----
J=1.2e-02, ⟨Jf⟩=1.2e-03, ⟨B·n⟩=8.2e-03, Len=sum([4.8, 4.6, 4.2])=13.5, ϰ=[4.8, 5.2, 4.5], ∫ϰ²/L>=[4.8, 6.1, 6.2], C-C-Sep=0.20, ║∇J║=1.0e-03
-----On 8/20 Initial Guess Perturbations
Iteration 1621/4500-----
J=1.2e-02, ⟨Jf⟩=1.2e-03, ⟨B·n⟩=8.2e-03, Len=sum([4.8, 4.6, 4.2])=13.5, ϰ=[4.8, 5.2, 4.6], ∫ϰ²/L>=[4.7, 6.1, 6.2], C-C-Sep=0.20, ║∇J║=1.1e-03
-----On 8/20 Initial Guess Perturbations
Iteration 1622/4500-----
J=1.2e-02, ⟨Jf⟩=1.2e-03, ⟨B·n⟩=8.2e-03, Len=sum([4.8, 4.6, 4.2])=13.5, ϰ=[4.8, 5.2, 4.6], ∫ϰ²/L>=[4.7, 6.2, 6.2], C-C-Sep=0.20, ║∇J║=1.3e-03
-----On 8/20 Initial Guess Perturbations
Iteration 1623/4500-----
J=1.2e-02, ⟨Jf⟩=1.2e-03, ⟨B·n⟩=8.2e-03, Len=sum([4.8, 4.6, 4.2])=13.5, ϰ=[4.8, 5.2, 4.6], ∫ϰ²/L>=[4.7, 6.1, 6.2], C-C-Sep=0.20, ║∇J║=1.3e-03
-----On 8/20 Initial Guess Perturbations
Iteration 1624/4500-----
J=1.2e-02, ⟨Jf⟩=1.2e-03, ⟨B·n⟩=8.2e-03, Len=sum([4.8, 4.6, 4.2])=13.5, ϰ=[4.8, 5.2, 4.6], ∫ϰ²/L>=[4.7, 6.1, 6.2], C-C-Sep=0.20, ║∇J║=1.5e-03
-----On 8/20 Initial Guess Perturbations
Iteration 1625/4500-----
J=1.2e-02, ⟨Jf⟩=1.2e-03, ⟨B·n⟩=8.2e-03, Len=sum([4.8, 4.6, 4.2])=13.5, ϰ=[4.9, 5.2, 4.6], ∫ϰ²/L>=[4.7, 6.1, 6.2], C-C-Sep=0.20, ║∇J║=1.1e-03
-----On 8/20 Initial Guess Perturbations
Iteration 1626/4500-----
J=1.2e-02, ⟨Jf⟩=1.2e-03, ⟨B·n⟩=8.2e-03, Len=sum([4.8, 4.6, 4.2])=13.5, ϰ=[4.9, 5.2, 4.6], ∫ϰ²/L>=[4.7, 6.1, 6.2], C-C-Sep=0.20, ║∇J║=1.2e-03
-----On 8/20 Initial Guess Perturbations
Iteration 1627/4500-----
J=1.2e-02, ⟨Jf⟩=1.2e-03, ⟨B·n⟩=8.2e-03, Len=sum([4.8, 4.6, 4.2])=13.5, ϰ=[4.9, 5.2, 4.6], ∫ϰ²/L>=[4.7, 6.1, 6.2], C-C-Sep=0.20, ║∇J║=1.3e-03
-----On 8/20 Initial Guess Perturbations
Iteration 1628/4500-----
J=1.2e-02, ⟨Jf⟩=1.2e-03, ⟨B·n⟩=8.2e-03, Len=sum([4.8, 4.6, 4.2])=13.5, ϰ=[4.9, 5.2, 4.6], ∫ϰ²/L>=[4.7, 6.1, 6.2], C-C-Sep=0.20, ║∇J║=1.2e-03
-----On 8/20 Initial Guess Perturbations
Iteration 1629/4500-----
J=1.2e-02, ⟨Jf⟩=1.2e-03, ⟨B·n⟩=8.2e-03, Len=sum([4.8, 4.6, 4.2])=13.5, ϰ=[4.9, 5.2, 4.6], ∫ϰ²/L>=[4.7, 6.1, 6.2], C-C-Sep=0.20, ║∇J║=1.1e-03
-----On 8/20 Initial Guess Perturbations
Iteration 1630/4500-----
J=1.2e-02, ⟨Jf⟩=1.2e-03, ⟨B·n⟩=8.2e-03, Len=sum([4.8, 4.6, 4.2])=13.5, ϰ=[4.9, 5.2, 4.6], ∫ϰ²/L>=[4.7, 6.2, 6.2], C-C-Sep=0.20, ║∇J║=1.0e-03
-----On 8/20 Initial Guess Perturbations
Iteration 1631/4500-----
J=1.2e-02, ⟨Jf⟩=1.2e-03, ⟨B·n⟩=8.2e-03, Len=sum([4.8, 4.6, 4.2])=13.5, ϰ=[4.9, 5.2, 4.6], ∫ϰ²/L>=[4.7, 6.1, 6.2], C-C-Sep=0.20, ║∇J║=1.1e-03
-----On 8/20 Initial Guess Perturbations
Iteration 1632/4500-----
J=1.2e-02, ⟨Jf⟩=1.2e-03, ⟨B·n⟩=8.2e-03, Len=sum([4.8, 4.6, 4.2])=13.5, ϰ=[4.9, 5.2, 4.6], ∫ϰ²/L>=[4.7, 6.2, 6.3], C-C-Sep=0.20, ║∇J║=1.7e-03
-----On 8/20 Initial Guess Perturbations
Iteration 1633/4500-----
J=1.2e-02, ⟨Jf⟩=1.2e-03, ⟨B·n⟩=8.2e-03, Len=sum([4.8, 4.6, 4.2])=13.5, ϰ=[4.9, 5.2, 4.6], ∫ϰ²/L>=[4.7, 6.2, 6.2], C-C-Sep=0.20, ║∇J║=1.1e-03
-----On 8/20 Initial Guess Perturbations
Iteration 1634/4500-----
J=1.2e-02, ⟨Jf⟩=1.2e-03, ⟨B·n⟩=8.2e-03, Len=sum([4.8, 4.6, 4.2])=13.5, ϰ=[4.9, 5.2, 4.6], ∫ϰ²/L>=[4.8, 6.2, 6.2], C-C-Sep=0.20, ║∇J║=1.7e-03
-----On 8/20 Initial Guess Perturbations
Iteration 1635/4500-----
J=1.2e-02, ⟨Jf⟩=1.2e-03, ⟨B·n⟩=8.2e-03, Len=sum([4.8, 4.6, 4.2])=13.5, ϰ=[4.9, 5.2, 4.6], ∫ϰ²/L>=[4.8, 6.2, 6.3], C-C-Sep=0.20, ║∇J║=1.3e-03
-----On 8/20 Initial Guess Perturbations
Iteration 1636/4500-----
J=1.2e-02, ⟨Jf⟩=1.2e-03, ⟨B·n⟩=8.2e-03, Len=sum([4.8, 4.6, 4.2])=13.5, ϰ=[4.9, 5.2, 4.6], ∫ϰ²/L>=[4.8, 6.2, 6.2], C-C-Sep=0.20, ║∇J║=1.1e-03
-----On 8/20 Initial Guess Perturbations
Iteration 1637/4500-----
J=1.2e-02, ⟨Jf⟩=1.2e-03, ⟨B·n⟩=8.2e-03, Len=sum([4.8, 4.6, 4.2])=13.5, ϰ=[4.9, 5.2, 4.6], ∫ϰ²/L>=[4.8, 6.2, 6.3], C-C-Sep=0.20, ║∇J║=1.2e-03
-----On 8/20 Initial Guess Perturbations
Iteration 1638/4500-----
J=1.2e-02, ⟨Jf⟩=1.2e-03, ⟨B·n⟩=8.2e-03, Len=sum([4.8, 4.6, 4.2])=13.5, ϰ=[4.9, 5.2, 4.6], ∫ϰ²/L>=[4.8, 6.2, 6.3], C-C-Sep=0.20, ║∇J║=1.2e-03
-----On 8/20 Initial Guess Perturbations
Iteration 1639/4500-----
J=1.2e-02, ⟨Jf⟩=1.2e-03, ⟨B·n⟩=8.2e-03, Len=sum([4.8, 4.6, 4.2])=13.5, ϰ=[4.9, 5.2, 4.6], ∫ϰ²/L>=[4.8, 6.2, 6.3], C-C-Sep=0.20, ║∇J║=1.2e-03
-----On 8/20 Initial Guess Perturbations
Iteration 1640/4500-----
J=1.2e-02, ⟨Jf⟩=1.2e-03, ⟨B·n⟩=8.2e-03, Len=sum([4.8, 4.6, 4.2])=13.5, ϰ=[4.9, 5.2, 4.6], ∫ϰ²/L>=[4.8, 6.2, 6.3], C-C-Sep=0.20, ║∇J║=1.2e-03
-----On 8/20 Initial Guess Perturbations
Iteration 1641/4500-----
J=1.2e-02, ⟨Jf⟩=1.2e-03, ⟨B·n⟩=8.2e-03, Len=sum([4.8, 4.6, 4.2])=13.5, ϰ=[4.9, 5.2, 4.6], ∫ϰ²/L>=[4.8, 6.2, 6.3], C-C-Sep=0.20, ║∇J║=1.1e-03
-----On 8/20 Initial Guess Perturbations
Iteration 1642/4500-----
J=1.2e-02, ⟨Jf⟩=1.2e-03, ⟨B·n⟩=8.2e-03, Len=sum([4.8, 4.6, 4.2])=13.5, ϰ=[4.9, 5.3, 4.6], ∫ϰ²/L>=[4.8, 6.2, 6.3], C-C-Sep=0.20, ║∇J║=1.2e-03
-----On 8/20 Initial Guess Perturbations
Iteration 1643/4500-----
J=1.2e-02, ⟨Jf⟩=1.2e-03, ⟨B·n⟩=8.2e-03, Len=sum([4.8, 4.6, 4.2])=13.5, ϰ=[4.8, 5.3, 4.6], ∫ϰ²/L>=[4.8, 6.1, 6.3], C-C-Sep=0.20, ║∇J║=1.5e-03
-----On 8/20 Initial Guess Perturbations
Iteration 1644/4500-----
J=1.2e-02, ⟨Jf⟩=1.2e-03, ⟨B·n⟩=8.2e-03, Len=sum([4.8, 4.6, 4.2])=13.5, ϰ=[4.8, 5.3, 4.6], ∫ϰ²/L>=[4.8, 6.1, 6.3], C-C-Sep=0.20, ║∇J║=1.2e-03
-----On 8/20 Initial Guess Perturbations
Iteration 1645/4500-----
J=1.2e-02, ⟨Jf⟩=1.2e-03, ⟨B·n⟩=8.2e-03, Len=sum([4.8, 4.6, 4.2])=13.5, ϰ=[4.8, 5.3, 4.6], ∫ϰ²/L>=[4.8, 6.1, 6.3], C-C-Sep=0.20, ║∇J║=9.7e-04
-----On 8/20 Initial Guess Perturbations
Iteration 1646/4500-----
J=1.2e-02, ⟨Jf⟩=1.2e-03, ⟨B·n⟩=8.2e-03, Len=sum([4.8, 4.6, 4.2])=13.5, ϰ=[4.8, 5.3, 4.6], ∫ϰ²/L>=[4.8, 6.1, 6.3], C-C-Sep=0.20, ║∇J║=1.1e-03
-----On 8/20 Initial Guess Perturbations
Iteration 1647/4500-----
J=1.2e-02, ⟨Jf⟩=1.2e-03, ⟨B·n⟩=8.2e-03, Len=sum([4.8, 4.6, 4.2])=13.5, ϰ=[4.8, 5.3, 4.6], ∫ϰ²/L>=[4.8, 6.1, 6.3], C-C-Sep=0.20, ║∇J║=1.3e-03
-----On 8/20 Initial Guess Perturbations
Iteration 1648/4500-----
J=1.2e-02, ⟨Jf⟩=1.2e-03, ⟨B·n⟩=8.2e-03, Len=sum([4.8, 4.6, 4.2])=13.5, ϰ=[4.8, 5.3, 4.6], ∫ϰ²/L>=[4.8, 6.1, 6.3], C-C-Sep=0.20, ║∇J║=1.4e-03
-----On 8/20 Initial Guess Perturbations
Iteration 1649/4500-----
J=1.2e-02, ⟨Jf⟩=1.2e-03, ⟨B·n⟩=8.2e-03, Len=sum([4.8, 4.6, 4.2])=13.5, ϰ=[4.8, 5.3, 4.6], ∫ϰ²/L>=[4.8, 6.1, 6.3], C-C-Sep=0.20, ║∇J║=1.6e-03
-----On 8/20 Initial Guess Perturbations
Iteration 1650/4500-----
J=1.2e-02, ⟨Jf⟩=1.2e-03, ⟨B·n⟩=8.2e-03, Len=sum([4.8, 4.6, 4.2])=13.5, ϰ=[4.8, 5.3, 4.6], ∫ϰ²/L>=[4.8, 6.1, 6.3], C-C-Sep=0.20, ║∇J║=1.3e-03
-----On 8/20 Initial Guess Perturbations
Iteration 1651/4500-----
J=1.2e-02, ⟨Jf⟩=1.2e-03, ⟨B·n⟩=8.2e-03, Len=sum([4.8, 4.6, 4.2])=13.5, ϰ=[4.8, 5.3, 4.6], ∫ϰ²/L>=[4.8, 6.1, 6.3], C-C-Sep=0.20, ║∇J║=1.1e-03
-----On 8/20 Initial Guess Perturbations
Iteration 1652/4500-----
J=1.2e-02, ⟨Jf⟩=1.2e-03, ⟨B·n⟩=8.2e-03, Len=sum([4.8, 4.6, 4.2])=13.5, ϰ=[4.8, 5.3, 4.6], ∫ϰ²/L>=[4.8, 6.1, 6.3], C-C-Sep=0.20, ║∇J║=1.0e-03
-----On 8/20 Initial Guess Perturbations
Iteration 1653/4500-----
J=1.2e-02, ⟨Jf⟩=1.2e-03, ⟨B·n⟩=8.2e-03, Len=sum([4.8, 4.6, 4.2])=13.5, ϰ=[4.8, 5.3, 4.6], ∫ϰ²/L>=[4.8, 6.1, 6.3], C-C-Sep=0.20, ║∇J║=1.0e-03
-----On 8/20 Initial Guess Perturbations
Iteration 1654/4500-----
J=1.2e-02, ⟨Jf⟩=1.2e-03, ⟨B·n⟩=8.2e-03, Len=sum([4.8, 4.6, 4.2])=13.5, ϰ=[4.8, 5.3, 4.6], ∫ϰ²/L>=[4.8, 6.1, 6.3], C-C-Sep=0.20, ║∇J║=9.6e-04
-----On 8/20 Initial Guess Perturbations
Iteration 1655/4500-----
J=1.2e-02, ⟨Jf⟩=1.2e-03, ⟨B·n⟩=8.2e-03, Len=sum([4.8, 4.6, 4.2])=13.5, ϰ=[4.8, 5.3, 4.6], ∫ϰ²/L>=[4.8, 6.1, 6.3], C-C-Sep=0.20, ║∇J║=9.4e-04
-----On 8/20 Initial Guess Perturbations
Iteration 1656/4500-----
J=1.2e-02, ⟨Jf⟩=1.2e-03, ⟨B·n⟩=8.2e-03, Len=sum([4.8, 4.6, 4.2])=13.5, ϰ=[4.9, 5.3, 4.6], ∫ϰ²/L>=[4.8, 6.1, 6.3], C-C-Sep=0.20, ║∇J║=1.1e-03
-----On 8/20 Initial Guess Perturbations
Iteration 1657/4500-----
J=1.2e-02, ⟨Jf⟩=1.2e-03, ⟨B·n⟩=8.2e-03, Len=sum([4.8, 4.6, 4.2])=13.5, ϰ=[4.9, 5.3, 4.6], ∫ϰ²/L>=[4.8, 6.1, 6.3], C-C-Sep=0.20, ║∇J║=1.3e-03
-----On 8/20 Initial Guess Perturbations
Iteration 1658/4500-----
J=1.2e-02, ⟨Jf⟩=1.2e-03, ⟨B·n⟩=8.2e-03, Len=sum([4.8, 4.6, 4.2])=13.5, ϰ=[4.9, 5.3, 4.6], ∫ϰ²/L>=[4.8, 6.2, 6.3], C-C-Sep=0.20, ║∇J║=1.1e-03
-----On 8/20 Initial Guess Perturbations
Iteration 1659/4500-----
J=1.2e-02, ⟨Jf⟩=1.2e-03, ⟨B·n⟩=8.2e-03, Len=sum([4.8, 4.6, 4.2])=13.5, ϰ=[4.9, 5.3, 4.6], ∫ϰ²/L>=[4.8, 6.2, 6.3], C-C-Sep=0.20, ║∇J║=1.0e-03
-----On 8/20 Initial Guess Perturbations
Iteration 1660/4500-----
J=1.2e-02, ⟨Jf⟩=1.2e-03, ⟨B·n⟩=8.2e-03, Len=sum([4.8, 4.6, 4.2])=13.5, ϰ=[4.9, 5.3, 4.6], ∫ϰ²/L>=[4.8, 6.2, 6.3], C-C-Sep=0.20, ║∇J║=1.2e-03
-----On 8/20 Initial Guess Perturbations
Iteration 1661/4500-----
J=1.2e-02, ⟨Jf⟩=1.2e-03, ⟨B·n⟩=8.2e-03, Len=sum([4.8, 4.6, 4.2])=13.5, ϰ=[4.9, 5.3, 4.6], ∫ϰ²/L>=[4.8, 6.1, 6.3], C-C-Sep=0.20, ║∇J║=1.1e-03
-----On 8/20 Initial Guess Perturbations
Iteration 1662/4500-----
J=1.2e-02, ⟨Jf⟩=1.2e-03, ⟨B·n⟩=8.2e-03, Len=sum([4.8, 4.6, 4.2])=13.5, ϰ=[4.9, 5.3, 4.6], ∫ϰ²/L>=[4.8, 6.2, 6.3], C-C-Sep=0.20, ║∇J║=1.4e-03
-----On 8/20 Initial Guess Perturbations
Iteration 1663/4500-----
J=1.2e-02, ⟨Jf⟩=1.2e-03, ⟨B·n⟩=8.2e-03, Len=sum([4.8, 4.6, 4.2])=13.5, ϰ=[4.9, 5.3, 4.6], ∫ϰ²/L>=[4.8, 6.1, 6.3], C-C-Sep=0.20, ║∇J║=1.4e-03
-----On 8/20 Initial Guess Perturbations
Iteration 1664/4500-----
J=1.2e-02, ⟨Jf⟩=1.2e-03, ⟨B·n⟩=8.2e-03, Len=sum([4.8, 4.6, 4.2])=13.5, ϰ=[4.9, 5.3, 4.6], ∫ϰ²/L>=[4.8, 6.1, 6.3], C-C-Sep=0.20, ║∇J║=1.0e-03
-----On 8/20 Initial Guess Perturbations
Iteration 1665/4500-----
J=1.2e-02, ⟨Jf⟩=1.2e-03, ⟨B·n⟩=8.2e-03, Len=sum([4.8, 4.6, 4.2])=13.5, ϰ=[4.9, 5.3, 4.6], ∫ϰ²/L>=[4.8, 6.1, 6.3], C-C-Sep=0.20, ║∇J║=1.0e-03
-----On 8/20 Initial Guess Perturbations
Iteration 1666/4500-----
J=1.2e-02, ⟨Jf⟩=1.2e-03, ⟨B·n⟩=8.2e-03, Len=sum([4.8, 4.6, 4.2])=13.5, ϰ=[4.9, 5.3, 4.6], ∫ϰ²/L>=[4.8, 6.2, 6.3], C-C-Sep=0.20, ║∇J║=1.2e-03
-----On 8/20 Initial Guess Perturbations
Iteration 1667/4500-----
J=1.2e-02, ⟨Jf⟩=1.2e-03, ⟨B·n⟩=8.2e-03, Len=sum([4.8, 4.6, 4.2])=13.5, ϰ=[4.9, 5.3, 4.6], ∫ϰ²/L>=[4.8, 6.2, 6.3], C-C-Sep=0.20, ║∇J║=1.1e-03
-----On 8/20 Initial Guess Perturbations
Iteration 1668/4500-----
J=1.2e-02, ⟨Jf⟩=1.2e-03, ⟨B·n⟩=8.2e-03, Len=sum([4.8, 4.6, 4.2])=13.5, ϰ=[4.9, 5.3, 4.6], ∫ϰ²/L>=[4.8, 6.2, 6.3], C-C-Sep=0.20, ║∇J║=1.0e-03
-----On 8/20 Initial Guess Perturbations
Iteration 1669/4500-----
J=1.2e-02, ⟨Jf⟩=1.2e-03, ⟨B·n⟩=8.2e-03, Len=sum([4.8, 4.6, 4.2])=13.5, ϰ=[4.9, 5.2, 4.6], ∫ϰ²/L>=[4.8, 6.2, 6.3], C-C-Sep=0.20, ║∇J║=9.2e-04
-----On 8/20 Initial Guess Perturbations
Iteration 1670/4500-----
J=1.2e-02, ⟨Jf⟩=1.2e-03, ⟨B·n⟩=8.2e-03, Len=sum([4.8, 4.6, 4.2])=13.5, ϰ=[4.9, 5.3, 4.6], ∫ϰ²/L>=[4.8, 6.2, 6.3], C-C-Sep=0.20, ║∇J║=8.8e-04
-----On 8/20 Initial Guess Perturbations
Iteration 1671/4500-----
J=1.2e-02, ⟨Jf⟩=1.2e-03, ⟨B·n⟩=8.2e-03, Len=sum([4.8, 4.6, 4.2])=13.5, ϰ=[4.9, 5.3, 4.6], ∫ϰ²/L>=[4.8, 6.1, 6.3], C-C-Sep=0.20, ║∇J║=1.0e-03
-----On 8/20 Initial Guess Perturbations
Iteration 1672/4500-----
J=1.2e-02, ⟨Jf⟩=1.2e-03, ⟨B·n⟩=8.2e-03, Len=sum([4.8, 4.6, 4.2])=13.5, ϰ=[4.9, 5.3, 4.6], ∫ϰ²/L>=[4.8, 6.1, 6.3], C-C-Sep=0.20, ║∇J║=1.2e-03
-----On 8/20 Initial Guess Perturbations
Iteration 1673/4500-----
J=1.2e-02, ⟨Jf⟩=1.2e-03, ⟨B·n⟩=8.2e-03, Len=sum([4.8, 4.6, 4.2])=13.5, ϰ=[4.9, 5.3, 4.6], ∫ϰ²/L>=[4.8, 6.2, 6.3], C-C-Sep=0.20, ║∇J║=1.0e-03
-----On 8/20 Initial Guess Perturbations
Iteration 1674/4500-----
J=1.2e-02, ⟨Jf⟩=1.2e-03, ⟨B·n⟩=8.2e-03, Len=sum([4.8, 4.6, 4.2])=13.5, ϰ=[4.9, 5.3, 4.6], ∫ϰ²/L>=[4.8, 6.1, 6.3], C-C-Sep=0.20, ║∇J║=1.3e-03
-----On 8/20 Initial Guess Perturbations
Iteration 1675/4500-----
J=1.2e-02, ⟨Jf⟩=1.2e-03, ⟨B·n⟩=8.2e-03, Len=sum([4.8, 4.6, 4.2])=13.5, ϰ=[4.9, 5.3, 4.6], ∫ϰ²/L>=[4.8, 6.2, 6.3], C-C-Sep=0.20, ║∇J║=1.2e-03
-----On 8/20 Initial Guess Perturbations
Iteration 1676/4500-----
J=1.2e-02, ⟨Jf⟩=1.2e-03, ⟨B·n⟩=8.2e-03, Len=sum([4.8, 4.6, 4.2])=13.5, ϰ=[4.9, 5.2, 4.6], ∫ϰ²/L>=[4.8, 6.2, 6.3], C-C-Sep=0.20, ║∇J║=9.1e-04
-----On 8/20 Initial Guess Perturbations
Iteration 1677/4500-----
J=1.2e-02, ⟨Jf⟩=1.2e-03, ⟨B·n⟩=8.2e-03, Len=sum([4.8, 4.6, 4.2])=13.5, ϰ=[4.9, 5.2, 4.6], ∫ϰ²/L>=[4.8, 6.2, 6.3], C-C-Sep=0.20, ║∇J║=8.1e-04
-----On 8/20 Initial Guess Perturbations
Iteration 1678/4500-----
J=1.2e-02, ⟨Jf⟩=1.2e-03, ⟨B·n⟩=8.2e-03, Len=sum([4.8, 4.6, 4.2])=13.5, ϰ=[4.9, 5.2, 4.6], ∫ϰ²/L>=[4.8, 6.2, 6.3], C-C-Sep=0.20, ║∇J║=1.0e-03
-----On 8/20 Initial Guess Perturbations
Iteration 1679/4500-----
J=1.2e-02, ⟨Jf⟩=1.2e-03, ⟨B·n⟩=8.2e-03, Len=sum([4.8, 4.6, 4.2])=13.5, ϰ=[4.9, 5.2, 4.6], ∫ϰ²/L>=[4.8, 6.2, 6.3], C-C-Sep=0.20, ║∇J║=9.8e-04
-----On 8/20 Initial Guess Perturbations
Iteration 1680/4500-----
J=1.2e-02, ⟨Jf⟩=1.2e-03, ⟨B·n⟩=8.2e-03, Len=sum([4.8, 4.6, 4.2])=13.5, ϰ=[4.9, 5.2, 4.6], ∫ϰ²/L>=[4.8, 6.2, 6.3], C-C-Sep=0.20, ║∇J║=8.4e-04
-----On 8/20 Initial Guess Perturbations
Iteration 1681/4500-----
J=1.2e-02, ⟨Jf⟩=1.2e-03, ⟨B·n⟩=8.2e-03, Len=sum([4.8, 4.6, 4.2])=13.5, ϰ=[4.9, 5.2, 4.6], ∫ϰ²/L>=[4.8, 6.2, 6.3], C-C-Sep=0.20, ║∇J║=1.1e-03
-----On 8/20 Initial Guess Perturbations
Iteration 1682/4500-----
J=1.2e-02, ⟨Jf⟩=1.2e-03, ⟨B·n⟩=8.2e-03, Len=sum([4.8, 4.6, 4.2])=13.5, ϰ=[4.9, 5.2, 4.6], ∫ϰ²/L>=[4.8, 6.2, 6.3], C-C-Sep=0.20, ║∇J║=1.0e-03
-----On 8/20 Initial Guess Perturbations
Iteration 1683/4500-----
J=1.2e-02, ⟨Jf⟩=1.2e-03, ⟨B·n⟩=8.2e-03, Len=sum([4.8, 4.6, 4.2])=13.5, ϰ=[4.9, 5.2, 4.6], ∫ϰ²/L>=[4.8, 6.2, 6.3], C-C-Sep=0.20, ║∇J║=9.5e-04
-----On 8/20 Initial Guess Perturbations
Iteration 1684/4500-----
J=1.2e-02, ⟨Jf⟩=1.2e-03, ⟨B·n⟩=8.2e-03, Len=sum([4.8, 4.6, 4.2])=13.5, ϰ=[4.9, 5.2, 4.6], ∫ϰ²/L>=[4.8, 6.2, 6.3], C-C-Sep=0.20, ║∇J║=9.4e-04
-----On 8/20 Initial Guess Perturbations
Iteration 1685/4500-----
J=1.2e-02, ⟨Jf⟩=1.2e-03, ⟨B·n⟩=8.2e-03, Len=sum([4.8, 4.6, 4.2])=13.5, ϰ=[4.8, 5.2, 4.5], ∫ϰ²/L>=[4.8, 6.2, 6.3], C-C-Sep=0.20, ║∇J║=1.4e-03
-----On 8/20 Initial Guess Perturbations
Iteration 1686/4500-----
J=1.2e-02, ⟨Jf⟩=1.2e-03, ⟨B·n⟩=8.2e-03, Len=sum([4.8, 4.6, 4.2])=13.5, ϰ=[4.9, 5.2, 4.5], ∫ϰ²/L>=[4.8, 6.2, 6.3], C-C-Sep=0.20, ║∇J║=1.2e-03
-----On 8/20 Initial Guess Perturbations
Iteration 1687/4500-----
J=1.2e-02, ⟨Jf⟩=1.2e-03, ⟨B·n⟩=8.2e-03, Len=sum([4.8, 4.6, 4.2])=13.5, ϰ=[4.9, 5.2, 4.5], ∫ϰ²/L>=[4.8, 6.2, 6.3], C-C-Sep=0.20, ║∇J║=9.5e-04
-----On 8/20 Initial Guess Perturbations
Iteration 1688/4500-----
J=1.2e-02, ⟨Jf⟩=1.2e-03, ⟨B·n⟩=8.2e-03, Len=sum([4.8, 4.6, 4.2])=13.5, ϰ=[4.9, 5.2, 4.5], ∫ϰ²/L>=[4.8, 6.2, 6.3], C-C-Sep=0.20, ║∇J║=8.5e-04
-----On 8/20 Initial Guess Perturbations
Iteration 1689/4500-----
J=1.2e-02, ⟨Jf⟩=1.2e-03, ⟨B·n⟩=8.2e-03, Len=sum([4.8, 4.6, 4.2])=13.5, ϰ=[4.9, 5.2, 4.5], ∫ϰ²/L>=[4.8, 6.2, 6.3], C-C-Sep=0.20, ║∇J║=1.2e-03
-----On 8/20 Initial Guess Perturbations
Iteration 1690/4500-----
J=1.2e-02, ⟨Jf⟩=1.2e-03, ⟨B·n⟩=8.2e-03, Len=sum([4.8, 4.6, 4.2])=13.5, ϰ=[4.9, 5.2, 4.5], ∫ϰ²/L>=[4.8, 6.2, 6.3], C-C-Sep=0.20, ║∇J║=8.3e-04
-----On 8/20 Initial Guess Perturbations
Iteration 1691/4500-----
J=1.2e-02, ⟨Jf⟩=1.2e-03, ⟨B·n⟩=8.2e-03, Len=sum([4.8, 4.6, 4.2])=13.5, ϰ=[4.9, 5.2, 4.6], ∫ϰ²/L>=[4.8, 6.2, 6.3], C-C-Sep=0.20, ║∇J║=1.0e-03
-----On 8/20 Initial Guess Perturbations
Iteration 1692/4500-----
J=1.2e-02, ⟨Jf⟩=1.2e-03, ⟨B·n⟩=8.2e-03, Len=sum([4.8, 4.6, 4.2])=13.5, ϰ=[4.9, 5.2, 4.6], ∫ϰ²/L>=[4.8, 6.2, 6.3], C-C-Sep=0.20, ║∇J║=8.7e-04
-----On 8/20 Initial Guess Perturbations
Iteration 1693/4500-----
J=1.2e-02, ⟨Jf⟩=1.2e-03, ⟨B·n⟩=8.2e-03, Len=sum([4.8, 4.6, 4.2])=13.5, ϰ=[5.0, 5.2, 4.6], ∫ϰ²/L>=[4.8, 6.2, 6.3], C-C-Sep=0.20, ║∇J║=1.0e-03
-----On 8/20 Initial Guess Perturbations
Iteration 1694/4500-----
J=1.2e-02, ⟨Jf⟩=1.2e-03, ⟨B·n⟩=8.2e-03, Len=sum([4.8, 4.6, 4.2])=13.5, ϰ=[5.0, 5.2, 4.6], ∫ϰ²/L>=[4.8, 6.2, 6.3], C-C-Sep=0.20, ║∇J║=1.2e-03
-----On 8/20 Initial Guess Perturbations
Iteration 1695/4500-----
J=1.2e-02, ⟨Jf⟩=1.2e-03, ⟨B·n⟩=8.2e-03, Len=sum([4.8, 4.6, 4.2])=13.5, ϰ=[5.0, 5.2, 4.6], ∫ϰ²/L>=[4.8, 6.2, 6.3], C-C-Sep=0.20, ║∇J║=1.1e-03
-----On 8/20 Initial Guess Perturbations
Iteration 1696/4500-----
J=1.2e-02, ⟨Jf⟩=1.2e-03, ⟨B·n⟩=8.2e-03, Len=sum([4.8, 4.6, 4.2])=13.5, ϰ=[5.0, 5.2, 4.6], ∫ϰ²/L>=[4.8, 6.2, 6.3], C-C-Sep=0.20, ║∇J║=8.8e-04
-----On 8/20 Initial Guess Perturbations
Iteration 1697/4500-----
J=1.2e-02, ⟨Jf⟩=1.2e-03, ⟨B·n⟩=8.2e-03, Len=sum([4.8, 4.6, 4.2])=13.5, ϰ=[5.0, 5.3, 4.5], ∫ϰ²/L>=[4.8, 6.2, 6.3], C-C-Sep=0.20, ║∇J║=9.8e-04
-----On 8/20 Initial Guess Perturbations
Iteration 1698/4500-----
J=1.2e-02, ⟨Jf⟩=1.2e-03, ⟨B·n⟩=8.2e-03, Len=sum([4.8, 4.6, 4.2])=13.5, ϰ=[5.0, 5.3, 4.5], ∫ϰ²/L>=[4.8, 6.2, 6.3], C-C-Sep=0.20, ║∇J║=1.1e-03
-----On 8/20 Initial Guess Perturbations
Iteration 1699/4500-----
J=1.2e-02, ⟨Jf⟩=1.2e-03, ⟨B·n⟩=8.2e-03, Len=sum([4.8, 4.6, 4.2])=13.5, ϰ=[5.0, 5.3, 4.6], ∫ϰ²/L>=[4.8, 6.2, 6.3], C-C-Sep=0.20, ║∇J║=1.0e-03
-----On 8/20 Initial Guess Perturbations
Iteration 1700/4500-----
J=1.2e-02, ⟨Jf⟩=1.2e-03, ⟨B·n⟩=8.2e-03, Len=sum([4.8, 4.6, 4.2])=13.5, ϰ=[5.0, 5.3, 4.6], ∫ϰ²/L>=[4.8, 6.2, 6.2], C-C-Sep=0.20, ║∇J║=9.3e-04
-----On 8/20 Initial Guess Perturbations
Iteration 1701/4500-----
J=1.2e-02, ⟨Jf⟩=1.2e-03, ⟨B·n⟩=8.2e-03, Len=sum([4.8, 4.6, 4.2])=13.5, ϰ=[5.0, 5.3, 4.6], ∫ϰ²/L>=[4.8, 6.2, 6.2], C-C-Sep=0.20, ║∇J║=1.0e-03
-----On 8/20 Initial Guess Perturbations
Iteration 1702/4500-----
J=1.2e-02, ⟨Jf⟩=1.2e-03, ⟨B·n⟩=8.2e-03, Len=sum([4.8, 4.6, 4.2])=13.5, ϰ=[5.0, 5.2, 4.6], ∫ϰ²/L>=[4.8, 6.2, 6.2], C-C-Sep=0.20, ║∇J║=1.0e-03
-----On 8/20 Initial Guess Perturbations
Iteration 1703/4500-----
J=1.2e-02, ⟨Jf⟩=1.2e-03, ⟨B·n⟩=8.2e-03, Len=sum([4.8, 4.6, 4.2])=13.5, ϰ=[5.0, 5.2, 4.6], ∫ϰ²/L>=[4.8, 6.2, 6.2], C-C-Sep=0.20, ║∇J║=1.0e-03
-----On 8/20 Initial Guess Perturbations
Iteration 1704/4500-----
J=1.2e-02, ⟨Jf⟩=1.2e-03, ⟨B·n⟩=8.2e-03, Len=sum([4.8, 4.6, 4.2])=13.5, ϰ=[5.0, 5.3, 4.6], ∫ϰ²/L>=[4.8, 6.2, 6.2], C-C-Sep=0.20, ║∇J║=9.5e-04
-----On 8/20 Initial Guess Perturbations
Iteration 1705/4500-----
J=1.2e-02, ⟨Jf⟩=1.2e-03, ⟨B·n⟩=8.2e-03, Len=sum([4.8, 4.6, 4.2])=13.5, ϰ=[5.0, 5.3, 4.6], ∫ϰ²/L>=[4.8, 6.2, 6.2], C-C-Sep=0.20, ║∇J║=8.5e-04
-----On 8/20 Initial Guess Perturbations
Iteration 1706/4500-----
J=1.2e-02, ⟨Jf⟩=1.2e-03, ⟨B·n⟩=8.2e-03, Len=sum([4.8, 4.6, 4.2])=13.5, ϰ=[5.0, 5.3, 4.6], ∫ϰ²/L>=[4.8, 6.2, 6.2], C-C-Sep=0.20, ║∇J║=9.9e-04
-----On 8/20 Initial Guess Perturbations
Iteration 1707/4500-----
J=1.2e-02, ⟨Jf⟩=1.2e-03, ⟨B·n⟩=8.2e-03, Len=sum([4.8, 4.6, 4.2])=13.5, ϰ=[5.0, 5.3, 4.6], ∫ϰ²/L>=[4.8, 6.2, 6.2], C-C-Sep=0.20, ║∇J║=8.7e-04
-----On 8/20 Initial Guess Perturbations
Iteration 1708/4500-----
J=1.2e-02, ⟨Jf⟩=1.2e-03, ⟨B·n⟩=8.2e-03, Len=sum([4.8, 4.6, 4.2])=13.5, ϰ=[5.0, 5.3, 4.6], ∫ϰ²/L>=[4.8, 6.2, 6.2], C-C-Sep=0.20, ║∇J║=1.1e-03
-----On 8/20 Initial Guess Perturbations
Iteration 1709/4500-----
J=1.2e-02, ⟨Jf⟩=1.2e-03, ⟨B·n⟩=8.2e-03, Len=sum([4.8, 4.6, 4.2])=13.5, ϰ=[5.0, 5.3, 4.6], ∫ϰ²/L>=[4.8, 6.2, 6.2], C-C-Sep=0.20, ║∇J║=9.1e-04
-----On 8/20 Initial Guess Perturbations
Iteration 1710/4500-----
J=1.2e-02, ⟨Jf⟩=1.2e-03, ⟨B·n⟩=8.2e-03, Len=sum([4.8, 4.6, 4.2])=13.5, ϰ=[4.9, 5.3, 4.6], ∫ϰ²/L>=[4.8, 6.2, 6.2], C-C-Sep=0.20, ║∇J║=9.6e-04
-----On 8/20 Initial Guess Perturbations
Iteration 1711/4500-----
J=1.2e-02, ⟨Jf⟩=1.2e-03, ⟨B·n⟩=8.2e-03, Len=sum([4.8, 4.6, 4.2])=13.5, ϰ=[4.9, 5.3, 4.6], ∫ϰ²/L>=[4.8, 6.2, 6.2], C-C-Sep=0.20, ║∇J║=9.9e-04
-----On 8/20 Initial Guess Perturbations
Iteration 1712/4500-----
J=1.2e-02, ⟨Jf⟩=1.2e-03, ⟨B·n⟩=8.2e-03, Len=sum([4.8, 4.6, 4.2])=13.5, ϰ=[4.9, 5.3, 4.6], ∫ϰ²/L>=[4.8, 6.2, 6.2], C-C-Sep=0.20, ║∇J║=1.1e-03
-----On 8/20 Initial Guess Perturbations
Iteration 1713/4500-----
J=1.2e-02, ⟨Jf⟩=1.2e-03, ⟨B·n⟩=8.2e-03, Len=sum([4.8, 4.6, 4.2])=13.5, ϰ=[4.9, 5.3, 4.6], ∫ϰ²/L>=[4.8, 6.2, 6.2], C-C-Sep=0.20, ║∇J║=1.1e-03
-----On 8/20 Initial Guess Perturbations
Iteration 1714/4500-----
J=1.2e-02, ⟨Jf⟩=1.2e-03, ⟨B·n⟩=8.2e-03, Len=sum([4.8, 4.6, 4.2])=13.5, ϰ=[4.9, 5.3, 4.6], ∫ϰ²/L>=[4.8, 6.2, 6.2], C-C-Sep=0.20, ║∇J║=1.4e-03
-----On 8/20 Initial Guess Perturbations
Iteration 1715/4500-----
J=1.2e-02, ⟨Jf⟩=1.2e-03, ⟨B·n⟩=8.2e-03, Len=sum([4.8, 4.6, 4.2])=13.5, ϰ=[4.9, 5.3, 4.6], ∫ϰ²/L>=[4.8, 6.2, 6.2], C-C-Sep=0.20, ║∇J║=9.1e-04
-----On 8/20 Initial Guess Perturbations
Iteration 1716/4500-----
J=1.2e-02, ⟨Jf⟩=1.2e-03, ⟨B·n⟩=8.2e-03, Len=sum([4.8, 4.6, 4.2])=13.5, ϰ=[4.9, 5.3, 4.6], ∫ϰ²/L>=[4.8, 6.2, 6.2], C-C-Sep=0.20, ║∇J║=7.7e-04
-----On 8/20 Initial Guess Perturbations
Iteration 1717/4500-----
J=1.2e-02, ⟨Jf⟩=1.2e-03, ⟨B·n⟩=8.2e-03, Len=sum([4.8, 4.6, 4.2])=13.5, ϰ=[4.9, 5.3, 4.5], ∫ϰ²/L>=[4.8, 6.2, 6.2], C-C-Sep=0.20, ║∇J║=8.4e-04
-----On 8/20 Initial Guess Perturbations
Iteration 1718/4500-----
J=1.2e-02, ⟨Jf⟩=1.2e-03, ⟨B·n⟩=8.2e-03, Len=sum([4.8, 4.6, 4.2])=13.5, ϰ=[4.9, 5.3, 4.5], ∫ϰ²/L>=[4.8, 6.2, 6.2], C-C-Sep=0.20, ║∇J║=9.5e-04
-----On 8/20 Initial Guess Perturbations
Iteration 1719/4500-----
J=1.2e-02, ⟨Jf⟩=1.2e-03, ⟨B·n⟩=8.2e-03, Len=sum([4.8, 4.6, 4.2])=13.5, ϰ=[4.8, 5.3, 4.5], ∫ϰ²/L>=[4.8, 6.1, 6.2], C-C-Sep=0.20, ║∇J║=8.4e-04
-----On 8/20 Initial Guess Perturbations
Iteration 1720/4500-----
J=1.2e-02, ⟨Jf⟩=1.2e-03, ⟨B·n⟩=8.2e-03, Len=sum([4.8, 4.6, 4.2])=13.5, ϰ=[4.8, 5.3, 4.6], ∫ϰ²/L>=[4.8, 6.1, 6.2], C-C-Sep=0.20, ║∇J║=8.2e-04
-----On 8/20 Initial Guess Perturbations
Iteration 1721/4500-----
J=1.2e-02, ⟨Jf⟩=1.2e-03, ⟨B·n⟩=8.2e-03, Len=sum([4.8, 4.6, 4.2])=13.5, ϰ=[4.8, 5.3, 4.6], ∫ϰ²/L>=[4.8, 6.1, 6.2], C-C-Sep=0.20, ║∇J║=8.0e-04
-----On 8/20 Initial Guess Perturbations
Iteration 1722/4500-----
J=1.2e-02, ⟨Jf⟩=1.2e-03, ⟨B·n⟩=8.2e-03, Len=sum([4.8, 4.6, 4.2])=13.5, ϰ=[4.8, 5.3, 4.6], ∫ϰ²/L>=[4.8, 6.1, 6.2], C-C-Sep=0.20, ║∇J║=9.9e-04
-----On 8/20 Initial Guess Perturbations
Iteration 1723/4500-----
J=1.2e-02, ⟨Jf⟩=1.2e-03, ⟨B·n⟩=8.2e-03, Len=sum([4.8, 4.6, 4.2])=13.5, ϰ=[4.8, 5.3, 4.6], ∫ϰ²/L>=[4.8, 6.1, 6.2], C-C-Sep=0.20, ║∇J║=8.8e-04
-----On 8/20 Initial Guess Perturbations
Iteration 1724/4500-----
J=1.2e-02, ⟨Jf⟩=1.2e-03, ⟨B·n⟩=8.2e-03, Len=sum([4.8, 4.6, 4.2])=13.5, ϰ=[4.8, 5.3, 4.6], ∫ϰ²/L>=[4.8, 6.1, 6.2], C-C-Sep=0.20, ║∇J║=8.4e-04
-----On 8/20 Initial Guess Perturbations
Iteration 1725/4500-----
J=1.2e-02, ⟨Jf⟩=1.2e-03, ⟨B·n⟩=8.2e-03, Len=sum([4.8, 4.6, 4.2])=13.5, ϰ=[4.8, 5.3, 4.5], ∫ϰ²/L>=[4.8, 6.2, 6.2], C-C-Sep=0.20, ║∇J║=1.0e-03
-----On 8/20 Initial Guess Perturbations
Iteration 1726/4500-----
J=1.2e-02, ⟨Jf⟩=1.2e-03, ⟨B·n⟩=8.2e-03, Len=sum([4.8, 4.6, 4.2])=13.5, ϰ=[4.8, 5.3, 4.5], ∫ϰ²/L>=[4.8, 6.1, 6.2], C-C-Sep=0.20, ║∇J║=1.2e-03
-----On 8/20 Initial Guess Perturbations
Iteration 1727/4500-----
J=1.2e-02, ⟨Jf⟩=1.2e-03, ⟨B·n⟩=8.2e-03, Len=sum([4.8, 4.6, 4.2])=13.5, ϰ=[4.9, 5.3, 4.6], ∫ϰ²/L>=[4.8, 6.1, 6.2], C-C-Sep=0.20, ║∇J║=1.3e-03
-----On 8/20 Initial Guess Perturbations
Iteration 1728/4500-----
J=1.2e-02, ⟨Jf⟩=1.2e-03, ⟨B·n⟩=8.2e-03, Len=sum([4.8, 4.6, 4.2])=13.5, ϰ=[4.9, 5.3, 4.6], ∫ϰ²/L>=[4.8, 6.2, 6.2], C-C-Sep=0.20, ║∇J║=1.0e-03
-----On 8/20 Initial Guess Perturbations
Iteration 1729/4500-----
J=1.2e-02, ⟨Jf⟩=1.2e-03, ⟨B·n⟩=8.2e-03, Len=sum([4.8, 4.6, 4.2])=13.5, ϰ=[4.9, 5.3, 4.6], ∫ϰ²/L>=[4.8, 6.2, 6.2], C-C-Sep=0.20, ║∇J║=9.6e-04
-----On 8/20 Initial Guess Perturbations
Iteration 1730/4500-----
J=1.2e-02, ⟨Jf⟩=1.2e-03, ⟨B·n⟩=8.2e-03, Len=sum([4.8, 4.6, 4.2])=13.5, ϰ=[4.9, 5.3, 4.6], ∫ϰ²/L>=[4.8, 6.2, 6.2], C-C-Sep=0.20, ║∇J║=9.3e-04
-----On 8/20 Initial Guess Perturbations
Iteration 1731/4500-----
J=1.2e-02, ⟨Jf⟩=1.2e-03, ⟨B·n⟩=8.2e-03, Len=sum([4.8, 4.6, 4.2])=13.5, ϰ=[4.9, 5.2, 4.6], ∫ϰ²/L>=[4.8, 6.2, 6.2], C-C-Sep=0.20, ║∇J║=8.6e-04
-----On 8/20 Initial Guess Perturbations
Iteration 1732/4500-----
J=1.2e-02, ⟨Jf⟩=1.2e-03, ⟨B·n⟩=8.2e-03, Len=sum([4.8, 4.6, 4.2])=13.5, ϰ=[4.9, 5.2, 4.5], ∫ϰ²/L>=[4.8, 6.2, 6.2], C-C-Sep=0.20, ║∇J║=9.7e-04
-----On 8/20 Initial Guess Perturbations
Iteration 1733/4500-----
J=1.2e-02, ⟨Jf⟩=1.2e-03, ⟨B·n⟩=8.2e-03, Len=sum([4.8, 4.6, 4.2])=13.5, ϰ=[4.9, 5.2, 4.5], ∫ϰ²/L>=[4.8, 6.2, 6.2], C-C-Sep=0.20, ║∇J║=9.3e-04
-----On 8/20 Initial Guess Perturbations
Iteration 1734/4500-----
J=1.2e-02, ⟨Jf⟩=1.2e-03, ⟨B·n⟩=8.2e-03, Len=sum([4.8, 4.6, 4.2])=13.5, ϰ=[4.9, 5.2, 4.6], ∫ϰ²/L>=[4.8, 6.2, 6.2], C-C-Sep=0.20, ║∇J║=1.2e-03
-----On 8/20 Initial Guess Perturbations
Iteration 1735/4500-----
J=1.2e-02, ⟨Jf⟩=1.2e-03, ⟨B·n⟩=8.2e-03, Len=sum([4.8, 4.6, 4.2])=13.5, ϰ=[4.9, 5.2, 4.6], ∫ϰ²/L>=[4.8, 6.1, 6.2], C-C-Sep=0.20, ║∇J║=1.0e-03
-----On 8/20 Initial Guess Perturbations
Iteration 1736/4500-----
J=1.2e-02, ⟨Jf⟩=1.2e-03, ⟨B·n⟩=8.2e-03, Len=sum([4.8, 4.6, 4.2])=13.5, ϰ=[4.9, 5.2, 4.6], ∫ϰ²/L>=[4.8, 6.1, 6.2], C-C-Sep=0.20, ║∇J║=1.1e-03
-----On 8/20 Initial Guess Perturbations
Iteration 1737/4500-----
J=1.2e-02, ⟨Jf⟩=1.2e-03, ⟨B·n⟩=8.2e-03, Len=sum([4.8, 4.6, 4.2])=13.5, ϰ=[4.9, 5.2, 4.6], ∫ϰ²/L>=[4.8, 6.1, 6.2], C-C-Sep=0.20, ║∇J║=1.0e-03
-----On 8/20 Initial Guess Perturbations
Iteration 1738/4500-----
J=1.2e-02, ⟨Jf⟩=1.2e-03, ⟨B·n⟩=8.2e-03, Len=sum([4.8, 4.6, 4.2])=13.5, ϰ=[4.9, 5.2, 4.6], ∫ϰ²/L>=[4.8, 6.1, 6.2], C-C-Sep=0.20, ║∇J║=8.4e-04
-----On 8/20 Initial Guess Perturbations
Iteration 1739/4500-----
J=1.2e-02, ⟨Jf⟩=1.2e-03, ⟨B·n⟩=8.2e-03, Len=sum([4.8, 4.6, 4.2])=13.5, ϰ=[4.9, 5.2, 4.6], ∫ϰ²/L>=[4.8, 6.1, 6.2], C-C-Sep=0.20, ║∇J║=8.9e-04
-----On 8/20 Initial Guess Perturbations
Iteration 1740/4500-----
J=1.2e-02, ⟨Jf⟩=1.2e-03, ⟨B·n⟩=8.2e-03, Len=sum([4.8, 4.6, 4.2])=13.5, ϰ=[4.9, 5.2, 4.6], ∫ϰ²/L>=[4.8, 6.1, 6.2], C-C-Sep=0.20, ║∇J║=1.0e-03
-----On 8/20 Initial Guess Perturbations
Iteration 1741/4500-----
J=1.2e-02, ⟨Jf⟩=1.2e-03, ⟨B·n⟩=8.2e-03, Len=sum([4.8, 4.6, 4.2])=13.5, ϰ=[4.9, 5.2, 4.6], ∫ϰ²/L>=[4.8, 6.1, 6.2], C-C-Sep=0.20, ║∇J║=1.2e-03
-----On 8/20 Initial Guess Perturbations
Iteration 1742/4500-----
J=1.2e-02, ⟨Jf⟩=1.2e-03, ⟨B·n⟩=8.2e-03, Len=sum([4.8, 4.6, 4.2])=13.5, ϰ=[4.9, 5.2, 4.6], ∫ϰ²/L>=[4.8, 6.1, 6.2], C-C-Sep=0.20, ║∇J║=1.0e-03
-----On 8/20 Initial Guess Perturbations
Iteration 1743/4500-----
J=1.2e-02, ⟨Jf⟩=1.2e-03, ⟨B·n⟩=8.2e-03, Len=sum([4.8, 4.6, 4.2])=13.5, ϰ=[4.9, 5.2, 4.6], ∫ϰ²/L>=[4.8, 6.1, 6.2], C-C-Sep=0.20, ║∇J║=1.3e-03
-----On 8/20 Initial Guess Perturbations
Iteration 1744/4500-----
J=1.2e-02, ⟨Jf⟩=1.2e-03, ⟨B·n⟩=8.2e-03, Len=sum([4.8, 4.6, 4.2])=13.5, ϰ=[4.9, 5.2, 4.6], ∫ϰ²/L>=[4.8, 6.1, 6.2], C-C-Sep=0.20, ║∇J║=1.2e-03
-----On 8/20 Initial Guess Perturbations
Iteration 1745/4500-----
J=1.2e-02, ⟨Jf⟩=1.2e-03, ⟨B·n⟩=8.2e-03, Len=sum([4.8, 4.6, 4.2])=13.5, ϰ=[4.9, 5.2, 4.6], ∫ϰ²/L>=[4.8, 6.1, 6.2], C-C-Sep=0.20, ║∇J║=9.0e-04
-----On 8/20 Initial Guess Perturbations
Iteration 1746/4500-----
J=1.2e-02, ⟨Jf⟩=1.2e-03, ⟨B·n⟩=8.2e-03, Len=sum([4.8, 4.6, 4.2])=13.5, ϰ=[4.9, 5.2, 4.6], ∫ϰ²/L>=[4.8, 6.1, 6.2], C-C-Sep=0.20, ║∇J║=9.0e-04
-----On 8/20 Initial Guess Perturbations
Iteration 1747/4500-----
J=1.2e-02, ⟨Jf⟩=1.2e-03, ⟨B·n⟩=8.2e-03, Len=sum([4.8, 4.6, 4.2])=13.5, ϰ=[4.9, 5.2, 4.6], ∫ϰ²/L>=[4.8, 6.1, 6.2], C-C-Sep=0.20, ║∇J║=1.0e-03
-----On 8/20 Initial Guess Perturbations
Iteration 1748/4500-----
J=1.2e-02, ⟨Jf⟩=1.2e-03, ⟨B·n⟩=8.2e-03, Len=sum([4.8, 4.6, 4.2])=13.5, ϰ=[4.9, 5.2, 4.6], ∫ϰ²/L>=[4.8, 6.1, 6.2], C-C-Sep=0.20, ║∇J║=1.0e-03
-----On 8/20 Initial Guess Perturbations
Iteration 1749/4500-----
J=1.2e-02, ⟨Jf⟩=1.2e-03, ⟨B·n⟩=8.2e-03, Len=sum([4.8, 4.6, 4.2])=13.5, ϰ=[4.9, 5.2, 4.6], ∫ϰ²/L>=[4.8, 6.1, 6.2], C-C-Sep=0.20, ║∇J║=8.9e-04
-----On 8/20 Initial Guess Perturbations
Iteration 1750/4500-----
J=1.2e-02, ⟨Jf⟩=1.2e-03, ⟨B·n⟩=8.2e-03, Len=sum([4.8, 4.6, 4.2])=13.5, ϰ=[5.0, 5.2, 4.6], ∫ϰ²/L>=[4.8, 6.1, 6.2], C-C-Sep=0.20, ║∇J║=8.1e-04
-----On 8/20 Initial Guess Perturbations
Iteration 1751/4500-----
J=1.2e-02, ⟨Jf⟩=1.2e-03, ⟨B·n⟩=8.2e-03, Len=sum([4.8, 4.6, 4.2])=13.5, ϰ=[5.0, 5.3, 4.5], ∫ϰ²/L>=[4.8, 6.1, 6.2], C-C-Sep=0.20, ║∇J║=1.1e-03
-----On 8/20 Initial Guess Perturbations
Iteration 1752/4500-----
J=1.2e-02, ⟨Jf⟩=1.2e-03, ⟨B·n⟩=8.2e-03, Len=sum([4.8, 4.6, 4.2])=13.5, ϰ=[5.0, 5.3, 4.5], ∫ϰ²/L>=[4.8, 6.1, 6.2], C-C-Sep=0.20, ║∇J║=9.8e-04
-----On 8/20 Initial Guess Perturbations
Iteration 1753/4500-----
J=1.2e-02, ⟨Jf⟩=1.2e-03, ⟨B·n⟩=8.2e-03, Len=sum([4.8, 4.6, 4.2])=13.5, ϰ=[4.9, 5.3, 4.5], ∫ϰ²/L>=[4.8, 6.1, 6.2], C-C-Sep=0.20, ║∇J║=1.5e-03
-----On 8/20 Initial Guess Perturbations
Iteration 1754/4500-----
J=1.2e-02, ⟨Jf⟩=1.2e-03, ⟨B·n⟩=8.2e-03, Len=sum([4.8, 4.6, 4.2])=13.5, ϰ=[4.9, 5.3, 4.5], ∫ϰ²/L>=[4.8, 6.1, 6.2], C-C-Sep=0.20, ║∇J║=1.1e-03
-----On 8/20 Initial Guess Perturbations
Iteration 1755/4500-----
J=1.2e-02, ⟨Jf⟩=1.2e-03, ⟨B·n⟩=8.2e-03, Len=sum([4.8, 4.6, 4.2])=13.5, ϰ=[4.9, 5.3, 4.5], ∫ϰ²/L>=[4.8, 6.1, 6.2], C-C-Sep=0.20, ║∇J║=1.0e-03
-----On 8/20 Initial Guess Perturbations
Iteration 1756/4500-----
J=1.2e-02, ⟨Jf⟩=1.2e-03, ⟨B·n⟩=8.2e-03, Len=sum([4.8, 4.6, 4.2])=13.5, ϰ=[4.9, 5.3, 4.5], ∫ϰ²/L>=[4.8, 6.1, 6.2], C-C-Sep=0.20, ║∇J║=9.3e-04
-----On 8/20 Initial Guess Perturbations
Iteration 1757/4500-----
J=1.2e-02, ⟨Jf⟩=1.2e-03, ⟨B·n⟩=8.2e-03, Len=sum([4.8, 4.6, 4.2])=13.5, ϰ=[4.9, 5.3, 4.5], ∫ϰ²/L>=[4.8, 6.1, 6.2], C-C-Sep=0.20, ║∇J║=9.8e-04
-----On 8/20 Initial Guess Perturbations
Iteration 1758/4500-----
J=1.2e-02, ⟨Jf⟩=1.2e-03, ⟨B·n⟩=8.2e-03, Len=sum([4.8, 4.6, 4.2])=13.5, ϰ=[4.8, 5.3, 4.5], ∫ϰ²/L>=[4.8, 6.1, 6.2], C-C-Sep=0.20, ║∇J║=1.2e-03
-----On 8/20 Initial Guess Perturbations
Iteration 1759/4500-----
J=1.2e-02, ⟨Jf⟩=1.2e-03, ⟨B·n⟩=8.2e-03, Len=sum([4.8, 4.6, 4.2])=13.5, ϰ=[4.8, 5.3, 4.6], ∫ϰ²/L>=[4.8, 6.1, 6.2], C-C-Sep=0.20, ║∇J║=1.3e-03
-----On 8/20 Initial Guess Perturbations
Iteration 1760/4500-----
J=1.2e-02, ⟨Jf⟩=1.2e-03, ⟨B·n⟩=8.2e-03, Len=sum([4.8, 4.6, 4.2])=13.5, ϰ=[4.8, 5.3, 4.6], ∫ϰ²/L>=[4.8, 6.1, 6.2], C-C-Sep=0.20, ║∇J║=1.2e-03
-----On 8/20 Initial Guess Perturbations
Iteration 1761/4500-----
J=1.2e-02, ⟨Jf⟩=1.2e-03, ⟨B·n⟩=8.2e-03, Len=sum([4.8, 4.6, 4.2])=13.5, ϰ=[4.8, 5.3, 4.6], ∫ϰ²/L>=[4.8, 6.1, 6.2], C-C-Sep=0.20, ║∇J║=1.1e-03
-----On 8/20 Initial Guess Perturbations
Iteration 1762/4500-----
J=1.2e-02, ⟨Jf⟩=1.2e-03, ⟨B·n⟩=8.2e-03, Len=sum([4.8, 4.6, 4.2])=13.5, ϰ=[4.8, 5.3, 4.6], ∫ϰ²/L>=[4.8, 6.1, 6.2], C-C-Sep=0.20, ║∇J║=1.0e-03
-----On 8/20 Initial Guess Perturbations
Iteration 1763/4500-----
J=1.2e-02, ⟨Jf⟩=1.2e-03, ⟨B·n⟩=8.2e-03, Len=sum([4.8, 4.6, 4.2])=13.5, ϰ=[4.8, 5.3, 4.6], ∫ϰ²/L>=[4.8, 6.2, 6.2], C-C-Sep=0.20, ║∇J║=1.0e-03
-----On 8/20 Initial Guess Perturbations
Iteration 1764/4500-----
J=1.2e-02, ⟨Jf⟩=1.2e-03, ⟨B·n⟩=8.2e-03, Len=sum([4.8, 4.6, 4.2])=13.5, ϰ=[4.8, 5.2, 4.5], ∫ϰ²/L>=[4.8, 6.2, 6.2], C-C-Sep=0.20, ║∇J║=1.2e-03
-----On 8/20 Initial Guess Perturbations
Iteration 1765/4500-----
J=1.2e-02, ⟨Jf⟩=1.2e-03, ⟨B·n⟩=8.2e-03, Len=sum([4.8, 4.6, 4.2])=13.5, ϰ=[4.8, 5.3, 4.5], ∫ϰ²/L>=[4.8, 6.2, 6.2], C-C-Sep=0.20, ║∇J║=1.1e-03
-----On 8/20 Initial Guess Perturbations
Iteration 1766/4500-----
J=1.2e-02, ⟨Jf⟩=1.2e-03, ⟨B·n⟩=8.2e-03, Len=sum([4.8, 4.6, 4.2])=13.5, ϰ=[4.8, 5.2, 4.5], ∫ϰ²/L>=[4.8, 6.2, 6.2], C-C-Sep=0.20, ║∇J║=1.2e-03
-----On 8/20 Initial Guess Perturbations
Iteration 1767/4500-----
J=1.2e-02, ⟨Jf⟩=1.2e-03, ⟨B·n⟩=8.2e-03, Len=sum([4.8, 4.6, 4.2])=13.5, ϰ=[4.8, 5.2, 4.5], ∫ϰ²/L>=[4.8, 6.2, 6.2], C-C-Sep=0.20, ║∇J║=1.0e-03
-----On 8/20 Initial Guess Perturbations
Iteration 1768/4500-----
J=1.2e-02, ⟨Jf⟩=1.2e-03, ⟨B·n⟩=8.2e-03, Len=sum([4.8, 4.6, 4.2])=13.5, ϰ=[4.8, 5.2, 4.5], ∫ϰ²/L>=[4.8, 6.2, 6.2], C-C-Sep=0.20, ║∇J║=1.3e-03
-----On 8/20 Initial Guess Perturbations
Iteration 1769/4500-----
J=1.2e-02, ⟨Jf⟩=1.2e-03, ⟨B·n⟩=8.2e-03, Len=sum([4.8, 4.6, 4.2])=13.5, ϰ=[4.8, 5.2, 4.5], ∫ϰ²/L>=[4.8, 6.2, 6.2], C-C-Sep=0.20, ║∇J║=1.1e-03
-----On 8/20 Initial Guess Perturbations
Iteration 1770/4500-----
J=1.2e-02, ⟨Jf⟩=1.2e-03, ⟨B·n⟩=8.2e-03, Len=sum([4.8, 4.6, 4.2])=13.5, ϰ=[4.8, 5.2, 4.5], ∫ϰ²/L>=[4.8, 6.2, 6.2], C-C-Sep=0.20, ║∇J║=1.1e-03
-----On 8/20 Initial Guess Perturbations
Iteration 1771/4500-----
J=1.2e-02, ⟨Jf⟩=1.2e-03, ⟨B·n⟩=8.2e-03, Len=sum([4.8, 4.6, 4.2])=13.5, ϰ=[4.8, 5.2, 4.5], ∫ϰ²/L>=[4.8, 6.2, 6.2], C-C-Sep=0.20, ║∇J║=7.9e-04
-----On 8/20 Initial Guess Perturbations
Iteration 1772/4500-----
J=1.2e-02, ⟨Jf⟩=1.2e-03, ⟨B·n⟩=8.2e-03, Len=sum([4.8, 4.6, 4.2])=13.5, ϰ=[4.8, 5.2, 4.5], ∫ϰ²/L>=[4.8, 6.2, 6.2], C-C-Sep=0.20, ║∇J║=8.3e-04
-----On 8/20 Initial Guess Perturbations
Iteration 1773/4500-----
J=1.2e-02, ⟨Jf⟩=1.2e-03, ⟨B·n⟩=8.2e-03, Len=sum([4.8, 4.6, 4.2])=13.5, ϰ=[4.9, 5.2, 4.5], ∫ϰ²/L>=[4.8, 6.2, 6.2], C-C-Sep=0.20, ║∇J║=9.4e-04
-----On 8/20 Initial Guess Perturbations
Iteration 1774/4500-----
J=1.2e-02, ⟨Jf⟩=1.2e-03, ⟨B·n⟩=8.2e-03, Len=sum([4.8, 4.6, 4.2])=13.5, ϰ=[4.9, 5.2, 4.5], ∫ϰ²/L>=[4.8, 6.2, 6.2], C-C-Sep=0.20, ║∇J║=9.3e-04
-----On 8/20 Initial Guess Perturbations
Iteration 1775/4500-----
J=1.2e-02, ⟨Jf⟩=1.2e-03, ⟨B·n⟩=8.2e-03, Len=sum([4.8, 4.6, 4.2])=13.5, ϰ=[4.9, 5.2, 4.5], ∫ϰ²/L>=[4.8, 6.2, 6.2], C-C-Sep=0.20, ║∇J║=8.6e-04
-----On 8/20 Initial Guess Perturbations
Iteration 1776/4500-----
J=1.2e-02, ⟨Jf⟩=1.2e-03, ⟨B·n⟩=8.2e-03, Len=sum([4.8, 4.6, 4.2])=13.5, ϰ=[4.9, 5.2, 4.5], ∫ϰ²/L>=[4.8, 6.2, 6.2], C-C-Sep=0.20, ║∇J║=7.6e-04
-----On 8/20 Initial Guess Perturbations
Iteration 1777/4500-----
J=1.2e-02, ⟨Jf⟩=1.2e-03, ⟨B·n⟩=8.2e-03, Len=sum([4.8, 4.6, 4.2])=13.5, ϰ=[4.9, 5.2, 4.5], ∫ϰ²/L>=[4.8, 6.2, 6.2], C-C-Sep=0.20, ║∇J║=1.1e-03
-----On 8/20 Initial Guess Perturbations
Iteration 1778/4500-----
J=1.2e-02, ⟨Jf⟩=1.2e-03, ⟨B·n⟩=8.2e-03, Len=sum([4.8, 4.6, 4.2])=13.5, ϰ=[4.9, 5.2, 4.5], ∫ϰ²/L>=[4.8, 6.2, 6.2], C-C-Sep=0.20, ║∇J║=8.9e-04
-----On 8/20 Initial Guess Perturbations
Iteration 1779/4500-----
J=1.2e-02, ⟨Jf⟩=1.2e-03, ⟨B·n⟩=8.2e-03, Len=sum([4.8, 4.6, 4.2])=13.5, ϰ=[4.9, 5.2, 4.5], ∫ϰ²/L>=[4.8, 6.2, 6.2], C-C-Sep=0.20, ║∇J║=8.0e-04
-----On 8/20 Initial Guess Perturbations
Iteration 1780/4500-----
J=1.2e-02, ⟨Jf⟩=1.2e-03, ⟨B·n⟩=8.2e-03, Len=sum([4.8, 4.6, 4.2])=13.5, ϰ=[4.9, 5.2, 4.5], ∫ϰ²/L>=[4.8, 6.2, 6.2], C-C-Sep=0.20, ║∇J║=7.5e-04
-----On 8/20 Initial Guess Perturbations
Iteration 1781/4500-----
J=1.2e-02, ⟨Jf⟩=1.2e-03, ⟨B·n⟩=8.2e-03, Len=sum([4.8, 4.6, 4.2])=13.5, ϰ=[4.9, 5.2, 4.6], ∫ϰ²/L>=[4.8, 6.2, 6.2], C-C-Sep=0.20, ║∇J║=7.5e-04
-----On 8/20 Initial Guess Perturbations
Iteration 1782/4500-----
J=1.2e-02, ⟨Jf⟩=1.2e-03, ⟨B·n⟩=8.2e-03, Len=sum([4.8, 4.6, 4.2])=13.5, ϰ=[4.9, 5.2, 4.6], ∫ϰ²/L>=[4.8, 6.1, 6.2], C-C-Sep=0.20, ║∇J║=8.5e-04
-----On 8/20 Initial Guess Perturbations
Iteration 1783/4500-----
J=1.2e-02, ⟨Jf⟩=1.2e-03, ⟨B·n⟩=8.2e-03, Len=sum([4.8, 4.6, 4.2])=13.5, ϰ=[4.9, 5.2, 4.6], ∫ϰ²/L>=[4.8, 6.1, 6.2], C-C-Sep=0.20, ║∇J║=7.6e-04
-----On 8/20 Initial Guess Perturbations
Iteration 1784/4500-----
J=1.2e-02, ⟨Jf⟩=1.2e-03, ⟨B·n⟩=8.2e-03, Len=sum([4.8, 4.6, 4.2])=13.5, ϰ=[4.9, 5.2, 4.6], ∫ϰ²/L>=[4.8, 6.1, 6.2], C-C-Sep=0.20, ║∇J║=7.8e-04
-----On 8/20 Initial Guess Perturbations
Iteration 1785/4500-----
J=1.2e-02, ⟨Jf⟩=1.2e-03, ⟨B·n⟩=8.2e-03, Len=sum([4.8, 4.6, 4.2])=13.5, ϰ=[4.9, 5.2, 4.6], ∫ϰ²/L>=[4.8, 6.1, 6.2], C-C-Sep=0.20, ║∇J║=7.8e-04
-----On 8/20 Initial Guess Perturbations
Iteration 1786/4500-----
J=1.2e-02, ⟨Jf⟩=1.2e-03, ⟨B·n⟩=8.2e-03, Len=sum([4.8, 4.6, 4.2])=13.5, ϰ=[4.9, 5.2, 4.6], ∫ϰ²/L>=[4.8, 6.1, 6.2], C-C-Sep=0.20, ║∇J║=8.1e-04
-----On 8/20 Initial Guess Perturbations
Iteration 1787/4500-----
J=1.2e-02, ⟨Jf⟩=1.2e-03, ⟨B·n⟩=8.2e-03, Len=sum([4.8, 4.6, 4.2])=13.5, ϰ=[4.9, 5.2, 4.5], ∫ϰ²/L>=[4.8, 6.1, 6.2], C-C-Sep=0.20, ║∇J║=7.9e-04
-----On 8/20 Initial Guess Perturbations
Iteration 1788/4500-----
J=1.2e-02, ⟨Jf⟩=1.2e-03, ⟨B·n⟩=8.2e-03, Len=sum([4.8, 4.6, 4.2])=13.5, ϰ=[4.9, 5.2, 4.5], ∫ϰ²/L>=[4.8, 6.1, 6.2], C-C-Sep=0.20, ║∇J║=9.2e-04
-----On 8/20 Initial Guess Perturbations
Iteration 1789/4500-----
J=1.2e-02, ⟨Jf⟩=1.2e-03, ⟨B·n⟩=8.2e-03, Len=sum([4.8, 4.6, 4.2])=13.5, ϰ=[4.9, 5.2, 4.6], ∫ϰ²/L>=[4.8, 6.1, 6.2], C-C-Sep=0.20, ║∇J║=1.0e-03
-----On 8/20 Initial Guess Perturbations
Iteration 1790/4500-----
J=1.2e-02, ⟨Jf⟩=1.2e-03, ⟨B·n⟩=8.2e-03, Len=sum([4.8, 4.6, 4.2])=13.5, ϰ=[4.9, 5.2, 4.6], ∫ϰ²/L>=[4.8, 6.1, 6.2], C-C-Sep=0.20, ║∇J║=9.1e-04
-----On 8/20 Initial Guess Perturbations
Iteration 1791/4500-----
J=1.2e-02, ⟨Jf⟩=1.2e-03, ⟨B·n⟩=8.2e-03, Len=sum([4.8, 4.6, 4.2])=13.5, ϰ=[4.9, 5.2, 4.6], ∫ϰ²/L>=[4.8, 6.1, 6.2], C-C-Sep=0.20, ║∇J║=7.7e-04
-----On 8/20 Initial Guess Perturbations
Iteration 1792/4500-----
J=1.2e-02, ⟨Jf⟩=1.2e-03, ⟨B·n⟩=8.2e-03, Len=sum([4.8, 4.6, 4.2])=13.5, ϰ=[4.9, 5.2, 4.6], ∫ϰ²/L>=[4.8, 6.1, 6.2], C-C-Sep=0.20, ║∇J║=6.4e-04
-----On 8/20 Initial Guess Perturbations
Iteration 1793/4500-----
J=1.2e-02, ⟨Jf⟩=1.2e-03, ⟨B·n⟩=8.2e-03, Len=sum([4.8, 4.6, 4.2])=13.5, ϰ=[4.9, 5.2, 4.6], ∫ϰ²/L>=[4.8, 6.1, 6.2], C-C-Sep=0.20, ║∇J║=7.4e-04
-----On 8/20 Initial Guess Perturbations
Iteration 1794/4500-----
J=1.2e-02, ⟨Jf⟩=1.2e-03, ⟨B·n⟩=8.2e-03, Len=sum([4.8, 4.6, 4.2])=13.5, ϰ=[4.9, 5.3, 4.6], ∫ϰ²/L>=[4.8, 6.1, 6.2], C-C-Sep=0.20, ║∇J║=7.6e-04
-----On 8/20 Initial Guess Perturbations
Iteration 1795/4500-----
J=1.2e-02, ⟨Jf⟩=1.2e-03, ⟨B·n⟩=8.2e-03, Len=sum([4.8, 4.6, 4.2])=13.5, ϰ=[4.9, 5.3, 4.6], ∫ϰ²/L>=[4.8, 6.1, 6.2], C-C-Sep=0.20, ║∇J║=7.4e-04
-----On 8/20 Initial Guess Perturbations
Iteration 1796/4500-----
J=1.2e-02, ⟨Jf⟩=1.2e-03, ⟨B·n⟩=8.2e-03, Len=sum([4.8, 4.6, 4.2])=13.5, ϰ=[4.9, 5.3, 4.6], ∫ϰ²/L>=[4.8, 6.1, 6.2], C-C-Sep=0.20, ║∇J║=7.6e-04
-----On 8/20 Initial Guess Perturbations
Iteration 1797/4500-----
J=1.2e-02, ⟨Jf⟩=1.2e-03, ⟨B·n⟩=8.2e-03, Len=sum([4.8, 4.6, 4.2])=13.5, ϰ=[4.9, 5.3, 4.6], ∫ϰ²/L>=[4.8, 6.1, 6.2], C-C-Sep=0.20, ║∇J║=8.2e-04
-----On 8/20 Initial Guess Perturbations
Iteration 1798/4500-----
J=1.2e-02, ⟨Jf⟩=1.2e-03, ⟨B·n⟩=8.2e-03, Len=sum([4.8, 4.6, 4.2])=13.5, ϰ=[4.9, 5.3, 4.6], ∫ϰ²/L>=[4.8, 6.1, 6.2], C-C-Sep=0.20, ║∇J║=8.2e-04
-----On 8/20 Initial Guess Perturbations
Iteration 1799/4500-----
J=1.2e-02, ⟨Jf⟩=1.2e-03, ⟨B·n⟩=8.2e-03, Len=sum([4.8, 4.6, 4.2])=13.5, ϰ=[4.9, 5.3, 4.6], ∫ϰ²/L>=[4.8, 6.1, 6.2], C-C-Sep=0.20, ║∇J║=7.6e-04
-----On 8/20 Initial Guess Perturbations
Iteration 1800/4500-----
J=1.2e-02, ⟨Jf⟩=1.2e-03, ⟨B·n⟩=8.2e-03, Len=sum([4.8, 4.6, 4.2])=13.5, ϰ=[4.9, 5.3, 4.6], ∫ϰ²/L>=[4.8, 6.1, 6.2], C-C-Sep=0.20, ║∇J║=8.8e-04
-----On 8/20 Initial Guess Perturbations
Iteration 1801/4500-----
J=1.2e-02, ⟨Jf⟩=1.2e-03, ⟨B·n⟩=8.2e-03, Len=sum([4.8, 4.6, 4.2])=13.5, ϰ=[4.9, 5.3, 4.6], ∫ϰ²/L>=[4.8, 6.1, 6.2], C-C-Sep=0.20, ║∇J║=9.4e-04
-----On 8/20 Initial Guess Perturbations
Iteration 1802/4500-----
J=1.2e-02, ⟨Jf⟩=1.2e-03, ⟨B·n⟩=8.2e-03, Len=sum([4.8, 4.6, 4.2])=13.5, ϰ=[4.9, 5.3, 4.6], ∫ϰ²/L>=[4.8, 6.1, 6.2], C-C-Sep=0.20, ║∇J║=1.1e-03
-----On 8/20 Initial Guess Perturbations
Iteration 1803/4500-----
J=1.2e-02, ⟨Jf⟩=1.2e-03, ⟨B·n⟩=8.2e-03, Len=sum([4.8, 4.6, 4.2])=13.5, ϰ=[4.9, 5.3, 4.6], ∫ϰ²/L>=[4.8, 6.1, 6.2], C-C-Sep=0.20, ║∇J║=7.5e-04
-----On 8/20 Initial Guess Perturbations
Iteration 1804/4500-----
J=1.2e-02, ⟨Jf⟩=1.2e-03, ⟨B·n⟩=8.2e-03, Len=sum([4.8, 4.6, 4.2])=13.5, ϰ=[4.9, 5.3, 4.6], ∫ϰ²/L>=[4.8, 6.1, 6.2], C-C-Sep=0.20, ║∇J║=6.4e-04
-----On 8/20 Initial Guess Perturbations
Iteration 1805/4500-----
J=1.2e-02, ⟨Jf⟩=1.2e-03, ⟨B·n⟩=8.2e-03, Len=sum([4.8, 4.6, 4.2])=13.5, ϰ=[4.9, 5.3, 4.6], ∫ϰ²/L>=[4.8, 6.1, 6.2], C-C-Sep=0.20, ║∇J║=7.6e-04
-----On 8/20 Initial Guess Perturbations
Iteration 1806/4500-----
J=1.2e-02, ⟨Jf⟩=1.2e-03, ⟨B·n⟩=8.2e-03, Len=sum([4.8, 4.6, 4.2])=13.5, ϰ=[4.9, 5.3, 4.6], ∫ϰ²/L>=[4.8, 6.1, 6.3], C-C-Sep=0.20, ║∇J║=7.4e-04
-----On 8/20 Initial Guess Perturbations
Iteration 1807/4500-----
J=1.2e-02, ⟨Jf⟩=1.2e-03, ⟨B·n⟩=8.2e-03, Len=sum([4.8, 4.6, 4.2])=13.5, ϰ=[4.9, 5.3, 4.6], ∫ϰ²/L>=[4.8, 6.1, 6.3], C-C-Sep=0.20, ║∇J║=8.4e-04
-----On 8/20 Initial Guess Perturbations
Iteration 1808/4500-----
J=1.2e-02, ⟨Jf⟩=1.2e-03, ⟨B·n⟩=8.2e-03, Len=sum([4.8, 4.6, 4.2])=13.5, ϰ=[4.9, 5.3, 4.6], ∫ϰ²/L>=[4.8, 6.1, 6.3], C-C-Sep=0.20, ║∇J║=7.8e-04
-----On 8/20 Initial Guess Perturbations
Iteration 1809/4500-----
J=1.2e-02, ⟨Jf⟩=1.2e-03, ⟨B·n⟩=8.2e-03, Len=sum([4.8, 4.6, 4.2])=13.5, ϰ=[4.9, 5.2, 4.6], ∫ϰ²/L>=[4.8, 6.1, 6.3], C-C-Sep=0.20, ║∇J║=7.7e-04
-----On 8/20 Initial Guess Perturbations
Iteration 1810/4500-----
J=1.2e-02, ⟨Jf⟩=1.2e-03, ⟨B·n⟩=8.2e-03, Len=sum([4.8, 4.6, 4.2])=13.5, ϰ=[4.9, 5.2, 4.6], ∫ϰ²/L>=[4.8, 6.1, 6.3], C-C-Sep=0.20, ║∇J║=9.7e-04
-----On 8/20 Initial Guess Perturbations
Iteration 1811/4500-----
J=1.2e-02, ⟨Jf⟩=1.2e-03, ⟨B·n⟩=8.2e-03, Len=sum([4.8, 4.6, 4.2])=13.5, ϰ=[4.9, 5.2, 4.6], ∫ϰ²/L>=[4.8, 6.1, 6.3], C-C-Sep=0.20, ║∇J║=9.5e-04
-----On 8/20 Initial Guess Perturbations
Iteration 1812/4500-----
J=1.2e-02, ⟨Jf⟩=1.2e-03, ⟨B·n⟩=8.2e-03, Len=sum([4.8, 4.6, 4.2])=13.5, ϰ=[4.9, 5.2, 4.6], ∫ϰ²/L>=[4.8, 6.1, 6.3], C-C-Sep=0.20, ║∇J║=1.0e-03
-----On 8/20 Initial Guess Perturbations
Iteration 1813/4500-----
J=1.2e-02, ⟨Jf⟩=1.2e-03, ⟨B·n⟩=8.2e-03, Len=sum([4.8, 4.6, 4.2])=13.5, ϰ=[4.9, 5.2, 4.6], ∫ϰ²/L>=[4.8, 6.1, 6.3], C-C-Sep=0.20, ║∇J║=7.1e-04
-----On 8/20 Initial Guess Perturbations
Iteration 1814/4500-----
J=1.2e-02, ⟨Jf⟩=1.2e-03, ⟨B·n⟩=8.2e-03, Len=sum([4.8, 4.6, 4.2])=13.5, ϰ=[4.9, 5.2, 4.6], ∫ϰ²/L>=[4.8, 6.1, 6.3], C-C-Sep=0.20, ║∇J║=7.4e-04
-----On 8/20 Initial Guess Perturbations
Iteration 1815/4500-----
J=1.2e-02, ⟨Jf⟩=1.2e-03, ⟨B·n⟩=8.2e-03, Len=sum([4.8, 4.6, 4.2])=13.5, ϰ=[4.9, 5.2, 4.6], ∫ϰ²/L>=[4.8, 6.1, 6.3], C-C-Sep=0.20, ║∇J║=8.1e-04
-----On 8/20 Initial Guess Perturbations
Iteration 1816/4500-----
J=1.2e-02, ⟨Jf⟩=1.2e-03, ⟨B·n⟩=8.2e-03, Len=sum([4.8, 4.6, 4.2])=13.5, ϰ=[4.9, 5.2, 4.6], ∫ϰ²/L>=[4.8, 6.1, 6.3], C-C-Sep=0.20, ║∇J║=8.9e-04
-----On 8/20 Initial Guess Perturbations
Iteration 1817/4500-----
J=1.2e-02, ⟨Jf⟩=1.2e-03, ⟨B·n⟩=8.2e-03, Len=sum([4.8, 4.6, 4.2])=13.5, ϰ=[4.9, 5.2, 4.6], ∫ϰ²/L>=[4.8, 6.1, 6.3], C-C-Sep=0.20, ║∇J║=7.4e-04
-----On 8/20 Initial Guess Perturbations
Iteration 1818/4500-----
J=1.2e-02, ⟨Jf⟩=1.2e-03, ⟨B·n⟩=8.2e-03, Len=sum([4.8, 4.6, 4.2])=13.5, ϰ=[4.9, 5.2, 4.6], ∫ϰ²/L>=[4.8, 6.1, 6.3], C-C-Sep=0.20, ║∇J║=8.5e-04
-----On 8/20 Initial Guess Perturbations
Iteration 1819/4500-----
J=1.2e-02, ⟨Jf⟩=1.2e-03, ⟨B·n⟩=8.2e-03, Len=sum([4.8, 4.6, 4.2])=13.5, ϰ=[4.9, 5.2, 4.6], ∫ϰ²/L>=[4.8, 6.1, 6.3], C-C-Sep=0.20, ║∇J║=8.6e-04
-----On 8/20 Initial Guess Perturbations
Iteration 1820/4500-----
J=1.2e-02, ⟨Jf⟩=1.2e-03, ⟨B·n⟩=8.2e-03, Len=sum([4.8, 4.6, 4.2])=13.5, ϰ=[4.9, 5.2, 4.6], ∫ϰ²/L>=[4.8, 6.1, 6.3], C-C-Sep=0.20, ║∇J║=7.4e-04
-----On 8/20 Initial Guess Perturbations
Iteration 1821/4500-----
J=1.2e-02, ⟨Jf⟩=1.2e-03, ⟨B·n⟩=8.2e-03, Len=sum([4.8, 4.6, 4.2])=13.5, ϰ=[4.9, 5.2, 4.6], ∫ϰ²/L>=[4.8, 6.1, 6.3], C-C-Sep=0.20, ║∇J║=1.1e-03
-----On 8/20 Initial Guess Perturbations
Iteration 1822/4500-----
J=1.2e-02, ⟨Jf⟩=1.2e-03, ⟨B·n⟩=8.2e-03, Len=sum([4.8, 4.6, 4.2])=13.5, ϰ=[4.9, 5.2, 4.6], ∫ϰ²/L>=[4.8, 6.1, 6.3], C-C-Sep=0.20, ║∇J║=1.2e-03
-----On 8/20 Initial Guess Perturbations
Iteration 1823/4500-----
J=1.2e-02, ⟨Jf⟩=1.2e-03, ⟨B·n⟩=8.2e-03, Len=sum([4.8, 4.6, 4.2])=13.5, ϰ=[4.9, 5.2, 4.6], ∫ϰ²/L>=[4.8, 6.1, 6.3], C-C-Sep=0.20, ║∇J║=1.0e-03
-----On 8/20 Initial Guess Perturbations
Iteration 1824/4500-----
J=1.2e-02, ⟨Jf⟩=1.2e-03, ⟨B·n⟩=8.2e-03, Len=sum([4.8, 4.6, 4.2])=13.5, ϰ=[4.9, 5.2, 4.6], ∫ϰ²/L>=[4.8, 6.1, 6.3], C-C-Sep=0.20, ║∇J║=6.6e-04
-----On 8/20 Initial Guess Perturbations
Iteration 1825/4500-----
J=1.2e-02, ⟨Jf⟩=1.2e-03, ⟨B·n⟩=8.2e-03, Len=sum([4.8, 4.6, 4.2])=13.5, ϰ=[5.0, 5.2, 4.6], ∫ϰ²/L>=[4.8, 6.1, 6.3], C-C-Sep=0.20, ║∇J║=6.8e-04
-----On 8/20 Initial Guess Perturbations
Iteration 1826/4500-----
J=1.2e-02, ⟨Jf⟩=1.2e-03, ⟨B·n⟩=8.2e-03, Len=sum([4.8, 4.6, 4.2])=13.5, ϰ=[4.9, 5.2, 4.6], ∫ϰ²/L>=[4.8, 6.1, 6.3], C-C-Sep=0.20, ║∇J║=8.0e-04
-----On 8/20 Initial Guess Perturbations
Iteration 1827/4500-----
J=1.2e-02, ⟨Jf⟩=1.2e-03, ⟨B·n⟩=8.2e-03, Len=sum([4.8, 4.6, 4.2])=13.5, ϰ=[4.9, 5.2, 4.6], ∫ϰ²/L>=[4.8, 6.1, 6.3], C-C-Sep=0.20, ║∇J║=6.9e-04
-----On 8/20 Initial Guess Perturbations
Iteration 1828/4500-----
J=1.2e-02, ⟨Jf⟩=1.2e-03, ⟨B·n⟩=8.2e-03, Len=sum([4.8, 4.6, 4.2])=13.5, ϰ=[4.9, 5.2, 4.6], ∫ϰ²/L>=[4.8, 6.1, 6.3], C-C-Sep=0.20, ║∇J║=8.8e-04
-----On 8/20 Initial Guess Perturbations
Iteration 1829/4500-----
J=1.2e-02, ⟨Jf⟩=1.2e-03, ⟨B·n⟩=8.2e-03, Len=sum([4.8, 4.6, 4.2])=13.5, ϰ=[4.9, 5.2, 4.6], ∫ϰ²/L>=[4.8, 6.1, 6.3], C-C-Sep=0.20, ║∇J║=8.6e-04
-----On 8/20 Initial Guess Perturbations
Iteration 1830/4500-----
J=1.2e-02, ⟨Jf⟩=1.2e-03, ⟨B·n⟩=8.2e-03, Len=sum([4.8, 4.6, 4.2])=13.5, ϰ=[4.9, 5.2, 4.6], ∫ϰ²/L>=[4.8, 6.1, 6.3], C-C-Sep=0.20, ║∇J║=1.1e-03
-----On 8/20 Initial Guess Perturbations
Iteration 1831/4500-----
J=1.2e-02, ⟨Jf⟩=1.2e-03, ⟨B·n⟩=8.2e-03, Len=sum([4.8, 4.6, 4.2])=13.5, ϰ=[4.9, 5.2, 4.6], ∫ϰ²/L>=[4.8, 6.1, 6.3], C-C-Sep=0.20, ║∇J║=1.1e-03
-----On 8/20 Initial Guess Perturbations
Iteration 1832/4500-----
J=1.2e-02, ⟨Jf⟩=1.2e-03, ⟨B·n⟩=8.2e-03, Len=sum([4.8, 4.6, 4.2])=13.5, ϰ=[4.9, 5.3, 4.6], ∫ϰ²/L>=[4.8, 6.1, 6.3], C-C-Sep=0.20, ║∇J║=1.4e-03
-----On 8/20 Initial Guess Perturbations
Iteration 1833/4500-----
J=1.2e-02, ⟨Jf⟩=1.2e-03, ⟨B·n⟩=8.2e-03, Len=sum([4.8, 4.6, 4.2])=13.5, ϰ=[4.9, 5.2, 4.6], ∫ϰ²/L>=[4.8, 6.1, 6.3], C-C-Sep=0.20, ║∇J║=7.4e-04
-----On 8/20 Initial Guess Perturbations
Iteration 1834/4500-----
J=1.2e-02, ⟨Jf⟩=1.2e-03, ⟨B·n⟩=8.2e-03, Len=sum([4.8, 4.6, 4.2])=13.5, ϰ=[4.9, 5.3, 4.6], ∫ϰ²/L>=[4.8, 6.1, 6.3], C-C-Sep=0.20, ║∇J║=6.0e-04
-----On 8/20 Initial Guess Perturbations
Iteration 1835/4500-----
J=1.2e-02, ⟨Jf⟩=1.2e-03, ⟨B·n⟩=8.2e-03, Len=sum([4.8, 4.6, 4.2])=13.5, ϰ=[4.9, 5.3, 4.6], ∫ϰ²/L>=[4.8, 6.1, 6.3], C-C-Sep=0.20, ║∇J║=6.5e-04
-----On 8/20 Initial Guess Perturbations
Iteration 1836/4500-----
J=1.2e-02, ⟨Jf⟩=1.2e-03, ⟨B·n⟩=8.2e-03, Len=sum([4.8, 4.6, 4.2])=13.5, ϰ=[4.9, 5.3, 4.6], ∫ϰ²/L>=[4.8, 6.1, 6.3], C-C-Sep=0.20, ║∇J║=7.2e-04
-----On 8/20 Initial Guess Perturbations
Iteration 1837/4500-----
J=1.2e-02, ⟨Jf⟩=1.2e-03, ⟨B·n⟩=8.2e-03, Len=sum([4.8, 4.6, 4.2])=13.5, ϰ=[4.9, 5.3, 4.6], ∫ϰ²/L>=[4.8, 6.2, 6.3], C-C-Sep=0.20, ║∇J║=9.0e-04
-----On 8/20 Initial Guess Perturbations
Iteration 1838/4500-----
J=1.2e-02, ⟨Jf⟩=1.2e-03, ⟨B·n⟩=8.2e-03, Len=sum([4.8, 4.6, 4.2])=13.5, ϰ=[4.9, 5.3, 4.6], ∫ϰ²/L>=[4.8, 6.2, 6.3], C-C-Sep=0.20, ║∇J║=7.2e-04
-----On 8/20 Initial Guess Perturbations
Iteration 1839/4500-----
J=1.2e-02, ⟨Jf⟩=1.2e-03, ⟨B·n⟩=8.2e-03, Len=sum([4.8, 4.6, 4.2])=13.5, ϰ=[4.9, 5.3, 4.6], ∫ϰ²/L>=[4.8, 6.2, 6.3], C-C-Sep=0.20, ║∇J║=7.5e-04
-----On 8/20 Initial Guess Perturbations
Iteration 1840/4500-----
J=1.2e-02, ⟨Jf⟩=1.2e-03, ⟨B·n⟩=8.2e-03, Len=sum([4.8, 4.6, 4.2])=13.5, ϰ=[4.9, 5.3, 4.6], ∫ϰ²/L>=[4.8, 6.2, 6.3], C-C-Sep=0.20, ║∇J║=7.6e-04
-----On 8/20 Initial Guess Perturbations
Iteration 1841/4500-----
J=1.2e-02, ⟨Jf⟩=1.2e-03, ⟨B·n⟩=8.2e-03, Len=sum([4.8, 4.6, 4.2])=13.5, ϰ=[4.9, 5.3, 4.6], ∫ϰ²/L>=[4.8, 6.2, 6.3], C-C-Sep=0.20, ║∇J║=7.8e-04
-----On 8/20 Initial Guess Perturbations
Iteration 1842/4500-----
J=1.2e-02, ⟨Jf⟩=1.2e-03, ⟨B·n⟩=8.2e-03, Len=sum([4.8, 4.6, 4.2])=13.5, ϰ=[4.9, 5.3, 4.7], ∫ϰ²/L>=[4.8, 6.2, 6.3], C-C-Sep=0.20, ║∇J║=7.5e-04
-----On 8/20 Initial Guess Perturbations
Iteration 1843/4500-----
J=1.2e-02, ⟨Jf⟩=1.2e-03, ⟨B·n⟩=8.2e-03, Len=sum([4.8, 4.6, 4.2])=13.5, ϰ=[4.9, 5.3, 4.7], ∫ϰ²/L>=[4.8, 6.2, 6.3], C-C-Sep=0.20, ║∇J║=7.3e-04
-----On 8/20 Initial Guess Perturbations
Iteration 1844/4500-----
J=1.2e-02, ⟨Jf⟩=1.2e-03, ⟨B·n⟩=8.2e-03, Len=sum([4.8, 4.6, 4.2])=13.5, ϰ=[4.9, 5.3, 4.7], ∫ϰ²/L>=[4.8, 6.2, 6.3], C-C-Sep=0.20, ║∇J║=6.5e-04
-----On 8/20 Initial Guess Perturbations
Iteration 1845/4500-----
J=1.2e-02, ⟨Jf⟩=1.2e-03, ⟨B·n⟩=8.2e-03, Len=sum([4.8, 4.6, 4.2])=13.5, ϰ=[4.9, 5.3, 4.7], ∫ϰ²/L>=[4.8, 6.2, 6.3], C-C-Sep=0.20, ║∇J║=7.8e-04
-----On 8/20 Initial Guess Perturbations
Iteration 1846/4500-----
J=1.2e-02, ⟨Jf⟩=1.2e-03, ⟨B·n⟩=8.2e-03, Len=sum([4.8, 4.6, 4.2])=13.5, ϰ=[4.9, 5.3, 4.7], ∫ϰ²/L>=[4.8, 6.1, 6.3], C-C-Sep=0.20, ║∇J║=8.0e-04
-----On 8/20 Initial Guess Perturbations
Iteration 1847/4500-----
J=1.2e-02, ⟨Jf⟩=1.2e-03, ⟨B·n⟩=8.2e-03, Len=sum([4.8, 4.6, 4.2])=13.5, ϰ=[4.9, 5.3, 4.7], ∫ϰ²/L>=[4.8, 6.2, 6.3], C-C-Sep=0.20, ║∇J║=8.2e-04
-----On 8/20 Initial Guess Perturbations
Iteration 1848/4500-----
J=1.2e-02, ⟨Jf⟩=1.2e-03, ⟨B·n⟩=8.2e-03, Len=sum([4.8, 4.6, 4.2])=13.5, ϰ=[4.9, 5.3, 4.7], ∫ϰ²/L>=[4.8, 6.1, 6.3], C-C-Sep=0.20, ║∇J║=1.0e-03
-----On 8/20 Initial Guess Perturbations
Iteration 1849/4500-----
J=1.2e-02, ⟨Jf⟩=1.2e-03, ⟨B·n⟩=8.2e-03, Len=sum([4.8, 4.6, 4.2])=13.5, ϰ=[4.9, 5.3, 4.7], ∫ϰ²/L>=[4.8, 6.1, 6.3], C-C-Sep=0.20, ║∇J║=9.3e-04
-----On 8/20 Initial Guess Perturbations
Iteration 1850/4500-----
J=1.2e-02, ⟨Jf⟩=1.2e-03, ⟨B·n⟩=8.2e-03, Len=sum([4.8, 4.6, 4.2])=13.5, ϰ=[4.9, 5.3, 4.7], ∫ϰ²/L>=[4.8, 6.1, 6.3], C-C-Sep=0.20, ║∇J║=6.3e-04
-----On 8/20 Initial Guess Perturbations
Iteration 1851/4500-----
J=1.2e-02, ⟨Jf⟩=1.2e-03, ⟨B·n⟩=8.2e-03, Len=sum([4.8, 4.6, 4.2])=13.5, ϰ=[4.9, 5.3, 4.6], ∫ϰ²/L>=[4.8, 6.1, 6.3], C-C-Sep=0.20, ║∇J║=5.7e-04
-----On 8/20 Initial Guess Perturbations
Iteration 1852/4500-----
J=1.2e-02, ⟨Jf⟩=1.2e-03, ⟨B·n⟩=8.2e-03, Len=sum([4.8, 4.6, 4.2])=13.5, ϰ=[4.9, 5.3, 4.6], ∫ϰ²/L>=[4.8, 6.1, 6.3], C-C-Sep=0.20, ║∇J║=6.4e-04
-----On 8/20 Initial Guess Perturbations
Iteration 1853/4500-----
J=1.2e-02, ⟨Jf⟩=1.2e-03, ⟨B·n⟩=8.2e-03, Len=sum([4.8, 4.6, 4.2])=13.5, ϰ=[4.9, 5.2, 4.6], ∫ϰ²/L>=[4.8, 6.1, 6.3], C-C-Sep=0.20, ║∇J║=6.7e-04
-----On 8/20 Initial Guess Perturbations
Iteration 1854/4500-----
J=1.2e-02, ⟨Jf⟩=1.2e-03, ⟨B·n⟩=8.2e-03, Len=sum([4.8, 4.6, 4.2])=13.5, ϰ=[4.9, 5.2, 4.6], ∫ϰ²/L>=[4.8, 6.1, 6.3], C-C-Sep=0.20, ║∇J║=6.4e-04
-----On 8/20 Initial Guess Perturbations
Iteration 1855/4500-----
J=1.2e-02, ⟨Jf⟩=1.2e-03, ⟨B·n⟩=8.2e-03, Len=sum([4.8, 4.6, 4.2])=13.5, ϰ=[4.9, 5.2, 4.6], ∫ϰ²/L>=[4.8, 6.1, 6.3], C-C-Sep=0.20, ║∇J║=7.3e-04
-----On 8/20 Initial Guess Perturbations
Iteration 1856/4500-----
J=1.2e-02, ⟨Jf⟩=1.2e-03, ⟨B·n⟩=8.2e-03, Len=sum([4.8, 4.6, 4.2])=13.5, ϰ=[4.9, 5.2, 4.6], ∫ϰ²/L>=[4.8, 6.1, 6.3], C-C-Sep=0.20, ║∇J║=7.1e-04
-----On 8/20 Initial Guess Perturbations
Iteration 1857/4500-----
J=1.2e-02, ⟨Jf⟩=1.2e-03, ⟨B·n⟩=8.2e-03, Len=sum([4.8, 4.6, 4.2])=13.5, ϰ=[4.9, 5.2, 4.6], ∫ϰ²/L>=[4.8, 6.2, 6.3], C-C-Sep=0.20, ║∇J║=6.6e-04
-----On 8/20 Initial Guess Perturbations
Iteration 1858/4500-----
J=1.2e-02, ⟨Jf⟩=1.2e-03, ⟨B·n⟩=8.2e-03, Len=sum([4.8, 4.6, 4.2])=13.5, ϰ=[4.9, 5.2, 4.5], ∫ϰ²/L>=[4.8, 6.1, 6.3], C-C-Sep=0.20, ║∇J║=6.6e-04
-----On 8/20 Initial Guess Perturbations
Iteration 1859/4500-----
J=1.2e-02, ⟨Jf⟩=1.2e-03, ⟨B·n⟩=8.2e-03, Len=sum([4.8, 4.6, 4.2])=13.5, ϰ=[4.9, 5.2, 4.5], ∫ϰ²/L>=[4.8, 6.1, 6.3], C-C-Sep=0.20, ║∇J║=7.6e-04
-----On 8/20 Initial Guess Perturbations
Iteration 1860/4500-----
J=1.2e-02, ⟨Jf⟩=1.2e-03, ⟨B·n⟩=8.2e-03, Len=sum([4.8, 4.6, 4.2])=13.5, ϰ=[4.9, 5.2, 4.5], ∫ϰ²/L>=[4.8, 6.1, 6.3], C-C-Sep=0.20, ║∇J║=7.6e-04
-----On 8/20 Initial Guess Perturbations
Iteration 1861/4500-----
J=1.2e-02, ⟨Jf⟩=1.2e-03, ⟨B·n⟩=8.2e-03, Len=sum([4.8, 4.6, 4.2])=13.5, ϰ=[4.9, 5.2, 4.6], ∫ϰ²/L>=[4.8, 6.1, 6.3], C-C-Sep=0.20, ║∇J║=6.1e-04
-----On 8/20 Initial Guess Perturbations
Iteration 1862/4500-----
J=1.2e-02, ⟨Jf⟩=1.2e-03, ⟨B·n⟩=8.2e-03, Len=sum([4.8, 4.6, 4.2])=13.5, ϰ=[4.9, 5.2, 4.6], ∫ϰ²/L>=[4.8, 6.1, 6.3], C-C-Sep=0.20, ║∇J║=6.9e-04
-----On 8/20 Initial Guess Perturbations
Iteration 1863/4500-----
J=1.2e-02, ⟨Jf⟩=1.2e-03, ⟨B·n⟩=8.2e-03, Len=sum([4.8, 4.6, 4.2])=13.5, ϰ=[4.9, 5.2, 4.6], ∫ϰ²/L>=[4.8, 6.1, 6.3], C-C-Sep=0.20, ║∇J║=6.9e-04
-----On 8/20 Initial Guess Perturbations
Iteration 1864/4500-----
J=1.2e-02, ⟨Jf⟩=1.2e-03, ⟨B·n⟩=8.2e-03, Len=sum([4.8, 4.6, 4.2])=13.5, ϰ=[4.9, 5.2, 4.6], ∫ϰ²/L>=[4.8, 6.1, 6.3], C-C-Sep=0.20, ║∇J║=7.1e-04
-----On 8/20 Initial Guess Perturbations
Iteration 1865/4500-----
J=1.2e-02, ⟨Jf⟩=1.2e-03, ⟨B·n⟩=8.2e-03, Len=sum([4.8, 4.6, 4.2])=13.5, ϰ=[4.9, 5.2, 4.6], ∫ϰ²/L>=[4.8, 6.1, 6.3], C-C-Sep=0.20, ║∇J║=6.6e-04
-----On 8/20 Initial Guess Perturbations
Iteration 1866/4500-----
J=1.2e-02, ⟨Jf⟩=1.2e-03, ⟨B·n⟩=8.2e-03, Len=sum([4.8, 4.6, 4.2])=13.5, ϰ=[4.9, 5.2, 4.6], ∫ϰ²/L>=[4.8, 6.1, 6.3], C-C-Sep=0.20, ║∇J║=7.3e-04
-----On 8/20 Initial Guess Perturbations
Iteration 1867/4500-----
J=1.2e-02, ⟨Jf⟩=1.2e-03, ⟨B·n⟩=8.2e-03, Len=sum([4.8, 4.6, 4.2])=13.5, ϰ=[4.9, 5.2, 4.6], ∫ϰ²/L>=[4.8, 6.1, 6.3], C-C-Sep=0.20, ║∇J║=7.4e-04
-----On 8/20 Initial Guess Perturbations
Iteration 1868/4500-----
J=1.2e-02, ⟨Jf⟩=1.2e-03, ⟨B·n⟩=8.2e-03, Len=sum([4.8, 4.6, 4.2])=13.5, ϰ=[4.9, 5.2, 4.6], ∫ϰ²/L>=[4.8, 6.1, 6.3], C-C-Sep=0.20, ║∇J║=9.2e-04
-----On 8/20 Initial Guess Perturbations
Iteration 1869/4500-----
J=1.2e-02, ⟨Jf⟩=1.2e-03, ⟨B·n⟩=8.2e-03, Len=sum([4.8, 4.6, 4.2])=13.5, ϰ=[4.9, 5.2, 4.6], ∫ϰ²/L>=[4.8, 6.1, 6.3], C-C-Sep=0.20, ║∇J║=6.9e-04
-----On 8/20 Initial Guess Perturbations
Iteration 1870/4500-----
J=1.2e-02, ⟨Jf⟩=1.2e-03, ⟨B·n⟩=8.2e-03, Len=sum([4.8, 4.6, 4.2])=13.5, ϰ=[4.9, 5.2, 4.6], ∫ϰ²/L>=[4.8, 6.1, 6.3], C-C-Sep=0.20, ║∇J║=6.3e-04
-----On 8/20 Initial Guess Perturbations
Iteration 1871/4500-----
J=1.2e-02, ⟨Jf⟩=1.2e-03, ⟨B·n⟩=8.2e-03, Len=sum([4.8, 4.6, 4.2])=13.5, ϰ=[4.9, 5.2, 4.6], ∫ϰ²/L>=[4.8, 6.1, 6.3], C-C-Sep=0.20, ║∇J║=7.3e-04
-----On 8/20 Initial Guess Perturbations
Iteration 1872/4500-----
J=1.2e-02, ⟨Jf⟩=1.2e-03, ⟨B·n⟩=8.2e-03, Len=sum([4.8, 4.6, 4.2])=13.5, ϰ=[4.9, 5.2, 4.6], ∫ϰ²/L>=[4.8, 6.1, 6.3], C-C-Sep=0.20, ║∇J║=6.2e-04
-----On 8/20 Initial Guess Perturbations
Iteration 1873/4500-----
J=1.2e-02, ⟨Jf⟩=1.2e-03, ⟨B·n⟩=8.2e-03, Len=sum([4.8, 4.6, 4.2])=13.5, ϰ=[4.9, 5.2, 4.6], ∫ϰ²/L>=[4.8, 6.1, 6.3], C-C-Sep=0.20, ║∇J║=7.6e-04
-----On 8/20 Initial Guess Perturbations
Iteration 1874/4500-----
J=1.2e-02, ⟨Jf⟩=1.2e-03, ⟨B·n⟩=8.2e-03, Len=sum([4.8, 4.6, 4.2])=13.5, ϰ=[4.9, 5.2, 4.6], ∫ϰ²/L>=[4.8, 6.1, 6.3], C-C-Sep=0.20, ║∇J║=6.5e-04
-----On 8/20 Initial Guess Perturbations
Iteration 1875/4500-----
J=1.2e-02, ⟨Jf⟩=1.2e-03, ⟨B·n⟩=8.2e-03, Len=sum([4.8, 4.6, 4.2])=13.5, ϰ=[4.9, 5.2, 4.6], ∫ϰ²/L>=[4.8, 6.1, 6.3], C-C-Sep=0.20, ║∇J║=7.2e-04
-----On 8/20 Initial Guess Perturbations
Iteration 1876/4500-----
J=1.2e-02, ⟨Jf⟩=1.2e-03, ⟨B·n⟩=8.2e-03, Len=sum([4.8, 4.6, 4.2])=13.5, ϰ=[4.9, 5.2, 4.6], ∫ϰ²/L>=[4.8, 6.1, 6.2], C-C-Sep=0.20, ║∇J║=7.4e-04
-----On 8/20 Initial Guess Perturbations
Iteration 1877/4500-----
J=1.2e-02, ⟨Jf⟩=1.2e-03, ⟨B·n⟩=8.2e-03, Len=sum([4.8, 4.6, 4.2])=13.5, ϰ=[4.9, 5.2, 4.6], ∫ϰ²/L>=[4.8, 6.1, 6.2], C-C-Sep=0.20, ║∇J║=9.8e-04
-----On 8/20 Initial Guess Perturbations
Iteration 1878/4500-----
J=1.2e-02, ⟨Jf⟩=1.2e-03, ⟨B·n⟩=8.2e-03, Len=sum([4.8, 4.6, 4.2])=13.5, ϰ=[4.9, 5.2, 4.6], ∫ϰ²/L>=[4.8, 6.1, 6.2], C-C-Sep=0.20, ║∇J║=7.8e-04
-----On 8/20 Initial Guess Perturbations
Iteration 1879/4500-----
J=1.2e-02, ⟨Jf⟩=1.2e-03, ⟨B·n⟩=8.2e-03, Len=sum([4.8, 4.6, 4.2])=13.5, ϰ=[4.9, 5.2, 4.6], ∫ϰ²/L>=[4.8, 6.1, 6.2], C-C-Sep=0.20, ║∇J║=7.1e-04
-----On 8/20 Initial Guess Perturbations
Iteration 1880/4500-----
J=1.2e-02, ⟨Jf⟩=1.2e-03, ⟨B·n⟩=8.2e-03, Len=sum([4.8, 4.6, 4.2])=13.5, ϰ=[4.9, 5.3, 4.6], ∫ϰ²/L>=[4.8, 6.1, 6.2], C-C-Sep=0.20, ║∇J║=6.1e-04
-----On 8/20 Initial Guess Perturbations
Iteration 1881/4500-----
J=1.2e-02, ⟨Jf⟩=1.2e-03, ⟨B·n⟩=8.2e-03, Len=sum([4.8, 4.6, 4.2])=13.5, ϰ=[4.9, 5.3, 4.6], ∫ϰ²/L>=[4.8, 6.1, 6.2], C-C-Sep=0.20, ║∇J║=6.6e-04
-----On 8/20 Initial Guess Perturbations
Iteration 1882/4500-----
J=1.2e-02, ⟨Jf⟩=1.2e-03, ⟨B·n⟩=8.2e-03, Len=sum([4.8, 4.6, 4.2])=13.5, ϰ=[4.9, 5.3, 4.6], ∫ϰ²/L>=[4.8, 6.1, 6.2], C-C-Sep=0.20, ║∇J║=7.0e-04
-----On 8/20 Initial Guess Perturbations
Iteration 1883/4500-----
J=1.2e-02, ⟨Jf⟩=1.2e-03, ⟨B·n⟩=8.2e-03, Len=sum([4.8, 4.6, 4.2])=13.5, ϰ=[4.9, 5.3, 4.6], ∫ϰ²/L>=[4.8, 6.1, 6.2], C-C-Sep=0.20, ║∇J║=6.5e-04
-----On 8/20 Initial Guess Perturbations
Iteration 1884/4500-----
J=1.2e-02, ⟨Jf⟩=1.2e-03, ⟨B·n⟩=8.2e-03, Len=sum([4.8, 4.6, 4.2])=13.5, ϰ=[4.9, 5.3, 4.6], ∫ϰ²/L>=[4.8, 6.1, 6.2], C-C-Sep=0.20, ║∇J║=6.1e-04
-----On 8/20 Initial Guess Perturbations
Iteration 1885/4500-----
J=1.2e-02, ⟨Jf⟩=1.2e-03, ⟨B·n⟩=8.2e-03, Len=sum([4.8, 4.6, 4.2])=13.5, ϰ=[4.8, 5.3, 4.6], ∫ϰ²/L>=[4.8, 6.1, 6.2], C-C-Sep=0.20, ║∇J║=7.7e-04
-----On 8/20 Initial Guess Perturbations
Iteration 1886/4500-----
J=1.2e-02, ⟨Jf⟩=1.2e-03, ⟨B·n⟩=8.2e-03, Len=sum([4.8, 4.6, 4.2])=13.5, ϰ=[4.8, 5.3, 4.6], ∫ϰ²/L>=[4.8, 6.1, 6.2], C-C-Sep=0.20, ║∇J║=7.0e-04
-----On 8/20 Initial Guess Perturbations
Iteration 1887/4500-----
J=1.2e-02, ⟨Jf⟩=1.2e-03, ⟨B·n⟩=8.2e-03, Len=sum([4.8, 4.6, 4.2])=13.5, ϰ=[4.9, 5.3, 4.6], ∫ϰ²/L>=[4.8, 6.1, 6.2], C-C-Sep=0.20, ║∇J║=9.3e-04
-----On 8/20 Initial Guess Perturbations
Iteration 1888/4500-----
J=1.2e-02, ⟨Jf⟩=1.2e-03, ⟨B·n⟩=8.2e-03, Len=sum([4.8, 4.6, 4.2])=13.5, ϰ=[4.8, 5.3, 4.6], ∫ϰ²/L>=[4.8, 6.1, 6.2], C-C-Sep=0.20, ║∇J║=7.3e-04
-----On 8/20 Initial Guess Perturbations
Iteration 1889/4500-----
J=1.2e-02, ⟨Jf⟩=1.2e-03, ⟨B·n⟩=8.2e-03, Len=sum([4.8, 4.6, 4.2])=13.5, ϰ=[4.8, 5.3, 4.6], ∫ϰ²/L>=[4.8, 6.1, 6.2], C-C-Sep=0.20, ║∇J║=6.0e-04
-----On 8/20 Initial Guess Perturbations
Iteration 1890/4500-----
J=1.2e-02, ⟨Jf⟩=1.2e-03, ⟨B·n⟩=8.2e-03, Len=sum([4.8, 4.6, 4.2])=13.5, ϰ=[4.8, 5.3, 4.6], ∫ϰ²/L>=[4.8, 6.1, 6.2], C-C-Sep=0.20, ║∇J║=7.1e-04
-----On 8/20 Initial Guess Perturbations
Iteration 1891/4500-----
J=1.2e-02, ⟨Jf⟩=1.2e-03, ⟨B·n⟩=8.2e-03, Len=sum([4.8, 4.6, 4.2])=13.5, ϰ=[4.8, 5.2, 4.6], ∫ϰ²/L>=[4.8, 6.1, 6.2], C-C-Sep=0.20, ║∇J║=7.4e-04
-----On 8/20 Initial Guess Perturbations
Iteration 1892/4500-----
J=1.2e-02, ⟨Jf⟩=1.2e-03, ⟨B·n⟩=8.2e-03, Len=sum([4.8, 4.6, 4.2])=13.5, ϰ=[4.8, 5.2, 4.6], ∫ϰ²/L>=[4.8, 6.1, 6.2], C-C-Sep=0.20, ║∇J║=6.8e-04
-----On 8/20 Initial Guess Perturbations
Iteration 1893/4500-----
J=1.2e-02, ⟨Jf⟩=1.2e-03, ⟨B·n⟩=8.2e-03, Len=sum([4.8, 4.6, 4.2])=13.5, ϰ=[4.8, 5.2, 4.6], ∫ϰ²/L>=[4.8, 6.1, 6.2], C-C-Sep=0.20, ║∇J║=6.6e-04
-----On 8/20 Initial Guess Perturbations
Iteration 1894/4500-----
J=1.2e-02, ⟨Jf⟩=1.2e-03, ⟨B·n⟩=8.2e-03, Len=sum([4.8, 4.6, 4.2])=13.5, ϰ=[4.9, 5.2, 4.6], ∫ϰ²/L>=[4.8, 6.1, 6.2], C-C-Sep=0.20, ║∇J║=5.9e-04
-----On 8/20 Initial Guess Perturbations
Iteration 1895/4500-----
J=1.2e-02, ⟨Jf⟩=1.2e-03, ⟨B·n⟩=8.2e-03, Len=sum([4.8, 4.6, 4.2])=13.5, ϰ=[4.9, 5.2, 4.6], ∫ϰ²/L>=[4.8, 6.1, 6.2], C-C-Sep=0.20, ║∇J║=7.2e-04
-----On 8/20 Initial Guess Perturbations
Iteration 1896/4500-----
J=1.2e-02, ⟨Jf⟩=1.2e-03, ⟨B·n⟩=8.2e-03, Len=sum([4.8, 4.6, 4.2])=13.5, ϰ=[4.9, 5.2, 4.6], ∫ϰ²/L>=[4.8, 6.1, 6.2], C-C-Sep=0.20, ║∇J║=5.8e-04
-----On 8/20 Initial Guess Perturbations
Iteration 1897/4500-----
J=1.2e-02, ⟨Jf⟩=1.2e-03, ⟨B·n⟩=8.2e-03, Len=sum([4.8, 4.6, 4.2])=13.5, ϰ=[4.9, 5.2, 4.5], ∫ϰ²/L>=[4.8, 6.1, 6.2], C-C-Sep=0.20, ║∇J║=5.9e-04
-----On 8/20 Initial Guess Perturbations
Iteration 1898/4500-----
J=1.2e-02, ⟨Jf⟩=1.2e-03, ⟨B·n⟩=8.2e-03, Len=sum([4.8, 4.6, 4.2])=13.5, ϰ=[4.9, 5.2, 4.5], ∫ϰ²/L>=[4.8, 6.1, 6.2], C-C-Sep=0.20, ║∇J║=7.4e-04
-----On 8/20 Initial Guess Perturbations
Iteration 1899/4500-----
J=1.2e-02, ⟨Jf⟩=1.2e-03, ⟨B·n⟩=8.2e-03, Len=sum([4.8, 4.6, 4.2])=13.5, ϰ=[4.9, 5.2, 4.5], ∫ϰ²/L>=[4.8, 6.1, 6.2], C-C-Sep=0.20, ║∇J║=6.6e-04
-----On 8/20 Initial Guess Perturbations
Iteration 1900/4500-----
J=1.2e-02, ⟨Jf⟩=1.2e-03, ⟨B·n⟩=8.2e-03, Len=sum([4.8, 4.6, 4.2])=13.5, ϰ=[4.9, 5.2, 4.5], ∫ϰ²/L>=[4.8, 6.1, 6.2], C-C-Sep=0.20, ║∇J║=7.1e-04
-----On 8/20 Initial Guess Perturbations
Iteration 1901/4500-----
J=1.2e-02, ⟨Jf⟩=1.2e-03, ⟨B·n⟩=8.2e-03, Len=sum([4.8, 4.6, 4.2])=13.5, ϰ=[4.9, 5.2, 4.6], ∫ϰ²/L>=[4.8, 6.1, 6.2], C-C-Sep=0.20, ║∇J║=5.5e-04
-----On 8/20 Initial Guess Perturbations
Iteration 1902/4500-----
J=1.2e-02, ⟨Jf⟩=1.2e-03, ⟨B·n⟩=8.2e-03, Len=sum([4.8, 4.6, 4.2])=13.5, ϰ=[4.9, 5.2, 4.6], ∫ϰ²/L>=[4.8, 6.1, 6.2], C-C-Sep=0.20, ║∇J║=5.9e-04
-----On 8/20 Initial Guess Perturbations
Iteration 1903/4500-----
J=1.2e-02, ⟨Jf⟩=1.2e-03, ⟨B·n⟩=8.2e-03, Len=sum([4.8, 4.6, 4.2])=13.5, ϰ=[4.9, 5.2, 4.5], ∫ϰ²/L>=[4.8, 6.1, 6.2], C-C-Sep=0.20, ║∇J║=5.5e-04
-----On 8/20 Initial Guess Perturbations
Iteration 1904/4500-----
J=1.2e-02, ⟨Jf⟩=1.2e-03, ⟨B·n⟩=8.2e-03, Len=sum([4.8, 4.6, 4.2])=13.5, ϰ=[4.9, 5.2, 4.5], ∫ϰ²/L>=[4.8, 6.1, 6.2], C-C-Sep=0.20, ║∇J║=5.6e-04
-----On 8/20 Initial Guess Perturbations
Iteration 1905/4500-----
J=1.2e-02, ⟨Jf⟩=1.2e-03, ⟨B·n⟩=8.2e-03, Len=sum([4.8, 4.6, 4.2])=13.5, ϰ=[4.9, 5.2, 4.5], ∫ϰ²/L>=[4.8, 6.1, 6.2], C-C-Sep=0.20, ║∇J║=5.7e-04
-----On 8/20 Initial Guess Perturbations
Iteration 1906/4500-----
J=1.2e-02, ⟨Jf⟩=1.2e-03, ⟨B·n⟩=8.2e-03, Len=sum([4.8, 4.6, 4.2])=13.5, ϰ=[4.9, 5.2, 4.5], ∫ϰ²/L>=[4.8, 6.1, 6.2], C-C-Sep=0.20, ║∇J║=5.2e-04
-----On 8/20 Initial Guess Perturbations
Iteration 1907/4500-----
J=1.2e-02, ⟨Jf⟩=1.2e-03, ⟨B·n⟩=8.2e-03, Len=sum([4.8, 4.6, 4.2])=13.5, ϰ=[4.9, 5.2, 4.5], ∫ϰ²/L>=[4.8, 6.1, 6.2], C-C-Sep=0.20, ║∇J║=6.0e-04
-----On 8/20 Initial Guess Perturbations
Iteration 1908/4500-----
J=1.2e-02, ⟨Jf⟩=1.2e-03, ⟨B·n⟩=8.2e-03, Len=sum([4.8, 4.6, 4.2])=13.5, ϰ=[4.9, 5.2, 4.5], ∫ϰ²/L>=[4.8, 6.1, 6.2], C-C-Sep=0.20, ║∇J║=5.7e-04
-----On 8/20 Initial Guess Perturbations
Iteration 1909/4500-----
J=1.2e-02, ⟨Jf⟩=1.2e-03, ⟨B·n⟩=8.2e-03, Len=sum([4.8, 4.6, 4.2])=13.5, ϰ=[4.9, 5.2, 4.5], ∫ϰ²/L>=[4.8, 6.1, 6.2], C-C-Sep=0.20, ║∇J║=6.1e-04
-----On 8/20 Initial Guess Perturbations
Iteration 1910/4500-----
J=1.2e-02, ⟨Jf⟩=1.2e-03, ⟨B·n⟩=8.2e-03, Len=sum([4.8, 4.6, 4.2])=13.5, ϰ=[4.9, 5.3, 4.5], ∫ϰ²/L>=[4.8, 6.1, 6.2], C-C-Sep=0.20, ║∇J║=5.9e-04
-----On 8/20 Initial Guess Perturbations
Iteration 1911/4500-----
J=1.2e-02, ⟨Jf⟩=1.2e-03, ⟨B·n⟩=8.2e-03, Len=sum([4.8, 4.6, 4.2])=13.5, ϰ=[4.9, 5.3, 4.5], ∫ϰ²/L>=[4.8, 6.1, 6.2], C-C-Sep=0.20, ║∇J║=6.1e-04
-----On 8/20 Initial Guess Perturbations
Iteration 1912/4500-----
J=1.2e-02, ⟨Jf⟩=1.2e-03, ⟨B·n⟩=8.2e-03, Len=sum([4.8, 4.6, 4.2])=13.5, ϰ=[4.9, 5.3, 4.5], ∫ϰ²/L>=[4.8, 6.1, 6.2], C-C-Sep=0.20, ║∇J║=6.7e-04
-----On 8/20 Initial Guess Perturbations
Iteration 1913/4500-----
J=1.2e-02, ⟨Jf⟩=1.2e-03, ⟨B·n⟩=8.2e-03, Len=sum([4.8, 4.6, 4.2])=13.5, ϰ=[4.9, 5.3, 4.5], ∫ϰ²/L>=[4.8, 6.1, 6.2], C-C-Sep=0.20, ║∇J║=7.8e-04
-----On 8/20 Initial Guess Perturbations
Iteration 1914/4500-----
J=1.2e-02, ⟨Jf⟩=1.2e-03, ⟨B·n⟩=8.2e-03, Len=sum([4.8, 4.6, 4.2])=13.5, ϰ=[4.9, 5.3, 4.5], ∫ϰ²/L>=[4.8, 6.1, 6.2], C-C-Sep=0.20, ║∇J║=5.3e-04
-----On 8/20 Initial Guess Perturbations
Iteration 1915/4500-----
J=1.2e-02, ⟨Jf⟩=1.2e-03, ⟨B·n⟩=8.2e-03, Len=sum([4.8, 4.6, 4.2])=13.5, ϰ=[4.9, 5.3, 4.5], ∫ϰ²/L>=[4.8, 6.1, 6.2], C-C-Sep=0.20, ║∇J║=4.2e-04
-----On 8/20 Initial Guess Perturbations
Iteration 1916/4500-----
J=1.2e-02, ⟨Jf⟩=1.2e-03, ⟨B·n⟩=8.2e-03, Len=sum([4.8, 4.6, 4.2])=13.5, ϰ=[4.9, 5.3, 4.5], ∫ϰ²/L>=[4.8, 6.1, 6.2], C-C-Sep=0.20, ║∇J║=4.8e-04
-----On 8/20 Initial Guess Perturbations
Iteration 1917/4500-----
J=1.2e-02, ⟨Jf⟩=1.2e-03, ⟨B·n⟩=8.2e-03, Len=sum([4.8, 4.6, 4.2])=13.5, ϰ=[4.9, 5.3, 4.5], ∫ϰ²/L>=[4.8, 6.1, 6.2], C-C-Sep=0.20, ║∇J║=5.1e-04
-----On 8/20 Initial Guess Perturbations
Iteration 1918/4500-----
J=1.2e-02, ⟨Jf⟩=1.2e-03, ⟨B·n⟩=8.2e-03, Len=sum([4.8, 4.6, 4.2])=13.5, ϰ=[4.9, 5.3, 4.5], ∫ϰ²/L>=[4.8, 6.1, 6.2], C-C-Sep=0.20, ║∇J║=4.4e-04
-----On 8/20 Initial Guess Perturbations
Iteration 1919/4500-----
J=1.2e-02, ⟨Jf⟩=1.2e-03, ⟨B·n⟩=8.2e-03, Len=sum([4.8, 4.6, 4.2])=13.5, ϰ=[4.9, 5.3, 4.5], ∫ϰ²/L>=[4.8, 6.1, 6.2], C-C-Sep=0.20, ║∇J║=5.1e-04
-----On 8/20 Initial Guess Perturbations
Iteration 1920/4500-----
J=1.2e-02, ⟨Jf⟩=1.2e-03, ⟨B·n⟩=8.2e-03, Len=sum([4.8, 4.6, 4.2])=13.5, ϰ=[4.9, 5.3, 4.5], ∫ϰ²/L>=[4.8, 6.1, 6.2], C-C-Sep=0.20, ║∇J║=5.5e-04
-----On 8/20 Initial Guess Perturbations
Iteration 1921/4500-----
J=1.2e-02, ⟨Jf⟩=1.2e-03, ⟨B·n⟩=8.2e-03, Len=sum([4.8, 4.6, 4.2])=13.5, ϰ=[4.9, 5.3, 4.5], ∫ϰ²/L>=[4.8, 6.1, 6.2], C-C-Sep=0.20, ║∇J║=5.5e-04
-----On 8/20 Initial Guess Perturbations
Iteration 1922/4500-----
J=1.2e-02, ⟨Jf⟩=1.2e-03, ⟨B·n⟩=8.2e-03, Len=sum([4.8, 4.6, 4.2])=13.5, ϰ=[4.9, 5.2, 4.6], ∫ϰ²/L>=[4.8, 6.1, 6.2], C-C-Sep=0.20, ║∇J║=5.6e-04
-----On 8/20 Initial Guess Perturbations
Iteration 1923/4500-----
J=1.2e-02, ⟨Jf⟩=1.2e-03, ⟨B·n⟩=8.2e-03, Len=sum([4.8, 4.6, 4.2])=13.5, ϰ=[4.9, 5.2, 4.5], ∫ϰ²/L>=[4.8, 6.1, 6.2], C-C-Sep=0.20, ║∇J║=5.0e-04
-----On 8/20 Initial Guess Perturbations
Iteration 1924/4500-----
J=1.2e-02, ⟨Jf⟩=1.2e-03, ⟨B·n⟩=8.2e-03, Len=sum([4.8, 4.6, 4.2])=13.5, ϰ=[4.9, 5.3, 4.6], ∫ϰ²/L>=[4.8, 6.1, 6.2], C-C-Sep=0.20, ║∇J║=5.8e-04
-----On 8/20 Initial Guess Perturbations
Iteration 1925/4500-----
J=1.2e-02, ⟨Jf⟩=1.2e-03, ⟨B·n⟩=8.2e-03, Len=sum([4.8, 4.6, 4.2])=13.5, ϰ=[4.9, 5.3, 4.6], ∫ϰ²/L>=[4.8, 6.1, 6.2], C-C-Sep=0.20, ║∇J║=7.4e-04
-----On 8/20 Initial Guess Perturbations
Iteration 1926/4500-----
J=1.2e-02, ⟨Jf⟩=1.2e-03, ⟨B·n⟩=8.2e-03, Len=sum([4.8, 4.6, 4.2])=13.5, ϰ=[4.9, 5.3, 4.6], ∫ϰ²/L>=[4.8, 6.1, 6.2], C-C-Sep=0.20, ║∇J║=6.1e-04
-----On 8/20 Initial Guess Perturbations
Iteration 1927/4500-----
J=1.2e-02, ⟨Jf⟩=1.2e-03, ⟨B·n⟩=8.2e-03, Len=sum([4.8, 4.6, 4.2])=13.5, ϰ=[4.9, 5.2, 4.6], ∫ϰ²/L>=[4.8, 6.1, 6.2], C-C-Sep=0.20, ║∇J║=4.1e-04
-----On 8/20 Initial Guess Perturbations
Iteration 1928/4500-----
J=1.2e-02, ⟨Jf⟩=1.2e-03, ⟨B·n⟩=8.2e-03, Len=sum([4.8, 4.6, 4.2])=13.5, ϰ=[4.9, 5.2, 4.6], ∫ϰ²/L>=[4.8, 6.1, 6.2], C-C-Sep=0.20, ║∇J║=4.0e-04
-----On 8/20 Initial Guess Perturbations
Iteration 1929/4500-----
J=1.2e-02, ⟨Jf⟩=1.2e-03, ⟨B·n⟩=8.2e-03, Len=sum([4.8, 4.6, 4.2])=13.5, ϰ=[4.9, 5.2, 4.6], ∫ϰ²/L>=[4.8, 6.1, 6.2], C-C-Sep=0.20, ║∇J║=5.8e-04
-----On 8/20 Initial Guess Perturbations
Iteration 1930/4500-----
J=1.2e-02, ⟨Jf⟩=1.2e-03, ⟨B·n⟩=8.2e-03, Len=sum([4.8, 4.6, 4.2])=13.5, ϰ=[4.9, 5.2, 4.6], ∫ϰ²/L>=[4.8, 6.1, 6.2], C-C-Sep=0.20, ║∇J║=5.1e-04
-----On 8/20 Initial Guess Perturbations
Iteration 1931/4500-----
J=1.2e-02, ⟨Jf⟩=1.2e-03, ⟨B·n⟩=8.2e-03, Len=sum([4.8, 4.6, 4.2])=13.5, ϰ=[4.9, 5.2, 4.6], ∫ϰ²/L>=[4.8, 6.1, 6.2], C-C-Sep=0.20, ║∇J║=5.5e-04
-----On 8/20 Initial Guess Perturbations
Iteration 1932/4500-----
J=1.2e-02, ⟨Jf⟩=1.2e-03, ⟨B·n⟩=8.2e-03, Len=sum([4.8, 4.6, 4.2])=13.5, ϰ=[4.9, 5.2, 4.6], ∫ϰ²/L>=[4.8, 6.1, 6.2], C-C-Sep=0.20, ║∇J║=5.2e-04
-----On 8/20 Initial Guess Perturbations
Iteration 1933/4500-----
J=1.2e-02, ⟨Jf⟩=1.2e-03, ⟨B·n⟩=8.2e-03, Len=sum([4.8, 4.6, 4.2])=13.5, ϰ=[4.9, 5.3, 4.6], ∫ϰ²/L>=[4.8, 6.1, 6.2], C-C-Sep=0.20, ║∇J║=5.9e-04
-----On 8/20 Initial Guess Perturbations
Iteration 1934/4500-----
J=1.2e-02, ⟨Jf⟩=1.2e-03, ⟨B·n⟩=8.2e-03, Len=sum([4.8, 4.6, 4.2])=13.5, ϰ=[4.9, 5.3, 4.6], ∫ϰ²/L>=[4.8, 6.1, 6.2], C-C-Sep=0.20, ║∇J║=6.7e-04
-----On 8/20 Initial Guess Perturbations
Iteration 1935/4500-----
J=1.2e-02, ⟨Jf⟩=1.2e-03, ⟨B·n⟩=8.2e-03, Len=sum([4.8, 4.6, 4.2])=13.5, ϰ=[4.9, 5.3, 4.6], ∫ϰ²/L>=[4.8, 6.1, 6.2], C-C-Sep=0.20, ║∇J║=7.5e-04
-----On 8/20 Initial Guess Perturbations
Iteration 1936/4500-----
J=1.2e-02, ⟨Jf⟩=1.2e-03, ⟨B·n⟩=8.2e-03, Len=sum([4.8, 4.6, 4.2])=13.5, ϰ=[4.9, 5.3, 4.6], ∫ϰ²/L>=[4.8, 6.1, 6.2], C-C-Sep=0.20, ║∇J║=7.8e-04
-----On 8/20 Initial Guess Perturbations
Iteration 1937/4500-----
J=1.2e-02, ⟨Jf⟩=1.2e-03, ⟨B·n⟩=8.2e-03, Len=sum([4.8, 4.6, 4.2])=13.5, ϰ=[4.9, 5.3, 4.6], ∫ϰ²/L>=[4.8, 6.1, 6.2], C-C-Sep=0.20, ║∇J║=6.7e-04
-----On 8/20 Initial Guess Perturbations
Iteration 1938/4500-----
J=1.2e-02, ⟨Jf⟩=1.2e-03, ⟨B·n⟩=8.2e-03, Len=sum([4.8, 4.6, 4.2])=13.5, ϰ=[4.9, 5.3, 4.6], ∫ϰ²/L>=[4.8, 6.1, 6.2], C-C-Sep=0.20, ║∇J║=5.6e-04
-----On 8/20 Initial Guess Perturbations
Iteration 1939/4500-----
J=1.2e-02, ⟨Jf⟩=1.2e-03, ⟨B·n⟩=8.2e-03, Len=sum([4.8, 4.6, 4.2])=13.5, ϰ=[4.9, 5.3, 4.6], ∫ϰ²/L>=[4.8, 6.1, 6.2], C-C-Sep=0.20, ║∇J║=5.4e-04
-----On 8/20 Initial Guess Perturbations
Iteration 1940/4500-----
J=1.2e-02, ⟨Jf⟩=1.2e-03, ⟨B·n⟩=8.2e-03, Len=sum([4.8, 4.6, 4.2])=13.5, ϰ=[4.9, 5.3, 4.6], ∫ϰ²/L>=[4.8, 6.1, 6.2], C-C-Sep=0.20, ║∇J║=5.3e-04
-----On 8/20 Initial Guess Perturbations
Iteration 1941/4500-----
J=1.2e-02, ⟨Jf⟩=1.2e-03, ⟨B·n⟩=8.2e-03, Len=sum([4.8, 4.6, 4.2])=13.5, ϰ=[4.9, 5.3, 4.6], ∫ϰ²/L>=[4.8, 6.1, 6.2], C-C-Sep=0.20, ║∇J║=5.3e-04
-----On 8/20 Initial Guess Perturbations
Iteration 1942/4500-----
J=1.2e-02, ⟨Jf⟩=1.2e-03, ⟨B·n⟩=8.2e-03, Len=sum([4.8, 4.6, 4.2])=13.5, ϰ=[4.9, 5.3, 4.6], ∫ϰ²/L>=[4.8, 6.1, 6.2], C-C-Sep=0.20, ║∇J║=6.8e-04
-----On 8/20 Initial Guess Perturbations
Iteration 1943/4500-----
J=1.2e-02, ⟨Jf⟩=1.2e-03, ⟨B·n⟩=8.2e-03, Len=sum([4.8, 4.6, 4.2])=13.5, ϰ=[4.9, 5.2, 4.6], ∫ϰ²/L>=[4.8, 6.1, 6.2], C-C-Sep=0.20, ║∇J║=7.5e-04
-----On 8/20 Initial Guess Perturbations
Iteration 1944/4500-----
J=1.2e-02, ⟨Jf⟩=1.2e-03, ⟨B·n⟩=8.2e-03, Len=sum([4.8, 4.6, 4.2])=13.5, ϰ=[4.9, 5.2, 4.6], ∫ϰ²/L>=[4.8, 6.1, 6.2], C-C-Sep=0.20, ║∇J║=6.3e-04
-----On 8/20 Initial Guess Perturbations
Iteration 1945/4500-----
J=1.2e-02, ⟨Jf⟩=1.2e-03, ⟨B·n⟩=8.2e-03, Len=sum([4.8, 4.6, 4.2])=13.5, ϰ=[4.9, 5.2, 4.6], ∫ϰ²/L>=[4.8, 6.1, 6.2], C-C-Sep=0.20, ║∇J║=6.4e-04
-----On 8/20 Initial Guess Perturbations
Iteration 1946/4500-----
J=1.2e-02, ⟨Jf⟩=1.2e-03, ⟨B·n⟩=8.2e-03, Len=sum([4.8, 4.6, 4.2])=13.5, ϰ=[4.9, 5.2, 4.6], ∫ϰ²/L>=[4.8, 6.2, 6.2], C-C-Sep=0.20, ║∇J║=7.8e-04
-----On 8/20 Initial Guess Perturbations
Iteration 1947/4500-----
J=1.2e-02, ⟨Jf⟩=1.2e-03, ⟨B·n⟩=8.2e-03, Len=sum([4.8, 4.6, 4.2])=13.5, ϰ=[4.9, 5.2, 4.6], ∫ϰ²/L>=[4.8, 6.2, 6.2], C-C-Sep=0.20, ║∇J║=7.4e-04
-----On 8/20 Initial Guess Perturbations
Iteration 1948/4500-----
J=1.2e-02, ⟨Jf⟩=1.2e-03, ⟨B·n⟩=8.2e-03, Len=sum([4.8, 4.6, 4.2])=13.5, ϰ=[4.9, 5.2, 4.6], ∫ϰ²/L>=[4.8, 6.1, 6.2], C-C-Sep=0.20, ║∇J║=5.4e-04
-----On 8/20 Initial Guess Perturbations
Iteration 1949/4500-----
J=1.2e-02, ⟨Jf⟩=1.2e-03, ⟨B·n⟩=8.2e-03, Len=sum([4.8, 4.6, 4.2])=13.5, ϰ=[5.0, 5.2, 4.6], ∫ϰ²/L>=[4.8, 6.2, 6.3], C-C-Sep=0.20, ║∇J║=4.7e-04
-----On 8/20 Initial Guess Perturbations
Iteration 1950/4500-----
J=1.2e-02, ⟨Jf⟩=1.2e-03, ⟨B·n⟩=8.2e-03, Len=sum([4.8, 4.6, 4.2])=13.5, ϰ=[5.0, 5.3, 4.6], ∫ϰ²/L>=[4.8, 6.2, 6.3], C-C-Sep=0.20, ║∇J║=6.6e-04
-----On 8/20 Initial Guess Perturbations
Iteration 1951/4500-----
J=1.2e-02, ⟨Jf⟩=1.2e-03, ⟨B·n⟩=8.2e-03, Len=sum([4.8, 4.6, 4.2])=13.5, ϰ=[5.0, 5.3, 4.6], ∫ϰ²/L>=[4.8, 6.2, 6.3], C-C-Sep=0.20, ║∇J║=6.6e-04
-----On 8/20 Initial Guess Perturbations
Iteration 1952/4500-----
J=1.2e-02, ⟨Jf⟩=1.2e-03, ⟨B·n⟩=8.2e-03, Len=sum([4.8, 4.6, 4.2])=13.5, ϰ=[5.0, 5.3, 4.6], ∫ϰ²/L>=[4.8, 6.1, 6.3], C-C-Sep=0.20, ║∇J║=6.3e-04
-----On 8/20 Initial Guess Perturbations
Iteration 1953/4500-----
J=1.2e-02, ⟨Jf⟩=1.2e-03, ⟨B·n⟩=8.2e-03, Len=sum([4.8, 4.6, 4.2])=13.5, ϰ=[5.0, 5.3, 4.6], ∫ϰ²/L>=[4.8, 6.2, 6.3], C-C-Sep=0.20, ║∇J║=7.4e-04
-----On 8/20 Initial Guess Perturbations
Iteration 1954/4500-----
J=1.2e-02, ⟨Jf⟩=1.2e-03, ⟨B·n⟩=8.2e-03, Len=sum([4.8, 4.6, 4.2])=13.5, ϰ=[4.9, 5.3, 4.6], ∫ϰ²/L>=[4.8, 6.1, 6.3], C-C-Sep=0.20, ║∇J║=7.5e-04
-----On 8/20 Initial Guess Perturbations
Iteration 1955/4500-----
J=1.2e-02, ⟨Jf⟩=1.2e-03, ⟨B·n⟩=8.2e-03, Len=sum([4.8, 4.6, 4.2])=13.5, ϰ=[4.9, 5.3, 4.6], ∫ϰ²/L>=[4.8, 6.1, 6.3], C-C-Sep=0.20, ║∇J║=6.7e-04
-----On 8/20 Initial Guess Perturbations
Iteration 1956/4500-----
J=1.2e-02, ⟨Jf⟩=1.2e-03, ⟨B·n⟩=8.2e-03, Len=sum([4.8, 4.6, 4.2])=13.5, ϰ=[4.9, 5.3, 4.5], ∫ϰ²/L>=[4.8, 6.1, 6.3], C-C-Sep=0.20, ║∇J║=7.4e-04
-----On 8/20 Initial Guess Perturbations
Iteration 1957/4500-----
J=1.2e-02, ⟨Jf⟩=1.2e-03, ⟨B·n⟩=8.2e-03, Len=sum([4.8, 4.6, 4.2])=13.5, ϰ=[4.9, 5.3, 4.6], ∫ϰ²/L>=[4.8, 6.1, 6.3], C-C-Sep=0.20, ║∇J║=7.5e-04
-----On 8/20 Initial Guess Perturbations
Iteration 1958/4500-----
J=1.2e-02, ⟨Jf⟩=1.2e-03, ⟨B·n⟩=8.2e-03, Len=sum([4.8, 4.6, 4.2])=13.5, ϰ=[4.9, 5.3, 4.6], ∫ϰ²/L>=[4.8, 6.1, 6.3], C-C-Sep=0.20, ║∇J║=6.3e-04
-----On 8/20 Initial Guess Perturbations
Iteration 1959/4500-----
J=1.2e-02, ⟨Jf⟩=1.2e-03, ⟨B·n⟩=8.2e-03, Len=sum([4.8, 4.6, 4.2])=13.5, ϰ=[4.9, 5.3, 4.6], ∫ϰ²/L>=[4.8, 6.2, 6.3], C-C-Sep=0.20, ║∇J║=8.0e-04
-----On 8/20 Initial Guess Perturbations
Iteration 1960/4500-----
J=1.2e-02, ⟨Jf⟩=1.2e-03, ⟨B·n⟩=8.2e-03, Len=sum([4.8, 4.6, 4.2])=13.5, ϰ=[4.9, 5.3, 4.6], ∫ϰ²/L>=[4.8, 6.1, 6.3], C-C-Sep=0.20, ║∇J║=1.0e-03
-----On 8/20 Initial Guess Perturbations
Iteration 1961/4500-----
J=1.2e-02, ⟨Jf⟩=1.2e-03, ⟨B·n⟩=8.2e-03, Len=sum([4.8, 4.6, 4.2])=13.5, ϰ=[4.9, 5.3, 4.6], ∫ϰ²/L>=[4.8, 6.2, 6.3], C-C-Sep=0.20, ║∇J║=7.4e-04
-----On 8/20 Initial Guess Perturbations
Iteration 1962/4500-----
J=1.2e-02, ⟨Jf⟩=1.2e-03, ⟨B·n⟩=8.2e-03, Len=sum([4.8, 4.6, 4.2])=13.5, ϰ=[4.9, 5.3, 4.6], ∫ϰ²/L>=[4.8, 6.2, 6.3], C-C-Sep=0.20, ║∇J║=5.6e-04
-----On 8/20 Initial Guess Perturbations
Iteration 1963/4500-----
J=1.2e-02, ⟨Jf⟩=1.2e-03, ⟨B·n⟩=8.2e-03, Len=sum([4.8, 4.6, 4.2])=13.5, ϰ=[4.9, 5.3, 4.6], ∫ϰ²/L>=[4.8, 6.2, 6.3], C-C-Sep=0.20, ║∇J║=4.9e-04
-----On 8/20 Initial Guess Perturbations
Iteration 1964/4500-----
J=1.2e-02, ⟨Jf⟩=1.2e-03, ⟨B·n⟩=8.2e-03, Len=sum([4.8, 4.6, 4.2])=13.5, ϰ=[4.9, 5.3, 4.6], ∫ϰ²/L>=[4.8, 6.1, 6.3], C-C-Sep=0.20, ║∇J║=6.3e-04
-----On 8/20 Initial Guess Perturbations
Iteration 1965/4500-----
J=1.2e-02, ⟨Jf⟩=1.2e-03, ⟨B·n⟩=8.2e-03, Len=sum([4.8, 4.6, 4.2])=13.5, ϰ=[4.9, 5.2, 4.6], ∫ϰ²/L>=[4.8, 6.1, 6.3], C-C-Sep=0.20, ║∇J║=7.3e-04
-----On 8/20 Initial Guess Perturbations
Iteration 1966/4500-----
J=1.2e-02, ⟨Jf⟩=1.2e-03, ⟨B·n⟩=8.2e-03, Len=sum([4.8, 4.6, 4.2])=13.5, ϰ=[4.9, 5.2, 4.6], ∫ϰ²/L>=[4.8, 6.1, 6.3], C-C-Sep=0.20, ║∇J║=7.3e-04
-----On 8/20 Initial Guess Perturbations
Iteration 1967/4500-----
J=1.2e-02, ⟨Jf⟩=1.2e-03, ⟨B·n⟩=8.2e-03, Len=sum([4.8, 4.6, 4.2])=13.5, ϰ=[4.9, 5.2, 4.6], ∫ϰ²/L>=[4.8, 6.1, 6.3], C-C-Sep=0.20, ║∇J║=7.0e-04
-----On 8/20 Initial Guess Perturbations
Iteration 1968/4500-----
J=1.2e-02, ⟨Jf⟩=1.2e-03, ⟨B·n⟩=8.2e-03, Len=sum([4.8, 4.6, 4.2])=13.5, ϰ=[4.9, 5.2, 4.6], ∫ϰ²/L>=[4.8, 6.1, 6.3], C-C-Sep=0.20, ║∇J║=7.6e-04
-----On 8/20 Initial Guess Perturbations
Iteration 1969/4500-----
J=1.2e-02, ⟨Jf⟩=1.2e-03, ⟨B·n⟩=8.3e-03, Len=sum([4.8, 4.6, 4.2])=13.5, ϰ=[4.9, 5.2, 4.6], ∫ϰ²/L>=[4.8, 6.1, 6.3], C-C-Sep=0.20, ║∇J║=1.1e-03
-----On 8/20 Initial Guess Perturbations
Iteration 1970/4500-----
J=1.2e-02, ⟨Jf⟩=1.2e-03, ⟨B·n⟩=8.2e-03, Len=sum([4.8, 4.6, 4.2])=13.5, ϰ=[4.9, 5.2, 4.6], ∫ϰ²/L>=[4.8, 6.1, 6.3], C-C-Sep=0.20, ║∇J║=6.8e-04
-----On 8/20 Initial Guess Perturbations
Iteration 1971/4500-----
J=1.2e-02, ⟨Jf⟩=1.2e-03, ⟨B·n⟩=8.2e-03, Len=sum([4.8, 4.6, 4.2])=13.5, ϰ=[4.9, 5.2, 4.6], ∫ϰ²/L>=[4.8, 6.1, 6.3], C-C-Sep=0.20, ║∇J║=5.8e-04
-----On 8/20 Initial Guess Perturbations
Iteration 1972/4500-----
J=1.2e-02, ⟨Jf⟩=1.2e-03, ⟨B·n⟩=8.2e-03, Len=sum([4.8, 4.6, 4.2])=13.5, ϰ=[4.9, 5.2, 4.6], ∫ϰ²/L>=[4.8, 6.1, 6.3], C-C-Sep=0.20, ║∇J║=7.1e-04
-----On 8/20 Initial Guess Perturbations
Iteration 1973/4500-----
J=1.2e-02, ⟨Jf⟩=1.2e-03, ⟨B·n⟩=8.2e-03, Len=sum([4.8, 4.6, 4.2])=13.5, ϰ=[4.9, 5.2, 4.6], ∫ϰ²/L>=[4.8, 6.1, 6.3], C-C-Sep=0.20, ║∇J║=6.1e-04
-----On 8/20 Initial Guess Perturbations
Iteration 1974/4500-----
J=1.2e-02, ⟨Jf⟩=1.2e-03, ⟨B·n⟩=8.3e-03, Len=sum([4.8, 4.6, 4.2])=13.5, ϰ=[4.9, 5.2, 4.6], ∫ϰ²/L>=[4.8, 6.1, 6.3], C-C-Sep=0.20, ║∇J║=6.4e-04
-----On 8/20 Initial Guess Perturbations
Iteration 1975/4500-----
J=1.2e-02, ⟨Jf⟩=1.2e-03, ⟨B·n⟩=8.3e-03, Len=sum([4.8, 4.6, 4.2])=13.5, ϰ=[4.9, 5.2, 4.6], ∫ϰ²/L>=[4.8, 6.1, 6.3], C-C-Sep=0.20, ║∇J║=5.7e-04
-----On 8/20 Initial Guess Perturbations
Iteration 1976/4500-----
J=1.2e-02, ⟨Jf⟩=1.2e-03, ⟨B·n⟩=8.3e-03, Len=sum([4.8, 4.6, 4.2])=13.5, ϰ=[4.9, 5.2, 4.6], ∫ϰ²/L>=[4.8, 6.1, 6.3], C-C-Sep=0.20, ║∇J║=6.5e-04
-----On 8/20 Initial Guess Perturbations
Iteration 1977/4500-----
J=1.2e-02, ⟨Jf⟩=1.2e-03, ⟨B·n⟩=8.2e-03, Len=sum([4.8, 4.6, 4.2])=13.5, ϰ=[4.9, 5.2, 4.6], ∫ϰ²/L>=[4.8, 6.1, 6.3], C-C-Sep=0.20, ║∇J║=6.0e-04
-----On 8/20 Initial Guess Perturbations
Iteration 1978/4500-----
J=1.2e-02, ⟨Jf⟩=1.2e-03, ⟨B·n⟩=8.3e-03, Len=sum([4.8, 4.6, 4.2])=13.5, ϰ=[4.9, 5.2, 4.6], ∫ϰ²/L>=[4.8, 6.1, 6.3], C-C-Sep=0.20, ║∇J║=6.3e-04
-----On 8/20 Initial Guess Perturbations
Iteration 1979/4500-----
J=1.2e-02, ⟨Jf⟩=1.2e-03, ⟨B·n⟩=8.3e-03, Len=sum([4.8, 4.6, 4.2])=13.5, ϰ=[4.9, 5.2, 4.6], ∫ϰ²/L>=[4.8, 6.1, 6.3], C-C-Sep=0.20, ║∇J║=6.0e-04
-----On 8/20 Initial Guess Perturbations
Iteration 1980/4500-----
J=1.2e-02, ⟨Jf⟩=1.2e-03, ⟨B·n⟩=8.3e-03, Len=sum([4.8, 4.6, 4.2])=13.5, ϰ=[4.9, 5.2, 4.6], ∫ϰ²/L>=[4.8, 6.1, 6.3], C-C-Sep=0.20, ║∇J║=5.2e-04
-----On 8/20 Initial Guess Perturbations
Iteration 1981/4500-----
J=1.2e-02, ⟨Jf⟩=1.2e-03, ⟨B·n⟩=8.3e-03, Len=sum([4.8, 4.6, 4.2])=13.5, ϰ=[4.9, 5.2, 4.6], ∫ϰ²/L>=[4.8, 6.1, 6.3], C-C-Sep=0.20, ║∇J║=5.2e-04
-----On 8/20 Initial Guess Perturbations
Iteration 1982/4500-----
J=1.2e-02, ⟨Jf⟩=1.2e-03, ⟨B·n⟩=8.3e-03, Len=sum([4.8, 4.6, 4.2])=13.5, ϰ=[4.9, 5.2, 4.6], ∫ϰ²/L>=[4.8, 6.1, 6.3], C-C-Sep=0.20, ║∇J║=4.8e-04
-----On 8/20 Initial Guess Perturbations
Iteration 1983/4500-----
J=1.2e-02, ⟨Jf⟩=1.2e-03, ⟨B·n⟩=8.3e-03, Len=sum([4.8, 4.6, 4.2])=13.5, ϰ=[4.9, 5.3, 4.6], ∫ϰ²/L>=[4.8, 6.1, 6.3], C-C-Sep=0.20, ║∇J║=4.9e-04
-----On 8/20 Initial Guess Perturbations
Iteration 1984/4500-----
J=1.2e-02, ⟨Jf⟩=1.2e-03, ⟨B·n⟩=8.3e-03, Len=sum([4.8, 4.6, 4.2])=13.5, ϰ=[4.9, 5.3, 4.6], ∫ϰ²/L>=[4.8, 6.1, 6.3], C-C-Sep=0.20, ║∇J║=6.6e-04
-----On 8/20 Initial Guess Perturbations
Iteration 1985/4500-----
J=1.2e-02, ⟨Jf⟩=1.2e-03, ⟨B·n⟩=8.3e-03, Len=sum([4.8, 4.6, 4.2])=13.5, ϰ=[4.9, 5.3, 4.6], ∫ϰ²/L>=[4.8, 6.1, 6.3], C-C-Sep=0.20, ║∇J║=5.8e-04
-----On 8/20 Initial Guess Perturbations
Iteration 1986/4500-----
J=1.2e-02, ⟨Jf⟩=1.2e-03, ⟨B·n⟩=8.3e-03, Len=sum([4.8, 4.6, 4.2])=13.5, ϰ=[4.9, 5.3, 4.6], ∫ϰ²/L>=[4.8, 6.1, 6.3], C-C-Sep=0.20, ║∇J║=7.0e-04
-----On 8/20 Initial Guess Perturbations
Iteration 1987/4500-----
J=1.2e-02, ⟨Jf⟩=1.2e-03, ⟨B·n⟩=8.3e-03, Len=sum([4.8, 4.6, 4.2])=13.5, ϰ=[4.9, 5.3, 4.6], ∫ϰ²/L>=[4.8, 6.1, 6.3], C-C-Sep=0.20, ║∇J║=5.9e-04
-----On 8/20 Initial Guess Perturbations
Iteration 1988/4500-----
J=1.2e-02, ⟨Jf⟩=1.2e-03, ⟨B·n⟩=8.3e-03, Len=sum([4.8, 4.6, 4.2])=13.5, ϰ=[4.9, 5.3, 4.6], ∫ϰ²/L>=[4.8, 6.2, 6.3], C-C-Sep=0.20, ║∇J║=5.0e-04
-----On 8/20 Initial Guess Perturbations
Iteration 1989/4500-----
J=1.2e-02, ⟨Jf⟩=1.2e-03, ⟨B·n⟩=8.3e-03, Len=sum([4.8, 4.6, 4.2])=13.5, ϰ=[4.9, 5.3, 4.6], ∫ϰ²/L>=[4.8, 6.2, 6.3], C-C-Sep=0.20, ║∇J║=6.4e-04
-----On 8/20 Initial Guess Perturbations
Iteration 1990/4500-----
J=1.2e-02, ⟨Jf⟩=1.2e-03, ⟨B·n⟩=8.3e-03, Len=sum([4.8, 4.6, 4.2])=13.5, ϰ=[4.9, 5.3, 4.6], ∫ϰ²/L>=[4.8, 6.2, 6.3], C-C-Sep=0.20, ║∇J║=7.1e-04
-----On 8/20 Initial Guess Perturbations
Iteration 1991/4500-----
J=1.2e-02, ⟨Jf⟩=1.2e-03, ⟨B·n⟩=8.3e-03, Len=sum([4.8, 4.6, 4.2])=13.5, ϰ=[4.9, 5.3, 4.6], ∫ϰ²/L>=[4.8, 6.2, 6.3], C-C-Sep=0.20, ║∇J║=6.7e-04
-----On 8/20 Initial Guess Perturbations
Iteration 1992/4500-----
J=1.2e-02, ⟨Jf⟩=1.2e-03, ⟨B·n⟩=8.3e-03, Len=sum([4.8, 4.6, 4.2])=13.5, ϰ=[4.9, 5.3, 4.6], ∫ϰ²/L>=[4.8, 6.2, 6.3], C-C-Sep=0.20, ║∇J║=5.1e-04
-----On 8/20 Initial Guess Perturbations
Iteration 1993/4500-----
J=1.2e-02, ⟨Jf⟩=1.2e-03, ⟨B·n⟩=8.3e-03, Len=sum([4.8, 4.6, 4.2])=13.5, ϰ=[4.9, 5.3, 4.6], ∫ϰ²/L>=[4.8, 6.2, 6.3], C-C-Sep=0.20, ║∇J║=4.8e-04
-----On 8/20 Initial Guess Perturbations
Iteration 1994/4500-----
J=1.2e-02, ⟨Jf⟩=1.2e-03, ⟨B·n⟩=8.3e-03, Len=sum([4.8, 4.6, 4.2])=13.5, ϰ=[4.9, 5.3, 4.6], ∫ϰ²/L>=[4.8, 6.2, 6.3], C-C-Sep=0.20, ║∇J║=4.4e-04
-----On 8/20 Initial Guess Perturbations
Iteration 1995/4500-----
J=1.2e-02, ⟨Jf⟩=1.2e-03, ⟨B·n⟩=8.3e-03, Len=sum([4.8, 4.6, 4.2])=13.5, ϰ=[4.9, 5.3, 4.6], ∫ϰ²/L>=[4.8, 6.2, 6.3], C-C-Sep=0.20, ║∇J║=5.0e-04
-----On 8/20 Initial Guess Perturbations
Iteration 1996/4500-----
J=1.2e-02, ⟨Jf⟩=1.2e-03, ⟨B·n⟩=8.3e-03, Len=sum([4.8, 4.6, 4.2])=13.5, ϰ=[4.9, 5.3, 4.6], ∫ϰ²/L>=[4.8, 6.2, 6.3], C-C-Sep=0.20, ║∇J║=4.9e-04
-----On 8/20 Initial Guess Perturbations
Iteration 1997/4500-----
J=1.2e-02, ⟨Jf⟩=1.2e-03, ⟨B·n⟩=8.3e-03, Len=sum([4.8, 4.6, 4.2])=13.5, ϰ=[4.9, 5.3, 4.6], ∫ϰ²/L>=[4.8, 6.2, 6.3], C-C-Sep=0.20, ║∇J║=6.0e-04
-----On 8/20 Initial Guess Perturbations
Iteration 1998/4500-----
J=1.2e-02, ⟨Jf⟩=1.2e-03, ⟨B·n⟩=8.3e-03, Len=sum([4.8, 4.6, 4.2])=13.5, ϰ=[4.9, 5.3, 4.6], ∫ϰ²/L>=[4.8, 6.2, 6.3], C-C-Sep=0.20, ║∇J║=6.3e-04
-----On 8/20 Initial Guess Perturbations
Iteration 1999/4500-----
J=1.2e-02, ⟨Jf⟩=1.2e-03, ⟨B·n⟩=8.3e-03, Len=sum([4.8, 4.6, 4.2])=13.5, ϰ=[4.9, 5.3, 4.6], ∫ϰ²/L>=[4.8, 6.2, 6.3], C-C-Sep=0.20, ║∇J║=5.4e-04
-----On 8/20 Initial Guess Perturbations
Iteration 2000/4500-----
J=1.2e-02, ⟨Jf⟩=1.2e-03, ⟨B·n⟩=8.3e-03, Len=sum([4.8, 4.6, 4.2])=13.5, ϰ=[4.9, 5.3, 4.6], ∫ϰ²/L>=[4.8, 6.2, 6.3], C-C-Sep=0.20, ║∇J║=5.7e-04
-----On 8/20 Initial Guess Perturbations
Iteration 2001/4500-----
J=1.2e-02, ⟨Jf⟩=1.2e-03, ⟨B·n⟩=8.3e-03, Len=sum([4.8, 4.6, 4.2])=13.5, ϰ=[4.9, 5.3, 4.6], ∫ϰ²/L>=[4.8, 6.2, 6.3], C-C-Sep=0.20, ║∇J║=6.2e-04
-----On 8/20 Initial Guess Perturbations
Iteration 2002/4500-----
J=1.2e-02, ⟨Jf⟩=1.2e-03, ⟨B·n⟩=8.3e-03, Len=sum([4.8, 4.6, 4.2])=13.5, ϰ=[4.9, 5.3, 4.6], ∫ϰ²/L>=[4.8, 6.2, 6.3], C-C-Sep=0.20, ║∇J║=7.0e-04
-----On 8/20 Initial Guess Perturbations
Iteration 2003/4500-----
J=1.2e-02, ⟨Jf⟩=1.2e-03, ⟨B·n⟩=8.3e-03, Len=sum([4.8, 4.6, 4.2])=13.5, ϰ=[4.9, 5.3, 4.6], ∫ϰ²/L>=[4.8, 6.2, 6.3], C-C-Sep=0.20, ║∇J║=6.8e-04
-----On 8/20 Initial Guess Perturbations
Iteration 2004/4500-----
J=1.2e-02, ⟨Jf⟩=1.2e-03, ⟨B·n⟩=8.3e-03, Len=sum([4.8, 4.6, 4.2])=13.5, ϰ=[4.9, 5.3, 4.6], ∫ϰ²/L>=[4.8, 6.2, 6.3], C-C-Sep=0.20, ║∇J║=6.0e-04
-----On 8/20 Initial Guess Perturbations
Iteration 2005/4500-----
J=1.2e-02, ⟨Jf⟩=1.2e-03, ⟨B·n⟩=8.3e-03, Len=sum([4.8, 4.6, 4.2])=13.5, ϰ=[4.9, 5.3, 4.6], ∫ϰ²/L>=[4.8, 6.2, 6.3], C-C-Sep=0.20, ║∇J║=6.6e-04
-----On 8/20 Initial Guess Perturbations
Iteration 2006/4500-----
J=1.2e-02, ⟨Jf⟩=1.2e-03, ⟨B·n⟩=8.3e-03, Len=sum([4.8, 4.6, 4.2])=13.5, ϰ=[4.9, 5.3, 4.6], ∫ϰ²/L>=[4.8, 6.2, 6.3], C-C-Sep=0.20, ║∇J║=6.3e-04
-----On 8/20 Initial Guess Perturbations
Iteration 2007/4500-----
J=1.2e-02, ⟨Jf⟩=1.2e-03, ⟨B·n⟩=8.3e-03, Len=sum([4.8, 4.6, 4.2])=13.5, ϰ=[4.9, 5.3, 4.6], ∫ϰ²/L>=[4.8, 6.2, 6.3], C-C-Sep=0.20, ║∇J║=6.5e-04
-----On 8/20 Initial Guess Perturbations
Iteration 2008/4500-----
J=1.2e-02, ⟨Jf⟩=1.2e-03, ⟨B·n⟩=8.3e-03, Len=sum([4.8, 4.6, 4.2])=13.5, ϰ=[4.9, 5.3, 4.6], ∫ϰ²/L>=[4.8, 6.2, 6.2], C-C-Sep=0.20, ║∇J║=5.8e-04
-----On 8/20 Initial Guess Perturbations
Iteration 2009/4500-----
J=1.2e-02, ⟨Jf⟩=1.2e-03, ⟨B·n⟩=8.3e-03, Len=sum([4.8, 4.6, 4.2])=13.5, ϰ=[4.9, 5.3, 4.6], ∫ϰ²/L>=[4.8, 6.2, 6.2], C-C-Sep=0.20, ║∇J║=5.1e-04
-----On 8/20 Initial Guess Perturbations
Iteration 2010/4500-----
J=1.2e-02, ⟨Jf⟩=1.2e-03, ⟨B·n⟩=8.3e-03, Len=sum([4.8, 4.6, 4.2])=13.5, ϰ=[4.9, 5.3, 4.6], ∫ϰ²/L>=[4.8, 6.1, 6.2], C-C-Sep=0.20, ║∇J║=6.7e-04
-----On 8/20 Initial Guess Perturbations
Iteration 2011/4500-----
J=1.2e-02, ⟨Jf⟩=1.2e-03, ⟨B·n⟩=8.3e-03, Len=sum([4.8, 4.6, 4.2])=13.5, ϰ=[4.9, 5.3, 4.6], ∫ϰ²/L>=[4.8, 6.1, 6.2], C-C-Sep=0.20, ║∇J║=6.9e-04
-----On 8/20 Initial Guess Perturbations
Iteration 2012/4500-----
J=1.2e-02, ⟨Jf⟩=1.2e-03, ⟨B·n⟩=8.3e-03, Len=sum([4.8, 4.6, 4.2])=13.5, ϰ=[4.9, 5.3, 4.6], ∫ϰ²/L>=[4.8, 6.1, 6.2], C-C-Sep=0.20, ║∇J║=7.7e-04
-----On 8/20 Initial Guess Perturbations
Iteration 2013/4500-----
J=1.2e-02, ⟨Jf⟩=1.2e-03, ⟨B·n⟩=8.3e-03, Len=sum([4.8, 4.6, 4.2])=13.5, ϰ=[4.9, 5.3, 4.6], ∫ϰ²/L>=[4.8, 6.1, 6.2], C-C-Sep=0.20, ║∇J║=7.6e-04
-----On 8/20 Initial Guess Perturbations
Iteration 2014/4500-----
J=1.2e-02, ⟨Jf⟩=1.2e-03, ⟨B·n⟩=8.3e-03, Len=sum([4.8, 4.6, 4.2])=13.5, ϰ=[4.9, 5.2, 4.6], ∫ϰ²/L>=[4.8, 6.1, 6.2], C-C-Sep=0.20, ║∇J║=5.9e-04
-----On 8/20 Initial Guess Perturbations
Iteration 2015/4500-----
J=1.2e-02, ⟨Jf⟩=1.2e-03, ⟨B·n⟩=8.3e-03, Len=sum([4.8, 4.6, 4.2])=13.5, ϰ=[4.9, 5.2, 4.6], ∫ϰ²/L>=[4.8, 6.1, 6.2], C-C-Sep=0.20, ║∇J║=5.6e-04
-----On 8/20 Initial Guess Perturbations
Iteration 2016/4500-----
J=1.2e-02, ⟨Jf⟩=1.2e-03, ⟨B·n⟩=8.3e-03, Len=sum([4.8, 4.6, 4.2])=13.5, ϰ=[4.9, 5.2, 4.6], ∫ϰ²/L>=[4.8, 6.1, 6.2], C-C-Sep=0.20, ║∇J║=6.4e-04
-----On 8/20 Initial Guess Perturbations
Iteration 2017/4500-----
J=1.2e-02, ⟨Jf⟩=1.2e-03, ⟨B·n⟩=8.3e-03, Len=sum([4.8, 4.6, 4.2])=13.5, ϰ=[4.9, 5.2, 4.6], ∫ϰ²/L>=[4.8, 6.1, 6.2], C-C-Sep=0.20, ║∇J║=5.8e-04
-----On 8/20 Initial Guess Perturbations
Iteration 2018/4500-----
J=1.2e-02, ⟨Jf⟩=1.2e-03, ⟨B·n⟩=8.3e-03, Len=sum([4.8, 4.6, 4.2])=13.5, ϰ=[4.9, 5.2, 4.5], ∫ϰ²/L>=[4.8, 6.1, 6.2], C-C-Sep=0.20, ║∇J║=6.6e-04
-----On 8/20 Initial Guess Perturbations
Iteration 2019/4500-----
J=1.2e-02, ⟨Jf⟩=1.2e-03, ⟨B·n⟩=8.3e-03, Len=sum([4.8, 4.6, 4.2])=13.5, ϰ=[4.9, 5.2, 4.6], ∫ϰ²/L>=[4.8, 6.1, 6.2], C-C-Sep=0.20, ║∇J║=5.6e-04
-----On 8/20 Initial Guess Perturbations
Iteration 2020/4500-----
J=1.2e-02, ⟨Jf⟩=1.2e-03, ⟨B·n⟩=8.3e-03, Len=sum([4.8, 4.6, 4.2])=13.5, ϰ=[4.9, 5.2, 4.6], ∫ϰ²/L>=[4.8, 6.1, 6.2], C-C-Sep=0.20, ║∇J║=5.2e-04
-----On 8/20 Initial Guess Perturbations
Iteration 2021/4500-----
J=1.2e-02, ⟨Jf⟩=1.2e-03, ⟨B·n⟩=8.3e-03, Len=sum([4.8, 4.6, 4.2])=13.5, ϰ=[4.9, 5.2, 4.6], ∫ϰ²/L>=[4.8, 6.1, 6.2], C-C-Sep=0.20, ║∇J║=5.2e-04
-----On 8/20 Initial Guess Perturbations
Iteration 2022/4500-----
J=1.2e-02, ⟨Jf⟩=1.2e-03, ⟨B·n⟩=8.3e-03, Len=sum([4.8, 4.6, 4.2])=13.5, ϰ=[4.9, 5.2, 4.6], ∫ϰ²/L>=[4.8, 6.1, 6.2], C-C-Sep=0.20, ║∇J║=5.6e-04
-----On 8/20 Initial Guess Perturbations
Iteration 2023/4500-----
J=1.2e-02, ⟨Jf⟩=1.2e-03, ⟨B·n⟩=8.3e-03, Len=sum([4.8, 4.6, 4.2])=13.5, ϰ=[4.9, 5.2, 4.6], ∫ϰ²/L>=[4.8, 6.1, 6.2], C-C-Sep=0.20, ║∇J║=8.4e-04
-----On 8/20 Initial Guess Perturbations
Iteration 2024/4500-----
J=1.2e-02, ⟨Jf⟩=1.2e-03, ⟨B·n⟩=8.3e-03, Len=sum([4.8, 4.6, 4.2])=13.5, ϰ=[4.9, 5.2, 4.6], ∫ϰ²/L>=[4.8, 6.1, 6.2], C-C-Sep=0.20, ║∇J║=6.7e-04
-----On 8/20 Initial Guess Perturbations
Iteration 2025/4500-----
J=1.2e-02, ⟨Jf⟩=1.2e-03, ⟨B·n⟩=8.3e-03, Len=sum([4.8, 4.6, 4.2])=13.5, ϰ=[4.9, 5.2, 4.6], ∫ϰ²/L>=[4.8, 6.1, 6.2], C-C-Sep=0.20, ║∇J║=6.2e-04
-----On 8/20 Initial Guess Perturbations
Iteration 2026/4500-----
J=1.2e-02, ⟨Jf⟩=1.2e-03, ⟨B·n⟩=8.3e-03, Len=sum([4.8, 4.6, 4.2])=13.5, ϰ=[4.9, 5.2, 4.6], ∫ϰ²/L>=[4.8, 6.1, 6.2], C-C-Sep=0.20, ║∇J║=4.9e-04
-----On 8/20 Initial Guess Perturbations
Iteration 2027/4500-----
J=1.2e-02, ⟨Jf⟩=1.2e-03, ⟨B·n⟩=8.3e-03, Len=sum([4.8, 4.6, 4.2])=13.5, ϰ=[4.9, 5.2, 4.6], ∫ϰ²/L>=[4.8, 6.1, 6.2], C-C-Sep=0.20, ║∇J║=6.0e-04
-----On 8/20 Initial Guess Perturbations
Iteration 2028/4500-----
J=1.2e-02, ⟨Jf⟩=1.2e-03, ⟨B·n⟩=8.3e-03, Len=sum([4.8, 4.6, 4.2])=13.5, ϰ=[4.9, 5.2, 4.6], ∫ϰ²/L>=[4.8, 6.1, 6.2], C-C-Sep=0.20, ║∇J║=6.1e-04
-----On 8/20 Initial Guess Perturbations
Iteration 2029/4500-----
J=1.2e-02, ⟨Jf⟩=1.2e-03, ⟨B·n⟩=8.3e-03, Len=sum([4.8, 4.6, 4.2])=13.5, ϰ=[4.9, 5.2, 4.6], ∫ϰ²/L>=[4.8, 6.1, 6.2], C-C-Sep=0.20, ║∇J║=5.9e-04
-----On 8/20 Initial Guess Perturbations
Iteration 2030/4500-----
J=1.2e-02, ⟨Jf⟩=1.2e-03, ⟨B·n⟩=8.3e-03, Len=sum([4.8, 4.6, 4.2])=13.5, ϰ=[4.9, 5.2, 4.6], ∫ϰ²/L>=[4.8, 6.1, 6.2], C-C-Sep=0.20, ║∇J║=6.2e-04
-----On 8/20 Initial Guess Perturbations
Iteration 2031/4500-----
J=1.2e-02, ⟨Jf⟩=1.2e-03, ⟨B·n⟩=8.3e-03, Len=sum([4.8, 4.6, 4.2])=13.5, ϰ=[4.9, 5.2, 4.6], ∫ϰ²/L>=[4.8, 6.1, 6.2], C-C-Sep=0.20, ║∇J║=5.6e-04
-----On 8/20 Initial Guess Perturbations
Iteration 2032/4500-----
J=1.2e-02, ⟨Jf⟩=1.2e-03, ⟨B·n⟩=8.3e-03, Len=sum([4.8, 4.6, 4.2])=13.5, ϰ=[4.9, 5.2, 4.6], ∫ϰ²/L>=[4.8, 6.1, 6.2], C-C-Sep=0.20, ║∇J║=5.1e-04
-----On 8/20 Initial Guess Perturbations
Iteration 2033/4500-----
J=1.2e-02, ⟨Jf⟩=1.2e-03, ⟨B·n⟩=8.3e-03, Len=sum([4.8, 4.6, 4.2])=13.5, ϰ=[4.9, 5.2, 4.6], ∫ϰ²/L>=[4.8, 6.1, 6.2], C-C-Sep=0.20, ║∇J║=6.3e-04
-----On 8/20 Initial Guess Perturbations
Iteration 2034/4500-----
J=1.2e-02, ⟨Jf⟩=1.2e-03, ⟨B·n⟩=8.3e-03, Len=sum([4.8, 4.6, 4.2])=13.5, ϰ=[4.9, 5.2, 4.6], ∫ϰ²/L>=[4.8, 6.1, 6.2], C-C-Sep=0.20, ║∇J║=6.6e-04
-----On 8/20 Initial Guess Perturbations
Iteration 2035/4500-----
J=1.2e-02, ⟨Jf⟩=1.2e-03, ⟨B·n⟩=8.3e-03, Len=sum([4.8, 4.6, 4.2])=13.5, ϰ=[4.9, 5.2, 4.6], ∫ϰ²/L>=[4.8, 6.1, 6.2], C-C-Sep=0.20, ║∇J║=5.7e-04
-----On 8/20 Initial Guess Perturbations
Iteration 2036/4500-----
J=1.2e-02, ⟨Jf⟩=1.2e-03, ⟨B·n⟩=8.3e-03, Len=sum([4.8, 4.6, 4.2])=13.5, ϰ=[4.9, 5.2, 4.6], ∫ϰ²/L>=[4.8, 6.1, 6.2], C-C-Sep=0.20, ║∇J║=5.4e-04
-----On 8/20 Initial Guess Perturbations
Iteration 2037/4500-----
J=1.2e-02, ⟨Jf⟩=1.2e-03, ⟨B·n⟩=8.3e-03, Len=sum([4.8, 4.6, 4.2])=13.5, ϰ=[4.9, 5.2, 4.6], ∫ϰ²/L>=[4.8, 6.1, 6.2], C-C-Sep=0.20, ║∇J║=6.0e-04
-----On 8/20 Initial Guess Perturbations
Iteration 2038/4500-----
J=1.2e-02, ⟨Jf⟩=1.2e-03, ⟨B·n⟩=8.3e-03, Len=sum([4.8, 4.6, 4.2])=13.5, ϰ=[4.9, 5.2, 4.6], ∫ϰ²/L>=[4.8, 6.1, 6.2], C-C-Sep=0.20, ║∇J║=9.2e-04
-----On 8/20 Initial Guess Perturbations
Iteration 2039/4500-----
J=1.2e-02, ⟨Jf⟩=1.2e-03, ⟨B·n⟩=8.3e-03, Len=sum([4.8, 4.6, 4.2])=13.5, ϰ=[4.9, 5.2, 4.6], ∫ϰ²/L>=[4.8, 6.1, 6.2], C-C-Sep=0.20, ║∇J║=6.8e-04
-----On 8/20 Initial Guess Perturbations
Iteration 2040/4500-----
J=1.2e-02, ⟨Jf⟩=1.2e-03, ⟨B·n⟩=8.3e-03, Len=sum([4.8, 4.6, 4.2])=13.5, ϰ=[4.9, 5.2, 4.6], ∫ϰ²/L>=[4.8, 6.1, 6.2], C-C-Sep=0.20, ║∇J║=5.7e-04
-----On 8/20 Initial Guess Perturbations
Iteration 2041/4500-----
J=1.2e-02, ⟨Jf⟩=1.2e-03, ⟨B·n⟩=8.3e-03, Len=sum([4.8, 4.6, 4.2])=13.5, ϰ=[4.9, 5.2, 4.6], ∫ϰ²/L>=[4.8, 6.1, 6.2], C-C-Sep=0.20, ║∇J║=4.8e-04
-----On 8/20 Initial Guess Perturbations
Iteration 2042/4500-----
J=1.2e-02, ⟨Jf⟩=1.2e-03, ⟨B·n⟩=8.3e-03, Len=sum([4.8, 4.6, 4.2])=13.5, ϰ=[4.9, 5.2, 4.6], ∫ϰ²/L>=[4.8, 6.1, 6.2], C-C-Sep=0.20, ║∇J║=6.2e-04
-----On 8/20 Initial Guess Perturbations
Iteration 2043/4500-----
J=1.2e-02, ⟨Jf⟩=1.2e-03, ⟨B·n⟩=8.3e-03, Len=sum([4.8, 4.6, 4.2])=13.5, ϰ=[4.9, 5.2, 4.6], ∫ϰ²/L>=[4.8, 6.1, 6.2], C-C-Sep=0.20, ║∇J║=6.1e-04
-----On 8/20 Initial Guess Perturbations
Iteration 2044/4500-----
J=1.2e-02, ⟨Jf⟩=1.2e-03, ⟨B·n⟩=8.3e-03, Len=sum([4.8, 4.6, 4.2])=13.5, ϰ=[4.9, 5.2, 4.6], ∫ϰ²/L>=[4.8, 6.1, 6.2], C-C-Sep=0.20, ║∇J║=6.4e-04
-----On 8/20 Initial Guess Perturbations
Iteration 2045/4500-----
J=1.2e-02, ⟨Jf⟩=1.2e-03, ⟨B·n⟩=8.3e-03, Len=sum([4.8, 4.6, 4.2])=13.5, ϰ=[4.9, 5.2, 4.6], ∫ϰ²/L>=[4.8, 6.1, 6.2], C-C-Sep=0.20, ║∇J║=5.3e-04
-----On 8/20 Initial Guess Perturbations
Iteration 2046/4500-----
J=1.2e-02, ⟨Jf⟩=1.2e-03, ⟨B·n⟩=8.3e-03, Len=sum([4.8, 4.6, 4.2])=13.5, ϰ=[4.9, 5.2, 4.6], ∫ϰ²/L>=[4.8, 6.1, 6.2], C-C-Sep=0.20, ║∇J║=5.5e-04
-----On 8/20 Initial Guess Perturbations
Iteration 2047/4500-----
J=1.2e-02, ⟨Jf⟩=1.2e-03, ⟨B·n⟩=8.3e-03, Len=sum([4.8, 4.6, 4.2])=13.5, ϰ=[4.9, 5.2, 4.6], ∫ϰ²/L>=[4.8, 6.1, 6.2], C-C-Sep=0.20, ║∇J║=6.9e-04
-----On 8/20 Initial Guess Perturbations
Iteration 2048/4500-----
J=1.2e-02, ⟨Jf⟩=1.2e-03, ⟨B·n⟩=8.3e-03, Len=sum([4.8, 4.6, 4.2])=13.5, ϰ=[4.9, 5.2, 4.6], ∫ϰ²/L>=[4.8, 6.1, 6.2], C-C-Sep=0.20, ║∇J║=9.3e-04
-----On 8/20 Initial Guess Perturbations
Iteration 2049/4500-----
J=1.2e-02, ⟨Jf⟩=1.2e-03, ⟨B·n⟩=8.3e-03, Len=sum([4.8, 4.6, 4.2])=13.5, ϰ=[4.9, 5.2, 4.6], ∫ϰ²/L>=[4.8, 6.1, 6.2], C-C-Sep=0.20, ║∇J║=5.2e-04
-----On 8/20 Initial Guess Perturbations
Iteration 2050/4500-----
J=1.2e-02, ⟨Jf⟩=1.2e-03, ⟨B·n⟩=8.3e-03, Len=sum([4.8, 4.6, 4.2])=13.5, ϰ=[4.9, 5.2, 4.6], ∫ϰ²/L>=[4.8, 6.1, 6.2], C-C-Sep=0.20, ║∇J║=5.1e-04
-----On 8/20 Initial Guess Perturbations
Iteration 2051/4500-----
J=1.2e-02, ⟨Jf⟩=1.2e-03, ⟨B·n⟩=8.3e-03, Len=sum([4.8, 4.6, 4.2])=13.5, ϰ=[4.9, 5.3, 4.6], ∫ϰ²/L>=[4.8, 6.1, 6.2], C-C-Sep=0.20, ║∇J║=5.8e-04
-----On 8/20 Initial Guess Perturbations
Iteration 2052/4500-----
J=1.2e-02, ⟨Jf⟩=1.2e-03, ⟨B·n⟩=8.3e-03, Len=sum([4.8, 4.6, 4.2])=13.5, ϰ=[4.9, 5.3, 4.6], ∫ϰ²/L>=[4.8, 6.1, 6.2], C-C-Sep=0.20, ║∇J║=6.8e-04
-----On 8/20 Initial Guess Perturbations
Iteration 2053/4500-----
J=1.2e-02, ⟨Jf⟩=1.2e-03, ⟨B·n⟩=8.3e-03, Len=sum([4.8, 4.6, 4.2])=13.5, ϰ=[4.9, 5.3, 4.6], ∫ϰ²/L>=[4.8, 6.1, 6.2], C-C-Sep=0.20, ║∇J║=6.9e-04
-----On 8/20 Initial Guess Perturbations
Iteration 2054/4500-----
J=1.2e-02, ⟨Jf⟩=1.2e-03, ⟨B·n⟩=8.3e-03, Len=sum([4.8, 4.6, 4.2])=13.5, ϰ=[4.9, 5.3, 4.6], ∫ϰ²/L>=[4.8, 6.1, 6.2], C-C-Sep=0.20, ║∇J║=6.4e-04
-----On 8/20 Initial Guess Perturbations
Iteration 2055/4500-----
J=1.2e-02, ⟨Jf⟩=1.2e-03, ⟨B·n⟩=8.3e-03, Len=sum([4.8, 4.6, 4.2])=13.5, ϰ=[4.9, 5.3, 4.6], ∫ϰ²/L>=[4.8, 6.1, 6.2], C-C-Sep=0.20, ║∇J║=6.4e-04
-----On 8/20 Initial Guess Perturbations
Iteration 2056/4500-----
J=1.2e-02, ⟨Jf⟩=1.2e-03, ⟨B·n⟩=8.3e-03, Len=sum([4.8, 4.6, 4.2])=13.5, ϰ=[4.9, 5.3, 4.6], ∫ϰ²/L>=[4.8, 6.1, 6.2], C-C-Sep=0.20, ║∇J║=5.9e-04
-----On 8/20 Initial Guess Perturbations
Iteration 2057/4500-----
J=1.2e-02, ⟨Jf⟩=1.2e-03, ⟨B·n⟩=8.3e-03, Len=sum([4.8, 4.6, 4.2])=13.5, ϰ=[4.9, 5.3, 4.6], ∫ϰ²/L>=[4.8, 6.1, 6.2], C-C-Sep=0.20, ║∇J║=7.0e-04
-----On 8/20 Initial Guess Perturbations
Iteration 2058/4500-----
J=1.2e-02, ⟨Jf⟩=1.2e-03, ⟨B·n⟩=8.3e-03, Len=sum([4.8, 4.6, 4.2])=13.5, ϰ=[4.9, 5.3, 4.6], ∫ϰ²/L>=[4.8, 6.1, 6.2], C-C-Sep=0.20, ║∇J║=6.0e-04
-----On 8/20 Initial Guess Perturbations
Iteration 2059/4500-----
J=1.2e-02, ⟨Jf⟩=1.2e-03, ⟨B·n⟩=8.3e-03, Len=sum([4.8, 4.6, 4.2])=13.5, ϰ=[4.9, 5.3, 4.6], ∫ϰ²/L>=[4.8, 6.1, 6.2], C-C-Sep=0.20, ║∇J║=5.8e-04
-----On 8/20 Initial Guess Perturbations
Iteration 2060/4500-----
J=1.2e-02, ⟨Jf⟩=1.2e-03, ⟨B·n⟩=8.3e-03, Len=sum([4.8, 4.6, 4.2])=13.5, ϰ=[4.9, 5.3, 4.6], ∫ϰ²/L>=[4.8, 6.1, 6.2], C-C-Sep=0.20, ║∇J║=5.7e-04
-----On 8/20 Initial Guess Perturbations
Iteration 2061/4500-----
J=1.2e-02, ⟨Jf⟩=1.2e-03, ⟨B·n⟩=8.3e-03, Len=sum([4.8, 4.6, 4.2])=13.5, ϰ=[4.9, 5.3, 4.6], ∫ϰ²/L>=[4.8, 6.1, 6.2], C-C-Sep=0.20, ║∇J║=5.4e-04
-----On 8/20 Initial Guess Perturbations
Iteration 2062/4500-----
J=1.2e-02, ⟨Jf⟩=1.2e-03, ⟨B·n⟩=8.3e-03, Len=sum([4.8, 4.6, 4.2])=13.5, ϰ=[4.9, 5.3, 4.6], ∫ϰ²/L>=[4.8, 6.1, 6.2], C-C-Sep=0.20, ║∇J║=6.4e-04
-----On 8/20 Initial Guess Perturbations
Iteration 2063/4500-----
J=1.2e-02, ⟨Jf⟩=1.2e-03, ⟨B·n⟩=8.3e-03, Len=sum([4.8, 4.6, 4.2])=13.5, ϰ=[4.9, 5.2, 4.6], ∫ϰ²/L>=[4.8, 6.1, 6.2], C-C-Sep=0.20, ║∇J║=6.7e-04
-----On 8/20 Initial Guess Perturbations
Iteration 2064/4500-----
J=1.2e-02, ⟨Jf⟩=1.2e-03, ⟨B·n⟩=8.3e-03, Len=sum([4.8, 4.6, 4.2])=13.5, ϰ=[4.9, 5.2, 4.6], ∫ϰ²/L>=[4.8, 6.1, 6.2], C-C-Sep=0.20, ║∇J║=6.5e-04
-----On 8/20 Initial Guess Perturbations
Iteration 2065/4500-----
J=1.2e-02, ⟨Jf⟩=1.2e-03, ⟨B·n⟩=8.3e-03, Len=sum([4.8, 4.6, 4.2])=13.5, ϰ=[4.9, 5.2, 4.6], ∫ϰ²/L>=[4.8, 6.1, 6.2], C-C-Sep=0.20, ║∇J║=1.0e-03
-----On 8/20 Initial Guess Perturbations
Iteration 2066/4500-----
J=1.2e-02, ⟨Jf⟩=1.2e-03, ⟨B·n⟩=8.3e-03, Len=sum([4.8, 4.6, 4.2])=13.5, ϰ=[4.9, 5.2, 4.6], ∫ϰ²/L>=[4.8, 6.1, 6.2], C-C-Sep=0.20, ║∇J║=7.2e-04
-----On 8/20 Initial Guess Perturbations
Iteration 2067/4500-----
J=1.2e-02, ⟨Jf⟩=1.2e-03, ⟨B·n⟩=8.3e-03, Len=sum([4.8, 4.6, 4.2])=13.5, ϰ=[4.9, 5.2, 4.6], ∫ϰ²/L>=[4.8, 6.1, 6.2], C-C-Sep=0.20, ║∇J║=7.8e-04
-----On 8/20 Initial Guess Perturbations
Iteration 2068/4500-----
J=1.2e-02, ⟨Jf⟩=1.2e-03, ⟨B·n⟩=8.3e-03, Len=sum([4.8, 4.6, 4.2])=13.5, ϰ=[4.9, 5.2, 4.5], ∫ϰ²/L>=[4.8, 6.1, 6.2], C-C-Sep=0.20, ║∇J║=4.9e-04
-----On 8/20 Initial Guess Perturbations
Iteration 2069/4500-----
J=1.2e-02, ⟨Jf⟩=1.2e-03, ⟨B·n⟩=8.3e-03, Len=sum([4.8, 4.6, 4.2])=13.5, ϰ=[4.9, 5.2, 4.5], ∫ϰ²/L>=[4.8, 6.1, 6.2], C-C-Sep=0.20, ║∇J║=5.5e-04
-----On 8/20 Initial Guess Perturbations
Iteration 2070/4500-----
J=1.2e-02, ⟨Jf⟩=1.2e-03, ⟨B·n⟩=8.3e-03, Len=sum([4.8, 4.6, 4.2])=13.5, ϰ=[4.9, 5.2, 4.5], ∫ϰ²/L>=[4.8, 6.1, 6.2], C-C-Sep=0.20, ║∇J║=6.3e-04
-----On 8/20 Initial Guess Perturbations
Iteration 2071/4500-----
J=1.2e-02, ⟨Jf⟩=1.2e-03, ⟨B·n⟩=8.3e-03, Len=sum([4.8, 4.6, 4.2])=13.5, ϰ=[4.9, 5.2, 4.5], ∫ϰ²/L>=[4.8, 6.1, 6.2], C-C-Sep=0.20, ║∇J║=7.0e-04
-----On 8/20 Initial Guess Perturbations
Iteration 2072/4500-----
J=1.2e-02, ⟨Jf⟩=1.2e-03, ⟨B·n⟩=8.3e-03, Len=sum([4.8, 4.6, 4.2])=13.5, ϰ=[4.9, 5.2, 4.5], ∫ϰ²/L>=[4.8, 6.1, 6.2], C-C-Sep=0.20, ║∇J║=7.4e-04
-----On 8/20 Initial Guess Perturbations
Iteration 2073/4500-----
J=1.2e-02, ⟨Jf⟩=1.2e-03, ⟨B·n⟩=8.3e-03, Len=sum([4.8, 4.6, 4.2])=13.5, ϰ=[4.9, 5.3, 4.5], ∫ϰ²/L>=[4.8, 6.1, 6.2], C-C-Sep=0.20, ║∇J║=6.7e-04
-----On 8/20 Initial Guess Perturbations
Iteration 2074/4500-----
J=1.2e-02, ⟨Jf⟩=1.2e-03, ⟨B·n⟩=8.3e-03, Len=sum([4.8, 4.6, 4.2])=13.5, ϰ=[5.0, 5.3, 4.5], ∫ϰ²/L>=[4.8, 6.1, 6.3], C-C-Sep=0.20, ║∇J║=8.1e-04
-----On 8/20 Initial Guess Perturbations
Iteration 2075/4500-----
J=1.2e-02, ⟨Jf⟩=1.2e-03, ⟨B·n⟩=8.3e-03, Len=sum([4.8, 4.6, 4.2])=13.5, ϰ=[4.9, 5.3, 4.6], ∫ϰ²/L>=[4.8, 6.1, 6.2], C-C-Sep=0.20, ║∇J║=8.3e-04
-----On 8/20 Initial Guess Perturbations
Iteration 2076/4500-----
J=1.2e-02, ⟨Jf⟩=1.2e-03, ⟨B·n⟩=8.3e-03, Len=sum([4.8, 4.6, 4.2])=13.5, ϰ=[4.9, 5.3, 4.5], ∫ϰ²/L>=[4.8, 6.1, 6.2], C-C-Sep=0.20, ║∇J║=5.9e-04
-----On 8/20 Initial Guess Perturbations
Iteration 2077/4500-----
J=1.2e-02, ⟨Jf⟩=1.2e-03, ⟨B·n⟩=8.3e-03, Len=sum([4.8, 4.6, 4.2])=13.5, ϰ=[4.9, 5.3, 4.5], ∫ϰ²/L>=[4.8, 6.1, 6.2], C-C-Sep=0.20, ║∇J║=5.6e-04
-----On 8/20 Initial Guess Perturbations
Iteration 2078/4500-----
J=1.2e-02, ⟨Jf⟩=1.2e-03, ⟨B·n⟩=8.3e-03, Len=sum([4.8, 4.6, 4.2])=13.5, ϰ=[5.0, 5.3, 4.6], ∫ϰ²/L>=[4.8, 6.1, 6.3], C-C-Sep=0.20, ║∇J║=6.2e-04
-----On 8/20 Initial Guess Perturbations
Iteration 2079/4500-----
J=1.2e-02, ⟨Jf⟩=1.2e-03, ⟨B·n⟩=8.3e-03, Len=sum([4.8, 4.6, 4.2])=13.5, ϰ=[5.0, 5.3, 4.6], ∫ϰ²/L>=[4.8, 6.1, 6.3], C-C-Sep=0.20, ║∇J║=5.8e-04
-----On 8/20 Initial Guess Perturbations
Iteration 2080/4500-----
J=1.2e-02, ⟨Jf⟩=1.2e-03, ⟨B·n⟩=8.3e-03, Len=sum([4.8, 4.6, 4.2])=13.5, ϰ=[5.0, 5.3, 4.6], ∫ϰ²/L>=[4.8, 6.1, 6.2], C-C-Sep=0.20, ║∇J║=5.9e-04
-----On 8/20 Initial Guess Perturbations
Iteration 2081/4500-----
J=1.2e-02, ⟨Jf⟩=1.2e-03, ⟨B·n⟩=8.3e-03, Len=sum([4.8, 4.6, 4.2])=13.5, ϰ=[5.0, 5.2, 4.6], ∫ϰ²/L>=[4.8, 6.1, 6.2], C-C-Sep=0.20, ║∇J║=5.3e-04
-----On 8/20 Initial Guess Perturbations
Iteration 2082/4500-----
J=1.2e-02, ⟨Jf⟩=1.2e-03, ⟨B·n⟩=8.3e-03, Len=sum([4.8, 4.6, 4.2])=13.5, ϰ=[4.9, 5.2, 4.6], ∫ϰ²/L>=[4.8, 6.1, 6.2], C-C-Sep=0.20, ║∇J║=5.4e-04
-----On 8/20 Initial Guess Perturbations
Iteration 2083/4500-----
J=1.2e-02, ⟨Jf⟩=1.2e-03, ⟨B·n⟩=8.3e-03, Len=sum([4.8, 4.6, 4.2])=13.5, ϰ=[4.9, 5.2, 4.6], ∫ϰ²/L>=[4.8, 6.1, 6.2], C-C-Sep=0.20, ║∇J║=4.8e-04
-----On 8/20 Initial Guess Perturbations
Iteration 2084/4500-----
J=1.2e-02, ⟨Jf⟩=1.2e-03, ⟨B·n⟩=8.3e-03, Len=sum([4.8, 4.6, 4.2])=13.5, ϰ=[4.9, 5.2, 4.6], ∫ϰ²/L>=[4.8, 6.1, 6.2], C-C-Sep=0.20, ║∇J║=4.6e-04
-----On 8/20 Initial Guess Perturbations
Iteration 2085/4500-----
J=1.2e-02, ⟨Jf⟩=1.2e-03, ⟨B·n⟩=8.3e-03, Len=sum([4.8, 4.6, 4.2])=13.5, ϰ=[4.9, 5.2, 4.6], ∫ϰ²/L>=[4.8, 6.1, 6.2], C-C-Sep=0.20, ║∇J║=5.0e-04
-----On 8/20 Initial Guess Perturbations
Iteration 2086/4500-----
J=1.2e-02, ⟨Jf⟩=1.2e-03, ⟨B·n⟩=8.3e-03, Len=sum([4.8, 4.6, 4.2])=13.5, ϰ=[4.9, 5.2, 4.6], ∫ϰ²/L>=[4.8, 6.1, 6.2], C-C-Sep=0.20, ║∇J║=5.4e-04
-----On 8/20 Initial Guess Perturbations
Iteration 2087/4500-----
J=1.2e-02, ⟨Jf⟩=1.2e-03, ⟨B·n⟩=8.3e-03, Len=sum([4.8, 4.6, 4.2])=13.5, ϰ=[4.9, 5.2, 4.6], ∫ϰ²/L>=[4.8, 6.1, 6.2], C-C-Sep=0.20, ║∇J║=5.5e-04
-----On 8/20 Initial Guess Perturbations
Iteration 2088/4500-----
J=1.2e-02, ⟨Jf⟩=1.2e-03, ⟨B·n⟩=8.3e-03, Len=sum([4.8, 4.6, 4.2])=13.5, ϰ=[4.9, 5.2, 4.6], ∫ϰ²/L>=[4.8, 6.1, 6.2], C-C-Sep=0.20, ║∇J║=5.7e-04
-----On 8/20 Initial Guess Perturbations
Iteration 2089/4500-----
J=1.2e-02, ⟨Jf⟩=1.2e-03, ⟨B·n⟩=8.3e-03, Len=sum([4.8, 4.6, 4.2])=13.5, ϰ=[4.9, 5.2, 4.6], ∫ϰ²/L>=[4.8, 6.1, 6.2], C-C-Sep=0.20, ║∇J║=5.7e-04
-----On 8/20 Initial Guess Perturbations
Iteration 2090/4500-----
J=1.2e-02, ⟨Jf⟩=1.2e-03, ⟨B·n⟩=8.3e-03, Len=sum([4.8, 4.6, 4.2])=13.5, ϰ=[4.9, 5.2, 4.6], ∫ϰ²/L>=[4.8, 6.1, 6.3], C-C-Sep=0.20, ║∇J║=5.0e-04
-----On 8/20 Initial Guess Perturbations
Iteration 2091/4500-----
J=1.2e-02, ⟨Jf⟩=1.2e-03, ⟨B·n⟩=8.3e-03, Len=sum([4.8, 4.6, 4.2])=13.5, ϰ=[4.9, 5.2, 4.6], ∫ϰ²/L>=[4.8, 6.1, 6.3], C-C-Sep=0.20, ║∇J║=4.8e-04
-----On 8/20 Initial Guess Perturbations
Iteration 2092/4500-----
J=1.2e-02, ⟨Jf⟩=1.2e-03, ⟨B·n⟩=8.3e-03, Len=sum([4.8, 4.6, 4.2])=13.5, ϰ=[4.9, 5.2, 4.6], ∫ϰ²/L>=[4.8, 6.1, 6.3], C-C-Sep=0.20, ║∇J║=4.9e-04
-----On 8/20 Initial Guess Perturbations
Iteration 2093/4500-----
J=1.2e-02, ⟨Jf⟩=1.2e-03, ⟨B·n⟩=8.3e-03, Len=sum([4.8, 4.6, 4.2])=13.5, ϰ=[4.9, 5.2, 4.6], ∫ϰ²/L>=[4.8, 6.1, 6.3], C-C-Sep=0.20, ║∇J║=5.0e-04
-----On 8/20 Initial Guess Perturbations
Iteration 2094/4500-----
J=1.2e-02, ⟨Jf⟩=1.2e-03, ⟨B·n⟩=8.3e-03, Len=sum([4.8, 4.6, 4.2])=13.5, ϰ=[4.9, 5.2, 4.6], ∫ϰ²/L>=[4.8, 6.1, 6.3], C-C-Sep=0.20, ║∇J║=5.1e-04
-----On 8/20 Initial Guess Perturbations
Iteration 2095/4500-----
J=1.2e-02, ⟨Jf⟩=1.2e-03, ⟨B·n⟩=8.3e-03, Len=sum([4.8, 4.6, 4.2])=13.5, ϰ=[4.9, 5.2, 4.6], ∫ϰ²/L>=[4.8, 6.1, 6.3], C-C-Sep=0.20, ║∇J║=4.4e-04
-----On 8/20 Initial Guess Perturbations
Iteration 2096/4500-----
J=1.2e-02, ⟨Jf⟩=1.2e-03, ⟨B·n⟩=8.3e-03, Len=sum([4.8, 4.6, 4.2])=13.5, ϰ=[4.9, 5.2, 4.6], ∫ϰ²/L>=[4.8, 6.1, 6.3], C-C-Sep=0.20, ║∇J║=5.2e-04
-----On 8/20 Initial Guess Perturbations
Iteration 2097/4500-----
J=1.2e-02, ⟨Jf⟩=1.2e-03, ⟨B·n⟩=8.3e-03, Len=sum([4.8, 4.6, 4.2])=13.5, ϰ=[4.9, 5.2, 4.6], ∫ϰ²/L>=[4.8, 6.1, 6.3], C-C-Sep=0.20, ║∇J║=5.2e-04
-----On 8/20 Initial Guess Perturbations
Iteration 2098/4500-----
J=1.2e-02, ⟨Jf⟩=1.2e-03, ⟨B·n⟩=8.3e-03, Len=sum([4.8, 4.6, 4.2])=13.5, ϰ=[4.9, 5.2, 4.6], ∫ϰ²/L>=[4.8, 6.1, 6.3], C-C-Sep=0.20, ║∇J║=5.8e-04
-----On 8/20 Initial Guess Perturbations
Iteration 2099/4500-----
J=1.2e-02, ⟨Jf⟩=1.2e-03, ⟨B·n⟩=8.3e-03, Len=sum([4.8, 4.6, 4.2])=13.5, ϰ=[4.9, 5.2, 4.6], ∫ϰ²/L>=[4.8, 6.1, 6.3], C-C-Sep=0.20, ║∇J║=5.5e-04
-----On 8/20 Initial Guess Perturbations
Iteration 2100/4500-----
J=1.2e-02, ⟨Jf⟩=1.2e-03, ⟨B·n⟩=8.3e-03, Len=sum([4.8, 4.6, 4.2])=13.5, ϰ=[4.9, 5.2, 4.6], ∫ϰ²/L>=[4.8, 6.1, 6.3], C-C-Sep=0.20, ║∇J║=5.2e-04
-----On 8/20 Initial Guess Perturbations
Iteration 2101/4500-----
J=1.2e-02, ⟨Jf⟩=1.2e-03, ⟨B·n⟩=8.3e-03, Len=sum([4.8, 4.6, 4.2])=13.5, ϰ=[4.9, 5.2, 4.6], ∫ϰ²/L>=[4.8, 6.1, 6.3], C-C-Sep=0.20, ║∇J║=5.4e-04
-----On 8/20 Initial Guess Perturbations
Iteration 2102/4500-----
J=1.2e-02, ⟨Jf⟩=1.2e-03, ⟨B·n⟩=8.3e-03, Len=sum([4.8, 4.6, 4.2])=13.5, ϰ=[4.9, 5.3, 4.6], ∫ϰ²/L>=[4.8, 6.1, 6.3], C-C-Sep=0.20, ║∇J║=6.8e-04
-----On 8/20 Initial Guess Perturbations
Iteration 2103/4500-----
J=1.2e-02, ⟨Jf⟩=1.2e-03, ⟨B·n⟩=8.3e-03, Len=sum([4.8, 4.6, 4.2])=13.5, ϰ=[4.9, 5.3, 4.6], ∫ϰ²/L>=[4.8, 6.1, 6.3], C-C-Sep=0.20, ║∇J║=4.8e-04
-----On 8/20 Initial Guess Perturbations
Iteration 2104/4500-----
J=1.2e-02, ⟨Jf⟩=1.2e-03, ⟨B·n⟩=8.3e-03, Len=sum([4.8, 4.6, 4.2])=13.5, ϰ=[4.9, 5.2, 4.6], ∫ϰ²/L>=[4.8, 6.1, 6.3], C-C-Sep=0.20, ║∇J║=6.2e-04
-----On 8/20 Initial Guess Perturbations
Iteration 2105/4500-----
J=1.2e-02, ⟨Jf⟩=1.2e-03, ⟨B·n⟩=8.3e-03, Len=sum([4.8, 4.6, 4.2])=13.5, ϰ=[4.9, 5.2, 4.6], ∫ϰ²/L>=[4.8, 6.1, 6.3], C-C-Sep=0.20, ║∇J║=5.0e-04
-----On 8/20 Initial Guess Perturbations
Iteration 2106/4500-----
J=1.2e-02, ⟨Jf⟩=1.2e-03, ⟨B·n⟩=8.3e-03, Len=sum([4.8, 4.6, 4.2])=13.5, ϰ=[4.9, 5.3, 4.6], ∫ϰ²/L>=[4.8, 6.1, 6.3], C-C-Sep=0.20, ║∇J║=4.0e-04
-----On 8/20 Initial Guess Perturbations
Iteration 2107/4500-----
J=1.2e-02, ⟨Jf⟩=1.2e-03, ⟨B·n⟩=8.3e-03, Len=sum([4.8, 4.6, 4.2])=13.5, ϰ=[4.9, 5.3, 4.5], ∫ϰ²/L>=[4.8, 6.1, 6.3], C-C-Sep=0.20, ║∇J║=4.0e-04
-----On 8/20 Initial Guess Perturbations
Iteration 2108/4500-----
J=1.2e-02, ⟨Jf⟩=1.2e-03, ⟨B·n⟩=8.3e-03, Len=sum([4.8, 4.6, 4.2])=13.5, ϰ=[4.9, 5.3, 4.6], ∫ϰ²/L>=[4.8, 6.1, 6.3], C-C-Sep=0.20, ║∇J║=5.1e-04
-----On 8/20 Initial Guess Perturbations
Iteration 2109/4500-----
J=1.2e-02, ⟨Jf⟩=1.2e-03, ⟨B·n⟩=8.3e-03, Len=sum([4.8, 4.6, 4.2])=13.5, ϰ=[4.9, 5.3, 4.5], ∫ϰ²/L>=[4.8, 6.1, 6.3], C-C-Sep=0.20, ║∇J║=5.3e-04
-----On 8/20 Initial Guess Perturbations
Iteration 2110/4500-----
J=1.2e-02, ⟨Jf⟩=1.2e-03, ⟨B·n⟩=8.3e-03, Len=sum([4.8, 4.6, 4.2])=13.5, ϰ=[4.9, 5.3, 4.5], ∫ϰ²/L>=[4.8, 6.1, 6.3], C-C-Sep=0.20, ║∇J║=4.1e-04
-----On 8/20 Initial Guess Perturbations
Iteration 2111/4500-----
J=1.2e-02, ⟨Jf⟩=1.2e-03, ⟨B·n⟩=8.3e-03, Len=sum([4.8, 4.6, 4.2])=13.5, ϰ=[4.9, 5.3, 4.5], ∫ϰ²/L>=[4.8, 6.1, 6.3], C-C-Sep=0.20, ║∇J║=4.1e-04
-----On 8/20 Initial Guess Perturbations
Iteration 2112/4500-----
J=1.2e-02, ⟨Jf⟩=1.2e-03, ⟨B·n⟩=8.3e-03, Len=sum([4.8, 4.6, 4.2])=13.5, ϰ=[4.9, 5.3, 4.5], ∫ϰ²/L>=[4.8, 6.1, 6.3], C-C-Sep=0.20, ║∇J║=4.4e-04
-----On 8/20 Initial Guess Perturbations
Iteration 2113/4500-----
J=1.2e-02, ⟨Jf⟩=1.2e-03, ⟨B·n⟩=8.3e-03, Len=sum([4.8, 4.6, 4.2])=13.5, ϰ=[4.9, 5.3, 4.5], ∫ϰ²/L>=[4.8, 6.1, 6.3], C-C-Sep=0.20, ║∇J║=4.4e-04
-----On 8/20 Initial Guess Perturbations
Iteration 2114/4500-----
J=1.2e-02, ⟨Jf⟩=1.2e-03, ⟨B·n⟩=8.3e-03, Len=sum([4.8, 4.6, 4.2])=13.5, ϰ=[4.9, 5.3, 4.5], ∫ϰ²/L>=[4.8, 6.1, 6.3], C-C-Sep=0.20, ║∇J║=4.9e-04
-----On 8/20 Initial Guess Perturbations
Iteration 2115/4500-----
J=1.2e-02, ⟨Jf⟩=1.2e-03, ⟨B·n⟩=8.3e-03, Len=sum([4.8, 4.6, 4.2])=13.5, ϰ=[4.9, 5.3, 4.5], ∫ϰ²/L>=[4.8, 6.1, 6.3], C-C-Sep=0.20, ║∇J║=4.7e-04
-----On 8/20 Initial Guess Perturbations
Iteration 2116/4500-----
J=1.2e-02, ⟨Jf⟩=1.2e-03, ⟨B·n⟩=8.3e-03, Len=sum([4.8, 4.6, 4.2])=13.5, ϰ=[4.9, 5.3, 4.6], ∫ϰ²/L>=[4.8, 6.1, 6.3], C-C-Sep=0.20, ║∇J║=6.1e-04
-----On 8/20 Initial Guess Perturbations
Iteration 2117/4500-----
J=1.2e-02, ⟨Jf⟩=1.2e-03, ⟨B·n⟩=8.3e-03, Len=sum([4.8, 4.6, 4.2])=13.5, ϰ=[4.9, 5.3, 4.6], ∫ϰ²/L>=[4.8, 6.1, 6.3], C-C-Sep=0.20, ║∇J║=5.8e-04
-----On 8/20 Initial Guess Perturbations
Iteration 2118/4500-----
J=1.2e-02, ⟨Jf⟩=1.2e-03, ⟨B·n⟩=8.3e-03, Len=sum([4.8, 4.6, 4.2])=13.5, ϰ=[4.9, 5.3, 4.5], ∫ϰ²/L>=[4.8, 6.1, 6.3], C-C-Sep=0.20, ║∇J║=6.2e-04
-----On 8/20 Initial Guess Perturbations
Iteration 2119/4500-----
J=1.2e-02, ⟨Jf⟩=1.2e-03, ⟨B·n⟩=8.3e-03, Len=sum([4.8, 4.6, 4.2])=13.5, ϰ=[4.9, 5.3, 4.6], ∫ϰ²/L>=[4.8, 6.1, 6.3], C-C-Sep=0.20, ║∇J║=4.6e-04
-----On 8/20 Initial Guess Perturbations
Iteration 2120/4500-----
J=1.2e-02, ⟨Jf⟩=1.2e-03, ⟨B·n⟩=8.3e-03, Len=sum([4.8, 4.6, 4.2])=13.5, ϰ=[4.9, 5.2, 4.6], ∫ϰ²/L>=[4.8, 6.1, 6.3], C-C-Sep=0.20, ║∇J║=3.8e-04
-----On 8/20 Initial Guess Perturbations
Iteration 2121/4500-----
J=1.2e-02, ⟨Jf⟩=1.2e-03, ⟨B·n⟩=8.3e-03, Len=sum([4.8, 4.6, 4.2])=13.5, ϰ=[4.9, 5.2, 4.6], ∫ϰ²/L>=[4.8, 6.1, 6.3], C-C-Sep=0.20, ║∇J║=4.4e-04
-----On 8/20 Initial Guess Perturbations
Iteration 2122/4500-----
J=1.2e-02, ⟨Jf⟩=1.2e-03, ⟨B·n⟩=8.3e-03, Len=sum([4.8, 4.6, 4.2])=13.5, ϰ=[4.9, 5.2, 4.6], ∫ϰ²/L>=[4.8, 6.1, 6.3], C-C-Sep=0.20, ║∇J║=4.4e-04
-----On 8/20 Initial Guess Perturbations
Iteration 2123/4500-----
J=1.2e-02, ⟨Jf⟩=1.2e-03, ⟨B·n⟩=8.3e-03, Len=sum([4.8, 4.6, 4.2])=13.5, ϰ=[4.9, 5.2, 4.6], ∫ϰ²/L>=[4.8, 6.1, 6.3], C-C-Sep=0.20, ║∇J║=5.0e-04
-----On 8/20 Initial Guess Perturbations
Iteration 2124/4500-----
J=1.2e-02, ⟨Jf⟩=1.2e-03, ⟨B·n⟩=8.3e-03, Len=sum([4.8, 4.6, 4.2])=13.5, ϰ=[4.9, 5.2, 4.6], ∫ϰ²/L>=[4.8, 6.1, 6.3], C-C-Sep=0.20, ║∇J║=6.1e-04
-----On 8/20 Initial Guess Perturbations
Iteration 2125/4500-----
J=1.2e-02, ⟨Jf⟩=1.2e-03, ⟨B·n⟩=8.3e-03, Len=sum([4.8, 4.6, 4.2])=13.5, ϰ=[4.9, 5.2, 4.6], ∫ϰ²/L>=[4.8, 6.1, 6.3], C-C-Sep=0.20, ║∇J║=6.1e-04
-----On 8/20 Initial Guess Perturbations
Iteration 2126/4500-----
J=1.2e-02, ⟨Jf⟩=1.2e-03, ⟨B·n⟩=8.3e-03, Len=sum([4.8, 4.6, 4.2])=13.5, ϰ=[4.9, 5.2, 4.6], ∫ϰ²/L>=[4.8, 6.1, 6.3], C-C-Sep=0.20, ║∇J║=6.6e-04
-----On 8/20 Initial Guess Perturbations
Iteration 2127/4500-----
J=1.2e-02, ⟨Jf⟩=1.2e-03, ⟨B·n⟩=8.3e-03, Len=sum([4.8, 4.6, 4.2])=13.5, ϰ=[4.9, 5.3, 4.6], ∫ϰ²/L>=[4.8, 6.1, 6.3], C-C-Sep=0.20, ║∇J║=5.7e-04
-----On 8/20 Initial Guess Perturbations
Iteration 2128/4500-----
J=1.2e-02, ⟨Jf⟩=1.2e-03, ⟨B·n⟩=8.3e-03, Len=sum([4.8, 4.6, 4.2])=13.5, ϰ=[4.9, 5.3, 4.6], ∫ϰ²/L>=[4.8, 6.1, 6.3], C-C-Sep=0.20, ║∇J║=7.3e-04
-----On 8/20 Initial Guess Perturbations
Iteration 2129/4500-----
J=1.2e-02, ⟨Jf⟩=1.2e-03, ⟨B·n⟩=8.3e-03, Len=sum([4.8, 4.6, 4.2])=13.5, ϰ=[4.9, 5.3, 4.6], ∫ϰ²/L>=[4.8, 6.1, 6.3], C-C-Sep=0.20, ║∇J║=5.6e-04
-----On 8/20 Initial Guess Perturbations
Iteration 2130/4500-----
J=1.2e-02, ⟨Jf⟩=1.2e-03, ⟨B·n⟩=8.3e-03, Len=sum([4.8, 4.6, 4.2])=13.5, ϰ=[4.9, 5.3, 4.6], ∫ϰ²/L>=[4.8, 6.1, 6.3], C-C-Sep=0.20, ║∇J║=4.5e-04
-----On 8/20 Initial Guess Perturbations
Iteration 2131/4500-----
J=1.2e-02, ⟨Jf⟩=1.2e-03, ⟨B·n⟩=8.3e-03, Len=sum([4.8, 4.6, 4.2])=13.5, ϰ=[4.9, 5.3, 4.6], ∫ϰ²/L>=[4.8, 6.1, 6.3], C-C-Sep=0.20, ║∇J║=4.4e-04
-----On 8/20 Initial Guess Perturbations
Iteration 2132/4500-----
J=1.2e-02, ⟨Jf⟩=1.2e-03, ⟨B·n⟩=8.3e-03, Len=sum([4.8, 4.6, 4.2])=13.5, ϰ=[4.9, 5.3, 4.6], ∫ϰ²/L>=[4.8, 6.1, 6.3], C-C-Sep=0.20, ║∇J║=4.9e-04
-----On 8/20 Initial Guess Perturbations
Iteration 2133/4500-----
J=1.2e-02, ⟨Jf⟩=1.2e-03, ⟨B·n⟩=8.3e-03, Len=sum([4.8, 4.6, 4.2])=13.5, ϰ=[4.9, 5.3, 4.6], ∫ϰ²/L>=[4.8, 6.1, 6.3], C-C-Sep=0.20, ║∇J║=6.0e-04
-----On 8/20 Initial Guess Perturbations
Iteration 2134/4500-----
J=1.2e-02, ⟨Jf⟩=1.2e-03, ⟨B·n⟩=8.3e-03, Len=sum([4.8, 4.6, 4.2])=13.5, ϰ=[4.9, 5.3, 4.6], ∫ϰ²/L>=[4.8, 6.1, 6.3], C-C-Sep=0.20, ║∇J║=4.8e-04
-----On 8/20 Initial Guess Perturbations
Iteration 2135/4500-----
J=1.2e-02, ⟨Jf⟩=1.2e-03, ⟨B·n⟩=8.3e-03, Len=sum([4.8, 4.6, 4.2])=13.5, ϰ=[4.9, 5.3, 4.6], ∫ϰ²/L>=[4.8, 6.2, 6.3], C-C-Sep=0.20, ║∇J║=5.2e-04
-----On 8/20 Initial Guess Perturbations
Iteration 2136/4500-----
J=1.2e-02, ⟨Jf⟩=1.2e-03, ⟨B·n⟩=8.3e-03, Len=sum([4.8, 4.6, 4.2])=13.5, ϰ=[4.9, 5.3, 4.6], ∫ϰ²/L>=[4.8, 6.1, 6.3], C-C-Sep=0.20, ║∇J║=4.9e-04
-----On 8/20 Initial Guess Perturbations
Iteration 2137/4500-----
J=1.2e-02, ⟨Jf⟩=1.2e-03, ⟨B·n⟩=8.3e-03, Len=sum([4.8, 4.6, 4.2])=13.5, ϰ=[4.9, 5.3, 4.6], ∫ϰ²/L>=[4.8, 6.2, 6.3], C-C-Sep=0.20, ║∇J║=6.6e-04
-----On 8/20 Initial Guess Perturbations
Iteration 2138/4500-----
J=1.2e-02, ⟨Jf⟩=1.2e-03, ⟨B·n⟩=8.3e-03, Len=sum([4.8, 4.6, 4.2])=13.5, ϰ=[4.9, 5.3, 4.6], ∫ϰ²/L>=[4.8, 6.2, 6.3], C-C-Sep=0.20, ║∇J║=6.1e-04
-----On 8/20 Initial Guess Perturbations
Iteration 2139/4500-----
J=1.2e-02, ⟨Jf⟩=1.2e-03, ⟨B·n⟩=8.3e-03, Len=sum([4.8, 4.6, 4.2])=13.5, ϰ=[4.9, 5.3, 4.6], ∫ϰ²/L>=[4.8, 6.2, 6.3], C-C-Sep=0.20, ║∇J║=4.8e-04
-----On 8/20 Initial Guess Perturbations
Iteration 2140/4500-----
J=1.2e-02, ⟨Jf⟩=1.2e-03, ⟨B·n⟩=8.3e-03, Len=sum([4.8, 4.6, 4.2])=13.5, ϰ=[4.9, 5.3, 4.6], ∫ϰ²/L>=[4.8, 6.2, 6.3], C-C-Sep=0.20, ║∇J║=4.9e-04
-----On 8/20 Initial Guess Perturbations
Iteration 2141/4500-----
J=1.2e-02, ⟨Jf⟩=1.2e-03, ⟨B·n⟩=8.3e-03, Len=sum([4.8, 4.6, 4.2])=13.5, ϰ=[4.9, 5.3, 4.6], ∫ϰ²/L>=[4.8, 6.2, 6.3], C-C-Sep=0.20, ║∇J║=5.0e-04
-----On 8/20 Initial Guess Perturbations
Iteration 2142/4500-----
J=1.2e-02, ⟨Jf⟩=1.2e-03, ⟨B·n⟩=8.3e-03, Len=sum([4.8, 4.6, 4.2])=13.5, ϰ=[4.9, 5.3, 4.6], ∫ϰ²/L>=[4.8, 6.2, 6.3], C-C-Sep=0.20, ║∇J║=6.7e-04
-----On 8/20 Initial Guess Perturbations
Iteration 2143/4500-----
J=1.2e-02, ⟨Jf⟩=1.2e-03, ⟨B·n⟩=8.3e-03, Len=sum([4.8, 4.6, 4.2])=13.5, ϰ=[4.9, 5.3, 4.6], ∫ϰ²/L>=[4.8, 6.2, 6.3], C-C-Sep=0.20, ║∇J║=6.0e-04
-----On 8/20 Initial Guess Perturbations
Iteration 2144/4500-----
J=1.2e-02, ⟨Jf⟩=1.2e-03, ⟨B·n⟩=8.3e-03, Len=sum([4.8, 4.6, 4.2])=13.5, ϰ=[4.9, 5.3, 4.6], ∫ϰ²/L>=[4.8, 6.2, 6.3], C-C-Sep=0.20, ║∇J║=7.3e-04
-----On 8/20 Initial Guess Perturbations
Iteration 2145/4500-----
J=1.2e-02, ⟨Jf⟩=1.2e-03, ⟨B·n⟩=8.3e-03, Len=sum([4.8, 4.6, 4.2])=13.5, ϰ=[4.9, 5.3, 4.6], ∫ϰ²/L>=[4.8, 6.2, 6.3], C-C-Sep=0.20, ║∇J║=8.9e-04
-----On 8/20 Initial Guess Perturbations
Iteration 2146/4500-----
J=1.2e-02, ⟨Jf⟩=1.2e-03, ⟨B·n⟩=8.3e-03, Len=sum([4.8, 4.6, 4.2])=13.5, ϰ=[4.9, 5.3, 4.6], ∫ϰ²/L>=[4.8, 6.2, 6.3], C-C-Sep=0.20, ║∇J║=7.8e-04
-----On 8/20 Initial Guess Perturbations
Iteration 2147/4500-----
J=1.2e-02, ⟨Jf⟩=1.2e-03, ⟨B·n⟩=8.3e-03, Len=sum([4.8, 4.6, 4.2])=13.5, ϰ=[4.9, 5.3, 4.6], ∫ϰ²/L>=[4.8, 6.2, 6.3], C-C-Sep=0.20, ║∇J║=5.5e-04
-----On 8/20 Initial Guess Perturbations
Iteration 2148/4500-----
J=1.2e-02, ⟨Jf⟩=1.2e-03, ⟨B·n⟩=8.3e-03, Len=sum([4.8, 4.6, 4.2])=13.5, ϰ=[4.9, 5.3, 4.6], ∫ϰ²/L>=[4.8, 6.2, 6.3], C-C-Sep=0.20, ║∇J║=4.5e-04
-----On 8/20 Initial Guess Perturbations
Iteration 2149/4500-----
J=1.2e-02, ⟨Jf⟩=1.2e-03, ⟨B·n⟩=8.3e-03, Len=sum([4.8, 4.6, 4.2])=13.5, ϰ=[4.9, 5.3, 4.6], ∫ϰ²/L>=[4.8, 6.2, 6.3], C-C-Sep=0.20, ║∇J║=4.7e-04
-----On 8/20 Initial Guess Perturbations
Iteration 2150/4500-----
J=1.2e-02, ⟨Jf⟩=1.2e-03, ⟨B·n⟩=8.3e-03, Len=sum([4.8, 4.6, 4.2])=13.5, ϰ=[4.9, 5.2, 4.6], ∫ϰ²/L>=[4.8, 6.2, 6.3], C-C-Sep=0.20, ║∇J║=6.8e-04
-----On 8/20 Initial Guess Perturbations
Iteration 2151/4500-----
J=1.2e-02, ⟨Jf⟩=1.2e-03, ⟨B·n⟩=8.3e-03, Len=sum([4.8, 4.6, 4.2])=13.5, ϰ=[4.9, 5.2, 4.6], ∫ϰ²/L>=[4.8, 6.2, 6.3], C-C-Sep=0.20, ║∇J║=4.8e-04
-----On 8/20 Initial Guess Perturbations
Iteration 2152/4500-----
J=1.2e-02, ⟨Jf⟩=1.2e-03, ⟨B·n⟩=8.3e-03, Len=sum([4.8, 4.6, 4.2])=13.5, ϰ=[4.9, 5.2, 4.6], ∫ϰ²/L>=[4.8, 6.2, 6.3], C-C-Sep=0.20, ║∇J║=6.1e-04
-----On 8/20 Initial Guess Perturbations
Iteration 2153/4500-----
J=1.2e-02, ⟨Jf⟩=1.2e-03, ⟨B·n⟩=8.3e-03, Len=sum([4.8, 4.6, 4.2])=13.5, ϰ=[4.9, 5.2, 4.6], ∫ϰ²/L>=[4.8, 6.2, 6.3], C-C-Sep=0.20, ║∇J║=6.8e-04
-----On 8/20 Initial Guess Perturbations
Iteration 2154/4500-----
J=1.2e-02, ⟨Jf⟩=1.2e-03, ⟨B·n⟩=8.3e-03, Len=sum([4.8, 4.6, 4.2])=13.5, ϰ=[4.9, 5.2, 4.6], ∫ϰ²/L>=[4.8, 6.2, 6.3], C-C-Sep=0.20, ║∇J║=6.1e-04
-----On 8/20 Initial Guess Perturbations
Iteration 2155/4500-----
J=1.2e-02, ⟨Jf⟩=1.2e-03, ⟨B·n⟩=8.3e-03, Len=sum([4.8, 4.6, 4.2])=13.5, ϰ=[4.9, 5.2, 4.6], ∫ϰ²/L>=[4.8, 6.2, 6.3], C-C-Sep=0.20, ║∇J║=6.6e-04
-----On 8/20 Initial Guess Perturbations
Iteration 2156/4500-----
J=1.2e-02, ⟨Jf⟩=1.2e-03, ⟨B·n⟩=8.3e-03, Len=sum([4.8, 4.6, 4.2])=13.5, ϰ=[4.9, 5.2, 4.6], ∫ϰ²/L>=[4.8, 6.2, 6.3], C-C-Sep=0.20, ║∇J║=6.7e-04
-----On 8/20 Initial Guess Perturbations
Iteration 2157/4500-----
J=1.2e-02, ⟨Jf⟩=1.2e-03, ⟨B·n⟩=8.3e-03, Len=sum([4.8, 4.6, 4.2])=13.5, ϰ=[4.9, 5.2, 4.6], ∫ϰ²/L>=[4.8, 6.2, 6.3], C-C-Sep=0.20, ║∇J║=8.2e-04
-----On 8/20 Initial Guess Perturbations
Iteration 2158/4500-----
J=1.2e-02, ⟨Jf⟩=1.2e-03, ⟨B·n⟩=8.3e-03, Len=sum([4.8, 4.6, 4.2])=13.5, ϰ=[4.9, 5.2, 4.6], ∫ϰ²/L>=[4.8, 6.2, 6.3], C-C-Sep=0.20, ║∇J║=9.3e-04
-----On 8/20 Initial Guess Perturbations
Iteration 2159/4500-----
J=1.2e-02, ⟨Jf⟩=1.2e-03, ⟨B·n⟩=8.3e-03, Len=sum([4.8, 4.6, 4.2])=13.5, ϰ=[4.9, 5.2, 4.6], ∫ϰ²/L>=[4.8, 6.2, 6.3], C-C-Sep=0.20, ║∇J║=4.9e-04
-----On 8/20 Initial Guess Perturbations
Iteration 2160/4500-----
J=1.2e-02, ⟨Jf⟩=1.2e-03, ⟨B·n⟩=8.3e-03, Len=sum([4.8, 4.6, 4.2])=13.5, ϰ=[4.9, 5.2, 4.6], ∫ϰ²/L>=[4.8, 6.2, 6.3], C-C-Sep=0.20, ║∇J║=4.4e-04
-----On 8/20 Initial Guess Perturbations
Iteration 2161/4500-----
J=1.2e-02, ⟨Jf⟩=1.2e-03, ⟨B·n⟩=8.3e-03, Len=sum([4.8, 4.6, 4.2])=13.5, ϰ=[4.9, 5.2, 4.6], ∫ϰ²/L>=[4.8, 6.2, 6.3], C-C-Sep=0.20, ║∇J║=6.1e-04
-----On 8/20 Initial Guess Perturbations
Iteration 2162/4500-----
J=1.2e-02, ⟨Jf⟩=1.2e-03, ⟨B·n⟩=8.3e-03, Len=sum([4.8, 4.6, 4.2])=13.5, ϰ=[4.9, 5.2, 4.6], ∫ϰ²/L>=[4.8, 6.2, 6.3], C-C-Sep=0.20, ║∇J║=6.6e-04
-----On 8/20 Initial Guess Perturbations
Iteration 2163/4500-----
J=1.2e-02, ⟨Jf⟩=1.2e-03, ⟨B·n⟩=8.3e-03, Len=sum([4.8, 4.6, 4.2])=13.5, ϰ=[4.9, 5.2, 4.6], ∫ϰ²/L>=[4.8, 6.2, 6.3], C-C-Sep=0.20, ║∇J║=5.9e-04
-----On 8/20 Initial Guess Perturbations
Iteration 2164/4500-----
J=1.2e-02, ⟨Jf⟩=1.2e-03, ⟨B·n⟩=8.3e-03, Len=sum([4.8, 4.6, 4.2])=13.5, ϰ=[4.9, 5.2, 4.6], ∫ϰ²/L>=[4.8, 6.2, 6.3], C-C-Sep=0.20, ║∇J║=6.4e-04
-----On 8/20 Initial Guess Perturbations
Iteration 2165/4500-----
J=1.2e-02, ⟨Jf⟩=1.2e-03, ⟨B·n⟩=8.3e-03, Len=sum([4.8, 4.6, 4.2])=13.5, ϰ=[4.9, 5.2, 4.6], ∫ϰ²/L>=[4.8, 6.1, 6.3], C-C-Sep=0.20, ║∇J║=7.3e-04
-----On 8/20 Initial Guess Perturbations
Iteration 2166/4500-----
J=1.2e-02, ⟨Jf⟩=1.2e-03, ⟨B·n⟩=8.3e-03, Len=sum([4.8, 4.6, 4.2])=13.5, ϰ=[4.9, 5.2, 4.6], ∫ϰ²/L>=[4.8, 6.1, 6.3], C-C-Sep=0.20, ║∇J║=4.9e-04
-----On 8/20 Initial Guess Perturbations
Iteration 2167/4500-----
J=1.2e-02, ⟨Jf⟩=1.2e-03, ⟨B·n⟩=8.3e-03, Len=sum([4.8, 4.6, 4.2])=13.5, ϰ=[4.9, 5.3, 4.6], ∫ϰ²/L>=[4.8, 6.1, 6.3], C-C-Sep=0.20, ║∇J║=4.9e-04
-----On 8/20 Initial Guess Perturbations
Iteration 2168/4500-----
J=1.2e-02, ⟨Jf⟩=1.2e-03, ⟨B·n⟩=8.3e-03, Len=sum([4.8, 4.6, 4.2])=13.5, ϰ=[4.9, 5.3, 4.6], ∫ϰ²/L>=[4.8, 6.1, 6.3], C-C-Sep=0.20, ║∇J║=6.4e-04
-----On 8/20 Initial Guess Perturbations
Iteration 2169/4500-----
J=1.2e-02, ⟨Jf⟩=1.2e-03, ⟨B·n⟩=8.3e-03, Len=sum([4.8, 4.6, 4.2])=13.5, ϰ=[4.9, 5.3, 4.6], ∫ϰ²/L>=[4.8, 6.1, 6.3], C-C-Sep=0.20, ║∇J║=5.6e-04
-----On 8/20 Initial Guess Perturbations
Iteration 2170/4500-----
J=1.2e-02, ⟨Jf⟩=1.2e-03, ⟨B·n⟩=8.3e-03, Len=sum([4.8, 4.6, 4.2])=13.5, ϰ=[4.9, 5.3, 4.6], ∫ϰ²/L>=[4.8, 6.1, 6.3], C-C-Sep=0.20, ║∇J║=5.7e-04
-----On 8/20 Initial Guess Perturbations
Iteration 2171/4500-----
J=1.2e-02, ⟨Jf⟩=1.2e-03, ⟨B·n⟩=8.3e-03, Len=sum([4.8, 4.6, 4.2])=13.5, ϰ=[4.9, 5.3, 4.6], ∫ϰ²/L>=[4.8, 6.1, 6.3], C-C-Sep=0.20, ║∇J║=5.7e-04
-----On 8/20 Initial Guess Perturbations
Iteration 2172/4500-----
J=1.2e-02, ⟨Jf⟩=1.2e-03, ⟨B·n⟩=8.3e-03, Len=sum([4.8, 4.6, 4.2])=13.5, ϰ=[4.9, 5.3, 4.6], ∫ϰ²/L>=[4.8, 6.1, 6.3], C-C-Sep=0.20, ║∇J║=6.3e-04
-----On 8/20 Initial Guess Perturbations
Iteration 2173/4500-----
J=1.2e-02, ⟨Jf⟩=1.2e-03, ⟨B·n⟩=8.3e-03, Len=sum([4.8, 4.6, 4.2])=13.5, ϰ=[4.9, 5.3, 4.6], ∫ϰ²/L>=[4.8, 6.1, 6.3], C-C-Sep=0.20, ║∇J║=9.8e-04
-----On 8/20 Initial Guess Perturbations
Iteration 2174/4500-----
J=1.2e-02, ⟨Jf⟩=1.2e-03, ⟨B·n⟩=8.3e-03, Len=sum([4.8, 4.6, 4.2])=13.5, ϰ=[4.9, 5.3, 4.6], ∫ϰ²/L>=[4.8, 6.1, 6.3], C-C-Sep=0.20, ║∇J║=6.0e-04
-----On 8/20 Initial Guess Perturbations
Iteration 2175/4500-----
J=1.2e-02, ⟨Jf⟩=1.2e-03, ⟨B·n⟩=8.3e-03, Len=sum([4.8, 4.6, 4.2])=13.5, ϰ=[4.9, 5.3, 4.6], ∫ϰ²/L>=[4.8, 6.1, 6.3], C-C-Sep=0.20, ║∇J║=8.2e-04
-----On 8/20 Initial Guess Perturbations
Iteration 2176/4500-----
J=1.2e-02, ⟨Jf⟩=1.2e-03, ⟨B·n⟩=8.3e-03, Len=sum([4.8, 4.6, 4.2])=13.5, ϰ=[4.9, 5.3, 4.6], ∫ϰ²/L>=[4.8, 6.1, 6.3], C-C-Sep=0.20, ║∇J║=5.6e-04
-----On 8/20 Initial Guess Perturbations
Iteration 2177/4500-----
J=1.2e-02, ⟨Jf⟩=1.2e-03, ⟨B·n⟩=8.3e-03, Len=sum([4.8, 4.6, 4.2])=13.5, ϰ=[4.9, 5.3, 4.6], ∫ϰ²/L>=[4.8, 6.1, 6.3], C-C-Sep=0.20, ║∇J║=5.2e-04
-----On 8/20 Initial Guess Perturbations
Iteration 2178/4500-----
J=1.2e-02, ⟨Jf⟩=1.2e-03, ⟨B·n⟩=8.3e-03, Len=sum([4.8, 4.6, 4.2])=13.5, ϰ=[4.9, 5.3, 4.6], ∫ϰ²/L>=[4.8, 6.1, 6.3], C-C-Sep=0.20, ║∇J║=5.3e-04
-----On 8/20 Initial Guess Perturbations
Iteration 2179/4500-----
J=1.2e-02, ⟨Jf⟩=1.2e-03, ⟨B·n⟩=8.3e-03, Len=sum([4.8, 4.6, 4.2])=13.5, ϰ=[4.9, 5.3, 4.6], ∫ϰ²/L>=[4.8, 6.1, 6.3], C-C-Sep=0.20, ║∇J║=4.5e-04
-----On 8/20 Initial Guess Perturbations
Iteration 2180/4500-----
J=1.2e-02, ⟨Jf⟩=1.2e-03, ⟨B·n⟩=8.3e-03, Len=sum([4.8, 4.6, 4.2])=13.5, ϰ=[4.9, 5.3, 4.6], ∫ϰ²/L>=[4.8, 6.1, 6.3], C-C-Sep=0.20, ║∇J║=5.6e-04
-----On 8/20 Initial Guess Perturbations
Iteration 2181/4500-----
J=1.2e-02, ⟨Jf⟩=1.2e-03, ⟨B·n⟩=8.3e-03, Len=sum([4.8, 4.6, 4.2])=13.5, ϰ=[4.9, 5.3, 4.6], ∫ϰ²/L>=[4.8, 6.1, 6.3], C-C-Sep=0.20, ║∇J║=6.4e-04
-----On 8/20 Initial Guess Perturbations
Iteration 2182/4500-----
J=1.2e-02, ⟨Jf⟩=1.2e-03, ⟨B·n⟩=8.3e-03, Len=sum([4.8, 4.6, 4.2])=13.5, ϰ=[4.9, 5.3, 4.6], ∫ϰ²/L>=[4.8, 6.1, 6.3], C-C-Sep=0.20, ║∇J║=6.6e-04
-----On 8/20 Initial Guess Perturbations
Iteration 2183/4500-----
J=1.2e-02, ⟨Jf⟩=1.2e-03, ⟨B·n⟩=8.3e-03, Len=sum([4.8, 4.6, 4.2])=13.5, ϰ=[5.0, 5.2, 4.6], ∫ϰ²/L>=[4.8, 6.1, 6.3], C-C-Sep=0.20, ║∇J║=6.9e-04
-----On 8/20 Initial Guess Perturbations
Iteration 2184/4500-----
J=1.2e-02, ⟨Jf⟩=1.2e-03, ⟨B·n⟩=8.3e-03, Len=sum([4.8, 4.6, 4.2])=13.5, ϰ=[5.0, 5.2, 4.6], ∫ϰ²/L>=[4.8, 6.1, 6.3], C-C-Sep=0.20, ║∇J║=5.8e-04
-----On 8/20 Initial Guess Perturbations
Iteration 2185/4500-----
J=1.2e-02, ⟨Jf⟩=1.2e-03, ⟨B·n⟩=8.3e-03, Len=sum([4.8, 4.6, 4.2])=13.5, ϰ=[4.9, 5.2, 4.6], ∫ϰ²/L>=[4.8, 6.1, 6.3], C-C-Sep=0.20, ║∇J║=5.2e-04
-----On 8/20 Initial Guess Perturbations
Iteration 2186/4500-----
J=1.2e-02, ⟨Jf⟩=1.2e-03, ⟨B·n⟩=8.3e-03, Len=sum([4.8, 4.6, 4.2])=13.5, ϰ=[4.9, 5.2, 4.6], ∫ϰ²/L>=[4.8, 6.1, 6.3], C-C-Sep=0.20, ║∇J║=7.3e-04
-----On 8/20 Initial Guess Perturbations
Iteration 2187/4500-----
J=1.2e-02, ⟨Jf⟩=1.2e-03, ⟨B·n⟩=8.3e-03, Len=sum([4.8, 4.6, 4.2])=13.5, ϰ=[4.9, 5.2, 4.6], ∫ϰ²/L>=[4.8, 6.1, 6.3], C-C-Sep=0.20, ║∇J║=7.4e-04
-----On 8/20 Initial Guess Perturbations
Iteration 2188/4500-----
J=1.2e-02, ⟨Jf⟩=1.2e-03, ⟨B·n⟩=8.3e-03, Len=sum([4.8, 4.6, 4.2])=13.5, ϰ=[4.9, 5.2, 4.6], ∫ϰ²/L>=[4.8, 6.1, 6.3], C-C-Sep=0.20, ║∇J║=6.5e-04
-----On 8/20 Initial Guess Perturbations
Iteration 2189/4500-----
J=1.2e-02, ⟨Jf⟩=1.2e-03, ⟨B·n⟩=8.3e-03, Len=sum([4.8, 4.6, 4.2])=13.5, ϰ=[4.9, 5.2, 4.6], ∫ϰ²/L>=[4.8, 6.1, 6.3], C-C-Sep=0.20, ║∇J║=5.5e-04
-----On 8/20 Initial Guess Perturbations
Iteration 2190/4500-----
J=1.2e-02, ⟨Jf⟩=1.2e-03, ⟨B·n⟩=8.3e-03, Len=sum([4.8, 4.6, 4.2])=13.5, ϰ=[4.9, 5.2, 4.6], ∫ϰ²/L>=[4.8, 6.1, 6.3], C-C-Sep=0.20, ║∇J║=5.6e-04
-----On 8/20 Initial Guess Perturbations
Iteration 2191/4500-----
J=1.2e-02, ⟨Jf⟩=1.2e-03, ⟨B·n⟩=8.3e-03, Len=sum([4.8, 4.6, 4.2])=13.5, ϰ=[4.9, 5.2, 4.6], ∫ϰ²/L>=[4.8, 6.1, 6.3], C-C-Sep=0.20, ║∇J║=6.0e-04
-----On 8/20 Initial Guess Perturbations
Iteration 2192/4500-----
J=1.2e-02, ⟨Jf⟩=1.2e-03, ⟨B·n⟩=8.3e-03, Len=sum([4.8, 4.6, 4.2])=13.5, ϰ=[4.9, 5.3, 4.6], ∫ϰ²/L>=[4.8, 6.1, 6.3], C-C-Sep=0.20, ║∇J║=5.7e-04
-----On 8/20 Initial Guess Perturbations
Iteration 2193/4500-----
J=1.2e-02, ⟨Jf⟩=1.2e-03, ⟨B·n⟩=8.3e-03, Len=sum([4.8, 4.6, 4.2])=13.5, ϰ=[4.9, 5.3, 4.6], ∫ϰ²/L>=[4.8, 6.1, 6.3], C-C-Sep=0.20, ║∇J║=6.4e-04
-----On 8/20 Initial Guess Perturbations
Iteration 2194/4500-----
J=1.2e-02, ⟨Jf⟩=1.2e-03, ⟨B·n⟩=8.3e-03, Len=sum([4.8, 4.6, 4.2])=13.5, ϰ=[4.9, 5.3, 4.6], ∫ϰ²/L>=[4.8, 6.1, 6.3], C-C-Sep=0.20, ║∇J║=5.9e-04
-----On 8/20 Initial Guess Perturbations
Iteration 2195/4500-----
J=1.2e-02, ⟨Jf⟩=1.2e-03, ⟨B·n⟩=8.3e-03, Len=sum([4.8, 4.6, 4.2])=13.5, ϰ=[4.9, 5.3, 4.6], ∫ϰ²/L>=[4.8, 6.1, 6.3], C-C-Sep=0.20, ║∇J║=5.4e-04
-----On 8/20 Initial Guess Perturbations
Iteration 2196/4500-----
J=1.2e-02, ⟨Jf⟩=1.2e-03, ⟨B·n⟩=8.3e-03, Len=sum([4.8, 4.6, 4.2])=13.5, ϰ=[4.9, 5.3, 4.6], ∫ϰ²/L>=[4.8, 6.1, 6.3], C-C-Sep=0.20, ║∇J║=6.4e-04
-----On 8/20 Initial Guess Perturbations
Iteration 2197/4500-----
J=1.2e-02, ⟨Jf⟩=1.2e-03, ⟨B·n⟩=8.3e-03, Len=sum([4.8, 4.6, 4.2])=13.5, ϰ=[4.9, 5.3, 4.6], ∫ϰ²/L>=[4.8, 6.1, 6.3], C-C-Sep=0.20, ║∇J║=9.0e-04
-----On 8/20 Initial Guess Perturbations
Iteration 2198/4500-----
J=1.2e-02, ⟨Jf⟩=1.2e-03, ⟨B·n⟩=8.3e-03, Len=sum([4.8, 4.6, 4.2])=13.5, ϰ=[4.9, 5.3, 4.6], ∫ϰ²/L>=[4.8, 6.1, 6.3], C-C-Sep=0.20, ║∇J║=7.1e-04
-----On 8/20 Initial Guess Perturbations
Iteration 2199/4500-----
J=1.2e-02, ⟨Jf⟩=1.2e-03, ⟨B·n⟩=8.3e-03, Len=sum([4.8, 4.6, 4.2])=13.5, ϰ=[4.9, 5.3, 4.6], ∫ϰ²/L>=[4.8, 6.1, 6.3], C-C-Sep=0.20, ║∇J║=6.5e-04
-----On 8/20 Initial Guess Perturbations
Iteration 2200/4500-----
J=1.2e-02, ⟨Jf⟩=1.2e-03, ⟨B·n⟩=8.3e-03, Len=sum([4.8, 4.6, 4.2])=13.5, ϰ=[4.9, 5.3, 4.6], ∫ϰ²/L>=[4.8, 6.1, 6.3], C-C-Sep=0.20, ║∇J║=5.2e-04
-----On 8/20 Initial Guess Perturbations
Iteration 2201/4500-----
J=1.2e-02, ⟨Jf⟩=1.2e-03, ⟨B·n⟩=8.3e-03, Len=sum([4.8, 4.6, 4.2])=13.5, ϰ=[4.9, 5.3, 4.6], ∫ϰ²/L>=[4.8, 6.1, 6.3], C-C-Sep=0.20, ║∇J║=5.4e-04
-----On 8/20 Initial Guess Perturbations
Iteration 2202/4500-----
J=1.2e-02, ⟨Jf⟩=1.2e-03, ⟨B·n⟩=8.3e-03, Len=sum([4.8, 4.6, 4.2])=13.5, ϰ=[4.9, 5.3, 4.6], ∫ϰ²/L>=[4.8, 6.1, 6.3], C-C-Sep=0.20, ║∇J║=7.1e-04
-----On 8/20 Initial Guess Perturbations
Iteration 2203/4500-----
J=1.2e-02, ⟨Jf⟩=1.2e-03, ⟨B·n⟩=8.3e-03, Len=sum([4.8, 4.6, 4.2])=13.5, ϰ=[4.9, 5.3, 4.6], ∫ϰ²/L>=[4.8, 6.1, 6.3], C-C-Sep=0.20, ║∇J║=5.6e-04
-----On 8/20 Initial Guess Perturbations
Iteration 2204/4500-----
J=1.2e-02, ⟨Jf⟩=1.2e-03, ⟨B·n⟩=8.3e-03, Len=sum([4.8, 4.6, 4.2])=13.5, ϰ=[4.9, 5.3, 4.6], ∫ϰ²/L>=[4.8, 6.1, 6.3], C-C-Sep=0.20, ║∇J║=6.3e-04
-----On 8/20 Initial Guess Perturbations
Iteration 2205/4500-----
J=1.2e-02, ⟨Jf⟩=1.2e-03, ⟨B·n⟩=8.3e-03, Len=sum([4.8, 4.6, 4.2])=13.5, ϰ=[4.9, 5.3, 4.6], ∫ϰ²/L>=[4.8, 6.1, 6.3], C-C-Sep=0.20, ║∇J║=6.6e-04
-----On 8/20 Initial Guess Perturbations
Iteration 2206/4500-----
J=1.2e-02, ⟨Jf⟩=1.2e-03, ⟨B·n⟩=8.3e-03, Len=sum([4.8, 4.6, 4.2])=13.5, ϰ=[4.9, 5.3, 4.6], ∫ϰ²/L>=[4.8, 6.1, 6.3], C-C-Sep=0.20, ║∇J║=6.0e-04
-----On 8/20 Initial Guess Perturbations
Iteration 2207/4500-----
J=1.2e-02, ⟨Jf⟩=1.2e-03, ⟨B·n⟩=8.3e-03, Len=sum([4.8, 4.6, 4.2])=13.5, ϰ=[4.9, 5.3, 4.6], ∫ϰ²/L>=[4.8, 6.1, 6.3], C-C-Sep=0.20, ║∇J║=7.4e-04
-----On 8/20 Initial Guess Perturbations
Iteration 2208/4500-----
J=1.2e-02, ⟨Jf⟩=1.2e-03, ⟨B·n⟩=8.3e-03, Len=sum([4.8, 4.6, 4.2])=13.5, ϰ=[4.9, 5.2, 4.6], ∫ϰ²/L>=[4.8, 6.1, 6.3], C-C-Sep=0.20, ║∇J║=7.5e-04
-----On 8/20 Initial Guess Perturbations
Iteration 2209/4500-----
J=1.2e-02, ⟨Jf⟩=1.2e-03, ⟨B·n⟩=8.3e-03, Len=sum([4.8, 4.6, 4.2])=13.5, ϰ=[4.9, 5.2, 4.6], ∫ϰ²/L>=[4.8, 6.1, 6.3], C-C-Sep=0.20, ║∇J║=6.3e-04
-----On 8/20 Initial Guess Perturbations
Iteration 2210/4500-----
J=1.2e-02, ⟨Jf⟩=1.2e-03, ⟨B·n⟩=8.3e-03, Len=sum([4.8, 4.6, 4.2])=13.5, ϰ=[4.9, 5.2, 4.6], ∫ϰ²/L>=[4.8, 6.1, 6.3], C-C-Sep=0.20, ║∇J║=5.3e-04
-----On 8/20 Initial Guess Perturbations
Iteration 2211/4500-----
J=1.2e-02, ⟨Jf⟩=1.2e-03, ⟨B·n⟩=8.3e-03, Len=sum([4.8, 4.6, 4.2])=13.5, ϰ=[4.8, 5.2, 4.6], ∫ϰ²/L>=[4.8, 6.1, 6.3], C-C-Sep=0.20, ║∇J║=6.1e-04
-----On 8/20 Initial Guess Perturbations
Iteration 2212/4500-----
J=1.2e-02, ⟨Jf⟩=1.2e-03, ⟨B·n⟩=8.3e-03, Len=sum([4.8, 4.6, 4.2])=13.5, ϰ=[4.8, 5.2, 4.6], ∫ϰ²/L>=[4.8, 6.1, 6.3], C-C-Sep=0.20, ║∇J║=6.4e-04
-----On 8/20 Initial Guess Perturbations
Iteration 2213/4500-----
J=1.2e-02, ⟨Jf⟩=1.2e-03, ⟨B·n⟩=8.3e-03, Len=sum([4.8, 4.6, 4.2])=13.5, ϰ=[4.8, 5.2, 4.6], ∫ϰ²/L>=[4.8, 6.1, 6.3], C-C-Sep=0.20, ║∇J║=5.5e-04
-----On 8/20 Initial Guess Perturbations
Iteration 2214/4500-----
J=1.2e-02, ⟨Jf⟩=1.2e-03, ⟨B·n⟩=8.3e-03, Len=sum([4.8, 4.6, 4.2])=13.5, ϰ=[4.8, 5.2, 4.6], ∫ϰ²/L>=[4.8, 6.1, 6.3], C-C-Sep=0.20, ║∇J║=5.7e-04
-----On 8/20 Initial Guess Perturbations
Iteration 2215/4500-----
J=1.2e-02, ⟨Jf⟩=1.2e-03, ⟨B·n⟩=8.3e-03, Len=sum([4.8, 4.6, 4.2])=13.5, ϰ=[4.9, 5.2, 4.6], ∫ϰ²/L>=[4.8, 6.1, 6.3], C-C-Sep=0.20, ║∇J║=5.6e-04
-----On 8/20 Initial Guess Perturbations
Iteration 2216/4500-----
J=1.2e-02, ⟨Jf⟩=1.2e-03, ⟨B·n⟩=8.3e-03, Len=sum([4.8, 4.6, 4.2])=13.5, ϰ=[4.9, 5.2, 4.6], ∫ϰ²/L>=[4.8, 6.1, 6.3], C-C-Sep=0.20, ║∇J║=6.4e-04
-----On 8/20 Initial Guess Perturbations
Iteration 2217/4500-----
J=1.2e-02, ⟨Jf⟩=1.2e-03, ⟨B·n⟩=8.3e-03, Len=sum([4.8, 4.6, 4.2])=13.5, ϰ=[4.9, 5.2, 4.6], ∫ϰ²/L>=[4.8, 6.1, 6.3], C-C-Sep=0.20, ║∇J║=7.7e-04
-----On 8/20 Initial Guess Perturbations
Iteration 2218/4500-----
J=1.2e-02, ⟨Jf⟩=1.2e-03, ⟨B·n⟩=8.3e-03, Len=sum([4.8, 4.6, 4.2])=13.5, ϰ=[4.9, 5.2, 4.6], ∫ϰ²/L>=[4.8, 6.1, 6.3], C-C-Sep=0.20, ║∇J║=6.2e-04
-----On 8/20 Initial Guess Perturbations
Iteration 2219/4500-----
J=1.2e-02, ⟨Jf⟩=1.2e-03, ⟨B·n⟩=8.3e-03, Len=sum([4.8, 4.6, 4.2])=13.5, ϰ=[4.9, 5.2, 4.6], ∫ϰ²/L>=[4.8, 6.1, 6.3], C-C-Sep=0.20, ║∇J║=5.9e-04
-----On 8/20 Initial Guess Perturbations
Iteration 2220/4500-----
J=1.2e-02, ⟨Jf⟩=1.2e-03, ⟨B·n⟩=8.3e-03, Len=sum([4.8, 4.6, 4.2])=13.5, ϰ=[4.9, 5.2, 4.6], ∫ϰ²/L>=[4.8, 6.1, 6.3], C-C-Sep=0.20, ║∇J║=6.1e-04
-----On 8/20 Initial Guess Perturbations
Iteration 2221/4500-----
J=1.2e-02, ⟨Jf⟩=1.2e-03, ⟨B·n⟩=8.3e-03, Len=sum([4.8, 4.6, 4.2])=13.5, ϰ=[4.9, 5.3, 4.6], ∫ϰ²/L>=[4.8, 6.1, 6.3], C-C-Sep=0.20, ║∇J║=6.0e-04
-----On 8/20 Initial Guess Perturbations
Iteration 2222/4500-----
J=1.2e-02, ⟨Jf⟩=1.2e-03, ⟨B·n⟩=8.3e-03, Len=sum([4.8, 4.6, 4.2])=13.5, ϰ=[4.9, 5.3, 4.6], ∫ϰ²/L>=[4.8, 6.1, 6.3], C-C-Sep=0.20, ║∇J║=5.9e-04
-----On 8/20 Initial Guess Perturbations
Iteration 2223/4500-----
J=1.2e-02, ⟨Jf⟩=1.2e-03, ⟨B·n⟩=8.3e-03, Len=sum([4.8, 4.6, 4.2])=13.5, ϰ=[4.9, 5.3, 4.6], ∫ϰ²/L>=[4.8, 6.1, 6.3], C-C-Sep=0.20, ║∇J║=5.8e-04
-----On 8/20 Initial Guess Perturbations
Iteration 2224/4500-----
J=1.2e-02, ⟨Jf⟩=1.2e-03, ⟨B·n⟩=8.3e-03, Len=sum([4.8, 4.6, 4.2])=13.5, ϰ=[4.9, 5.3, 4.6], ∫ϰ²/L>=[4.8, 6.1, 6.3], C-C-Sep=0.20, ║∇J║=5.7e-04
-----On 8/20 Initial Guess Perturbations
Iteration 2225/4500-----
J=1.2e-02, ⟨Jf⟩=1.2e-03, ⟨B·n⟩=8.3e-03, Len=sum([4.8, 4.6, 4.2])=13.5, ϰ=[4.9, 5.3, 4.6], ∫ϰ²/L>=[4.8, 6.1, 6.3], C-C-Sep=0.20, ║∇J║=6.6e-04
-----On 8/20 Initial Guess Perturbations
Iteration 2226/4500-----
J=1.2e-02, ⟨Jf⟩=1.2e-03, ⟨B·n⟩=8.3e-03, Len=sum([4.8, 4.6, 4.2])=13.5, ϰ=[4.9, 5.3, 4.6], ∫ϰ²/L>=[4.8, 6.1, 6.3], C-C-Sep=0.20, ║∇J║=6.5e-04
-----On 8/20 Initial Guess Perturbations
Iteration 2227/4500-----
J=1.2e-02, ⟨Jf⟩=1.2e-03, ⟨B·n⟩=8.3e-03, Len=sum([4.8, 4.6, 4.2])=13.5, ϰ=[4.9, 5.3, 4.6], ∫ϰ²/L>=[4.8, 6.1, 6.3], C-C-Sep=0.20, ║∇J║=7.6e-04
-----On 8/20 Initial Guess Perturbations
Iteration 2228/4500-----
J=1.2e-02, ⟨Jf⟩=1.2e-03, ⟨B·n⟩=8.3e-03, Len=sum([4.8, 4.6, 4.2])=13.5, ϰ=[4.9, 5.3, 4.6], ∫ϰ²/L>=[4.8, 6.1, 6.3], C-C-Sep=0.20, ║∇J║=7.6e-04
-----On 8/20 Initial Guess Perturbations
Iteration 2229/4500-----
J=1.2e-02, ⟨Jf⟩=1.2e-03, ⟨B·n⟩=8.3e-03, Len=sum([4.8, 4.6, 4.2])=13.5, ϰ=[4.9, 5.3, 4.6], ∫ϰ²/L>=[4.8, 6.1, 6.3], C-C-Sep=0.20, ║∇J║=6.1e-04
-----On 8/20 Initial Guess Perturbations
Iteration 2230/4500-----
J=1.2e-02, ⟨Jf⟩=1.2e-03, ⟨B·n⟩=8.3e-03, Len=sum([4.8, 4.6, 4.2])=13.5, ϰ=[4.9, 5.3, 4.6], ∫ϰ²/L>=[4.8, 6.1, 6.3], C-C-Sep=0.20, ║∇J║=5.1e-04
-----On 8/20 Initial Guess Perturbations
Iteration 2231/4500-----
J=1.2e-02, ⟨Jf⟩=1.2e-03, ⟨B·n⟩=8.3e-03, Len=sum([4.8, 4.6, 4.2])=13.5, ϰ=[4.9, 5.2, 4.6], ∫ϰ²/L>=[4.8, 6.1, 6.3], C-C-Sep=0.20, ║∇J║=5.5e-04
-----On 8/20 Initial Guess Perturbations
Iteration 2232/4500-----
J=1.2e-02, ⟨Jf⟩=1.2e-03, ⟨B·n⟩=8.3e-03, Len=sum([4.8, 4.6, 4.2])=13.5, ϰ=[4.9, 5.2, 4.6], ∫ϰ²/L>=[4.8, 6.1, 6.3], C-C-Sep=0.20, ║∇J║=6.3e-04
-----On 8/20 Initial Guess Perturbations
Iteration 2233/4500-----
J=1.2e-02, ⟨Jf⟩=1.2e-03, ⟨B·n⟩=8.3e-03, Len=sum([4.8, 4.6, 4.2])=13.5, ϰ=[4.9, 5.2, 4.6], ∫ϰ²/L>=[4.8, 6.1, 6.3], C-C-Sep=0.20, ║∇J║=6.2e-04
-----On 8/20 Initial Guess Perturbations
Iteration 2234/4500-----
J=1.2e-02, ⟨Jf⟩=1.2e-03, ⟨B·n⟩=8.3e-03, Len=sum([4.8, 4.6, 4.2])=13.5, ϰ=[4.9, 5.2, 4.6], ∫ϰ²/L>=[4.8, 6.1, 6.3], C-C-Sep=0.20, ║∇J║=6.9e-04
-----On 8/20 Initial Guess Perturbations
Iteration 2235/4500-----
J=1.2e-02, ⟨Jf⟩=1.2e-03, ⟨B·n⟩=8.3e-03, Len=sum([4.8, 4.6, 4.2])=13.5, ϰ=[4.9, 5.2, 4.6], ∫ϰ²/L>=[4.8, 6.1, 6.3], C-C-Sep=0.20, ║∇J║=6.3e-04
-----On 8/20 Initial Guess Perturbations
Iteration 2236/4500-----
J=1.2e-02, ⟨Jf⟩=1.2e-03, ⟨B·n⟩=8.3e-03, Len=sum([4.8, 4.6, 4.2])=13.5, ϰ=[4.9, 5.2, 4.6], ∫ϰ²/L>=[4.8, 6.1, 6.3], C-C-Sep=0.20, ║∇J║=6.5e-04
-----On 8/20 Initial Guess Perturbations
Iteration 2237/4500-----
J=1.2e-02, ⟨Jf⟩=1.2e-03, ⟨B·n⟩=8.3e-03, Len=sum([4.8, 4.6, 4.2])=13.5, ϰ=[4.9, 5.2, 4.6], ∫ϰ²/L>=[4.8, 6.1, 6.3], C-C-Sep=0.20, ║∇J║=6.3e-04
-----On 8/20 Initial Guess Perturbations
Iteration 2238/4500-----
J=1.2e-02, ⟨Jf⟩=1.2e-03, ⟨B·n⟩=8.3e-03, Len=sum([4.8, 4.6, 4.2])=13.5, ϰ=[4.9, 5.2, 4.6], ∫ϰ²/L>=[4.8, 6.1, 6.3], C-C-Sep=0.20, ║∇J║=7.4e-04
-----On 8/20 Initial Guess Perturbations
Iteration 2239/4500-----
J=1.2e-02, ⟨Jf⟩=1.2e-03, ⟨B·n⟩=8.3e-03, Len=sum([4.8, 4.6, 4.2])=13.5, ϰ=[4.9, 5.2, 4.6], ∫ϰ²/L>=[4.8, 6.1, 6.3], C-C-Sep=0.20, ║∇J║=6.6e-04
-----On 8/20 Initial Guess Perturbations
Iteration 2240/4500-----
J=1.2e-02, ⟨Jf⟩=1.2e-03, ⟨B·n⟩=8.3e-03, Len=sum([4.8, 4.6, 4.2])=13.5, ϰ=[4.9, 5.2, 4.6], ∫ϰ²/L>=[4.8, 6.1, 6.3], C-C-Sep=0.20, ║∇J║=6.7e-04
-----On 8/20 Initial Guess Perturbations
Iteration 2241/4500-----
J=1.2e-02, ⟨Jf⟩=1.2e-03, ⟨B·n⟩=8.3e-03, Len=sum([4.8, 4.6, 4.2])=13.5, ϰ=[4.9, 5.2, 4.6], ∫ϰ²/L>=[4.8, 6.1, 6.3], C-C-Sep=0.20, ║∇J║=1.2e-03
-----On 8/20 Initial Guess Perturbations
Iteration 2242/4500-----
J=1.2e-02, ⟨Jf⟩=1.2e-03, ⟨B·n⟩=8.3e-03, Len=sum([4.8, 4.6, 4.2])=13.5, ϰ=[4.9, 5.2, 4.6], ∫ϰ²/L>=[4.8, 6.1, 6.3], C-C-Sep=0.20, ║∇J║=7.6e-04
-----On 8/20 Initial Guess Perturbations
Iteration 2243/4500-----
J=1.2e-02, ⟨Jf⟩=1.2e-03, ⟨B·n⟩=8.3e-03, Len=sum([4.8, 4.6, 4.2])=13.5, ϰ=[4.9, 5.3, 4.6], ∫ϰ²/L>=[4.8, 6.1, 6.3], C-C-Sep=0.20, ║∇J║=9.5e-04
-----On 8/20 Initial Guess Perturbations
Iteration 2244/4500-----
J=1.2e-02, ⟨Jf⟩=1.2e-03, ⟨B·n⟩=8.3e-03, Len=sum([4.8, 4.6, 4.2])=13.5, ϰ=[4.9, 5.3, 4.6], ∫ϰ²/L>=[4.8, 6.1, 6.3], C-C-Sep=0.20, ║∇J║=6.2e-04
-----On 8/20 Initial Guess Perturbations
Iteration 2245/4500-----
J=1.2e-02, ⟨Jf⟩=1.2e-03, ⟨B·n⟩=8.3e-03, Len=sum([4.8, 4.6, 4.2])=13.5, ϰ=[4.9, 5.3, 4.6], ∫ϰ²/L>=[4.8, 6.1, 6.3], C-C-Sep=0.20, ║∇J║=6.2e-04
-----On 8/20 Initial Guess Perturbations
Iteration 2246/4500-----
J=1.2e-02, ⟨Jf⟩=1.2e-03, ⟨B·n⟩=8.3e-03, Len=sum([4.8, 4.6, 4.2])=13.5, ϰ=[4.9, 5.3, 4.6], ∫ϰ²/L>=[4.8, 6.1, 6.3], C-C-Sep=0.20, ║∇J║=6.0e-04
-----On 8/20 Initial Guess Perturbations
Iteration 2247/4500-----
J=1.2e-02, ⟨Jf⟩=1.2e-03, ⟨B·n⟩=8.3e-03, Len=sum([4.8, 4.6, 4.2])=13.5, ϰ=[4.9, 5.3, 4.6], ∫ϰ²/L>=[4.8, 6.1, 6.3], C-C-Sep=0.20, ║∇J║=6.5e-04
-----On 8/20 Initial Guess Perturbations
Iteration 2248/4500-----
J=1.2e-02, ⟨Jf⟩=1.2e-03, ⟨B·n⟩=8.3e-03, Len=sum([4.8, 4.6, 4.2])=13.5, ϰ=[4.9, 5.3, 4.6], ∫ϰ²/L>=[4.8, 6.1, 6.3], C-C-Sep=0.20, ║∇J║=6.9e-04
-----On 8/20 Initial Guess Perturbations
Iteration 2249/4500-----
J=1.2e-02, ⟨Jf⟩=1.2e-03, ⟨B·n⟩=8.3e-03, Len=sum([4.8, 4.6, 4.2])=13.5, ϰ=[4.9, 5.2, 4.6], ∫ϰ²/L>=[4.8, 6.1, 6.3], C-C-Sep=0.20, ║∇J║=6.6e-04
-----On 8/20 Initial Guess Perturbations
Iteration 2250/4500-----
J=1.2e-02, ⟨Jf⟩=1.2e-03, ⟨B·n⟩=8.3e-03, Len=sum([4.8, 4.6, 4.2])=13.5, ϰ=[4.9, 5.2, 4.6], ∫ϰ²/L>=[4.8, 6.1, 6.3], C-C-Sep=0.20, ║∇J║=8.3e-04
-----On 8/20 Initial Guess Perturbations
Iteration 2251/4500-----
J=1.2e-02, ⟨Jf⟩=1.2e-03, ⟨B·n⟩=8.3e-03, Len=sum([4.8, 4.6, 4.2])=13.5, ϰ=[4.9, 5.2, 4.6], ∫ϰ²/L>=[4.8, 6.1, 6.3], C-C-Sep=0.20, ║∇J║=9.5e-04
-----On 8/20 Initial Guess Perturbations
Iteration 2252/4500-----
J=1.2e-02, ⟨Jf⟩=1.2e-03, ⟨B·n⟩=8.3e-03, Len=sum([4.8, 4.6, 4.2])=13.5, ϰ=[4.9, 5.2, 4.6], ∫ϰ²/L>=[4.8, 6.1, 6.3], C-C-Sep=0.20, ║∇J║=1.1e-03
-----On 8/20 Initial Guess Perturbations
Iteration 2253/4500-----
J=1.2e-02, ⟨Jf⟩=1.2e-03, ⟨B·n⟩=8.3e-03, Len=sum([4.8, 4.6, 4.2])=13.5, ϰ=[4.9, 5.2, 4.6], ∫ϰ²/L>=[4.8, 6.1, 6.3], C-C-Sep=0.20, ║∇J║=7.4e-04
-----On 8/20 Initial Guess Perturbations
Iteration 2254/4500-----
J=1.2e-02, ⟨Jf⟩=1.2e-03, ⟨B·n⟩=8.3e-03, Len=sum([4.8, 4.6, 4.2])=13.5, ϰ=[4.9, 5.2, 4.6], ∫ϰ²/L>=[4.8, 6.1, 6.3], C-C-Sep=0.20, ║∇J║=5.7e-04
-----On 8/20 Initial Guess Perturbations
Iteration 2255/4500-----
J=1.2e-02, ⟨Jf⟩=1.2e-03, ⟨B·n⟩=8.3e-03, Len=sum([4.8, 4.6, 4.2])=13.5, ϰ=[4.9, 5.2, 4.6], ∫ϰ²/L>=[4.8, 6.1, 6.3], C-C-Sep=0.20, ║∇J║=6.3e-04
-----On 8/20 Initial Guess Perturbations
Iteration 2256/4500-----
J=1.2e-02, ⟨Jf⟩=1.2e-03, ⟨B·n⟩=8.3e-03, Len=sum([4.8, 4.6, 4.2])=13.5, ϰ=[4.9, 5.2, 4.6], ∫ϰ²/L>=[4.8, 6.1, 6.3], C-C-Sep=0.20, ║∇J║=6.5e-04
-----On 8/20 Initial Guess Perturbations
Iteration 2257/4500-----
J=1.2e-02, ⟨Jf⟩=1.2e-03, ⟨B·n⟩=8.3e-03, Len=sum([4.8, 4.6, 4.2])=13.5, ϰ=[4.9, 5.2, 4.6], ∫ϰ²/L>=[4.8, 6.1, 6.3], C-C-Sep=0.20, ║∇J║=5.4e-04
-----On 8/20 Initial Guess Perturbations
Iteration 2258/4500-----
J=1.2e-02, ⟨Jf⟩=1.2e-03, ⟨B·n⟩=8.3e-03, Len=sum([4.8, 4.6, 4.2])=13.5, ϰ=[4.9, 5.2, 4.6], ∫ϰ²/L>=[4.8, 6.1, 6.3], C-C-Sep=0.20, ║∇J║=5.6e-04
-----On 8/20 Initial Guess Perturbations
Iteration 2259/4500-----
J=1.2e-02, ⟨Jf⟩=1.2e-03, ⟨B·n⟩=8.3e-03, Len=sum([4.8, 4.6, 4.2])=13.5, ϰ=[4.9, 5.2, 4.6], ∫ϰ²/L>=[4.8, 6.1, 6.3], C-C-Sep=0.20, ║∇J║=7.2e-04
-----On 8/20 Initial Guess Perturbations
Iteration 2260/4500-----
J=1.2e-02, ⟨Jf⟩=1.2e-03, ⟨B·n⟩=8.3e-03, Len=sum([4.8, 4.6, 4.2])=13.5, ϰ=[4.9, 5.2, 4.6], ∫ϰ²/L>=[4.8, 6.1, 6.3], C-C-Sep=0.20, ║∇J║=7.1e-04
-----On 8/20 Initial Guess Perturbations
Iteration 2261/4500-----
J=1.2e-02, ⟨Jf⟩=1.2e-03, ⟨B·n⟩=8.3e-03, Len=sum([4.8, 4.6, 4.2])=13.5, ϰ=[4.9, 5.2, 4.6], ∫ϰ²/L>=[4.8, 6.1, 6.3], C-C-Sep=0.20, ║∇J║=6.6e-04
-----On 8/20 Initial Guess Perturbations
Iteration 2262/4500-----
J=1.2e-02, ⟨Jf⟩=1.2e-03, ⟨B·n⟩=8.3e-03, Len=sum([4.8, 4.6, 4.2])=13.5, ϰ=[4.9, 5.2, 4.5], ∫ϰ²/L>=[4.8, 6.1, 6.3], C-C-Sep=0.20, ║∇J║=7.2e-04
-----On 8/20 Initial Guess Perturbations
Iteration 2263/4500-----
J=1.2e-02, ⟨Jf⟩=1.2e-03, ⟨B·n⟩=8.3e-03, Len=sum([4.8, 4.6, 4.2])=13.5, ϰ=[4.9, 5.2, 4.5], ∫ϰ²/L>=[4.8, 6.1, 6.3], C-C-Sep=0.20, ║∇J║=6.5e-04
-----On 8/20 Initial Guess Perturbations
Iteration 2264/4500-----
J=1.2e-02, ⟨Jf⟩=1.2e-03, ⟨B·n⟩=8.3e-03, Len=sum([4.8, 4.6, 4.2])=13.5, ϰ=[4.9, 5.2, 4.5], ∫ϰ²/L>=[4.8, 6.1, 6.3], C-C-Sep=0.20, ║∇J║=7.2e-04
-----On 8/20 Initial Guess Perturbations
Iteration 2265/4500-----
J=1.2e-02, ⟨Jf⟩=1.2e-03, ⟨B·n⟩=8.3e-03, Len=sum([4.8, 4.6, 4.2])=13.5, ϰ=[4.9, 5.2, 4.5], ∫ϰ²/L>=[4.8, 6.1, 6.3], C-C-Sep=0.20, ║∇J║=8.4e-04
-----On 8/20 Initial Guess Perturbations
Iteration 2266/4500-----
J=1.2e-02, ⟨Jf⟩=1.2e-03, ⟨B·n⟩=8.3e-03, Len=sum([4.8, 4.6, 4.2])=13.5, ϰ=[4.9, 5.2, 4.5], ∫ϰ²/L>=[4.8, 6.1, 6.3], C-C-Sep=0.20, ║∇J║=7.6e-04
-----On 8/20 Initial Guess Perturbations
Iteration 2267/4500-----
J=1.2e-02, ⟨Jf⟩=1.2e-03, ⟨B·n⟩=8.3e-03, Len=sum([4.8, 4.6, 4.2])=13.5, ϰ=[4.9, 5.2, 4.5], ∫ϰ²/L>=[4.8, 6.1, 6.3], C-C-Sep=0.20, ║∇J║=7.4e-04
-----On 8/20 Initial Guess Perturbations
Iteration 2268/4500-----
J=1.2e-02, ⟨Jf⟩=1.2e-03, ⟨B·n⟩=8.3e-03, Len=sum([4.8, 4.6, 4.2])=13.5, ϰ=[4.9, 5.2, 4.6], ∫ϰ²/L>=[4.8, 6.1, 6.3], C-C-Sep=0.20, ║∇J║=8.7e-04
-----On 8/20 Initial Guess Perturbations
Iteration 2269/4500-----
J=1.2e-02, ⟨Jf⟩=1.2e-03, ⟨B·n⟩=8.3e-03, Len=sum([4.8, 4.6, 4.2])=13.5, ϰ=[4.9, 5.2, 4.6], ∫ϰ²/L>=[4.8, 6.1, 6.3], C-C-Sep=0.20, ║∇J║=1.1e-03
-----On 8/20 Initial Guess Perturbations
Iteration 2270/4500-----
J=1.2e-02, ⟨Jf⟩=1.2e-03, ⟨B·n⟩=8.3e-03, Len=sum([4.8, 4.6, 4.2])=13.5, ϰ=[4.9, 5.3, 4.6], ∫ϰ²/L>=[4.8, 6.1, 6.3], C-C-Sep=0.20, ║∇J║=7.1e-04
-----On 8/20 Initial Guess Perturbations
Iteration 2271/4500-----
J=1.2e-02, ⟨Jf⟩=1.2e-03, ⟨B·n⟩=8.3e-03, Len=sum([4.8, 4.6, 4.2])=13.5, ϰ=[4.9, 5.2, 4.6], ∫ϰ²/L>=[4.8, 6.1, 6.3], C-C-Sep=0.20, ║∇J║=5.8e-04
-----On 8/20 Initial Guess Perturbations
Iteration 2272/4500-----
J=1.2e-02, ⟨Jf⟩=1.2e-03, ⟨B·n⟩=8.3e-03, Len=sum([4.8, 4.6, 4.2])=13.5, ϰ=[4.9, 5.3, 4.6], ∫ϰ²/L>=[4.8, 6.1, 6.3], C-C-Sep=0.20, ║∇J║=4.8e-04
-----On 8/20 Initial Guess Perturbations
Iteration 2273/4500-----
J=1.2e-02, ⟨Jf⟩=1.2e-03, ⟨B·n⟩=8.3e-03, Len=sum([4.8, 4.6, 4.2])=13.5, ϰ=[4.9, 5.3, 4.5], ∫ϰ²/L>=[4.8, 6.1, 6.3], C-C-Sep=0.20, ║∇J║=5.9e-04
-----On 8/20 Initial Guess Perturbations
Iteration 2274/4500-----
J=1.2e-02, ⟨Jf⟩=1.2e-03, ⟨B·n⟩=8.3e-03, Len=sum([4.8, 4.6, 4.2])=13.5, ϰ=[4.9, 5.3, 4.5], ∫ϰ²/L>=[4.8, 6.1, 6.3], C-C-Sep=0.20, ║∇J║=6.7e-04
-----On 8/20 Initial Guess Perturbations
Iteration 2275/4500-----
J=1.2e-02, ⟨Jf⟩=1.2e-03, ⟨B·n⟩=8.3e-03, Len=sum([4.8, 4.6, 4.2])=13.5, ϰ=[4.9, 5.3, 4.5], ∫ϰ²/L>=[4.8, 6.1, 6.3], C-C-Sep=0.20, ║∇J║=7.2e-04
-----On 8/20 Initial Guess Perturbations
Iteration 2276/4500-----
J=1.2e-02, ⟨Jf⟩=1.2e-03, ⟨B·n⟩=8.3e-03, Len=sum([4.8, 4.6, 4.2])=13.5, ϰ=[4.9, 5.2, 4.5], ∫ϰ²/L>=[4.8, 6.1, 6.3], C-C-Sep=0.20, ║∇J║=7.5e-04
-----On 8/20 Initial Guess Perturbations
Iteration 2277/4500-----
J=1.2e-02, ⟨Jf⟩=1.2e-03, ⟨B·n⟩=8.3e-03, Len=sum([4.8, 4.6, 4.2])=13.5, ϰ=[4.9, 5.3, 4.5], ∫ϰ²/L>=[4.8, 6.1, 6.3], C-C-Sep=0.20, ║∇J║=7.3e-04
-----On 8/20 Initial Guess Perturbations
Iteration 2278/4500-----
J=1.2e-02, ⟨Jf⟩=1.2e-03, ⟨B·n⟩=8.3e-03, Len=sum([4.8, 4.6, 4.2])=13.5, ϰ=[4.9, 5.2, 4.5], ∫ϰ²/L>=[4.8, 6.1, 6.3], C-C-Sep=0.20, ║∇J║=7.7e-04
-----On 8/20 Initial Guess Perturbations
Iteration 2279/4500-----
J=1.2e-02, ⟨Jf⟩=1.2e-03, ⟨B·n⟩=8.3e-03, Len=sum([4.8, 4.6, 4.2])=13.5, ϰ=[4.9, 5.3, 4.5], ∫ϰ²/L>=[4.8, 6.1, 6.3], C-C-Sep=0.20, ║∇J║=7.4e-04
-----On 8/20 Initial Guess Perturbations
Iteration 2280/4500-----
J=1.2e-02, ⟨Jf⟩=1.2e-03, ⟨B·n⟩=8.3e-03, Len=sum([4.8, 4.6, 4.2])=13.5, ϰ=[4.9, 5.3, 4.5], ∫ϰ²/L>=[4.8, 6.1, 6.3], C-C-Sep=0.20, ║∇J║=7.5e-04
-----On 8/20 Initial Guess Perturbations
Iteration 2281/4500-----
J=1.2e-02, ⟨Jf⟩=1.2e-03, ⟨B·n⟩=8.3e-03, Len=sum([4.8, 4.6, 4.2])=13.5, ϰ=[4.9, 5.3, 4.5], ∫ϰ²/L>=[4.8, 6.1, 6.3], C-C-Sep=0.20, ║∇J║=9.0e-04
-----On 8/20 Initial Guess Perturbations
Iteration 2282/4500-----
J=1.2e-02, ⟨Jf⟩=1.2e-03, ⟨B·n⟩=8.3e-03, Len=sum([4.8, 4.6, 4.2])=13.5, ϰ=[4.9, 5.3, 4.5], ∫ϰ²/L>=[4.8, 6.1, 6.3], C-C-Sep=0.20, ║∇J║=5.9e-04
-----On 8/20 Initial Guess Perturbations
Iteration 2283/4500-----
J=1.2e-02, ⟨Jf⟩=1.2e-03, ⟨B·n⟩=8.3e-03, Len=sum([4.8, 4.6, 4.2])=13.5, ϰ=[4.9, 5.3, 4.6], ∫ϰ²/L>=[4.8, 6.1, 6.3], C-C-Sep=0.20, ║∇J║=5.9e-04
-----On 8/20 Initial Guess Perturbations
Iteration 2284/4500-----
J=1.2e-02, ⟨Jf⟩=1.2e-03, ⟨B·n⟩=8.3e-03, Len=sum([4.8, 4.6, 4.2])=13.5, ϰ=[4.9, 5.3, 4.6], ∫ϰ²/L>=[4.8, 6.1, 6.3], C-C-Sep=0.20, ║∇J║=6.4e-04
-----On 8/20 Initial Guess Perturbations
Iteration 2285/4500-----
J=1.2e-02, ⟨Jf⟩=1.2e-03, ⟨B·n⟩=8.3e-03, Len=sum([4.8, 4.6, 4.2])=13.5, ϰ=[4.9, 5.3, 4.6], ∫ϰ²/L>=[4.8, 6.1, 6.3], C-C-Sep=0.20, ║∇J║=7.8e-04
-----On 8/20 Initial Guess Perturbations
Iteration 2286/4500-----
J=1.2e-02, ⟨Jf⟩=1.2e-03, ⟨B·n⟩=8.3e-03, Len=sum([4.8, 4.6, 4.2])=13.5, ϰ=[4.9, 5.3, 4.6], ∫ϰ²/L>=[4.8, 6.1, 6.3], C-C-Sep=0.20, ║∇J║=7.4e-04
-----On 8/20 Initial Guess Perturbations
Iteration 2287/4500-----
J=1.2e-02, ⟨Jf⟩=1.2e-03, ⟨B·n⟩=8.3e-03, Len=sum([4.8, 4.6, 4.2])=13.5, ϰ=[4.9, 5.3, 4.6], ∫ϰ²/L>=[4.8, 6.1, 6.3], C-C-Sep=0.20, ║∇J║=7.4e-04
-----On 8/20 Initial Guess Perturbations
Iteration 2288/4500-----
J=1.2e-02, ⟨Jf⟩=1.2e-03, ⟨B·n⟩=8.3e-03, Len=sum([4.8, 4.6, 4.2])=13.5, ϰ=[4.9, 5.3, 4.6], ∫ϰ²/L>=[4.8, 6.1, 6.3], C-C-Sep=0.20, ║∇J║=6.8e-04
-----On 8/20 Initial Guess Perturbations
Iteration 2289/4500-----
J=1.2e-02, ⟨Jf⟩=1.2e-03, ⟨B·n⟩=8.3e-03, Len=sum([4.8, 4.6, 4.2])=13.5, ϰ=[4.9, 5.3, 4.6], ∫ϰ²/L>=[4.8, 6.1, 6.3], C-C-Sep=0.20, ║∇J║=8.3e-04
-----On 8/20 Initial Guess Perturbations
Iteration 2290/4500-----
J=1.2e-02, ⟨Jf⟩=1.2e-03, ⟨B·n⟩=8.3e-03, Len=sum([4.8, 4.6, 4.2])=13.5, ϰ=[4.9, 5.3, 4.6], ∫ϰ²/L>=[4.8, 6.2, 6.3], C-C-Sep=0.20, ║∇J║=7.5e-04
-----On 8/20 Initial Guess Perturbations
Iteration 2291/4500-----
J=1.2e-02, ⟨Jf⟩=1.2e-03, ⟨B·n⟩=8.3e-03, Len=sum([4.8, 4.6, 4.2])=13.5, ϰ=[4.9, 5.3, 4.6], ∫ϰ²/L>=[4.8, 6.2, 6.3], C-C-Sep=0.20, ║∇J║=6.2e-04
-----On 8/20 Initial Guess Perturbations
Iteration 2292/4500-----
J=1.2e-02, ⟨Jf⟩=1.2e-03, ⟨B·n⟩=8.3e-03, Len=sum([4.8, 4.6, 4.2])=13.5, ϰ=[4.9, 5.3, 4.6], ∫ϰ²/L>=[4.8, 6.2, 6.3], C-C-Sep=0.20, ║∇J║=8.5e-04
-----On 8/20 Initial Guess Perturbations
Iteration 2293/4500-----
J=1.2e-02, ⟨Jf⟩=1.2e-03, ⟨B·n⟩=8.3e-03, Len=sum([4.8, 4.6, 4.2])=13.5, ϰ=[4.9, 5.3, 4.6], ∫ϰ²/L>=[4.8, 6.2, 6.3], C-C-Sep=0.20, ║∇J║=7.1e-04
-----On 8/20 Initial Guess Perturbations
Iteration 2294/4500-----
J=1.2e-02, ⟨Jf⟩=1.2e-03, ⟨B·n⟩=8.3e-03, Len=sum([4.8, 4.6, 4.2])=13.5, ϰ=[4.9, 5.3, 4.6], ∫ϰ²/L>=[4.8, 6.2, 6.3], C-C-Sep=0.20, ║∇J║=7.1e-04
-----On 8/20 Initial Guess Perturbations
Iteration 2295/4500-----
J=1.2e-02, ⟨Jf⟩=1.2e-03, ⟨B·n⟩=8.3e-03, Len=sum([4.8, 4.6, 4.2])=13.5, ϰ=[4.9, 5.3, 4.6], ∫ϰ²/L>=[4.8, 6.1, 6.3], C-C-Sep=0.20, ║∇J║=7.8e-04
-----On 8/20 Initial Guess Perturbations
Iteration 2296/4500-----
J=1.2e-02, ⟨Jf⟩=1.2e-03, ⟨B·n⟩=8.3e-03, Len=sum([4.8, 4.6, 4.2])=13.5, ϰ=[4.9, 5.3, 4.6], ∫ϰ²/L>=[4.8, 6.2, 6.3], C-C-Sep=0.20, ║∇J║=9.1e-04
-----On 8/20 Initial Guess Perturbations
Iteration 2297/4500-----
J=1.2e-02, ⟨Jf⟩=1.2e-03, ⟨B·n⟩=8.3e-03, Len=sum([4.8, 4.6, 4.2])=13.5, ϰ=[4.9, 5.3, 4.6], ∫ϰ²/L>=[4.8, 6.2, 6.3], C-C-Sep=0.20, ║∇J║=8.2e-04
-----On 8/20 Initial Guess Perturbations
Iteration 2298/4500-----
J=1.2e-02, ⟨Jf⟩=1.2e-03, ⟨B·n⟩=8.3e-03, Len=sum([4.8, 4.6, 4.2])=13.5, ϰ=[4.9, 5.3, 4.6], ∫ϰ²/L>=[4.8, 6.2, 6.3], C-C-Sep=0.20, ║∇J║=6.2e-04
-----On 8/20 Initial Guess Perturbations
Iteration 2299/4500-----
J=1.2e-02, ⟨Jf⟩=1.2e-03, ⟨B·n⟩=8.3e-03, Len=sum([4.8, 4.6, 4.2])=13.5, ϰ=[4.9, 5.3, 4.6], ∫ϰ²/L>=[4.8, 6.2, 6.3], C-C-Sep=0.20, ║∇J║=7.2e-04
-----On 8/20 Initial Guess Perturbations
Iteration 2300/4500-----
J=1.2e-02, ⟨Jf⟩=1.2e-03, ⟨B·n⟩=8.3e-03, Len=sum([4.8, 4.6, 4.2])=13.5, ϰ=[4.9, 5.2, 4.6], ∫ϰ²/L>=[4.8, 6.2, 6.3], C-C-Sep=0.20, ║∇J║=8.0e-04
-----On 8/20 Initial Guess Perturbations
Iteration 2301/4500-----
J=1.2e-02, ⟨Jf⟩=1.2e-03, ⟨B·n⟩=8.3e-03, Len=sum([4.8, 4.6, 4.2])=13.5, ϰ=[4.9, 5.2, 4.6], ∫ϰ²/L>=[4.8, 6.2, 6.3], C-C-Sep=0.20, ║∇J║=6.7e-04
-----On 8/20 Initial Guess Perturbations
Iteration 2302/4500-----
J=1.2e-02, ⟨Jf⟩=1.2e-03, ⟨B·n⟩=8.3e-03, Len=sum([4.8, 4.6, 4.2])=13.5, ϰ=[4.9, 5.2, 4.7], ∫ϰ²/L>=[4.8, 6.2, 6.3], C-C-Sep=0.20, ║∇J║=6.7e-04
-----On 8/20 Initial Guess Perturbations
Iteration 2303/4500-----
J=1.2e-02, ⟨Jf⟩=1.2e-03, ⟨B·n⟩=8.3e-03, Len=sum([4.8, 4.6, 4.2])=13.5, ϰ=[4.9, 5.2, 4.7], ∫ϰ²/L>=[4.8, 6.2, 6.3], C-C-Sep=0.20, ║∇J║=8.9e-04
-----On 8/20 Initial Guess Perturbations
Iteration 2304/4500-----
J=1.2e-02, ⟨Jf⟩=1.2e-03, ⟨B·n⟩=8.3e-03, Len=sum([4.8, 4.6, 4.2])=13.5, ϰ=[4.9, 5.2, 4.6], ∫ϰ²/L>=[4.8, 6.2, 6.3], C-C-Sep=0.20, ║∇J║=7.8e-04
-----On 8/20 Initial Guess Perturbations
Iteration 2305/4500-----
J=1.2e-02, ⟨Jf⟩=1.2e-03, ⟨B·n⟩=8.3e-03, Len=sum([4.8, 4.6, 4.2])=13.5, ϰ=[4.9, 5.2, 4.6], ∫ϰ²/L>=[4.8, 6.2, 6.3], C-C-Sep=0.20, ║∇J║=9.9e-04
-----On 8/20 Initial Guess Perturbations
Iteration 2306/4500-----
J=1.2e-02, ⟨Jf⟩=1.2e-03, ⟨B·n⟩=8.3e-03, Len=sum([4.8, 4.6, 4.2])=13.5, ϰ=[4.9, 5.2, 4.6], ∫ϰ²/L>=[4.8, 6.2, 6.3], C-C-Sep=0.20, ║∇J║=7.2e-04
-----On 8/20 Initial Guess Perturbations
Iteration 2307/4500-----
J=1.2e-02, ⟨Jf⟩=1.2e-03, ⟨B·n⟩=8.3e-03, Len=sum([4.8, 4.6, 4.2])=13.5, ϰ=[4.9, 5.2, 4.6], ∫ϰ²/L>=[4.8, 6.2, 6.3], C-C-Sep=0.20, ║∇J║=9.2e-04
-----On 8/20 Initial Guess Perturbations
Iteration 2308/4500-----
J=1.2e-02, ⟨Jf⟩=1.2e-03, ⟨B·n⟩=8.3e-03, Len=sum([4.8, 4.6, 4.2])=13.5, ϰ=[4.9, 5.2, 4.6], ∫ϰ²/L>=[4.8, 6.2, 6.3], C-C-Sep=0.20, ║∇J║=5.6e-04
-----On 8/20 Initial Guess Perturbations
Iteration 2309/4500-----
J=1.2e-02, ⟨Jf⟩=1.2e-03, ⟨B·n⟩=8.3e-03, Len=sum([4.8, 4.6, 4.2])=13.5, ϰ=[4.9, 5.2, 4.6], ∫ϰ²/L>=[4.8, 6.2, 6.3], C-C-Sep=0.20, ║∇J║=6.7e-04
-----On 8/20 Initial Guess Perturbations
Iteration 2310/4500-----
J=1.2e-02, ⟨Jf⟩=1.2e-03, ⟨B·n⟩=8.3e-03, Len=sum([4.8, 4.6, 4.2])=13.5, ϰ=[4.9, 5.2, 4.6], ∫ϰ²/L>=[4.8, 6.2, 6.3], C-C-Sep=0.20, ║∇J║=9.2e-04
-----On 8/20 Initial Guess Perturbations
Iteration 2311/4500-----
J=1.2e-02, ⟨Jf⟩=1.2e-03, ⟨B·n⟩=8.3e-03, Len=sum([4.8, 4.6, 4.2])=13.5, ϰ=[4.9, 5.2, 4.6], ∫ϰ²/L>=[4.8, 6.2, 6.3], C-C-Sep=0.20, ║∇J║=7.9e-04
-----On 8/20 Initial Guess Perturbations
Iteration 2312/4500-----
J=1.2e-02, ⟨Jf⟩=1.2e-03, ⟨B·n⟩=8.3e-03, Len=sum([4.8, 4.6, 4.2])=13.5, ϰ=[4.9, 5.2, 4.6], ∫ϰ²/L>=[4.8, 6.2, 6.3], C-C-Sep=0.20, ║∇J║=7.5e-04
-----On 8/20 Initial Guess Perturbations
Iteration 2313/4500-----
J=1.2e-02, ⟨Jf⟩=1.2e-03, ⟨B·n⟩=8.3e-03, Len=sum([4.8, 4.6, 4.2])=13.5, ϰ=[4.9, 5.2, 4.6], ∫ϰ²/L>=[4.8, 6.2, 6.3], C-C-Sep=0.20, ║∇J║=7.6e-04
-----On 8/20 Initial Guess Perturbations
Iteration 2314/4500-----
J=1.2e-02, ⟨Jf⟩=1.2e-03, ⟨B·n⟩=8.3e-03, Len=sum([4.8, 4.6, 4.2])=13.5, ϰ=[4.9, 5.2, 4.6], ∫ϰ²/L>=[4.8, 6.2, 6.3], C-C-Sep=0.20, ║∇J║=6.6e-04
-----On 8/20 Initial Guess Perturbations
Iteration 2315/4500-----
J=1.2e-02, ⟨Jf⟩=1.2e-03, ⟨B·n⟩=8.3e-03, Len=sum([4.8, 4.6, 4.2])=13.5, ϰ=[4.9, 5.2, 4.6], ∫ϰ²/L>=[4.8, 6.2, 6.3], C-C-Sep=0.20, ║∇J║=7.3e-04
-----On 8/20 Initial Guess Perturbations
Iteration 2316/4500-----
J=1.2e-02, ⟨Jf⟩=1.2e-03, ⟨B·n⟩=8.3e-03, Len=sum([4.8, 4.6, 4.2])=13.5, ϰ=[4.9, 5.2, 4.6], ∫ϰ²/L>=[4.8, 6.2, 6.3], C-C-Sep=0.20, ║∇J║=7.9e-04
-----On 8/20 Initial Guess Perturbations
Iteration 2317/4500-----
J=1.2e-02, ⟨Jf⟩=1.2e-03, ⟨B·n⟩=8.3e-03, Len=sum([4.8, 4.6, 4.2])=13.5, ϰ=[4.9, 5.2, 4.6], ∫ϰ²/L>=[4.8, 6.2, 6.3], C-C-Sep=0.20, ║∇J║=7.7e-04
-----On 8/20 Initial Guess Perturbations
Iteration 2318/4500-----
J=1.2e-02, ⟨Jf⟩=1.2e-03, ⟨B·n⟩=8.3e-03, Len=sum([4.8, 4.6, 4.2])=13.5, ϰ=[4.9, 5.3, 4.6], ∫ϰ²/L>=[4.8, 6.2, 6.3], C-C-Sep=0.20, ║∇J║=1.0e-03
-----On 8/20 Initial Guess Perturbations
Iteration 2319/4500-----
J=1.2e-02, ⟨Jf⟩=1.2e-03, ⟨B·n⟩=8.3e-03, Len=sum([4.8, 4.6, 4.2])=13.5, ϰ=[4.9, 5.3, 4.6], ∫ϰ²/L>=[4.8, 6.2, 6.3], C-C-Sep=0.20, ║∇J║=8.6e-04
-----On 8/20 Initial Guess Perturbations
Iteration 2320/4500-----
J=1.2e-02, ⟨Jf⟩=1.2e-03, ⟨B·n⟩=8.3e-03, Len=sum([4.8, 4.6, 4.2])=13.5, ϰ=[4.9, 5.3, 4.6], ∫ϰ²/L>=[4.8, 6.2, 6.3], C-C-Sep=0.20, ║∇J║=6.4e-04
-----On 8/20 Initial Guess Perturbations
Iteration 2321/4500-----
J=1.2e-02, ⟨Jf⟩=1.2e-03, ⟨B·n⟩=8.3e-03, Len=sum([4.8, 4.6, 4.2])=13.5, ϰ=[4.9, 5.3, 4.6], ∫ϰ²/L>=[4.8, 6.2, 6.3], C-C-Sep=0.20, ║∇J║=7.1e-04
-----On 8/20 Initial Guess Perturbations
Iteration 2322/4500-----
J=1.2e-02, ⟨Jf⟩=1.2e-03, ⟨B·n⟩=8.3e-03, Len=sum([4.8, 4.6, 4.2])=13.5, ϰ=[4.9, 5.3, 4.6], ∫ϰ²/L>=[4.8, 6.2, 6.3], C-C-Sep=0.20, ║∇J║=6.9e-04
-----On 8/20 Initial Guess Perturbations
Iteration 2323/4500-----
J=1.2e-02, ⟨Jf⟩=1.2e-03, ⟨B·n⟩=8.3e-03, Len=sum([4.8, 4.6, 4.2])=13.5, ϰ=[4.9, 5.3, 4.6], ∫ϰ²/L>=[4.8, 6.2, 6.3], C-C-Sep=0.20, ║∇J║=7.0e-04
-----On 8/20 Initial Guess Perturbations
Iteration 2324/4500-----
J=1.2e-02, ⟨Jf⟩=1.2e-03, ⟨B·n⟩=8.3e-03, Len=sum([4.8, 4.6, 4.2])=13.5, ϰ=[4.9, 5.3, 4.6], ∫ϰ²/L>=[4.8, 6.1, 6.3], C-C-Sep=0.20, ║∇J║=6.5e-04
-----On 8/20 Initial Guess Perturbations
Iteration 2325/4500-----
J=1.2e-02, ⟨Jf⟩=1.2e-03, ⟨B·n⟩=8.3e-03, Len=sum([4.8, 4.6, 4.2])=13.5, ϰ=[4.9, 5.3, 4.6], ∫ϰ²/L>=[4.8, 6.1, 6.3], C-C-Sep=0.20, ║∇J║=7.4e-04
-----On 8/20 Initial Guess Perturbations
Iteration 2326/4500-----
J=1.2e-02, ⟨Jf⟩=1.2e-03, ⟨B·n⟩=8.3e-03, Len=sum([4.8, 4.6, 4.2])=13.5, ϰ=[4.9, 5.3, 4.6], ∫ϰ²/L>=[4.8, 6.1, 6.3], C-C-Sep=0.20, ║∇J║=7.4e-04
-----On 8/20 Initial Guess Perturbations
Iteration 2327/4500-----
J=1.2e-02, ⟨Jf⟩=1.2e-03, ⟨B·n⟩=8.3e-03, Len=sum([4.8, 4.6, 4.2])=13.5, ϰ=[4.9, 5.3, 4.6], ∫ϰ²/L>=[4.8, 6.1, 6.3], C-C-Sep=0.20, ║∇J║=7.1e-04
-----On 8/20 Initial Guess Perturbations
Iteration 2328/4500-----
J=1.2e-02, ⟨Jf⟩=1.2e-03, ⟨B·n⟩=8.3e-03, Len=sum([4.8, 4.6, 4.2])=13.5, ϰ=[4.9, 5.3, 4.6], ∫ϰ²/L>=[4.8, 6.2, 6.3], C-C-Sep=0.20, ║∇J║=7.8e-04
-----On 8/20 Initial Guess Perturbations
Iteration 2329/4500-----
J=1.2e-02, ⟨Jf⟩=1.2e-03, ⟨B·n⟩=8.3e-03, Len=sum([4.8, 4.6, 4.2])=13.5, ϰ=[4.9, 5.3, 4.6], ∫ϰ²/L>=[4.8, 6.2, 6.3], C-C-Sep=0.20, ║∇J║=8.9e-04
-----On 8/20 Initial Guess Perturbations
Iteration 2330/4500-----
J=1.2e-02, ⟨Jf⟩=1.2e-03, ⟨B·n⟩=8.3e-03, Len=sum([4.8, 4.6, 4.2])=13.5, ϰ=[4.9, 5.3, 4.6], ∫ϰ²/L>=[4.8, 6.2, 6.3], C-C-Sep=0.20, ║∇J║=7.3e-04
-----On 8/20 Initial Guess Perturbations
Iteration 2331/4500-----
J=1.2e-02, ⟨Jf⟩=1.2e-03, ⟨B·n⟩=8.3e-03, Len=sum([4.8, 4.6, 4.2])=13.5, ϰ=[4.9, 5.3, 4.6], ∫ϰ²/L>=[4.8, 6.2, 6.3], C-C-Sep=0.20, ║∇J║=6.8e-04
-----On 8/20 Initial Guess Perturbations
Iteration 2332/4500-----
J=1.2e-02, ⟨Jf⟩=1.2e-03, ⟨B·n⟩=8.3e-03, Len=sum([4.8, 4.6, 4.2])=13.5, ϰ=[4.9, 5.3, 4.6], ∫ϰ²/L>=[4.8, 6.2, 6.3], C-C-Sep=0.20, ║∇J║=7.9e-04
-----On 8/20 Initial Guess Perturbations
Iteration 2333/4500-----
J=1.2e-02, ⟨Jf⟩=1.2e-03, ⟨B·n⟩=8.3e-03, Len=sum([4.8, 4.6, 4.2])=13.5, ϰ=[4.8, 5.3, 4.6], ∫ϰ²/L>=[4.8, 6.2, 6.3], C-C-Sep=0.20, ║∇J║=6.8e-04
-----On 8/20 Initial Guess Perturbations
Iteration 2334/4500-----
J=1.2e-02, ⟨Jf⟩=1.2e-03, ⟨B·n⟩=8.3e-03, Len=sum([4.8, 4.6, 4.2])=13.5, ϰ=[4.8, 5.3, 4.6], ∫ϰ²/L>=[4.8, 6.2, 6.3], C-C-Sep=0.20, ║∇J║=7.2e-04
-----On 8/20 Initial Guess Perturbations
Iteration 2335/4500-----
J=1.2e-02, ⟨Jf⟩=1.2e-03, ⟨B·n⟩=8.3e-03, Len=sum([4.8, 4.6, 4.2])=13.5, ϰ=[4.8, 5.3, 4.6], ∫ϰ²/L>=[4.8, 6.2, 6.3], C-C-Sep=0.20, ║∇J║=8.6e-04
-----On 8/20 Initial Guess Perturbations
Iteration 2336/4500-----
J=1.2e-02, ⟨Jf⟩=1.2e-03, ⟨B·n⟩=8.3e-03, Len=sum([4.8, 4.6, 4.2])=13.5, ϰ=[4.8, 5.3, 4.6], ∫ϰ²/L>=[4.8, 6.2, 6.3], C-C-Sep=0.20, ║∇J║=8.0e-04
-----On 8/20 Initial Guess Perturbations
Iteration 2337/4500-----
J=1.2e-02, ⟨Jf⟩=1.2e-03, ⟨B·n⟩=8.3e-03, Len=sum([4.8, 4.6, 4.2])=13.5, ϰ=[4.8, 5.3, 4.6], ∫ϰ²/L>=[4.8, 6.2, 6.3], C-C-Sep=0.20, ║∇J║=9.3e-04
-----On 8/20 Initial Guess Perturbations
Iteration 2338/4500-----
J=1.2e-02, ⟨Jf⟩=1.2e-03, ⟨B·n⟩=8.3e-03, Len=sum([4.8, 4.6, 4.2])=13.5, ϰ=[4.8, 5.3, 4.6], ∫ϰ²/L>=[4.8, 6.2, 6.3], C-C-Sep=0.20, ║∇J║=8.8e-04
-----On 8/20 Initial Guess Perturbations
Iteration 2339/4500-----
J=1.2e-02, ⟨Jf⟩=1.2e-03, ⟨B·n⟩=8.3e-03, Len=sum([4.8, 4.6, 4.2])=13.5, ϰ=[4.8, 5.3, 4.6], ∫ϰ²/L>=[4.8, 6.2, 6.3], C-C-Sep=0.20, ║∇J║=7.5e-04
-----On 8/20 Initial Guess Perturbations
Iteration 2340/4500-----
J=1.2e-02, ⟨Jf⟩=1.2e-03, ⟨B·n⟩=8.3e-03, Len=sum([4.8, 4.6, 4.2])=13.5, ϰ=[4.8, 5.3, 4.6], ∫ϰ²/L>=[4.8, 6.2, 6.3], C-C-Sep=0.20, ║∇J║=6.0e-04
-----On 8/20 Initial Guess Perturbations
Iteration 2341/4500-----
J=1.2e-02, ⟨Jf⟩=1.2e-03, ⟨B·n⟩=8.3e-03, Len=sum([4.8, 4.6, 4.2])=13.5, ϰ=[4.8, 5.3, 4.6], ∫ϰ²/L>=[4.8, 6.2, 6.3], C-C-Sep=0.20, ║∇J║=8.3e-04
-----On 8/20 Initial Guess Perturbations
Iteration 2342/4500-----
J=1.2e-02, ⟨Jf⟩=1.2e-03, ⟨B·n⟩=8.3e-03, Len=sum([4.8, 4.6, 4.2])=13.5, ϰ=[4.8, 5.3, 4.6], ∫ϰ²/L>=[4.8, 6.2, 6.3], C-C-Sep=0.20, ║∇J║=8.3e-04
-----On 8/20 Initial Guess Perturbations
Iteration 2343/4500-----
J=1.2e-02, ⟨Jf⟩=1.2e-03, ⟨B·n⟩=8.3e-03, Len=sum([4.8, 4.6, 4.2])=13.5, ϰ=[4.8, 5.3, 4.6], ∫ϰ²/L>=[4.8, 6.2, 6.3], C-C-Sep=0.20, ║∇J║=7.6e-04
-----On 8/20 Initial Guess Perturbations
Iteration 2344/4500-----
J=1.2e-02, ⟨Jf⟩=1.2e-03, ⟨B·n⟩=8.3e-03, Len=sum([4.8, 4.6, 4.2])=13.5, ϰ=[4.9, 5.3, 4.6], ∫ϰ²/L>=[4.8, 6.2, 6.3], C-C-Sep=0.20, ║∇J║=7.7e-04
-----On 8/20 Initial Guess Perturbations
Iteration 2345/4500-----
J=1.2e-02, ⟨Jf⟩=1.2e-03, ⟨B·n⟩=8.3e-03, Len=sum([4.8, 4.6, 4.2])=13.5, ϰ=[4.9, 5.3, 4.6], ∫ϰ²/L>=[4.8, 6.2, 6.3], C-C-Sep=0.20, ║∇J║=9.1e-04
-----On 8/20 Initial Guess Perturbations
Iteration 2346/4500-----
J=1.2e-02, ⟨Jf⟩=1.2e-03, ⟨B·n⟩=8.3e-03, Len=sum([4.8, 4.6, 4.2])=13.5, ϰ=[4.9, 5.3, 4.6], ∫ϰ²/L>=[4.8, 6.2, 6.3], C-C-Sep=0.20, ║∇J║=8.7e-04
-----On 8/20 Initial Guess Perturbations
Iteration 2347/4500-----
J=1.2e-02, ⟨Jf⟩=1.2e-03, ⟨B·n⟩=8.3e-03, Len=sum([4.8, 4.6, 4.2])=13.5, ϰ=[4.9, 5.3, 4.6], ∫ϰ²/L>=[4.8, 6.2, 6.3], C-C-Sep=0.20, ║∇J║=1.2e-03
-----On 8/20 Initial Guess Perturbations
Iteration 2348/4500-----
J=1.2e-02, ⟨Jf⟩=1.2e-03, ⟨B·n⟩=8.3e-03, Len=sum([4.8, 4.6, 4.2])=13.5, ϰ=[4.9, 5.3, 4.6], ∫ϰ²/L>=[4.8, 6.2, 6.3], C-C-Sep=0.20, ║∇J║=9.7e-04
-----On 8/20 Initial Guess Perturbations
Iteration 2349/4500-----
J=1.2e-02, ⟨Jf⟩=1.2e-03, ⟨B·n⟩=8.3e-03, Len=sum([4.8, 4.6, 4.2])=13.5, ϰ=[4.9, 5.3, 4.6], ∫ϰ²/L>=[4.8, 6.2, 6.3], C-C-Sep=0.20, ║∇J║=6.2e-04
-----On 8/20 Initial Guess Perturbations
Iteration 2350/4500-----
J=1.2e-02, ⟨Jf⟩=1.2e-03, ⟨B·n⟩=8.3e-03, Len=sum([4.8, 4.6, 4.2])=13.5, ϰ=[4.9, 5.3, 4.6], ∫ϰ²/L>=[4.8, 6.2, 6.3], C-C-Sep=0.20, ║∇J║=6.3e-04
-----On 8/20 Initial Guess Perturbations
Iteration 2351/4500-----
J=1.2e-02, ⟨Jf⟩=1.2e-03, ⟨B·n⟩=8.3e-03, Len=sum([4.8, 4.6, 4.2])=13.5, ϰ=[4.9, 5.3, 4.6], ∫ϰ²/L>=[4.8, 6.2, 6.3], C-C-Sep=0.20, ║∇J║=7.2e-04
-----On 8/20 Initial Guess Perturbations
Iteration 2352/4500-----
J=1.2e-02, ⟨Jf⟩=1.3e-03, ⟨B·n⟩=8.3e-03, Len=sum([4.8, 4.6, 4.2])=13.5, ϰ=[4.9, 5.3, 4.6], ∫ϰ²/L>=[4.8, 6.2, 6.3], C-C-Sep=0.20, ║∇J║=8.0e-04
-----On 8/20 Initial Guess Perturbations
Iteration 2353/4500-----
J=1.2e-02, ⟨Jf⟩=1.3e-03, ⟨B·n⟩=8.3e-03, Len=sum([4.8, 4.6, 4.2])=13.5, ϰ=[4.9, 5.3, 4.6], ∫ϰ²/L>=[4.8, 6.2, 6.3], C-C-Sep=0.20, ║∇J║=7.1e-04
-----On 8/20 Initial Guess Perturbations
Iteration 2354/4500-----
J=1.2e-02, ⟨Jf⟩=1.3e-03, ⟨B·n⟩=8.3e-03, Len=sum([4.8, 4.6, 4.2])=13.5, ϰ=[4.9, 5.3, 4.6], ∫ϰ²/L>=[4.8, 6.2, 6.3], C-C-Sep=0.20, ║∇J║=8.8e-04
-----On 8/20 Initial Guess Perturbations
Iteration 2355/4500-----
J=1.2e-02, ⟨Jf⟩=1.3e-03, ⟨B·n⟩=8.3e-03, Len=sum([4.8, 4.6, 4.2])=13.5, ϰ=[4.9, 5.3, 4.6], ∫ϰ²/L>=[4.8, 6.1, 6.3], C-C-Sep=0.20, ║∇J║=8.3e-04
-----On 8/20 Initial Guess Perturbations
Iteration 2356/4500-----
J=1.2e-02, ⟨Jf⟩=1.3e-03, ⟨B·n⟩=8.3e-03, Len=sum([4.8, 4.6, 4.2])=13.5, ϰ=[5.0, 5.3, 4.6], ∫ϰ²/L>=[4.8, 6.1, 6.3], C-C-Sep=0.20, ║∇J║=7.5e-04
-----On 8/20 Initial Guess Perturbations
Iteration 2357/4500-----
J=1.2e-02, ⟨Jf⟩=1.3e-03, ⟨B·n⟩=8.3e-03, Len=sum([4.8, 4.6, 4.2])=13.5, ϰ=[5.0, 5.3, 4.6], ∫ϰ²/L>=[4.8, 6.1, 6.3], C-C-Sep=0.20, ║∇J║=7.8e-04
-----On 8/20 Initial Guess Perturbations
Iteration 2358/4500-----
J=1.2e-02, ⟨Jf⟩=1.3e-03, ⟨B·n⟩=8.3e-03, Len=sum([4.8, 4.6, 4.2])=13.5, ϰ=[4.9, 5.3, 4.6], ∫ϰ²/L>=[4.8, 6.1, 6.3], C-C-Sep=0.20, ║∇J║=1.2e-03
-----On 8/20 Initial Guess Perturbations
Iteration 2359/4500-----
J=1.2e-02, ⟨Jf⟩=1.3e-03, ⟨B·n⟩=8.3e-03, Len=sum([4.8, 4.6, 4.2])=13.5, ϰ=[4.9, 5.3, 4.6], ∫ϰ²/L>=[4.8, 6.1, 6.3], C-C-Sep=0.20, ║∇J║=9.2e-04
-----On 8/20 Initial Guess Perturbations
Iteration 2360/4500-----
J=1.2e-02, ⟨Jf⟩=1.3e-03, ⟨B·n⟩=8.3e-03, Len=sum([4.8, 4.6, 4.2])=13.5, ϰ=[5.0, 5.3, 4.6], ∫ϰ²/L>=[4.8, 6.1, 6.3], C-C-Sep=0.20, ║∇J║=8.1e-04
-----On 8/20 Initial Guess Perturbations
Iteration 2361/4500-----
J=1.2e-02, ⟨Jf⟩=1.3e-03, ⟨B·n⟩=8.3e-03, Len=sum([4.8, 4.6, 4.2])=13.5, ϰ=[5.0, 5.3, 4.6], ∫ϰ²/L>=[4.8, 6.1, 6.3], C-C-Sep=0.20, ║∇J║=6.5e-04
-----On 8/20 Initial Guess Perturbations
Iteration 2362/4500-----
J=1.2e-02, ⟨Jf⟩=1.3e-03, ⟨B·n⟩=8.3e-03, Len=sum([4.8, 4.6, 4.2])=13.5, ϰ=[5.0, 5.3, 4.6], ∫ϰ²/L>=[4.8, 6.1, 6.3], C-C-Sep=0.20, ║∇J║=8.5e-04
-----On 8/20 Initial Guess Perturbations
Iteration 2363/4500-----
J=1.2e-02, ⟨Jf⟩=1.3e-03, ⟨B·n⟩=8.3e-03, Len=sum([4.8, 4.6, 4.2])=13.5, ϰ=[5.0, 5.3, 4.6], ∫ϰ²/L>=[4.8, 6.1, 6.3], C-C-Sep=0.20, ║∇J║=8.4e-04
-----On 8/20 Initial Guess Perturbations
Iteration 2364/4500-----
J=1.2e-02, ⟨Jf⟩=1.3e-03, ⟨B·n⟩=8.3e-03, Len=sum([4.8, 4.6, 4.2])=13.5, ϰ=[5.0, 5.3, 4.6], ∫ϰ²/L>=[4.8, 6.1, 6.3], C-C-Sep=0.20, ║∇J║=7.2e-04
-----On 8/20 Initial Guess Perturbations
Iteration 2365/4500-----
J=1.2e-02, ⟨Jf⟩=1.3e-03, ⟨B·n⟩=8.3e-03, Len=sum([4.8, 4.6, 4.2])=13.5, ϰ=[5.0, 5.3, 4.6], ∫ϰ²/L>=[4.8, 6.1, 6.3], C-C-Sep=0.20, ║∇J║=9.1e-04
-----On 8/20 Initial Guess Perturbations
Iteration 2366/4500-----
J=1.2e-02, ⟨Jf⟩=1.3e-03, ⟨B·n⟩=8.3e-03, Len=sum([4.8, 4.6, 4.2])=13.5, ϰ=[5.0, 5.3, 4.6], ∫ϰ²/L>=[4.8, 6.1, 6.3], C-C-Sep=0.20, ║∇J║=8.0e-04
-----On 8/20 Initial Guess Perturbations
Iteration 2367/4500-----
J=1.2e-02, ⟨Jf⟩=1.3e-03, ⟨B·n⟩=8.3e-03, Len=sum([4.8, 4.6, 4.2])=13.5, ϰ=[5.0, 5.3, 4.6], ∫ϰ²/L>=[4.8, 6.1, 6.3], C-C-Sep=0.20, ║∇J║=7.6e-04
-----On 8/20 Initial Guess Perturbations
Iteration 2368/4500-----
J=1.2e-02, ⟨Jf⟩=1.3e-03, ⟨B·n⟩=8.3e-03, Len=sum([4.8, 4.6, 4.2])=13.5, ϰ=[5.0, 5.3, 4.6], ∫ϰ²/L>=[4.8, 6.1, 6.3], C-C-Sep=0.20, ║∇J║=7.9e-04
-----On 8/20 Initial Guess Perturbations
Iteration 2369/4500-----
J=1.2e-02, ⟨Jf⟩=1.3e-03, ⟨B·n⟩=8.3e-03, Len=sum([4.8, 4.6, 4.2])=13.5, ϰ=[4.9, 5.3, 4.6], ∫ϰ²/L>=[4.8, 6.1, 6.3], C-C-Sep=0.20, ║∇J║=8.1e-04
-----On 8/20 Initial Guess Perturbations
Iteration 2370/4500-----
J=1.2e-02, ⟨Jf⟩=1.3e-03, ⟨B·n⟩=8.3e-03, Len=sum([4.8, 4.6, 4.2])=13.5, ϰ=[5.0, 5.3, 4.6], ∫ϰ²/L>=[4.8, 6.1, 6.3], C-C-Sep=0.20, ║∇J║=7.2e-04
-----On 8/20 Initial Guess Perturbations
Iteration 2371/4500-----
J=1.2e-02, ⟨Jf⟩=1.3e-03, ⟨B·n⟩=8.3e-03, Len=sum([4.8, 4.6, 4.2])=13.5, ϰ=[5.0, 5.3, 4.6], ∫ϰ²/L>=[4.8, 6.1, 6.3], C-C-Sep=0.20, ║∇J║=8.1e-04
-----On 8/20 Initial Guess Perturbations
Iteration 2372/4500-----
J=1.2e-02, ⟨Jf⟩=1.3e-03, ⟨B·n⟩=8.3e-03, Len=sum([4.8, 4.6, 4.2])=13.5, ϰ=[4.9, 5.3, 4.6], ∫ϰ²/L>=[4.8, 6.1, 6.3], C-C-Sep=0.20, ║∇J║=6.9e-04
-----On 8/20 Initial Guess Perturbations
Iteration 2373/4500-----
J=1.2e-02, ⟨Jf⟩=1.3e-03, ⟨B·n⟩=8.3e-03, Len=sum([4.8, 4.6, 4.2])=13.5, ϰ=[4.9, 5.3, 4.6], ∫ϰ²/L>=[4.8, 6.1, 6.3], C-C-Sep=0.20, ║∇J║=7.0e-04
-----On 8/20 Initial Guess Perturbations
Iteration 2374/4500-----
J=1.2e-02, ⟨Jf⟩=1.3e-03, ⟨B·n⟩=8.3e-03, Len=sum([4.8, 4.6, 4.2])=13.5, ϰ=[4.9, 5.3, 4.6], ∫ϰ²/L>=[4.8, 6.1, 6.3], C-C-Sep=0.20, ║∇J║=7.8e-04
-----On 8/20 Initial Guess Perturbations
Iteration 2375/4500-----
J=1.2e-02, ⟨Jf⟩=1.3e-03, ⟨B·n⟩=8.3e-03, Len=sum([4.8, 4.6, 4.2])=13.5, ϰ=[4.9, 5.3, 4.6], ∫ϰ²/L>=[4.8, 6.1, 6.3], C-C-Sep=0.20, ║∇J║=7.5e-04
-----On 8/20 Initial Guess Perturbations
Iteration 2376/4500-----
J=1.2e-02, ⟨Jf⟩=1.3e-03, ⟨B·n⟩=8.3e-03, Len=sum([4.8, 4.6, 4.2])=13.5, ϰ=[4.9, 5.3, 4.6], ∫ϰ²/L>=[4.8, 6.1, 6.3], C-C-Sep=0.20, ║∇J║=8.1e-04
-----On 8/20 Initial Guess Perturbations
Iteration 2377/4500-----
J=1.2e-02, ⟨Jf⟩=1.3e-03, ⟨B·n⟩=8.3e-03, Len=sum([4.8, 4.6, 4.2])=13.5, ϰ=[4.9, 5.3, 4.6], ∫ϰ²/L>=[4.8, 6.2, 6.3], C-C-Sep=0.20, ║∇J║=7.1e-04
-----On 8/20 Initial Guess Perturbations
Iteration 2378/4500-----
J=1.2e-02, ⟨Jf⟩=1.3e-03, ⟨B·n⟩=8.3e-03, Len=sum([4.8, 4.6, 4.2])=13.5, ϰ=[4.9, 5.3, 4.6], ∫ϰ²/L>=[4.8, 6.1, 6.3], C-C-Sep=0.20, ║∇J║=7.7e-04
-----On 8/20 Initial Guess Perturbations
Iteration 2379/4500-----
J=1.2e-02, ⟨Jf⟩=1.3e-03, ⟨B·n⟩=8.3e-03, Len=sum([4.8, 4.6, 4.2])=13.5, ϰ=[4.9, 5.3, 4.6], ∫ϰ²/L>=[4.8, 6.1, 6.3], C-C-Sep=0.20, ║∇J║=7.5e-04
-----On 8/20 Initial Guess Perturbations
Iteration 2380/4500-----
J=1.2e-02, ⟨Jf⟩=1.3e-03, ⟨B·n⟩=8.3e-03, Len=sum([4.8, 4.6, 4.2])=13.5, ϰ=[4.9, 5.3, 4.6], ∫ϰ²/L>=[4.8, 6.1, 6.3], C-C-Sep=0.20, ║∇J║=7.4e-04
-----On 8/20 Initial Guess Perturbations
Iteration 2381/4500-----
J=1.2e-02, ⟨Jf⟩=1.3e-03, ⟨B·n⟩=8.3e-03, Len=sum([4.8, 4.6, 4.2])=13.5, ϰ=[4.9, 5.3, 4.6], ∫ϰ²/L>=[4.8, 6.1, 6.3], C-C-Sep=0.20, ║∇J║=9.9e-04
-----On 8/20 Initial Guess Perturbations
Iteration 2382/4500-----
J=1.2e-02, ⟨Jf⟩=1.3e-03, ⟨B·n⟩=8.3e-03, Len=sum([4.8, 4.6, 4.2])=13.5, ϰ=[4.9, 5.3, 4.6], ∫ϰ²/L>=[4.8, 6.1, 6.3], C-C-Sep=0.20, ║∇J║=7.2e-04
-----On 8/20 Initial Guess Perturbations
Iteration 2383/4500-----
J=1.2e-02, ⟨Jf⟩=1.3e-03, ⟨B·n⟩=8.3e-03, Len=sum([4.8, 4.6, 4.2])=13.5, ϰ=[4.9, 5.3, 4.6], ∫ϰ²/L>=[4.8, 6.1, 6.3], C-C-Sep=0.20, ║∇J║=1.2e-03
-----On 8/20 Initial Guess Perturbations
Iteration 2384/4500-----
J=1.2e-02, ⟨Jf⟩=1.3e-03, ⟨B·n⟩=8.3e-03, Len=sum([4.8, 4.6, 4.2])=13.5, ϰ=[4.9, 5.3, 4.6], ∫ϰ²/L>=[4.8, 6.1, 6.3], C-C-Sep=0.20, ║∇J║=8.6e-04
-----On 8/20 Initial Guess Perturbations
Iteration 2385/4500-----
J=1.2e-02, ⟨Jf⟩=1.3e-03, ⟨B·n⟩=8.3e-03, Len=sum([4.8, 4.6, 4.2])=13.5, ϰ=[4.9, 5.3, 4.6], ∫ϰ²/L>=[4.8, 6.1, 6.3], C-C-Sep=0.20, ║∇J║=7.5e-04
-----On 8/20 Initial Guess Perturbations
Iteration 2386/4500-----
J=1.2e-02, ⟨Jf⟩=1.3e-03, ⟨B·n⟩=8.3e-03, Len=sum([4.8, 4.6, 4.2])=13.5, ϰ=[4.9, 5.3, 4.6], ∫ϰ²/L>=[4.8, 6.1, 6.3], C-C-Sep=0.20, ║∇J║=5.4e-04
-----On 8/20 Initial Guess Perturbations
Iteration 2387/4500-----
J=1.2e-02, ⟨Jf⟩=1.3e-03, ⟨B·n⟩=8.3e-03, Len=sum([4.8, 4.6, 4.2])=13.5, ϰ=[4.9, 5.3, 4.6], ∫ϰ²/L>=[4.8, 6.1, 6.3], C-C-Sep=0.20, ║∇J║=7.3e-04
-----On 8/20 Initial Guess Perturbations
Iteration 2388/4500-----
J=1.2e-02, ⟨Jf⟩=1.3e-03, ⟨B·n⟩=8.3e-03, Len=sum([4.8, 4.6, 4.2])=13.5, ϰ=[4.9, 5.3, 4.6], ∫ϰ²/L>=[4.8, 6.1, 6.3], C-C-Sep=0.20, ║∇J║=8.2e-04
-----On 8/20 Initial Guess Perturbations
Iteration 2389/4500-----
J=1.2e-02, ⟨Jf⟩=1.3e-03, ⟨B·n⟩=8.3e-03, Len=sum([4.8, 4.6, 4.2])=13.5, ϰ=[4.9, 5.3, 4.6], ∫ϰ²/L>=[4.8, 6.1, 6.3], C-C-Sep=0.20, ║∇J║=6.7e-04
-----On 8/20 Initial Guess Perturbations
Iteration 2390/4500-----
J=1.2e-02, ⟨Jf⟩=1.3e-03, ⟨B·n⟩=8.3e-03, Len=sum([4.8, 4.6, 4.2])=13.5, ϰ=[4.9, 5.3, 4.6], ∫ϰ²/L>=[4.8, 6.1, 6.3], C-C-Sep=0.20, ║∇J║=7.6e-04
-----On 8/20 Initial Guess Perturbations
Iteration 2391/4500-----
J=1.2e-02, ⟨Jf⟩=1.3e-03, ⟨B·n⟩=8.3e-03, Len=sum([4.8, 4.6, 4.2])=13.5, ϰ=[4.9, 5.3, 4.6], ∫ϰ²/L>=[4.8, 6.1, 6.3], C-C-Sep=0.20, ║∇J║=8.9e-04
-----On 8/20 Initial Guess Perturbations
Iteration 2392/4500-----
J=1.2e-02, ⟨Jf⟩=1.3e-03, ⟨B·n⟩=8.3e-03, Len=sum([4.8, 4.6, 4.2])=13.5, ϰ=[4.9, 5.3, 4.6], ∫ϰ²/L>=[4.8, 6.1, 6.3], C-C-Sep=0.20, ║∇J║=8.4e-04
-----On 8/20 Initial Guess Perturbations
Iteration 2393/4500-----
J=1.2e-02, ⟨Jf⟩=1.3e-03, ⟨B·n⟩=8.3e-03, Len=sum([4.8, 4.6, 4.2])=13.5, ϰ=[4.9, 5.3, 4.6], ∫ϰ²/L>=[4.8, 6.1, 6.3], C-C-Sep=0.20, ║∇J║=8.4e-04
-----On 8/20 Initial Guess Perturbations
Iteration 2394/4500-----
J=1.2e-02, ⟨Jf⟩=1.3e-03, ⟨B·n⟩=8.3e-03, Len=sum([4.8, 4.6, 4.2])=13.5, ϰ=[4.9, 5.2, 4.6], ∫ϰ²/L>=[4.8, 6.1, 6.3], C-C-Sep=0.20, ║∇J║=1.2e-03
-----On 8/20 Initial Guess Perturbations
Iteration 2395/4500-----
J=1.2e-02, ⟨Jf⟩=1.3e-03, ⟨B·n⟩=8.3e-03, Len=sum([4.8, 4.6, 4.2])=13.5, ϰ=[4.9, 5.2, 4.6], ∫ϰ²/L>=[4.8, 6.1, 6.3], C-C-Sep=0.20, ║∇J║=8.1e-04
-----On 8/20 Initial Guess Perturbations
Iteration 2396/4500-----
J=1.2e-02, ⟨Jf⟩=1.3e-03, ⟨B·n⟩=8.3e-03, Len=sum([4.8, 4.6, 4.2])=13.5, ϰ=[4.9, 5.3, 4.6], ∫ϰ²/L>=[4.8, 6.1, 6.3], C-C-Sep=0.20, ║∇J║=1.1e-03
-----On 8/20 Initial Guess Perturbations
Iteration 2397/4500-----
J=1.2e-02, ⟨Jf⟩=1.3e-03, ⟨B·n⟩=8.3e-03, Len=sum([4.8, 4.6, 4.2])=13.5, ϰ=[4.9, 5.3, 4.6], ∫ϰ²/L>=[4.8, 6.1, 6.3], C-C-Sep=0.20, ║∇J║=7.9e-04
-----On 8/20 Initial Guess Perturbations
Iteration 2398/4500-----
J=1.2e-02, ⟨Jf⟩=1.3e-03, ⟨B·n⟩=8.3e-03, Len=sum([4.8, 4.6, 4.2])=13.5, ϰ=[4.8, 5.3, 4.6], ∫ϰ²/L>=[4.8, 6.1, 6.3], C-C-Sep=0.20, ║∇J║=8.2e-04
-----On 8/20 Initial Guess Perturbations
Iteration 2399/4500-----
J=1.2e-02, ⟨Jf⟩=1.3e-03, ⟨B·n⟩=8.3e-03, Len=sum([4.8, 4.6, 4.2])=13.5, ϰ=[4.8, 5.3, 4.6], ∫ϰ²/L>=[4.8, 6.1, 6.3], C-C-Sep=0.20, ║∇J║=8.4e-04
-----On 8/20 Initial Guess Perturbations
Iteration 2400/4500-----
J=1.2e-02, ⟨Jf⟩=1.3e-03, ⟨B·n⟩=8.3e-03, Len=sum([4.8, 4.6, 4.2])=13.5, ϰ=[4.8, 5.2, 4.6], ∫ϰ²/L>=[4.8, 6.1, 6.3], C-C-Sep=0.20, ║∇J║=6.9e-04
-----On 8/20 Initial Guess Perturbations
Iteration 2401/4500-----
J=1.2e-02, ⟨Jf⟩=1.3e-03, ⟨B·n⟩=8.3e-03, Len=sum([4.8, 4.6, 4.2])=13.5, ϰ=[4.8, 5.2, 4.6], ∫ϰ²/L>=[4.8, 6.1, 6.3], C-C-Sep=0.20, ║∇J║=8.8e-04
-----On 8/20 Initial Guess Perturbations
Iteration 2402/4500-----
J=1.2e-02, ⟨Jf⟩=1.3e-03, ⟨B·n⟩=8.3e-03, Len=sum([4.8, 4.6, 4.2])=13.5, ϰ=[4.8, 5.2, 4.6], ∫ϰ²/L>=[4.8, 6.1, 6.3], C-C-Sep=0.20, ║∇J║=8.4e-04
-----On 8/20 Initial Guess Perturbations
Iteration 2403/4500-----
J=1.2e-02, ⟨Jf⟩=1.3e-03, ⟨B·n⟩=8.3e-03, Len=sum([4.8, 4.6, 4.2])=13.5, ϰ=[4.8, 5.2, 4.6], ∫ϰ²/L>=[4.8, 6.1, 6.3], C-C-Sep=0.20, ║∇J║=7.9e-04
-----On 8/20 Initial Guess Perturbations
Iteration 2404/4500-----
J=1.2e-02, ⟨Jf⟩=1.3e-03, ⟨B·n⟩=8.3e-03, Len=sum([4.8, 4.6, 4.2])=13.5, ϰ=[4.8, 5.2, 4.6], ∫ϰ²/L>=[4.8, 6.1, 6.3], C-C-Sep=0.20, ║∇J║=8.1e-04
-----On 8/20 Initial Guess Perturbations
Iteration 2405/4500-----
J=1.2e-02, ⟨Jf⟩=1.3e-03, ⟨B·n⟩=8.3e-03, Len=sum([4.8, 4.6, 4.2])=13.5, ϰ=[4.8, 5.2, 4.6], ∫ϰ²/L>=[4.8, 6.1, 6.3], C-C-Sep=0.20, ║∇J║=7.3e-04
-----On 8/20 Initial Guess Perturbations
Iteration 2406/4500-----
J=1.2e-02, ⟨Jf⟩=1.3e-03, ⟨B·n⟩=8.3e-03, Len=sum([4.8, 4.6, 4.2])=13.5, ϰ=[4.8, 5.2, 4.6], ∫ϰ²/L>=[4.8, 6.1, 6.3], C-C-Sep=0.20, ║∇J║=7.9e-04
-----On 8/20 Initial Guess Perturbations
Iteration 2407/4500-----
J=1.2e-02, ⟨Jf⟩=1.3e-03, ⟨B·n⟩=8.3e-03, Len=sum([4.8, 4.6, 4.2])=13.5, ϰ=[4.8, 5.2, 4.6], ∫ϰ²/L>=[4.8, 6.1, 6.3], C-C-Sep=0.20, ║∇J║=8.3e-04
-----On 8/20 Initial Guess Perturbations
Iteration 2408/4500-----
J=1.2e-02, ⟨Jf⟩=1.3e-03, ⟨B·n⟩=8.3e-03, Len=sum([4.8, 4.6, 4.2])=13.5, ϰ=[4.8, 5.2, 4.6], ∫ϰ²/L>=[4.8, 6.1, 6.3], C-C-Sep=0.20, ║∇J║=9.2e-04
-----On 8/20 Initial Guess Perturbations
Iteration 2409/4500-----
J=1.2e-02, ⟨Jf⟩=1.3e-03, ⟨B·n⟩=8.3e-03, Len=sum([4.8, 4.6, 4.2])=13.5, ϰ=[4.8, 5.2, 4.6], ∫ϰ²/L>=[4.8, 6.1, 6.3], C-C-Sep=0.20, ║∇J║=8.0e-04
-----On 8/20 Initial Guess Perturbations
Iteration 2410/4500-----
J=1.2e-02, ⟨Jf⟩=1.3e-03, ⟨B·n⟩=8.3e-03, Len=sum([4.8, 4.6, 4.2])=13.5, ϰ=[4.8, 5.2, 4.6], ∫ϰ²/L>=[4.8, 6.1, 6.3], C-C-Sep=0.20, ║∇J║=7.3e-04
-----On 8/20 Initial Guess Perturbations
Iteration 2411/4500-----
J=1.2e-02, ⟨Jf⟩=1.3e-03, ⟨B·n⟩=8.3e-03, Len=sum([4.8, 4.6, 4.2])=13.5, ϰ=[4.8, 5.2, 4.6], ∫ϰ²/L>=[4.8, 6.1, 6.3], C-C-Sep=0.20, ║∇J║=7.7e-04
-----On 8/20 Initial Guess Perturbations
Iteration 2412/4500-----
J=1.2e-02, ⟨Jf⟩=1.3e-03, ⟨B·n⟩=8.3e-03, Len=sum([4.8, 4.6, 4.2])=13.5, ϰ=[4.8, 5.2, 4.6], ∫ϰ²/L>=[4.8, 6.1, 6.3], C-C-Sep=0.20, ║∇J║=7.9e-04
-----On 8/20 Initial Guess Perturbations
Iteration 2413/4500-----
J=1.2e-02, ⟨Jf⟩=1.3e-03, ⟨B·n⟩=8.3e-03, Len=sum([4.8, 4.6, 4.2])=13.5, ϰ=[4.9, 5.2, 4.6], ∫ϰ²/L>=[4.8, 6.1, 6.3], C-C-Sep=0.20, ║∇J║=6.5e-04
-----On 8/20 Initial Guess Perturbations
Iteration 2414/4500-----
J=1.2e-02, ⟨Jf⟩=1.3e-03, ⟨B·n⟩=8.3e-03, Len=sum([4.8, 4.6, 4.2])=13.5, ϰ=[4.9, 5.2, 4.6], ∫ϰ²/L>=[4.8, 6.1, 6.3], C-C-Sep=0.20, ║∇J║=6.9e-04
-----On 8/20 Initial Guess Perturbations
Iteration 2415/4500-----
J=1.2e-02, ⟨Jf⟩=1.3e-03, ⟨B·n⟩=8.3e-03, Len=sum([4.8, 4.6, 4.2])=13.5, ϰ=[4.9, 5.2, 4.6], ∫ϰ²/L>=[4.8, 6.1, 6.3], C-C-Sep=0.20, ║∇J║=8.0e-04
-----On 8/20 Initial Guess Perturbations
Iteration 2416/4500-----
J=1.2e-02, ⟨Jf⟩=1.3e-03, ⟨B·n⟩=8.3e-03, Len=sum([4.8, 4.6, 4.2])=13.5, ϰ=[4.9, 5.2, 4.6], ∫ϰ²/L>=[4.8, 6.1, 6.3], C-C-Sep=0.20, ║∇J║=8.1e-04
-----On 8/20 Initial Guess Perturbations
Iteration 2417/4500-----
J=1.2e-02, ⟨Jf⟩=1.3e-03, ⟨B·n⟩=8.3e-03, Len=sum([4.8, 4.6, 4.2])=13.5, ϰ=[4.9, 5.2, 4.6], ∫ϰ²/L>=[4.8, 6.1, 6.3], C-C-Sep=0.20, ║∇J║=8.1e-04
-----On 8/20 Initial Guess Perturbations
Iteration 2418/4500-----
J=1.2e-02, ⟨Jf⟩=1.3e-03, ⟨B·n⟩=8.3e-03, Len=sum([4.8, 4.6, 4.2])=13.5, ϰ=[4.9, 5.2, 4.6], ∫ϰ²/L>=[4.8, 6.1, 6.3], C-C-Sep=0.20, ║∇J║=9.7e-04
-----On 8/20 Initial Guess Perturbations
Iteration 2419/4500-----
J=1.2e-02, ⟨Jf⟩=1.3e-03, ⟨B·n⟩=8.3e-03, Len=sum([4.8, 4.6, 4.2])=13.5, ϰ=[4.9, 5.2, 4.6], ∫ϰ²/L>=[4.8, 6.1, 6.3], C-C-Sep=0.20, ║∇J║=9.1e-04
-----On 8/20 Initial Guess Perturbations
Iteration 2420/4500-----
J=1.2e-02, ⟨Jf⟩=1.3e-03, ⟨B·n⟩=8.3e-03, Len=sum([4.8, 4.6, 4.2])=13.5, ϰ=[4.9, 5.2, 4.6], ∫ϰ²/L>=[4.8, 6.1, 6.3], C-C-Sep=0.20, ║∇J║=9.7e-04
-----On 8/20 Initial Guess Perturbations
Iteration 2421/4500-----
J=1.2e-02, ⟨Jf⟩=1.3e-03, ⟨B·n⟩=8.3e-03, Len=sum([4.8, 4.6, 4.2])=13.5, ϰ=[4.9, 5.2, 4.6], ∫ϰ²/L>=[4.8, 6.1, 6.3], C-C-Sep=0.20, ║∇J║=8.4e-04
-----On 8/20 Initial Guess Perturbations
Iteration 2422/4500-----
J=1.2e-02, ⟨Jf⟩=1.3e-03, ⟨B·n⟩=8.3e-03, Len=sum([4.8, 4.6, 4.2])=13.5, ϰ=[4.9, 5.2, 4.6], ∫ϰ²/L>=[4.8, 6.1, 6.3], C-C-Sep=0.20, ║∇J║=7.7e-04
-----On 8/20 Initial Guess Perturbations
Iteration 2423/4500-----
J=1.2e-02, ⟨Jf⟩=1.3e-03, ⟨B·n⟩=8.3e-03, Len=sum([4.8, 4.6, 4.2])=13.5, ϰ=[4.9, 5.2, 4.6], ∫ϰ²/L>=[4.8, 6.1, 6.3], C-C-Sep=0.20, ║∇J║=8.4e-04
-----On 8/20 Initial Guess Perturbations
Iteration 2424/4500-----
J=1.2e-02, ⟨Jf⟩=1.3e-03, ⟨B·n⟩=8.3e-03, Len=sum([4.8, 4.6, 4.2])=13.5, ϰ=[4.9, 5.2, 4.6], ∫ϰ²/L>=[4.8, 6.1, 6.3], C-C-Sep=0.20, ║∇J║=7.6e-04
-----On 8/20 Initial Guess Perturbations
Iteration 2425/4500-----
J=1.2e-02, ⟨Jf⟩=1.3e-03, ⟨B·n⟩=8.3e-03, Len=sum([4.8, 4.6, 4.2])=13.5, ϰ=[4.9, 5.2, 4.6], ∫ϰ²/L>=[4.8, 6.1, 6.3], C-C-Sep=0.20, ║∇J║=8.6e-04
-----On 8/20 Initial Guess Perturbations
Iteration 2426/4500-----
J=1.2e-02, ⟨Jf⟩=1.3e-03, ⟨B·n⟩=8.3e-03, Len=sum([4.8, 4.6, 4.2])=13.5, ϰ=[4.9, 5.2, 4.6], ∫ϰ²/L>=[4.8, 6.1, 6.3], C-C-Sep=0.20, ║∇J║=8.3e-04
-----On 8/20 Initial Guess Perturbations
Iteration 2427/4500-----
J=1.2e-02, ⟨Jf⟩=1.3e-03, ⟨B·n⟩=8.3e-03, Len=sum([4.8, 4.6, 4.2])=13.5, ϰ=[4.9, 5.2, 4.6], ∫ϰ²/L>=[4.8, 6.1, 6.3], C-C-Sep=0.20, ║∇J║=8.8e-04
-----On 8/20 Initial Guess Perturbations
Iteration 2428/4500-----
J=1.2e-02, ⟨Jf⟩=1.3e-03, ⟨B·n⟩=8.3e-03, Len=sum([4.8, 4.6, 4.2])=13.5, ϰ=[4.9, 5.2, 4.6], ∫ϰ²/L>=[4.8, 6.1, 6.3], C-C-Sep=0.20, ║∇J║=1.1e-03
-----On 8/20 Initial Guess Perturbations
Iteration 2429/4500-----
J=1.2e-02, ⟨Jf⟩=1.3e-03, ⟨B·n⟩=8.3e-03, Len=sum([4.8, 4.6, 4.2])=13.5, ϰ=[4.9, 5.2, 4.6], ∫ϰ²/L>=[4.8, 6.1, 6.3], C-C-Sep=0.20, ║∇J║=8.8e-04
-----On 8/20 Initial Guess Perturbations
Iteration 2430/4500-----
J=1.2e-02, ⟨Jf⟩=1.3e-03, ⟨B·n⟩=8.3e-03, Len=sum([4.8, 4.6, 4.2])=13.5, ϰ=[4.9, 5.3, 4.6], ∫ϰ²/L>=[4.8, 6.1, 6.3], C-C-Sep=0.20, ║∇J║=9.1e-04
-----On 8/20 Initial Guess Perturbations
Iteration 2431/4500-----
J=1.2e-02, ⟨Jf⟩=1.3e-03, ⟨B·n⟩=8.3e-03, Len=sum([4.8, 4.6, 4.2])=13.5, ϰ=[4.9, 5.3, 4.6], ∫ϰ²/L>=[4.8, 6.1, 6.3], C-C-Sep=0.20, ║∇J║=8.0e-04
-----On 8/20 Initial Guess Perturbations
Iteration 2432/4500-----
J=1.2e-02, ⟨Jf⟩=1.3e-03, ⟨B·n⟩=8.3e-03, Len=sum([4.8, 4.6, 4.2])=13.5, ϰ=[4.9, 5.3, 4.6], ∫ϰ²/L>=[4.8, 6.1, 6.3], C-C-Sep=0.20, ║∇J║=8.8e-04
-----On 8/20 Initial Guess Perturbations
Iteration 2433/4500-----
J=1.2e-02, ⟨Jf⟩=1.3e-03, ⟨B·n⟩=8.3e-03, Len=sum([4.8, 4.6, 4.2])=13.5, ϰ=[4.9, 5.3, 4.6], ∫ϰ²/L>=[4.8, 6.1, 6.3], C-C-Sep=0.20, ║∇J║=9.7e-04
-----On 8/20 Initial Guess Perturbations
Iteration 2434/4500-----
J=1.2e-02, ⟨Jf⟩=1.3e-03, ⟨B·n⟩=8.3e-03, Len=sum([4.8, 4.6, 4.2])=13.5, ϰ=[4.9, 5.3, 4.6], ∫ϰ²/L>=[4.8, 6.1, 6.3], C-C-Sep=0.20, ║∇J║=8.6e-04
-----On 8/20 Initial Guess Perturbations
Iteration 2435/4500-----
J=1.2e-02, ⟨Jf⟩=1.3e-03, ⟨B·n⟩=8.3e-03, Len=sum([4.8, 4.6, 4.2])=13.5, ϰ=[4.9, 5.3, 4.6], ∫ϰ²/L>=[4.8, 6.1, 6.3], C-C-Sep=0.20, ║∇J║=8.4e-04
-----On 8/20 Initial Guess Perturbations
Iteration 2436/4500-----
J=1.2e-02, ⟨Jf⟩=1.3e-03, ⟨B·n⟩=8.3e-03, Len=sum([4.8, 4.6, 4.2])=13.5, ϰ=[4.9, 5.3, 4.7], ∫ϰ²/L>=[4.8, 6.1, 6.3], C-C-Sep=0.20, ║∇J║=8.4e-04
-----On 8/20 Initial Guess Perturbations
Iteration 2437/4500-----
J=1.2e-02, ⟨Jf⟩=1.3e-03, ⟨B·n⟩=8.3e-03, Len=sum([4.8, 4.6, 4.2])=13.5, ϰ=[4.9, 5.3, 4.7], ∫ϰ²/L>=[4.8, 6.1, 6.3], C-C-Sep=0.20, ║∇J║=8.0e-04
-----On 8/20 Initial Guess Perturbations
Iteration 2438/4500-----
J=1.2e-02, ⟨Jf⟩=1.3e-03, ⟨B·n⟩=8.3e-03, Len=sum([4.8, 4.6, 4.2])=13.5, ϰ=[4.9, 5.3, 4.7], ∫ϰ²/L>=[4.8, 6.1, 6.3], C-C-Sep=0.20, ║∇J║=8.4e-04
-----On 8/20 Initial Guess Perturbations
Iteration 2439/4500-----
J=1.2e-02, ⟨Jf⟩=1.3e-03, ⟨B·n⟩=8.3e-03, Len=sum([4.8, 4.6, 4.2])=13.5, ϰ=[4.9, 5.3, 4.7], ∫ϰ²/L>=[4.8, 6.1, 6.3], C-C-Sep=0.20, ║∇J║=7.5e-04
-----On 8/20 Initial Guess Perturbations
Iteration 2440/4500-----
J=1.2e-02, ⟨Jf⟩=1.3e-03, ⟨B·n⟩=8.3e-03, Len=sum([4.8, 4.6, 4.2])=13.5, ϰ=[4.9, 5.3, 4.7], ∫ϰ²/L>=[4.8, 6.1, 6.3], C-C-Sep=0.20, ║∇J║=7.1e-04
-----On 8/20 Initial Guess Perturbations
Iteration 2441/4500-----
J=1.2e-02, ⟨Jf⟩=1.3e-03, ⟨B·n⟩=8.3e-03, Len=sum([4.8, 4.6, 4.2])=13.5, ϰ=[4.9, 5.3, 4.7], ∫ϰ²/L>=[4.8, 6.1, 6.3], C-C-Sep=0.20, ║∇J║=8.5e-04
-----On 8/20 Initial Guess Perturbations
Iteration 2442/4500-----
J=1.2e-02, ⟨Jf⟩=1.3e-03, ⟨B·n⟩=8.3e-03, Len=sum([4.8, 4.6, 4.2])=13.5, ϰ=[4.9, 5.3, 4.7], ∫ϰ²/L>=[4.8, 6.1, 6.3], C-C-Sep=0.20, ║∇J║=7.4e-04
-----On 8/20 Initial Guess Perturbations
Iteration 2443/4500-----
J=1.2e-02, ⟨Jf⟩=1.3e-03, ⟨B·n⟩=8.3e-03, Len=sum([4.8, 4.6, 4.2])=13.5, ϰ=[4.9, 5.3, 4.6], ∫ϰ²/L>=[4.8, 6.1, 6.3], C-C-Sep=0.20, ║∇J║=8.9e-04
-----On 8/20 Initial Guess Perturbations
Iteration 2444/4500-----
J=1.2e-02, ⟨Jf⟩=1.3e-03, ⟨B·n⟩=8.3e-03, Len=sum([4.8, 4.6, 4.2])=13.5, ϰ=[4.9, 5.3, 4.6], ∫ϰ²/L>=[4.8, 6.1, 6.3], C-C-Sep=0.20, ║∇J║=9.2e-04
-----On 8/20 Initial Guess Perturbations
Iteration 2445/4500-----
J=1.2e-02, ⟨Jf⟩=1.3e-03, ⟨B·n⟩=8.3e-03, Len=sum([4.8, 4.6, 4.2])=13.5, ϰ=[4.9, 5.3, 4.6], ∫ϰ²/L>=[4.8, 6.1, 6.3], C-C-Sep=0.20, ║∇J║=9.6e-04
-----On 8/20 Initial Guess Perturbations
Iteration 2446/4500-----
J=1.2e-02, ⟨Jf⟩=1.3e-03, ⟨B·n⟩=8.3e-03, Len=sum([4.8, 4.6, 4.2])=13.5, ϰ=[4.9, 5.3, 4.7], ∫ϰ²/L>=[4.8, 6.1, 6.3], C-C-Sep=0.20, ║∇J║=1.3e-03
-----On 8/20 Initial Guess Perturbations
Iteration 2447/4500-----
J=1.2e-02, ⟨Jf⟩=1.3e-03, ⟨B·n⟩=8.3e-03, Len=sum([4.8, 4.6, 4.2])=13.5, ϰ=[4.9, 5.2, 4.7], ∫ϰ²/L>=[4.8, 6.1, 6.3], C-C-Sep=0.20, ║∇J║=8.9e-04
-----On 8/20 Initial Guess Perturbations
Iteration 2448/4500-----
J=1.2e-02, ⟨Jf⟩=1.3e-03, ⟨B·n⟩=8.3e-03, Len=sum([4.8, 4.6, 4.2])=13.5, ϰ=[4.9, 5.2, 4.6], ∫ϰ²/L>=[4.8, 6.1, 6.3], C-C-Sep=0.20, ║∇J║=7.2e-04
-----On 8/20 Initial Guess Perturbations
Iteration 2449/4500-----
J=1.2e-02, ⟨Jf⟩=1.3e-03, ⟨B·n⟩=8.3e-03, Len=sum([4.8, 4.6, 4.2])=13.5, ϰ=[4.9, 5.2, 4.7], ∫ϰ²/L>=[4.8, 6.1, 6.3], C-C-Sep=0.20, ║∇J║=6.7e-04
-----On 8/20 Initial Guess Perturbations
Iteration 2450/4500-----
J=1.2e-02, ⟨Jf⟩=1.3e-03, ⟨B·n⟩=8.3e-03, Len=sum([4.8, 4.6, 4.2])=13.5, ϰ=[4.9, 5.2, 4.7], ∫ϰ²/L>=[4.8, 6.1, 6.3], C-C-Sep=0.20, ║∇J║=8.3e-04
-----On 8/20 Initial Guess Perturbations
Iteration 2451/4500-----
J=1.2e-02, ⟨Jf⟩=1.3e-03, ⟨B·n⟩=8.3e-03, Len=sum([4.8, 4.6, 4.2])=13.5, ϰ=[4.9, 5.2, 4.7], ∫ϰ²/L>=[4.8, 6.1, 6.3], C-C-Sep=0.20, ║∇J║=1.2e-03
-----On 8/20 Initial Guess Perturbations
Iteration 2452/4500-----
J=1.2e-02, ⟨Jf⟩=1.3e-03, ⟨B·n⟩=8.3e-03, Len=sum([4.8, 4.6, 4.2])=13.5, ϰ=[4.9, 5.2, 4.7], ∫ϰ²/L>=[4.8, 6.1, 6.3], C-C-Sep=0.20, ║∇J║=9.0e-04
-----On 8/20 Initial Guess Perturbations
Iteration 2453/4500-----
J=1.2e-02, ⟨Jf⟩=1.3e-03, ⟨B·n⟩=8.3e-03, Len=sum([4.8, 4.6, 4.2])=13.5, ϰ=[4.9, 5.2, 4.7], ∫ϰ²/L>=[4.8, 6.1, 6.3], C-C-Sep=0.20, ║∇J║=8.2e-04
-----On 8/20 Initial Guess Perturbations
Iteration 2454/4500-----
J=1.2e-02, ⟨Jf⟩=1.3e-03, ⟨B·n⟩=8.3e-03, Len=sum([4.8, 4.6, 4.2])=13.5, ϰ=[4.9, 5.2, 4.6], ∫ϰ²/L>=[4.8, 6.1, 6.3], C-C-Sep=0.20, ║∇J║=1.0e-03
-----On 8/20 Initial Guess Perturbations
Iteration 2455/4500-----
J=1.2e-02, ⟨Jf⟩=1.3e-03, ⟨B·n⟩=8.3e-03, Len=sum([4.8, 4.6, 4.2])=13.5, ϰ=[4.9, 5.2, 4.6], ∫ϰ²/L>=[4.8, 6.1, 6.3], C-C-Sep=0.20, ║∇J║=8.8e-04
-----On 8/20 Initial Guess Perturbations
Iteration 2456/4500-----
J=1.2e-02, ⟨Jf⟩=1.3e-03, ⟨B·n⟩=8.3e-03, Len=sum([4.8, 4.6, 4.2])=13.5, ϰ=[4.9, 5.2, 4.6], ∫ϰ²/L>=[4.8, 6.1, 6.3], C-C-Sep=0.20, ║∇J║=8.1e-04
-----On 8/20 Initial Guess Perturbations
Iteration 2457/4500-----
J=1.2e-02, ⟨Jf⟩=1.3e-03, ⟨B·n⟩=8.3e-03, Len=sum([4.8, 4.6, 4.2])=13.5, ϰ=[4.9, 5.2, 4.6], ∫ϰ²/L>=[4.8, 6.1, 6.3], C-C-Sep=0.20, ║∇J║=9.7e-04
-----On 8/20 Initial Guess Perturbations
Iteration 2458/4500-----
J=1.2e-02, ⟨Jf⟩=1.3e-03, ⟨B·n⟩=8.3e-03, Len=sum([4.8, 4.6, 4.2])=13.5, ϰ=[4.9, 5.2, 4.6], ∫ϰ²/L>=[4.8, 6.1, 6.3], C-C-Sep=0.20, ║∇J║=1.1e-03
-----On 8/20 Initial Guess Perturbations
Iteration 2459/4500-----
J=1.2e-02, ⟨Jf⟩=1.3e-03, ⟨B·n⟩=8.3e-03, Len=sum([4.8, 4.6, 4.2])=13.5, ϰ=[4.9, 5.2, 4.6], ∫ϰ²/L>=[4.8, 6.1, 6.3], C-C-Sep=0.20, ║∇J║=8.1e-04
-----On 8/20 Initial Guess Perturbations
Iteration 2460/4500-----
J=1.2e-02, ⟨Jf⟩=1.3e-03, ⟨B·n⟩=8.3e-03, Len=sum([4.8, 4.6, 4.2])=13.5, ϰ=[4.9, 5.2, 4.6], ∫ϰ²/L>=[4.8, 6.1, 6.3], C-C-Sep=0.20, ║∇J║=1.2e-03
-----On 8/20 Initial Guess Perturbations
Iteration 2461/4500-----
J=1.2e-02, ⟨Jf⟩=1.3e-03, ⟨B·n⟩=8.3e-03, Len=sum([4.8, 4.6, 4.2])=13.5, ϰ=[4.9, 5.2, 4.6], ∫ϰ²/L>=[4.8, 6.1, 6.3], C-C-Sep=0.20, ║∇J║=8.9e-04
-----On 8/20 Initial Guess Perturbations
Iteration 2462/4500-----
J=1.2e-02, ⟨Jf⟩=1.3e-03, ⟨B·n⟩=8.3e-03, Len=sum([4.8, 4.6, 4.2])=13.5, ϰ=[4.9, 5.3, 4.6], ∫ϰ²/L>=[4.8, 6.1, 6.3], C-C-Sep=0.20, ║∇J║=9.1e-04
-----On 8/20 Initial Guess Perturbations
Iteration 2463/4500-----
J=1.2e-02, ⟨Jf⟩=1.3e-03, ⟨B·n⟩=8.3e-03, Len=sum([4.8, 4.6, 4.2])=13.5, ϰ=[4.9, 5.3, 4.6], ∫ϰ²/L>=[4.8, 6.1, 6.3], C-C-Sep=0.20, ║∇J║=8.2e-04
-----On 8/20 Initial Guess Perturbations
Iteration 2464/4500-----
J=1.2e-02, ⟨Jf⟩=1.3e-03, ⟨B·n⟩=8.3e-03, Len=sum([4.8, 4.6, 4.2])=13.5, ϰ=[4.9, 5.3, 4.6], ∫ϰ²/L>=[4.8, 6.1, 6.3], C-C-Sep=0.20, ║∇J║=7.5e-04
-----On 8/20 Initial Guess Perturbations
Iteration 2465/4500-----
J=1.2e-02, ⟨Jf⟩=1.3e-03, ⟨B·n⟩=8.3e-03, Len=sum([4.8, 4.6, 4.2])=13.5, ϰ=[4.9, 5.3, 4.6], ∫ϰ²/L>=[4.8, 6.1, 6.3], C-C-Sep=0.20, ║∇J║=8.3e-04
-----On 8/20 Initial Guess Perturbations
Iteration 2466/4500-----
J=1.2e-02, ⟨Jf⟩=1.3e-03, ⟨B·n⟩=8.3e-03, Len=sum([4.8, 4.6, 4.2])=13.5, ϰ=[4.9, 5.3, 4.6], ∫ϰ²/L>=[4.8, 6.1, 6.3], C-C-Sep=0.20, ║∇J║=9.3e-04
-----On 8/20 Initial Guess Perturbations
Iteration 2467/4500-----
J=1.2e-02, ⟨Jf⟩=1.3e-03, ⟨B·n⟩=8.3e-03, Len=sum([4.8, 4.6, 4.2])=13.5, ϰ=[4.9, 5.3, 4.6], ∫ϰ²/L>=[4.8, 6.1, 6.3], C-C-Sep=0.20, ║∇J║=8.6e-04
-----On 8/20 Initial Guess Perturbations
Iteration 2468/4500-----
J=1.2e-02, ⟨Jf⟩=1.3e-03, ⟨B·n⟩=8.3e-03, Len=sum([4.8, 4.6, 4.2])=13.5, ϰ=[4.9, 5.3, 4.6], ∫ϰ²/L>=[4.8, 6.1, 6.3], C-C-Sep=0.20, ║∇J║=9.8e-04
-----On 8/20 Initial Guess Perturbations
Iteration 2469/4500-----
J=1.2e-02, ⟨Jf⟩=1.3e-03, ⟨B·n⟩=8.3e-03, Len=sum([4.8, 4.6, 4.2])=13.5, ϰ=[4.9, 5.3, 4.6], ∫ϰ²/L>=[4.8, 6.1, 6.3], C-C-Sep=0.20, ║∇J║=8.9e-04
-----On 8/20 Initial Guess Perturbations
Iteration 2470/4500-----
J=1.2e-02, ⟨Jf⟩=1.3e-03, ⟨B·n⟩=8.3e-03, Len=sum([4.8, 4.6, 4.2])=13.5, ϰ=[4.9, 5.3, 4.6], ∫ϰ²/L>=[4.8, 6.1, 6.3], C-C-Sep=0.20, ║∇J║=8.7e-04
-----On 8/20 Initial Guess Perturbations
Iteration 2471/4500-----
J=1.2e-02, ⟨Jf⟩=1.3e-03, ⟨B·n⟩=8.3e-03, Len=sum([4.8, 4.6, 4.2])=13.5, ϰ=[4.9, 5.3, 4.6], ∫ϰ²/L>=[4.8, 6.1, 6.3], C-C-Sep=0.20, ║∇J║=8.2e-04
-----On 8/20 Initial Guess Perturbations
Iteration 2472/4500-----
J=1.2e-02, ⟨Jf⟩=1.3e-03, ⟨B·n⟩=8.3e-03, Len=sum([4.8, 4.6, 4.2])=13.5, ϰ=[4.9, 5.2, 4.6], ∫ϰ²/L>=[4.8, 6.1, 6.3], C-C-Sep=0.20, ║∇J║=7.6e-04
-----On 8/20 Initial Guess Perturbations
Iteration 2473/4500-----
J=1.2e-02, ⟨Jf⟩=1.3e-03, ⟨B·n⟩=8.3e-03, Len=sum([4.8, 4.6, 4.2])=13.5, ϰ=[4.9, 5.2, 4.6], ∫ϰ²/L>=[4.8, 6.1, 6.3], C-C-Sep=0.20, ║∇J║=7.0e-04
-----On 8/20 Initial Guess Perturbations
Iteration 2474/4500-----
J=1.2e-02, ⟨Jf⟩=1.3e-03, ⟨B·n⟩=8.3e-03, Len=sum([4.8, 4.6, 4.2])=13.5, ϰ=[4.9, 5.2, 4.6], ∫ϰ²/L>=[4.8, 6.1, 6.3], C-C-Sep=0.20, ║∇J║=8.5e-04
-----On 8/20 Initial Guess Perturbations
Iteration 2475/4500-----
J=1.2e-02, ⟨Jf⟩=1.3e-03, ⟨B·n⟩=8.3e-03, Len=sum([4.8, 4.6, 4.2])=13.5, ϰ=[4.9, 5.2, 4.6], ∫ϰ²/L>=[4.8, 6.1, 6.3], C-C-Sep=0.20, ║∇J║=8.3e-04
-----On 8/20 Initial Guess Perturbations
Iteration 2476/4500-----
J=1.2e-02, ⟨Jf⟩=1.3e-03, ⟨B·n⟩=8.3e-03, Len=sum([4.8, 4.6, 4.2])=13.5, ϰ=[4.9, 5.2, 4.6], ∫ϰ²/L>=[4.8, 6.1, 6.3], C-C-Sep=0.20, ║∇J║=7.4e-04
-----On 8/20 Initial Guess Perturbations
Iteration 2477/4500-----
J=1.2e-02, ⟨Jf⟩=1.3e-03, ⟨B·n⟩=8.3e-03, Len=sum([4.8, 4.6, 4.2])=13.5, ϰ=[4.9, 5.2, 4.6], ∫ϰ²/L>=[4.8, 6.1, 6.3], C-C-Sep=0.20, ║∇J║=7.8e-04
-----On 8/20 Initial Guess Perturbations
Iteration 2478/4500-----
J=1.2e-02, ⟨Jf⟩=1.3e-03, ⟨B·n⟩=8.3e-03, Len=sum([4.8, 4.6, 4.2])=13.5, ϰ=[4.9, 5.2, 4.6], ∫ϰ²/L>=[4.8, 6.1, 6.3], C-C-Sep=0.20, ║∇J║=7.6e-04
-----On 8/20 Initial Guess Perturbations
Iteration 2479/4500-----
J=1.2e-02, ⟨Jf⟩=1.3e-03, ⟨B·n⟩=8.3e-03, Len=sum([4.8, 4.6, 4.2])=13.5, ϰ=[4.9, 5.2, 4.6], ∫ϰ²/L>=[4.8, 6.1, 6.3], C-C-Sep=0.20, ║∇J║=8.6e-04
-----On 8/20 Initial Guess Perturbations
Iteration 2480/4500-----
J=1.2e-02, ⟨Jf⟩=1.3e-03, ⟨B·n⟩=8.3e-03, Len=sum([4.8, 4.6, 4.2])=13.5, ϰ=[4.9, 5.2, 4.6], ∫ϰ²/L>=[4.8, 6.1, 6.3], C-C-Sep=0.20, ║∇J║=1.0e-03
-----On 8/20 Initial Guess Perturbations
Iteration 2481/4500-----
J=1.2e-02, ⟨Jf⟩=1.3e-03, ⟨B·n⟩=8.3e-03, Len=sum([4.8, 4.6, 4.2])=13.5, ϰ=[4.9, 5.2, 4.6], ∫ϰ²/L>=[4.8, 6.1, 6.3], C-C-Sep=0.20, ║∇J║=7.6e-04
-----On 8/20 Initial Guess Perturbations
Iteration 2482/4500-----
J=1.2e-02, ⟨Jf⟩=1.3e-03, ⟨B·n⟩=8.3e-03, Len=sum([4.8, 4.6, 4.2])=13.5, ϰ=[4.9, 5.2, 4.6], ∫ϰ²/L>=[4.8, 6.1, 6.3], C-C-Sep=0.20, ║∇J║=7.4e-04
-----On 8/20 Initial Guess Perturbations
Iteration 2483/4500-----
J=1.2e-02, ⟨Jf⟩=1.3e-03, ⟨B·n⟩=8.3e-03, Len=sum([4.8, 4.6, 4.2])=13.5, ϰ=[4.9, 5.2, 4.6], ∫ϰ²/L>=[4.8, 6.2, 6.3], C-C-Sep=0.20, ║∇J║=8.7e-04
-----On 8/20 Initial Guess Perturbations
Iteration 2484/4500-----
J=1.2e-02, ⟨Jf⟩=1.3e-03, ⟨B·n⟩=8.3e-03, Len=sum([4.8, 4.6, 4.2])=13.5, ϰ=[4.9, 5.3, 4.6], ∫ϰ²/L>=[4.8, 6.1, 6.3], C-C-Sep=0.20, ║∇J║=7.1e-04
-----On 8/20 Initial Guess Perturbations
Iteration 2485/4500-----
J=1.2e-02, ⟨Jf⟩=1.3e-03, ⟨B·n⟩=8.3e-03, Len=sum([4.8, 4.6, 4.2])=13.5, ϰ=[4.9, 5.3, 4.6], ∫ϰ²/L>=[4.8, 6.1, 6.3], C-C-Sep=0.20, ║∇J║=9.1e-04
-----On 8/20 Initial Guess Perturbations
Iteration 2486/4500-----
J=1.2e-02, ⟨Jf⟩=1.3e-03, ⟨B·n⟩=8.3e-03, Len=sum([4.8, 4.6, 4.2])=13.5, ϰ=[4.9, 5.3, 4.6], ∫ϰ²/L>=[4.8, 6.1, 6.3], C-C-Sep=0.20, ║∇J║=8.4e-04
-----On 8/20 Initial Guess Perturbations
Iteration 2487/4500-----
J=1.2e-02, ⟨Jf⟩=1.3e-03, ⟨B·n⟩=8.3e-03, Len=sum([4.8, 4.6, 4.2])=13.5, ϰ=[4.9, 5.3, 4.6], ∫ϰ²/L>=[4.8, 6.1, 6.3], C-C-Sep=0.20, ║∇J║=6.7e-04
-----On 8/20 Initial Guess Perturbations
Iteration 2488/4500-----
J=1.2e-02, ⟨Jf⟩=1.3e-03, ⟨B·n⟩=8.3e-03, Len=sum([4.8, 4.6, 4.2])=13.5, ϰ=[4.9, 5.3, 4.6], ∫ϰ²/L>=[4.8, 6.1, 6.3], C-C-Sep=0.20, ║∇J║=8.6e-04
-----On 8/20 Initial Guess Perturbations
Iteration 2489/4500-----
J=1.2e-02, ⟨Jf⟩=1.3e-03, ⟨B·n⟩=8.3e-03, Len=sum([4.8, 4.6, 4.2])=13.5, ϰ=[4.9, 5.3, 4.6], ∫ϰ²/L>=[4.8, 6.2, 6.3], C-C-Sep=0.20, ║∇J║=8.9e-04
-----On 8/20 Initial Guess Perturbations
Iteration 2490/4500-----
J=1.2e-02, ⟨Jf⟩=1.3e-03, ⟨B·n⟩=8.3e-03, Len=sum([4.8, 4.6, 4.2])=13.5, ϰ=[4.9, 5.3, 4.6], ∫ϰ²/L>=[4.8, 6.2, 6.3], C-C-Sep=0.20, ║∇J║=8.4e-04
-----On 8/20 Initial Guess Perturbations
Iteration 2491/4500-----
J=1.2e-02, ⟨Jf⟩=1.3e-03, ⟨B·n⟩=8.3e-03, Len=sum([4.8, 4.6, 4.2])=13.5, ϰ=[4.9, 5.3, 4.6], ∫ϰ²/L>=[4.8, 6.2, 6.3], C-C-Sep=0.20, ║∇J║=8.0e-04
-----On 8/20 Initial Guess Perturbations
Iteration 2492/4500-----
J=1.2e-02, ⟨Jf⟩=1.3e-03, ⟨B·n⟩=8.3e-03, Len=sum([4.8, 4.6, 4.2])=13.5, ϰ=[4.9, 5.3, 4.6], ∫ϰ²/L>=[4.8, 6.2, 6.3], C-C-Sep=0.20, ║∇J║=1.0e-03
-----On 8/20 Initial Guess Perturbations
Iteration 2493/4500-----
J=1.2e-02, ⟨Jf⟩=1.3e-03, ⟨B·n⟩=8.3e-03, Len=sum([4.8, 4.6, 4.2])=13.5, ϰ=[5.0, 5.3, 4.6], ∫ϰ²/L>=[4.8, 6.2, 6.3], C-C-Sep=0.20, ║∇J║=1.1e-03
-----On 8/20 Initial Guess Perturbations
Iteration 2494/4500-----
J=1.2e-02, ⟨Jf⟩=1.3e-03, ⟨B·n⟩=8.3e-03, Len=sum([4.8, 4.6, 4.2])=13.5, ϰ=[5.0, 5.3, 4.6], ∫ϰ²/L>=[4.8, 6.2, 6.3], C-C-Sep=0.20, ║∇J║=1.3e-03
-----On 8/20 Initial Guess Perturbations
Iteration 2495/4500-----
J=1.2e-02, ⟨Jf⟩=1.3e-03, ⟨B·n⟩=8.3e-03, Len=sum([4.8, 4.6, 4.2])=13.5, ϰ=[4.9, 5.3, 4.6], ∫ϰ²/L>=[4.8, 6.2, 6.3], C-C-Sep=0.20, ║∇J║=9.6e-04
-----On 8/20 Initial Guess Perturbations
Iteration 2496/4500-----
J=1.2e-02, ⟨Jf⟩=1.3e-03, ⟨B·n⟩=8.3e-03, Len=sum([4.8, 4.6, 4.2])=13.5, ϰ=[4.9, 5.3, 4.6], ∫ϰ²/L>=[4.8, 6.2, 6.3], C-C-Sep=0.20, ║∇J║=6.7e-04
-----On 8/20 Initial Guess Perturbations
Iteration 2497/4500-----
J=1.2e-02, ⟨Jf⟩=1.3e-03, ⟨B·n⟩=8.3e-03, Len=sum([4.8, 4.6, 4.2])=13.5, ϰ=[4.9, 5.3, 4.6], ∫ϰ²/L>=[4.8, 6.2, 6.3], C-C-Sep=0.20, ║∇J║=7.2e-04
-----On 8/20 Initial Guess Perturbations
Iteration 2498/4500-----
J=1.2e-02, ⟨Jf⟩=1.3e-03, ⟨B·n⟩=8.3e-03, Len=sum([4.8, 4.6, 4.2])=13.5, ϰ=[4.9, 5.3, 4.6], ∫ϰ²/L>=[4.8, 6.2, 6.3], C-C-Sep=0.20, ║∇J║=7.3e-04
-----On 8/20 Initial Guess Perturbations
Iteration 2499/4500-----
J=1.2e-02, ⟨Jf⟩=1.3e-03, ⟨B·n⟩=8.3e-03, Len=sum([4.8, 4.6, 4.2])=13.5, ϰ=[4.9, 5.3, 4.6], ∫ϰ²/L>=[4.8, 6.2, 6.3], C-C-Sep=0.20, ║∇J║=7.7e-04
-----On 8/20 Initial Guess Perturbations
Iteration 2500/4500-----
J=1.2e-02, ⟨Jf⟩=1.3e-03, ⟨B·n⟩=8.3e-03, Len=sum([4.8, 4.6, 4.2])=13.5, ϰ=[4.9, 5.3, 4.6], ∫ϰ²/L>=[4.8, 6.2, 6.3], C-C-Sep=0.20, ║∇J║=9.6e-04
-----On 8/20 Initial Guess Perturbations
Iteration 2501/4500-----
J=1.2e-02, ⟨Jf⟩=1.3e-03, ⟨B·n⟩=8.3e-03, Len=sum([4.8, 4.6, 4.2])=13.5, ϰ=[4.9, 5.3, 4.6], ∫ϰ²/L>=[4.8, 6.2, 6.3], C-C-Sep=0.20, ║∇J║=8.6e-04
-----On 8/20 Initial Guess Perturbations
Iteration 2502/4500-----
J=1.2e-02, ⟨Jf⟩=1.3e-03, ⟨B·n⟩=8.3e-03, Len=sum([4.8, 4.6, 4.2])=13.5, ϰ=[4.9, 5.3, 4.6], ∫ϰ²/L>=[4.8, 6.2, 6.3], C-C-Sep=0.20, ║∇J║=7.5e-04
-----On 8/20 Initial Guess Perturbations
Iteration 2503/4500-----
J=1.2e-02, ⟨Jf⟩=1.3e-03, ⟨B·n⟩=8.3e-03, Len=sum([4.8, 4.6, 4.2])=13.5, ϰ=[4.9, 5.3, 4.6], ∫ϰ²/L>=[4.8, 6.2, 6.3], C-C-Sep=0.20, ║∇J║=8.0e-04
-----On 8/20 Initial Guess Perturbations
Iteration 2504/4500-----
J=1.2e-02, ⟨Jf⟩=1.3e-03, ⟨B·n⟩=8.3e-03, Len=sum([4.8, 4.6, 4.2])=13.5, ϰ=[4.9, 5.3, 4.6], ∫ϰ²/L>=[4.8, 6.2, 6.3], C-C-Sep=0.20, ║∇J║=7.9e-04
-----On 8/20 Initial Guess Perturbations
Iteration 2505/4500-----
J=1.2e-02, ⟨Jf⟩=1.3e-03, ⟨B·n⟩=8.3e-03, Len=sum([4.8, 4.6, 4.2])=13.5, ϰ=[4.9, 5.3, 4.7], ∫ϰ²/L>=[4.8, 6.2, 6.3], C-C-Sep=0.20, ║∇J║=7.1e-04
-----On 8/20 Initial Guess Perturbations
Iteration 2506/4500-----
J=1.2e-02, ⟨Jf⟩=1.3e-03, ⟨B·n⟩=8.3e-03, Len=sum([4.8, 4.6, 4.2])=13.5, ϰ=[4.9, 5.3, 4.7], ∫ϰ²/L>=[4.8, 6.2, 6.3], C-C-Sep=0.20, ║∇J║=1.0e-03
-----On 8/20 Initial Guess Perturbations
Iteration 2507/4500-----
J=1.2e-02, ⟨Jf⟩=1.3e-03, ⟨B·n⟩=8.3e-03, Len=sum([4.8, 4.6, 4.2])=13.5, ϰ=[4.9, 5.3, 4.7], ∫ϰ²/L>=[4.8, 6.2, 6.3], C-C-Sep=0.20, ║∇J║=1.2e-03
-----On 8/20 Initial Guess Perturbations
Iteration 2508/4500-----
J=1.2e-02, ⟨Jf⟩=1.3e-03, ⟨B·n⟩=8.3e-03, Len=sum([4.8, 4.6, 4.2])=13.5, ϰ=[4.9, 5.3, 4.7], ∫ϰ²/L>=[4.8, 6.2, 6.3], C-C-Sep=0.20, ║∇J║=9.9e-04
-----On 8/20 Initial Guess Perturbations
Iteration 2509/4500-----
J=1.2e-02, ⟨Jf⟩=1.3e-03, ⟨B·n⟩=8.3e-03, Len=sum([4.8, 4.6, 4.2])=13.5, ϰ=[4.9, 5.3, 4.7], ∫ϰ²/L>=[4.8, 6.2, 6.3], C-C-Sep=0.20, ║∇J║=7.4e-04
-----On 8/20 Initial Guess Perturbations
Iteration 2510/4500-----
J=1.2e-02, ⟨Jf⟩=1.3e-03, ⟨B·n⟩=8.3e-03, Len=sum([4.8, 4.6, 4.2])=13.5, ϰ=[4.9, 5.3, 4.7], ∫ϰ²/L>=[4.8, 6.2, 6.3], C-C-Sep=0.20, ║∇J║=7.5e-04
-----On 8/20 Initial Guess Perturbations
Iteration 2511/4500-----
J=1.2e-02, ⟨Jf⟩=1.3e-03, ⟨B·n⟩=8.3e-03, Len=sum([4.8, 4.6, 4.2])=13.5, ϰ=[4.9, 5.3, 4.7], ∫ϰ²/L>=[4.8, 6.2, 6.3], C-C-Sep=0.20, ║∇J║=9.0e-04
-----On 8/20 Initial Guess Perturbations
Iteration 2512/4500-----
J=1.2e-02, ⟨Jf⟩=1.3e-03, ⟨B·n⟩=8.3e-03, Len=sum([4.8, 4.6, 4.2])=13.5, ϰ=[4.9, 5.3, 4.7], ∫ϰ²/L>=[4.8, 6.2, 6.3], C-C-Sep=0.20, ║∇J║=8.3e-04
-----On 8/20 Initial Guess Perturbations
Iteration 2513/4500-----
J=1.2e-02, ⟨Jf⟩=1.3e-03, ⟨B·n⟩=8.3e-03, Len=sum([4.8, 4.6, 4.2])=13.5, ϰ=[4.9, 5.3, 4.7], ∫ϰ²/L>=[4.8, 6.2, 6.3], C-C-Sep=0.20, ║∇J║=9.3e-04
-----On 8/20 Initial Guess Perturbations
Iteration 2514/4500-----
J=1.2e-02, ⟨Jf⟩=1.3e-03, ⟨B·n⟩=8.3e-03, Len=sum([4.8, 4.6, 4.2])=13.5, ϰ=[4.9, 5.3, 4.6], ∫ϰ²/L>=[4.8, 6.2, 6.3], C-C-Sep=0.20, ║∇J║=9.8e-04
-----On 8/20 Initial Guess Perturbations
Iteration 2515/4500-----
J=1.2e-02, ⟨Jf⟩=1.3e-03, ⟨B·n⟩=8.3e-03, Len=sum([4.8, 4.6, 4.2])=13.5, ϰ=[4.9, 5.3, 4.6], ∫ϰ²/L>=[4.8, 6.2, 6.3], C-C-Sep=0.20, ║∇J║=8.3e-04
-----On 8/20 Initial Guess Perturbations
Iteration 2516/4500-----
J=1.2e-02, ⟨Jf⟩=1.3e-03, ⟨B·n⟩=8.3e-03, Len=sum([4.8, 4.6, 4.2])=13.5, ϰ=[4.9, 5.3, 4.6], ∫ϰ²/L>=[4.8, 6.2, 6.3], C-C-Sep=0.20, ║∇J║=9.0e-04
-----On 8/20 Initial Guess Perturbations
Iteration 2517/4500-----
J=1.2e-02, ⟨Jf⟩=1.3e-03, ⟨B·n⟩=8.3e-03, Len=sum([4.8, 4.6, 4.2])=13.5, ϰ=[4.9, 5.3, 4.6], ∫ϰ²/L>=[4.8, 6.2, 6.3], C-C-Sep=0.20, ║∇J║=8.9e-04
-----On 8/20 Initial Guess Perturbations
Iteration 2518/4500-----
J=1.2e-02, ⟨Jf⟩=1.3e-03, ⟨B·n⟩=8.3e-03, Len=sum([4.8, 4.6, 4.2])=13.5, ϰ=[4.9, 5.3, 4.6], ∫ϰ²/L>=[4.8, 6.2, 6.3], C-C-Sep=0.20, ║∇J║=1.1e-03
-----On 8/20 Initial Guess Perturbations
Iteration 2519/4500-----
J=1.2e-02, ⟨Jf⟩=1.3e-03, ⟨B·n⟩=8.3e-03, Len=sum([4.8, 4.6, 4.2])=13.5, ϰ=[4.9, 5.3, 4.6], ∫ϰ²/L>=[4.8, 6.2, 6.3], C-C-Sep=0.20, ║∇J║=1.5e-03
-----On 8/20 Initial Guess Perturbations
Iteration 2520/4500-----
J=1.2e-02, ⟨Jf⟩=1.3e-03, ⟨B·n⟩=8.3e-03, Len=sum([4.8, 4.6, 4.2])=13.5, ϰ=[4.9, 5.3, 4.6], ∫ϰ²/L>=[4.8, 6.2, 6.3], C-C-Sep=0.20, ║∇J║=1.1e-03
-----On 8/20 Initial Guess Perturbations
Iteration 2521/4500-----
J=1.2e-02, ⟨Jf⟩=1.3e-03, ⟨B·n⟩=8.3e-03, Len=sum([4.8, 4.6, 4.2])=13.5, ϰ=[4.9, 5.3, 4.6], ∫ϰ²/L>=[4.8, 6.2, 6.3], C-C-Sep=0.20, ║∇J║=8.0e-04
-----On 8/20 Initial Guess Perturbations
Iteration 2522/4500-----
J=1.2e-02, ⟨Jf⟩=1.3e-03, ⟨B·n⟩=8.3e-03, Len=sum([4.8, 4.6, 4.2])=13.5, ϰ=[4.9, 5.3, 4.6], ∫ϰ²/L>=[4.8, 6.2, 6.3], C-C-Sep=0.20, ║∇J║=8.9e-04
-----On 8/20 Initial Guess Perturbations
Iteration 2523/4500-----
J=1.2e-02, ⟨Jf⟩=1.3e-03, ⟨B·n⟩=8.3e-03, Len=sum([4.8, 4.6, 4.2])=13.5, ϰ=[4.9, 5.3, 4.6], ∫ϰ²/L>=[4.8, 6.2, 6.3], C-C-Sep=0.20, ║∇J║=1.0e-03
-----On 8/20 Initial Guess Perturbations
Iteration 2524/4500-----
J=1.2e-02, ⟨Jf⟩=1.3e-03, ⟨B·n⟩=8.3e-03, Len=sum([4.8, 4.6, 4.2])=13.5, ϰ=[4.9, 5.3, 4.6], ∫ϰ²/L>=[4.8, 6.2, 6.3], C-C-Sep=0.20, ║∇J║=9.7e-04
-----On 8/20 Initial Guess Perturbations
Iteration 2525/4500-----
J=1.2e-02, ⟨Jf⟩=1.3e-03, ⟨B·n⟩=8.3e-03, Len=sum([4.8, 4.6, 4.2])=13.5, ϰ=[4.9, 5.3, 4.6], ∫ϰ²/L>=[4.8, 6.2, 6.3], C-C-Sep=0.20, ║∇J║=9.0e-04
-----On 8/20 Initial Guess Perturbations
Iteration 2526/4500-----
J=1.2e-02, ⟨Jf⟩=1.3e-03, ⟨B·n⟩=8.3e-03, Len=sum([4.8, 4.6, 4.2])=13.5, ϰ=[4.9, 5.3, 4.6], ∫ϰ²/L>=[4.8, 6.2, 6.3], C-C-Sep=0.20, ║∇J║=1.1e-03
-----On 8/20 Initial Guess Perturbations
Iteration 2527/4500-----
J=1.2e-02, ⟨Jf⟩=1.3e-03, ⟨B·n⟩=8.3e-03, Len=sum([4.8, 4.6, 4.2])=13.5, ϰ=[4.9, 5.3, 4.6], ∫ϰ²/L>=[4.8, 6.2, 6.3], C-C-Sep=0.20, ║∇J║=1.2e-03
-----On 8/20 Initial Guess Perturbations
Iteration 2528/4500-----
J=1.2e-02, ⟨Jf⟩=1.3e-03, ⟨B·n⟩=8.3e-03, Len=sum([4.8, 4.6, 4.2])=13.5, ϰ=[4.9, 5.3, 4.6], ∫ϰ²/L>=[4.8, 6.2, 6.3], C-C-Sep=0.20, ║∇J║=1.2e-03
-----On 8/20 Initial Guess Perturbations
Iteration 2529/4500-----
J=1.2e-02, ⟨Jf⟩=1.3e-03, ⟨B·n⟩=8.3e-03, Len=sum([4.8, 4.6, 4.2])=13.5, ϰ=[4.9, 5.3, 4.6], ∫ϰ²/L>=[4.8, 6.2, 6.3], C-C-Sep=0.20, ║∇J║=9.1e-04
-----On 8/20 Initial Guess Perturbations
Iteration 2530/4500-----
J=1.2e-02, ⟨Jf⟩=1.3e-03, ⟨B·n⟩=8.3e-03, Len=sum([4.8, 4.6, 4.2])=13.5, ϰ=[4.9, 5.3, 4.5], ∫ϰ²/L>=[4.8, 6.2, 6.3], C-C-Sep=0.20, ║∇J║=8.2e-04
-----On 8/20 Initial Guess Perturbations
Iteration 2531/4500-----
J=1.2e-02, ⟨Jf⟩=1.3e-03, ⟨B·n⟩=8.3e-03, Len=sum([4.8, 4.6, 4.2])=13.5, ϰ=[4.9, 5.3, 4.5], ∫ϰ²/L>=[4.8, 6.2, 6.3], C-C-Sep=0.20, ║∇J║=1.1e-03
-----On 8/20 Initial Guess Perturbations
Iteration 2532/4500-----
J=1.2e-02, ⟨Jf⟩=1.3e-03, ⟨B·n⟩=8.3e-03, Len=sum([4.8, 4.6, 4.2])=13.5, ϰ=[4.8, 5.2, 4.5], ∫ϰ²/L>=[4.8, 6.2, 6.3], C-C-Sep=0.20, ║∇J║=9.8e-04
-----On 8/20 Initial Guess Perturbations
Iteration 2533/4500-----
J=1.2e-02, ⟨Jf⟩=1.3e-03, ⟨B·n⟩=8.3e-03, Len=sum([4.8, 4.6, 4.2])=13.5, ϰ=[4.8, 5.2, 4.5], ∫ϰ²/L>=[4.8, 6.2, 6.3], C-C-Sep=0.20, ║∇J║=8.8e-04
-----On 8/20 Initial Guess Perturbations
Iteration 2534/4500-----
J=1.2e-02, ⟨Jf⟩=1.3e-03, ⟨B·n⟩=8.3e-03, Len=sum([4.8, 4.6, 4.2])=13.5, ϰ=[4.8, 5.2, 4.5], ∫ϰ²/L>=[4.8, 6.2, 6.3], C-C-Sep=0.20, ║∇J║=1.1e-03
-----On 8/20 Initial Guess Perturbations
Iteration 2535/4500-----
J=1.2e-02, ⟨Jf⟩=1.3e-03, ⟨B·n⟩=8.3e-03, Len=sum([4.8, 4.6, 4.2])=13.5, ϰ=[4.8, 5.2, 4.5], ∫ϰ²/L>=[4.8, 6.2, 6.3], C-C-Sep=0.20, ║∇J║=1.3e-03
-----On 8/20 Initial Guess Perturbations
Iteration 2536/4500-----
J=1.2e-02, ⟨Jf⟩=1.3e-03, ⟨B·n⟩=8.3e-03, Len=sum([4.8, 4.6, 4.2])=13.5, ϰ=[4.8, 5.2, 4.5], ∫ϰ²/L>=[4.8, 6.2, 6.3], C-C-Sep=0.20, ║∇J║=1.4e-03
-----On 8/20 Initial Guess Perturbations
Iteration 2537/4500-----
J=1.2e-02, ⟨Jf⟩=1.3e-03, ⟨B·n⟩=8.3e-03, Len=sum([4.8, 4.6, 4.2])=13.5, ϰ=[4.8, 5.2, 4.5], ∫ϰ²/L>=[4.8, 6.2, 6.3], C-C-Sep=0.20, ║∇J║=1.1e-03
-----On 8/20 Initial Guess Perturbations
Iteration 2538/4500-----
J=1.2e-02, ⟨Jf⟩=1.3e-03, ⟨B·n⟩=8.3e-03, Len=sum([4.8, 4.6, 4.2])=13.5, ϰ=[4.8, 5.2, 4.5], ∫ϰ²/L>=[4.8, 6.2, 6.3], C-C-Sep=0.20, ║∇J║=8.2e-04
-----On 8/20 Initial Guess Perturbations
Iteration 2539/4500-----
J=1.2e-02, ⟨Jf⟩=1.3e-03, ⟨B·n⟩=8.3e-03, Len=sum([4.8, 4.6, 4.2])=13.5, ϰ=[4.8, 5.2, 4.5], ∫ϰ²/L>=[4.8, 6.2, 6.3], C-C-Sep=0.20, ║∇J║=1.2e-03
-----On 8/20 Initial Guess Perturbations
Iteration 2540/4500-----
J=1.2e-02, ⟨Jf⟩=1.3e-03, ⟨B·n⟩=8.3e-03, Len=sum([4.8, 4.6, 4.2])=13.5, ϰ=[4.8, 5.2, 4.5], ∫ϰ²/L>=[4.8, 6.2, 6.3], C-C-Sep=0.20, ║∇J║=1.2e-03
-----On 8/20 Initial Guess Perturbations
Iteration 2541/4500-----
J=1.2e-02, ⟨Jf⟩=1.3e-03, ⟨B·n⟩=8.3e-03, Len=sum([4.8, 4.6, 4.2])=13.5, ϰ=[4.8, 5.2, 4.5], ∫ϰ²/L>=[4.8, 6.2, 6.3], C-C-Sep=0.20, ║∇J║=8.6e-04
-----On 8/20 Initial Guess Perturbations
Iteration 2542/4500-----
J=1.2e-02, ⟨Jf⟩=1.3e-03, ⟨B·n⟩=8.3e-03, Len=sum([4.8, 4.6, 4.2])=13.5, ϰ=[4.8, 5.2, 4.5], ∫ϰ²/L>=[4.8, 6.1, 6.3], C-C-Sep=0.20, ║∇J║=1.0e-03
-----On 8/20 Initial Guess Perturbations
Iteration 2543/4500-----
J=1.2e-02, ⟨Jf⟩=1.3e-03, ⟨B·n⟩=8.3e-03, Len=sum([4.8, 4.6, 4.2])=13.5, ϰ=[4.9, 5.3, 4.5], ∫ϰ²/L>=[4.8, 6.1, 6.3], C-C-Sep=0.20, ║∇J║=9.9e-04
-----On 8/20 Initial Guess Perturbations
Iteration 2544/4500-----
J=1.2e-02, ⟨Jf⟩=1.3e-03, ⟨B·n⟩=8.3e-03, Len=sum([4.8, 4.6, 4.2])=13.5, ϰ=[4.9, 5.3, 4.5], ∫ϰ²/L>=[4.8, 6.1, 6.3], C-C-Sep=0.20, ║∇J║=1.0e-03
-----On 8/20 Initial Guess Perturbations
Iteration 2545/4500-----
J=1.2e-02, ⟨Jf⟩=1.3e-03, ⟨B·n⟩=8.3e-03, Len=sum([4.8, 4.6, 4.2])=13.5, ϰ=[4.9, 5.3, 4.5], ∫ϰ²/L>=[4.8, 6.1, 6.3], C-C-Sep=0.20, ║∇J║=1.1e-03
-----On 8/20 Initial Guess Perturbations
Iteration 2546/4500-----
J=1.2e-02, ⟨Jf⟩=1.3e-03, ⟨B·n⟩=8.3e-03, Len=sum([4.8, 4.6, 4.2])=13.5, ϰ=[4.9, 5.3, 4.5], ∫ϰ²/L>=[4.8, 6.1, 6.3], C-C-Sep=0.20, ║∇J║=9.4e-04
-----On 8/20 Initial Guess Perturbations
Iteration 2547/4500-----
J=1.2e-02, ⟨Jf⟩=1.3e-03, ⟨B·n⟩=8.3e-03, Len=sum([4.8, 4.6, 4.2])=13.5, ϰ=[4.9, 5.3, 4.5], ∫ϰ²/L>=[4.8, 6.1, 6.3], C-C-Sep=0.20, ║∇J║=1.1e-03
-----On 8/20 Initial Guess Perturbations
Iteration 2548/4500-----
J=1.2e-02, ⟨Jf⟩=1.3e-03, ⟨B·n⟩=8.3e-03, Len=sum([4.8, 4.6, 4.2])=13.5, ϰ=[4.9, 5.3, 4.5], ∫ϰ²/L>=[4.8, 6.1, 6.3], C-C-Sep=0.20, ║∇J║=1.9e-03
-----On 8/20 Initial Guess Perturbations
Iteration 2549/4500-----
J=1.2e-02, ⟨Jf⟩=1.3e-03, ⟨B·n⟩=8.3e-03, Len=sum([4.8, 4.6, 4.2])=13.5, ϰ=[4.9, 5.3, 4.5], ∫ϰ²/L>=[4.8, 6.1, 6.3], C-C-Sep=0.20, ║∇J║=1.2e-03
-----On 8/20 Initial Guess Perturbations
Iteration 2550/4500-----
J=1.2e-02, ⟨Jf⟩=1.3e-03, ⟨B·n⟩=8.3e-03, Len=sum([4.8, 4.6, 4.2])=13.5, ϰ=[4.9, 5.3, 4.5], ∫ϰ²/L>=[4.8, 6.1, 6.3], C-C-Sep=0.20, ║∇J║=1.2e-03
-----On 8/20 Initial Guess Perturbations
Iteration 2551/4500-----
J=1.2e-02, ⟨Jf⟩=1.3e-03, ⟨B·n⟩=8.3e-03, Len=sum([4.8, 4.6, 4.2])=13.5, ϰ=[4.9, 5.3, 4.5], ∫ϰ²/L>=[4.8, 6.1, 6.3], C-C-Sep=0.20, ║∇J║=8.2e-04
-----On 8/20 Initial Guess Perturbations
Iteration 2552/4500-----
J=1.2e-02, ⟨Jf⟩=1.3e-03, ⟨B·n⟩=8.3e-03, Len=sum([4.8, 4.6, 4.2])=13.5, ϰ=[4.9, 5.3, 4.5], ∫ϰ²/L>=[4.8, 6.1, 6.3], C-C-Sep=0.20, ║∇J║=1.0e-03
-----On 8/20 Initial Guess Perturbations
Iteration 2553/4500-----
J=1.2e-02, ⟨Jf⟩=1.3e-03, ⟨B·n⟩=8.3e-03, Len=sum([4.8, 4.6, 4.2])=13.5, ϰ=[4.9, 5.3, 4.5], ∫ϰ²/L>=[4.8, 6.1, 6.3], C-C-Sep=0.20, ║∇J║=9.6e-04
-----On 8/20 Initial Guess Perturbations
Iteration 2554/4500-----
J=1.2e-02, ⟨Jf⟩=1.3e-03, ⟨B·n⟩=8.3e-03, Len=sum([4.8, 4.6, 4.2])=13.5, ϰ=[4.9, 5.3, 4.6], ∫ϰ²/L>=[4.8, 6.1, 6.3], C-C-Sep=0.20, ║∇J║=8.4e-04
-----On 8/20 Initial Guess Perturbations
Iteration 2555/4500-----
J=1.2e-02, ⟨Jf⟩=1.3e-03, ⟨B·n⟩=8.3e-03, Len=sum([4.8, 4.6, 4.2])=13.5, ϰ=[4.9, 5.3, 4.6], ∫ϰ²/L>=[4.8, 6.1, 6.3], C-C-Sep=0.20, ║∇J║=9.3e-04
-----On 8/20 Initial Guess Perturbations
Iteration 2556/4500-----
J=1.2e-02, ⟨Jf⟩=1.3e-03, ⟨B·n⟩=8.3e-03, Len=sum([4.8, 4.6, 4.2])=13.5, ϰ=[4.9, 5.3, 4.6], ∫ϰ²/L>=[4.8, 6.1, 6.3], C-C-Sep=0.20, ║∇J║=9.3e-04
-----On 8/20 Initial Guess Perturbations
Iteration 2557/4500-----
J=1.2e-02, ⟨Jf⟩=1.3e-03, ⟨B·n⟩=8.3e-03, Len=sum([4.8, 4.6, 4.2])=13.5, ϰ=[4.9, 5.3, 4.6], ∫ϰ²/L>=[4.8, 6.1, 6.3], C-C-Sep=0.20, ║∇J║=7.7e-04
-----On 8/20 Initial Guess Perturbations
Iteration 2558/4500-----
J=1.2e-02, ⟨Jf⟩=1.3e-03, ⟨B·n⟩=8.3e-03, Len=sum([4.8, 4.6, 4.2])=13.5, ϰ=[4.9, 5.3, 4.6], ∫ϰ²/L>=[4.8, 6.1, 6.3], C-C-Sep=0.20, ║∇J║=1.1e-03
-----On 8/20 Initial Guess Perturbations
Iteration 2559/4500-----
J=1.2e-02, ⟨Jf⟩=1.3e-03, ⟨B·n⟩=8.3e-03, Len=sum([4.8, 4.6, 4.2])=13.5, ϰ=[4.9, 5.3, 4.6], ∫ϰ²/L>=[4.8, 6.1, 6.3], C-C-Sep=0.20, ║∇J║=1.0e-03
-----On 8/20 Initial Guess Perturbations
Iteration 2560/4500-----
J=1.2e-02, ⟨Jf⟩=1.3e-03, ⟨B·n⟩=8.3e-03, Len=sum([4.8, 4.6, 4.2])=13.5, ϰ=[4.9, 5.3, 4.6], ∫ϰ²/L>=[4.8, 6.1, 6.3], C-C-Sep=0.20, ║∇J║=9.4e-04
-----On 8/20 Initial Guess Perturbations
Iteration 2561/4500-----
J=1.2e-02, ⟨Jf⟩=1.3e-03, ⟨B·n⟩=8.3e-03, Len=sum([4.8, 4.6, 4.2])=13.5, ϰ=[4.9, 5.3, 4.6], ∫ϰ²/L>=[4.8, 6.1, 6.3], C-C-Sep=0.20, ║∇J║=8.9e-04
-----On 8/20 Initial Guess Perturbations
Iteration 2562/4500-----
J=1.2e-02, ⟨Jf⟩=1.3e-03, ⟨B·n⟩=8.3e-03, Len=sum([4.8, 4.6, 4.2])=13.5, ϰ=[4.9, 5.3, 4.6], ∫ϰ²/L>=[4.8, 6.1, 6.3], C-C-Sep=0.20, ║∇J║=8.2e-04
-----On 8/20 Initial Guess Perturbations
Iteration 2563/4500-----
J=1.2e-02, ⟨Jf⟩=1.3e-03, ⟨B·n⟩=8.3e-03, Len=sum([4.8, 4.6, 4.2])=13.5, ϰ=[4.9, 5.3, 4.6], ∫ϰ²/L>=[4.8, 6.1, 6.3], C-C-Sep=0.20, ║∇J║=7.7e-04
-----On 8/20 Initial Guess Perturbations
Iteration 2564/4500-----
J=1.2e-02, ⟨Jf⟩=1.3e-03, ⟨B·n⟩=8.3e-03, Len=sum([4.8, 4.6, 4.2])=13.5, ϰ=[4.9, 5.3, 4.6], ∫ϰ²/L>=[4.8, 6.1, 6.3], C-C-Sep=0.20, ║∇J║=1.1e-03
-----On 8/20 Initial Guess Perturbations
Iteration 2565/4500-----
J=1.2e-02, ⟨Jf⟩=1.3e-03, ⟨B·n⟩=8.3e-03, Len=sum([4.8, 4.6, 4.2])=13.5, ϰ=[4.9, 5.3, 4.6], ∫ϰ²/L>=[4.8, 6.1, 6.3], C-C-Sep=0.20, ║∇J║=1.4e-03
-----On 8/20 Initial Guess Perturbations
Iteration 2566/4500-----
J=1.2e-02, ⟨Jf⟩=1.3e-03, ⟨B·n⟩=8.3e-03, Len=sum([4.8, 4.6, 4.2])=13.5, ϰ=[4.9, 5.3, 4.6], ∫ϰ²/L>=[4.8, 6.1, 6.3], C-C-Sep=0.20, ║∇J║=1.0e-03
-----On 8/20 Initial Guess Perturbations
Iteration 2567/4500-----
J=1.2e-02, ⟨Jf⟩=1.3e-03, ⟨B·n⟩=8.3e-03, Len=sum([4.8, 4.6, 4.2])=13.5, ϰ=[4.9, 5.3, 4.6], ∫ϰ²/L>=[4.8, 6.1, 6.3], C-C-Sep=0.20, ║∇J║=1.2e-03
-----On 8/20 Initial Guess Perturbations
Iteration 2568/4500-----
J=1.2e-02, ⟨Jf⟩=1.3e-03, ⟨B·n⟩=8.3e-03, Len=sum([4.8, 4.6, 4.2])=13.5, ϰ=[4.9, 5.3, 4.6], ∫ϰ²/L>=[4.8, 6.1, 6.3], C-C-Sep=0.20, ║∇J║=7.5e-04
-----On 8/20 Initial Guess Perturbations
Iteration 2569/4500-----
J=1.2e-02, ⟨Jf⟩=1.3e-03, ⟨B·n⟩=8.3e-03, Len=sum([4.8, 4.6, 4.2])=13.5, ϰ=[4.9, 5.3, 4.6], ∫ϰ²/L>=[4.8, 6.1, 6.3], C-C-Sep=0.20, ║∇J║=8.8e-04
-----On 8/20 Initial Guess Perturbations
Iteration 2570/4500-----
J=1.2e-02, ⟨Jf⟩=1.3e-03, ⟨B·n⟩=8.3e-03, Len=sum([4.8, 4.6, 4.2])=13.5, ϰ=[4.9, 5.2, 4.6], ∫ϰ²/L>=[4.8, 6.1, 6.3], C-C-Sep=0.20, ║∇J║=8.1e-04
-----On 8/20 Initial Guess Perturbations
Iteration 2571/4500-----
J=1.2e-02, ⟨Jf⟩=1.3e-03, ⟨B·n⟩=8.3e-03, Len=sum([4.8, 4.6, 4.2])=13.5, ϰ=[4.9, 5.2, 4.6], ∫ϰ²/L>=[4.8, 6.1, 6.3], C-C-Sep=0.20, ║∇J║=7.1e-04
-----On 8/20 Initial Guess Perturbations
Iteration 2572/4500-----
J=1.2e-02, ⟨Jf⟩=1.3e-03, ⟨B·n⟩=8.3e-03, Len=sum([4.8, 4.6, 4.2])=13.5, ϰ=[4.9, 5.2, 4.6], ∫ϰ²/L>=[4.8, 6.1, 6.3], C-C-Sep=0.20, ║∇J║=7.4e-04
-----On 8/20 Initial Guess Perturbations
Iteration 2573/4500-----
J=1.2e-02, ⟨Jf⟩=1.3e-03, ⟨B·n⟩=8.3e-03, Len=sum([4.8, 4.6, 4.2])=13.5, ϰ=[4.9, 5.2, 4.6], ∫ϰ²/L>=[4.8, 6.1, 6.3], C-C-Sep=0.20, ║∇J║=8.6e-04
-----On 8/20 Initial Guess Perturbations
Iteration 2574/4500-----
J=1.2e-02, ⟨Jf⟩=1.3e-03, ⟨B·n⟩=8.3e-03, Len=sum([4.8, 4.6, 4.2])=13.5, ϰ=[4.9, 5.3, 4.6], ∫ϰ²/L>=[4.8, 6.1, 6.3], C-C-Sep=0.20, ║∇J║=8.8e-04
-----On 8/20 Initial Guess Perturbations
Iteration 2575/4500-----
J=1.2e-02, ⟨Jf⟩=1.3e-03, ⟨B·n⟩=8.3e-03, Len=sum([4.8, 4.6, 4.2])=13.5, ϰ=[4.9, 5.3, 4.6], ∫ϰ²/L>=[4.8, 6.1, 6.3], C-C-Sep=0.20, ║∇J║=9.0e-04
-----On 8/20 Initial Guess Perturbations
Iteration 2576/4500-----
J=1.2e-02, ⟨Jf⟩=1.3e-03, ⟨B·n⟩=8.3e-03, Len=sum([4.8, 4.6, 4.2])=13.5, ϰ=[4.9, 5.3, 4.6], ∫ϰ²/L>=[4.8, 6.1, 6.3], C-C-Sep=0.20, ║∇J║=8.8e-04
-----On 8/20 Initial Guess Perturbations
Iteration 2577/4500-----
J=1.2e-02, ⟨Jf⟩=1.3e-03, ⟨B·n⟩=8.3e-03, Len=sum([4.8, 4.6, 4.2])=13.5, ϰ=[4.9, 5.2, 4.6], ∫ϰ²/L>=[4.8, 6.1, 6.3], C-C-Sep=0.20, ║∇J║=7.9e-04
-----On 8/20 Initial Guess Perturbations
Iteration 2578/4500-----
J=1.2e-02, ⟨Jf⟩=1.3e-03, ⟨B·n⟩=8.3e-03, Len=sum([4.8, 4.6, 4.2])=13.5, ϰ=[4.9, 5.2, 4.7], ∫ϰ²/L>=[4.8, 6.1, 6.3], C-C-Sep=0.20, ║∇J║=8.5e-04
-----On 8/20 Initial Guess Perturbations
Iteration 2579/4500-----
J=1.2e-02, ⟨Jf⟩=1.3e-03, ⟨B·n⟩=8.3e-03, Len=sum([4.8, 4.6, 4.2])=13.5, ϰ=[4.9, 5.2, 4.6], ∫ϰ²/L>=[4.8, 6.1, 6.3], C-C-Sep=0.20, ║∇J║=8.7e-04
-----On 8/20 Initial Guess Perturbations
Iteration 2580/4500-----
J=1.2e-02, ⟨Jf⟩=1.3e-03, ⟨B·n⟩=8.3e-03, Len=sum([4.8, 4.6, 4.2])=13.5, ϰ=[4.9, 5.2, 4.6], ∫ϰ²/L>=[4.8, 6.1, 6.3], C-C-Sep=0.20, ║∇J║=1.0e-03
-----On 8/20 Initial Guess Perturbations
Iteration 2581/4500-----
J=1.2e-02, ⟨Jf⟩=1.3e-03, ⟨B·n⟩=8.3e-03, Len=sum([4.8, 4.6, 4.2])=13.5, ϰ=[4.9, 5.2, 4.7], ∫ϰ²/L>=[4.8, 6.1, 6.3], C-C-Sep=0.20, ║∇J║=9.2e-04
-----On 8/20 Initial Guess Perturbations
Iteration 2582/4500-----
J=1.2e-02, ⟨Jf⟩=1.3e-03, ⟨B·n⟩=8.3e-03, Len=sum([4.8, 4.6, 4.2])=13.5, ϰ=[4.9, 5.2, 4.6], ∫ϰ²/L>=[4.8, 6.1, 6.3], C-C-Sep=0.20, ║∇J║=8.0e-04
-----On 8/20 Initial Guess Perturbations
Iteration 2583/4500-----
J=1.2e-02, ⟨Jf⟩=1.3e-03, ⟨B·n⟩=8.3e-03, Len=sum([4.8, 4.6, 4.2])=13.5, ϰ=[4.9, 5.2, 4.6], ∫ϰ²/L>=[4.8, 6.1, 6.3], C-C-Sep=0.20, ║∇J║=7.6e-04
-----On 8/20 Initial Guess Perturbations
Iteration 2584/4500-----
J=1.2e-02, ⟨Jf⟩=1.3e-03, ⟨B·n⟩=8.3e-03, Len=sum([4.8, 4.6, 4.2])=13.5, ϰ=[4.9, 5.2, 4.6], ∫ϰ²/L>=[4.8, 6.1, 6.3], C-C-Sep=0.20, ║∇J║=8.0e-04
-----On 8/20 Initial Guess Perturbations
Iteration 2585/4500-----
J=1.2e-02, ⟨Jf⟩=1.3e-03, ⟨B·n⟩=8.3e-03, Len=sum([4.8, 4.6, 4.2])=13.5, ϰ=[4.9, 5.2, 4.6], ∫ϰ²/L>=[4.8, 6.1, 6.3], C-C-Sep=0.20, ║∇J║=8.6e-04
-----On 8/20 Initial Guess Perturbations
Iteration 2586/4500-----
J=1.2e-02, ⟨Jf⟩=1.3e-03, ⟨B·n⟩=8.3e-03, Len=sum([4.8, 4.6, 4.2])=13.5, ϰ=[4.9, 5.2, 4.6], ∫ϰ²/L>=[4.8, 6.1, 6.3], C-C-Sep=0.20, ║∇J║=1.0e-03
-----On 8/20 Initial Guess Perturbations
Iteration 2587/4500-----
J=1.2e-02, ⟨Jf⟩=1.3e-03, ⟨B·n⟩=8.3e-03, Len=sum([4.8, 4.6, 4.2])=13.5, ϰ=[4.9, 5.2, 4.6], ∫ϰ²/L>=[4.8, 6.1, 6.3], C-C-Sep=0.20, ║∇J║=9.4e-04
-----On 8/20 Initial Guess Perturbations
Iteration 2588/4500-----
J=1.2e-02, ⟨Jf⟩=1.3e-03, ⟨B·n⟩=8.3e-03, Len=sum([4.8, 4.6, 4.2])=13.5, ϰ=[4.9, 5.2, 4.6], ∫ϰ²/L>=[4.8, 6.1, 6.3], C-C-Sep=0.20, ║∇J║=9.4e-04
-----On 8/20 Initial Guess Perturbations
Iteration 2589/4500-----
J=1.2e-02, ⟨Jf⟩=1.3e-03, ⟨B·n⟩=8.3e-03, Len=sum([4.8, 4.6, 4.2])=13.5, ϰ=[4.9, 5.2, 4.6], ∫ϰ²/L>=[4.8, 6.1, 6.3], C-C-Sep=0.20, ║∇J║=1.0e-03
-----On 8/20 Initial Guess Perturbations
Iteration 2590/4500-----
J=1.2e-02, ⟨Jf⟩=1.3e-03, ⟨B·n⟩=8.3e-03, Len=sum([4.8, 4.6, 4.2])=13.5, ϰ=[4.9, 5.2, 4.6], ∫ϰ²/L>=[4.8, 6.1, 6.3], C-C-Sep=0.20, ║∇J║=9.0e-04
-----On 8/20 Initial Guess Perturbations
Iteration 2591/4500-----
J=1.2e-02, ⟨Jf⟩=1.3e-03, ⟨B·n⟩=8.3e-03, Len=sum([4.8, 4.6, 4.2])=13.5, ϰ=[4.9, 5.2, 4.6], ∫ϰ²/L>=[4.8, 6.1, 6.3], C-C-Sep=0.20, ║∇J║=1.0e-03
-----On 8/20 Initial Guess Perturbations
Iteration 2592/4500-----
J=1.2e-02, ⟨Jf⟩=1.3e-03, ⟨B·n⟩=8.3e-03, Len=sum([4.8, 4.6, 4.2])=13.5, ϰ=[4.9, 5.2, 4.6], ∫ϰ²/L>=[4.8, 6.1, 6.3], C-C-Sep=0.20, ║∇J║=8.5e-04
-----On 8/20 Initial Guess Perturbations
Iteration 2593/4500-----
J=1.2e-02, ⟨Jf⟩=1.3e-03, ⟨B·n⟩=8.3e-03, Len=sum([4.8, 4.6, 4.2])=13.5, ϰ=[4.9, 5.2, 4.6], ∫ϰ²/L>=[4.8, 6.1, 6.3], C-C-Sep=0.20, ║∇J║=7.8e-04
-----On 8/20 Initial Guess Perturbations
Iteration 2594/4500-----
J=1.2e-02, ⟨Jf⟩=1.3e-03, ⟨B·n⟩=8.3e-03, Len=sum([4.8, 4.6, 4.2])=13.5, ϰ=[4.9, 5.2, 4.6], ∫ϰ²/L>=[4.8, 6.1, 6.3], C-C-Sep=0.20, ║∇J║=9.3e-04
-----On 8/20 Initial Guess Perturbations
Iteration 2595/4500-----
J=1.2e-02, ⟨Jf⟩=1.3e-03, ⟨B·n⟩=8.3e-03, Len=sum([4.8, 4.6, 4.2])=13.5, ϰ=[4.9, 5.2, 4.6], ∫ϰ²/L>=[4.8, 6.1, 6.3], C-C-Sep=0.20, ║∇J║=8.4e-04
-----On 8/20 Initial Guess Perturbations
Iteration 2596/4500-----
J=1.2e-02, ⟨Jf⟩=1.3e-03, ⟨B·n⟩=8.3e-03, Len=sum([4.8, 4.6, 4.2])=13.5, ϰ=[4.9, 5.2, 4.6], ∫ϰ²/L>=[4.8, 6.1, 6.3], C-C-Sep=0.20, ║∇J║=8.7e-04
-----On 8/20 Initial Guess Perturbations
Iteration 2597/4500-----
J=1.2e-02, ⟨Jf⟩=1.3e-03, ⟨B·n⟩=8.3e-03, Len=sum([4.8, 4.6, 4.2])=13.5, ϰ=[4.9, 5.2, 4.7], ∫ϰ²/L>=[4.8, 6.1, 6.3], C-C-Sep=0.20, ║∇J║=1.1e-03
-----On 8/20 Initial Guess Perturbations
Iteration 2598/4500-----
J=1.2e-02, ⟨Jf⟩=1.3e-03, ⟨B·n⟩=8.3e-03, Len=sum([4.8, 4.6, 4.2])=13.5, ϰ=[4.9, 5.2, 4.7], ∫ϰ²/L>=[4.8, 6.1, 6.3], C-C-Sep=0.20, ║∇J║=1.1e-03
-----On 8/20 Initial Guess Perturbations
Iteration 2599/4500-----
J=1.2e-02, ⟨Jf⟩=1.3e-03, ⟨B·n⟩=8.3e-03, Len=sum([4.8, 4.6, 4.2])=13.5, ϰ=[4.9, 5.2, 4.7], ∫ϰ²/L>=[4.8, 6.1, 6.3], C-C-Sep=0.20, ║∇J║=1.4e-03
-----On 8/20 Initial Guess Perturbations
Iteration 2600/4500-----
J=1.2e-02, ⟨Jf⟩=1.3e-03, ⟨B·n⟩=8.3e-03, Len=sum([4.8, 4.6, 4.2])=13.5, ϰ=[4.9, 5.2, 4.7], ∫ϰ²/L>=[4.8, 6.1, 6.3], C-C-Sep=0.20, ║∇J║=1.2e-03
-----On 8/20 Initial Guess Perturbations
Iteration 2601/4500-----
J=1.2e-02, ⟨Jf⟩=1.3e-03, ⟨B·n⟩=8.3e-03, Len=sum([4.8, 4.6, 4.2])=13.5, ϰ=[4.9, 5.2, 4.7], ∫ϰ²/L>=[4.8, 6.1, 6.3], C-C-Sep=0.20, ║∇J║=1.3e-03
-----On 8/20 Initial Guess Perturbations
Iteration 2602/4500-----
J=1.2e-02, ⟨Jf⟩=1.3e-03, ⟨B·n⟩=8.3e-03, Len=sum([4.8, 4.6, 4.2])=13.5, ϰ=[4.9, 5.2, 4.7], ∫ϰ²/L>=[4.8, 6.1, 6.3], C-C-Sep=0.20, ║∇J║=9.0e-04
-----On 8/20 Initial Guess Perturbations
Iteration 2603/4500-----
J=1.2e-02, ⟨Jf⟩=1.3e-03, ⟨B·n⟩=8.3e-03, Len=sum([4.8, 4.6, 4.2])=13.5, ϰ=[4.9, 5.2, 4.7], ∫ϰ²/L>=[4.8, 6.1, 6.3], C-C-Sep=0.20, ║∇J║=9.5e-04
-----On 8/20 Initial Guess Perturbations
Iteration 2604/4500-----
J=1.2e-02, ⟨Jf⟩=1.3e-03, ⟨B·n⟩=8.3e-03, Len=sum([4.8, 4.6, 4.2])=13.5, ϰ=[4.9, 5.2, 4.7], ∫ϰ²/L>=[4.8, 6.1, 6.3], C-C-Sep=0.20, ║∇J║=1.1e-03
-----On 8/20 Initial Guess Perturbations
Iteration 2605/4500-----
J=1.2e-02, ⟨Jf⟩=1.3e-03, ⟨B·n⟩=8.3e-03, Len=sum([4.8, 4.6, 4.2])=13.5, ϰ=[4.9, 5.2, 4.7], ∫ϰ²/L>=[4.8, 6.1, 6.3], C-C-Sep=0.20, ║∇J║=8.9e-04
-----On 8/20 Initial Guess Perturbations
Iteration 2606/4500-----
J=1.2e-02, ⟨Jf⟩=1.3e-03, ⟨B·n⟩=8.3e-03, Len=sum([4.8, 4.6, 4.2])=13.5, ϰ=[4.9, 5.2, 4.7], ∫ϰ²/L>=[4.8, 6.1, 6.3], C-C-Sep=0.20, ║∇J║=9.1e-04
-----On 8/20 Initial Guess Perturbations
Iteration 2607/4500-----
J=1.2e-02, ⟨Jf⟩=1.3e-03, ⟨B·n⟩=8.3e-03, Len=sum([4.8, 4.6, 4.2])=13.5, ϰ=[4.9, 5.2, 4.7], ∫ϰ²/L>=[4.8, 6.1, 6.3], C-C-Sep=0.20, ║∇J║=1.1e-03
-----On 8/20 Initial Guess Perturbations
Iteration 2608/4500-----
J=1.2e-02, ⟨Jf⟩=1.3e-03, ⟨B·n⟩=8.3e-03, Len=sum([4.8, 4.6, 4.2])=13.5, ϰ=[4.9, 5.2, 4.7], ∫ϰ²/L>=[4.8, 6.1, 6.3], C-C-Sep=0.20, ║∇J║=9.6e-04
-----On 8/20 Initial Guess Perturbations
Iteration 2609/4500-----
J=1.2e-02, ⟨Jf⟩=1.3e-03, ⟨B·n⟩=8.3e-03, Len=sum([4.8, 4.6, 4.2])=13.5, ϰ=[4.9, 5.3, 4.7], ∫ϰ²/L>=[4.8, 6.1, 6.3], C-C-Sep=0.20, ║∇J║=8.8e-04
-----On 8/20 Initial Guess Perturbations
Iteration 2610/4500-----
J=1.2e-02, ⟨Jf⟩=1.3e-03, ⟨B·n⟩=8.3e-03, Len=sum([4.8, 4.6, 4.2])=13.5, ϰ=[4.9, 5.3, 4.7], ∫ϰ²/L>=[4.8, 6.1, 6.4], C-C-Sep=0.20, ║∇J║=1.0e-03
-----On 8/20 Initial Guess Perturbations
Iteration 2611/4500-----
J=1.2e-02, ⟨Jf⟩=1.3e-03, ⟨B·n⟩=8.3e-03, Len=sum([4.8, 4.6, 4.2])=13.5, ϰ=[4.9, 5.3, 4.7], ∫ϰ²/L>=[4.8, 6.1, 6.3], C-C-Sep=0.20, ║∇J║=1.1e-03
-----On 8/20 Initial Guess Perturbations
Iteration 2612/4500-----
J=1.2e-02, ⟨Jf⟩=1.3e-03, ⟨B·n⟩=8.3e-03, Len=sum([4.8, 4.6, 4.2])=13.5, ϰ=[4.9, 5.3, 4.7], ∫ϰ²/L>=[4.8, 6.1, 6.3], C-C-Sep=0.20, ║∇J║=1.1e-03
-----On 8/20 Initial Guess Perturbations
Iteration 2613/4500-----
J=1.2e-02, ⟨Jf⟩=1.3e-03, ⟨B·n⟩=8.3e-03, Len=sum([4.8, 4.6, 4.2])=13.5, ϰ=[4.9, 5.3, 4.6], ∫ϰ²/L>=[4.8, 6.1, 6.3], C-C-Sep=0.20, ║∇J║=1.0e-03
-----On 8/20 Initial Guess Perturbations
Iteration 2614/4500-----
J=1.2e-02, ⟨Jf⟩=1.3e-03, ⟨B·n⟩=8.3e-03, Len=sum([4.8, 4.6, 4.2])=13.5, ϰ=[4.9, 5.3, 4.6], ∫ϰ²/L>=[4.8, 6.1, 6.4], C-C-Sep=0.20, ║∇J║=1.0e-03
-----On 8/20 Initial Guess Perturbations
Iteration 2615/4500-----
J=1.2e-02, ⟨Jf⟩=1.3e-03, ⟨B·n⟩=8.3e-03, Len=sum([4.8, 4.6, 4.2])=13.5, ϰ=[4.9, 5.3, 4.6], ∫ϰ²/L>=[4.8, 6.1, 6.4], C-C-Sep=0.20, ║∇J║=8.9e-04
-----On 8/20 Initial Guess Perturbations
Iteration 2616/4500-----
J=1.2e-02, ⟨Jf⟩=1.3e-03, ⟨B·n⟩=8.3e-03, Len=sum([4.8, 4.6, 4.2])=13.5, ϰ=[4.9, 5.3, 4.6], ∫ϰ²/L>=[4.8, 6.1, 6.4], C-C-Sep=0.20, ║∇J║=1.0e-03
-----On 8/20 Initial Guess Perturbations
Iteration 2617/4500-----
J=1.2e-02, ⟨Jf⟩=1.3e-03, ⟨B·n⟩=8.3e-03, Len=sum([4.8, 4.6, 4.2])=13.5, ϰ=[4.9, 5.2, 4.6], ∫ϰ²/L>=[4.8, 6.1, 6.4], C-C-Sep=0.20, ║∇J║=1.2e-03
-----On 8/20 Initial Guess Perturbations
Iteration 2618/4500-----
J=1.2e-02, ⟨Jf⟩=1.3e-03, ⟨B·n⟩=8.3e-03, Len=sum([4.8, 4.6, 4.2])=13.5, ϰ=[4.9, 5.2, 4.6], ∫ϰ²/L>=[4.8, 6.1, 6.4], C-C-Sep=0.20, ║∇J║=9.1e-04
-----On 8/20 Initial Guess Perturbations
Iteration 2619/4500-----
J=1.2e-02, ⟨Jf⟩=1.3e-03, ⟨B·n⟩=8.3e-03, Len=sum([4.8, 4.6, 4.2])=13.5, ϰ=[4.9, 5.2, 4.6], ∫ϰ²/L>=[4.8, 6.1, 6.4], C-C-Sep=0.20, ║∇J║=9.3e-04
-----On 8/20 Initial Guess Perturbations
Iteration 2620/4500-----
J=1.2e-02, ⟨Jf⟩=1.3e-03, ⟨B·n⟩=8.3e-03, Len=sum([4.8, 4.6, 4.2])=13.5, ϰ=[4.9, 5.2, 4.7], ∫ϰ²/L>=[4.8, 6.1, 6.4], C-C-Sep=0.20, ║∇J║=1.2e-03
-----On 8/20 Initial Guess Perturbations
Iteration 2621/4500-----
J=1.2e-02, ⟨Jf⟩=1.3e-03, ⟨B·n⟩=8.3e-03, Len=sum([4.8, 4.6, 4.2])=13.5, ϰ=[4.9, 5.2, 4.7], ∫ϰ²/L>=[4.8, 6.1, 6.4], C-C-Sep=0.20, ║∇J║=1.3e-03
-----On 8/20 Initial Guess Perturbations
Iteration 2622/4500-----
J=1.2e-02, ⟨Jf⟩=1.3e-03, ⟨B·n⟩=8.3e-03, Len=sum([4.8, 4.6, 4.2])=13.5, ϰ=[4.9, 5.2, 4.7], ∫ϰ²/L>=[4.8, 6.1, 6.4], C-C-Sep=0.20, ║∇J║=1.3e-03
-----On 8/20 Initial Guess Perturbations
Iteration 2623/4500-----
J=1.2e-02, ⟨Jf⟩=1.3e-03, ⟨B·n⟩=8.3e-03, Len=sum([4.8, 4.6, 4.2])=13.5, ϰ=[4.9, 5.2, 4.7], ∫ϰ²/L>=[4.8, 6.1, 6.4], C-C-Sep=0.20, ║∇J║=1.2e-03
-----On 8/20 Initial Guess Perturbations
Iteration 2624/4500-----
J=1.2e-02, ⟨Jf⟩=1.3e-03, ⟨B·n⟩=8.3e-03, Len=sum([4.8, 4.6, 4.2])=13.5, ϰ=[4.9, 5.2, 4.7], ∫ϰ²/L>=[4.8, 6.1, 6.4], C-C-Sep=0.20, ║∇J║=9.8e-04
-----On 8/20 Initial Guess Perturbations
Iteration 2625/4500-----
J=1.2e-02, ⟨Jf⟩=1.3e-03, ⟨B·n⟩=8.3e-03, Len=sum([4.8, 4.6, 4.2])=13.5, ϰ=[4.9, 5.2, 4.7], ∫ϰ²/L>=[4.8, 6.1, 6.4], C-C-Sep=0.20, ║∇J║=9.5e-04
-----On 8/20 Initial Guess Perturbations
Iteration 2626/4500-----
J=1.2e-02, ⟨Jf⟩=1.3e-03, ⟨B·n⟩=8.3e-03, Len=sum([4.8, 4.6, 4.2])=13.5, ϰ=[4.9, 5.2, 4.7], ∫ϰ²/L>=[4.8, 6.1, 6.4], C-C-Sep=0.20, ║∇J║=9.9e-04
-----On 8/20 Initial Guess Perturbations
Iteration 2627/4500-----
J=1.2e-02, ⟨Jf⟩=1.3e-03, ⟨B·n⟩=8.3e-03, Len=sum([4.8, 4.6, 4.2])=13.5, ϰ=[4.9, 5.2, 4.7], ∫ϰ²/L>=[4.8, 6.1, 6.4], C-C-Sep=0.20, ║∇J║=1.1e-03
-----On 8/20 Initial Guess Perturbations
Iteration 2628/4500-----
J=1.2e-02, ⟨Jf⟩=1.3e-03, ⟨B·n⟩=8.3e-03, Len=sum([4.8, 4.6, 4.2])=13.5, ϰ=[4.9, 5.2, 4.7], ∫ϰ²/L>=[4.8, 6.1, 6.4], C-C-Sep=0.20, ║∇J║=1.3e-03
-----On 8/20 Initial Guess Perturbations
Iteration 2629/4500-----
J=1.2e-02, ⟨Jf⟩=1.3e-03, ⟨B·n⟩=8.3e-03, Len=sum([4.8, 4.6, 4.2])=13.5, ϰ=[4.9, 5.2, 4.7], ∫ϰ²/L>=[4.8, 6.1, 6.4], C-C-Sep=0.20, ║∇J║=1.2e-03
-----On 8/20 Initial Guess Perturbations
Iteration 2630/4500-----
J=1.2e-02, ⟨Jf⟩=1.3e-03, ⟨B·n⟩=8.3e-03, Len=sum([4.8, 4.6, 4.2])=13.5, ϰ=[4.9, 5.2, 4.7], ∫ϰ²/L>=[4.8, 6.1, 6.4], C-C-Sep=0.20, ║∇J║=1.4e-03
-----On 8/20 Initial Guess Perturbations
Iteration 2631/4500-----
J=1.2e-02, ⟨Jf⟩=1.3e-03, ⟨B·n⟩=8.3e-03, Len=sum([4.8, 4.6, 4.2])=13.5, ϰ=[4.9, 5.2, 4.7], ∫ϰ²/L>=[4.8, 6.1, 6.4], C-C-Sep=0.20, ║∇J║=1.3e-03
-----On 8/20 Initial Guess Perturbations
Iteration 2632/4500-----
J=1.2e-02, ⟨Jf⟩=1.3e-03, ⟨B·n⟩=8.3e-03, Len=sum([4.8, 4.6, 4.2])=13.5, ϰ=[4.9, 5.2, 4.7], ∫ϰ²/L>=[4.8, 6.1, 6.4], C-C-Sep=0.20, ║∇J║=9.2e-04
-----On 8/20 Initial Guess Perturbations
Iteration 2633/4500-----
J=1.2e-02, ⟨Jf⟩=1.3e-03, ⟨B·n⟩=8.3e-03, Len=sum([4.8, 4.6, 4.2])=13.5, ϰ=[4.9, 5.2, 4.6], ∫ϰ²/L>=[4.8, 6.1, 6.4], C-C-Sep=0.20, ║∇J║=7.4e-04
-----On 8/20 Initial Guess Perturbations
Iteration 2634/4500-----
J=1.2e-02, ⟨Jf⟩=1.3e-03, ⟨B·n⟩=8.3e-03, Len=sum([4.8, 4.6, 4.2])=13.5, ϰ=[4.9, 5.2, 4.6], ∫ϰ²/L>=[4.8, 6.1, 6.4], C-C-Sep=0.20, ║∇J║=8.0e-04
-----On 8/20 Initial Guess Perturbations
Iteration 2635/4500-----
J=1.2e-02, ⟨Jf⟩=1.3e-03, ⟨B·n⟩=8.3e-03, Len=sum([4.8, 4.6, 4.2])=13.5, ϰ=[4.9, 5.2, 4.6], ∫ϰ²/L>=[4.8, 6.1, 6.4], C-C-Sep=0.20, ║∇J║=8.4e-04
-----On 8/20 Initial Guess Perturbations
Iteration 2636/4500-----
J=1.2e-02, ⟨Jf⟩=1.3e-03, ⟨B·n⟩=8.3e-03, Len=sum([4.8, 4.6, 4.2])=13.5, ϰ=[4.9, 5.2, 4.6], ∫ϰ²/L>=[4.8, 6.1, 6.4], C-C-Sep=0.20, ║∇J║=1.0e-03
-----On 8/20 Initial Guess Perturbations
Iteration 2637/4500-----
J=1.2e-02, ⟨Jf⟩=1.3e-03, ⟨B·n⟩=8.3e-03, Len=sum([4.8, 4.6, 4.2])=13.5, ϰ=[4.9, 5.2, 4.6], ∫ϰ²/L>=[4.8, 6.1, 6.4], C-C-Sep=0.20, ║∇J║=1.1e-03
-----On 8/20 Initial Guess Perturbations
Iteration 2638/4500-----
J=1.2e-02, ⟨Jf⟩=1.3e-03, ⟨B·n⟩=8.3e-03, Len=sum([4.8, 4.6, 4.2])=13.5, ϰ=[4.9, 5.2, 4.6], ∫ϰ²/L>=[4.8, 6.1, 6.4], C-C-Sep=0.20, ║∇J║=1.0e-03
-----On 8/20 Initial Guess Perturbations
Iteration 2639/4500-----
J=1.2e-02, ⟨Jf⟩=1.3e-03, ⟨B·n⟩=8.3e-03, Len=sum([4.8, 4.6, 4.2])=13.5, ϰ=[4.9, 5.2, 4.6], ∫ϰ²/L>=[4.8, 6.1, 6.4], C-C-Sep=0.20, ║∇J║=1.0e-03
-----On 8/20 Initial Guess Perturbations
Iteration 2640/4500-----
J=1.2e-02, ⟨Jf⟩=1.3e-03, ⟨B·n⟩=8.3e-03, Len=sum([4.8, 4.6, 4.2])=13.5, ϰ=[4.9, 5.2, 4.6], ∫ϰ²/L>=[4.8, 6.1, 6.4], C-C-Sep=0.20, ║∇J║=9.6e-04
-----On 8/20 Initial Guess Perturbations
Iteration 2641/4500-----
J=1.2e-02, ⟨Jf⟩=1.3e-03, ⟨B·n⟩=8.3e-03, Len=sum([4.8, 4.6, 4.2])=13.5, ϰ=[4.9, 5.2, 4.6], ∫ϰ²/L>=[4.8, 6.1, 6.4], C-C-Sep=0.20, ║∇J║=1.1e-03
-----On 8/20 Initial Guess Perturbations
Iteration 2642/4500-----
J=1.2e-02, ⟨Jf⟩=1.3e-03, ⟨B·n⟩=8.3e-03, Len=sum([4.8, 4.6, 4.2])=13.5, ϰ=[4.9, 5.2, 4.6], ∫ϰ²/L>=[4.8, 6.1, 6.4], C-C-Sep=0.20, ║∇J║=1.2e-03
-----On 8/20 Initial Guess Perturbations
Iteration 2643/4500-----
J=1.2e-02, ⟨Jf⟩=1.3e-03, ⟨B·n⟩=8.3e-03, Len=sum([4.8, 4.6, 4.2])=13.5, ϰ=[4.9, 5.2, 4.6], ∫ϰ²/L>=[4.8, 6.1, 6.4], C-C-Sep=0.20, ║∇J║=1.1e-03
-----On 8/20 Initial Guess Perturbations
Iteration 2644/4500-----
J=1.2e-02, ⟨Jf⟩=1.3e-03, ⟨B·n⟩=8.3e-03, Len=sum([4.8, 4.6, 4.2])=13.5, ϰ=[4.9, 5.2, 4.6], ∫ϰ²/L>=[4.8, 6.1, 6.3], C-C-Sep=0.20, ║∇J║=9.8e-04
-----On 8/20 Initial Guess Perturbations
Iteration 2645/4500-----
J=1.2e-02, ⟨Jf⟩=1.3e-03, ⟨B·n⟩=8.3e-03, Len=sum([4.8, 4.6, 4.2])=13.5, ϰ=[4.9, 5.2, 4.6], ∫ϰ²/L>=[4.8, 6.1, 6.3], C-C-Sep=0.20, ║∇J║=1.1e-03
-----On 8/20 Initial Guess Perturbations
Iteration 2646/4500-----
J=1.2e-02, ⟨Jf⟩=1.3e-03, ⟨B·n⟩=8.3e-03, Len=sum([4.8, 4.6, 4.2])=13.5, ϰ=[4.9, 5.2, 4.6], ∫ϰ²/L>=[4.8, 6.1, 6.3], C-C-Sep=0.20, ║∇J║=9.9e-04
-----On 8/20 Initial Guess Perturbations
Iteration 2647/4500-----
J=1.2e-02, ⟨Jf⟩=1.3e-03, ⟨B·n⟩=8.3e-03, Len=sum([4.8, 4.6, 4.2])=13.5, ϰ=[4.9, 5.2, 4.6], ∫ϰ²/L>=[4.8, 6.1, 6.3], C-C-Sep=0.20, ║∇J║=9.2e-04
-----On 8/20 Initial Guess Perturbations
Iteration 2648/4500-----
J=1.2e-02, ⟨Jf⟩=1.3e-03, ⟨B·n⟩=8.3e-03, Len=sum([4.8, 4.6, 4.2])=13.5, ϰ=[4.9, 5.2, 4.6], ∫ϰ²/L>=[4.8, 6.1, 6.3], C-C-Sep=0.20, ║∇J║=9.8e-04
-----On 8/20 Initial Guess Perturbations
Iteration 2649/4500-----
J=1.2e-02, ⟨Jf⟩=1.3e-03, ⟨B·n⟩=8.3e-03, Len=sum([4.8, 4.6, 4.2])=13.5, ϰ=[4.9, 5.2, 4.6], ∫ϰ²/L>=[4.8, 6.1, 6.3], C-C-Sep=0.20, ║∇J║=9.5e-04
-----On 8/20 Initial Guess Perturbations
Iteration 2650/4500-----
J=1.2e-02, ⟨Jf⟩=1.3e-03, ⟨B·n⟩=8.3e-03, Len=sum([4.8, 4.6, 4.2])=13.5, ϰ=[4.9, 5.3, 4.6], ∫ϰ²/L>=[4.8, 6.1, 6.3], C-C-Sep=0.20, ║∇J║=1.0e-03
-----On 8/20 Initial Guess Perturbations
Iteration 2651/4500-----
J=1.2e-02, ⟨Jf⟩=1.3e-03, ⟨B·n⟩=8.3e-03, Len=sum([4.8, 4.6, 4.2])=13.5, ϰ=[4.9, 5.3, 4.6], ∫ϰ²/L>=[4.8, 6.1, 6.3], C-C-Sep=0.20, ║∇J║=1.1e-03
-----On 8/20 Initial Guess Perturbations
Iteration 2652/4500-----
J=1.2e-02, ⟨Jf⟩=1.3e-03, ⟨B·n⟩=8.3e-03, Len=sum([4.8, 4.6, 4.2])=13.5, ϰ=[4.9, 5.3, 4.7], ∫ϰ²/L>=[4.8, 6.1, 6.3], C-C-Sep=0.20, ║∇J║=1.4e-03
-----On 8/20 Initial Guess Perturbations
Iteration 2653/4500-----
J=1.2e-02, ⟨Jf⟩=1.3e-03, ⟨B·n⟩=8.3e-03, Len=sum([4.8, 4.6, 4.2])=13.5, ϰ=[4.9, 5.3, 4.7], ∫ϰ²/L>=[4.8, 6.1, 6.3], C-C-Sep=0.20, ║∇J║=1.4e-03
-----On 8/20 Initial Guess Perturbations
Iteration 2654/4500-----
J=1.2e-02, ⟨Jf⟩=1.3e-03, ⟨B·n⟩=8.3e-03, Len=sum([4.8, 4.6, 4.2])=13.5, ϰ=[4.9, 5.3, 4.7], ∫ϰ²/L>=[4.8, 6.1, 6.3], C-C-Sep=0.20, ║∇J║=1.1e-03
-----On 8/20 Initial Guess Perturbations
Iteration 2655/4500-----
J=1.2e-02, ⟨Jf⟩=1.3e-03, ⟨B·n⟩=8.3e-03, Len=sum([4.8, 4.6, 4.2])=13.5, ϰ=[4.9, 5.3, 4.7], ∫ϰ²/L>=[4.8, 6.1, 6.3], C-C-Sep=0.20, ║∇J║=1.1e-03
-----On 8/20 Initial Guess Perturbations
Iteration 2656/4500-----
J=1.2e-02, ⟨Jf⟩=1.3e-03, ⟨B·n⟩=8.3e-03, Len=sum([4.8, 4.6, 4.2])=13.5, ϰ=[4.9, 5.3, 4.7], ∫ϰ²/L>=[4.8, 6.1, 6.3], C-C-Sep=0.20, ║∇J║=1.0e-03
-----On 8/20 Initial Guess Perturbations
Iteration 2657/4500-----
J=1.2e-02, ⟨Jf⟩=1.3e-03, ⟨B·n⟩=8.3e-03, Len=sum([4.8, 4.6, 4.2])=13.5, ϰ=[4.9, 5.3, 4.7], ∫ϰ²/L>=[4.8, 6.1, 6.3], C-C-Sep=0.20, ║∇J║=1.0e-03
-----On 8/20 Initial Guess Perturbations
Iteration 2658/4500-----
J=1.2e-02, ⟨Jf⟩=1.3e-03, ⟨B·n⟩=8.3e-03, Len=sum([4.8, 4.6, 4.2])=13.5, ϰ=[4.9, 5.3, 4.7], ∫ϰ²/L>=[4.8, 6.1, 6.3], C-C-Sep=0.20, ║∇J║=1.0e-03
-----On 8/20 Initial Guess Perturbations
Iteration 2659/4500-----
J=1.2e-02, ⟨Jf⟩=1.3e-03, ⟨B·n⟩=8.3e-03, Len=sum([4.8, 4.6, 4.2])=13.5, ϰ=[4.9, 5.3, 4.7], ∫ϰ²/L>=[4.8, 6.1, 6.3], C-C-Sep=0.20, ║∇J║=1.3e-03
-----On 8/20 Initial Guess Perturbations
Iteration 2660/4500-----
J=1.2e-02, ⟨Jf⟩=1.3e-03, ⟨B·n⟩=8.3e-03, Len=sum([4.8, 4.6, 4.2])=13.5, ϰ=[4.9, 5.3, 4.7], ∫ϰ²/L>=[4.8, 6.1, 6.3], C-C-Sep=0.20, ║∇J║=1.2e-03
-----On 8/20 Initial Guess Perturbations
Iteration 2661/4500-----
J=1.2e-02, ⟨Jf⟩=1.3e-03, ⟨B·n⟩=8.3e-03, Len=sum([4.8, 4.6, 4.2])=13.5, ϰ=[4.9, 5.3, 4.7], ∫ϰ²/L>=[4.8, 6.1, 6.3], C-C-Sep=0.20, ║∇J║=1.2e-03
-----On 8/20 Initial Guess Perturbations
Iteration 2662/4500-----
J=1.2e-02, ⟨Jf⟩=1.3e-03, ⟨B·n⟩=8.3e-03, Len=sum([4.8, 4.6, 4.2])=13.5, ϰ=[4.9, 5.3, 4.7], ∫ϰ²/L>=[4.8, 6.1, 6.3], C-C-Sep=0.20, ║∇J║=7.9e-04
-----On 8/20 Initial Guess Perturbations
Iteration 2663/4500-----
J=1.2e-02, ⟨Jf⟩=1.3e-03, ⟨B·n⟩=8.3e-03, Len=sum([4.8, 4.6, 4.2])=13.5, ϰ=[4.9, 5.3, 4.7], ∫ϰ²/L>=[4.8, 6.1, 6.3], C-C-Sep=0.20, ║∇J║=9.9e-04
-----On 8/20 Initial Guess Perturbations
Iteration 2664/4500-----
J=1.2e-02, ⟨Jf⟩=1.3e-03, ⟨B·n⟩=8.3e-03, Len=sum([4.8, 4.6, 4.2])=13.5, ϰ=[4.9, 5.3, 4.7], ∫ϰ²/L>=[4.8, 6.1, 6.3], C-C-Sep=0.20, ║∇J║=1.1e-03
-----On 8/20 Initial Guess Perturbations
Iteration 2665/4500-----
J=1.2e-02, ⟨Jf⟩=1.3e-03, ⟨B·n⟩=8.3e-03, Len=sum([4.8, 4.6, 4.2])=13.5, ϰ=[4.9, 5.3, 4.7], ∫ϰ²/L>=[4.8, 6.1, 6.3], C-C-Sep=0.20, ║∇J║=8.6e-04
-----On 8/20 Initial Guess Perturbations
Iteration 2666/4500-----
J=1.2e-02, ⟨Jf⟩=1.3e-03, ⟨B·n⟩=8.3e-03, Len=sum([4.8, 4.6, 4.2])=13.5, ϰ=[4.9, 5.3, 4.7], ∫ϰ²/L>=[4.8, 6.1, 6.3], C-C-Sep=0.20, ║∇J║=1.0e-03
-----On 8/20 Initial Guess Perturbations
Iteration 2667/4500-----
J=1.2e-02, ⟨Jf⟩=1.3e-03, ⟨B·n⟩=8.3e-03, Len=sum([4.8, 4.6, 4.2])=13.5, ϰ=[4.9, 5.3, 4.7], ∫ϰ²/L>=[4.8, 6.2, 6.3], C-C-Sep=0.20, ║∇J║=1.1e-03
-----On 8/20 Initial Guess Perturbations
Iteration 2668/4500-----
J=1.2e-02, ⟨Jf⟩=1.3e-03, ⟨B·n⟩=8.3e-03, Len=sum([4.8, 4.6, 4.2])=13.5, ϰ=[4.9, 5.3, 4.7], ∫ϰ²/L>=[4.8, 6.2, 6.3], C-C-Sep=0.20, ║∇J║=9.8e-04
-----On 8/20 Initial Guess Perturbations
Iteration 2669/4500-----
J=1.2e-02, ⟨Jf⟩=1.3e-03, ⟨B·n⟩=8.3e-03, Len=sum([4.8, 4.6, 4.2])=13.5, ϰ=[4.9, 5.3, 4.6], ∫ϰ²/L>=[4.8, 6.2, 6.3], C-C-Sep=0.20, ║∇J║=8.2e-04
-----On 8/20 Initial Guess Perturbations
Iteration 2670/4500-----
J=1.2e-02, ⟨Jf⟩=1.3e-03, ⟨B·n⟩=8.3e-03, Len=sum([4.8, 4.6, 4.2])=13.5, ϰ=[4.9, 5.3, 4.7], ∫ϰ²/L>=[4.8, 6.2, 6.3], C-C-Sep=0.20, ║∇J║=7.8e-04
-----On 8/20 Initial Guess Perturbations
Iteration 2671/4500-----
J=1.2e-02, ⟨Jf⟩=1.3e-03, ⟨B·n⟩=8.3e-03, Len=sum([4.8, 4.6, 4.2])=13.5, ϰ=[4.9, 5.3, 4.7], ∫ϰ²/L>=[4.8, 6.2, 6.3], C-C-Sep=0.20, ║∇J║=9.5e-04
-----On 8/20 Initial Guess Perturbations
Iteration 2672/4500-----
J=1.2e-02, ⟨Jf⟩=1.3e-03, ⟨B·n⟩=8.3e-03, Len=sum([4.8, 4.6, 4.2])=13.5, ϰ=[4.9, 5.2, 4.7], ∫ϰ²/L>=[4.8, 6.2, 6.3], C-C-Sep=0.20, ║∇J║=1.3e-03
-----On 8/20 Initial Guess Perturbations
Iteration 2673/4500-----
J=1.2e-02, ⟨Jf⟩=1.3e-03, ⟨B·n⟩=8.3e-03, Len=sum([4.8, 4.6, 4.2])=13.5, ϰ=[4.9, 5.2, 4.7], ∫ϰ²/L>=[4.8, 6.2, 6.3], C-C-Sep=0.20, ║∇J║=1.0e-03
-----On 8/20 Initial Guess Perturbations
Iteration 2674/4500-----
J=1.2e-02, ⟨Jf⟩=1.3e-03, ⟨B·n⟩=8.3e-03, Len=sum([4.8, 4.6, 4.2])=13.5, ϰ=[4.9, 5.2, 4.7], ∫ϰ²/L>=[4.8, 6.2, 6.3], C-C-Sep=0.20, ║∇J║=9.9e-04
-----On 8/20 Initial Guess Perturbations
Iteration 2675/4500-----
J=1.2e-02, ⟨Jf⟩=1.3e-03, ⟨B·n⟩=8.3e-03, Len=sum([4.8, 4.6, 4.2])=13.5, ϰ=[4.9, 5.3, 4.7], ∫ϰ²/L>=[4.8, 6.2, 6.3], C-C-Sep=0.20, ║∇J║=9.5e-04
-----On 8/20 Initial Guess Perturbations
Iteration 2676/4500-----
J=1.2e-02, ⟨Jf⟩=1.3e-03, ⟨B·n⟩=8.3e-03, Len=sum([4.8, 4.6, 4.2])=13.5, ϰ=[4.9, 5.3, 4.7], ∫ϰ²/L>=[4.8, 6.2, 6.3], C-C-Sep=0.20, ║∇J║=1.1e-03
-----On 8/20 Initial Guess Perturbations
Iteration 2677/4500-----
J=1.2e-02, ⟨Jf⟩=1.3e-03, ⟨B·n⟩=8.3e-03, Len=sum([4.8, 4.6, 4.2])=13.5, ϰ=[4.9, 5.3, 4.7], ∫ϰ²/L>=[4.8, 6.2, 6.3], C-C-Sep=0.20, ║∇J║=1.1e-03
-----On 8/20 Initial Guess Perturbations
Iteration 2678/4500-----
J=1.2e-02, ⟨Jf⟩=1.3e-03, ⟨B·n⟩=8.3e-03, Len=sum([4.8, 4.6, 4.2])=13.5, ϰ=[4.9, 5.3, 4.7], ∫ϰ²/L>=[4.8, 6.2, 6.3], C-C-Sep=0.20, ║∇J║=1.2e-03
-----On 8/20 Initial Guess Perturbations
Iteration 2679/4500-----
J=1.2e-02, ⟨Jf⟩=1.3e-03, ⟨B·n⟩=8.3e-03, Len=sum([4.8, 4.6, 4.2])=13.5, ϰ=[4.9, 5.3, 4.7], ∫ϰ²/L>=[4.8, 6.2, 6.3], C-C-Sep=0.20, ║∇J║=1.1e-03
-----On 8/20 Initial Guess Perturbations
Iteration 2680/4500-----
J=1.2e-02, ⟨Jf⟩=1.3e-03, ⟨B·n⟩=8.3e-03, Len=sum([4.8, 4.6, 4.2])=13.5, ϰ=[4.9, 5.2, 4.6], ∫ϰ²/L>=[4.8, 6.2, 6.3], C-C-Sep=0.20, ║∇J║=1.2e-03
-----On 8/20 Initial Guess Perturbations
Iteration 2681/4500-----
J=1.2e-02, ⟨Jf⟩=1.3e-03, ⟨B·n⟩=8.3e-03, Len=sum([4.8, 4.6, 4.2])=13.5, ϰ=[4.9, 5.2, 4.6], ∫ϰ²/L>=[4.8, 6.2, 6.3], C-C-Sep=0.20, ║∇J║=1.3e-03
-----On 8/20 Initial Guess Perturbations
Iteration 2682/4500-----
J=1.2e-02, ⟨Jf⟩=1.3e-03, ⟨B·n⟩=8.3e-03, Len=sum([4.8, 4.6, 4.2])=13.5, ϰ=[4.9, 5.2, 4.6], ∫ϰ²/L>=[4.8, 6.2, 6.3], C-C-Sep=0.20, ║∇J║=1.1e-03
-----On 8/20 Initial Guess Perturbations
Iteration 2683/4500-----
J=1.2e-02, ⟨Jf⟩=1.3e-03, ⟨B·n⟩=8.3e-03, Len=sum([4.8, 4.6, 4.2])=13.5, ϰ=[4.9, 5.3, 4.6], ∫ϰ²/L>=[4.8, 6.2, 6.3], C-C-Sep=0.20, ║∇J║=8.6e-04
-----On 8/20 Initial Guess Perturbations
Iteration 2684/4500-----
J=1.2e-02, ⟨Jf⟩=1.3e-03, ⟨B·n⟩=8.3e-03, Len=sum([4.8, 4.6, 4.2])=13.5, ϰ=[4.9, 5.3, 4.6], ∫ϰ²/L>=[4.8, 6.2, 6.3], C-C-Sep=0.20, ║∇J║=9.3e-04
-----On 8/20 Initial Guess Perturbations
Iteration 2685/4500-----
J=1.2e-02, ⟨Jf⟩=1.3e-03, ⟨B·n⟩=8.3e-03, Len=sum([4.8, 4.6, 4.2])=13.5, ϰ=[4.9, 5.3, 4.6], ∫ϰ²/L>=[4.8, 6.2, 6.3], C-C-Sep=0.20, ║∇J║=9.5e-04
-----On 8/20 Initial Guess Perturbations
Iteration 2686/4500-----
J=1.2e-02, ⟨Jf⟩=1.3e-03, ⟨B·n⟩=8.3e-03, Len=sum([4.8, 4.6, 4.2])=13.5, ϰ=[4.9, 5.3, 4.6], ∫ϰ²/L>=[4.8, 6.2, 6.3], C-C-Sep=0.20, ║∇J║=1.0e-03
-----On 8/20 Initial Guess Perturbations
Iteration 2687/4500-----
J=1.2e-02, ⟨Jf⟩=1.3e-03, ⟨B·n⟩=8.3e-03, Len=sum([4.8, 4.6, 4.2])=13.5, ϰ=[4.9, 5.3, 4.6], ∫ϰ²/L>=[4.8, 6.2, 6.3], C-C-Sep=0.20, ║∇J║=9.9e-04
-----On 8/20 Initial Guess Perturbations
Iteration 2688/4500-----
J=1.2e-02, ⟨Jf⟩=1.3e-03, ⟨B·n⟩=8.3e-03, Len=sum([4.8, 4.6, 4.2])=13.5, ϰ=[4.9, 5.3, 4.6], ∫ϰ²/L>=[4.8, 6.2, 6.3], C-C-Sep=0.20, ║∇J║=1.1e-03
-----On 8/20 Initial Guess Perturbations
Iteration 2689/4500-----
J=1.2e-02, ⟨Jf⟩=1.3e-03, ⟨B·n⟩=8.3e-03, Len=sum([4.8, 4.6, 4.2])=13.5, ϰ=[4.9, 5.3, 4.6], ∫ϰ²/L>=[4.8, 6.2, 6.3], C-C-Sep=0.20, ║∇J║=8.4e-04
-----On 8/20 Initial Guess Perturbations
Iteration 2690/4500-----
J=1.2e-02, ⟨Jf⟩=1.3e-03, ⟨B·n⟩=8.3e-03, Len=sum([4.8, 4.6, 4.2])=13.5, ϰ=[4.9, 5.3, 4.6], ∫ϰ²/L>=[4.8, 6.2, 6.3], C-C-Sep=0.20, ║∇J║=1.2e-03
-----On 8/20 Initial Guess Perturbations
Iteration 2691/4500-----
J=1.2e-02, ⟨Jf⟩=1.3e-03, ⟨B·n⟩=8.3e-03, Len=sum([4.8, 4.6, 4.2])=13.5, ϰ=[4.9, 5.3, 4.6], ∫ϰ²/L>=[4.8, 6.2, 6.3], C-C-Sep=0.20, ║∇J║=1.1e-03
-----On 8/20 Initial Guess Perturbations
Iteration 2692/4500-----
J=1.2e-02, ⟨Jf⟩=1.3e-03, ⟨B·n⟩=8.3e-03, Len=sum([4.8, 4.6, 4.2])=13.5, ϰ=[4.9, 5.3, 4.6], ∫ϰ²/L>=[4.8, 6.2, 6.3], C-C-Sep=0.20, ║∇J║=9.6e-04
-----On 8/20 Initial Guess Perturbations
Iteration 2693/4500-----
J=1.2e-02, ⟨Jf⟩=1.3e-03, ⟨B·n⟩=8.3e-03, Len=sum([4.8, 4.6, 4.2])=13.5, ϰ=[4.9, 5.3, 4.6], ∫ϰ²/L>=[4.8, 6.2, 6.3], C-C-Sep=0.20, ║∇J║=9.8e-04
-----On 8/20 Initial Guess Perturbations
Iteration 2694/4500-----
J=1.2e-02, ⟨Jf⟩=1.3e-03, ⟨B·n⟩=8.3e-03, Len=sum([4.8, 4.6, 4.2])=13.5, ϰ=[4.9, 5.3, 4.6], ∫ϰ²/L>=[4.8, 6.2, 6.3], C-C-Sep=0.20, ║∇J║=1.0e-03
-----On 8/20 Initial Guess Perturbations
Iteration 2695/4500-----
J=1.2e-02, ⟨Jf⟩=1.3e-03, ⟨B·n⟩=8.3e-03, Len=sum([4.8, 4.6, 4.2])=13.5, ϰ=[5.0, 5.3, 4.6], ∫ϰ²/L>=[4.8, 6.2, 6.3], C-C-Sep=0.20, ║∇J║=1.2e-03
-----On 8/20 Initial Guess Perturbations
Iteration 2696/4500-----
J=1.2e-02, ⟨Jf⟩=1.3e-03, ⟨B·n⟩=8.3e-03, Len=sum([4.8, 4.6, 4.2])=13.5, ϰ=[5.0, 5.3, 4.6], ∫ϰ²/L>=[4.8, 6.2, 6.3], C-C-Sep=0.20, ║∇J║=1.3e-03
-----On 8/20 Initial Guess Perturbations
Iteration 2697/4500-----
J=1.2e-02, ⟨Jf⟩=1.3e-03, ⟨B·n⟩=8.3e-03, Len=sum([4.8, 4.6, 4.2])=13.5, ϰ=[4.9, 5.3, 4.6], ∫ϰ²/L>=[4.8, 6.2, 6.3], C-C-Sep=0.20, ║∇J║=1.4e-03
-----On 8/20 Initial Guess Perturbations
Iteration 2698/4500-----
J=1.2e-02, ⟨Jf⟩=1.3e-03, ⟨B·n⟩=8.3e-03, Len=sum([4.8, 4.6, 4.2])=13.5, ϰ=[5.0, 5.3, 4.6], ∫ϰ²/L>=[4.8, 6.1, 6.3], C-C-Sep=0.20, ║∇J║=1.1e-03
-----On 8/20 Initial Guess Perturbations
Iteration 2699/4500-----
J=1.2e-02, ⟨Jf⟩=1.3e-03, ⟨B·n⟩=8.3e-03, Len=sum([4.8, 4.6, 4.2])=13.5, ϰ=[5.0, 5.3, 4.6], ∫ϰ²/L>=[4.8, 6.1, 6.3], C-C-Sep=0.20, ║∇J║=9.2e-04
-----On 8/20 Initial Guess Perturbations
Iteration 2700/4500-----
J=1.2e-02, ⟨Jf⟩=1.3e-03, ⟨B·n⟩=8.3e-03, Len=sum([4.8, 4.6, 4.2])=13.5, ϰ=[5.0, 5.3, 4.6], ∫ϰ²/L>=[4.8, 6.1, 6.3], C-C-Sep=0.20, ║∇J║=1.2e-03
-----On 8/20 Initial Guess Perturbations
Iteration 2701/4500-----
J=1.2e-02, ⟨Jf⟩=1.3e-03, ⟨B·n⟩=8.3e-03, Len=sum([4.8, 4.6, 4.2])=13.5, ϰ=[5.0, 5.2, 4.6], ∫ϰ²/L>=[4.8, 6.1, 6.3], C-C-Sep=0.20, ║∇J║=1.1e-03
-----On 8/20 Initial Guess Perturbations
Iteration 2702/4500-----
J=1.2e-02, ⟨Jf⟩=1.3e-03, ⟨B·n⟩=8.3e-03, Len=sum([4.8, 4.6, 4.2])=13.5, ϰ=[5.0, 5.2, 4.6], ∫ϰ²/L>=[4.8, 6.1, 6.3], C-C-Sep=0.20, ║∇J║=1.3e-03
-----On 8/20 Initial Guess Perturbations
Iteration 2703/4500-----
J=1.2e-02, ⟨Jf⟩=1.3e-03, ⟨B·n⟩=8.3e-03, Len=sum([4.8, 4.6, 4.2])=13.5, ϰ=[4.9, 5.2, 4.6], ∫ϰ²/L>=[4.8, 6.1, 6.3], C-C-Sep=0.20, ║∇J║=1.6e-03
-----On 8/20 Initial Guess Perturbations
Iteration 2704/4500-----
J=1.2e-02, ⟨Jf⟩=1.3e-03, ⟨B·n⟩=8.3e-03, Len=sum([4.8, 4.6, 4.2])=13.5, ϰ=[4.9, 5.2, 4.6], ∫ϰ²/L>=[4.8, 6.1, 6.3], C-C-Sep=0.20, ║∇J║=1.1e-03
-----On 8/20 Initial Guess Perturbations
Iteration 2705/4500-----
J=1.2e-02, ⟨Jf⟩=1.3e-03, ⟨B·n⟩=8.3e-03, Len=sum([4.8, 4.6, 4.2])=13.5, ϰ=[4.9, 5.2, 4.6], ∫ϰ²/L>=[4.8, 6.1, 6.3], C-C-Sep=0.20, ║∇J║=1.0e-03
-----On 8/20 Initial Guess Perturbations
Iteration 2706/4500-----
J=1.2e-02, ⟨Jf⟩=1.3e-03, ⟨B·n⟩=8.3e-03, Len=sum([4.8, 4.6, 4.2])=13.5, ϰ=[4.9, 5.2, 4.6], ∫ϰ²/L>=[4.8, 6.1, 6.3], C-C-Sep=0.20, ║∇J║=1.2e-03
-----On 8/20 Initial Guess Perturbations
Iteration 2707/4500-----
J=1.2e-02, ⟨Jf⟩=1.3e-03, ⟨B·n⟩=8.3e-03, Len=sum([4.8, 4.6, 4.2])=13.5, ϰ=[4.9, 5.2, 4.6], ∫ϰ²/L>=[4.8, 6.1, 6.3], C-C-Sep=0.20, ║∇J║=9.7e-04
-----On 8/20 Initial Guess Perturbations
Iteration 2708/4500-----
J=1.2e-02, ⟨Jf⟩=1.3e-03, ⟨B·n⟩=8.3e-03, Len=sum([4.8, 4.6, 4.2])=13.5, ϰ=[4.9, 5.2, 4.6], ∫ϰ²/L>=[4.8, 6.1, 6.3], C-C-Sep=0.20, ║∇J║=1.0e-03
-----On 8/20 Initial Guess Perturbations
Iteration 2709/4500-----
J=1.2e-02, ⟨Jf⟩=1.3e-03, ⟨B·n⟩=8.3e-03, Len=sum([4.8, 4.6, 4.2])=13.5, ϰ=[4.9, 5.2, 4.6], ∫ϰ²/L>=[4.8, 6.1, 6.3], C-C-Sep=0.20, ║∇J║=1.3e-03
-----On 8/20 Initial Guess Perturbations
Iteration 2710/4500-----
J=1.2e-02, ⟨Jf⟩=1.3e-03, ⟨B·n⟩=8.3e-03, Len=sum([4.8, 4.6, 4.2])=13.5, ϰ=[4.9, 5.2, 4.6], ∫ϰ²/L>=[4.8, 6.1, 6.3], C-C-Sep=0.20, ║∇J║=1.3e-03
-----On 8/20 Initial Guess Perturbations
Iteration 2711/4500-----
J=1.2e-02, ⟨Jf⟩=1.3e-03, ⟨B·n⟩=8.3e-03, Len=sum([4.8, 4.6, 4.2])=13.5, ϰ=[4.8, 5.2, 4.6], ∫ϰ²/L>=[4.8, 6.1, 6.3], C-C-Sep=0.20, ║∇J║=1.1e-03
-----On 8/20 Initial Guess Perturbations
Iteration 2712/4500-----
J=1.2e-02, ⟨Jf⟩=1.3e-03, ⟨B·n⟩=8.3e-03, Len=sum([4.8, 4.6, 4.2])=13.5, ϰ=[4.8, 5.2, 4.6], ∫ϰ²/L>=[4.8, 6.1, 6.3], C-C-Sep=0.20, ║∇J║=1.1e-03
-----On 8/20 Initial Guess Perturbations
Iteration 2713/4500-----
J=1.2e-02, ⟨Jf⟩=1.3e-03, ⟨B·n⟩=8.3e-03, Len=sum([4.8, 4.6, 4.2])=13.5, ϰ=[4.8, 5.2, 4.6], ∫ϰ²/L>=[4.8, 6.1, 6.3], C-C-Sep=0.20, ║∇J║=9.8e-04
-----On 8/20 Initial Guess Perturbations
Iteration 2714/4500-----
J=1.2e-02, ⟨Jf⟩=1.3e-03, ⟨B·n⟩=8.3e-03, Len=sum([4.8, 4.6, 4.2])=13.5, ϰ=[4.8, 5.2, 4.6], ∫ϰ²/L>=[4.8, 6.1, 6.3], C-C-Sep=0.20, ║∇J║=1.0e-03
-----On 8/20 Initial Guess Perturbations
Iteration 2715/4500-----
J=1.2e-02, ⟨Jf⟩=1.3e-03, ⟨B·n⟩=8.3e-03, Len=sum([4.8, 4.6, 4.2])=13.5, ϰ=[4.8, 5.2, 4.6], ∫ϰ²/L>=[4.8, 6.1, 6.3], C-C-Sep=0.20, ║∇J║=9.4e-04
-----On 8/20 Initial Guess Perturbations
Iteration 2716/4500-----
J=1.2e-02, ⟨Jf⟩=1.3e-03, ⟨B·n⟩=8.3e-03, Len=sum([4.8, 4.6, 4.2])=13.5, ϰ=[4.8, 5.2, 4.6], ∫ϰ²/L>=[4.8, 6.1, 6.3], C-C-Sep=0.20, ║∇J║=1.1e-03
-----On 8/20 Initial Guess Perturbations
Iteration 2717/4500-----
J=1.2e-02, ⟨Jf⟩=1.3e-03, ⟨B·n⟩=8.3e-03, Len=sum([4.8, 4.6, 4.2])=13.5, ϰ=[4.8, 5.2, 4.6], ∫ϰ²/L>=[4.8, 6.1, 6.3], C-C-Sep=0.20, ║∇J║=9.7e-04
-----On 8/20 Initial Guess Perturbations
Iteration 2718/4500-----
J=1.2e-02, ⟨Jf⟩=1.3e-03, ⟨B·n⟩=8.3e-03, Len=sum([4.8, 4.6, 4.2])=13.5, ϰ=[4.8, 5.2, 4.6], ∫ϰ²/L>=[4.8, 6.1, 6.3], C-C-Sep=0.20, ║∇J║=1.0e-03
-----On 8/20 Initial Guess Perturbations
Iteration 2719/4500-----
J=1.2e-02, ⟨Jf⟩=1.3e-03, ⟨B·n⟩=8.3e-03, Len=sum([4.8, 4.6, 4.2])=13.5, ϰ=[4.8, 5.2, 4.6], ∫ϰ²/L>=[4.8, 6.1, 6.3], C-C-Sep=0.20, ║∇J║=1.1e-03
-----On 8/20 Initial Guess Perturbations
Iteration 2720/4500-----
J=1.2e-02, ⟨Jf⟩=1.3e-03, ⟨B·n⟩=8.3e-03, Len=sum([4.8, 4.6, 4.2])=13.5, ϰ=[4.8, 5.2, 4.6], ∫ϰ²/L>=[4.8, 6.1, 6.3], C-C-Sep=0.20, ║∇J║=1.6e-03
-----On 8/20 Initial Guess Perturbations
Iteration 2721/4500-----
J=1.2e-02, ⟨Jf⟩=1.3e-03, ⟨B·n⟩=8.3e-03, Len=sum([4.8, 4.6, 4.2])=13.5, ϰ=[4.8, 5.2, 4.6], ∫ϰ²/L>=[4.8, 6.1, 6.3], C-C-Sep=0.20, ║∇J║=1.2e-03
-----On 8/20 Initial Guess Perturbations
Iteration 2722/4500-----
J=1.2e-02, ⟨Jf⟩=1.3e-03, ⟨B·n⟩=8.3e-03, Len=sum([4.8, 4.6, 4.2])=13.5, ϰ=[4.8, 5.2, 4.6], ∫ϰ²/L>=[4.8, 6.1, 6.3], C-C-Sep=0.20, ║∇J║=1.1e-03
-----On 8/20 Initial Guess Perturbations
Iteration 2723/4500-----
J=1.2e-02, ⟨Jf⟩=1.3e-03, ⟨B·n⟩=8.3e-03, Len=sum([4.8, 4.6, 4.2])=13.5, ϰ=[4.8, 5.2, 4.6], ∫ϰ²/L>=[4.8, 6.1, 6.3], C-C-Sep=0.20, ║∇J║=8.2e-04
-----On 8/20 Initial Guess Perturbations
Iteration 2724/4500-----
J=1.2e-02, ⟨Jf⟩=1.3e-03, ⟨B·n⟩=8.3e-03, Len=sum([4.8, 4.6, 4.2])=13.5, ϰ=[4.8, 5.2, 4.6], ∫ϰ²/L>=[4.8, 6.1, 6.3], C-C-Sep=0.20, ║∇J║=1.2e-03
-----On 8/20 Initial Guess Perturbations
Iteration 2725/4500-----
J=1.2e-02, ⟨Jf⟩=1.3e-03, ⟨B·n⟩=8.3e-03, Len=sum([4.8, 4.6, 4.2])=13.5, ϰ=[4.8, 5.3, 4.6], ∫ϰ²/L>=[4.8, 6.1, 6.3], C-C-Sep=0.20, ║∇J║=1.4e-03
-----On 8/20 Initial Guess Perturbations
Iteration 2726/4500-----
J=1.2e-02, ⟨Jf⟩=1.3e-03, ⟨B·n⟩=8.3e-03, Len=sum([4.8, 4.6, 4.2])=13.5, ϰ=[4.8, 5.3, 4.6], ∫ϰ²/L>=[4.8, 6.1, 6.3], C-C-Sep=0.20, ║∇J║=9.7e-04
-----On 8/20 Initial Guess Perturbations
Iteration 2727/4500-----
J=1.2e-02, ⟨Jf⟩=1.3e-03, ⟨B·n⟩=8.3e-03, Len=sum([4.8, 4.6, 4.2])=13.5, ϰ=[4.8, 5.3, 4.6], ∫ϰ²/L>=[4.8, 6.1, 6.3], C-C-Sep=0.20, ║∇J║=1.2e-03
-----On 8/20 Initial Guess Perturbations
Iteration 2728/4500-----
J=1.2e-02, ⟨Jf⟩=1.3e-03, ⟨B·n⟩=8.3e-03, Len=sum([4.8, 4.6, 4.2])=13.5, ϰ=[4.8, 5.3, 4.6], ∫ϰ²/L>=[4.8, 6.1, 6.3], C-C-Sep=0.20, ║∇J║=1.4e-03
-----On 8/20 Initial Guess Perturbations
Iteration 2729/4500-----
J=1.2e-02, ⟨Jf⟩=1.3e-03, ⟨B·n⟩=8.3e-03, Len=sum([4.8, 4.6, 4.2])=13.5, ϰ=[4.8, 5.3, 4.6], ∫ϰ²/L>=[4.8, 6.1, 6.3], C-C-Sep=0.20, ║∇J║=1.1e-03
-----On 8/20 Initial Guess Perturbations
Iteration 2730/4500-----
J=1.2e-02, ⟨Jf⟩=1.3e-03, ⟨B·n⟩=8.3e-03, Len=sum([4.8, 4.6, 4.2])=13.5, ϰ=[4.8, 5.2, 4.7], ∫ϰ²/L>=[4.8, 6.1, 6.3], C-C-Sep=0.20, ║∇J║=9.7e-04
-----On 8/20 Initial Guess Perturbations
Iteration 2731/4500-----
J=1.2e-02, ⟨Jf⟩=1.3e-03, ⟨B·n⟩=8.3e-03, Len=sum([4.8, 4.6, 4.2])=13.5, ϰ=[4.9, 5.2, 4.7], ∫ϰ²/L>=[4.8, 6.1, 6.3], C-C-Sep=0.20, ║∇J║=1.0e-03
-----On 8/20 Initial Guess Perturbations
Iteration 2732/4500-----
J=1.2e-02, ⟨Jf⟩=1.3e-03, ⟨B·n⟩=8.3e-03, Len=sum([4.8, 4.6, 4.2])=13.5, ϰ=[4.9, 5.2, 4.7], ∫ϰ²/L>=[4.8, 6.1, 6.3], C-C-Sep=0.20, ║∇J║=1.1e-03
-----On 8/20 Initial Guess Perturbations
Iteration 2733/4500-----
J=1.2e-02, ⟨Jf⟩=1.3e-03, ⟨B·n⟩=8.3e-03, Len=sum([4.8, 4.6, 4.2])=13.5, ϰ=[4.9, 5.2, 4.7], ∫ϰ²/L>=[4.8, 6.1, 6.3], C-C-Sep=0.20, ║∇J║=1.2e-03
-----On 8/20 Initial Guess Perturbations
Iteration 2734/4500-----
J=1.2e-02, ⟨Jf⟩=1.3e-03, ⟨B·n⟩=8.3e-03, Len=sum([4.8, 4.6, 4.2])=13.5, ϰ=[4.9, 5.3, 4.7], ∫ϰ²/L>=[4.8, 6.1, 6.3], C-C-Sep=0.20, ║∇J║=1.3e-03
-----On 8/20 Initial Guess Perturbations
Iteration 2735/4500-----
J=1.2e-02, ⟨Jf⟩=1.3e-03, ⟨B·n⟩=8.3e-03, Len=sum([4.8, 4.6, 4.2])=13.5, ϰ=[4.9, 5.3, 4.7], ∫ϰ²/L>=[4.8, 6.1, 6.3], C-C-Sep=0.20, ║∇J║=9.3e-04
-----On 8/20 Initial Guess Perturbations
Iteration 2736/4500-----
J=1.2e-02, ⟨Jf⟩=1.3e-03, ⟨B·n⟩=8.3e-03, Len=sum([4.8, 4.6, 4.2])=13.5, ϰ=[4.9, 5.3, 4.7], ∫ϰ²/L>=[4.8, 6.1, 6.3], C-C-Sep=0.20, ║∇J║=1.0e-03
-----On 8/20 Initial Guess Perturbations
Iteration 2737/4500-----
J=1.2e-02, ⟨Jf⟩=1.3e-03, ⟨B·n⟩=8.3e-03, Len=sum([4.8, 4.6, 4.2])=13.5, ϰ=[4.9, 5.3, 4.7], ∫ϰ²/L>=[4.8, 6.1, 6.3], C-C-Sep=0.20, ║∇J║=9.3e-04
-----On 8/20 Initial Guess Perturbations
Iteration 2738/4500-----
J=1.2e-02, ⟨Jf⟩=1.3e-03, ⟨B·n⟩=8.3e-03, Len=sum([4.8, 4.6, 4.2])=13.5, ϰ=[4.9, 5.3, 4.7], ∫ϰ²/L>=[4.8, 6.1, 6.3], C-C-Sep=0.20, ║∇J║=1.1e-03
-----On 8/20 Initial Guess Perturbations
Iteration 2739/4500-----
J=1.2e-02, ⟨Jf⟩=1.3e-03, ⟨B·n⟩=8.3e-03, Len=sum([4.8, 4.6, 4.2])=13.5, ϰ=[4.9, 5.3, 4.7], ∫ϰ²/L>=[4.8, 6.1, 6.3], C-C-Sep=0.20, ║∇J║=1.0e-03
-----On 8/20 Initial Guess Perturbations
Iteration 2740/4500-----
J=1.2e-02, ⟨Jf⟩=1.3e-03, ⟨B·n⟩=8.3e-03, Len=sum([4.8, 4.6, 4.2])=13.5, ϰ=[4.9, 5.3, 4.7], ∫ϰ²/L>=[4.8, 6.1, 6.3], C-C-Sep=0.20, ║∇J║=1.0e-03
-----On 8/20 Initial Guess Perturbations
Iteration 2741/4500-----
J=1.2e-02, ⟨Jf⟩=1.3e-03, ⟨B·n⟩=8.3e-03, Len=sum([4.8, 4.6, 4.2])=13.5, ϰ=[4.9, 5.3, 4.7], ∫ϰ²/L>=[4.8, 6.1, 6.3], C-C-Sep=0.20, ║∇J║=1.0e-03
-----On 8/20 Initial Guess Perturbations
Iteration 2742/4500-----
J=1.2e-02, ⟨Jf⟩=1.3e-03, ⟨B·n⟩=8.3e-03, Len=sum([4.8, 4.6, 4.2])=13.5, ϰ=[4.9, 5.3, 4.6], ∫ϰ²/L>=[4.8, 6.1, 6.3], C-C-Sep=0.20, ║∇J║=9.5e-04
-----On 8/20 Initial Guess Perturbations
Iteration 2743/4500-----
J=1.2e-02, ⟨Jf⟩=1.3e-03, ⟨B·n⟩=8.3e-03, Len=sum([4.8, 4.6, 4.2])=13.5, ϰ=[4.9, 5.3, 4.6], ∫ϰ²/L>=[4.8, 6.1, 6.3], C-C-Sep=0.20, ║∇J║=1.4e-03
-----On 8/20 Initial Guess Perturbations
Iteration 2744/4500-----
J=1.2e-02, ⟨Jf⟩=1.3e-03, ⟨B·n⟩=8.3e-03, Len=sum([4.8, 4.6, 4.2])=13.5, ϰ=[4.9, 5.2, 4.6], ∫ϰ²/L>=[4.8, 6.1, 6.3], C-C-Sep=0.20, ║∇J║=9.2e-04
-----On 8/20 Initial Guess Perturbations
Iteration 2745/4500-----
J=1.2e-02, ⟨Jf⟩=1.3e-03, ⟨B·n⟩=8.3e-03, Len=sum([4.8, 4.6, 4.2])=13.5, ϰ=[4.9, 5.2, 4.6], ∫ϰ²/L>=[4.8, 6.1, 6.3], C-C-Sep=0.20, ║∇J║=9.4e-04
-----On 8/20 Initial Guess Perturbations
Iteration 2746/4500-----
J=1.2e-02, ⟨Jf⟩=1.3e-03, ⟨B·n⟩=8.3e-03, Len=sum([4.8, 4.6, 4.2])=13.5, ϰ=[4.9, 5.2, 4.6], ∫ϰ²/L>=[4.8, 6.1, 6.4], C-C-Sep=0.20, ║∇J║=1.1e-03
-----On 8/20 Initial Guess Perturbations
Iteration 2747/4500-----
J=1.2e-02, ⟨Jf⟩=1.3e-03, ⟨B·n⟩=8.3e-03, Len=sum([4.8, 4.6, 4.2])=13.5, ϰ=[4.9, 5.2, 4.6], ∫ϰ²/L>=[4.8, 6.1, 6.4], C-C-Sep=0.20, ║∇J║=9.4e-04
-----On 8/20 Initial Guess Perturbations
Iteration 2748/4500-----
J=1.2e-02, ⟨Jf⟩=1.3e-03, ⟨B·n⟩=8.4e-03, Len=sum([4.8, 4.6, 4.2])=13.5, ϰ=[4.9, 5.2, 4.6], ∫ϰ²/L>=[4.8, 6.1, 6.4], C-C-Sep=0.20, ║∇J║=1.2e-03
-----On 8/20 Initial Guess Perturbations
Iteration 2749/4500-----
J=1.2e-02, ⟨Jf⟩=1.3e-03, ⟨B·n⟩=8.3e-03, Len=sum([4.8, 4.6, 4.2])=13.5, ϰ=[4.9, 5.2, 4.6], ∫ϰ²/L>=[4.8, 6.1, 6.4], C-C-Sep=0.20, ║∇J║=1.2e-03
-----On 8/20 Initial Guess Perturbations
Iteration 2750/4500-----
J=1.2e-02, ⟨Jf⟩=1.3e-03, ⟨B·n⟩=8.3e-03, Len=sum([4.8, 4.6, 4.2])=13.5, ϰ=[4.9, 5.2, 4.6], ∫ϰ²/L>=[4.8, 6.1, 6.4], C-C-Sep=0.20, ║∇J║=9.7e-04
-----On 8/20 Initial Guess Perturbations
Iteration 2751/4500-----
J=1.2e-02, ⟨Jf⟩=1.3e-03, ⟨B·n⟩=8.3e-03, Len=sum([4.8, 4.6, 4.2])=13.5, ϰ=[4.9, 5.2, 4.6], ∫ϰ²/L>=[4.8, 6.1, 6.4], C-C-Sep=0.20, ║∇J║=9.5e-04
-----On 8/20 Initial Guess Perturbations
Iteration 2752/4500-----
J=1.2e-02, ⟨Jf⟩=1.3e-03, ⟨B·n⟩=8.3e-03, Len=sum([4.8, 4.6, 4.2])=13.5, ϰ=[4.9, 5.2, 4.6], ∫ϰ²/L>=[4.8, 6.1, 6.4], C-C-Sep=0.20, ║∇J║=9.9e-04
-----On 8/20 Initial Guess Perturbations
Iteration 2753/4500-----
J=1.2e-02, ⟨Jf⟩=1.3e-03, ⟨B·n⟩=8.3e-03, Len=sum([4.8, 4.6, 4.2])=13.5, ϰ=[4.9, 5.2, 4.6], ∫ϰ²/L>=[4.8, 6.1, 6.4], C-C-Sep=0.20, ║∇J║=1.0e-03
-----On 8/20 Initial Guess Perturbations
Iteration 2754/4500-----
J=1.2e-02, ⟨Jf⟩=1.3e-03, ⟨B·n⟩=8.3e-03, Len=sum([4.8, 4.6, 4.2])=13.5, ϰ=[4.9, 5.2, 4.6], ∫ϰ²/L>=[4.8, 6.1, 6.4], C-C-Sep=0.20, ║∇J║=9.5e-04
-----On 8/20 Initial Guess Perturbations
Iteration 2755/4500-----
J=1.2e-02, ⟨Jf⟩=1.3e-03, ⟨B·n⟩=8.3e-03, Len=sum([4.8, 4.6, 4.2])=13.5, ϰ=[4.8, 5.2, 4.6], ∫ϰ²/L>=[4.8, 6.1, 6.4], C-C-Sep=0.20, ║∇J║=1.0e-03
-----On 8/20 Initial Guess Perturbations
Iteration 2756/4500-----
J=1.2e-02, ⟨Jf⟩=1.3e-03, ⟨B·n⟩=8.4e-03, Len=sum([4.8, 4.6, 4.2])=13.5, ϰ=[4.9, 5.2, 4.6], ∫ϰ²/L>=[4.8, 6.1, 6.4], C-C-Sep=0.20, ║∇J║=1.1e-03
-----On 8/20 Initial Guess Perturbations
Iteration 2757/4500-----
J=1.2e-02, ⟨Jf⟩=1.3e-03, ⟨B·n⟩=8.4e-03, Len=sum([4.8, 4.6, 4.2])=13.5, ϰ=[4.9, 5.2, 4.6], ∫ϰ²/L>=[4.8, 6.2, 6.4], C-C-Sep=0.20, ║∇J║=1.2e-03
-----On 8/20 Initial Guess Perturbations
Iteration 2758/4500-----
J=1.2e-02, ⟨Jf⟩=1.3e-03, ⟨B·n⟩=8.4e-03, Len=sum([4.8, 4.6, 4.2])=13.5, ϰ=[4.8, 5.2, 4.6], ∫ϰ²/L>=[4.8, 6.2, 6.4], C-C-Sep=0.20, ║∇J║=1.3e-03
-----On 8/20 Initial Guess Perturbations
Iteration 2759/4500-----
J=1.2e-02, ⟨Jf⟩=1.3e-03, ⟨B·n⟩=8.4e-03, Len=sum([4.8, 4.6, 4.2])=13.5, ϰ=[4.8, 5.2, 4.6], ∫ϰ²/L>=[4.8, 6.2, 6.4], C-C-Sep=0.20, ║∇J║=1.1e-03
-----On 8/20 Initial Guess Perturbations
Iteration 2760/4500-----
J=1.2e-02, ⟨Jf⟩=1.3e-03, ⟨B·n⟩=8.4e-03, Len=sum([4.8, 4.6, 4.2])=13.5, ϰ=[4.8, 5.2, 4.6], ∫ϰ²/L>=[4.8, 6.2, 6.4], C-C-Sep=0.20, ║∇J║=1.2e-03
-----On 8/20 Initial Guess Perturbations
Iteration 2761/4500-----
J=1.2e-02, ⟨Jf⟩=1.3e-03, ⟨B·n⟩=8.4e-03, Len=sum([4.8, 4.6, 4.2])=13.5, ϰ=[4.8, 5.2, 4.6], ∫ϰ²/L>=[4.8, 6.2, 6.4], C-C-Sep=0.20, ║∇J║=1.2e-03
-----On 8/20 Initial Guess Perturbations
Iteration 2762/4500-----
J=1.2e-02, ⟨Jf⟩=1.3e-03, ⟨B·n⟩=8.4e-03, Len=sum([4.8, 4.6, 4.2])=13.5, ϰ=[4.8, 5.2, 4.6], ∫ϰ²/L>=[4.8, 6.2, 6.4], C-C-Sep=0.20, ║∇J║=1.2e-03
-----On 8/20 Initial Guess Perturbations
Iteration 2763/4500-----
J=1.2e-02, ⟨Jf⟩=1.3e-03, ⟨B·n⟩=8.3e-03, Len=sum([4.8, 4.6, 4.2])=13.5, ϰ=[4.8, 5.2, 4.6], ∫ϰ²/L>=[4.8, 6.2, 6.4], C-C-Sep=0.20, ║∇J║=9.0e-04
-----On 8/20 Initial Guess Perturbations
Iteration 2764/4500-----
J=1.2e-02, ⟨Jf⟩=1.3e-03, ⟨B·n⟩=8.3e-03, Len=sum([4.8, 4.6, 4.2])=13.5, ϰ=[4.8, 5.3, 4.6], ∫ϰ²/L>=[4.8, 6.2, 6.4], C-C-Sep=0.20, ║∇J║=1.1e-03
-----On 8/20 Initial Guess Perturbations
Iteration 2765/4500-----
J=1.2e-02, ⟨Jf⟩=1.3e-03, ⟨B·n⟩=8.3e-03, Len=sum([4.8, 4.6, 4.2])=13.5, ϰ=[4.9, 5.3, 4.6], ∫ϰ²/L>=[4.8, 6.2, 6.4], C-C-Sep=0.20, ║∇J║=1.2e-03
-----On 8/20 Initial Guess Perturbations
Iteration 2766/4500-----
J=1.2e-02, ⟨Jf⟩=1.3e-03, ⟨B·n⟩=8.3e-03, Len=sum([4.8, 4.6, 4.2])=13.5, ϰ=[4.9, 5.3, 4.7], ∫ϰ²/L>=[4.8, 6.2, 6.4], C-C-Sep=0.20, ║∇J║=1.2e-03
-----On 8/20 Initial Guess Perturbations
Iteration 2767/4500-----
J=1.2e-02, ⟨Jf⟩=1.3e-03, ⟨B·n⟩=8.3e-03, Len=sum([4.8, 4.6, 4.2])=13.5, ϰ=[4.9, 5.3, 4.7], ∫ϰ²/L>=[4.8, 6.2, 6.4], C-C-Sep=0.20, ║∇J║=9.7e-04
-----On 8/20 Initial Guess Perturbations
Iteration 2768/4500-----
J=1.2e-02, ⟨Jf⟩=1.3e-03, ⟨B·n⟩=8.3e-03, Len=sum([4.8, 4.6, 4.2])=13.5, ϰ=[4.9, 5.3, 4.7], ∫ϰ²/L>=[4.8, 6.2, 6.4], C-C-Sep=0.20, ║∇J║=9.6e-04
-----On 8/20 Initial Guess Perturbations
Iteration 2769/4500-----
J=1.2e-02, ⟨Jf⟩=1.3e-03, ⟨B·n⟩=8.4e-03, Len=sum([4.8, 4.6, 4.2])=13.5, ϰ=[4.9, 5.3, 4.7], ∫ϰ²/L>=[4.8, 6.2, 6.4], C-C-Sep=0.20, ║∇J║=9.6e-04
-----On 8/20 Initial Guess Perturbations
Iteration 2770/4500-----
J=1.2e-02, ⟨Jf⟩=1.3e-03, ⟨B·n⟩=8.4e-03, Len=sum([4.8, 4.6, 4.2])=13.5, ϰ=[4.9, 5.3, 4.6], ∫ϰ²/L>=[4.8, 6.2, 6.4], C-C-Sep=0.20, ║∇J║=1.0e-03
-----On 8/20 Initial Guess Perturbations
Iteration 2771/4500-----
J=1.2e-02, ⟨Jf⟩=1.3e-03, ⟨B·n⟩=8.4e-03, Len=sum([4.8, 4.6, 4.2])=13.5, ϰ=[4.9, 5.3, 4.6], ∫ϰ²/L>=[4.8, 6.2, 6.4], C-C-Sep=0.20, ║∇J║=1.3e-03
-----On 8/20 Initial Guess Perturbations
Iteration 2772/4500-----
J=1.2e-02, ⟨Jf⟩=1.3e-03, ⟨B·n⟩=8.4e-03, Len=sum([4.8, 4.6, 4.2])=13.5, ϰ=[4.9, 5.3, 4.6], ∫ϰ²/L>=[4.8, 6.2, 6.4], C-C-Sep=0.20, ║∇J║=1.7e-03
-----On 8/20 Initial Guess Perturbations
Iteration 2773/4500-----
J=1.2e-02, ⟨Jf⟩=1.3e-03, ⟨B·n⟩=8.4e-03, Len=sum([4.8, 4.6, 4.2])=13.5, ϰ=[4.9, 5.3, 4.6], ∫ϰ²/L>=[4.8, 6.2, 6.4], C-C-Sep=0.20, ║∇J║=2.2e-03
-----On 8/20 Initial Guess Perturbations
Iteration 2774/4500-----
J=1.2e-02, ⟨Jf⟩=1.3e-03, ⟨B·n⟩=8.4e-03, Len=sum([4.8, 4.6, 4.2])=13.5, ϰ=[4.9, 5.3, 4.6], ∫ϰ²/L>=[4.8, 6.2, 6.4], C-C-Sep=0.20, ║∇J║=2.4e-03
-----On 8/20 Initial Guess Perturbations
Iteration 2775/4500-----
J=1.2e-02, ⟨Jf⟩=1.3e-03, ⟨B·n⟩=8.4e-03, Len=sum([4.8, 4.6, 4.2])=13.5, ϰ=[4.9, 5.3, 4.6], ∫ϰ²/L>=[4.8, 6.2, 6.4], C-C-Sep=0.20, ║∇J║=1.2e-03
-----On 8/20 Initial Guess Perturbations
Iteration 2776/4500-----
J=1.2e-02, ⟨Jf⟩=1.3e-03, ⟨B·n⟩=8.4e-03, Len=sum([4.8, 4.6, 4.2])=13.5, ϰ=[4.9, 5.3, 4.6], ∫ϰ²/L>=[4.8, 6.2, 6.4], C-C-Sep=0.20, ║∇J║=1.0e-03
-----On 8/20 Initial Guess Perturbations
Iteration 2777/4500-----
J=1.2e-02, ⟨Jf⟩=1.3e-03, ⟨B·n⟩=8.4e-03, Len=sum([4.8, 4.6, 4.2])=13.5, ϰ=[4.9, 5.3, 4.6], ∫ϰ²/L>=[4.8, 6.2, 6.4], C-C-Sep=0.20, ║∇J║=1.4e-03
-----On 8/20 Initial Guess Perturbations
Iteration 2778/4500-----
J=1.2e-02, ⟨Jf⟩=1.3e-03, ⟨B·n⟩=8.4e-03, Len=sum([4.8, 4.6, 4.2])=13.5, ϰ=[4.9, 5.3, 4.6], ∫ϰ²/L>=[4.8, 6.1, 6.4], C-C-Sep=0.20, ║∇J║=1.4e-03
-----On 8/20 Initial Guess Perturbations
Iteration 2779/4500-----
J=1.2e-02, ⟨Jf⟩=1.3e-03, ⟨B·n⟩=8.3e-03, Len=sum([4.8, 4.6, 4.2])=13.5, ϰ=[4.9, 5.3, 4.6], ∫ϰ²/L>=[4.8, 6.1, 6.4], C-C-Sep=0.20, ║∇J║=1.3e-03
-----On 8/20 Initial Guess Perturbations
Iteration 2780/4500-----
J=1.2e-02, ⟨Jf⟩=1.3e-03, ⟨B·n⟩=8.3e-03, Len=sum([4.8, 4.6, 4.2])=13.5, ϰ=[4.9, 5.3, 4.6], ∫ϰ²/L>=[4.8, 6.2, 6.4], C-C-Sep=0.20, ║∇J║=1.4e-03
-----On 8/20 Initial Guess Perturbations
Iteration 2781/4500-----
J=1.2e-02, ⟨Jf⟩=1.3e-03, ⟨B·n⟩=8.4e-03, Len=sum([4.8, 4.6, 4.2])=13.5, ϰ=[4.9, 5.3, 4.6], ∫ϰ²/L>=[4.8, 6.2, 6.4], C-C-Sep=0.20, ║∇J║=1.3e-03
-----On 8/20 Initial Guess Perturbations
Iteration 2782/4500-----
J=1.2e-02, ⟨Jf⟩=1.3e-03, ⟨B·n⟩=8.4e-03, Len=sum([4.8, 4.6, 4.2])=13.5, ϰ=[4.9, 5.3, 4.6], ∫ϰ²/L>=[4.8, 6.2, 6.4], C-C-Sep=0.20, ║∇J║=1.4e-03
-----On 8/20 Initial Guess Perturbations
Iteration 2783/4500-----
J=1.2e-02, ⟨Jf⟩=1.3e-03, ⟨B·n⟩=8.4e-03, Len=sum([4.8, 4.6, 4.2])=13.5, ϰ=[4.9, 5.3, 4.6], ∫ϰ²/L>=[4.8, 6.2, 6.4], C-C-Sep=0.20, ║∇J║=1.7e-03
-----On 8/20 Initial Guess Perturbations
Iteration 2784/4500-----
J=1.2e-02, ⟨Jf⟩=1.3e-03, ⟨B·n⟩=8.4e-03, Len=sum([4.8, 4.6, 4.2])=13.5, ϰ=[4.9, 5.3, 4.6], ∫ϰ²/L>=[4.8, 6.2, 6.4], C-C-Sep=0.20, ║∇J║=1.8e-03
-----On 8/20 Initial Guess Perturbations
Iteration 2785/4500-----
J=1.2e-02, ⟨Jf⟩=1.3e-03, ⟨B·n⟩=8.4e-03, Len=sum([4.8, 4.6, 4.2])=13.5, ϰ=[4.9, 5.3, 4.6], ∫ϰ²/L>=[4.8, 6.2, 6.4], C-C-Sep=0.20, ║∇J║=1.7e-03
-----On 8/20 Initial Guess Perturbations
Iteration 2786/4500-----
J=1.2e-02, ⟨Jf⟩=1.3e-03, ⟨B·n⟩=8.4e-03, Len=sum([4.8, 4.6, 4.2])=13.5, ϰ=[4.9, 5.3, 4.6], ∫ϰ²/L>=[4.8, 6.2, 6.4], C-C-Sep=0.20, ║∇J║=1.2e-03
-----On 8/20 Initial Guess Perturbations
Iteration 2787/4500-----
J=1.2e-02, ⟨Jf⟩=1.3e-03, ⟨B·n⟩=8.4e-03, Len=sum([4.8, 4.6, 4.2])=13.5, ϰ=[4.9, 5.3, 4.6], ∫ϰ²/L>=[4.8, 6.2, 6.4], C-C-Sep=0.20, ║∇J║=1.2e-03
-----On 8/20 Initial Guess Perturbations
Iteration 2788/4500-----
J=1.2e-02, ⟨Jf⟩=1.3e-03, ⟨B·n⟩=8.4e-03, Len=sum([4.8, 4.6, 4.2])=13.5, ϰ=[4.9, 5.3, 4.6], ∫ϰ²/L>=[4.8, 6.2, 6.4], C-C-Sep=0.20, ║∇J║=1.4e-03
-----On 8/20 Initial Guess Perturbations
Iteration 2789/4500-----
J=1.2e-02, ⟨Jf⟩=1.3e-03, ⟨B·n⟩=8.4e-03, Len=sum([4.8, 4.6, 4.2])=13.5, ϰ=[4.8, 5.3, 4.6], ∫ϰ²/L>=[4.8, 6.2, 6.4], C-C-Sep=0.20, ║∇J║=1.1e-03
-----On 8/20 Initial Guess Perturbations
Iteration 2790/4500-----
J=1.2e-02, ⟨Jf⟩=1.3e-03, ⟨B·n⟩=8.4e-03, Len=sum([4.8, 4.6, 4.2])=13.5, ϰ=[4.8, 5.3, 4.6], ∫ϰ²/L>=[4.8, 6.2, 6.4], C-C-Sep=0.20, ║∇J║=1.1e-03
-----On 8/20 Initial Guess Perturbations
Iteration 2791/4500-----
J=1.2e-02, ⟨Jf⟩=1.3e-03, ⟨B·n⟩=8.4e-03, Len=sum([4.8, 4.6, 4.2])=13.5, ϰ=[4.8, 5.3, 4.6], ∫ϰ²/L>=[4.8, 6.2, 6.4], C-C-Sep=0.20, ║∇J║=1.2e-03
-----On 8/20 Initial Guess Perturbations
Iteration 2792/4500-----
J=1.2e-02, ⟨Jf⟩=1.3e-03, ⟨B·n⟩=8.4e-03, Len=sum([4.8, 4.6, 4.2])=13.5, ϰ=[4.8, 5.3, 4.6], ∫ϰ²/L>=[4.8, 6.1, 6.4], C-C-Sep=0.20, ║∇J║=1.1e-03
-----On 8/20 Initial Guess Perturbations
Iteration 2793/4500-----
J=1.2e-02, ⟨Jf⟩=1.3e-03, ⟨B·n⟩=8.4e-03, Len=sum([4.8, 4.6, 4.2])=13.5, ϰ=[4.8, 5.3, 4.6], ∫ϰ²/L>=[4.8, 6.1, 6.4], C-C-Sep=0.20, ║∇J║=1.7e-03
-----On 8/20 Initial Guess Perturbations
Iteration 2794/4500-----
J=1.2e-02, ⟨Jf⟩=1.3e-03, ⟨B·n⟩=8.4e-03, Len=sum([4.8, 4.6, 4.2])=13.5, ϰ=[4.9, 5.3, 4.6], ∫ϰ²/L>=[4.8, 6.1, 6.4], C-C-Sep=0.20, ║∇J║=2.1e-03
-----On 8/20 Initial Guess Perturbations
Iteration 2795/4500-----
J=1.2e-02, ⟨Jf⟩=1.3e-03, ⟨B·n⟩=8.4e-03, Len=sum([4.8, 4.6, 4.2])=13.5, ϰ=[4.9, 5.3, 4.6], ∫ϰ²/L>=[4.8, 6.2, 6.4], C-C-Sep=0.20, ║∇J║=1.6e-03
-----On 8/20 Initial Guess Perturbations
Iteration 2796/4500-----
J=1.2e-02, ⟨Jf⟩=1.3e-03, ⟨B·n⟩=8.4e-03, Len=sum([4.8, 4.6, 4.2])=13.5, ϰ=[4.8, 5.3, 4.6], ∫ϰ²/L>=[4.8, 6.2, 6.4], C-C-Sep=0.20, ║∇J║=1.0e-03
-----On 8/20 Initial Guess Perturbations
Iteration 2797/4500-----
J=1.2e-02, ⟨Jf⟩=1.3e-03, ⟨B·n⟩=8.4e-03, Len=sum([4.8, 4.6, 4.2])=13.5, ϰ=[4.8, 5.3, 4.6], ∫ϰ²/L>=[4.8, 6.2, 6.4], C-C-Sep=0.20, ║∇J║=1.1e-03
-----On 8/20 Initial Guess Perturbations
Iteration 2798/4500-----
J=1.2e-02, ⟨Jf⟩=1.3e-03, ⟨B·n⟩=8.4e-03, Len=sum([4.8, 4.6, 4.2])=13.5, ϰ=[4.9, 5.3, 4.6], ∫ϰ²/L>=[4.8, 6.2, 6.4], C-C-Sep=0.20, ║∇J║=1.2e-03
-----On 8/20 Initial Guess Perturbations
Iteration 2799/4500-----
J=1.2e-02, ⟨Jf⟩=1.3e-03, ⟨B·n⟩=8.4e-03, Len=sum([4.8, 4.6, 4.2])=13.5, ϰ=[4.9, 5.4, 4.6], ∫ϰ²/L>=[4.8, 6.2, 6.4], C-C-Sep=0.20, ║∇J║=1.1e-03
-----On 8/20 Initial Guess Perturbations
Iteration 2800/4500-----
J=1.2e-02, ⟨Jf⟩=1.3e-03, ⟨B·n⟩=8.4e-03, Len=sum([4.8, 4.6, 4.2])=13.5, ϰ=[4.9, 5.4, 4.6], ∫ϰ²/L>=[4.8, 6.2, 6.4], C-C-Sep=0.20, ║∇J║=9.9e-04
-----On 8/20 Initial Guess Perturbations
Iteration 2801/4500-----
J=1.2e-02, ⟨Jf⟩=1.3e-03, ⟨B·n⟩=8.4e-03, Len=sum([4.8, 4.6, 4.2])=13.5, ϰ=[4.9, 5.3, 4.6], ∫ϰ²/L>=[4.8, 6.2, 6.4], C-C-Sep=0.20, ║∇J║=1.2e-03
-----On 8/20 Initial Guess Perturbations
Iteration 2802/4500-----
J=1.2e-02, ⟨Jf⟩=1.3e-03, ⟨B·n⟩=8.4e-03, Len=sum([4.8, 4.6, 4.2])=13.5, ϰ=[4.9, 5.3, 4.6], ∫ϰ²/L>=[4.8, 6.2, 6.3], C-C-Sep=0.20, ║∇J║=1.2e-03
-----On 8/20 Initial Guess Perturbations
Iteration 2803/4500-----
J=1.2e-02, ⟨Jf⟩=1.3e-03, ⟨B·n⟩=8.4e-03, Len=sum([4.8, 4.6, 4.2])=13.5, ϰ=[4.9, 5.3, 4.6], ∫ϰ²/L>=[4.8, 6.2, 6.4], C-C-Sep=0.20, ║∇J║=1.2e-03
-----On 8/20 Initial Guess Perturbations
Iteration 2804/4500-----
J=1.2e-02, ⟨Jf⟩=1.3e-03, ⟨B·n⟩=8.4e-03, Len=sum([4.8, 4.6, 4.2])=13.5, ϰ=[4.9, 5.3, 4.6], ∫ϰ²/L>=[4.8, 6.2, 6.3], C-C-Sep=0.20, ║∇J║=1.2e-03
-----On 8/20 Initial Guess Perturbations
Iteration 2805/4500-----
J=1.2e-02, ⟨Jf⟩=1.3e-03, ⟨B·n⟩=8.4e-03, Len=sum([4.8, 4.6, 4.2])=13.5, ϰ=[4.9, 5.3, 4.6], ∫ϰ²/L>=[4.8, 6.2, 6.3], C-C-Sep=0.20, ║∇J║=1.2e-03
-----On 8/20 Initial Guess Perturbations
Iteration 2806/4500-----
J=1.2e-02, ⟨Jf⟩=1.3e-03, ⟨B·n⟩=8.4e-03, Len=sum([4.8, 4.6, 4.2])=13.5, ϰ=[4.9, 5.3, 4.6], ∫ϰ²/L>=[4.8, 6.2, 6.3], C-C-Sep=0.20, ║∇J║=1.0e-03
-----On 8/20 Initial Guess Perturbations
Iteration 2807/4500-----
J=1.2e-02, ⟨Jf⟩=1.3e-03, ⟨B·n⟩=8.4e-03, Len=sum([4.8, 4.6, 4.2])=13.5, ϰ=[4.9, 5.3, 4.6], ∫ϰ²/L>=[4.8, 6.2, 6.4], C-C-Sep=0.20, ║∇J║=1.1e-03
-----On 8/20 Initial Guess Perturbations
Iteration 2808/4500-----
J=1.2e-02, ⟨Jf⟩=1.3e-03, ⟨B·n⟩=8.4e-03, Len=sum([4.8, 4.6, 4.2])=13.5, ϰ=[4.9, 5.3, 4.6], ∫ϰ²/L>=[4.8, 6.2, 6.4], C-C-Sep=0.20, ║∇J║=1.1e-03
-----On 8/20 Initial Guess Perturbations
Iteration 2809/4500-----
J=1.2e-02, ⟨Jf⟩=1.3e-03, ⟨B·n⟩=8.4e-03, Len=sum([4.8, 4.6, 4.2])=13.5, ϰ=[4.9, 5.3, 4.6], ∫ϰ²/L>=[4.8, 6.2, 6.4], C-C-Sep=0.20, ║∇J║=1.0e-03
-----On 8/20 Initial Guess Perturbations
Iteration 2810/4500-----
J=1.2e-02, ⟨Jf⟩=1.3e-03, ⟨B·n⟩=8.4e-03, Len=sum([4.8, 4.6, 4.2])=13.5, ϰ=[4.9, 5.3, 4.6], ∫ϰ²/L>=[4.8, 6.2, 6.4], C-C-Sep=0.20, ║∇J║=1.0e-03
-----On 8/20 Initial Guess Perturbations
Iteration 2811/4500-----
J=1.2e-02, ⟨Jf⟩=1.3e-03, ⟨B·n⟩=8.4e-03, Len=sum([4.8, 4.6, 4.2])=13.5, ϰ=[4.9, 5.3, 4.6], ∫ϰ²/L>=[4.8, 6.2, 6.4], C-C-Sep=0.20, ║∇J║=1.0e-03
-----On 8/20 Initial Guess Perturbations
Iteration 2812/4500-----
J=1.2e-02, ⟨Jf⟩=1.3e-03, ⟨B·n⟩=8.4e-03, Len=sum([4.8, 4.6, 4.2])=13.5, ϰ=[4.9, 5.3, 4.6], ∫ϰ²/L>=[4.8, 6.2, 6.3], C-C-Sep=0.20, ║∇J║=1.1e-03
-----On 8/20 Initial Guess Perturbations
Iteration 2813/4500-----
J=1.2e-02, ⟨Jf⟩=1.3e-03, ⟨B·n⟩=8.4e-03, Len=sum([4.8, 4.6, 4.2])=13.5, ϰ=[4.9, 5.2, 4.6], ∫ϰ²/L>=[4.8, 6.1, 6.3], C-C-Sep=0.20, ║∇J║=1.1e-03
-----On 8/20 Initial Guess Perturbations
Iteration 2814/4500-----
J=1.2e-02, ⟨Jf⟩=1.3e-03, ⟨B·n⟩=8.4e-03, Len=sum([4.8, 4.6, 4.2])=13.5, ϰ=[4.9, 5.2, 4.6], ∫ϰ²/L>=[4.8, 6.1, 6.3], C-C-Sep=0.20, ║∇J║=1.4e-03
-----On 8/20 Initial Guess Perturbations
Iteration 2815/4500-----
J=1.2e-02, ⟨Jf⟩=1.3e-03, ⟨B·n⟩=8.4e-03, Len=sum([4.8, 4.6, 4.2])=13.5, ϰ=[4.9, 5.2, 4.6], ∫ϰ²/L>=[4.8, 6.1, 6.4], C-C-Sep=0.20, ║∇J║=1.5e-03
-----On 8/20 Initial Guess Perturbations
Iteration 2816/4500-----
J=1.2e-02, ⟨Jf⟩=1.3e-03, ⟨B·n⟩=8.4e-03, Len=sum([4.8, 4.6, 4.2])=13.5, ϰ=[4.9, 5.3, 4.6], ∫ϰ²/L>=[4.8, 6.1, 6.3], C-C-Sep=0.20, ║∇J║=1.4e-03
-----On 8/20 Initial Guess Perturbations
Iteration 2817/4500-----
J=1.2e-02, ⟨Jf⟩=1.3e-03, ⟨B·n⟩=8.4e-03, Len=sum([4.8, 4.6, 4.2])=13.5, ϰ=[4.9, 5.3, 4.6], ∫ϰ²/L>=[4.8, 6.1, 6.4], C-C-Sep=0.20, ║∇J║=1.5e-03
-----On 8/20 Initial Guess Perturbations
Iteration 2818/4500-----
J=1.2e-02, ⟨Jf⟩=1.3e-03, ⟨B·n⟩=8.4e-03, Len=sum([4.8, 4.6, 4.2])=13.5, ϰ=[4.9, 5.3, 4.7], ∫ϰ²/L>=[4.8, 6.1, 6.4], C-C-Sep=0.20, ║∇J║=1.2e-03
-----On 8/20 Initial Guess Perturbations
Iteration 2819/4500-----
J=1.2e-02, ⟨Jf⟩=1.3e-03, ⟨B·n⟩=8.4e-03, Len=sum([4.8, 4.6, 4.2])=13.5, ϰ=[4.9, 5.3, 4.7], ∫ϰ²/L>=[4.8, 6.1, 6.4], C-C-Sep=0.20, ║∇J║=1.2e-03
-----On 8/20 Initial Guess Perturbations
Iteration 2820/4500-----
J=1.2e-02, ⟨Jf⟩=1.3e-03, ⟨B·n⟩=8.4e-03, Len=sum([4.8, 4.6, 4.2])=13.5, ϰ=[4.9, 5.3, 4.7], ∫ϰ²/L>=[4.8, 6.1, 6.4], C-C-Sep=0.20, ║∇J║=9.8e-04
-----On 8/20 Initial Guess Perturbations
Iteration 2821/4500-----
J=1.2e-02, ⟨Jf⟩=1.3e-03, ⟨B·n⟩=8.4e-03, Len=sum([4.8, 4.6, 4.2])=13.5, ϰ=[4.9, 5.3, 4.7], ∫ϰ²/L>=[4.8, 6.1, 6.4], C-C-Sep=0.20, ║∇J║=1.1e-03
-----On 8/20 Initial Guess Perturbations
Iteration 2822/4500-----
J=1.2e-02, ⟨Jf⟩=1.3e-03, ⟨B·n⟩=8.4e-03, Len=sum([4.8, 4.6, 4.2])=13.5, ϰ=[4.9, 5.3, 4.7], ∫ϰ²/L>=[4.8, 6.1, 6.4], C-C-Sep=0.20, ║∇J║=1.1e-03
-----On 8/20 Initial Guess Perturbations
Iteration 2823/4500-----
J=1.2e-02, ⟨Jf⟩=1.3e-03, ⟨B·n⟩=8.4e-03, Len=sum([4.8, 4.6, 4.2])=13.5, ϰ=[4.9, 5.3, 4.7], ∫ϰ²/L>=[4.8, 6.1, 6.4], C-C-Sep=0.20, ║∇J║=9.8e-04
-----On 8/20 Initial Guess Perturbations
Iteration 2824/4500-----
J=1.2e-02, ⟨Jf⟩=1.3e-03, ⟨B·n⟩=8.4e-03, Len=sum([4.8, 4.6, 4.2])=13.5, ϰ=[4.9, 5.3, 4.7], ∫ϰ²/L>=[4.8, 6.1, 6.4], C-C-Sep=0.20, ║∇J║=9.2e-04
-----On 8/20 Initial Guess Perturbations
Iteration 2825/4500-----
J=1.2e-02, ⟨Jf⟩=1.3e-03, ⟨B·n⟩=8.4e-03, Len=sum([4.8, 4.6, 4.2])=13.5, ϰ=[4.9, 5.3, 4.8], ∫ϰ²/L>=[4.8, 6.1, 6.4], C-C-Sep=0.20, ║∇J║=1.4e-03
-----On 8/20 Initial Guess Perturbations
Iteration 2826/4500-----
J=1.2e-02, ⟨Jf⟩=1.3e-03, ⟨B·n⟩=8.4e-03, Len=sum([4.8, 4.6, 4.2])=13.5, ϰ=[4.9, 5.3, 4.8], ∫ϰ²/L>=[4.8, 6.1, 6.4], C-C-Sep=0.20, ║∇J║=1.4e-03
-----On 8/20 Initial Guess Perturbations
Iteration 2827/4500-----
J=1.2e-02, ⟨Jf⟩=1.3e-03, ⟨B·n⟩=8.4e-03, Len=sum([4.8, 4.6, 4.2])=13.5, ϰ=[4.9, 5.3, 4.8], ∫ϰ²/L>=[4.8, 6.1, 6.4], C-C-Sep=0.20, ║∇J║=1.3e-03
-----On 8/20 Initial Guess Perturbations
Iteration 2828/4500-----
J=1.2e-02, ⟨Jf⟩=1.3e-03, ⟨B·n⟩=8.4e-03, Len=sum([4.8, 4.6, 4.2])=13.5, ϰ=[4.9, 5.3, 4.8], ∫ϰ²/L>=[4.8, 6.1, 6.4], C-C-Sep=0.20, ║∇J║=1.2e-03
-----On 8/20 Initial Guess Perturbations
Iteration 2829/4500-----
J=1.2e-02, ⟨Jf⟩=1.3e-03, ⟨B·n⟩=8.4e-03, Len=sum([4.8, 4.6, 4.2])=13.5, ϰ=[4.9, 5.3, 4.8], ∫ϰ²/L>=[4.8, 6.1, 6.4], C-C-Sep=0.20, ║∇J║=9.4e-04
-----On 8/20 Initial Guess Perturbations
Iteration 2830/4500-----
J=1.2e-02, ⟨Jf⟩=1.3e-03, ⟨B·n⟩=8.4e-03, Len=sum([4.8, 4.6, 4.2])=13.5, ϰ=[4.9, 5.3, 4.8], ∫ϰ²/L>=[4.8, 6.1, 6.4], C-C-Sep=0.20, ║∇J║=1.1e-03
-----On 8/20 Initial Guess Perturbations
Iteration 2831/4500-----
J=1.2e-02, ⟨Jf⟩=1.3e-03, ⟨B·n⟩=8.4e-03, Len=sum([4.8, 4.6, 4.2])=13.5, ϰ=[4.9, 5.3, 4.8], ∫ϰ²/L>=[4.8, 6.1, 6.4], C-C-Sep=0.20, ║∇J║=1.1e-03
-----On 8/20 Initial Guess Perturbations
Iteration 2832/4500-----
J=1.2e-02, ⟨Jf⟩=1.3e-03, ⟨B·n⟩=8.4e-03, Len=sum([4.8, 4.6, 4.2])=13.5, ϰ=[4.9, 5.3, 4.8], ∫ϰ²/L>=[4.8, 6.1, 6.4], C-C-Sep=0.20, ║∇J║=1.2e-03
-----On 8/20 Initial Guess Perturbations
Iteration 2833/4500-----
J=1.2e-02, ⟨Jf⟩=1.3e-03, ⟨B·n⟩=8.4e-03, Len=sum([4.8, 4.6, 4.2])=13.5, ϰ=[4.9, 5.3, 4.8], ∫ϰ²/L>=[4.8, 6.1, 6.4], C-C-Sep=0.20, ║∇J║=1.1e-03
-----On 8/20 Initial Guess Perturbations
Iteration 2834/4500-----
J=1.2e-02, ⟨Jf⟩=1.3e-03, ⟨B·n⟩=8.4e-03, Len=sum([4.8, 4.6, 4.2])=13.5, ϰ=[4.9, 5.2, 4.8], ∫ϰ²/L>=[4.8, 6.1, 6.4], C-C-Sep=0.20, ║∇J║=1.2e-03
-----On 8/20 Initial Guess Perturbations
Iteration 2835/4500-----
J=1.2e-02, ⟨Jf⟩=1.3e-03, ⟨B·n⟩=8.4e-03, Len=sum([4.8, 4.6, 4.2])=13.5, ϰ=[4.9, 5.3, 4.8], ∫ϰ²/L>=[4.8, 6.1, 6.4], C-C-Sep=0.20, ║∇J║=1.4e-03
-----On 8/20 Initial Guess Perturbations
Iteration 2836/4500-----
J=1.2e-02, ⟨Jf⟩=1.3e-03, ⟨B·n⟩=8.4e-03, Len=sum([4.8, 4.6, 4.2])=13.5, ϰ=[4.9, 5.3, 4.8], ∫ϰ²/L>=[4.8, 6.1, 6.4], C-C-Sep=0.20, ║∇J║=1.3e-03
-----On 8/20 Initial Guess Perturbations
Iteration 2837/4500-----
J=1.2e-02, ⟨Jf⟩=1.3e-03, ⟨B·n⟩=8.4e-03, Len=sum([4.8, 4.6, 4.2])=13.5, ϰ=[4.9, 5.2, 4.8], ∫ϰ²/L>=[4.8, 6.1, 6.4], C-C-Sep=0.20, ║∇J║=1.1e-03
-----On 8/20 Initial Guess Perturbations
Iteration 2838/4500-----
J=1.2e-02, ⟨Jf⟩=1.3e-03, ⟨B·n⟩=8.4e-03, Len=sum([4.8, 4.6, 4.2])=13.5, ϰ=[4.9, 5.2, 4.8], ∫ϰ²/L>=[4.8, 6.1, 6.4], C-C-Sep=0.20, ║∇J║=1.2e-03
-----On 8/20 Initial Guess Perturbations
Iteration 2839/4500-----
J=1.2e-02, ⟨Jf⟩=1.3e-03, ⟨B·n⟩=8.4e-03, Len=sum([4.8, 4.6, 4.2])=13.5, ϰ=[4.8, 5.2, 4.8], ∫ϰ²/L>=[4.8, 6.1, 6.4], C-C-Sep=0.20, ║∇J║=1.1e-03
-----On 8/20 Initial Guess Perturbations
Iteration 2840/4500-----
J=1.2e-02, ⟨Jf⟩=1.3e-03, ⟨B·n⟩=8.4e-03, Len=sum([4.8, 4.6, 4.2])=13.5, ϰ=[4.8, 5.2, 4.8], ∫ϰ²/L>=[4.8, 6.1, 6.4], C-C-Sep=0.20, ║∇J║=1.3e-03
-----On 8/20 Initial Guess Perturbations
Iteration 2841/4500-----
J=1.2e-02, ⟨Jf⟩=1.3e-03, ⟨B·n⟩=8.4e-03, Len=sum([4.8, 4.6, 4.2])=13.5, ϰ=[4.9, 5.2, 4.8], ∫ϰ²/L>=[4.8, 6.1, 6.4], C-C-Sep=0.20, ║∇J║=9.7e-04
-----On 8/20 Initial Guess Perturbations
Iteration 2842/4500-----
J=1.2e-02, ⟨Jf⟩=1.3e-03, ⟨B·n⟩=8.4e-03, Len=sum([4.8, 4.6, 4.2])=13.5, ϰ=[4.9, 5.2, 4.8], ∫ϰ²/L>=[4.8, 6.1, 6.4], C-C-Sep=0.20, ║∇J║=1.3e-03
-----On 8/20 Initial Guess Perturbations
Iteration 2843/4500-----
J=1.2e-02, ⟨Jf⟩=1.3e-03, ⟨B·n⟩=8.4e-03, Len=sum([4.8, 4.6, 4.2])=13.5, ϰ=[4.9, 5.2, 4.7], ∫ϰ²/L>=[4.8, 6.1, 6.4], C-C-Sep=0.20, ║∇J║=1.3e-03
-----On 8/20 Initial Guess Perturbations
Iteration 2844/4500-----
J=1.2e-02, ⟨Jf⟩=1.3e-03, ⟨B·n⟩=8.4e-03, Len=sum([4.8, 4.6, 4.2])=13.5, ϰ=[4.9, 5.2, 4.7], ∫ϰ²/L>=[4.8, 6.1, 6.4], C-C-Sep=0.20, ║∇J║=1.2e-03
-----On 8/20 Initial Guess Perturbations
Iteration 2845/4500-----
J=1.2e-02, ⟨Jf⟩=1.3e-03, ⟨B·n⟩=8.4e-03, Len=sum([4.8, 4.6, 4.2])=13.5, ϰ=[4.9, 5.2, 4.7], ∫ϰ²/L>=[4.8, 6.1, 6.4], C-C-Sep=0.20, ║∇J║=1.1e-03
-----On 8/20 Initial Guess Perturbations
Iteration 2846/4500-----
J=1.2e-02, ⟨Jf⟩=1.3e-03, ⟨B·n⟩=8.4e-03, Len=sum([4.8, 4.6, 4.2])=13.5, ϰ=[4.9, 5.2, 4.7], ∫ϰ²/L>=[4.8, 6.1, 6.4], C-C-Sep=0.20, ║∇J║=1.1e-03
-----On 8/20 Initial Guess Perturbations
Iteration 2847/4500-----
J=1.2e-02, ⟨Jf⟩=1.3e-03, ⟨B·n⟩=8.4e-03, Len=sum([4.8, 4.6, 4.2])=13.5, ϰ=[4.9, 5.2, 4.7], ∫ϰ²/L>=[4.8, 6.1, 6.4], C-C-Sep=0.20, ║∇J║=9.8e-04
-----On 8/20 Initial Guess Perturbations
Iteration 2848/4500-----
J=1.2e-02, ⟨Jf⟩=1.3e-03, ⟨B·n⟩=8.4e-03, Len=sum([4.8, 4.6, 4.2])=13.5, ϰ=[4.9, 5.2, 4.7], ∫ϰ²/L>=[4.8, 6.1, 6.4], C-C-Sep=0.20, ║∇J║=1.0e-03
-----On 8/20 Initial Guess Perturbations
Iteration 2849/4500-----
J=1.2e-02, ⟨Jf⟩=1.3e-03, ⟨B·n⟩=8.4e-03, Len=sum([4.8, 4.6, 4.2])=13.5, ϰ=[4.9, 5.2, 4.7], ∫ϰ²/L>=[4.8, 6.1, 6.4], C-C-Sep=0.20, ║∇J║=1.0e-03
-----On 8/20 Initial Guess Perturbations
Iteration 2850/4500-----
J=1.2e-02, ⟨Jf⟩=1.3e-03, ⟨B·n⟩=8.4e-03, Len=sum([4.8, 4.6, 4.2])=13.5, ϰ=[4.9, 5.2, 4.7], ∫ϰ²/L>=[4.8, 6.1, 6.4], C-C-Sep=0.20, ║∇J║=1.0e-03
-----On 8/20 Initial Guess Perturbations
Iteration 2851/4500-----
J=1.2e-02, ⟨Jf⟩=1.3e-03, ⟨B·n⟩=8.4e-03, Len=sum([4.8, 4.6, 4.2])=13.5, ϰ=[4.9, 5.2, 4.7], ∫ϰ²/L>=[4.8, 6.1, 6.4], C-C-Sep=0.20, ║∇J║=1.2e-03
-----On 8/20 Initial Guess Perturbations
Iteration 2852/4500-----
J=1.2e-02, ⟨Jf⟩=1.3e-03, ⟨B·n⟩=8.4e-03, Len=sum([4.8, 4.6, 4.2])=13.5, ϰ=[4.9, 5.2, 4.7], ∫ϰ²/L>=[4.8, 6.1, 6.4], C-C-Sep=0.20, ║∇J║=1.3e-03
-----On 8/20 Initial Guess Perturbations
Iteration 2853/4500-----
J=1.2e-02, ⟨Jf⟩=1.3e-03, ⟨B·n⟩=8.4e-03, Len=sum([4.8, 4.6, 4.2])=13.5, ϰ=[4.9, 5.2, 4.7], ∫ϰ²/L>=[4.8, 6.1, 6.4], C-C-Sep=0.20, ║∇J║=1.2e-03
-----On 8/20 Initial Guess Perturbations
Iteration 2854/4500-----
J=1.2e-02, ⟨Jf⟩=1.3e-03, ⟨B·n⟩=8.4e-03, Len=sum([4.8, 4.6, 4.2])=13.5, ϰ=[4.9, 5.2, 4.6], ∫ϰ²/L>=[4.8, 6.1, 6.4], C-C-Sep=0.20, ║∇J║=1.5e-03
-----On 8/20 Initial Guess Perturbations
Iteration 2855/4500-----
J=1.2e-02, ⟨Jf⟩=1.3e-03, ⟨B·n⟩=8.4e-03, Len=sum([4.8, 4.6, 4.2])=13.5, ϰ=[4.9, 5.2, 4.6], ∫ϰ²/L>=[4.8, 6.1, 6.4], C-C-Sep=0.20, ║∇J║=1.4e-03
-----On 8/20 Initial Guess Perturbations
Iteration 2856/4500-----
J=1.2e-02, ⟨Jf⟩=1.3e-03, ⟨B·n⟩=8.4e-03, Len=sum([4.8, 4.6, 4.2])=13.5, ϰ=[4.9, 5.2, 4.6], ∫ϰ²/L>=[4.8, 6.1, 6.4], C-C-Sep=0.20, ║∇J║=1.2e-03
-----On 8/20 Initial Guess Perturbations
Iteration 2857/4500-----
J=1.2e-02, ⟨Jf⟩=1.3e-03, ⟨B·n⟩=8.4e-03, Len=sum([4.8, 4.6, 4.2])=13.5, ϰ=[4.9, 5.2, 4.6], ∫ϰ²/L>=[4.8, 6.1, 6.4], C-C-Sep=0.20, ║∇J║=1.1e-03
-----On 8/20 Initial Guess Perturbations
Iteration 2858/4500-----
J=1.2e-02, ⟨Jf⟩=1.3e-03, ⟨B·n⟩=8.4e-03, Len=sum([4.8, 4.6, 4.2])=13.5, ϰ=[4.9, 5.2, 4.6], ∫ϰ²/L>=[4.8, 6.1, 6.4], C-C-Sep=0.20, ║∇J║=1.2e-03
-----On 8/20 Initial Guess Perturbations
Iteration 2859/4500-----
J=1.2e-02, ⟨Jf⟩=1.3e-03, ⟨B·n⟩=8.4e-03, Len=sum([4.8, 4.6, 4.2])=13.5, ϰ=[4.9, 5.2, 4.6], ∫ϰ²/L>=[4.8, 6.1, 6.4], C-C-Sep=0.20, ║∇J║=1.0e-03
-----On 8/20 Initial Guess Perturbations
Iteration 2860/4500-----
J=1.2e-02, ⟨Jf⟩=1.3e-03, ⟨B·n⟩=8.4e-03, Len=sum([4.8, 4.6, 4.2])=13.5, ϰ=[4.9, 5.2, 4.6], ∫ϰ²/L>=[4.8, 6.1, 6.4], C-C-Sep=0.20, ║∇J║=9.5e-04
-----On 8/20 Initial Guess Perturbations
Iteration 2861/4500-----
J=1.2e-02, ⟨Jf⟩=1.3e-03, ⟨B·n⟩=8.4e-03, Len=sum([4.8, 4.6, 4.2])=13.5, ϰ=[4.9, 5.2, 4.6], ∫ϰ²/L>=[4.8, 6.1, 6.4], C-C-Sep=0.20, ║∇J║=1.1e-03
-----On 8/20 Initial Guess Perturbations
Iteration 2862/4500-----
J=1.2e-02, ⟨Jf⟩=1.3e-03, ⟨B·n⟩=8.4e-03, Len=sum([4.8, 4.6, 4.2])=13.5, ϰ=[4.9, 5.2, 4.6], ∫ϰ²/L>=[4.8, 6.1, 6.4], C-C-Sep=0.20, ║∇J║=1.1e-03
-----On 8/20 Initial Guess Perturbations
Iteration 2863/4500-----
J=1.2e-02, ⟨Jf⟩=1.3e-03, ⟨B·n⟩=8.4e-03, Len=sum([4.8, 4.6, 4.2])=13.5, ϰ=[4.9, 5.2, 4.6], ∫ϰ²/L>=[4.8, 6.1, 6.4], C-C-Sep=0.20, ║∇J║=1.1e-03
-----On 8/20 Initial Guess Perturbations
Iteration 2864/4500-----
J=1.2e-02, ⟨Jf⟩=1.3e-03, ⟨B·n⟩=8.4e-03, Len=sum([4.8, 4.6, 4.2])=13.5, ϰ=[4.9, 5.2, 4.6], ∫ϰ²/L>=[4.8, 6.1, 6.4], C-C-Sep=0.20, ║∇J║=1.2e-03
-----On 8/20 Initial Guess Perturbations
Iteration 2865/4500-----
J=1.2e-02, ⟨Jf⟩=1.3e-03, ⟨B·n⟩=8.4e-03, Len=sum([4.8, 4.6, 4.2])=13.5, ϰ=[4.9, 5.2, 4.6], ∫ϰ²/L>=[4.8, 6.1, 6.4], C-C-Sep=0.20, ║∇J║=1.6e-03
-----On 8/20 Initial Guess Perturbations
Iteration 2866/4500-----
J=1.2e-02, ⟨Jf⟩=1.3e-03, ⟨B·n⟩=8.4e-03, Len=sum([4.8, 4.6, 4.2])=13.5, ϰ=[4.9, 5.2, 4.6], ∫ϰ²/L>=[4.8, 6.1, 6.4], C-C-Sep=0.20, ║∇J║=1.1e-03
-----On 8/20 Initial Guess Perturbations
Iteration 2867/4500-----
J=1.2e-02, ⟨Jf⟩=1.3e-03, ⟨B·n⟩=8.4e-03, Len=sum([4.8, 4.6, 4.2])=13.5, ϰ=[4.9, 5.2, 4.6], ∫ϰ²/L>=[4.8, 6.1, 6.4], C-C-Sep=0.20, ║∇J║=1.0e-03
-----On 8/20 Initial Guess Perturbations
Iteration 2868/4500-----
J=1.2e-02, ⟨Jf⟩=1.3e-03, ⟨B·n⟩=8.4e-03, Len=sum([4.8, 4.6, 4.2])=13.5, ϰ=[4.9, 5.2, 4.6], ∫ϰ²/L>=[4.8, 6.1, 6.4], C-C-Sep=0.20, ║∇J║=1.3e-03
-----On 8/20 Initial Guess Perturbations
Iteration 2869/4500-----
J=1.2e-02, ⟨Jf⟩=1.3e-03, ⟨B·n⟩=8.4e-03, Len=sum([4.8, 4.6, 4.2])=13.5, ϰ=[4.9, 5.2, 4.6], ∫ϰ²/L>=[4.8, 6.1, 6.4], C-C-Sep=0.20, ║∇J║=1.1e-03
-----On 8/20 Initial Guess Perturbations
Iteration 2870/4500-----
J=1.2e-02, ⟨Jf⟩=1.3e-03, ⟨B·n⟩=8.4e-03, Len=sum([4.8, 4.6, 4.2])=13.5, ϰ=[4.9, 5.2, 4.6], ∫ϰ²/L>=[4.8, 6.1, 6.4], C-C-Sep=0.20, ║∇J║=8.6e-04
-----On 8/20 Initial Guess Perturbations
Iteration 2871/4500-----
J=1.2e-02, ⟨Jf⟩=1.3e-03, ⟨B·n⟩=8.4e-03, Len=sum([4.8, 4.6, 4.2])=13.5, ϰ=[4.9, 5.2, 4.6], ∫ϰ²/L>=[4.8, 6.1, 6.4], C-C-Sep=0.20, ║∇J║=1.0e-03
-----On 8/20 Initial Guess Perturbations
Iteration 2872/4500-----
J=1.2e-02, ⟨Jf⟩=1.3e-03, ⟨B·n⟩=8.4e-03, Len=sum([4.8, 4.6, 4.2])=13.5, ϰ=[4.9, 5.2, 4.6], ∫ϰ²/L>=[4.8, 6.1, 6.4], C-C-Sep=0.20, ║∇J║=1.2e-03
-----On 8/20 Initial Guess Perturbations
Iteration 2873/4500-----
J=1.2e-02, ⟨Jf⟩=1.3e-03, ⟨B·n⟩=8.4e-03, Len=sum([4.8, 4.6, 4.2])=13.5, ϰ=[4.9, 5.2, 4.6], ∫ϰ²/L>=[4.8, 6.1, 6.4], C-C-Sep=0.20, ║∇J║=1.2e-03
-----On 8/20 Initial Guess Perturbations
Iteration 2874/4500-----
J=1.2e-02, ⟨Jf⟩=1.3e-03, ⟨B·n⟩=8.4e-03, Len=sum([4.8, 4.6, 4.2])=13.5, ϰ=[4.9, 5.2, 4.6], ∫ϰ²/L>=[4.8, 6.1, 6.4], C-C-Sep=0.20, ║∇J║=1.5e-03
-----On 8/20 Initial Guess Perturbations
Iteration 2875/4500-----
J=1.2e-02, ⟨Jf⟩=1.3e-03, ⟨B·n⟩=8.4e-03, Len=sum([4.8, 4.6, 4.2])=13.5, ϰ=[4.9, 5.2, 4.6], ∫ϰ²/L>=[4.8, 6.1, 6.4], C-C-Sep=0.20, ║∇J║=1.1e-03
-----On 8/20 Initial Guess Perturbations
Iteration 2876/4500-----
J=1.2e-02, ⟨Jf⟩=1.3e-03, ⟨B·n⟩=8.4e-03, Len=sum([4.8, 4.6, 4.2])=13.5, ϰ=[4.9, 5.2, 4.6], ∫ϰ²/L>=[4.8, 6.1, 6.4], C-C-Sep=0.20, ║∇J║=1.2e-03
-----On 8/20 Initial Guess Perturbations
Iteration 2877/4500-----
J=1.2e-02, ⟨Jf⟩=1.3e-03, ⟨B·n⟩=8.4e-03, Len=sum([4.8, 4.6, 4.2])=13.5, ϰ=[4.9, 5.2, 4.6], ∫ϰ²/L>=[4.8, 6.1, 6.4], C-C-Sep=0.20, ║∇J║=1.3e-03
-----On 8/20 Initial Guess Perturbations
Iteration 2878/4500-----
J=1.2e-02, ⟨Jf⟩=1.3e-03, ⟨B·n⟩=8.4e-03, Len=sum([4.8, 4.6, 4.2])=13.5, ϰ=[4.9, 5.2, 4.6], ∫ϰ²/L>=[4.8, 6.1, 6.4], C-C-Sep=0.20, ║∇J║=9.6e-04
-----On 8/20 Initial Guess Perturbations
Iteration 2879/4500-----
J=1.2e-02, ⟨Jf⟩=1.3e-03, ⟨B·n⟩=8.4e-03, Len=sum([4.8, 4.6, 4.2])=13.5, ϰ=[4.9, 5.2, 4.6], ∫ϰ²/L>=[4.8, 6.1, 6.4], C-C-Sep=0.20, ║∇J║=1.2e-03
-----On 8/20 Initial Guess Perturbations
Iteration 2880/4500-----
J=1.2e-02, ⟨Jf⟩=1.3e-03, ⟨B·n⟩=8.4e-03, Len=sum([4.8, 4.6, 4.2])=13.5, ϰ=[4.9, 5.3, 4.6], ∫ϰ²/L>=[4.8, 6.1, 6.4], C-C-Sep=0.20, ║∇J║=1.1e-03
-----On 8/20 Initial Guess Perturbations
Iteration 2881/4500-----
J=1.2e-02, ⟨Jf⟩=1.3e-03, ⟨B·n⟩=8.4e-03, Len=sum([4.8, 4.6, 4.2])=13.5, ϰ=[4.9, 5.3, 4.6], ∫ϰ²/L>=[4.8, 6.1, 6.4], C-C-Sep=0.20, ║∇J║=1.2e-03
-----On 8/20 Initial Guess Perturbations
Iteration 2882/4500-----
J=1.2e-02, ⟨Jf⟩=1.3e-03, ⟨B·n⟩=8.4e-03, Len=sum([4.8, 4.6, 4.2])=13.5, ϰ=[4.9, 5.3, 4.6], ∫ϰ²/L>=[4.8, 6.1, 6.4], C-C-Sep=0.20, ║∇J║=1.1e-03
-----On 8/20 Initial Guess Perturbations
Iteration 2883/4500-----
J=1.2e-02, ⟨Jf⟩=1.3e-03, ⟨B·n⟩=8.4e-03, Len=sum([4.8, 4.6, 4.2])=13.5, ϰ=[4.9, 5.4, 4.6], ∫ϰ²/L>=[4.8, 6.2, 6.4], C-C-Sep=0.20, ║∇J║=1.1e-03
-----On 8/20 Initial Guess Perturbations
Iteration 2884/4500-----
J=1.2e-02, ⟨Jf⟩=1.3e-03, ⟨B·n⟩=8.4e-03, Len=sum([4.8, 4.6, 4.2])=13.5, ϰ=[4.9, 5.3, 4.6], ∫ϰ²/L>=[4.8, 6.2, 6.4], C-C-Sep=0.20, ║∇J║=1.3e-03
-----On 8/20 Initial Guess Perturbations
Iteration 2885/4500-----
J=1.2e-02, ⟨Jf⟩=1.3e-03, ⟨B·n⟩=8.4e-03, Len=sum([4.8, 4.6, 4.2])=13.5, ϰ=[4.9, 5.4, 4.6], ∫ϰ²/L>=[4.8, 6.2, 6.4], C-C-Sep=0.20, ║∇J║=1.0e-03
-----On 8/20 Initial Guess Perturbations
Iteration 2886/4500-----
J=1.2e-02, ⟨Jf⟩=1.3e-03, ⟨B·n⟩=8.4e-03, Len=sum([4.8, 4.6, 4.2])=13.5, ϰ=[4.9, 5.4, 4.7], ∫ϰ²/L>=[4.8, 6.2, 6.4], C-C-Sep=0.20, ║∇J║=1.1e-03
-----On 8/20 Initial Guess Perturbations
Iteration 2887/4500-----
J=1.2e-02, ⟨Jf⟩=1.3e-03, ⟨B·n⟩=8.4e-03, Len=sum([4.8, 4.6, 4.2])=13.5, ϰ=[4.9, 5.3, 4.7], ∫ϰ²/L>=[4.8, 6.2, 6.4], C-C-Sep=0.20, ║∇J║=1.4e-03
-----On 8/20 Initial Guess Perturbations
Iteration 2888/4500-----
J=1.2e-02, ⟨Jf⟩=1.3e-03, ⟨B·n⟩=8.4e-03, Len=sum([4.8, 4.6, 4.2])=13.5, ϰ=[4.9, 5.3, 4.7], ∫ϰ²/L>=[4.8, 6.2, 6.3], C-C-Sep=0.20, ║∇J║=1.9e-03
-----On 8/20 Initial Guess Perturbations
Iteration 2889/4500-----
J=1.2e-02, ⟨Jf⟩=1.3e-03, ⟨B·n⟩=8.4e-03, Len=sum([4.8, 4.6, 4.2])=13.5, ϰ=[4.9, 5.3, 4.7], ∫ϰ²/L>=[4.8, 6.2, 6.3], C-C-Sep=0.20, ║∇J║=1.5e-03
-----On 8/20 Initial Guess Perturbations
Iteration 2890/4500-----
J=1.2e-02, ⟨Jf⟩=1.3e-03, ⟨B·n⟩=8.4e-03, Len=sum([4.8, 4.6, 4.2])=13.5, ϰ=[4.9, 5.3, 4.7], ∫ϰ²/L>=[4.8, 6.2, 6.3], C-C-Sep=0.20, ║∇J║=1.0e-03
-----On 8/20 Initial Guess Perturbations
Iteration 2891/4500-----
J=1.2e-02, ⟨Jf⟩=1.3e-03, ⟨B·n⟩=8.4e-03, Len=sum([4.8, 4.6, 4.2])=13.5, ϰ=[4.9, 5.3, 4.7], ∫ϰ²/L>=[4.8, 6.2, 6.3], C-C-Sep=0.20, ║∇J║=1.1e-03
-----On 8/20 Initial Guess Perturbations
Iteration 2892/4500-----
J=1.2e-02, ⟨Jf⟩=1.3e-03, ⟨B·n⟩=8.4e-03, Len=sum([4.8, 4.6, 4.2])=13.5, ϰ=[4.9, 5.3, 4.7], ∫ϰ²/L>=[4.8, 6.2, 6.3], C-C-Sep=0.20, ║∇J║=1.3e-03
-----On 8/20 Initial Guess Perturbations
Iteration 2893/4500-----
J=1.2e-02, ⟨Jf⟩=1.3e-03, ⟨B·n⟩=8.4e-03, Len=sum([4.8, 4.6, 4.2])=13.5, ϰ=[4.9, 5.3, 4.7], ∫ϰ²/L>=[4.8, 6.2, 6.3], C-C-Sep=0.20, ║∇J║=1.1e-03
-----On 8/20 Initial Guess Perturbations
Iteration 2894/4500-----
J=1.2e-02, ⟨Jf⟩=1.3e-03, ⟨B·n⟩=8.4e-03, Len=sum([4.8, 4.6, 4.2])=13.5, ϰ=[4.9, 5.3, 4.7], ∫ϰ²/L>=[4.8, 6.2, 6.3], C-C-Sep=0.20, ║∇J║=1.3e-03
-----On 8/20 Initial Guess Perturbations
Iteration 2895/4500-----
J=1.2e-02, ⟨Jf⟩=1.3e-03, ⟨B·n⟩=8.4e-03, Len=sum([4.8, 4.6, 4.2])=13.5, ϰ=[4.9, 5.3, 4.7], ∫ϰ²/L>=[4.8, 6.2, 6.3], C-C-Sep=0.20, ║∇J║=1.5e-03
-----On 8/20 Initial Guess Perturbations
Iteration 2896/4500-----
J=1.2e-02, ⟨Jf⟩=1.3e-03, ⟨B·n⟩=8.4e-03, Len=sum([4.8, 4.6, 4.2])=13.5, ϰ=[4.9, 5.3, 4.7], ∫ϰ²/L>=[4.8, 6.2, 6.3], C-C-Sep=0.20, ║∇J║=1.4e-03
-----On 8/20 Initial Guess Perturbations
Iteration 2897/4500-----
J=1.2e-02, ⟨Jf⟩=1.3e-03, ⟨B·n⟩=8.4e-03, Len=sum([4.8, 4.6, 4.2])=13.5, ϰ=[4.9, 5.2, 4.7], ∫ϰ²/L>=[4.8, 6.2, 6.3], C-C-Sep=0.20, ║∇J║=1.1e-03
-----On 8/20 Initial Guess Perturbations
Iteration 2898/4500-----
J=1.2e-02, ⟨Jf⟩=1.3e-03, ⟨B·n⟩=8.4e-03, Len=sum([4.8, 4.6, 4.2])=13.5, ϰ=[4.9, 5.2, 4.7], ∫ϰ²/L>=[4.8, 6.2, 6.3], C-C-Sep=0.20, ║∇J║=1.1e-03
-----On 8/20 Initial Guess Perturbations
Iteration 2899/4500-----
J=1.2e-02, ⟨Jf⟩=1.3e-03, ⟨B·n⟩=8.4e-03, Len=sum([4.8, 4.6, 4.2])=13.5, ϰ=[4.9, 5.2, 4.7], ∫ϰ²/L>=[4.8, 6.2, 6.3], C-C-Sep=0.20, ║∇J║=1.2e-03
-----On 8/20 Initial Guess Perturbations
Iteration 2900/4500-----
J=1.2e-02, ⟨Jf⟩=1.3e-03, ⟨B·n⟩=8.4e-03, Len=sum([4.8, 4.6, 4.2])=13.5, ϰ=[4.9, 5.2, 4.7], ∫ϰ²/L>=[4.8, 6.2, 6.3], C-C-Sep=0.20, ║∇J║=1.7e-03
-----On 8/20 Initial Guess Perturbations
Iteration 2901/4500-----
J=1.2e-02, ⟨Jf⟩=1.3e-03, ⟨B·n⟩=8.4e-03, Len=sum([4.8, 4.6, 4.2])=13.5, ϰ=[4.9, 5.3, 4.7], ∫ϰ²/L>=[4.8, 6.2, 6.3], C-C-Sep=0.20, ║∇J║=1.6e-03
-----On 8/20 Initial Guess Perturbations
Iteration 2902/4500-----
J=1.2e-02, ⟨Jf⟩=1.3e-03, ⟨B·n⟩=8.4e-03, Len=sum([4.8, 4.6, 4.2])=13.5, ϰ=[4.9, 5.3, 4.7], ∫ϰ²/L>=[4.8, 6.2, 6.3], C-C-Sep=0.20, ║∇J║=1.7e-03
-----On 8/20 Initial Guess Perturbations
Iteration 2903/4500-----
J=1.2e-02, ⟨Jf⟩=1.3e-03, ⟨B·n⟩=8.4e-03, Len=sum([4.8, 4.6, 4.2])=13.5, ϰ=[4.8, 5.3, 4.7], ∫ϰ²/L>=[4.8, 6.2, 6.3], C-C-Sep=0.20, ║∇J║=1.0e-03
-----On 8/20 Initial Guess Perturbations
Iteration 2904/4500-----
J=1.2e-02, ⟨Jf⟩=1.3e-03, ⟨B·n⟩=8.4e-03, Len=sum([4.8, 4.6, 4.2])=13.5, ϰ=[4.8, 5.3, 4.7], ∫ϰ²/L>=[4.8, 6.2, 6.3], C-C-Sep=0.20, ║∇J║=1.1e-03
-----On 8/20 Initial Guess Perturbations
Iteration 2905/4500-----
J=1.2e-02, ⟨Jf⟩=1.3e-03, ⟨B·n⟩=8.4e-03, Len=sum([4.8, 4.6, 4.2])=13.5, ϰ=[4.8, 5.3, 4.7], ∫ϰ²/L>=[4.8, 6.2, 6.3], C-C-Sep=0.20, ║∇J║=9.7e-04
-----On 8/20 Initial Guess Perturbations
Iteration 2906/4500-----
J=1.2e-02, ⟨Jf⟩=1.3e-03, ⟨B·n⟩=8.4e-03, Len=sum([4.8, 4.6, 4.2])=13.5, ϰ=[4.8, 5.3, 4.7], ∫ϰ²/L>=[4.8, 6.2, 6.3], C-C-Sep=0.20, ║∇J║=1.2e-03
-----On 8/20 Initial Guess Perturbations
Iteration 2907/4500-----
J=1.2e-02, ⟨Jf⟩=1.3e-03, ⟨B·n⟩=8.4e-03, Len=sum([4.8, 4.6, 4.2])=13.5, ϰ=[4.8, 5.3, 4.7], ∫ϰ²/L>=[4.8, 6.2, 6.3], C-C-Sep=0.20, ║∇J║=1.5e-03
-----On 8/20 Initial Guess Perturbations
Iteration 2908/4500-----
J=1.2e-02, ⟨Jf⟩=1.3e-03, ⟨B·n⟩=8.4e-03, Len=sum([4.8, 4.6, 4.2])=13.5, ϰ=[4.8, 5.3, 4.7], ∫ϰ²/L>=[4.8, 6.2, 6.3], C-C-Sep=0.20, ║∇J║=1.2e-03
-----On 8/20 Initial Guess Perturbations
Iteration 2909/4500-----
J=1.2e-02, ⟨Jf⟩=1.3e-03, ⟨B·n⟩=8.4e-03, Len=sum([4.8, 4.6, 4.2])=13.5, ϰ=[4.9, 5.3, 4.6], ∫ϰ²/L>=[4.8, 6.2, 6.3], C-C-Sep=0.20, ║∇J║=1.5e-03
-----On 8/20 Initial Guess Perturbations
Iteration 2910/4500-----
J=1.2e-02, ⟨Jf⟩=1.3e-03, ⟨B·n⟩=8.4e-03, Len=sum([4.8, 4.6, 4.2])=13.5, ϰ=[4.9, 5.3, 4.6], ∫ϰ²/L>=[4.8, 6.2, 6.3], C-C-Sep=0.20, ║∇J║=1.3e-03
-----On 8/20 Initial Guess Perturbations
Iteration 2911/4500-----
J=1.2e-02, ⟨Jf⟩=1.3e-03, ⟨B·n⟩=8.4e-03, Len=sum([4.8, 4.6, 4.2])=13.5, ϰ=[4.9, 5.3, 4.6], ∫ϰ²/L>=[4.8, 6.2, 6.3], C-C-Sep=0.20, ║∇J║=1.3e-03
-----On 8/20 Initial Guess Perturbations
Iteration 2912/4500-----
J=1.2e-02, ⟨Jf⟩=1.3e-03, ⟨B·n⟩=8.4e-03, Len=sum([4.8, 4.6, 4.2])=13.5, ϰ=[4.8, 5.3, 4.6], ∫ϰ²/L>=[4.8, 6.2, 6.3], C-C-Sep=0.20, ║∇J║=1.3e-03
-----On 8/20 Initial Guess Perturbations
Iteration 2913/4500-----
J=1.2e-02, ⟨Jf⟩=1.3e-03, ⟨B·n⟩=8.4e-03, Len=sum([4.8, 4.6, 4.2])=13.5, ϰ=[4.8, 5.3, 4.6], ∫ϰ²/L>=[4.8, 6.2, 6.3], C-C-Sep=0.20, ║∇J║=1.3e-03
-----On 8/20 Initial Guess Perturbations
Iteration 2914/4500-----
J=1.2e-02, ⟨Jf⟩=1.3e-03, ⟨B·n⟩=8.4e-03, Len=sum([4.8, 4.6, 4.2])=13.5, ϰ=[4.8, 5.3, 4.6], ∫ϰ²/L>=[4.8, 6.2, 6.3], C-C-Sep=0.20, ║∇J║=1.1e-03
-----On 8/20 Initial Guess Perturbations
Iteration 2915/4500-----
J=1.2e-02, ⟨Jf⟩=1.3e-03, ⟨B·n⟩=8.4e-03, Len=sum([4.8, 4.6, 4.2])=13.5, ϰ=[4.9, 5.3, 4.5], ∫ϰ²/L>=[4.8, 6.2, 6.3], C-C-Sep=0.20, ║∇J║=1.1e-03
-----On 8/20 Initial Guess Perturbations
Iteration 2916/4500-----
J=1.2e-02, ⟨Jf⟩=1.3e-03, ⟨B·n⟩=8.4e-03, Len=sum([4.8, 4.6, 4.2])=13.5, ϰ=[4.9, 5.3, 4.5], ∫ϰ²/L>=[4.8, 6.2, 6.3], C-C-Sep=0.20, ║∇J║=1.2e-03
-----On 8/20 Initial Guess Perturbations
Iteration 2917/4500-----
J=1.2e-02, ⟨Jf⟩=1.3e-03, ⟨B·n⟩=8.4e-03, Len=sum([4.8, 4.6, 4.2])=13.5, ϰ=[4.9, 5.3, 4.6], ∫ϰ²/L>=[4.8, 6.2, 6.3], C-C-Sep=0.20, ║∇J║=1.3e-03
-----On 8/20 Initial Guess Perturbations
Iteration 2918/4500-----
J=1.2e-02, ⟨Jf⟩=1.3e-03, ⟨B·n⟩=8.4e-03, Len=sum([4.8, 4.6, 4.2])=13.5, ϰ=[4.8, 5.3, 4.5], ∫ϰ²/L>=[4.8, 6.2, 6.3], C-C-Sep=0.20, ║∇J║=1.1e-03
-----On 8/20 Initial Guess Perturbations
Iteration 2919/4500-----
J=1.2e-02, ⟨Jf⟩=1.3e-03, ⟨B·n⟩=8.4e-03, Len=sum([4.8, 4.6, 4.2])=13.5, ϰ=[4.8, 5.3, 4.5], ∫ϰ²/L>=[4.8, 6.2, 6.3], C-C-Sep=0.20, ║∇J║=1.2e-03
-----On 8/20 Initial Guess Perturbations
Iteration 2920/4500-----
J=1.2e-02, ⟨Jf⟩=1.3e-03, ⟨B·n⟩=8.4e-03, Len=sum([4.8, 4.6, 4.2])=13.5, ϰ=[4.8, 5.3, 4.5], ∫ϰ²/L>=[4.8, 6.2, 6.3], C-C-Sep=0.20, ║∇J║=1.0e-03
-----On 8/20 Initial Guess Perturbations
Iteration 2921/4500-----
J=1.2e-02, ⟨Jf⟩=1.3e-03, ⟨B·n⟩=8.4e-03, Len=sum([4.8, 4.6, 4.2])=13.5, ϰ=[4.9, 5.3, 4.5], ∫ϰ²/L>=[4.8, 6.2, 6.3], C-C-Sep=0.20, ║∇J║=1.0e-03
-----On 8/20 Initial Guess Perturbations
Iteration 2922/4500-----
J=1.2e-02, ⟨Jf⟩=1.3e-03, ⟨B·n⟩=8.4e-03, Len=sum([4.8, 4.6, 4.2])=13.5, ϰ=[4.9, 5.3, 4.5], ∫ϰ²/L>=[4.8, 6.2, 6.3], C-C-Sep=0.20, ║∇J║=1.2e-03
-----On 8/20 Initial Guess Perturbations
Iteration 2923/4500-----
J=1.2e-02, ⟨Jf⟩=1.3e-03, ⟨B·n⟩=8.4e-03, Len=sum([4.8, 4.6, 4.2])=13.5, ϰ=[4.9, 5.3, 4.6], ∫ϰ²/L>=[4.8, 6.2, 6.3], C-C-Sep=0.20, ║∇J║=1.3e-03
-----On 8/20 Initial Guess Perturbations
Iteration 2924/4500-----
J=1.2e-02, ⟨Jf⟩=1.3e-03, ⟨B·n⟩=8.4e-03, Len=sum([4.8, 4.6, 4.2])=13.5, ϰ=[4.8, 5.3, 4.6], ∫ϰ²/L>=[4.8, 6.2, 6.3], C-C-Sep=0.20, ║∇J║=8.3e-04
-----On 8/20 Initial Guess Perturbations
Iteration 2925/4500-----
J=1.2e-02, ⟨Jf⟩=1.3e-03, ⟨B·n⟩=8.4e-03, Len=sum([4.8, 4.6, 4.2])=13.5, ϰ=[4.8, 5.3, 4.6], ∫ϰ²/L>=[4.8, 6.2, 6.3], C-C-Sep=0.20, ║∇J║=9.6e-04
-----On 8/20 Initial Guess Perturbations
Iteration 2926/4500-----
J=1.2e-02, ⟨Jf⟩=1.3e-03, ⟨B·n⟩=8.4e-03, Len=sum([4.8, 4.6, 4.2])=13.5, ϰ=[4.8, 5.3, 4.6], ∫ϰ²/L>=[4.8, 6.2, 6.3], C-C-Sep=0.20, ║∇J║=1.0e-03
-----On 8/20 Initial Guess Perturbations
Iteration 2927/4500-----
J=1.2e-02, ⟨Jf⟩=1.3e-03, ⟨B·n⟩=8.4e-03, Len=sum([4.8, 4.6, 4.2])=13.5, ϰ=[4.8, 5.3, 4.6], ∫ϰ²/L>=[4.8, 6.2, 6.3], C-C-Sep=0.20, ║∇J║=1.2e-03
-----On 8/20 Initial Guess Perturbations
Iteration 2928/4500-----
J=1.2e-02, ⟨Jf⟩=1.3e-03, ⟨B·n⟩=8.4e-03, Len=sum([4.8, 4.6, 4.2])=13.5, ϰ=[4.8, 5.3, 4.6], ∫ϰ²/L>=[4.8, 6.2, 6.3], C-C-Sep=0.20, ║∇J║=9.8e-04
-----On 8/20 Initial Guess Perturbations
Iteration 2929/4500-----
J=1.2e-02, ⟨Jf⟩=1.3e-03, ⟨B·n⟩=8.4e-03, Len=sum([4.8, 4.6, 4.2])=13.5, ϰ=[4.8, 5.3, 4.6], ∫ϰ²/L>=[4.8, 6.1, 6.3], C-C-Sep=0.20, ║∇J║=9.2e-04
-----On 8/20 Initial Guess Perturbations
Iteration 2930/4500-----
J=1.2e-02, ⟨Jf⟩=1.3e-03, ⟨B·n⟩=8.4e-03, Len=sum([4.8, 4.6, 4.2])=13.5, ϰ=[4.9, 5.2, 4.6], ∫ϰ²/L>=[4.8, 6.1, 6.3], C-C-Sep=0.20, ║∇J║=1.0e-03
-----On 8/20 Initial Guess Perturbations
Iteration 2931/4500-----
J=1.2e-02, ⟨Jf⟩=1.3e-03, ⟨B·n⟩=8.4e-03, Len=sum([4.8, 4.6, 4.2])=13.5, ϰ=[4.9, 5.2, 4.6], ∫ϰ²/L>=[4.8, 6.1, 6.3], C-C-Sep=0.20, ║∇J║=9.5e-04
-----On 8/20 Initial Guess Perturbations
Iteration 2932/4500-----
J=1.2e-02, ⟨Jf⟩=1.3e-03, ⟨B·n⟩=8.4e-03, Len=sum([4.8, 4.6, 4.2])=13.5, ϰ=[4.9, 5.2, 4.6], ∫ϰ²/L>=[4.8, 6.1, 6.3], C-C-Sep=0.20, ║∇J║=1.4e-03
-----On 8/20 Initial Guess Perturbations
Iteration 2933/4500-----
J=1.2e-02, ⟨Jf⟩=1.3e-03, ⟨B·n⟩=8.4e-03, Len=sum([4.8, 4.6, 4.2])=13.5, ϰ=[4.9, 5.2, 4.6], ∫ϰ²/L>=[4.8, 6.1, 6.3], C-C-Sep=0.20, ║∇J║=1.0e-03
-----On 8/20 Initial Guess Perturbations
Iteration 2934/4500-----
J=1.2e-02, ⟨Jf⟩=1.3e-03, ⟨B·n⟩=8.4e-03, Len=sum([4.8, 4.6, 4.2])=13.5, ϰ=[4.9, 5.2, 4.6], ∫ϰ²/L>=[4.8, 6.1, 6.3], C-C-Sep=0.20, ║∇J║=9.4e-04
-----On 8/20 Initial Guess Perturbations
Iteration 2935/4500-----
J=1.2e-02, ⟨Jf⟩=1.3e-03, ⟨B·n⟩=8.4e-03, Len=sum([4.8, 4.6, 4.2])=13.5, ϰ=[4.9, 5.2, 4.6], ∫ϰ²/L>=[4.8, 6.1, 6.3], C-C-Sep=0.20, ║∇J║=1.2e-03
-----On 8/20 Initial Guess Perturbations
Iteration 2936/4500-----
J=1.2e-02, ⟨Jf⟩=1.3e-03, ⟨B·n⟩=8.4e-03, Len=sum([4.8, 4.6, 4.2])=13.5, ϰ=[4.9, 5.2, 4.6], ∫ϰ²/L>=[4.8, 6.1, 6.3], C-C-Sep=0.20, ║∇J║=1.0e-03
-----On 8/20 Initial Guess Perturbations
Iteration 2937/4500-----
J=1.2e-02, ⟨Jf⟩=1.3e-03, ⟨B·n⟩=8.4e-03, Len=sum([4.8, 4.6, 4.2])=13.5, ϰ=[4.9, 5.2, 4.6], ∫ϰ²/L>=[4.8, 6.1, 6.3], C-C-Sep=0.20, ║∇J║=1.0e-03
-----On 8/20 Initial Guess Perturbations
Iteration 2938/4500-----
J=1.2e-02, ⟨Jf⟩=1.3e-03, ⟨B·n⟩=8.4e-03, Len=sum([4.8, 4.6, 4.2])=13.5, ϰ=[4.9, 5.2, 4.6], ∫ϰ²/L>=[4.8, 6.1, 6.3], C-C-Sep=0.20, ║∇J║=1.2e-03
-----On 8/20 Initial Guess Perturbations
Iteration 2939/4500-----
J=1.2e-02, ⟨Jf⟩=1.3e-03, ⟨B·n⟩=8.4e-03, Len=sum([4.8, 4.6, 4.2])=13.5, ϰ=[4.9, 5.2, 4.6], ∫ϰ²/L>=[4.8, 6.1, 6.3], C-C-Sep=0.20, ║∇J║=1.2e-03
-----On 8/20 Initial Guess Perturbations
Iteration 2940/4500-----
J=1.2e-02, ⟨Jf⟩=1.3e-03, ⟨B·n⟩=8.4e-03, Len=sum([4.8, 4.6, 4.2])=13.5, ϰ=[4.9, 5.2, 4.6], ∫ϰ²/L>=[4.8, 6.1, 6.3], C-C-Sep=0.20, ║∇J║=1.2e-03
-----On 8/20 Initial Guess Perturbations
Iteration 2941/4500-----
J=1.2e-02, ⟨Jf⟩=1.3e-03, ⟨B·n⟩=8.4e-03, Len=sum([4.8, 4.6, 4.2])=13.5, ϰ=[4.9, 5.2, 4.6], ∫ϰ²/L>=[4.8, 6.1, 6.3], C-C-Sep=0.20, ║∇J║=1.0e-03
-----On 8/20 Initial Guess Perturbations
Iteration 2942/4500-----
J=1.2e-02, ⟨Jf⟩=1.3e-03, ⟨B·n⟩=8.4e-03, Len=sum([4.8, 4.6, 4.2])=13.5, ϰ=[4.9, 5.3, 4.6], ∫ϰ²/L>=[4.8, 6.1, 6.3], C-C-Sep=0.20, ║∇J║=1.1e-03
-----On 8/20 Initial Guess Perturbations
Iteration 2943/4500-----
J=1.2e-02, ⟨Jf⟩=1.3e-03, ⟨B·n⟩=8.4e-03, Len=sum([4.8, 4.6, 4.2])=13.5, ϰ=[4.9, 5.3, 4.6], ∫ϰ²/L>=[4.8, 6.1, 6.3], C-C-Sep=0.20, ║∇J║=7.5e-04
-----On 8/20 Initial Guess Perturbations
Iteration 2944/4500-----
J=1.2e-02, ⟨Jf⟩=1.3e-03, ⟨B·n⟩=8.4e-03, Len=sum([4.8, 4.6, 4.2])=13.5, ϰ=[4.9, 5.3, 4.6], ∫ϰ²/L>=[4.8, 6.1, 6.3], C-C-Sep=0.20, ║∇J║=1.0e-03
-----On 8/20 Initial Guess Perturbations
Iteration 2945/4500-----
J=1.2e-02, ⟨Jf⟩=1.3e-03, ⟨B·n⟩=8.4e-03, Len=sum([4.8, 4.6, 4.2])=13.5, ϰ=[4.9, 5.3, 4.5], ∫ϰ²/L>=[4.8, 6.1, 6.3], C-C-Sep=0.20, ║∇J║=1.1e-03
-----On 8/20 Initial Guess Perturbations
Iteration 2946/4500-----
J=1.2e-02, ⟨Jf⟩=1.3e-03, ⟨B·n⟩=8.4e-03, Len=sum([4.8, 4.6, 4.2])=13.5, ϰ=[4.9, 5.3, 4.5], ∫ϰ²/L>=[4.8, 6.1, 6.3], C-C-Sep=0.20, ║∇J║=9.9e-04
-----On 8/20 Initial Guess Perturbations
Iteration 2947/4500-----
J=1.2e-02, ⟨Jf⟩=1.3e-03, ⟨B·n⟩=8.4e-03, Len=sum([4.8, 4.6, 4.2])=13.5, ϰ=[4.9, 5.3, 4.6], ∫ϰ²/L>=[4.8, 6.1, 6.3], C-C-Sep=0.20, ║∇J║=1.0e-03
-----On 8/20 Initial Guess Perturbations
Iteration 2948/4500-----
J=1.2e-02, ⟨Jf⟩=1.3e-03, ⟨B·n⟩=8.4e-03, Len=sum([4.8, 4.6, 4.2])=13.5, ϰ=[4.9, 5.3, 4.6], ∫ϰ²/L>=[4.8, 6.1, 6.3], C-C-Sep=0.20, ║∇J║=9.3e-04
-----On 8/20 Initial Guess Perturbations
Iteration 2949/4500-----
J=1.2e-02, ⟨Jf⟩=1.3e-03, ⟨B·n⟩=8.4e-03, Len=sum([4.8, 4.6, 4.2])=13.5, ϰ=[4.9, 5.3, 4.6], ∫ϰ²/L>=[4.8, 6.1, 6.3], C-C-Sep=0.20, ║∇J║=1.2e-03
-----On 8/20 Initial Guess Perturbations
Iteration 2950/4500-----
J=1.2e-02, ⟨Jf⟩=1.3e-03, ⟨B·n⟩=8.4e-03, Len=sum([4.8, 4.6, 4.2])=13.5, ϰ=[4.9, 5.2, 4.6], ∫ϰ²/L>=[4.8, 6.1, 6.3], C-C-Sep=0.20, ║∇J║=1.0e-03
-----On 8/20 Initial Guess Perturbations
Iteration 2951/4500-----
J=1.2e-02, ⟨Jf⟩=1.3e-03, ⟨B·n⟩=8.4e-03, Len=sum([4.8, 4.6, 4.2])=13.5, ϰ=[4.9, 5.2, 4.6], ∫ϰ²/L>=[4.8, 6.1, 6.3], C-C-Sep=0.20, ║∇J║=9.3e-04
-----On 8/20 Initial Guess Perturbations
Iteration 2952/4500-----
J=1.2e-02, ⟨Jf⟩=1.3e-03, ⟨B·n⟩=8.4e-03, Len=sum([4.8, 4.6, 4.2])=13.5, ϰ=[4.9, 5.2, 4.6], ∫ϰ²/L>=[4.8, 6.1, 6.3], C-C-Sep=0.20, ║∇J║=1.1e-03
-----On 8/20 Initial Guess Perturbations
Iteration 2953/4500-----
J=1.2e-02, ⟨Jf⟩=1.3e-03, ⟨B·n⟩=8.4e-03, Len=sum([4.8, 4.6, 4.2])=13.5, ϰ=[4.9, 5.2, 4.6], ∫ϰ²/L>=[4.8, 6.1, 6.3], C-C-Sep=0.20, ║∇J║=1.0e-03
-----On 8/20 Initial Guess Perturbations
Iteration 2954/4500-----
J=1.2e-02, ⟨Jf⟩=1.3e-03, ⟨B·n⟩=8.4e-03, Len=sum([4.8, 4.6, 4.2])=13.5, ϰ=[4.9, 5.2, 4.6], ∫ϰ²/L>=[4.8, 6.1, 6.3], C-C-Sep=0.20, ║∇J║=9.6e-04
-----On 8/20 Initial Guess Perturbations
Iteration 2955/4500-----
J=1.2e-02, ⟨Jf⟩=1.3e-03, ⟨B·n⟩=8.4e-03, Len=sum([4.8, 4.6, 4.2])=13.5, ϰ=[4.9, 5.2, 4.6], ∫ϰ²/L>=[4.8, 6.1, 6.3], C-C-Sep=0.20, ║∇J║=1.2e-03
-----On 8/20 Initial Guess Perturbations
Iteration 2956/4500-----
J=1.2e-02, ⟨Jf⟩=1.3e-03, ⟨B·n⟩=8.4e-03, Len=sum([4.8, 4.6, 4.2])=13.5, ϰ=[4.9, 5.2, 4.6], ∫ϰ²/L>=[4.8, 6.1, 6.3], C-C-Sep=0.20, ║∇J║=8.8e-04
-----On 8/20 Initial Guess Perturbations
Iteration 2957/4500-----
J=1.2e-02, ⟨Jf⟩=1.3e-03, ⟨B·n⟩=8.4e-03, Len=sum([4.8, 4.6, 4.2])=13.5, ϰ=[4.9, 5.2, 4.6], ∫ϰ²/L>=[4.8, 6.1, 6.3], C-C-Sep=0.20, ║∇J║=8.5e-04
-----On 8/20 Initial Guess Perturbations
Iteration 2958/4500-----
J=1.2e-02, ⟨Jf⟩=1.3e-03, ⟨B·n⟩=8.4e-03, Len=sum([4.8, 4.6, 4.2])=13.5, ϰ=[4.9, 5.2, 4.6], ∫ϰ²/L>=[4.8, 6.1, 6.3], C-C-Sep=0.20, ║∇J║=7.6e-04
-----On 8/20 Initial Guess Perturbations
Iteration 2959/4500-----
J=1.2e-02, ⟨Jf⟩=1.3e-03, ⟨B·n⟩=8.4e-03, Len=sum([4.8, 4.6, 4.2])=13.5, ϰ=[4.9, 5.2, 4.6], ∫ϰ²/L>=[4.8, 6.1, 6.3], C-C-Sep=0.20, ║∇J║=9.7e-04
-----On 8/20 Initial Guess Perturbations
Iteration 2960/4500-----
J=1.2e-02, ⟨Jf⟩=1.3e-03, ⟨B·n⟩=8.4e-03, Len=sum([4.8, 4.6, 4.2])=13.5, ϰ=[4.9, 5.2, 4.6], ∫ϰ²/L>=[4.8, 6.1, 6.3], C-C-Sep=0.20, ║∇J║=1.1e-03
-----On 8/20 Initial Guess Perturbations
Iteration 2961/4500-----
J=1.2e-02, ⟨Jf⟩=1.3e-03, ⟨B·n⟩=8.4e-03, Len=sum([4.8, 4.6, 4.2])=13.5, ϰ=[4.9, 5.2, 4.6], ∫ϰ²/L>=[4.8, 6.1, 6.3], C-C-Sep=0.20, ║∇J║=1.0e-03
-----On 8/20 Initial Guess Perturbations
Iteration 2962/4500-----
J=1.2e-02, ⟨Jf⟩=1.3e-03, ⟨B·n⟩=8.4e-03, Len=sum([4.8, 4.6, 4.2])=13.5, ϰ=[4.9, 5.2, 4.6], ∫ϰ²/L>=[4.8, 6.1, 6.3], C-C-Sep=0.20, ║∇J║=9.6e-04
-----On 8/20 Initial Guess Perturbations
Iteration 2963/4500-----
J=1.2e-02, ⟨Jf⟩=1.3e-03, ⟨B·n⟩=8.4e-03, Len=sum([4.8, 4.6, 4.2])=13.5, ϰ=[4.9, 5.2, 4.6], ∫ϰ²/L>=[4.8, 6.1, 6.3], C-C-Sep=0.20, ║∇J║=8.5e-04
-----On 8/20 Initial Guess Perturbations
Iteration 2964/4500-----
J=1.2e-02, ⟨Jf⟩=1.3e-03, ⟨B·n⟩=8.4e-03, Len=sum([4.8, 4.6, 4.2])=13.5, ϰ=[4.9, 5.2, 4.6], ∫ϰ²/L>=[4.8, 6.1, 6.3], C-C-Sep=0.20, ║∇J║=8.1e-04
-----On 8/20 Initial Guess Perturbations
Iteration 2965/4500-----
J=1.2e-02, ⟨Jf⟩=1.3e-03, ⟨B·n⟩=8.4e-03, Len=sum([4.8, 4.6, 4.2])=13.5, ϰ=[4.9, 5.2, 4.6], ∫ϰ²/L>=[4.8, 6.1, 6.3], C-C-Sep=0.20, ║∇J║=9.1e-04
-----On 8/20 Initial Guess Perturbations
Iteration 2966/4500-----
J=1.2e-02, ⟨Jf⟩=1.3e-03, ⟨B·n⟩=8.4e-03, Len=sum([4.8, 4.6, 4.2])=13.5, ϰ=[4.9, 5.2, 4.6], ∫ϰ²/L>=[4.8, 6.1, 6.3], C-C-Sep=0.20, ║∇J║=8.0e-04
-----On 8/20 Initial Guess Perturbations
Iteration 2967/4500-----
J=1.2e-02, ⟨Jf⟩=1.3e-03, ⟨B·n⟩=8.4e-03, Len=sum([4.8, 4.6, 4.2])=13.5, ϰ=[4.9, 5.3, 4.6], ∫ϰ²/L>=[4.8, 6.1, 6.3], C-C-Sep=0.20, ║∇J║=1.0e-03
-----On 8/20 Initial Guess Perturbations
Iteration 2968/4500-----
J=1.2e-02, ⟨Jf⟩=1.3e-03, ⟨B·n⟩=8.4e-03, Len=sum([4.8, 4.6, 4.2])=13.5, ϰ=[4.8, 5.3, 4.6], ∫ϰ²/L>=[4.8, 6.1, 6.3], C-C-Sep=0.20, ║∇J║=8.4e-04
-----On 8/20 Initial Guess Perturbations
Iteration 2969/4500-----
J=1.2e-02, ⟨Jf⟩=1.3e-03, ⟨B·n⟩=8.4e-03, Len=sum([4.8, 4.6, 4.2])=13.5, ϰ=[4.8, 5.3, 4.6], ∫ϰ²/L>=[4.8, 6.1, 6.3], C-C-Sep=0.20, ║∇J║=8.0e-04
-----On 8/20 Initial Guess Perturbations
Iteration 2970/4500-----
J=1.2e-02, ⟨Jf⟩=1.3e-03, ⟨B·n⟩=8.4e-03, Len=sum([4.8, 4.6, 4.2])=13.5, ϰ=[4.8, 5.3, 4.6], ∫ϰ²/L>=[4.8, 6.1, 6.3], C-C-Sep=0.20, ║∇J║=7.5e-04
-----On 8/20 Initial Guess Perturbations
Iteration 2971/4500-----
J=1.2e-02, ⟨Jf⟩=1.3e-03, ⟨B·n⟩=8.4e-03, Len=sum([4.8, 4.6, 4.2])=13.5, ϰ=[4.8, 5.3, 4.6], ∫ϰ²/L>=[4.8, 6.1, 6.3], C-C-Sep=0.20, ║∇J║=8.6e-04
-----On 8/20 Initial Guess Perturbations
Iteration 2972/4500-----
J=1.2e-02, ⟨Jf⟩=1.3e-03, ⟨B·n⟩=8.4e-03, Len=sum([4.8, 4.6, 4.2])=13.5, ϰ=[4.8, 5.3, 4.6], ∫ϰ²/L>=[4.8, 6.1, 6.3], C-C-Sep=0.20, ║∇J║=9.8e-04
-----On 8/20 Initial Guess Perturbations
Iteration 2973/4500-----
J=1.2e-02, ⟨Jf⟩=1.3e-03, ⟨B·n⟩=8.4e-03, Len=sum([4.8, 4.6, 4.2])=13.5, ϰ=[4.8, 5.3, 4.6], ∫ϰ²/L>=[4.8, 6.1, 6.3], C-C-Sep=0.20, ║∇J║=1.4e-03
-----On 8/20 Initial Guess Perturbations
Iteration 2974/4500-----
J=1.2e-02, ⟨Jf⟩=1.3e-03, ⟨B·n⟩=8.4e-03, Len=sum([4.8, 4.6, 4.2])=13.5, ϰ=[4.8, 5.3, 4.6], ∫ϰ²/L>=[4.8, 6.1, 6.3], C-C-Sep=0.20, ║∇J║=1.5e-03
-----On 8/20 Initial Guess Perturbations
Iteration 2975/4500-----
J=1.2e-02, ⟨Jf⟩=1.3e-03, ⟨B·n⟩=8.4e-03, Len=sum([4.8, 4.6, 4.2])=13.5, ϰ=[4.8, 5.3, 4.6], ∫ϰ²/L>=[4.8, 6.1, 6.3], C-C-Sep=0.20, ║∇J║=9.2e-04
-----On 8/20 Initial Guess Perturbations
Iteration 2976/4500-----
J=1.2e-02, ⟨Jf⟩=1.3e-03, ⟨B·n⟩=8.4e-03, Len=sum([4.8, 4.6, 4.2])=13.5, ϰ=[4.8, 5.3, 4.6], ∫ϰ²/L>=[4.8, 6.1, 6.3], C-C-Sep=0.20, ║∇J║=7.7e-04
-----On 8/20 Initial Guess Perturbations
Iteration 2977/4500-----
J=1.2e-02, ⟨Jf⟩=1.3e-03, ⟨B·n⟩=8.4e-03, Len=sum([4.8, 4.6, 4.2])=13.5, ϰ=[4.8, 5.3, 4.6], ∫ϰ²/L>=[4.8, 6.1, 6.3], C-C-Sep=0.20, ║∇J║=9.2e-04
-----On 8/20 Initial Guess Perturbations
Iteration 2978/4500-----
J=1.2e-02, ⟨Jf⟩=1.3e-03, ⟨B·n⟩=8.4e-03, Len=sum([4.8, 4.6, 4.2])=13.5, ϰ=[4.8, 5.3, 4.6], ∫ϰ²/L>=[4.8, 6.1, 6.3], C-C-Sep=0.20, ║∇J║=1.1e-03
-----On 8/20 Initial Guess Perturbations
Iteration 2979/4500-----
J=1.2e-02, ⟨Jf⟩=1.3e-03, ⟨B·n⟩=8.4e-03, Len=sum([4.8, 4.6, 4.2])=13.5, ϰ=[4.8, 5.2, 4.6], ∫ϰ²/L>=[4.8, 6.1, 6.3], C-C-Sep=0.20, ║∇J║=9.2e-04
-----On 8/20 Initial Guess Perturbations
Iteration 2980/4500-----
J=1.2e-02, ⟨Jf⟩=1.3e-03, ⟨B·n⟩=8.4e-03, Len=sum([4.8, 4.6, 4.2])=13.5, ϰ=[4.8, 5.2, 4.6], ∫ϰ²/L>=[4.8, 6.1, 6.3], C-C-Sep=0.20, ║∇J║=1.1e-03
-----On 8/20 Initial Guess Perturbations
Iteration 2981/4500-----
J=1.2e-02, ⟨Jf⟩=1.3e-03, ⟨B·n⟩=8.4e-03, Len=sum([4.8, 4.6, 4.2])=13.5, ϰ=[4.8, 5.2, 4.6], ∫ϰ²/L>=[4.8, 6.1, 6.3], C-C-Sep=0.20, ║∇J║=1.1e-03
-----On 8/20 Initial Guess Perturbations
Iteration 2982/4500-----
J=1.2e-02, ⟨Jf⟩=1.3e-03, ⟨B·n⟩=8.4e-03, Len=sum([4.8, 4.6, 4.2])=13.5, ϰ=[4.8, 5.2, 4.6], ∫ϰ²/L>=[4.8, 6.1, 6.3], C-C-Sep=0.20, ║∇J║=1.1e-03
-----On 8/20 Initial Guess Perturbations
Iteration 2983/4500-----
J=1.2e-02, ⟨Jf⟩=1.3e-03, ⟨B·n⟩=8.4e-03, Len=sum([4.8, 4.6, 4.2])=13.5, ϰ=[4.9, 5.2, 4.6], ∫ϰ²/L>=[4.8, 6.1, 6.3], C-C-Sep=0.20, ║∇J║=1.1e-03
-----On 8/20 Initial Guess Perturbations
Iteration 2984/4500-----
J=1.2e-02, ⟨Jf⟩=1.3e-03, ⟨B·n⟩=8.4e-03, Len=sum([4.8, 4.6, 4.2])=13.5, ϰ=[4.9, 5.2, 4.6], ∫ϰ²/L>=[4.8, 6.1, 6.3], C-C-Sep=0.20, ║∇J║=1.2e-03
-----On 8/20 Initial Guess Perturbations
Iteration 2985/4500-----
J=1.2e-02, ⟨Jf⟩=1.3e-03, ⟨B·n⟩=8.4e-03, Len=sum([4.8, 4.6, 4.2])=13.5, ϰ=[4.9, 5.2, 4.6], ∫ϰ²/L>=[4.8, 6.1, 6.3], C-C-Sep=0.20, ║∇J║=9.6e-04
-----On 8/20 Initial Guess Perturbations
Iteration 2986/4500-----
J=1.2e-02, ⟨Jf⟩=1.3e-03, ⟨B·n⟩=8.4e-03, Len=sum([4.8, 4.6, 4.2])=13.5, ϰ=[4.9, 5.2, 4.6], ∫ϰ²/L>=[4.8, 6.1, 6.3], C-C-Sep=0.20, ║∇J║=9.6e-04
-----On 8/20 Initial Guess Perturbations
Iteration 2987/4500-----
J=1.2e-02, ⟨Jf⟩=1.3e-03, ⟨B·n⟩=8.4e-03, Len=sum([4.8, 4.6, 4.2])=13.5, ϰ=[4.9, 5.2, 4.6], ∫ϰ²/L>=[4.8, 6.1, 6.3], C-C-Sep=0.20, ║∇J║=9.6e-04
-----On 8/20 Initial Guess Perturbations
Iteration 2988/4500-----
J=1.2e-02, ⟨Jf⟩=1.3e-03, ⟨B·n⟩=8.4e-03, Len=sum([4.8, 4.6, 4.2])=13.5, ϰ=[4.9, 5.2, 4.6], ∫ϰ²/L>=[4.8, 6.1, 6.3], C-C-Sep=0.20, ║∇J║=1.1e-03
-----On 8/20 Initial Guess Perturbations
Iteration 2989/4500-----
J=1.2e-02, ⟨Jf⟩=1.3e-03, ⟨B·n⟩=8.4e-03, Len=sum([4.8, 4.6, 4.2])=13.5, ϰ=[4.9, 5.2, 4.6], ∫ϰ²/L>=[4.8, 6.1, 6.3], C-C-Sep=0.20, ║∇J║=1.1e-03
-----On 8/20 Initial Guess Perturbations
Iteration 2990/4500-----
J=1.2e-02, ⟨Jf⟩=1.3e-03, ⟨B·n⟩=8.4e-03, Len=sum([4.8, 4.6, 4.2])=13.5, ϰ=[4.9, 5.2, 4.6], ∫ϰ²/L>=[4.8, 6.1, 6.3], C-C-Sep=0.20, ║∇J║=9.4e-04
-----On 8/20 Initial Guess Perturbations
Iteration 2991/4500-----
J=1.2e-02, ⟨Jf⟩=1.3e-03, ⟨B·n⟩=8.4e-03, Len=sum([4.8, 4.6, 4.2])=13.5, ϰ=[4.9, 5.2, 4.6], ∫ϰ²/L>=[4.8, 6.1, 6.3], C-C-Sep=0.20, ║∇J║=9.6e-04
-----On 8/20 Initial Guess Perturbations
Iteration 2992/4500-----
J=1.2e-02, ⟨Jf⟩=1.3e-03, ⟨B·n⟩=8.4e-03, Len=sum([4.8, 4.6, 4.2])=13.5, ϰ=[4.9, 5.2, 4.6], ∫ϰ²/L>=[4.8, 6.1, 6.3], C-C-Sep=0.20, ║∇J║=9.8e-04
-----On 8/20 Initial Guess Perturbations
Iteration 2993/4500-----
J=1.2e-02, ⟨Jf⟩=1.3e-03, ⟨B·n⟩=8.4e-03, Len=sum([4.8, 4.6, 4.2])=13.5, ϰ=[4.9, 5.2, 4.6], ∫ϰ²/L>=[4.8, 6.1, 6.3], C-C-Sep=0.20, ║∇J║=7.9e-04
-----On 8/20 Initial Guess Perturbations
Iteration 2994/4500-----
J=1.2e-02, ⟨Jf⟩=1.3e-03, ⟨B·n⟩=8.4e-03, Len=sum([4.8, 4.6, 4.2])=13.5, ϰ=[4.9, 5.2, 4.6], ∫ϰ²/L>=[4.8, 6.1, 6.3], C-C-Sep=0.20, ║∇J║=9.2e-04
-----On 8/20 Initial Guess Perturbations
Iteration 2995/4500-----
J=1.2e-02, ⟨Jf⟩=1.3e-03, ⟨B·n⟩=8.4e-03, Len=sum([4.8, 4.6, 4.2])=13.5, ϰ=[4.9, 5.3, 4.6], ∫ϰ²/L>=[4.8, 6.1, 6.3], C-C-Sep=0.20, ║∇J║=8.7e-04
-----On 8/20 Initial Guess Perturbations
Iteration 2996/4500-----
J=1.2e-02, ⟨Jf⟩=1.3e-03, ⟨B·n⟩=8.4e-03, Len=sum([4.8, 4.6, 4.2])=13.5, ϰ=[4.9, 5.3, 4.6], ∫ϰ²/L>=[4.8, 6.1, 6.3], C-C-Sep=0.20, ║∇J║=9.4e-04
-----On 8/20 Initial Guess Perturbations
Iteration 2997/4500-----
J=1.2e-02, ⟨Jf⟩=1.3e-03, ⟨B·n⟩=8.4e-03, Len=sum([4.8, 4.6, 4.2])=13.5, ϰ=[4.9, 5.3, 4.6], ∫ϰ²/L>=[4.8, 6.1, 6.3], C-C-Sep=0.20, ║∇J║=9.9e-04
-----On 8/20 Initial Guess Perturbations
Iteration 2998/4500-----
J=1.2e-02, ⟨Jf⟩=1.3e-03, ⟨B·n⟩=8.4e-03, Len=sum([4.8, 4.6, 4.2])=13.5, ϰ=[4.9, 5.3, 4.6], ∫ϰ²/L>=[4.8, 6.1, 6.3], C-C-Sep=0.20, ║∇J║=1.2e-03
-----On 8/20 Initial Guess Perturbations
Iteration 2999/4500-----
J=1.2e-02, ⟨Jf⟩=1.3e-03, ⟨B·n⟩=8.4e-03, Len=sum([4.8, 4.6, 4.2])=13.5, ϰ=[4.9, 5.3, 4.6], ∫ϰ²/L>=[4.8, 6.2, 6.3], C-C-Sep=0.20, ║∇J║=1.0e-03
-----On 8/20 Initial Guess Perturbations
Iteration 3000/4500-----
J=1.2e-02, ⟨Jf⟩=1.3e-03, ⟨B·n⟩=8.4e-03, Len=sum([4.8, 4.6, 4.2])=13.5, ϰ=[4.9, 5.3, 4.6], ∫ϰ²/L>=[4.8, 6.2, 6.3], C-C-Sep=0.20, ║∇J║=1.1e-03
-----On 8/20 Initial Guess Perturbations
Iteration 3001/4500-----
J=1.2e-02, ⟨Jf⟩=1.3e-03, ⟨B·n⟩=8.4e-03, Len=sum([4.8, 4.6, 4.2])=13.5, ϰ=[4.9, 5.3, 4.6], ∫ϰ²/L>=[4.8, 6.2, 6.3], C-C-Sep=0.20, ║∇J║=8.8e-04
-----On 8/20 Initial Guess Perturbations
Iteration 3002/4500-----
J=1.2e-02, ⟨Jf⟩=1.3e-03, ⟨B·n⟩=8.4e-03, Len=sum([4.8, 4.6, 4.2])=13.5, ϰ=[4.9, 5.3, 4.6], ∫ϰ²/L>=[4.8, 6.2, 6.3], C-C-Sep=0.20, ║∇J║=8.5e-04
-----On 8/20 Initial Guess Perturbations
Iteration 3003/4500-----
J=1.2e-02, ⟨Jf⟩=1.3e-03, ⟨B·n⟩=8.4e-03, Len=sum([4.8, 4.6, 4.2])=13.5, ϰ=[5.0, 5.3, 4.6], ∫ϰ²/L>=[4.8, 6.2, 6.3], C-C-Sep=0.20, ║∇J║=9.8e-04
-----On 8/20 Initial Guess Perturbations
Iteration 3004/4500-----
J=1.2e-02, ⟨Jf⟩=1.3e-03, ⟨B·n⟩=8.4e-03, Len=sum([4.8, 4.6, 4.2])=13.5, ϰ=[5.0, 5.3, 4.6], ∫ϰ²/L>=[4.8, 6.2, 6.3], C-C-Sep=0.20, ║∇J║=9.4e-04
-----On 8/20 Initial Guess Perturbations
Iteration 3005/4500-----
J=1.2e-02, ⟨Jf⟩=1.3e-03, ⟨B·n⟩=8.4e-03, Len=sum([4.8, 4.6, 4.2])=13.5, ϰ=[5.0, 5.3, 4.6], ∫ϰ²/L>=[4.8, 6.2, 6.3], C-C-Sep=0.20, ║∇J║=1.0e-03
-----On 8/20 Initial Guess Perturbations
Iteration 3006/4500-----
J=1.2e-02, ⟨Jf⟩=1.3e-03, ⟨B·n⟩=8.4e-03, Len=sum([4.8, 4.6, 4.2])=13.5, ϰ=[5.0, 5.3, 4.6], ∫ϰ²/L>=[4.8, 6.1, 6.3], C-C-Sep=0.20, ║∇J║=1.3e-03
-----On 8/20 Initial Guess Perturbations
Iteration 3007/4500-----
J=1.2e-02, ⟨Jf⟩=1.3e-03, ⟨B·n⟩=8.4e-03, Len=sum([4.8, 4.6, 4.2])=13.5, ϰ=[5.0, 5.3, 4.6], ∫ϰ²/L>=[4.8, 6.1, 6.3], C-C-Sep=0.20, ║∇J║=1.1e-03
-----On 8/20 Initial Guess Perturbations
Iteration 3008/4500-----
J=1.2e-02, ⟨Jf⟩=1.3e-03, ⟨B·n⟩=8.4e-03, Len=sum([4.8, 4.6, 4.2])=13.5, ϰ=[5.0, 5.3, 4.6], ∫ϰ²/L>=[4.8, 6.1, 6.3], C-C-Sep=0.20, ║∇J║=1.1e-03
-----On 8/20 Initial Guess Perturbations
Iteration 3009/4500-----
J=1.2e-02, ⟨Jf⟩=1.3e-03, ⟨B·n⟩=8.4e-03, Len=sum([4.8, 4.6, 4.2])=13.5, ϰ=[5.0, 5.3, 4.6], ∫ϰ²/L>=[4.8, 6.1, 6.3], C-C-Sep=0.20, ║∇J║=7.7e-04
-----On 8/20 Initial Guess Perturbations
Iteration 3010/4500-----
J=1.2e-02, ⟨Jf⟩=1.3e-03, ⟨B·n⟩=8.4e-03, Len=sum([4.8, 4.6, 4.2])=13.5, ϰ=[5.0, 5.3, 4.6], ∫ϰ²/L>=[4.8, 6.1, 6.3], C-C-Sep=0.20, ║∇J║=9.0e-04
-----On 8/20 Initial Guess Perturbations
Iteration 3011/4500-----
J=1.2e-02, ⟨Jf⟩=1.3e-03, ⟨B·n⟩=8.4e-03, Len=sum([4.8, 4.6, 4.2])=13.5, ϰ=[5.0, 5.3, 4.6], ∫ϰ²/L>=[4.8, 6.1, 6.3], C-C-Sep=0.20, ║∇J║=1.0e-03
-----On 8/20 Initial Guess Perturbations
Iteration 3012/4500-----
J=1.2e-02, ⟨Jf⟩=1.3e-03, ⟨B·n⟩=8.4e-03, Len=sum([4.8, 4.6, 4.2])=13.5, ϰ=[5.0, 5.3, 4.6], ∫ϰ²/L>=[4.8, 6.2, 6.3], C-C-Sep=0.20, ║∇J║=8.7e-04
-----On 8/20 Initial Guess Perturbations
Iteration 3013/4500-----
J=1.2e-02, ⟨Jf⟩=1.3e-03, ⟨B·n⟩=8.4e-03, Len=sum([4.8, 4.6, 4.2])=13.5, ϰ=[5.0, 5.3, 4.6], ∫ϰ²/L>=[4.8, 6.2, 6.3], C-C-Sep=0.20, ║∇J║=1.1e-03
-----On 8/20 Initial Guess Perturbations
Iteration 3014/4500-----
J=1.2e-02, ⟨Jf⟩=1.3e-03, ⟨B·n⟩=8.4e-03, Len=sum([4.8, 4.6, 4.2])=13.5, ϰ=[4.9, 5.3, 4.6], ∫ϰ²/L>=[4.8, 6.2, 6.3], C-C-Sep=0.20, ║∇J║=1.1e-03
-----On 8/20 Initial Guess Perturbations
Iteration 3015/4500-----
J=1.2e-02, ⟨Jf⟩=1.3e-03, ⟨B·n⟩=8.4e-03, Len=sum([4.8, 4.6, 4.2])=13.5, ϰ=[4.9, 5.3, 4.6], ∫ϰ²/L>=[4.8, 6.2, 6.3], C-C-Sep=0.20, ║∇J║=1.0e-03
-----On 8/20 Initial Guess Perturbations
Iteration 3016/4500-----
J=1.2e-02, ⟨Jf⟩=1.2e-03, ⟨B·n⟩=8.4e-03, Len=sum([4.8, 4.6, 4.2])=13.5, ϰ=[4.9, 5.2, 4.6], ∫ϰ²/L>=[4.8, 6.1, 6.3], C-C-Sep=0.20, ║∇J║=9.9e-04
-----On 8/20 Initial Guess Perturbations
Iteration 3017/4500-----
J=1.2e-02, ⟨Jf⟩=1.3e-03, ⟨B·n⟩=8.4e-03, Len=sum([4.8, 4.6, 4.2])=13.5, ϰ=[4.9, 5.3, 4.7], ∫ϰ²/L>=[4.8, 6.1, 6.3], C-C-Sep=0.20, ║∇J║=9.4e-04
-----On 8/20 Initial Guess Perturbations
Iteration 3018/4500-----
J=1.2e-02, ⟨Jf⟩=1.3e-03, ⟨B·n⟩=8.4e-03, Len=sum([4.8, 4.6, 4.2])=13.5, ϰ=[4.9, 5.3, 4.7], ∫ϰ²/L>=[4.8, 6.1, 6.3], C-C-Sep=0.20, ║∇J║=8.7e-04
-----On 8/20 Initial Guess Perturbations
Iteration 3019/4500-----
J=1.2e-02, ⟨Jf⟩=1.3e-03, ⟨B·n⟩=8.4e-03, Len=sum([4.8, 4.6, 4.2])=13.5, ϰ=[4.9, 5.3, 4.7], ∫ϰ²/L>=[4.8, 6.1, 6.3], C-C-Sep=0.20, ║∇J║=1.1e-03
-----On 8/20 Initial Guess Perturbations
Iteration 3020/4500-----
J=1.2e-02, ⟨Jf⟩=1.2e-03, ⟨B·n⟩=8.4e-03, Len=sum([4.8, 4.6, 4.2])=13.5, ϰ=[4.9, 5.3, 4.7], ∫ϰ²/L>=[4.8, 6.2, 6.3], C-C-Sep=0.20, ║∇J║=8.5e-04
-----On 8/20 Initial Guess Perturbations
Iteration 3021/4500-----
J=1.2e-02, ⟨Jf⟩=1.3e-03, ⟨B·n⟩=8.4e-03, Len=sum([4.8, 4.6, 4.2])=13.5, ϰ=[4.9, 5.3, 4.7], ∫ϰ²/L>=[4.8, 6.2, 6.3], C-C-Sep=0.20, ║∇J║=8.3e-04
-----On 8/20 Initial Guess Perturbations
Iteration 3022/4500-----
J=1.2e-02, ⟨Jf⟩=1.3e-03, ⟨B·n⟩=8.4e-03, Len=sum([4.8, 4.6, 4.2])=13.5, ϰ=[4.9, 5.3, 4.7], ∫ϰ²/L>=[4.8, 6.2, 6.3], C-C-Sep=0.20, ║∇J║=9.3e-04
-----On 8/20 Initial Guess Perturbations
Iteration 3023/4500-----
J=1.2e-02, ⟨Jf⟩=1.3e-03, ⟨B·n⟩=8.4e-03, Len=sum([4.8, 4.6, 4.2])=13.5, ϰ=[4.9, 5.3, 4.7], ∫ϰ²/L>=[4.8, 6.2, 6.3], C-C-Sep=0.20, ║∇J║=1.0e-03
-----On 8/20 Initial Guess Perturbations
Iteration 3024/4500-----
J=1.2e-02, ⟨Jf⟩=1.3e-03, ⟨B·n⟩=8.4e-03, Len=sum([4.8, 4.6, 4.2])=13.5, ϰ=[4.8, 5.3, 4.7], ∫ϰ²/L>=[4.8, 6.2, 6.3], C-C-Sep=0.20, ║∇J║=7.2e-04
-----On 8/20 Initial Guess Perturbations
Iteration 3025/4500-----
J=1.2e-02, ⟨Jf⟩=1.3e-03, ⟨B·n⟩=8.4e-03, Len=sum([4.8, 4.6, 4.2])=13.5, ϰ=[4.8, 5.3, 4.7], ∫ϰ²/L>=[4.8, 6.1, 6.3], C-C-Sep=0.20, ║∇J║=7.6e-04
-----On 8/20 Initial Guess Perturbations
Iteration 3026/4500-----
J=1.2e-02, ⟨Jf⟩=1.3e-03, ⟨B·n⟩=8.4e-03, Len=sum([4.8, 4.6, 4.2])=13.5, ϰ=[4.8, 5.3, 4.7], ∫ϰ²/L>=[4.8, 6.1, 6.3], C-C-Sep=0.20, ║∇J║=8.6e-04
-----On 8/20 Initial Guess Perturbations
Iteration 3027/4500-----
J=1.2e-02, ⟨Jf⟩=1.3e-03, ⟨B·n⟩=8.4e-03, Len=sum([4.8, 4.6, 4.2])=13.5, ϰ=[4.8, 5.3, 4.7], ∫ϰ²/L>=[4.8, 6.1, 6.3], C-C-Sep=0.20, ║∇J║=8.3e-04
-----On 8/20 Initial Guess Perturbations
Iteration 3028/4500-----
J=1.2e-02, ⟨Jf⟩=1.3e-03, ⟨B·n⟩=8.4e-03, Len=sum([4.8, 4.6, 4.2])=13.5, ϰ=[4.8, 5.3, 4.7], ∫ϰ²/L>=[4.8, 6.1, 6.3], C-C-Sep=0.20, ║∇J║=1.1e-03
-----On 8/20 Initial Guess Perturbations
Iteration 3029/4500-----
J=1.2e-02, ⟨Jf⟩=1.3e-03, ⟨B·n⟩=8.4e-03, Len=sum([4.8, 4.6, 4.2])=13.5, ϰ=[4.9, 5.3, 4.7], ∫ϰ²/L>=[4.8, 6.1, 6.3], C-C-Sep=0.20, ║∇J║=7.2e-04
-----On 8/20 Initial Guess Perturbations
Iteration 3030/4500-----
J=1.2e-02, ⟨Jf⟩=1.2e-03, ⟨B·n⟩=8.4e-03, Len=sum([4.8, 4.6, 4.2])=13.5, ϰ=[4.9, 5.3, 4.7], ∫ϰ²/L>=[4.8, 6.1, 6.3], C-C-Sep=0.20, ║∇J║=7.3e-04
-----On 8/20 Initial Guess Perturbations
Iteration 3031/4500-----
J=1.2e-02, ⟨Jf⟩=1.2e-03, ⟨B·n⟩=8.4e-03, Len=sum([4.8, 4.6, 4.2])=13.5, ϰ=[4.9, 5.3, 4.7], ∫ϰ²/L>=[4.8, 6.1, 6.3], C-C-Sep=0.20, ║∇J║=7.1e-04
-----On 8/20 Initial Guess Perturbations
Iteration 3032/4500-----
J=1.2e-02, ⟨Jf⟩=1.3e-03, ⟨B·n⟩=8.4e-03, Len=sum([4.8, 4.6, 4.2])=13.5, ϰ=[4.9, 5.2, 4.7], ∫ϰ²/L>=[4.8, 6.1, 6.3], C-C-Sep=0.20, ║∇J║=6.8e-04
-----On 8/20 Initial Guess Perturbations
Iteration 3033/4500-----
J=1.2e-02, ⟨Jf⟩=1.2e-03, ⟨B·n⟩=8.4e-03, Len=sum([4.8, 4.6, 4.2])=13.5, ϰ=[4.9, 5.2, 4.7], ∫ϰ²/L>=[4.8, 6.1, 6.3], C-C-Sep=0.20, ║∇J║=9.9e-04
-----On 8/20 Initial Guess Perturbations
Iteration 3034/4500-----
J=1.2e-02, ⟨Jf⟩=1.2e-03, ⟨B·n⟩=8.4e-03, Len=sum([4.8, 4.6, 4.2])=13.5, ϰ=[4.9, 5.2, 4.7], ∫ϰ²/L>=[4.8, 6.1, 6.3], C-C-Sep=0.20, ║∇J║=1.0e-03
-----On 8/20 Initial Guess Perturbations
Iteration 3035/4500-----
J=1.2e-02, ⟨Jf⟩=1.2e-03, ⟨B·n⟩=8.4e-03, Len=sum([4.8, 4.6, 4.2])=13.5, ϰ=[4.9, 5.2, 4.7], ∫ϰ²/L>=[4.8, 6.1, 6.3], C-C-Sep=0.20, ║∇J║=7.7e-04
-----On 8/20 Initial Guess Perturbations
Iteration 3036/4500-----
J=1.2e-02, ⟨Jf⟩=1.2e-03, ⟨B·n⟩=8.4e-03, Len=sum([4.8, 4.6, 4.2])=13.5, ϰ=[4.9, 5.2, 4.7], ∫ϰ²/L>=[4.8, 6.1, 6.3], C-C-Sep=0.20, ║∇J║=6.1e-04
-----On 8/20 Initial Guess Perturbations
Iteration 3037/4500-----
J=1.2e-02, ⟨Jf⟩=1.2e-03, ⟨B·n⟩=8.4e-03, Len=sum([4.8, 4.6, 4.2])=13.5, ϰ=[4.9, 5.2, 4.7], ∫ϰ²/L>=[4.8, 6.1, 6.3], C-C-Sep=0.20, ║∇J║=7.2e-04
-----On 8/20 Initial Guess Perturbations
Iteration 3038/4500-----
J=1.2e-02, ⟨Jf⟩=1.2e-03, ⟨B·n⟩=8.4e-03, Len=sum([4.8, 4.6, 4.2])=13.5, ϰ=[4.9, 5.2, 4.7], ∫ϰ²/L>=[4.8, 6.1, 6.3], C-C-Sep=0.20, ║∇J║=6.4e-04
-----On 8/20 Initial Guess Perturbations
Iteration 3039/4500-----
J=1.2e-02, ⟨Jf⟩=1.2e-03, ⟨B·n⟩=8.4e-03, Len=sum([4.8, 4.6, 4.2])=13.5, ϰ=[4.9, 5.2, 4.6], ∫ϰ²/L>=[4.8, 6.1, 6.3], C-C-Sep=0.20, ║∇J║=6.6e-04
-----On 8/20 Initial Guess Perturbations
Iteration 3040/4500-----
J=1.2e-02, ⟨Jf⟩=1.2e-03, ⟨B·n⟩=8.4e-03, Len=sum([4.8, 4.6, 4.2])=13.5, ϰ=[4.9, 5.2, 4.6], ∫ϰ²/L>=[4.8, 6.1, 6.3], C-C-Sep=0.20, ║∇J║=7.7e-04
-----On 8/20 Initial Guess Perturbations
Iteration 3041/4500-----
J=1.2e-02, ⟨Jf⟩=1.2e-03, ⟨B·n⟩=8.4e-03, Len=sum([4.8, 4.6, 4.2])=13.5, ϰ=[4.9, 5.2, 4.6], ∫ϰ²/L>=[4.8, 6.1, 6.3], C-C-Sep=0.20, ║∇J║=7.2e-04
-----On 8/20 Initial Guess Perturbations
Iteration 3042/4500-----
J=1.2e-02, ⟨Jf⟩=1.2e-03, ⟨B·n⟩=8.4e-03, Len=sum([4.8, 4.6, 4.2])=13.5, ϰ=[4.8, 5.2, 4.6], ∫ϰ²/L>=[4.8, 6.1, 6.3], C-C-Sep=0.20, ║∇J║=7.2e-04
-----On 8/20 Initial Guess Perturbations
Iteration 3043/4500-----
J=1.2e-02, ⟨Jf⟩=1.2e-03, ⟨B·n⟩=8.4e-03, Len=sum([4.8, 4.6, 4.2])=13.5, ϰ=[4.8, 5.2, 4.6], ∫ϰ²/L>=[4.8, 6.1, 6.3], C-C-Sep=0.20, ║∇J║=6.9e-04
-----On 8/20 Initial Guess Perturbations
Iteration 3044/4500-----
J=1.2e-02, ⟨Jf⟩=1.2e-03, ⟨B·n⟩=8.4e-03, Len=sum([4.8, 4.6, 4.2])=13.5, ϰ=[4.8, 5.2, 4.6], ∫ϰ²/L>=[4.8, 6.1, 6.3], C-C-Sep=0.20, ║∇J║=6.7e-04
-----On 8/20 Initial Guess Perturbations
Iteration 3045/4500-----
J=1.2e-02, ⟨Jf⟩=1.2e-03, ⟨B·n⟩=8.4e-03, Len=sum([4.8, 4.6, 4.2])=13.5, ϰ=[4.9, 5.2, 4.6], ∫ϰ²/L>=[4.8, 6.1, 6.3], C-C-Sep=0.20, ║∇J║=7.4e-04
-----On 8/20 Initial Guess Perturbations
Iteration 3046/4500-----
J=1.2e-02, ⟨Jf⟩=1.2e-03, ⟨B·n⟩=8.4e-03, Len=sum([4.8, 4.6, 4.2])=13.5, ϰ=[4.9, 5.2, 4.6], ∫ϰ²/L>=[4.8, 6.1, 6.3], C-C-Sep=0.20, ║∇J║=6.6e-04
-----On 8/20 Initial Guess Perturbations
Iteration 3047/4500-----
J=1.2e-02, ⟨Jf⟩=1.2e-03, ⟨B·n⟩=8.4e-03, Len=sum([4.8, 4.6, 4.2])=13.5, ϰ=[4.9, 5.2, 4.6], ∫ϰ²/L>=[4.8, 6.1, 6.3], C-C-Sep=0.20, ║∇J║=6.1e-04
-----On 8/20 Initial Guess Perturbations
Iteration 3048/4500-----
J=1.2e-02, ⟨Jf⟩=1.2e-03, ⟨B·n⟩=8.4e-03, Len=sum([4.8, 4.6, 4.2])=13.5, ϰ=[4.9, 5.2, 4.6], ∫ϰ²/L>=[4.8, 6.1, 6.3], C-C-Sep=0.20, ║∇J║=8.0e-04
-----On 8/20 Initial Guess Perturbations
Iteration 3049/4500-----
J=1.2e-02, ⟨Jf⟩=1.2e-03, ⟨B·n⟩=8.4e-03, Len=sum([4.8, 4.6, 4.2])=13.5, ϰ=[4.9, 5.2, 4.6], ∫ϰ²/L>=[4.8, 6.1, 6.3], C-C-Sep=0.20, ║∇J║=7.3e-04
-----On 8/20 Initial Guess Perturbations
Iteration 3050/4500-----
J=1.2e-02, ⟨Jf⟩=1.2e-03, ⟨B·n⟩=8.4e-03, Len=sum([4.8, 4.6, 4.2])=13.5, ϰ=[4.9, 5.2, 4.6], ∫ϰ²/L>=[4.8, 6.1, 6.3], C-C-Sep=0.20, ║∇J║=8.1e-04
-----On 8/20 Initial Guess Perturbations
Iteration 3051/4500-----
J=1.2e-02, ⟨Jf⟩=1.2e-03, ⟨B·n⟩=8.4e-03, Len=sum([4.8, 4.6, 4.2])=13.5, ϰ=[4.9, 5.2, 4.6], ∫ϰ²/L>=[4.8, 6.1, 6.3], C-C-Sep=0.20, ║∇J║=7.2e-04
-----On 8/20 Initial Guess Perturbations
Iteration 3052/4500-----
J=1.2e-02, ⟨Jf⟩=1.2e-03, ⟨B·n⟩=8.4e-03, Len=sum([4.8, 4.6, 4.2])=13.5, ϰ=[4.9, 5.2, 4.6], ∫ϰ²/L>=[4.8, 6.1, 6.3], C-C-Sep=0.20, ║∇J║=6.5e-04
-----On 8/20 Initial Guess Perturbations
Iteration 3053/4500-----
J=1.2e-02, ⟨Jf⟩=1.2e-03, ⟨B·n⟩=8.4e-03, Len=sum([4.8, 4.6, 4.2])=13.5, ϰ=[4.9, 5.2, 4.6], ∫ϰ²/L>=[4.8, 6.1, 6.3], C-C-Sep=0.20, ║∇J║=6.1e-04
-----On 8/20 Initial Guess Perturbations
Iteration 3054/4500-----
J=1.2e-02, ⟨Jf⟩=1.2e-03, ⟨B·n⟩=8.4e-03, Len=sum([4.8, 4.6, 4.2])=13.5, ϰ=[4.9, 5.2, 4.6], ∫ϰ²/L>=[4.8, 6.1, 6.3], C-C-Sep=0.20, ║∇J║=6.6e-04
-----On 8/20 Initial Guess Perturbations
Iteration 3055/4500-----
J=1.2e-02, ⟨Jf⟩=1.2e-03, ⟨B·n⟩=8.4e-03, Len=sum([4.8, 4.6, 4.2])=13.5, ϰ=[4.9, 5.2, 4.6], ∫ϰ²/L>=[4.8, 6.1, 6.3], C-C-Sep=0.20, ║∇J║=7.1e-04
-----On 8/20 Initial Guess Perturbations
Iteration 3056/4500-----
J=1.2e-02, ⟨Jf⟩=1.2e-03, ⟨B·n⟩=8.4e-03, Len=sum([4.8, 4.6, 4.2])=13.5, ϰ=[4.9, 5.2, 4.6], ∫ϰ²/L>=[4.8, 6.1, 6.3], C-C-Sep=0.20, ║∇J║=6.3e-04
-----On 8/20 Initial Guess Perturbations
Iteration 3057/4500-----
J=1.2e-02, ⟨Jf⟩=1.2e-03, ⟨B·n⟩=8.4e-03, Len=sum([4.8, 4.6, 4.2])=13.5, ϰ=[4.9, 5.2, 4.6], ∫ϰ²/L>=[4.8, 6.1, 6.3], C-C-Sep=0.20, ║∇J║=6.2e-04
-----On 8/20 Initial Guess Perturbations
Iteration 3058/4500-----
J=1.2e-02, ⟨Jf⟩=1.2e-03, ⟨B·n⟩=8.4e-03, Len=sum([4.8, 4.6, 4.2])=13.5, ϰ=[4.9, 5.2, 4.6], ∫ϰ²/L>=[4.8, 6.1, 6.3], C-C-Sep=0.20, ║∇J║=5.7e-04
-----On 8/20 Initial Guess Perturbations
Iteration 3059/4500-----
J=1.2e-02, ⟨Jf⟩=1.2e-03, ⟨B·n⟩=8.4e-03, Len=sum([4.8, 4.6, 4.2])=13.5, ϰ=[4.9, 5.2, 4.6], ∫ϰ²/L>=[4.8, 6.1, 6.3], C-C-Sep=0.20, ║∇J║=6.0e-04
-----On 8/20 Initial Guess Perturbations
Iteration 3060/4500-----
J=1.2e-02, ⟨Jf⟩=1.2e-03, ⟨B·n⟩=8.4e-03, Len=sum([4.8, 4.6, 4.2])=13.5, ϰ=[4.9, 5.2, 4.6], ∫ϰ²/L>=[4.8, 6.1, 6.3], C-C-Sep=0.20, ║∇J║=8.2e-04
-----On 8/20 Initial Guess Perturbations
Iteration 3061/4500-----
J=1.2e-02, ⟨Jf⟩=1.2e-03, ⟨B·n⟩=8.4e-03, Len=sum([4.8, 4.6, 4.2])=13.5, ϰ=[4.9, 5.2, 4.6], ∫ϰ²/L>=[4.8, 6.1, 6.3], C-C-Sep=0.20, ║∇J║=9.4e-04
-----On 8/20 Initial Guess Perturbations
Iteration 3062/4500-----
J=1.2e-02, ⟨Jf⟩=1.2e-03, ⟨B·n⟩=8.4e-03, Len=sum([4.8, 4.6, 4.2])=13.5, ϰ=[4.9, 5.2, 4.6], ∫ϰ²/L>=[4.8, 6.1, 6.3], C-C-Sep=0.20, ║∇J║=6.6e-04
-----On 8/20 Initial Guess Perturbations
Iteration 3063/4500-----
J=1.2e-02, ⟨Jf⟩=1.2e-03, ⟨B·n⟩=8.4e-03, Len=sum([4.8, 4.6, 4.2])=13.5, ϰ=[4.9, 5.2, 4.6], ∫ϰ²/L>=[4.8, 6.1, 6.3], C-C-Sep=0.20, ║∇J║=5.7e-04
-----On 8/20 Initial Guess Perturbations
Iteration 3064/4500-----
J=1.2e-02, ⟨Jf⟩=1.2e-03, ⟨B·n⟩=8.4e-03, Len=sum([4.8, 4.6, 4.2])=13.5, ϰ=[4.9, 5.2, 4.6], ∫ϰ²/L>=[4.8, 6.1, 6.3], C-C-Sep=0.20, ║∇J║=6.2e-04
-----On 8/20 Initial Guess Perturbations
Iteration 3065/4500-----
J=1.2e-02, ⟨Jf⟩=1.2e-03, ⟨B·n⟩=8.4e-03, Len=sum([4.8, 4.6, 4.2])=13.5, ϰ=[4.9, 5.2, 4.7], ∫ϰ²/L>=[4.8, 6.1, 6.3], C-C-Sep=0.20, ║∇J║=7.8e-04
-----On 8/20 Initial Guess Perturbations
Iteration 3066/4500-----
J=1.2e-02, ⟨Jf⟩=1.2e-03, ⟨B·n⟩=8.4e-03, Len=sum([4.8, 4.6, 4.2])=13.5, ϰ=[4.9, 5.2, 4.7], ∫ϰ²/L>=[4.8, 6.1, 6.3], C-C-Sep=0.20, ║∇J║=8.3e-04
-----On 8/20 Initial Guess Perturbations
Iteration 3067/4500-----
J=1.2e-02, ⟨Jf⟩=1.2e-03, ⟨B·n⟩=8.4e-03, Len=sum([4.8, 4.6, 4.2])=13.5, ϰ=[4.9, 5.2, 4.7], ∫ϰ²/L>=[4.8, 6.1, 6.3], C-C-Sep=0.20, ║∇J║=6.3e-04
-----On 8/20 Initial Guess Perturbations
Iteration 3068/4500-----
J=1.2e-02, ⟨Jf⟩=1.2e-03, ⟨B·n⟩=8.4e-03, Len=sum([4.8, 4.6, 4.2])=13.5, ϰ=[4.9, 5.2, 4.7], ∫ϰ²/L>=[4.8, 6.1, 6.3], C-C-Sep=0.20, ║∇J║=6.4e-04
-----On 8/20 Initial Guess Perturbations
Iteration 3069/4500-----
J=1.2e-02, ⟨Jf⟩=1.2e-03, ⟨B·n⟩=8.4e-03, Len=sum([4.8, 4.6, 4.2])=13.5, ϰ=[4.9, 5.2, 4.7], ∫ϰ²/L>=[4.8, 6.1, 6.3], C-C-Sep=0.20, ║∇J║=6.6e-04
-----On 8/20 Initial Guess Perturbations
Iteration 3070/4500-----
J=1.2e-02, ⟨Jf⟩=1.2e-03, ⟨B·n⟩=8.4e-03, Len=sum([4.8, 4.6, 4.2])=13.5, ϰ=[4.9, 5.2, 4.7], ∫ϰ²/L>=[4.8, 6.1, 6.3], C-C-Sep=0.20, ║∇J║=8.1e-04
-----On 8/20 Initial Guess Perturbations
Iteration 3071/4500-----
J=1.2e-02, ⟨Jf⟩=1.2e-03, ⟨B·n⟩=8.4e-03, Len=sum([4.8, 4.6, 4.2])=13.5, ϰ=[4.9, 5.2, 4.7], ∫ϰ²/L>=[4.8, 6.1, 6.3], C-C-Sep=0.20, ║∇J║=6.6e-04
-----On 8/20 Initial Guess Perturbations
Iteration 3072/4500-----
J=1.2e-02, ⟨Jf⟩=1.2e-03, ⟨B·n⟩=8.4e-03, Len=sum([4.8, 4.6, 4.2])=13.5, ϰ=[4.9, 5.2, 4.7], ∫ϰ²/L>=[4.8, 6.1, 6.3], C-C-Sep=0.20, ║∇J║=5.7e-04
-----On 8/20 Initial Guess Perturbations
Iteration 3073/4500-----
J=1.2e-02, ⟨Jf⟩=1.2e-03, ⟨B·n⟩=8.4e-03, Len=sum([4.8, 4.6, 4.2])=13.5, ϰ=[4.9, 5.2, 4.7], ∫ϰ²/L>=[4.8, 6.1, 6.3], C-C-Sep=0.20, ║∇J║=5.6e-04
-----On 8/20 Initial Guess Perturbations
Iteration 3074/4500-----
J=1.2e-02, ⟨Jf⟩=1.2e-03, ⟨B·n⟩=8.4e-03, Len=sum([4.8, 4.6, 4.2])=13.5, ϰ=[4.9, 5.2, 4.7], ∫ϰ²/L>=[4.8, 6.1, 6.3], C-C-Sep=0.20, ║∇J║=6.5e-04
-----On 8/20 Initial Guess Perturbations
Iteration 3075/4500-----
J=1.2e-02, ⟨Jf⟩=1.2e-03, ⟨B·n⟩=8.4e-03, Len=sum([4.8, 4.6, 4.2])=13.5, ϰ=[4.9, 5.2, 4.7], ∫ϰ²/L>=[4.8, 6.1, 6.3], C-C-Sep=0.20, ║∇J║=6.6e-04
-----On 8/20 Initial Guess Perturbations
Iteration 3076/4500-----
J=1.2e-02, ⟨Jf⟩=1.2e-03, ⟨B·n⟩=8.4e-03, Len=sum([4.8, 4.6, 4.2])=13.5, ϰ=[4.9, 5.2, 4.7], ∫ϰ²/L>=[4.8, 6.1, 6.3], C-C-Sep=0.20, ║∇J║=6.6e-04
-----On 8/20 Initial Guess Perturbations
Iteration 3077/4500-----
J=1.2e-02, ⟨Jf⟩=1.2e-03, ⟨B·n⟩=8.4e-03, Len=sum([4.8, 4.6, 4.2])=13.5, ϰ=[4.9, 5.2, 4.7], ∫ϰ²/L>=[4.8, 6.1, 6.3], C-C-Sep=0.20, ║∇J║=7.6e-04
-----On 8/20 Initial Guess Perturbations
Iteration 3078/4500-----
J=1.2e-02, ⟨Jf⟩=1.2e-03, ⟨B·n⟩=8.4e-03, Len=sum([4.8, 4.6, 4.2])=13.5, ϰ=[4.9, 5.2, 4.7], ∫ϰ²/L>=[4.8, 6.1, 6.3], C-C-Sep=0.20, ║∇J║=8.7e-04
-----On 8/20 Initial Guess Perturbations
Iteration 3079/4500-----
J=1.2e-02, ⟨Jf⟩=1.2e-03, ⟨B·n⟩=8.4e-03, Len=sum([4.8, 4.6, 4.2])=13.5, ϰ=[4.9, 5.2, 4.7], ∫ϰ²/L>=[4.8, 6.1, 6.3], C-C-Sep=0.20, ║∇J║=5.9e-04
-----On 8/20 Initial Guess Perturbations
Iteration 3080/4500-----
J=1.2e-02, ⟨Jf⟩=1.2e-03, ⟨B·n⟩=8.4e-03, Len=sum([4.8, 4.6, 4.2])=13.5, ϰ=[4.9, 5.2, 4.7], ∫ϰ²/L>=[4.8, 6.1, 6.3], C-C-Sep=0.20, ║∇J║=6.5e-04
-----On 8/20 Initial Guess Perturbations
Iteration 3081/4500-----
J=1.2e-02, ⟨Jf⟩=1.2e-03, ⟨B·n⟩=8.4e-03, Len=sum([4.8, 4.6, 4.2])=13.5, ϰ=[4.9, 5.2, 4.7], ∫ϰ²/L>=[4.8, 6.1, 6.3], C-C-Sep=0.20, ║∇J║=6.6e-04
-----On 8/20 Initial Guess Perturbations
Iteration 3082/4500-----
J=1.2e-02, ⟨Jf⟩=1.2e-03, ⟨B·n⟩=8.4e-03, Len=sum([4.8, 4.6, 4.2])=13.5, ϰ=[4.9, 5.2, 4.7], ∫ϰ²/L>=[4.8, 6.1, 6.3], C-C-Sep=0.20, ║∇J║=7.6e-04
-----On 8/20 Initial Guess Perturbations
Iteration 3083/4500-----
J=1.2e-02, ⟨Jf⟩=1.2e-03, ⟨B·n⟩=8.4e-03, Len=sum([4.8, 4.6, 4.2])=13.5, ϰ=[4.9, 5.2, 4.7], ∫ϰ²/L>=[4.8, 6.1, 6.3], C-C-Sep=0.20, ║∇J║=1.1e-03
-----On 8/20 Initial Guess Perturbations
Iteration 3084/4500-----
J=1.2e-02, ⟨Jf⟩=1.2e-03, ⟨B·n⟩=8.4e-03, Len=sum([4.8, 4.6, 4.2])=13.5, ϰ=[4.9, 5.2, 4.7], ∫ϰ²/L>=[4.8, 6.1, 6.3], C-C-Sep=0.20, ║∇J║=7.2e-04
-----On 8/20 Initial Guess Perturbations
Iteration 3085/4500-----
J=1.2e-02, ⟨Jf⟩=1.2e-03, ⟨B·n⟩=8.4e-03, Len=sum([4.8, 4.6, 4.2])=13.5, ϰ=[4.9, 5.2, 4.6], ∫ϰ²/L>=[4.8, 6.1, 6.3], C-C-Sep=0.20, ║∇J║=1.3e-03
-----On 8/20 Initial Guess Perturbations
Iteration 3086/4500-----
J=1.2e-02, ⟨Jf⟩=1.2e-03, ⟨B·n⟩=8.4e-03, Len=sum([4.8, 4.6, 4.2])=13.5, ϰ=[4.9, 5.2, 4.6], ∫ϰ²/L>=[4.8, 6.1, 6.3], C-C-Sep=0.20, ║∇J║=6.8e-04
-----On 8/20 Initial Guess Perturbations
Iteration 3087/4500-----
J=1.2e-02, ⟨Jf⟩=1.2e-03, ⟨B·n⟩=8.4e-03, Len=sum([4.8, 4.6, 4.2])=13.5, ϰ=[4.9, 5.2, 4.6], ∫ϰ²/L>=[4.8, 6.1, 6.3], C-C-Sep=0.20, ║∇J║=5.9e-04
-----On 8/20 Initial Guess Perturbations
Iteration 3088/4500-----
J=1.2e-02, ⟨Jf⟩=1.2e-03, ⟨B·n⟩=8.4e-03, Len=sum([4.8, 4.6, 4.2])=13.5, ϰ=[4.9, 5.2, 4.6], ∫ϰ²/L>=[4.8, 6.1, 6.3], C-C-Sep=0.20, ║∇J║=5.7e-04
-----On 8/20 Initial Guess Perturbations
Iteration 3089/4500-----
J=1.2e-02, ⟨Jf⟩=1.2e-03, ⟨B·n⟩=8.4e-03, Len=sum([4.8, 4.6, 4.2])=13.5, ϰ=[4.9, 5.2, 4.6], ∫ϰ²/L>=[4.8, 6.1, 6.3], C-C-Sep=0.20, ║∇J║=6.8e-04
-----On 8/20 Initial Guess Perturbations
Iteration 3090/4500-----
J=1.2e-02, ⟨Jf⟩=1.2e-03, ⟨B·n⟩=8.4e-03, Len=sum([4.8, 4.6, 4.2])=13.5, ϰ=[4.9, 5.2, 4.6], ∫ϰ²/L>=[4.8, 6.1, 6.3], C-C-Sep=0.20, ║∇J║=9.2e-04
-----On 8/20 Initial Guess Perturbations
Iteration 3091/4500-----
J=1.2e-02, ⟨Jf⟩=1.2e-03, ⟨B·n⟩=8.4e-03, Len=sum([4.8, 4.6, 4.2])=13.5, ϰ=[4.9, 5.2, 4.6], ∫ϰ²/L>=[4.8, 6.1, 6.3], C-C-Sep=0.20, ║∇J║=7.4e-04
-----On 8/20 Initial Guess Perturbations
Iteration 3092/4500-----
J=1.2e-02, ⟨Jf⟩=1.2e-03, ⟨B·n⟩=8.4e-03, Len=sum([4.8, 4.6, 4.2])=13.5, ϰ=[4.9, 5.2, 4.6], ∫ϰ²/L>=[4.8, 6.1, 6.3], C-C-Sep=0.20, ║∇J║=7.5e-04
-----On 8/20 Initial Guess Perturbations
Iteration 3093/4500-----
J=1.2e-02, ⟨Jf⟩=1.2e-03, ⟨B·n⟩=8.4e-03, Len=sum([4.8, 4.6, 4.2])=13.5, ϰ=[4.9, 5.2, 4.6], ∫ϰ²/L>=[4.8, 6.1, 6.3], C-C-Sep=0.20, ║∇J║=6.3e-04
-----On 8/20 Initial Guess Perturbations
Iteration 3094/4500-----
J=1.2e-02, ⟨Jf⟩=1.2e-03, ⟨B·n⟩=8.4e-03, Len=sum([4.8, 4.6, 4.2])=13.5, ϰ=[4.9, 5.2, 4.6], ∫ϰ²/L>=[4.8, 6.1, 6.3], C-C-Sep=0.20, ║∇J║=7.4e-04
-----On 8/20 Initial Guess Perturbations
Iteration 3095/4500-----
J=1.2e-02, ⟨Jf⟩=1.2e-03, ⟨B·n⟩=8.4e-03, Len=sum([4.8, 4.6, 4.2])=13.5, ϰ=[4.9, 5.2, 4.6], ∫ϰ²/L>=[4.8, 6.1, 6.3], C-C-Sep=0.20, ║∇J║=9.9e-04
-----On 8/20 Initial Guess Perturbations
Iteration 3096/4500-----
J=1.2e-02, ⟨Jf⟩=1.2e-03, ⟨B·n⟩=8.4e-03, Len=sum([4.8, 4.6, 4.2])=13.5, ϰ=[4.9, 5.2, 4.6], ∫ϰ²/L>=[4.8, 6.1, 6.3], C-C-Sep=0.20, ║∇J║=7.8e-04
-----On 8/20 Initial Guess Perturbations
Iteration 3097/4500-----
J=1.2e-02, ⟨Jf⟩=1.2e-03, ⟨B·n⟩=8.4e-03, Len=sum([4.8, 4.6, 4.2])=13.5, ϰ=[4.9, 5.2, 4.6], ∫ϰ²/L>=[4.8, 6.1, 6.3], C-C-Sep=0.20, ║∇J║=6.4e-04
-----On 8/20 Initial Guess Perturbations
Iteration 3098/4500-----
J=1.2e-02, ⟨Jf⟩=1.2e-03, ⟨B·n⟩=8.4e-03, Len=sum([4.8, 4.6, 4.2])=13.5, ϰ=[4.9, 5.2, 4.6], ∫ϰ²/L>=[4.8, 6.1, 6.3], C-C-Sep=0.20, ║∇J║=5.7e-04
-----On 8/20 Initial Guess Perturbations
Iteration 3099/4500-----
J=1.2e-02, ⟨Jf⟩=1.2e-03, ⟨B·n⟩=8.4e-03, Len=sum([4.8, 4.6, 4.2])=13.5, ϰ=[4.9, 5.2, 4.6], ∫ϰ²/L>=[4.8, 6.1, 6.3], C-C-Sep=0.20, ║∇J║=6.2e-04
-----On 8/20 Initial Guess Perturbations
Iteration 3100/4500-----
J=1.2e-02, ⟨Jf⟩=1.2e-03, ⟨B·n⟩=8.4e-03, Len=sum([4.8, 4.6, 4.2])=13.5, ϰ=[4.9, 5.2, 4.6], ∫ϰ²/L>=[4.8, 6.1, 6.3], C-C-Sep=0.20, ║∇J║=8.4e-04
-----On 8/20 Initial Guess Perturbations
Iteration 3101/4500-----
J=1.2e-02, ⟨Jf⟩=1.2e-03, ⟨B·n⟩=8.4e-03, Len=sum([4.8, 4.6, 4.2])=13.5, ϰ=[4.9, 5.2, 4.6], ∫ϰ²/L>=[4.8, 6.1, 6.3], C-C-Sep=0.20, ║∇J║=8.5e-04
-----On 8/20 Initial Guess Perturbations
Iteration 3102/4500-----
J=1.2e-02, ⟨Jf⟩=1.2e-03, ⟨B·n⟩=8.4e-03, Len=sum([4.8, 4.6, 4.2])=13.5, ϰ=[4.9, 5.2, 4.6], ∫ϰ²/L>=[4.8, 6.1, 6.3], C-C-Sep=0.20, ║∇J║=6.9e-04
-----On 8/20 Initial Guess Perturbations
Iteration 3103/4500-----
J=1.2e-02, ⟨Jf⟩=1.2e-03, ⟨B·n⟩=8.4e-03, Len=sum([4.8, 4.6, 4.2])=13.5, ϰ=[4.9, 5.2, 4.6], ∫ϰ²/L>=[4.8, 6.1, 6.3], C-C-Sep=0.20, ║∇J║=6.6e-04
-----On 8/20 Initial Guess Perturbations
Iteration 3104/4500-----
J=1.2e-02, ⟨Jf⟩=1.2e-03, ⟨B·n⟩=8.4e-03, Len=sum([4.8, 4.6, 4.2])=13.5, ϰ=[4.9, 5.2, 4.6], ∫ϰ²/L>=[4.8, 6.1, 6.3], C-C-Sep=0.20, ║∇J║=7.2e-04
-----On 8/20 Initial Guess Perturbations
Iteration 3105/4500-----
J=1.2e-02, ⟨Jf⟩=1.2e-03, ⟨B·n⟩=8.4e-03, Len=sum([4.8, 4.6, 4.2])=13.5, ϰ=[4.9, 5.2, 4.6], ∫ϰ²/L>=[4.8, 6.1, 6.3], C-C-Sep=0.20, ║∇J║=6.9e-04
-----On 8/20 Initial Guess Perturbations
Iteration 3106/4500-----
J=1.2e-02, ⟨Jf⟩=1.2e-03, ⟨B·n⟩=8.4e-03, Len=sum([4.8, 4.6, 4.2])=13.5, ϰ=[4.9, 5.2, 4.6], ∫ϰ²/L>=[4.8, 6.1, 6.3], C-C-Sep=0.20, ║∇J║=7.1e-04
-----On 8/20 Initial Guess Perturbations
Iteration 3107/4500-----
J=1.2e-02, ⟨Jf⟩=1.2e-03, ⟨B·n⟩=8.4e-03, Len=sum([4.8, 4.6, 4.2])=13.5, ϰ=[4.9, 5.2, 4.6], ∫ϰ²/L>=[4.8, 6.1, 6.3], C-C-Sep=0.20, ║∇J║=6.5e-04
-----On 8/20 Initial Guess Perturbations
Iteration 3108/4500-----
J=1.2e-02, ⟨Jf⟩=1.2e-03, ⟨B·n⟩=8.4e-03, Len=sum([4.8, 4.6, 4.2])=13.5, ϰ=[4.9, 5.2, 4.6], ∫ϰ²/L>=[4.8, 6.1, 6.3], C-C-Sep=0.20, ║∇J║=6.3e-04
-----On 8/20 Initial Guess Perturbations
Iteration 3109/4500-----
J=1.2e-02, ⟨Jf⟩=1.2e-03, ⟨B·n⟩=8.4e-03, Len=sum([4.8, 4.6, 4.2])=13.5, ϰ=[4.9, 5.2, 4.6], ∫ϰ²/L>=[4.8, 6.1, 6.3], C-C-Sep=0.20, ║∇J║=6.5e-04
-----On 8/20 Initial Guess Perturbations
Iteration 3110/4500-----
J=1.2e-02, ⟨Jf⟩=1.2e-03, ⟨B·n⟩=8.4e-03, Len=sum([4.8, 4.6, 4.2])=13.5, ϰ=[4.9, 5.2, 4.6], ∫ϰ²/L>=[4.8, 6.1, 6.3], C-C-Sep=0.20, ║∇J║=7.2e-04
-----On 8/20 Initial Guess Perturbations
Iteration 3111/4500-----
J=1.2e-02, ⟨Jf⟩=1.2e-03, ⟨B·n⟩=8.4e-03, Len=sum([4.8, 4.6, 4.2])=13.5, ϰ=[4.9, 5.2, 4.6], ∫ϰ²/L>=[4.8, 6.1, 6.3], C-C-Sep=0.20, ║∇J║=5.3e-04
-----On 8/20 Initial Guess Perturbations
Iteration 3112/4500-----
J=1.2e-02, ⟨Jf⟩=1.2e-03, ⟨B·n⟩=8.4e-03, Len=sum([4.8, 4.6, 4.2])=13.5, ϰ=[4.9, 5.2, 4.6], ∫ϰ²/L>=[4.8, 6.1, 6.3], C-C-Sep=0.20, ║∇J║=5.2e-04
-----On 8/20 Initial Guess Perturbations
Iteration 3113/4500-----
J=1.2e-02, ⟨Jf⟩=1.2e-03, ⟨B·n⟩=8.4e-03, Len=sum([4.8, 4.6, 4.2])=13.5, ϰ=[4.9, 5.3, 4.6], ∫ϰ²/L>=[4.8, 6.1, 6.3], C-C-Sep=0.20, ║∇J║=6.4e-04
-----On 8/20 Initial Guess Perturbations
Iteration 3114/4500-----
J=1.2e-02, ⟨Jf⟩=1.2e-03, ⟨B·n⟩=8.4e-03, Len=sum([4.8, 4.6, 4.2])=13.5, ϰ=[4.9, 5.3, 4.6], ∫ϰ²/L>=[4.8, 6.1, 6.3], C-C-Sep=0.20, ║∇J║=5.8e-04
-----On 8/20 Initial Guess Perturbations
Iteration 3115/4500-----
J=1.2e-02, ⟨Jf⟩=1.2e-03, ⟨B·n⟩=8.4e-03, Len=sum([4.8, 4.6, 4.2])=13.5, ϰ=[4.9, 5.3, 4.6], ∫ϰ²/L>=[4.8, 6.1, 6.3], C-C-Sep=0.20, ║∇J║=6.0e-04
-----On 8/20 Initial Guess Perturbations
Iteration 3116/4500-----
J=1.2e-02, ⟨Jf⟩=1.2e-03, ⟨B·n⟩=8.4e-03, Len=sum([4.8, 4.6, 4.2])=13.5, ϰ=[4.9, 5.3, 4.6], ∫ϰ²/L>=[4.8, 6.1, 6.3], C-C-Sep=0.20, ║∇J║=5.9e-04
-----On 8/20 Initial Guess Perturbations
Iteration 3117/4500-----
J=1.2e-02, ⟨Jf⟩=1.2e-03, ⟨B·n⟩=8.4e-03, Len=sum([4.8, 4.6, 4.2])=13.5, ϰ=[4.9, 5.3, 4.6], ∫ϰ²/L>=[4.8, 6.1, 6.3], C-C-Sep=0.20, ║∇J║=5.2e-04
-----On 8/20 Initial Guess Perturbations
Iteration 3118/4500-----
J=1.2e-02, ⟨Jf⟩=1.2e-03, ⟨B·n⟩=8.4e-03, Len=sum([4.8, 4.6, 4.2])=13.5, ϰ=[4.9, 5.3, 4.6], ∫ϰ²/L>=[4.8, 6.1, 6.3], C-C-Sep=0.20, ║∇J║=5.8e-04
-----On 8/20 Initial Guess Perturbations
Iteration 3119/4500-----
J=1.2e-02, ⟨Jf⟩=1.2e-03, ⟨B·n⟩=8.4e-03, Len=sum([4.8, 4.6, 4.2])=13.5, ϰ=[4.9, 5.3, 4.6], ∫ϰ²/L>=[4.8, 6.1, 6.3], C-C-Sep=0.20, ║∇J║=4.8e-04
-----On 8/20 Initial Guess Perturbations
Iteration 3120/4500-----
J=1.2e-02, ⟨Jf⟩=1.2e-03, ⟨B·n⟩=8.4e-03, Len=sum([4.8, 4.6, 4.2])=13.5, ϰ=[4.9, 5.3, 4.6], ∫ϰ²/L>=[4.8, 6.1, 6.3], C-C-Sep=0.20, ║∇J║=4.8e-04
-----On 8/20 Initial Guess Perturbations
Iteration 3121/4500-----
J=1.2e-02, ⟨Jf⟩=1.2e-03, ⟨B·n⟩=8.4e-03, Len=sum([4.8, 4.6, 4.2])=13.5, ϰ=[4.9, 5.3, 4.6], ∫ϰ²/L>=[4.8, 6.1, 6.3], C-C-Sep=0.20, ║∇J║=5.4e-04
-----On 8/20 Initial Guess Perturbations
Iteration 3122/4500-----
J=1.2e-02, ⟨Jf⟩=1.2e-03, ⟨B·n⟩=8.4e-03, Len=sum([4.8, 4.6, 4.2])=13.5, ϰ=[4.9, 5.3, 4.6], ∫ϰ²/L>=[4.8, 6.1, 6.3], C-C-Sep=0.20, ║∇J║=4.8e-04
-----On 8/20 Initial Guess Perturbations
Iteration 3123/4500-----
J=1.2e-02, ⟨Jf⟩=1.2e-03, ⟨B·n⟩=8.4e-03, Len=sum([4.8, 4.6, 4.2])=13.5, ϰ=[4.9, 5.3, 4.6], ∫ϰ²/L>=[4.8, 6.1, 6.3], C-C-Sep=0.20, ║∇J║=4.5e-04
-----On 8/20 Initial Guess Perturbations
Iteration 3124/4500-----
J=1.2e-02, ⟨Jf⟩=1.2e-03, ⟨B·n⟩=8.4e-03, Len=sum([4.8, 4.6, 4.2])=13.5, ϰ=[4.9, 5.3, 4.6], ∫ϰ²/L>=[4.8, 6.1, 6.3], C-C-Sep=0.20, ║∇J║=4.9e-04
-----On 8/20 Initial Guess Perturbations
Iteration 3125/4500-----
J=1.2e-02, ⟨Jf⟩=1.2e-03, ⟨B·n⟩=8.4e-03, Len=sum([4.8, 4.6, 4.2])=13.5, ϰ=[4.9, 5.3, 4.6], ∫ϰ²/L>=[4.8, 6.1, 6.3], C-C-Sep=0.20, ║∇J║=5.1e-04
-----On 8/20 Initial Guess Perturbations
Iteration 3126/4500-----
J=1.2e-02, ⟨Jf⟩=1.2e-03, ⟨B·n⟩=8.4e-03, Len=sum([4.8, 4.6, 4.2])=13.5, ϰ=[4.9, 5.3, 4.6], ∫ϰ²/L>=[4.8, 6.1, 6.3], C-C-Sep=0.20, ║∇J║=4.9e-04
-----On 8/20 Initial Guess Perturbations
Iteration 3127/4500-----
J=1.2e-02, ⟨Jf⟩=1.2e-03, ⟨B·n⟩=8.4e-03, Len=sum([4.8, 4.6, 4.2])=13.5, ϰ=[4.9, 5.2, 4.6], ∫ϰ²/L>=[4.8, 6.1, 6.3], C-C-Sep=0.20, ║∇J║=5.4e-04
-----On 8/20 Initial Guess Perturbations
Iteration 3128/4500-----
J=1.2e-02, ⟨Jf⟩=1.2e-03, ⟨B·n⟩=8.4e-03, Len=sum([4.8, 4.6, 4.2])=13.5, ϰ=[4.9, 5.3, 4.6], ∫ϰ²/L>=[4.8, 6.2, 6.3], C-C-Sep=0.20, ║∇J║=1.4e-03
-----On 8/20 Initial Guess Perturbations
Iteration 3129/4500-----
J=1.2e-02, ⟨Jf⟩=1.2e-03, ⟨B·n⟩=8.4e-03, Len=sum([4.8, 4.6, 4.2])=13.5, ϰ=[4.9, 5.3, 4.6], ∫ϰ²/L>=[4.8, 6.1, 6.3], C-C-Sep=0.20, ║∇J║=5.7e-04
-----On 8/20 Initial Guess Perturbations
Iteration 3130/4500-----
J=1.2e-02, ⟨Jf⟩=1.2e-03, ⟨B·n⟩=8.4e-03, Len=sum([4.8, 4.6, 4.2])=13.5, ϰ=[4.9, 5.2, 4.6], ∫ϰ²/L>=[4.8, 6.1, 6.3], C-C-Sep=0.20, ║∇J║=8.6e-04
-----On 8/20 Initial Guess Perturbations
Iteration 3131/4500-----
J=1.2e-02, ⟨Jf⟩=1.2e-03, ⟨B·n⟩=8.4e-03, Len=sum([4.8, 4.6, 4.2])=13.5, ϰ=[4.9, 5.2, 4.6], ∫ϰ²/L>=[4.8, 6.1, 6.3], C-C-Sep=0.20, ║∇J║=4.5e-04
-----On 8/20 Initial Guess Perturbations
Iteration 3132/4500-----
J=1.2e-02, ⟨Jf⟩=1.2e-03, ⟨B·n⟩=8.4e-03, Len=sum([4.8, 4.6, 4.2])=13.5, ϰ=[4.9, 5.3, 4.6], ∫ϰ²/L>=[4.8, 6.1, 6.3], C-C-Sep=0.20, ║∇J║=4.2e-04
-----On 8/20 Initial Guess Perturbations
Iteration 3133/4500-----
J=1.2e-02, ⟨Jf⟩=1.2e-03, ⟨B·n⟩=8.4e-03, Len=sum([4.8, 4.6, 4.2])=13.5, ϰ=[4.9, 5.3, 4.6], ∫ϰ²/L>=[4.8, 6.1, 6.3], C-C-Sep=0.20, ║∇J║=4.7e-04
-----On 8/20 Initial Guess Perturbations
Iteration 3134/4500-----
J=1.2e-02, ⟨Jf⟩=1.2e-03, ⟨B·n⟩=8.4e-03, Len=sum([4.8, 4.6, 4.2])=13.5, ϰ=[4.9, 5.3, 4.6], ∫ϰ²/L>=[4.8, 6.1, 6.3], C-C-Sep=0.20, ║∇J║=5.1e-04
-----On 8/20 Initial Guess Perturbations
Iteration 3135/4500-----
J=1.2e-02, ⟨Jf⟩=1.2e-03, ⟨B·n⟩=8.4e-03, Len=sum([4.8, 4.6, 4.2])=13.5, ϰ=[4.9, 5.3, 4.6], ∫ϰ²/L>=[4.8, 6.1, 6.3], C-C-Sep=0.20, ║∇J║=4.6e-04
-----On 8/20 Initial Guess Perturbations
Iteration 3136/4500-----
J=1.2e-02, ⟨Jf⟩=1.2e-03, ⟨B·n⟩=8.4e-03, Len=sum([4.8, 4.6, 4.2])=13.5, ϰ=[4.9, 5.3, 4.6], ∫ϰ²/L>=[4.8, 6.1, 6.3], C-C-Sep=0.20, ║∇J║=4.4e-04
-----On 8/20 Initial Guess Perturbations
Iteration 3137/4500-----
J=1.2e-02, ⟨Jf⟩=1.2e-03, ⟨B·n⟩=8.4e-03, Len=sum([4.8, 4.6, 4.2])=13.5, ϰ=[4.9, 5.3, 4.6], ∫ϰ²/L>=[4.8, 6.1, 6.3], C-C-Sep=0.20, ║∇J║=3.9e-04
-----On 8/20 Initial Guess Perturbations
Iteration 3138/4500-----
J=1.2e-02, ⟨Jf⟩=1.2e-03, ⟨B·n⟩=8.4e-03, Len=sum([4.8, 4.6, 4.2])=13.5, ϰ=[4.9, 5.3, 4.6], ∫ϰ²/L>=[4.8, 6.1, 6.3], C-C-Sep=0.20, ║∇J║=4.4e-04
-----On 8/20 Initial Guess Perturbations
Iteration 3139/4500-----
J=1.2e-02, ⟨Jf⟩=1.2e-03, ⟨B·n⟩=8.4e-03, Len=sum([4.8, 4.6, 4.2])=13.5, ϰ=[4.9, 5.3, 4.6], ∫ϰ²/L>=[4.8, 6.1, 6.3], C-C-Sep=0.20, ║∇J║=4.8e-04
-----On 8/20 Initial Guess Perturbations
Iteration 3140/4500-----
J=1.2e-02, ⟨Jf⟩=1.2e-03, ⟨B·n⟩=8.4e-03, Len=sum([4.8, 4.6, 4.2])=13.5, ϰ=[4.8, 5.3, 4.6], ∫ϰ²/L>=[4.8, 6.1, 6.3], C-C-Sep=0.20, ║∇J║=4.8e-04
-----On 8/20 Initial Guess Perturbations
Iteration 3141/4500-----
J=1.2e-02, ⟨Jf⟩=1.2e-03, ⟨B·n⟩=8.4e-03, Len=sum([4.8, 4.6, 4.2])=13.5, ϰ=[4.8, 5.3, 4.6], ∫ϰ²/L>=[4.8, 6.1, 6.3], C-C-Sep=0.20, ║∇J║=6.8e-04
-----On 8/20 Initial Guess Perturbations
Iteration 3142/4500-----
J=1.2e-02, ⟨Jf⟩=1.3e-03, ⟨B·n⟩=8.4e-03, Len=sum([4.8, 4.6, 4.2])=13.5, ϰ=[4.8, 5.3, 4.6], ∫ϰ²/L>=[4.8, 6.1, 6.3], C-C-Sep=0.20, ║∇J║=7.1e-04
-----On 8/20 Initial Guess Perturbations
Iteration 3143/4500-----
J=1.2e-02, ⟨Jf⟩=1.2e-03, ⟨B·n⟩=8.4e-03, Len=sum([4.8, 4.6, 4.2])=13.5, ϰ=[4.8, 5.3, 4.6], ∫ϰ²/L>=[4.8, 6.1, 6.3], C-C-Sep=0.20, ║∇J║=6.7e-04
-----On 8/20 Initial Guess Perturbations
Iteration 3144/4500-----
J=1.2e-02, ⟨Jf⟩=1.2e-03, ⟨B·n⟩=8.4e-03, Len=sum([4.8, 4.6, 4.2])=13.5, ϰ=[4.8, 5.3, 4.6], ∫ϰ²/L>=[4.8, 6.1, 6.3], C-C-Sep=0.20, ║∇J║=3.7e-04
-----On 8/20 Initial Guess Perturbations
Iteration 3145/4500-----
J=1.2e-02, ⟨Jf⟩=1.2e-03, ⟨B·n⟩=8.4e-03, Len=sum([4.8, 4.6, 4.2])=13.5, ϰ=[4.8, 5.3, 4.6], ∫ϰ²/L>=[4.8, 6.1, 6.3], C-C-Sep=0.20, ║∇J║=3.3e-04
-----On 8/20 Initial Guess Perturbations
Iteration 3146/4500-----
J=1.2e-02, ⟨Jf⟩=1.2e-03, ⟨B·n⟩=8.4e-03, Len=sum([4.8, 4.6, 4.2])=13.5, ϰ=[4.8, 5.3, 4.6], ∫ϰ²/L>=[4.8, 6.1, 6.3], C-C-Sep=0.20, ║∇J║=4.0e-04
-----On 8/20 Initial Guess Perturbations
Iteration 3147/4500-----
J=1.2e-02, ⟨Jf⟩=1.2e-03, ⟨B·n⟩=8.4e-03, Len=sum([4.8, 4.6, 4.2])=13.5, ϰ=[4.8, 5.3, 4.6], ∫ϰ²/L>=[4.8, 6.1, 6.3], C-C-Sep=0.20, ║∇J║=4.5e-04
-----On 8/20 Initial Guess Perturbations
Iteration 3148/4500-----
J=1.2e-02, ⟨Jf⟩=1.2e-03, ⟨B·n⟩=8.4e-03, Len=sum([4.8, 4.6, 4.2])=13.5, ϰ=[4.8, 5.3, 4.6], ∫ϰ²/L>=[4.8, 6.1, 6.3], C-C-Sep=0.20, ║∇J║=4.1e-04
-----On 8/20 Initial Guess Perturbations
Iteration 3149/4500-----
J=1.2e-02, ⟨Jf⟩=1.2e-03, ⟨B·n⟩=8.4e-03, Len=sum([4.8, 4.6, 4.2])=13.5, ϰ=[4.8, 5.3, 4.6], ∫ϰ²/L>=[4.8, 6.1, 6.3], C-C-Sep=0.20, ║∇J║=4.8e-04
-----On 8/20 Initial Guess Perturbations
Iteration 3150/4500-----
J=1.2e-02, ⟨Jf⟩=1.2e-03, ⟨B·n⟩=8.4e-03, Len=sum([4.8, 4.6, 4.2])=13.5, ϰ=[4.8, 5.3, 4.6], ∫ϰ²/L>=[4.8, 6.1, 6.3], C-C-Sep=0.20, ║∇J║=3.8e-04
-----On 8/20 Initial Guess Perturbations
Iteration 3151/4500-----
J=1.2e-02, ⟨Jf⟩=1.2e-03, ⟨B·n⟩=8.4e-03, Len=sum([4.8, 4.6, 4.2])=13.5, ϰ=[4.9, 5.3, 4.6], ∫ϰ²/L>=[4.8, 6.1, 6.3], C-C-Sep=0.20, ║∇J║=3.8e-04
-----On 8/20 Initial Guess Perturbations
Iteration 3152/4500-----
J=1.2e-02, ⟨Jf⟩=1.2e-03, ⟨B·n⟩=8.4e-03, Len=sum([4.8, 4.6, 4.2])=13.5, ϰ=[4.9, 5.3, 4.6], ∫ϰ²/L>=[4.8, 6.1, 6.3], C-C-Sep=0.20, ║∇J║=3.9e-04
-----On 8/20 Initial Guess Perturbations
Iteration 3153/4500-----
J=1.2e-02, ⟨Jf⟩=1.2e-03, ⟨B·n⟩=8.4e-03, Len=sum([4.8, 4.6, 4.2])=13.5, ϰ=[4.9, 5.2, 4.6], ∫ϰ²/L>=[4.8, 6.1, 6.3], C-C-Sep=0.20, ║∇J║=4.1e-04
-----On 8/20 Initial Guess Perturbations
Iteration 3154/4500-----
J=1.2e-02, ⟨Jf⟩=1.2e-03, ⟨B·n⟩=8.4e-03, Len=sum([4.8, 4.6, 4.2])=13.5, ϰ=[4.9, 5.2, 4.6], ∫ϰ²/L>=[4.8, 6.1, 6.3], C-C-Sep=0.20, ║∇J║=4.7e-04
-----On 8/20 Initial Guess Perturbations
Iteration 3155/4500-----
J=1.2e-02, ⟨Jf⟩=1.2e-03, ⟨B·n⟩=8.4e-03, Len=sum([4.8, 4.6, 4.2])=13.5, ϰ=[4.9, 5.2, 4.6], ∫ϰ²/L>=[4.8, 6.1, 6.3], C-C-Sep=0.20, ║∇J║=6.6e-04
-----On 8/20 Initial Guess Perturbations
Iteration 3156/4500-----
J=1.2e-02, ⟨Jf⟩=1.2e-03, ⟨B·n⟩=8.4e-03, Len=sum([4.8, 4.6, 4.2])=13.5, ϰ=[4.9, 5.2, 4.6], ∫ϰ²/L>=[4.8, 6.1, 6.3], C-C-Sep=0.20, ║∇J║=5.2e-04
-----On 8/20 Initial Guess Perturbations
Iteration 3157/4500-----
J=1.2e-02, ⟨Jf⟩=1.2e-03, ⟨B·n⟩=8.4e-03, Len=sum([4.8, 4.6, 4.2])=13.5, ϰ=[4.9, 5.2, 4.6], ∫ϰ²/L>=[4.8, 6.1, 6.3], C-C-Sep=0.20, ║∇J║=3.9e-04
-----On 8/20 Initial Guess Perturbations
Iteration 3158/4500-----
J=1.2e-02, ⟨Jf⟩=1.2e-03, ⟨B·n⟩=8.4e-03, Len=sum([4.8, 4.6, 4.2])=13.5, ϰ=[4.9, 5.2, 4.6], ∫ϰ²/L>=[4.8, 6.1, 6.3], C-C-Sep=0.20, ║∇J║=3.3e-04
-----On 8/20 Initial Guess Perturbations
Iteration 3159/4500-----
J=1.2e-02, ⟨Jf⟩=1.2e-03, ⟨B·n⟩=8.4e-03, Len=sum([4.8, 4.6, 4.2])=13.5, ϰ=[4.9, 5.2, 4.6], ∫ϰ²/L>=[4.8, 6.1, 6.3], C-C-Sep=0.20, ║∇J║=3.7e-04
-----On 8/20 Initial Guess Perturbations
Iteration 3160/4500-----
J=1.2e-02, ⟨Jf⟩=1.2e-03, ⟨B·n⟩=8.4e-03, Len=sum([4.8, 4.6, 4.2])=13.5, ϰ=[4.9, 5.2, 4.6], ∫ϰ²/L>=[4.8, 6.1, 6.3], C-C-Sep=0.20, ║∇J║=4.7e-04
-----On 8/20 Initial Guess Perturbations
Iteration 3161/4500-----
J=1.2e-02, ⟨Jf⟩=1.2e-03, ⟨B·n⟩=8.4e-03, Len=sum([4.8, 4.6, 4.2])=13.5, ϰ=[4.9, 5.2, 4.6], ∫ϰ²/L>=[4.8, 6.1, 6.3], C-C-Sep=0.20, ║∇J║=3.8e-04
-----On 8/20 Initial Guess Perturbations
Iteration 3162/4500-----
J=1.2e-02, ⟨Jf⟩=1.2e-03, ⟨B·n⟩=8.4e-03, Len=sum([4.8, 4.6, 4.2])=13.5, ϰ=[4.9, 5.2, 4.6], ∫ϰ²/L>=[4.8, 6.1, 6.3], C-C-Sep=0.20, ║∇J║=4.0e-04
-----On 8/20 Initial Guess Perturbations
Iteration 3163/4500-----
J=1.2e-02, ⟨Jf⟩=1.2e-03, ⟨B·n⟩=8.4e-03, Len=sum([4.8, 4.6, 4.2])=13.5, ϰ=[4.9, 5.2, 4.6], ∫ϰ²/L>=[4.8, 6.1, 6.3], C-C-Sep=0.20, ║∇J║=4.2e-04
-----On 8/20 Initial Guess Perturbations
Iteration 3164/4500-----
J=1.2e-02, ⟨Jf⟩=1.2e-03, ⟨B·n⟩=8.4e-03, Len=sum([4.8, 4.6, 4.2])=13.5, ϰ=[4.9, 5.2, 4.6], ∫ϰ²/L>=[4.8, 6.1, 6.3], C-C-Sep=0.20, ║∇J║=4.2e-04
-----On 8/20 Initial Guess Perturbations
Iteration 3165/4500-----
J=1.2e-02, ⟨Jf⟩=1.2e-03, ⟨B·n⟩=8.4e-03, Len=sum([4.8, 4.6, 4.2])=13.5, ϰ=[4.9, 5.2, 4.6], ∫ϰ²/L>=[4.8, 6.1, 6.3], C-C-Sep=0.20, ║∇J║=3.6e-04
-----On 8/20 Initial Guess Perturbations
Iteration 3166/4500-----
J=1.2e-02, ⟨Jf⟩=1.2e-03, ⟨B·n⟩=8.4e-03, Len=sum([4.8, 4.6, 4.2])=13.5, ϰ=[4.9, 5.2, 4.6], ∫ϰ²/L>=[4.8, 6.1, 6.3], C-C-Sep=0.20, ║∇J║=3.4e-04
-----On 8/20 Initial Guess Perturbations
Iteration 3167/4500-----
J=1.2e-02, ⟨Jf⟩=1.2e-03, ⟨B·n⟩=8.4e-03, Len=sum([4.8, 4.6, 4.2])=13.5, ϰ=[4.9, 5.2, 4.6], ∫ϰ²/L>=[4.8, 6.1, 6.3], C-C-Sep=0.20, ║∇J║=4.7e-04
-----On 8/20 Initial Guess Perturbations
Iteration 3168/4500-----
J=1.2e-02, ⟨Jf⟩=1.2e-03, ⟨B·n⟩=8.4e-03, Len=sum([4.8, 4.6, 4.2])=13.5, ϰ=[4.9, 5.2, 4.6], ∫ϰ²/L>=[4.8, 6.1, 6.3], C-C-Sep=0.20, ║∇J║=4.6e-04
-----On 8/20 Initial Guess Perturbations
Iteration 3169/4500-----
J=1.2e-02, ⟨Jf⟩=1.2e-03, ⟨B·n⟩=8.4e-03, Len=sum([4.8, 4.6, 4.2])=13.5, ϰ=[4.9, 5.2, 4.6], ∫ϰ²/L>=[4.8, 6.1, 6.3], C-C-Sep=0.20, ║∇J║=3.6e-04
-----On 8/20 Initial Guess Perturbations
Iteration 3170/4500-----
J=1.2e-02, ⟨Jf⟩=1.2e-03, ⟨B·n⟩=8.4e-03, Len=sum([4.8, 4.6, 4.2])=13.5, ϰ=[4.9, 5.2, 4.6], ∫ϰ²/L>=[4.8, 6.1, 6.3], C-C-Sep=0.20, ║∇J║=3.2e-04
-----On 8/20 Initial Guess Perturbations
Iteration 3171/4500-----
J=1.2e-02, ⟨Jf⟩=1.2e-03, ⟨B·n⟩=8.4e-03, Len=sum([4.8, 4.6, 4.2])=13.5, ϰ=[4.9, 5.2, 4.6], ∫ϰ²/L>=[4.8, 6.1, 6.3], C-C-Sep=0.20, ║∇J║=3.6e-04
-----On 8/20 Initial Guess Perturbations
Iteration 3172/4500-----
J=1.2e-02, ⟨Jf⟩=1.2e-03, ⟨B·n⟩=8.4e-03, Len=sum([4.8, 4.6, 4.2])=13.5, ϰ=[4.9, 5.2, 4.6], ∫ϰ²/L>=[4.8, 6.1, 6.3], C-C-Sep=0.20, ║∇J║=4.8e-04
-----On 8/20 Initial Guess Perturbations
Iteration 3173/4500-----
J=1.2e-02, ⟨Jf⟩=1.2e-03, ⟨B·n⟩=8.4e-03, Len=sum([4.8, 4.6, 4.2])=13.5, ϰ=[4.9, 5.2, 4.6], ∫ϰ²/L>=[4.8, 6.1, 6.3], C-C-Sep=0.20, ║∇J║=3.6e-04
-----On 8/20 Initial Guess Perturbations
Iteration 3174/4500-----
J=1.2e-02, ⟨Jf⟩=1.2e-03, ⟨B·n⟩=8.4e-03, Len=sum([4.8, 4.6, 4.2])=13.5, ϰ=[4.9, 5.2, 4.6], ∫ϰ²/L>=[4.8, 6.1, 6.3], C-C-Sep=0.20, ║∇J║=3.5e-04
-----On 8/20 Initial Guess Perturbations
Iteration 3175/4500-----
J=1.2e-02, ⟨Jf⟩=1.2e-03, ⟨B·n⟩=8.4e-03, Len=sum([4.8, 4.6, 4.2])=13.5, ϰ=[4.9, 5.2, 4.6], ∫ϰ²/L>=[4.8, 6.1, 6.3], C-C-Sep=0.20, ║∇J║=3.9e-04
-----On 8/20 Initial Guess Perturbations
Iteration 3176/4500-----
J=1.2e-02, ⟨Jf⟩=1.2e-03, ⟨B·n⟩=8.4e-03, Len=sum([4.8, 4.6, 4.2])=13.5, ϰ=[4.9, 5.2, 4.6], ∫ϰ²/L>=[4.8, 6.1, 6.3], C-C-Sep=0.20, ║∇J║=4.8e-04
-----On 8/20 Initial Guess Perturbations
Iteration 3177/4500-----
J=1.2e-02, ⟨Jf⟩=1.2e-03, ⟨B·n⟩=8.4e-03, Len=sum([4.8, 4.6, 4.2])=13.5, ϰ=[4.9, 5.3, 4.6], ∫ϰ²/L>=[4.8, 6.1, 6.3], C-C-Sep=0.20, ║∇J║=4.2e-04
-----On 8/20 Initial Guess Perturbations
Iteration 3178/4500-----
J=1.2e-02, ⟨Jf⟩=1.2e-03, ⟨B·n⟩=8.4e-03, Len=sum([4.8, 4.6, 4.2])=13.5, ϰ=[4.9, 5.3, 4.6], ∫ϰ²/L>=[4.8, 6.1, 6.3], C-C-Sep=0.20, ║∇J║=3.5e-04
-----On 8/20 Initial Guess Perturbations
Iteration 3179/4500-----
J=1.2e-02, ⟨Jf⟩=1.2e-03, ⟨B·n⟩=8.4e-03, Len=sum([4.8, 4.6, 4.2])=13.5, ϰ=[4.9, 5.3, 4.6], ∫ϰ²/L>=[4.8, 6.1, 6.3], C-C-Sep=0.20, ║∇J║=3.5e-04
-----On 8/20 Initial Guess Perturbations
Iteration 3180/4500-----
J=1.2e-02, ⟨Jf⟩=1.2e-03, ⟨B·n⟩=8.4e-03, Len=sum([4.8, 4.6, 4.2])=13.5, ϰ=[4.9, 5.3, 4.6], ∫ϰ²/L>=[4.8, 6.1, 6.3], C-C-Sep=0.20, ║∇J║=3.7e-04
-----On 8/20 Initial Guess Perturbations
Iteration 3181/4500-----
J=1.2e-02, ⟨Jf⟩=1.2e-03, ⟨B·n⟩=8.4e-03, Len=sum([4.8, 4.6, 4.2])=13.5, ϰ=[4.9, 5.3, 4.6], ∫ϰ²/L>=[4.8, 6.1, 6.3], C-C-Sep=0.20, ║∇J║=4.6e-04
-----On 8/20 Initial Guess Perturbations
Iteration 3182/4500-----
J=1.2e-02, ⟨Jf⟩=1.2e-03, ⟨B·n⟩=8.4e-03, Len=sum([4.8, 4.6, 4.2])=13.5, ϰ=[4.9, 5.3, 4.6], ∫ϰ²/L>=[4.8, 6.1, 6.3], C-C-Sep=0.20, ║∇J║=3.9e-04
-----On 8/20 Initial Guess Perturbations
Iteration 3183/4500-----
J=1.2e-02, ⟨Jf⟩=1.2e-03, ⟨B·n⟩=8.4e-03, Len=sum([4.8, 4.6, 4.2])=13.5, ϰ=[4.9, 5.3, 4.6], ∫ϰ²/L>=[4.8, 6.1, 6.3], C-C-Sep=0.20, ║∇J║=3.6e-04
-----On 8/20 Initial Guess Perturbations
Iteration 3184/4500-----
J=1.2e-02, ⟨Jf⟩=1.2e-03, ⟨B·n⟩=8.4e-03, Len=sum([4.8, 4.6, 4.2])=13.5, ϰ=[4.9, 5.3, 4.6], ∫ϰ²/L>=[4.8, 6.1, 6.3], C-C-Sep=0.20, ║∇J║=3.6e-04
-----On 8/20 Initial Guess Perturbations
Iteration 3185/4500-----
J=1.2e-02, ⟨Jf⟩=1.2e-03, ⟨B·n⟩=8.4e-03, Len=sum([4.8, 4.6, 4.2])=13.5, ϰ=[4.9, 5.2, 4.6], ∫ϰ²/L>=[4.8, 6.1, 6.3], C-C-Sep=0.20, ║∇J║=3.7e-04
-----On 8/20 Initial Guess Perturbations
Iteration 3186/4500-----
J=1.2e-02, ⟨Jf⟩=1.2e-03, ⟨B·n⟩=8.4e-03, Len=sum([4.8, 4.6, 4.2])=13.5, ϰ=[4.9, 5.2, 4.6], ∫ϰ²/L>=[4.8, 6.1, 6.3], C-C-Sep=0.20, ║∇J║=3.0e-04
-----On 8/20 Initial Guess Perturbations
Iteration 3187/4500-----
J=1.2e-02, ⟨Jf⟩=1.2e-03, ⟨B·n⟩=8.4e-03, Len=sum([4.8, 4.6, 4.2])=13.5, ϰ=[4.9, 5.2, 4.6], ∫ϰ²/L>=[4.8, 6.1, 6.3], C-C-Sep=0.20, ║∇J║=3.5e-04
-----On 8/20 Initial Guess Perturbations
Iteration 3188/4500-----
J=1.2e-02, ⟨Jf⟩=1.2e-03, ⟨B·n⟩=8.4e-03, Len=sum([4.8, 4.6, 4.2])=13.5, ϰ=[4.9, 5.2, 4.6], ∫ϰ²/L>=[4.8, 6.1, 6.3], C-C-Sep=0.20, ║∇J║=3.9e-04
-----On 8/20 Initial Guess Perturbations
Iteration 3189/4500-----
J=1.2e-02, ⟨Jf⟩=1.2e-03, ⟨B·n⟩=8.4e-03, Len=sum([4.8, 4.6, 4.2])=13.5, ϰ=[4.9, 5.2, 4.6], ∫ϰ²/L>=[4.8, 6.1, 6.3], C-C-Sep=0.20, ║∇J║=5.2e-04
-----On 8/20 Initial Guess Perturbations
Iteration 3190/4500-----
J=1.2e-02, ⟨Jf⟩=1.2e-03, ⟨B·n⟩=8.4e-03, Len=sum([4.8, 4.6, 4.2])=13.5, ϰ=[4.9, 5.2, 4.6], ∫ϰ²/L>=[4.8, 6.1, 6.3], C-C-Sep=0.20, ║∇J║=4.2e-04
-----On 8/20 Initial Guess Perturbations
Iteration 3191/4500-----
J=1.2e-02, ⟨Jf⟩=1.2e-03, ⟨B·n⟩=8.4e-03, Len=sum([4.8, 4.6, 4.2])=13.5, ϰ=[4.9, 5.2, 4.6], ∫ϰ²/L>=[4.8, 6.1, 6.3], C-C-Sep=0.20, ║∇J║=3.8e-04
-----On 8/20 Initial Guess Perturbations
Iteration 3192/4500-----
J=1.2e-02, ⟨Jf⟩=1.2e-03, ⟨B·n⟩=8.4e-03, Len=sum([4.8, 4.6, 4.2])=13.5, ϰ=[4.9, 5.2, 4.6], ∫ϰ²/L>=[4.8, 6.1, 6.3], C-C-Sep=0.20, ║∇J║=2.9e-04
-----On 8/20 Initial Guess Perturbations
Iteration 3193/4500-----
J=1.2e-02, ⟨Jf⟩=1.2e-03, ⟨B·n⟩=8.4e-03, Len=sum([4.8, 4.6, 4.2])=13.5, ϰ=[4.9, 5.2, 4.6], ∫ϰ²/L>=[4.8, 6.1, 6.3], C-C-Sep=0.20, ║∇J║=3.2e-04
-----On 8/20 Initial Guess Perturbations
Iteration 3194/4500-----
J=1.2e-02, ⟨Jf⟩=1.2e-03, ⟨B·n⟩=8.4e-03, Len=sum([4.8, 4.6, 4.2])=13.5, ϰ=[4.9, 5.2, 4.6], ∫ϰ²/L>=[4.8, 6.1, 6.3], C-C-Sep=0.20, ║∇J║=3.4e-04
-----On 8/20 Initial Guess Perturbations
Iteration 3195/4500-----
J=1.2e-02, ⟨Jf⟩=1.2e-03, ⟨B·n⟩=8.4e-03, Len=sum([4.8, 4.6, 4.2])=13.5, ϰ=[4.9, 5.2, 4.6], ∫ϰ²/L>=[4.8, 6.1, 6.3], C-C-Sep=0.20, ║∇J║=3.1e-04
-----On 8/20 Initial Guess Perturbations
Iteration 3196/4500-----
J=1.2e-02, ⟨Jf⟩=1.2e-03, ⟨B·n⟩=8.4e-03, Len=sum([4.8, 4.6, 4.2])=13.5, ϰ=[4.9, 5.2, 4.6], ∫ϰ²/L>=[4.8, 6.1, 6.3], C-C-Sep=0.20, ║∇J║=4.2e-04
-----On 8/20 Initial Guess Perturbations
Iteration 3197/4500-----
J=1.2e-02, ⟨Jf⟩=1.2e-03, ⟨B·n⟩=8.4e-03, Len=sum([4.8, 4.6, 4.2])=13.5, ϰ=[4.9, 5.2, 4.6], ∫ϰ²/L>=[4.8, 6.1, 6.3], C-C-Sep=0.20, ║∇J║=3.9e-04
-----On 8/20 Initial Guess Perturbations
Iteration 3198/4500-----
J=1.2e-02, ⟨Jf⟩=1.2e-03, ⟨B·n⟩=8.4e-03, Len=sum([4.8, 4.6, 4.2])=13.5, ϰ=[4.9, 5.2, 4.6], ∫ϰ²/L>=[4.8, 6.1, 6.3], C-C-Sep=0.20, ║∇J║=3.4e-04
-----On 8/20 Initial Guess Perturbations
Iteration 3199/4500-----
J=1.2e-02, ⟨Jf⟩=1.2e-03, ⟨B·n⟩=8.4e-03, Len=sum([4.8, 4.6, 4.2])=13.5, ϰ=[4.9, 5.2, 4.6], ∫ϰ²/L>=[4.8, 6.1, 6.3], C-C-Sep=0.20, ║∇J║=3.0e-04
-----On 8/20 Initial Guess Perturbations
Iteration 3200/4500-----
J=1.2e-02, ⟨Jf⟩=1.2e-03, ⟨B·n⟩=8.4e-03, Len=sum([4.8, 4.6, 4.2])=13.5, ϰ=[4.9, 5.2, 4.6], ∫ϰ²/L>=[4.8, 6.1, 6.3], C-C-Sep=0.20, ║∇J║=3.4e-04
-----On 8/20 Initial Guess Perturbations
Iteration 3201/4500-----
J=1.2e-02, ⟨Jf⟩=1.2e-03, ⟨B·n⟩=8.4e-03, Len=sum([4.8, 4.6, 4.2])=13.5, ϰ=[4.9, 5.2, 4.6], ∫ϰ²/L>=[4.8, 6.1, 6.3], C-C-Sep=0.20, ║∇J║=3.5e-04
-----On 8/20 Initial Guess Perturbations
Iteration 3202/4500-----
J=1.2e-02, ⟨Jf⟩=1.2e-03, ⟨B·n⟩=8.4e-03, Len=sum([4.8, 4.6, 4.2])=13.5, ϰ=[4.9, 5.2, 4.6], ∫ϰ²/L>=[4.8, 6.1, 6.3], C-C-Sep=0.20, ║∇J║=4.7e-04
-----On 8/20 Initial Guess Perturbations
Iteration 3203/4500-----
J=1.2e-02, ⟨Jf⟩=1.2e-03, ⟨B·n⟩=8.4e-03, Len=sum([4.8, 4.6, 4.2])=13.5, ϰ=[4.9, 5.2, 4.6], ∫ϰ²/L>=[4.8, 6.1, 6.3], C-C-Sep=0.20, ║∇J║=3.5e-04
-----On 8/20 Initial Guess Perturbations
Iteration 3204/4500-----
J=1.2e-02, ⟨Jf⟩=1.2e-03, ⟨B·n⟩=8.4e-03, Len=sum([4.8, 4.6, 4.2])=13.5, ϰ=[4.9, 5.2, 4.6], ∫ϰ²/L>=[4.8, 6.1, 6.3], C-C-Sep=0.20, ║∇J║=3.5e-04
-----On 8/20 Initial Guess Perturbations
Iteration 3205/4500-----
J=1.2e-02, ⟨Jf⟩=1.2e-03, ⟨B·n⟩=8.4e-03, Len=sum([4.8, 4.6, 4.2])=13.5, ϰ=[4.9, 5.2, 4.6], ∫ϰ²/L>=[4.8, 6.1, 6.3], C-C-Sep=0.20, ║∇J║=3.1e-04
-----On 8/20 Initial Guess Perturbations
Iteration 3206/4500-----
J=1.2e-02, ⟨Jf⟩=1.2e-03, ⟨B·n⟩=8.4e-03, Len=sum([4.8, 4.6, 4.2])=13.5, ϰ=[4.9, 5.2, 4.6], ∫ϰ²/L>=[4.8, 6.1, 6.3], C-C-Sep=0.20, ║∇J║=2.9e-04
-----On 8/20 Initial Guess Perturbations
Iteration 3207/4500-----
J=1.2e-02, ⟨Jf⟩=1.2e-03, ⟨B·n⟩=8.4e-03, Len=sum([4.8, 4.6, 4.2])=13.5, ϰ=[4.9, 5.2, 4.6], ∫ϰ²/L>=[4.8, 6.1, 6.3], C-C-Sep=0.20, ║∇J║=3.1e-04
-----On 8/20 Initial Guess Perturbations
Iteration 3208/4500-----
J=1.2e-02, ⟨Jf⟩=1.2e-03, ⟨B·n⟩=8.4e-03, Len=sum([4.8, 4.6, 4.2])=13.5, ϰ=[4.9, 5.2, 4.6], ∫ϰ²/L>=[4.8, 6.1, 6.3], C-C-Sep=0.20, ║∇J║=3.2e-04
-----On 8/20 Initial Guess Perturbations
Iteration 3209/4500-----
J=1.2e-02, ⟨Jf⟩=1.2e-03, ⟨B·n⟩=8.4e-03, Len=sum([4.8, 4.6, 4.2])=13.5, ϰ=[4.9, 5.2, 4.6], ∫ϰ²/L>=[4.8, 6.1, 6.3], C-C-Sep=0.20, ║∇J║=4.0e-04
-----On 8/20 Initial Guess Perturbations
Iteration 3210/4500-----
J=1.2e-02, ⟨Jf⟩=1.2e-03, ⟨B·n⟩=8.4e-03, Len=sum([4.8, 4.6, 4.2])=13.5, ϰ=[4.9, 5.2, 4.6], ∫ϰ²/L>=[4.8, 6.1, 6.3], C-C-Sep=0.20, ║∇J║=4.0e-04
-----On 8/20 Initial Guess Perturbations
Iteration 3211/4500-----
J=1.2e-02, ⟨Jf⟩=1.2e-03, ⟨B·n⟩=8.4e-03, Len=sum([4.8, 4.6, 4.2])=13.5, ϰ=[4.9, 5.2, 4.6], ∫ϰ²/L>=[4.8, 6.1, 6.3], C-C-Sep=0.20, ║∇J║=4.3e-04
-----On 8/20 Initial Guess Perturbations
Iteration 3212/4500-----
J=1.2e-02, ⟨Jf⟩=1.2e-03, ⟨B·n⟩=8.4e-03, Len=sum([4.8, 4.6, 4.2])=13.5, ϰ=[4.9, 5.2, 4.6], ∫ϰ²/L>=[4.8, 6.1, 6.3], C-C-Sep=0.20, ║∇J║=2.4e-04
-----On 8/20 Initial Guess Perturbations
Iteration 3213/4500-----
J=1.2e-02, ⟨Jf⟩=1.2e-03, ⟨B·n⟩=8.4e-03, Len=sum([4.8, 4.6, 4.2])=13.5, ϰ=[4.9, 5.2, 4.6], ∫ϰ²/L>=[4.8, 6.1, 6.3], C-C-Sep=0.20, ║∇J║=2.2e-04
-----On 8/20 Initial Guess Perturbations
Iteration 3214/4500-----
J=1.2e-02, ⟨Jf⟩=1.2e-03, ⟨B·n⟩=8.4e-03, Len=sum([4.8, 4.6, 4.2])=13.5, ϰ=[4.9, 5.2, 4.6], ∫ϰ²/L>=[4.8, 6.1, 6.3], C-C-Sep=0.20, ║∇J║=2.5e-04
-----On 8/20 Initial Guess Perturbations
Iteration 3215/4500-----
J=1.2e-02, ⟨Jf⟩=1.2e-03, ⟨B·n⟩=8.4e-03, Len=sum([4.8, 4.6, 4.2])=13.5, ϰ=[4.9, 5.2, 4.6], ∫ϰ²/L>=[4.8, 6.1, 6.3], C-C-Sep=0.20, ║∇J║=3.9e-04
-----On 8/20 Initial Guess Perturbations
Iteration 3216/4500-----
J=1.2e-02, ⟨Jf⟩=1.2e-03, ⟨B·n⟩=8.4e-03, Len=sum([4.8, 4.6, 4.2])=13.5, ϰ=[4.9, 5.2, 4.6], ∫ϰ²/L>=[4.8, 6.1, 6.3], C-C-Sep=0.20, ║∇J║=2.5e-04
-----On 8/20 Initial Guess Perturbations
Iteration 3217/4500-----
J=1.2e-02, ⟨Jf⟩=1.2e-03, ⟨B·n⟩=8.4e-03, Len=sum([4.8, 4.6, 4.2])=13.5, ϰ=[4.9, 5.2, 4.6], ∫ϰ²/L>=[4.8, 6.1, 6.3], C-C-Sep=0.20, ║∇J║=2.6e-04
-----On 8/20 Initial Guess Perturbations
Iteration 3218/4500-----
J=1.2e-02, ⟨Jf⟩=1.2e-03, ⟨B·n⟩=8.4e-03, Len=sum([4.8, 4.6, 4.2])=13.5, ϰ=[4.9, 5.2, 4.6], ∫ϰ²/L>=[4.8, 6.1, 6.3], C-C-Sep=0.20, ║∇J║=3.7e-04
-----On 8/20 Initial Guess Perturbations
Iteration 3219/4500-----
J=1.2e-02, ⟨Jf⟩=1.2e-03, ⟨B·n⟩=8.4e-03, Len=sum([4.8, 4.6, 4.2])=13.5, ϰ=[4.9, 5.2, 4.6], ∫ϰ²/L>=[4.8, 6.1, 6.3], C-C-Sep=0.20, ║∇J║=4.0e-04
-----On 8/20 Initial Guess Perturbations
Iteration 3220/4500-----
J=1.2e-02, ⟨Jf⟩=1.2e-03, ⟨B·n⟩=8.4e-03, Len=sum([4.8, 4.6, 4.2])=13.5, ϰ=[4.9, 5.2, 4.6], ∫ϰ²/L>=[4.8, 6.1, 6.3], C-C-Sep=0.20, ║∇J║=3.0e-04
-----On 8/20 Initial Guess Perturbations
Iteration 3221/4500-----
J=1.2e-02, ⟨Jf⟩=1.2e-03, ⟨B·n⟩=8.4e-03, Len=sum([4.8, 4.6, 4.2])=13.5, ϰ=[4.9, 5.2, 4.6], ∫ϰ²/L>=[4.8, 6.1, 6.3], C-C-Sep=0.20, ║∇J║=3.0e-04
-----On 8/20 Initial Guess Perturbations
Iteration 3222/4500-----
J=1.2e-02, ⟨Jf⟩=1.2e-03, ⟨B·n⟩=8.4e-03, Len=sum([4.8, 4.6, 4.2])=13.5, ϰ=[4.9, 5.2, 4.6], ∫ϰ²/L>=[4.8, 6.1, 6.3], C-C-Sep=0.20, ║∇J║=2.9e-04
-----On 8/20 Initial Guess Perturbations
Iteration 3223/4500-----
J=1.2e-02, ⟨Jf⟩=1.2e-03, ⟨B·n⟩=8.4e-03, Len=sum([4.8, 4.6, 4.2])=13.5, ϰ=[4.9, 5.2, 4.6], ∫ϰ²/L>=[4.8, 6.1, 6.3], C-C-Sep=0.20, ║∇J║=2.5e-04
-----On 8/20 Initial Guess Perturbations
Iteration 3224/4500-----
J=1.2e-02, ⟨Jf⟩=1.2e-03, ⟨B·n⟩=8.4e-03, Len=sum([4.8, 4.6, 4.2])=13.5, ϰ=[4.9, 5.2, 4.6], ∫ϰ²/L>=[4.8, 6.1, 6.3], C-C-Sep=0.20, ║∇J║=2.8e-04
-----On 8/20 Initial Guess Perturbations
Iteration 3225/4500-----
J=1.2e-02, ⟨Jf⟩=1.2e-03, ⟨B·n⟩=8.4e-03, Len=sum([4.8, 4.6, 4.2])=13.5, ϰ=[4.9, 5.2, 4.6], ∫ϰ²/L>=[4.8, 6.1, 6.3], C-C-Sep=0.20, ║∇J║=3.1e-04
-----On 8/20 Initial Guess Perturbations
Iteration 3226/4500-----
J=1.2e-02, ⟨Jf⟩=1.2e-03, ⟨B·n⟩=8.4e-03, Len=sum([4.8, 4.6, 4.2])=13.5, ϰ=[4.9, 5.2, 4.6], ∫ϰ²/L>=[4.8, 6.1, 6.3], C-C-Sep=0.20, ║∇J║=2.3e-04
-----On 8/20 Initial Guess Perturbations
Iteration 3227/4500-----
J=1.2e-02, ⟨Jf⟩=1.2e-03, ⟨B·n⟩=8.4e-03, Len=sum([4.8, 4.6, 4.2])=13.5, ϰ=[4.9, 5.2, 4.6], ∫ϰ²/L>=[4.8, 6.1, 6.3], C-C-Sep=0.20, ║∇J║=2.7e-04
-----On 8/20 Initial Guess Perturbations
Iteration 3228/4500-----
J=1.2e-02, ⟨Jf⟩=1.2e-03, ⟨B·n⟩=8.4e-03, Len=sum([4.8, 4.6, 4.2])=13.5, ϰ=[4.9, 5.2, 4.6], ∫ϰ²/L>=[4.8, 6.1, 6.3], C-C-Sep=0.20, ║∇J║=2.3e-04
-----On 8/20 Initial Guess Perturbations
Iteration 3229/4500-----
J=1.2e-02, ⟨Jf⟩=1.2e-03, ⟨B·n⟩=8.4e-03, Len=sum([4.8, 4.6, 4.2])=13.5, ϰ=[4.9, 5.2, 4.6], ∫ϰ²/L>=[4.8, 6.1, 6.3], C-C-Sep=0.20, ║∇J║=2.3e-04
-----On 8/20 Initial Guess Perturbations
Iteration 3230/4500-----
J=1.2e-02, ⟨Jf⟩=1.2e-03, ⟨B·n⟩=8.4e-03, Len=sum([4.8, 4.6, 4.2])=13.5, ϰ=[4.9, 5.2, 4.6], ∫ϰ²/L>=[4.8, 6.1, 6.3], C-C-Sep=0.20, ║∇J║=2.6e-04
-----On 8/20 Initial Guess Perturbations
Iteration 3231/4500-----
J=1.2e-02, ⟨Jf⟩=1.2e-03, ⟨B·n⟩=8.4e-03, Len=sum([4.8, 4.6, 4.2])=13.5, ϰ=[4.9, 5.2, 4.6], ∫ϰ²/L>=[4.8, 6.1, 6.3], C-C-Sep=0.20, ║∇J║=2.6e-04
-----On 8/20 Initial Guess Perturbations
Iteration 3232/4500-----
J=1.2e-02, ⟨Jf⟩=1.2e-03, ⟨B·n⟩=8.4e-03, Len=sum([4.8, 4.6, 4.2])=13.5, ϰ=[4.9, 5.2, 4.6], ∫ϰ²/L>=[4.8, 6.1, 6.3], C-C-Sep=0.20, ║∇J║=2.0e-04
-----On 8/20 Initial Guess Perturbations
Iteration 3233/4500-----
J=1.2e-02, ⟨Jf⟩=1.2e-03, ⟨B·n⟩=8.4e-03, Len=sum([4.8, 4.6, 4.2])=13.5, ϰ=[4.9, 5.2, 4.6], ∫ϰ²/L>=[4.8, 6.1, 6.3], C-C-Sep=0.20, ║∇J║=2.1e-04
-----On 8/20 Initial Guess Perturbations
Iteration 3234/4500-----
J=1.2e-02, ⟨Jf⟩=1.2e-03, ⟨B·n⟩=8.4e-03, Len=sum([4.8, 4.6, 4.2])=13.5, ϰ=[4.9, 5.2, 4.6], ∫ϰ²/L>=[4.8, 6.1, 6.3], C-C-Sep=0.20, ║∇J║=1.9e-04
-----On 8/20 Initial Guess Perturbations
Iteration 3235/4500-----
J=1.2e-02, ⟨Jf⟩=1.2e-03, ⟨B·n⟩=8.4e-03, Len=sum([4.8, 4.6, 4.2])=13.5, ϰ=[4.9, 5.2, 4.6], ∫ϰ²/L>=[4.8, 6.1, 6.3], C-C-Sep=0.20, ║∇J║=1.8e-04
-----On 8/20 Initial Guess Perturbations
Iteration 3236/4500-----
J=1.2e-02, ⟨Jf⟩=1.2e-03, ⟨B·n⟩=8.4e-03, Len=sum([4.8, 4.6, 4.2])=13.5, ϰ=[4.9, 5.3, 4.6], ∫ϰ²/L>=[4.8, 6.1, 6.3], C-C-Sep=0.20, ║∇J║=2.0e-04
-----On 8/20 Initial Guess Perturbations
Iteration 3237/4500-----
J=1.2e-02, ⟨Jf⟩=1.2e-03, ⟨B·n⟩=8.4e-03, Len=sum([4.8, 4.6, 4.2])=13.5, ϰ=[4.9, 5.3, 4.6], ∫ϰ²/L>=[4.8, 6.1, 6.3], C-C-Sep=0.20, ║∇J║=2.1e-04
-----On 8/20 Initial Guess Perturbations
Iteration 3238/4500-----
J=1.2e-02, ⟨Jf⟩=1.2e-03, ⟨B·n⟩=8.4e-03, Len=sum([4.8, 4.6, 4.2])=13.5, ϰ=[4.9, 5.3, 4.6], ∫ϰ²/L>=[4.8, 6.1, 6.3], C-C-Sep=0.20, ║∇J║=2.2e-04
-----On 8/20 Initial Guess Perturbations
Iteration 3239/4500-----
J=1.2e-02, ⟨Jf⟩=1.2e-03, ⟨B·n⟩=8.4e-03, Len=sum([4.8, 4.6, 4.2])=13.5, ϰ=[4.9, 5.3, 4.6], ∫ϰ²/L>=[4.8, 6.1, 6.3], C-C-Sep=0.20, ║∇J║=1.9e-04
-----On 8/20 Initial Guess Perturbations
Iteration 3240/4500-----
J=1.2e-02, ⟨Jf⟩=1.2e-03, ⟨B·n⟩=8.4e-03, Len=sum([4.8, 4.6, 4.2])=13.5, ϰ=[4.9, 5.3, 4.6], ∫ϰ²/L>=[4.8, 6.1, 6.3], C-C-Sep=0.20, ║∇J║=2.1e-04
-----On 8/20 Initial Guess Perturbations
Iteration 3241/4500-----
J=1.2e-02, ⟨Jf⟩=1.2e-03, ⟨B·n⟩=8.4e-03, Len=sum([4.8, 4.6, 4.2])=13.5, ϰ=[4.9, 5.3, 4.6], ∫ϰ²/L>=[4.8, 6.1, 6.3], C-C-Sep=0.20, ║∇J║=2.0e-04
-----On 8/20 Initial Guess Perturbations
Iteration 3242/4500-----
J=1.2e-02, ⟨Jf⟩=1.2e-03, ⟨B·n⟩=8.4e-03, Len=sum([4.8, 4.6, 4.2])=13.5, ϰ=[4.9, 5.3, 4.6], ∫ϰ²/L>=[4.8, 6.1, 6.3], C-C-Sep=0.20, ║∇J║=2.0e-04
-----On 8/20 Initial Guess Perturbations
Iteration 3243/4500-----
J=1.2e-02, ⟨Jf⟩=1.2e-03, ⟨B·n⟩=8.4e-03, Len=sum([4.8, 4.6, 4.2])=13.5, ϰ=[4.9, 5.3, 4.6], ∫ϰ²/L>=[4.8, 6.1, 6.3], C-C-Sep=0.20, ║∇J║=1.9e-04
-----On 8/20 Initial Guess Perturbations
Iteration 3244/4500-----
J=1.2e-02, ⟨Jf⟩=1.2e-03, ⟨B·n⟩=8.4e-03, Len=sum([4.8, 4.6, 4.2])=13.5, ϰ=[4.9, 5.3, 4.6], ∫ϰ²/L>=[4.8, 6.1, 6.3], C-C-Sep=0.20, ║∇J║=2.2e-04
-----On 8/20 Initial Guess Perturbations
Iteration 3245/4500-----
J=1.2e-02, ⟨Jf⟩=1.2e-03, ⟨B·n⟩=8.4e-03, Len=sum([4.8, 4.6, 4.2])=13.5, ϰ=[4.9, 5.3, 4.6], ∫ϰ²/L>=[4.8, 6.1, 6.3], C-C-Sep=0.20, ║∇J║=2.1e-04
-----On 8/20 Initial Guess Perturbations
Iteration 3246/4500-----
J=1.2e-02, ⟨Jf⟩=1.2e-03, ⟨B·n⟩=8.4e-03, Len=sum([4.8, 4.6, 4.2])=13.5, ϰ=[4.9, 5.3, 4.6], ∫ϰ²/L>=[4.8, 6.1, 6.3], C-C-Sep=0.20, ║∇J║=1.8e-04
-----On 8/20 Initial Guess Perturbations
Iteration 3247/4500-----
J=1.2e-02, ⟨Jf⟩=1.2e-03, ⟨B·n⟩=8.4e-03, Len=sum([4.8, 4.6, 4.2])=13.5, ϰ=[4.9, 5.3, 4.6], ∫ϰ²/L>=[4.8, 6.1, 6.3], C-C-Sep=0.20, ║∇J║=1.6e-04
-----On 8/20 Initial Guess Perturbations
Iteration 3248/4500-----
J=1.2e-02, ⟨Jf⟩=1.2e-03, ⟨B·n⟩=8.4e-03, Len=sum([4.8, 4.6, 4.2])=13.5, ϰ=[4.9, 5.3, 4.6], ∫ϰ²/L>=[4.8, 6.1, 6.3], C-C-Sep=0.20, ║∇J║=2.0e-04
-----On 8/20 Initial Guess Perturbations
Iteration 3249/4500-----
J=1.2e-02, ⟨Jf⟩=1.2e-03, ⟨B·n⟩=8.4e-03, Len=sum([4.8, 4.6, 4.2])=13.5, ϰ=[4.9, 5.3, 4.6], ∫ϰ²/L>=[4.8, 6.1, 6.3], C-C-Sep=0.20, ║∇J║=1.6e-04
-----On 8/20 Initial Guess Perturbations
Iteration 3250/4500-----
J=1.2e-02, ⟨Jf⟩=1.2e-03, ⟨B·n⟩=8.4e-03, Len=sum([4.8, 4.6, 4.2])=13.5, ϰ=[4.9, 5.3, 4.6], ∫ϰ²/L>=[4.8, 6.1, 6.3], C-C-Sep=0.20, ║∇J║=1.4e-04
-----On 8/20 Initial Guess Perturbations
Iteration 3251/4500-----
J=1.2e-02, ⟨Jf⟩=1.2e-03, ⟨B·n⟩=8.4e-03, Len=sum([4.8, 4.6, 4.2])=13.5, ϰ=[4.9, 5.3, 4.6], ∫ϰ²/L>=[4.8, 6.1, 6.3], C-C-Sep=0.20, ║∇J║=1.5e-04
-----On 8/20 Initial Guess Perturbations
Iteration 3252/4500-----
J=1.2e-02, ⟨Jf⟩=1.2e-03, ⟨B·n⟩=8.4e-03, Len=sum([4.8, 4.6, 4.2])=13.5, ϰ=[4.9, 5.3, 4.6], ∫ϰ²/L>=[4.8, 6.1, 6.3], C-C-Sep=0.20, ║∇J║=2.0e-04
-----On 8/20 Initial Guess Perturbations
Iteration 3253/4500-----
J=1.2e-02, ⟨Jf⟩=1.2e-03, ⟨B·n⟩=8.4e-03, Len=sum([4.8, 4.6, 4.2])=13.5, ϰ=[4.9, 5.3, 4.6], ∫ϰ²/L>=[4.8, 6.1, 6.3], C-C-Sep=0.20, ║∇J║=1.8e-04
-----On 8/20 Initial Guess Perturbations
Iteration 3254/4500-----
J=1.2e-02, ⟨Jf⟩=1.2e-03, ⟨B·n⟩=8.4e-03, Len=sum([4.8, 4.6, 4.2])=13.5, ϰ=[4.9, 5.3, 4.6], ∫ϰ²/L>=[4.8, 6.1, 6.3], C-C-Sep=0.20, ║∇J║=1.6e-04
-----On 8/20 Initial Guess Perturbations
Iteration 3255/4500-----
J=1.2e-02, ⟨Jf⟩=1.2e-03, ⟨B·n⟩=8.4e-03, Len=sum([4.8, 4.6, 4.2])=13.5, ϰ=[4.9, 5.3, 4.6], ∫ϰ²/L>=[4.8, 6.1, 6.3], C-C-Sep=0.20, ║∇J║=1.3e-04
-----On 8/20 Initial Guess Perturbations
Iteration 3256/4500-----
J=1.2e-02, ⟨Jf⟩=1.2e-03, ⟨B·n⟩=8.4e-03, Len=sum([4.8, 4.6, 4.2])=13.5, ϰ=[4.9, 5.3, 4.6], ∫ϰ²/L>=[4.8, 6.1, 6.3], C-C-Sep=0.20, ║∇J║=1.3e-04
-----On 8/20 Initial Guess Perturbations
Iteration 3257/4500-----
J=1.2e-02, ⟨Jf⟩=1.2e-03, ⟨B·n⟩=8.4e-03, Len=sum([4.8, 4.6, 4.2])=13.5, ϰ=[4.9, 5.2, 4.6], ∫ϰ²/L>=[4.8, 6.1, 6.3], C-C-Sep=0.20, ║∇J║=1.4e-04
-----On 8/20 Initial Guess Perturbations
Iteration 3258/4500-----
J=1.2e-02, ⟨Jf⟩=1.2e-03, ⟨B·n⟩=8.4e-03, Len=sum([4.8, 4.6, 4.2])=13.5, ϰ=[4.9, 5.2, 4.6], ∫ϰ²/L>=[4.8, 6.1, 6.3], C-C-Sep=0.20, ║∇J║=1.2e-04
-----On 8/20 Initial Guess Perturbations
Iteration 3259/4500-----
J=1.2e-02, ⟨Jf⟩=1.2e-03, ⟨B·n⟩=8.4e-03, Len=sum([4.8, 4.6, 4.2])=13.5, ϰ=[4.9, 5.2, 4.6], ∫ϰ²/L>=[4.8, 6.1, 6.3], C-C-Sep=0.20, ║∇J║=1.1e-04
-----On 8/20 Initial Guess Perturbations
Iteration 3260/4500-----
J=1.2e-02, ⟨Jf⟩=1.2e-03, ⟨B·n⟩=8.4e-03, Len=sum([4.8, 4.6, 4.2])=13.5, ϰ=[4.9, 5.2, 4.6], ∫ϰ²/L>=[4.8, 6.1, 6.3], C-C-Sep=0.20, ║∇J║=1.5e-04
-----On 8/20 Initial Guess Perturbations
Iteration 3261/4500-----
J=1.2e-02, ⟨Jf⟩=1.2e-03, ⟨B·n⟩=8.4e-03, Len=sum([4.8, 4.6, 4.2])=13.5, ϰ=[4.9, 5.2, 4.6], ∫ϰ²/L>=[4.8, 6.1, 6.3], C-C-Sep=0.20, ║∇J║=1.4e-04
-----On 8/20 Initial Guess Perturbations
Iteration 3262/4500-----
J=1.2e-02, ⟨Jf⟩=1.2e-03, ⟨B·n⟩=8.4e-03, Len=sum([4.8, 4.6, 4.2])=13.5, ϰ=[4.9, 5.2, 4.6], ∫ϰ²/L>=[4.8, 6.1, 6.3], C-C-Sep=0.20, ║∇J║=1.4e-04
-----On 8/20 Initial Guess Perturbations
Iteration 3263/4500-----
J=1.2e-02, ⟨Jf⟩=1.2e-03, ⟨B·n⟩=8.4e-03, Len=sum([4.8, 4.6, 4.2])=13.5, ϰ=[4.9, 5.2, 4.6], ∫ϰ²/L>=[4.8, 6.1, 6.3], C-C-Sep=0.20, ║∇J║=1.5e-04
-----On 8/20 Initial Guess Perturbations
Iteration 3264/4500-----
J=1.2e-02, ⟨Jf⟩=1.2e-03, ⟨B·n⟩=8.4e-03, Len=sum([4.8, 4.6, 4.2])=13.5, ϰ=[4.9, 5.2, 4.6], ∫ϰ²/L>=[4.8, 6.1, 6.3], C-C-Sep=0.20, ║∇J║=1.5e-04
-----On 8/20 Initial Guess Perturbations
Iteration 3265/4500-----
J=1.2e-02, ⟨Jf⟩=1.2e-03, ⟨B·n⟩=8.4e-03, Len=sum([4.8, 4.6, 4.2])=13.5, ϰ=[4.9, 5.2, 4.6], ∫ϰ²/L>=[4.8, 6.1, 6.3], C-C-Sep=0.20, ║∇J║=1.4e-04
-----On 8/20 Initial Guess Perturbations
Iteration 3266/4500-----
J=1.2e-02, ⟨Jf⟩=1.2e-03, ⟨B·n⟩=8.4e-03, Len=sum([4.8, 4.6, 4.2])=13.5, ϰ=[4.9, 5.2, 4.6], ∫ϰ²/L>=[4.8, 6.1, 6.3], C-C-Sep=0.20, ║∇J║=1.6e-04
-----On 8/20 Initial Guess Perturbations
Iteration 3267/4500-----
J=1.2e-02, ⟨Jf⟩=1.2e-03, ⟨B·n⟩=8.4e-03, Len=sum([4.8, 4.6, 4.2])=13.5, ϰ=[4.9, 5.2, 4.6], ∫ϰ²/L>=[4.8, 6.1, 6.3], C-C-Sep=0.20, ║∇J║=1.9e-04
-----On 8/20 Initial Guess Perturbations
Iteration 3268/4500-----
J=1.2e-02, ⟨Jf⟩=1.2e-03, ⟨B·n⟩=8.4e-03, Len=sum([4.8, 4.6, 4.2])=13.5, ϰ=[4.9, 5.2, 4.6], ∫ϰ²/L>=[4.8, 6.1, 6.3], C-C-Sep=0.20, ║∇J║=2.0e-04
-----On 8/20 Initial Guess Perturbations
Iteration 3269/4500-----
J=1.2e-02, ⟨Jf⟩=1.2e-03, ⟨B·n⟩=8.4e-03, Len=sum([4.8, 4.6, 4.2])=13.5, ϰ=[4.9, 5.2, 4.6], ∫ϰ²/L>=[4.8, 6.1, 6.3], C-C-Sep=0.20, ║∇J║=1.7e-04
-----On 8/20 Initial Guess Perturbations
Iteration 3270/4500-----
J=1.2e-02, ⟨Jf⟩=1.2e-03, ⟨B·n⟩=8.4e-03, Len=sum([4.8, 4.6, 4.2])=13.5, ϰ=[4.9, 5.2, 4.6], ∫ϰ²/L>=[4.8, 6.1, 6.3], C-C-Sep=0.20, ║∇J║=1.5e-04
-----On 8/20 Initial Guess Perturbations
Iteration 3271/4500-----
J=1.2e-02, ⟨Jf⟩=1.2e-03, ⟨B·n⟩=8.4e-03, Len=sum([4.8, 4.6, 4.2])=13.5, ϰ=[4.9, 5.2, 4.6], ∫ϰ²/L>=[4.8, 6.1, 6.3], C-C-Sep=0.20, ║∇J║=1.4e-04
-----On 8/20 Initial Guess Perturbations
Iteration 3272/4500-----
J=1.2e-02, ⟨Jf⟩=1.2e-03, ⟨B·n⟩=8.4e-03, Len=sum([4.8, 4.6, 4.2])=13.5, ϰ=[4.9, 5.2, 4.6], ∫ϰ²/L>=[4.8, 6.1, 6.3], C-C-Sep=0.20, ║∇J║=1.6e-04
-----On 8/20 Initial Guess Perturbations
Iteration 3273/4500-----
J=1.2e-02, ⟨Jf⟩=1.2e-03, ⟨B·n⟩=8.4e-03, Len=sum([4.8, 4.6, 4.2])=13.5, ϰ=[4.9, 5.2, 4.6], ∫ϰ²/L>=[4.8, 6.1, 6.3], C-C-Sep=0.20, ║∇J║=1.6e-04
-----On 8/20 Initial Guess Perturbations
Iteration 3274/4500-----
J=1.2e-02, ⟨Jf⟩=1.2e-03, ⟨B·n⟩=8.4e-03, Len=sum([4.8, 4.6, 4.2])=13.5, ϰ=[4.9, 5.2, 4.6], ∫ϰ²/L>=[4.8, 6.1, 6.3], C-C-Sep=0.20, ║∇J║=1.5e-04
-----On 8/20 Initial Guess Perturbations
Iteration 3275/4500-----
J=1.2e-02, ⟨Jf⟩=1.2e-03, ⟨B·n⟩=8.4e-03, Len=sum([4.8, 4.6, 4.2])=13.5, ϰ=[4.9, 5.2, 4.6], ∫ϰ²/L>=[4.8, 6.1, 6.3], C-C-Sep=0.20, ║∇J║=1.6e-04
-----On 8/20 Initial Guess Perturbations
Iteration 3276/4500-----
J=1.2e-02, ⟨Jf⟩=1.2e-03, ⟨B·n⟩=8.4e-03, Len=sum([4.8, 4.6, 4.2])=13.5, ϰ=[4.9, 5.2, 4.6], ∫ϰ²/L>=[4.8, 6.1, 6.3], C-C-Sep=0.20, ║∇J║=2.0e-04
-----On 8/20 Initial Guess Perturbations
Iteration 3277/4500-----
J=1.2e-02, ⟨Jf⟩=1.2e-03, ⟨B·n⟩=8.4e-03, Len=sum([4.8, 4.6, 4.2])=13.5, ϰ=[4.9, 5.2, 4.6], ∫ϰ²/L>=[4.8, 6.1, 6.3], C-C-Sep=0.20, ║∇J║=1.8e-04
-----On 8/20 Initial Guess Perturbations
Iteration 3278/4500-----
J=1.2e-02, ⟨Jf⟩=1.2e-03, ⟨B·n⟩=8.4e-03, Len=sum([4.8, 4.6, 4.2])=13.5, ϰ=[4.9, 5.2, 4.6], ∫ϰ²/L>=[4.8, 6.1, 6.3], C-C-Sep=0.20, ║∇J║=2.9e-04
-----On 8/20 Initial Guess Perturbations
Iteration 3279/4500-----
J=1.2e-02, ⟨Jf⟩=1.2e-03, ⟨B·n⟩=8.4e-03, Len=sum([4.8, 4.6, 4.2])=13.5, ϰ=[4.9, 5.2, 4.6], ∫ϰ²/L>=[4.8, 6.1, 6.3], C-C-Sep=0.20, ║∇J║=1.4e-04
-----On 8/20 Initial Guess Perturbations
Iteration 3280/4500-----
J=1.2e-02, ⟨Jf⟩=1.2e-03, ⟨B·n⟩=8.4e-03, Len=sum([4.8, 4.6, 4.2])=13.5, ϰ=[4.9, 5.2, 4.6], ∫ϰ²/L>=[4.8, 6.1, 6.3], C-C-Sep=0.20, ║∇J║=1.4e-04
-----On 8/20 Initial Guess Perturbations
Iteration 3281/4500-----
J=1.2e-02, ⟨Jf⟩=1.2e-03, ⟨B·n⟩=8.4e-03, Len=sum([4.8, 4.6, 4.2])=13.5, ϰ=[4.9, 5.2, 4.6], ∫ϰ²/L>=[4.8, 6.1, 6.3], C-C-Sep=0.20, ║∇J║=1.3e-04
-----On 8/20 Initial Guess Perturbations
Iteration 3282/4500-----
J=1.2e-02, ⟨Jf⟩=1.2e-03, ⟨B·n⟩=8.4e-03, Len=sum([4.8, 4.6, 4.2])=13.5, ϰ=[4.9, 5.2, 4.6], ∫ϰ²/L>=[4.8, 6.1, 6.3], C-C-Sep=0.20, ║∇J║=1.2e-04
-----On 8/20 Initial Guess Perturbations
Iteration 3283/4500-----
J=1.2e-02, ⟨Jf⟩=1.2e-03, ⟨B·n⟩=8.4e-03, Len=sum([4.8, 4.6, 4.2])=13.5, ϰ=[4.9, 5.2, 4.6], ∫ϰ²/L>=[4.8, 6.1, 6.3], C-C-Sep=0.20, ║∇J║=1.5e-04
-----On 8/20 Initial Guess Perturbations
Iteration 3284/4500-----
J=1.2e-02, ⟨Jf⟩=1.2e-03, ⟨B·n⟩=8.4e-03, Len=sum([4.8, 4.6, 4.2])=13.5, ϰ=[4.9, 5.2, 4.6], ∫ϰ²/L>=[4.8, 6.1, 6.3], C-C-Sep=0.20, ║∇J║=1.3e-04
-----On 8/20 Initial Guess Perturbations
Iteration 3285/4500-----
J=1.2e-02, ⟨Jf⟩=1.2e-03, ⟨B·n⟩=8.4e-03, Len=sum([4.8, 4.6, 4.2])=13.5, ϰ=[4.9, 5.2, 4.6], ∫ϰ²/L>=[4.8, 6.1, 6.3], C-C-Sep=0.20, ║∇J║=1.3e-04
-----On 8/20 Initial Guess Perturbations
Iteration 3286/4500-----
J=1.2e-02, ⟨Jf⟩=1.2e-03, ⟨B·n⟩=8.4e-03, Len=sum([4.8, 4.6, 4.2])=13.5, ϰ=[4.9, 5.2, 4.6], ∫ϰ²/L>=[4.8, 6.1, 6.3], C-C-Sep=0.20, ║∇J║=1.6e-04
-----On 8/20 Initial Guess Perturbations
Iteration 3287/4500-----
J=1.2e-02, ⟨Jf⟩=1.2e-03, ⟨B·n⟩=8.4e-03, Len=sum([4.8, 4.6, 4.2])=13.5, ϰ=[4.9, 5.2, 4.6], ∫ϰ²/L>=[4.8, 6.1, 6.3], C-C-Sep=0.20, ║∇J║=1.5e-04
-----On 8/20 Initial Guess Perturbations
Iteration 3288/4500-----
J=1.2e-02, ⟨Jf⟩=1.2e-03, ⟨B·n⟩=8.4e-03, Len=sum([4.8, 4.6, 4.2])=13.5, ϰ=[4.9, 5.2, 4.6], ∫ϰ²/L>=[4.8, 6.1, 6.3], C-C-Sep=0.20, ║∇J║=1.9e-04
-----On 8/20 Initial Guess Perturbations
Iteration 3289/4500-----
J=1.2e-02, ⟨Jf⟩=1.2e-03, ⟨B·n⟩=8.4e-03, Len=sum([4.8, 4.6, 4.2])=13.5, ϰ=[4.9, 5.2, 4.6], ∫ϰ²/L>=[4.8, 6.1, 6.3], C-C-Sep=0.20, ║∇J║=1.6e-04
-----On 8/20 Initial Guess Perturbations
Iteration 3290/4500-----
J=1.2e-02, ⟨Jf⟩=1.2e-03, ⟨B·n⟩=8.4e-03, Len=sum([4.8, 4.6, 4.2])=13.5, ϰ=[4.9, 5.2, 4.6], ∫ϰ²/L>=[4.8, 6.1, 6.3], C-C-Sep=0.20, ║∇J║=1.1e-04
-----On 8/20 Initial Guess Perturbations
Iteration 3291/4500-----
J=1.2e-02, ⟨Jf⟩=1.2e-03, ⟨B·n⟩=8.4e-03, Len=sum([4.8, 4.6, 4.2])=13.5, ϰ=[4.9, 5.2, 4.6], ∫ϰ²/L>=[4.8, 6.1, 6.3], C-C-Sep=0.20, ║∇J║=1.1e-04
-----On 8/20 Initial Guess Perturbations
Iteration 3292/4500-----
J=1.2e-02, ⟨Jf⟩=1.2e-03, ⟨B·n⟩=8.4e-03, Len=sum([4.8, 4.6, 4.2])=13.5, ϰ=[4.9, 5.2, 4.6], ∫ϰ²/L>=[4.8, 6.1, 6.3], C-C-Sep=0.20, ║∇J║=1.3e-04
-----On 8/20 Initial Guess Perturbations
Iteration 3293/4500-----
J=1.2e-02, ⟨Jf⟩=1.2e-03, ⟨B·n⟩=8.4e-03, Len=sum([4.8, 4.6, 4.2])=13.5, ϰ=[4.9, 5.2, 4.6], ∫ϰ²/L>=[4.8, 6.1, 6.3], C-C-Sep=0.20, ║∇J║=1.3e-04
-----On 8/20 Initial Guess Perturbations
Iteration 3294/4500-----
J=1.2e-02, ⟨Jf⟩=1.2e-03, ⟨B·n⟩=8.4e-03, Len=sum([4.8, 4.6, 4.2])=13.5, ϰ=[4.9, 5.2, 4.6], ∫ϰ²/L>=[4.8, 6.1, 6.3], C-C-Sep=0.20, ║∇J║=2.0e-04
-----On 8/20 Initial Guess Perturbations
Iteration 3295/4500-----
J=1.2e-02, ⟨Jf⟩=1.2e-03, ⟨B·n⟩=8.4e-03, Len=sum([4.8, 4.6, 4.2])=13.5, ϰ=[4.9, 5.2, 4.6], ∫ϰ²/L>=[4.8, 6.1, 6.3], C-C-Sep=0.20, ║∇J║=1.2e-04
-----On 8/20 Initial Guess Perturbations
Iteration 3296/4500-----
J=1.2e-02, ⟨Jf⟩=1.2e-03, ⟨B·n⟩=8.4e-03, Len=sum([4.8, 4.6, 4.2])=13.5, ϰ=[4.9, 5.2, 4.6], ∫ϰ²/L>=[4.8, 6.1, 6.3], C-C-Sep=0.20, ║∇J║=8.8e-05
-----On 8/20 Initial Guess Perturbations
Iteration 3297/4500-----
J=1.2e-02, ⟨Jf⟩=1.2e-03, ⟨B·n⟩=8.4e-03, Len=sum([4.8, 4.6, 4.2])=13.5, ϰ=[4.9, 5.2, 4.6], ∫ϰ²/L>=[4.8, 6.1, 6.3], C-C-Sep=0.20, ║∇J║=1.0e-04
-----On 8/20 Initial Guess Perturbations
Iteration 3298/4500-----
J=1.2e-02, ⟨Jf⟩=1.2e-03, ⟨B·n⟩=8.4e-03, Len=sum([4.8, 4.6, 4.2])=13.5, ϰ=[4.9, 5.2, 4.6], ∫ϰ²/L>=[4.8, 6.1, 6.3], C-C-Sep=0.20, ║∇J║=1.4e-04
-----On 8/20 Initial Guess Perturbations
Iteration 3299/4500-----
J=1.2e-02, ⟨Jf⟩=1.2e-03, ⟨B·n⟩=8.4e-03, Len=sum([4.8, 4.6, 4.2])=13.5, ϰ=[4.9, 5.2, 4.6], ∫ϰ²/L>=[4.8, 6.1, 6.3], C-C-Sep=0.20, ║∇J║=1.5e-04
-----On 8/20 Initial Guess Perturbations
Iteration 3300/4500-----
J=1.2e-02, ⟨Jf⟩=1.2e-03, ⟨B·n⟩=8.4e-03, Len=sum([4.8, 4.6, 4.2])=13.5, ϰ=[4.9, 5.2, 4.6], ∫ϰ²/L>=[4.8, 6.1, 6.3], C-C-Sep=0.20, ║∇J║=1.3e-04
-----On 8/20 Initial Guess Perturbations
Iteration 3301/4500-----
J=1.2e-02, ⟨Jf⟩=1.2e-03, ⟨B·n⟩=8.4e-03, Len=sum([4.8, 4.6, 4.2])=13.5, ϰ=[4.9, 5.2, 4.6], ∫ϰ²/L>=[4.8, 6.1, 6.3], C-C-Sep=0.20, ║∇J║=1.2e-04
-----On 8/20 Initial Guess Perturbations
Iteration 3302/4500-----
J=1.2e-02, ⟨Jf⟩=1.2e-03, ⟨B·n⟩=8.4e-03, Len=sum([4.8, 4.6, 4.2])=13.5, ϰ=[4.9, 5.2, 4.6], ∫ϰ²/L>=[4.8, 6.1, 6.3], C-C-Sep=0.20, ║∇J║=1.2e-04
-----On 8/20 Initial Guess Perturbations
Iteration 3303/4500-----
J=1.2e-02, ⟨Jf⟩=1.2e-03, ⟨B·n⟩=8.4e-03, Len=sum([4.8, 4.6, 4.2])=13.5, ϰ=[4.9, 5.2, 4.6], ∫ϰ²/L>=[4.8, 6.1, 6.3], C-C-Sep=0.20, ║∇J║=1.1e-04
-----On 8/20 Initial Guess Perturbations
Iteration 3304/4500-----
J=1.2e-02, ⟨Jf⟩=1.2e-03, ⟨B·n⟩=8.4e-03, Len=sum([4.8, 4.6, 4.2])=13.5, ϰ=[4.9, 5.2, 4.6], ∫ϰ²/L>=[4.8, 6.1, 6.3], C-C-Sep=0.20, ║∇J║=1.3e-04
-----On 8/20 Initial Guess Perturbations
Iteration 3305/4500-----
J=1.2e-02, ⟨Jf⟩=1.2e-03, ⟨B·n⟩=8.4e-03, Len=sum([4.8, 4.6, 4.2])=13.5, ϰ=[4.9, 5.2, 4.6], ∫ϰ²/L>=[4.8, 6.1, 6.3], C-C-Sep=0.20, ║∇J║=1.1e-04
-----On 8/20 Initial Guess Perturbations
Iteration 3306/4500-----
J=1.2e-02, ⟨Jf⟩=1.2e-03, ⟨B·n⟩=8.4e-03, Len=sum([4.8, 4.6, 4.2])=13.5, ϰ=[4.9, 5.2, 4.6], ∫ϰ²/L>=[4.8, 6.1, 6.3], C-C-Sep=0.20, ║∇J║=9.3e-05
-----On 8/20 Initial Guess Perturbations
Iteration 3307/4500-----
J=1.2e-02, ⟨Jf⟩=1.2e-03, ⟨B·n⟩=8.4e-03, Len=sum([4.8, 4.6, 4.2])=13.5, ϰ=[4.9, 5.2, 4.6], ∫ϰ²/L>=[4.8, 6.1, 6.3], C-C-Sep=0.20, ║∇J║=7.3e-05
-----On 8/20 Initial Guess Perturbations
Iteration 3308/4500-----
J=1.2e-02, ⟨Jf⟩=1.2e-03, ⟨B·n⟩=8.4e-03, Len=sum([4.8, 4.6, 4.2])=13.5, ϰ=[4.9, 5.2, 4.6], ∫ϰ²/L>=[4.8, 6.1, 6.3], C-C-Sep=0.20, ║∇J║=1.0e-04
-----On 8/20 Initial Guess Perturbations
Iteration 3309/4500-----
J=1.2e-02, ⟨Jf⟩=1.2e-03, ⟨B·n⟩=8.4e-03, Len=sum([4.8, 4.6, 4.2])=13.5, ϰ=[4.9, 5.2, 4.6], ∫ϰ²/L>=[4.8, 6.1, 6.3], C-C-Sep=0.20, ║∇J║=8.5e-05
-----On 8/20 Initial Guess Perturbations
Iteration 3310/4500-----
J=1.2e-02, ⟨Jf⟩=1.2e-03, ⟨B·n⟩=8.4e-03, Len=sum([4.8, 4.6, 4.2])=13.5, ϰ=[4.9, 5.2, 4.6], ∫ϰ²/L>=[4.8, 6.1, 6.3], C-C-Sep=0.20, ║∇J║=6.9e-05
-----On 8/20 Initial Guess Perturbations
Iteration 3311/4500-----
J=1.2e-02, ⟨Jf⟩=1.2e-03, ⟨B·n⟩=8.4e-03, Len=sum([4.8, 4.6, 4.2])=13.5, ϰ=[4.9, 5.2, 4.6], ∫ϰ²/L>=[4.8, 6.1, 6.3], C-C-Sep=0.20, ║∇J║=7.3e-05
-----On 8/20 Initial Guess Perturbations
Iteration 3312/4500-----
J=1.2e-02, ⟨Jf⟩=1.2e-03, ⟨B·n⟩=8.4e-03, Len=sum([4.8, 4.6, 4.2])=13.5, ϰ=[4.9, 5.2, 4.6], ∫ϰ²/L>=[4.8, 6.1, 6.3], C-C-Sep=0.20, ║∇J║=8.9e-05
-----On 8/20 Initial Guess Perturbations
Iteration 3313/4500-----
J=1.2e-02, ⟨Jf⟩=1.2e-03, ⟨B·n⟩=8.4e-03, Len=sum([4.8, 4.6, 4.2])=13.5, ϰ=[4.9, 5.2, 4.6], ∫ϰ²/L>=[4.8, 6.1, 6.3], C-C-Sep=0.20, ║∇J║=9.2e-05
-----On 8/20 Initial Guess Perturbations
Iteration 3314/4500-----
J=1.2e-02, ⟨Jf⟩=1.2e-03, ⟨B·n⟩=8.4e-03, Len=sum([4.8, 4.6, 4.2])=13.5, ϰ=[4.9, 5.2, 4.6], ∫ϰ²/L>=[4.8, 6.1, 6.3], C-C-Sep=0.20, ║∇J║=7.2e-05
-----On 8/20 Initial Guess Perturbations
Iteration 3315/4500-----
J=1.2e-02, ⟨Jf⟩=1.2e-03, ⟨B·n⟩=8.4e-03, Len=sum([4.8, 4.6, 4.2])=13.5, ϰ=[4.9, 5.2, 4.6], ∫ϰ²/L>=[4.8, 6.1, 6.3], C-C-Sep=0.20, ║∇J║=6.1e-05
-----On 8/20 Initial Guess Perturbations
Iteration 3316/4500-----
J=1.2e-02, ⟨Jf⟩=1.2e-03, ⟨B·n⟩=8.4e-03, Len=sum([4.8, 4.6, 4.2])=13.5, ϰ=[4.9, 5.2, 4.6], ∫ϰ²/L>=[4.8, 6.1, 6.3], C-C-Sep=0.20, ║∇J║=6.2e-05
-----On 8/20 Initial Guess Perturbations
Iteration 3317/4500-----
J=1.2e-02, ⟨Jf⟩=1.2e-03, ⟨B·n⟩=8.4e-03, Len=sum([4.8, 4.6, 4.2])=13.5, ϰ=[4.9, 5.2, 4.6], ∫ϰ²/L>=[4.8, 6.1, 6.3], C-C-Sep=0.20, ║∇J║=6.6e-05
-----On 8/20 Initial Guess Perturbations
Iteration 3318/4500-----
J=1.2e-02, ⟨Jf⟩=1.2e-03, ⟨B·n⟩=8.4e-03, Len=sum([4.8, 4.6, 4.2])=13.5, ϰ=[4.9, 5.2, 4.6], ∫ϰ²/L>=[4.8, 6.1, 6.3], C-C-Sep=0.20, ║∇J║=8.3e-05
-----On 8/20 Initial Guess Perturbations
Iteration 3319/4500-----
J=1.2e-02, ⟨Jf⟩=1.2e-03, ⟨B·n⟩=8.4e-03, Len=sum([4.8, 4.6, 4.2])=13.5, ϰ=[4.9, 5.2, 4.6], ∫ϰ²/L>=[4.8, 6.1, 6.3], C-C-Sep=0.20, ║∇J║=5.6e-05
-----On 8/20 Initial Guess Perturbations
Iteration 3320/4500-----
J=1.2e-02, ⟨Jf⟩=1.2e-03, ⟨B·n⟩=8.4e-03, Len=sum([4.8, 4.6, 4.2])=13.5, ϰ=[4.9, 5.2, 4.6], ∫ϰ²/L>=[4.8, 6.1, 6.3], C-C-Sep=0.20, ║∇J║=5.9e-05
-----On 8/20 Initial Guess Perturbations
Iteration 3321/4500-----
J=1.2e-02, ⟨Jf⟩=1.2e-03, ⟨B·n⟩=8.4e-03, Len=sum([4.8, 4.6, 4.2])=13.5, ϰ=[4.9, 5.2, 4.6], ∫ϰ²/L>=[4.8, 6.1, 6.3], C-C-Sep=0.20, ║∇J║=6.2e-05
-----On 8/20 Initial Guess Perturbations
Iteration 3322/4500-----
J=1.2e-02, ⟨Jf⟩=1.2e-03, ⟨B·n⟩=8.4e-03, Len=sum([4.8, 4.6, 4.2])=13.5, ϰ=[4.9, 5.2, 4.6], ∫ϰ²/L>=[4.8, 6.1, 6.3], C-C-Sep=0.20, ║∇J║=6.5e-05
-----On 8/20 Initial Guess Perturbations
Iteration 3323/4500-----
J=1.2e-02, ⟨Jf⟩=1.2e-03, ⟨B·n⟩=8.4e-03, Len=sum([4.8, 4.6, 4.2])=13.5, ϰ=[4.9, 5.2, 4.6], ∫ϰ²/L>=[4.8, 6.1, 6.3], C-C-Sep=0.20, ║∇J║=7.4e-05
-----On 8/20 Initial Guess Perturbations
Iteration 3324/4500-----
J=1.2e-02, ⟨Jf⟩=1.2e-03, ⟨B·n⟩=8.4e-03, Len=sum([4.8, 4.6, 4.2])=13.5, ϰ=[4.9, 5.2, 4.6], ∫ϰ²/L>=[4.8, 6.1, 6.3], C-C-Sep=0.20, ║∇J║=7.1e-05
-----On 8/20 Initial Guess Perturbations
Iteration 3325/4500-----
J=1.2e-02, ⟨Jf⟩=1.2e-03, ⟨B·n⟩=8.4e-03, Len=sum([4.8, 4.6, 4.2])=13.5, ϰ=[4.9, 5.2, 4.6], ∫ϰ²/L>=[4.8, 6.1, 6.3], C-C-Sep=0.20, ║∇J║=7.8e-05
-----On 8/20 Initial Guess Perturbations
Iteration 3326/4500-----
J=1.2e-02, ⟨Jf⟩=1.2e-03, ⟨B·n⟩=8.4e-03, Len=sum([4.8, 4.6, 4.2])=13.5, ϰ=[4.9, 5.2, 4.6], ∫ϰ²/L>=[4.8, 6.1, 6.3], C-C-Sep=0.20, ║∇J║=8.1e-05
-----On 8/20 Initial Guess Perturbations
Iteration 3327/4500-----
J=1.2e-02, ⟨Jf⟩=1.2e-03, ⟨B·n⟩=8.4e-03, Len=sum([4.8, 4.6, 4.2])=13.5, ϰ=[4.9, 5.2, 4.6], ∫ϰ²/L>=[4.8, 6.1, 6.3], C-C-Sep=0.20, ║∇J║=7.7e-05
-----On 8/20 Initial Guess Perturbations
Iteration 3328/4500-----
J=1.2e-02, ⟨Jf⟩=1.2e-03, ⟨B·n⟩=8.4e-03, Len=sum([4.8, 4.6, 4.2])=13.5, ϰ=[4.9, 5.2, 4.6], ∫ϰ²/L>=[4.8, 6.1, 6.3], C-C-Sep=0.20, ║∇J║=7.8e-05
-----On 8/20 Initial Guess Perturbations
Iteration 3329/4500-----
J=1.2e-02, ⟨Jf⟩=1.2e-03, ⟨B·n⟩=8.4e-03, Len=sum([4.8, 4.6, 4.2])=13.5, ϰ=[4.9, 5.2, 4.6], ∫ϰ²/L>=[4.8, 6.1, 6.3], C-C-Sep=0.20, ║∇J║=8.6e-05
-----On 8/20 Initial Guess Perturbations
Iteration 3330/4500-----
J=1.2e-02, ⟨Jf⟩=1.2e-03, ⟨B·n⟩=8.4e-03, Len=sum([4.8, 4.6, 4.2])=13.5, ϰ=[4.9, 5.2, 4.6], ∫ϰ²/L>=[4.8, 6.1, 6.3], C-C-Sep=0.20, ║∇J║=9.6e-05
-----On 8/20 Initial Guess Perturbations
Iteration 3331/4500-----
J=1.2e-02, ⟨Jf⟩=1.2e-03, ⟨B·n⟩=8.4e-03, Len=sum([4.8, 4.6, 4.2])=13.5, ϰ=[4.9, 5.2, 4.6], ∫ϰ²/L>=[4.8, 6.1, 6.3], C-C-Sep=0.20, ║∇J║=7.6e-05
-----On 8/20 Initial Guess Perturbations
Iteration 3332/4500-----
J=1.2e-02, ⟨Jf⟩=1.2e-03, ⟨B·n⟩=8.4e-03, Len=sum([4.8, 4.6, 4.2])=13.5, ϰ=[4.9, 5.2, 4.6], ∫ϰ²/L>=[4.8, 6.1, 6.3], C-C-Sep=0.20, ║∇J║=6.4e-05
-----On 8/20 Initial Guess Perturbations
Iteration 3333/4500-----
J=1.2e-02, ⟨Jf⟩=1.2e-03, ⟨B·n⟩=8.4e-03, Len=sum([4.8, 4.6, 4.2])=13.5, ϰ=[4.9, 5.2, 4.6], ∫ϰ²/L>=[4.8, 6.1, 6.3], C-C-Sep=0.20, ║∇J║=7.0e-05
-----On 8/20 Initial Guess Perturbations
Iteration 3334/4500-----
J=1.2e-02, ⟨Jf⟩=1.2e-03, ⟨B·n⟩=8.4e-03, Len=sum([4.8, 4.6, 4.2])=13.5, ϰ=[4.9, 5.2, 4.6], ∫ϰ²/L>=[4.8, 6.1, 6.3], C-C-Sep=0.20, ║∇J║=8.1e-05
-----On 8/20 Initial Guess Perturbations
Iteration 3335/4500-----
J=1.2e-02, ⟨Jf⟩=1.2e-03, ⟨B·n⟩=8.4e-03, Len=sum([4.8, 4.6, 4.2])=13.5, ϰ=[4.9, 5.2, 4.6], ∫ϰ²/L>=[4.8, 6.1, 6.3], C-C-Sep=0.20, ║∇J║=5.9e-05
-----On 8/20 Initial Guess Perturbations
Iteration 3336/4500-----
J=1.2e-02, ⟨Jf⟩=1.2e-03, ⟨B·n⟩=8.4e-03, Len=sum([4.8, 4.6, 4.2])=13.5, ϰ=[4.9, 5.2, 4.6], ∫ϰ²/L>=[4.8, 6.1, 6.3], C-C-Sep=0.20, ║∇J║=5.7e-05
-----On 8/20 Initial Guess Perturbations
Iteration 3337/4500-----
J=1.2e-02, ⟨Jf⟩=1.2e-03, ⟨B·n⟩=8.4e-03, Len=sum([4.8, 4.6, 4.2])=13.5, ϰ=[4.9, 5.2, 4.6], ∫ϰ²/L>=[4.8, 6.1, 6.3], C-C-Sep=0.20, ║∇J║=6.9e-05
-----On 8/20 Initial Guess Perturbations
Iteration 3338/4500-----
J=1.2e-02, ⟨Jf⟩=1.2e-03, ⟨B·n⟩=8.4e-03, Len=sum([4.8, 4.6, 4.2])=13.5, ϰ=[4.9, 5.2, 4.6], ∫ϰ²/L>=[4.8, 6.1, 6.3], C-C-Sep=0.20, ║∇J║=6.0e-05
-----On 8/20 Initial Guess Perturbations
Iteration 3339/4500-----
J=1.2e-02, ⟨Jf⟩=1.2e-03, ⟨B·n⟩=8.4e-03, Len=sum([4.8, 4.6, 4.2])=13.5, ϰ=[4.9, 5.2, 4.6], ∫ϰ²/L>=[4.8, 6.1, 6.3], C-C-Sep=0.20, ║∇J║=6.3e-05
-----On 8/20 Initial Guess Perturbations
Iteration 3340/4500-----
J=1.2e-02, ⟨Jf⟩=1.2e-03, ⟨B·n⟩=8.4e-03, Len=sum([4.8, 4.6, 4.2])=13.5, ϰ=[4.9, 5.2, 4.6], ∫ϰ²/L>=[4.8, 6.1, 6.3], C-C-Sep=0.20, ║∇J║=9.7e-05
-----On 8/20 Initial Guess Perturbations
Iteration 3341/4500-----
J=1.2e-02, ⟨Jf⟩=1.2e-03, ⟨B·n⟩=8.4e-03, Len=sum([4.8, 4.6, 4.2])=13.5, ϰ=[4.9, 5.2, 4.6], ∫ϰ²/L>=[4.8, 6.1, 6.3], C-C-Sep=0.20, ║∇J║=7.1e-05
-----On 8/20 Initial Guess Perturbations
Iteration 3342/4500-----
J=1.2e-02, ⟨Jf⟩=1.2e-03, ⟨B·n⟩=8.4e-03, Len=sum([4.8, 4.6, 4.2])=13.5, ϰ=[4.9, 5.2, 4.6], ∫ϰ²/L>=[4.8, 6.1, 6.3], C-C-Sep=0.20, ║∇J║=6.8e-05
-----On 8/20 Initial Guess Perturbations
Iteration 3343/4500-----
J=1.2e-02, ⟨Jf⟩=1.2e-03, ⟨B·n⟩=8.4e-03, Len=sum([4.8, 4.6, 4.2])=13.5, ϰ=[4.9, 5.2, 4.6], ∫ϰ²/L>=[4.8, 6.1, 6.3], C-C-Sep=0.20, ║∇J║=9.6e-05
-----On 8/20 Initial Guess Perturbations
Iteration 3344/4500-----
J=1.2e-02, ⟨Jf⟩=1.2e-03, ⟨B·n⟩=8.4e-03, Len=sum([4.8, 4.6, 4.2])=13.5, ϰ=[4.9, 5.2, 4.6], ∫ϰ²/L>=[4.8, 6.1, 6.3], C-C-Sep=0.20, ║∇J║=1.2e-04
-----On 8/20 Initial Guess Perturbations
Iteration 3345/4500-----
J=1.2e-02, ⟨Jf⟩=1.2e-03, ⟨B·n⟩=8.4e-03, Len=sum([4.8, 4.6, 4.2])=13.5, ϰ=[4.9, 5.2, 4.6], ∫ϰ²/L>=[4.8, 6.1, 6.3], C-C-Sep=0.20, ║∇J║=7.4e-05
-----On 8/20 Initial Guess Perturbations
Iteration 3346/4500-----
J=1.2e-02, ⟨Jf⟩=1.2e-03, ⟨B·n⟩=8.4e-03, Len=sum([4.8, 4.6, 4.2])=13.5, ϰ=[4.9, 5.2, 4.6], ∫ϰ²/L>=[4.8, 6.1, 6.3], C-C-Sep=0.20, ║∇J║=6.5e-05
-----On 8/20 Initial Guess Perturbations
Iteration 3347/4500-----
J=1.2e-02, ⟨Jf⟩=1.2e-03, ⟨B·n⟩=8.4e-03, Len=sum([4.8, 4.6, 4.2])=13.5, ϰ=[4.9, 5.2, 4.6], ∫ϰ²/L>=[4.8, 6.1, 6.3], C-C-Sep=0.20, ║∇J║=7.1e-05
-----On 8/20 Initial Guess Perturbations
Iteration 3348/4500-----
J=1.2e-02, ⟨Jf⟩=1.2e-03, ⟨B·n⟩=8.4e-03, Len=sum([4.8, 4.6, 4.2])=13.5, ϰ=[4.9, 5.2, 4.6], ∫ϰ²/L>=[4.8, 6.1, 6.3], C-C-Sep=0.20, ║∇J║=1.1e-04
-----On 8/20 Initial Guess Perturbations
Iteration 3349/4500-----
J=1.2e-02, ⟨Jf⟩=1.2e-03, ⟨B·n⟩=8.4e-03, Len=sum([4.8, 4.6, 4.2])=13.5, ϰ=[4.9, 5.2, 4.6], ∫ϰ²/L>=[4.8, 6.1, 6.3], C-C-Sep=0.20, ║∇J║=7.4e-05
-----On 8/20 Initial Guess Perturbations
Iteration 3350/4500-----
J=1.2e-02, ⟨Jf⟩=1.2e-03, ⟨B·n⟩=8.4e-03, Len=sum([4.8, 4.6, 4.2])=13.5, ϰ=[4.9, 5.2, 4.6], ∫ϰ²/L>=[4.8, 6.1, 6.3], C-C-Sep=0.20, ║∇J║=6.6e-05
-----On 8/20 Initial Guess Perturbations
Iteration 3351/4500-----
J=1.2e-02, ⟨Jf⟩=1.2e-03, ⟨B·n⟩=8.4e-03, Len=sum([4.8, 4.6, 4.2])=13.5, ϰ=[4.9, 5.2, 4.6], ∫ϰ²/L>=[4.8, 6.1, 6.3], C-C-Sep=0.20, ║∇J║=7.1e-05
-----On 8/20 Initial Guess Perturbations
Iteration 3352/4500-----
J=1.2e-02, ⟨Jf⟩=1.2e-03, ⟨B·n⟩=8.4e-03, Len=sum([4.8, 4.6, 4.2])=13.5, ϰ=[4.9, 5.2, 4.6], ∫ϰ²/L>=[4.8, 6.1, 6.3], C-C-Sep=0.20, ║∇J║=7.5e-05
-----On 8/20 Initial Guess Perturbations
Iteration 3353/4500-----
J=1.2e-02, ⟨Jf⟩=1.2e-03, ⟨B·n⟩=8.4e-03, Len=sum([4.8, 4.6, 4.2])=13.5, ϰ=[4.9, 5.2, 4.6], ∫ϰ²/L>=[4.8, 6.1, 6.3], C-C-Sep=0.20, ║∇J║=8.5e-05
-----On 8/20 Initial Guess Perturbations
Iteration 3354/4500-----
J=1.2e-02, ⟨Jf⟩=1.2e-03, ⟨B·n⟩=8.4e-03, Len=sum([4.8, 4.6, 4.2])=13.5, ϰ=[4.9, 5.2, 4.6], ∫ϰ²/L>=[4.8, 6.1, 6.3], C-C-Sep=0.20, ║∇J║=6.4e-05
-----On 8/20 Initial Guess Perturbations
Iteration 3355/4500-----
J=1.2e-02, ⟨Jf⟩=1.2e-03, ⟨B·n⟩=8.4e-03, Len=sum([4.8, 4.6, 4.2])=13.5, ϰ=[4.9, 5.2, 4.6], ∫ϰ²/L>=[4.8, 6.1, 6.3], C-C-Sep=0.20, ║∇J║=5.4e-05
-----On 8/20 Initial Guess Perturbations
Iteration 3356/4500-----
J=1.2e-02, ⟨Jf⟩=1.2e-03, ⟨B·n⟩=8.4e-03, Len=sum([4.8, 4.6, 4.2])=13.5, ϰ=[4.9, 5.2, 4.6], ∫ϰ²/L>=[4.8, 6.1, 6.3], C-C-Sep=0.20, ║∇J║=6.4e-05
-----On 8/20 Initial Guess Perturbations
Iteration 3357/4500-----
J=1.2e-02, ⟨Jf⟩=1.2e-03, ⟨B·n⟩=8.4e-03, Len=sum([4.8, 4.6, 4.2])=13.5, ϰ=[4.9, 5.2, 4.6], ∫ϰ²/L>=[4.8, 6.1, 6.3], C-C-Sep=0.20, ║∇J║=8.1e-05
-----On 8/20 Initial Guess Perturbations
Iteration 3358/4500-----
J=1.2e-02, ⟨Jf⟩=1.2e-03, ⟨B·n⟩=8.4e-03, Len=sum([4.8, 4.6, 4.2])=13.5, ϰ=[4.9, 5.2, 4.6], ∫ϰ²/L>=[4.8, 6.1, 6.3], C-C-Sep=0.20, ║∇J║=6.9e-05
-----On 8/20 Initial Guess Perturbations
Iteration 3359/4500-----
J=1.2e-02, ⟨Jf⟩=1.2e-03, ⟨B·n⟩=8.4e-03, Len=sum([4.8, 4.6, 4.2])=13.5, ϰ=[4.9, 5.2, 4.6], ∫ϰ²/L>=[4.8, 6.1, 6.3], C-C-Sep=0.20, ║∇J║=5.9e-05
-----On 8/20 Initial Guess Perturbations
Iteration 3360/4500-----
J=1.2e-02, ⟨Jf⟩=1.2e-03, ⟨B·n⟩=8.4e-03, Len=sum([4.8, 4.6, 4.2])=13.5, ϰ=[4.9, 5.2, 4.6], ∫ϰ²/L>=[4.8, 6.1, 6.3], C-C-Sep=0.20, ║∇J║=6.2e-05
-----On 8/20 Initial Guess Perturbations
Iteration 3361/4500-----
J=1.2e-02, ⟨Jf⟩=1.2e-03, ⟨B·n⟩=8.4e-03, Len=sum([4.8, 4.6, 4.2])=13.5, ϰ=[4.9, 5.2, 4.6], ∫ϰ²/L>=[4.8, 6.1, 6.3], C-C-Sep=0.20, ║∇J║=5.7e-05
-----On 8/20 Initial Guess Perturbations
Iteration 3362/4500-----
J=1.2e-02, ⟨Jf⟩=1.2e-03, ⟨B·n⟩=8.4e-03, Len=sum([4.8, 4.6, 4.2])=13.5, ϰ=[4.9, 5.2, 4.6], ∫ϰ²/L>=[4.8, 6.1, 6.3], C-C-Sep=0.20, ║∇J║=5.8e-05
-----On 8/20 Initial Guess Perturbations
Iteration 3363/4500-----
J=1.2e-02, ⟨Jf⟩=1.2e-03, ⟨B·n⟩=8.4e-03, Len=sum([4.8, 4.6, 4.2])=13.5, ϰ=[4.9, 5.2, 4.6], ∫ϰ²/L>=[4.8, 6.1, 6.3], C-C-Sep=0.20, ║∇J║=6.8e-05
-----On 8/20 Initial Guess Perturbations
Iteration 3364/4500-----
J=1.2e-02, ⟨Jf⟩=1.2e-03, ⟨B·n⟩=8.4e-03, Len=sum([4.8, 4.6, 4.2])=13.5, ϰ=[4.9, 5.2, 4.6], ∫ϰ²/L>=[4.8, 6.1, 6.3], C-C-Sep=0.20, ║∇J║=6.8e-05
-----On 8/20 Initial Guess Perturbations
Iteration 3365/4500-----
J=1.2e-02, ⟨Jf⟩=1.2e-03, ⟨B·n⟩=8.4e-03, Len=sum([4.8, 4.6, 4.2])=13.5, ϰ=[4.9, 5.2, 4.6], ∫ϰ²/L>=[4.8, 6.1, 6.3], C-C-Sep=0.20, ║∇J║=5.8e-05
-----On 8/20 Initial Guess Perturbations
Iteration 3366/4500-----
J=1.2e-02, ⟨Jf⟩=1.2e-03, ⟨B·n⟩=8.4e-03, Len=sum([4.8, 4.6, 4.2])=13.5, ϰ=[4.9, 5.2, 4.6], ∫ϰ²/L>=[4.8, 6.1, 6.3], C-C-Sep=0.20, ║∇J║=6.5e-05
-----On 8/20 Initial Guess Perturbations
Iteration 3367/4500-----
J=1.2e-02, ⟨Jf⟩=1.2e-03, ⟨B·n⟩=8.4e-03, Len=sum([4.8, 4.6, 4.2])=13.5, ϰ=[4.9, 5.2, 4.6], ∫ϰ²/L>=[4.8, 6.1, 6.3], C-C-Sep=0.20, ║∇J║=8.2e-05
-----On 8/20 Initial Guess Perturbations
Iteration 3368/4500-----
J=1.2e-02, ⟨Jf⟩=1.2e-03, ⟨B·n⟩=8.4e-03, Len=sum([4.8, 4.6, 4.2])=13.5, ϰ=[4.9, 5.2, 4.6], ∫ϰ²/L>=[4.8, 6.1, 6.3], C-C-Sep=0.20, ║∇J║=6.8e-05
-----On 8/20 Initial Guess Perturbations
Iteration 3369/4500-----
J=1.2e-02, ⟨Jf⟩=1.2e-03, ⟨B·n⟩=8.4e-03, Len=sum([4.8, 4.6, 4.2])=13.5, ϰ=[4.9, 5.2, 4.6], ∫ϰ²/L>=[4.8, 6.1, 6.3], C-C-Sep=0.20, ║∇J║=9.2e-05
-----On 8/20 Initial Guess Perturbations
Iteration 3370/4500-----
J=1.2e-02, ⟨Jf⟩=1.2e-03, ⟨B·n⟩=8.4e-03, Len=sum([4.8, 4.6, 4.2])=13.5, ϰ=[4.9, 5.2, 4.6], ∫ϰ²/L>=[4.8, 6.1, 6.3], C-C-Sep=0.20, ║∇J║=1.2e-04
-----On 8/20 Initial Guess Perturbations
Iteration 3371/4500-----
J=1.2e-02, ⟨Jf⟩=1.2e-03, ⟨B·n⟩=8.4e-03, Len=sum([4.8, 4.6, 4.2])=13.5, ϰ=[4.9, 5.2, 4.6], ∫ϰ²/L>=[4.8, 6.1, 6.3], C-C-Sep=0.20, ║∇J║=1.6e-04
-----On 8/20 Initial Guess Perturbations
Iteration 3372/4500-----
J=1.2e-02, ⟨Jf⟩=1.2e-03, ⟨B·n⟩=8.4e-03, Len=sum([4.8, 4.6, 4.2])=13.5, ϰ=[4.9, 5.2, 4.6], ∫ϰ²/L>=[4.8, 6.1, 6.3], C-C-Sep=0.20, ║∇J║=1.1e-04
-----On 8/20 Initial Guess Perturbations
Iteration 3373/4500-----
J=1.2e-02, ⟨Jf⟩=1.2e-03, ⟨B·n⟩=8.4e-03, Len=sum([4.8, 4.6, 4.2])=13.5, ϰ=[4.9, 5.2, 4.6], ∫ϰ²/L>=[4.8, 6.1, 6.3], C-C-Sep=0.20, ║∇J║=1.5e-04
-----On 8/20 Initial Guess Perturbations
Iteration 3374/4500-----
J=1.2e-02, ⟨Jf⟩=1.2e-03, ⟨B·n⟩=8.4e-03, Len=sum([4.8, 4.6, 4.2])=13.5, ϰ=[4.9, 5.2, 4.6], ∫ϰ²/L>=[4.8, 6.1, 6.3], C-C-Sep=0.20, ║∇J║=8.1e-05
-----On 8/20 Initial Guess Perturbations
Iteration 3375/4500-----
J=1.2e-02, ⟨Jf⟩=1.2e-03, ⟨B·n⟩=8.4e-03, Len=sum([4.8, 4.6, 4.2])=13.5, ϰ=[4.9, 5.2, 4.6], ∫ϰ²/L>=[4.8, 6.1, 6.3], C-C-Sep=0.20, ║∇J║=7.0e-05
-----On 8/20 Initial Guess Perturbations
Iteration 3376/4500-----
J=1.2e-02, ⟨Jf⟩=1.2e-03, ⟨B·n⟩=8.4e-03, Len=sum([4.8, 4.6, 4.2])=13.5, ϰ=[4.9, 5.2, 4.6], ∫ϰ²/L>=[4.8, 6.1, 6.3], C-C-Sep=0.20, ║∇J║=9.0e-05
-----On 8/20 Initial Guess Perturbations
Iteration 3377/4500-----
J=1.2e-02, ⟨Jf⟩=1.2e-03, ⟨B·n⟩=8.4e-03, Len=sum([4.8, 4.6, 4.2])=13.5, ϰ=[4.9, 5.2, 4.6], ∫ϰ²/L>=[4.8, 6.1, 6.3], C-C-Sep=0.20, ║∇J║=1.0e-04
-----On 8/20 Initial Guess Perturbations
Iteration 3378/4500-----
J=1.2e-02, ⟨Jf⟩=1.2e-03, ⟨B·n⟩=8.4e-03, Len=sum([4.8, 4.6, 4.2])=13.5, ϰ=[4.9, 5.2, 4.6], ∫ϰ²/L>=[4.8, 6.1, 6.3], C-C-Sep=0.20, ║∇J║=1.5e-04
-----On 8/20 Initial Guess Perturbations
Iteration 3379/4500-----
J=1.2e-02, ⟨Jf⟩=1.2e-03, ⟨B·n⟩=8.4e-03, Len=sum([4.8, 4.6, 4.2])=13.5, ϰ=[4.9, 5.2, 4.6], ∫ϰ²/L>=[4.8, 6.1, 6.3], C-C-Sep=0.20, ║∇J║=9.9e-05
-----On 8/20 Initial Guess Perturbations
Iteration 3380/4500-----
J=1.2e-02, ⟨Jf⟩=1.2e-03, ⟨B·n⟩=8.4e-03, Len=sum([4.8, 4.6, 4.2])=13.5, ϰ=[4.9, 5.2, 4.6], ∫ϰ²/L>=[4.8, 6.1, 6.3], C-C-Sep=0.20, ║∇J║=1.3e-04
-----On 8/20 Initial Guess Perturbations
Iteration 3381/4500-----
J=1.2e-02, ⟨Jf⟩=1.2e-03, ⟨B·n⟩=8.4e-03, Len=sum([4.8, 4.6, 4.2])=13.5, ϰ=[4.9, 5.2, 4.6], ∫ϰ²/L>=[4.8, 6.1, 6.3], C-C-Sep=0.20, ║∇J║=2.0e-04
-----On 8/20 Initial Guess Perturbations
Iteration 3382/4500-----
J=1.2e-02, ⟨Jf⟩=1.2e-03, ⟨B·n⟩=8.4e-03, Len=sum([4.8, 4.6, 4.2])=13.5, ϰ=[4.9, 5.2, 4.6], ∫ϰ²/L>=[4.8, 6.1, 6.3], C-C-Sep=0.20, ║∇J║=1.2e-04
-----On 8/20 Initial Guess Perturbations
Iteration 3383/4500-----
J=1.2e-02, ⟨Jf⟩=1.2e-03, ⟨B·n⟩=8.4e-03, Len=sum([4.8, 4.6, 4.2])=13.5, ϰ=[4.9, 5.2, 4.6], ∫ϰ²/L>=[4.8, 6.1, 6.3], C-C-Sep=0.20, ║∇J║=6.4e-05
-----On 8/20 Initial Guess Perturbations
Iteration 3384/4500-----
J=1.2e-02, ⟨Jf⟩=1.2e-03, ⟨B·n⟩=8.4e-03, Len=sum([4.8, 4.6, 4.2])=13.5, ϰ=[4.9, 5.2, 4.6], ∫ϰ²/L>=[4.8, 6.1, 6.3], C-C-Sep=0.20, ║∇J║=5.8e-05
-----On 8/20 Initial Guess Perturbations
Iteration 3385/4500-----
J=1.2e-02, ⟨Jf⟩=1.2e-03, ⟨B·n⟩=8.4e-03, Len=sum([4.8, 4.6, 4.2])=13.5, ϰ=[4.9, 5.2, 4.6], ∫ϰ²/L>=[4.8, 6.1, 6.3], C-C-Sep=0.20, ║∇J║=1.1e-04
-----On 8/20 Initial Guess Perturbations
Iteration 3386/4500-----
J=1.2e-02, ⟨Jf⟩=1.2e-03, ⟨B·n⟩=8.4e-03, Len=sum([4.8, 4.6, 4.2])=13.5, ϰ=[4.9, 5.2, 4.6], ∫ϰ²/L>=[4.8, 6.1, 6.3], C-C-Sep=0.20, ║∇J║=1.4e-04
-----On 8/20 Initial Guess Perturbations
Iteration 3387/4500-----
J=1.2e-02, ⟨Jf⟩=1.2e-03, ⟨B·n⟩=8.4e-03, Len=sum([4.8, 4.6, 4.2])=13.5, ϰ=[4.9, 5.2, 4.6], ∫ϰ²/L>=[4.8, 6.1, 6.3], C-C-Sep=0.20, ║∇J║=9.5e-05
-----On 8/20 Initial Guess Perturbations
Iteration 3388/4500-----
J=1.2e-02, ⟨Jf⟩=1.2e-03, ⟨B·n⟩=8.4e-03, Len=sum([4.8, 4.6, 4.2])=13.5, ϰ=[4.9, 5.2, 4.6], ∫ϰ²/L>=[4.8, 6.1, 6.3], C-C-Sep=0.20, ║∇J║=7.7e-05
-----On 8/20 Initial Guess Perturbations
Iteration 3389/4500-----
J=1.2e-02, ⟨Jf⟩=1.2e-03, ⟨B·n⟩=8.4e-03, Len=sum([4.8, 4.6, 4.2])=13.5, ϰ=[4.9, 5.2, 4.6], ∫ϰ²/L>=[4.8, 6.1, 6.3], C-C-Sep=0.20, ║∇J║=8.7e-05
-----On 8/20 Initial Guess Perturbations
Iteration 3390/4500-----
J=1.2e-02, ⟨Jf⟩=1.2e-03, ⟨B·n⟩=8.4e-03, Len=sum([4.8, 4.6, 4.2])=13.5, ϰ=[4.9, 5.2, 4.6], ∫ϰ²/L>=[4.8, 6.1, 6.3], C-C-Sep=0.20, ║∇J║=1.1e-04
-----On 8/20 Initial Guess Perturbations
Iteration 3391/4500-----
J=1.2e-02, ⟨Jf⟩=1.2e-03, ⟨B·n⟩=8.4e-03, Len=sum([4.8, 4.6, 4.2])=13.5, ϰ=[4.9, 5.2, 4.6], ∫ϰ²/L>=[4.8, 6.1, 6.3], C-C-Sep=0.20, ║∇J║=1.5e-04
-----On 8/20 Initial Guess Perturbations
Iteration 3392/4500-----
J=1.2e-02, ⟨Jf⟩=1.2e-03, ⟨B·n⟩=8.4e-03, Len=sum([4.8, 4.6, 4.2])=13.5, ϰ=[4.9, 5.2, 4.6], ∫ϰ²/L>=[4.8, 6.1, 6.3], C-C-Sep=0.20, ║∇J║=1.6e-04
-----On 8/20 Initial Guess Perturbations
Iteration 3393/4500-----
J=1.2e-02, ⟨Jf⟩=1.2e-03, ⟨B·n⟩=8.4e-03, Len=sum([4.8, 4.6, 4.2])=13.5, ϰ=[4.9, 5.2, 4.6], ∫ϰ²/L>=[4.8, 6.1, 6.3], C-C-Sep=0.20, ║∇J║=1.7e-04
-----On 8/20 Initial Guess Perturbations
Iteration 3394/4500-----
J=1.2e-02, ⟨Jf⟩=1.2e-03, ⟨B·n⟩=8.4e-03, Len=sum([4.8, 4.6, 4.2])=13.5, ϰ=[4.9, 5.2, 4.6], ∫ϰ²/L>=[4.8, 6.1, 6.3], C-C-Sep=0.20, ║∇J║=3.1e-04
-----On 8/20 Initial Guess Perturbations
Iteration 3395/4500-----
J=1.2e-02, ⟨Jf⟩=1.2e-03, ⟨B·n⟩=8.4e-03, Len=sum([4.8, 4.6, 4.2])=13.5, ϰ=[4.9, 5.2, 4.6], ∫ϰ²/L>=[4.8, 6.1, 6.3], C-C-Sep=0.20, ║∇J║=1.8e-04
-----On 8/20 Initial Guess Perturbations
Iteration 3396/4500-----
J=1.2e-02, ⟨Jf⟩=1.2e-03, ⟨B·n⟩=8.4e-03, Len=sum([4.8, 4.6, 4.2])=13.5, ϰ=[4.9, 5.2, 4.6], ∫ϰ²/L>=[4.8, 6.1, 6.3], C-C-Sep=0.20, ║∇J║=1.7e-04
-----On 8/20 Initial Guess Perturbations
Iteration 3397/4500-----
J=1.2e-02, ⟨Jf⟩=1.2e-03, ⟨B·n⟩=8.4e-03, Len=sum([4.8, 4.6, 4.2])=13.5, ϰ=[4.9, 5.2, 4.6], ∫ϰ²/L>=[4.8, 6.1, 6.3], C-C-Sep=0.20, ║∇J║=1.5e-04
-----On 8/20 Initial Guess Perturbations
Iteration 3398/4500-----
J=1.2e-02, ⟨Jf⟩=1.2e-03, ⟨B·n⟩=8.4e-03, Len=sum([4.8, 4.6, 4.2])=13.5, ϰ=[4.9, 5.2, 4.6], ∫ϰ²/L>=[4.8, 6.1, 6.3], C-C-Sep=0.20, ║∇J║=1.6e-04
-----On 8/20 Initial Guess Perturbations
Iteration 3399/4500-----
J=1.2e-02, ⟨Jf⟩=1.2e-03, ⟨B·n⟩=8.4e-03, Len=sum([4.8, 4.6, 4.2])=13.5, ϰ=[4.9, 5.2, 4.6], ∫ϰ²/L>=[4.8, 6.1, 6.3], C-C-Sep=0.20, ║∇J║=2.2e-04
-----On 8/20 Initial Guess Perturbations
Iteration 3400/4500-----
J=1.2e-02, ⟨Jf⟩=1.2e-03, ⟨B·n⟩=8.4e-03, Len=sum([4.8, 4.6, 4.2])=13.5, ϰ=[4.9, 5.2, 4.6], ∫ϰ²/L>=[4.8, 6.1, 6.3], C-C-Sep=0.20, ║∇J║=1.9e-04
-----On 8/20 Initial Guess Perturbations
Iteration 3401/4500-----
J=1.2e-02, ⟨Jf⟩=1.2e-03, ⟨B·n⟩=8.4e-03, Len=sum([4.8, 4.6, 4.2])=13.5, ϰ=[4.9, 5.2, 4.6], ∫ϰ²/L>=[4.8, 6.1, 6.3], C-C-Sep=0.20, ║∇J║=2.2e-04
-----On 8/20 Initial Guess Perturbations
Iteration 3402/4500-----
J=1.2e-02, ⟨Jf⟩=1.2e-03, ⟨B·n⟩=8.4e-03, Len=sum([4.8, 4.6, 4.2])=13.5, ϰ=[4.9, 5.3, 4.6], ∫ϰ²/L>=[4.8, 6.1, 6.3], C-C-Sep=0.20, ║∇J║=2.5e-04
-----On 8/20 Initial Guess Perturbations
Iteration 3403/4500-----
J=1.2e-02, ⟨Jf⟩=1.2e-03, ⟨B·n⟩=8.4e-03, Len=sum([4.8, 4.6, 4.2])=13.5, ϰ=[4.9, 5.3, 4.6], ∫ϰ²/L>=[4.8, 6.1, 6.3], C-C-Sep=0.20, ║∇J║=1.6e-04
-----On 8/20 Initial Guess Perturbations
Iteration 3404/4500-----
J=1.2e-02, ⟨Jf⟩=1.2e-03, ⟨B·n⟩=8.4e-03, Len=sum([4.8, 4.6, 4.2])=13.5, ϰ=[4.9, 5.2, 4.6], ∫ϰ²/L>=[4.8, 6.1, 6.3], C-C-Sep=0.20, ║∇J║=2.7e-04
-----On 8/20 Initial Guess Perturbations
Iteration 3405/4500-----
J=1.2e-02, ⟨Jf⟩=1.2e-03, ⟨B·n⟩=8.4e-03, Len=sum([4.8, 4.6, 4.2])=13.5, ϰ=[4.9, 5.2, 4.6], ∫ϰ²/L>=[4.8, 6.1, 6.3], C-C-Sep=0.20, ║∇J║=1.8e-04
-----On 8/20 Initial Guess Perturbations
Iteration 3406/4500-----
J=1.2e-02, ⟨Jf⟩=1.2e-03, ⟨B·n⟩=8.4e-03, Len=sum([4.8, 4.6, 4.2])=13.5, ϰ=[4.9, 5.2, 4.6], ∫ϰ²/L>=[4.8, 6.1, 6.3], C-C-Sep=0.20, ║∇J║=1.6e-04
-----On 8/20 Initial Guess Perturbations
Iteration 3407/4500-----
J=1.2e-02, ⟨Jf⟩=1.2e-03, ⟨B·n⟩=8.4e-03, Len=sum([4.8, 4.6, 4.2])=13.5, ϰ=[4.9, 5.2, 4.6], ∫ϰ²/L>=[4.8, 6.1, 6.3], C-C-Sep=0.20, ║∇J║=1.5e-04
-----On 8/20 Initial Guess Perturbations
Iteration 3408/4500-----
J=1.2e-02, ⟨Jf⟩=1.2e-03, ⟨B·n⟩=8.4e-03, Len=sum([4.8, 4.6, 4.2])=13.5, ϰ=[4.9, 5.2, 4.6], ∫ϰ²/L>=[4.8, 6.1, 6.3], C-C-Sep=0.20, ║∇J║=1.5e-04
-----On 8/20 Initial Guess Perturbations
Iteration 3409/4500-----
J=1.2e-02, ⟨Jf⟩=1.2e-03, ⟨B·n⟩=8.4e-03, Len=sum([4.8, 4.6, 4.2])=13.5, ϰ=[4.9, 5.2, 4.6], ∫ϰ²/L>=[4.8, 6.1, 6.3], C-C-Sep=0.20, ║∇J║=2.2e-04
-----On 8/20 Initial Guess Perturbations
Iteration 3410/4500-----
J=1.2e-02, ⟨Jf⟩=1.2e-03, ⟨B·n⟩=8.4e-03, Len=sum([4.8, 4.6, 4.2])=13.5, ϰ=[4.9, 5.2, 4.6], ∫ϰ²/L>=[4.8, 6.1, 6.3], C-C-Sep=0.20, ║∇J║=1.9e-04
-----On 8/20 Initial Guess Perturbations
Iteration 3411/4500-----
J=1.2e-02, ⟨Jf⟩=1.2e-03, ⟨B·n⟩=8.4e-03, Len=sum([4.8, 4.6, 4.2])=13.5, ϰ=[4.9, 5.2, 4.6], ∫ϰ²/L>=[4.8, 6.1, 6.3], C-C-Sep=0.20, ║∇J║=1.9e-04
-----On 8/20 Initial Guess Perturbations
Iteration 3412/4500-----
J=1.2e-02, ⟨Jf⟩=1.2e-03, ⟨B·n⟩=8.4e-03, Len=sum([4.8, 4.6, 4.2])=13.5, ϰ=[4.9, 5.2, 4.6], ∫ϰ²/L>=[4.8, 6.1, 6.3], C-C-Sep=0.20, ║∇J║=2.8e-04
-----On 8/20 Initial Guess Perturbations
Iteration 3413/4500-----
J=1.2e-02, ⟨Jf⟩=1.2e-03, ⟨B·n⟩=8.4e-03, Len=sum([4.8, 4.6, 4.2])=13.5, ϰ=[4.9, 5.2, 4.6], ∫ϰ²/L>=[4.8, 6.1, 6.3], C-C-Sep=0.20, ║∇J║=1.9e-04
-----On 8/20 Initial Guess Perturbations
Iteration 3414/4500-----
J=1.2e-02, ⟨Jf⟩=1.2e-03, ⟨B·n⟩=8.4e-03, Len=sum([4.8, 4.6, 4.2])=13.5, ϰ=[4.9, 5.3, 4.6], ∫ϰ²/L>=[4.8, 6.1, 6.3], C-C-Sep=0.20, ║∇J║=2.8e-04
-----On 8/20 Initial Guess Perturbations
Iteration 3415/4500-----
J=1.2e-02, ⟨Jf⟩=1.2e-03, ⟨B·n⟩=8.4e-03, Len=sum([4.8, 4.6, 4.2])=13.5, ϰ=[4.9, 5.2, 4.6], ∫ϰ²/L>=[4.8, 6.1, 6.3], C-C-Sep=0.20, ║∇J║=2.2e-04
-----On 8/20 Initial Guess Perturbations
Iteration 3416/4500-----
J=1.2e-02, ⟨Jf⟩=1.2e-03, ⟨B·n⟩=8.4e-03, Len=sum([4.8, 4.6, 4.2])=13.5, ϰ=[4.9, 5.2, 4.6], ∫ϰ²/L>=[4.8, 6.1, 6.3], C-C-Sep=0.20, ║∇J║=2.0e-04
-----On 8/20 Initial Guess Perturbations
Iteration 3417/4500-----
J=1.2e-02, ⟨Jf⟩=1.2e-03, ⟨B·n⟩=8.4e-03, Len=sum([4.8, 4.6, 4.2])=13.5, ϰ=[4.9, 5.2, 4.6], ∫ϰ²/L>=[4.8, 6.1, 6.3], C-C-Sep=0.20, ║∇J║=2.0e-04
-----On 8/20 Initial Guess Perturbations
Iteration 3418/4500-----
J=1.2e-02, ⟨Jf⟩=1.2e-03, ⟨B·n⟩=8.4e-03, Len=sum([4.8, 4.6, 4.2])=13.5, ϰ=[4.9, 5.2, 4.6], ∫ϰ²/L>=[4.8, 6.1, 6.3], C-C-Sep=0.20, ║∇J║=2.5e-04
-----On 8/20 Initial Guess Perturbations
Iteration 3419/4500-----
J=1.2e-02, ⟨Jf⟩=1.2e-03, ⟨B·n⟩=8.4e-03, Len=sum([4.8, 4.6, 4.2])=13.5, ϰ=[4.9, 5.2, 4.6], ∫ϰ²/L>=[4.8, 6.1, 6.3], C-C-Sep=0.20, ║∇J║=2.1e-04
-----On 8/20 Initial Guess Perturbations
Iteration 3420/4500-----
J=1.2e-02, ⟨Jf⟩=1.2e-03, ⟨B·n⟩=8.4e-03, Len=sum([4.8, 4.6, 4.2])=13.5, ϰ=[4.9, 5.2, 4.6], ∫ϰ²/L>=[4.8, 6.1, 6.3], C-C-Sep=0.20, ║∇J║=2.2e-04
-----On 8/20 Initial Guess Perturbations
Iteration 3421/4500-----
J=1.2e-02, ⟨Jf⟩=1.2e-03, ⟨B·n⟩=8.4e-03, Len=sum([4.8, 4.6, 4.2])=13.5, ϰ=[4.9, 5.2, 4.6], ∫ϰ²/L>=[4.8, 6.1, 6.3], C-C-Sep=0.20, ║∇J║=2.2e-04
-----On 8/20 Initial Guess Perturbations
Iteration 3422/4500-----
J=1.2e-02, ⟨Jf⟩=1.2e-03, ⟨B·n⟩=8.4e-03, Len=sum([4.8, 4.6, 4.2])=13.5, ϰ=[4.9, 5.2, 4.6], ∫ϰ²/L>=[4.8, 6.1, 6.3], C-C-Sep=0.20, ║∇J║=2.5e-04
-----On 8/20 Initial Guess Perturbations
Iteration 3423/4500-----
J=1.2e-02, ⟨Jf⟩=1.2e-03, ⟨B·n⟩=8.4e-03, Len=sum([4.8, 4.6, 4.2])=13.5, ϰ=[4.9, 5.2, 4.6], ∫ϰ²/L>=[4.8, 6.1, 6.3], C-C-Sep=0.20, ║∇J║=2.4e-04
-----On 8/20 Initial Guess Perturbations
Iteration 3424/4500-----
J=1.2e-02, ⟨Jf⟩=1.2e-03, ⟨B·n⟩=8.4e-03, Len=sum([4.8, 4.6, 4.2])=13.5, ϰ=[4.9, 5.2, 4.6], ∫ϰ²/L>=[4.8, 6.1, 6.3], C-C-Sep=0.20, ║∇J║=3.2e-04
-----On 8/20 Initial Guess Perturbations
Iteration 3425/4500-----
J=1.2e-02, ⟨Jf⟩=1.2e-03, ⟨B·n⟩=8.4e-03, Len=sum([4.8, 4.6, 4.2])=13.5, ϰ=[4.9, 5.2, 4.6], ∫ϰ²/L>=[4.8, 6.1, 6.3], C-C-Sep=0.20, ║∇J║=2.2e-04
-----On 8/20 Initial Guess Perturbations
Iteration 3426/4500-----
J=1.2e-02, ⟨Jf⟩=1.2e-03, ⟨B·n⟩=8.4e-03, Len=sum([4.8, 4.6, 4.2])=13.5, ϰ=[4.9, 5.2, 4.6], ∫ϰ²/L>=[4.8, 6.1, 6.3], C-C-Sep=0.20, ║∇J║=2.4e-04
-----On 8/20 Initial Guess Perturbations
Iteration 3427/4500-----
J=1.2e-02, ⟨Jf⟩=1.2e-03, ⟨B·n⟩=8.4e-03, Len=sum([4.8, 4.6, 4.2])=13.5, ϰ=[4.9, 5.2, 4.6], ∫ϰ²/L>=[4.8, 6.1, 6.3], C-C-Sep=0.20, ║∇J║=2.6e-04
-----On 8/20 Initial Guess Perturbations
Iteration 3428/4500-----
J=1.2e-02, ⟨Jf⟩=1.2e-03, ⟨B·n⟩=8.4e-03, Len=sum([4.8, 4.6, 4.2])=13.5, ϰ=[4.9, 5.2, 4.6], ∫ϰ²/L>=[4.8, 6.1, 6.3], C-C-Sep=0.20, ║∇J║=2.9e-04
-----On 8/20 Initial Guess Perturbations
Iteration 3429/4500-----
J=1.2e-02, ⟨Jf⟩=1.2e-03, ⟨B·n⟩=8.4e-03, Len=sum([4.8, 4.6, 4.2])=13.5, ϰ=[4.9, 5.2, 4.6], ∫ϰ²/L>=[4.8, 6.1, 6.3], C-C-Sep=0.20, ║∇J║=4.3e-04
-----On 8/20 Initial Guess Perturbations
Iteration 3430/4500-----
J=1.2e-02, ⟨Jf⟩=1.2e-03, ⟨B·n⟩=8.4e-03, Len=sum([4.8, 4.6, 4.2])=13.5, ϰ=[4.9, 5.2, 4.6], ∫ϰ²/L>=[4.8, 6.1, 6.3], C-C-Sep=0.20, ║∇J║=2.9e-04
-----On 8/20 Initial Guess Perturbations
Iteration 3431/4500-----
J=1.2e-02, ⟨Jf⟩=1.2e-03, ⟨B·n⟩=8.4e-03, Len=sum([4.8, 4.6, 4.2])=13.5, ϰ=[4.9, 5.2, 4.6], ∫ϰ²/L>=[4.8, 6.1, 6.3], C-C-Sep=0.20, ║∇J║=2.5e-04
-----On 8/20 Initial Guess Perturbations
Iteration 3432/4500-----
J=1.2e-02, ⟨Jf⟩=1.2e-03, ⟨B·n⟩=8.4e-03, Len=sum([4.8, 4.6, 4.2])=13.5, ϰ=[4.9, 5.2, 4.6], ∫ϰ²/L>=[4.8, 6.1, 6.3], C-C-Sep=0.20, ║∇J║=2.7e-04
-----On 8/20 Initial Guess Perturbations
Iteration 3433/4500-----
J=1.2e-02, ⟨Jf⟩=1.2e-03, ⟨B·n⟩=8.4e-03, Len=sum([4.8, 4.6, 4.2])=13.5, ϰ=[4.9, 5.2, 4.6], ∫ϰ²/L>=[4.8, 6.1, 6.3], C-C-Sep=0.20, ║∇J║=3.5e-04
-----On 8/20 Initial Guess Perturbations
Iteration 3434/4500-----
J=1.2e-02, ⟨Jf⟩=1.2e-03, ⟨B·n⟩=8.4e-03, Len=sum([4.8, 4.6, 4.2])=13.5, ϰ=[4.9, 5.2, 4.6], ∫ϰ²/L>=[4.8, 6.1, 6.3], C-C-Sep=0.20, ║∇J║=3.5e-04
-----On 8/20 Initial Guess Perturbations
Iteration 3435/4500-----
J=1.2e-02, ⟨Jf⟩=1.2e-03, ⟨B·n⟩=8.4e-03, Len=sum([4.8, 4.6, 4.2])=13.5, ϰ=[4.9, 5.2, 4.6], ∫ϰ²/L>=[4.8, 6.1, 6.3], C-C-Sep=0.20, ║∇J║=3.6e-04
-----On 8/20 Initial Guess Perturbations
Iteration 3436/4500-----
J=1.2e-02, ⟨Jf⟩=1.2e-03, ⟨B·n⟩=8.4e-03, Len=sum([4.8, 4.6, 4.2])=13.5, ϰ=[4.9, 5.2, 4.6], ∫ϰ²/L>=[4.8, 6.1, 6.3], C-C-Sep=0.20, ║∇J║=3.0e-04
-----On 8/20 Initial Guess Perturbations
Iteration 3437/4500-----
J=1.2e-02, ⟨Jf⟩=1.2e-03, ⟨B·n⟩=8.4e-03, Len=sum([4.8, 4.6, 4.2])=13.5, ϰ=[4.9, 5.2, 4.6], ∫ϰ²/L>=[4.8, 6.1, 6.3], C-C-Sep=0.20, ║∇J║=2.5e-04
-----On 8/20 Initial Guess Perturbations
Iteration 3438/4500-----
J=1.2e-02, ⟨Jf⟩=1.2e-03, ⟨B·n⟩=8.4e-03, Len=sum([4.8, 4.6, 4.2])=13.5, ϰ=[4.9, 5.2, 4.6], ∫ϰ²/L>=[4.8, 6.1, 6.3], C-C-Sep=0.20, ║∇J║=3.2e-04
-----On 8/20 Initial Guess Perturbations
Iteration 3439/4500-----
J=1.2e-02, ⟨Jf⟩=1.2e-03, ⟨B·n⟩=8.4e-03, Len=sum([4.8, 4.6, 4.2])=13.5, ϰ=[4.9, 5.2, 4.6], ∫ϰ²/L>=[4.8, 6.1, 6.3], C-C-Sep=0.20, ║∇J║=3.7e-04
-----On 8/20 Initial Guess Perturbations
Iteration 3440/4500-----
J=1.2e-02, ⟨Jf⟩=1.2e-03, ⟨B·n⟩=8.4e-03, Len=sum([4.8, 4.6, 4.2])=13.5, ϰ=[4.9, 5.2, 4.6], ∫ϰ²/L>=[4.8, 6.1, 6.3], C-C-Sep=0.20, ║∇J║=3.5e-04
-----On 8/20 Initial Guess Perturbations
Iteration 3441/4500-----
J=1.2e-02, ⟨Jf⟩=1.2e-03, ⟨B·n⟩=8.4e-03, Len=sum([4.8, 4.6, 4.2])=13.5, ϰ=[4.9, 5.2, 4.6], ∫ϰ²/L>=[4.8, 6.1, 6.3], C-C-Sep=0.20, ║∇J║=3.6e-04
-----On 8/20 Initial Guess Perturbations
Iteration 3442/4500-----
J=1.2e-02, ⟨Jf⟩=1.2e-03, ⟨B·n⟩=8.4e-03, Len=sum([4.8, 4.6, 4.2])=13.5, ϰ=[4.9, 5.2, 4.6], ∫ϰ²/L>=[4.8, 6.1, 6.3], C-C-Sep=0.20, ║∇J║=6.3e-04
-----On 8/20 Initial Guess Perturbations
Iteration 3443/4500-----
J=1.2e-02, ⟨Jf⟩=1.2e-03, ⟨B·n⟩=8.4e-03, Len=sum([4.8, 4.6, 4.2])=13.5, ϰ=[4.9, 5.2, 4.6], ∫ϰ²/L>=[4.8, 6.1, 6.3], C-C-Sep=0.20, ║∇J║=3.5e-04
-----On 8/20 Initial Guess Perturbations
Iteration 3444/4500-----
J=1.2e-02, ⟨Jf⟩=1.2e-03, ⟨B·n⟩=8.4e-03, Len=sum([4.8, 4.6, 4.2])=13.5, ϰ=[4.9, 5.2, 4.6], ∫ϰ²/L>=[4.8, 6.1, 6.3], C-C-Sep=0.20, ║∇J║=4.4e-04
-----On 8/20 Initial Guess Perturbations
Iteration 3445/4500-----
J=1.2e-02, ⟨Jf⟩=1.2e-03, ⟨B·n⟩=8.4e-03, Len=sum([4.8, 4.6, 4.2])=13.5, ϰ=[4.9, 5.2, 4.6], ∫ϰ²/L>=[4.8, 6.1, 6.3], C-C-Sep=0.20, ║∇J║=3.7e-04
-----On 8/20 Initial Guess Perturbations
Iteration 3446/4500-----
J=1.2e-02, ⟨Jf⟩=1.2e-03, ⟨B·n⟩=8.4e-03, Len=sum([4.8, 4.6, 4.2])=13.5, ϰ=[4.9, 5.2, 4.6], ∫ϰ²/L>=[4.8, 6.1, 6.3], C-C-Sep=0.20, ║∇J║=3.0e-04
-----On 8/20 Initial Guess Perturbations
Iteration 3447/4500-----
J=1.2e-02, ⟨Jf⟩=1.2e-03, ⟨B·n⟩=8.4e-03, Len=sum([4.8, 4.6, 4.2])=13.5, ϰ=[4.9, 5.2, 4.6], ∫ϰ²/L>=[4.8, 6.1, 6.3], C-C-Sep=0.20, ║∇J║=3.2e-04
-----On 8/20 Initial Guess Perturbations
Iteration 3448/4500-----
J=1.2e-02, ⟨Jf⟩=1.2e-03, ⟨B·n⟩=8.4e-03, Len=sum([4.8, 4.6, 4.2])=13.5, ϰ=[4.9, 5.2, 4.6], ∫ϰ²/L>=[4.8, 6.1, 6.3], C-C-Sep=0.20, ║∇J║=3.6e-04
-----On 8/20 Initial Guess Perturbations
Iteration 3449/4500-----
J=1.2e-02, ⟨Jf⟩=1.2e-03, ⟨B·n⟩=8.4e-03, Len=sum([4.8, 4.6, 4.2])=13.5, ϰ=[4.9, 5.2, 4.6], ∫ϰ²/L>=[4.8, 6.1, 6.3], C-C-Sep=0.20, ║∇J║=4.0e-04
-----On 8/20 Initial Guess Perturbations
Iteration 3450/4500-----
J=1.2e-02, ⟨Jf⟩=1.2e-03, ⟨B·n⟩=8.4e-03, Len=sum([4.8, 4.6, 4.2])=13.5, ϰ=[4.9, 5.2, 4.6], ∫ϰ²/L>=[4.8, 6.1, 6.3], C-C-Sep=0.20, ║∇J║=4.0e-04
-----On 8/20 Initial Guess Perturbations
Iteration 3451/4500-----
J=1.2e-02, ⟨Jf⟩=1.2e-03, ⟨B·n⟩=8.4e-03, Len=sum([4.8, 4.6, 4.2])=13.5, ϰ=[4.9, 5.2, 4.6], ∫ϰ²/L>=[4.8, 6.1, 6.3], C-C-Sep=0.20, ║∇J║=4.9e-04
-----On 8/20 Initial Guess Perturbations
Iteration 3452/4500-----
J=1.2e-02, ⟨Jf⟩=1.2e-03, ⟨B·n⟩=8.4e-03, Len=sum([4.8, 4.6, 4.2])=13.5, ϰ=[4.9, 5.2, 4.6], ∫ϰ²/L>=[4.8, 6.1, 6.3], C-C-Sep=0.20, ║∇J║=3.5e-04
-----On 8/20 Initial Guess Perturbations
Iteration 3453/4500-----
J=1.2e-02, ⟨Jf⟩=1.2e-03, ⟨B·n⟩=8.4e-03, Len=sum([4.8, 4.6, 4.2])=13.5, ϰ=[4.9, 5.2, 4.6], ∫ϰ²/L>=[4.8, 6.1, 6.3], C-C-Sep=0.20, ║∇J║=3.5e-04
-----On 8/20 Initial Guess Perturbations
Iteration 3454/4500-----
J=1.2e-02, ⟨Jf⟩=1.2e-03, ⟨B·n⟩=8.4e-03, Len=sum([4.8, 4.6, 4.2])=13.5, ϰ=[4.9, 5.2, 4.6], ∫ϰ²/L>=[4.8, 6.1, 6.3], C-C-Sep=0.20, ║∇J║=3.6e-04
-----On 8/20 Initial Guess Perturbations
Iteration 3455/4500-----
J=1.2e-02, ⟨Jf⟩=1.2e-03, ⟨B·n⟩=8.4e-03, Len=sum([4.8, 4.6, 4.2])=13.5, ϰ=[4.9, 5.3, 4.6], ∫ϰ²/L>=[4.8, 6.1, 6.3], C-C-Sep=0.20, ║∇J║=4.3e-04
-----On 8/20 Initial Guess Perturbations
Iteration 3456/4500-----
J=1.2e-02, ⟨Jf⟩=1.2e-03, ⟨B·n⟩=8.4e-03, Len=sum([4.8, 4.6, 4.2])=13.5, ϰ=[4.9, 5.3, 4.6], ∫ϰ²/L>=[4.8, 6.1, 6.3], C-C-Sep=0.20, ║∇J║=3.6e-04
-----On 8/20 Initial Guess Perturbations
Iteration 3457/4500-----
J=1.2e-02, ⟨Jf⟩=1.2e-03, ⟨B·n⟩=8.4e-03, Len=sum([4.8, 4.6, 4.2])=13.5, ϰ=[4.9, 5.3, 4.6], ∫ϰ²/L>=[4.8, 6.1, 6.3], C-C-Sep=0.20, ║∇J║=3.1e-04
-----On 8/20 Initial Guess Perturbations
Iteration 3458/4500-----
J=1.2e-02, ⟨Jf⟩=1.2e-03, ⟨B·n⟩=8.4e-03, Len=sum([4.8, 4.6, 4.2])=13.5, ϰ=[4.9, 5.3, 4.6], ∫ϰ²/L>=[4.8, 6.1, 6.3], C-C-Sep=0.20, ║∇J║=3.0e-04
-----On 8/20 Initial Guess Perturbations
Iteration 3459/4500-----
J=1.2e-02, ⟨Jf⟩=1.2e-03, ⟨B·n⟩=8.4e-03, Len=sum([4.8, 4.6, 4.2])=13.5, ϰ=[4.9, 5.3, 4.6], ∫ϰ²/L>=[4.8, 6.1, 6.3], C-C-Sep=0.20, ║∇J║=3.9e-04
-----On 8/20 Initial Guess Perturbations
Iteration 3460/4500-----
J=1.2e-02, ⟨Jf⟩=1.2e-03, ⟨B·n⟩=8.4e-03, Len=sum([4.8, 4.6, 4.2])=13.5, ϰ=[4.9, 5.3, 4.6], ∫ϰ²/L>=[4.8, 6.1, 6.3], C-C-Sep=0.20, ║∇J║=3.6e-04
-----On 8/20 Initial Guess Perturbations
Iteration 3461/4500-----
J=1.2e-02, ⟨Jf⟩=1.2e-03, ⟨B·n⟩=8.4e-03, Len=sum([4.8, 4.6, 4.2])=13.5, ϰ=[4.9, 5.3, 4.6], ∫ϰ²/L>=[4.8, 6.1, 6.3], C-C-Sep=0.20, ║∇J║=6.7e-04
-----On 8/20 Initial Guess Perturbations
Iteration 3462/4500-----
J=1.2e-02, ⟨Jf⟩=1.2e-03, ⟨B·n⟩=8.4e-03, Len=sum([4.8, 4.6, 4.2])=13.5, ϰ=[4.9, 5.3, 4.6], ∫ϰ²/L>=[4.8, 6.1, 6.3], C-C-Sep=0.20, ║∇J║=3.8e-04
-----On 8/20 Initial Guess Perturbations
Iteration 3463/4500-----
J=1.2e-02, ⟨Jf⟩=1.2e-03, ⟨B·n⟩=8.4e-03, Len=sum([4.8, 4.6, 4.2])=13.5, ϰ=[4.9, 5.3, 4.6], ∫ϰ²/L>=[4.8, 6.1, 6.3], C-C-Sep=0.20, ║∇J║=3.1e-04
-----On 8/20 Initial Guess Perturbations
Iteration 3464/4500-----
J=1.2e-02, ⟨Jf⟩=1.2e-03, ⟨B·n⟩=8.4e-03, Len=sum([4.8, 4.6, 4.2])=13.5, ϰ=[4.9, 5.3, 4.6], ∫ϰ²/L>=[4.8, 6.1, 6.3], C-C-Sep=0.20, ║∇J║=2.9e-04
-----On 8/20 Initial Guess Perturbations
Iteration 3465/4500-----
J=1.2e-02, ⟨Jf⟩=1.2e-03, ⟨B·n⟩=8.4e-03, Len=sum([4.8, 4.6, 4.2])=13.5, ϰ=[4.9, 5.3, 4.6], ∫ϰ²/L>=[4.8, 6.1, 6.3], C-C-Sep=0.20, ║∇J║=3.2e-04
-----On 8/20 Initial Guess Perturbations
Iteration 3466/4500-----
J=1.2e-02, ⟨Jf⟩=1.2e-03, ⟨B·n⟩=8.4e-03, Len=sum([4.8, 4.6, 4.2])=13.5, ϰ=[4.9, 5.3, 4.6], ∫ϰ²/L>=[4.8, 6.1, 6.3], C-C-Sep=0.20, ║∇J║=3.9e-04
-----On 8/20 Initial Guess Perturbations
Iteration 3467/4500-----
J=1.2e-02, ⟨Jf⟩=1.2e-03, ⟨B·n⟩=8.4e-03, Len=sum([4.8, 4.6, 4.2])=13.5, ϰ=[4.9, 5.3, 4.6], ∫ϰ²/L>=[4.8, 6.1, 6.3], C-C-Sep=0.20, ║∇J║=3.0e-04
-----On 8/20 Initial Guess Perturbations
Iteration 3468/4500-----
J=1.2e-02, ⟨Jf⟩=1.2e-03, ⟨B·n⟩=8.4e-03, Len=sum([4.8, 4.6, 4.2])=13.5, ϰ=[4.9, 5.2, 4.6], ∫ϰ²/L>=[4.8, 6.1, 6.3], C-C-Sep=0.20, ║∇J║=3.7e-04
-----On 8/20 Initial Guess Perturbations
Iteration 3469/4500-----
J=1.2e-02, ⟨Jf⟩=1.2e-03, ⟨B·n⟩=8.4e-03, Len=sum([4.8, 4.6, 4.2])=13.5, ϰ=[4.9, 5.2, 4.6], ∫ϰ²/L>=[4.8, 6.1, 6.3], C-C-Sep=0.20, ║∇J║=3.2e-04
-----On 8/20 Initial Guess Perturbations
Iteration 3470/4500-----
J=1.2e-02, ⟨Jf⟩=1.2e-03, ⟨B·n⟩=8.4e-03, Len=sum([4.8, 4.6, 4.2])=13.5, ϰ=[4.9, 5.2, 4.6], ∫ϰ²/L>=[4.8, 6.1, 6.3], C-C-Sep=0.20, ║∇J║=2.9e-04
-----On 8/20 Initial Guess Perturbations
Iteration 3471/4500-----
J=1.2e-02, ⟨Jf⟩=1.2e-03, ⟨B·n⟩=8.4e-03, Len=sum([4.8, 4.6, 4.2])=13.5, ϰ=[4.9, 5.2, 4.6], ∫ϰ²/L>=[4.8, 6.1, 6.3], C-C-Sep=0.20, ║∇J║=3.5e-04
-----On 8/20 Initial Guess Perturbations
Iteration 3472/4500-----
J=1.2e-02, ⟨Jf⟩=1.2e-03, ⟨B·n⟩=8.4e-03, Len=sum([4.8, 4.6, 4.2])=13.5, ϰ=[4.9, 5.2, 4.6], ∫ϰ²/L>=[4.8, 6.1, 6.3], C-C-Sep=0.20, ║∇J║=5.3e-04
-----On 8/20 Initial Guess Perturbations
Iteration 3473/4500-----
J=1.2e-02, ⟨Jf⟩=1.2e-03, ⟨B·n⟩=8.4e-03, Len=sum([4.8, 4.6, 4.2])=13.5, ϰ=[4.9, 5.2, 4.6], ∫ϰ²/L>=[4.8, 6.1, 6.3], C-C-Sep=0.20, ║∇J║=3.3e-04
-----On 8/20 Initial Guess Perturbations
Iteration 3474/4500-----
J=1.2e-02, ⟨Jf⟩=1.2e-03, ⟨B·n⟩=8.4e-03, Len=sum([4.8, 4.6, 4.2])=13.5, ϰ=[4.9, 5.2, 4.6], ∫ϰ²/L>=[4.8, 6.1, 6.3], C-C-Sep=0.20, ║∇J║=4.1e-04
-----On 8/20 Initial Guess Perturbations
Iteration 3475/4500-----
J=1.2e-02, ⟨Jf⟩=1.2e-03, ⟨B·n⟩=8.4e-03, Len=sum([4.8, 4.6, 4.2])=13.5, ϰ=[4.9, 5.2, 4.6], ∫ϰ²/L>=[4.8, 6.1, 6.3], C-C-Sep=0.20, ║∇J║=3.4e-04
-----On 8/20 Initial Guess Perturbations
Iteration 3476/4500-----
J=1.2e-02, ⟨Jf⟩=1.2e-03, ⟨B·n⟩=8.4e-03, Len=sum([4.8, 4.6, 4.2])=13.5, ϰ=[4.9, 5.2, 4.6], ∫ϰ²/L>=[4.8, 6.1, 6.3], C-C-Sep=0.20, ║∇J║=3.4e-04
-----On 8/20 Initial Guess Perturbations
Iteration 3477/4500-----
J=1.2e-02, ⟨Jf⟩=1.2e-03, ⟨B·n⟩=8.4e-03, Len=sum([4.8, 4.6, 4.2])=13.5, ϰ=[4.9, 5.2, 4.6], ∫ϰ²/L>=[4.8, 6.1, 6.3], C-C-Sep=0.20, ║∇J║=3.1e-04
-----On 8/20 Initial Guess Perturbations
Iteration 3478/4500-----
J=1.2e-02, ⟨Jf⟩=1.2e-03, ⟨B·n⟩=8.4e-03, Len=sum([4.8, 4.6, 4.2])=13.5, ϰ=[4.9, 5.2, 4.6], ∫ϰ²/L>=[4.8, 6.1, 6.3], C-C-Sep=0.20, ║∇J║=2.8e-04
-----On 8/20 Initial Guess Perturbations
Iteration 3479/4500-----
J=1.2e-02, ⟨Jf⟩=1.2e-03, ⟨B·n⟩=8.4e-03, Len=sum([4.8, 4.6, 4.2])=13.5, ϰ=[4.9, 5.2, 4.6], ∫ϰ²/L>=[4.8, 6.1, 6.3], C-C-Sep=0.20, ║∇J║=3.4e-04
-----On 8/20 Initial Guess Perturbations
Iteration 3480/4500-----
J=1.2e-02, ⟨Jf⟩=1.2e-03, ⟨B·n⟩=8.4e-03, Len=sum([4.8, 4.6, 4.2])=13.5, ϰ=[4.9, 5.2, 4.6], ∫ϰ²/L>=[4.8, 6.1, 6.3], C-C-Sep=0.20, ║∇J║=4.0e-04
-----On 8/20 Initial Guess Perturbations
Iteration 3481/4500-----
J=1.2e-02, ⟨Jf⟩=1.2e-03, ⟨B·n⟩=8.4e-03, Len=sum([4.8, 4.6, 4.2])=13.5, ϰ=[4.9, 5.2, 4.6], ∫ϰ²/L>=[4.8, 6.1, 6.3], C-C-Sep=0.20, ║∇J║=4.0e-04
-----On 8/20 Initial Guess Perturbations
Iteration 3482/4500-----
J=1.2e-02, ⟨Jf⟩=1.2e-03, ⟨B·n⟩=8.4e-03, Len=sum([4.8, 4.6, 4.2])=13.5, ϰ=[4.9, 5.2, 4.6], ∫ϰ²/L>=[4.8, 6.1, 6.3], C-C-Sep=0.20, ║∇J║=4.9e-04
-----On 8/20 Initial Guess Perturbations
Iteration 3483/4500-----
J=1.2e-02, ⟨Jf⟩=1.2e-03, ⟨B·n⟩=8.4e-03, Len=sum([4.8, 4.6, 4.2])=13.5, ϰ=[4.9, 5.2, 4.6], ∫ϰ²/L>=[4.8, 6.1, 6.3], C-C-Sep=0.20, ║∇J║=2.8e-04
-----On 8/20 Initial Guess Perturbations
Iteration 3484/4500-----
J=1.2e-02, ⟨Jf⟩=1.2e-03, ⟨B·n⟩=8.4e-03, Len=sum([4.8, 4.6, 4.2])=13.5, ϰ=[4.9, 5.2, 4.6], ∫ϰ²/L>=[4.8, 6.1, 6.3], C-C-Sep=0.20, ║∇J║=2.7e-04
-----On 8/20 Initial Guess Perturbations
Iteration 3485/4500-----
J=1.2e-02, ⟨Jf⟩=1.2e-03, ⟨B·n⟩=8.4e-03, Len=sum([4.8, 4.6, 4.2])=13.5, ϰ=[4.9, 5.2, 4.6], ∫ϰ²/L>=[4.8, 6.1, 6.3], C-C-Sep=0.20, ║∇J║=3.5e-04
-----On 8/20 Initial Guess Perturbations
Iteration 3486/4500-----
J=1.2e-02, ⟨Jf⟩=1.2e-03, ⟨B·n⟩=8.4e-03, Len=sum([4.8, 4.6, 4.2])=13.5, ϰ=[4.9, 5.2, 4.6], ∫ϰ²/L>=[4.8, 6.1, 6.3], C-C-Sep=0.20, ║∇J║=3.3e-04
-----On 8/20 Initial Guess Perturbations
Iteration 3487/4500-----
J=1.2e-02, ⟨Jf⟩=1.2e-03, ⟨B·n⟩=8.4e-03, Len=sum([4.8, 4.6, 4.2])=13.5, ϰ=[4.9, 5.2, 4.6], ∫ϰ²/L>=[4.8, 6.1, 6.3], C-C-Sep=0.20, ║∇J║=3.2e-04
-----On 8/20 Initial Guess Perturbations
Iteration 3488/4500-----
J=1.2e-02, ⟨Jf⟩=1.2e-03, ⟨B·n⟩=8.4e-03, Len=sum([4.8, 4.6, 4.2])=13.5, ϰ=[4.9, 5.2, 4.6], ∫ϰ²/L>=[4.8, 6.1, 6.3], C-C-Sep=0.20, ║∇J║=3.3e-04
-----On 8/20 Initial Guess Perturbations
Iteration 3489/4500-----
J=1.2e-02, ⟨Jf⟩=1.2e-03, ⟨B·n⟩=8.4e-03, Len=sum([4.8, 4.6, 4.2])=13.5, ϰ=[4.9, 5.2, 4.6], ∫ϰ²/L>=[4.8, 6.1, 6.3], C-C-Sep=0.20, ║∇J║=3.8e-04
-----On 8/20 Initial Guess Perturbations
Iteration 3490/4500-----
J=1.2e-02, ⟨Jf⟩=1.2e-03, ⟨B·n⟩=8.4e-03, Len=sum([4.8, 4.6, 4.2])=13.5, ϰ=[4.9, 5.2, 4.6], ∫ϰ²/L>=[4.8, 6.1, 6.3], C-C-Sep=0.20, ║∇J║=3.4e-04
-----On 8/20 Initial Guess Perturbations
Iteration 3491/4500-----
J=1.2e-02, ⟨Jf⟩=1.2e-03, ⟨B·n⟩=8.4e-03, Len=sum([4.8, 4.6, 4.2])=13.5, ϰ=[4.9, 5.2, 4.6], ∫ϰ²/L>=[4.8, 6.1, 6.3], C-C-Sep=0.20, ║∇J║=3.3e-04
-----On 8/20 Initial Guess Perturbations
Iteration 3492/4500-----
J=1.2e-02, ⟨Jf⟩=1.2e-03, ⟨B·n⟩=8.4e-03, Len=sum([4.8, 4.6, 4.2])=13.5, ϰ=[4.9, 5.2, 4.6], ∫ϰ²/L>=[4.8, 6.1, 6.3], C-C-Sep=0.20, ║∇J║=3.0e-04
-----On 8/20 Initial Guess Perturbations
Iteration 3493/4500-----
J=1.2e-02, ⟨Jf⟩=1.2e-03, ⟨B·n⟩=8.4e-03, Len=sum([4.8, 4.6, 4.2])=13.5, ϰ=[4.9, 5.2, 4.6], ∫ϰ²/L>=[4.8, 6.1, 6.3], C-C-Sep=0.20, ║∇J║=2.8e-04
-----On 8/20 Initial Guess Perturbations
Iteration 3494/4500-----
J=1.2e-02, ⟨Jf⟩=1.2e-03, ⟨B·n⟩=8.4e-03, Len=sum([4.8, 4.6, 4.2])=13.5, ϰ=[4.9, 5.2, 4.6], ∫ϰ²/L>=[4.8, 6.1, 6.3], C-C-Sep=0.20, ║∇J║=3.3e-04
-----On 8/20 Initial Guess Perturbations
Iteration 3495/4500-----
J=1.2e-02, ⟨Jf⟩=1.2e-03, ⟨B·n⟩=8.4e-03, Len=sum([4.8, 4.6, 4.2])=13.5, ϰ=[4.9, 5.2, 4.6], ∫ϰ²/L>=[4.8, 6.1, 6.3], C-C-Sep=0.20, ║∇J║=3.3e-04
-----On 8/20 Initial Guess Perturbations
Iteration 3496/4500-----
J=1.2e-02, ⟨Jf⟩=1.2e-03, ⟨B·n⟩=8.4e-03, Len=sum([4.8, 4.6, 4.2])=13.5, ϰ=[4.9, 5.2, 4.6], ∫ϰ²/L>=[4.8, 6.1, 6.3], C-C-Sep=0.20, ║∇J║=3.2e-04
-----On 8/20 Initial Guess Perturbations
Iteration 3497/4500-----
J=1.2e-02, ⟨Jf⟩=1.2e-03, ⟨B·n⟩=8.4e-03, Len=sum([4.8, 4.6, 4.2])=13.5, ϰ=[4.9, 5.2, 4.6], ∫ϰ²/L>=[4.8, 6.1, 6.3], C-C-Sep=0.20, ║∇J║=3.4e-04
-----On 8/20 Initial Guess Perturbations
Iteration 3498/4500-----
J=1.2e-02, ⟨Jf⟩=1.2e-03, ⟨B·n⟩=8.4e-03, Len=sum([4.8, 4.6, 4.2])=13.5, ϰ=[4.9, 5.2, 4.6], ∫ϰ²/L>=[4.8, 6.1, 6.3], C-C-Sep=0.20, ║∇J║=3.7e-04
-----On 8/20 Initial Guess Perturbations
Iteration 3499/4500-----
J=1.2e-02, ⟨Jf⟩=1.2e-03, ⟨B·n⟩=8.4e-03, Len=sum([4.8, 4.6, 4.2])=13.5, ϰ=[4.9, 5.2, 4.6], ∫ϰ²/L>=[4.8, 6.1, 6.3], C-C-Sep=0.20, ║∇J║=4.3e-04
-----On 8/20 Initial Guess Perturbations
Iteration 3500/4500-----
J=1.2e-02, ⟨Jf⟩=1.2e-03, ⟨B·n⟩=8.4e-03, Len=sum([4.8, 4.6, 4.2])=13.5, ϰ=[4.9, 5.2, 4.6], ∫ϰ²/L>=[4.8, 6.1, 6.3], C-C-Sep=0.20, ║∇J║=4.1e-04
-----On 8/20 Initial Guess Perturbations
Iteration 3501/4500-----
J=1.2e-02, ⟨Jf⟩=1.2e-03, ⟨B·n⟩=8.4e-03, Len=sum([4.8, 4.6, 4.2])=13.5, ϰ=[4.9, 5.2, 4.6], ∫ϰ²/L>=[4.8, 6.1, 6.3], C-C-Sep=0.20, ║∇J║=3.0e-04
-----On 8/20 Initial Guess Perturbations
Iteration 3502/4500-----
J=1.2e-02, ⟨Jf⟩=1.2e-03, ⟨B·n⟩=8.4e-03, Len=sum([4.8, 4.6, 4.2])=13.5, ϰ=[4.9, 5.2, 4.6], ∫ϰ²/L>=[4.8, 6.1, 6.3], C-C-Sep=0.20, ║∇J║=2.8e-04
-----On 8/20 Initial Guess Perturbations
Iteration 3503/4500-----
J=1.2e-02, ⟨Jf⟩=1.2e-03, ⟨B·n⟩=8.4e-03, Len=sum([4.8, 4.6, 4.2])=13.5, ϰ=[4.9, 5.2, 4.6], ∫ϰ²/L>=[4.8, 6.1, 6.3], C-C-Sep=0.20, ║∇J║=2.8e-04
-----On 8/20 Initial Guess Perturbations
Iteration 3504/4500-----
J=1.2e-02, ⟨Jf⟩=1.2e-03, ⟨B·n⟩=8.4e-03, Len=sum([4.8, 4.6, 4.2])=13.5, ϰ=[4.9, 5.2, 4.6], ∫ϰ²/L>=[4.8, 6.1, 6.3], C-C-Sep=0.20, ║∇J║=4.5e-04
-----On 8/20 Initial Guess Perturbations
Iteration 3505/4500-----
J=1.2e-02, ⟨Jf⟩=1.2e-03, ⟨B·n⟩=8.4e-03, Len=sum([4.8, 4.6, 4.2])=13.5, ϰ=[4.9, 5.2, 4.6], ∫ϰ²/L>=[4.8, 6.1, 6.3], C-C-Sep=0.20, ║∇J║=3.1e-04
-----On 8/20 Initial Guess Perturbations
Iteration 3506/4500-----
J=1.2e-02, ⟨Jf⟩=1.2e-03, ⟨B·n⟩=8.4e-03, Len=sum([4.8, 4.6, 4.2])=13.5, ϰ=[4.9, 5.2, 4.6], ∫ϰ²/L>=[4.8, 6.1, 6.3], C-C-Sep=0.20, ║∇J║=3.2e-04
-----On 8/20 Initial Guess Perturbations
Iteration 3507/4500-----
J=1.2e-02, ⟨Jf⟩=1.2e-03, ⟨B·n⟩=8.4e-03, Len=sum([4.8, 4.6, 4.2])=13.5, ϰ=[4.9, 5.2, 4.6], ∫ϰ²/L>=[4.8, 6.1, 6.3], C-C-Sep=0.20, ║∇J║=2.9e-04
-----On 8/20 Initial Guess Perturbations
Iteration 3508/4500-----
J=1.2e-02, ⟨Jf⟩=1.2e-03, ⟨B·n⟩=8.4e-03, Len=sum([4.8, 4.6, 4.2])=13.5, ϰ=[4.9, 5.2, 4.6], ∫ϰ²/L>=[4.8, 6.1, 6.3], C-C-Sep=0.20, ║∇J║=2.6e-04
-----On 8/20 Initial Guess Perturbations
Iteration 3509/4500-----
J=1.2e-02, ⟨Jf⟩=1.2e-03, ⟨B·n⟩=8.4e-03, Len=sum([4.8, 4.6, 4.2])=13.5, ϰ=[4.9, 5.2, 4.6], ∫ϰ²/L>=[4.8, 6.1, 6.3], C-C-Sep=0.20, ║∇J║=2.6e-04
-----On 8/20 Initial Guess Perturbations
Iteration 3510/4500-----
J=1.2e-02, ⟨Jf⟩=1.2e-03, ⟨B·n⟩=8.4e-03, Len=sum([4.8, 4.6, 4.2])=13.5, ϰ=[4.9, 5.2, 4.6], ∫ϰ²/L>=[4.8, 6.1, 6.3], C-C-Sep=0.20, ║∇J║=3.3e-04
-----On 8/20 Initial Guess Perturbations
Iteration 3511/4500-----
J=1.2e-02, ⟨Jf⟩=1.2e-03, ⟨B·n⟩=8.4e-03, Len=sum([4.8, 4.6, 4.2])=13.5, ϰ=[4.9, 5.2, 4.6], ∫ϰ²/L>=[4.8, 6.1, 6.3], C-C-Sep=0.20, ║∇J║=3.5e-04
-----On 8/20 Initial Guess Perturbations
Iteration 3512/4500-----
J=1.2e-02, ⟨Jf⟩=1.2e-03, ⟨B·n⟩=8.4e-03, Len=sum([4.8, 4.6, 4.2])=13.5, ϰ=[4.9, 5.2, 4.6], ∫ϰ²/L>=[4.8, 6.1, 6.3], C-C-Sep=0.20, ║∇J║=2.7e-04
-----On 8/20 Initial Guess Perturbations
Iteration 3513/4500-----
J=1.2e-02, ⟨Jf⟩=1.2e-03, ⟨B·n⟩=8.4e-03, Len=sum([4.8, 4.6, 4.2])=13.5, ϰ=[4.9, 5.2, 4.6], ∫ϰ²/L>=[4.8, 6.1, 6.3], C-C-Sep=0.20, ║∇J║=3.2e-04
-----On 8/20 Initial Guess Perturbations
Iteration 3514/4500-----
J=1.2e-02, ⟨Jf⟩=1.2e-03, ⟨B·n⟩=8.4e-03, Len=sum([4.8, 4.6, 4.2])=13.5, ϰ=[4.9, 5.2, 4.6], ∫ϰ²/L>=[4.8, 6.1, 6.3], C-C-Sep=0.20, ║∇J║=4.8e-04
-----On 8/20 Initial Guess Perturbations
Iteration 3515/4500-----
J=1.2e-02, ⟨Jf⟩=1.2e-03, ⟨B·n⟩=8.4e-03, Len=sum([4.8, 4.6, 4.2])=13.5, ϰ=[4.9, 5.2, 4.6], ∫ϰ²/L>=[4.8, 6.1, 6.3], C-C-Sep=0.20, ║∇J║=2.5e-04
-----On 8/20 Initial Guess Perturbations
Iteration 3516/4500-----
J=1.2e-02, ⟨Jf⟩=1.2e-03, ⟨B·n⟩=8.4e-03, Len=sum([4.8, 4.6, 4.2])=13.5, ϰ=[4.9, 5.2, 4.6], ∫ϰ²/L>=[4.8, 6.1, 6.3], C-C-Sep=0.20, ║∇J║=2.2e-04
-----On 8/20 Initial Guess Perturbations
Iteration 3517/4500-----
J=1.2e-02, ⟨Jf⟩=1.2e-03, ⟨B·n⟩=8.4e-03, Len=sum([4.8, 4.6, 4.2])=13.5, ϰ=[4.9, 5.2, 4.6], ∫ϰ²/L>=[4.8, 6.1, 6.3], C-C-Sep=0.20, ║∇J║=2.4e-04
-----On 8/20 Initial Guess Perturbations
Iteration 3518/4500-----
J=1.2e-02, ⟨Jf⟩=1.2e-03, ⟨B·n⟩=8.4e-03, Len=sum([4.8, 4.6, 4.2])=13.5, ϰ=[4.9, 5.2, 4.6], ∫ϰ²/L>=[4.8, 6.1, 6.3], C-C-Sep=0.20, ║∇J║=3.5e-04
-----On 8/20 Initial Guess Perturbations
Iteration 3519/4500-----
J=1.2e-02, ⟨Jf⟩=1.2e-03, ⟨B·n⟩=8.4e-03, Len=sum([4.8, 4.6, 4.2])=13.5, ϰ=[4.9, 5.2, 4.6], ∫ϰ²/L>=[4.8, 6.1, 6.3], C-C-Sep=0.20, ║∇J║=3.1e-04
-----On 8/20 Initial Guess Perturbations
Iteration 3520/4500-----
J=1.2e-02, ⟨Jf⟩=1.2e-03, ⟨B·n⟩=8.4e-03, Len=sum([4.8, 4.6, 4.2])=13.5, ϰ=[4.9, 5.2, 4.6], ∫ϰ²/L>=[4.8, 6.1, 6.3], C-C-Sep=0.20, ║∇J║=2.5e-04
-----On 8/20 Initial Guess Perturbations
Iteration 3521/4500-----
J=1.2e-02, ⟨Jf⟩=1.2e-03, ⟨B·n⟩=8.4e-03, Len=sum([4.8, 4.6, 4.2])=13.5, ϰ=[4.9, 5.2, 4.6], ∫ϰ²/L>=[4.8, 6.1, 6.3], C-C-Sep=0.20, ║∇J║=2.5e-04
-----On 8/20 Initial Guess Perturbations
Iteration 3522/4500-----
J=1.2e-02, ⟨Jf⟩=1.2e-03, ⟨B·n⟩=8.4e-03, Len=sum([4.8, 4.6, 4.2])=13.5, ϰ=[4.9, 5.2, 4.6], ∫ϰ²/L>=[4.8, 6.1, 6.3], C-C-Sep=0.20, ║∇J║=2.6e-04
-----On 8/20 Initial Guess Perturbations
Iteration 3523/4500-----
J=1.2e-02, ⟨Jf⟩=1.2e-03, ⟨B·n⟩=8.4e-03, Len=sum([4.8, 4.6, 4.2])=13.5, ϰ=[4.9, 5.2, 4.6], ∫ϰ²/L>=[4.8, 6.1, 6.3], C-C-Sep=0.20, ║∇J║=2.6e-04
-----On 8/20 Initial Guess Perturbations
Iteration 3524/4500-----
J=1.2e-02, ⟨Jf⟩=1.2e-03, ⟨B·n⟩=8.4e-03, Len=sum([4.8, 4.6, 4.2])=13.5, ϰ=[4.9, 5.2, 4.6], ∫ϰ²/L>=[4.8, 6.1, 6.3], C-C-Sep=0.20, ║∇J║=3.1e-04
-----On 8/20 Initial Guess Perturbations
Iteration 3525/4500-----
J=1.2e-02, ⟨Jf⟩=1.2e-03, ⟨B·n⟩=8.4e-03, Len=sum([4.8, 4.6, 4.2])=13.5, ϰ=[4.9, 5.2, 4.6], ∫ϰ²/L>=[4.8, 6.1, 6.3], C-C-Sep=0.20, ║∇J║=2.2e-04
-----On 8/20 Initial Guess Perturbations
Iteration 3526/4500-----
J=1.2e-02, ⟨Jf⟩=1.2e-03, ⟨B·n⟩=8.4e-03, Len=sum([4.8, 4.6, 4.2])=13.5, ϰ=[4.9, 5.2, 4.6], ∫ϰ²/L>=[4.8, 6.1, 6.3], C-C-Sep=0.20, ║∇J║=2.6e-04
-----On 8/20 Initial Guess Perturbations
Iteration 3527/4500-----
J=1.2e-02, ⟨Jf⟩=1.2e-03, ⟨B·n⟩=8.4e-03, Len=sum([4.8, 4.6, 4.2])=13.5, ϰ=[4.9, 5.2, 4.6], ∫ϰ²/L>=[4.8, 6.1, 6.3], C-C-Sep=0.20, ║∇J║=2.3e-04
-----On 8/20 Initial Guess Perturbations
Iteration 3528/4500-----
J=1.2e-02, ⟨Jf⟩=1.2e-03, ⟨B·n⟩=8.4e-03, Len=sum([4.8, 4.6, 4.2])=13.5, ϰ=[4.9, 5.2, 4.6], ∫ϰ²/L>=[4.8, 6.1, 6.3], C-C-Sep=0.20, ║∇J║=2.7e-04
-----On 8/20 Initial Guess Perturbations
Iteration 3529/4500-----
J=1.2e-02, ⟨Jf⟩=1.2e-03, ⟨B·n⟩=8.4e-03, Len=sum([4.8, 4.6, 4.2])=13.5, ϰ=[4.9, 5.2, 4.6], ∫ϰ²/L>=[4.8, 6.1, 6.3], C-C-Sep=0.20, ║∇J║=2.5e-04
-----On 8/20 Initial Guess Perturbations
Iteration 3530/4500-----
J=1.2e-02, ⟨Jf⟩=1.2e-03, ⟨B·n⟩=8.4e-03, Len=sum([4.8, 4.6, 4.2])=13.5, ϰ=[4.9, 5.2, 4.6], ∫ϰ²/L>=[4.8, 6.1, 6.3], C-C-Sep=0.20, ║∇J║=2.4e-04
-----On 8/20 Initial Guess Perturbations
Iteration 3531/4500-----
J=1.2e-02, ⟨Jf⟩=1.2e-03, ⟨B·n⟩=8.4e-03, Len=sum([4.8, 4.6, 4.2])=13.5, ϰ=[4.9, 5.2, 4.6], ∫ϰ²/L>=[4.8, 6.1, 6.3], C-C-Sep=0.20, ║∇J║=3.2e-04
-----On 8/20 Initial Guess Perturbations
Iteration 3532/4500-----
J=1.2e-02, ⟨Jf⟩=1.2e-03, ⟨B·n⟩=8.4e-03, Len=sum([4.8, 4.6, 4.2])=13.5, ϰ=[4.9, 5.2, 4.6], ∫ϰ²/L>=[4.8, 6.1, 6.3], C-C-Sep=0.20, ║∇J║=3.0e-04
-----On 8/20 Initial Guess Perturbations
Iteration 3533/4500-----
J=1.2e-02, ⟨Jf⟩=1.2e-03, ⟨B·n⟩=8.4e-03, Len=sum([4.8, 4.6, 4.2])=13.5, ϰ=[4.9, 5.2, 4.6], ∫ϰ²/L>=[4.8, 6.1, 6.3], C-C-Sep=0.20, ║∇J║=2.9e-04
-----On 8/20 Initial Guess Perturbations
Iteration 3534/4500-----
J=1.2e-02, ⟨Jf⟩=1.2e-03, ⟨B·n⟩=8.4e-03, Len=sum([4.8, 4.6, 4.2])=13.5, ϰ=[4.9, 5.2, 4.6], ∫ϰ²/L>=[4.8, 6.1, 6.3], C-C-Sep=0.20, ║∇J║=2.1e-04
-----On 8/20 Initial Guess Perturbations
Iteration 3535/4500-----
J=1.2e-02, ⟨Jf⟩=1.2e-03, ⟨B·n⟩=8.4e-03, Len=sum([4.8, 4.6, 4.2])=13.5, ϰ=[4.9, 5.2, 4.6], ∫ϰ²/L>=[4.8, 6.1, 6.3], C-C-Sep=0.20, ║∇J║=2.6e-04
-----On 8/20 Initial Guess Perturbations
Iteration 3536/4500-----
J=1.2e-02, ⟨Jf⟩=1.2e-03, ⟨B·n⟩=8.4e-03, Len=sum([4.8, 4.6, 4.2])=13.5, ϰ=[4.9, 5.2, 4.6], ∫ϰ²/L>=[4.8, 6.1, 6.3], C-C-Sep=0.20, ║∇J║=2.9e-04
-----On 8/20 Initial Guess Perturbations
Iteration 3537/4500-----
J=1.2e-02, ⟨Jf⟩=1.2e-03, ⟨B·n⟩=8.4e-03, Len=sum([4.8, 4.6, 4.2])=13.5, ϰ=[4.9, 5.2, 4.6], ∫ϰ²/L>=[4.8, 6.1, 6.3], C-C-Sep=0.20, ║∇J║=2.6e-04
-----On 8/20 Initial Guess Perturbations
Iteration 3538/4500-----
J=1.2e-02, ⟨Jf⟩=1.2e-03, ⟨B·n⟩=8.4e-03, Len=sum([4.8, 4.6, 4.2])=13.5, ϰ=[4.9, 5.2, 4.6], ∫ϰ²/L>=[4.8, 6.1, 6.3], C-C-Sep=0.20, ║∇J║=2.2e-04
-----On 8/20 Initial Guess Perturbations
Iteration 3539/4500-----
J=1.2e-02, ⟨Jf⟩=1.2e-03, ⟨B·n⟩=8.4e-03, Len=sum([4.8, 4.6, 4.2])=13.5, ϰ=[4.9, 5.2, 4.6], ∫ϰ²/L>=[4.8, 6.1, 6.3], C-C-Sep=0.20, ║∇J║=2.5e-04
-----On 8/20 Initial Guess Perturbations
Iteration 3540/4500-----
J=1.2e-02, ⟨Jf⟩=1.2e-03, ⟨B·n⟩=8.4e-03, Len=sum([4.8, 4.6, 4.2])=13.5, ϰ=[4.9, 5.2, 4.6], ∫ϰ²/L>=[4.8, 6.1, 6.3], C-C-Sep=0.20, ║∇J║=3.0e-04
-----On 8/20 Initial Guess Perturbations
Iteration 3541/4500-----
J=1.2e-02, ⟨Jf⟩=1.2e-03, ⟨B·n⟩=8.4e-03, Len=sum([4.8, 4.6, 4.2])=13.5, ϰ=[4.9, 5.2, 4.6], ∫ϰ²/L>=[4.8, 6.1, 6.3], C-C-Sep=0.20, ║∇J║=3.7e-04
-----On 8/20 Initial Guess Perturbations
Iteration 3542/4500-----
J=1.2e-02, ⟨Jf⟩=1.2e-03, ⟨B·n⟩=8.4e-03, Len=sum([4.8, 4.6, 4.2])=13.5, ϰ=[4.9, 5.2, 4.6], ∫ϰ²/L>=[4.8, 6.1, 6.3], C-C-Sep=0.20, ║∇J║=3.2e-04
-----On 8/20 Initial Guess Perturbations
Iteration 3543/4500-----
J=1.2e-02, ⟨Jf⟩=1.2e-03, ⟨B·n⟩=8.4e-03, Len=sum([4.8, 4.6, 4.2])=13.5, ϰ=[4.9, 5.2, 4.6], ∫ϰ²/L>=[4.8, 6.1, 6.3], C-C-Sep=0.20, ║∇J║=2.1e-04
-----On 8/20 Initial Guess Perturbations
Iteration 3544/4500-----
J=1.2e-02, ⟨Jf⟩=1.2e-03, ⟨B·n⟩=8.4e-03, Len=sum([4.8, 4.6, 4.2])=13.5, ϰ=[4.9, 5.2, 4.6], ∫ϰ²/L>=[4.8, 6.1, 6.3], C-C-Sep=0.20, ║∇J║=1.9e-04
-----On 8/20 Initial Guess Perturbations
Iteration 3545/4500-----
J=1.2e-02, ⟨Jf⟩=1.2e-03, ⟨B·n⟩=8.4e-03, Len=sum([4.8, 4.6, 4.2])=13.5, ϰ=[4.9, 5.2, 4.6], ∫ϰ²/L>=[4.8, 6.1, 6.3], C-C-Sep=0.20, ║∇J║=2.6e-04
-----On 8/20 Initial Guess Perturbations
Iteration 3546/4500-----
J=1.2e-02, ⟨Jf⟩=1.2e-03, ⟨B·n⟩=8.4e-03, Len=sum([4.8, 4.6, 4.2])=13.5, ϰ=[4.9, 5.2, 4.6], ∫ϰ²/L>=[4.8, 6.1, 6.3], C-C-Sep=0.20, ║∇J║=2.3e-04
-----On 8/20 Initial Guess Perturbations
Iteration 3547/4500-----
J=1.2e-02, ⟨Jf⟩=1.2e-03, ⟨B·n⟩=8.4e-03, Len=sum([4.8, 4.6, 4.2])=13.5, ϰ=[4.9, 5.2, 4.6], ∫ϰ²/L>=[4.8, 6.1, 6.3], C-C-Sep=0.20, ║∇J║=2.4e-04
-----On 8/20 Initial Guess Perturbations
Iteration 3548/4500-----
J=1.2e-02, ⟨Jf⟩=1.2e-03, ⟨B·n⟩=8.4e-03, Len=sum([4.8, 4.6, 4.2])=13.5, ϰ=[4.9, 5.2, 4.6], ∫ϰ²/L>=[4.8, 6.1, 6.3], C-C-Sep=0.20, ║∇J║=2.5e-04
-----On 8/20 Initial Guess Perturbations
Iteration 3549/4500-----
J=1.2e-02, ⟨Jf⟩=1.2e-03, ⟨B·n⟩=8.4e-03, Len=sum([4.8, 4.6, 4.2])=13.5, ϰ=[4.9, 5.2, 4.6], ∫ϰ²/L>=[4.8, 6.1, 6.3], C-C-Sep=0.20, ║∇J║=2.5e-04
-----On 8/20 Initial Guess Perturbations
Iteration 3550/4500-----
J=1.2e-02, ⟨Jf⟩=1.2e-03, ⟨B·n⟩=8.4e-03, Len=sum([4.8, 4.6, 4.2])=13.5, ϰ=[4.9, 5.2, 4.6], ∫ϰ²/L>=[4.8, 6.1, 6.3], C-C-Sep=0.20, ║∇J║=2.4e-04
-----On 8/20 Initial Guess Perturbations
Iteration 3551/4500-----
J=1.2e-02, ⟨Jf⟩=1.2e-03, ⟨B·n⟩=8.4e-03, Len=sum([4.8, 4.6, 4.2])=13.5, ϰ=[4.9, 5.2, 4.6], ∫ϰ²/L>=[4.8, 6.1, 6.3], C-C-Sep=0.20, ║∇J║=3.2e-04
-----On 8/20 Initial Guess Perturbations
Iteration 3552/4500-----
J=1.2e-02, ⟨Jf⟩=1.2e-03, ⟨B·n⟩=8.4e-03, Len=sum([4.8, 4.6, 4.2])=13.5, ϰ=[4.9, 5.2, 4.6], ∫ϰ²/L>=[4.8, 6.1, 6.3], C-C-Sep=0.20, ║∇J║=3.1e-04
-----On 8/20 Initial Guess Perturbations
Iteration 3553/4500-----
J=1.2e-02, ⟨Jf⟩=1.2e-03, ⟨B·n⟩=8.4e-03, Len=sum([4.8, 4.6, 4.2])=13.5, ϰ=[4.9, 5.2, 4.6], ∫ϰ²/L>=[4.8, 6.1, 6.3], C-C-Sep=0.20, ║∇J║=2.2e-04
-----On 8/20 Initial Guess Perturbations
Iteration 3554/4500-----
J=1.2e-02, ⟨Jf⟩=1.2e-03, ⟨B·n⟩=8.4e-03, Len=sum([4.8, 4.6, 4.2])=13.5, ϰ=[4.9, 5.2, 4.6], ∫ϰ²/L>=[4.8, 6.1, 6.3], C-C-Sep=0.20, ║∇J║=2.0e-04
-----On 8/20 Initial Guess Perturbations
Iteration 3555/4500-----
J=1.2e-02, ⟨Jf⟩=1.2e-03, ⟨B·n⟩=8.4e-03, Len=sum([4.8, 4.6, 4.2])=13.5, ϰ=[4.9, 5.2, 4.6], ∫ϰ²/L>=[4.8, 6.1, 6.3], C-C-Sep=0.20, ║∇J║=2.3e-04
-----On 8/20 Initial Guess Perturbations
Iteration 3556/4500-----
J=1.2e-02, ⟨Jf⟩=1.2e-03, ⟨B·n⟩=8.4e-03, Len=sum([4.8, 4.6, 4.2])=13.5, ϰ=[4.9, 5.2, 4.6], ∫ϰ²/L>=[4.8, 6.1, 6.3], C-C-Sep=0.20, ║∇J║=3.1e-04
-----On 8/20 Initial Guess Perturbations
Iteration 3557/4500-----
J=1.2e-02, ⟨Jf⟩=1.2e-03, ⟨B·n⟩=8.4e-03, Len=sum([4.8, 4.6, 4.2])=13.5, ϰ=[4.9, 5.2, 4.6], ∫ϰ²/L>=[4.8, 6.1, 6.3], C-C-Sep=0.20, ║∇J║=2.4e-04
-----On 8/20 Initial Guess Perturbations
Iteration 3558/4500-----
J=1.2e-02, ⟨Jf⟩=1.2e-03, ⟨B·n⟩=8.4e-03, Len=sum([4.8, 4.6, 4.2])=13.5, ϰ=[4.9, 5.2, 4.6], ∫ϰ²/L>=[4.8, 6.1, 6.3], C-C-Sep=0.20, ║∇J║=2.9e-04
-----On 8/20 Initial Guess Perturbations
Iteration 3559/4500-----
J=1.2e-02, ⟨Jf⟩=1.2e-03, ⟨B·n⟩=8.4e-03, Len=sum([4.8, 4.6, 4.2])=13.5, ϰ=[4.9, 5.2, 4.6], ∫ϰ²/L>=[4.8, 6.1, 6.3], C-C-Sep=0.20, ║∇J║=2.9e-04
-----On 8/20 Initial Guess Perturbations
Iteration 3560/4500-----
J=1.2e-02, ⟨Jf⟩=1.2e-03, ⟨B·n⟩=8.4e-03, Len=sum([4.8, 4.6, 4.2])=13.5, ϰ=[4.9, 5.2, 4.6], ∫ϰ²/L>=[4.8, 6.1, 6.3], C-C-Sep=0.20, ║∇J║=3.0e-04
-----On 8/20 Initial Guess Perturbations
Iteration 3561/4500-----
J=1.2e-02, ⟨Jf⟩=1.2e-03, ⟨B·n⟩=8.4e-03, Len=sum([4.8, 4.6, 4.2])=13.5, ϰ=[4.9, 5.2, 4.6], ∫ϰ²/L>=[4.8, 6.1, 6.3], C-C-Sep=0.20, ║∇J║=1.8e-04
-----On 8/20 Initial Guess Perturbations
Iteration 3562/4500-----
J=1.2e-02, ⟨Jf⟩=1.2e-03, ⟨B·n⟩=8.4e-03, Len=sum([4.8, 4.6, 4.2])=13.5, ϰ=[4.9, 5.2, 4.6], ∫ϰ²/L>=[4.8, 6.1, 6.3], C-C-Sep=0.20, ║∇J║=2.0e-04
-----On 8/20 Initial Guess Perturbations
Iteration 3563/4500-----
J=1.2e-02, ⟨Jf⟩=1.2e-03, ⟨B·n⟩=8.4e-03, Len=sum([4.8, 4.6, 4.2])=13.5, ϰ=[4.9, 5.2, 4.6], ∫ϰ²/L>=[4.8, 6.1, 6.3], C-C-Sep=0.20, ║∇J║=2.5e-04
-----On 8/20 Initial Guess Perturbations
Iteration 3564/4500-----
J=1.2e-02, ⟨Jf⟩=1.2e-03, ⟨B·n⟩=8.4e-03, Len=sum([4.8, 4.6, 4.2])=13.5, ϰ=[4.9, 5.2, 4.6], ∫ϰ²/L>=[4.8, 6.1, 6.3], C-C-Sep=0.20, ║∇J║=2.1e-04
-----On 8/20 Initial Guess Perturbations
Iteration 3565/4500-----
J=1.2e-02, ⟨Jf⟩=1.2e-03, ⟨B·n⟩=8.4e-03, Len=sum([4.8, 4.6, 4.2])=13.5, ϰ=[4.9, 5.2, 4.6], ∫ϰ²/L>=[4.8, 6.1, 6.3], C-C-Sep=0.20, ║∇J║=1.7e-04
-----On 8/20 Initial Guess Perturbations
Iteration 3566/4500-----
J=1.2e-02, ⟨Jf⟩=1.2e-03, ⟨B·n⟩=8.4e-03, Len=sum([4.8, 4.6, 4.2])=13.5, ϰ=[4.9, 5.2, 4.6], ∫ϰ²/L>=[4.8, 6.1, 6.3], C-C-Sep=0.20, ║∇J║=1.9e-04
-----On 8/20 Initial Guess Perturbations
Iteration 3567/4500-----
J=1.2e-02, ⟨Jf⟩=1.2e-03, ⟨B·n⟩=8.4e-03, Len=sum([4.8, 4.6, 4.2])=13.5, ϰ=[4.9, 5.2, 4.6], ∫ϰ²/L>=[4.8, 6.1, 6.3], C-C-Sep=0.20, ║∇J║=2.1e-04
-----On 8/20 Initial Guess Perturbations
Iteration 3568/4500-----
J=1.2e-02, ⟨Jf⟩=1.2e-03, ⟨B·n⟩=8.4e-03, Len=sum([4.8, 4.6, 4.2])=13.5, ϰ=[4.9, 5.2, 4.6], ∫ϰ²/L>=[4.8, 6.1, 6.3], C-C-Sep=0.20, ║∇J║=1.7e-04
-----On 8/20 Initial Guess Perturbations
Iteration 3569/4500-----
J=1.2e-02, ⟨Jf⟩=1.2e-03, ⟨B·n⟩=8.4e-03, Len=sum([4.8, 4.6, 4.2])=13.5, ϰ=[4.9, 5.2, 4.6], ∫ϰ²/L>=[4.8, 6.1, 6.3], C-C-Sep=0.20, ║∇J║=2.5e-04
-----On 8/20 Initial Guess Perturbations
Iteration 3570/4500-----
J=1.2e-02, ⟨Jf⟩=1.2e-03, ⟨B·n⟩=8.4e-03, Len=sum([4.8, 4.6, 4.2])=13.5, ϰ=[4.9, 5.2, 4.6], ∫ϰ²/L>=[4.8, 6.1, 6.3], C-C-Sep=0.20, ║∇J║=2.0e-04
-----On 8/20 Initial Guess Perturbations
Iteration 3571/4500-----
J=1.2e-02, ⟨Jf⟩=1.2e-03, ⟨B·n⟩=8.4e-03, Len=sum([4.8, 4.6, 4.2])=13.5, ϰ=[4.9, 5.2, 4.6], ∫ϰ²/L>=[4.8, 6.1, 6.3], C-C-Sep=0.20, ║∇J║=2.2e-04
-----On 8/20 Initial Guess Perturbations
Iteration 3572/4500-----
J=1.2e-02, ⟨Jf⟩=1.2e-03, ⟨B·n⟩=8.4e-03, Len=sum([4.8, 4.6, 4.2])=13.5, ϰ=[4.9, 5.2, 4.6], ∫ϰ²/L>=[4.8, 6.1, 6.3], C-C-Sep=0.20, ║∇J║=2.2e-04
-----On 8/20 Initial Guess Perturbations
Iteration 3573/4500-----
J=1.2e-02, ⟨Jf⟩=1.2e-03, ⟨B·n⟩=8.4e-03, Len=sum([4.8, 4.6, 4.2])=13.5, ϰ=[4.9, 5.2, 4.6], ∫ϰ²/L>=[4.8, 6.1, 6.3], C-C-Sep=0.20, ║∇J║=2.4e-04
-----On 8/20 Initial Guess Perturbations
Iteration 3574/4500-----
J=1.2e-02, ⟨Jf⟩=1.2e-03, ⟨B·n⟩=8.4e-03, Len=sum([4.8, 4.6, 4.2])=13.5, ϰ=[4.9, 5.2, 4.6], ∫ϰ²/L>=[4.8, 6.1, 6.3], C-C-Sep=0.20, ║∇J║=1.6e-04
-----On 8/20 Initial Guess Perturbations
Iteration 3575/4500-----
J=1.2e-02, ⟨Jf⟩=1.2e-03, ⟨B·n⟩=8.4e-03, Len=sum([4.8, 4.6, 4.2])=13.5, ϰ=[4.9, 5.2, 4.6], ∫ϰ²/L>=[4.8, 6.1, 6.3], C-C-Sep=0.20, ║∇J║=2.0e-04
-----On 8/20 Initial Guess Perturbations
Iteration 3576/4500-----
J=1.2e-02, ⟨Jf⟩=1.2e-03, ⟨B·n⟩=8.4e-03, Len=sum([4.8, 4.6, 4.2])=13.5, ϰ=[4.9, 5.2, 4.6], ∫ϰ²/L>=[4.8, 6.1, 6.3], C-C-Sep=0.20, ║∇J║=1.7e-04
-----On 8/20 Initial Guess Perturbations
Iteration 3577/4500-----
J=1.2e-02, ⟨Jf⟩=1.2e-03, ⟨B·n⟩=8.4e-03, Len=sum([4.8, 4.6, 4.2])=13.5, ϰ=[4.9, 5.2, 4.6], ∫ϰ²/L>=[4.8, 6.1, 6.3], C-C-Sep=0.20, ║∇J║=1.5e-04
-----On 8/20 Initial Guess Perturbations
Iteration 3578/4500-----
J=1.2e-02, ⟨Jf⟩=1.2e-03, ⟨B·n⟩=8.4e-03, Len=sum([4.8, 4.6, 4.2])=13.5, ϰ=[4.9, 5.2, 4.6], ∫ϰ²/L>=[4.8, 6.1, 6.3], C-C-Sep=0.20, ║∇J║=1.7e-04
-----On 8/20 Initial Guess Perturbations
Iteration 3579/4500-----
J=1.2e-02, ⟨Jf⟩=1.2e-03, ⟨B·n⟩=8.4e-03, Len=sum([4.8, 4.6, 4.2])=13.5, ϰ=[4.9, 5.2, 4.6], ∫ϰ²/L>=[4.8, 6.1, 6.3], C-C-Sep=0.20, ║∇J║=2.3e-04
-----On 8/20 Initial Guess Perturbations
Iteration 3580/4500-----
J=1.2e-02, ⟨Jf⟩=1.2e-03, ⟨B·n⟩=8.4e-03, Len=sum([4.8, 4.6, 4.2])=13.5, ϰ=[4.9, 5.2, 4.6], ∫ϰ²/L>=[4.8, 6.1, 6.3], C-C-Sep=0.20, ║∇J║=2.0e-04
-----On 8/20 Initial Guess Perturbations
Iteration 3581/4500-----
J=1.2e-02, ⟨Jf⟩=1.2e-03, ⟨B·n⟩=8.4e-03, Len=sum([4.8, 4.6, 4.2])=13.5, ϰ=[4.9, 5.2, 4.6], ∫ϰ²/L>=[4.8, 6.1, 6.3], C-C-Sep=0.20, ║∇J║=1.7e-04
-----On 8/20 Initial Guess Perturbations
Iteration 3582/4500-----
J=1.2e-02, ⟨Jf⟩=1.2e-03, ⟨B·n⟩=8.4e-03, Len=sum([4.8, 4.6, 4.2])=13.5, ϰ=[4.9, 5.2, 4.6], ∫ϰ²/L>=[4.8, 6.1, 6.3], C-C-Sep=0.20, ║∇J║=1.8e-04
-----On 8/20 Initial Guess Perturbations
Iteration 3583/4500-----
J=1.2e-02, ⟨Jf⟩=1.2e-03, ⟨B·n⟩=8.4e-03, Len=sum([4.8, 4.6, 4.2])=13.5, ϰ=[4.9, 5.2, 4.6], ∫ϰ²/L>=[4.8, 6.1, 6.3], C-C-Sep=0.20, ║∇J║=2.4e-04
-----On 8/20 Initial Guess Perturbations
Iteration 3584/4500-----
J=1.2e-02, ⟨Jf⟩=1.2e-03, ⟨B·n⟩=8.4e-03, Len=sum([4.8, 4.6, 4.2])=13.5, ϰ=[4.9, 5.3, 4.6], ∫ϰ²/L>=[4.8, 6.1, 6.3], C-C-Sep=0.20, ║∇J║=1.8e-04
-----On 8/20 Initial Guess Perturbations
Iteration 3585/4500-----
J=1.2e-02, ⟨Jf⟩=1.2e-03, ⟨B·n⟩=8.4e-03, Len=sum([4.8, 4.6, 4.2])=13.5, ϰ=[4.9, 5.3, 4.6], ∫ϰ²/L>=[4.8, 6.1, 6.3], C-C-Sep=0.20, ║∇J║=1.3e-04
-----On 8/20 Initial Guess Perturbations
Iteration 3586/4500-----
J=1.2e-02, ⟨Jf⟩=1.2e-03, ⟨B·n⟩=8.4e-03, Len=sum([4.8, 4.6, 4.2])=13.5, ϰ=[4.9, 5.3, 4.6], ∫ϰ²/L>=[4.8, 6.1, 6.3], C-C-Sep=0.20, ║∇J║=1.4e-04
-----On 8/20 Initial Guess Perturbations
Iteration 3587/4500-----
J=1.2e-02, ⟨Jf⟩=1.2e-03, ⟨B·n⟩=8.4e-03, Len=sum([4.8, 4.6, 4.2])=13.5, ϰ=[4.9, 5.3, 4.6], ∫ϰ²/L>=[4.8, 6.1, 6.3], C-C-Sep=0.20, ║∇J║=2.0e-04
-----On 8/20 Initial Guess Perturbations
Iteration 3588/4500-----
J=1.2e-02, ⟨Jf⟩=1.2e-03, ⟨B·n⟩=8.4e-03, Len=sum([4.8, 4.6, 4.2])=13.5, ϰ=[4.9, 5.3, 4.6], ∫ϰ²/L>=[4.8, 6.1, 6.3], C-C-Sep=0.20, ║∇J║=1.8e-04
-----On 8/20 Initial Guess Perturbations
Iteration 3589/4500-----
J=1.2e-02, ⟨Jf⟩=1.2e-03, ⟨B·n⟩=8.4e-03, Len=sum([4.8, 4.6, 4.2])=13.5, ϰ=[4.9, 5.3, 4.6], ∫ϰ²/L>=[4.8, 6.1, 6.3], C-C-Sep=0.20, ║∇J║=1.6e-04
-----On 8/20 Initial Guess Perturbations
Iteration 3590/4500-----
J=1.2e-02, ⟨Jf⟩=1.2e-03, ⟨B·n⟩=8.4e-03, Len=sum([4.8, 4.6, 4.2])=13.5, ϰ=[4.9, 5.3, 4.6], ∫ϰ²/L>=[4.8, 6.1, 6.3], C-C-Sep=0.20, ║∇J║=1.7e-04
-----On 8/20 Initial Guess Perturbations
Iteration 3591/4500-----
J=1.2e-02, ⟨Jf⟩=1.2e-03, ⟨B·n⟩=8.4e-03, Len=sum([4.8, 4.6, 4.2])=13.5, ϰ=[4.9, 5.3, 4.6], ∫ϰ²/L>=[4.8, 6.1, 6.3], C-C-Sep=0.20, ║∇J║=1.5e-04
-----On 8/20 Initial Guess Perturbations
Iteration 3592/4500-----
J=1.2e-02, ⟨Jf⟩=1.2e-03, ⟨B·n⟩=8.4e-03, Len=sum([4.8, 4.6, 4.2])=13.5, ϰ=[4.9, 5.2, 4.6], ∫ϰ²/L>=[4.8, 6.1, 6.3], C-C-Sep=0.20, ║∇J║=1.4e-04
-----On 8/20 Initial Guess Perturbations
Iteration 3593/4500-----
J=1.2e-02, ⟨Jf⟩=1.2e-03, ⟨B·n⟩=8.4e-03, Len=sum([4.8, 4.6, 4.2])=13.5, ϰ=[4.9, 5.2, 4.6], ∫ϰ²/L>=[4.8, 6.1, 6.3], C-C-Sep=0.20, ║∇J║=2.1e-04
-----On 8/20 Initial Guess Perturbations
Iteration 3594/4500-----
J=1.2e-02, ⟨Jf⟩=1.2e-03, ⟨B·n⟩=8.4e-03, Len=sum([4.8, 4.6, 4.2])=13.5, ϰ=[4.9, 5.2, 4.6], ∫ϰ²/L>=[4.8, 6.1, 6.3], C-C-Sep=0.20, ║∇J║=1.7e-04
-----On 8/20 Initial Guess Perturbations
Iteration 3595/4500-----
J=1.2e-02, ⟨Jf⟩=1.2e-03, ⟨B·n⟩=8.4e-03, Len=sum([4.8, 4.6, 4.2])=13.5, ϰ=[4.9, 5.2, 4.6], ∫ϰ²/L>=[4.8, 6.1, 6.3], C-C-Sep=0.20, ║∇J║=1.6e-04
-----On 8/20 Initial Guess Perturbations
Iteration 3596/4500-----
J=1.2e-02, ⟨Jf⟩=1.2e-03, ⟨B·n⟩=8.4e-03, Len=sum([4.8, 4.6, 4.2])=13.5, ϰ=[4.9, 5.2, 4.6], ∫ϰ²/L>=[4.8, 6.1, 6.3], C-C-Sep=0.20, ║∇J║=2.0e-04
-----On 8/20 Initial Guess Perturbations
Iteration 3597/4500-----
J=1.2e-02, ⟨Jf⟩=1.2e-03, ⟨B·n⟩=8.4e-03, Len=sum([4.8, 4.6, 4.2])=13.5, ϰ=[4.9, 5.2, 4.6], ∫ϰ²/L>=[4.8, 6.1, 6.3], C-C-Sep=0.20, ║∇J║=2.3e-04
-----On 8/20 Initial Guess Perturbations
Iteration 3598/4500-----
J=1.2e-02, ⟨Jf⟩=1.2e-03, ⟨B·n⟩=8.4e-03, Len=sum([4.8, 4.6, 4.2])=13.5, ϰ=[4.9, 5.2, 4.6], ∫ϰ²/L>=[4.8, 6.1, 6.3], C-C-Sep=0.20, ║∇J║=2.1e-04
-----On 8/20 Initial Guess Perturbations
Iteration 3599/4500-----
J=1.2e-02, ⟨Jf⟩=1.2e-03, ⟨B·n⟩=8.4e-03, Len=sum([4.8, 4.6, 4.2])=13.5, ϰ=[4.9, 5.2, 4.6], ∫ϰ²/L>=[4.8, 6.1, 6.3], C-C-Sep=0.20, ║∇J║=1.4e-04
-----On 8/20 Initial Guess Perturbations
Iteration 3600/4500-----
J=1.2e-02, ⟨Jf⟩=1.2e-03, ⟨B·n⟩=8.4e-03, Len=sum([4.8, 4.6, 4.2])=13.5, ϰ=[4.9, 5.2, 4.6], ∫ϰ²/L>=[4.8, 6.1, 6.3], C-C-Sep=0.20, ║∇J║=1.2e-04
-----On 8/20 Initial Guess Perturbations
Iteration 3601/4500-----
J=1.2e-02, ⟨Jf⟩=1.2e-03, ⟨B·n⟩=8.4e-03, Len=sum([4.8, 4.6, 4.2])=13.5, ϰ=[4.9, 5.2, 4.6], ∫ϰ²/L>=[4.8, 6.1, 6.3], C-C-Sep=0.20, ║∇J║=1.6e-04
-----On 8/20 Initial Guess Perturbations
Iteration 3602/4500-----
J=1.2e-02, ⟨Jf⟩=1.2e-03, ⟨B·n⟩=8.4e-03, Len=sum([4.8, 4.6, 4.2])=13.5, ϰ=[4.9, 5.2, 4.6], ∫ϰ²/L>=[4.8, 6.1, 6.3], C-C-Sep=0.20, ║∇J║=3.0e-04
-----On 8/20 Initial Guess Perturbations
Iteration 3603/4500-----
J=1.2e-02, ⟨Jf⟩=1.2e-03, ⟨B·n⟩=8.4e-03, Len=sum([4.8, 4.6, 4.2])=13.5, ϰ=[4.9, 5.2, 4.6], ∫ϰ²/L>=[4.8, 6.1, 6.3], C-C-Sep=0.20, ║∇J║=1.5e-04
-----On 8/20 Initial Guess Perturbations
Iteration 3604/4500-----
J=1.2e-02, ⟨Jf⟩=1.2e-03, ⟨B·n⟩=8.4e-03, Len=sum([4.8, 4.6, 4.2])=13.5, ϰ=[4.9, 5.2, 4.6], ∫ϰ²/L>=[4.8, 6.1, 6.3], C-C-Sep=0.20, ║∇J║=1.1e-04
-----On 8/20 Initial Guess Perturbations
Iteration 3605/4500-----
J=1.2e-02, ⟨Jf⟩=1.2e-03, ⟨B·n⟩=8.4e-03, Len=sum([4.8, 4.6, 4.2])=13.5, ϰ=[4.9, 5.2, 4.6], ∫ϰ²/L>=[4.8, 6.1, 6.3], C-C-Sep=0.20, ║∇J║=1.3e-04
-----On 8/20 Initial Guess Perturbations
Iteration 3606/4500-----
J=1.2e-02, ⟨Jf⟩=1.2e-03, ⟨B·n⟩=8.4e-03, Len=sum([4.8, 4.6, 4.2])=13.5, ϰ=[4.9, 5.2, 4.6], ∫ϰ²/L>=[4.8, 6.1, 6.3], C-C-Sep=0.20, ║∇J║=2.0e-04
-----On 8/20 Initial Guess Perturbations
Iteration 3607/4500-----
J=1.2e-02, ⟨Jf⟩=1.2e-03, ⟨B·n⟩=8.4e-03, Len=sum([4.8, 4.6, 4.2])=13.5, ϰ=[4.9, 5.2, 4.6], ∫ϰ²/L>=[4.8, 6.1, 6.3], C-C-Sep=0.20, ║∇J║=1.5e-04
-----On 8/20 Initial Guess Perturbations
Iteration 3608/4500-----
J=1.2e-02, ⟨Jf⟩=1.2e-03, ⟨B·n⟩=8.4e-03, Len=sum([4.8, 4.6, 4.2])=13.5, ϰ=[4.9, 5.2, 4.6], ∫ϰ²/L>=[4.8, 6.1, 6.3], C-C-Sep=0.20, ║∇J║=1.3e-04
-----On 8/20 Initial Guess Perturbations
Iteration 3609/4500-----
J=1.2e-02, ⟨Jf⟩=1.2e-03, ⟨B·n⟩=8.4e-03, Len=sum([4.8, 4.6, 4.2])=13.5, ϰ=[4.9, 5.2, 4.6], ∫ϰ²/L>=[4.8, 6.1, 6.3], C-C-Sep=0.20, ║∇J║=1.6e-04
-----On 8/20 Initial Guess Perturbations
Iteration 3610/4500-----
J=1.2e-02, ⟨Jf⟩=1.2e-03, ⟨B·n⟩=8.4e-03, Len=sum([4.8, 4.6, 4.2])=13.5, ϰ=[4.9, 5.2, 4.6], ∫ϰ²/L>=[4.8, 6.1, 6.3], C-C-Sep=0.20, ║∇J║=1.5e-04
-----On 8/20 Initial Guess Perturbations
Iteration 3611/4500-----
J=1.2e-02, ⟨Jf⟩=1.2e-03, ⟨B·n⟩=8.4e-03, Len=sum([4.8, 4.6, 4.2])=13.5, ϰ=[4.9, 5.2, 4.6], ∫ϰ²/L>=[4.8, 6.1, 6.3], C-C-Sep=0.20, ║∇J║=1.3e-04
-----On 8/20 Initial Guess Perturbations
Iteration 3612/4500-----
J=1.2e-02, ⟨Jf⟩=1.2e-03, ⟨B·n⟩=8.4e-03, Len=sum([4.8, 4.6, 4.2])=13.5, ϰ=[4.9, 5.2, 4.6], ∫ϰ²/L>=[4.8, 6.1, 6.3], C-C-Sep=0.20, ║∇J║=1.4e-04
-----On 8/20 Initial Guess Perturbations
Iteration 3613/4500-----
J=1.2e-02, ⟨Jf⟩=1.2e-03, ⟨B·n⟩=8.4e-03, Len=sum([4.8, 4.6, 4.2])=13.5, ϰ=[4.9, 5.2, 4.6], ∫ϰ²/L>=[4.8, 6.1, 6.3], C-C-Sep=0.20, ║∇J║=1.4e-04
-----On 8/20 Initial Guess Perturbations
Iteration 3614/4500-----
J=1.2e-02, ⟨Jf⟩=1.2e-03, ⟨B·n⟩=8.4e-03, Len=sum([4.8, 4.6, 4.2])=13.5, ϰ=[4.9, 5.2, 4.6], ∫ϰ²/L>=[4.8, 6.1, 6.3], C-C-Sep=0.20, ║∇J║=1.5e-04
-----On 8/20 Initial Guess Perturbations
Iteration 3615/4500-----
J=1.2e-02, ⟨Jf⟩=1.2e-03, ⟨B·n⟩=8.4e-03, Len=sum([4.8, 4.6, 4.2])=13.5, ϰ=[4.9, 5.2, 4.6], ∫ϰ²/L>=[4.8, 6.1, 6.3], C-C-Sep=0.20, ║∇J║=1.6e-04
-----On 8/20 Initial Guess Perturbations
Iteration 3616/4500-----
J=1.2e-02, ⟨Jf⟩=1.2e-03, ⟨B·n⟩=8.4e-03, Len=sum([4.8, 4.6, 4.2])=13.5, ϰ=[4.9, 5.2, 4.6], ∫ϰ²/L>=[4.8, 6.1, 6.3], C-C-Sep=0.20, ║∇J║=1.4e-04
-----On 8/20 Initial Guess Perturbations
Iteration 3617/4500-----
J=1.2e-02, ⟨Jf⟩=1.2e-03, ⟨B·n⟩=8.4e-03, Len=sum([4.8, 4.6, 4.2])=13.5, ϰ=[4.9, 5.2, 4.6], ∫ϰ²/L>=[4.8, 6.1, 6.3], C-C-Sep=0.20, ║∇J║=2.0e-04
-----On 8/20 Initial Guess Perturbations
Iteration 3618/4500-----
J=1.2e-02, ⟨Jf⟩=1.2e-03, ⟨B·n⟩=8.4e-03, Len=sum([4.8, 4.6, 4.2])=13.5, ϰ=[4.9, 5.2, 4.6], ∫ϰ²/L>=[4.8, 6.1, 6.3], C-C-Sep=0.20, ║∇J║=1.5e-04
-----On 8/20 Initial Guess Perturbations
Iteration 3619/4500-----
J=1.2e-02, ⟨Jf⟩=1.2e-03, ⟨B·n⟩=8.4e-03, Len=sum([4.8, 4.6, 4.2])=13.5, ϰ=[4.9, 5.2, 4.6], ∫ϰ²/L>=[4.8, 6.1, 6.3], C-C-Sep=0.20, ║∇J║=1.6e-04
-----On 8/20 Initial Guess Perturbations
Iteration 3620/4500-----
J=1.2e-02, ⟨Jf⟩=1.2e-03, ⟨B·n⟩=8.4e-03, Len=sum([4.8, 4.6, 4.2])=13.5, ϰ=[4.9, 5.2, 4.6], ∫ϰ²/L>=[4.8, 6.1, 6.3], C-C-Sep=0.20, ║∇J║=1.5e-04
-----On 8/20 Initial Guess Perturbations
Iteration 3621/4500-----
J=1.2e-02, ⟨Jf⟩=1.2e-03, ⟨B·n⟩=8.4e-03, Len=sum([4.8, 4.6, 4.2])=13.5, ϰ=[4.9, 5.2, 4.6], ∫ϰ²/L>=[4.8, 6.1, 6.3], C-C-Sep=0.20, ║∇J║=1.5e-04
-----On 8/20 Initial Guess Perturbations
Iteration 3622/4500-----
J=1.2e-02, ⟨Jf⟩=1.2e-03, ⟨B·n⟩=8.4e-03, Len=sum([4.8, 4.6, 4.2])=13.5, ϰ=[4.9, 5.2, 4.6], ∫ϰ²/L>=[4.8, 6.1, 6.3], C-C-Sep=0.20, ║∇J║=1.3e-04
-----On 8/20 Initial Guess Perturbations
Iteration 3623/4500-----
J=1.2e-02, ⟨Jf⟩=1.2e-03, ⟨B·n⟩=8.4e-03, Len=sum([4.8, 4.6, 4.2])=13.5, ϰ=[4.9, 5.2, 4.6], ∫ϰ²/L>=[4.8, 6.1, 6.3], C-C-Sep=0.20, ║∇J║=1.7e-04
-----On 8/20 Initial Guess Perturbations
Iteration 3624/4500-----
J=1.2e-02, ⟨Jf⟩=1.2e-03, ⟨B·n⟩=8.4e-03, Len=sum([4.8, 4.6, 4.2])=13.5, ϰ=[4.9, 5.2, 4.6], ∫ϰ²/L>=[4.8, 6.1, 6.3], C-C-Sep=0.20, ║∇J║=1.5e-04
-----On 8/20 Initial Guess Perturbations
Iteration 3625/4500-----
J=1.2e-02, ⟨Jf⟩=1.2e-03, ⟨B·n⟩=8.4e-03, Len=sum([4.8, 4.6, 4.2])=13.5, ϰ=[4.9, 5.2, 4.6], ∫ϰ²/L>=[4.8, 6.1, 6.3], C-C-Sep=0.20, ║∇J║=1.6e-04
-----On 8/20 Initial Guess Perturbations
Iteration 3626/4500-----
J=1.2e-02, ⟨Jf⟩=1.2e-03, ⟨B·n⟩=8.4e-03, Len=sum([4.8, 4.6, 4.2])=13.5, ϰ=[4.9, 5.2, 4.6], ∫ϰ²/L>=[4.8, 6.1, 6.3], C-C-Sep=0.20, ║∇J║=1.8e-04
-----On 8/20 Initial Guess Perturbations
Iteration 3627/4500-----
J=1.2e-02, ⟨Jf⟩=1.2e-03, ⟨B·n⟩=8.4e-03, Len=sum([4.8, 4.6, 4.2])=13.5, ϰ=[4.9, 5.2, 4.6], ∫ϰ²/L>=[4.8, 6.1, 6.3], C-C-Sep=0.20, ║∇J║=2.3e-04
-----On 8/20 Initial Guess Perturbations
Iteration 3628/4500-----
J=1.2e-02, ⟨Jf⟩=1.2e-03, ⟨B·n⟩=8.4e-03, Len=sum([4.8, 4.6, 4.2])=13.5, ϰ=[4.9, 5.2, 4.6], ∫ϰ²/L>=[4.8, 6.1, 6.3], C-C-Sep=0.20, ║∇J║=1.7e-04
-----On 8/20 Initial Guess Perturbations
Iteration 3629/4500-----
J=1.2e-02, ⟨Jf⟩=1.2e-03, ⟨B·n⟩=8.4e-03, Len=sum([4.8, 4.6, 4.2])=13.5, ϰ=[4.9, 5.2, 4.6], ∫ϰ²/L>=[4.8, 6.1, 6.3], C-C-Sep=0.20, ║∇J║=1.1e-04
-----On 8/20 Initial Guess Perturbations
Iteration 3630/4500-----
J=1.2e-02, ⟨Jf⟩=1.2e-03, ⟨B·n⟩=8.4e-03, Len=sum([4.8, 4.6, 4.2])=13.5, ϰ=[4.9, 5.2, 4.6], ∫ϰ²/L>=[4.8, 6.1, 6.3], C-C-Sep=0.20, ║∇J║=1.1e-04
-----On 8/20 Initial Guess Perturbations
Iteration 3631/4500-----
J=1.2e-02, ⟨Jf⟩=1.2e-03, ⟨B·n⟩=8.4e-03, Len=sum([4.8, 4.6, 4.2])=13.5, ϰ=[4.9, 5.2, 4.6], ∫ϰ²/L>=[4.8, 6.1, 6.3], C-C-Sep=0.20, ║∇J║=1.7e-04
-----On 8/20 Initial Guess Perturbations
Iteration 3632/4500-----
J=1.2e-02, ⟨Jf⟩=1.2e-03, ⟨B·n⟩=8.4e-03, Len=sum([4.8, 4.6, 4.2])=13.5, ϰ=[4.9, 5.2, 4.6], ∫ϰ²/L>=[4.8, 6.1, 6.3], C-C-Sep=0.20, ║∇J║=1.5e-04
-----On 8/20 Initial Guess Perturbations
Iteration 3633/4500-----
J=1.2e-02, ⟨Jf⟩=1.2e-03, ⟨B·n⟩=8.4e-03, Len=sum([4.8, 4.6, 4.2])=13.5, ϰ=[4.9, 5.2, 4.6], ∫ϰ²/L>=[4.8, 6.1, 6.3], C-C-Sep=0.20, ║∇J║=1.2e-04
-----On 8/20 Initial Guess Perturbations
Iteration 3634/4500-----
J=1.2e-02, ⟨Jf⟩=1.2e-03, ⟨B·n⟩=8.4e-03, Len=sum([4.8, 4.6, 4.2])=13.5, ϰ=[4.9, 5.2, 4.6], ∫ϰ²/L>=[4.8, 6.1, 6.3], C-C-Sep=0.20, ║∇J║=1.5e-04
-----On 8/20 Initial Guess Perturbations
Iteration 3635/4500-----
J=1.2e-02, ⟨Jf⟩=1.2e-03, ⟨B·n⟩=8.4e-03, Len=sum([4.8, 4.6, 4.2])=13.5, ϰ=[4.9, 5.2, 4.6], ∫ϰ²/L>=[4.8, 6.1, 6.3], C-C-Sep=0.20, ║∇J║=1.4e-04
-----On 8/20 Initial Guess Perturbations
Iteration 3636/4500-----
J=1.2e-02, ⟨Jf⟩=1.2e-03, ⟨B·n⟩=8.4e-03, Len=sum([4.8, 4.6, 4.2])=13.5, ϰ=[4.9, 5.2, 4.6], ∫ϰ²/L>=[4.8, 6.1, 6.3], C-C-Sep=0.20, ║∇J║=1.8e-04
-----On 8/20 Initial Guess Perturbations
Iteration 3637/4500-----
J=1.2e-02, ⟨Jf⟩=1.2e-03, ⟨B·n⟩=8.4e-03, Len=sum([4.8, 4.6, 4.2])=13.5, ϰ=[4.9, 5.2, 4.6], ∫ϰ²/L>=[4.8, 6.1, 6.3], C-C-Sep=0.20, ║∇J║=1.2e-04
-----On 8/20 Initial Guess Perturbations
Iteration 3638/4500-----
J=1.2e-02, ⟨Jf⟩=1.2e-03, ⟨B·n⟩=8.4e-03, Len=sum([4.8, 4.6, 4.2])=13.5, ϰ=[4.9, 5.2, 4.6], ∫ϰ²/L>=[4.8, 6.1, 6.3], C-C-Sep=0.20, ║∇J║=1.1e-04
-----On 8/20 Initial Guess Perturbations
Iteration 3639/4500-----
J=1.2e-02, ⟨Jf⟩=1.2e-03, ⟨B·n⟩=8.4e-03, Len=sum([4.8, 4.6, 4.2])=13.5, ϰ=[4.9, 5.2, 4.6], ∫ϰ²/L>=[4.8, 6.1, 6.3], C-C-Sep=0.20, ║∇J║=1.1e-04
-----On 8/20 Initial Guess Perturbations
Iteration 3640/4500-----
J=1.2e-02, ⟨Jf⟩=1.2e-03, ⟨B·n⟩=8.4e-03, Len=sum([4.8, 4.6, 4.2])=13.5, ϰ=[4.9, 5.2, 4.6], ∫ϰ²/L>=[4.8, 6.1, 6.3], C-C-Sep=0.20, ║∇J║=1.4e-04
-----On 8/20 Initial Guess Perturbations
Iteration 3641/4500-----
J=1.2e-02, ⟨Jf⟩=1.2e-03, ⟨B·n⟩=8.4e-03, Len=sum([4.8, 4.6, 4.2])=13.5, ϰ=[4.9, 5.2, 4.6], ∫ϰ²/L>=[4.8, 6.1, 6.3], C-C-Sep=0.20, ║∇J║=1.3e-04
-----On 8/20 Initial Guess Perturbations
Iteration 3642/4500-----
J=1.2e-02, ⟨Jf⟩=1.2e-03, ⟨B·n⟩=8.4e-03, Len=sum([4.8, 4.6, 4.2])=13.5, ϰ=[4.9, 5.2, 4.6], ∫ϰ²/L>=[4.8, 6.1, 6.3], C-C-Sep=0.20, ║∇J║=1.1e-04
-----On 8/20 Initial Guess Perturbations
Iteration 3643/4500-----
J=1.2e-02, ⟨Jf⟩=1.2e-03, ⟨B·n⟩=8.4e-03, Len=sum([4.8, 4.6, 4.2])=13.5, ϰ=[4.9, 5.2, 4.6], ∫ϰ²/L>=[4.8, 6.1, 6.3], C-C-Sep=0.20, ║∇J║=1.2e-04
-----On 8/20 Initial Guess Perturbations
Iteration 3644/4500-----
J=1.2e-02, ⟨Jf⟩=1.2e-03, ⟨B·n⟩=8.4e-03, Len=sum([4.8, 4.6, 4.2])=13.5, ϰ=[4.9, 5.2, 4.6], ∫ϰ²/L>=[4.8, 6.1, 6.3], C-C-Sep=0.20, ║∇J║=1.5e-04
-----On 8/20 Initial Guess Perturbations
Iteration 3645/4500-----
J=1.2e-02, ⟨Jf⟩=1.2e-03, ⟨B·n⟩=8.4e-03, Len=sum([4.8, 4.6, 4.2])=13.5, ϰ=[4.9, 5.2, 4.6], ∫ϰ²/L>=[4.8, 6.1, 6.3], C-C-Sep=0.20, ║∇J║=1.2e-04
-----On 8/20 Initial Guess Perturbations
Iteration 3646/4500-----
J=1.2e-02, ⟨Jf⟩=1.2e-03, ⟨B·n⟩=8.4e-03, Len=sum([4.8, 4.6, 4.2])=13.5, ϰ=[4.9, 5.2, 4.6], ∫ϰ²/L>=[4.8, 6.1, 6.3], C-C-Sep=0.20, ║∇J║=1.2e-04
-----On 8/20 Initial Guess Perturbations
Iteration 3647/4500-----
J=1.2e-02, ⟨Jf⟩=1.2e-03, ⟨B·n⟩=8.4e-03, Len=sum([4.8, 4.6, 4.2])=13.5, ϰ=[4.9, 5.2, 4.6], ∫ϰ²/L>=[4.8, 6.1, 6.3], C-C-Sep=0.20, ║∇J║=2.0e-04
-----On 8/20 Initial Guess Perturbations
Iteration 3648/4500-----
J=1.2e-02, ⟨Jf⟩=1.2e-03, ⟨B·n⟩=8.4e-03, Len=sum([4.8, 4.6, 4.2])=13.5, ϰ=[4.9, 5.2, 4.6], ∫ϰ²/L>=[4.8, 6.1, 6.3], C-C-Sep=0.20, ║∇J║=1.2e-04
-----On 8/20 Initial Guess Perturbations
Iteration 3649/4500-----
J=1.2e-02, ⟨Jf⟩=1.2e-03, ⟨B·n⟩=8.4e-03, Len=sum([4.8, 4.6, 4.2])=13.5, ϰ=[4.9, 5.2, 4.6], ∫ϰ²/L>=[4.8, 6.1, 6.3], C-C-Sep=0.20, ║∇J║=2.0e-04
-----On 8/20 Initial Guess Perturbations
Iteration 3650/4500-----
J=1.2e-02, ⟨Jf⟩=1.2e-03, ⟨B·n⟩=8.4e-03, Len=sum([4.8, 4.6, 4.2])=13.5, ϰ=[4.9, 5.2, 4.6], ∫ϰ²/L>=[4.8, 6.1, 6.3], C-C-Sep=0.20, ║∇J║=1.2e-04
-----On 8/20 Initial Guess Perturbations
Iteration 3651/4500-----
J=1.2e-02, ⟨Jf⟩=1.2e-03, ⟨B·n⟩=8.4e-03, Len=sum([4.8, 4.6, 4.2])=13.5, ϰ=[4.9, 5.2, 4.6], ∫ϰ²/L>=[4.8, 6.1, 6.3], C-C-Sep=0.20, ║∇J║=1.3e-04
-----On 8/20 Initial Guess Perturbations
Iteration 3652/4500-----
J=1.2e-02, ⟨Jf⟩=1.2e-03, ⟨B·n⟩=8.4e-03, Len=sum([4.8, 4.6, 4.2])=13.5, ϰ=[4.9, 5.2, 4.6], ∫ϰ²/L>=[4.8, 6.1, 6.3], C-C-Sep=0.20, ║∇J║=1.4e-04
-----On 8/20 Initial Guess Perturbations
Iteration 3653/4500-----
J=1.2e-02, ⟨Jf⟩=1.2e-03, ⟨B·n⟩=8.4e-03, Len=sum([4.8, 4.6, 4.2])=13.5, ϰ=[4.9, 5.2, 4.6], ∫ϰ²/L>=[4.8, 6.1, 6.3], C-C-Sep=0.20, ║∇J║=1.2e-04
-----On 8/20 Initial Guess Perturbations
Iteration 3654/4500-----
J=1.2e-02, ⟨Jf⟩=1.2e-03, ⟨B·n⟩=8.4e-03, Len=sum([4.8, 4.6, 4.2])=13.5, ϰ=[4.9, 5.2, 4.6], ∫ϰ²/L>=[4.8, 6.1, 6.3], C-C-Sep=0.20, ║∇J║=1.7e-04
-----On 8/20 Initial Guess Perturbations
Iteration 3655/4500-----
J=1.2e-02, ⟨Jf⟩=1.2e-03, ⟨B·n⟩=8.4e-03, Len=sum([4.8, 4.6, 4.2])=13.5, ϰ=[4.9, 5.2, 4.6], ∫ϰ²/L>=[4.8, 6.1, 6.3], C-C-Sep=0.20, ║∇J║=1.4e-04
-----On 8/20 Initial Guess Perturbations
Iteration 3656/4500-----
J=1.2e-02, ⟨Jf⟩=1.2e-03, ⟨B·n⟩=8.4e-03, Len=sum([4.8, 4.6, 4.2])=13.5, ϰ=[4.9, 5.2, 4.6], ∫ϰ²/L>=[4.8, 6.1, 6.3], C-C-Sep=0.20, ║∇J║=1.1e-04
-----On 8/20 Initial Guess Perturbations
Iteration 3657/4500-----
J=1.2e-02, ⟨Jf⟩=1.2e-03, ⟨B·n⟩=8.4e-03, Len=sum([4.8, 4.6, 4.2])=13.5, ϰ=[4.9, 5.2, 4.6], ∫ϰ²/L>=[4.8, 6.1, 6.3], C-C-Sep=0.20, ║∇J║=1.1e-04
-----On 8/20 Initial Guess Perturbations
Iteration 3658/4500-----
J=1.2e-02, ⟨Jf⟩=1.2e-03, ⟨B·n⟩=8.4e-03, Len=sum([4.8, 4.6, 4.2])=13.5, ϰ=[4.9, 5.2, 4.6], ∫ϰ²/L>=[4.8, 6.1, 6.3], C-C-Sep=0.20, ║∇J║=1.4e-04
-----On 8/20 Initial Guess Perturbations
Iteration 3659/4500-----
J=1.2e-02, ⟨Jf⟩=1.2e-03, ⟨B·n⟩=8.4e-03, Len=sum([4.8, 4.6, 4.2])=13.5, ϰ=[4.9, 5.2, 4.6], ∫ϰ²/L>=[4.8, 6.1, 6.3], C-C-Sep=0.20, ║∇J║=1.4e-04
-----On 8/20 Initial Guess Perturbations
Iteration 3660/4500-----
J=1.2e-02, ⟨Jf⟩=1.2e-03, ⟨B·n⟩=8.4e-03, Len=sum([4.8, 4.6, 4.2])=13.5, ϰ=[4.9, 5.2, 4.6], ∫ϰ²/L>=[4.8, 6.1, 6.3], C-C-Sep=0.20, ║∇J║=2.7e-04
-----On 8/20 Initial Guess Perturbations
Iteration 3661/4500-----
J=1.2e-02, ⟨Jf⟩=1.2e-03, ⟨B·n⟩=8.4e-03, Len=sum([4.8, 4.6, 4.2])=13.5, ϰ=[4.9, 5.2, 4.6], ∫ϰ²/L>=[4.8, 6.1, 6.3], C-C-Sep=0.20, ║∇J║=1.3e-04
-----On 8/20 Initial Guess Perturbations
Iteration 3662/4500-----
J=1.2e-02, ⟨Jf⟩=1.2e-03, ⟨B·n⟩=8.4e-03, Len=sum([4.8, 4.6, 4.2])=13.5, ϰ=[4.9, 5.2, 4.6], ∫ϰ²/L>=[4.8, 6.1, 6.3], C-C-Sep=0.20, ║∇J║=1.2e-04
-----On 8/20 Initial Guess Perturbations
Iteration 3663/4500-----
J=1.2e-02, ⟨Jf⟩=1.2e-03, ⟨B·n⟩=8.4e-03, Len=sum([4.8, 4.6, 4.2])=13.5, ϰ=[4.9, 5.2, 4.6], ∫ϰ²/L>=[4.8, 6.1, 6.3], C-C-Sep=0.20, ║∇J║=1.5e-04
-----On 8/20 Initial Guess Perturbations
Iteration 3664/4500-----
J=1.2e-02, ⟨Jf⟩=1.2e-03, ⟨B·n⟩=8.4e-03, Len=sum([4.8, 4.6, 4.2])=13.5, ϰ=[4.9, 5.2, 4.6], ∫ϰ²/L>=[4.8, 6.1, 6.3], C-C-Sep=0.20, ║∇J║=1.5e-04
-----On 8/20 Initial Guess Perturbations
Iteration 3665/4500-----
J=1.2e-02, ⟨Jf⟩=1.2e-03, ⟨B·n⟩=8.4e-03, Len=sum([4.8, 4.6, 4.2])=13.5, ϰ=[4.9, 5.2, 4.6], ∫ϰ²/L>=[4.8, 6.1, 6.3], C-C-Sep=0.20, ║∇J║=2.1e-04
-----On 8/20 Initial Guess Perturbations
Iteration 3666/4500-----
J=1.2e-02, ⟨Jf⟩=1.2e-03, ⟨B·n⟩=8.4e-03, Len=sum([4.8, 4.6, 4.2])=13.5, ϰ=[4.9, 5.2, 4.6], ∫ϰ²/L>=[4.8, 6.1, 6.3], C-C-Sep=0.20, ║∇J║=1.4e-04
-----On 8/20 Initial Guess Perturbations
Iteration 3667/4500-----
J=1.2e-02, ⟨Jf⟩=1.2e-03, ⟨B·n⟩=8.4e-03, Len=sum([4.8, 4.6, 4.2])=13.5, ϰ=[4.9, 5.2, 4.6], ∫ϰ²/L>=[4.8, 6.1, 6.3], C-C-Sep=0.20, ║∇J║=1.6e-04
-----On 8/20 Initial Guess Perturbations
Iteration 3668/4500-----
J=1.2e-02, ⟨Jf⟩=1.2e-03, ⟨B·n⟩=8.4e-03, Len=sum([4.8, 4.6, 4.2])=13.5, ϰ=[4.9, 5.2, 4.6], ∫ϰ²/L>=[4.8, 6.1, 6.3], C-C-Sep=0.20, ║∇J║=1.8e-04
-----On 8/20 Initial Guess Perturbations
Iteration 3669/4500-----
J=1.2e-02, ⟨Jf⟩=1.2e-03, ⟨B·n⟩=8.4e-03, Len=sum([4.8, 4.6, 4.2])=13.5, ϰ=[4.9, 5.2, 4.6], ∫ϰ²/L>=[4.8, 6.1, 6.3], C-C-Sep=0.20, ║∇J║=1.7e-04
-----On 8/20 Initial Guess Perturbations
Iteration 3670/4500-----
J=1.2e-02, ⟨Jf⟩=1.2e-03, ⟨B·n⟩=8.4e-03, Len=sum([4.8, 4.6, 4.2])=13.5, ϰ=[4.9, 5.2, 4.6], ∫ϰ²/L>=[4.8, 6.1, 6.3], C-C-Sep=0.20, ║∇J║=1.5e-04
-----On 8/20 Initial Guess Perturbations
Iteration 3671/4500-----
J=1.2e-02, ⟨Jf⟩=1.2e-03, ⟨B·n⟩=8.4e-03, Len=sum([4.8, 4.6, 4.2])=13.5, ϰ=[4.9, 5.2, 4.6], ∫ϰ²/L>=[4.8, 6.1, 6.3], C-C-Sep=0.20, ║∇J║=1.7e-04
-----On 8/20 Initial Guess Perturbations
Iteration 3672/4500-----
J=1.2e-02, ⟨Jf⟩=1.2e-03, ⟨B·n⟩=8.4e-03, Len=sum([4.8, 4.6, 4.2])=13.5, ϰ=[4.9, 5.2, 4.6], ∫ϰ²/L>=[4.8, 6.1, 6.3], C-C-Sep=0.20, ║∇J║=1.4e-04
-----On 8/20 Initial Guess Perturbations
Iteration 3673/4500-----
J=1.2e-02, ⟨Jf⟩=1.2e-03, ⟨B·n⟩=8.4e-03, Len=sum([4.8, 4.6, 4.2])=13.5, ϰ=[4.9, 5.2, 4.6], ∫ϰ²/L>=[4.8, 6.1, 6.3], C-C-Sep=0.20, ║∇J║=1.3e-04
-----On 8/20 Initial Guess Perturbations
Iteration 3674/4500-----
J=1.2e-02, ⟨Jf⟩=1.2e-03, ⟨B·n⟩=8.4e-03, Len=sum([4.8, 4.6, 4.2])=13.5, ϰ=[4.9, 5.2, 4.6], ∫ϰ²/L>=[4.8, 6.1, 6.3], C-C-Sep=0.20, ║∇J║=1.3e-04
-----On 8/20 Initial Guess Perturbations
Iteration 3675/4500-----
J=1.2e-02, ⟨Jf⟩=1.2e-03, ⟨B·n⟩=8.4e-03, Len=sum([4.8, 4.6, 4.2])=13.5, ϰ=[4.9, 5.2, 4.6], ∫ϰ²/L>=[4.8, 6.1, 6.3], C-C-Sep=0.20, ║∇J║=1.5e-04
-----On 8/20 Initial Guess Perturbations
Iteration 3676/4500-----
J=1.2e-02, ⟨Jf⟩=1.2e-03, ⟨B·n⟩=8.4e-03, Len=sum([4.8, 4.6, 4.2])=13.5, ϰ=[4.9, 5.2, 4.6], ∫ϰ²/L>=[4.8, 6.1, 6.3], C-C-Sep=0.20, ║∇J║=1.3e-04
-----On 8/20 Initial Guess Perturbations
Iteration 3677/4500-----
J=1.2e-02, ⟨Jf⟩=1.2e-03, ⟨B·n⟩=8.4e-03, Len=sum([4.8, 4.6, 4.2])=13.5, ϰ=[4.9, 5.2, 4.6], ∫ϰ²/L>=[4.8, 6.1, 6.3], C-C-Sep=0.20, ║∇J║=1.5e-04
-----On 8/20 Initial Guess Perturbations
Iteration 3678/4500-----
J=1.2e-02, ⟨Jf⟩=1.2e-03, ⟨B·n⟩=8.4e-03, Len=sum([4.8, 4.6, 4.2])=13.5, ϰ=[4.9, 5.2, 4.6], ∫ϰ²/L>=[4.8, 6.1, 6.3], C-C-Sep=0.20, ║∇J║=1.7e-04
-----On 8/20 Initial Guess Perturbations
Iteration 3679/4500-----
J=1.2e-02, ⟨Jf⟩=1.2e-03, ⟨B·n⟩=8.4e-03, Len=sum([4.8, 4.6, 4.2])=13.5, ϰ=[4.9, 5.2, 4.6], ∫ϰ²/L>=[4.8, 6.1, 6.3], C-C-Sep=0.20, ║∇J║=1.5e-04
-----On 8/20 Initial Guess Perturbations
Iteration 3680/4500-----
J=1.2e-02, ⟨Jf⟩=1.2e-03, ⟨B·n⟩=8.4e-03, Len=sum([4.8, 4.6, 4.2])=13.5, ϰ=[4.9, 5.2, 4.6], ∫ϰ²/L>=[4.8, 6.1, 6.3], C-C-Sep=0.20, ║∇J║=1.9e-04
-----On 8/20 Initial Guess Perturbations
Iteration 3681/4500-----
J=1.2e-02, ⟨Jf⟩=1.2e-03, ⟨B·n⟩=8.4e-03, Len=sum([4.8, 4.6, 4.2])=13.5, ϰ=[4.9, 5.2, 4.6], ∫ϰ²/L>=[4.8, 6.1, 6.3], C-C-Sep=0.20, ║∇J║=1.5e-04
-----On 8/20 Initial Guess Perturbations
Iteration 3682/4500-----
J=1.2e-02, ⟨Jf⟩=1.2e-03, ⟨B·n⟩=8.4e-03, Len=sum([4.8, 4.6, 4.2])=13.5, ϰ=[4.9, 5.2, 4.6], ∫ϰ²/L>=[4.8, 6.1, 6.3], C-C-Sep=0.20, ║∇J║=1.5e-04
-----On 8/20 Initial Guess Perturbations
Iteration 3683/4500-----
J=1.2e-02, ⟨Jf⟩=1.2e-03, ⟨B·n⟩=8.4e-03, Len=sum([4.8, 4.6, 4.2])=13.5, ϰ=[4.9, 5.2, 4.6], ∫ϰ²/L>=[4.8, 6.1, 6.3], C-C-Sep=0.20, ║∇J║=1.2e-04
-----On 8/20 Initial Guess Perturbations
Iteration 3684/4500-----
J=1.2e-02, ⟨Jf⟩=1.2e-03, ⟨B·n⟩=8.4e-03, Len=sum([4.8, 4.6, 4.2])=13.5, ϰ=[4.9, 5.2, 4.6], ∫ϰ²/L>=[4.8, 6.1, 6.3], C-C-Sep=0.20, ║∇J║=1.3e-04
-----On 8/20 Initial Guess Perturbations
Iteration 3685/4500-----
J=1.2e-02, ⟨Jf⟩=1.2e-03, ⟨B·n⟩=8.4e-03, Len=sum([4.8, 4.6, 4.2])=13.5, ϰ=[4.9, 5.2, 4.6], ∫ϰ²/L>=[4.8, 6.1, 6.3], C-C-Sep=0.20, ║∇J║=1.3e-04
-----On 8/20 Initial Guess Perturbations
Iteration 3686/4500-----
J=1.2e-02, ⟨Jf⟩=1.2e-03, ⟨B·n⟩=8.4e-03, Len=sum([4.8, 4.6, 4.2])=13.5, ϰ=[4.9, 5.2, 4.6], ∫ϰ²/L>=[4.8, 6.1, 6.3], C-C-Sep=0.20, ║∇J║=1.3e-04
-----On 8/20 Initial Guess Perturbations
Iteration 3687/4500-----
J=1.2e-02, ⟨Jf⟩=1.2e-03, ⟨B·n⟩=8.4e-03, Len=sum([4.8, 4.6, 4.2])=13.5, ϰ=[4.9, 5.2, 4.6], ∫ϰ²/L>=[4.8, 6.1, 6.3], C-C-Sep=0.20, ║∇J║=1.2e-04
-----On 8/20 Initial Guess Perturbations
Iteration 3688/4500-----
J=1.2e-02, ⟨Jf⟩=1.2e-03, ⟨B·n⟩=8.4e-03, Len=sum([4.8, 4.6, 4.2])=13.5, ϰ=[4.9, 5.2, 4.6], ∫ϰ²/L>=[4.8, 6.1, 6.3], C-C-Sep=0.20, ║∇J║=1.4e-04
-----On 8/20 Initial Guess Perturbations
Iteration 3689/4500-----
J=1.2e-02, ⟨Jf⟩=1.2e-03, ⟨B·n⟩=8.4e-03, Len=sum([4.8, 4.6, 4.2])=13.5, ϰ=[4.9, 5.2, 4.6], ∫ϰ²/L>=[4.8, 6.1, 6.3], C-C-Sep=0.20, ║∇J║=1.5e-04
-----On 8/20 Initial Guess Perturbations
Iteration 3690/4500-----
J=1.2e-02, ⟨Jf⟩=1.2e-03, ⟨B·n⟩=8.4e-03, Len=sum([4.8, 4.6, 4.2])=13.5, ϰ=[4.9, 5.2, 4.6], ∫ϰ²/L>=[4.8, 6.1, 6.3], C-C-Sep=0.20, ║∇J║=1.9e-04
-----On 8/20 Initial Guess Perturbations
Iteration 3691/4500-----
J=1.2e-02, ⟨Jf⟩=1.2e-03, ⟨B·n⟩=8.4e-03, Len=sum([4.8, 4.6, 4.2])=13.5, ϰ=[4.9, 5.2, 4.6], ∫ϰ²/L>=[4.8, 6.1, 6.3], C-C-Sep=0.20, ║∇J║=2.3e-04
-----On 8/20 Initial Guess Perturbations
Iteration 3692/4500-----
J=1.2e-02, ⟨Jf⟩=1.2e-03, ⟨B·n⟩=8.4e-03, Len=sum([4.8, 4.6, 4.2])=13.5, ϰ=[4.9, 5.2, 4.6], ∫ϰ²/L>=[4.8, 6.1, 6.3], C-C-Sep=0.20, ║∇J║=1.1e-04
-----On 8/20 Initial Guess Perturbations
Iteration 3693/4500-----
J=1.2e-02, ⟨Jf⟩=1.2e-03, ⟨B·n⟩=8.4e-03, Len=sum([4.8, 4.6, 4.2])=13.5, ϰ=[4.9, 5.2, 4.6], ∫ϰ²/L>=[4.8, 6.1, 6.3], C-C-Sep=0.20, ║∇J║=1.1e-04
-----On 8/20 Initial Guess Perturbations
Iteration 3694/4500-----
J=1.2e-02, ⟨Jf⟩=1.2e-03, ⟨B·n⟩=8.4e-03, Len=sum([4.8, 4.6, 4.2])=13.5, ϰ=[4.9, 5.2, 4.6], ∫ϰ²/L>=[4.8, 6.1, 6.3], C-C-Sep=0.20, ║∇J║=1.5e-04
-----On 8/20 Initial Guess Perturbations
Iteration 3695/4500-----
J=1.2e-02, ⟨Jf⟩=1.2e-03, ⟨B·n⟩=8.4e-03, Len=sum([4.8, 4.6, 4.2])=13.5, ϰ=[4.9, 5.2, 4.6], ∫ϰ²/L>=[4.8, 6.1, 6.3], C-C-Sep=0.20, ║∇J║=2.0e-04
-----On 8/20 Initial Guess Perturbations
Iteration 3696/4500-----
J=1.2e-02, ⟨Jf⟩=1.2e-03, ⟨B·n⟩=8.4e-03, Len=sum([4.8, 4.6, 4.2])=13.5, ϰ=[4.9, 5.2, 4.6], ∫ϰ²/L>=[4.8, 6.1, 6.3], C-C-Sep=0.20, ║∇J║=1.3e-04
-----On 8/20 Initial Guess Perturbations
Iteration 3697/4500-----
J=1.2e-02, ⟨Jf⟩=1.2e-03, ⟨B·n⟩=8.4e-03, Len=sum([4.8, 4.6, 4.2])=13.5, ϰ=[4.9, 5.2, 4.6], ∫ϰ²/L>=[4.8, 6.1, 6.3], C-C-Sep=0.20, ║∇J║=1.3e-04
-----On 8/20 Initial Guess Perturbations
Iteration 3698/4500-----
J=1.2e-02, ⟨Jf⟩=1.2e-03, ⟨B·n⟩=8.4e-03, Len=sum([4.8, 4.6, 4.2])=13.5, ϰ=[4.9, 5.2, 4.6], ∫ϰ²/L>=[4.8, 6.1, 6.3], C-C-Sep=0.20, ║∇J║=1.4e-04
-----On 8/20 Initial Guess Perturbations
Iteration 3699/4500-----
J=1.2e-02, ⟨Jf⟩=1.2e-03, ⟨B·n⟩=8.4e-03, Len=sum([4.8, 4.6, 4.2])=13.5, ϰ=[4.9, 5.2, 4.6], ∫ϰ²/L>=[4.8, 6.1, 6.3], C-C-Sep=0.20, ║∇J║=1.4e-04
-----On 8/20 Initial Guess Perturbations
Iteration 3700/4500-----
J=1.2e-02, ⟨Jf⟩=1.2e-03, ⟨B·n⟩=8.4e-03, Len=sum([4.8, 4.6, 4.2])=13.5, ϰ=[4.9, 5.2, 4.6], ∫ϰ²/L>=[4.8, 6.1, 6.3], C-C-Sep=0.20, ║∇J║=1.6e-04
-----On 8/20 Initial Guess Perturbations
Iteration 3701/4500-----
J=1.2e-02, ⟨Jf⟩=1.2e-03, ⟨B·n⟩=8.4e-03, Len=sum([4.8, 4.6, 4.2])=13.5, ϰ=[4.9, 5.2, 4.6], ∫ϰ²/L>=[4.8, 6.1, 6.3], C-C-Sep=0.20, ║∇J║=2.1e-04
-----On 8/20 Initial Guess Perturbations
Iteration 3702/4500-----
J=1.2e-02, ⟨Jf⟩=1.2e-03, ⟨B·n⟩=8.4e-03, Len=sum([4.8, 4.6, 4.2])=13.5, ϰ=[4.9, 5.2, 4.6], ∫ϰ²/L>=[4.8, 6.1, 6.3], C-C-Sep=0.20, ║∇J║=1.9e-04
-----On 8/20 Initial Guess Perturbations
Iteration 3703/4500-----
J=1.2e-02, ⟨Jf⟩=1.2e-03, ⟨B·n⟩=8.4e-03, Len=sum([4.8, 4.6, 4.2])=13.5, ϰ=[4.9, 5.2, 4.6], ∫ϰ²/L>=[4.8, 6.1, 6.3], C-C-Sep=0.20, ║∇J║=1.4e-04
-----On 8/20 Initial Guess Perturbations
Iteration 3704/4500-----
J=1.2e-02, ⟨Jf⟩=1.2e-03, ⟨B·n⟩=8.4e-03, Len=sum([4.8, 4.6, 4.2])=13.5, ϰ=[4.9, 5.2, 4.6], ∫ϰ²/L>=[4.8, 6.1, 6.3], C-C-Sep=0.20, ║∇J║=1.3e-04
-----On 8/20 Initial Guess Perturbations
Iteration 3705/4500-----
J=1.2e-02, ⟨Jf⟩=1.2e-03, ⟨B·n⟩=8.4e-03, Len=sum([4.8, 4.6, 4.2])=13.5, ϰ=[4.9, 5.2, 4.6], ∫ϰ²/L>=[4.8, 6.1, 6.3], C-C-Sep=0.20, ║∇J║=1.5e-04
-----On 8/20 Initial Guess Perturbations
Iteration 3706/4500-----
J=1.2e-02, ⟨Jf⟩=1.2e-03, ⟨B·n⟩=8.4e-03, Len=sum([4.8, 4.6, 4.2])=13.5, ϰ=[4.9, 5.2, 4.6], ∫ϰ²/L>=[4.8, 6.1, 6.3], C-C-Sep=0.20, ║∇J║=2.8e-04
-----On 8/20 Initial Guess Perturbations
Iteration 3707/4500-----
J=1.2e-02, ⟨Jf⟩=1.2e-03, ⟨B·n⟩=8.4e-03, Len=sum([4.8, 4.6, 4.2])=13.5, ϰ=[4.9, 5.2, 4.6], ∫ϰ²/L>=[4.8, 6.1, 6.3], C-C-Sep=0.20, ║∇J║=1.5e-04
-----On 8/20 Initial Guess Perturbations
Iteration 3708/4500-----
J=1.2e-02, ⟨Jf⟩=1.2e-03, ⟨B·n⟩=8.4e-03, Len=sum([4.8, 4.6, 4.2])=13.5, ϰ=[4.9, 5.2, 4.6], ∫ϰ²/L>=[4.8, 6.1, 6.3], C-C-Sep=0.20, ║∇J║=1.8e-04
-----On 8/20 Initial Guess Perturbations
Iteration 3709/4500-----
J=1.2e-02, ⟨Jf⟩=1.2e-03, ⟨B·n⟩=8.4e-03, Len=sum([4.8, 4.6, 4.2])=13.5, ϰ=[4.9, 5.2, 4.6], ∫ϰ²/L>=[4.8, 6.1, 6.3], C-C-Sep=0.20, ║∇J║=1.6e-04
-----On 8/20 Initial Guess Perturbations
Iteration 3710/4500-----
J=1.2e-02, ⟨Jf⟩=1.2e-03, ⟨B·n⟩=8.4e-03, Len=sum([4.8, 4.6, 4.2])=13.5, ϰ=[4.9, 5.2, 4.6], ∫ϰ²/L>=[4.8, 6.1, 6.3], C-C-Sep=0.20, ║∇J║=1.6e-04
-----On 8/20 Initial Guess Perturbations
Iteration 3711/4500-----
J=1.2e-02, ⟨Jf⟩=1.2e-03, ⟨B·n⟩=8.4e-03, Len=sum([4.8, 4.6, 4.2])=13.5, ϰ=[4.9, 5.2, 4.6], ∫ϰ²/L>=[4.8, 6.1, 6.3], C-C-Sep=0.20, ║∇J║=3.0e-04
-----On 8/20 Initial Guess Perturbations
Iteration 3712/4500-----
J=1.2e-02, ⟨Jf⟩=1.2e-03, ⟨B·n⟩=8.4e-03, Len=sum([4.8, 4.6, 4.2])=13.5, ϰ=[4.9, 5.2, 4.6], ∫ϰ²/L>=[4.8, 6.1, 6.3], C-C-Sep=0.20, ║∇J║=1.6e-04
-----On 8/20 Initial Guess Perturbations
Iteration 3713/4500-----
J=1.2e-02, ⟨Jf⟩=1.2e-03, ⟨B·n⟩=8.4e-03, Len=sum([4.8, 4.6, 4.2])=13.5, ϰ=[4.9, 5.2, 4.6], ∫ϰ²/L>=[4.8, 6.1, 6.3], C-C-Sep=0.20, ║∇J║=1.3e-04
-----On 8/20 Initial Guess Perturbations
Iteration 3714/4500-----
J=1.2e-02, ⟨Jf⟩=1.2e-03, ⟨B·n⟩=8.4e-03, Len=sum([4.8, 4.6, 4.2])=13.5, ϰ=[4.9, 5.2, 4.6], ∫ϰ²/L>=[4.8, 6.1, 6.3], C-C-Sep=0.20, ║∇J║=1.6e-04
-----On 8/20 Initial Guess Perturbations
Iteration 3715/4500-----
J=1.2e-02, ⟨Jf⟩=1.2e-03, ⟨B·n⟩=8.4e-03, Len=sum([4.8, 4.6, 4.2])=13.5, ϰ=[4.9, 5.2, 4.6], ∫ϰ²/L>=[4.8, 6.1, 6.3], C-C-Sep=0.20, ║∇J║=1.4e-04
-----On 8/20 Initial Guess Perturbations
Iteration 3716/4500-----
J=1.2e-02, ⟨Jf⟩=1.2e-03, ⟨B·n⟩=8.4e-03, Len=sum([4.8, 4.6, 4.2])=13.5, ϰ=[4.9, 5.2, 4.6], ∫ϰ²/L>=[4.8, 6.1, 6.3], C-C-Sep=0.20, ║∇J║=1.9e-04
-----On 8/20 Initial Guess Perturbations
Iteration 3717/4500-----
J=1.2e-02, ⟨Jf⟩=1.2e-03, ⟨B·n⟩=8.4e-03, Len=sum([4.8, 4.6, 4.2])=13.5, ϰ=[4.9, 5.2, 4.6], ∫ϰ²/L>=[4.8, 6.1, 6.3], C-C-Sep=0.20, ║∇J║=1.9e-04
-----On 8/20 Initial Guess Perturbations
Iteration 3718/4500-----
J=1.2e-02, ⟨Jf⟩=1.2e-03, ⟨B·n⟩=8.4e-03, Len=sum([4.8, 4.6, 4.2])=13.5, ϰ=[4.9, 5.2, 4.6], ∫ϰ²/L>=[4.8, 6.1, 6.3], C-C-Sep=0.20, ║∇J║=2.7e-04
-----On 8/20 Initial Guess Perturbations
Iteration 3719/4500-----
J=1.2e-02, ⟨Jf⟩=1.2e-03, ⟨B·n⟩=8.4e-03, Len=sum([4.8, 4.6, 4.2])=13.5, ϰ=[4.9, 5.2, 4.6], ∫ϰ²/L>=[4.8, 6.1, 6.3], C-C-Sep=0.20, ║∇J║=2.8e-04
-----On 8/20 Initial Guess Perturbations
Iteration 3720/4500-----
J=1.2e-02, ⟨Jf⟩=1.2e-03, ⟨B·n⟩=8.4e-03, Len=sum([4.8, 4.6, 4.2])=13.5, ϰ=[4.9, 5.2, 4.6], ∫ϰ²/L>=[4.8, 6.1, 6.3], C-C-Sep=0.20, ║∇J║=1.7e-04
-----On 8/20 Initial Guess Perturbations
Iteration 3721/4500-----
J=1.2e-02, ⟨Jf⟩=1.2e-03, ⟨B·n⟩=8.4e-03, Len=sum([4.8, 4.6, 4.2])=13.5, ϰ=[4.9, 5.2, 4.6], ∫ϰ²/L>=[4.8, 6.1, 6.3], C-C-Sep=0.20, ║∇J║=1.1e-04
-----On 8/20 Initial Guess Perturbations
Iteration 3722/4500-----
J=1.2e-02, ⟨Jf⟩=1.2e-03, ⟨B·n⟩=8.4e-03, Len=sum([4.8, 4.6, 4.2])=13.5, ϰ=[4.9, 5.2, 4.6], ∫ϰ²/L>=[4.8, 6.1, 6.3], C-C-Sep=0.20, ║∇J║=1.3e-04
-----On 8/20 Initial Guess Perturbations
Iteration 3723/4500-----
J=1.2e-02, ⟨Jf⟩=1.2e-03, ⟨B·n⟩=8.4e-03, Len=sum([4.8, 4.6, 4.2])=13.5, ϰ=[4.9, 5.2, 4.6], ∫ϰ²/L>=[4.8, 6.1, 6.3], C-C-Sep=0.20, ║∇J║=2.1e-04
-----On 8/20 Initial Guess Perturbations
Iteration 3724/4500-----
J=1.2e-02, ⟨Jf⟩=1.2e-03, ⟨B·n⟩=8.4e-03, Len=sum([4.8, 4.6, 4.2])=13.5, ϰ=[4.9, 5.2, 4.6], ∫ϰ²/L>=[4.8, 6.1, 6.3], C-C-Sep=0.20, ║∇J║=1.6e-04
-----On 8/20 Initial Guess Perturbations
Iteration 3725/4500-----
J=1.2e-02, ⟨Jf⟩=1.2e-03, ⟨B·n⟩=8.4e-03, Len=sum([4.8, 4.6, 4.2])=13.5, ϰ=[4.9, 5.2, 4.6], ∫ϰ²/L>=[4.8, 6.1, 6.3], C-C-Sep=0.20, ║∇J║=1.6e-04
-----On 8/20 Initial Guess Perturbations
Iteration 3726/4500-----
J=1.2e-02, ⟨Jf⟩=1.2e-03, ⟨B·n⟩=8.4e-03, Len=sum([4.8, 4.6, 4.2])=13.5, ϰ=[4.9, 5.2, 4.6], ∫ϰ²/L>=[4.8, 6.1, 6.3], C-C-Sep=0.20, ║∇J║=1.8e-04
-----On 8/20 Initial Guess Perturbations
Iteration 3727/4500-----
J=1.2e-02, ⟨Jf⟩=1.2e-03, ⟨B·n⟩=8.4e-03, Len=sum([4.8, 4.6, 4.2])=13.5, ϰ=[4.9, 5.2, 4.6], ∫ϰ²/L>=[4.8, 6.1, 6.3], C-C-Sep=0.20, ║∇J║=2.3e-04
-----On 8/20 Initial Guess Perturbations
Iteration 3728/4500-----
J=1.2e-02, ⟨Jf⟩=1.2e-03, ⟨B·n⟩=8.4e-03, Len=sum([4.8, 4.6, 4.2])=13.5, ϰ=[4.9, 5.2, 4.6], ∫ϰ²/L>=[4.8, 6.1, 6.3], C-C-Sep=0.20, ║∇J║=2.5e-04
-----On 8/20 Initial Guess Perturbations
Iteration 3729/4500-----
J=1.2e-02, ⟨Jf⟩=1.2e-03, ⟨B·n⟩=8.4e-03, Len=sum([4.8, 4.6, 4.2])=13.5, ϰ=[4.9, 5.2, 4.6], ∫ϰ²/L>=[4.8, 6.1, 6.3], C-C-Sep=0.20, ║∇J║=1.5e-04
-----On 8/20 Initial Guess Perturbations
Iteration 3730/4500-----
J=1.2e-02, ⟨Jf⟩=1.2e-03, ⟨B·n⟩=8.4e-03, Len=sum([4.8, 4.6, 4.2])=13.5, ϰ=[4.9, 5.2, 4.6], ∫ϰ²/L>=[4.8, 6.1, 6.3], C-C-Sep=0.20, ║∇J║=1.5e-04
-----On 8/20 Initial Guess Perturbations
Iteration 3731/4500-----
J=1.2e-02, ⟨Jf⟩=1.2e-03, ⟨B·n⟩=8.4e-03, Len=sum([4.8, 4.6, 4.2])=13.5, ϰ=[4.9, 5.2, 4.6], ∫ϰ²/L>=[4.8, 6.1, 6.3], C-C-Sep=0.20, ║∇J║=1.9e-04
-----On 8/20 Initial Guess Perturbations
Iteration 3732/4500-----
J=1.2e-02, ⟨Jf⟩=1.2e-03, ⟨B·n⟩=8.4e-03, Len=sum([4.8, 4.6, 4.2])=13.5, ϰ=[4.9, 5.2, 4.6], ∫ϰ²/L>=[4.8, 6.1, 6.3], C-C-Sep=0.20, ║∇J║=1.8e-04
-----On 8/20 Initial Guess Perturbations
Iteration 3733/4500-----
J=1.2e-02, ⟨Jf⟩=1.2e-03, ⟨B·n⟩=8.4e-03, Len=sum([4.8, 4.6, 4.2])=13.5, ϰ=[4.9, 5.2, 4.6], ∫ϰ²/L>=[4.8, 6.1, 6.3], C-C-Sep=0.20, ║∇J║=2.0e-04
-----On 8/20 Initial Guess Perturbations
Iteration 3734/4500-----
J=1.2e-02, ⟨Jf⟩=1.2e-03, ⟨B·n⟩=8.4e-03, Len=sum([4.8, 4.6, 4.2])=13.5, ϰ=[4.9, 5.2, 4.6], ∫ϰ²/L>=[4.8, 6.1, 6.3], C-C-Sep=0.20, ║∇J║=1.4e-04
-----On 8/20 Initial Guess Perturbations
Iteration 3735/4500-----
J=1.2e-02, ⟨Jf⟩=1.2e-03, ⟨B·n⟩=8.4e-03, Len=sum([4.8, 4.6, 4.2])=13.5, ϰ=[4.9, 5.2, 4.6], ∫ϰ²/L>=[4.8, 6.1, 6.3], C-C-Sep=0.20, ║∇J║=2.2e-04
-----On 8/20 Initial Guess Perturbations
Iteration 3736/4500-----
J=1.2e-02, ⟨Jf⟩=1.2e-03, ⟨B·n⟩=8.4e-03, Len=sum([4.8, 4.6, 4.2])=13.5, ϰ=[4.9, 5.2, 4.6], ∫ϰ²/L>=[4.8, 6.1, 6.3], C-C-Sep=0.20, ║∇J║=2.7e-04
-----On 8/20 Initial Guess Perturbations
Iteration 3737/4500-----
J=1.2e-02, ⟨Jf⟩=1.2e-03, ⟨B·n⟩=8.4e-03, Len=sum([4.8, 4.6, 4.2])=13.5, ϰ=[4.9, 5.2, 4.6], ∫ϰ²/L>=[4.8, 6.1, 6.3], C-C-Sep=0.20, ║∇J║=1.7e-04
-----On 8/20 Initial Guess Perturbations
Iteration 3738/4500-----
J=1.2e-02, ⟨Jf⟩=1.2e-03, ⟨B·n⟩=8.4e-03, Len=sum([4.8, 4.6, 4.2])=13.5, ϰ=[4.9, 5.2, 4.6], ∫ϰ²/L>=[4.8, 6.1, 6.3], C-C-Sep=0.20, ║∇J║=1.4e-04
-----On 8/20 Initial Guess Perturbations
Iteration 3739/4500-----
J=1.2e-02, ⟨Jf⟩=1.2e-03, ⟨B·n⟩=8.4e-03, Len=sum([4.8, 4.6, 4.2])=13.5, ϰ=[4.9, 5.2, 4.6], ∫ϰ²/L>=[4.8, 6.1, 6.3], C-C-Sep=0.20, ║∇J║=1.4e-04
-----On 8/20 Initial Guess Perturbations
Iteration 3740/4500-----
J=1.2e-02, ⟨Jf⟩=1.2e-03, ⟨B·n⟩=8.4e-03, Len=sum([4.8, 4.6, 4.2])=13.5, ϰ=[4.9, 5.2, 4.6], ∫ϰ²/L>=[4.8, 6.1, 6.3], C-C-Sep=0.20, ║∇J║=2.0e-04
-----On 8/20 Initial Guess Perturbations
Iteration 3741/4500-----
J=1.2e-02, ⟨Jf⟩=1.2e-03, ⟨B·n⟩=8.4e-03, Len=sum([4.8, 4.6, 4.2])=13.5, ϰ=[4.9, 5.2, 4.6], ∫ϰ²/L>=[4.8, 6.1, 6.3], C-C-Sep=0.20, ║∇J║=2.0e-04
-----On 8/20 Initial Guess Perturbations
Iteration 3742/4500-----
J=1.2e-02, ⟨Jf⟩=1.2e-03, ⟨B·n⟩=8.4e-03, Len=sum([4.8, 4.6, 4.2])=13.5, ϰ=[4.9, 5.2, 4.6], ∫ϰ²/L>=[4.8, 6.1, 6.3], C-C-Sep=0.20, ║∇J║=1.7e-04
-----On 8/20 Initial Guess Perturbations
Iteration 3743/4500-----
J=1.2e-02, ⟨Jf⟩=1.2e-03, ⟨B·n⟩=8.4e-03, Len=sum([4.8, 4.6, 4.2])=13.5, ϰ=[4.9, 5.2, 4.6], ∫ϰ²/L>=[4.8, 6.1, 6.3], C-C-Sep=0.20, ║∇J║=2.1e-04
-----On 8/20 Initial Guess Perturbations
Iteration 3744/4500-----
J=1.2e-02, ⟨Jf⟩=1.2e-03, ⟨B·n⟩=8.4e-03, Len=sum([4.8, 4.6, 4.2])=13.5, ϰ=[4.9, 5.2, 4.6], ∫ϰ²/L>=[4.8, 6.1, 6.3], C-C-Sep=0.20, ║∇J║=1.8e-04
-----On 8/20 Initial Guess Perturbations
Iteration 3745/4500-----
J=1.2e-02, ⟨Jf⟩=1.2e-03, ⟨B·n⟩=8.4e-03, Len=sum([4.8, 4.6, 4.2])=13.5, ϰ=[4.9, 5.2, 4.6], ∫ϰ²/L>=[4.8, 6.1, 6.3], C-C-Sep=0.20, ║∇J║=1.3e-04
-----On 8/20 Initial Guess Perturbations
Iteration 3746/4500-----
J=1.2e-02, ⟨Jf⟩=1.2e-03, ⟨B·n⟩=8.4e-03, Len=sum([4.8, 4.6, 4.2])=13.5, ϰ=[4.9, 5.2, 4.6], ∫ϰ²/L>=[4.8, 6.1, 6.3], C-C-Sep=0.20, ║∇J║=1.6e-04
-----On 8/20 Initial Guess Perturbations
Iteration 3747/4500-----
J=1.2e-02, ⟨Jf⟩=1.2e-03, ⟨B·n⟩=8.4e-03, Len=sum([4.8, 4.6, 4.2])=13.5, ϰ=[4.9, 5.2, 4.6], ∫ϰ²/L>=[4.8, 6.1, 6.3], C-C-Sep=0.20, ║∇J║=1.9e-04
-----On 8/20 Initial Guess Perturbations
Iteration 3748/4500-----
J=1.2e-02, ⟨Jf⟩=1.2e-03, ⟨B·n⟩=8.4e-03, Len=sum([4.8, 4.6, 4.2])=13.5, ϰ=[4.9, 5.2, 4.6], ∫ϰ²/L>=[4.8, 6.1, 6.3], C-C-Sep=0.20, ║∇J║=1.5e-04
-----On 8/20 Initial Guess Perturbations
Iteration 3749/4500-----
J=1.2e-02, ⟨Jf⟩=1.2e-03, ⟨B·n⟩=8.4e-03, Len=sum([4.8, 4.6, 4.2])=13.5, ϰ=[4.9, 5.2, 4.6], ∫ϰ²/L>=[4.8, 6.1, 6.3], C-C-Sep=0.20, ║∇J║=1.4e-04
-----On 8/20 Initial Guess Perturbations
Iteration 3750/4500-----
J=1.2e-02, ⟨Jf⟩=1.2e-03, ⟨B·n⟩=8.4e-03, Len=sum([4.8, 4.6, 4.2])=13.5, ϰ=[4.9, 5.2, 4.6], ∫ϰ²/L>=[4.8, 6.1, 6.3], C-C-Sep=0.20, ║∇J║=1.3e-04
-----On 8/20 Initial Guess Perturbations
Iteration 3751/4500-----
J=1.2e-02, ⟨Jf⟩=1.2e-03, ⟨B·n⟩=8.4e-03, Len=sum([4.8, 4.6, 4.2])=13.5, ϰ=[4.9, 5.2, 4.6], ∫ϰ²/L>=[4.8, 6.1, 6.3], C-C-Sep=0.20, ║∇J║=1.1e-04
-----On 8/20 Initial Guess Perturbations
Iteration 3752/4500-----
J=1.2e-02, ⟨Jf⟩=1.2e-03, ⟨B·n⟩=8.4e-03, Len=sum([4.8, 4.6, 4.2])=13.5, ϰ=[4.9, 5.2, 4.6], ∫ϰ²/L>=[4.8, 6.1, 6.3], C-C-Sep=0.20, ║∇J║=1.2e-04
-----On 8/20 Initial Guess Perturbations
Iteration 3753/4500-----
J=1.2e-02, ⟨Jf⟩=1.2e-03, ⟨B·n⟩=8.4e-03, Len=sum([4.8, 4.6, 4.2])=13.5, ϰ=[4.9, 5.2, 4.6], ∫ϰ²/L>=[4.8, 6.1, 6.3], C-C-Sep=0.20, ║∇J║=1.6e-04
-----On 8/20 Initial Guess Perturbations
Iteration 3754/4500-----
J=1.2e-02, ⟨Jf⟩=1.2e-03, ⟨B·n⟩=8.4e-03, Len=sum([4.8, 4.6, 4.2])=13.5, ϰ=[4.9, 5.2, 4.6], ∫ϰ²/L>=[4.8, 6.1, 6.3], C-C-Sep=0.20, ║∇J║=1.6e-04
-----On 8/20 Initial Guess Perturbations
Iteration 3755/4500-----
J=1.2e-02, ⟨Jf⟩=1.2e-03, ⟨B·n⟩=8.4e-03, Len=sum([4.8, 4.6, 4.2])=13.5, ϰ=[4.9, 5.2, 4.6], ∫ϰ²/L>=[4.8, 6.1, 6.3], C-C-Sep=0.20, ║∇J║=1.2e-04
-----On 8/20 Initial Guess Perturbations
Iteration 3756/4500-----
J=1.2e-02, ⟨Jf⟩=1.2e-03, ⟨B·n⟩=8.4e-03, Len=sum([4.8, 4.6, 4.2])=13.5, ϰ=[4.9, 5.2, 4.6], ∫ϰ²/L>=[4.8, 6.1, 6.3], C-C-Sep=0.20, ║∇J║=1.3e-04
-----On 8/20 Initial Guess Perturbations
Iteration 3757/4500-----
J=1.2e-02, ⟨Jf⟩=1.2e-03, ⟨B·n⟩=8.4e-03, Len=sum([4.8, 4.6, 4.2])=13.5, ϰ=[4.9, 5.2, 4.6], ∫ϰ²/L>=[4.8, 6.1, 6.3], C-C-Sep=0.20, ║∇J║=1.5e-04
-----On 8/20 Initial Guess Perturbations
Iteration 3758/4500-----
J=1.2e-02, ⟨Jf⟩=1.2e-03, ⟨B·n⟩=8.4e-03, Len=sum([4.8, 4.6, 4.2])=13.5, ϰ=[4.9, 5.2, 4.6], ∫ϰ²/L>=[4.8, 6.1, 6.3], C-C-Sep=0.20, ║∇J║=1.8e-04
-----On 8/20 Initial Guess Perturbations
Iteration 3759/4500-----
J=1.2e-02, ⟨Jf⟩=1.2e-03, ⟨B·n⟩=8.4e-03, Len=sum([4.8, 4.6, 4.2])=13.5, ϰ=[4.9, 5.2, 4.6], ∫ϰ²/L>=[4.8, 6.1, 6.3], C-C-Sep=0.20, ║∇J║=2.5e-04
-----On 8/20 Initial Guess Perturbations
Iteration 3760/4500-----
J=1.2e-02, ⟨Jf⟩=1.2e-03, ⟨B·n⟩=8.4e-03, Len=sum([4.8, 4.6, 4.2])=13.5, ϰ=[4.9, 5.2, 4.6], ∫ϰ²/L>=[4.8, 6.1, 6.3], C-C-Sep=0.20, ║∇J║=1.2e-04
-----On 8/20 Initial Guess Perturbations
Iteration 3761/4500-----
J=1.2e-02, ⟨Jf⟩=1.2e-03, ⟨B·n⟩=8.4e-03, Len=sum([4.8, 4.6, 4.2])=13.5, ϰ=[4.9, 5.2, 4.6], ∫ϰ²/L>=[4.8, 6.1, 6.3], C-C-Sep=0.20, ║∇J║=9.4e-05
-----On 8/20 Initial Guess Perturbations
Iteration 3762/4500-----
J=1.2e-02, ⟨Jf⟩=1.2e-03, ⟨B·n⟩=8.4e-03, Len=sum([4.8, 4.6, 4.2])=13.5, ϰ=[4.9, 5.2, 4.6], ∫ϰ²/L>=[4.8, 6.1, 6.3], C-C-Sep=0.20, ║∇J║=1.2e-04
-----On 8/20 Initial Guess Perturbations
Iteration 3763/4500-----
J=1.2e-02, ⟨Jf⟩=1.2e-03, ⟨B·n⟩=8.4e-03, Len=sum([4.8, 4.6, 4.2])=13.5, ϰ=[4.9, 5.2, 4.6], ∫ϰ²/L>=[4.8, 6.1, 6.3], C-C-Sep=0.20, ║∇J║=1.6e-04
-----On 8/20 Initial Guess Perturbations
Iteration 3764/4500-----
J=1.2e-02, ⟨Jf⟩=1.2e-03, ⟨B·n⟩=8.4e-03, Len=sum([4.8, 4.6, 4.2])=13.5, ϰ=[4.9, 5.2, 4.6], ∫ϰ²/L>=[4.8, 6.1, 6.3], C-C-Sep=0.20, ║∇J║=1.6e-04
-----On 8/20 Initial Guess Perturbations
Iteration 3765/4500-----
J=1.2e-02, ⟨Jf⟩=1.2e-03, ⟨B·n⟩=8.4e-03, Len=sum([4.8, 4.6, 4.2])=13.5, ϰ=[4.9, 5.2, 4.6], ∫ϰ²/L>=[4.8, 6.1, 6.3], C-C-Sep=0.20, ║∇J║=1.4e-04
-----On 8/20 Initial Guess Perturbations
Iteration 3766/4500-----
J=1.2e-02, ⟨Jf⟩=1.2e-03, ⟨B·n⟩=8.4e-03, Len=sum([4.8, 4.6, 4.2])=13.5, ϰ=[4.9, 5.2, 4.6], ∫ϰ²/L>=[4.8, 6.1, 6.3], C-C-Sep=0.20, ║∇J║=1.3e-04
-----On 8/20 Initial Guess Perturbations
Iteration 3767/4500-----
J=1.2e-02, ⟨Jf⟩=1.2e-03, ⟨B·n⟩=8.4e-03, Len=sum([4.8, 4.6, 4.2])=13.5, ϰ=[4.9, 5.2, 4.6], ∫ϰ²/L>=[4.8, 6.1, 6.3], C-C-Sep=0.20, ║∇J║=1.2e-04
-----On 8/20 Initial Guess Perturbations
Iteration 3768/4500-----
J=1.2e-02, ⟨Jf⟩=1.2e-03, ⟨B·n⟩=8.4e-03, Len=sum([4.8, 4.6, 4.2])=13.5, ϰ=[4.9, 5.2, 4.6], ∫ϰ²/L>=[4.8, 6.1, 6.3], C-C-Sep=0.20, ║∇J║=1.3e-04
-----On 8/20 Initial Guess Perturbations
Iteration 3769/4500-----
J=1.2e-02, ⟨Jf⟩=1.2e-03, ⟨B·n⟩=8.4e-03, Len=sum([4.8, 4.6, 4.2])=13.5, ϰ=[4.9, 5.2, 4.6], ∫ϰ²/L>=[4.8, 6.1, 6.3], C-C-Sep=0.20, ║∇J║=1.1e-04
-----On 8/20 Initial Guess Perturbations
Iteration 3770/4500-----
J=1.2e-02, ⟨Jf⟩=1.2e-03, ⟨B·n⟩=8.4e-03, Len=sum([4.8, 4.6, 4.2])=13.5, ϰ=[4.9, 5.2, 4.6], ∫ϰ²/L>=[4.8, 6.1, 6.3], C-C-Sep=0.20, ║∇J║=9.3e-05
-----On 8/20 Initial Guess Perturbations
Iteration 3771/4500-----
J=1.2e-02, ⟨Jf⟩=1.2e-03, ⟨B·n⟩=8.4e-03, Len=sum([4.8, 4.6, 4.2])=13.5, ϰ=[4.9, 5.2, 4.6], ∫ϰ²/L>=[4.8, 6.1, 6.3], C-C-Sep=0.20, ║∇J║=8.9e-05
-----On 8/20 Initial Guess Perturbations
Iteration 3772/4500-----
J=1.2e-02, ⟨Jf⟩=1.2e-03, ⟨B·n⟩=8.4e-03, Len=sum([4.8, 4.6, 4.2])=13.5, ϰ=[4.9, 5.2, 4.6], ∫ϰ²/L>=[4.8, 6.1, 6.3], C-C-Sep=0.20, ║∇J║=1.2e-04
-----On 8/20 Initial Guess Perturbations
Iteration 3773/4500-----
J=1.2e-02, ⟨Jf⟩=1.2e-03, ⟨B·n⟩=8.4e-03, Len=sum([4.8, 4.6, 4.2])=13.5, ϰ=[4.9, 5.2, 4.6], ∫ϰ²/L>=[4.8, 6.1, 6.3], C-C-Sep=0.20, ║∇J║=1.0e-04
-----On 8/20 Initial Guess Perturbations
Iteration 3774/4500-----
J=1.2e-02, ⟨Jf⟩=1.2e-03, ⟨B·n⟩=8.4e-03, Len=sum([4.8, 4.6, 4.2])=13.5, ϰ=[4.9, 5.2, 4.6], ∫ϰ²/L>=[4.8, 6.1, 6.3], C-C-Sep=0.20, ║∇J║=1.1e-04
-----On 8/20 Initial Guess Perturbations
Iteration 3775/4500-----
J=1.2e-02, ⟨Jf⟩=1.2e-03, ⟨B·n⟩=8.4e-03, Len=sum([4.8, 4.6, 4.2])=13.5, ϰ=[4.9, 5.2, 4.6], ∫ϰ²/L>=[4.8, 6.1, 6.3], C-C-Sep=0.20, ║∇J║=1.0e-04
-----On 8/20 Initial Guess Perturbations
Iteration 3776/4500-----
J=1.2e-02, ⟨Jf⟩=1.2e-03, ⟨B·n⟩=8.4e-03, Len=sum([4.8, 4.6, 4.2])=13.5, ϰ=[4.9, 5.2, 4.6], ∫ϰ²/L>=[4.8, 6.1, 6.3], C-C-Sep=0.20, ║∇J║=9.9e-05
-----On 8/20 Initial Guess Perturbations
Iteration 3777/4500-----
J=1.2e-02, ⟨Jf⟩=1.2e-03, ⟨B·n⟩=8.4e-03, Len=sum([4.8, 4.6, 4.2])=13.5, ϰ=[4.9, 5.2, 4.6], ∫ϰ²/L>=[4.8, 6.1, 6.3], C-C-Sep=0.20, ║∇J║=7.8e-05
-----On 8/20 Initial Guess Perturbations
Iteration 3778/4500-----
J=1.2e-02, ⟨Jf⟩=1.2e-03, ⟨B·n⟩=8.4e-03, Len=sum([4.8, 4.6, 4.2])=13.5, ϰ=[4.9, 5.2, 4.6], ∫ϰ²/L>=[4.8, 6.1, 6.3], C-C-Sep=0.20, ║∇J║=9.7e-05
-----On 8/20 Initial Guess Perturbations
Iteration 3779/4500-----
J=1.2e-02, ⟨Jf⟩=1.2e-03, ⟨B·n⟩=8.4e-03, Len=sum([4.8, 4.6, 4.2])=13.5, ϰ=[4.9, 5.2, 4.6], ∫ϰ²/L>=[4.8, 6.1, 6.3], C-C-Sep=0.20, ║∇J║=9.5e-05
-----On 8/20 Initial Guess Perturbations
Iteration 3780/4500-----
J=1.2e-02, ⟨Jf⟩=1.2e-03, ⟨B·n⟩=8.4e-03, Len=sum([4.8, 4.6, 4.2])=13.5, ϰ=[4.9, 5.2, 4.6], ∫ϰ²/L>=[4.8, 6.1, 6.3], C-C-Sep=0.20, ║∇J║=9.4e-05
-----On 8/20 Initial Guess Perturbations
Iteration 3781/4500-----
J=1.2e-02, ⟨Jf⟩=1.2e-03, ⟨B·n⟩=8.4e-03, Len=sum([4.8, 4.6, 4.2])=13.5, ϰ=[4.9, 5.2, 4.6], ∫ϰ²/L>=[4.8, 6.1, 6.3], C-C-Sep=0.20, ║∇J║=1.4e-04
-----On 8/20 Initial Guess Perturbations
Iteration 3782/4500-----
J=1.2e-02, ⟨Jf⟩=1.2e-03, ⟨B·n⟩=8.4e-03, Len=sum([4.8, 4.6, 4.2])=13.5, ϰ=[4.9, 5.2, 4.6], ∫ϰ²/L>=[4.8, 6.1, 6.3], C-C-Sep=0.20, ║∇J║=1.2e-04
-----On 8/20 Initial Guess Perturbations
Iteration 3783/4500-----
J=1.2e-02, ⟨Jf⟩=1.2e-03, ⟨B·n⟩=8.4e-03, Len=sum([4.8, 4.6, 4.2])=13.5, ϰ=[4.9, 5.2, 4.6], ∫ϰ²/L>=[4.8, 6.1, 6.3], C-C-Sep=0.20, ║∇J║=1.8e-04
-----On 8/20 Initial Guess Perturbations
Iteration 3784/4500-----
J=1.2e-02, ⟨Jf⟩=1.2e-03, ⟨B·n⟩=8.4e-03, Len=sum([4.8, 4.6, 4.2])=13.5, ϰ=[4.9, 5.2, 4.6], ∫ϰ²/L>=[4.8, 6.1, 6.3], C-C-Sep=0.20, ║∇J║=1.3e-04
-----On 8/20 Initial Guess Perturbations
Iteration 3785/4500-----
J=1.2e-02, ⟨Jf⟩=1.2e-03, ⟨B·n⟩=8.4e-03, Len=sum([4.8, 4.6, 4.2])=13.5, ϰ=[4.9, 5.2, 4.6], ∫ϰ²/L>=[4.8, 6.1, 6.3], C-C-Sep=0.20, ║∇J║=2.5e-04
-----On 8/20 Initial Guess Perturbations
Iteration 3786/4500-----
J=1.2e-02, ⟨Jf⟩=1.2e-03, ⟨B·n⟩=8.4e-03, Len=sum([4.8, 4.6, 4.2])=13.5, ϰ=[4.9, 5.2, 4.6], ∫ϰ²/L>=[4.8, 6.1, 6.3], C-C-Sep=0.20, ║∇J║=9.5e-05
-----On 8/20 Initial Guess Perturbations
Iteration 3787/4500-----
J=1.2e-02, ⟨Jf⟩=1.2e-03, ⟨B·n⟩=8.4e-03, Len=sum([4.8, 4.6, 4.2])=13.5, ϰ=[4.9, 5.2, 4.6], ∫ϰ²/L>=[4.8, 6.1, 6.3], C-C-Sep=0.20, ║∇J║=7.4e-05
-----On 8/20 Initial Guess Perturbations
Iteration 3788/4500-----
J=1.2e-02, ⟨Jf⟩=1.2e-03, ⟨B·n⟩=8.4e-03, Len=sum([4.8, 4.6, 4.2])=13.5, ϰ=[4.9, 5.2, 4.6], ∫ϰ²/L>=[4.8, 6.1, 6.3], C-C-Sep=0.20, ║∇J║=1.0e-04
-----On 8/20 Initial Guess Perturbations
Iteration 3789/4500-----
J=1.2e-02, ⟨Jf⟩=1.2e-03, ⟨B·n⟩=8.4e-03, Len=sum([4.8, 4.6, 4.2])=13.5, ϰ=[4.9, 5.2, 4.6], ∫ϰ²/L>=[4.8, 6.1, 6.3], C-C-Sep=0.20, ║∇J║=1.7e-04
-----On 8/20 Initial Guess Perturbations
Iteration 3790/4500-----
J=1.2e-02, ⟨Jf⟩=1.2e-03, ⟨B·n⟩=8.4e-03, Len=sum([4.8, 4.6, 4.2])=13.5, ϰ=[4.9, 5.2, 4.6], ∫ϰ²/L>=[4.8, 6.1, 6.3], C-C-Sep=0.20, ║∇J║=1.1e-04
-----On 8/20 Initial Guess Perturbations
Iteration 3791/4500-----
J=1.2e-02, ⟨Jf⟩=1.2e-03, ⟨B·n⟩=8.4e-03, Len=sum([4.8, 4.6, 4.2])=13.5, ϰ=[4.9, 5.2, 4.6], ∫ϰ²/L>=[4.8, 6.1, 6.3], C-C-Sep=0.20, ║∇J║=1.1e-04
-----On 8/20 Initial Guess Perturbations
Iteration 3792/4500-----
J=1.2e-02, ⟨Jf⟩=1.2e-03, ⟨B·n⟩=8.4e-03, Len=sum([4.8, 4.6, 4.2])=13.5, ϰ=[4.9, 5.2, 4.6], ∫ϰ²/L>=[4.8, 6.1, 6.3], C-C-Sep=0.20, ║∇J║=1.6e-04
-----On 8/20 Initial Guess Perturbations
Iteration 3793/4500-----
J=1.2e-02, ⟨Jf⟩=1.2e-03, ⟨B·n⟩=8.4e-03, Len=sum([4.8, 4.6, 4.2])=13.5, ϰ=[4.9, 5.2, 4.6], ∫ϰ²/L>=[4.8, 6.1, 6.3], C-C-Sep=0.20, ║∇J║=1.1e-04
-----On 8/20 Initial Guess Perturbations
Iteration 3794/4500-----
J=1.2e-02, ⟨Jf⟩=1.2e-03, ⟨B·n⟩=8.4e-03, Len=sum([4.8, 4.6, 4.2])=13.5, ϰ=[4.9, 5.2, 4.6], ∫ϰ²/L>=[4.8, 6.1, 6.3], C-C-Sep=0.20, ║∇J║=8.5e-05
-----On 8/20 Initial Guess Perturbations
Iteration 3795/4500-----
J=1.2e-02, ⟨Jf⟩=1.2e-03, ⟨B·n⟩=8.4e-03, Len=sum([4.8, 4.6, 4.2])=13.5, ϰ=[4.9, 5.2, 4.6], ∫ϰ²/L>=[4.8, 6.1, 6.3], C-C-Sep=0.20, ║∇J║=9.0e-05
-----On 8/20 Initial Guess Perturbations
Iteration 3796/4500-----
J=1.2e-02, ⟨Jf⟩=1.2e-03, ⟨B·n⟩=8.4e-03, Len=sum([4.8, 4.6, 4.2])=13.5, ϰ=[4.9, 5.2, 4.6], ∫ϰ²/L>=[4.8, 6.1, 6.3], C-C-Sep=0.20, ║∇J║=9.3e-05
-----On 8/20 Initial Guess Perturbations
Iteration 3797/4500-----
J=1.2e-02, ⟨Jf⟩=1.2e-03, ⟨B·n⟩=8.4e-03, Len=sum([4.8, 4.6, 4.2])=13.5, ϰ=[4.9, 5.2, 4.6], ∫ϰ²/L>=[4.8, 6.1, 6.3], C-C-Sep=0.20, ║∇J║=1.1e-04
-----On 8/20 Initial Guess Perturbations
Iteration 3798/4500-----
J=1.2e-02, ⟨Jf⟩=1.2e-03, ⟨B·n⟩=8.4e-03, Len=sum([4.8, 4.6, 4.2])=13.5, ϰ=[4.9, 5.2, 4.6], ∫ϰ²/L>=[4.8, 6.1, 6.3], C-C-Sep=0.20, ║∇J║=9.0e-05
-----On 8/20 Initial Guess Perturbations
Iteration 3799/4500-----
J=1.2e-02, ⟨Jf⟩=1.2e-03, ⟨B·n⟩=8.4e-03, Len=sum([4.8, 4.6, 4.2])=13.5, ϰ=[4.9, 5.2, 4.6], ∫ϰ²/L>=[4.8, 6.1, 6.3], C-C-Sep=0.20, ║∇J║=7.7e-05
-----On 8/20 Initial Guess Perturbations
Iteration 3800/4500-----
J=1.2e-02, ⟨Jf⟩=1.2e-03, ⟨B·n⟩=8.4e-03, Len=sum([4.8, 4.6, 4.2])=13.5, ϰ=[4.9, 5.2, 4.6], ∫ϰ²/L>=[4.8, 6.1, 6.3], C-C-Sep=0.20, ║∇J║=8.5e-05
-----On 8/20 Initial Guess Perturbations
Iteration 3801/4500-----
J=1.2e-02, ⟨Jf⟩=1.2e-03, ⟨B·n⟩=8.4e-03, Len=sum([4.8, 4.6, 4.2])=13.5, ϰ=[4.9, 5.2, 4.6], ∫ϰ²/L>=[4.8, 6.1, 6.3], C-C-Sep=0.20, ║∇J║=8.8e-05
-----On 8/20 Initial Guess Perturbations
Iteration 3802/4500-----
J=1.2e-02, ⟨Jf⟩=1.2e-03, ⟨B·n⟩=8.4e-03, Len=sum([4.8, 4.6, 4.2])=13.5, ϰ=[4.9, 5.2, 4.6], ∫ϰ²/L>=[4.8, 6.1, 6.3], C-C-Sep=0.20, ║∇J║=1.1e-04
-----On 8/20 Initial Guess Perturbations
Iteration 3803/4500-----
J=1.2e-02, ⟨Jf⟩=1.2e-03, ⟨B·n⟩=8.4e-03, Len=sum([4.8, 4.6, 4.2])=13.5, ϰ=[4.9, 5.2, 4.6], ∫ϰ²/L>=[4.8, 6.1, 6.3], C-C-Sep=0.20, ║∇J║=9.2e-05
-----On 8/20 Initial Guess Perturbations
Iteration 3804/4500-----
J=1.2e-02, ⟨Jf⟩=1.2e-03, ⟨B·n⟩=8.4e-03, Len=sum([4.8, 4.6, 4.2])=13.5, ϰ=[4.9, 5.2, 4.6], ∫ϰ²/L>=[4.8, 6.1, 6.3], C-C-Sep=0.20, ║∇J║=9.8e-05
-----On 8/20 Initial Guess Perturbations
Iteration 3805/4500-----
J=1.2e-02, ⟨Jf⟩=1.2e-03, ⟨B·n⟩=8.4e-03, Len=sum([4.8, 4.6, 4.2])=13.5, ϰ=[4.9, 5.2, 4.6], ∫ϰ²/L>=[4.8, 6.1, 6.3], C-C-Sep=0.20, ║∇J║=7.4e-05
-----On 8/20 Initial Guess Perturbations
Iteration 3806/4500-----
J=1.2e-02, ⟨Jf⟩=1.2e-03, ⟨B·n⟩=8.4e-03, Len=sum([4.8, 4.6, 4.2])=13.5, ϰ=[4.9, 5.2, 4.6], ∫ϰ²/L>=[4.8, 6.1, 6.3], C-C-Sep=0.20, ║∇J║=7.9e-05
-----On 8/20 Initial Guess Perturbations
Iteration 3807/4500-----
J=1.2e-02, ⟨Jf⟩=1.2e-03, ⟨B·n⟩=8.4e-03, Len=sum([4.8, 4.6, 4.2])=13.5, ϰ=[4.9, 5.2, 4.6], ∫ϰ²/L>=[4.8, 6.1, 6.3], C-C-Sep=0.20, ║∇J║=9.9e-05
-----On 8/20 Initial Guess Perturbations
Iteration 3808/4500-----
J=1.2e-02, ⟨Jf⟩=1.2e-03, ⟨B·n⟩=8.4e-03, Len=sum([4.8, 4.6, 4.2])=13.5, ϰ=[4.9, 5.2, 4.6], ∫ϰ²/L>=[4.8, 6.1, 6.3], C-C-Sep=0.20, ║∇J║=9.9e-05
-----On 8/20 Initial Guess Perturbations
Iteration 3809/4500-----
J=1.2e-02, ⟨Jf⟩=1.2e-03, ⟨B·n⟩=8.4e-03, Len=sum([4.8, 4.6, 4.2])=13.5, ϰ=[4.9, 5.2, 4.6], ∫ϰ²/L>=[4.8, 6.1, 6.3], C-C-Sep=0.20, ║∇J║=1.0e-04
-----On 8/20 Initial Guess Perturbations
Iteration 3810/4500-----
J=1.2e-02, ⟨Jf⟩=1.2e-03, ⟨B·n⟩=8.4e-03, Len=sum([4.8, 4.6, 4.2])=13.5, ϰ=[4.9, 5.2, 4.6], ∫ϰ²/L>=[4.8, 6.1, 6.3], C-C-Sep=0.20, ║∇J║=1.5e-04
-----On 8/20 Initial Guess Perturbations
Iteration 3811/4500-----
J=1.2e-02, ⟨Jf⟩=1.2e-03, ⟨B·n⟩=8.4e-03, Len=sum([4.8, 4.6, 4.2])=13.5, ϰ=[4.9, 5.2, 4.6], ∫ϰ²/L>=[4.8, 6.1, 6.3], C-C-Sep=0.20, ║∇J║=1.3e-04
-----On 8/20 Initial Guess Perturbations
Iteration 3812/4500-----
J=1.2e-02, ⟨Jf⟩=1.2e-03, ⟨B·n⟩=8.4e-03, Len=sum([4.8, 4.6, 4.2])=13.5, ϰ=[4.9, 5.2, 4.6], ∫ϰ²/L>=[4.8, 6.1, 6.3], C-C-Sep=0.20, ║∇J║=2.3e-04
-----On 8/20 Initial Guess Perturbations
Iteration 3813/4500-----
J=1.2e-02, ⟨Jf⟩=1.2e-03, ⟨B·n⟩=8.4e-03, Len=sum([4.8, 4.6, 4.2])=13.5, ϰ=[4.9, 5.2, 4.6], ∫ϰ²/L>=[4.8, 6.1, 6.3], C-C-Sep=0.20, ║∇J║=1.3e-04
-----On 8/20 Initial Guess Perturbations
Iteration 3814/4500-----
J=1.2e-02, ⟨Jf⟩=1.2e-03, ⟨B·n⟩=8.4e-03, Len=sum([4.8, 4.6, 4.2])=13.5, ϰ=[4.9, 5.2, 4.6], ∫ϰ²/L>=[4.8, 6.1, 6.3], C-C-Sep=0.20, ║∇J║=1.4e-04
-----On 8/20 Initial Guess Perturbations
Iteration 3815/4500-----
J=1.2e-02, ⟨Jf⟩=1.2e-03, ⟨B·n⟩=8.4e-03, Len=sum([4.8, 4.6, 4.2])=13.5, ϰ=[4.9, 5.2, 4.6], ∫ϰ²/L>=[4.8, 6.1, 6.3], C-C-Sep=0.20, ║∇J║=1.2e-04
-----On 8/20 Initial Guess Perturbations
Iteration 3816/4500-----
J=1.2e-02, ⟨Jf⟩=1.2e-03, ⟨B·n⟩=8.4e-03, Len=sum([4.8, 4.6, 4.2])=13.5, ϰ=[4.9, 5.2, 4.6], ∫ϰ²/L>=[4.8, 6.1, 6.3], C-C-Sep=0.20, ║∇J║=1.1e-04
-----On 8/20 Initial Guess Perturbations
Iteration 3817/4500-----
J=1.2e-02, ⟨Jf⟩=1.2e-03, ⟨B·n⟩=8.4e-03, Len=sum([4.8, 4.6, 4.2])=13.5, ϰ=[4.9, 5.2, 4.6], ∫ϰ²/L>=[4.8, 6.1, 6.3], C-C-Sep=0.20, ║∇J║=1.1e-04
-----On 8/20 Initial Guess Perturbations
Iteration 3818/4500-----
J=1.2e-02, ⟨Jf⟩=1.2e-03, ⟨B·n⟩=8.4e-03, Len=sum([4.8, 4.6, 4.2])=13.5, ϰ=[4.9, 5.2, 4.6], ∫ϰ²/L>=[4.8, 6.1, 6.3], C-C-Sep=0.20, ║∇J║=1.3e-04
-----On 8/20 Initial Guess Perturbations
Iteration 3819/4500-----
J=1.2e-02, ⟨Jf⟩=1.2e-03, ⟨B·n⟩=8.4e-03, Len=sum([4.8, 4.6, 4.2])=13.5, ϰ=[4.9, 5.2, 4.6], ∫ϰ²/L>=[4.8, 6.1, 6.3], C-C-Sep=0.20, ║∇J║=1.3e-04
-----On 8/20 Initial Guess Perturbations
Iteration 3820/4500-----
J=1.2e-02, ⟨Jf⟩=1.2e-03, ⟨B·n⟩=8.4e-03, Len=sum([4.8, 4.6, 4.2])=13.5, ϰ=[4.9, 5.2, 4.6], ∫ϰ²/L>=[4.8, 6.1, 6.3], C-C-Sep=0.20, ║∇J║=1.3e-04
-----On 8/20 Initial Guess Perturbations
Iteration 3821/4500-----
J=1.2e-02, ⟨Jf⟩=1.2e-03, ⟨B·n⟩=8.4e-03, Len=sum([4.8, 4.6, 4.2])=13.5, ϰ=[4.9, 5.2, 4.6], ∫ϰ²/L>=[4.8, 6.1, 6.3], C-C-Sep=0.20, ║∇J║=1.1e-04
-----On 8/20 Initial Guess Perturbations
Iteration 3822/4500-----
J=1.2e-02, ⟨Jf⟩=1.2e-03, ⟨B·n⟩=8.4e-03, Len=sum([4.8, 4.6, 4.2])=13.5, ϰ=[4.9, 5.2, 4.6], ∫ϰ²/L>=[4.8, 6.1, 6.3], C-C-Sep=0.20, ║∇J║=1.0e-04
-----On 8/20 Initial Guess Perturbations
Iteration 3823/4500-----
J=1.2e-02, ⟨Jf⟩=1.2e-03, ⟨B·n⟩=8.4e-03, Len=sum([4.8, 4.6, 4.2])=13.5, ϰ=[4.9, 5.2, 4.6], ∫ϰ²/L>=[4.8, 6.1, 6.3], C-C-Sep=0.20, ║∇J║=1.3e-04
-----On 8/20 Initial Guess Perturbations
Iteration 3824/4500-----
J=1.2e-02, ⟨Jf⟩=1.2e-03, ⟨B·n⟩=8.4e-03, Len=sum([4.8, 4.6, 4.2])=13.5, ϰ=[4.9, 5.2, 4.6], ∫ϰ²/L>=[4.8, 6.1, 6.3], C-C-Sep=0.20, ║∇J║=1.4e-04
-----On 8/20 Initial Guess Perturbations
Iteration 3825/4500-----
J=1.2e-02, ⟨Jf⟩=1.2e-03, ⟨B·n⟩=8.4e-03, Len=sum([4.8, 4.6, 4.2])=13.5, ϰ=[4.9, 5.2, 4.6], ∫ϰ²/L>=[4.8, 6.1, 6.3], C-C-Sep=0.20, ║∇J║=1.1e-04
-----On 8/20 Initial Guess Perturbations
Iteration 3826/4500-----
J=1.2e-02, ⟨Jf⟩=1.2e-03, ⟨B·n⟩=8.4e-03, Len=sum([4.8, 4.6, 4.2])=13.5, ϰ=[4.9, 5.2, 4.6], ∫ϰ²/L>=[4.8, 6.1, 6.3], C-C-Sep=0.20, ║∇J║=1.2e-04
-----On 8/20 Initial Guess Perturbations
Iteration 3827/4500-----
J=1.2e-02, ⟨Jf⟩=1.2e-03, ⟨B·n⟩=8.4e-03, Len=sum([4.8, 4.6, 4.2])=13.5, ϰ=[4.9, 5.2, 4.6], ∫ϰ²/L>=[4.8, 6.1, 6.3], C-C-Sep=0.20, ║∇J║=1.8e-04
-----On 8/20 Initial Guess Perturbations
Iteration 3828/4500-----
J=1.2e-02, ⟨Jf⟩=1.2e-03, ⟨B·n⟩=8.4e-03, Len=sum([4.8, 4.6, 4.2])=13.5, ϰ=[4.9, 5.2, 4.6], ∫ϰ²/L>=[4.8, 6.1, 6.3], C-C-Sep=0.20, ║∇J║=1.2e-04
-----On 8/20 Initial Guess Perturbations
Iteration 3829/4500-----
J=1.2e-02, ⟨Jf⟩=1.2e-03, ⟨B·n⟩=8.4e-03, Len=sum([4.8, 4.6, 4.2])=13.5, ϰ=[4.9, 5.2, 4.6], ∫ϰ²/L>=[4.8, 6.1, 6.3], C-C-Sep=0.20, ║∇J║=1.2e-04
-----On 8/20 Initial Guess Perturbations
Iteration 3830/4500-----
J=1.2e-02, ⟨Jf⟩=1.2e-03, ⟨B·n⟩=8.4e-03, Len=sum([4.8, 4.6, 4.2])=13.5, ϰ=[4.9, 5.2, 4.6], ∫ϰ²/L>=[4.8, 6.1, 6.3], C-C-Sep=0.20, ║∇J║=1.3e-04
-----On 8/20 Initial Guess Perturbations
Iteration 3831/4500-----
J=1.2e-02, ⟨Jf⟩=1.2e-03, ⟨B·n⟩=8.4e-03, Len=sum([4.8, 4.6, 4.2])=13.5, ϰ=[4.9, 5.2, 4.6], ∫ϰ²/L>=[4.8, 6.1, 6.3], C-C-Sep=0.20, ║∇J║=1.7e-04
-----On 8/20 Initial Guess Perturbations
Iteration 3832/4500-----
J=1.2e-02, ⟨Jf⟩=1.2e-03, ⟨B·n⟩=8.4e-03, Len=sum([4.8, 4.6, 4.2])=13.5, ϰ=[4.9, 5.2, 4.6], ∫ϰ²/L>=[4.8, 6.1, 6.3], C-C-Sep=0.20, ║∇J║=2.7e-04
-----On 8/20 Initial Guess Perturbations
Iteration 3833/4500-----
J=1.2e-02, ⟨Jf⟩=1.2e-03, ⟨B·n⟩=8.4e-03, Len=sum([4.8, 4.6, 4.2])=13.5, ϰ=[4.9, 5.2, 4.6], ∫ϰ²/L>=[4.8, 6.1, 6.3], C-C-Sep=0.20, ║∇J║=2.0e-04
-----On 8/20 Initial Guess Perturbations
Iteration 3834/4500-----
J=1.2e-02, ⟨Jf⟩=1.2e-03, ⟨B·n⟩=8.4e-03, Len=sum([4.8, 4.6, 4.2])=13.5, ϰ=[4.9, 5.2, 4.6], ∫ϰ²/L>=[4.8, 6.1, 6.3], C-C-Sep=0.20, ║∇J║=1.9e-04
-----On 8/20 Initial Guess Perturbations
Iteration 3835/4500-----
J=1.2e-02, ⟨Jf⟩=1.2e-03, ⟨B·n⟩=8.4e-03, Len=sum([4.8, 4.6, 4.2])=13.5, ϰ=[4.9, 5.2, 4.6], ∫ϰ²/L>=[4.8, 6.1, 6.3], C-C-Sep=0.20, ║∇J║=1.3e-04
-----On 8/20 Initial Guess Perturbations
Iteration 3836/4500-----
J=1.2e-02, ⟨Jf⟩=1.2e-03, ⟨B·n⟩=8.4e-03, Len=sum([4.8, 4.6, 4.2])=13.5, ϰ=[4.9, 5.2, 4.6], ∫ϰ²/L>=[4.8, 6.1, 6.3], C-C-Sep=0.20, ║∇J║=1.2e-04
-----On 8/20 Initial Guess Perturbations
Iteration 3837/4500-----
J=1.2e-02, ⟨Jf⟩=1.2e-03, ⟨B·n⟩=8.4e-03, Len=sum([4.8, 4.6, 4.2])=13.5, ϰ=[4.9, 5.2, 4.6], ∫ϰ²/L>=[4.8, 6.1, 6.3], C-C-Sep=0.20, ║∇J║=2.2e-04
-----On 8/20 Initial Guess Perturbations
Iteration 3838/4500-----
J=1.2e-02, ⟨Jf⟩=1.2e-03, ⟨B·n⟩=8.4e-03, Len=sum([4.8, 4.6, 4.2])=13.5, ϰ=[4.9, 5.2, 4.6], ∫ϰ²/L>=[4.8, 6.1, 6.3], C-C-Sep=0.20, ║∇J║=3.2e-04
-----On 8/20 Initial Guess Perturbations
Iteration 3839/4500-----
J=1.2e-02, ⟨Jf⟩=1.2e-03, ⟨B·n⟩=8.4e-03, Len=sum([4.8, 4.6, 4.2])=13.5, ϰ=[4.9, 5.2, 4.6], ∫ϰ²/L>=[4.8, 6.1, 6.3], C-C-Sep=0.20, ║∇J║=1.5e-04
-----On 8/20 Initial Guess Perturbations
Iteration 3840/4500-----
J=1.2e-02, ⟨Jf⟩=1.2e-03, ⟨B·n⟩=8.4e-03, Len=sum([4.8, 4.6, 4.2])=13.5, ϰ=[4.9, 5.2, 4.6], ∫ϰ²/L>=[4.8, 6.1, 6.3], C-C-Sep=0.20, ║∇J║=1.2e-04
-----On 8/20 Initial Guess Perturbations
Iteration 3841/4500-----
J=1.2e-02, ⟨Jf⟩=1.2e-03, ⟨B·n⟩=8.4e-03, Len=sum([4.8, 4.6, 4.2])=13.5, ϰ=[4.9, 5.2, 4.6], ∫ϰ²/L>=[4.8, 6.1, 6.3], C-C-Sep=0.20, ║∇J║=1.6e-04
-----On 8/20 Initial Guess Perturbations
Iteration 3842/4500-----
J=1.2e-02, ⟨Jf⟩=1.2e-03, ⟨B·n⟩=8.4e-03, Len=sum([4.8, 4.6, 4.2])=13.5, ϰ=[4.9, 5.2, 4.6], ∫ϰ²/L>=[4.8, 6.1, 6.3], C-C-Sep=0.20, ║∇J║=2.1e-04
-----On 8/20 Initial Guess Perturbations
Iteration 3843/4500-----
J=1.2e-02, ⟨Jf⟩=1.2e-03, ⟨B·n⟩=8.4e-03, Len=sum([4.8, 4.6, 4.2])=13.5, ϰ=[4.9, 5.2, 4.6], ∫ϰ²/L>=[4.8, 6.1, 6.3], C-C-Sep=0.20, ║∇J║=1.6e-04
-----On 8/20 Initial Guess Perturbations
Iteration 3844/4500-----
J=1.2e-02, ⟨Jf⟩=1.2e-03, ⟨B·n⟩=8.4e-03, Len=sum([4.8, 4.6, 4.2])=13.5, ϰ=[4.9, 5.2, 4.6], ∫ϰ²/L>=[4.8, 6.1, 6.3], C-C-Sep=0.20, ║∇J║=1.8e-04
-----On 8/20 Initial Guess Perturbations
Iteration 3845/4500-----
J=1.2e-02, ⟨Jf⟩=1.2e-03, ⟨B·n⟩=8.4e-03, Len=sum([4.8, 4.6, 4.2])=13.5, ϰ=[4.9, 5.2, 4.6], ∫ϰ²/L>=[4.8, 6.1, 6.3], C-C-Sep=0.20, ║∇J║=2.6e-04
-----On 8/20 Initial Guess Perturbations
Iteration 3846/4500-----
J=1.2e-02, ⟨Jf⟩=1.2e-03, ⟨B·n⟩=8.4e-03, Len=sum([4.8, 4.6, 4.2])=13.5, ϰ=[4.9, 5.2, 4.6], ∫ϰ²/L>=[4.8, 6.1, 6.3], C-C-Sep=0.20, ║∇J║=2.7e-04
-----On 8/20 Initial Guess Perturbations
Iteration 3847/4500-----
J=1.2e-02, ⟨Jf⟩=1.2e-03, ⟨B·n⟩=8.4e-03, Len=sum([4.8, 4.6, 4.2])=13.5, ϰ=[4.9, 5.2, 4.6], ∫ϰ²/L>=[4.8, 6.1, 6.3], C-C-Sep=0.20, ║∇J║=2.1e-04
-----On 8/20 Initial Guess Perturbations
Iteration 3848/4500-----
J=1.2e-02, ⟨Jf⟩=1.2e-03, ⟨B·n⟩=8.4e-03, Len=sum([4.8, 4.6, 4.2])=13.5, ϰ=[4.9, 5.2, 4.6], ∫ϰ²/L>=[4.8, 6.1, 6.3], C-C-Sep=0.20, ║∇J║=2.3e-04
-----On 8/20 Initial Guess Perturbations
Iteration 3849/4500-----
J=1.2e-02, ⟨Jf⟩=1.2e-03, ⟨B·n⟩=8.4e-03, Len=sum([4.8, 4.6, 4.2])=13.5, ϰ=[4.9, 5.2, 4.6], ∫ϰ²/L>=[4.8, 6.1, 6.3], C-C-Sep=0.20, ║∇J║=1.8e-04
-----On 8/20 Initial Guess Perturbations
Iteration 3850/4500-----
J=1.2e-02, ⟨Jf⟩=1.2e-03, ⟨B·n⟩=8.4e-03, Len=sum([4.8, 4.6, 4.2])=13.5, ϰ=[4.9, 5.2, 4.6], ∫ϰ²/L>=[4.8, 6.1, 6.3], C-C-Sep=0.20, ║∇J║=1.7e-04
-----On 8/20 Initial Guess Perturbations
Iteration 3851/4500-----
J=1.2e-02, ⟨Jf⟩=1.2e-03, ⟨B·n⟩=8.4e-03, Len=sum([4.8, 4.6, 4.2])=13.5, ϰ=[4.9, 5.2, 4.6], ∫ϰ²/L>=[4.8, 6.1, 6.3], C-C-Sep=0.20, ║∇J║=2.8e-04
-----On 8/20 Initial Guess Perturbations
Iteration 3852/4500-----
J=1.2e-02, ⟨Jf⟩=1.2e-03, ⟨B·n⟩=8.4e-03, Len=sum([4.8, 4.6, 4.2])=13.5, ϰ=[4.9, 5.2, 4.6], ∫ϰ²/L>=[4.8, 6.1, 6.3], C-C-Sep=0.20, ║∇J║=1.9e-04
-----On 8/20 Initial Guess Perturbations
Iteration 3853/4500-----
J=1.2e-02, ⟨Jf⟩=1.2e-03, ⟨B·n⟩=8.4e-03, Len=sum([4.8, 4.6, 4.2])=13.5, ϰ=[4.9, 5.2, 4.6], ∫ϰ²/L>=[4.8, 6.1, 6.3], C-C-Sep=0.20, ║∇J║=2.5e-04
-----On 8/20 Initial Guess Perturbations
Iteration 3854/4500-----
J=1.2e-02, ⟨Jf⟩=1.2e-03, ⟨B·n⟩=8.4e-03, Len=sum([4.8, 4.6, 4.2])=13.5, ϰ=[4.9, 5.2, 4.6], ∫ϰ²/L>=[4.8, 6.1, 6.3], C-C-Sep=0.20, ║∇J║=2.2e-04
-----On 8/20 Initial Guess Perturbations
Iteration 3855/4500-----
J=1.2e-02, ⟨Jf⟩=1.2e-03, ⟨B·n⟩=8.4e-03, Len=sum([4.8, 4.6, 4.2])=13.5, ϰ=[4.9, 5.2, 4.6], ∫ϰ²/L>=[4.8, 6.1, 6.3], C-C-Sep=0.20, ║∇J║=1.6e-04
-----On 8/20 Initial Guess Perturbations
Iteration 3856/4500-----
J=1.2e-02, ⟨Jf⟩=1.2e-03, ⟨B·n⟩=8.4e-03, Len=sum([4.8, 4.6, 4.2])=13.5, ϰ=[4.9, 5.2, 4.6], ∫ϰ²/L>=[4.8, 6.1, 6.3], C-C-Sep=0.20, ║∇J║=1.5e-04
-----On 8/20 Initial Guess Perturbations
Iteration 3857/4500-----
J=1.2e-02, ⟨Jf⟩=1.2e-03, ⟨B·n⟩=8.4e-03, Len=sum([4.8, 4.6, 4.2])=13.5, ϰ=[4.9, 5.2, 4.6], ∫ϰ²/L>=[4.8, 6.1, 6.3], C-C-Sep=0.20, ║∇J║=1.9e-04
-----On 8/20 Initial Guess Perturbations
Iteration 3858/4500-----
J=1.2e-02, ⟨Jf⟩=1.2e-03, ⟨B·n⟩=8.4e-03, Len=sum([4.8, 4.6, 4.2])=13.5, ϰ=[4.9, 5.2, 4.6], ∫ϰ²/L>=[4.8, 6.1, 6.3], C-C-Sep=0.20, ║∇J║=1.8e-04
-----On 8/20 Initial Guess Perturbations
Iteration 3859/4500-----
J=1.2e-02, ⟨Jf⟩=1.2e-03, ⟨B·n⟩=8.4e-03, Len=sum([4.8, 4.6, 4.2])=13.5, ϰ=[4.9, 5.2, 4.6], ∫ϰ²/L>=[4.8, 6.1, 6.3], C-C-Sep=0.20, ║∇J║=1.3e-04
-----On 8/20 Initial Guess Perturbations
Iteration 3860/4500-----
J=1.2e-02, ⟨Jf⟩=1.2e-03, ⟨B·n⟩=8.4e-03, Len=sum([4.8, 4.6, 4.2])=13.5, ϰ=[4.9, 5.2, 4.6], ∫ϰ²/L>=[4.8, 6.1, 6.3], C-C-Sep=0.20, ║∇J║=1.4e-04
-----On 8/20 Initial Guess Perturbations
Iteration 3861/4500-----
J=1.2e-02, ⟨Jf⟩=1.2e-03, ⟨B·n⟩=8.4e-03, Len=sum([4.8, 4.6, 4.2])=13.5, ϰ=[4.9, 5.3, 4.6], ∫ϰ²/L>=[4.8, 6.1, 6.3], C-C-Sep=0.20, ║∇J║=2.0e-04
-----On 8/20 Initial Guess Perturbations
Iteration 3862/4500-----
J=1.2e-02, ⟨Jf⟩=1.2e-03, ⟨B·n⟩=8.4e-03, Len=sum([4.8, 4.6, 4.2])=13.5, ϰ=[4.9, 5.2, 4.6], ∫ϰ²/L>=[4.8, 6.1, 6.3], C-C-Sep=0.20, ║∇J║=2.0e-04
-----On 8/20 Initial Guess Perturbations
Iteration 3863/4500-----
J=1.2e-02, ⟨Jf⟩=1.2e-03, ⟨B·n⟩=8.4e-03, Len=sum([4.8, 4.6, 4.2])=13.5, ϰ=[4.9, 5.2, 4.6], ∫ϰ²/L>=[4.8, 6.1, 6.3], C-C-Sep=0.20, ║∇J║=2.3e-04
-----On 8/20 Initial Guess Perturbations
Iteration 3864/4500-----
J=1.2e-02, ⟨Jf⟩=1.2e-03, ⟨B·n⟩=8.4e-03, Len=sum([4.8, 4.6, 4.2])=13.5, ϰ=[4.9, 5.2, 4.6], ∫ϰ²/L>=[4.8, 6.1, 6.3], C-C-Sep=0.20, ║∇J║=1.2e-04
-----On 8/20 Initial Guess Perturbations
Iteration 3865/4500-----
J=1.2e-02, ⟨Jf⟩=1.2e-03, ⟨B·n⟩=8.4e-03, Len=sum([4.8, 4.6, 4.2])=13.5, ϰ=[4.9, 5.2, 4.6], ∫ϰ²/L>=[4.8, 6.1, 6.3], C-C-Sep=0.20, ║∇J║=1.1e-04
-----On 8/20 Initial Guess Perturbations
Iteration 3866/4500-----
J=1.2e-02, ⟨Jf⟩=1.2e-03, ⟨B·n⟩=8.4e-03, Len=sum([4.8, 4.6, 4.2])=13.5, ϰ=[4.9, 5.2, 4.6], ∫ϰ²/L>=[4.8, 6.1, 6.3], C-C-Sep=0.20, ║∇J║=1.5e-04
-----On 8/20 Initial Guess Perturbations
Iteration 3867/4500-----
J=1.2e-02, ⟨Jf⟩=1.2e-03, ⟨B·n⟩=8.4e-03, Len=sum([4.8, 4.6, 4.2])=13.5, ϰ=[4.9, 5.2, 4.6], ∫ϰ²/L>=[4.8, 6.1, 6.3], C-C-Sep=0.20, ║∇J║=1.4e-04
-----On 8/20 Initial Guess Perturbations
Iteration 3868/4500-----
J=1.2e-02, ⟨Jf⟩=1.2e-03, ⟨B·n⟩=8.4e-03, Len=sum([4.8, 4.6, 4.2])=13.5, ϰ=[4.9, 5.2, 4.6], ∫ϰ²/L>=[4.8, 6.1, 6.3], C-C-Sep=0.20, ║∇J║=2.4e-04
-----On 8/20 Initial Guess Perturbations
Iteration 3869/4500-----
J=1.2e-02, ⟨Jf⟩=1.2e-03, ⟨B·n⟩=8.4e-03, Len=sum([4.8, 4.6, 4.2])=13.5, ϰ=[4.9, 5.2, 4.6], ∫ϰ²/L>=[4.8, 6.1, 6.3], C-C-Sep=0.20, ║∇J║=1.3e-04
-----On 8/20 Initial Guess Perturbations
Iteration 3870/4500-----
J=1.2e-02, ⟨Jf⟩=1.2e-03, ⟨B·n⟩=8.4e-03, Len=sum([4.8, 4.6, 4.2])=13.5, ϰ=[4.9, 5.2, 4.6], ∫ϰ²/L>=[4.8, 6.1, 6.3], C-C-Sep=0.20, ║∇J║=1.3e-04
-----On 8/20 Initial Guess Perturbations
Iteration 3871/4500-----
J=1.2e-02, ⟨Jf⟩=1.2e-03, ⟨B·n⟩=8.4e-03, Len=sum([4.8, 4.6, 4.2])=13.5, ϰ=[4.9, 5.2, 4.6], ∫ϰ²/L>=[4.8, 6.1, 6.3], C-C-Sep=0.20, ║∇J║=1.8e-04
-----On 8/20 Initial Guess Perturbations
Iteration 3872/4500-----
J=1.2e-02, ⟨Jf⟩=1.2e-03, ⟨B·n⟩=8.4e-03, Len=sum([4.8, 4.6, 4.2])=13.5, ϰ=[4.9, 5.2, 4.6], ∫ϰ²/L>=[4.8, 6.1, 6.3], C-C-Sep=0.20, ║∇J║=2.2e-04
-----On 8/20 Initial Guess Perturbations
Iteration 3873/4500-----
J=1.2e-02, ⟨Jf⟩=1.2e-03, ⟨B·n⟩=8.4e-03, Len=sum([4.8, 4.6, 4.2])=13.5, ϰ=[4.9, 5.2, 4.6], ∫ϰ²/L>=[4.8, 6.1, 6.3], C-C-Sep=0.20, ║∇J║=1.6e-04
-----On 8/20 Initial Guess Perturbations
Iteration 3874/4500-----
J=1.2e-02, ⟨Jf⟩=1.2e-03, ⟨B·n⟩=8.4e-03, Len=sum([4.8, 4.6, 4.2])=13.5, ϰ=[4.9, 5.2, 4.6], ∫ϰ²/L>=[4.8, 6.1, 6.3], C-C-Sep=0.20, ║∇J║=9.4e-05
-----On 8/20 Initial Guess Perturbations
Iteration 3875/4500-----
J=1.2e-02, ⟨Jf⟩=1.2e-03, ⟨B·n⟩=8.4e-03, Len=sum([4.8, 4.6, 4.2])=13.5, ϰ=[4.9, 5.2, 4.6], ∫ϰ²/L>=[4.8, 6.1, 6.3], C-C-Sep=0.20, ║∇J║=8.7e-05
-----On 8/20 Initial Guess Perturbations
Iteration 3876/4500-----
J=1.2e-02, ⟨Jf⟩=1.2e-03, ⟨B·n⟩=8.4e-03, Len=sum([4.8, 4.6, 4.2])=13.5, ϰ=[4.9, 5.2, 4.6], ∫ϰ²/L>=[4.8, 6.1, 6.3], C-C-Sep=0.20, ║∇J║=1.1e-04
-----On 8/20 Initial Guess Perturbations
Iteration 3877/4500-----
J=1.2e-02, ⟨Jf⟩=1.2e-03, ⟨B·n⟩=8.4e-03, Len=sum([4.8, 4.6, 4.2])=13.5, ϰ=[4.9, 5.2, 4.6], ∫ϰ²/L>=[4.8, 6.1, 6.3], C-C-Sep=0.20, ║∇J║=1.1e-04
-----On 8/20 Initial Guess Perturbations
Iteration 3878/4500-----
J=1.2e-02, ⟨Jf⟩=1.2e-03, ⟨B·n⟩=8.4e-03, Len=sum([4.8, 4.6, 4.2])=13.5, ϰ=[4.9, 5.2, 4.6], ∫ϰ²/L>=[4.8, 6.1, 6.3], C-C-Sep=0.20, ║∇J║=9.8e-05
-----On 8/20 Initial Guess Perturbations
Iteration 3879/4500-----
J=1.2e-02, ⟨Jf⟩=1.2e-03, ⟨B·n⟩=8.4e-03, Len=sum([4.8, 4.6, 4.2])=13.5, ϰ=[4.9, 5.2, 4.6], ∫ϰ²/L>=[4.8, 6.1, 6.3], C-C-Sep=0.20, ║∇J║=8.9e-05
-----On 8/20 Initial Guess Perturbations
Iteration 3880/4500-----
J=1.2e-02, ⟨Jf⟩=1.2e-03, ⟨B·n⟩=8.4e-03, Len=sum([4.8, 4.6, 4.2])=13.5, ϰ=[4.9, 5.2, 4.6], ∫ϰ²/L>=[4.8, 6.1, 6.3], C-C-Sep=0.20, ║∇J║=9.9e-05
-----On 8/20 Initial Guess Perturbations
Iteration 3881/4500-----
J=1.2e-02, ⟨Jf⟩=1.2e-03, ⟨B·n⟩=8.4e-03, Len=sum([4.8, 4.6, 4.2])=13.5, ϰ=[4.9, 5.2, 4.6], ∫ϰ²/L>=[4.8, 6.1, 6.3], C-C-Sep=0.20, ║∇J║=1.1e-04
-----On 8/20 Initial Guess Perturbations
Iteration 3882/4500-----
J=1.2e-02, ⟨Jf⟩=1.2e-03, ⟨B·n⟩=8.4e-03, Len=sum([4.8, 4.6, 4.2])=13.5, ϰ=[4.9, 5.2, 4.6], ∫ϰ²/L>=[4.8, 6.1, 6.3], C-C-Sep=0.20, ║∇J║=9.1e-05
-----On 8/20 Initial Guess Perturbations
Iteration 3883/4500-----
J=1.2e-02, ⟨Jf⟩=1.2e-03, ⟨B·n⟩=8.4e-03, Len=sum([4.8, 4.6, 4.2])=13.5, ϰ=[4.9, 5.2, 4.6], ∫ϰ²/L>=[4.8, 6.1, 6.3], C-C-Sep=0.20, ║∇J║=9.9e-05
-----On 8/20 Initial Guess Perturbations
Iteration 3884/4500-----
J=1.2e-02, ⟨Jf⟩=1.2e-03, ⟨B·n⟩=8.4e-03, Len=sum([4.8, 4.6, 4.2])=13.5, ϰ=[4.9, 5.2, 4.6], ∫ϰ²/L>=[4.8, 6.1, 6.3], C-C-Sep=0.20, ║∇J║=1.1e-04
-----On 8/20 Initial Guess Perturbations
Iteration 3885/4500-----
J=1.2e-02, ⟨Jf⟩=1.2e-03, ⟨B·n⟩=8.4e-03, Len=sum([4.8, 4.6, 4.2])=13.5, ϰ=[4.9, 5.2, 4.6], ∫ϰ²/L>=[4.8, 6.1, 6.3], C-C-Sep=0.20, ║∇J║=1.5e-04
-----On 8/20 Initial Guess Perturbations
Iteration 3886/4500-----
J=1.2e-02, ⟨Jf⟩=1.2e-03, ⟨B·n⟩=8.4e-03, Len=sum([4.8, 4.6, 4.2])=13.5, ϰ=[4.9, 5.2, 4.6], ∫ϰ²/L>=[4.8, 6.1, 6.3], C-C-Sep=0.20, ║∇J║=8.3e-05
-----On 8/20 Initial Guess Perturbations
Iteration 3887/4500-----
J=1.2e-02, ⟨Jf⟩=1.2e-03, ⟨B·n⟩=8.4e-03, Len=sum([4.8, 4.6, 4.2])=13.5, ϰ=[4.9, 5.2, 4.6], ∫ϰ²/L>=[4.8, 6.1, 6.3], C-C-Sep=0.20, ║∇J║=6.7e-05
-----On 8/20 Initial Guess Perturbations
Iteration 3888/4500-----
J=1.2e-02, ⟨Jf⟩=1.2e-03, ⟨B·n⟩=8.4e-03, Len=sum([4.8, 4.6, 4.2])=13.5, ϰ=[4.9, 5.2, 4.6], ∫ϰ²/L>=[4.8, 6.1, 6.3], C-C-Sep=0.20, ║∇J║=8.6e-05
-----On 8/20 Initial Guess Perturbations
Iteration 3889/4500-----
J=1.2e-02, ⟨Jf⟩=1.2e-03, ⟨B·n⟩=8.4e-03, Len=sum([4.8, 4.6, 4.2])=13.5, ϰ=[4.9, 5.2, 4.6], ∫ϰ²/L>=[4.8, 6.1, 6.3], C-C-Sep=0.20, ║∇J║=1.2e-04
-----On 8/20 Initial Guess Perturbations
Iteration 3890/4500-----
J=1.2e-02, ⟨Jf⟩=1.2e-03, ⟨B·n⟩=8.4e-03, Len=sum([4.8, 4.6, 4.2])=13.5, ϰ=[4.9, 5.2, 4.6], ∫ϰ²/L>=[4.8, 6.1, 6.3], C-C-Sep=0.20, ║∇J║=6.1e-05
-----On 8/20 Initial Guess Perturbations
Iteration 3891/4500-----
J=1.2e-02, ⟨Jf⟩=1.2e-03, ⟨B·n⟩=8.4e-03, Len=sum([4.8, 4.6, 4.2])=13.5, ϰ=[4.9, 5.2, 4.6], ∫ϰ²/L>=[4.8, 6.1, 6.3], C-C-Sep=0.20, ║∇J║=6.4e-05
-----On 8/20 Initial Guess Perturbations
Iteration 3892/4500-----
J=1.2e-02, ⟨Jf⟩=1.2e-03, ⟨B·n⟩=8.4e-03, Len=sum([4.8, 4.6, 4.2])=13.5, ϰ=[4.9, 5.2, 4.6], ∫ϰ²/L>=[4.8, 6.1, 6.3], C-C-Sep=0.20, ║∇J║=6.9e-05
-----On 8/20 Initial Guess Perturbations
Iteration 3893/4500-----
J=1.2e-02, ⟨Jf⟩=1.2e-03, ⟨B·n⟩=8.4e-03, Len=sum([4.8, 4.6, 4.2])=13.5, ϰ=[4.9, 5.2, 4.6], ∫ϰ²/L>=[4.8, 6.1, 6.3], C-C-Sep=0.20, ║∇J║=1.1e-04
-----On 8/20 Initial Guess Perturbations
Iteration 3894/4500-----
J=1.2e-02, ⟨Jf⟩=1.2e-03, ⟨B·n⟩=8.4e-03, Len=sum([4.8, 4.6, 4.2])=13.5, ϰ=[4.9, 5.2, 4.6], ∫ϰ²/L>=[4.8, 6.1, 6.3], C-C-Sep=0.20, ║∇J║=6.8e-05
-----On 8/20 Initial Guess Perturbations
Iteration 3895/4500-----
J=1.2e-02, ⟨Jf⟩=1.2e-03, ⟨B·n⟩=8.4e-03, Len=sum([4.8, 4.6, 4.2])=13.5, ϰ=[4.9, 5.2, 4.6], ∫ϰ²/L>=[4.8, 6.1, 6.3], C-C-Sep=0.20, ║∇J║=7.7e-05
-----On 8/20 Initial Guess Perturbations
Iteration 3896/4500-----
J=1.2e-02, ⟨Jf⟩=1.2e-03, ⟨B·n⟩=8.4e-03, Len=sum([4.8, 4.6, 4.2])=13.5, ϰ=[4.9, 5.2, 4.6], ∫ϰ²/L>=[4.8, 6.1, 6.3], C-C-Sep=0.20, ║∇J║=8.3e-05
-----On 8/20 Initial Guess Perturbations
Iteration 3897/4500-----
J=1.2e-02, ⟨Jf⟩=1.2e-03, ⟨B·n⟩=8.4e-03, Len=sum([4.8, 4.6, 4.2])=13.5, ϰ=[4.9, 5.2, 4.6], ∫ϰ²/L>=[4.8, 6.1, 6.3], C-C-Sep=0.20, ║∇J║=8.7e-05
-----On 8/20 Initial Guess Perturbations
Iteration 3898/4500-----
J=1.2e-02, ⟨Jf⟩=1.2e-03, ⟨B·n⟩=8.4e-03, Len=sum([4.8, 4.6, 4.2])=13.5, ϰ=[4.9, 5.2, 4.6], ∫ϰ²/L>=[4.8, 6.1, 6.3], C-C-Sep=0.20, ║∇J║=6.3e-05
-----On 8/20 Initial Guess Perturbations
Iteration 3899/4500-----
J=1.2e-02, ⟨Jf⟩=1.2e-03, ⟨B·n⟩=8.4e-03, Len=sum([4.8, 4.6, 4.2])=13.5, ϰ=[4.9, 5.2, 4.6], ∫ϰ²/L>=[4.8, 6.1, 6.3], C-C-Sep=0.20, ║∇J║=6.8e-05
-----On 8/20 Initial Guess Perturbations
Iteration 3900/4500-----
J=1.2e-02, ⟨Jf⟩=1.2e-03, ⟨B·n⟩=8.4e-03, Len=sum([4.8, 4.6, 4.2])=13.5, ϰ=[4.9, 5.2, 4.6], ∫ϰ²/L>=[4.8, 6.1, 6.3], C-C-Sep=0.20, ║∇J║=7.0e-05
-----On 8/20 Initial Guess Perturbations
Iteration 3901/4500-----
J=1.2e-02, ⟨Jf⟩=1.2e-03, ⟨B·n⟩=8.4e-03, Len=sum([4.8, 4.6, 4.2])=13.5, ϰ=[4.9, 5.2, 4.6], ∫ϰ²/L>=[4.8, 6.1, 6.3], C-C-Sep=0.20, ║∇J║=9.8e-05
-----On 8/20 Initial Guess Perturbations
Iteration 3902/4500-----
J=1.2e-02, ⟨Jf⟩=1.2e-03, ⟨B·n⟩=8.4e-03, Len=sum([4.8, 4.6, 4.2])=13.5, ϰ=[4.9, 5.2, 4.6], ∫ϰ²/L>=[4.8, 6.1, 6.3], C-C-Sep=0.20, ║∇J║=8.3e-05
-----On 8/20 Initial Guess Perturbations
Iteration 3903/4500-----
J=1.2e-02, ⟨Jf⟩=1.2e-03, ⟨B·n⟩=8.4e-03, Len=sum([4.8, 4.6, 4.2])=13.5, ϰ=[4.9, 5.2, 4.6], ∫ϰ²/L>=[4.8, 6.1, 6.3], C-C-Sep=0.20, ║∇J║=6.3e-05
-----On 8/20 Initial Guess Perturbations
Iteration 3904/4500-----
J=1.2e-02, ⟨Jf⟩=1.2e-03, ⟨B·n⟩=8.4e-03, Len=sum([4.8, 4.6, 4.2])=13.5, ϰ=[4.9, 5.2, 4.6], ∫ϰ²/L>=[4.8, 6.1, 6.3], C-C-Sep=0.20, ║∇J║=5.7e-05
-----On 8/20 Initial Guess Perturbations
Iteration 3905/4500-----
J=1.2e-02, ⟨Jf⟩=1.2e-03, ⟨B·n⟩=8.4e-03, Len=sum([4.8, 4.6, 4.2])=13.5, ϰ=[4.9, 5.2, 4.6], ∫ϰ²/L>=[4.8, 6.1, 6.3], C-C-Sep=0.20, ║∇J║=6.2e-05
-----On 8/20 Initial Guess Perturbations
Iteration 3906/4500-----
J=1.2e-02, ⟨Jf⟩=1.2e-03, ⟨B·n⟩=8.4e-03, Len=sum([4.8, 4.6, 4.2])=13.5, ϰ=[4.9, 5.2, 4.6], ∫ϰ²/L>=[4.8, 6.1, 6.3], C-C-Sep=0.20, ║∇J║=6.3e-05
-----On 8/20 Initial Guess Perturbations
Iteration 3907/4500-----
J=1.2e-02, ⟨Jf⟩=1.2e-03, ⟨B·n⟩=8.4e-03, Len=sum([4.8, 4.6, 4.2])=13.5, ϰ=[4.9, 5.2, 4.6], ∫ϰ²/L>=[4.8, 6.1, 6.3], C-C-Sep=0.20, ║∇J║=6.1e-05
-----On 8/20 Initial Guess Perturbations
Iteration 3908/4500-----
J=1.2e-02, ⟨Jf⟩=1.2e-03, ⟨B·n⟩=8.4e-03, Len=sum([4.8, 4.6, 4.2])=13.5, ϰ=[4.9, 5.2, 4.6], ∫ϰ²/L>=[4.8, 6.1, 6.3], C-C-Sep=0.20, ║∇J║=6.6e-05
-----On 8/20 Initial Guess Perturbations
Iteration 3909/4500-----
J=1.2e-02, ⟨Jf⟩=1.2e-03, ⟨B·n⟩=8.4e-03, Len=sum([4.8, 4.6, 4.2])=13.5, ϰ=[4.9, 5.2, 4.6], ∫ϰ²/L>=[4.8, 6.1, 6.3], C-C-Sep=0.20, ║∇J║=7.8e-05
-----On 8/20 Initial Guess Perturbations
Iteration 3910/4500-----
J=1.2e-02, ⟨Jf⟩=1.2e-03, ⟨B·n⟩=8.4e-03, Len=sum([4.8, 4.6, 4.2])=13.5, ϰ=[4.9, 5.2, 4.6], ∫ϰ²/L>=[4.8, 6.1, 6.3], C-C-Sep=0.20, ║∇J║=6.3e-05
-----On 8/20 Initial Guess Perturbations
Iteration 3911/4500-----
J=1.2e-02, ⟨Jf⟩=1.2e-03, ⟨B·n⟩=8.4e-03, Len=sum([4.8, 4.6, 4.2])=13.5, ϰ=[4.9, 5.2, 4.6], ∫ϰ²/L>=[4.8, 6.1, 6.3], C-C-Sep=0.20, ║∇J║=5.7e-05
-----On 8/20 Initial Guess Perturbations
Iteration 3912/4500-----
J=1.2e-02, ⟨Jf⟩=1.2e-03, ⟨B·n⟩=8.4e-03, Len=sum([4.8, 4.6, 4.2])=13.5, ϰ=[4.9, 5.2, 4.6], ∫ϰ²/L>=[4.8, 6.1, 6.3], C-C-Sep=0.20, ║∇J║=6.4e-05
-----On 8/20 Initial Guess Perturbations
Iteration 3913/4500-----
J=1.2e-02, ⟨Jf⟩=1.2e-03, ⟨B·n⟩=8.4e-03, Len=sum([4.8, 4.6, 4.2])=13.5, ϰ=[4.9, 5.2, 4.6], ∫ϰ²/L>=[4.8, 6.1, 6.3], C-C-Sep=0.20, ║∇J║=8.7e-05
-----On 8/20 Initial Guess Perturbations
Iteration 3914/4500-----
J=1.2e-02, ⟨Jf⟩=1.2e-03, ⟨B·n⟩=8.4e-03, Len=sum([4.8, 4.6, 4.2])=13.5, ϰ=[4.9, 5.2, 4.6], ∫ϰ²/L>=[4.8, 6.1, 6.3], C-C-Sep=0.20, ║∇J║=9.9e-05
-----On 8/20 Initial Guess Perturbations
Iteration 3915/4500-----
J=1.2e-02, ⟨Jf⟩=1.2e-03, ⟨B·n⟩=8.4e-03, Len=sum([4.8, 4.6, 4.2])=13.5, ϰ=[4.9, 5.2, 4.6], ∫ϰ²/L>=[4.8, 6.1, 6.3], C-C-Sep=0.20, ║∇J║=7.0e-05
-----On 8/20 Initial Guess Perturbations
Iteration 3916/4500-----
J=1.2e-02, ⟨Jf⟩=1.2e-03, ⟨B·n⟩=8.4e-03, Len=sum([4.8, 4.6, 4.2])=13.5, ϰ=[4.9, 5.2, 4.6], ∫ϰ²/L>=[4.8, 6.1, 6.3], C-C-Sep=0.20, ║∇J║=6.1e-05
-----On 8/20 Initial Guess Perturbations
Iteration 3917/4500-----
J=1.2e-02, ⟨Jf⟩=1.2e-03, ⟨B·n⟩=8.4e-03, Len=sum([4.8, 4.6, 4.2])=13.5, ϰ=[4.9, 5.2, 4.6], ∫ϰ²/L>=[4.8, 6.1, 6.3], C-C-Sep=0.20, ║∇J║=6.0e-05
-----On 8/20 Initial Guess Perturbations
Iteration 3918/4500-----
J=1.2e-02, ⟨Jf⟩=1.2e-03, ⟨B·n⟩=8.4e-03, Len=sum([4.8, 4.6, 4.2])=13.5, ϰ=[4.9, 5.2, 4.6], ∫ϰ²/L>=[4.8, 6.1, 6.3], C-C-Sep=0.20, ║∇J║=8.9e-05
-----On 8/20 Initial Guess Perturbations
Iteration 3919/4500-----
J=1.2e-02, ⟨Jf⟩=1.2e-03, ⟨B·n⟩=8.4e-03, Len=sum([4.8, 4.6, 4.2])=13.5, ϰ=[4.9, 5.2, 4.6], ∫ϰ²/L>=[4.8, 6.1, 6.3], C-C-Sep=0.20, ║∇J║=5.8e-05
-----On 8/20 Initial Guess Perturbations
Iteration 3920/4500-----
J=1.2e-02, ⟨Jf⟩=1.2e-03, ⟨B·n⟩=8.4e-03, Len=sum([4.8, 4.6, 4.2])=13.5, ϰ=[4.9, 5.2, 4.6], ∫ϰ²/L>=[4.8, 6.1, 6.3], C-C-Sep=0.20, ║∇J║=5.6e-05
-----On 8/20 Initial Guess Perturbations
Iteration 3921/4500-----
J=1.2e-02, ⟨Jf⟩=1.2e-03, ⟨B·n⟩=8.4e-03, Len=sum([4.8, 4.6, 4.2])=13.5, ϰ=[4.9, 5.2, 4.6], ∫ϰ²/L>=[4.8, 6.1, 6.3], C-C-Sep=0.20, ║∇J║=6.2e-05
-----On 8/20 Initial Guess Perturbations
Iteration 3922/4500-----
J=1.2e-02, ⟨Jf⟩=1.2e-03, ⟨B·n⟩=8.4e-03, Len=sum([4.8, 4.6, 4.2])=13.5, ϰ=[4.9, 5.2, 4.6], ∫ϰ²/L>=[4.8, 6.1, 6.3], C-C-Sep=0.20, ║∇J║=1.0e-04
-----On 8/20 Initial Guess Perturbations
Iteration 3923/4500-----
J=1.2e-02, ⟨Jf⟩=1.2e-03, ⟨B·n⟩=8.4e-03, Len=sum([4.8, 4.6, 4.2])=13.5, ϰ=[4.9, 5.2, 4.6], ∫ϰ²/L>=[4.8, 6.1, 6.3], C-C-Sep=0.20, ║∇J║=5.6e-05
-----On 8/20 Initial Guess Perturbations
Iteration 3924/4500-----
J=1.2e-02, ⟨Jf⟩=1.2e-03, ⟨B·n⟩=8.4e-03, Len=sum([4.8, 4.6, 4.2])=13.5, ϰ=[4.9, 5.2, 4.6], ∫ϰ²/L>=[4.8, 6.1, 6.3], C-C-Sep=0.20, ║∇J║=4.9e-05
-----On 8/20 Initial Guess Perturbations
Iteration 3925/4500-----
J=1.2e-02, ⟨Jf⟩=1.2e-03, ⟨B·n⟩=8.4e-03, Len=sum([4.8, 4.6, 4.2])=13.5, ϰ=[4.9, 5.2, 4.6], ∫ϰ²/L>=[4.8, 6.1, 6.3], C-C-Sep=0.20, ║∇J║=5.3e-05
-----On 8/20 Initial Guess Perturbations
Iteration 3926/4500-----
J=1.2e-02, ⟨Jf⟩=1.2e-03, ⟨B·n⟩=8.4e-03, Len=sum([4.8, 4.6, 4.2])=13.5, ϰ=[4.9, 5.2, 4.6], ∫ϰ²/L>=[4.8, 6.1, 6.3], C-C-Sep=0.20, ║∇J║=8.4e-05
-----On 8/20 Initial Guess Perturbations
Iteration 3927/4500-----
J=1.2e-02, ⟨Jf⟩=1.2e-03, ⟨B·n⟩=8.4e-03, Len=sum([4.8, 4.6, 4.2])=13.5, ϰ=[4.9, 5.2, 4.6], ∫ϰ²/L>=[4.8, 6.1, 6.3], C-C-Sep=0.20, ║∇J║=4.8e-05
-----On 8/20 Initial Guess Perturbations
Iteration 3928/4500-----
J=1.2e-02, ⟨Jf⟩=1.2e-03, ⟨B·n⟩=8.4e-03, Len=sum([4.8, 4.6, 4.2])=13.5, ϰ=[4.9, 5.2, 4.6], ∫ϰ²/L>=[4.8, 6.1, 6.3], C-C-Sep=0.20, ║∇J║=4.0e-05
-----On 8/20 Initial Guess Perturbations
Iteration 3929/4500-----
J=1.2e-02, ⟨Jf⟩=1.2e-03, ⟨B·n⟩=8.4e-03, Len=sum([4.8, 4.6, 4.2])=13.5, ϰ=[4.9, 5.2, 4.6], ∫ϰ²/L>=[4.8, 6.1, 6.3], C-C-Sep=0.20, ║∇J║=4.4e-05
-----On 8/20 Initial Guess Perturbations
Iteration 3930/4500-----
J=1.2e-02, ⟨Jf⟩=1.2e-03, ⟨B·n⟩=8.4e-03, Len=sum([4.8, 4.6, 4.2])=13.5, ϰ=[4.9, 5.2, 4.6], ∫ϰ²/L>=[4.8, 6.1, 6.3], C-C-Sep=0.20, ║∇J║=5.4e-05
-----On 8/20 Initial Guess Perturbations
Iteration 3931/4500-----
J=1.2e-02, ⟨Jf⟩=1.2e-03, ⟨B·n⟩=8.4e-03, Len=sum([4.8, 4.6, 4.2])=13.5, ϰ=[4.9, 5.2, 4.6], ∫ϰ²/L>=[4.8, 6.1, 6.3], C-C-Sep=0.20, ║∇J║=5.1e-05
-----On 8/20 Initial Guess Perturbations
Iteration 3932/4500-----
J=1.2e-02, ⟨Jf⟩=1.2e-03, ⟨B·n⟩=8.4e-03, Len=sum([4.8, 4.6, 4.2])=13.5, ϰ=[4.9, 5.2, 4.6], ∫ϰ²/L>=[4.8, 6.1, 6.3], C-C-Sep=0.20, ║∇J║=4.5e-05
-----On 8/20 Initial Guess Perturbations
Iteration 3933/4500-----
J=1.2e-02, ⟨Jf⟩=1.2e-03, ⟨B·n⟩=8.4e-03, Len=sum([4.8, 4.6, 4.2])=13.5, ϰ=[4.9, 5.2, 4.6], ∫ϰ²/L>=[4.8, 6.1, 6.3], C-C-Sep=0.20, ║∇J║=5.3e-05
-----On 8/20 Initial Guess Perturbations
Iteration 3934/4500-----
J=1.2e-02, ⟨Jf⟩=1.2e-03, ⟨B·n⟩=8.4e-03, Len=sum([4.8, 4.6, 4.2])=13.5, ϰ=[4.9, 5.2, 4.6], ∫ϰ²/L>=[4.8, 6.1, 6.3], C-C-Sep=0.20, ║∇J║=5.4e-05
-----On 8/20 Initial Guess Perturbations
Iteration 3935/4500-----
J=1.2e-02, ⟨Jf⟩=1.2e-03, ⟨B·n⟩=8.4e-03, Len=sum([4.8, 4.6, 4.2])=13.5, ϰ=[4.9, 5.2, 4.6], ∫ϰ²/L>=[4.8, 6.1, 6.3], C-C-Sep=0.20, ║∇J║=4.1e-05
-----On 8/20 Initial Guess Perturbations
Iteration 3936/4500-----
J=1.2e-02, ⟨Jf⟩=1.2e-03, ⟨B·n⟩=8.4e-03, Len=sum([4.8, 4.6, 4.2])=13.5, ϰ=[4.9, 5.2, 4.6], ∫ϰ²/L>=[4.8, 6.1, 6.3], C-C-Sep=0.20, ║∇J║=3.5e-05
-----On 8/20 Initial Guess Perturbations
Iteration 3937/4500-----
J=1.2e-02, ⟨Jf⟩=1.2e-03, ⟨B·n⟩=8.4e-03, Len=sum([4.8, 4.6, 4.2])=13.5, ϰ=[4.9, 5.2, 4.6], ∫ϰ²/L>=[4.8, 6.1, 6.3], C-C-Sep=0.20, ║∇J║=3.5e-05
-----On 8/20 Initial Guess Perturbations
Iteration 3938/4500-----
J=1.2e-02, ⟨Jf⟩=1.2e-03, ⟨B·n⟩=8.4e-03, Len=sum([4.8, 4.6, 4.2])=13.5, ϰ=[4.9, 5.2, 4.6], ∫ϰ²/L>=[4.8, 6.1, 6.3], C-C-Sep=0.20, ║∇J║=5.0e-05
-----On 8/20 Initial Guess Perturbations
Iteration 3939/4500-----
J=1.2e-02, ⟨Jf⟩=1.2e-03, ⟨B·n⟩=8.4e-03, Len=sum([4.8, 4.6, 4.2])=13.5, ϰ=[4.9, 5.2, 4.6], ∫ϰ²/L>=[4.8, 6.1, 6.3], C-C-Sep=0.20, ║∇J║=3.2e-05
-----On 8/20 Initial Guess Perturbations
Iteration 3940/4500-----
J=1.2e-02, ⟨Jf⟩=1.2e-03, ⟨B·n⟩=8.4e-03, Len=sum([4.8, 4.6, 4.2])=13.5, ϰ=[4.9, 5.2, 4.6], ∫ϰ²/L>=[4.8, 6.1, 6.3], C-C-Sep=0.20, ║∇J║=2.8e-05
-----On 8/20 Initial Guess Perturbations
Iteration 3941/4500-----
J=1.2e-02, ⟨Jf⟩=1.2e-03, ⟨B·n⟩=8.4e-03, Len=sum([4.8, 4.6, 4.2])=13.5, ϰ=[4.9, 5.2, 4.6], ∫ϰ²/L>=[4.8, 6.1, 6.3], C-C-Sep=0.20, ║∇J║=3.4e-05
-----On 8/20 Initial Guess Perturbations
Iteration 3942/4500-----
J=1.2e-02, ⟨Jf⟩=1.2e-03, ⟨B·n⟩=8.4e-03, Len=sum([4.8, 4.6, 4.2])=13.5, ϰ=[4.9, 5.2, 4.6], ∫ϰ²/L>=[4.8, 6.1, 6.3], C-C-Sep=0.20, ║∇J║=6.2e-05
-----On 8/20 Initial Guess Perturbations
Iteration 3943/4500-----
J=1.2e-02, ⟨Jf⟩=1.2e-03, ⟨B·n⟩=8.4e-03, Len=sum([4.8, 4.6, 4.2])=13.5, ϰ=[4.9, 5.2, 4.6], ∫ϰ²/L>=[4.8, 6.1, 6.3], C-C-Sep=0.20, ║∇J║=2.9e-05
-----On 8/20 Initial Guess Perturbations
Iteration 3944/4500-----
J=1.2e-02, ⟨Jf⟩=1.2e-03, ⟨B·n⟩=8.4e-03, Len=sum([4.8, 4.6, 4.2])=13.5, ϰ=[4.9, 5.2, 4.6], ∫ϰ²/L>=[4.8, 6.1, 6.3], C-C-Sep=0.20, ║∇J║=2.3e-05
-----On 8/20 Initial Guess Perturbations
Iteration 3945/4500-----
J=1.2e-02, ⟨Jf⟩=1.2e-03, ⟨B·n⟩=8.4e-03, Len=sum([4.8, 4.6, 4.2])=13.5, ϰ=[4.9, 5.2, 4.6], ∫ϰ²/L>=[4.8, 6.1, 6.3], C-C-Sep=0.20, ║∇J║=2.7e-05
-----On 8/20 Initial Guess Perturbations
Iteration 3946/4500-----
J=1.2e-02, ⟨Jf⟩=1.2e-03, ⟨B·n⟩=8.4e-03, Len=sum([4.8, 4.6, 4.2])=13.5, ϰ=[4.9, 5.2, 4.6], ∫ϰ²/L>=[4.8, 6.1, 6.3], C-C-Sep=0.20, ║∇J║=3.2e-05
-----On 8/20 Initial Guess Perturbations
Iteration 3947/4500-----
J=1.2e-02, ⟨Jf⟩=1.2e-03, ⟨B·n⟩=8.4e-03, Len=sum([4.8, 4.6, 4.2])=13.5, ϰ=[4.9, 5.2, 4.6], ∫ϰ²/L>=[4.8, 6.1, 6.3], C-C-Sep=0.20, ║∇J║=5.8e-05
-----On 8/20 Initial Guess Perturbations
Iteration 3948/4500-----
J=1.2e-02, ⟨Jf⟩=1.2e-03, ⟨B·n⟩=8.4e-03, Len=sum([4.8, 4.6, 4.2])=13.5, ϰ=[4.9, 5.2, 4.6], ∫ϰ²/L>=[4.8, 6.1, 6.3], C-C-Sep=0.20, ║∇J║=2.3e-05
-----On 8/20 Initial Guess Perturbations
Iteration 3949/4500-----
J=1.2e-02, ⟨Jf⟩=1.2e-03, ⟨B·n⟩=8.4e-03, Len=sum([4.8, 4.6, 4.2])=13.5, ϰ=[4.9, 5.2, 4.6], ∫ϰ²/L>=[4.8, 6.1, 6.3], C-C-Sep=0.20, ║∇J║=2.1e-05
-----On 8/20 Initial Guess Perturbations
Iteration 3950/4500-----
J=1.2e-02, ⟨Jf⟩=1.2e-03, ⟨B·n⟩=8.4e-03, Len=sum([4.8, 4.6, 4.2])=13.5, ϰ=[4.9, 5.2, 4.6], ∫ϰ²/L>=[4.8, 6.1, 6.3], C-C-Sep=0.20, ║∇J║=2.3e-05
-----On 8/20 Initial Guess Perturbations
Iteration 3951/4500-----
J=1.2e-02, ⟨Jf⟩=1.2e-03, ⟨B·n⟩=8.4e-03, Len=sum([4.8, 4.6, 4.2])=13.5, ϰ=[4.9, 5.2, 4.6], ∫ϰ²/L>=[4.8, 6.1, 6.3], C-C-Sep=0.20, ║∇J║=4.3e-05
-----On 8/20 Initial Guess Perturbations
Iteration 3952/4500-----
J=1.2e-02, ⟨Jf⟩=1.2e-03, ⟨B·n⟩=8.4e-03, Len=sum([4.8, 4.6, 4.2])=13.5, ϰ=[4.9, 5.2, 4.6], ∫ϰ²/L>=[4.8, 6.1, 6.3], C-C-Sep=0.20, ║∇J║=2.2e-05
-----On 8/20 Initial Guess Perturbations
Iteration 3953/4500-----
J=1.2e-02, ⟨Jf⟩=1.2e-03, ⟨B·n⟩=8.4e-03, Len=sum([4.8, 4.6, 4.2])=13.5, ϰ=[4.9, 5.2, 4.6], ∫ϰ²/L>=[4.8, 6.1, 6.3], C-C-Sep=0.20, ║∇J║=2.0e-05
-----On 8/20 Initial Guess Perturbations
Iteration 3954/4500-----
J=1.2e-02, ⟨Jf⟩=1.2e-03, ⟨B·n⟩=8.4e-03, Len=sum([4.8, 4.6, 4.2])=13.5, ϰ=[4.9, 5.2, 4.6], ∫ϰ²/L>=[4.8, 6.1, 6.3], C-C-Sep=0.20, ║∇J║=2.1e-05
-----On 8/20 Initial Guess Perturbations
Iteration 3955/4500-----
J=1.2e-02, ⟨Jf⟩=1.2e-03, ⟨B·n⟩=8.4e-03, Len=sum([4.8, 4.6, 4.2])=13.5, ϰ=[4.9, 5.2, 4.6], ∫ϰ²/L>=[4.8, 6.1, 6.3], C-C-Sep=0.20, ║∇J║=3.7e-05
-----On 8/20 Initial Guess Perturbations
Iteration 3956/4500-----
J=1.2e-02, ⟨Jf⟩=1.2e-03, ⟨B·n⟩=8.4e-03, Len=sum([4.8, 4.6, 4.2])=13.5, ϰ=[4.9, 5.2, 4.6], ∫ϰ²/L>=[4.8, 6.1, 6.3], C-C-Sep=0.20, ║∇J║=2.0e-05
-----On 8/20 Initial Guess Perturbations
Iteration 3957/4500-----
J=1.2e-02, ⟨Jf⟩=1.2e-03, ⟨B·n⟩=8.4e-03, Len=sum([4.8, 4.6, 4.2])=13.5, ϰ=[4.9, 5.2, 4.6], ∫ϰ²/L>=[4.8, 6.1, 6.3], C-C-Sep=0.20, ║∇J║=1.9e-05
-----On 8/20 Initial Guess Perturbations
Iteration 3958/4500-----
J=1.2e-02, ⟨Jf⟩=1.2e-03, ⟨B·n⟩=8.4e-03, Len=sum([4.8, 4.6, 4.2])=13.5, ϰ=[4.9, 5.2, 4.6], ∫ϰ²/L>=[4.8, 6.1, 6.3], C-C-Sep=0.20, ║∇J║=2.3e-05
-----On 8/20 Initial Guess Perturbations
Iteration 3959/4500-----
J=1.2e-02, ⟨Jf⟩=1.2e-03, ⟨B·n⟩=8.4e-03, Len=sum([4.8, 4.6, 4.2])=13.5, ϰ=[4.9, 5.2, 4.6], ∫ϰ²/L>=[4.8, 6.1, 6.3], C-C-Sep=0.20, ║∇J║=4.3e-05
-----On 8/20 Initial Guess Perturbations
Iteration 3960/4500-----
J=1.2e-02, ⟨Jf⟩=1.2e-03, ⟨B·n⟩=8.4e-03, Len=sum([4.8, 4.6, 4.2])=13.5, ϰ=[4.9, 5.2, 4.6], ∫ϰ²/L>=[4.8, 6.1, 6.3], C-C-Sep=0.20, ║∇J║=1.9e-05
-----On 8/20 Initial Guess Perturbations
Iteration 3961/4500-----
J=1.2e-02, ⟨Jf⟩=1.2e-03, ⟨B·n⟩=8.4e-03, Len=sum([4.8, 4.6, 4.2])=13.5, ϰ=[4.9, 5.2, 4.6], ∫ϰ²/L>=[4.8, 6.1, 6.3], C-C-Sep=0.20, ║∇J║=1.8e-05
-----On 8/20 Initial Guess Perturbations
Iteration 3962/4500-----
J=1.2e-02, ⟨Jf⟩=1.2e-03, ⟨B·n⟩=8.4e-03, Len=sum([4.8, 4.6, 4.2])=13.5, ϰ=[4.9, 5.2, 4.6], ∫ϰ²/L>=[4.8, 6.1, 6.3], C-C-Sep=0.20, ║∇J║=2.2e-05
-----On 8/20 Initial Guess Perturbations
Iteration 3963/4500-----
J=1.2e-02, ⟨Jf⟩=1.2e-03, ⟨B·n⟩=8.4e-03, Len=sum([4.8, 4.6, 4.2])=13.5, ϰ=[4.9, 5.2, 4.6], ∫ϰ²/L>=[4.8, 6.1, 6.3], C-C-Sep=0.20, ║∇J║=3.0e-05
-----On 8/20 Initial Guess Perturbations
Iteration 3964/4500-----
J=1.2e-02, ⟨Jf⟩=1.2e-03, ⟨B·n⟩=8.4e-03, Len=sum([4.8, 4.6, 4.2])=13.5, ϰ=[4.9, 5.2, 4.6], ∫ϰ²/L>=[4.8, 6.1, 6.3], C-C-Sep=0.20, ║∇J║=4.1e-05
-----On 8/20 Initial Guess Perturbations
Iteration 3965/4500-----
J=1.2e-02, ⟨Jf⟩=1.2e-03, ⟨B·n⟩=8.4e-03, Len=sum([4.8, 4.6, 4.2])=13.5, ϰ=[4.9, 5.2, 4.6], ∫ϰ²/L>=[4.8, 6.1, 6.3], C-C-Sep=0.20, ║∇J║=3.1e-05
-----On 8/20 Initial Guess Perturbations
Iteration 3966/4500-----
J=1.2e-02, ⟨Jf⟩=1.2e-03, ⟨B·n⟩=8.4e-03, Len=sum([4.8, 4.6, 4.2])=13.5, ϰ=[4.9, 5.2, 4.6], ∫ϰ²/L>=[4.8, 6.1, 6.3], C-C-Sep=0.20, ║∇J║=3.7e-05
-----On 8/20 Initial Guess Perturbations
Iteration 3967/4500-----
J=1.2e-02, ⟨Jf⟩=1.2e-03, ⟨B·n⟩=8.4e-03, Len=sum([4.8, 4.6, 4.2])=13.5, ϰ=[4.9, 5.2, 4.6], ∫ϰ²/L>=[4.8, 6.1, 6.3], C-C-Sep=0.20, ║∇J║=7.2e-05
-----On 8/20 Initial Guess Perturbations
Iteration 3968/4500-----
J=1.2e-02, ⟨Jf⟩=1.2e-03, ⟨B·n⟩=8.4e-03, Len=sum([4.8, 4.6, 4.2])=13.5, ϰ=[4.9, 5.2, 4.6], ∫ϰ²/L>=[4.8, 6.1, 6.3], C-C-Sep=0.20, ║∇J║=9.3e-05
-----On 8/20 Initial Guess Perturbations
Iteration 3969/4500-----
J=1.2e-02, ⟨Jf⟩=1.2e-03, ⟨B·n⟩=8.4e-03, Len=sum([4.8, 4.6, 4.2])=13.5, ϰ=[4.9, 5.2, 4.6], ∫ϰ²/L>=[4.8, 6.1, 6.3], C-C-Sep=0.20, ║∇J║=2.7e-04
-----On 8/20 Initial Guess Perturbations
Iteration 3970/4500-----
J=1.2e-02, ⟨Jf⟩=1.2e-03, ⟨B·n⟩=8.4e-03, Len=sum([4.8, 4.6, 4.2])=13.5, ϰ=[4.9, 5.2, 4.6], ∫ϰ²/L>=[4.8, 6.1, 6.3], C-C-Sep=0.20, ║∇J║=7.8e-05
-----On 8/20 Initial Guess Perturbations
Iteration 3971/4500-----
J=1.2e-02, ⟨Jf⟩=1.2e-03, ⟨B·n⟩=8.4e-03, Len=sum([4.8, 4.6, 4.2])=13.5, ϰ=[4.9, 5.2, 4.6], ∫ϰ²/L>=[4.8, 6.1, 6.3], C-C-Sep=0.20, ║∇J║=5.2e-05
-----On 8/20 Initial Guess Perturbations
Iteration 3972/4500-----
J=1.2e-02, ⟨Jf⟩=1.2e-03, ⟨B·n⟩=8.4e-03, Len=sum([4.8, 4.6, 4.2])=13.5, ϰ=[4.9, 5.2, 4.6], ∫ϰ²/L>=[4.8, 6.1, 6.3], C-C-Sep=0.20, ║∇J║=7.0e-05
-----On 8/20 Initial Guess Perturbations
Iteration 3973/4500-----
J=1.2e-02, ⟨Jf⟩=1.2e-03, ⟨B·n⟩=8.4e-03, Len=sum([4.8, 4.6, 4.2])=13.5, ϰ=[4.9, 5.2, 4.6], ∫ϰ²/L>=[4.8, 6.1, 6.3], C-C-Sep=0.20, ║∇J║=4.9e-05
-----On 8/20 Initial Guess Perturbations
Iteration 3974/4500-----
J=1.2e-02, ⟨Jf⟩=1.2e-03, ⟨B·n⟩=8.4e-03, Len=sum([4.8, 4.6, 4.2])=13.5, ϰ=[4.9, 5.2, 4.6], ∫ϰ²/L>=[4.8, 6.1, 6.3], C-C-Sep=0.20, ║∇J║=3.3e-05
-----On 8/20 Initial Guess Perturbations
Iteration 3975/4500-----
J=1.2e-02, ⟨Jf⟩=1.2e-03, ⟨B·n⟩=8.4e-03, Len=sum([4.8, 4.6, 4.2])=13.5, ϰ=[4.9, 5.2, 4.6], ∫ϰ²/L>=[4.8, 6.1, 6.3], C-C-Sep=0.20, ║∇J║=2.9e-05
-----On 8/20 Initial Guess Perturbations
Iteration 3976/4500-----
J=1.2e-02, ⟨Jf⟩=1.2e-03, ⟨B·n⟩=8.4e-03, Len=sum([4.8, 4.6, 4.2])=13.5, ϰ=[4.9, 5.2, 4.6], ∫ϰ²/L>=[4.8, 6.1, 6.3], C-C-Sep=0.20, ║∇J║=3.6e-05
-----On 8/20 Initial Guess Perturbations
Iteration 3977/4500-----
J=1.2e-02, ⟨Jf⟩=1.2e-03, ⟨B·n⟩=8.4e-03, Len=sum([4.8, 4.6, 4.2])=13.5, ϰ=[4.9, 5.2, 4.6], ∫ϰ²/L>=[4.8, 6.1, 6.3], C-C-Sep=0.20, ║∇J║=4.9e-05
-----On 8/20 Initial Guess Perturbations
Iteration 3978/4500-----
J=1.2e-02, ⟨Jf⟩=1.2e-03, ⟨B·n⟩=8.4e-03, Len=sum([4.8, 4.6, 4.2])=13.5, ϰ=[4.9, 5.2, 4.6], ∫ϰ²/L>=[4.8, 6.1, 6.3], C-C-Sep=0.20, ║∇J║=2.9e-05
-----On 8/20 Initial Guess Perturbations
Iteration 3979/4500-----
J=1.2e-02, ⟨Jf⟩=1.2e-03, ⟨B·n⟩=8.4e-03, Len=sum([4.8, 4.6, 4.2])=13.5, ϰ=[4.9, 5.2, 4.6], ∫ϰ²/L>=[4.8, 6.1, 6.3], C-C-Sep=0.20, ║∇J║=2.3e-05
-----On 8/20 Initial Guess Perturbations
Iteration 3980/4500-----
J=1.2e-02, ⟨Jf⟩=1.2e-03, ⟨B·n⟩=8.4e-03, Len=sum([4.8, 4.6, 4.2])=13.5, ϰ=[4.9, 5.2, 4.6], ∫ϰ²/L>=[4.8, 6.1, 6.3], C-C-Sep=0.20, ║∇J║=3.0e-05
-----On 8/20 Initial Guess Perturbations
Iteration 3981/4500-----
J=1.2e-02, ⟨Jf⟩=1.2e-03, ⟨B·n⟩=8.4e-03, Len=sum([4.8, 4.6, 4.2])=13.5, ϰ=[4.9, 5.2, 4.6], ∫ϰ²/L>=[4.8, 6.1, 6.3], C-C-Sep=0.20, ║∇J║=4.7e-05
-----On 8/20 Initial Guess Perturbations
Iteration 3982/4500-----
J=1.2e-02, ⟨Jf⟩=1.2e-03, ⟨B·n⟩=8.4e-03, Len=sum([4.8, 4.6, 4.2])=13.5, ϰ=[4.9, 5.2, 4.6], ∫ϰ²/L>=[4.8, 6.1, 6.3], C-C-Sep=0.20, ║∇J║=2.3e-05
-----On 8/20 Initial Guess Perturbations
Iteration 3983/4500-----
J=1.2e-02, ⟨Jf⟩=1.2e-03, ⟨B·n⟩=8.4e-03, Len=sum([4.8, 4.6, 4.2])=13.5, ϰ=[4.9, 5.2, 4.6], ∫ϰ²/L>=[4.8, 6.1, 6.3], C-C-Sep=0.20, ║∇J║=2.8e-05
-----On 8/20 Initial Guess Perturbations
Iteration 3984/4500-----
J=1.2e-02, ⟨Jf⟩=1.2e-03, ⟨B·n⟩=8.4e-03, Len=sum([4.8, 4.6, 4.2])=13.5, ϰ=[4.9, 5.2, 4.6], ∫ϰ²/L>=[4.8, 6.1, 6.3], C-C-Sep=0.20, ║∇J║=3.1e-05
-----On 8/20 Initial Guess Perturbations
Iteration 3985/4500-----
J=1.2e-02, ⟨Jf⟩=1.2e-03, ⟨B·n⟩=8.4e-03, Len=sum([4.8, 4.6, 4.2])=13.5, ϰ=[4.9, 5.2, 4.6], ∫ϰ²/L>=[4.8, 6.1, 6.3], C-C-Sep=0.20, ║∇J║=3.6e-05
-----On 8/20 Initial Guess Perturbations
Iteration 3986/4500-----
J=1.2e-02, ⟨Jf⟩=1.2e-03, ⟨B·n⟩=8.4e-03, Len=sum([4.8, 4.6, 4.2])=13.5, ϰ=[4.9, 5.2, 4.6], ∫ϰ²/L>=[4.8, 6.1, 6.3], C-C-Sep=0.20, ║∇J║=3.6e-05
-----On 8/20 Initial Guess Perturbations
Iteration 3987/4500-----
J=1.2e-02, ⟨Jf⟩=1.2e-03, ⟨B·n⟩=8.4e-03, Len=sum([4.8, 4.6, 4.2])=13.5, ϰ=[4.9, 5.2, 4.6], ∫ϰ²/L>=[4.8, 6.1, 6.3], C-C-Sep=0.20, ║∇J║=2.4e-05
-----On 8/20 Initial Guess Perturbations
Iteration 3988/4500-----
J=1.2e-02, ⟨Jf⟩=1.2e-03, ⟨B·n⟩=8.4e-03, Len=sum([4.8, 4.6, 4.2])=13.5, ϰ=[4.9, 5.2, 4.6], ∫ϰ²/L>=[4.8, 6.1, 6.3], C-C-Sep=0.20, ║∇J║=2.6e-05
-----On 8/20 Initial Guess Perturbations
Iteration 3989/4500-----
J=1.2e-02, ⟨Jf⟩=1.2e-03, ⟨B·n⟩=8.4e-03, Len=sum([4.8, 4.6, 4.2])=13.5, ϰ=[4.9, 5.2, 4.6], ∫ϰ²/L>=[4.8, 6.1, 6.3], C-C-Sep=0.20, ║∇J║=3.2e-05
-----On 8/20 Initial Guess Perturbations
Iteration 3990/4500-----
J=1.2e-02, ⟨Jf⟩=1.2e-03, ⟨B·n⟩=8.4e-03, Len=sum([4.8, 4.6, 4.2])=13.5, ϰ=[4.9, 5.2, 4.6], ∫ϰ²/L>=[4.8, 6.1, 6.3], C-C-Sep=0.20, ║∇J║=3.1e-05
-----On 8/20 Initial Guess Perturbations
Iteration 3991/4500-----
J=1.2e-02, ⟨Jf⟩=1.2e-03, ⟨B·n⟩=8.4e-03, Len=sum([4.8, 4.6, 4.2])=13.5, ϰ=[4.9, 5.2, 4.6], ∫ϰ²/L>=[4.8, 6.1, 6.3], C-C-Sep=0.20, ║∇J║=2.7e-05
-----On 8/20 Initial Guess Perturbations
Iteration 3992/4500-----
J=1.2e-02, ⟨Jf⟩=1.2e-03, ⟨B·n⟩=8.4e-03, Len=sum([4.8, 4.6, 4.2])=13.5, ϰ=[4.9, 5.2, 4.6], ∫ϰ²/L>=[4.8, 6.1, 6.3], C-C-Sep=0.20, ║∇J║=3.4e-05
-----On 8/20 Initial Guess Perturbations
Iteration 3993/4500-----
J=1.2e-02, ⟨Jf⟩=1.2e-03, ⟨B·n⟩=8.4e-03, Len=sum([4.8, 4.6, 4.2])=13.5, ϰ=[4.9, 5.2, 4.6], ∫ϰ²/L>=[4.8, 6.1, 6.3], C-C-Sep=0.20, ║∇J║=4.5e-05
-----On 8/20 Initial Guess Perturbations
Iteration 3994/4500-----
J=1.2e-02, ⟨Jf⟩=1.2e-03, ⟨B·n⟩=8.4e-03, Len=sum([4.8, 4.6, 4.2])=13.5, ϰ=[4.9, 5.2, 4.6], ∫ϰ²/L>=[4.8, 6.1, 6.3], C-C-Sep=0.20, ║∇J║=3.3e-05
-----On 8/20 Initial Guess Perturbations
Iteration 3995/4500-----
J=1.2e-02, ⟨Jf⟩=1.2e-03, ⟨B·n⟩=8.4e-03, Len=sum([4.8, 4.6, 4.2])=13.5, ϰ=[4.9, 5.2, 4.6], ∫ϰ²/L>=[4.8, 6.1, 6.3], C-C-Sep=0.20, ║∇J║=3.0e-05
-----On 8/20 Initial Guess Perturbations
Iteration 3996/4500-----
J=1.2e-02, ⟨Jf⟩=1.2e-03, ⟨B·n⟩=8.4e-03, Len=sum([4.8, 4.6, 4.2])=13.5, ϰ=[4.9, 5.2, 4.6], ∫ϰ²/L>=[4.8, 6.1, 6.3], C-C-Sep=0.20, ║∇J║=3.8e-05
-----On 8/20 Initial Guess Perturbations
Iteration 3997/4500-----
J=1.2e-02, ⟨Jf⟩=1.2e-03, ⟨B·n⟩=8.4e-03, Len=sum([4.8, 4.6, 4.2])=13.5, ϰ=[4.9, 5.2, 4.6], ∫ϰ²/L>=[4.8, 6.1, 6.3], C-C-Sep=0.20, ║∇J║=3.0e-05
-----On 8/20 Initial Guess Perturbations
Iteration 3998/4500-----
J=1.2e-02, ⟨Jf⟩=1.2e-03, ⟨B·n⟩=8.4e-03, Len=sum([4.8, 4.6, 4.2])=13.5, ϰ=[4.9, 5.2, 4.6], ∫ϰ²/L>=[4.8, 6.1, 6.3], C-C-Sep=0.20, ║∇J║=2.9e-05
-----On 8/20 Initial Guess Perturbations
Iteration 3999/4500-----
J=1.2e-02, ⟨Jf⟩=1.2e-03, ⟨B·n⟩=8.4e-03, Len=sum([4.8, 4.6, 4.2])=13.5, ϰ=[4.9, 5.2, 4.6], ∫ϰ²/L>=[4.8, 6.1, 6.3], C-C-Sep=0.20, ║∇J║=4.1e-05
-----On 8/20 Initial Guess Perturbations
Iteration 4000/4500-----
J=1.2e-02, ⟨Jf⟩=1.2e-03, ⟨B·n⟩=8.4e-03, Len=sum([4.8, 4.6, 4.2])=13.5, ϰ=[4.9, 5.2, 4.6], ∫ϰ²/L>=[4.8, 6.1, 6.3], C-C-Sep=0.20, ║∇J║=2.9e-05
-----On 8/20 Initial Guess Perturbations
Iteration 4001/4500-----
J=1.2e-02, ⟨Jf⟩=1.2e-03, ⟨B·n⟩=8.4e-03, Len=sum([4.8, 4.6, 4.2])=13.5, ϰ=[4.9, 5.2, 4.6], ∫ϰ²/L>=[4.8, 6.1, 6.3], C-C-Sep=0.20, ║∇J║=2.8e-05
-----On 8/20 Initial Guess Perturbations
Iteration 4002/4500-----
J=1.2e-02, ⟨Jf⟩=1.2e-03, ⟨B·n⟩=8.4e-03, Len=sum([4.8, 4.6, 4.2])=13.5, ϰ=[4.9, 5.2, 4.6], ∫ϰ²/L>=[4.8, 6.1, 6.3], C-C-Sep=0.20, ║∇J║=4.1e-05
-----On 8/20 Initial Guess Perturbations
Iteration 4003/4500-----
J=1.2e-02, ⟨Jf⟩=1.2e-03, ⟨B·n⟩=8.4e-03, Len=sum([4.8, 4.6, 4.2])=13.5, ϰ=[4.9, 5.2, 4.6], ∫ϰ²/L>=[4.8, 6.1, 6.3], C-C-Sep=0.20, ║∇J║=3.3e-05
-----On 8/20 Initial Guess Perturbations
Iteration 4004/4500-----
J=1.2e-02, ⟨Jf⟩=1.2e-03, ⟨B·n⟩=8.4e-03, Len=sum([4.8, 4.6, 4.2])=13.5, ϰ=[4.9, 5.2, 4.6], ∫ϰ²/L>=[4.8, 6.1, 6.3], C-C-Sep=0.20, ║∇J║=3.5e-05
-----On 8/20 Initial Guess Perturbations
Iteration 4005/4500-----
J=1.2e-02, ⟨Jf⟩=1.2e-03, ⟨B·n⟩=8.4e-03, Len=sum([4.8, 4.6, 4.2])=13.5, ϰ=[4.9, 5.2, 4.6], ∫ϰ²/L>=[4.8, 6.1, 6.3], C-C-Sep=0.20, ║∇J║=5.7e-05
-----On 8/20 Initial Guess Perturbations
Iteration 4006/4500-----
J=1.2e-02, ⟨Jf⟩=1.2e-03, ⟨B·n⟩=8.4e-03, Len=sum([4.8, 4.6, 4.2])=13.5, ϰ=[4.9, 5.2, 4.6], ∫ϰ²/L>=[4.8, 6.1, 6.3], C-C-Sep=0.20, ║∇J║=5.2e-05
-----On 8/20 Initial Guess Perturbations
Iteration 4007/4500-----
J=1.2e-02, ⟨Jf⟩=1.2e-03, ⟨B·n⟩=8.4e-03, Len=sum([4.8, 4.6, 4.2])=13.5, ϰ=[4.9, 5.2, 4.6], ∫ϰ²/L>=[4.8, 6.1, 6.3], C-C-Sep=0.20, ║∇J║=3.3e-05
-----On 8/20 Initial Guess Perturbations
Iteration 4008/4500-----
J=1.2e-02, ⟨Jf⟩=1.2e-03, ⟨B·n⟩=8.4e-03, Len=sum([4.8, 4.6, 4.2])=13.5, ϰ=[4.9, 5.2, 4.6], ∫ϰ²/L>=[4.8, 6.1, 6.3], C-C-Sep=0.20, ║∇J║=3.2e-05
-----On 8/20 Initial Guess Perturbations
Iteration 4009/4500-----
J=1.2e-02, ⟨Jf⟩=1.2e-03, ⟨B·n⟩=8.4e-03, Len=sum([4.8, 4.6, 4.2])=13.5, ϰ=[4.9, 5.2, 4.6], ∫ϰ²/L>=[4.8, 6.1, 6.3], C-C-Sep=0.20, ║∇J║=2.7e-05
-----On 8/20 Initial Guess Perturbations
Iteration 4010/4500-----
J=1.2e-02, ⟨Jf⟩=1.2e-03, ⟨B·n⟩=8.4e-03, Len=sum([4.8, 4.6, 4.2])=13.5, ϰ=[4.9, 5.2, 4.6], ∫ϰ²/L>=[4.8, 6.1, 6.3], C-C-Sep=0.20, ║∇J║=2.9e-05
-----On 8/20 Initial Guess Perturbations
Iteration 4011/4500-----
J=1.2e-02, ⟨Jf⟩=1.2e-03, ⟨B·n⟩=8.4e-03, Len=sum([4.8, 4.6, 4.2])=13.5, ϰ=[4.9, 5.2, 4.6], ∫ϰ²/L>=[4.8, 6.1, 6.3], C-C-Sep=0.20, ║∇J║=4.5e-05
-----On 8/20 Initial Guess Perturbations
Iteration 4012/4500-----
J=1.2e-02, ⟨Jf⟩=1.2e-03, ⟨B·n⟩=8.4e-03, Len=sum([4.8, 4.6, 4.2])=13.5, ϰ=[4.9, 5.2, 4.6], ∫ϰ²/L>=[4.8, 6.1, 6.3], C-C-Sep=0.20, ║∇J║=2.6e-05
-----On 8/20 Initial Guess Perturbations
Iteration 4013/4500-----
J=1.2e-02, ⟨Jf⟩=1.2e-03, ⟨B·n⟩=8.4e-03, Len=sum([4.8, 4.6, 4.2])=13.5, ϰ=[4.9, 5.2, 4.6], ∫ϰ²/L>=[4.8, 6.1, 6.3], C-C-Sep=0.20, ║∇J║=2.5e-05
-----On 8/20 Initial Guess Perturbations
Iteration 4014/4500-----
J=1.2e-02, ⟨Jf⟩=1.2e-03, ⟨B·n⟩=8.4e-03, Len=sum([4.8, 4.6, 4.2])=13.5, ϰ=[4.9, 5.2, 4.6], ∫ϰ²/L>=[4.8, 6.1, 6.3], C-C-Sep=0.20, ║∇J║=3.7e-05
-----On 8/20 Initial Guess Perturbations
Iteration 4015/4500-----
J=1.2e-02, ⟨Jf⟩=1.2e-03, ⟨B·n⟩=8.4e-03, Len=sum([4.8, 4.6, 4.2])=13.5, ϰ=[4.9, 5.2, 4.6], ∫ϰ²/L>=[4.8, 6.1, 6.3], C-C-Sep=0.20, ║∇J║=2.6e-05
-----On 8/20 Initial Guess Perturbations
Iteration 4016/4500-----
J=1.2e-02, ⟨Jf⟩=1.2e-03, ⟨B·n⟩=8.4e-03, Len=sum([4.8, 4.6, 4.2])=13.5, ϰ=[4.9, 5.2, 4.6], ∫ϰ²/L>=[4.8, 6.1, 6.3], C-C-Sep=0.20, ║∇J║=2.9e-05
-----On 8/20 Initial Guess Perturbations
Iteration 4017/4500-----
J=1.2e-02, ⟨Jf⟩=1.2e-03, ⟨B·n⟩=8.4e-03, Len=sum([4.8, 4.6, 4.2])=13.5, ϰ=[4.9, 5.2, 4.6], ∫ϰ²/L>=[4.8, 6.1, 6.3], C-C-Sep=0.20, ║∇J║=3.1e-05
-----On 8/20 Initial Guess Perturbations
Iteration 4018/4500-----
J=1.2e-02, ⟨Jf⟩=1.2e-03, ⟨B·n⟩=8.4e-03, Len=sum([4.8, 4.6, 4.2])=13.5, ϰ=[4.9, 5.2, 4.6], ∫ϰ²/L>=[4.8, 6.1, 6.3], C-C-Sep=0.20, ║∇J║=2.5e-05
-----On 8/20 Initial Guess Perturbations
Iteration 4019/4500-----
J=1.2e-02, ⟨Jf⟩=1.2e-03, ⟨B·n⟩=8.4e-03, Len=sum([4.8, 4.6, 4.2])=13.5, ϰ=[4.9, 5.2, 4.6], ∫ϰ²/L>=[4.8, 6.1, 6.3], C-C-Sep=0.20, ║∇J║=2.0e-05
-----On 8/20 Initial Guess Perturbations
Iteration 4020/4500-----
J=1.2e-02, ⟨Jf⟩=1.2e-03, ⟨B·n⟩=8.4e-03, Len=sum([4.8, 4.6, 4.2])=13.5, ϰ=[4.9, 5.2, 4.6], ∫ϰ²/L>=[4.8, 6.1, 6.3], C-C-Sep=0.20, ║∇J║=2.5e-05
-----On 8/20 Initial Guess Perturbations
Iteration 4021/4500-----
J=1.2e-02, ⟨Jf⟩=1.2e-03, ⟨B·n⟩=8.4e-03, Len=sum([4.8, 4.6, 4.2])=13.5, ϰ=[4.9, 5.2, 4.6], ∫ϰ²/L>=[4.8, 6.1, 6.3], C-C-Sep=0.20, ║∇J║=2.4e-05
-----On 8/20 Initial Guess Perturbations
Iteration 4022/4500-----
J=1.2e-02, ⟨Jf⟩=1.2e-03, ⟨B·n⟩=8.4e-03, Len=sum([4.8, 4.6, 4.2])=13.5, ϰ=[4.9, 5.2, 4.6], ∫ϰ²/L>=[4.8, 6.1, 6.3], C-C-Sep=0.20, ║∇J║=2.0e-05
-----On 8/20 Initial Guess Perturbations
Iteration 4023/4500-----
J=1.2e-02, ⟨Jf⟩=1.2e-03, ⟨B·n⟩=8.4e-03, Len=sum([4.8, 4.6, 4.2])=13.5, ϰ=[4.9, 5.2, 4.6], ∫ϰ²/L>=[4.8, 6.1, 6.3], C-C-Sep=0.20, ║∇J║=2.3e-05
-----On 8/20 Initial Guess Perturbations
Iteration 4024/4500-----
J=1.2e-02, ⟨Jf⟩=1.2e-03, ⟨B·n⟩=8.4e-03, Len=sum([4.8, 4.6, 4.2])=13.5, ϰ=[4.9, 5.2, 4.6], ∫ϰ²/L>=[4.8, 6.1, 6.3], C-C-Sep=0.20, ║∇J║=2.4e-05
-----On 8/20 Initial Guess Perturbations
Iteration 4025/4500-----
J=1.2e-02, ⟨Jf⟩=1.2e-03, ⟨B·n⟩=8.4e-03, Len=sum([4.8, 4.6, 4.2])=13.5, ϰ=[4.9, 5.2, 4.6], ∫ϰ²/L>=[4.8, 6.1, 6.3], C-C-Sep=0.20, ║∇J║=1.8e-05
-----On 8/20 Initial Guess Perturbations
Iteration 4026/4500-----
J=1.2e-02, ⟨Jf⟩=1.2e-03, ⟨B·n⟩=8.4e-03, Len=sum([4.8, 4.6, 4.2])=13.5, ϰ=[4.9, 5.2, 4.6], ∫ϰ²/L>=[4.8, 6.1, 6.3], C-C-Sep=0.20, ║∇J║=1.8e-05
-----On 8/20 Initial Guess Perturbations
Iteration 4027/4500-----
J=1.2e-02, ⟨Jf⟩=1.2e-03, ⟨B·n⟩=8.4e-03, Len=sum([4.8, 4.6, 4.2])=13.5, ϰ=[4.9, 5.2, 4.6], ∫ϰ²/L>=[4.8, 6.1, 6.3], C-C-Sep=0.20, ║∇J║=1.8e-05
-----On 8/20 Initial Guess Perturbations
Iteration 4028/4500-----
J=1.2e-02, ⟨Jf⟩=1.2e-03, ⟨B·n⟩=8.4e-03, Len=sum([4.8, 4.6, 4.2])=13.5, ϰ=[4.9, 5.2, 4.6], ∫ϰ²/L>=[4.8, 6.1, 6.3], C-C-Sep=0.20, ║∇J║=1.9e-05
-----On 8/20 Initial Guess Perturbations
Iteration 4029/4500-----
J=1.2e-02, ⟨Jf⟩=1.2e-03, ⟨B·n⟩=8.4e-03, Len=sum([4.8, 4.6, 4.2])=13.5, ϰ=[4.9, 5.2, 4.6], ∫ϰ²/L>=[4.8, 6.1, 6.3], C-C-Sep=0.20, ║∇J║=2.0e-05
-----On 8/20 Initial Guess Perturbations
Iteration 4030/4500-----
J=1.2e-02, ⟨Jf⟩=1.2e-03, ⟨B·n⟩=8.4e-03, Len=sum([4.8, 4.6, 4.2])=13.5, ϰ=[4.9, 5.2, 4.6], ∫ϰ²/L>=[4.8, 6.1, 6.3], C-C-Sep=0.20, ║∇J║=1.4e-05
-----On 8/20 Initial Guess Perturbations
Iteration 4031/4500-----
J=1.2e-02, ⟨Jf⟩=1.2e-03, ⟨B·n⟩=8.4e-03, Len=sum([4.8, 4.6, 4.2])=13.5, ϰ=[4.9, 5.2, 4.6], ∫ϰ²/L>=[4.8, 6.1, 6.3], C-C-Sep=0.20, ║∇J║=1.3e-05
-----On 8/20 Initial Guess Perturbations
Iteration 4032/4500-----
J=1.2e-02, ⟨Jf⟩=1.2e-03, ⟨B·n⟩=8.4e-03, Len=sum([4.8, 4.6, 4.2])=13.5, ϰ=[4.9, 5.2, 4.6], ∫ϰ²/L>=[4.8, 6.1, 6.3], C-C-Sep=0.20, ║∇J║=1.7e-05
-----On 8/20 Initial Guess Perturbations
Iteration 4033/4500-----
J=1.2e-02, ⟨Jf⟩=1.2e-03, ⟨B·n⟩=8.4e-03, Len=sum([4.8, 4.6, 4.2])=13.5, ϰ=[4.9, 5.2, 4.6], ∫ϰ²/L>=[4.8, 6.1, 6.3], C-C-Sep=0.20, ║∇J║=2.0e-05
-----On 8/20 Initial Guess Perturbations
Iteration 4034/4500-----
J=1.2e-02, ⟨Jf⟩=1.2e-03, ⟨B·n⟩=8.4e-03, Len=sum([4.8, 4.6, 4.2])=13.5, ϰ=[4.9, 5.2, 4.6], ∫ϰ²/L>=[4.8, 6.1, 6.3], C-C-Sep=0.20, ║∇J║=1.2e-05
-----On 8/20 Initial Guess Perturbations
Iteration 4035/4500-----
J=1.2e-02, ⟨Jf⟩=1.2e-03, ⟨B·n⟩=8.4e-03, Len=sum([4.8, 4.6, 4.2])=13.5, ϰ=[4.9, 5.2, 4.6], ∫ϰ²/L>=[4.8, 6.1, 6.3], C-C-Sep=0.20, ║∇J║=1.1e-05
-----On 8/20 Initial Guess Perturbations
Iteration 4036/4500-----
J=1.2e-02, ⟨Jf⟩=1.2e-03, ⟨B·n⟩=8.4e-03, Len=sum([4.8, 4.6, 4.2])=13.5, ϰ=[4.9, 5.2, 4.6], ∫ϰ²/L>=[4.8, 6.1, 6.3], C-C-Sep=0.20, ║∇J║=1.5e-05
-----On 8/20 Initial Guess Perturbations
Iteration 4037/4500-----
J=1.2e-02, ⟨Jf⟩=1.2e-03, ⟨B·n⟩=8.4e-03, Len=sum([4.8, 4.6, 4.2])=13.5, ϰ=[4.9, 5.2, 4.6], ∫ϰ²/L>=[4.8, 6.1, 6.3], C-C-Sep=0.20, ║∇J║=1.2e-05
-----On 8/20 Initial Guess Perturbations
Iteration 4038/4500-----
J=1.2e-02, ⟨Jf⟩=1.2e-03, ⟨B·n⟩=8.4e-03, Len=sum([4.8, 4.6, 4.2])=13.5, ϰ=[4.9, 5.2, 4.6], ∫ϰ²/L>=[4.8, 6.1, 6.3], C-C-Sep=0.20, ║∇J║=1.2e-05
-----On 8/20 Initial Guess Perturbations
Iteration 4039/4500-----
J=1.2e-02, ⟨Jf⟩=1.2e-03, ⟨B·n⟩=8.4e-03, Len=sum([4.8, 4.6, 4.2])=13.5, ϰ=[4.9, 5.2, 4.6], ∫ϰ²/L>=[4.8, 6.1, 6.3], C-C-Sep=0.20, ║∇J║=1.2e-05
-----On 8/20 Initial Guess Perturbations
Iteration 4040/4500-----
J=1.2e-02, ⟨Jf⟩=1.2e-03, ⟨B·n⟩=8.4e-03, Len=sum([4.8, 4.6, 4.2])=13.5, ϰ=[4.9, 5.2, 4.6], ∫ϰ²/L>=[4.8, 6.1, 6.3], C-C-Sep=0.20, ║∇J║=1.0e-05
-----On 8/20 Initial Guess Perturbations
Iteration 4041/4500-----
J=1.2e-02, ⟨Jf⟩=1.2e-03, ⟨B·n⟩=8.4e-03, Len=sum([4.8, 4.6, 4.2])=13.5, ϰ=[4.9, 5.2, 4.6], ∫ϰ²/L>=[4.8, 6.1, 6.3], C-C-Sep=0.20, ║∇J║=9.8e-06
-----On 8/20 Initial Guess Perturbations
Iteration 4042/4500-----
J=1.2e-02, ⟨Jf⟩=1.2e-03, ⟨B·n⟩=8.4e-03, Len=sum([4.8, 4.6, 4.2])=13.5, ϰ=[4.9, 5.2, 4.6], ∫ϰ²/L>=[4.8, 6.1, 6.3], C-C-Sep=0.20, ║∇J║=1.4e-05
-----On 8/20 Initial Guess Perturbations
Iteration 4043/4500-----
J=1.2e-02, ⟨Jf⟩=1.2e-03, ⟨B·n⟩=8.4e-03, Len=sum([4.8, 4.6, 4.2])=13.5, ϰ=[4.9, 5.2, 4.6], ∫ϰ²/L>=[4.8, 6.1, 6.3], C-C-Sep=0.20, ║∇J║=9.4e-06
-----On 8/20 Initial Guess Perturbations
Iteration 4044/4500-----
J=1.2e-02, ⟨Jf⟩=1.2e-03, ⟨B·n⟩=8.4e-03, Len=sum([4.8, 4.6, 4.2])=13.5, ϰ=[4.9, 5.2, 4.6], ∫ϰ²/L>=[4.8, 6.1, 6.3], C-C-Sep=0.20, ║∇J║=8.7e-06
-----On 8/20 Initial Guess Perturbations
Iteration 4045/4500-----
J=1.2e-02, ⟨Jf⟩=1.2e-03, ⟨B·n⟩=8.4e-03, Len=sum([4.8, 4.6, 4.2])=13.5, ϰ=[4.9, 5.2, 4.6], ∫ϰ²/L>=[4.8, 6.1, 6.3], C-C-Sep=0.20, ║∇J║=1.1e-05
-----On 8/20 Initial Guess Perturbations
Iteration 4046/4500-----
J=1.2e-02, ⟨Jf⟩=1.2e-03, ⟨B·n⟩=8.4e-03, Len=sum([4.8, 4.6, 4.2])=13.5, ϰ=[4.9, 5.2, 4.6], ∫ϰ²/L>=[4.8, 6.1, 6.3], C-C-Sep=0.20, ║∇J║=7.4e-06
-----On 8/20 Initial Guess Perturbations
Iteration 4047/4500-----
J=1.2e-02, ⟨Jf⟩=1.2e-03, ⟨B·n⟩=8.4e-03, Len=sum([4.8, 4.6, 4.2])=13.5, ϰ=[4.9, 5.2, 4.6], ∫ϰ²/L>=[4.8, 6.1, 6.3], C-C-Sep=0.20, ║∇J║=7.1e-06
-----On 8/20 Initial Guess Perturbations
Iteration 4048/4500-----
J=1.2e-02, ⟨Jf⟩=1.2e-03, ⟨B·n⟩=8.4e-03, Len=sum([4.8, 4.6, 4.2])=13.5, ϰ=[4.9, 5.2, 4.6], ∫ϰ²/L>=[4.8, 6.1, 6.3], C-C-Sep=0.20, ║∇J║=9.1e-06
-----On 8/20 Initial Guess Perturbations
Iteration 4049/4500-----
J=1.2e-02, ⟨Jf⟩=1.2e-03, ⟨B·n⟩=8.4e-03, Len=sum([4.8, 4.6, 4.2])=13.5, ϰ=[4.9, 5.2, 4.6], ∫ϰ²/L>=[4.8, 6.1, 6.3], C-C-Sep=0.20, ║∇J║=7.6e-06
-----On 8/20 Initial Guess Perturbations
Iteration 4050/4500-----
J=1.2e-02, ⟨Jf⟩=1.2e-03, ⟨B·n⟩=8.4e-03, Len=sum([4.8, 4.6, 4.2])=13.5, ϰ=[4.9, 5.2, 4.6], ∫ϰ²/L>=[4.8, 6.1, 6.3], C-C-Sep=0.20, ║∇J║=9.1e-06
-----On 8/20 Initial Guess Perturbations
Iteration 4051/4500-----
J=1.2e-02, ⟨Jf⟩=1.2e-03, ⟨B·n⟩=8.4e-03, Len=sum([4.8, 4.6, 4.2])=13.5, ϰ=[4.9, 5.2, 4.6], ∫ϰ²/L>=[4.8, 6.1, 6.3], C-C-Sep=0.20, ║∇J║=7.2e-06
-----On 8/20 Initial Guess Perturbations
Iteration 4052/4500-----
J=1.2e-02, ⟨Jf⟩=1.2e-03, ⟨B·n⟩=8.4e-03, Len=sum([4.8, 4.6, 4.2])=13.5, ϰ=[4.9, 5.2, 4.6], ∫ϰ²/L>=[4.8, 6.1, 6.3], C-C-Sep=0.20, ║∇J║=5.4e-06
-----On 8/20 Initial Guess Perturbations
Iteration 4053/4500-----
J=1.2e-02, ⟨Jf⟩=1.2e-03, ⟨B·n⟩=8.4e-03, Len=sum([4.8, 4.6, 4.2])=13.5, ϰ=[4.9, 5.2, 4.6], ∫ϰ²/L>=[4.8, 6.1, 6.3], C-C-Sep=0.20, ║∇J║=5.4e-06
-----On 8/20 Initial Guess Perturbations
Iteration 4054/4500-----
J=1.2e-02, ⟨Jf⟩=1.2e-03, ⟨B·n⟩=8.4e-03, Len=sum([4.8, 4.6, 4.2])=13.5, ϰ=[4.9, 5.2, 4.6], ∫ϰ²/L>=[4.8, 6.1, 6.3], C-C-Sep=0.20, ║∇J║=1.1e-05
-----On 8/20 Initial Guess Perturbations
Iteration 4055/4500-----
J=1.2e-02, ⟨Jf⟩=1.2e-03, ⟨B·n⟩=8.4e-03, Len=sum([4.8, 4.6, 4.2])=13.5, ϰ=[4.9, 5.2, 4.6], ∫ϰ²/L>=[4.8, 6.1, 6.3], C-C-Sep=0.20, ║∇J║=5.5e-06
-----On 8/20 Initial Guess Perturbations
Iteration 4056/4500-----
J=1.2e-02, ⟨Jf⟩=1.2e-03, ⟨B·n⟩=8.4e-03, Len=sum([4.8, 4.6, 4.2])=13.5, ϰ=[4.9, 5.2, 4.6], ∫ϰ²/L>=[4.8, 6.1, 6.3], C-C-Sep=0.20, ║∇J║=4.9e-06
-----On 8/20 Initial Guess Perturbations
Iteration 4057/4500-----
J=1.2e-02, ⟨Jf⟩=1.2e-03, ⟨B·n⟩=8.4e-03, Len=sum([4.8, 4.6, 4.2])=13.5, ϰ=[4.9, 5.2, 4.6], ∫ϰ²/L>=[4.8, 6.1, 6.3], C-C-Sep=0.20, ║∇J║=6.1e-06
-----On 8/20 Initial Guess Perturbations
Iteration 4058/4500-----
J=1.2e-02, ⟨Jf⟩=1.2e-03, ⟨B·n⟩=8.4e-03, Len=sum([4.8, 4.6, 4.2])=13.5, ϰ=[4.9, 5.2, 4.6], ∫ϰ²/L>=[4.8, 6.1, 6.3], C-C-Sep=0.20, ║∇J║=6.9e-06
-----On 8/20 Initial Guess Perturbations
Iteration 4059/4500-----
J=1.2e-02, ⟨Jf⟩=1.2e-03, ⟨B·n⟩=8.4e-03, Len=sum([4.8, 4.6, 4.2])=13.5, ϰ=[4.9, 5.2, 4.6], ∫ϰ²/L>=[4.8, 6.1, 6.3], C-C-Sep=0.20, ║∇J║=1.5e-05
-----On 8/20 Initial Guess Perturbations
Iteration 4060/4500-----
J=1.2e-02, ⟨Jf⟩=1.2e-03, ⟨B·n⟩=8.4e-03, Len=sum([4.8, 4.6, 4.2])=13.5, ϰ=[4.9, 5.2, 4.6], ∫ϰ²/L>=[4.8, 6.1, 6.3], C-C-Sep=0.20, ║∇J║=4.8e-06
-----On 8/20 Initial Guess Perturbations
Iteration 4061/4500-----
J=1.2e-02, ⟨Jf⟩=1.2e-03, ⟨B·n⟩=8.4e-03, Len=sum([4.8, 4.6, 4.2])=13.5, ϰ=[4.9, 5.2, 4.6], ∫ϰ²/L>=[4.8, 6.1, 6.3], C-C-Sep=0.20, ║∇J║=4.7e-06
-----On 8/20 Initial Guess Perturbations
Iteration 4062/4500-----
J=1.2e-02, ⟨Jf⟩=1.2e-03, ⟨B·n⟩=8.4e-03, Len=sum([4.8, 4.6, 4.2])=13.5, ϰ=[4.9, 5.2, 4.6], ∫ϰ²/L>=[4.8, 6.1, 6.3], C-C-Sep=0.20, ║∇J║=5.6e-06
-----On 8/20 Initial Guess Perturbations
Iteration 4063/4500-----
J=1.2e-02, ⟨Jf⟩=1.2e-03, ⟨B·n⟩=8.4e-03, Len=sum([4.8, 4.6, 4.2])=13.5, ϰ=[4.9, 5.2, 4.6], ∫ϰ²/L>=[4.8, 6.1, 6.3], C-C-Sep=0.20, ║∇J║=1.6e-05
-----On 8/20 Initial Guess Perturbations
Iteration 4064/4500-----
J=1.2e-02, ⟨Jf⟩=1.2e-03, ⟨B·n⟩=8.4e-03, Len=sum([4.8, 4.6, 4.2])=13.5, ϰ=[4.9, 5.2, 4.6], ∫ϰ²/L>=[4.8, 6.1, 6.3], C-C-Sep=0.20, ║∇J║=6.4e-06
-----On 8/20 Initial Guess Perturbations
Iteration 4065/4500-----
J=1.2e-02, ⟨Jf⟩=1.2e-03, ⟨B·n⟩=8.4e-03, Len=sum([4.8, 4.6, 4.2])=13.5, ϰ=[4.9, 5.2, 4.6], ∫ϰ²/L>=[4.8, 6.1, 6.3], C-C-Sep=0.20, ║∇J║=5.1e-06
-----On 8/20 Initial Guess Perturbations
Iteration 4066/4500-----
J=1.2e-02, ⟨Jf⟩=1.2e-03, ⟨B·n⟩=8.4e-03, Len=sum([4.8, 4.6, 4.2])=13.5, ϰ=[4.9, 5.2, 4.6], ∫ϰ²/L>=[4.8, 6.1, 6.3], C-C-Sep=0.20, ║∇J║=6.1e-06
-----On 8/20 Initial Guess Perturbations
Iteration 4067/4500-----
J=1.2e-02, ⟨Jf⟩=1.2e-03, ⟨B·n⟩=8.4e-03, Len=sum([4.8, 4.6, 4.2])=13.5, ϰ=[4.9, 5.2, 4.6], ∫ϰ²/L>=[4.8, 6.1, 6.3], C-C-Sep=0.20, ║∇J║=7.8e-06
-----On 8/20 Initial Guess Perturbations
Iteration 4068/4500-----
J=1.2e-02, ⟨Jf⟩=1.2e-03, ⟨B·n⟩=8.4e-03, Len=sum([4.8, 4.6, 4.2])=13.5, ϰ=[4.9, 5.2, 4.6], ∫ϰ²/L>=[4.8, 6.1, 6.3], C-C-Sep=0.20, ║∇J║=7.9e-06
-----On 8/20 Initial Guess Perturbations
Iteration 4069/4500-----
J=1.2e-02, ⟨Jf⟩=1.2e-03, ⟨B·n⟩=8.4e-03, Len=sum([4.8, 4.6, 4.2])=13.5, ϰ=[4.9, 5.2, 4.6], ∫ϰ²/L>=[4.8, 6.1, 6.3], C-C-Sep=0.20, ║∇J║=4.9e-06
-----On 8/20 Initial Guess Perturbations
Iteration 4070/4500-----
J=1.2e-02, ⟨Jf⟩=1.2e-03, ⟨B·n⟩=8.4e-03, Len=sum([4.8, 4.6, 4.2])=13.5, ϰ=[4.9, 5.2, 4.6], ∫ϰ²/L>=[4.8, 6.1, 6.3], C-C-Sep=0.20, ║∇J║=5.8e-06
-----On 8/20 Initial Guess Perturbations
Iteration 4071/4500-----
J=1.2e-02, ⟨Jf⟩=1.2e-03, ⟨B·n⟩=8.4e-03, Len=sum([4.8, 4.6, 4.2])=13.5, ϰ=[4.9, 5.2, 4.6], ∫ϰ²/L>=[4.8, 6.1, 6.3], C-C-Sep=0.20, ║∇J║=7.0e-06
-----On 8/20 Initial Guess Perturbations
Iteration 4072/4500-----
J=1.2e-02, ⟨Jf⟩=1.2e-03, ⟨B·n⟩=8.4e-03, Len=sum([4.8, 4.6, 4.2])=13.5, ϰ=[4.9, 5.2, 4.6], ∫ϰ²/L>=[4.8, 6.1, 6.3], C-C-Sep=0.20, ║∇J║=7.9e-06
-----On 8/20 Initial Guess Perturbations
Iteration 4073/4500-----
J=1.2e-02, ⟨Jf⟩=1.2e-03, ⟨B·n⟩=8.4e-03, Len=sum([4.8, 4.6, 4.2])=13.5, ϰ=[4.9, 5.2, 4.6], ∫ϰ²/L>=[4.8, 6.1, 6.3], C-C-Sep=0.20, ║∇J║=4.3e-06
-----On 8/20 Initial Guess Perturbations
Iteration 4074/4500-----
J=1.2e-02, ⟨Jf⟩=1.2e-03, ⟨B·n⟩=8.4e-03, Len=sum([4.8, 4.6, 4.2])=13.5, ϰ=[4.9, 5.2, 4.6], ∫ϰ²/L>=[4.8, 6.1, 6.3], C-C-Sep=0.20, ║∇J║=5.3e-06
-----On 8/20 Initial Guess Perturbations
Iteration 4075/4500-----
J=1.2e-02, ⟨Jf⟩=1.2e-03, ⟨B·n⟩=8.4e-03, Len=sum([4.8, 4.6, 4.2])=13.5, ϰ=[4.9, 5.2, 4.6], ∫ϰ²/L>=[4.8, 6.1, 6.3], C-C-Sep=0.20, ║∇J║=6.1e-06
-----On 8/20 Initial Guess Perturbations
Iteration 4076/4500-----
J=1.2e-02, ⟨Jf⟩=1.2e-03, ⟨B·n⟩=8.4e-03, Len=sum([4.8, 4.6, 4.2])=13.5, ϰ=[4.9, 5.2, 4.6], ∫ϰ²/L>=[4.8, 6.1, 6.3], C-C-Sep=0.20, ║∇J║=1.2e-05
-----On 8/20 Initial Guess Perturbations
Iteration 4077/4500-----
J=1.2e-02, ⟨Jf⟩=1.2e-03, ⟨B·n⟩=8.4e-03, Len=sum([4.8, 4.6, 4.2])=13.5, ϰ=[4.9, 5.2, 4.6], ∫ϰ²/L>=[4.8, 6.1, 6.3], C-C-Sep=0.20, ║∇J║=5.2e-06
-----On 8/20 Initial Guess Perturbations
Iteration 4078/4500-----
J=1.2e-02, ⟨Jf⟩=1.2e-03, ⟨B·n⟩=8.4e-03, Len=sum([4.8, 4.6, 4.2])=13.5, ϰ=[4.9, 5.2, 4.6], ∫ϰ²/L>=[4.8, 6.1, 6.3], C-C-Sep=0.20, ║∇J║=5.3e-06
-----On 8/20 Initial Guess Perturbations
Iteration 4079/4500-----
J=1.2e-02, ⟨Jf⟩=1.2e-03, ⟨B·n⟩=8.4e-03, Len=sum([4.8, 4.6, 4.2])=13.5, ϰ=[4.9, 5.2, 4.6], ∫ϰ²/L>=[4.8, 6.1, 6.3], C-C-Sep=0.20, ║∇J║=6.9e-06
-----On 8/20 Initial Guess Perturbations
Iteration 4080/4500-----
J=1.2e-02, ⟨Jf⟩=1.2e-03, ⟨B·n⟩=8.4e-03, Len=sum([4.8, 4.6, 4.2])=13.5, ϰ=[4.9, 5.2, 4.6], ∫ϰ²/L>=[4.8, 6.1, 6.3], C-C-Sep=0.20, ║∇J║=1.2e-05
-----On 8/20 Initial Guess Perturbations
Iteration 4081/4500-----
J=1.2e-02, ⟨Jf⟩=1.2e-03, ⟨B·n⟩=8.4e-03, Len=sum([4.8, 4.6, 4.2])=13.5, ϰ=[4.9, 5.2, 4.6], ∫ϰ²/L>=[4.8, 6.1, 6.3], C-C-Sep=0.20, ║∇J║=6.7e-06
-----On 8/20 Initial Guess Perturbations
Iteration 4082/4500-----
J=1.2e-02, ⟨Jf⟩=1.2e-03, ⟨B·n⟩=8.4e-03, Len=sum([4.8, 4.6, 4.2])=13.5, ϰ=[4.9, 5.2, 4.6], ∫ϰ²/L>=[4.8, 6.1, 6.3], C-C-Sep=0.20, ║∇J║=5.6e-06
-----On 8/20 Initial Guess Perturbations
Iteration 4083/4500-----
J=1.2e-02, ⟨Jf⟩=1.2e-03, ⟨B·n⟩=8.4e-03, Len=sum([4.8, 4.6, 4.2])=13.5, ϰ=[4.9, 5.2, 4.6], ∫ϰ²/L>=[4.8, 6.1, 6.3], C-C-Sep=0.20, ║∇J║=6.9e-06
-----On 8/20 Initial Guess Perturbations
Iteration 4084/4500-----
J=1.2e-02, ⟨Jf⟩=1.2e-03, ⟨B·n⟩=8.4e-03, Len=sum([4.8, 4.6, 4.2])=13.5, ϰ=[4.9, 5.2, 4.6], ∫ϰ²/L>=[4.8, 6.1, 6.3], C-C-Sep=0.20, ║∇J║=1.1e-05
-----On 8/20 Initial Guess Perturbations
Iteration 4085/4500-----
J=1.2e-02, ⟨Jf⟩=1.2e-03, ⟨B·n⟩=8.4e-03, Len=sum([4.8, 4.6, 4.2])=13.5, ϰ=[4.9, 5.2, 4.6], ∫ϰ²/L>=[4.8, 6.1, 6.3], C-C-Sep=0.20, ║∇J║=7.8e-06
-----On 8/20 Initial Guess Perturbations
Iteration 4086/4500-----
J=1.2e-02, ⟨Jf⟩=1.2e-03, ⟨B·n⟩=8.4e-03, Len=sum([4.8, 4.6, 4.2])=13.5, ϰ=[4.9, 5.2, 4.6], ∫ϰ²/L>=[4.8, 6.1, 6.3], C-C-Sep=0.20, ║∇J║=7.3e-06
-----On 8/20 Initial Guess Perturbations
Iteration 4087/4500-----
J=1.2e-02, ⟨Jf⟩=1.2e-03, ⟨B·n⟩=8.4e-03, Len=sum([4.8, 4.6, 4.2])=13.5, ϰ=[4.9, 5.2, 4.6], ∫ϰ²/L>=[4.8, 6.1, 6.3], C-C-Sep=0.20, ║∇J║=1.4e-05
-----On 8/20 Initial Guess Perturbations
Iteration 4088/4500-----
J=1.2e-02, ⟨Jf⟩=1.2e-03, ⟨B·n⟩=8.4e-03, Len=sum([4.8, 4.6, 4.2])=13.5, ϰ=[4.9, 5.2, 4.6], ∫ϰ²/L>=[4.8, 6.1, 6.3], C-C-Sep=0.20, ║∇J║=8.8e-06
-----On 8/20 Initial Guess Perturbations
Iteration 4089/4500-----
J=1.2e-02, ⟨Jf⟩=1.2e-03, ⟨B·n⟩=8.4e-03, Len=sum([4.8, 4.6, 4.2])=13.5, ϰ=[4.9, 5.2, 4.6], ∫ϰ²/L>=[4.8, 6.1, 6.3], C-C-Sep=0.20, ║∇J║=8.7e-06
-----On 8/20 Initial Guess Perturbations
Iteration 4090/4500-----
J=1.2e-02, ⟨Jf⟩=1.2e-03, ⟨B·n⟩=8.4e-03, Len=sum([4.8, 4.6, 4.2])=13.5, ϰ=[4.9, 5.2, 4.6], ∫ϰ²/L>=[4.8, 6.1, 6.3], C-C-Sep=0.20, ║∇J║=1.1e-05
-----On 8/20 Initial Guess Perturbations
Iteration 4091/4500-----
J=1.2e-02, ⟨Jf⟩=1.2e-03, ⟨B·n⟩=8.4e-03, Len=sum([4.8, 4.6, 4.2])=13.5, ϰ=[4.9, 5.2, 4.6], ∫ϰ²/L>=[4.8, 6.1, 6.3], C-C-Sep=0.20, ║∇J║=1.8e-05
-----On 8/20 Initial Guess Perturbations
Iteration 4092/4500-----
J=1.2e-02, ⟨Jf⟩=1.2e-03, ⟨B·n⟩=8.4e-03, Len=sum([4.8, 4.6, 4.2])=13.5, ϰ=[4.9, 5.2, 4.6], ∫ϰ²/L>=[4.8, 6.1, 6.3], C-C-Sep=0.20, ║∇J║=1.2e-05
-----On 8/20 Initial Guess Perturbations
Iteration 4093/4500-----
J=1.2e-02, ⟨Jf⟩=1.2e-03, ⟨B·n⟩=8.4e-03, Len=sum([4.8, 4.6, 4.2])=13.5, ϰ=[4.9, 5.2, 4.6], ∫ϰ²/L>=[4.8, 6.1, 6.3], C-C-Sep=0.20, ║∇J║=1.1e-05
-----On 8/20 Initial Guess Perturbations
Iteration 4094/4500-----
J=1.2e-02, ⟨Jf⟩=1.2e-03, ⟨B·n⟩=8.4e-03, Len=sum([4.8, 4.6, 4.2])=13.5, ϰ=[4.9, 5.2, 4.6], ∫ϰ²/L>=[4.8, 6.1, 6.3], C-C-Sep=0.20, ║∇J║=1.8e-05
-----On 8/20 Initial Guess Perturbations
Iteration 4095/4500-----
J=1.2e-02, ⟨Jf⟩=1.2e-03, ⟨B·n⟩=8.4e-03, Len=sum([4.8, 4.6, 4.2])=13.5, ϰ=[4.9, 5.2, 4.6], ∫ϰ²/L>=[4.8, 6.1, 6.3], C-C-Sep=0.20, ║∇J║=1.5e-05
-----On 8/20 Initial Guess Perturbations
Iteration 4096/4500-----
J=1.2e-02, ⟨Jf⟩=1.2e-03, ⟨B·n⟩=8.4e-03, Len=sum([4.8, 4.6, 4.2])=13.5, ϰ=[4.9, 5.2, 4.6], ∫ϰ²/L>=[4.8, 6.1, 6.3], C-C-Sep=0.20, ║∇J║=1.2e-05
-----On 8/20 Initial Guess Perturbations
Iteration 4097/4500-----
J=1.2e-02, ⟨Jf⟩=1.2e-03, ⟨B·n⟩=8.4e-03, Len=sum([4.8, 4.6, 4.2])=13.5, ϰ=[4.9, 5.2, 4.6], ∫ϰ²/L>=[4.8, 6.1, 6.3], C-C-Sep=0.20, ║∇J║=1.3e-05
-----On 8/20 Initial Guess Perturbations
Iteration 4098/4500-----
J=1.2e-02, ⟨Jf⟩=1.2e-03, ⟨B·n⟩=8.4e-03, Len=sum([4.8, 4.6, 4.2])=13.5, ϰ=[4.9, 5.2, 4.6], ∫ϰ²/L>=[4.8, 6.1, 6.3], C-C-Sep=0.20, ║∇J║=1.9e-05
-----On 8/20 Initial Guess Perturbations
Iteration 4099/4500-----
J=1.2e-02, ⟨Jf⟩=1.2e-03, ⟨B·n⟩=8.4e-03, Len=sum([4.8, 4.6, 4.2])=13.5, ϰ=[4.9, 5.2, 4.6], ∫ϰ²/L>=[4.8, 6.1, 6.3], C-C-Sep=0.20, ║∇J║=1.6e-05
-----On 8/20 Initial Guess Perturbations
Iteration 4100/4500-----
J=1.2e-02, ⟨Jf⟩=1.2e-03, ⟨B·n⟩=8.4e-03, Len=sum([4.8, 4.6, 4.2])=13.5, ϰ=[4.9, 5.2, 4.6], ∫ϰ²/L>=[4.8, 6.1, 6.3], C-C-Sep=0.20, ║∇J║=3.1e-05
-----On 8/20 Initial Guess Perturbations
Iteration 4101/4500-----
J=1.2e-02, ⟨Jf⟩=1.2e-03, ⟨B·n⟩=8.4e-03, Len=sum([4.8, 4.6, 4.2])=13.5, ϰ=[4.9, 5.2, 4.6], ∫ϰ²/L>=[4.8, 6.1, 6.3], C-C-Sep=0.20, ║∇J║=1.6e-05
-----On 8/20 Initial Guess Perturbations
Iteration 4102/4500-----
J=1.2e-02, ⟨Jf⟩=1.2e-03, ⟨B·n⟩=8.4e-03, Len=sum([4.8, 4.6, 4.2])=13.5, ϰ=[4.9, 5.2, 4.6], ∫ϰ²/L>=[4.8, 6.1, 6.3], C-C-Sep=0.20, ║∇J║=1.5e-05
-----On 8/20 Initial Guess Perturbations
Iteration 4103/4500-----
J=1.2e-02, ⟨Jf⟩=1.2e-03, ⟨B·n⟩=8.4e-03, Len=sum([4.8, 4.6, 4.2])=13.5, ϰ=[4.9, 5.2, 4.6], ∫ϰ²/L>=[4.8, 6.1, 6.3], C-C-Sep=0.20, ║∇J║=2.2e-05
-----On 8/20 Initial Guess Perturbations
Iteration 4104/4500-----
J=1.2e-02, ⟨Jf⟩=1.2e-03, ⟨B·n⟩=8.4e-03, Len=sum([4.8, 4.6, 4.2])=13.5, ϰ=[4.9, 5.2, 4.6], ∫ϰ²/L>=[4.8, 6.1, 6.3], C-C-Sep=0.20, ║∇J║=3.8e-05
-----On 8/20 Initial Guess Perturbations
Iteration 4105/4500-----
J=1.2e-02, ⟨Jf⟩=1.2e-03, ⟨B·n⟩=8.4e-03, Len=sum([4.8, 4.6, 4.2])=13.5, ϰ=[4.9, 5.2, 4.6], ∫ϰ²/L>=[4.8, 6.1, 6.3], C-C-Sep=0.20, ║∇J║=1.8e-05
-----On 8/20 Initial Guess Perturbations
Iteration 4106/4500-----
J=1.2e-02, ⟨Jf⟩=1.2e-03, ⟨B·n⟩=8.4e-03, Len=sum([4.8, 4.6, 4.2])=13.5, ϰ=[4.9, 5.2, 4.6], ∫ϰ²/L>=[4.8, 6.1, 6.3], C-C-Sep=0.20, ║∇J║=1.6e-05
-----On 8/20 Initial Guess Perturbations
Iteration 4107/4500-----
J=1.2e-02, ⟨Jf⟩=1.2e-03, ⟨B·n⟩=8.4e-03, Len=sum([4.8, 4.6, 4.2])=13.5, ϰ=[4.9, 5.2, 4.6], ∫ϰ²/L>=[4.8, 6.1, 6.3], C-C-Sep=0.20, ║∇J║=2.0e-05
-----On 8/20 Initial Guess Perturbations
Iteration 4108/4500-----
J=1.2e-02, ⟨Jf⟩=1.2e-03, ⟨B·n⟩=8.4e-03, Len=sum([4.8, 4.6, 4.2])=13.5, ϰ=[4.9, 5.2, 4.6], ∫ϰ²/L>=[4.8, 6.1, 6.3], C-C-Sep=0.20, ║∇J║=2.4e-05
-----On 8/20 Initial Guess Perturbations
Iteration 4109/4500-----
J=1.2e-02, ⟨Jf⟩=1.2e-03, ⟨B·n⟩=8.4e-03, Len=sum([4.8, 4.6, 4.2])=13.5, ϰ=[4.9, 5.2, 4.6], ∫ϰ²/L>=[4.8, 6.1, 6.3], C-C-Sep=0.20, ║∇J║=7.4e-05
-----On 8/20 Initial Guess Perturbations
Iteration 4110/4500-----
J=1.2e-02, ⟨Jf⟩=1.2e-03, ⟨B·n⟩=8.4e-03, Len=sum([4.8, 4.6, 4.2])=13.5, ϰ=[4.9, 5.2, 4.6], ∫ϰ²/L>=[4.8, 6.1, 6.3], C-C-Sep=0.20, ║∇J║=2.2e-05
-----On 8/20 Initial Guess Perturbations
Iteration 4111/4500-----
J=1.2e-02, ⟨Jf⟩=1.2e-03, ⟨B·n⟩=8.4e-03, Len=sum([4.8, 4.6, 4.2])=13.5, ϰ=[4.9, 5.2, 4.6], ∫ϰ²/L>=[4.8, 6.1, 6.3], C-C-Sep=0.20, ║∇J║=1.9e-05
-----On 8/20 Initial Guess Perturbations
Iteration 4112/4500-----
J=1.2e-02, ⟨Jf⟩=1.2e-03, ⟨B·n⟩=8.4e-03, Len=sum([4.8, 4.6, 4.2])=13.5, ϰ=[4.9, 5.2, 4.6], ∫ϰ²/L>=[4.8, 6.1, 6.3], C-C-Sep=0.20, ║∇J║=2.7e-05
-----On 8/20 Initial Guess Perturbations
Iteration 4113/4500-----
J=1.2e-02, ⟨Jf⟩=1.2e-03, ⟨B·n⟩=8.4e-03, Len=sum([4.8, 4.6, 4.2])=13.5, ϰ=[4.9, 5.2, 4.6], ∫ϰ²/L>=[4.8, 6.1, 6.3], C-C-Sep=0.20, ║∇J║=3.1e-05
-----On 8/20 Initial Guess Perturbations
Iteration 4114/4500-----
J=1.2e-02, ⟨Jf⟩=1.2e-03, ⟨B·n⟩=8.4e-03, Len=sum([4.8, 4.6, 4.2])=13.5, ϰ=[4.9, 5.2, 4.6], ∫ϰ²/L>=[4.8, 6.1, 6.3], C-C-Sep=0.20, ║∇J║=8.5e-05
-----On 8/20 Initial Guess Perturbations
Iteration 4115/4500-----
J=1.2e-02, ⟨Jf⟩=1.2e-03, ⟨B·n⟩=8.4e-03, Len=sum([4.8, 4.6, 4.2])=13.5, ϰ=[4.9, 5.2, 4.6], ∫ϰ²/L>=[4.8, 6.1, 6.3], C-C-Sep=0.20, ║∇J║=3.1e-05
-----On 8/20 Initial Guess Perturbations
Iteration 4116/4500-----
J=1.2e-02, ⟨Jf⟩=1.2e-03, ⟨B·n⟩=8.4e-03, Len=sum([4.8, 4.6, 4.2])=13.5, ϰ=[4.9, 5.2, 4.6], ∫ϰ²/L>=[4.8, 6.1, 6.3], C-C-Sep=0.20, ║∇J║=2.7e-05
-----On 8/20 Initial Guess Perturbations
Iteration 4117/4500-----
J=1.2e-02, ⟨Jf⟩=1.2e-03, ⟨B·n⟩=8.4e-03, Len=sum([4.8, 4.6, 4.2])=13.5, ϰ=[4.9, 5.2, 4.6], ∫ϰ²/L>=[4.8, 6.1, 6.3], C-C-Sep=0.20, ║∇J║=3.6e-05
-----On 8/20 Initial Guess Perturbations
Iteration 4118/4500-----
J=1.2e-02, ⟨Jf⟩=1.2e-03, ⟨B·n⟩=8.4e-03, Len=sum([4.8, 4.6, 4.2])=13.5, ϰ=[4.9, 5.2, 4.6], ∫ϰ²/L>=[4.8, 6.1, 6.3], C-C-Sep=0.20, ║∇J║=9.2e-05
-----On 8/20 Initial Guess Perturbations
Iteration 4119/4500-----
J=1.2e-02, ⟨Jf⟩=1.2e-03, ⟨B·n⟩=8.4e-03, Len=sum([4.8, 4.6, 4.2])=13.5, ϰ=[4.9, 5.2, 4.6], ∫ϰ²/L>=[4.8, 6.1, 6.3], C-C-Sep=0.20, ║∇J║=4.5e-05
-----On 8/20 Initial Guess Perturbations
Iteration 4120/4500-----
J=1.2e-02, ⟨Jf⟩=1.2e-03, ⟨B·n⟩=8.4e-03, Len=sum([4.8, 4.6, 4.2])=13.5, ϰ=[4.9, 5.2, 4.6], ∫ϰ²/L>=[4.8, 6.1, 6.3], C-C-Sep=0.20, ║∇J║=3.5e-05
-----On 8/20 Initial Guess Perturbations
Iteration 4121/4500-----
J=1.2e-02, ⟨Jf⟩=1.2e-03, ⟨B·n⟩=8.4e-03, Len=sum([4.8, 4.6, 4.2])=13.5, ϰ=[4.9, 5.2, 4.6], ∫ϰ²/L>=[4.8, 6.1, 6.3], C-C-Sep=0.20, ║∇J║=4.7e-05
-----On 8/20 Initial Guess Perturbations
Iteration 4122/4500-----
J=1.2e-02, ⟨Jf⟩=1.2e-03, ⟨B·n⟩=8.4e-03, Len=sum([4.8, 4.6, 4.2])=13.5, ϰ=[4.9, 5.2, 4.6], ∫ϰ²/L>=[4.8, 6.1, 6.3], C-C-Sep=0.20, ║∇J║=4.9e-05
-----On 8/20 Initial Guess Perturbations
Iteration 4123/4500-----
J=1.2e-02, ⟨Jf⟩=1.2e-03, ⟨B·n⟩=8.4e-03, Len=sum([4.8, 4.6, 4.2])=13.5, ϰ=[4.9, 5.2, 4.6], ∫ϰ²/L>=[4.8, 6.1, 6.3], C-C-Sep=0.20, ║∇J║=1.1e-04
-----On 8/20 Initial Guess Perturbations
Iteration 4124/4500-----
J=1.2e-02, ⟨Jf⟩=1.2e-03, ⟨B·n⟩=8.4e-03, Len=sum([4.8, 4.6, 4.2])=13.5, ϰ=[4.9, 5.2, 4.6], ∫ϰ²/L>=[4.8, 6.1, 6.3], C-C-Sep=0.20, ║∇J║=4.9e-05
-----On 8/20 Initial Guess Perturbations
Iteration 4125/4500-----
J=1.2e-02, ⟨Jf⟩=1.2e-03, ⟨B·n⟩=8.4e-03, Len=sum([4.8, 4.6, 4.2])=13.5, ϰ=[4.9, 5.2, 4.6], ∫ϰ²/L>=[4.8, 6.1, 6.3], C-C-Sep=0.20, ║∇J║=4.8e-05
-----On 8/20 Initial Guess Perturbations
Iteration 4126/4500-----
J=1.2e-02, ⟨Jf⟩=1.2e-03, ⟨B·n⟩=8.4e-03, Len=sum([4.8, 4.6, 4.2])=13.5, ϰ=[4.9, 5.2, 4.6], ∫ϰ²/L>=[4.8, 6.1, 6.3], C-C-Sep=0.20, ║∇J║=6.0e-05
-----On 8/20 Initial Guess Perturbations
Iteration 4127/4500-----
J=1.2e-02, ⟨Jf⟩=1.2e-03, ⟨B·n⟩=8.4e-03, Len=sum([4.8, 4.6, 4.2])=13.5, ϰ=[4.9, 5.2, 4.6], ∫ϰ²/L>=[4.8, 6.1, 6.3], C-C-Sep=0.20, ║∇J║=1.2e-04
-----On 8/20 Initial Guess Perturbations
Iteration 4128/4500-----
J=1.2e-02, ⟨Jf⟩=1.2e-03, ⟨B·n⟩=8.4e-03, Len=sum([4.8, 4.6, 4.2])=13.5, ϰ=[4.9, 5.2, 4.6], ∫ϰ²/L>=[4.8, 6.1, 6.3], C-C-Sep=0.20, ║∇J║=6.1e-05
-----On 8/20 Initial Guess Perturbations
Iteration 4129/4500-----
J=1.2e-02, ⟨Jf⟩=1.2e-03, ⟨B·n⟩=8.4e-03, Len=sum([4.8, 4.6, 4.2])=13.5, ϰ=[4.9, 5.2, 4.6], ∫ϰ²/L>=[4.8, 6.1, 6.3], C-C-Sep=0.20, ║∇J║=5.0e-05
-----On 8/20 Initial Guess Perturbations
Iteration 4130/4500-----
J=1.2e-02, ⟨Jf⟩=1.2e-03, ⟨B·n⟩=8.4e-03, Len=sum([4.8, 4.6, 4.2])=13.5, ϰ=[4.9, 5.2, 4.6], ∫ϰ²/L>=[4.8, 6.1, 6.3], C-C-Sep=0.20, ║∇J║=6.3e-05
-----On 8/20 Initial Guess Perturbations
Iteration 4131/4500-----
J=1.2e-02, ⟨Jf⟩=1.2e-03, ⟨B·n⟩=8.4e-03, Len=sum([4.8, 4.6, 4.2])=13.5, ϰ=[4.9, 5.2, 4.6], ∫ϰ²/L>=[4.8, 6.1, 6.3], C-C-Sep=0.20, ║∇J║=1.1e-04
-----On 8/20 Initial Guess Perturbations
Iteration 4132/4500-----
J=1.2e-02, ⟨Jf⟩=1.2e-03, ⟨B·n⟩=8.4e-03, Len=sum([4.8, 4.6, 4.2])=13.5, ϰ=[4.9, 5.2, 4.6], ∫ϰ²/L>=[4.8, 6.1, 6.3], C-C-Sep=0.20, ║∇J║=6.8e-05
-----On 8/20 Initial Guess Perturbations
Iteration 4133/4500-----
J=1.2e-02, ⟨Jf⟩=1.2e-03, ⟨B·n⟩=8.4e-03, Len=sum([4.8, 4.6, 4.2])=13.5, ϰ=[4.9, 5.2, 4.6], ∫ϰ²/L>=[4.8, 6.1, 6.3], C-C-Sep=0.20, ║∇J║=5.5e-05
-----On 8/20 Initial Guess Perturbations
Iteration 4134/4500-----
J=1.2e-02, ⟨Jf⟩=1.2e-03, ⟨B·n⟩=8.4e-03, Len=sum([4.8, 4.6, 4.2])=13.5, ϰ=[4.9, 5.2, 4.6], ∫ϰ²/L>=[4.8, 6.1, 6.3], C-C-Sep=0.20, ║∇J║=9.1e-05
-----On 8/20 Initial Guess Perturbations
Iteration 4135/4500-----
J=1.2e-02, ⟨Jf⟩=1.2e-03, ⟨B·n⟩=8.4e-03, Len=sum([4.8, 4.6, 4.2])=13.5, ϰ=[4.9, 5.2, 4.6], ∫ϰ²/L>=[4.8, 6.1, 6.3], C-C-Sep=0.20, ║∇J║=9.7e-05
-----On 8/20 Initial Guess Perturbations
Iteration 4136/4500-----
J=1.2e-02, ⟨Jf⟩=1.2e-03, ⟨B·n⟩=8.4e-03, Len=sum([4.8, 4.6, 4.2])=13.5, ϰ=[4.9, 5.2, 4.6], ∫ϰ²/L>=[4.8, 6.1, 6.3], C-C-Sep=0.20, ║∇J║=9.0e-05
-----On 8/20 Initial Guess Perturbations
Iteration 4137/4500-----
J=1.2e-02, ⟨Jf⟩=1.2e-03, ⟨B·n⟩=8.4e-03, Len=sum([4.8, 4.6, 4.2])=13.5, ϰ=[4.9, 5.2, 4.6], ∫ϰ²/L>=[4.8, 6.1, 6.3], C-C-Sep=0.20, ║∇J║=8.4e-05
-----On 8/20 Initial Guess Perturbations
Iteration 4138/4500-----
J=1.2e-02, ⟨Jf⟩=1.2e-03, ⟨B·n⟩=8.4e-03, Len=sum([4.8, 4.6, 4.2])=13.5, ϰ=[4.9, 5.2, 4.6], ∫ϰ²/L>=[4.8, 6.1, 6.3], C-C-Sep=0.20, ║∇J║=8.2e-05
-----On 8/20 Initial Guess Perturbations
Iteration 4139/4500-----
J=1.2e-02, ⟨Jf⟩=1.2e-03, ⟨B·n⟩=8.4e-03, Len=sum([4.8, 4.6, 4.2])=13.5, ϰ=[4.9, 5.2, 4.6], ∫ϰ²/L>=[4.8, 6.1, 6.3], C-C-Sep=0.20, ║∇J║=8.4e-05
-----On 8/20 Initial Guess Perturbations
Iteration 4140/4500-----
J=1.2e-02, ⟨Jf⟩=1.2e-03, ⟨B·n⟩=8.4e-03, Len=sum([4.8, 4.6, 4.2])=13.5, ϰ=[4.9, 5.2, 4.6], ∫ϰ²/L>=[4.8, 6.1, 6.3], C-C-Sep=0.20, ║∇J║=7.6e-05
-----On 8/20 Initial Guess Perturbations
Iteration 4141/4500-----
J=1.2e-02, ⟨Jf⟩=1.2e-03, ⟨B·n⟩=8.4e-03, Len=sum([4.8, 4.6, 4.2])=13.5, ϰ=[4.9, 5.2, 4.6], ∫ϰ²/L>=[4.8, 6.1, 6.3], C-C-Sep=0.20, ║∇J║=1.0e-04
-----On 8/20 Initial Guess Perturbations
Iteration 4142/4500-----
J=1.2e-02, ⟨Jf⟩=1.2e-03, ⟨B·n⟩=8.4e-03, Len=sum([4.8, 4.6, 4.2])=13.5, ϰ=[4.9, 5.2, 4.6], ∫ϰ²/L>=[4.8, 6.1, 6.3], C-C-Sep=0.20, ║∇J║=8.4e-05
-----On 8/20 Initial Guess Perturbations
Iteration 4143/4500-----
J=1.2e-02, ⟨Jf⟩=1.2e-03, ⟨B·n⟩=8.4e-03, Len=sum([4.8, 4.6, 4.2])=13.5, ϰ=[4.9, 5.2, 4.6], ∫ϰ²/L>=[4.8, 6.1, 6.3], C-C-Sep=0.20, ║∇J║=6.3e-05
-----On 8/20 Initial Guess Perturbations
Iteration 4144/4500-----
J=1.2e-02, ⟨Jf⟩=1.2e-03, ⟨B·n⟩=8.4e-03, Len=sum([4.8, 4.6, 4.2])=13.5, ϰ=[4.9, 5.2, 4.6], ∫ϰ²/L>=[4.8, 6.1, 6.3], C-C-Sep=0.20, ║∇J║=8.1e-05
-----On 8/20 Initial Guess Perturbations
Iteration 4145/4500-----
J=1.2e-02, ⟨Jf⟩=1.2e-03, ⟨B·n⟩=8.4e-03, Len=sum([4.8, 4.6, 4.2])=13.5, ϰ=[4.9, 5.2, 4.6], ∫ϰ²/L>=[4.8, 6.1, 6.3], C-C-Sep=0.20, ║∇J║=1.2e-04
-----On 8/20 Initial Guess Perturbations
Iteration 4146/4500-----
J=1.2e-02, ⟨Jf⟩=1.2e-03, ⟨B·n⟩=8.4e-03, Len=sum([4.8, 4.6, 4.2])=13.5, ϰ=[4.9, 5.2, 4.6], ∫ϰ²/L>=[4.8, 6.1, 6.3], C-C-Sep=0.20, ║∇J║=9.9e-05
-----On 8/20 Initial Guess Perturbations
Iteration 4147/4500-----
J=1.2e-02, ⟨Jf⟩=1.2e-03, ⟨B·n⟩=8.4e-03, Len=sum([4.8, 4.6, 4.2])=13.5, ϰ=[4.9, 5.2, 4.6], ∫ϰ²/L>=[4.8, 6.1, 6.3], C-C-Sep=0.20, ║∇J║=1.8e-04
-----On 8/20 Initial Guess Perturbations
Iteration 4148/4500-----
J=1.2e-02, ⟨Jf⟩=1.2e-03, ⟨B·n⟩=8.4e-03, Len=sum([4.8, 4.6, 4.2])=13.5, ϰ=[4.9, 5.2, 4.6], ∫ϰ²/L>=[4.8, 6.1, 6.3], C-C-Sep=0.20, ║∇J║=9.2e-05
-----On 8/20 Initial Guess Perturbations
Iteration 4149/4500-----
J=1.2e-02, ⟨Jf⟩=1.2e-03, ⟨B·n⟩=8.4e-03, Len=sum([4.8, 4.6, 4.2])=13.5, ϰ=[4.9, 5.2, 4.6], ∫ϰ²/L>=[4.8, 6.1, 6.3], C-C-Sep=0.20, ║∇J║=8.6e-05
-----On 8/20 Initial Guess Perturbations
Iteration 4150/4500-----
J=1.2e-02, ⟨Jf⟩=1.2e-03, ⟨B·n⟩=8.4e-03, Len=sum([4.8, 4.6, 4.2])=13.5, ϰ=[4.9, 5.2, 4.6], ∫ϰ²/L>=[4.8, 6.1, 6.3], C-C-Sep=0.20, ║∇J║=9.7e-05
-----On 8/20 Initial Guess Perturbations
Iteration 4151/4500-----
J=1.2e-02, ⟨Jf⟩=1.2e-03, ⟨B·n⟩=8.4e-03, Len=sum([4.8, 4.6, 4.2])=13.5, ϰ=[4.9, 5.2, 4.6], ∫ϰ²/L>=[4.8, 6.1, 6.3], C-C-Sep=0.20, ║∇J║=1.3e-04
-----On 8/20 Initial Guess Perturbations
Iteration 4152/4500-----
J=1.2e-02, ⟨Jf⟩=1.2e-03, ⟨B·n⟩=8.4e-03, Len=sum([4.8, 4.6, 4.2])=13.5, ϰ=[4.9, 5.2, 4.6], ∫ϰ²/L>=[4.8, 6.1, 6.3], C-C-Sep=0.20, ║∇J║=9.2e-05
-----On 8/20 Initial Guess Perturbations
Iteration 4153/4500-----
J=1.2e-02, ⟨Jf⟩=1.2e-03, ⟨B·n⟩=8.4e-03, Len=sum([4.8, 4.6, 4.2])=13.5, ϰ=[4.9, 5.2, 4.6], ∫ϰ²/L>=[4.8, 6.1, 6.3], C-C-Sep=0.20, ║∇J║=1.0e-04
-----On 8/20 Initial Guess Perturbations
Iteration 4154/4500-----
J=1.2e-02, ⟨Jf⟩=1.2e-03, ⟨B·n⟩=8.4e-03, Len=sum([4.8, 4.6, 4.2])=13.5, ϰ=[4.9, 5.2, 4.6], ∫ϰ²/L>=[4.8, 6.1, 6.3], C-C-Sep=0.20, ║∇J║=1.3e-04
-----On 8/20 Initial Guess Perturbations
Iteration 4155/4500-----
J=1.2e-02, ⟨Jf⟩=1.2e-03, ⟨B·n⟩=8.4e-03, Len=sum([4.8, 4.6, 4.2])=13.5, ϰ=[4.9, 5.2, 4.6], ∫ϰ²/L>=[4.8, 6.1, 6.3], C-C-Sep=0.20, ║∇J║=2.5e-04
-----On 8/20 Initial Guess Perturbations
Iteration 4156/4500-----
J=1.2e-02, ⟨Jf⟩=1.2e-03, ⟨B·n⟩=8.4e-03, Len=sum([4.8, 4.6, 4.2])=13.5, ϰ=[4.9, 5.2, 4.6], ∫ϰ²/L>=[4.8, 6.1, 6.3], C-C-Sep=0.20, ║∇J║=1.3e-04
-----On 8/20 Initial Guess Perturbations
Iteration 4157/4500-----
J=1.2e-02, ⟨Jf⟩=1.2e-03, ⟨B·n⟩=8.4e-03, Len=sum([4.8, 4.6, 4.2])=13.5, ϰ=[4.9, 5.2, 4.6], ∫ϰ²/L>=[4.8, 6.1, 6.3], C-C-Sep=0.20, ║∇J║=1.2e-04
-----On 8/20 Initial Guess Perturbations
Iteration 4158/4500-----
J=1.2e-02, ⟨Jf⟩=1.2e-03, ⟨B·n⟩=8.4e-03, Len=sum([4.8, 4.6, 4.2])=13.5, ϰ=[4.9, 5.2, 4.6], ∫ϰ²/L>=[4.8, 6.1, 6.3], C-C-Sep=0.20, ║∇J║=1.5e-04
-----On 8/20 Initial Guess Perturbations
Iteration 4159/4500-----
J=1.2e-02, ⟨Jf⟩=1.2e-03, ⟨B·n⟩=8.4e-03, Len=sum([4.8, 4.6, 4.2])=13.5, ϰ=[4.9, 5.2, 4.6], ∫ϰ²/L>=[4.8, 6.1, 6.3], C-C-Sep=0.20, ║∇J║=1.1e-04
-----On 8/20 Initial Guess Perturbations
Iteration 4160/4500-----
J=1.2e-02, ⟨Jf⟩=1.2e-03, ⟨B·n⟩=8.4e-03, Len=sum([4.8, 4.6, 4.2])=13.5, ϰ=[4.9, 5.2, 4.6], ∫ϰ²/L>=[4.8, 6.1, 6.3], C-C-Sep=0.20, ║∇J║=1.2e-04
-----On 8/20 Initial Guess Perturbations
Iteration 4161/4500-----
J=1.2e-02, ⟨Jf⟩=1.2e-03, ⟨B·n⟩=8.4e-03, Len=sum([4.8, 4.6, 4.2])=13.5, ϰ=[4.9, 5.2, 4.6], ∫ϰ²/L>=[4.8, 6.1, 6.3], C-C-Sep=0.20, ║∇J║=1.1e-04
-----On 8/20 Initial Guess Perturbations
Iteration 4162/4500-----
J=1.2e-02, ⟨Jf⟩=1.2e-03, ⟨B·n⟩=8.4e-03, Len=sum([4.8, 4.6, 4.2])=13.5, ϰ=[4.9, 5.2, 4.6], ∫ϰ²/L>=[4.8, 6.1, 6.3], C-C-Sep=0.20, ║∇J║=9.4e-05
-----On 8/20 Initial Guess Perturbations
Iteration 4163/4500-----
J=1.2e-02, ⟨Jf⟩=1.2e-03, ⟨B·n⟩=8.4e-03, Len=sum([4.8, 4.6, 4.2])=13.5, ϰ=[4.9, 5.2, 4.6], ∫ϰ²/L>=[4.8, 6.1, 6.3], C-C-Sep=0.20, ║∇J║=1.8e-04
-----On 8/20 Initial Guess Perturbations
Iteration 4164/4500-----
J=1.2e-02, ⟨Jf⟩=1.2e-03, ⟨B·n⟩=8.4e-03, Len=sum([4.8, 4.6, 4.2])=13.5, ϰ=[4.9, 5.2, 4.6], ∫ϰ²/L>=[4.8, 6.1, 6.3], C-C-Sep=0.20, ║∇J║=7.7e-05
-----On 8/20 Initial Guess Perturbations
Iteration 4165/4500-----
J=1.2e-02, ⟨Jf⟩=1.2e-03, ⟨B·n⟩=8.4e-03, Len=sum([4.8, 4.6, 4.2])=13.5, ϰ=[4.9, 5.2, 4.6], ∫ϰ²/L>=[4.8, 6.1, 6.3], C-C-Sep=0.20, ║∇J║=6.5e-05
-----On 8/20 Initial Guess Perturbations
Iteration 4166/4500-----
J=1.2e-02, ⟨Jf⟩=1.2e-03, ⟨B·n⟩=8.4e-03, Len=sum([4.8, 4.6, 4.2])=13.5, ϰ=[4.9, 5.2, 4.6], ∫ϰ²/L>=[4.8, 6.1, 6.3], C-C-Sep=0.20, ║∇J║=8.3e-05
-----On 8/20 Initial Guess Perturbations
Iteration 4167/4500-----
J=1.2e-02, ⟨Jf⟩=1.2e-03, ⟨B·n⟩=8.4e-03, Len=sum([4.8, 4.6, 4.2])=13.5, ϰ=[4.9, 5.2, 4.6], ∫ϰ²/L>=[4.8, 6.1, 6.3], C-C-Sep=0.20, ║∇J║=1.0e-04
-----On 8/20 Initial Guess Perturbations
Iteration 4168/4500-----
J=1.2e-02, ⟨Jf⟩=1.2e-03, ⟨B·n⟩=8.4e-03, Len=sum([4.8, 4.6, 4.2])=13.5, ϰ=[4.9, 5.2, 4.6], ∫ϰ²/L>=[4.8, 6.1, 6.3], C-C-Sep=0.20, ║∇J║=7.7e-05
-----On 8/20 Initial Guess Perturbations
Iteration 4169/4500-----
J=1.2e-02, ⟨Jf⟩=1.2e-03, ⟨B·n⟩=8.4e-03, Len=sum([4.8, 4.6, 4.2])=13.5, ϰ=[4.9, 5.2, 4.6], ∫ϰ²/L>=[4.8, 6.1, 6.3], C-C-Sep=0.20, ║∇J║=9.1e-05
-----On 8/20 Initial Guess Perturbations
Iteration 4170/4500-----
J=1.2e-02, ⟨Jf⟩=1.2e-03, ⟨B·n⟩=8.4e-03, Len=sum([4.8, 4.6, 4.2])=13.5, ϰ=[4.9, 5.2, 4.6], ∫ϰ²/L>=[4.8, 6.1, 6.3], C-C-Sep=0.20, ║∇J║=1.2e-04
-----On 8/20 Initial Guess Perturbations
Iteration 4171/4500-----
J=1.2e-02, ⟨Jf⟩=1.2e-03, ⟨B·n⟩=8.4e-03, Len=sum([4.8, 4.6, 4.2])=13.5, ϰ=[4.9, 5.2, 4.6], ∫ϰ²/L>=[4.8, 6.1, 6.3], C-C-Sep=0.20, ║∇J║=8.4e-05
-----On 8/20 Initial Guess Perturbations
Iteration 4172/4500-----
J=1.2e-02, ⟨Jf⟩=1.2e-03, ⟨B·n⟩=8.4e-03, Len=sum([4.8, 4.6, 4.2])=13.5, ϰ=[4.9, 5.2, 4.6], ∫ϰ²/L>=[4.8, 6.1, 6.3], C-C-Sep=0.20, ║∇J║=7.3e-05
-----On 8/20 Initial Guess Perturbations
Iteration 4173/4500-----
J=1.2e-02, ⟨Jf⟩=1.2e-03, ⟨B·n⟩=8.4e-03, Len=sum([4.8, 4.6, 4.2])=13.5, ϰ=[4.9, 5.2, 4.6], ∫ϰ²/L>=[4.8, 6.1, 6.3], C-C-Sep=0.20, ║∇J║=9.4e-05
-----On 8/20 Initial Guess Perturbations
Iteration 4174/4500-----
J=1.2e-02, ⟨Jf⟩=1.2e-03, ⟨B·n⟩=8.4e-03, Len=sum([4.8, 4.6, 4.2])=13.5, ϰ=[4.9, 5.2, 4.6], ∫ϰ²/L>=[4.8, 6.1, 6.3], C-C-Sep=0.20, ║∇J║=7.6e-05
-----On 8/20 Initial Guess Perturbations
Iteration 4175/4500-----
J=1.2e-02, ⟨Jf⟩=1.2e-03, ⟨B·n⟩=8.4e-03, Len=sum([4.8, 4.6, 4.2])=13.5, ϰ=[4.9, 5.2, 4.6], ∫ϰ²/L>=[4.8, 6.1, 6.3], C-C-Sep=0.20, ║∇J║=9.0e-05
-----On 8/20 Initial Guess Perturbations
Iteration 4176/4500-----
J=1.2e-02, ⟨Jf⟩=1.2e-03, ⟨B·n⟩=8.4e-03, Len=sum([4.8, 4.6, 4.2])=13.5, ϰ=[4.9, 5.2, 4.6], ∫ϰ²/L>=[4.8, 6.1, 6.3], C-C-Sep=0.20, ║∇J║=9.1e-05
-----On 8/20 Initial Guess Perturbations
Iteration 4177/4500-----
J=1.2e-02, ⟨Jf⟩=1.2e-03, ⟨B·n⟩=8.4e-03, Len=sum([4.8, 4.6, 4.2])=13.5, ϰ=[4.9, 5.2, 4.6], ∫ϰ²/L>=[4.8, 6.1, 6.3], C-C-Sep=0.20, ║∇J║=7.2e-05
-----On 8/20 Initial Guess Perturbations
Iteration 4178/4500-----
J=1.2e-02, ⟨Jf⟩=1.2e-03, ⟨B·n⟩=8.4e-03, Len=sum([4.8, 4.6, 4.2])=13.5, ϰ=[4.9, 5.2, 4.6], ∫ϰ²/L>=[4.8, 6.1, 6.3], C-C-Sep=0.20, ║∇J║=9.8e-05
-----On 8/20 Initial Guess Perturbations
Iteration 4179/4500-----
J=1.2e-02, ⟨Jf⟩=1.2e-03, ⟨B·n⟩=8.4e-03, Len=sum([4.8, 4.6, 4.2])=13.5, ϰ=[4.9, 5.2, 4.6], ∫ϰ²/L>=[4.8, 6.1, 6.3], C-C-Sep=0.20, ║∇J║=7.5e-05
-----On 8/20 Initial Guess Perturbations
Iteration 4180/4500-----
J=1.2e-02, ⟨Jf⟩=1.2e-03, ⟨B·n⟩=8.4e-03, Len=sum([4.8, 4.6, 4.2])=13.5, ϰ=[4.9, 5.2, 4.6], ∫ϰ²/L>=[4.8, 6.1, 6.3], C-C-Sep=0.20, ║∇J║=5.9e-05
-----On 8/20 Initial Guess Perturbations
Iteration 4181/4500-----
J=1.2e-02, ⟨Jf⟩=1.2e-03, ⟨B·n⟩=8.4e-03, Len=sum([4.8, 4.6, 4.2])=13.5, ϰ=[4.9, 5.2, 4.6], ∫ϰ²/L>=[4.8, 6.1, 6.3], C-C-Sep=0.20, ║∇J║=6.7e-05
-----On 8/20 Initial Guess Perturbations
Iteration 4182/4500-----
J=1.2e-02, ⟨Jf⟩=1.2e-03, ⟨B·n⟩=8.4e-03, Len=sum([4.8, 4.6, 4.2])=13.5, ϰ=[4.9, 5.2, 4.6], ∫ϰ²/L>=[4.8, 6.1, 6.3], C-C-Sep=0.20, ║∇J║=8.5e-05
-----On 8/20 Initial Guess Perturbations
Iteration 4183/4500-----
J=1.2e-02, ⟨Jf⟩=1.2e-03, ⟨B·n⟩=8.4e-03, Len=sum([4.8, 4.6, 4.2])=13.5, ϰ=[4.9, 5.2, 4.6], ∫ϰ²/L>=[4.8, 6.1, 6.3], C-C-Sep=0.20, ║∇J║=5.6e-05
-----On 8/20 Initial Guess Perturbations
Iteration 4184/4500-----
J=1.2e-02, ⟨Jf⟩=1.2e-03, ⟨B·n⟩=8.4e-03, Len=sum([4.8, 4.6, 4.2])=13.5, ϰ=[4.9, 5.2, 4.6], ∫ϰ²/L>=[4.8, 6.1, 6.3], C-C-Sep=0.20, ║∇J║=4.3e-05
-----On 8/20 Initial Guess Perturbations
Iteration 4185/4500-----
J=1.2e-02, ⟨Jf⟩=1.2e-03, ⟨B·n⟩=8.4e-03, Len=sum([4.8, 4.6, 4.2])=13.5, ϰ=[4.9, 5.2, 4.6], ∫ϰ²/L>=[4.8, 6.1, 6.3], C-C-Sep=0.20, ║∇J║=4.5e-05
-----On 8/20 Initial Guess Perturbations
Iteration 4186/4500-----
J=1.2e-02, ⟨Jf⟩=1.2e-03, ⟨B·n⟩=8.4e-03, Len=sum([4.8, 4.6, 4.2])=13.5, ϰ=[4.9, 5.2, 4.6], ∫ϰ²/L>=[4.8, 6.1, 6.3], C-C-Sep=0.20, ║∇J║=7.0e-05
-----On 8/20 Initial Guess Perturbations
Iteration 4187/4500-----
J=1.2e-02, ⟨Jf⟩=1.2e-03, ⟨B·n⟩=8.4e-03, Len=sum([4.8, 4.6, 4.2])=13.5, ϰ=[4.9, 5.2, 4.6], ∫ϰ²/L>=[4.8, 6.1, 6.3], C-C-Sep=0.20, ║∇J║=4.8e-05
-----On 8/20 Initial Guess Perturbations
Iteration 4188/4500-----
J=1.2e-02, ⟨Jf⟩=1.2e-03, ⟨B·n⟩=8.4e-03, Len=sum([4.8, 4.6, 4.2])=13.5, ϰ=[4.9, 5.2, 4.6], ∫ϰ²/L>=[4.8, 6.1, 6.3], C-C-Sep=0.20, ║∇J║=3.3e-05
-----On 8/20 Initial Guess Perturbations
Iteration 4189/4500-----
J=1.2e-02, ⟨Jf⟩=1.2e-03, ⟨B·n⟩=8.4e-03, Len=sum([4.8, 4.6, 4.2])=13.5, ϰ=[4.9, 5.2, 4.6], ∫ϰ²/L>=[4.8, 6.1, 6.3], C-C-Sep=0.20, ║∇J║=3.3e-05
-----On 8/20 Initial Guess Perturbations
Iteration 4190/4500-----
J=1.2e-02, ⟨Jf⟩=1.2e-03, ⟨B·n⟩=8.4e-03, Len=sum([4.8, 4.6, 4.2])=13.5, ϰ=[4.9, 5.2, 4.6], ∫ϰ²/L>=[4.8, 6.1, 6.3], C-C-Sep=0.20, ║∇J║=4.7e-05
-----On 8/20 Initial Guess Perturbations
Iteration 4191/4500-----
J=1.2e-02, ⟨Jf⟩=1.2e-03, ⟨B·n⟩=8.4e-03, Len=sum([4.8, 4.6, 4.2])=13.5, ϰ=[4.9, 5.2, 4.6], ∫ϰ²/L>=[4.8, 6.1, 6.3], C-C-Sep=0.20, ║∇J║=3.6e-05
-----On 8/20 Initial Guess Perturbations
Iteration 4192/4500-----
J=1.2e-02, ⟨Jf⟩=1.2e-03, ⟨B·n⟩=8.4e-03, Len=sum([4.8, 4.6, 4.2])=13.5, ϰ=[4.9, 5.2, 4.6], ∫ϰ²/L>=[4.8, 6.1, 6.3], C-C-Sep=0.20, ║∇J║=4.5e-05
-----On 8/20 Initial Guess Perturbations
Iteration 4193/4500-----
J=1.2e-02, ⟨Jf⟩=1.2e-03, ⟨B·n⟩=8.4e-03, Len=sum([4.8, 4.6, 4.2])=13.5, ϰ=[4.9, 5.2, 4.6], ∫ϰ²/L>=[4.8, 6.1, 6.3], C-C-Sep=0.20, ║∇J║=3.1e-05
-----On 8/20 Initial Guess Perturbations
Iteration 4194/4500-----
J=1.2e-02, ⟨Jf⟩=1.2e-03, ⟨B·n⟩=8.4e-03, Len=sum([4.8, 4.6, 4.2])=13.5, ϰ=[4.9, 5.2, 4.6], ∫ϰ²/L>=[4.8, 6.1, 6.3], C-C-Sep=0.20, ║∇J║=2.9e-05
-----On 8/20 Initial Guess Perturbations
Iteration 4195/4500-----
J=1.2e-02, ⟨Jf⟩=1.2e-03, ⟨B·n⟩=8.4e-03, Len=sum([4.8, 4.6, 4.2])=13.5, ϰ=[4.9, 5.2, 4.6], ∫ϰ²/L>=[4.8, 6.1, 6.3], C-C-Sep=0.20, ║∇J║=3.4e-05
-----On 8/20 Initial Guess Perturbations
Iteration 4196/4500-----
J=1.2e-02, ⟨Jf⟩=1.2e-03, ⟨B·n⟩=8.4e-03, Len=sum([4.8, 4.6, 4.2])=13.5, ϰ=[4.9, 5.2, 4.6], ∫ϰ²/L>=[4.8, 6.1, 6.3], C-C-Sep=0.20, ║∇J║=5.1e-05
-----On 8/20 Initial Guess Perturbations
Iteration 4197/4500-----
J=1.2e-02, ⟨Jf⟩=1.2e-03, ⟨B·n⟩=8.4e-03, Len=sum([4.8, 4.6, 4.2])=13.5, ϰ=[4.9, 5.2, 4.6], ∫ϰ²/L>=[4.8, 6.1, 6.3], C-C-Sep=0.20, ║∇J║=3.1e-05
-----On 8/20 Initial Guess Perturbations
Iteration 4198/4500-----
J=1.2e-02, ⟨Jf⟩=1.2e-03, ⟨B·n⟩=8.4e-03, Len=sum([4.8, 4.6, 4.2])=13.5, ϰ=[4.9, 5.2, 4.6], ∫ϰ²/L>=[4.8, 6.1, 6.3], C-C-Sep=0.20, ║∇J║=3.0e-05
-----On 8/20 Initial Guess Perturbations
Iteration 4199/4500-----
J=1.2e-02, ⟨Jf⟩=1.2e-03, ⟨B·n⟩=8.4e-03, Len=sum([4.8, 4.6, 4.2])=13.5, ϰ=[4.9, 5.2, 4.6], ∫ϰ²/L>=[4.8, 6.1, 6.3], C-C-Sep=0.20, ║∇J║=4.3e-05
-----On 8/20 Initial Guess Perturbations
Iteration 4200/4500-----
J=1.2e-02, ⟨Jf⟩=1.2e-03, ⟨B·n⟩=8.4e-03, Len=sum([4.8, 4.6, 4.2])=13.5, ϰ=[4.9, 5.2, 4.6], ∫ϰ²/L>=[4.8, 6.1, 6.3], C-C-Sep=0.20, ║∇J║=3.5e-05
-----On 8/20 Initial Guess Perturbations
Iteration 4201/4500-----
J=1.2e-02, ⟨Jf⟩=1.2e-03, ⟨B·n⟩=8.4e-03, Len=sum([4.8, 4.6, 4.2])=13.5, ϰ=[4.9, 5.2, 4.6], ∫ϰ²/L>=[4.8, 6.1, 6.3], C-C-Sep=0.20, ║∇J║=2.5e-05
-----On 8/20 Initial Guess Perturbations
Iteration 4202/4500-----
J=1.2e-02, ⟨Jf⟩=1.2e-03, ⟨B·n⟩=8.4e-03, Len=sum([4.8, 4.6, 4.2])=13.5, ϰ=[4.9, 5.2, 4.6], ∫ϰ²/L>=[4.8, 6.1, 6.3], C-C-Sep=0.20, ║∇J║=2.5e-05
-----On 8/20 Initial Guess Perturbations
Iteration 4203/4500-----
J=1.2e-02, ⟨Jf⟩=1.2e-03, ⟨B·n⟩=8.4e-03, Len=sum([4.8, 4.6, 4.2])=13.5, ϰ=[4.9, 5.2, 4.6], ∫ϰ²/L>=[4.8, 6.1, 6.3], C-C-Sep=0.20, ║∇J║=3.5e-05
-----On 8/20 Initial Guess Perturbations
Iteration 4204/4500-----
J=1.2e-02, ⟨Jf⟩=1.2e-03, ⟨B·n⟩=8.4e-03, Len=sum([4.8, 4.6, 4.2])=13.5, ϰ=[4.9, 5.2, 4.6], ∫ϰ²/L>=[4.8, 6.1, 6.3], C-C-Sep=0.20, ║∇J║=2.3e-05
-----On 8/20 Initial Guess Perturbations
Iteration 4205/4500-----
J=1.2e-02, ⟨Jf⟩=1.2e-03, ⟨B·n⟩=8.4e-03, Len=sum([4.8, 4.6, 4.2])=13.5, ϰ=[4.9, 5.2, 4.6], ∫ϰ²/L>=[4.8, 6.1, 6.3], C-C-Sep=0.20, ║∇J║=2.0e-05
-----On 8/20 Initial Guess Perturbations
Iteration 4206/4500-----
J=1.2e-02, ⟨Jf⟩=1.2e-03, ⟨B·n⟩=8.4e-03, Len=sum([4.8, 4.6, 4.2])=13.5, ϰ=[4.9, 5.2, 4.6], ∫ϰ²/L>=[4.8, 6.1, 6.3], C-C-Sep=0.20, ║∇J║=2.2e-05
-----On 8/20 Initial Guess Perturbations
Iteration 4207/4500-----
J=1.2e-02, ⟨Jf⟩=1.2e-03, ⟨B·n⟩=8.4e-03, Len=sum([4.8, 4.6, 4.2])=13.5, ϰ=[4.9, 5.2, 4.6], ∫ϰ²/L>=[4.8, 6.1, 6.3], C-C-Sep=0.20, ║∇J║=3.7e-05
-----On 8/20 Initial Guess Perturbations
Iteration 4208/4500-----
J=1.2e-02, ⟨Jf⟩=1.2e-03, ⟨B·n⟩=8.4e-03, Len=sum([4.8, 4.6, 4.2])=13.5, ϰ=[4.9, 5.2, 4.6], ∫ϰ²/L>=[4.8, 6.1, 6.3], C-C-Sep=0.20, ║∇J║=2.0e-05
-----On 8/20 Initial Guess Perturbations
Iteration 4209/4500-----
J=1.2e-02, ⟨Jf⟩=1.2e-03, ⟨B·n⟩=8.4e-03, Len=sum([4.8, 4.6, 4.2])=13.5, ϰ=[4.9, 5.2, 4.6], ∫ϰ²/L>=[4.8, 6.1, 6.3], C-C-Sep=0.20, ║∇J║=2.0e-05
-----On 8/20 Initial Guess Perturbations
Iteration 4210/4500-----
J=1.2e-02, ⟨Jf⟩=1.2e-03, ⟨B·n⟩=8.4e-03, Len=sum([4.8, 4.6, 4.2])=13.5, ϰ=[4.9, 5.2, 4.6], ∫ϰ²/L>=[4.8, 6.1, 6.3], C-C-Sep=0.20, ║∇J║=2.6e-05
-----On 8/20 Initial Guess Perturbations
Iteration 4211/4500-----
J=1.2e-02, ⟨Jf⟩=1.2e-03, ⟨B·n⟩=8.4e-03, Len=sum([4.8, 4.6, 4.2])=13.5, ϰ=[4.9, 5.2, 4.6], ∫ϰ²/L>=[4.8, 6.1, 6.3], C-C-Sep=0.20, ║∇J║=4.3e-05
-----On 8/20 Initial Guess Perturbations
Iteration 4212/4500-----
J=1.2e-02, ⟨Jf⟩=1.2e-03, ⟨B·n⟩=8.4e-03, Len=sum([4.8, 4.6, 4.2])=13.5, ϰ=[4.9, 5.2, 4.6], ∫ϰ²/L>=[4.8, 6.1, 6.3], C-C-Sep=0.20, ║∇J║=2.8e-05
-----On 8/20 Initial Guess Perturbations
Iteration 4213/4500-----
J=1.2e-02, ⟨Jf⟩=1.2e-03, ⟨B·n⟩=8.4e-03, Len=sum([4.8, 4.6, 4.2])=13.5, ϰ=[4.9, 5.2, 4.6], ∫ϰ²/L>=[4.8, 6.1, 6.3], C-C-Sep=0.20, ║∇J║=3.1e-05
-----On 8/20 Initial Guess Perturbations
Iteration 4214/4500-----
J=1.2e-02, ⟨Jf⟩=1.2e-03, ⟨B·n⟩=8.4e-03, Len=sum([4.8, 4.6, 4.2])=13.5, ϰ=[4.9, 5.2, 4.6], ∫ϰ²/L>=[4.8, 6.1, 6.3], C-C-Sep=0.20, ║∇J║=4.6e-05
-----On 8/20 Initial Guess Perturbations
Iteration 4215/4500-----
J=1.2e-02, ⟨Jf⟩=1.2e-03, ⟨B·n⟩=8.4e-03, Len=sum([4.8, 4.6, 4.2])=13.5, ϰ=[4.9, 5.2, 4.6], ∫ϰ²/L>=[4.8, 6.1, 6.3], C-C-Sep=0.20, ║∇J║=9.4e-05
-----On 8/20 Initial Guess Perturbations
Iteration 4216/4500-----
J=1.2e-02, ⟨Jf⟩=1.2e-03, ⟨B·n⟩=8.4e-03, Len=sum([4.8, 4.6, 4.2])=13.5, ϰ=[4.9, 5.2, 4.6], ∫ϰ²/L>=[4.8, 6.1, 6.3], C-C-Sep=0.20, ║∇J║=5.9e-05
-----On 8/20 Initial Guess Perturbations
Iteration 4217/4500-----
J=1.2e-02, ⟨Jf⟩=1.2e-03, ⟨B·n⟩=8.4e-03, Len=sum([4.8, 4.6, 4.2])=13.5, ϰ=[4.9, 5.2, 4.6], ∫ϰ²/L>=[4.8, 6.1, 6.3], C-C-Sep=0.20, ║∇J║=1.1e-04
-----On 8/20 Initial Guess Perturbations
Iteration 4218/4500-----
J=1.2e-02, ⟨Jf⟩=1.2e-03, ⟨B·n⟩=8.4e-03, Len=sum([4.8, 4.6, 4.2])=13.5, ϰ=[4.9, 5.2, 4.6], ∫ϰ²/L>=[4.8, 6.1, 6.3], C-C-Sep=0.20, ║∇J║=7.1e-05
-----On 8/20 Initial Guess Perturbations
Iteration 4219/4500-----
J=1.2e-02, ⟨Jf⟩=1.2e-03, ⟨B·n⟩=8.4e-03, Len=sum([4.8, 4.6, 4.2])=13.5, ϰ=[4.9, 5.2, 4.6], ∫ϰ²/L>=[4.8, 6.1, 6.3], C-C-Sep=0.20, ║∇J║=1.2e-04
-----On 8/20 Initial Guess Perturbations
Iteration 4220/4500-----
J=1.2e-02, ⟨Jf⟩=1.2e-03, ⟨B·n⟩=8.4e-03, Len=sum([4.8, 4.6, 4.2])=13.5, ϰ=[4.9, 5.2, 4.6], ∫ϰ²/L>=[4.8, 6.1, 6.3], C-C-Sep=0.20, ║∇J║=6.9e-05
-----On 8/20 Initial Guess Perturbations
Iteration 4221/4500-----
J=1.2e-02, ⟨Jf⟩=1.2e-03, ⟨B·n⟩=8.4e-03, Len=sum([4.8, 4.6, 4.2])=13.5, ϰ=[4.9, 5.2, 4.6], ∫ϰ²/L>=[4.8, 6.1, 6.3], C-C-Sep=0.20, ║∇J║=8.9e-05
-----On 8/20 Initial Guess Perturbations
Iteration 4222/4500-----
J=1.2e-02, ⟨Jf⟩=1.2e-03, ⟨B·n⟩=8.4e-03, Len=sum([4.8, 4.6, 4.2])=13.5, ϰ=[4.9, 5.2, 4.6], ∫ϰ²/L>=[4.8, 6.1, 6.3], C-C-Sep=0.20, ║∇J║=1.4e-04
-----On 8/20 Initial Guess Perturbations
Iteration 4223/4500-----
J=1.2e-02, ⟨Jf⟩=1.2e-03, ⟨B·n⟩=8.4e-03, Len=sum([4.8, 4.6, 4.2])=13.5, ϰ=[4.9, 5.2, 4.6], ∫ϰ²/L>=[4.8, 6.1, 6.3], C-C-Sep=0.20, ║∇J║=7.0e-05
-----On 8/20 Initial Guess Perturbations
Iteration 4224/4500-----
J=1.2e-02, ⟨Jf⟩=1.2e-03, ⟨B·n⟩=8.4e-03, Len=sum([4.8, 4.6, 4.2])=13.5, ϰ=[4.9, 5.2, 4.6], ∫ϰ²/L>=[4.8, 6.1, 6.3], C-C-Sep=0.20, ║∇J║=5.9e-05
-----On 8/20 Initial Guess Perturbations
Iteration 4225/4500-----
J=1.2e-02, ⟨Jf⟩=1.2e-03, ⟨B·n⟩=8.4e-03, Len=sum([4.8, 4.6, 4.2])=13.5, ϰ=[4.9, 5.2, 4.6], ∫ϰ²/L>=[4.8, 6.1, 6.3], C-C-Sep=0.20, ║∇J║=4.2e-05
-----On 8/20 Initial Guess Perturbations
Iteration 4226/4500-----
J=1.2e-02, ⟨Jf⟩=1.2e-03, ⟨B·n⟩=8.4e-03, Len=sum([4.8, 4.6, 4.2])=13.5, ϰ=[4.9, 5.2, 4.6], ∫ϰ²/L>=[4.8, 6.1, 6.3], C-C-Sep=0.20, ║∇J║=4.1e-05
-----On 8/20 Initial Guess Perturbations
Iteration 4227/4500-----
J=1.2e-02, ⟨Jf⟩=1.2e-03, ⟨B·n⟩=8.4e-03, Len=sum([4.8, 4.6, 4.2])=13.5, ϰ=[4.9, 5.2, 4.6], ∫ϰ²/L>=[4.8, 6.1, 6.3], C-C-Sep=0.20, ║∇J║=6.5e-05
-----On 8/20 Initial Guess Perturbations
Iteration 4228/4500-----
J=1.2e-02, ⟨Jf⟩=1.2e-03, ⟨B·n⟩=8.4e-03, Len=sum([4.8, 4.6, 4.2])=13.5, ϰ=[4.9, 5.2, 4.6], ∫ϰ²/L>=[4.8, 6.1, 6.3], C-C-Sep=0.20, ║∇J║=4.8e-05
-----On 8/20 Initial Guess Perturbations
Iteration 4229/4500-----
J=1.2e-02, ⟨Jf⟩=1.2e-03, ⟨B·n⟩=8.4e-03, Len=sum([4.8, 4.6, 4.2])=13.5, ϰ=[4.9, 5.2, 4.6], ∫ϰ²/L>=[4.8, 6.1, 6.3], C-C-Sep=0.20, ║∇J║=7.9e-05
-----On 8/20 Initial Guess Perturbations
Iteration 4230/4500-----
J=1.2e-02, ⟨Jf⟩=1.2e-03, ⟨B·n⟩=8.4e-03, Len=sum([4.8, 4.6, 4.2])=13.5, ϰ=[4.9, 5.2, 4.6], ∫ϰ²/L>=[4.8, 6.1, 6.3], C-C-Sep=0.20, ║∇J║=3.8e-05
-----On 8/20 Initial Guess Perturbations
Iteration 4231/4500-----
J=1.2e-02, ⟨Jf⟩=1.2e-03, ⟨B·n⟩=8.4e-03, Len=sum([4.8, 4.6, 4.2])=13.5, ϰ=[4.9, 5.2, 4.6], ∫ϰ²/L>=[4.8, 6.1, 6.3], C-C-Sep=0.20, ║∇J║=2.3e-05
-----On 8/20 Initial Guess Perturbations
Iteration 4232/4500-----
J=1.2e-02, ⟨Jf⟩=1.2e-03, ⟨B·n⟩=8.4e-03, Len=sum([4.8, 4.6, 4.2])=13.5, ϰ=[4.9, 5.2, 4.6], ∫ϰ²/L>=[4.8, 6.1, 6.3], C-C-Sep=0.20, ║∇J║=2.7e-05
-----On 8/20 Initial Guess Perturbations
Iteration 4233/4500-----
J=1.2e-02, ⟨Jf⟩=1.2e-03, ⟨B·n⟩=8.4e-03, Len=sum([4.8, 4.6, 4.2])=13.5, ϰ=[4.9, 5.2, 4.6], ∫ϰ²/L>=[4.8, 6.1, 6.3], C-C-Sep=0.20, ║∇J║=3.8e-05
-----On 8/20 Initial Guess Perturbations
Iteration 4234/4500-----
J=1.2e-02, ⟨Jf⟩=1.2e-03, ⟨B·n⟩=8.4e-03, Len=sum([4.8, 4.6, 4.2])=13.5, ϰ=[4.9, 5.2, 4.6], ∫ϰ²/L>=[4.8, 6.1, 6.3], C-C-Sep=0.20, ║∇J║=2.9e-05
-----On 8/20 Initial Guess Perturbations
Iteration 4235/4500-----
J=1.2e-02, ⟨Jf⟩=1.2e-03, ⟨B·n⟩=8.4e-03, Len=sum([4.8, 4.6, 4.2])=13.5, ϰ=[4.9, 5.2, 4.6], ∫ϰ²/L>=[4.8, 6.1, 6.3], C-C-Sep=0.20, ║∇J║=2.0e-05
-----On 8/20 Initial Guess Perturbations
Iteration 4236/4500-----
J=1.2e-02, ⟨Jf⟩=1.2e-03, ⟨B·n⟩=8.4e-03, Len=sum([4.8, 4.6, 4.2])=13.5, ϰ=[4.9, 5.2, 4.6], ∫ϰ²/L>=[4.8, 6.1, 6.3], C-C-Sep=0.20, ║∇J║=2.3e-05
-----On 8/20 Initial Guess Perturbations
Iteration 4237/4500-----
J=1.2e-02, ⟨Jf⟩=1.2e-03, ⟨B·n⟩=8.4e-03, Len=sum([4.8, 4.6, 4.2])=13.5, ϰ=[4.9, 5.2, 4.6], ∫ϰ²/L>=[4.8, 6.1, 6.3], C-C-Sep=0.20, ║∇J║=3.7e-05
-----On 8/20 Initial Guess Perturbations
Iteration 4238/4500-----
J=1.2e-02, ⟨Jf⟩=1.2e-03, ⟨B·n⟩=8.4e-03, Len=sum([4.8, 4.6, 4.2])=13.5, ϰ=[4.9, 5.2, 4.6], ∫ϰ²/L>=[4.8, 6.1, 6.3], C-C-Sep=0.20, ║∇J║=2.3e-05
-----On 8/20 Initial Guess Perturbations
Iteration 4239/4500-----
J=1.2e-02, ⟨Jf⟩=1.2e-03, ⟨B·n⟩=8.4e-03, Len=sum([4.8, 4.6, 4.2])=13.5, ϰ=[4.9, 5.2, 4.6], ∫ϰ²/L>=[4.8, 6.1, 6.3], C-C-Sep=0.20, ║∇J║=1.9e-05
-----On 8/20 Initial Guess Perturbations
Iteration 4240/4500-----
J=1.2e-02, ⟨Jf⟩=1.2e-03, ⟨B·n⟩=8.4e-03, Len=sum([4.8, 4.6, 4.2])=13.5, ϰ=[4.9, 5.2, 4.6], ∫ϰ²/L>=[4.8, 6.1, 6.3], C-C-Sep=0.20, ║∇J║=2.1e-05
-----On 8/20 Initial Guess Perturbations
Iteration 4241/4500-----
J=1.2e-02, ⟨Jf⟩=1.2e-03, ⟨B·n⟩=8.4e-03, Len=sum([4.8, 4.6, 4.2])=13.5, ϰ=[4.9, 5.2, 4.6], ∫ϰ²/L>=[4.8, 6.1, 6.3], C-C-Sep=0.20, ║∇J║=3.3e-05
-----On 8/20 Initial Guess Perturbations
Iteration 4242/4500-----
J=1.2e-02, ⟨Jf⟩=1.2e-03, ⟨B·n⟩=8.4e-03, Len=sum([4.8, 4.6, 4.2])=13.5, ϰ=[4.9, 5.2, 4.6], ∫ϰ²/L>=[4.8, 6.1, 6.3], C-C-Sep=0.20, ║∇J║=2.2e-05
-----On 8/20 Initial Guess Perturbations
Iteration 4243/4500-----
J=1.2e-02, ⟨Jf⟩=1.2e-03, ⟨B·n⟩=8.4e-03, Len=sum([4.8, 4.6, 4.2])=13.5, ϰ=[4.9, 5.2, 4.6], ∫ϰ²/L>=[4.8, 6.1, 6.3], C-C-Sep=0.20, ║∇J║=1.7e-05
-----On 8/20 Initial Guess Perturbations
Iteration 4244/4500-----
J=1.2e-02, ⟨Jf⟩=1.2e-03, ⟨B·n⟩=8.4e-03, Len=sum([4.8, 4.6, 4.2])=13.5, ϰ=[4.9, 5.2, 4.6], ∫ϰ²/L>=[4.8, 6.1, 6.3], C-C-Sep=0.20, ║∇J║=1.9e-05
-----On 8/20 Initial Guess Perturbations
Iteration 4245/4500-----
J=1.2e-02, ⟨Jf⟩=1.2e-03, ⟨B·n⟩=8.4e-03, Len=sum([4.8, 4.6, 4.2])=13.5, ϰ=[4.9, 5.2, 4.6], ∫ϰ²/L>=[4.8, 6.1, 6.3], C-C-Sep=0.20, ║∇J║=2.5e-05
-----On 8/20 Initial Guess Perturbations
Iteration 4246/4500-----
J=1.2e-02, ⟨Jf⟩=1.2e-03, ⟨B·n⟩=8.4e-03, Len=sum([4.8, 4.6, 4.2])=13.5, ϰ=[4.9, 5.2, 4.6], ∫ϰ²/L>=[4.8, 6.1, 6.3], C-C-Sep=0.20, ║∇J║=2.0e-05
-----On 8/20 Initial Guess Perturbations
Iteration 4247/4500-----
J=1.2e-02, ⟨Jf⟩=1.2e-03, ⟨B·n⟩=8.4e-03, Len=sum([4.8, 4.6, 4.2])=13.5, ϰ=[4.9, 5.2, 4.6], ∫ϰ²/L>=[4.8, 6.1, 6.3], C-C-Sep=0.20, ║∇J║=2.0e-05
-----On 8/20 Initial Guess Perturbations
Iteration 4248/4500-----
J=1.2e-02, ⟨Jf⟩=1.2e-03, ⟨B·n⟩=8.4e-03, Len=sum([4.8, 4.6, 4.2])=13.5, ϰ=[4.9, 5.2, 4.6], ∫ϰ²/L>=[4.8, 6.1, 6.3], C-C-Sep=0.20, ║∇J║=1.6e-05
-----On 8/20 Initial Guess Perturbations
Iteration 4249/4500-----
J=1.2e-02, ⟨Jf⟩=1.2e-03, ⟨B·n⟩=8.4e-03, Len=sum([4.8, 4.6, 4.2])=13.5, ϰ=[4.9, 5.2, 4.6], ∫ϰ²/L>=[4.8, 6.1, 6.3], C-C-Sep=0.20, ║∇J║=1.5e-05
-----On 8/20 Initial Guess Perturbations
Iteration 4250/4500-----
J=1.2e-02, ⟨Jf⟩=1.2e-03, ⟨B·n⟩=8.4e-03, Len=sum([4.8, 4.6, 4.2])=13.5, ϰ=[4.9, 5.2, 4.6], ∫ϰ²/L>=[4.8, 6.1, 6.3], C-C-Sep=0.20, ║∇J║=1.9e-05
-----On 8/20 Initial Guess Perturbations
Iteration 4251/4500-----
J=1.2e-02, ⟨Jf⟩=1.2e-03, ⟨B·n⟩=8.4e-03, Len=sum([4.8, 4.6, 4.2])=13.5, ϰ=[4.9, 5.2, 4.6], ∫ϰ²/L>=[4.8, 6.1, 6.3], C-C-Sep=0.20, ║∇J║=1.9e-05
-----On 8/20 Initial Guess Perturbations
Iteration 4252/4500-----
J=1.2e-02, ⟨Jf⟩=1.2e-03, ⟨B·n⟩=8.4e-03, Len=sum([4.8, 4.6, 4.2])=13.5, ϰ=[4.9, 5.2, 4.6], ∫ϰ²/L>=[4.8, 6.1, 6.3], C-C-Sep=0.20, ║∇J║=1.4e-05
-----On 8/20 Initial Guess Perturbations
Iteration 4253/4500-----
J=1.2e-02, ⟨Jf⟩=1.2e-03, ⟨B·n⟩=8.4e-03, Len=sum([4.8, 4.6, 4.2])=13.5, ϰ=[4.9, 5.2, 4.6], ∫ϰ²/L>=[4.8, 6.1, 6.3], C-C-Sep=0.20, ║∇J║=1.3e-05
-----On 8/20 Initial Guess Perturbations
Iteration 4254/4500-----
J=1.2e-02, ⟨Jf⟩=1.2e-03, ⟨B·n⟩=8.4e-03, Len=sum([4.8, 4.6, 4.2])=13.5, ϰ=[4.9, 5.2, 4.6], ∫ϰ²/L>=[4.8, 6.1, 6.3], C-C-Sep=0.20, ║∇J║=1.8e-05
-----On 8/20 Initial Guess Perturbations
Iteration 4255/4500-----
J=1.2e-02, ⟨Jf⟩=1.2e-03, ⟨B·n⟩=8.4e-03, Len=sum([4.8, 4.6, 4.2])=13.5, ϰ=[4.9, 5.2, 4.6], ∫ϰ²/L>=[4.8, 6.1, 6.3], C-C-Sep=0.20, ║∇J║=1.3e-05
-----On 8/20 Initial Guess Perturbations
Iteration 4256/4500-----
J=1.2e-02, ⟨Jf⟩=1.2e-03, ⟨B·n⟩=8.4e-03, Len=sum([4.8, 4.6, 4.2])=13.5, ϰ=[4.9, 5.2, 4.6], ∫ϰ²/L>=[4.8, 6.1, 6.3], C-C-Sep=0.20, ║∇J║=1.3e-05
-----On 8/20 Initial Guess Perturbations
Iteration 4257/4500-----
J=1.2e-02, ⟨Jf⟩=1.2e-03, ⟨B·n⟩=8.4e-03, Len=sum([4.8, 4.6, 4.2])=13.5, ϰ=[4.9, 5.2, 4.6], ∫ϰ²/L>=[4.8, 6.1, 6.3], C-C-Sep=0.20, ║∇J║=1.6e-05
-----On 8/20 Initial Guess Perturbations
Iteration 4258/4500-----
J=1.2e-02, ⟨Jf⟩=1.2e-03, ⟨B·n⟩=8.4e-03, Len=sum([4.8, 4.6, 4.2])=13.5, ϰ=[4.9, 5.2, 4.6], ∫ϰ²/L>=[4.8, 6.1, 6.3], C-C-Sep=0.20, ║∇J║=9.0e-06
-----On 8/20 Initial Guess Perturbations
Iteration 4259/4500-----
J=1.2e-02, ⟨Jf⟩=1.2e-03, ⟨B·n⟩=8.4e-03, Len=sum([4.8, 4.6, 4.2])=13.5, ϰ=[4.9, 5.2, 4.6], ∫ϰ²/L>=[4.8, 6.1, 6.3], C-C-Sep=0.20, ║∇J║=9.2e-06
-----On 8/20 Initial Guess Perturbations
Iteration 4260/4500-----
J=1.2e-02, ⟨Jf⟩=1.2e-03, ⟨B·n⟩=8.4e-03, Len=sum([4.8, 4.6, 4.2])=13.5, ϰ=[4.9, 5.2, 4.6], ∫ϰ²/L>=[4.8, 6.1, 6.3], C-C-Sep=0.20, ║∇J║=1.0e-05
-----On 8/20 Initial Guess Perturbations
Iteration 4261/4500-----
J=1.2e-02, ⟨Jf⟩=1.2e-03, ⟨B·n⟩=8.4e-03, Len=sum([4.8, 4.6, 4.2])=13.5, ϰ=[4.9, 5.2, 4.6], ∫ϰ²/L>=[4.8, 6.1, 6.3], C-C-Sep=0.20, ║∇J║=1.3e-05
-----On 8/20 Initial Guess Perturbations
Iteration 4262/4500-----
J=1.2e-02, ⟨Jf⟩=1.2e-03, ⟨B·n⟩=8.4e-03, Len=sum([4.8, 4.6, 4.2])=13.5, ϰ=[4.9, 5.2, 4.6], ∫ϰ²/L>=[4.8, 6.1, 6.3], C-C-Sep=0.20, ║∇J║=1.3e-05
-----On 8/20 Initial Guess Perturbations
Iteration 4263/4500-----
J=1.2e-02, ⟨Jf⟩=1.2e-03, ⟨B·n⟩=8.4e-03, Len=sum([4.8, 4.6, 4.2])=13.5, ϰ=[4.9, 5.2, 4.6], ∫ϰ²/L>=[4.8, 6.1, 6.3], C-C-Sep=0.20, ║∇J║=9.1e-06
-----On 8/20 Initial Guess Perturbations
Iteration 4264/4500-----
J=1.2e-02, ⟨Jf⟩=1.2e-03, ⟨B·n⟩=8.4e-03, Len=sum([4.8, 4.6, 4.2])=13.5, ϰ=[4.9, 5.2, 4.6], ∫ϰ²/L>=[4.8, 6.1, 6.3], C-C-Sep=0.20, ║∇J║=1.0e-05
-----On 8/20 Initial Guess Perturbations
Iteration 4265/4500-----
J=1.2e-02, ⟨Jf⟩=1.2e-03, ⟨B·n⟩=8.4e-03, Len=sum([4.8, 4.6, 4.2])=13.5, ϰ=[4.9, 5.2, 4.6], ∫ϰ²/L>=[4.8, 6.1, 6.3], C-C-Sep=0.20, ║∇J║=1.3e-05
-----On 8/20 Initial Guess Perturbations
Iteration 4266/4500-----
J=1.2e-02, ⟨Jf⟩=1.2e-03, ⟨B·n⟩=8.4e-03, Len=sum([4.8, 4.6, 4.2])=13.5, ϰ=[4.9, 5.2, 4.6], ∫ϰ²/L>=[4.8, 6.1, 6.3], C-C-Sep=0.20, ║∇J║=8.1e-06
-----On 8/20 Initial Guess Perturbations
Iteration 4267/4500-----
J=1.2e-02, ⟨Jf⟩=1.2e-03, ⟨B·n⟩=8.4e-03, Len=sum([4.8, 4.6, 4.2])=13.5, ϰ=[4.9, 5.2, 4.6], ∫ϰ²/L>=[4.8, 6.1, 6.3], C-C-Sep=0.20, ║∇J║=7.7e-06
-----On 8/20 Initial Guess Perturbations
Iteration 4268/4500-----
J=1.2e-02, ⟨Jf⟩=1.2e-03, ⟨B·n⟩=8.4e-03, Len=sum([4.8, 4.6, 4.2])=13.5, ϰ=[4.9, 5.2, 4.6], ∫ϰ²/L>=[4.8, 6.1, 6.3], C-C-Sep=0.20, ║∇J║=8.8e-06
-----On 8/20 Initial Guess Perturbations
Iteration 4269/4500-----
J=1.2e-02, ⟨Jf⟩=1.2e-03, ⟨B·n⟩=8.4e-03, Len=sum([4.8, 4.6, 4.2])=13.5, ϰ=[4.9, 5.2, 4.6], ∫ϰ²/L>=[4.8, 6.1, 6.3], C-C-Sep=0.20, ║∇J║=8.3e-06
-----On 8/20 Initial Guess Perturbations
Iteration 4270/4500-----
J=1.2e-02, ⟨Jf⟩=1.2e-03, ⟨B·n⟩=8.4e-03, Len=sum([4.8, 4.6, 4.2])=13.5, ϰ=[4.9, 5.2, 4.6], ∫ϰ²/L>=[4.8, 6.1, 6.3], C-C-Sep=0.20, ║∇J║=1.1e-05
-----On 8/20 Initial Guess Perturbations
Iteration 4271/4500-----
J=1.2e-02, ⟨Jf⟩=1.2e-03, ⟨B·n⟩=8.4e-03, Len=sum([4.8, 4.6, 4.2])=13.5, ϰ=[4.9, 5.2, 4.6], ∫ϰ²/L>=[4.8, 6.1, 6.3], C-C-Sep=0.20, ║∇J║=7.7e-06
-----On 8/20 Initial Guess Perturbations
Iteration 4272/4500-----
J=1.2e-02, ⟨Jf⟩=1.2e-03, ⟨B·n⟩=8.4e-03, Len=sum([4.8, 4.6, 4.2])=13.5, ϰ=[4.9, 5.2, 4.6], ∫ϰ²/L>=[4.8, 6.1, 6.3], C-C-Sep=0.20, ║∇J║=7.1e-06
-----On 8/20 Initial Guess Perturbations
Iteration 4273/4500-----
J=1.2e-02, ⟨Jf⟩=1.2e-03, ⟨B·n⟩=8.4e-03, Len=sum([4.8, 4.6, 4.2])=13.5, ϰ=[4.9, 5.2, 4.6], ∫ϰ²/L>=[4.8, 6.1, 6.3], C-C-Sep=0.20, ║∇J║=8.7e-06
-----On 8/20 Initial Guess Perturbations
Iteration 4274/4500-----
J=1.2e-02, ⟨Jf⟩=1.2e-03, ⟨B·n⟩=8.4e-03, Len=sum([4.8, 4.6, 4.2])=13.5, ϰ=[4.9, 5.2, 4.6], ∫ϰ²/L>=[4.8, 6.1, 6.3], C-C-Sep=0.20, ║∇J║=5.7e-06
-----On 8/20 Initial Guess Perturbations
Iteration 4275/4500-----
J=1.2e-02, ⟨Jf⟩=1.2e-03, ⟨B·n⟩=8.4e-03, Len=sum([4.8, 4.6, 4.2])=13.5, ϰ=[4.9, 5.2, 4.6], ∫ϰ²/L>=[4.8, 6.1, 6.3], C-C-Sep=0.20, ║∇J║=5.2e-06
-----On 8/20 Initial Guess Perturbations
Iteration 4276/4500-----
J=1.2e-02, ⟨Jf⟩=1.2e-03, ⟨B·n⟩=8.4e-03, Len=sum([4.8, 4.6, 4.2])=13.5, ϰ=[4.9, 5.2, 4.6], ∫ϰ²/L>=[4.8, 6.1, 6.3], C-C-Sep=0.20, ║∇J║=7.9e-06
-----On 8/20 Initial Guess Perturbations
Iteration 4277/4500-----
J=1.2e-02, ⟨Jf⟩=1.2e-03, ⟨B·n⟩=8.4e-03, Len=sum([4.8, 4.6, 4.2])=13.5, ϰ=[4.9, 5.2, 4.6], ∫ϰ²/L>=[4.8, 6.1, 6.3], C-C-Sep=0.20, ║∇J║=8.3e-06
-----On 8/20 Initial Guess Perturbations
Iteration 4278/4500-----
J=1.2e-02, ⟨Jf⟩=1.2e-03, ⟨B·n⟩=8.4e-03, Len=sum([4.8, 4.6, 4.2])=13.5, ϰ=[4.9, 5.2, 4.6], ∫ϰ²/L>=[4.8, 6.1, 6.3], C-C-Sep=0.20, ║∇J║=5.4e-06
-----On 8/20 Initial Guess Perturbations
Iteration 4279/4500-----
J=1.2e-02, ⟨Jf⟩=1.2e-03, ⟨B·n⟩=8.4e-03, Len=sum([4.8, 4.6, 4.2])=13.5, ϰ=[4.9, 5.2, 4.6], ∫ϰ²/L>=[4.8, 6.1, 6.3], C-C-Sep=0.20, ║∇J║=5.0e-06
-----On 8/20 Initial Guess Perturbations
Iteration 4280/4500-----
J=1.2e-02, ⟨Jf⟩=1.2e-03, ⟨B·n⟩=8.4e-03, Len=sum([4.8, 4.6, 4.2])=13.5, ϰ=[4.9, 5.2, 4.6], ∫ϰ²/L>=[4.8, 6.1, 6.3], C-C-Sep=0.20, ║∇J║=5.7e-06
-----On 8/20 Initial Guess Perturbations
Iteration 4281/4500-----
J=1.2e-02, ⟨Jf⟩=1.2e-03, ⟨B·n⟩=8.4e-03, Len=sum([4.8, 4.6, 4.2])=13.5, ϰ=[4.9, 5.2, 4.6], ∫ϰ²/L>=[4.8, 6.1, 6.3], C-C-Sep=0.20, ║∇J║=1.3e-05
-----On 8/20 Initial Guess Perturbations
Iteration 4282/4500-----
J=1.2e-02, ⟨Jf⟩=1.2e-03, ⟨B·n⟩=8.4e-03, Len=sum([4.8, 4.6, 4.2])=13.5, ϰ=[4.9, 5.2, 4.6], ∫ϰ²/L>=[4.8, 6.1, 6.3], C-C-Sep=0.20, ║∇J║=5.5e-06
-----On 8/20 Initial Guess Perturbations
Iteration 4283/4500-----
J=1.2e-02, ⟨Jf⟩=1.2e-03, ⟨B·n⟩=8.4e-03, Len=sum([4.8, 4.6, 4.2])=13.5, ϰ=[4.9, 5.2, 4.6], ∫ϰ²/L>=[4.8, 6.1, 6.3], C-C-Sep=0.20, ║∇J║=4.3e-06
-----On 8/20 Initial Guess Perturbations
Iteration 4284/4500-----
J=1.2e-02, ⟨Jf⟩=1.2e-03, ⟨B·n⟩=8.4e-03, Len=sum([4.8, 4.6, 4.2])=13.5, ϰ=[4.9, 5.2, 4.6], ∫ϰ²/L>=[4.8, 6.1, 6.3], C-C-Sep=0.20, ║∇J║=4.9e-06
-----On 8/20 Initial Guess Perturbations
Iteration 4285/4500-----
J=1.2e-02, ⟨Jf⟩=1.2e-03, ⟨B·n⟩=8.4e-03, Len=sum([4.8, 4.6, 4.2])=13.5, ϰ=[4.9, 5.2, 4.6], ∫ϰ²/L>=[4.8, 6.1, 6.3], C-C-Sep=0.20, ║∇J║=8.3e-06
-----On 8/20 Initial Guess Perturbations
Iteration 4286/4500-----
J=1.2e-02, ⟨Jf⟩=1.2e-03, ⟨B·n⟩=8.4e-03, Len=sum([4.8, 4.6, 4.2])=13.5, ϰ=[4.9, 5.2, 4.6], ∫ϰ²/L>=[4.8, 6.1, 6.3], C-C-Sep=0.20, ║∇J║=4.3e-06
-----On 8/20 Initial Guess Perturbations
Iteration 4287/4500-----
J=1.2e-02, ⟨Jf⟩=1.2e-03, ⟨B·n⟩=8.4e-03, Len=sum([4.8, 4.6, 4.2])=13.5, ϰ=[4.9, 5.2, 4.6], ∫ϰ²/L>=[4.8, 6.1, 6.3], C-C-Sep=0.20, ║∇J║=3.1e-06
-----On 8/20 Initial Guess Perturbations
Iteration 4288/4500-----
J=1.2e-02, ⟨Jf⟩=1.2e-03, ⟨B·n⟩=8.4e-03, Len=sum([4.8, 4.6, 4.2])=13.5, ϰ=[4.9, 5.2, 4.6], ∫ϰ²/L>=[4.8, 6.1, 6.3], C-C-Sep=0.20, ║∇J║=3.6e-06
-----On 8/20 Initial Guess Perturbations
Iteration 4289/4500-----
J=1.2e-02, ⟨Jf⟩=1.2e-03, ⟨B·n⟩=8.4e-03, Len=sum([4.8, 4.6, 4.2])=13.5, ϰ=[4.9, 5.2, 4.6], ∫ϰ²/L>=[4.8, 6.1, 6.3], C-C-Sep=0.20, ║∇J║=4.0e-06
-----On 8/20 Initial Guess Perturbations
Iteration 4290/4500-----
J=1.2e-02, ⟨Jf⟩=1.2e-03, ⟨B·n⟩=8.4e-03, Len=sum([4.8, 4.6, 4.2])=13.5, ϰ=[4.9, 5.2, 4.6], ∫ϰ²/L>=[4.8, 6.1, 6.3], C-C-Sep=0.20, ║∇J║=1.1e-05
-----On 8/20 Initial Guess Perturbations
Iteration 4291/4500-----
J=1.2e-02, ⟨Jf⟩=1.2e-03, ⟨B·n⟩=8.4e-03, Len=sum([4.8, 4.6, 4.2])=13.5, ϰ=[4.9, 5.2, 4.6], ∫ϰ²/L>=[4.8, 6.1, 6.3], C-C-Sep=0.20, ║∇J║=3.6e-06
-----On 8/20 Initial Guess Perturbations
Iteration 4292/4500-----
J=1.2e-02, ⟨Jf⟩=1.2e-03, ⟨B·n⟩=8.4e-03, Len=sum([4.8, 4.6, 4.2])=13.5, ϰ=[4.9, 5.2, 4.6], ∫ϰ²/L>=[4.8, 6.1, 6.3], C-C-Sep=0.20, ║∇J║=2.6e-06
-----On 8/20 Initial Guess Perturbations
Iteration 4293/4500-----
J=1.2e-02, ⟨Jf⟩=1.2e-03, ⟨B·n⟩=8.4e-03, Len=sum([4.8, 4.6, 4.2])=13.5, ϰ=[4.9, 5.2, 4.6], ∫ϰ²/L>=[4.8, 6.1, 6.3], C-C-Sep=0.20, ║∇J║=3.0e-06
-----On 8/20 Initial Guess Perturbations
Iteration 4294/4500-----
J=1.2e-02, ⟨Jf⟩=1.2e-03, ⟨B·n⟩=8.4e-03, Len=sum([4.8, 4.6, 4.2])=13.5, ϰ=[4.9, 5.2, 4.6], ∫ϰ²/L>=[4.8, 6.1, 6.3], C-C-Sep=0.20, ║∇J║=5.3e-06
-----On 8/20 Initial Guess Perturbations
Iteration 4295/4500-----
J=1.2e-02, ⟨Jf⟩=1.2e-03, ⟨B·n⟩=8.4e-03, Len=sum([4.8, 4.6, 4.2])=13.5, ϰ=[4.9, 5.2, 4.6], ∫ϰ²/L>=[4.8, 6.1, 6.3], C-C-Sep=0.20, ║∇J║=3.0e-06
-----On 8/20 Initial Guess Perturbations
Iteration 4296/4500-----
J=1.2e-02, ⟨Jf⟩=1.2e-03, ⟨B·n⟩=8.4e-03, Len=sum([4.8, 4.6, 4.2])=13.5, ϰ=[4.9, 5.2, 4.6], ∫ϰ²/L>=[4.8, 6.1, 6.3], C-C-Sep=0.20, ║∇J║=2.1e-06
-----On 8/20 Initial Guess Perturbations
Iteration 4297/4500-----
J=1.2e-02, ⟨Jf⟩=1.2e-03, ⟨B·n⟩=8.4e-03, Len=sum([4.8, 4.6, 4.2])=13.5, ϰ=[4.9, 5.2, 4.6], ∫ϰ²/L>=[4.8, 6.1, 6.3], C-C-Sep=0.20, ║∇J║=2.4e-06
-----On 8/20 Initial Guess Perturbations
Iteration 4298/4500-----
J=1.2e-02, ⟨Jf⟩=1.2e-03, ⟨B·n⟩=8.4e-03, Len=sum([4.8, 4.6, 4.2])=13.5, ϰ=[4.9, 5.2, 4.6], ∫ϰ²/L>=[4.8, 6.1, 6.3], C-C-Sep=0.20, ║∇J║=5.7e-06
-----On 8/20 Initial Guess Perturbations
Iteration 4299/4500-----
J=1.2e-02, ⟨Jf⟩=1.2e-03, ⟨B·n⟩=8.4e-03, Len=sum([4.8, 4.6, 4.2])=13.5, ϰ=[4.9, 5.2, 4.6], ∫ϰ²/L>=[4.8, 6.1, 6.3], C-C-Sep=0.20, ║∇J║=2.2e-06
-----On 8/20 Initial Guess Perturbations
Iteration 4300/4500-----
J=1.2e-02, ⟨Jf⟩=1.2e-03, ⟨B·n⟩=8.4e-03, Len=sum([4.8, 4.6, 4.2])=13.5, ϰ=[4.9, 5.2, 4.6], ∫ϰ²/L>=[4.8, 6.1, 6.3], C-C-Sep=0.20, ║∇J║=1.9e-06
-----On 8/20 Initial Guess Perturbations
Iteration 4301/4500-----
J=1.2e-02, ⟨Jf⟩=1.2e-03, ⟨B·n⟩=8.4e-03, Len=sum([4.8, 4.6, 4.2])=13.5, ϰ=[4.9, 5.2, 4.6], ∫ϰ²/L>=[4.8, 6.1, 6.3], C-C-Sep=0.20, ║∇J║=2.1e-06
-----On 8/20 Initial Guess Perturbations
Iteration 4302/4500-----
J=1.2e-02, ⟨Jf⟩=1.2e-03, ⟨B·n⟩=8.4e-03, Len=sum([4.8, 4.6, 4.2])=13.5, ϰ=[4.9, 5.2, 4.6], ∫ϰ²/L>=[4.8, 6.1, 6.3], C-C-Sep=0.20, ║∇J║=3.6e-06
-----On 8/20 Initial Guess Perturbations
Iteration 4303/4500-----
J=1.2e-02, ⟨Jf⟩=1.2e-03, ⟨B·n⟩=8.4e-03, Len=sum([4.8, 4.6, 4.2])=13.5, ϰ=[4.9, 5.2, 4.6], ∫ϰ²/L>=[4.8, 6.1, 6.3], C-C-Sep=0.20, ║∇J║=2.0e-06
-----On 8/20 Initial Guess Perturbations
Iteration 4304/4500-----
J=1.2e-02, ⟨Jf⟩=1.2e-03, ⟨B·n⟩=8.4e-03, Len=sum([4.8, 4.6, 4.2])=13.5, ϰ=[4.9, 5.2, 4.6], ∫ϰ²/L>=[4.8, 6.1, 6.3], C-C-Sep=0.20, ║∇J║=1.8e-06
-----On 8/20 Initial Guess Perturbations
Iteration 4305/4500-----
J=1.2e-02, ⟨Jf⟩=1.2e-03, ⟨B·n⟩=8.4e-03, Len=sum([4.8, 4.6, 4.2])=13.5, ϰ=[4.9, 5.2, 4.6], ∫ϰ²/L>=[4.8, 6.1, 6.3], C-C-Sep=0.20, ║∇J║=3.3e-06
-----On 8/20 Initial Guess Perturbations
Iteration 4306/4500-----
J=1.2e-02, ⟨Jf⟩=1.2e-03, ⟨B·n⟩=8.4e-03, Len=sum([4.8, 4.6, 4.2])=13.5, ϰ=[4.9, 5.2, 4.6], ∫ϰ²/L>=[4.8, 6.1, 6.3], C-C-Sep=0.20, ║∇J║=1.7e-06
-----On 8/20 Initial Guess Perturbations
Iteration 4307/4500-----
J=1.2e-02, ⟨Jf⟩=1.2e-03, ⟨B·n⟩=8.4e-03, Len=sum([4.8, 4.6, 4.2])=13.5, ϰ=[4.9, 5.2, 4.6], ∫ϰ²/L>=[4.8, 6.1, 6.3], C-C-Sep=0.20, ║∇J║=1.5e-06
-----On 8/20 Initial Guess Perturbations
Iteration 4308/4500-----
J=1.2e-02, ⟨Jf⟩=1.2e-03, ⟨B·n⟩=8.4e-03, Len=sum([4.8, 4.6, 4.2])=13.5, ϰ=[4.9, 5.2, 4.6], ∫ϰ²/L>=[4.8, 6.1, 6.3], C-C-Sep=0.20, ║∇J║=1.8e-06
-----On 8/20 Initial Guess Perturbations
Iteration 4309/4500-----
J=1.2e-02, ⟨Jf⟩=1.2e-03, ⟨B·n⟩=8.4e-03, Len=sum([4.8, 4.6, 4.2])=13.5, ϰ=[4.9, 5.2, 4.6], ∫ϰ²/L>=[4.8, 6.1, 6.3], C-C-Sep=0.20, ║∇J║=2.4e-06
-----On 8/20 Initial Guess Perturbations
Iteration 4310/4500-----
J=1.2e-02, ⟨Jf⟩=1.2e-03, ⟨B·n⟩=8.4e-03, Len=sum([4.8, 4.6, 4.2])=13.5, ϰ=[4.9, 5.2, 4.6], ∫ϰ²/L>=[4.8, 6.1, 6.3], C-C-Sep=0.20, ║∇J║=2.6e-06
-----On 8/20 Initial Guess Perturbations
Iteration 4311/4500-----
J=1.2e-02, ⟨Jf⟩=1.2e-03, ⟨B·n⟩=8.4e-03, Len=sum([4.8, 4.6, 4.2])=13.5, ϰ=[4.9, 5.2, 4.6], ∫ϰ²/L>=[4.8, 6.1, 6.3], C-C-Sep=0.20, ║∇J║=1.2e-06
-----On 8/20 Initial Guess Perturbations
Iteration 4312/4500-----
J=1.2e-02, ⟨Jf⟩=1.2e-03, ⟨B·n⟩=8.4e-03, Len=sum([4.8, 4.6, 4.2])=13.5, ϰ=[4.9, 5.2, 4.6], ∫ϰ²/L>=[4.8, 6.1, 6.3], C-C-Sep=0.20, ║∇J║=1.3e-06
-----On 8/20 Initial Guess Perturbations
Iteration 4313/4500-----
J=1.2e-02, ⟨Jf⟩=1.2e-03, ⟨B·n⟩=8.4e-03, Len=sum([4.8, 4.6, 4.2])=13.5, ϰ=[4.9, 5.2, 4.6], ∫ϰ²/L>=[4.8, 6.1, 6.3], C-C-Sep=0.20, ║∇J║=1.3e-06
-----On 8/20 Initial Guess Perturbations
Iteration 4314/4500-----
J=1.2e-02, ⟨Jf⟩=1.2e-03, ⟨B·n⟩=8.4e-03, Len=sum([4.8, 4.6, 4.2])=13.5, ϰ=[4.9, 5.2, 4.6], ∫ϰ²/L>=[4.8, 6.1, 6.3], C-C-Sep=0.20, ║∇J║=1.7e-06
-----On 8/20 Initial Guess Perturbations
Iteration 4315/4500-----
J=1.2e-02, ⟨Jf⟩=1.2e-03, ⟨B·n⟩=8.4e-03, Len=sum([4.8, 4.6, 4.2])=13.5, ϰ=[4.9, 5.2, 4.6], ∫ϰ²/L>=[4.8, 6.1, 6.3], C-C-Sep=0.20, ║∇J║=1.9e-06
-----On 8/20 Initial Guess Perturbations
Iteration 4316/4500-----
J=1.2e-02, ⟨Jf⟩=1.2e-03, ⟨B·n⟩=8.4e-03, Len=sum([4.8, 4.6, 4.2])=13.5, ϰ=[4.9, 5.2, 4.6], ∫ϰ²/L>=[4.8, 6.1, 6.3], C-C-Sep=0.20, ║∇J║=7.9e-07
-----On 8/20 Initial Guess Perturbations
Iteration 4317/4500-----
J=1.2e-02, ⟨Jf⟩=1.2e-03, ⟨B·n⟩=8.4e-03, Len=sum([4.8, 4.6, 4.2])=13.5, ϰ=[4.9, 5.2, 4.6], ∫ϰ²/L>=[4.8, 6.1, 6.3], C-C-Sep=0.20, ║∇J║=7.8e-07
-----On 8/20 Initial Guess Perturbations
Iteration 4318/4500-----
J=1.2e-02, ⟨Jf⟩=1.2e-03, ⟨B·n⟩=8.4e-03, Len=sum([4.8, 4.6, 4.2])=13.5, ϰ=[4.9, 5.2, 4.6], ∫ϰ²/L>=[4.8, 6.1, 6.3], C-C-Sep=0.20, ║∇J║=1.1e-06
-----On 8/20 Initial Guess Perturbations
Iteration 4319/4500-----
J=1.2e-02, ⟨Jf⟩=1.2e-03, ⟨B·n⟩=8.4e-03, Len=sum([4.8, 4.6, 4.2])=13.5, ϰ=[4.9, 5.2, 4.6], ∫ϰ²/L>=[4.8, 6.1, 6.3], C-C-Sep=0.20, ║∇J║=2.0e-06
-----On 8/20 Initial Guess Perturbations
Iteration 4320/4500-----
J=1.2e-02, ⟨Jf⟩=1.2e-03, ⟨B·n⟩=8.4e-03, Len=sum([4.8, 4.6, 4.2])=13.5, ϰ=[4.9, 5.2, 4.6], ∫ϰ²/L>=[4.8, 6.1, 6.3], C-C-Sep=0.20, ║∇J║=8.3e-07
-----On 8/20 Initial Guess Perturbations
Iteration 4321/4500-----
J=1.2e-02, ⟨Jf⟩=1.2e-03, ⟨B·n⟩=8.4e-03, Len=sum([4.8, 4.6, 4.2])=13.5, ϰ=[4.9, 5.2, 4.6], ∫ϰ²/L>=[4.8, 6.1, 6.3], C-C-Sep=0.20, ║∇J║=8.6e-07
-----On 8/20 Initial Guess Perturbations
Iteration 4322/4500-----
J=1.2e-02, ⟨Jf⟩=1.2e-03, ⟨B·n⟩=8.4e-03, Len=sum([4.8, 4.6, 4.2])=13.5, ϰ=[4.9, 5.2, 4.6], ∫ϰ²/L>=[4.8, 6.1, 6.3], C-C-Sep=0.20, ║∇J║=9.5e-07
-----On 8/20 Initial Guess Perturbations
Iteration 4323/4500-----
J=1.2e-02, ⟨Jf⟩=1.2e-03, ⟨B·n⟩=8.4e-03, Len=sum([4.8, 4.6, 4.2])=13.5, ϰ=[4.9, 5.2, 4.6], ∫ϰ²/L>=[4.8, 6.1, 6.3], C-C-Sep=0.20, ║∇J║=9.6e-07
-----On 8/20 Initial Guess Perturbations
Iteration 4324/4500-----
J=1.2e-02, ⟨Jf⟩=1.2e-03, ⟨B·n⟩=8.4e-03, Len=sum([4.8, 4.6, 4.2])=13.5, ϰ=[4.9, 5.2, 4.6], ∫ϰ²/L>=[4.8, 6.1, 6.3], C-C-Sep=0.20, ║∇J║=1.7e-06
-----On 8/20 Initial Guess Perturbations
Iteration 4325/4500-----
J=1.2e-02, ⟨Jf⟩=1.2e-03, ⟨B·n⟩=8.4e-03, Len=sum([4.8, 4.6, 4.2])=13.5, ϰ=[4.9, 5.2, 4.6], ∫ϰ²/L>=[4.8, 6.1, 6.3], C-C-Sep=0.20, ║∇J║=8.9e-07
-----On 8/20 Initial Guess Perturbations
Iteration 4326/4500-----
J=1.2e-02, ⟨Jf⟩=1.2e-03, ⟨B·n⟩=8.4e-03, Len=sum([4.8, 4.6, 4.2])=13.5, ϰ=[4.9, 5.2, 4.6], ∫ϰ²/L>=[4.8, 6.1, 6.3], C-C-Sep=0.20, ║∇J║=6.5e-07
-----On 8/20 Initial Guess Perturbations
Iteration 4327/4500-----
J=1.2e-02, ⟨Jf⟩=1.2e-03, ⟨B·n⟩=8.4e-03, Len=sum([4.8, 4.6, 4.2])=13.5, ϰ=[4.9, 5.2, 4.6], ∫ϰ²/L>=[4.8, 6.1, 6.3], C-C-Sep=0.20, ║∇J║=6.4e-07
-----On 8/20 Initial Guess Perturbations
Iteration 4328/4500-----
J=1.2e-02, ⟨Jf⟩=1.2e-03, ⟨B·n⟩=8.4e-03, Len=sum([4.8, 4.6, 4.2])=13.5, ϰ=[4.9, 5.2, 4.6], ∫ϰ²/L>=[4.8, 6.1, 6.3], C-C-Sep=0.20, ║∇J║=1.2e-06
-----On 8/20 Initial Guess Perturbations
Iteration 4329/4500-----
J=1.2e-02, ⟨Jf⟩=1.2e-03, ⟨B·n⟩=8.4e-03, Len=sum([4.8, 4.6, 4.2])=13.5, ϰ=[4.9, 5.2, 4.6], ∫ϰ²/L>=[4.8, 6.1, 6.3], C-C-Sep=0.20, ║∇J║=6.7e-07
-----On 8/20 Initial Guess Perturbations
Iteration 4330/4500-----
J=1.2e-02, ⟨Jf⟩=1.2e-03, ⟨B·n⟩=8.4e-03, Len=sum([4.8, 4.6, 4.2])=13.5, ϰ=[4.9, 5.2, 4.6], ∫ϰ²/L>=[4.8, 6.1, 6.3], C-C-Sep=0.20, ║∇J║=4.4e-07
-----On 8/20 Initial Guess Perturbations
Iteration 4331/4500-----
J=1.2e-02, ⟨Jf⟩=1.2e-03, ⟨B·n⟩=8.4e-03, Len=sum([4.8, 4.6, 4.2])=13.5, ϰ=[4.9, 5.2, 4.6], ∫ϰ²/L>=[4.8, 6.1, 6.3], C-C-Sep=0.20, ║∇J║=4.4e-07
-----On 8/20 Initial Guess Perturbations
Iteration 4332/4500-----
J=1.2e-02, ⟨Jf⟩=1.2e-03, ⟨B·n⟩=8.4e-03, Len=sum([4.8, 4.6, 4.2])=13.5, ϰ=[4.9, 5.2, 4.6], ∫ϰ²/L>=[4.8, 6.1, 6.3], C-C-Sep=0.20, ║∇J║=8.7e-07
-----On 8/20 Initial Guess Perturbations
Iteration 4333/4500-----
J=1.2e-02, ⟨Jf⟩=1.2e-03, ⟨B·n⟩=8.4e-03, Len=sum([4.8, 4.6, 4.2])=13.5, ϰ=[4.9, 5.2, 4.6], ∫ϰ²/L>=[4.8, 6.1, 6.3], C-C-Sep=0.20, ║∇J║=4.9e-07
-----On 8/20 Initial Guess Perturbations
Iteration 4334/4500-----
J=1.2e-02, ⟨Jf⟩=1.2e-03, ⟨B·n⟩=8.4e-03, Len=sum([4.8, 4.6, 4.2])=13.5, ϰ=[4.9, 5.2, 4.6], ∫ϰ²/L>=[4.8, 6.1, 6.3], C-C-Sep=0.20, ║∇J║=4.3e-07
-----On 8/20 Initial Guess Perturbations
Iteration 4335/4500-----
J=1.2e-02, ⟨Jf⟩=1.2e-03, ⟨B·n⟩=8.4e-03, Len=sum([4.8, 4.6, 4.2])=13.5, ϰ=[4.9, 5.2, 4.6], ∫ϰ²/L>=[4.8, 6.1, 6.3], C-C-Sep=0.20, ║∇J║=5.2e-07
-----On 8/20 Initial Guess Perturbations
Iteration 4336/4500-----
J=1.2e-02, ⟨Jf⟩=1.2e-03, ⟨B·n⟩=8.4e-03, Len=sum([4.8, 4.6, 4.2])=13.5, ϰ=[4.9, 5.2, 4.6], ∫ϰ²/L>=[4.8, 6.1, 6.3], C-C-Sep=0.20, ║∇J║=7.1e-07
-----On 8/20 Initial Guess Perturbations
Iteration 4337/4500-----
J=1.2e-02, ⟨Jf⟩=1.2e-03, ⟨B·n⟩=8.4e-03, Len=sum([4.8, 4.6, 4.2])=13.5, ϰ=[4.9, 5.2, 4.6], ∫ϰ²/L>=[4.8, 6.1, 6.3], C-C-Sep=0.20, ║∇J║=3.8e-07
-----On 8/20 Initial Guess Perturbations
Iteration 4338/4500-----
J=1.2e-02, ⟨Jf⟩=1.2e-03, ⟨B·n⟩=8.4e-03, Len=sum([4.8, 4.6, 4.2])=13.5, ϰ=[4.9, 5.2, 4.6], ∫ϰ²/L>=[4.8, 6.1, 6.3], C-C-Sep=0.20, ║∇J║=3.4e-07
-----On 8/20 Initial Guess Perturbations
Iteration 4339/4500-----
J=1.2e-02, ⟨Jf⟩=1.2e-03, ⟨B·n⟩=8.4e-03, Len=sum([4.8, 4.6, 4.2])=13.5, ϰ=[4.9, 5.2, 4.6], ∫ϰ²/L>=[4.8, 6.1, 6.3], C-C-Sep=0.20, ║∇J║=3.6e-07
-----On 8/20 Initial Guess Perturbations
Iteration 4340/4500-----
J=1.2e-02, ⟨Jf⟩=1.2e-03, ⟨B·n⟩=8.4e-03, Len=sum([4.8, 4.6, 4.2])=13.5, ϰ=[4.9, 5.2, 4.6], ∫ϰ²/L>=[4.8, 6.1, 6.3], C-C-Sep=0.20, ║∇J║=6.5e-07
-----On 8/20 Initial Guess Perturbations
Iteration 4341/4500-----
J=1.2e-02, ⟨Jf⟩=1.2e-03, ⟨B·n⟩=8.4e-03, Len=sum([4.8, 4.6, 4.2])=13.5, ϰ=[4.9, 5.2, 4.6], ∫ϰ²/L>=[4.8, 6.1, 6.3], C-C-Sep=0.20, ║∇J║=2.7e-07
-----On 8/20 Initial Guess Perturbations
Iteration 4342/4500-----
J=1.2e-02, ⟨Jf⟩=1.2e-03, ⟨B·n⟩=8.4e-03, Len=sum([4.8, 4.6, 4.2])=13.5, ϰ=[4.9, 5.2, 4.6], ∫ϰ²/L>=[4.8, 6.1, 6.3], C-C-Sep=0.20, ║∇J║=3.2e-07
-----On 8/20 Initial Guess Perturbations
Iteration 4343/4500-----
J=1.2e-02, ⟨Jf⟩=1.2e-03, ⟨B·n⟩=8.4e-03, Len=sum([4.8, 4.6, 4.2])=13.5, ϰ=[4.9, 5.2, 4.6], ∫ϰ²/L>=[4.8, 6.1, 6.3], C-C-Sep=0.20, ║∇J║=3.7e-07
-----On 8/20 Initial Guess Perturbations
Iteration 4344/4500-----
J=1.2e-02, ⟨Jf⟩=1.2e-03, ⟨B·n⟩=8.4e-03, Len=sum([4.8, 4.6, 4.2])=13.5, ϰ=[4.9, 5.2, 4.6], ∫ϰ²/L>=[4.8, 6.1, 6.3], C-C-Sep=0.20, ║∇J║=4.0e-07
-----On 8/20 Initial Guess Perturbations
Iteration 4345/4500-----
J=1.2e-02, ⟨Jf⟩=1.2e-03, ⟨B·n⟩=8.4e-03, Len=sum([4.8, 4.6, 4.2])=13.5, ϰ=[4.9, 5.2, 4.6], ∫ϰ²/L>=[4.8, 6.1, 6.3], C-C-Sep=0.20, ║∇J║=8.4e-07
-----On 8/20 Initial Guess Perturbations
Iteration 4346/4500-----
J=1.2e-02, ⟨Jf⟩=1.2e-03, ⟨B·n⟩=8.4e-03, Len=sum([4.8, 4.6, 4.2])=13.5, ϰ=[4.9, 5.2, 4.6], ∫ϰ²/L>=[4.8, 6.1, 6.3], C-C-Sep=0.20, ║∇J║=4.4e-07
-----On 8/20 Initial Guess Perturbations
Iteration 4347/4500-----
J=1.2e-02, ⟨Jf⟩=1.2e-03, ⟨B·n⟩=8.4e-03, Len=sum([4.8, 4.6, 4.2])=13.5, ϰ=[4.9, 5.2, 4.6], ∫ϰ²/L>=[4.8, 6.1, 6.3], C-C-Sep=0.20, ║∇J║=2.0e-07
-----On 8/20 Initial Guess Perturbations
Iteration 4348/4500-----
J=1.2e-02, ⟨Jf⟩=1.2e-03, ⟨B·n⟩=8.4e-03, Len=sum([4.8, 4.6, 4.2])=13.5, ϰ=[4.9, 5.2, 4.6], ∫ϰ²/L>=[4.8, 6.1, 6.3], C-C-Sep=0.20, ║∇J║=2.1e-07
-----On 8/20 Initial Guess Perturbations
Iteration 4349/4500-----
J=1.2e-02, ⟨Jf⟩=1.2e-03, ⟨B·n⟩=8.4e-03, Len=sum([4.8, 4.6, 4.2])=13.5, ϰ=[4.9, 5.2, 4.6], ∫ϰ²/L>=[4.8, 6.1, 6.3], C-C-Sep=0.20, ║∇J║=2.8e-07
-----On 8/20 Initial Guess Perturbations
Iteration 4350/4500-----
J=1.2e-02, ⟨Jf⟩=1.2e-03, ⟨B·n⟩=8.4e-03, Len=sum([4.8, 4.6, 4.2])=13.5, ϰ=[4.9, 5.2, 4.6], ∫ϰ²/L>=[4.8, 6.1, 6.3], C-C-Sep=0.20, ║∇J║=4.1e-07
-----On 8/20 Initial Guess Perturbations
Iteration 4351/4500-----
J=1.2e-02, ⟨Jf⟩=1.2e-03, ⟨B·n⟩=8.4e-03, Len=sum([4.8, 4.6, 4.2])=13.5, ϰ=[4.9, 5.2, 4.6], ∫ϰ²/L>=[4.8, 6.1, 6.3], C-C-Sep=0.20, ║∇J║=1.9e-07
-----On 8/20 Initial Guess Perturbations
Iteration 4352/4500-----
J=1.2e-02, ⟨Jf⟩=1.2e-03, ⟨B·n⟩=8.4e-03, Len=sum([4.8, 4.6, 4.2])=13.5, ϰ=[4.9, 5.2, 4.6], ∫ϰ²/L>=[4.8, 6.1, 6.3], C-C-Sep=0.20, ║∇J║=1.8e-07
-----On 8/20 Initial Guess Perturbations
Iteration 4353/4500-----
J=1.2e-02, ⟨Jf⟩=1.2e-03, ⟨B·n⟩=8.4e-03, Len=sum([4.8, 4.6, 4.2])=13.5, ϰ=[4.9, 5.2, 4.6], ∫ϰ²/L>=[4.8, 6.1, 6.3], C-C-Sep=0.20, ║∇J║=2.0e-07
-----On 8/20 Initial Guess Perturbations
Iteration 4354/4500-----
J=1.2e-02, ⟨Jf⟩=1.2e-03, ⟨B·n⟩=8.4e-03, Len=sum([4.8, 4.6, 4.2])=13.5, ϰ=[4.9, 5.2, 4.6], ∫ϰ²/L>=[4.8, 6.1, 6.3], C-C-Sep=0.20, ║∇J║=3.9e-07
-----On 8/20 Initial Guess Perturbations
--------------------------------JF.x shape after opt: (443,)
Final arclength variation max(|ℓ|)/min(|ℓ|) - 1=[3.07e-04, 6.80e-04, 1.75e-04]

################################################################################
### Evaluate the obtained coils ################################################
################################################################################

Finished 100/1000 Out-of-Sample Evaluations
Finished 200/1000 Out-of-Sample Evaluations
Finished 300/1000 Out-of-Sample Evaluations
Finished 400/1000 Out-of-Sample Evaluations
Finished 500/1000 Out-of-Sample Evaluations
Finished 600/1000 Out-of-Sample Evaluations
Finished 700/1000 Out-of-Sample Evaluations
Finished 800/1000 Out-of-Sample Evaluations
Finished 900/1000 Out-of-Sample Evaluations
Finished 1000/1000 Out-of-Sample Evaluations
Mean Flux Objective across perturbed coils: 1.248e-03
Flux Objective for exact coils coils      : 1.058e-03
Out-of-sample flux value                  : 1.370e-03
Objective Gradient (||∇J||)              : 3.922e-07
Total time taken: 2430.04 seconds
